ISO-10303-21;
HEADER;
FILE_DESCRIPTION(('FreeCAD Model'),'2;1');
FILE_NAME('Open CASCADE Shape Model','2026-08-17T12:45:48',(''),(''),
  'Open CASCADE STEP processor 7.8','FreeCAD','Unknown');
FILE_SCHEMA(('AUTOMOTIVE_DESIGN { 1 0 10303 214 1 1 1 1 }'));
ENDSEC;
DATA;
#1 = APPLICATION_PROTOCOL_DEFINITION('international standard',
  'automotive_design',2000,#2);
#2 = APPLICATION_CONTEXT(
  'core data for automotive mechanical design processes');
#3 = SHAPE_DEFINITION_REPRESENTATION(#4,#10);
#4 = PRODUCT_DEFINITION_SHAPE('','',#5);
#5 = PRODUCT_DEFINITION('design','',#6,#9);
#6 = PRODUCT_DEFINITION_FORMATION('','',#7);
#7 = PRODUCT('Shell-HW-C2-SHELL-PRINTED-A','Shell-HW-C2-SHELL-PRINTED-A'
  ,'',(#8));
#8 = PRODUCT_CONTEXT('',#2,'mechanical');
#9 = PRODUCT_DEFINITION_CONTEXT('part definition',#2,'design');
#10 = ADVANCED_BREP_SHAPE_REPRESENTATION('',(#11,#15),#10129);
#11 = AXIS2_PLACEMENT_3D('',#12,#13,#14);
#12 = CARTESIAN_POINT('',(0.,0.,0.));
#13 = DIRECTION('',(0.,0.,1.));
#14 = DIRECTION('',(1.,0.,-0.));
#15 = MANIFOLD_SOLID_BREP('',#16);
#16 = CLOSED_SHELL('',(#17,#415,#447,#471,#496,#616,#641,#673,#698,#722,
    #747,#851,#876,#900,#925,#949,#974,#1014,#1039,#1063,#1088,#1112,
    #1154,#1210,#1235,#1252,#1283,#1307,#1331,#1355,#1379,#1419,#1483,
    #1507,#1571,#1595,#1619,#1819,#1851,#1875,#1899,#1923,#1947,#1971,
    #1995,#2035,#2059,#2083,#2100,#2334,#2365,#2382,#2408,#2439,#2456,
    #2482,#2513,#2530,#2556,#2573,#2590,#2607,#2624,#2662,#2679,#2698,
    #2715,#2755,#2772,#2790,#2814,#2848,#2894,#2927,#2951,#2985,#3031,
    #3064,#3075,#3275,#3537,#3554,#3813,#3837,#3917,#3934,#4038,#4055,
    #4079,#4176,#4193,#4217,#4322,#4339,#4356,#4391,#4426,#4461,#4478,
    #4504,#4528,#4559,#4583,#4607,#4632,#4657,#4682,#4707,#4719,#4736,
    #4753,#4765,#4782,#4799,#4811,#4843,#4867,#4892,#4939,#4964,#4988,
    #5013,#5037,#5062,#5086,#5104,#5129,#5153,#5178,#5195,#5220,#5245,
    #5276,#5300,#5324,#5348,#5372,#5396,#5420,#5444,#5468,#5492,#5516,
    #5533,#5558,#5742,#5834,#5943,#6022,#6096,#6121,#6138,#6155,#6172,
    #6189,#6201,#6218,#6235,#6252,#6269,#6281,#6298,#6315,#6332,#6381,
    #6415,#6440,#6457,#6469,#6494,#6519,#6544,#6556,#6568,#6592,#6616,
    #6633,#6657,#6681,#6698,#6715,#6739,#6763,#6780,#6792,#6804,#6816,
    #6836,#6856,#6876,#6896,#6938,#7074,#7183,#7373,#7452,#7526,#7548,
    #7560,#7580,#7600,#7620,#7637,#7654,#7671,#7688,#7786,#7875,#8032,
    #8132,#8232,#8341,#8517,#8596,#8670,#8759,#8916,#9016,#9115,#9224,
    #9400,#9479,#9553,#9642,#9797,#9883,#9976,#10079));
#17 = ADVANCED_FACE('',(#18,#224),#410,.F.);
#18 = FACE_BOUND('',#19,.T.);
#19 = EDGE_LOOP('',(#20,#31,#39,#48,#56,#65,#73,#82,#90,#99,#107,#116,
    #124,#133,#141,#150,#158,#167,#175,#184,#192,#201,#209,#218));
#20 = ORIENTED_EDGE('',*,*,#21,.T.);
#21 = EDGE_CURVE('',#22,#24,#26,.T.);
#22 = VERTEX_POINT('',#23);
#23 = CARTESIAN_POINT('',(290.00000098105,12.000000028036,0.));
#24 = VERTEX_POINT('',#25);
#25 = CARTESIAN_POINT('',(286.9999999955,8.999998962455,0.));
#26 = CIRCLE('',#27,3.000000011181);
#27 = AXIS2_PLACEMENT_3D('',#28,#29,#30);
#28 = CARTESIAN_POINT('',(290.00000000669,9.000000016855,0.));
#29 = DIRECTION('',(0.,0.,1.));
#30 = DIRECTION('',(1.,0.,0.));
#31 = ORIENTED_EDGE('',*,*,#32,.T.);
#32 = EDGE_CURVE('',#24,#33,#35,.T.);
#33 = VERTEX_POINT('',#34);
#34 = CARTESIAN_POINT('',(286.9999999955,0.999999078372,0.));
#35 = LINE('',#36,#37);
#36 = CARTESIAN_POINT('',(286.9999999955,8.999998962455,0.));
#37 = VECTOR('',#38,1.);
#38 = DIRECTION('',(0.,-1.,0.));
#39 = ORIENTED_EDGE('',*,*,#40,.F.);
#40 = EDGE_CURVE('',#41,#33,#43,.T.);
#41 = VERTEX_POINT('',#42);
#42 = CARTESIAN_POINT('',(283.99999999973,-1.999999999014,0.));
#43 = CIRCLE('',#44,2.999999998118);
#44 = AXIS2_PLACEMENT_3D('',#45,#46,#47);
#45 = CARTESIAN_POINT('',(283.99999999739,0.999999999104,0.));
#46 = DIRECTION('',(0.,0.,1.));
#47 = DIRECTION('',(1.,0.,0.));
#48 = ORIENTED_EDGE('',*,*,#49,.T.);
#49 = EDGE_CURVE('',#41,#50,#52,.T.);
#50 = VERTEX_POINT('',#51);
#51 = CARTESIAN_POINT('',(13.000000058678,-1.999999999014,0.));
#52 = LINE('',#53,#54);
#53 = CARTESIAN_POINT('',(283.99999999973,-1.999999999014,0.));
#54 = VECTOR('',#55,1.);
#55 = DIRECTION('',(-1.,0.,0.));
#56 = ORIENTED_EDGE('',*,*,#57,.F.);
#57 = EDGE_CURVE('',#58,#50,#60,.T.);
#58 = VERTEX_POINT('',#59);
#59 = CARTESIAN_POINT('',(10.000000022056,0.99999895882,0.));
#60 = CIRCLE('',#61,2.99999999221);
#61 = AXIS2_PLACEMENT_3D('',#62,#63,#64);
#62 = CARTESIAN_POINT('',(13.000000014265,0.999999993196,0.));
#63 = DIRECTION('',(0.,0.,1.));
#64 = DIRECTION('',(1.,0.,0.));
#65 = ORIENTED_EDGE('',*,*,#66,.F.);
#66 = EDGE_CURVE('',#67,#58,#69,.T.);
#67 = VERTEX_POINT('',#68);
#68 = CARTESIAN_POINT('',(10.000000022056,8.999999164153,0.));
#69 = LINE('',#70,#71);
#70 = CARTESIAN_POINT('',(10.000000022056,8.999999164153,0.));
#71 = VECTOR('',#72,1.);
#72 = DIRECTION('',(0.,-1.,0.));
#73 = ORIENTED_EDGE('',*,*,#74,.T.);
#74 = EDGE_CURVE('',#67,#75,#77,.T.);
#75 = VERTEX_POINT('',#76);
#76 = CARTESIAN_POINT('',(6.99999895469,12.000000194936,0.));
#77 = CIRCLE('',#78,3.00000011198);
#78 = AXIS2_PLACEMENT_3D('',#79,#80,#81);
#79 = CARTESIAN_POINT('',(6.999999910075,9.000000082956,0.));
#80 = DIRECTION('',(0.,0.,1.));
#81 = DIRECTION('',(1.,0.,0.));
#82 = ORIENTED_EDGE('',*,*,#83,.T.);
#83 = EDGE_CURVE('',#75,#84,#86,.T.);
#84 = VERTEX_POINT('',#85);
#85 = CARTESIAN_POINT('',(-6.000002939712,12.000000194936,0.));
#86 = LINE('',#87,#88);
#87 = CARTESIAN_POINT('',(6.99999895469,12.000000194936,0.));
#88 = VECTOR('',#89,1.);
#89 = DIRECTION('',(-1.,0.,0.));
#90 = ORIENTED_EDGE('',*,*,#91,.F.);
#91 = EDGE_CURVE('',#92,#84,#94,.T.);
#92 = VERTEX_POINT('',#93);
#93 = CARTESIAN_POINT('',(-9.000000692185,14.999996686486,0.));
#94 = CIRCLE('',#95,3.000001715765);
#95 = AXIS2_PLACEMENT_3D('',#96,#97,#98);
#96 = CARTESIAN_POINT('',(-5.999998976425,15.000001910699,0.));
#97 = DIRECTION('',(0.,0.,1.));
#98 = DIRECTION('',(1.,0.,0.));
#99 = ORIENTED_EDGE('',*,*,#100,.T.);
#100 = EDGE_CURVE('',#92,#101,#103,.T.);
#101 = VERTEX_POINT('',#102);
#102 = CARTESIAN_POINT('',(-9.000000692185,150.00000026442,0.));
#103 = LINE('',#104,#105);
#104 = CARTESIAN_POINT('',(-9.000000692185,14.999996686486,0.));
#105 = VECTOR('',#106,1.);
#106 = DIRECTION('',(0.,1.,0.));
#107 = ORIENTED_EDGE('',*,*,#108,.F.);
#108 = EDGE_CURVE('',#109,#101,#111,.T.);
#109 = VERTEX_POINT('',#110);
#110 = CARTESIAN_POINT('',(-5.999985363081,152.99508243447,0.));
#111 = CIRCLE('',#112,3.003859682909);
#112 = AXIS2_PLACEMENT_3D('',#113,#114,#115);
#113 = CARTESIAN_POINT('',(-5.996153826453,149.9912251952,0.));
#114 = DIRECTION('',(0.,0.,1.));
#115 = DIRECTION('',(1.,0.,0.));
#116 = ORIENTED_EDGE('',*,*,#117,.F.);
#117 = EDGE_CURVE('',#118,#109,#120,.T.);
#118 = VERTEX_POINT('',#119);
#119 = CARTESIAN_POINT('',(6.999899376823,152.99508243447,0.));
#120 = LINE('',#121,#122);
#121 = CARTESIAN_POINT('',(6.999899376823,152.99508243447,0.));
#122 = VECTOR('',#123,1.);
#123 = DIRECTION('',(-1.,0.,0.));
#124 = ORIENTED_EDGE('',*,*,#125,.T.);
#125 = EDGE_CURVE('',#118,#126,#128,.T.);
#126 = VERTEX_POINT('',#127);
#127 = CARTESIAN_POINT('',(10.000758257346,155.99968152723,0.));
#128 = CIRCLE('',#129,3.001963428689);
#129 = AXIS2_PLACEMENT_3D('',#130,#131,#132);
#130 = CARTESIAN_POINT('',(6.998795985866,155.99704566038,0.));
#131 = DIRECTION('',(0.,0.,1.));
#132 = DIRECTION('',(1.,0.,0.));
#133 = ORIENTED_EDGE('',*,*,#134,.T.);
#134 = EDGE_CURVE('',#126,#135,#137,.T.);
#135 = VERTEX_POINT('',#136);
#136 = CARTESIAN_POINT('',(10.000758257346,164.00002691277,0.));
#137 = LINE('',#138,#139);
#138 = CARTESIAN_POINT('',(10.000758257346,155.99968152723,0.));
#139 = VECTOR('',#140,1.);
#140 = DIRECTION('',(0.,1.,0.));
#141 = ORIENTED_EDGE('',*,*,#142,.F.);
#142 = EDGE_CURVE('',#143,#135,#145,.T.);
#143 = VERTEX_POINT('',#144);
#144 = CARTESIAN_POINT('',(13.000048164294,166.999697,0.));
#145 = CIRCLE('',#146,2.999739530615);
#146 = AXIS2_PLACEMENT_3D('',#147,#148,#149);
#147 = CARTESIAN_POINT('',(13.000497787158,163.99995750308,0.));
#148 = DIRECTION('',(0.,0.,1.));
#149 = DIRECTION('',(1.,0.,0.));
#150 = ORIENTED_EDGE('',*,*,#151,.T.);
#151 = EDGE_CURVE('',#143,#152,#154,.T.);
#152 = VERTEX_POINT('',#153);
#153 = CARTESIAN_POINT('',(283.99992076283,166.999697,0.));
#154 = LINE('',#155,#156);
#155 = CARTESIAN_POINT('',(13.000048164294,166.999697,0.));
#156 = VECTOR('',#157,1.);
#157 = DIRECTION('',(1.,0.,0.));
#158 = ORIENTED_EDGE('',*,*,#159,.F.);
#159 = EDGE_CURVE('',#160,#152,#162,.T.);
#160 = VERTEX_POINT('',#161);
#161 = CARTESIAN_POINT('',(286.99862062024,164.00002812603,0.));
#162 = CIRCLE('',#163,2.99942163044);
#163 = AXIS2_PLACEMENT_3D('',#164,#165,#166);
#164 = CARTESIAN_POINT('',(283.999199,164.0002754564,0.));
#165 = DIRECTION('',(0.,0.,1.));
#166 = DIRECTION('',(1.,0.,0.));
#167 = ORIENTED_EDGE('',*,*,#168,.F.);
#168 = EDGE_CURVE('',#169,#160,#171,.T.);
#169 = VERTEX_POINT('',#170);
#170 = CARTESIAN_POINT('',(286.99862062024,155.99948329691,0.));
#171 = LINE('',#172,#173);
#172 = CARTESIAN_POINT('',(286.99862062024,155.99948329691,0.));
#173 = VECTOR('',#174,1.);
#174 = DIRECTION('',(0.,1.,0.));
#175 = ORIENTED_EDGE('',*,*,#176,.T.);
#176 = EDGE_CURVE('',#169,#177,#179,.T.);
#177 = VERTEX_POINT('',#178);
#178 = CARTESIAN_POINT('',(290.00020494122,152.9913825698,0.));
#179 = CIRCLE('',#180,3.003438);
#180 = AXIS2_PLACEMENT_3D('',#181,#182,#183);
#181 = CARTESIAN_POINT('',(290.002055,155.99482,0.));
#182 = DIRECTION('',(0.,0.,1.));
#183 = DIRECTION('',(1.,0.,0.));
#184 = ORIENTED_EDGE('',*,*,#185,.T.);
#185 = EDGE_CURVE('',#177,#186,#188,.T.);
#186 = VERTEX_POINT('',#187);
#187 = CARTESIAN_POINT('',(303.00035217457,152.9913825698,0.));
#188 = LINE('',#189,#190);
#189 = CARTESIAN_POINT('',(290.00020494122,152.9913825698,0.));
#190 = VECTOR('',#191,1.);
#191 = DIRECTION('',(1.,0.,0.));
#192 = ORIENTED_EDGE('',*,*,#193,.F.);
#193 = EDGE_CURVE('',#194,#186,#196,.T.);
#194 = VERTEX_POINT('',#195);
#195 = CARTESIAN_POINT('',(305.99999999999,149.60742538096,0.));
#196 = CIRCLE('',#197,3.018640150018);
#197 = AXIS2_PLACEMENT_3D('',#198,#199,#200);
#198 = CARTESIAN_POINT('',(303.003547,149.97274411042,0.));
#199 = DIRECTION('',(0.,0.,1.));
#200 = DIRECTION('',(1.,0.,0.));
#201 = ORIENTED_EDGE('',*,*,#202,.T.);
#202 = EDGE_CURVE('',#194,#203,#205,.T.);
#203 = VERTEX_POINT('',#204);
#204 = CARTESIAN_POINT('',(305.99999999999,15.000000000001,0.));
#205 = LINE('',#206,#207);
#206 = CARTESIAN_POINT('',(305.99999999999,149.60742538096,0.));
#207 = VECTOR('',#208,1.);
#208 = DIRECTION('',(0.,-1.,0.));
#209 = ORIENTED_EDGE('',*,*,#210,.F.);
#210 = EDGE_CURVE('',#211,#203,#213,.T.);
#211 = VERTEX_POINT('',#212);
#212 = CARTESIAN_POINT('',(303.00000005662,12.000000028036,0.));
#213 = CIRCLE('',#214,3.000000022174);
#214 = AXIS2_PLACEMENT_3D('',#215,#216,#217);
#215 = CARTESIAN_POINT('',(302.99999997782,15.00000005021,0.));
#216 = DIRECTION('',(0.,0.,1.));
#217 = DIRECTION('',(1.,0.,0.));
#218 = ORIENTED_EDGE('',*,*,#219,.F.);
#219 = EDGE_CURVE('',#22,#211,#220,.T.);
#220 = LINE('',#221,#222);
#221 = CARTESIAN_POINT('',(290.00000098105,12.000000028036,0.));
#222 = VECTOR('',#223,1.);
#223 = DIRECTION('',(1.,0.,0.));
#224 = FACE_BOUND('',#225,.T.);
#225 = EDGE_LOOP('',(#226,#236,#244,#252,#260,#268,#276,#284,#292,#300,
    #308,#316,#324,#332,#340,#348,#356,#364,#372,#380,#388,#396,#404));
#226 = ORIENTED_EDGE('',*,*,#227,.T.);
#227 = EDGE_CURVE('',#228,#230,#232,.T.);
#228 = VERTEX_POINT('',#229);
#229 = CARTESIAN_POINT('',(277.,162.,0.));
#230 = VERTEX_POINT('',#231);
#231 = CARTESIAN_POINT('',(20.,162.,0.));
#232 = LINE('',#233,#234);
#233 = CARTESIAN_POINT('',(277.,162.,0.));
#234 = VECTOR('',#235,1.);
#235 = DIRECTION('',(-1.,0.,0.));
#236 = ORIENTED_EDGE('',*,*,#237,.F.);
#237 = EDGE_CURVE('',#238,#230,#240,.T.);
#238 = VERTEX_POINT('',#239);
#239 = CARTESIAN_POINT('',(17.,159.,0.));
#240 = LINE('',#241,#242);
#241 = CARTESIAN_POINT('',(17.,159.,0.));
#242 = VECTOR('',#243,1.);
#243 = DIRECTION('',(0.707106781187,0.707106781187,0.));
#244 = ORIENTED_EDGE('',*,*,#245,.F.);
#245 = EDGE_CURVE('',#246,#238,#248,.T.);
#246 = VERTEX_POINT('',#247);
#247 = CARTESIAN_POINT('',(17.,152.,0.));
#248 = LINE('',#249,#250);
#249 = CARTESIAN_POINT('',(17.,152.,0.));
#250 = VECTOR('',#251,1.);
#251 = DIRECTION('',(0.,1.,0.));
#252 = ORIENTED_EDGE('',*,*,#253,.F.);
#253 = EDGE_CURVE('',#254,#246,#256,.T.);
#254 = VERTEX_POINT('',#255);
#255 = CARTESIAN_POINT('',(5.,140.,0.));
#256 = LINE('',#257,#258);
#257 = CARTESIAN_POINT('',(5.,140.,0.));
#258 = VECTOR('',#259,1.);
#259 = DIRECTION('',(0.707106781187,0.707106781187,0.));
#260 = ORIENTED_EDGE('',*,*,#261,.F.);
#261 = EDGE_CURVE('',#262,#254,#264,.T.);
#262 = VERTEX_POINT('',#263);
#263 = CARTESIAN_POINT('',(5.,118.,0.));
#264 = LINE('',#265,#266);
#265 = CARTESIAN_POINT('',(5.,118.,0.));
#266 = VECTOR('',#267,1.);
#267 = DIRECTION('',(0.,1.,0.));
#268 = ORIENTED_EDGE('',*,*,#269,.F.);
#269 = EDGE_CURVE('',#270,#262,#272,.T.);
#270 = VERTEX_POINT('',#271);
#271 = CARTESIAN_POINT('',(-2.,111.,0.));
#272 = LINE('',#273,#274);
#273 = CARTESIAN_POINT('',(-2.,111.,0.));
#274 = VECTOR('',#275,1.);
#275 = DIRECTION('',(0.707106781187,0.707106781187,0.));
#276 = ORIENTED_EDGE('',*,*,#277,.F.);
#277 = EDGE_CURVE('',#278,#270,#280,.T.);
#278 = VERTEX_POINT('',#279);
#279 = CARTESIAN_POINT('',(-2.,70.,0.));
#280 = LINE('',#281,#282);
#281 = CARTESIAN_POINT('',(-2.,70.,0.));
#282 = VECTOR('',#283,1.);
#283 = DIRECTION('',(0.,1.,0.));
#284 = ORIENTED_EDGE('',*,*,#285,.F.);
#285 = EDGE_CURVE('',#286,#278,#288,.T.);
#286 = VERTEX_POINT('',#287);
#287 = CARTESIAN_POINT('',(-7.,65.,0.));
#288 = LINE('',#289,#290);
#289 = CARTESIAN_POINT('',(-7.,65.,0.));
#290 = VECTOR('',#291,1.);
#291 = DIRECTION('',(0.707106781187,0.707106781187,0.));
#292 = ORIENTED_EDGE('',*,*,#293,.F.);
#293 = EDGE_CURVE('',#294,#286,#296,.T.);
#294 = VERTEX_POINT('',#295);
#295 = CARTESIAN_POINT('',(-7.,29.,0.));
#296 = LINE('',#297,#298);
#297 = CARTESIAN_POINT('',(-7.,29.,0.));
#298 = VECTOR('',#299,1.);
#299 = DIRECTION('',(0.,1.,0.));
#300 = ORIENTED_EDGE('',*,*,#301,.F.);
#301 = EDGE_CURVE('',#302,#294,#304,.T.);
#302 = VERTEX_POINT('',#303);
#303 = CARTESIAN_POINT('',(-2.,29.,0.));
#304 = LINE('',#305,#306);
#305 = CARTESIAN_POINT('',(-2.,29.,0.));
#306 = VECTOR('',#307,1.);
#307 = DIRECTION('',(-1.,0.,0.));
#308 = ORIENTED_EDGE('',*,*,#309,.F.);
#309 = EDGE_CURVE('',#310,#302,#312,.T.);
#310 = VERTEX_POINT('',#311);
#311 = CARTESIAN_POINT('',(27.,0.,0.));
#312 = LINE('',#313,#314);
#313 = CARTESIAN_POINT('',(27.,0.,0.));
#314 = VECTOR('',#315,1.);
#315 = DIRECTION('',(-0.707106781187,0.707106781187,0.));
#316 = ORIENTED_EDGE('',*,*,#317,.F.);
#317 = EDGE_CURVE('',#318,#310,#320,.T.);
#318 = VERTEX_POINT('',#319);
#319 = CARTESIAN_POINT('',(270.,0.,0.));
#320 = LINE('',#321,#322);
#321 = CARTESIAN_POINT('',(28.,0.,0.));
#322 = VECTOR('',#323,1.);
#323 = DIRECTION('',(-1.,0.,0.));
#324 = ORIENTED_EDGE('',*,*,#325,.T.);
#325 = EDGE_CURVE('',#318,#326,#328,.T.);
#326 = VERTEX_POINT('',#327);
#327 = CARTESIAN_POINT('',(273.,3.,0.));
#328 = LINE('',#329,#330);
#329 = CARTESIAN_POINT('',(270.,0.,0.));
#330 = VECTOR('',#331,1.);
#331 = DIRECTION('',(0.707106781187,0.707106781187,0.));
#332 = ORIENTED_EDGE('',*,*,#333,.T.);
#333 = EDGE_CURVE('',#326,#334,#336,.T.);
#334 = VERTEX_POINT('',#335);
#335 = CARTESIAN_POINT('',(278.,3.,0.));
#336 = LINE('',#337,#338);
#337 = CARTESIAN_POINT('',(273.,3.,0.));
#338 = VECTOR('',#339,1.);
#339 = DIRECTION('',(1.,0.,0.));
#340 = ORIENTED_EDGE('',*,*,#341,.T.);
#341 = EDGE_CURVE('',#334,#342,#344,.T.);
#342 = VERTEX_POINT('',#343);
#343 = CARTESIAN_POINT('',(283.,8.,0.));
#344 = LINE('',#345,#346);
#345 = CARTESIAN_POINT('',(278.,3.,0.));
#346 = VECTOR('',#347,1.);
#347 = DIRECTION('',(0.707106781187,0.707106781187,0.));
#348 = ORIENTED_EDGE('',*,*,#349,.F.);
#349 = EDGE_CURVE('',#350,#342,#352,.T.);
#350 = VERTEX_POINT('',#351);
#351 = CARTESIAN_POINT('',(283.,13.,0.));
#352 = LINE('',#353,#354);
#353 = CARTESIAN_POINT('',(283.,13.,0.));
#354 = VECTOR('',#355,1.);
#355 = DIRECTION('',(0.,-1.,0.));
#356 = ORIENTED_EDGE('',*,*,#357,.F.);
#357 = EDGE_CURVE('',#358,#350,#360,.T.);
#358 = VERTEX_POINT('',#359);
#359 = CARTESIAN_POINT('',(285.,15.,0.));
#360 = LINE('',#361,#362);
#361 = CARTESIAN_POINT('',(285.,15.,0.));
#362 = VECTOR('',#363,1.);
#363 = DIRECTION('',(-0.707106781187,-0.707106781187,0.));
#364 = ORIENTED_EDGE('',*,*,#365,.F.);
#365 = EDGE_CURVE('',#366,#358,#368,.T.);
#366 = VERTEX_POINT('',#367);
#367 = CARTESIAN_POINT('',(293.,15.,0.));
#368 = LINE('',#369,#370);
#369 = CARTESIAN_POINT('',(293.,15.,0.));
#370 = VECTOR('',#371,1.);
#371 = DIRECTION('',(-1.,0.,0.));
#372 = ORIENTED_EDGE('',*,*,#373,.F.);
#373 = EDGE_CURVE('',#374,#366,#376,.T.);
#374 = VERTEX_POINT('',#375);
#375 = CARTESIAN_POINT('',(301.,23.,0.));
#376 = LINE('',#377,#378);
#377 = CARTESIAN_POINT('',(301.,23.,0.));
#378 = VECTOR('',#379,1.);
#379 = DIRECTION('',(-0.707106781187,-0.707106781187,0.));
#380 = ORIENTED_EDGE('',*,*,#381,.F.);
#381 = EDGE_CURVE('',#382,#374,#384,.T.);
#382 = VERTEX_POINT('',#383);
#383 = CARTESIAN_POINT('',(301.,130.,0.));
#384 = LINE('',#385,#386);
#385 = CARTESIAN_POINT('',(301.,130.,0.));
#386 = VECTOR('',#387,1.);
#387 = DIRECTION('',(0.,-1.,0.));
#388 = ORIENTED_EDGE('',*,*,#389,.F.);
#389 = EDGE_CURVE('',#390,#382,#392,.T.);
#390 = VERTEX_POINT('',#391);
#391 = CARTESIAN_POINT('',(281.,150.,0.));
#392 = LINE('',#393,#394);
#393 = CARTESIAN_POINT('',(281.,150.,0.));
#394 = VECTOR('',#395,1.);
#395 = DIRECTION('',(0.707106781187,-0.707106781187,0.));
#396 = ORIENTED_EDGE('',*,*,#397,.F.);
#397 = EDGE_CURVE('',#398,#390,#400,.T.);
#398 = VERTEX_POINT('',#399);
#399 = CARTESIAN_POINT('',(281.,158.,0.));
#400 = LINE('',#401,#402);
#401 = CARTESIAN_POINT('',(281.,158.,0.));
#402 = VECTOR('',#403,1.);
#403 = DIRECTION('',(0.,-1.,0.));
#404 = ORIENTED_EDGE('',*,*,#405,.F.);
#405 = EDGE_CURVE('',#228,#398,#406,.T.);
#406 = LINE('',#407,#408);
#407 = CARTESIAN_POINT('',(277.,162.,0.));
#408 = VECTOR('',#409,1.);
#409 = DIRECTION('',(0.707106781187,-0.707106781187,0.));
#410 = PLANE('',#411);
#411 = AXIS2_PLACEMENT_3D('',#412,#413,#414);
#412 = CARTESIAN_POINT('',(148.76478722232,81.642732399845,0.));
#413 = DIRECTION('',(0.,0.,1.));
#414 = DIRECTION('',(1.,0.,0.));
#415 = ADVANCED_FACE('',(#416),#442,.F.);
#416 = FACE_BOUND('',#417,.T.);
#417 = EDGE_LOOP('',(#418,#429,#435,#436));
#418 = ORIENTED_EDGE('',*,*,#419,.T.);
#419 = EDGE_CURVE('',#420,#422,#424,.T.);
#420 = VERTEX_POINT('',#421);
#421 = CARTESIAN_POINT('',(290.00000098038,12.,114.));
#422 = VERTEX_POINT('',#423);
#423 = CARTESIAN_POINT('',(287.,8.999998960769,114.));
#424 = CIRCLE('',#425,3.);
#425 = AXIS2_PLACEMENT_3D('',#426,#427,#428);
#426 = CARTESIAN_POINT('',(290.,9.,114.));
#427 = DIRECTION('',(0.,0.,1.));
#428 = DIRECTION('',(1.,0.,0.));
#429 = ORIENTED_EDGE('',*,*,#430,.F.);
#430 = EDGE_CURVE('',#24,#422,#431,.T.);
#431 = LINE('',#432,#433);
#432 = CARTESIAN_POINT('',(286.9999999955,8.999998962455,0.));
#433 = VECTOR('',#434,1.);
#434 = DIRECTION('',(0.,0.,1.));
#435 = ORIENTED_EDGE('',*,*,#21,.F.);
#436 = ORIENTED_EDGE('',*,*,#437,.T.);
#437 = EDGE_CURVE('',#22,#420,#438,.T.);
#438 = LINE('',#439,#440);
#439 = CARTESIAN_POINT('',(290.00000098038,12.,109.));
#440 = VECTOR('',#441,1.);
#441 = DIRECTION('',(0.,0.,1.));
#442 = CYLINDRICAL_SURFACE('',#443,3.000000011181);
#443 = AXIS2_PLACEMENT_3D('',#444,#445,#446);
#444 = CARTESIAN_POINT('',(290.00000000669,9.000000016855,0.));
#445 = DIRECTION('',(-0.,-0.,-1.));
#446 = DIRECTION('',(1.,0.,0.));
#447 = ADVANCED_FACE('',(#448),#466,.T.);
#448 = FACE_BOUND('',#449,.T.);
#449 = EDGE_LOOP('',(#450,#451,#459,#465));
#450 = ORIENTED_EDGE('',*,*,#430,.T.);
#451 = ORIENTED_EDGE('',*,*,#452,.T.);
#452 = EDGE_CURVE('',#422,#453,#455,.T.);
#453 = VERTEX_POINT('',#454);
#454 = CARTESIAN_POINT('',(287.,0.999999078461,114.));
#455 = LINE('',#456,#457);
#456 = CARTESIAN_POINT('',(287.,8.999998960769,114.));
#457 = VECTOR('',#458,1.);
#458 = DIRECTION('',(0.,-1.,0.));
#459 = ORIENTED_EDGE('',*,*,#460,.F.);
#460 = EDGE_CURVE('',#33,#453,#461,.T.);
#461 = LINE('',#462,#463);
#462 = CARTESIAN_POINT('',(287.,0.999999078461,109.));
#463 = VECTOR('',#464,1.);
#464 = DIRECTION('',(0.,0.,1.));
#465 = ORIENTED_EDGE('',*,*,#32,.F.);
#466 = PLANE('',#467);
#467 = AXIS2_PLACEMENT_3D('',#468,#469,#470);
#468 = CARTESIAN_POINT('',(286.99999999584,4.999999020354,
    56.999999999585));
#469 = DIRECTION('',(1.,0.,-6.15258E-12));
#470 = DIRECTION('',(6.15258E-12,0.,1.));
#471 = ADVANCED_FACE('',(#472),#491,.T.);
#472 = FACE_BOUND('',#473,.F.);
#473 = EDGE_LOOP('',(#474,#475,#476,#484));
#474 = ORIENTED_EDGE('',*,*,#460,.F.);
#475 = ORIENTED_EDGE('',*,*,#40,.F.);
#476 = ORIENTED_EDGE('',*,*,#477,.T.);
#477 = EDGE_CURVE('',#41,#478,#480,.T.);
#478 = VERTEX_POINT('',#479);
#479 = CARTESIAN_POINT('',(284.,-2.,114.));
#480 = LINE('',#481,#482);
#481 = CARTESIAN_POINT('',(283.99999999973,-1.999999999014,0.));
#482 = VECTOR('',#483,1.);
#483 = DIRECTION('',(0.,0.,1.));
#484 = ORIENTED_EDGE('',*,*,#485,.T.);
#485 = EDGE_CURVE('',#478,#453,#486,.T.);
#486 = CIRCLE('',#487,3.);
#487 = AXIS2_PLACEMENT_3D('',#488,#489,#490);
#488 = CARTESIAN_POINT('',(284.,1.,114.));
#489 = DIRECTION('',(0.,0.,1.));
#490 = DIRECTION('',(1.,0.,0.));
#491 = CYLINDRICAL_SURFACE('',#492,2.999999998118);
#492 = AXIS2_PLACEMENT_3D('',#493,#494,#495);
#493 = CARTESIAN_POINT('',(283.99999999739,0.999999999104,0.));
#494 = DIRECTION('',(-0.,-0.,-1.));
#495 = DIRECTION('',(1.,0.,0.));
#496 = ADVANCED_FACE('',(#497),#611,.T.);
#497 = FACE_BOUND('',#498,.T.);
#498 = EDGE_LOOP('',(#499,#500,#501,#509,#517,#525,#533,#541,#549,#557,
    #565,#573,#581,#589,#597,#605));
#499 = ORIENTED_EDGE('',*,*,#49,.F.);
#500 = ORIENTED_EDGE('',*,*,#477,.T.);
#501 = ORIENTED_EDGE('',*,*,#502,.F.);
#502 = EDGE_CURVE('',#503,#478,#505,.T.);
#503 = VERTEX_POINT('',#504);
#504 = CARTESIAN_POINT('',(262.,-2.,114.));
#505 = LINE('',#506,#507);
#506 = CARTESIAN_POINT('',(262.,-2.,114.));
#507 = VECTOR('',#508,1.);
#508 = DIRECTION('',(1.,0.,0.));
#509 = ORIENTED_EDGE('',*,*,#510,.F.);
#510 = EDGE_CURVE('',#511,#503,#513,.T.);
#511 = VERTEX_POINT('',#512);
#512 = CARTESIAN_POINT('',(262.,-1.999999999014,74.));
#513 = LINE('',#514,#515);
#514 = CARTESIAN_POINT('',(262.,-2.,109.));
#515 = VECTOR('',#516,1.);
#516 = DIRECTION('',(0.,0.,1.));
#517 = ORIENTED_EDGE('',*,*,#518,.T.);
#518 = EDGE_CURVE('',#511,#519,#521,.T.);
#519 = VERTEX_POINT('',#520);
#520 = CARTESIAN_POINT('',(238.,-1.999999999014,74.));
#521 = LINE('',#522,#523);
#522 = CARTESIAN_POINT('',(193.2500000146,-1.999999999014,74.));
#523 = VECTOR('',#524,1.);
#524 = DIRECTION('',(-1.,0.,0.));
#525 = ORIENTED_EDGE('',*,*,#526,.T.);
#526 = EDGE_CURVE('',#519,#527,#529,.T.);
#527 = VERTEX_POINT('',#528);
#528 = CARTESIAN_POINT('',(238.,-2.,114.));
#529 = LINE('',#530,#531);
#530 = CARTESIAN_POINT('',(238.,-1.999999999014,83.75));
#531 = VECTOR('',#532,1.);
#532 = DIRECTION('',(0.,0.,1.));
#533 = ORIENTED_EDGE('',*,*,#534,.F.);
#534 = EDGE_CURVE('',#535,#527,#537,.T.);
#535 = VERTEX_POINT('',#536);
#536 = CARTESIAN_POINT('',(172.,-2.,114.));
#537 = LINE('',#538,#539);
#538 = CARTESIAN_POINT('',(172.,-2.,114.));
#539 = VECTOR('',#540,1.);
#540 = DIRECTION('',(1.,0.,0.));
#541 = ORIENTED_EDGE('',*,*,#542,.F.);
#542 = EDGE_CURVE('',#543,#535,#545,.T.);
#543 = VERTEX_POINT('',#544);
#544 = CARTESIAN_POINT('',(172.,-1.999999999014,74.));
#545 = LINE('',#546,#547);
#546 = CARTESIAN_POINT('',(172.,-2.,109.));
#547 = VECTOR('',#548,1.);
#548 = DIRECTION('',(0.,0.,1.));
#549 = ORIENTED_EDGE('',*,*,#550,.T.);
#550 = EDGE_CURVE('',#543,#551,#553,.T.);
#551 = VERTEX_POINT('',#552);
#552 = CARTESIAN_POINT('',(148.,-1.999999999014,74.));
#553 = LINE('',#554,#555);
#554 = CARTESIAN_POINT('',(148.2500000146,-1.999999999014,74.));
#555 = VECTOR('',#556,1.);
#556 = DIRECTION('',(-1.,0.,0.));
#557 = ORIENTED_EDGE('',*,*,#558,.T.);
#558 = EDGE_CURVE('',#551,#559,#561,.T.);
#559 = VERTEX_POINT('',#560);
#560 = CARTESIAN_POINT('',(148.,-2.,114.));
#561 = LINE('',#562,#563);
#562 = CARTESIAN_POINT('',(148.,-1.999999999014,83.75));
#563 = VECTOR('',#564,1.);
#564 = DIRECTION('',(0.,0.,1.));
#565 = ORIENTED_EDGE('',*,*,#566,.F.);
#566 = EDGE_CURVE('',#567,#559,#569,.T.);
#567 = VERTEX_POINT('',#568);
#568 = CARTESIAN_POINT('',(82.,-2.,114.));
#569 = LINE('',#570,#571);
#570 = CARTESIAN_POINT('',(82.,-2.,114.));
#571 = VECTOR('',#572,1.);
#572 = DIRECTION('',(1.,0.,0.));
#573 = ORIENTED_EDGE('',*,*,#574,.F.);
#574 = EDGE_CURVE('',#575,#567,#577,.T.);
#575 = VERTEX_POINT('',#576);
#576 = CARTESIAN_POINT('',(82.,-1.999999999014,74.));
#577 = LINE('',#578,#579);
#578 = CARTESIAN_POINT('',(82.,-2.,109.));
#579 = VECTOR('',#580,1.);
#580 = DIRECTION('',(0.,0.,1.));
#581 = ORIENTED_EDGE('',*,*,#582,.T.);
#582 = EDGE_CURVE('',#575,#583,#585,.T.);
#583 = VERTEX_POINT('',#584);
#584 = CARTESIAN_POINT('',(58.,-1.999999999014,74.));
#585 = LINE('',#586,#587);
#586 = CARTESIAN_POINT('',(103.2500000146,-1.999999999014,74.));
#587 = VECTOR('',#588,1.);
#588 = DIRECTION('',(-1.,0.,0.));
#589 = ORIENTED_EDGE('',*,*,#590,.T.);
#590 = EDGE_CURVE('',#583,#591,#593,.T.);
#591 = VERTEX_POINT('',#592);
#592 = CARTESIAN_POINT('',(58.,-2.,114.));
#593 = LINE('',#594,#595);
#594 = CARTESIAN_POINT('',(58.,-1.999999999014,83.75));
#595 = VECTOR('',#596,1.);
#596 = DIRECTION('',(0.,0.,1.));
#597 = ORIENTED_EDGE('',*,*,#598,.F.);
#598 = EDGE_CURVE('',#599,#591,#601,.T.);
#599 = VERTEX_POINT('',#600);
#600 = CARTESIAN_POINT('',(13.,-2.,114.));
#601 = LINE('',#602,#603);
#602 = CARTESIAN_POINT('',(13.,-2.,114.));
#603 = VECTOR('',#604,1.);
#604 = DIRECTION('',(1.,0.,0.));
#605 = ORIENTED_EDGE('',*,*,#606,.F.);
#606 = EDGE_CURVE('',#50,#599,#607,.T.);
#607 = LINE('',#608,#609);
#608 = CARTESIAN_POINT('',(13.,-2.,109.));
#609 = VECTOR('',#610,1.);
#610 = DIRECTION('',(0.,0.,1.));
#611 = PLANE('',#612);
#612 = AXIS2_PLACEMENT_3D('',#613,#614,#615);
#613 = CARTESIAN_POINT('',(151.23267328162,-1.999999999247,
    62.940594063079));
#614 = DIRECTION('',(1.1086E-13,-1.,-4.60238E-12));
#615 = DIRECTION('',(0.,4.60238E-12,-1.));
#616 = ADVANCED_FACE('',(#617),#636,.T.);
#617 = FACE_BOUND('',#618,.F.);
#618 = EDGE_LOOP('',(#619,#620,#621,#629));
#619 = ORIENTED_EDGE('',*,*,#606,.F.);
#620 = ORIENTED_EDGE('',*,*,#57,.F.);
#621 = ORIENTED_EDGE('',*,*,#622,.T.);
#622 = EDGE_CURVE('',#58,#623,#625,.T.);
#623 = VERTEX_POINT('',#624);
#624 = CARTESIAN_POINT('',(10.,0.999998960769,114.));
#625 = LINE('',#626,#627);
#626 = CARTESIAN_POINT('',(10.000000022056,0.99999895882,0.));
#627 = VECTOR('',#628,1.);
#628 = DIRECTION('',(0.,0.,1.));
#629 = ORIENTED_EDGE('',*,*,#630,.T.);
#630 = EDGE_CURVE('',#623,#599,#631,.T.);
#631 = CIRCLE('',#632,3.);
#632 = AXIS2_PLACEMENT_3D('',#633,#634,#635);
#633 = CARTESIAN_POINT('',(13.,1.,114.));
#634 = DIRECTION('',(0.,0.,1.));
#635 = DIRECTION('',(1.,0.,0.));
#636 = CYLINDRICAL_SURFACE('',#637,2.99999999221);
#637 = AXIS2_PLACEMENT_3D('',#638,#639,#640);
#638 = CARTESIAN_POINT('',(13.000000014265,0.999999993196,0.));
#639 = DIRECTION('',(-0.,-0.,-1.));
#640 = DIRECTION('',(1.,0.,0.));
#641 = ADVANCED_FACE('',(#642),#668,.T.);
#642 = FACE_BOUND('',#643,.T.);
#643 = EDGE_LOOP('',(#644,#652,#653,#654,#662));
#644 = ORIENTED_EDGE('',*,*,#645,.F.);
#645 = EDGE_CURVE('',#67,#646,#648,.T.);
#646 = VERTEX_POINT('',#647);
#647 = CARTESIAN_POINT('',(10.000000011028,8.999999121307,109.));
#648 = LINE('',#649,#650);
#649 = CARTESIAN_POINT('',(10.000000022056,8.999999164153,0.));
#650 = VECTOR('',#651,1.);
#651 = DIRECTION('',(0.,0.,1.));
#652 = ORIENTED_EDGE('',*,*,#66,.T.);
#653 = ORIENTED_EDGE('',*,*,#622,.T.);
#654 = ORIENTED_EDGE('',*,*,#655,.F.);
#655 = EDGE_CURVE('',#656,#623,#658,.T.);
#656 = VERTEX_POINT('',#657);
#657 = CARTESIAN_POINT('',(10.,8.999999078461,114.));
#658 = LINE('',#659,#660);
#659 = CARTESIAN_POINT('',(10.,8.999999078461,114.));
#660 = VECTOR('',#661,1.);
#661 = DIRECTION('',(0.,-1.,0.));
#662 = ORIENTED_EDGE('',*,*,#663,.F.);
#663 = EDGE_CURVE('',#646,#656,#664,.T.);
#664 = LINE('',#665,#666);
#665 = CARTESIAN_POINT('',(10.,8.999999078461,109.));
#666 = VECTOR('',#667,1.);
#667 = DIRECTION('',(0.,0.,1.));
#668 = PLANE('',#669);
#669 = AXIS2_PLACEMENT_3D('',#670,#671,#672);
#670 = CARTESIAN_POINT('',(10.000000020429,4.999999058398,
    56.999999979526));
#671 = DIRECTION('',(-1.,-0.,-3.021779E-11));
#672 = DIRECTION('',(3.021779E-11,0.,-1.));
#673 = ADVANCED_FACE('',(#674),#693,.F.);
#674 = FACE_BOUND('',#675,.T.);
#675 = EDGE_LOOP('',(#676,#677,#686,#692));
#676 = ORIENTED_EDGE('',*,*,#645,.T.);
#677 = ORIENTED_EDGE('',*,*,#678,.T.);
#678 = EDGE_CURVE('',#646,#679,#681,.T.);
#679 = VERTEX_POINT('',#680);
#680 = CARTESIAN_POINT('',(6.999998919512,11.999999945348,109.));
#681 = CIRCLE('',#682,3.00000011198);
#682 = AXIS2_PLACEMENT_3D('',#683,#684,#685);
#683 = CARTESIAN_POINT('',(6.999999910075,9.000000082956,109.));
#684 = DIRECTION('',(0.,0.,1.));
#685 = DIRECTION('',(1.,0.,0.));
#686 = ORIENTED_EDGE('',*,*,#687,.F.);
#687 = EDGE_CURVE('',#75,#679,#688,.T.);
#688 = LINE('',#689,#690);
#689 = CARTESIAN_POINT('',(6.99999895469,12.000000194936,0.));
#690 = VECTOR('',#691,1.);
#691 = DIRECTION('',(0.,0.,1.));
#692 = ORIENTED_EDGE('',*,*,#74,.F.);
#693 = CYLINDRICAL_SURFACE('',#694,3.00000011198);
#694 = AXIS2_PLACEMENT_3D('',#695,#696,#697);
#695 = CARTESIAN_POINT('',(6.999999910075,9.000000082956,0.));
#696 = DIRECTION('',(-0.,-0.,-1.));
#697 = DIRECTION('',(1.,0.,0.));
#698 = ADVANCED_FACE('',(#699),#717,.T.);
#699 = FACE_BOUND('',#700,.T.);
#700 = EDGE_LOOP('',(#701,#702,#710,#716));
#701 = ORIENTED_EDGE('',*,*,#687,.T.);
#702 = ORIENTED_EDGE('',*,*,#703,.T.);
#703 = EDGE_CURVE('',#679,#704,#706,.T.);
#704 = VERTEX_POINT('',#705);
#705 = CARTESIAN_POINT('',(-6.000002274008,11.999999945348,109.));
#706 = LINE('',#707,#708);
#707 = CARTESIAN_POINT('',(6.99999895469,12.000000194936,109.));
#708 = VECTOR('',#709,1.);
#709 = DIRECTION('',(-1.,0.,0.));
#710 = ORIENTED_EDGE('',*,*,#711,.F.);
#711 = EDGE_CURVE('',#84,#704,#712,.T.);
#712 = LINE('',#713,#714);
#713 = CARTESIAN_POINT('',(-6.000002939712,12.000000194936,0.));
#714 = VECTOR('',#715,1.);
#715 = DIRECTION('',(0.,0.,1.));
#716 = ORIENTED_EDGE('',*,*,#83,.F.);
#717 = PLANE('',#718);
#718 = AXIS2_PLACEMENT_3D('',#719,#720,#721);
#719 = CARTESIAN_POINT('',(6.99999895469,12.000000194936,0.));
#720 = DIRECTION('',(0.,-1.,0.));
#721 = DIRECTION('',(-1.,0.,0.));
#722 = ADVANCED_FACE('',(#723),#742,.T.);
#723 = FACE_BOUND('',#724,.F.);
#724 = EDGE_LOOP('',(#725,#733,#740,#741));
#725 = ORIENTED_EDGE('',*,*,#726,.T.);
#726 = EDGE_CURVE('',#92,#727,#729,.T.);
#727 = VERTEX_POINT('',#728);
#728 = CARTESIAN_POINT('',(-9.000001017025,14.999997536006,109.));
#729 = LINE('',#730,#731);
#730 = CARTESIAN_POINT('',(-9.000000692185,14.999996686486,0.));
#731 = VECTOR('',#732,1.);
#732 = DIRECTION('',(0.,0.,1.));
#733 = ORIENTED_EDGE('',*,*,#734,.T.);
#734 = EDGE_CURVE('',#727,#704,#735,.T.);
#735 = CIRCLE('',#736,3.000001715765);
#736 = AXIS2_PLACEMENT_3D('',#737,#738,#739);
#737 = CARTESIAN_POINT('',(-5.999998976425,15.000001910699,109.));
#738 = DIRECTION('',(0.,0.,1.));
#739 = DIRECTION('',(1.,0.,0.));
#740 = ORIENTED_EDGE('',*,*,#711,.F.);
#741 = ORIENTED_EDGE('',*,*,#91,.F.);
#742 = CYLINDRICAL_SURFACE('',#743,3.000001715765);
#743 = AXIS2_PLACEMENT_3D('',#744,#745,#746);
#744 = CARTESIAN_POINT('',(-5.999998976425,15.000001910699,0.));
#745 = DIRECTION('',(-0.,-0.,-1.));
#746 = DIRECTION('',(1.,0.,0.));
#747 = ADVANCED_FACE('',(#748),#846,.T.);
#748 = FACE_BOUND('',#749,.T.);
#749 = EDGE_LOOP('',(#750,#751,#752,#760,#768,#776,#784,#792,#800,#808,
    #816,#824,#832,#840));
#750 = ORIENTED_EDGE('',*,*,#100,.F.);
#751 = ORIENTED_EDGE('',*,*,#726,.T.);
#752 = ORIENTED_EDGE('',*,*,#753,.F.);
#753 = EDGE_CURVE('',#754,#727,#756,.T.);
#754 = VERTEX_POINT('',#755);
#755 = CARTESIAN_POINT('',(-9.000000935815,50.0000005,109.));
#756 = LINE('',#757,#758);
#757 = CARTESIAN_POINT('',(-9.000000692185,150.00000026442,109.));
#758 = VECTOR('',#759,1.);
#759 = DIRECTION('',(0.,-1.,0.));
#760 = ORIENTED_EDGE('',*,*,#761,.T.);
#761 = EDGE_CURVE('',#754,#762,#764,.T.);
#762 = VERTEX_POINT('',#763);
#763 = CARTESIAN_POINT('',(-9.000000692185,50.,80.));
#764 = LINE('',#765,#766);
#765 = CARTESIAN_POINT('',(-9.000000692185,50.,67.25));
#766 = VECTOR('',#767,1.);
#767 = DIRECTION('',(0.,0.,-1.));
#768 = ORIENTED_EDGE('',*,*,#769,.T.);
#769 = EDGE_CURVE('',#762,#770,#772,.T.);
#770 = VERTEX_POINT('',#771);
#771 = CARTESIAN_POINT('',(-9.000000692185,52.,78.));
#772 = LINE('',#773,#774);
#773 = CARTESIAN_POINT('',(-9.000000692185,65.499999618863,
    64.500000381137));
#774 = VECTOR('',#775,1.);
#775 = DIRECTION('',(0.,0.707106781187,-0.707106781187));
#776 = ORIENTED_EDGE('',*,*,#777,.T.);
#777 = EDGE_CURVE('',#770,#778,#780,.T.);
#778 = VERTEX_POINT('',#779);
#779 = CARTESIAN_POINT('',(-9.000000692185,96.,78.));
#780 = LINE('',#781,#782);
#781 = CARTESIAN_POINT('',(-9.000000692185,89.249999237727,78.));
#782 = VECTOR('',#783,1.);
#783 = DIRECTION('',(0.,1.,0.));
#784 = ORIENTED_EDGE('',*,*,#785,.T.);
#785 = EDGE_CURVE('',#778,#786,#788,.T.);
#786 = VERTEX_POINT('',#787);
#787 = CARTESIAN_POINT('',(-9.000000692185,98.,80.));
#788 = LINE('',#789,#790);
#789 = CARTESIAN_POINT('',(-9.000000692185,87.749999618863,
    69.749999618863));
#790 = VECTOR('',#791,1.);
#791 = DIRECTION('',(0.,0.707106781187,0.707106781187));
#792 = ORIENTED_EDGE('',*,*,#793,.T.);
#793 = EDGE_CURVE('',#786,#794,#796,.T.);
#794 = VERTEX_POINT('',#795);
#795 = CARTESIAN_POINT('',(-9.000000564062,98.000000333333,109.));
#796 = LINE('',#797,#798);
#797 = CARTESIAN_POINT('',(-9.000000692185,98.,82.25));
#798 = VECTOR('',#799,1.);
#799 = DIRECTION('',(0.,0.,1.));
#800 = ORIENTED_EDGE('',*,*,#801,.F.);
#801 = EDGE_CURVE('',#802,#794,#804,.T.);
#802 = VERTEX_POINT('',#803);
#803 = CARTESIAN_POINT('',(-9.000000692185,118.,109.));
#804 = LINE('',#805,#806);
#805 = CARTESIAN_POINT('',(-9.000000692185,150.00000026442,109.));
#806 = VECTOR('',#807,1.);
#807 = DIRECTION('',(0.,-1.,0.));
#808 = ORIENTED_EDGE('',*,*,#809,.F.);
#809 = EDGE_CURVE('',#810,#802,#812,.T.);
#810 = VERTEX_POINT('',#811);
#811 = CARTESIAN_POINT('',(-9.,118.,100.5));
#812 = LINE('',#813,#814);
#813 = CARTESIAN_POINT('',(-9.000000692185,118.,83.050312194449));
#814 = VECTOR('',#815,1.);
#815 = DIRECTION('',(0.,0.,1.));
#816 = ORIENTED_EDGE('',*,*,#817,.F.);
#817 = EDGE_CURVE('',#818,#810,#820,.T.);
#818 = VERTEX_POINT('',#819);
#819 = CARTESIAN_POINT('',(-9.000000692185,118.,100.));
#820 = LINE('',#821,#822);
#821 = CARTESIAN_POINT('',(-9.000000692185,118.,83.050312194449));
#822 = VECTOR('',#823,1.);
#823 = DIRECTION('',(0.,0.,1.));
#824 = ORIENTED_EDGE('',*,*,#825,.T.);
#825 = EDGE_CURVE('',#818,#826,#828,.T.);
#826 = VERTEX_POINT('',#827);
#827 = CARTESIAN_POINT('',(-9.000000692185,150.00000026442,100.));
#828 = LINE('',#829,#830);
#829 = CARTESIAN_POINT('',(-9.000000692185,99.787042224032,100.));
#830 = VECTOR('',#831,1.);
#831 = DIRECTION('',(0.,1.,0.));
#832 = ORIENTED_EDGE('',*,*,#833,.F.);
#833 = EDGE_CURVE('',#834,#826,#836,.T.);
#834 = VERTEX_POINT('',#835);
#835 = CARTESIAN_POINT('',(-9.,149.99999896076,95.5));
#836 = LINE('',#837,#838);
#837 = CARTESIAN_POINT('',(-9.000000692185,150.00000026442,0.));
#838 = VECTOR('',#839,1.);
#839 = DIRECTION('',(0.,0.,1.));
#840 = ORIENTED_EDGE('',*,*,#841,.F.);
#841 = EDGE_CURVE('',#101,#834,#842,.T.);
#842 = LINE('',#843,#844);
#843 = CARTESIAN_POINT('',(-9.000000692185,150.00000026442,0.));
#844 = VECTOR('',#845,1.);
#845 = DIRECTION('',(0.,0.,1.));
#846 = PLANE('',#847);
#847 = AXIS2_PLACEMENT_3D('',#848,#849,#850);
#848 = CARTESIAN_POINT('',(-9.000000692185,81.048207776482,
    55.574747586912));
#849 = DIRECTION('',(-1.,-0.,-0.));
#850 = DIRECTION('',(0.,0.,-1.));
#851 = ADVANCED_FACE('',(#852),#871,.T.);
#852 = FACE_BOUND('',#853,.F.);
#853 = EDGE_LOOP('',(#854,#855,#863,#870));
#854 = ORIENTED_EDGE('',*,*,#108,.F.);
#855 = ORIENTED_EDGE('',*,*,#856,.T.);
#856 = EDGE_CURVE('',#109,#857,#859,.T.);
#857 = VERTEX_POINT('',#858);
#858 = CARTESIAN_POINT('',(-5.999985363081,152.99508243447,95.5));
#859 = LINE('',#860,#861);
#860 = CARTESIAN_POINT('',(-5.999985363081,152.99508243447,0.));
#861 = VECTOR('',#862,1.);
#862 = DIRECTION('',(0.,0.,1.));
#863 = ORIENTED_EDGE('',*,*,#864,.F.);
#864 = EDGE_CURVE('',#834,#857,#865,.T.);
#865 = CIRCLE('',#866,3.003859682909);
#866 = AXIS2_PLACEMENT_3D('',#867,#868,#869);
#867 = CARTESIAN_POINT('',(-5.996153826453,149.9912251952,95.5));
#868 = DIRECTION('',(0.,0.,-1.));
#869 = DIRECTION('',(1.,0.,0.));
#870 = ORIENTED_EDGE('',*,*,#841,.F.);
#871 = CYLINDRICAL_SURFACE('',#872,3.003859682909);
#872 = AXIS2_PLACEMENT_3D('',#873,#874,#875);
#873 = CARTESIAN_POINT('',(-5.996153826453,149.9912251952,0.));
#874 = DIRECTION('',(-0.,-0.,-1.));
#875 = DIRECTION('',(1.,0.,0.));
#876 = ADVANCED_FACE('',(#877),#895,.T.);
#877 = FACE_BOUND('',#878,.T.);
#878 = EDGE_LOOP('',(#879,#887,#888,#889));
#879 = ORIENTED_EDGE('',*,*,#880,.F.);
#880 = EDGE_CURVE('',#118,#881,#883,.T.);
#881 = VERTEX_POINT('',#882);
#882 = CARTESIAN_POINT('',(6.999899376823,152.99508243447,95.5));
#883 = LINE('',#884,#885);
#884 = CARTESIAN_POINT('',(6.999899376823,152.99508243447,0.));
#885 = VECTOR('',#886,1.);
#886 = DIRECTION('',(0.,0.,1.));
#887 = ORIENTED_EDGE('',*,*,#117,.T.);
#888 = ORIENTED_EDGE('',*,*,#856,.T.);
#889 = ORIENTED_EDGE('',*,*,#890,.T.);
#890 = EDGE_CURVE('',#857,#881,#891,.T.);
#891 = LINE('',#892,#893);
#892 = CARTESIAN_POINT('',(74.03004259593,152.99508242489,95.5));
#893 = VECTOR('',#894,1.);
#894 = DIRECTION('',(1.,0.,0.));
#895 = PLANE('',#896);
#896 = AXIS2_PLACEMENT_3D('',#897,#898,#899);
#897 = CARTESIAN_POINT('',(0.499957044215,152.99508242889,
    57.000000445232));
#898 = DIRECTION('',(0.,1.,1.0390041E-10));
#899 = DIRECTION('',(0.,-1.0390041E-10,1.));
#900 = ADVANCED_FACE('',(#901),#920,.F.);
#901 = FACE_BOUND('',#902,.T.);
#902 = EDGE_LOOP('',(#903,#904,#905,#914));
#903 = ORIENTED_EDGE('',*,*,#125,.F.);
#904 = ORIENTED_EDGE('',*,*,#880,.T.);
#905 = ORIENTED_EDGE('',*,*,#906,.F.);
#906 = EDGE_CURVE('',#907,#881,#909,.T.);
#907 = VERTEX_POINT('',#908);
#908 = CARTESIAN_POINT('',(10.000758257346,155.99968152723,95.5));
#909 = CIRCLE('',#910,3.001963428689);
#910 = AXIS2_PLACEMENT_3D('',#911,#912,#913);
#911 = CARTESIAN_POINT('',(6.998795985866,155.99704566038,95.5));
#912 = DIRECTION('',(0.,0.,-1.));
#913 = DIRECTION('',(1.,0.,0.));
#914 = ORIENTED_EDGE('',*,*,#915,.F.);
#915 = EDGE_CURVE('',#126,#907,#916,.T.);
#916 = LINE('',#917,#918);
#917 = CARTESIAN_POINT('',(10.000758257346,155.99968152723,0.));
#918 = VECTOR('',#919,1.);
#919 = DIRECTION('',(0.,0.,1.));
#920 = CYLINDRICAL_SURFACE('',#921,3.001963428689);
#921 = AXIS2_PLACEMENT_3D('',#922,#923,#924);
#922 = CARTESIAN_POINT('',(6.998795985866,155.99704566038,0.));
#923 = DIRECTION('',(-0.,-0.,-1.));
#924 = DIRECTION('',(1.,0.,0.));
#925 = ADVANCED_FACE('',(#926),#944,.T.);
#926 = FACE_BOUND('',#927,.T.);
#927 = EDGE_LOOP('',(#928,#929,#930,#938));
#928 = ORIENTED_EDGE('',*,*,#134,.F.);
#929 = ORIENTED_EDGE('',*,*,#915,.T.);
#930 = ORIENTED_EDGE('',*,*,#931,.T.);
#931 = EDGE_CURVE('',#907,#932,#934,.T.);
#932 = VERTEX_POINT('',#933);
#933 = CARTESIAN_POINT('',(10.000758257346,164.00002691277,95.5));
#934 = LINE('',#935,#936);
#935 = CARTESIAN_POINT('',(10.000758257346,148.27598620764,95.5));
#936 = VECTOR('',#937,1.);
#937 = DIRECTION('',(0.,1.,0.));
#938 = ORIENTED_EDGE('',*,*,#939,.F.);
#939 = EDGE_CURVE('',#135,#932,#940,.T.);
#940 = LINE('',#941,#942);
#941 = CARTESIAN_POINT('',(10.000758257346,164.00002691277,0.));
#942 = VECTOR('',#943,1.);
#943 = DIRECTION('',(0.,0.,1.));
#944 = PLANE('',#945);
#945 = AXIS2_PLACEMENT_3D('',#946,#947,#948);
#946 = CARTESIAN_POINT('',(10.000758257346,155.99968152723,0.));
#947 = DIRECTION('',(-1.,0.,0.));
#948 = DIRECTION('',(0.,1.,0.));
#949 = ADVANCED_FACE('',(#950),#969,.T.);
#950 = FACE_BOUND('',#951,.F.);
#951 = EDGE_LOOP('',(#952,#953,#961,#968));
#952 = ORIENTED_EDGE('',*,*,#142,.F.);
#953 = ORIENTED_EDGE('',*,*,#954,.T.);
#954 = EDGE_CURVE('',#143,#955,#957,.T.);
#955 = VERTEX_POINT('',#956);
#956 = CARTESIAN_POINT('',(13.000000980385,167.,95.5));
#957 = LINE('',#958,#959);
#958 = CARTESIAN_POINT('',(13.000048164294,166.999697,0.));
#959 = VECTOR('',#960,1.);
#960 = DIRECTION('',(0.,0.,1.));
#961 = ORIENTED_EDGE('',*,*,#962,.F.);
#962 = EDGE_CURVE('',#932,#955,#963,.T.);
#963 = CIRCLE('',#964,2.999739530615);
#964 = AXIS2_PLACEMENT_3D('',#965,#966,#967);
#965 = CARTESIAN_POINT('',(13.000497787158,163.99995750308,95.5));
#966 = DIRECTION('',(0.,0.,-1.));
#967 = DIRECTION('',(1.,0.,0.));
#968 = ORIENTED_EDGE('',*,*,#939,.F.);
#969 = CYLINDRICAL_SURFACE('',#970,2.999739530615);
#970 = AXIS2_PLACEMENT_3D('',#971,#972,#973);
#971 = CARTESIAN_POINT('',(13.000497787158,163.99995750308,0.));
#972 = DIRECTION('',(-0.,-0.,-1.));
#973 = DIRECTION('',(1.,0.,0.));
#974 = ADVANCED_FACE('',(#975),#1009,.T.);
#975 = FACE_BOUND('',#976,.T.);
#976 = EDGE_LOOP('',(#977,#978,#979,#987,#995,#1003));
#977 = ORIENTED_EDGE('',*,*,#151,.F.);
#978 = ORIENTED_EDGE('',*,*,#954,.T.);
#979 = ORIENTED_EDGE('',*,*,#980,.T.);
#980 = EDGE_CURVE('',#955,#981,#983,.T.);
#981 = VERTEX_POINT('',#982);
#982 = CARTESIAN_POINT('',(13.000048164294,166.999697,100.));
#983 = LINE('',#984,#985);
#984 = CARTESIAN_POINT('',(13.000048164294,166.999697,0.));
#985 = VECTOR('',#986,1.);
#986 = DIRECTION('',(0.,0.,1.));
#987 = ORIENTED_EDGE('',*,*,#988,.T.);
#988 = EDGE_CURVE('',#981,#989,#991,.T.);
#989 = VERTEX_POINT('',#990);
#990 = CARTESIAN_POINT('',(283.999921,166.999697,100.));
#991 = LINE('',#992,#993);
#992 = CARTESIAN_POINT('',(69.249992331424,166.999697,100.));
#993 = VECTOR('',#994,1.);
#994 = DIRECTION('',(1.,0.,0.));
#995 = ORIENTED_EDGE('',*,*,#996,.F.);
#996 = EDGE_CURVE('',#997,#989,#999,.T.);
#997 = VERTEX_POINT('',#998);
#998 = CARTESIAN_POINT('',(284.00000098038,167.,95.5));
#999 = LINE('',#1000,#1001);
#1000 = CARTESIAN_POINT('',(283.999921,166.999697,109.));
#1001 = VECTOR('',#1002,1.);
#1002 = DIRECTION('',(0.,0.,1.));
#1003 = ORIENTED_EDGE('',*,*,#1004,.F.);
#1004 = EDGE_CURVE('',#152,#997,#1005,.T.);
#1005 = LINE('',#1006,#1007);
#1006 = CARTESIAN_POINT('',(283.999921,166.999697,109.));
#1007 = VECTOR('',#1008,1.);
#1008 = DIRECTION('',(0.,0.,1.));
#1009 = PLANE('',#1010);
#1010 = AXIS2_PLACEMENT_3D('',#1011,#1012,#1013);
#1011 = CARTESIAN_POINT('',(148.49998453883,166.999697,50.000000015982)
  );
#1012 = DIRECTION('',(0.,1.,6.4E-16));
#1013 = DIRECTION('',(0.,-6.4E-16,1.));
#1014 = ADVANCED_FACE('',(#1015),#1034,.T.);
#1015 = FACE_BOUND('',#1016,.F.);
#1016 = EDGE_LOOP('',(#1017,#1018,#1019,#1027));
#1017 = ORIENTED_EDGE('',*,*,#1004,.F.);
#1018 = ORIENTED_EDGE('',*,*,#159,.F.);
#1019 = ORIENTED_EDGE('',*,*,#1020,.T.);
#1020 = EDGE_CURVE('',#160,#1021,#1023,.T.);
#1021 = VERTEX_POINT('',#1022);
#1022 = CARTESIAN_POINT('',(286.99862062024,164.00002812603,95.5));
#1023 = LINE('',#1024,#1025);
#1024 = CARTESIAN_POINT('',(286.99862062024,164.00002812603,0.));
#1025 = VECTOR('',#1026,1.);
#1026 = DIRECTION('',(0.,0.,1.));
#1027 = ORIENTED_EDGE('',*,*,#1028,.F.);
#1028 = EDGE_CURVE('',#997,#1021,#1029,.T.);
#1029 = CIRCLE('',#1030,2.99942163044);
#1030 = AXIS2_PLACEMENT_3D('',#1031,#1032,#1033);
#1031 = CARTESIAN_POINT('',(283.999199,164.0002754564,95.5));
#1032 = DIRECTION('',(0.,0.,-1.));
#1033 = DIRECTION('',(1.,0.,0.));
#1034 = CYLINDRICAL_SURFACE('',#1035,2.99942163044);
#1035 = AXIS2_PLACEMENT_3D('',#1036,#1037,#1038);
#1036 = CARTESIAN_POINT('',(283.999199,164.0002754564,0.));
#1037 = DIRECTION('',(-0.,-0.,-1.));
#1038 = DIRECTION('',(1.,0.,0.));
#1039 = ADVANCED_FACE('',(#1040),#1058,.T.);
#1040 = FACE_BOUND('',#1041,.T.);
#1041 = EDGE_LOOP('',(#1042,#1050,#1051,#1052));
#1042 = ORIENTED_EDGE('',*,*,#1043,.F.);
#1043 = EDGE_CURVE('',#169,#1044,#1046,.T.);
#1044 = VERTEX_POINT('',#1045);
#1045 = CARTESIAN_POINT('',(286.99862062024,155.99948329691,95.5));
#1046 = LINE('',#1047,#1048);
#1047 = CARTESIAN_POINT('',(286.99862062024,155.99948329691,0.));
#1048 = VECTOR('',#1049,1.);
#1049 = DIRECTION('',(0.,0.,1.));
#1050 = ORIENTED_EDGE('',*,*,#168,.T.);
#1051 = ORIENTED_EDGE('',*,*,#1020,.T.);
#1052 = ORIENTED_EDGE('',*,*,#1053,.T.);
#1053 = EDGE_CURVE('',#1021,#1044,#1054,.T.);
#1054 = LINE('',#1055,#1056);
#1055 = CARTESIAN_POINT('',(286.99862062024,150.27602329976,95.5));
#1056 = VECTOR('',#1057,1.);
#1057 = DIRECTION('',(0.,-1.,0.));
#1058 = PLANE('',#1059);
#1059 = AXIS2_PLACEMENT_3D('',#1060,#1061,#1062);
#1060 = CARTESIAN_POINT('',(286.99862062024,159.99975571147,57.));
#1061 = DIRECTION('',(1.,0.,0.));
#1062 = DIRECTION('',(0.,0.,1.));
#1063 = ADVANCED_FACE('',(#1064),#1083,.F.);
#1064 = FACE_BOUND('',#1065,.T.);
#1065 = EDGE_LOOP('',(#1066,#1067,#1068,#1077));
#1066 = ORIENTED_EDGE('',*,*,#176,.F.);
#1067 = ORIENTED_EDGE('',*,*,#1043,.T.);
#1068 = ORIENTED_EDGE('',*,*,#1069,.F.);
#1069 = EDGE_CURVE('',#1070,#1044,#1072,.T.);
#1070 = VERTEX_POINT('',#1071);
#1071 = CARTESIAN_POINT('',(290.00020494122,152.9913825698,95.5));
#1072 = CIRCLE('',#1073,3.003438);
#1073 = AXIS2_PLACEMENT_3D('',#1074,#1075,#1076);
#1074 = CARTESIAN_POINT('',(290.002055,155.99482,95.5));
#1075 = DIRECTION('',(0.,0.,-1.));
#1076 = DIRECTION('',(1.,0.,0.));
#1077 = ORIENTED_EDGE('',*,*,#1078,.F.);
#1078 = EDGE_CURVE('',#177,#1070,#1079,.T.);
#1079 = LINE('',#1080,#1081);
#1080 = CARTESIAN_POINT('',(290.00020494122,152.9913825698,0.));
#1081 = VECTOR('',#1082,1.);
#1082 = DIRECTION('',(0.,0.,1.));
#1083 = CYLINDRICAL_SURFACE('',#1084,3.003438);
#1084 = AXIS2_PLACEMENT_3D('',#1085,#1086,#1087);
#1085 = CARTESIAN_POINT('',(290.002055,155.99482,0.));
#1086 = DIRECTION('',(-0.,-0.,-1.));
#1087 = DIRECTION('',(1.,0.,0.));
#1088 = ADVANCED_FACE('',(#1089),#1107,.T.);
#1089 = FACE_BOUND('',#1090,.T.);
#1090 = EDGE_LOOP('',(#1091,#1092,#1093,#1101));
#1091 = ORIENTED_EDGE('',*,*,#185,.F.);
#1092 = ORIENTED_EDGE('',*,*,#1078,.T.);
#1093 = ORIENTED_EDGE('',*,*,#1094,.T.);
#1094 = EDGE_CURVE('',#1070,#1095,#1097,.T.);
#1095 = VERTEX_POINT('',#1096);
#1096 = CARTESIAN_POINT('',(303.00035217457,152.9913825698,95.5));
#1097 = LINE('',#1098,#1099);
#1098 = CARTESIAN_POINT('',(218.78016654443,152.9913825698,95.5));
#1099 = VECTOR('',#1100,1.);
#1100 = DIRECTION('',(1.,0.,0.));
#1101 = ORIENTED_EDGE('',*,*,#1102,.F.);
#1102 = EDGE_CURVE('',#186,#1095,#1103,.T.);
#1103 = LINE('',#1104,#1105);
#1104 = CARTESIAN_POINT('',(303.00035217457,152.9913825698,0.));
#1105 = VECTOR('',#1106,1.);
#1106 = DIRECTION('',(0.,0.,1.));
#1107 = PLANE('',#1108);
#1108 = AXIS2_PLACEMENT_3D('',#1109,#1110,#1111);
#1109 = CARTESIAN_POINT('',(290.00020494122,152.9913825698,0.));
#1110 = DIRECTION('',(0.,1.,0.));
#1111 = DIRECTION('',(1.,0.,0.));
#1112 = ADVANCED_FACE('',(#1113),#1149,.T.);
#1113 = FACE_BOUND('',#1114,.F.);
#1114 = EDGE_LOOP('',(#1115,#1116,#1124,#1133,#1141,#1148));
#1115 = ORIENTED_EDGE('',*,*,#193,.F.);
#1116 = ORIENTED_EDGE('',*,*,#1117,.T.);
#1117 = EDGE_CURVE('',#194,#1118,#1120,.T.);
#1118 = VERTEX_POINT('',#1119);
#1119 = CARTESIAN_POINT('',(305.99999999999,149.60742538096,100.));
#1120 = LINE('',#1121,#1122);
#1121 = CARTESIAN_POINT('',(305.99999999999,149.60742538096,0.));
#1122 = VECTOR('',#1123,1.);
#1123 = DIRECTION('',(0.,0.,1.));
#1124 = ORIENTED_EDGE('',*,*,#1125,.F.);
#1125 = EDGE_CURVE('',#1126,#1118,#1128,.T.);
#1126 = VERTEX_POINT('',#1127);
#1127 = CARTESIAN_POINT('',(304.93143748238,152.29554988001,100.));
#1128 = CIRCLE('',#1129,3.018640150018);
#1129 = AXIS2_PLACEMENT_3D('',#1130,#1131,#1132);
#1130 = CARTESIAN_POINT('',(303.003547,149.97274411042,100.));
#1131 = DIRECTION('',(0.,0.,-1.));
#1132 = DIRECTION('',(1.,0.,0.));
#1133 = ORIENTED_EDGE('',*,*,#1134,.T.);
#1134 = EDGE_CURVE('',#1126,#1135,#1137,.T.);
#1135 = VERTEX_POINT('',#1136);
#1136 = CARTESIAN_POINT('',(304.93143748268,152.29554987976,95.5));
#1137 = LINE('',#1138,#1139);
#1138 = CARTESIAN_POINT('',(304.93143748221,152.29554988016,0.));
#1139 = VECTOR('',#1140,1.);
#1140 = DIRECTION('',(-0.,-0.,-1.));
#1141 = ORIENTED_EDGE('',*,*,#1142,.F.);
#1142 = EDGE_CURVE('',#1095,#1135,#1143,.T.);
#1143 = CIRCLE('',#1144,3.018640150018);
#1144 = AXIS2_PLACEMENT_3D('',#1145,#1146,#1147);
#1145 = CARTESIAN_POINT('',(303.003547,149.97274411042,95.5));
#1146 = DIRECTION('',(0.,0.,-1.));
#1147 = DIRECTION('',(1.,0.,0.));
#1148 = ORIENTED_EDGE('',*,*,#1102,.F.);
#1149 = CYLINDRICAL_SURFACE('',#1150,3.018640150018);
#1150 = AXIS2_PLACEMENT_3D('',#1151,#1152,#1153);
#1151 = CARTESIAN_POINT('',(303.003547,149.97274411042,0.));
#1152 = DIRECTION('',(-0.,-0.,-1.));
#1153 = DIRECTION('',(1.,0.,0.));
#1154 = ADVANCED_FACE('',(#1155),#1205,.T.);
#1155 = FACE_BOUND('',#1156,.T.);
#1156 = EDGE_LOOP('',(#1157,#1158,#1159,#1167,#1175,#1183,#1191,#1199));
#1157 = ORIENTED_EDGE('',*,*,#202,.F.);
#1158 = ORIENTED_EDGE('',*,*,#1117,.T.);
#1159 = ORIENTED_EDGE('',*,*,#1160,.T.);
#1160 = EDGE_CURVE('',#1118,#1161,#1163,.T.);
#1161 = VERTEX_POINT('',#1162);
#1162 = CARTESIAN_POINT('',(306.,150.,100.));
#1163 = LINE('',#1164,#1165);
#1164 = CARTESIAN_POINT('',(306.,134.,100.));
#1165 = VECTOR('',#1166,1.);
#1166 = DIRECTION('',(0.,1.,0.));
#1167 = ORIENTED_EDGE('',*,*,#1168,.T.);
#1168 = EDGE_CURVE('',#1161,#1169,#1171,.T.);
#1169 = VERTEX_POINT('',#1170);
#1170 = CARTESIAN_POINT('',(306.,150.,100.5));
#1171 = LINE('',#1172,#1173);
#1172 = CARTESIAN_POINT('',(306.,150.,95.5));
#1173 = VECTOR('',#1174,1.);
#1174 = DIRECTION('',(0.,0.,1.));
#1175 = ORIENTED_EDGE('',*,*,#1176,.T.);
#1176 = EDGE_CURVE('',#1169,#1177,#1179,.T.);
#1177 = VERTEX_POINT('',#1178);
#1178 = CARTESIAN_POINT('',(306.,118.,100.5));
#1179 = LINE('',#1180,#1181);
#1180 = CARTESIAN_POINT('',(306.,150.,100.5));
#1181 = VECTOR('',#1182,1.);
#1182 = DIRECTION('',(0.,-1.,0.));
#1183 = ORIENTED_EDGE('',*,*,#1184,.F.);
#1184 = EDGE_CURVE('',#1185,#1177,#1187,.T.);
#1185 = VERTEX_POINT('',#1186);
#1186 = CARTESIAN_POINT('',(306.,118.,114.));
#1187 = LINE('',#1188,#1189);
#1188 = CARTESIAN_POINT('',(306.,118.,83.500000052822));
#1189 = VECTOR('',#1190,1.);
#1190 = DIRECTION('',(-3.31E-15,0.,-1.));
#1191 = ORIENTED_EDGE('',*,*,#1192,.F.);
#1192 = EDGE_CURVE('',#1193,#1185,#1195,.T.);
#1193 = VERTEX_POINT('',#1194);
#1194 = CARTESIAN_POINT('',(306.,14.999999078461,114.));
#1195 = LINE('',#1196,#1197);
#1196 = CARTESIAN_POINT('',(306.,14.999999078461,114.));
#1197 = VECTOR('',#1198,1.);
#1198 = DIRECTION('',(0.,1.,0.));
#1199 = ORIENTED_EDGE('',*,*,#1200,.F.);
#1200 = EDGE_CURVE('',#203,#1193,#1201,.T.);
#1201 = LINE('',#1202,#1203);
#1202 = CARTESIAN_POINT('',(306.,14.999999078461,109.));
#1203 = VECTOR('',#1204,1.);
#1204 = DIRECTION('',(0.,0.,1.));
#1205 = PLANE('',#1206);
#1206 = AXIS2_PLACEMENT_3D('',#1207,#1208,#1209);
#1207 = CARTESIAN_POINT('',(306.,81.553699541584,56.211360472206));
#1208 = DIRECTION('',(1.,2.06E-15,-3.37E-15));
#1209 = DIRECTION('',(3.37E-15,0.,1.));
#1210 = ADVANCED_FACE('',(#1211),#1230,.T.);
#1211 = FACE_BOUND('',#1212,.F.);
#1212 = EDGE_LOOP('',(#1213,#1214,#1215,#1223));
#1213 = ORIENTED_EDGE('',*,*,#1200,.F.);
#1214 = ORIENTED_EDGE('',*,*,#210,.F.);
#1215 = ORIENTED_EDGE('',*,*,#1216,.T.);
#1216 = EDGE_CURVE('',#211,#1217,#1219,.T.);
#1217 = VERTEX_POINT('',#1218);
#1218 = CARTESIAN_POINT('',(303.00000005884,12.,114.));
#1219 = LINE('',#1220,#1221);
#1220 = CARTESIAN_POINT('',(303.00000005662,12.000000028036,0.));
#1221 = VECTOR('',#1222,1.);
#1222 = DIRECTION('',(0.,0.,1.));
#1223 = ORIENTED_EDGE('',*,*,#1224,.T.);
#1224 = EDGE_CURVE('',#1217,#1193,#1225,.T.);
#1225 = CIRCLE('',#1226,3.);
#1226 = AXIS2_PLACEMENT_3D('',#1227,#1228,#1229);
#1227 = CARTESIAN_POINT('',(303.,15.,114.));
#1228 = DIRECTION('',(0.,0.,1.));
#1229 = DIRECTION('',(1.,0.,0.));
#1230 = CYLINDRICAL_SURFACE('',#1231,3.000000022174);
#1231 = AXIS2_PLACEMENT_3D('',#1232,#1233,#1234);
#1232 = CARTESIAN_POINT('',(302.99999997782,15.00000005021,0.));
#1233 = DIRECTION('',(-0.,-0.,-1.));
#1234 = DIRECTION('',(1.,0.,0.));
#1235 = ADVANCED_FACE('',(#1236),#1247,.T.);
#1236 = FACE_BOUND('',#1237,.T.);
#1237 = EDGE_LOOP('',(#1238,#1239,#1240,#1246));
#1238 = ORIENTED_EDGE('',*,*,#219,.T.);
#1239 = ORIENTED_EDGE('',*,*,#1216,.T.);
#1240 = ORIENTED_EDGE('',*,*,#1241,.F.);
#1241 = EDGE_CURVE('',#420,#1217,#1242,.T.);
#1242 = LINE('',#1243,#1244);
#1243 = CARTESIAN_POINT('',(290.00000098038,12.,114.));
#1244 = VECTOR('',#1245,1.);
#1245 = DIRECTION('',(1.,0.,0.));
#1246 = ORIENTED_EDGE('',*,*,#437,.F.);
#1247 = PLANE('',#1248);
#1248 = AXIS2_PLACEMENT_3D('',#1249,#1250,#1251);
#1249 = CARTESIAN_POINT('',(296.50000051891,12.000000025497,
    57.000000000648));
#1250 = DIRECTION('',(-0.,-1.,-4.724602E-11));
#1251 = DIRECTION('',(0.,4.724602E-11,-1.));
#1252 = ADVANCED_FACE('',(#1253),#1278,.T.);
#1253 = FACE_BOUND('',#1254,.T.);
#1254 = EDGE_LOOP('',(#1255,#1256,#1264,#1272));
#1255 = ORIENTED_EDGE('',*,*,#227,.F.);
#1256 = ORIENTED_EDGE('',*,*,#1257,.T.);
#1257 = EDGE_CURVE('',#228,#1258,#1260,.T.);
#1258 = VERTEX_POINT('',#1259);
#1259 = CARTESIAN_POINT('',(277.,162.,95.5));
#1260 = LINE('',#1261,#1262);
#1261 = CARTESIAN_POINT('',(277.,162.,0.));
#1262 = VECTOR('',#1263,1.);
#1263 = DIRECTION('',(0.,0.,1.));
#1264 = ORIENTED_EDGE('',*,*,#1265,.T.);
#1265 = EDGE_CURVE('',#1258,#1266,#1268,.T.);
#1266 = VERTEX_POINT('',#1267);
#1267 = CARTESIAN_POINT('',(20.,162.,95.5));
#1268 = LINE('',#1269,#1270);
#1269 = CARTESIAN_POINT('',(148.03006407382,162.,95.5));
#1270 = VECTOR('',#1271,1.);
#1271 = DIRECTION('',(-1.,0.,0.));
#1272 = ORIENTED_EDGE('',*,*,#1273,.F.);
#1273 = EDGE_CURVE('',#230,#1266,#1274,.T.);
#1274 = LINE('',#1275,#1276);
#1275 = CARTESIAN_POINT('',(20.,162.,0.));
#1276 = VECTOR('',#1277,1.);
#1277 = DIRECTION('',(0.,0.,1.));
#1278 = PLANE('',#1279);
#1279 = AXIS2_PLACEMENT_3D('',#1280,#1281,#1282);
#1280 = CARTESIAN_POINT('',(148.5,162.,54.5));
#1281 = DIRECTION('',(-0.,-1.,-0.));
#1282 = DIRECTION('',(0.,0.,-1.));
#1283 = ADVANCED_FACE('',(#1284),#1302,.F.);
#1284 = FACE_BOUND('',#1285,.F.);
#1285 = EDGE_LOOP('',(#1286,#1287,#1295,#1301));
#1286 = ORIENTED_EDGE('',*,*,#237,.F.);
#1287 = ORIENTED_EDGE('',*,*,#1288,.T.);
#1288 = EDGE_CURVE('',#238,#1289,#1291,.T.);
#1289 = VERTEX_POINT('',#1290);
#1290 = CARTESIAN_POINT('',(17.,159.,95.5));
#1291 = LINE('',#1292,#1293);
#1292 = CARTESIAN_POINT('',(17.,159.,0.));
#1293 = VECTOR('',#1294,1.);
#1294 = DIRECTION('',(0.,0.,1.));
#1295 = ORIENTED_EDGE('',*,*,#1296,.T.);
#1296 = EDGE_CURVE('',#1289,#1266,#1297,.T.);
#1297 = LINE('',#1298,#1299);
#1298 = CARTESIAN_POINT('',(45.028104758927,187.02810475892,95.5));
#1299 = VECTOR('',#1300,1.);
#1300 = DIRECTION('',(0.707106781187,0.707106781187,0.));
#1301 = ORIENTED_EDGE('',*,*,#1273,.F.);
#1302 = PLANE('',#1303);
#1303 = AXIS2_PLACEMENT_3D('',#1304,#1305,#1306);
#1304 = CARTESIAN_POINT('',(17.,159.,0.));
#1305 = DIRECTION('',(-0.707106781187,0.707106781187,0.));
#1306 = DIRECTION('',(0.707106781187,0.707106781187,0.));
#1307 = ADVANCED_FACE('',(#1308),#1326,.F.);
#1308 = FACE_BOUND('',#1309,.F.);
#1309 = EDGE_LOOP('',(#1310,#1311,#1319,#1325));
#1310 = ORIENTED_EDGE('',*,*,#245,.F.);
#1311 = ORIENTED_EDGE('',*,*,#1312,.T.);
#1312 = EDGE_CURVE('',#246,#1313,#1315,.T.);
#1313 = VERTEX_POINT('',#1314);
#1314 = CARTESIAN_POINT('',(17.,152.,95.5));
#1315 = LINE('',#1316,#1317);
#1316 = CARTESIAN_POINT('',(17.,152.,0.));
#1317 = VECTOR('',#1318,1.);
#1318 = DIRECTION('',(0.,0.,1.));
#1319 = ORIENTED_EDGE('',*,*,#1320,.T.);
#1320 = EDGE_CURVE('',#1313,#1289,#1321,.T.);
#1321 = LINE('',#1322,#1323);
#1322 = CARTESIAN_POINT('',(17.,146.27614544403,95.5));
#1323 = VECTOR('',#1324,1.);
#1324 = DIRECTION('',(0.,1.,0.));
#1325 = ORIENTED_EDGE('',*,*,#1288,.F.);
#1326 = PLANE('',#1327);
#1327 = AXIS2_PLACEMENT_3D('',#1328,#1329,#1330);
#1328 = CARTESIAN_POINT('',(17.,152.,0.));
#1329 = DIRECTION('',(-1.,0.,0.));
#1330 = DIRECTION('',(0.,1.,0.));
#1331 = ADVANCED_FACE('',(#1332),#1350,.F.);
#1332 = FACE_BOUND('',#1333,.F.);
#1333 = EDGE_LOOP('',(#1334,#1335,#1343,#1349));
#1334 = ORIENTED_EDGE('',*,*,#253,.F.);
#1335 = ORIENTED_EDGE('',*,*,#1336,.T.);
#1336 = EDGE_CURVE('',#254,#1337,#1339,.T.);
#1337 = VERTEX_POINT('',#1338);
#1338 = CARTESIAN_POINT('',(5.,140.,95.5));
#1339 = LINE('',#1340,#1341);
#1340 = CARTESIAN_POINT('',(5.,140.,0.));
#1341 = VECTOR('',#1342,1.);
#1342 = DIRECTION('',(0.,0.,1.));
#1343 = ORIENTED_EDGE('',*,*,#1344,.T.);
#1344 = EDGE_CURVE('',#1337,#1313,#1345,.T.);
#1345 = LINE('',#1346,#1347);
#1346 = CARTESIAN_POINT('',(40.778104758927,175.77810475892,95.5));
#1347 = VECTOR('',#1348,1.);
#1348 = DIRECTION('',(0.707106781187,0.707106781187,0.));
#1349 = ORIENTED_EDGE('',*,*,#1312,.F.);
#1350 = PLANE('',#1351);
#1351 = AXIS2_PLACEMENT_3D('',#1352,#1353,#1354);
#1352 = CARTESIAN_POINT('',(5.,140.,0.));
#1353 = DIRECTION('',(-0.707106781187,0.707106781187,0.));
#1354 = DIRECTION('',(0.707106781187,0.707106781187,0.));
#1355 = ADVANCED_FACE('',(#1356),#1374,.F.);
#1356 = FACE_BOUND('',#1357,.F.);
#1357 = EDGE_LOOP('',(#1358,#1359,#1367,#1373));
#1358 = ORIENTED_EDGE('',*,*,#261,.F.);
#1359 = ORIENTED_EDGE('',*,*,#1360,.T.);
#1360 = EDGE_CURVE('',#262,#1361,#1363,.T.);
#1361 = VERTEX_POINT('',#1362);
#1362 = CARTESIAN_POINT('',(5.,118.,95.5));
#1363 = LINE('',#1364,#1365);
#1364 = CARTESIAN_POINT('',(5.,118.,0.));
#1365 = VECTOR('',#1366,1.);
#1366 = DIRECTION('',(0.,0.,1.));
#1367 = ORIENTED_EDGE('',*,*,#1368,.T.);
#1368 = EDGE_CURVE('',#1361,#1337,#1369,.T.);
#1369 = LINE('',#1370,#1371);
#1370 = CARTESIAN_POINT('',(5.,129.27614544403,95.5));
#1371 = VECTOR('',#1372,1.);
#1372 = DIRECTION('',(0.,1.,0.));
#1373 = ORIENTED_EDGE('',*,*,#1336,.F.);
#1374 = PLANE('',#1375);
#1375 = AXIS2_PLACEMENT_3D('',#1376,#1377,#1378);
#1376 = CARTESIAN_POINT('',(5.,118.,0.));
#1377 = DIRECTION('',(-1.,0.,0.));
#1378 = DIRECTION('',(0.,1.,0.));
#1379 = ADVANCED_FACE('',(#1380),#1414,.F.);
#1380 = FACE_BOUND('',#1381,.F.);
#1381 = EDGE_LOOP('',(#1382,#1383,#1391,#1399,#1407,#1413));
#1382 = ORIENTED_EDGE('',*,*,#269,.F.);
#1383 = ORIENTED_EDGE('',*,*,#1384,.T.);
#1384 = EDGE_CURVE('',#270,#1385,#1387,.T.);
#1385 = VERTEX_POINT('',#1386);
#1386 = CARTESIAN_POINT('',(-2.,111.,109.));
#1387 = LINE('',#1388,#1389);
#1388 = CARTESIAN_POINT('',(-2.,111.,0.));
#1389 = VECTOR('',#1390,1.);
#1390 = DIRECTION('',(0.,0.,1.));
#1391 = ORIENTED_EDGE('',*,*,#1392,.T.);
#1392 = EDGE_CURVE('',#1385,#1393,#1395,.T.);
#1393 = VERTEX_POINT('',#1394);
#1394 = CARTESIAN_POINT('',(1.,114.,109.));
#1395 = LINE('',#1396,#1397);
#1396 = CARTESIAN_POINT('',(-2.,111.,109.));
#1397 = VECTOR('',#1398,1.);
#1398 = DIRECTION('',(0.707106781187,0.707106781187,0.));
#1399 = ORIENTED_EDGE('',*,*,#1400,.F.);
#1400 = EDGE_CURVE('',#1401,#1393,#1403,.T.);
#1401 = VERTEX_POINT('',#1402);
#1402 = CARTESIAN_POINT('',(1.,114.,95.5));
#1403 = LINE('',#1404,#1405);
#1404 = CARTESIAN_POINT('',(1.,114.,47.75));
#1405 = VECTOR('',#1406,1.);
#1406 = DIRECTION('',(0.,0.,1.));
#1407 = ORIENTED_EDGE('',*,*,#1408,.T.);
#1408 = EDGE_CURVE('',#1401,#1361,#1409,.T.);
#1409 = LINE('',#1410,#1411);
#1410 = CARTESIAN_POINT('',(36.875,149.875,95.5));
#1411 = VECTOR('',#1412,1.);
#1412 = DIRECTION('',(0.707106781187,0.707106781187,0.));
#1413 = ORIENTED_EDGE('',*,*,#1360,.F.);
#1414 = PLANE('',#1415);
#1415 = AXIS2_PLACEMENT_3D('',#1416,#1417,#1418);
#1416 = CARTESIAN_POINT('',(-2.,111.,0.));
#1417 = DIRECTION('',(-0.707106781187,0.707106781187,0.));
#1418 = DIRECTION('',(0.707106781187,0.707106781187,0.));
#1419 = ADVANCED_FACE('',(#1420),#1478,.F.);
#1420 = FACE_BOUND('',#1421,.F.);
#1421 = EDGE_LOOP('',(#1422,#1423,#1431,#1439,#1447,#1455,#1463,#1471,
    #1477));
#1422 = ORIENTED_EDGE('',*,*,#277,.F.);
#1423 = ORIENTED_EDGE('',*,*,#1424,.T.);
#1424 = EDGE_CURVE('',#278,#1425,#1427,.T.);
#1425 = VERTEX_POINT('',#1426);
#1426 = CARTESIAN_POINT('',(-2.,70.,78.));
#1427 = LINE('',#1428,#1429);
#1428 = CARTESIAN_POINT('',(-2.,70.,0.));
#1429 = VECTOR('',#1430,1.);
#1430 = DIRECTION('',(0.,0.,1.));
#1431 = ORIENTED_EDGE('',*,*,#1432,.T.);
#1432 = EDGE_CURVE('',#1425,#1433,#1435,.T.);
#1433 = VERTEX_POINT('',#1434);
#1434 = CARTESIAN_POINT('',(-2.,96.,78.));
#1435 = LINE('',#1436,#1437);
#1436 = CARTESIAN_POINT('',(-2.,83.,78.));
#1437 = VECTOR('',#1438,1.);
#1438 = DIRECTION('',(0.,1.,0.));
#1439 = ORIENTED_EDGE('',*,*,#1440,.T.);
#1440 = EDGE_CURVE('',#1433,#1441,#1443,.T.);
#1441 = VERTEX_POINT('',#1442);
#1442 = CARTESIAN_POINT('',(-2.,98.,80.));
#1443 = LINE('',#1444,#1445);
#1444 = CARTESIAN_POINT('',(-2.,71.,53.));
#1445 = VECTOR('',#1446,1.);
#1446 = DIRECTION('',(0.,0.707106781187,0.707106781187));
#1447 = ORIENTED_EDGE('',*,*,#1448,.T.);
#1448 = EDGE_CURVE('',#1441,#1449,#1451,.T.);
#1449 = VERTEX_POINT('',#1450);
#1450 = CARTESIAN_POINT('',(-2.,98.0000005,100.));
#1451 = LINE('',#1452,#1453);
#1452 = CARTESIAN_POINT('',(-2.,98.,55.));
#1453 = VECTOR('',#1454,1.);
#1454 = DIRECTION('',(0.,0.,1.));
#1455 = ORIENTED_EDGE('',*,*,#1456,.T.);
#1456 = EDGE_CURVE('',#1449,#1457,#1459,.T.);
#1457 = VERTEX_POINT('',#1458);
#1458 = CARTESIAN_POINT('',(-2.,105.,100.));
#1459 = LINE('',#1460,#1461);
#1460 = CARTESIAN_POINT('',(-2.,50.782499599545,100.));
#1461 = VECTOR('',#1462,1.);
#1462 = DIRECTION('',(0.,1.,0.));
#1463 = ORIENTED_EDGE('',*,*,#1464,.T.);
#1464 = EDGE_CURVE('',#1457,#1465,#1467,.T.);
#1465 = VERTEX_POINT('',#1466);
#1466 = CARTESIAN_POINT('',(-2.,105.,109.));
#1467 = LINE('',#1468,#1469);
#1468 = CARTESIAN_POINT('',(-2.,105.,54.5));
#1469 = VECTOR('',#1470,1.);
#1470 = DIRECTION('',(0.,0.,1.));
#1471 = ORIENTED_EDGE('',*,*,#1472,.T.);
#1472 = EDGE_CURVE('',#1465,#1385,#1473,.T.);
#1473 = LINE('',#1474,#1475);
#1474 = CARTESIAN_POINT('',(-2.,70.,109.));
#1475 = VECTOR('',#1476,1.);
#1476 = DIRECTION('',(0.,1.,0.));
#1477 = ORIENTED_EDGE('',*,*,#1384,.F.);
#1478 = PLANE('',#1479);
#1479 = AXIS2_PLACEMENT_3D('',#1480,#1481,#1482);
#1480 = CARTESIAN_POINT('',(-2.,70.,0.));
#1481 = DIRECTION('',(-1.,0.,0.));
#1482 = DIRECTION('',(0.,1.,0.));
#1483 = ADVANCED_FACE('',(#1484),#1502,.F.);
#1484 = FACE_BOUND('',#1485,.F.);
#1485 = EDGE_LOOP('',(#1486,#1487,#1495,#1501));
#1486 = ORIENTED_EDGE('',*,*,#285,.F.);
#1487 = ORIENTED_EDGE('',*,*,#1488,.T.);
#1488 = EDGE_CURVE('',#286,#1489,#1491,.T.);
#1489 = VERTEX_POINT('',#1490);
#1490 = CARTESIAN_POINT('',(-7.,65.,78.));
#1491 = LINE('',#1492,#1493);
#1492 = CARTESIAN_POINT('',(-7.,65.,0.));
#1493 = VECTOR('',#1494,1.);
#1494 = DIRECTION('',(0.,0.,1.));
#1495 = ORIENTED_EDGE('',*,*,#1496,.T.);
#1496 = EDGE_CURVE('',#1489,#1425,#1497,.T.);
#1497 = LINE('',#1498,#1499);
#1498 = CARTESIAN_POINT('',(2.5,74.5,78.));
#1499 = VECTOR('',#1500,1.);
#1500 = DIRECTION('',(0.707106781187,0.707106781187,0.));
#1501 = ORIENTED_EDGE('',*,*,#1424,.F.);
#1502 = PLANE('',#1503);
#1503 = AXIS2_PLACEMENT_3D('',#1504,#1505,#1506);
#1504 = CARTESIAN_POINT('',(-7.,65.,0.));
#1505 = DIRECTION('',(-0.707106781187,0.707106781187,0.));
#1506 = DIRECTION('',(0.707106781187,0.707106781187,0.));
#1507 = ADVANCED_FACE('',(#1508),#1566,.F.);
#1508 = FACE_BOUND('',#1509,.F.);
#1509 = EDGE_LOOP('',(#1510,#1511,#1519,#1527,#1535,#1543,#1551,#1559,
    #1565));
#1510 = ORIENTED_EDGE('',*,*,#293,.F.);
#1511 = ORIENTED_EDGE('',*,*,#1512,.T.);
#1512 = EDGE_CURVE('',#294,#1513,#1515,.T.);
#1513 = VERTEX_POINT('',#1514);
#1514 = CARTESIAN_POINT('',(-7.,29.,109.));
#1515 = LINE('',#1516,#1517);
#1516 = CARTESIAN_POINT('',(-7.,29.,0.));
#1517 = VECTOR('',#1518,1.);
#1518 = DIRECTION('',(0.,0.,1.));
#1519 = ORIENTED_EDGE('',*,*,#1520,.T.);
#1520 = EDGE_CURVE('',#1513,#1521,#1523,.T.);
#1521 = VERTEX_POINT('',#1522);
#1522 = CARTESIAN_POINT('',(-7.,47.,109.));
#1523 = LINE('',#1524,#1525);
#1524 = CARTESIAN_POINT('',(-7.,29.,109.));
#1525 = VECTOR('',#1526,1.);
#1526 = DIRECTION('',(0.,1.,0.));
#1527 = ORIENTED_EDGE('',*,*,#1528,.T.);
#1528 = EDGE_CURVE('',#1521,#1529,#1531,.T.);
#1529 = VERTEX_POINT('',#1530);
#1530 = CARTESIAN_POINT('',(-7.,47.,100.));
#1531 = LINE('',#1532,#1533);
#1532 = CARTESIAN_POINT('',(-7.,47.,54.5));
#1533 = VECTOR('',#1534,1.);
#1534 = DIRECTION('',(0.,0.,-1.));
#1535 = ORIENTED_EDGE('',*,*,#1536,.T.);
#1536 = EDGE_CURVE('',#1529,#1537,#1539,.T.);
#1537 = VERTEX_POINT('',#1538);
#1538 = CARTESIAN_POINT('',(-7.,50.,100.));
#1539 = LINE('',#1540,#1541);
#1540 = CARTESIAN_POINT('',(-7.,30.282499599545,100.));
#1541 = VECTOR('',#1542,1.);
#1542 = DIRECTION('',(0.,1.,0.));
#1543 = ORIENTED_EDGE('',*,*,#1544,.T.);
#1544 = EDGE_CURVE('',#1537,#1545,#1547,.T.);
#1545 = VERTEX_POINT('',#1546);
#1546 = CARTESIAN_POINT('',(-7.,50.,80.));
#1547 = LINE('',#1548,#1549);
#1548 = CARTESIAN_POINT('',(-7.,50.,40.));
#1549 = VECTOR('',#1550,1.);
#1550 = DIRECTION('',(0.,0.,-1.));
#1551 = ORIENTED_EDGE('',*,*,#1552,.T.);
#1552 = EDGE_CURVE('',#1545,#1553,#1555,.T.);
#1553 = VERTEX_POINT('',#1554);
#1554 = CARTESIAN_POINT('',(-7.,52.,78.));
#1555 = LINE('',#1556,#1557);
#1556 = CARTESIAN_POINT('',(-7.,65.75,64.25));
#1557 = VECTOR('',#1558,1.);
#1558 = DIRECTION('',(0.,0.707106781187,-0.707106781187));
#1559 = ORIENTED_EDGE('',*,*,#1560,.T.);
#1560 = EDGE_CURVE('',#1553,#1489,#1561,.T.);
#1561 = LINE('',#1562,#1563);
#1562 = CARTESIAN_POINT('',(-7.,62.5,78.));
#1563 = VECTOR('',#1564,1.);
#1564 = DIRECTION('',(0.,1.,0.));
#1565 = ORIENTED_EDGE('',*,*,#1488,.F.);
#1566 = PLANE('',#1567);
#1567 = AXIS2_PLACEMENT_3D('',#1568,#1569,#1570);
#1568 = CARTESIAN_POINT('',(-7.,29.,0.));
#1569 = DIRECTION('',(-1.,0.,0.));
#1570 = DIRECTION('',(0.,1.,0.));
#1571 = ADVANCED_FACE('',(#1572),#1590,.F.);
#1572 = FACE_BOUND('',#1573,.F.);
#1573 = EDGE_LOOP('',(#1574,#1582,#1588,#1589));
#1574 = ORIENTED_EDGE('',*,*,#1575,.T.);
#1575 = EDGE_CURVE('',#302,#1576,#1578,.T.);
#1576 = VERTEX_POINT('',#1577);
#1577 = CARTESIAN_POINT('',(-2.,29.,109.));
#1578 = LINE('',#1579,#1580);
#1579 = CARTESIAN_POINT('',(-2.,29.,0.));
#1580 = VECTOR('',#1581,1.);
#1581 = DIRECTION('',(0.,0.,1.));
#1582 = ORIENTED_EDGE('',*,*,#1583,.T.);
#1583 = EDGE_CURVE('',#1576,#1513,#1584,.T.);
#1584 = LINE('',#1585,#1586);
#1585 = CARTESIAN_POINT('',(-2.,29.,109.));
#1586 = VECTOR('',#1587,1.);
#1587 = DIRECTION('',(-1.,0.,0.));
#1588 = ORIENTED_EDGE('',*,*,#1512,.F.);
#1589 = ORIENTED_EDGE('',*,*,#301,.F.);
#1590 = PLANE('',#1591);
#1591 = AXIS2_PLACEMENT_3D('',#1592,#1593,#1594);
#1592 = CARTESIAN_POINT('',(-2.,29.,0.));
#1593 = DIRECTION('',(0.,-1.,0.));
#1594 = DIRECTION('',(-1.,0.,0.));
#1595 = ADVANCED_FACE('',(#1596),#1614,.F.);
#1596 = FACE_BOUND('',#1597,.F.);
#1597 = EDGE_LOOP('',(#1598,#1606,#1612,#1613));
#1598 = ORIENTED_EDGE('',*,*,#1599,.T.);
#1599 = EDGE_CURVE('',#310,#1600,#1602,.T.);
#1600 = VERTEX_POINT('',#1601);
#1601 = CARTESIAN_POINT('',(27.,0.,109.));
#1602 = LINE('',#1603,#1604);
#1603 = CARTESIAN_POINT('',(27.,0.,0.));
#1604 = VECTOR('',#1605,1.);
#1605 = DIRECTION('',(0.,0.,1.));
#1606 = ORIENTED_EDGE('',*,*,#1607,.T.);
#1607 = EDGE_CURVE('',#1600,#1576,#1608,.T.);
#1608 = LINE('',#1609,#1610);
#1609 = CARTESIAN_POINT('',(27.,0.,109.));
#1610 = VECTOR('',#1611,1.);
#1611 = DIRECTION('',(-0.707106781187,0.707106781187,0.));
#1612 = ORIENTED_EDGE('',*,*,#1575,.F.);
#1613 = ORIENTED_EDGE('',*,*,#309,.F.);
#1614 = PLANE('',#1615);
#1615 = AXIS2_PLACEMENT_3D('',#1616,#1617,#1618);
#1616 = CARTESIAN_POINT('',(27.,0.,0.));
#1617 = DIRECTION('',(-0.707106781187,-0.707106781187,0.));
#1618 = DIRECTION('',(-0.707106781187,0.707106781187,0.));
#1619 = ADVANCED_FACE('',(#1620),#1814,.T.);
#1620 = FACE_BOUND('',#1621,.T.);
#1621 = EDGE_LOOP('',(#1622,#1630,#1631,#1632,#1640,#1648,#1656,#1664,
    #1672,#1680,#1688,#1696,#1704,#1712,#1720,#1728,#1736,#1744,#1752,
    #1760,#1768,#1776,#1784,#1792,#1800,#1808));
#1622 = ORIENTED_EDGE('',*,*,#1623,.F.);
#1623 = EDGE_CURVE('',#318,#1624,#1626,.T.);
#1624 = VERTEX_POINT('',#1625);
#1625 = CARTESIAN_POINT('',(270.,0.,100.));
#1626 = LINE('',#1627,#1628);
#1627 = CARTESIAN_POINT('',(270.,0.,0.));
#1628 = VECTOR('',#1629,1.);
#1629 = DIRECTION('',(0.,0.,1.));
#1630 = ORIENTED_EDGE('',*,*,#317,.T.);
#1631 = ORIENTED_EDGE('',*,*,#1599,.T.);
#1632 = ORIENTED_EDGE('',*,*,#1633,.T.);
#1633 = EDGE_CURVE('',#1600,#1634,#1636,.T.);
#1634 = VERTEX_POINT('',#1635);
#1635 = CARTESIAN_POINT('',(50.,0.,109.));
#1636 = LINE('',#1637,#1638);
#1637 = CARTESIAN_POINT('',(28.,0.,109.));
#1638 = VECTOR('',#1639,1.);
#1639 = DIRECTION('',(1.,0.,0.));
#1640 = ORIENTED_EDGE('',*,*,#1641,.F.);
#1641 = EDGE_CURVE('',#1642,#1634,#1644,.T.);
#1642 = VERTEX_POINT('',#1643);
#1643 = CARTESIAN_POINT('',(50.,0.,100.));
#1644 = LINE('',#1645,#1646);
#1645 = CARTESIAN_POINT('',(50.,0.,81.75));
#1646 = VECTOR('',#1647,1.);
#1647 = DIRECTION('',(0.,0.,1.));
#1648 = ORIENTED_EDGE('',*,*,#1649,.T.);
#1649 = EDGE_CURVE('',#1642,#1650,#1652,.T.);
#1650 = VERTEX_POINT('',#1651);
#1651 = CARTESIAN_POINT('',(58.,2.2E-14,100.));
#1652 = LINE('',#1653,#1654);
#1653 = CARTESIAN_POINT('',(132.82759890495,0.,100.));
#1654 = VECTOR('',#1655,1.);
#1655 = DIRECTION('',(1.,0.,0.));
#1656 = ORIENTED_EDGE('',*,*,#1657,.T.);
#1657 = EDGE_CURVE('',#1650,#1658,#1660,.T.);
#1658 = VERTEX_POINT('',#1659);
#1659 = CARTESIAN_POINT('',(58.,1.6E-14,74.));
#1660 = LINE('',#1661,#1662);
#1661 = CARTESIAN_POINT('',(58.,0.,113.));
#1662 = VECTOR('',#1663,1.);
#1663 = DIRECTION('',(0.,0.,-1.));
#1664 = ORIENTED_EDGE('',*,*,#1665,.T.);
#1665 = EDGE_CURVE('',#1658,#1666,#1668,.T.);
#1666 = VERTEX_POINT('',#1667);
#1667 = CARTESIAN_POINT('',(82.,1.6E-14,74.));
#1668 = LINE('',#1669,#1670);
#1669 = CARTESIAN_POINT('',(58.,0.,74.));
#1670 = VECTOR('',#1671,1.);
#1671 = DIRECTION('',(1.,0.,0.));
#1672 = ORIENTED_EDGE('',*,*,#1673,.T.);
#1673 = EDGE_CURVE('',#1666,#1674,#1676,.T.);
#1674 = VERTEX_POINT('',#1675);
#1675 = CARTESIAN_POINT('',(82.,2.2E-14,100.));
#1676 = LINE('',#1677,#1678);
#1677 = CARTESIAN_POINT('',(82.,0.,74.));
#1678 = VECTOR('',#1679,1.);
#1679 = DIRECTION('',(0.,0.,1.));
#1680 = ORIENTED_EDGE('',*,*,#1681,.T.);
#1681 = EDGE_CURVE('',#1674,#1682,#1684,.T.);
#1682 = VERTEX_POINT('',#1683);
#1683 = CARTESIAN_POINT('',(90.,0.,100.));
#1684 = LINE('',#1685,#1686);
#1685 = CARTESIAN_POINT('',(132.82759890495,0.,100.));
#1686 = VECTOR('',#1687,1.);
#1687 = DIRECTION('',(1.,0.,0.));
#1688 = ORIENTED_EDGE('',*,*,#1689,.F.);
#1689 = EDGE_CURVE('',#1690,#1682,#1692,.T.);
#1690 = VERTEX_POINT('',#1691);
#1691 = CARTESIAN_POINT('',(90.,0.,109.));
#1692 = LINE('',#1693,#1694);
#1693 = CARTESIAN_POINT('',(90.,0.,81.75));
#1694 = VECTOR('',#1695,1.);
#1695 = DIRECTION('',(0.,0.,-1.));
#1696 = ORIENTED_EDGE('',*,*,#1697,.T.);
#1697 = EDGE_CURVE('',#1690,#1698,#1700,.T.);
#1698 = VERTEX_POINT('',#1699);
#1699 = CARTESIAN_POINT('',(140.,0.,109.));
#1700 = LINE('',#1701,#1702);
#1701 = CARTESIAN_POINT('',(28.,0.,109.));
#1702 = VECTOR('',#1703,1.);
#1703 = DIRECTION('',(1.,0.,0.));
#1704 = ORIENTED_EDGE('',*,*,#1705,.T.);
#1705 = EDGE_CURVE('',#1698,#1706,#1708,.T.);
#1706 = VERTEX_POINT('',#1707);
#1707 = CARTESIAN_POINT('',(140.,0.,100.));
#1708 = LINE('',#1709,#1710);
#1709 = CARTESIAN_POINT('',(140.,0.,81.75));
#1710 = VECTOR('',#1711,1.);
#1711 = DIRECTION('',(0.,0.,-1.));
#1712 = ORIENTED_EDGE('',*,*,#1713,.T.);
#1713 = EDGE_CURVE('',#1706,#1714,#1716,.T.);
#1714 = VERTEX_POINT('',#1715);
#1715 = CARTESIAN_POINT('',(148.,2.2E-14,100.));
#1716 = LINE('',#1717,#1718);
#1717 = CARTESIAN_POINT('',(132.82759890495,0.,100.));
#1718 = VECTOR('',#1719,1.);
#1719 = DIRECTION('',(1.,0.,0.));
#1720 = ORIENTED_EDGE('',*,*,#1721,.T.);
#1721 = EDGE_CURVE('',#1714,#1722,#1724,.T.);
#1722 = VERTEX_POINT('',#1723);
#1723 = CARTESIAN_POINT('',(148.,1.6E-14,74.));
#1724 = LINE('',#1725,#1726);
#1725 = CARTESIAN_POINT('',(148.,0.,113.));
#1726 = VECTOR('',#1727,1.);
#1727 = DIRECTION('',(0.,0.,-1.));
#1728 = ORIENTED_EDGE('',*,*,#1729,.T.);
#1729 = EDGE_CURVE('',#1722,#1730,#1732,.T.);
#1730 = VERTEX_POINT('',#1731);
#1731 = CARTESIAN_POINT('',(172.,1.6E-14,74.));
#1732 = LINE('',#1733,#1734);
#1733 = CARTESIAN_POINT('',(148.,0.,74.));
#1734 = VECTOR('',#1735,1.);
#1735 = DIRECTION('',(1.,0.,0.));
#1736 = ORIENTED_EDGE('',*,*,#1737,.T.);
#1737 = EDGE_CURVE('',#1730,#1738,#1740,.T.);
#1738 = VERTEX_POINT('',#1739);
#1739 = CARTESIAN_POINT('',(172.,2.2E-14,100.));
#1740 = LINE('',#1741,#1742);
#1741 = CARTESIAN_POINT('',(172.,0.,74.));
#1742 = VECTOR('',#1743,1.);
#1743 = DIRECTION('',(0.,0.,1.));
#1744 = ORIENTED_EDGE('',*,*,#1745,.T.);
#1745 = EDGE_CURVE('',#1738,#1746,#1748,.T.);
#1746 = VERTEX_POINT('',#1747);
#1747 = CARTESIAN_POINT('',(180.000003,0.,100.));
#1748 = LINE('',#1749,#1750);
#1749 = CARTESIAN_POINT('',(132.82759890495,0.,100.));
#1750 = VECTOR('',#1751,1.);
#1751 = DIRECTION('',(1.,0.,0.));
#1752 = ORIENTED_EDGE('',*,*,#1753,.T.);
#1753 = EDGE_CURVE('',#1746,#1754,#1756,.T.);
#1754 = VERTEX_POINT('',#1755);
#1755 = CARTESIAN_POINT('',(180.000003,0.,109.));
#1756 = LINE('',#1757,#1758);
#1757 = CARTESIAN_POINT('',(180.000003,0.,81.75));
#1758 = VECTOR('',#1759,1.);
#1759 = DIRECTION('',(0.,0.,1.));
#1760 = ORIENTED_EDGE('',*,*,#1761,.T.);
#1761 = EDGE_CURVE('',#1754,#1762,#1764,.T.);
#1762 = VERTEX_POINT('',#1763);
#1763 = CARTESIAN_POINT('',(230.000003,0.,109.));
#1764 = LINE('',#1765,#1766);
#1765 = CARTESIAN_POINT('',(28.,0.,109.));
#1766 = VECTOR('',#1767,1.);
#1767 = DIRECTION('',(1.,0.,0.));
#1768 = ORIENTED_EDGE('',*,*,#1769,.F.);
#1769 = EDGE_CURVE('',#1770,#1762,#1772,.T.);
#1770 = VERTEX_POINT('',#1771);
#1771 = CARTESIAN_POINT('',(230.000003,0.,100.));
#1772 = LINE('',#1773,#1774);
#1773 = CARTESIAN_POINT('',(230.000003,0.,81.75));
#1774 = VECTOR('',#1775,1.);
#1775 = DIRECTION('',(0.,0.,1.));
#1776 = ORIENTED_EDGE('',*,*,#1777,.T.);
#1777 = EDGE_CURVE('',#1770,#1778,#1780,.T.);
#1778 = VERTEX_POINT('',#1779);
#1779 = CARTESIAN_POINT('',(238.,2.2E-14,100.));
#1780 = LINE('',#1781,#1782);
#1781 = CARTESIAN_POINT('',(132.82759890495,0.,100.));
#1782 = VECTOR('',#1783,1.);
#1783 = DIRECTION('',(1.,0.,0.));
#1784 = ORIENTED_EDGE('',*,*,#1785,.T.);
#1785 = EDGE_CURVE('',#1778,#1786,#1788,.T.);
#1786 = VERTEX_POINT('',#1787);
#1787 = CARTESIAN_POINT('',(238.,1.6E-14,74.));
#1788 = LINE('',#1789,#1790);
#1789 = CARTESIAN_POINT('',(238.,0.,113.));
#1790 = VECTOR('',#1791,1.);
#1791 = DIRECTION('',(0.,0.,-1.));
#1792 = ORIENTED_EDGE('',*,*,#1793,.T.);
#1793 = EDGE_CURVE('',#1786,#1794,#1796,.T.);
#1794 = VERTEX_POINT('',#1795);
#1795 = CARTESIAN_POINT('',(262.,1.6E-14,74.));
#1796 = LINE('',#1797,#1798);
#1797 = CARTESIAN_POINT('',(238.,0.,74.));
#1798 = VECTOR('',#1799,1.);
#1799 = DIRECTION('',(1.,0.,0.));
#1800 = ORIENTED_EDGE('',*,*,#1801,.T.);
#1801 = EDGE_CURVE('',#1794,#1802,#1804,.T.);
#1802 = VERTEX_POINT('',#1803);
#1803 = CARTESIAN_POINT('',(262.,2.2E-14,100.));
#1804 = LINE('',#1805,#1806);
#1805 = CARTESIAN_POINT('',(262.,0.,74.));
#1806 = VECTOR('',#1807,1.);
#1807 = DIRECTION('',(0.,0.,1.));
#1808 = ORIENTED_EDGE('',*,*,#1809,.T.);
#1809 = EDGE_CURVE('',#1802,#1624,#1810,.T.);
#1810 = LINE('',#1811,#1812);
#1811 = CARTESIAN_POINT('',(132.82759890495,0.,100.));
#1812 = VECTOR('',#1813,1.);
#1813 = DIRECTION('',(1.,0.,0.));
#1814 = PLANE('',#1815);
#1815 = AXIS2_PLACEMENT_3D('',#1816,#1817,#1818);
#1816 = CARTESIAN_POINT('',(148.5,0.,54.5));
#1817 = DIRECTION('',(0.,1.,0.));
#1818 = DIRECTION('',(0.,0.,1.));
#1819 = ADVANCED_FACE('',(#1820),#1846,.T.);
#1820 = FACE_BOUND('',#1821,.T.);
#1821 = EDGE_LOOP('',(#1822,#1823,#1831,#1839,#1845));
#1822 = ORIENTED_EDGE('',*,*,#1623,.T.);
#1823 = ORIENTED_EDGE('',*,*,#1824,.T.);
#1824 = EDGE_CURVE('',#1624,#1825,#1827,.T.);
#1825 = VERTEX_POINT('',#1826);
#1826 = CARTESIAN_POINT('',(270.,0.,109.));
#1827 = LINE('',#1828,#1829);
#1828 = CARTESIAN_POINT('',(270.,0.,0.));
#1829 = VECTOR('',#1830,1.);
#1830 = DIRECTION('',(0.,0.,1.));
#1831 = ORIENTED_EDGE('',*,*,#1832,.T.);
#1832 = EDGE_CURVE('',#1825,#1833,#1835,.T.);
#1833 = VERTEX_POINT('',#1834);
#1834 = CARTESIAN_POINT('',(273.,3.,109.));
#1835 = LINE('',#1836,#1837);
#1836 = CARTESIAN_POINT('',(270.,0.,109.));
#1837 = VECTOR('',#1838,1.);
#1838 = DIRECTION('',(0.707106781187,0.707106781187,0.));
#1839 = ORIENTED_EDGE('',*,*,#1840,.F.);
#1840 = EDGE_CURVE('',#326,#1833,#1841,.T.);
#1841 = LINE('',#1842,#1843);
#1842 = CARTESIAN_POINT('',(273.,3.,0.));
#1843 = VECTOR('',#1844,1.);
#1844 = DIRECTION('',(0.,0.,1.));
#1845 = ORIENTED_EDGE('',*,*,#325,.F.);
#1846 = PLANE('',#1847);
#1847 = AXIS2_PLACEMENT_3D('',#1848,#1849,#1850);
#1848 = CARTESIAN_POINT('',(270.,0.,0.));
#1849 = DIRECTION('',(-0.707106781187,0.707106781187,0.));
#1850 = DIRECTION('',(0.707106781187,0.707106781187,0.));
#1851 = ADVANCED_FACE('',(#1852),#1870,.T.);
#1852 = FACE_BOUND('',#1853,.T.);
#1853 = EDGE_LOOP('',(#1854,#1855,#1863,#1869));
#1854 = ORIENTED_EDGE('',*,*,#1840,.T.);
#1855 = ORIENTED_EDGE('',*,*,#1856,.T.);
#1856 = EDGE_CURVE('',#1833,#1857,#1859,.T.);
#1857 = VERTEX_POINT('',#1858);
#1858 = CARTESIAN_POINT('',(278.,3.,109.));
#1859 = LINE('',#1860,#1861);
#1860 = CARTESIAN_POINT('',(273.,3.,109.));
#1861 = VECTOR('',#1862,1.);
#1862 = DIRECTION('',(1.,0.,0.));
#1863 = ORIENTED_EDGE('',*,*,#1864,.F.);
#1864 = EDGE_CURVE('',#334,#1857,#1865,.T.);
#1865 = LINE('',#1866,#1867);
#1866 = CARTESIAN_POINT('',(278.,3.,0.));
#1867 = VECTOR('',#1868,1.);
#1868 = DIRECTION('',(0.,0.,1.));
#1869 = ORIENTED_EDGE('',*,*,#333,.F.);
#1870 = PLANE('',#1871);
#1871 = AXIS2_PLACEMENT_3D('',#1872,#1873,#1874);
#1872 = CARTESIAN_POINT('',(273.,3.,0.));
#1873 = DIRECTION('',(0.,1.,0.));
#1874 = DIRECTION('',(1.,0.,0.));
#1875 = ADVANCED_FACE('',(#1876),#1894,.T.);
#1876 = FACE_BOUND('',#1877,.T.);
#1877 = EDGE_LOOP('',(#1878,#1879,#1887,#1893));
#1878 = ORIENTED_EDGE('',*,*,#1864,.T.);
#1879 = ORIENTED_EDGE('',*,*,#1880,.T.);
#1880 = EDGE_CURVE('',#1857,#1881,#1883,.T.);
#1881 = VERTEX_POINT('',#1882);
#1882 = CARTESIAN_POINT('',(283.,8.,109.));
#1883 = LINE('',#1884,#1885);
#1884 = CARTESIAN_POINT('',(278.,3.,109.));
#1885 = VECTOR('',#1886,1.);
#1886 = DIRECTION('',(0.707106781187,0.707106781187,0.));
#1887 = ORIENTED_EDGE('',*,*,#1888,.F.);
#1888 = EDGE_CURVE('',#342,#1881,#1889,.T.);
#1889 = LINE('',#1890,#1891);
#1890 = CARTESIAN_POINT('',(283.,8.,0.));
#1891 = VECTOR('',#1892,1.);
#1892 = DIRECTION('',(0.,0.,1.));
#1893 = ORIENTED_EDGE('',*,*,#341,.F.);
#1894 = PLANE('',#1895);
#1895 = AXIS2_PLACEMENT_3D('',#1896,#1897,#1898);
#1896 = CARTESIAN_POINT('',(278.,3.,0.));
#1897 = DIRECTION('',(-0.707106781187,0.707106781187,0.));
#1898 = DIRECTION('',(0.707106781187,0.707106781187,0.));
#1899 = ADVANCED_FACE('',(#1900),#1918,.F.);
#1900 = FACE_BOUND('',#1901,.F.);
#1901 = EDGE_LOOP('',(#1902,#1910,#1916,#1917));
#1902 = ORIENTED_EDGE('',*,*,#1903,.T.);
#1903 = EDGE_CURVE('',#350,#1904,#1906,.T.);
#1904 = VERTEX_POINT('',#1905);
#1905 = CARTESIAN_POINT('',(283.,13.,109.));
#1906 = LINE('',#1907,#1908);
#1907 = CARTESIAN_POINT('',(283.,13.,0.));
#1908 = VECTOR('',#1909,1.);
#1909 = DIRECTION('',(0.,0.,1.));
#1910 = ORIENTED_EDGE('',*,*,#1911,.T.);
#1911 = EDGE_CURVE('',#1904,#1881,#1912,.T.);
#1912 = LINE('',#1913,#1914);
#1913 = CARTESIAN_POINT('',(283.,13.,109.));
#1914 = VECTOR('',#1915,1.);
#1915 = DIRECTION('',(0.,-1.,0.));
#1916 = ORIENTED_EDGE('',*,*,#1888,.F.);
#1917 = ORIENTED_EDGE('',*,*,#349,.F.);
#1918 = PLANE('',#1919);
#1919 = AXIS2_PLACEMENT_3D('',#1920,#1921,#1922);
#1920 = CARTESIAN_POINT('',(283.,13.,0.));
#1921 = DIRECTION('',(1.,0.,0.));
#1922 = DIRECTION('',(0.,-1.,0.));
#1923 = ADVANCED_FACE('',(#1924),#1942,.F.);
#1924 = FACE_BOUND('',#1925,.F.);
#1925 = EDGE_LOOP('',(#1926,#1934,#1940,#1941));
#1926 = ORIENTED_EDGE('',*,*,#1927,.T.);
#1927 = EDGE_CURVE('',#358,#1928,#1930,.T.);
#1928 = VERTEX_POINT('',#1929);
#1929 = CARTESIAN_POINT('',(285.,15.,109.));
#1930 = LINE('',#1931,#1932);
#1931 = CARTESIAN_POINT('',(285.,15.,0.));
#1932 = VECTOR('',#1933,1.);
#1933 = DIRECTION('',(0.,0.,1.));
#1934 = ORIENTED_EDGE('',*,*,#1935,.T.);
#1935 = EDGE_CURVE('',#1928,#1904,#1936,.T.);
#1936 = LINE('',#1937,#1938);
#1937 = CARTESIAN_POINT('',(285.,15.,109.));
#1938 = VECTOR('',#1939,1.);
#1939 = DIRECTION('',(-0.707106781187,-0.707106781187,0.));
#1940 = ORIENTED_EDGE('',*,*,#1903,.F.);
#1941 = ORIENTED_EDGE('',*,*,#357,.F.);
#1942 = PLANE('',#1943);
#1943 = AXIS2_PLACEMENT_3D('',#1944,#1945,#1946);
#1944 = CARTESIAN_POINT('',(285.,15.,0.));
#1945 = DIRECTION('',(0.707106781187,-0.707106781187,0.));
#1946 = DIRECTION('',(-0.707106781187,-0.707106781187,0.));
#1947 = ADVANCED_FACE('',(#1948),#1966,.F.);
#1948 = FACE_BOUND('',#1949,.F.);
#1949 = EDGE_LOOP('',(#1950,#1958,#1964,#1965));
#1950 = ORIENTED_EDGE('',*,*,#1951,.T.);
#1951 = EDGE_CURVE('',#366,#1952,#1954,.T.);
#1952 = VERTEX_POINT('',#1953);
#1953 = CARTESIAN_POINT('',(293.,15.,109.));
#1954 = LINE('',#1955,#1956);
#1955 = CARTESIAN_POINT('',(293.,15.,0.));
#1956 = VECTOR('',#1957,1.);
#1957 = DIRECTION('',(0.,0.,1.));
#1958 = ORIENTED_EDGE('',*,*,#1959,.T.);
#1959 = EDGE_CURVE('',#1952,#1928,#1960,.T.);
#1960 = LINE('',#1961,#1962);
#1961 = CARTESIAN_POINT('',(293.,15.,109.));
#1962 = VECTOR('',#1963,1.);
#1963 = DIRECTION('',(-1.,0.,0.));
#1964 = ORIENTED_EDGE('',*,*,#1927,.F.);
#1965 = ORIENTED_EDGE('',*,*,#365,.F.);
#1966 = PLANE('',#1967);
#1967 = AXIS2_PLACEMENT_3D('',#1968,#1969,#1970);
#1968 = CARTESIAN_POINT('',(293.,15.,0.));
#1969 = DIRECTION('',(0.,-1.,0.));
#1970 = DIRECTION('',(-1.,0.,0.));
#1971 = ADVANCED_FACE('',(#1972),#1990,.F.);
#1972 = FACE_BOUND('',#1973,.F.);
#1973 = EDGE_LOOP('',(#1974,#1982,#1988,#1989));
#1974 = ORIENTED_EDGE('',*,*,#1975,.T.);
#1975 = EDGE_CURVE('',#374,#1976,#1978,.T.);
#1976 = VERTEX_POINT('',#1977);
#1977 = CARTESIAN_POINT('',(301.,23.,109.));
#1978 = LINE('',#1979,#1980);
#1979 = CARTESIAN_POINT('',(301.,23.,0.));
#1980 = VECTOR('',#1981,1.);
#1981 = DIRECTION('',(0.,0.,1.));
#1982 = ORIENTED_EDGE('',*,*,#1983,.T.);
#1983 = EDGE_CURVE('',#1976,#1952,#1984,.T.);
#1984 = LINE('',#1985,#1986);
#1985 = CARTESIAN_POINT('',(301.,23.,109.));
#1986 = VECTOR('',#1987,1.);
#1987 = DIRECTION('',(-0.707106781187,-0.707106781187,0.));
#1988 = ORIENTED_EDGE('',*,*,#1951,.F.);
#1989 = ORIENTED_EDGE('',*,*,#373,.F.);
#1990 = PLANE('',#1991);
#1991 = AXIS2_PLACEMENT_3D('',#1992,#1993,#1994);
#1992 = CARTESIAN_POINT('',(301.,23.,0.));
#1993 = DIRECTION('',(0.707106781187,-0.707106781187,0.));
#1994 = DIRECTION('',(-0.707106781187,-0.707106781187,0.));
#1995 = ADVANCED_FACE('',(#1996),#2030,.F.);
#1996 = FACE_BOUND('',#1997,.F.);
#1997 = EDGE_LOOP('',(#1998,#1999,#2007,#2015,#2023,#2029));
#1998 = ORIENTED_EDGE('',*,*,#381,.F.);
#1999 = ORIENTED_EDGE('',*,*,#2000,.T.);
#2000 = EDGE_CURVE('',#382,#2001,#2003,.T.);
#2001 = VERTEX_POINT('',#2002);
#2002 = CARTESIAN_POINT('',(301.,130.,95.5));
#2003 = LINE('',#2004,#2005);
#2004 = CARTESIAN_POINT('',(301.,130.,0.));
#2005 = VECTOR('',#2006,1.);
#2006 = DIRECTION('',(0.,0.,1.));
#2007 = ORIENTED_EDGE('',*,*,#2008,.T.);
#2008 = EDGE_CURVE('',#2001,#2009,#2011,.T.);
#2009 = VERTEX_POINT('',#2010);
#2010 = CARTESIAN_POINT('',(301.,114.,95.5));
#2011 = LINE('',#2012,#2013);
#2012 = CARTESIAN_POINT('',(301.,123.,95.5));
#2013 = VECTOR('',#2014,1.);
#2014 = DIRECTION('',(0.,-1.,0.));
#2015 = ORIENTED_EDGE('',*,*,#2016,.F.);
#2016 = EDGE_CURVE('',#2017,#2009,#2019,.T.);
#2017 = VERTEX_POINT('',#2018);
#2018 = CARTESIAN_POINT('',(301.,114.,109.));
#2019 = LINE('',#2020,#2021);
#2020 = CARTESIAN_POINT('',(301.,114.,47.75));
#2021 = VECTOR('',#2022,1.);
#2022 = DIRECTION('',(0.,0.,-1.));
#2023 = ORIENTED_EDGE('',*,*,#2024,.T.);
#2024 = EDGE_CURVE('',#2017,#1976,#2025,.T.);
#2025 = LINE('',#2026,#2027);
#2026 = CARTESIAN_POINT('',(301.,130.,109.));
#2027 = VECTOR('',#2028,1.);
#2028 = DIRECTION('',(0.,-1.,0.));
#2029 = ORIENTED_EDGE('',*,*,#1975,.F.);
#2030 = PLANE('',#2031);
#2031 = AXIS2_PLACEMENT_3D('',#2032,#2033,#2034);
#2032 = CARTESIAN_POINT('',(301.,130.,0.));
#2033 = DIRECTION('',(1.,0.,0.));
#2034 = DIRECTION('',(0.,-1.,0.));
#2035 = ADVANCED_FACE('',(#2036),#2054,.F.);
#2036 = FACE_BOUND('',#2037,.F.);
#2037 = EDGE_LOOP('',(#2038,#2039,#2047,#2053));
#2038 = ORIENTED_EDGE('',*,*,#389,.F.);
#2039 = ORIENTED_EDGE('',*,*,#2040,.T.);
#2040 = EDGE_CURVE('',#390,#2041,#2043,.T.);
#2041 = VERTEX_POINT('',#2042);
#2042 = CARTESIAN_POINT('',(281.,150.,95.5));
#2043 = LINE('',#2044,#2045);
#2044 = CARTESIAN_POINT('',(281.,150.,0.));
#2045 = VECTOR('',#2046,1.);
#2046 = DIRECTION('',(0.,0.,1.));
#2047 = ORIENTED_EDGE('',*,*,#2048,.T.);
#2048 = EDGE_CURVE('',#2041,#2001,#2049,.T.);
#2049 = LINE('',#2050,#2051);
#2050 = CARTESIAN_POINT('',(250.00195931489,180.9980406851,95.5));
#2051 = VECTOR('',#2052,1.);
#2052 = DIRECTION('',(0.707106781187,-0.707106781187,0.));
#2053 = ORIENTED_EDGE('',*,*,#2000,.F.);
#2054 = PLANE('',#2055);
#2055 = AXIS2_PLACEMENT_3D('',#2056,#2057,#2058);
#2056 = CARTESIAN_POINT('',(281.,150.,0.));
#2057 = DIRECTION('',(0.707106781187,0.707106781187,0.));
#2058 = DIRECTION('',(0.707106781187,-0.707106781187,0.));
#2059 = ADVANCED_FACE('',(#2060),#2078,.F.);
#2060 = FACE_BOUND('',#2061,.F.);
#2061 = EDGE_LOOP('',(#2062,#2063,#2071,#2077));
#2062 = ORIENTED_EDGE('',*,*,#397,.F.);
#2063 = ORIENTED_EDGE('',*,*,#2064,.T.);
#2064 = EDGE_CURVE('',#398,#2065,#2067,.T.);
#2065 = VERTEX_POINT('',#2066);
#2066 = CARTESIAN_POINT('',(281.,158.,95.5));
#2067 = LINE('',#2068,#2069);
#2068 = CARTESIAN_POINT('',(281.,158.,0.));
#2069 = VECTOR('',#2070,1.);
#2070 = DIRECTION('',(0.,0.,1.));
#2071 = ORIENTED_EDGE('',*,*,#2072,.T.);
#2072 = EDGE_CURVE('',#2065,#2041,#2073,.T.);
#2073 = LINE('',#2074,#2075);
#2074 = CARTESIAN_POINT('',(281.,149.27614544403,95.5));
#2075 = VECTOR('',#2076,1.);
#2076 = DIRECTION('',(0.,-1.,0.));
#2077 = ORIENTED_EDGE('',*,*,#2040,.F.);
#2078 = PLANE('',#2079);
#2079 = AXIS2_PLACEMENT_3D('',#2080,#2081,#2082);
#2080 = CARTESIAN_POINT('',(281.,158.,0.));
#2081 = DIRECTION('',(1.,0.,0.));
#2082 = DIRECTION('',(0.,-1.,0.));
#2083 = ADVANCED_FACE('',(#2084),#2095,.F.);
#2084 = FACE_BOUND('',#2085,.F.);
#2085 = EDGE_LOOP('',(#2086,#2087,#2088,#2094));
#2086 = ORIENTED_EDGE('',*,*,#405,.F.);
#2087 = ORIENTED_EDGE('',*,*,#1257,.T.);
#2088 = ORIENTED_EDGE('',*,*,#2089,.T.);
#2089 = EDGE_CURVE('',#1258,#2065,#2090,.T.);
#2090 = LINE('',#2091,#2092);
#2091 = CARTESIAN_POINT('',(250.00195931489,188.9980406851,95.5));
#2092 = VECTOR('',#2093,1.);
#2093 = DIRECTION('',(0.707106781187,-0.707106781187,0.));
#2094 = ORIENTED_EDGE('',*,*,#2064,.F.);
#2095 = PLANE('',#2096);
#2096 = AXIS2_PLACEMENT_3D('',#2097,#2098,#2099);
#2097 = CARTESIAN_POINT('',(277.,162.,0.));
#2098 = DIRECTION('',(0.707106781187,0.707106781187,0.));
#2099 = DIRECTION('',(0.707106781187,-0.707106781187,0.));
#2100 = ADVANCED_FACE('',(#2101,#2285,#2296,#2307,#2318),#2329,.T.);
#2101 = FACE_BOUND('',#2102,.T.);
#2102 = EDGE_LOOP('',(#2103,#2104,#2105,#2106,#2107,#2115,#2123,#2131,
    #2139,#2147,#2155,#2163,#2171,#2179,#2187,#2196,#2204,#2211,#2212,
    #2213,#2214,#2222,#2230,#2236,#2237,#2245,#2253,#2259,#2260,#2268,
    #2276,#2282,#2283,#2284));
#2103 = ORIENTED_EDGE('',*,*,#419,.F.);
#2104 = ORIENTED_EDGE('',*,*,#1241,.T.);
#2105 = ORIENTED_EDGE('',*,*,#1224,.T.);
#2106 = ORIENTED_EDGE('',*,*,#1192,.T.);
#2107 = ORIENTED_EDGE('',*,*,#2108,.F.);
#2108 = EDGE_CURVE('',#2109,#1185,#2111,.T.);
#2109 = VERTEX_POINT('',#2110);
#2110 = CARTESIAN_POINT('',(-9.000001,118.,114.));
#2111 = LINE('',#2112,#2113);
#2112 = CARTESIAN_POINT('',(165.33255563427,118.,114.));
#2113 = VECTOR('',#2114,1.);
#2114 = DIRECTION('',(1.,0.,0.));
#2115 = ORIENTED_EDGE('',*,*,#2116,.T.);
#2116 = EDGE_CURVE('',#2109,#2117,#2119,.T.);
#2117 = VERTEX_POINT('',#2118);
#2118 = CARTESIAN_POINT('',(-9.000001,98.,114.));
#2119 = LINE('',#2120,#2121);
#2120 = CARTESIAN_POINT('',(-9.000001,150.,114.));
#2121 = VECTOR('',#2122,1.);
#2122 = DIRECTION('',(0.,-1.,0.));
#2123 = ORIENTED_EDGE('',*,*,#2124,.T.);
#2124 = EDGE_CURVE('',#2117,#2125,#2127,.T.);
#2125 = VERTEX_POINT('',#2126);
#2126 = CARTESIAN_POINT('',(9.1,98.,114.));
#2127 = LINE('',#2128,#2129);
#2128 = CARTESIAN_POINT('',(-9.000001,98.,114.));
#2129 = VECTOR('',#2130,1.);
#2130 = DIRECTION('',(1.,0.,0.));
#2131 = ORIENTED_EDGE('',*,*,#2132,.T.);
#2132 = EDGE_CURVE('',#2125,#2133,#2135,.T.);
#2133 = VERTEX_POINT('',#2134);
#2134 = CARTESIAN_POINT('',(9.1,76.000001,114.));
#2135 = LINE('',#2136,#2137);
#2136 = CARTESIAN_POINT('',(9.1,98.,114.));
#2137 = VECTOR('',#2138,1.);
#2138 = DIRECTION('',(0.,-1.,0.));
#2139 = ORIENTED_EDGE('',*,*,#2140,.T.);
#2140 = EDGE_CURVE('',#2133,#2141,#2143,.T.);
#2141 = VERTEX_POINT('',#2142);
#2142 = CARTESIAN_POINT('',(-2.,76.000001,114.));
#2143 = LINE('',#2144,#2145);
#2144 = CARTESIAN_POINT('',(9.1,76.000001,114.));
#2145 = VECTOR('',#2146,1.);
#2146 = DIRECTION('',(-1.,0.,0.));
#2147 = ORIENTED_EDGE('',*,*,#2148,.T.);
#2148 = EDGE_CURVE('',#2141,#2149,#2151,.T.);
#2149 = VERTEX_POINT('',#2150);
#2150 = CARTESIAN_POINT('',(-2.,72.,114.));
#2151 = LINE('',#2152,#2153);
#2152 = CARTESIAN_POINT('',(-2.,76.000001,114.));
#2153 = VECTOR('',#2154,1.);
#2154 = DIRECTION('',(0.,-1.,0.));
#2155 = ORIENTED_EDGE('',*,*,#2156,.T.);
#2156 = EDGE_CURVE('',#2149,#2157,#2159,.T.);
#2157 = VERTEX_POINT('',#2158);
#2158 = CARTESIAN_POINT('',(9.1,72.,114.));
#2159 = LINE('',#2160,#2161);
#2160 = CARTESIAN_POINT('',(-2.,72.,114.));
#2161 = VECTOR('',#2162,1.);
#2162 = DIRECTION('',(1.,0.,0.));
#2163 = ORIENTED_EDGE('',*,*,#2164,.T.);
#2164 = EDGE_CURVE('',#2157,#2165,#2167,.T.);
#2165 = VERTEX_POINT('',#2166);
#2166 = CARTESIAN_POINT('',(9.1,50.000001,114.));
#2167 = LINE('',#2168,#2169);
#2168 = CARTESIAN_POINT('',(9.1,72.,114.));
#2169 = VECTOR('',#2170,1.);
#2170 = DIRECTION('',(0.,-1.,0.));
#2171 = ORIENTED_EDGE('',*,*,#2172,.T.);
#2172 = EDGE_CURVE('',#2165,#2173,#2175,.T.);
#2173 = VERTEX_POINT('',#2174);
#2174 = CARTESIAN_POINT('',(-9.000001179445,50.000001,114.));
#2175 = LINE('',#2176,#2177);
#2176 = CARTESIAN_POINT('',(9.1,50.000001,114.));
#2177 = VECTOR('',#2178,1.);
#2178 = DIRECTION('',(-1.,0.,0.));
#2179 = ORIENTED_EDGE('',*,*,#2180,.T.);
#2180 = EDGE_CURVE('',#2173,#2181,#2183,.T.);
#2181 = VERTEX_POINT('',#2182);
#2182 = CARTESIAN_POINT('',(-9.000001179445,14.999997960767,114.));
#2183 = LINE('',#2184,#2185);
#2184 = CARTESIAN_POINT('',(-9.000001179445,50.000001,114.));
#2185 = VECTOR('',#2186,1.);
#2186 = DIRECTION('',(0.,-1.,0.));
#2187 = ORIENTED_EDGE('',*,*,#2188,.T.);
#2188 = EDGE_CURVE('',#2181,#2189,#2191,.T.);
#2189 = VERTEX_POINT('',#2190);
#2190 = CARTESIAN_POINT('',(-6.000001941156,11.999999820554,114.));
#2191 = CIRCLE('',#2192,3.000002179448);
#2192 = AXIS2_PLACEMENT_3D('',#2193,#2194,#2195);
#2193 = CARTESIAN_POINT('',(-5.999999,15.000002,114.));
#2194 = DIRECTION('',(0.,0.,1.));
#2195 = DIRECTION('',(1.,0.,0.));
#2196 = ORIENTED_EDGE('',*,*,#2197,.F.);
#2197 = EDGE_CURVE('',#2198,#2189,#2200,.T.);
#2198 = VERTEX_POINT('',#2199);
#2199 = CARTESIAN_POINT('',(6.999998901923,11.999999820554,114.));
#2200 = LINE('',#2201,#2202);
#2201 = CARTESIAN_POINT('',(6.999998901923,11.999999820554,114.));
#2202 = VECTOR('',#2203,1.);
#2203 = DIRECTION('',(-1.,0.,0.));
#2204 = ORIENTED_EDGE('',*,*,#2205,.F.);
#2205 = EDGE_CURVE('',#656,#2198,#2206,.T.);
#2206 = CIRCLE('',#2207,2.999999820554);
#2207 = AXIS2_PLACEMENT_3D('',#2208,#2209,#2210);
#2208 = CARTESIAN_POINT('',(7.000000179446,9.,114.));
#2209 = DIRECTION('',(0.,0.,1.));
#2210 = DIRECTION('',(1.,0.,0.));
#2211 = ORIENTED_EDGE('',*,*,#655,.T.);
#2212 = ORIENTED_EDGE('',*,*,#630,.T.);
#2213 = ORIENTED_EDGE('',*,*,#598,.T.);
#2214 = ORIENTED_EDGE('',*,*,#2215,.T.);
#2215 = EDGE_CURVE('',#591,#2216,#2218,.T.);
#2216 = VERTEX_POINT('',#2217);
#2217 = CARTESIAN_POINT('',(58.,16.,114.));
#2218 = LINE('',#2219,#2220);
#2219 = CARTESIAN_POINT('',(58.,-2.,114.));
#2220 = VECTOR('',#2221,1.);
#2221 = DIRECTION('',(0.,1.,0.));
#2222 = ORIENTED_EDGE('',*,*,#2223,.T.);
#2223 = EDGE_CURVE('',#2216,#2224,#2226,.T.);
#2224 = VERTEX_POINT('',#2225);
#2225 = CARTESIAN_POINT('',(82.,16.,114.));
#2226 = LINE('',#2227,#2228);
#2227 = CARTESIAN_POINT('',(58.,16.,114.));
#2228 = VECTOR('',#2229,1.);
#2229 = DIRECTION('',(1.,0.,0.));
#2230 = ORIENTED_EDGE('',*,*,#2231,.T.);
#2231 = EDGE_CURVE('',#2224,#567,#2232,.T.);
#2232 = LINE('',#2233,#2234);
#2233 = CARTESIAN_POINT('',(82.,16.,114.));
#2234 = VECTOR('',#2235,1.);
#2235 = DIRECTION('',(0.,-1.,0.));
#2236 = ORIENTED_EDGE('',*,*,#566,.T.);
#2237 = ORIENTED_EDGE('',*,*,#2238,.T.);
#2238 = EDGE_CURVE('',#559,#2239,#2241,.T.);
#2239 = VERTEX_POINT('',#2240);
#2240 = CARTESIAN_POINT('',(148.,16.,114.));
#2241 = LINE('',#2242,#2243);
#2242 = CARTESIAN_POINT('',(148.,-2.,114.));
#2243 = VECTOR('',#2244,1.);
#2244 = DIRECTION('',(0.,1.,0.));
#2245 = ORIENTED_EDGE('',*,*,#2246,.T.);
#2246 = EDGE_CURVE('',#2239,#2247,#2249,.T.);
#2247 = VERTEX_POINT('',#2248);
#2248 = CARTESIAN_POINT('',(172.,16.,114.));
#2249 = LINE('',#2250,#2251);
#2250 = CARTESIAN_POINT('',(148.,16.,114.));
#2251 = VECTOR('',#2252,1.);
#2252 = DIRECTION('',(1.,0.,0.));
#2253 = ORIENTED_EDGE('',*,*,#2254,.T.);
#2254 = EDGE_CURVE('',#2247,#535,#2255,.T.);
#2255 = LINE('',#2256,#2257);
#2256 = CARTESIAN_POINT('',(172.,16.,114.));
#2257 = VECTOR('',#2258,1.);
#2258 = DIRECTION('',(0.,-1.,0.));
#2259 = ORIENTED_EDGE('',*,*,#534,.T.);
#2260 = ORIENTED_EDGE('',*,*,#2261,.T.);
#2261 = EDGE_CURVE('',#527,#2262,#2264,.T.);
#2262 = VERTEX_POINT('',#2263);
#2263 = CARTESIAN_POINT('',(238.,16.,114.));
#2264 = LINE('',#2265,#2266);
#2265 = CARTESIAN_POINT('',(238.,-2.,114.));
#2266 = VECTOR('',#2267,1.);
#2267 = DIRECTION('',(0.,1.,0.));
#2268 = ORIENTED_EDGE('',*,*,#2269,.T.);
#2269 = EDGE_CURVE('',#2262,#2270,#2272,.T.);
#2270 = VERTEX_POINT('',#2271);
#2271 = CARTESIAN_POINT('',(262.,16.,114.));
#2272 = LINE('',#2273,#2274);
#2273 = CARTESIAN_POINT('',(238.,16.,114.));
#2274 = VECTOR('',#2275,1.);
#2275 = DIRECTION('',(1.,0.,0.));
#2276 = ORIENTED_EDGE('',*,*,#2277,.T.);
#2277 = EDGE_CURVE('',#2270,#503,#2278,.T.);
#2278 = LINE('',#2279,#2280);
#2279 = CARTESIAN_POINT('',(262.,16.,114.));
#2280 = VECTOR('',#2281,1.);
#2281 = DIRECTION('',(0.,-1.,0.));
#2282 = ORIENTED_EDGE('',*,*,#502,.T.);
#2283 = ORIENTED_EDGE('',*,*,#485,.T.);
#2284 = ORIENTED_EDGE('',*,*,#452,.F.);
#2285 = FACE_BOUND('',#2286,.T.);
#2286 = EDGE_LOOP('',(#2287));
#2287 = ORIENTED_EDGE('',*,*,#2288,.F.);
#2288 = EDGE_CURVE('',#2289,#2289,#2291,.T.);
#2289 = VERTEX_POINT('',#2290);
#2290 = CARTESIAN_POINT('',(56.,22.,114.));
#2291 = CIRCLE('',#2292,5.);
#2292 = AXIS2_PLACEMENT_3D('',#2293,#2294,#2295);
#2293 = CARTESIAN_POINT('',(51.,22.,114.));
#2294 = DIRECTION('',(0.,0.,1.));
#2295 = DIRECTION('',(1.,0.,0.));
#2296 = FACE_BOUND('',#2297,.T.);
#2297 = EDGE_LOOP('',(#2298));
#2298 = ORIENTED_EDGE('',*,*,#2299,.F.);
#2299 = EDGE_CURVE('',#2300,#2300,#2302,.T.);
#2300 = VERTEX_POINT('',#2301);
#2301 = CARTESIAN_POINT('',(293.,23.,114.));
#2302 = CIRCLE('',#2303,5.);
#2303 = AXIS2_PLACEMENT_3D('',#2304,#2305,#2306);
#2304 = CARTESIAN_POINT('',(288.,23.,114.));
#2305 = DIRECTION('',(0.,0.,1.));
#2306 = DIRECTION('',(1.,0.,0.));
#2307 = FACE_BOUND('',#2308,.T.);
#2308 = EDGE_LOOP('',(#2309));
#2309 = ORIENTED_EDGE('',*,*,#2310,.F.);
#2310 = EDGE_CURVE('',#2311,#2311,#2313,.T.);
#2311 = VERTEX_POINT('',#2312);
#2312 = CARTESIAN_POINT('',(202.,38.,114.));
#2313 = CIRCLE('',#2314,5.);
#2314 = AXIS2_PLACEMENT_3D('',#2315,#2316,#2317);
#2315 = CARTESIAN_POINT('',(197.,38.,114.));
#2316 = DIRECTION('',(0.,0.,1.));
#2317 = DIRECTION('',(1.,0.,0.));
#2318 = FACE_BOUND('',#2319,.T.);
#2319 = EDGE_LOOP('',(#2320));
#2320 = ORIENTED_EDGE('',*,*,#2321,.F.);
#2321 = EDGE_CURVE('',#2322,#2322,#2324,.T.);
#2322 = VERTEX_POINT('',#2323);
#2323 = CARTESIAN_POINT('',(36.,89.,114.));
#2324 = CIRCLE('',#2325,5.);
#2325 = AXIS2_PLACEMENT_3D('',#2326,#2327,#2328);
#2326 = CARTESIAN_POINT('',(31.,89.,114.));
#2327 = DIRECTION('',(0.,0.,1.));
#2328 = DIRECTION('',(1.,0.,0.));
#2329 = PLANE('',#2330);
#2330 = AXIS2_PLACEMENT_3D('',#2331,#2332,#2333);
#2331 = CARTESIAN_POINT('',(142.66511126854,75.923103827838,114.));
#2332 = DIRECTION('',(0.,0.,1.));
#2333 = DIRECTION('',(1.,0.,0.));
#2334 = ADVANCED_FACE('',(#2335),#2360,.T.);
#2335 = FACE_BOUND('',#2336,.T.);
#2336 = EDGE_LOOP('',(#2337,#2338,#2344,#2345,#2346,#2354));
#2337 = ORIENTED_EDGE('',*,*,#1801,.F.);
#2338 = ORIENTED_EDGE('',*,*,#2339,.T.);
#2339 = EDGE_CURVE('',#1794,#511,#2340,.T.);
#2340 = LINE('',#2341,#2342);
#2341 = CARTESIAN_POINT('',(262.,1.643E-14,74.));
#2342 = VECTOR('',#2343,1.);
#2343 = DIRECTION('',(0.,-1.,2.2E-16));
#2344 = ORIENTED_EDGE('',*,*,#510,.T.);
#2345 = ORIENTED_EDGE('',*,*,#2277,.F.);
#2346 = ORIENTED_EDGE('',*,*,#2347,.F.);
#2347 = EDGE_CURVE('',#2348,#2270,#2350,.T.);
#2348 = VERTEX_POINT('',#2349);
#2349 = CARTESIAN_POINT('',(262.,16.,100.));
#2350 = LINE('',#2351,#2352);
#2351 = CARTESIAN_POINT('',(262.,16.,109.));
#2352 = VECTOR('',#2353,1.);
#2353 = DIRECTION('',(0.,0.,1.));
#2354 = ORIENTED_EDGE('',*,*,#2355,.T.);
#2355 = EDGE_CURVE('',#2348,#1802,#2356,.T.);
#2356 = LINE('',#2357,#2358);
#2357 = CARTESIAN_POINT('',(262.,16.,100.));
#2358 = VECTOR('',#2359,1.);
#2359 = DIRECTION('',(0.,-1.,0.));
#2360 = PLANE('',#2361);
#2361 = AXIS2_PLACEMENT_3D('',#2362,#2363,#2364);
#2362 = CARTESIAN_POINT('',(262.,3.413793103494,97.586206896752));
#2363 = DIRECTION('',(-1.,-0.,-0.));
#2364 = DIRECTION('',(0.,0.,-1.));
#2365 = ADVANCED_FACE('',(#2366),#2377,.T.);
#2366 = FACE_BOUND('',#2367,.T.);
#2367 = EDGE_LOOP('',(#2368,#2369,#2375,#2376));
#2368 = ORIENTED_EDGE('',*,*,#1793,.F.);
#2369 = ORIENTED_EDGE('',*,*,#2370,.T.);
#2370 = EDGE_CURVE('',#1786,#519,#2371,.T.);
#2371 = LINE('',#2372,#2373);
#2372 = CARTESIAN_POINT('',(238.,1.643E-14,74.));
#2373 = VECTOR('',#2374,1.);
#2374 = DIRECTION('',(0.,-1.,2.2E-16));
#2375 = ORIENTED_EDGE('',*,*,#518,.F.);
#2376 = ORIENTED_EDGE('',*,*,#2339,.F.);
#2377 = PLANE('',#2378);
#2378 = AXIS2_PLACEMENT_3D('',#2379,#2380,#2381);
#2379 = CARTESIAN_POINT('',(238.,1.643E-14,74.));
#2380 = DIRECTION('',(0.,2.2E-16,1.));
#2381 = DIRECTION('',(1.,0.,0.));
#2382 = ADVANCED_FACE('',(#2383),#2403,.T.);
#2383 = FACE_BOUND('',#2384,.T.);
#2384 = EDGE_LOOP('',(#2385,#2386,#2394,#2400,#2401,#2402));
#2385 = ORIENTED_EDGE('',*,*,#1785,.F.);
#2386 = ORIENTED_EDGE('',*,*,#2387,.T.);
#2387 = EDGE_CURVE('',#1778,#2388,#2390,.T.);
#2388 = VERTEX_POINT('',#2389);
#2389 = CARTESIAN_POINT('',(238.,16.,100.));
#2390 = LINE('',#2391,#2392);
#2391 = CARTESIAN_POINT('',(238.,-1.,100.));
#2392 = VECTOR('',#2393,1.);
#2393 = DIRECTION('',(0.,1.,0.));
#2394 = ORIENTED_EDGE('',*,*,#2395,.F.);
#2395 = EDGE_CURVE('',#2262,#2388,#2396,.T.);
#2396 = LINE('',#2397,#2398);
#2397 = CARTESIAN_POINT('',(238.,16.,109.));
#2398 = VECTOR('',#2399,1.);
#2399 = DIRECTION('',(-0.,-0.,-1.));
#2400 = ORIENTED_EDGE('',*,*,#2261,.F.);
#2401 = ORIENTED_EDGE('',*,*,#526,.F.);
#2402 = ORIENTED_EDGE('',*,*,#2370,.F.);
#2403 = PLANE('',#2404);
#2404 = AXIS2_PLACEMENT_3D('',#2405,#2406,#2407);
#2405 = CARTESIAN_POINT('',(238.,3.413793103834,97.586206896752));
#2406 = DIRECTION('',(1.,0.,0.));
#2407 = DIRECTION('',(0.,0.,1.));
#2408 = ADVANCED_FACE('',(#2409),#2434,.T.);
#2409 = FACE_BOUND('',#2410,.T.);
#2410 = EDGE_LOOP('',(#2411,#2412,#2418,#2419,#2420,#2428));
#2411 = ORIENTED_EDGE('',*,*,#1737,.F.);
#2412 = ORIENTED_EDGE('',*,*,#2413,.T.);
#2413 = EDGE_CURVE('',#1730,#543,#2414,.T.);
#2414 = LINE('',#2415,#2416);
#2415 = CARTESIAN_POINT('',(172.,1.643E-14,74.));
#2416 = VECTOR('',#2417,1.);
#2417 = DIRECTION('',(0.,-1.,2.2E-16));
#2418 = ORIENTED_EDGE('',*,*,#542,.T.);
#2419 = ORIENTED_EDGE('',*,*,#2254,.F.);
#2420 = ORIENTED_EDGE('',*,*,#2421,.F.);
#2421 = EDGE_CURVE('',#2422,#2247,#2424,.T.);
#2422 = VERTEX_POINT('',#2423);
#2423 = CARTESIAN_POINT('',(172.,16.,100.));
#2424 = LINE('',#2425,#2426);
#2425 = CARTESIAN_POINT('',(172.,16.,109.));
#2426 = VECTOR('',#2427,1.);
#2427 = DIRECTION('',(0.,0.,1.));
#2428 = ORIENTED_EDGE('',*,*,#2429,.F.);
#2429 = EDGE_CURVE('',#1738,#2422,#2430,.T.);
#2430 = LINE('',#2431,#2432);
#2431 = CARTESIAN_POINT('',(172.,-1.,100.));
#2432 = VECTOR('',#2433,1.);
#2433 = DIRECTION('',(0.,1.,0.));
#2434 = PLANE('',#2435);
#2435 = AXIS2_PLACEMENT_3D('',#2436,#2437,#2438);
#2436 = CARTESIAN_POINT('',(172.,3.413793103494,97.586206896752));
#2437 = DIRECTION('',(-1.,-0.,-0.));
#2438 = DIRECTION('',(0.,0.,-1.));
#2439 = ADVANCED_FACE('',(#2440),#2451,.T.);
#2440 = FACE_BOUND('',#2441,.T.);
#2441 = EDGE_LOOP('',(#2442,#2443,#2449,#2450));
#2442 = ORIENTED_EDGE('',*,*,#1729,.F.);
#2443 = ORIENTED_EDGE('',*,*,#2444,.T.);
#2444 = EDGE_CURVE('',#1722,#551,#2445,.T.);
#2445 = LINE('',#2446,#2447);
#2446 = CARTESIAN_POINT('',(148.,1.643E-14,74.));
#2447 = VECTOR('',#2448,1.);
#2448 = DIRECTION('',(0.,-1.,2.2E-16));
#2449 = ORIENTED_EDGE('',*,*,#550,.F.);
#2450 = ORIENTED_EDGE('',*,*,#2413,.F.);
#2451 = PLANE('',#2452);
#2452 = AXIS2_PLACEMENT_3D('',#2453,#2454,#2455);
#2453 = CARTESIAN_POINT('',(148.,1.643E-14,74.));
#2454 = DIRECTION('',(0.,2.2E-16,1.));
#2455 = DIRECTION('',(1.,0.,0.));
#2456 = ADVANCED_FACE('',(#2457),#2477,.T.);
#2457 = FACE_BOUND('',#2458,.T.);
#2458 = EDGE_LOOP('',(#2459,#2460,#2468,#2474,#2475,#2476));
#2459 = ORIENTED_EDGE('',*,*,#1721,.F.);
#2460 = ORIENTED_EDGE('',*,*,#2461,.F.);
#2461 = EDGE_CURVE('',#2462,#1714,#2464,.T.);
#2462 = VERTEX_POINT('',#2463);
#2463 = CARTESIAN_POINT('',(148.,16.,100.));
#2464 = LINE('',#2465,#2466);
#2465 = CARTESIAN_POINT('',(148.,16.,100.));
#2466 = VECTOR('',#2467,1.);
#2467 = DIRECTION('',(0.,-1.,0.));
#2468 = ORIENTED_EDGE('',*,*,#2469,.F.);
#2469 = EDGE_CURVE('',#2239,#2462,#2470,.T.);
#2470 = LINE('',#2471,#2472);
#2471 = CARTESIAN_POINT('',(148.,16.,109.));
#2472 = VECTOR('',#2473,1.);
#2473 = DIRECTION('',(-0.,-0.,-1.));
#2474 = ORIENTED_EDGE('',*,*,#2238,.F.);
#2475 = ORIENTED_EDGE('',*,*,#558,.F.);
#2476 = ORIENTED_EDGE('',*,*,#2444,.F.);
#2477 = PLANE('',#2478);
#2478 = AXIS2_PLACEMENT_3D('',#2479,#2480,#2481);
#2479 = CARTESIAN_POINT('',(148.,3.413793103834,97.586206896752));
#2480 = DIRECTION('',(1.,0.,0.));
#2481 = DIRECTION('',(0.,0.,1.));
#2482 = ADVANCED_FACE('',(#2483),#2508,.T.);
#2483 = FACE_BOUND('',#2484,.T.);
#2484 = EDGE_LOOP('',(#2485,#2486,#2492,#2493,#2494,#2502));
#2485 = ORIENTED_EDGE('',*,*,#1673,.F.);
#2486 = ORIENTED_EDGE('',*,*,#2487,.T.);
#2487 = EDGE_CURVE('',#1666,#575,#2488,.T.);
#2488 = LINE('',#2489,#2490);
#2489 = CARTESIAN_POINT('',(82.,1.643E-14,74.));
#2490 = VECTOR('',#2491,1.);
#2491 = DIRECTION('',(0.,-1.,2.2E-16));
#2492 = ORIENTED_EDGE('',*,*,#574,.T.);
#2493 = ORIENTED_EDGE('',*,*,#2231,.F.);
#2494 = ORIENTED_EDGE('',*,*,#2495,.F.);
#2495 = EDGE_CURVE('',#2496,#2224,#2498,.T.);
#2496 = VERTEX_POINT('',#2497);
#2497 = CARTESIAN_POINT('',(82.,16.,100.));
#2498 = LINE('',#2499,#2500);
#2499 = CARTESIAN_POINT('',(82.,16.,109.));
#2500 = VECTOR('',#2501,1.);
#2501 = DIRECTION('',(0.,0.,1.));
#2502 = ORIENTED_EDGE('',*,*,#2503,.T.);
#2503 = EDGE_CURVE('',#2496,#1674,#2504,.T.);
#2504 = LINE('',#2505,#2506);
#2505 = CARTESIAN_POINT('',(82.,16.,100.));
#2506 = VECTOR('',#2507,1.);
#2507 = DIRECTION('',(0.,-1.,0.));
#2508 = PLANE('',#2509);
#2509 = AXIS2_PLACEMENT_3D('',#2510,#2511,#2512);
#2510 = CARTESIAN_POINT('',(82.,3.413793103494,97.586206896752));
#2511 = DIRECTION('',(-1.,-0.,-0.));
#2512 = DIRECTION('',(0.,0.,-1.));
#2513 = ADVANCED_FACE('',(#2514),#2525,.T.);
#2514 = FACE_BOUND('',#2515,.T.);
#2515 = EDGE_LOOP('',(#2516,#2517,#2523,#2524));
#2516 = ORIENTED_EDGE('',*,*,#1665,.F.);
#2517 = ORIENTED_EDGE('',*,*,#2518,.T.);
#2518 = EDGE_CURVE('',#1658,#583,#2519,.T.);
#2519 = LINE('',#2520,#2521);
#2520 = CARTESIAN_POINT('',(58.,1.643E-14,74.));
#2521 = VECTOR('',#2522,1.);
#2522 = DIRECTION('',(0.,-1.,2.2E-16));
#2523 = ORIENTED_EDGE('',*,*,#582,.F.);
#2524 = ORIENTED_EDGE('',*,*,#2487,.F.);
#2525 = PLANE('',#2526);
#2526 = AXIS2_PLACEMENT_3D('',#2527,#2528,#2529);
#2527 = CARTESIAN_POINT('',(58.,1.643E-14,74.));
#2528 = DIRECTION('',(0.,2.2E-16,1.));
#2529 = DIRECTION('',(1.,0.,0.));
#2530 = ADVANCED_FACE('',(#2531),#2551,.T.);
#2531 = FACE_BOUND('',#2532,.T.);
#2532 = EDGE_LOOP('',(#2533,#2534,#2542,#2548,#2549,#2550));
#2533 = ORIENTED_EDGE('',*,*,#1657,.F.);
#2534 = ORIENTED_EDGE('',*,*,#2535,.T.);
#2535 = EDGE_CURVE('',#1650,#2536,#2538,.T.);
#2536 = VERTEX_POINT('',#2537);
#2537 = CARTESIAN_POINT('',(58.,16.,100.));
#2538 = LINE('',#2539,#2540);
#2539 = CARTESIAN_POINT('',(58.,-1.,100.));
#2540 = VECTOR('',#2541,1.);
#2541 = DIRECTION('',(0.,1.,0.));
#2542 = ORIENTED_EDGE('',*,*,#2543,.F.);
#2543 = EDGE_CURVE('',#2216,#2536,#2544,.T.);
#2544 = LINE('',#2545,#2546);
#2545 = CARTESIAN_POINT('',(58.,16.,109.));
#2546 = VECTOR('',#2547,1.);
#2547 = DIRECTION('',(-0.,-0.,-1.));
#2548 = ORIENTED_EDGE('',*,*,#2215,.F.);
#2549 = ORIENTED_EDGE('',*,*,#590,.F.);
#2550 = ORIENTED_EDGE('',*,*,#2518,.F.);
#2551 = PLANE('',#2552);
#2552 = AXIS2_PLACEMENT_3D('',#2553,#2554,#2555);
#2553 = CARTESIAN_POINT('',(58.,3.413793103834,97.586206896752));
#2554 = DIRECTION('',(1.,0.,0.));
#2555 = DIRECTION('',(0.,0.,1.));
#2556 = ADVANCED_FACE('',(#2557),#2568,.F.);
#2557 = FACE_BOUND('',#2558,.T.);
#2558 = EDGE_LOOP('',(#2559,#2560,#2561,#2567));
#2559 = ORIENTED_EDGE('',*,*,#663,.T.);
#2560 = ORIENTED_EDGE('',*,*,#2205,.T.);
#2561 = ORIENTED_EDGE('',*,*,#2562,.F.);
#2562 = EDGE_CURVE('',#679,#2198,#2563,.T.);
#2563 = LINE('',#2564,#2565);
#2564 = CARTESIAN_POINT('',(6.999998901923,11.999999820554,109.));
#2565 = VECTOR('',#2566,1.);
#2566 = DIRECTION('',(0.,0.,1.));
#2567 = ORIENTED_EDGE('',*,*,#678,.F.);
#2568 = CYLINDRICAL_SURFACE('',#2569,2.999999820554);
#2569 = AXIS2_PLACEMENT_3D('',#2570,#2571,#2572);
#2570 = CARTESIAN_POINT('',(7.000000179446,9.,109.));
#2571 = DIRECTION('',(-0.,-0.,-1.));
#2572 = DIRECTION('',(1.,0.,0.));
#2573 = ADVANCED_FACE('',(#2574),#2585,.T.);
#2574 = FACE_BOUND('',#2575,.T.);
#2575 = EDGE_LOOP('',(#2576,#2577,#2578,#2584));
#2576 = ORIENTED_EDGE('',*,*,#2562,.T.);
#2577 = ORIENTED_EDGE('',*,*,#2197,.T.);
#2578 = ORIENTED_EDGE('',*,*,#2579,.F.);
#2579 = EDGE_CURVE('',#704,#2189,#2580,.T.);
#2580 = LINE('',#2581,#2582);
#2581 = CARTESIAN_POINT('',(-6.000001941156,11.999999820554,109.));
#2582 = VECTOR('',#2583,1.);
#2583 = DIRECTION('',(0.,0.,1.));
#2584 = ORIENTED_EDGE('',*,*,#703,.F.);
#2585 = PLANE('',#2586);
#2586 = AXIS2_PLACEMENT_3D('',#2587,#2588,#2589);
#2587 = CARTESIAN_POINT('',(6.999998901923,11.999999820554,109.));
#2588 = DIRECTION('',(0.,-1.,0.));
#2589 = DIRECTION('',(-1.,0.,0.));
#2590 = ADVANCED_FACE('',(#2591),#2602,.T.);
#2591 = FACE_BOUND('',#2592,.F.);
#2592 = EDGE_LOOP('',(#2593,#2599,#2600,#2601));
#2593 = ORIENTED_EDGE('',*,*,#2594,.T.);
#2594 = EDGE_CURVE('',#727,#2181,#2595,.T.);
#2595 = LINE('',#2596,#2597);
#2596 = CARTESIAN_POINT('',(-9.000001179445,14.999997960767,109.));
#2597 = VECTOR('',#2598,1.);
#2598 = DIRECTION('',(0.,0.,1.));
#2599 = ORIENTED_EDGE('',*,*,#2188,.T.);
#2600 = ORIENTED_EDGE('',*,*,#2579,.F.);
#2601 = ORIENTED_EDGE('',*,*,#734,.F.);
#2602 = CYLINDRICAL_SURFACE('',#2603,3.000002179448);
#2603 = AXIS2_PLACEMENT_3D('',#2604,#2605,#2606);
#2604 = CARTESIAN_POINT('',(-5.999999,15.000002,109.));
#2605 = DIRECTION('',(-0.,-0.,-1.));
#2606 = DIRECTION('',(1.,0.,0.));
#2607 = ADVANCED_FACE('',(#2608),#2619,.T.);
#2608 = FACE_BOUND('',#2609,.T.);
#2609 = EDGE_LOOP('',(#2610,#2611,#2612,#2618));
#2610 = ORIENTED_EDGE('',*,*,#2594,.T.);
#2611 = ORIENTED_EDGE('',*,*,#2180,.F.);
#2612 = ORIENTED_EDGE('',*,*,#2613,.F.);
#2613 = EDGE_CURVE('',#754,#2173,#2614,.T.);
#2614 = LINE('',#2615,#2616);
#2615 = CARTESIAN_POINT('',(-9.000001179445,50.000001,109.));
#2616 = VECTOR('',#2617,1.);
#2617 = DIRECTION('',(0.,0.,1.));
#2618 = ORIENTED_EDGE('',*,*,#753,.T.);
#2619 = PLANE('',#2620);
#2620 = AXIS2_PLACEMENT_3D('',#2621,#2622,#2623);
#2621 = CARTESIAN_POINT('',(-9.000001179445,32.499999480383,111.5));
#2622 = DIRECTION('',(-1.,-0.,-0.));
#2623 = DIRECTION('',(0.,0.,-1.));
#2624 = ADVANCED_FACE('',(#2625),#2657,.T.);
#2625 = FACE_BOUND('',#2626,.T.);
#2626 = EDGE_LOOP('',(#2627,#2628,#2636,#2644,#2650,#2651));
#2627 = ORIENTED_EDGE('',*,*,#761,.F.);
#2628 = ORIENTED_EDGE('',*,*,#2629,.F.);
#2629 = EDGE_CURVE('',#2630,#754,#2632,.T.);
#2630 = VERTEX_POINT('',#2631);
#2631 = CARTESIAN_POINT('',(9.1,50.000001,109.));
#2632 = LINE('',#2633,#2634);
#2633 = CARTESIAN_POINT('',(9.1,50.000001,109.));
#2634 = VECTOR('',#2635,1.);
#2635 = DIRECTION('',(-1.,0.,0.));
#2636 = ORIENTED_EDGE('',*,*,#2637,.T.);
#2637 = EDGE_CURVE('',#2630,#2638,#2640,.T.);
#2638 = VERTEX_POINT('',#2639);
#2639 = CARTESIAN_POINT('',(9.1,50.,100.));
#2640 = LINE('',#2641,#2642);
#2641 = CARTESIAN_POINT('',(9.1,50.,109.));
#2642 = VECTOR('',#2643,1.);
#2643 = DIRECTION('',(-0.,-0.,-1.));
#2644 = ORIENTED_EDGE('',*,*,#2645,.F.);
#2645 = EDGE_CURVE('',#1537,#2638,#2646,.T.);
#2646 = LINE('',#2647,#2648);
#2647 = CARTESIAN_POINT('',(-9.,50.,100.));
#2648 = VECTOR('',#2649,1.);
#2649 = DIRECTION('',(1.,0.,0.));
#2650 = ORIENTED_EDGE('',*,*,#1544,.T.);
#2651 = ORIENTED_EDGE('',*,*,#2652,.T.);
#2652 = EDGE_CURVE('',#1545,#762,#2653,.T.);
#2653 = LINE('',#2654,#2655);
#2654 = CARTESIAN_POINT('',(0.,50.,80.));
#2655 = VECTOR('',#2656,1.);
#2656 = DIRECTION('',(-1.,-0.,-0.));
#2657 = PLANE('',#2658);
#2658 = AXIS2_PLACEMENT_3D('',#2659,#2660,#2661);
#2659 = CARTESIAN_POINT('',(-3.368259319212,50.000000170913,
    97.91825897312));
#2660 = DIRECTION('',(-4.93380091E-09,1.,-1.551428526E-08));
#2661 = DIRECTION('',(0.,1.551428526E-08,1.));
#2662 = ADVANCED_FACE('',(#2663),#2674,.T.);
#2663 = FACE_BOUND('',#2664,.T.);
#2664 = EDGE_LOOP('',(#2665,#2666,#2672,#2673));
#2665 = ORIENTED_EDGE('',*,*,#1552,.T.);
#2666 = ORIENTED_EDGE('',*,*,#2667,.T.);
#2667 = EDGE_CURVE('',#1553,#770,#2668,.T.);
#2668 = LINE('',#2669,#2670);
#2669 = CARTESIAN_POINT('',(0.,52.,78.));
#2670 = VECTOR('',#2671,1.);
#2671 = DIRECTION('',(-1.,-0.,-0.));
#2672 = ORIENTED_EDGE('',*,*,#769,.F.);
#2673 = ORIENTED_EDGE('',*,*,#2652,.F.);
#2674 = PLANE('',#2675);
#2675 = AXIS2_PLACEMENT_3D('',#2676,#2677,#2678);
#2676 = CARTESIAN_POINT('',(0.,52.,78.));
#2677 = DIRECTION('',(0.,0.707106781187,0.707106781187));
#2678 = DIRECTION('',(0.,-0.707106781187,0.707106781187));
#2679 = ADVANCED_FACE('',(#2680),#2693,.T.);
#2680 = FACE_BOUND('',#2681,.T.);
#2681 = EDGE_LOOP('',(#2682,#2683,#2689,#2690,#2691,#2692));
#2682 = ORIENTED_EDGE('',*,*,#1432,.T.);
#2683 = ORIENTED_EDGE('',*,*,#2684,.T.);
#2684 = EDGE_CURVE('',#1433,#778,#2685,.T.);
#2685 = LINE('',#2686,#2687);
#2686 = CARTESIAN_POINT('',(0.,96.,78.));
#2687 = VECTOR('',#2688,1.);
#2688 = DIRECTION('',(-1.,-0.,-0.));
#2689 = ORIENTED_EDGE('',*,*,#777,.F.);
#2690 = ORIENTED_EDGE('',*,*,#2667,.F.);
#2691 = ORIENTED_EDGE('',*,*,#1560,.T.);
#2692 = ORIENTED_EDGE('',*,*,#1496,.T.);
#2693 = PLANE('',#2694);
#2694 = AXIS2_PLACEMENT_3D('',#2695,#2696,#2697);
#2695 = CARTESIAN_POINT('',(0.,96.,78.));
#2696 = DIRECTION('',(0.,0.,1.));
#2697 = DIRECTION('',(0.,-1.,0.));
#2698 = ADVANCED_FACE('',(#2699),#2710,.T.);
#2699 = FACE_BOUND('',#2700,.T.);
#2700 = EDGE_LOOP('',(#2701,#2702,#2708,#2709));
#2701 = ORIENTED_EDGE('',*,*,#1440,.T.);
#2702 = ORIENTED_EDGE('',*,*,#2703,.T.);
#2703 = EDGE_CURVE('',#1441,#786,#2704,.T.);
#2704 = LINE('',#2705,#2706);
#2705 = CARTESIAN_POINT('',(0.,98.,80.));
#2706 = VECTOR('',#2707,1.);
#2707 = DIRECTION('',(-1.,-0.,-0.));
#2708 = ORIENTED_EDGE('',*,*,#785,.F.);
#2709 = ORIENTED_EDGE('',*,*,#2684,.F.);
#2710 = PLANE('',#2711);
#2711 = AXIS2_PLACEMENT_3D('',#2712,#2713,#2714);
#2712 = CARTESIAN_POINT('',(0.,98.,80.));
#2713 = DIRECTION('',(0.,-0.707106781187,0.707106781187));
#2714 = DIRECTION('',(0.,-0.707106781187,-0.707106781187));
#2715 = ADVANCED_FACE('',(#2716),#2750,.T.);
#2716 = FACE_BOUND('',#2717,.T.);
#2717 = EDGE_LOOP('',(#2718,#2719,#2720,#2728,#2736,#2742,#2743,#2749));
#2718 = ORIENTED_EDGE('',*,*,#2703,.F.);
#2719 = ORIENTED_EDGE('',*,*,#1448,.T.);
#2720 = ORIENTED_EDGE('',*,*,#2721,.T.);
#2721 = EDGE_CURVE('',#1449,#2722,#2724,.T.);
#2722 = VERTEX_POINT('',#2723);
#2723 = CARTESIAN_POINT('',(-2.,98.,109.));
#2724 = LINE('',#2725,#2726);
#2725 = CARTESIAN_POINT('',(-2.,98.,55.));
#2726 = VECTOR('',#2727,1.);
#2727 = DIRECTION('',(0.,0.,1.));
#2728 = ORIENTED_EDGE('',*,*,#2729,.T.);
#2729 = EDGE_CURVE('',#2722,#2730,#2732,.T.);
#2730 = VERTEX_POINT('',#2731);
#2731 = CARTESIAN_POINT('',(9.1,98.,109.));
#2732 = LINE('',#2733,#2734);
#2733 = CARTESIAN_POINT('',(9.,98.,109.));
#2734 = VECTOR('',#2735,1.);
#2735 = DIRECTION('',(1.,0.,0.));
#2736 = ORIENTED_EDGE('',*,*,#2737,.T.);
#2737 = EDGE_CURVE('',#2730,#2125,#2738,.T.);
#2738 = LINE('',#2739,#2740);
#2739 = CARTESIAN_POINT('',(9.1,98.,109.));
#2740 = VECTOR('',#2741,1.);
#2741 = DIRECTION('',(0.,0.,1.));
#2742 = ORIENTED_EDGE('',*,*,#2124,.F.);
#2743 = ORIENTED_EDGE('',*,*,#2744,.F.);
#2744 = EDGE_CURVE('',#794,#2117,#2745,.T.);
#2745 = LINE('',#2746,#2747);
#2746 = CARTESIAN_POINT('',(-9.000001,98.,109.));
#2747 = VECTOR('',#2748,1.);
#2748 = DIRECTION('',(0.,0.,1.));
#2749 = ORIENTED_EDGE('',*,*,#793,.F.);
#2750 = PLANE('',#2751);
#2751 = AXIS2_PLACEMENT_3D('',#2752,#2753,#2754);
#2752 = CARTESIAN_POINT('',(-3.039251776968,98.,100.08925143959));
#2753 = DIRECTION('',(-0.,-1.,-0.));
#2754 = DIRECTION('',(0.,0.,-1.));
#2755 = ADVANCED_FACE('',(#2756),#2767,.T.);
#2756 = FACE_BOUND('',#2757,.T.);
#2757 = EDGE_LOOP('',(#2758,#2764,#2765,#2766));
#2758 = ORIENTED_EDGE('',*,*,#2759,.F.);
#2759 = EDGE_CURVE('',#802,#2109,#2760,.T.);
#2760 = LINE('',#2761,#2762);
#2761 = CARTESIAN_POINT('',(-9.000001,118.,110.75));
#2762 = VECTOR('',#2763,1.);
#2763 = DIRECTION('',(0.,0.,1.));
#2764 = ORIENTED_EDGE('',*,*,#801,.T.);
#2765 = ORIENTED_EDGE('',*,*,#2744,.T.);
#2766 = ORIENTED_EDGE('',*,*,#2116,.F.);
#2767 = PLANE('',#2768);
#2768 = AXIS2_PLACEMENT_3D('',#2769,#2770,#2771);
#2769 = CARTESIAN_POINT('',(-9.000000876874,108.00000006666,
    111.50000001666));
#2770 = DIRECTION('',(-1.,-0.,-5.015309562E-08));
#2771 = DIRECTION('',(5.015309562E-08,0.,-1.));
#2772 = ADVANCED_FACE('',(#2773),#2785,.T.);
#2773 = FACE_BOUND('',#2774,.T.);
#2774 = EDGE_LOOP('',(#2775,#2776,#2777,#2778,#2779));
#2775 = ORIENTED_EDGE('',*,*,#809,.T.);
#2776 = ORIENTED_EDGE('',*,*,#2759,.T.);
#2777 = ORIENTED_EDGE('',*,*,#2108,.T.);
#2778 = ORIENTED_EDGE('',*,*,#1184,.T.);
#2779 = ORIENTED_EDGE('',*,*,#2780,.T.);
#2780 = EDGE_CURVE('',#1177,#810,#2781,.T.);
#2781 = LINE('',#2782,#2783);
#2782 = CARTESIAN_POINT('',(306.,118.,100.5));
#2783 = VECTOR('',#2784,1.);
#2784 = DIRECTION('',(-1.,0.,0.));
#2785 = PLANE('',#2786);
#2786 = AXIS2_PLACEMENT_3D('',#2787,#2788,#2789);
#2787 = CARTESIAN_POINT('',(148.49999970069,118.,107.25000001211));
#2788 = DIRECTION('',(0.,1.,0.));
#2789 = DIRECTION('',(0.,0.,1.));
#2790 = ADVANCED_FACE('',(#2791),#2809,.T.);
#2791 = FACE_BOUND('',#2792,.T.);
#2792 = EDGE_LOOP('',(#2793,#2794,#2795,#2803));
#2793 = ORIENTED_EDGE('',*,*,#825,.F.);
#2794 = ORIENTED_EDGE('',*,*,#817,.T.);
#2795 = ORIENTED_EDGE('',*,*,#2796,.T.);
#2796 = EDGE_CURVE('',#810,#2797,#2799,.T.);
#2797 = VERTEX_POINT('',#2798);
#2798 = CARTESIAN_POINT('',(-9.,149.99999896076,100.5));
#2799 = LINE('',#2800,#2801);
#2800 = CARTESIAN_POINT('',(-9.,118.,100.5));
#2801 = VECTOR('',#2802,1.);
#2802 = DIRECTION('',(0.,1.,0.));
#2803 = ORIENTED_EDGE('',*,*,#2804,.F.);
#2804 = EDGE_CURVE('',#826,#2797,#2805,.T.);
#2805 = LINE('',#2806,#2807);
#2806 = CARTESIAN_POINT('',(-9.,149.99999896076,95.5));
#2807 = VECTOR('',#2808,1.);
#2808 = DIRECTION('',(0.,0.,1.));
#2809 = PLANE('',#2810);
#2810 = AXIS2_PLACEMENT_3D('',#2811,#2812,#2813);
#2811 = CARTESIAN_POINT('',(-9.,118.,95.5));
#2812 = DIRECTION('',(-1.,0.,0.));
#2813 = DIRECTION('',(0.,1.,0.));
#2814 = ADVANCED_FACE('',(#2815),#2843,.T.);
#2815 = FACE_BOUND('',#2816,.F.);
#2816 = EDGE_LOOP('',(#2817,#2827,#2834,#2835,#2836));
#2817 = ORIENTED_EDGE('',*,*,#2818,.T.);
#2818 = EDGE_CURVE('',#2819,#2821,#2823,.T.);
#2819 = VERTEX_POINT('',#2820);
#2820 = CARTESIAN_POINT('',(-5.999999,153.,95.5));
#2821 = VERTEX_POINT('',#2822);
#2822 = CARTESIAN_POINT('',(-5.999999,153.,100.5));
#2823 = LINE('',#2824,#2825);
#2824 = CARTESIAN_POINT('',(-5.999999,153.,95.5));
#2825 = VECTOR('',#2826,1.);
#2826 = DIRECTION('',(0.,0.,1.));
#2827 = ORIENTED_EDGE('',*,*,#2828,.T.);
#2828 = EDGE_CURVE('',#2821,#2797,#2829,.T.);
#2829 = CIRCLE('',#2830,3.);
#2830 = AXIS2_PLACEMENT_3D('',#2831,#2832,#2833);
#2831 = CARTESIAN_POINT('',(-6.,150.,100.5));
#2832 = DIRECTION('',(0.,0.,1.));
#2833 = DIRECTION('',(1.,0.,0.));
#2834 = ORIENTED_EDGE('',*,*,#2804,.F.);
#2835 = ORIENTED_EDGE('',*,*,#833,.F.);
#2836 = ORIENTED_EDGE('',*,*,#2837,.F.);
#2837 = EDGE_CURVE('',#2819,#834,#2838,.T.);
#2838 = CIRCLE('',#2839,3.);
#2839 = AXIS2_PLACEMENT_3D('',#2840,#2841,#2842);
#2840 = CARTESIAN_POINT('',(-6.,150.,95.5));
#2841 = DIRECTION('',(0.,0.,1.));
#2842 = DIRECTION('',(1.,0.,0.));
#2843 = CYLINDRICAL_SURFACE('',#2844,3.);
#2844 = AXIS2_PLACEMENT_3D('',#2845,#2846,#2847);
#2845 = CARTESIAN_POINT('',(-6.,150.,95.5));
#2846 = DIRECTION('',(-0.,-0.,-1.));
#2847 = DIRECTION('',(1.,0.,0.));
#2848 = ADVANCED_FACE('',(#2849),#2889,.F.);
#2849 = FACE_BOUND('',#2850,.F.);
#2850 = EDGE_LOOP('',(#2851,#2852,#2861,#2869,#2878,#2884,#2885,#2886,
    #2887,#2888));
#2851 = ORIENTED_EDGE('',*,*,#962,.T.);
#2852 = ORIENTED_EDGE('',*,*,#2853,.T.);
#2853 = EDGE_CURVE('',#955,#2854,#2856,.T.);
#2854 = VERTEX_POINT('',#2855);
#2855 = CARTESIAN_POINT('',(10.,163.99999896076,95.5));
#2856 = CIRCLE('',#2857,3.);
#2857 = AXIS2_PLACEMENT_3D('',#2858,#2859,#2860);
#2858 = CARTESIAN_POINT('',(13.,164.,95.5));
#2859 = DIRECTION('',(0.,0.,1.));
#2860 = DIRECTION('',(1.,0.,0.));
#2861 = ORIENTED_EDGE('',*,*,#2862,.F.);
#2862 = EDGE_CURVE('',#2863,#2854,#2865,.T.);
#2863 = VERTEX_POINT('',#2864);
#2864 = CARTESIAN_POINT('',(10.,155.999999,95.5));
#2865 = LINE('',#2866,#2867);
#2866 = CARTESIAN_POINT('',(10.,155.999999,95.5));
#2867 = VECTOR('',#2868,1.);
#2868 = DIRECTION('',(0.,1.,0.));
#2869 = ORIENTED_EDGE('',*,*,#2870,.F.);
#2870 = EDGE_CURVE('',#2871,#2863,#2873,.T.);
#2871 = VERTEX_POINT('',#2872);
#2872 = CARTESIAN_POINT('',(7.000000058846,153.,95.5));
#2873 = CIRCLE('',#2874,3.);
#2874 = AXIS2_PLACEMENT_3D('',#2875,#2876,#2877);
#2875 = CARTESIAN_POINT('',(7.,156.,95.5));
#2876 = DIRECTION('',(0.,0.,1.));
#2877 = DIRECTION('',(1.,0.,0.));
#2878 = ORIENTED_EDGE('',*,*,#2879,.F.);
#2879 = EDGE_CURVE('',#2819,#2871,#2880,.T.);
#2880 = LINE('',#2881,#2882);
#2881 = CARTESIAN_POINT('',(-5.999999,153.,95.5));
#2882 = VECTOR('',#2883,1.);
#2883 = DIRECTION('',(1.,0.,0.));
#2884 = ORIENTED_EDGE('',*,*,#2837,.T.);
#2885 = ORIENTED_EDGE('',*,*,#864,.T.);
#2886 = ORIENTED_EDGE('',*,*,#890,.T.);
#2887 = ORIENTED_EDGE('',*,*,#906,.F.);
#2888 = ORIENTED_EDGE('',*,*,#931,.T.);
#2889 = PLANE('',#2890);
#2890 = AXIS2_PLACEMENT_3D('',#2891,#2892,#2893);
#2891 = CARTESIAN_POINT('',(147.56012814764,140.55229088806,95.5));
#2892 = DIRECTION('',(0.,0.,1.));
#2893 = DIRECTION('',(1.,0.,0.));
#2894 = ADVANCED_FACE('',(#2895),#2922,.T.);
#2895 = FACE_BOUND('',#2896,.F.);
#2896 = EDGE_LOOP('',(#2897,#2898,#2906,#2915,#2921));
#2897 = ORIENTED_EDGE('',*,*,#980,.T.);
#2898 = ORIENTED_EDGE('',*,*,#2899,.T.);
#2899 = EDGE_CURVE('',#981,#2900,#2902,.T.);
#2900 = VERTEX_POINT('',#2901);
#2901 = CARTESIAN_POINT('',(13.000000980385,167.,100.5));
#2902 = LINE('',#2903,#2904);
#2903 = CARTESIAN_POINT('',(13.000000980385,167.,95.5));
#2904 = VECTOR('',#2905,1.);
#2905 = DIRECTION('',(0.,0.,1.));
#2906 = ORIENTED_EDGE('',*,*,#2907,.T.);
#2907 = EDGE_CURVE('',#2900,#2908,#2910,.T.);
#2908 = VERTEX_POINT('',#2909);
#2909 = CARTESIAN_POINT('',(10.,163.99999896076,100.5));
#2910 = CIRCLE('',#2911,3.);
#2911 = AXIS2_PLACEMENT_3D('',#2912,#2913,#2914);
#2912 = CARTESIAN_POINT('',(13.,164.,100.5));
#2913 = DIRECTION('',(0.,0.,1.));
#2914 = DIRECTION('',(1.,0.,0.));
#2915 = ORIENTED_EDGE('',*,*,#2916,.F.);
#2916 = EDGE_CURVE('',#2854,#2908,#2917,.T.);
#2917 = LINE('',#2918,#2919);
#2918 = CARTESIAN_POINT('',(10.,163.99999896076,95.5));
#2919 = VECTOR('',#2920,1.);
#2920 = DIRECTION('',(0.,0.,1.));
#2921 = ORIENTED_EDGE('',*,*,#2853,.F.);
#2922 = CYLINDRICAL_SURFACE('',#2923,3.);
#2923 = AXIS2_PLACEMENT_3D('',#2924,#2925,#2926);
#2924 = CARTESIAN_POINT('',(13.,164.,95.5));
#2925 = DIRECTION('',(-0.,-0.,-1.));
#2926 = DIRECTION('',(1.,0.,0.));
#2927 = ADVANCED_FACE('',(#2928),#2946,.T.);
#2928 = FACE_BOUND('',#2929,.T.);
#2929 = EDGE_LOOP('',(#2930,#2931,#2932,#2940));
#2930 = ORIENTED_EDGE('',*,*,#988,.F.);
#2931 = ORIENTED_EDGE('',*,*,#2899,.T.);
#2932 = ORIENTED_EDGE('',*,*,#2933,.T.);
#2933 = EDGE_CURVE('',#2900,#2934,#2936,.T.);
#2934 = VERTEX_POINT('',#2935);
#2935 = CARTESIAN_POINT('',(284.00000098038,167.,100.5));
#2936 = LINE('',#2937,#2938);
#2937 = CARTESIAN_POINT('',(13.000000980385,167.,100.5));
#2938 = VECTOR('',#2939,1.);
#2939 = DIRECTION('',(1.,0.,0.));
#2940 = ORIENTED_EDGE('',*,*,#2941,.F.);
#2941 = EDGE_CURVE('',#989,#2934,#2942,.T.);
#2942 = LINE('',#2943,#2944);
#2943 = CARTESIAN_POINT('',(284.00000098038,167.,95.5));
#2944 = VECTOR('',#2945,1.);
#2945 = DIRECTION('',(0.,0.,1.));
#2946 = PLANE('',#2947);
#2947 = AXIS2_PLACEMENT_3D('',#2948,#2949,#2950);
#2948 = CARTESIAN_POINT('',(13.000000980385,167.,95.5));
#2949 = DIRECTION('',(0.,1.,0.));
#2950 = DIRECTION('',(1.,0.,0.));
#2951 = ADVANCED_FACE('',(#2952),#2980,.T.);
#2952 = FACE_BOUND('',#2953,.F.);
#2953 = EDGE_LOOP('',(#2954,#2964,#2971,#2972,#2973));
#2954 = ORIENTED_EDGE('',*,*,#2955,.T.);
#2955 = EDGE_CURVE('',#2956,#2958,#2960,.T.);
#2956 = VERTEX_POINT('',#2957);
#2957 = CARTESIAN_POINT('',(287.,164.,95.5));
#2958 = VERTEX_POINT('',#2959);
#2959 = CARTESIAN_POINT('',(287.,164.,100.5));
#2960 = LINE('',#2961,#2962);
#2961 = CARTESIAN_POINT('',(287.,164.,95.5));
#2962 = VECTOR('',#2963,1.);
#2963 = DIRECTION('',(0.,0.,1.));
#2964 = ORIENTED_EDGE('',*,*,#2965,.T.);
#2965 = EDGE_CURVE('',#2958,#2934,#2966,.T.);
#2966 = CIRCLE('',#2967,3.);
#2967 = AXIS2_PLACEMENT_3D('',#2968,#2969,#2970);
#2968 = CARTESIAN_POINT('',(284.,164.,100.5));
#2969 = DIRECTION('',(0.,0.,1.));
#2970 = DIRECTION('',(1.,0.,0.));
#2971 = ORIENTED_EDGE('',*,*,#2941,.F.);
#2972 = ORIENTED_EDGE('',*,*,#996,.F.);
#2973 = ORIENTED_EDGE('',*,*,#2974,.F.);
#2974 = EDGE_CURVE('',#2956,#997,#2975,.T.);
#2975 = CIRCLE('',#2976,3.);
#2976 = AXIS2_PLACEMENT_3D('',#2977,#2978,#2979);
#2977 = CARTESIAN_POINT('',(284.,164.,95.5));
#2978 = DIRECTION('',(0.,0.,1.));
#2979 = DIRECTION('',(1.,0.,0.));
#2980 = CYLINDRICAL_SURFACE('',#2981,3.);
#2981 = AXIS2_PLACEMENT_3D('',#2982,#2983,#2984);
#2982 = CARTESIAN_POINT('',(284.,164.,95.5));
#2983 = DIRECTION('',(-0.,-0.,-1.));
#2984 = DIRECTION('',(1.,0.,0.));
#2985 = ADVANCED_FACE('',(#2986),#3026,.F.);
#2986 = FACE_BOUND('',#2987,.F.);
#2987 = EDGE_LOOP('',(#2988,#2989,#2990,#2991,#2992,#2993,#2994,#3003,
    #3011,#3020));
#2988 = ORIENTED_EDGE('',*,*,#2974,.T.);
#2989 = ORIENTED_EDGE('',*,*,#1028,.T.);
#2990 = ORIENTED_EDGE('',*,*,#1053,.T.);
#2991 = ORIENTED_EDGE('',*,*,#1069,.F.);
#2992 = ORIENTED_EDGE('',*,*,#1094,.T.);
#2993 = ORIENTED_EDGE('',*,*,#1142,.T.);
#2994 = ORIENTED_EDGE('',*,*,#2995,.T.);
#2995 = EDGE_CURVE('',#1135,#2996,#2998,.T.);
#2996 = VERTEX_POINT('',#2997);
#2997 = CARTESIAN_POINT('',(303.00000098038,153.,95.5));
#2998 = CIRCLE('',#2999,3.);
#2999 = AXIS2_PLACEMENT_3D('',#3000,#3001,#3002);
#3000 = CARTESIAN_POINT('',(303.,150.,95.5));
#3001 = DIRECTION('',(0.,0.,1.));
#3002 = DIRECTION('',(1.,0.,0.));
#3003 = ORIENTED_EDGE('',*,*,#3004,.F.);
#3004 = EDGE_CURVE('',#3005,#2996,#3007,.T.);
#3005 = VERTEX_POINT('',#3006);
#3006 = CARTESIAN_POINT('',(290.,153.,95.5));
#3007 = LINE('',#3008,#3009);
#3008 = CARTESIAN_POINT('',(290.,153.,95.5));
#3009 = VECTOR('',#3010,1.);
#3010 = DIRECTION('',(1.,0.,0.));
#3011 = ORIENTED_EDGE('',*,*,#3012,.F.);
#3012 = EDGE_CURVE('',#3013,#3005,#3015,.T.);
#3013 = VERTEX_POINT('',#3014);
#3014 = CARTESIAN_POINT('',(287.,155.99999896076,95.5));
#3015 = CIRCLE('',#3016,3.);
#3016 = AXIS2_PLACEMENT_3D('',#3017,#3018,#3019);
#3017 = CARTESIAN_POINT('',(290.,156.,95.5));
#3018 = DIRECTION('',(0.,0.,1.));
#3019 = DIRECTION('',(1.,0.,0.));
#3020 = ORIENTED_EDGE('',*,*,#3021,.F.);
#3021 = EDGE_CURVE('',#2956,#3013,#3022,.T.);
#3022 = LINE('',#3023,#3024);
#3023 = CARTESIAN_POINT('',(287.,164.,95.5));
#3024 = VECTOR('',#3025,1.);
#3025 = DIRECTION('',(0.,-1.,0.));
#3026 = PLANE('',#3027);
#3027 = AXIS2_PLACEMENT_3D('',#3028,#3029,#3030);
#3028 = CARTESIAN_POINT('',(147.56012814764,140.55229088806,95.5));
#3029 = DIRECTION('',(0.,0.,1.));
#3030 = DIRECTION('',(1.,0.,0.));
#3031 = ADVANCED_FACE('',(#3032),#3059,.T.);
#3032 = FACE_BOUND('',#3033,.F.);
#3033 = EDGE_LOOP('',(#3034,#3041,#3042,#3051,#3057,#3058));
#3034 = ORIENTED_EDGE('',*,*,#3035,.T.);
#3035 = EDGE_CURVE('',#1126,#1161,#3036,.T.);
#3036 = CIRCLE('',#3037,3.);
#3037 = AXIS2_PLACEMENT_3D('',#3038,#3039,#3040);
#3038 = CARTESIAN_POINT('',(303.,150.,100.));
#3039 = DIRECTION('',(0.,0.,-1.));
#3040 = DIRECTION('',(1.,0.,0.));
#3041 = ORIENTED_EDGE('',*,*,#1168,.T.);
#3042 = ORIENTED_EDGE('',*,*,#3043,.T.);
#3043 = EDGE_CURVE('',#1169,#3044,#3046,.T.);
#3044 = VERTEX_POINT('',#3045);
#3045 = CARTESIAN_POINT('',(303.00000098038,153.,100.5));
#3046 = CIRCLE('',#3047,3.);
#3047 = AXIS2_PLACEMENT_3D('',#3048,#3049,#3050);
#3048 = CARTESIAN_POINT('',(303.,150.,100.5));
#3049 = DIRECTION('',(0.,0.,1.));
#3050 = DIRECTION('',(1.,0.,0.));
#3051 = ORIENTED_EDGE('',*,*,#3052,.F.);
#3052 = EDGE_CURVE('',#2996,#3044,#3053,.T.);
#3053 = LINE('',#3054,#3055);
#3054 = CARTESIAN_POINT('',(303.00000098038,153.,95.5));
#3055 = VECTOR('',#3056,1.);
#3056 = DIRECTION('',(0.,0.,1.));
#3057 = ORIENTED_EDGE('',*,*,#2995,.F.);
#3058 = ORIENTED_EDGE('',*,*,#1134,.F.);
#3059 = CYLINDRICAL_SURFACE('',#3060,3.);
#3060 = AXIS2_PLACEMENT_3D('',#3061,#3062,#3063);
#3061 = CARTESIAN_POINT('',(303.,150.,95.5));
#3062 = DIRECTION('',(-0.,-0.,-1.));
#3063 = DIRECTION('',(1.,0.,0.));
#3064 = ADVANCED_FACE('',(#3065),#3070,.T.);
#3065 = FACE_BOUND('',#3066,.T.);
#3066 = EDGE_LOOP('',(#3067,#3068,#3069));
#3067 = ORIENTED_EDGE('',*,*,#1125,.F.);
#3068 = ORIENTED_EDGE('',*,*,#3035,.T.);
#3069 = ORIENTED_EDGE('',*,*,#1160,.F.);
#3070 = PLANE('',#3071);
#3071 = AXIS2_PLACEMENT_3D('',#3072,#3073,#3074);
#3072 = CARTESIAN_POINT('',(-10.,118.,100.));
#3073 = DIRECTION('',(0.,0.,1.));
#3074 = DIRECTION('',(0.,1.,0.));
#3075 = ADVANCED_FACE('',(#3076,#3132),#3270,.T.);
#3076 = FACE_BOUND('',#3077,.T.);
#3077 = EDGE_LOOP('',(#3078,#3079,#3080,#3088,#3097,#3103,#3104,#3105,
    #3106,#3107,#3108,#3116,#3125,#3131));
#3078 = ORIENTED_EDGE('',*,*,#2933,.F.);
#3079 = ORIENTED_EDGE('',*,*,#2907,.T.);
#3080 = ORIENTED_EDGE('',*,*,#3081,.F.);
#3081 = EDGE_CURVE('',#3082,#2908,#3084,.T.);
#3082 = VERTEX_POINT('',#3083);
#3083 = CARTESIAN_POINT('',(10.,155.999999,100.5));
#3084 = LINE('',#3085,#3086);
#3085 = CARTESIAN_POINT('',(10.,155.999999,100.5));
#3086 = VECTOR('',#3087,1.);
#3087 = DIRECTION('',(0.,1.,0.));
#3088 = ORIENTED_EDGE('',*,*,#3089,.F.);
#3089 = EDGE_CURVE('',#3090,#3082,#3092,.T.);
#3090 = VERTEX_POINT('',#3091);
#3091 = CARTESIAN_POINT('',(7.000000058846,153.,100.5));
#3092 = CIRCLE('',#3093,3.);
#3093 = AXIS2_PLACEMENT_3D('',#3094,#3095,#3096);
#3094 = CARTESIAN_POINT('',(7.,156.,100.5));
#3095 = DIRECTION('',(0.,0.,1.));
#3096 = DIRECTION('',(1.,0.,0.));
#3097 = ORIENTED_EDGE('',*,*,#3098,.F.);
#3098 = EDGE_CURVE('',#2821,#3090,#3099,.T.);
#3099 = LINE('',#3100,#3101);
#3100 = CARTESIAN_POINT('',(-5.999999,153.,100.5));
#3101 = VECTOR('',#3102,1.);
#3102 = DIRECTION('',(1.,0.,0.));
#3103 = ORIENTED_EDGE('',*,*,#2828,.T.);
#3104 = ORIENTED_EDGE('',*,*,#2796,.F.);
#3105 = ORIENTED_EDGE('',*,*,#2780,.F.);
#3106 = ORIENTED_EDGE('',*,*,#1176,.F.);
#3107 = ORIENTED_EDGE('',*,*,#3043,.T.);
#3108 = ORIENTED_EDGE('',*,*,#3109,.F.);
#3109 = EDGE_CURVE('',#3110,#3044,#3112,.T.);
#3110 = VERTEX_POINT('',#3111);
#3111 = CARTESIAN_POINT('',(290.,153.,100.5));
#3112 = LINE('',#3113,#3114);
#3113 = CARTESIAN_POINT('',(290.,153.,100.5));
#3114 = VECTOR('',#3115,1.);
#3115 = DIRECTION('',(1.,0.,0.));
#3116 = ORIENTED_EDGE('',*,*,#3117,.F.);
#3117 = EDGE_CURVE('',#3118,#3110,#3120,.T.);
#3118 = VERTEX_POINT('',#3119);
#3119 = CARTESIAN_POINT('',(287.,155.99999896076,100.5));
#3120 = CIRCLE('',#3121,3.);
#3121 = AXIS2_PLACEMENT_3D('',#3122,#3123,#3124);
#3122 = CARTESIAN_POINT('',(290.,156.,100.5));
#3123 = DIRECTION('',(0.,0.,1.));
#3124 = DIRECTION('',(1.,0.,0.));
#3125 = ORIENTED_EDGE('',*,*,#3126,.F.);
#3126 = EDGE_CURVE('',#2958,#3118,#3127,.T.);
#3127 = LINE('',#3128,#3129);
#3128 = CARTESIAN_POINT('',(287.,164.,100.5));
#3129 = VECTOR('',#3130,1.);
#3130 = DIRECTION('',(0.,-1.,0.));
#3131 = ORIENTED_EDGE('',*,*,#2965,.T.);
#3132 = FACE_BOUND('',#3133,.T.);
#3133 = EDGE_LOOP('',(#3134,#3145,#3153,#3162,#3170,#3179,#3187,#3196,
    #3204,#3213,#3221,#3230,#3238,#3247,#3255,#3264));
#3134 = ORIENTED_EDGE('',*,*,#3135,.F.);
#3135 = EDGE_CURVE('',#3136,#3138,#3140,.T.);
#3136 = VERTEX_POINT('',#3137);
#3137 = CARTESIAN_POINT('',(181.,143.,100.5));
#3138 = VERTEX_POINT('',#3139);
#3139 = CARTESIAN_POINT('',(172.000003,152.,100.5));
#3140 = CIRCLE('',#3141,9.000000000001);
#3141 = AXIS2_PLACEMENT_3D('',#3142,#3143,#3144);
#3142 = CARTESIAN_POINT('',(172.,143.,100.5));
#3143 = DIRECTION('',(0.,0.,1.));
#3144 = DIRECTION('',(1.,0.,0.));
#3145 = ORIENTED_EDGE('',*,*,#3146,.T.);
#3146 = EDGE_CURVE('',#3136,#3147,#3149,.T.);
#3147 = VERTEX_POINT('',#3148);
#3148 = CARTESIAN_POINT('',(181.,127.99999784974,100.5));
#3149 = LINE('',#3150,#3151);
#3150 = CARTESIAN_POINT('',(181.,141.77614544403,100.5));
#3151 = VECTOR('',#3152,1.);
#3152 = DIRECTION('',(0.,-1.,0.));
#3153 = ORIENTED_EDGE('',*,*,#3154,.F.);
#3154 = EDGE_CURVE('',#3155,#3147,#3157,.T.);
#3155 = VERTEX_POINT('',#3156);
#3156 = CARTESIAN_POINT('',(172.,118.99999999999,100.5));
#3157 = CIRCLE('',#3158,9.000000000001);
#3158 = AXIS2_PLACEMENT_3D('',#3159,#3160,#3161);
#3159 = CARTESIAN_POINT('',(172.,128.,100.5));
#3160 = DIRECTION('',(0.,0.,1.));
#3161 = DIRECTION('',(1.,0.,0.));
#3162 = ORIENTED_EDGE('',*,*,#3163,.F.);
#3163 = EDGE_CURVE('',#3164,#3155,#3166,.T.);
#3164 = VERTEX_POINT('',#3165);
#3165 = CARTESIAN_POINT('',(116.00000017653,118.99999999999,100.5));
#3166 = LINE('',#3167,#3168);
#3167 = CARTESIAN_POINT('',(131.78006416209,118.99999999999,100.5));
#3168 = VECTOR('',#3169,1.);
#3169 = DIRECTION('',(1.,0.,0.));
#3170 = ORIENTED_EDGE('',*,*,#3171,.F.);
#3171 = EDGE_CURVE('',#3172,#3164,#3174,.T.);
#3172 = VERTEX_POINT('',#3173);
#3173 = CARTESIAN_POINT('',(107.,127.99999757512,100.5));
#3174 = CIRCLE('',#3175,9.000000000001);
#3175 = AXIS2_PLACEMENT_3D('',#3176,#3177,#3178);
#3176 = CARTESIAN_POINT('',(116.,128.,100.5));
#3177 = DIRECTION('',(0.,0.,1.));
#3178 = DIRECTION('',(1.,0.,0.));
#3179 = ORIENTED_EDGE('',*,*,#3180,.F.);
#3180 = EDGE_CURVE('',#3181,#3172,#3183,.T.);
#3181 = VERTEX_POINT('',#3182);
#3182 = CARTESIAN_POINT('',(107.,129.999999,100.5));
#3183 = LINE('',#3184,#3185);
#3184 = CARTESIAN_POINT('',(107.,141.77614388518,100.5));
#3185 = VECTOR('',#3186,1.);
#3186 = DIRECTION('',(0.,-1.,0.));
#3187 = ORIENTED_EDGE('',*,*,#3188,.F.);
#3188 = EDGE_CURVE('',#3189,#3181,#3191,.T.);
#3189 = VERTEX_POINT('',#3190);
#3190 = CARTESIAN_POINT('',(103.,126.,100.5));
#3191 = CIRCLE('',#3192,4.);
#3192 = AXIS2_PLACEMENT_3D('',#3193,#3194,#3195);
#3193 = CARTESIAN_POINT('',(103.,130.,100.5));
#3194 = DIRECTION('',(0.,0.,1.));
#3195 = DIRECTION('',(1.,0.,0.));
#3196 = ORIENTED_EDGE('',*,*,#3197,.F.);
#3197 = EDGE_CURVE('',#3198,#3189,#3200,.T.);
#3198 = VERTEX_POINT('',#3199);
#3199 = CARTESIAN_POINT('',(84.000000078461,126.,100.5));
#3200 = LINE('',#3201,#3202);
#3201 = CARTESIAN_POINT('',(84.000000078461,126.,100.5));
#3202 = VECTOR('',#3203,1.);
#3203 = DIRECTION('',(1.,0.,0.));
#3204 = ORIENTED_EDGE('',*,*,#3205,.F.);
#3205 = EDGE_CURVE('',#3206,#3198,#3208,.T.);
#3206 = VERTEX_POINT('',#3207);
#3207 = CARTESIAN_POINT('',(80.,129.99999861435,100.5));
#3208 = CIRCLE('',#3209,4.);
#3209 = AXIS2_PLACEMENT_3D('',#3210,#3211,#3212);
#3210 = CARTESIAN_POINT('',(84.,130.,100.5));
#3211 = DIRECTION('',(0.,0.,1.));
#3212 = DIRECTION('',(1.,0.,0.));
#3213 = ORIENTED_EDGE('',*,*,#3214,.F.);
#3214 = EDGE_CURVE('',#3215,#3206,#3217,.T.);
#3215 = VERTEX_POINT('',#3216);
#3216 = CARTESIAN_POINT('',(80.,150.99999861435,100.5));
#3217 = LINE('',#3218,#3219);
#3218 = CARTESIAN_POINT('',(80.,150.99999861435,100.5));
#3219 = VECTOR('',#3220,1.);
#3220 = DIRECTION('',(0.,-1.,0.));
#3221 = ORIENTED_EDGE('',*,*,#3222,.F.);
#3222 = EDGE_CURVE('',#3223,#3215,#3225,.T.);
#3223 = VERTEX_POINT('',#3224);
#3224 = CARTESIAN_POINT('',(84.00000130718,155.,100.5));
#3225 = CIRCLE('',#3226,4.);
#3226 = AXIS2_PLACEMENT_3D('',#3227,#3228,#3229);
#3227 = CARTESIAN_POINT('',(84.,151.,100.5));
#3228 = DIRECTION('',(0.,0.,1.));
#3229 = DIRECTION('',(1.,0.,0.));
#3230 = ORIENTED_EDGE('',*,*,#3231,.T.);
#3231 = EDGE_CURVE('',#3223,#3232,#3234,.T.);
#3232 = VERTEX_POINT('',#3233);
#3233 = CARTESIAN_POINT('',(103.000001,155.,100.5));
#3234 = LINE('',#3235,#3236);
#3235 = CARTESIAN_POINT('',(84.00000130718,155.,100.5));
#3236 = VECTOR('',#3237,1.);
#3237 = DIRECTION('',(1.,0.,0.));
#3238 = ORIENTED_EDGE('',*,*,#3239,.F.);
#3239 = EDGE_CURVE('',#3240,#3232,#3242,.T.);
#3240 = VERTEX_POINT('',#3241);
#3241 = CARTESIAN_POINT('',(107.,151.,100.5));
#3242 = CIRCLE('',#3243,4.);
#3243 = AXIS2_PLACEMENT_3D('',#3244,#3245,#3246);
#3244 = CARTESIAN_POINT('',(103.,151.,100.5));
#3245 = DIRECTION('',(0.,0.,1.));
#3246 = DIRECTION('',(1.,0.,0.));
#3247 = ORIENTED_EDGE('',*,*,#3248,.F.);
#3248 = EDGE_CURVE('',#3249,#3240,#3251,.T.);
#3249 = VERTEX_POINT('',#3250);
#3250 = CARTESIAN_POINT('',(107.,142.9999968823,100.5));
#3251 = LINE('',#3252,#3253);
#3252 = CARTESIAN_POINT('',(107.,129.999999,100.5));
#3253 = VECTOR('',#3254,1.);
#3254 = DIRECTION('',(0.,1.,0.));
#3255 = ORIENTED_EDGE('',*,*,#3256,.F.);
#3256 = EDGE_CURVE('',#3257,#3249,#3259,.T.);
#3257 = VERTEX_POINT('',#3258);
#3258 = CARTESIAN_POINT('',(116.00000294115,152.,100.5));
#3259 = CIRCLE('',#3260,9.);
#3260 = AXIS2_PLACEMENT_3D('',#3261,#3262,#3263);
#3261 = CARTESIAN_POINT('',(116.,143.,100.5));
#3262 = DIRECTION('',(0.,0.,1.));
#3263 = DIRECTION('',(1.,0.,0.));
#3264 = ORIENTED_EDGE('',*,*,#3265,.T.);
#3265 = EDGE_CURVE('',#3257,#3138,#3266,.T.);
#3266 = LINE('',#3267,#3268);
#3267 = CARTESIAN_POINT('',(131.7800655444,152.,100.5));
#3268 = VECTOR('',#3269,1.);
#3269 = DIRECTION('',(1.,0.,0.));
#3270 = PLANE('',#3271);
#3271 = AXIS2_PLACEMENT_3D('',#3272,#3273,#3274);
#3272 = CARTESIAN_POINT('',(147.56012814764,140.55229088806,100.5));
#3273 = DIRECTION('',(0.,0.,1.));
#3274 = DIRECTION('',(1.,0.,0.));
#3275 = ADVANCED_FACE('',(#3276,#3294,#3305,#3316,#3414,#3425,#3521),
  #3532,.T.);
#3276 = FACE_BOUND('',#3277,.T.);
#3277 = EDGE_LOOP('',(#3278,#3279,#3280,#3281,#3282,#3283,#3284,#3285,
    #3286,#3287,#3293));
#3278 = ORIENTED_EDGE('',*,*,#1368,.T.);
#3279 = ORIENTED_EDGE('',*,*,#1344,.T.);
#3280 = ORIENTED_EDGE('',*,*,#1320,.T.);
#3281 = ORIENTED_EDGE('',*,*,#1296,.T.);
#3282 = ORIENTED_EDGE('',*,*,#1265,.F.);
#3283 = ORIENTED_EDGE('',*,*,#2089,.T.);
#3284 = ORIENTED_EDGE('',*,*,#2072,.T.);
#3285 = ORIENTED_EDGE('',*,*,#2048,.T.);
#3286 = ORIENTED_EDGE('',*,*,#2008,.T.);
#3287 = ORIENTED_EDGE('',*,*,#3288,.T.);
#3288 = EDGE_CURVE('',#2009,#1401,#3289,.T.);
#3289 = LINE('',#3290,#3291);
#3290 = CARTESIAN_POINT('',(306.,114.,95.5));
#3291 = VECTOR('',#3292,1.);
#3292 = DIRECTION('',(-1.,0.,0.));
#3293 = ORIENTED_EDGE('',*,*,#1408,.T.);
#3294 = FACE_BOUND('',#3295,.T.);
#3295 = EDGE_LOOP('',(#3296));
#3296 = ORIENTED_EDGE('',*,*,#3297,.T.);
#3297 = EDGE_CURVE('',#3298,#3298,#3300,.T.);
#3298 = VERTEX_POINT('',#3299);
#3299 = CARTESIAN_POINT('',(178.100185,144.100002,95.5));
#3300 = CIRCLE('',#3301,1.100182);
#3301 = AXIS2_PLACEMENT_3D('',#3302,#3303,#3304);
#3302 = CARTESIAN_POINT('',(177.000003,144.100002,95.5));
#3303 = DIRECTION('',(0.,0.,1.));
#3304 = DIRECTION('',(1.,0.,0.));
#3305 = FACE_BOUND('',#3306,.T.);
#3306 = EDGE_LOOP('',(#3307));
#3307 = ORIENTED_EDGE('',*,*,#3308,.T.);
#3308 = EDGE_CURVE('',#3309,#3309,#3311,.T.);
#3309 = VERTEX_POINT('',#3310);
#3310 = CARTESIAN_POINT('',(176.601668,126.000002,95.5));
#3311 = CIRCLE('',#3312,1.101665);
#3312 = AXIS2_PLACEMENT_3D('',#3313,#3314,#3315);
#3313 = CARTESIAN_POINT('',(175.500003,126.000002,95.5));
#3314 = DIRECTION('',(0.,0.,1.));
#3315 = DIRECTION('',(1.,0.,0.));
#3316 = FACE_BOUND('',#3317,.T.);
#3317 = EDGE_LOOP('',(#3318,#3328,#3336,#3344,#3352,#3360,#3368,#3376,
    #3384,#3392,#3400,#3408));
#3318 = ORIENTED_EDGE('',*,*,#3319,.T.);
#3319 = EDGE_CURVE('',#3320,#3322,#3324,.T.);
#3320 = VERTEX_POINT('',#3321);
#3321 = CARTESIAN_POINT('',(175.,146.,95.5));
#3322 = VERTEX_POINT('',#3323);
#3323 = CARTESIAN_POINT('',(171.,150.,95.5));
#3324 = LINE('',#3325,#3326);
#3325 = CARTESIAN_POINT('',(175.,146.,95.5));
#3326 = VECTOR('',#3327,1.);
#3327 = DIRECTION('',(-0.707106781187,0.707106781187,0.));
#3328 = ORIENTED_EDGE('',*,*,#3329,.T.);
#3329 = EDGE_CURVE('',#3322,#3330,#3332,.T.);
#3330 = VERTEX_POINT('',#3331);
#3331 = CARTESIAN_POINT('',(118.,150.,95.5));
#3332 = LINE('',#3333,#3334);
#3333 = CARTESIAN_POINT('',(171.,150.,95.5));
#3334 = VECTOR('',#3335,1.);
#3335 = DIRECTION('',(-1.,0.,0.));
#3336 = ORIENTED_EDGE('',*,*,#3337,.F.);
#3337 = EDGE_CURVE('',#3338,#3330,#3340,.T.);
#3338 = VERTEX_POINT('',#3339);
#3339 = CARTESIAN_POINT('',(113.,146.,95.5));
#3340 = LINE('',#3341,#3342);
#3341 = CARTESIAN_POINT('',(113.,146.,95.5));
#3342 = VECTOR('',#3343,1.);
#3343 = DIRECTION('',(0.780868809443,0.624695047554,0.));
#3344 = ORIENTED_EDGE('',*,*,#3345,.T.);
#3345 = EDGE_CURVE('',#3338,#3346,#3348,.T.);
#3346 = VERTEX_POINT('',#3347);
#3347 = CARTESIAN_POINT('',(113.,128.,95.5));
#3348 = LINE('',#3349,#3350);
#3349 = CARTESIAN_POINT('',(113.,146.,95.5));
#3350 = VECTOR('',#3351,1.);
#3351 = DIRECTION('',(0.,-1.,0.));
#3352 = ORIENTED_EDGE('',*,*,#3353,.T.);
#3353 = EDGE_CURVE('',#3346,#3354,#3356,.T.);
#3354 = VERTEX_POINT('',#3355);
#3355 = CARTESIAN_POINT('',(117.,124.,95.5));
#3356 = LINE('',#3357,#3358);
#3357 = CARTESIAN_POINT('',(113.,128.,95.5));
#3358 = VECTOR('',#3359,1.);
#3359 = DIRECTION('',(0.707106781187,-0.707106781187,0.));
#3360 = ORIENTED_EDGE('',*,*,#3361,.F.);
#3361 = EDGE_CURVE('',#3362,#3354,#3364,.T.);
#3362 = VERTEX_POINT('',#3363);
#3363 = CARTESIAN_POINT('',(138.,124.,95.5));
#3364 = LINE('',#3365,#3366);
#3365 = CARTESIAN_POINT('',(138.,124.,95.5));
#3366 = VECTOR('',#3367,1.);
#3367 = DIRECTION('',(-1.,0.,0.));
#3368 = ORIENTED_EDGE('',*,*,#3369,.F.);
#3369 = EDGE_CURVE('',#3370,#3362,#3372,.T.);
#3370 = VERTEX_POINT('',#3371);
#3371 = CARTESIAN_POINT('',(139.,123.,95.5));
#3372 = LINE('',#3373,#3374);
#3373 = CARTESIAN_POINT('',(139.,123.,95.5));
#3374 = VECTOR('',#3375,1.);
#3375 = DIRECTION('',(-0.707106781187,0.707106781187,0.));
#3376 = ORIENTED_EDGE('',*,*,#3377,.F.);
#3377 = EDGE_CURVE('',#3378,#3370,#3380,.T.);
#3378 = VERTEX_POINT('',#3379);
#3379 = CARTESIAN_POINT('',(149.,123.,95.5));
#3380 = LINE('',#3381,#3382);
#3381 = CARTESIAN_POINT('',(149.,123.,95.5));
#3382 = VECTOR('',#3383,1.);
#3383 = DIRECTION('',(-1.,0.,0.));
#3384 = ORIENTED_EDGE('',*,*,#3385,.F.);
#3385 = EDGE_CURVE('',#3386,#3378,#3388,.T.);
#3386 = VERTEX_POINT('',#3387);
#3387 = CARTESIAN_POINT('',(150.,124.,95.5));
#3388 = LINE('',#3389,#3390);
#3389 = CARTESIAN_POINT('',(150.,124.,95.5));
#3390 = VECTOR('',#3391,1.);
#3391 = DIRECTION('',(-0.707106781187,-0.707106781187,0.));
#3392 = ORIENTED_EDGE('',*,*,#3393,.F.);
#3393 = EDGE_CURVE('',#3394,#3386,#3396,.T.);
#3394 = VERTEX_POINT('',#3395);
#3395 = CARTESIAN_POINT('',(171.,124.,95.5));
#3396 = LINE('',#3397,#3398);
#3397 = CARTESIAN_POINT('',(171.,124.,95.5));
#3398 = VECTOR('',#3399,1.);
#3399 = DIRECTION('',(-1.,0.,0.));
#3400 = ORIENTED_EDGE('',*,*,#3401,.F.);
#3401 = EDGE_CURVE('',#3402,#3394,#3404,.T.);
#3402 = VERTEX_POINT('',#3403);
#3403 = CARTESIAN_POINT('',(175.,128.,95.5));
#3404 = LINE('',#3405,#3406);
#3405 = CARTESIAN_POINT('',(175.,128.,95.5));
#3406 = VECTOR('',#3407,1.);
#3407 = DIRECTION('',(-0.707106781187,-0.707106781187,0.));
#3408 = ORIENTED_EDGE('',*,*,#3409,.F.);
#3409 = EDGE_CURVE('',#3320,#3402,#3410,.T.);
#3410 = LINE('',#3411,#3412);
#3411 = CARTESIAN_POINT('',(175.,146.,95.5));
#3412 = VECTOR('',#3413,1.);
#3413 = DIRECTION('',(0.,-1.,0.));
#3414 = FACE_BOUND('',#3415,.T.);
#3415 = EDGE_LOOP('',(#3416));
#3416 = ORIENTED_EDGE('',*,*,#3417,.T.);
#3417 = EDGE_CURVE('',#3418,#3418,#3420,.T.);
#3418 = VERTEX_POINT('',#3419);
#3419 = CARTESIAN_POINT('',(111.718036,144.100002,95.5));
#3420 = CIRCLE('',#3421,1.118034);
#3421 = AXIS2_PLACEMENT_3D('',#3422,#3423,#3424);
#3422 = CARTESIAN_POINT('',(110.600002,144.100002,95.5));
#3423 = DIRECTION('',(0.,0.,1.));
#3424 = DIRECTION('',(1.,0.,0.));
#3425 = FACE_BOUND('',#3426,.T.);
#3426 = EDGE_LOOP('',(#3427,#3438,#3465,#3487,#3514));
#3427 = ORIENTED_EDGE('',*,*,#3428,.F.);
#3428 = EDGE_CURVE('',#3429,#3431,#3433,.T.);
#3429 = VERTEX_POINT('',#3430);
#3430 = CARTESIAN_POINT('',(99.502464790461,148.45530905322,95.5));
#3431 = VERTEX_POINT('',#3432);
#3432 = CARTESIAN_POINT('',(103.266,141.,95.5));
#3433 = CIRCLE('',#3434,9.266);
#3434 = AXIS2_PLACEMENT_3D('',#3435,#3436,#3437);
#3435 = CARTESIAN_POINT('',(94.,141.,95.5));
#3436 = DIRECTION('',(0.,0.,-1.));
#3437 = DIRECTION('',(1.,0.,0.));
#3438 = ORIENTED_EDGE('',*,*,#3439,.T.);
#3439 = EDGE_CURVE('',#3429,#3440,#3442,.T.);
#3440 = VERTEX_POINT('',#3441);
#3441 = CARTESIAN_POINT('',(84.746403782198,144.8329506081,95.5));
#3442 = B_SPLINE_CURVE_WITH_KNOTS('',6,(#3443,#3444,#3445,#3446,#3447,
    #3448,#3449,#3450,#3451,#3452,#3453,#3454,#3455,#3456,#3457,#3458,
    #3459,#3460,#3461,#3462,#3463,#3464),.UNSPECIFIED.,.F.,.F.,(7,5,5,5,
    7),(0.,0.230064185681,0.471424071928,0.72752778963,1.),
  .UNSPECIFIED.);
#3443 = CARTESIAN_POINT('',(99.519761085245,148.44127601229,95.5));
#3444 = CARTESIAN_POINT('',(98.99869737688,148.86507146394,95.5));
#3445 = CARTESIAN_POINT('',(98.440662266384,149.24354906323,95.5));
#3446 = CARTESIAN_POINT('',(97.850847334456,149.57281735226,95.5));
#3447 = CARTESIAN_POINT('',(97.234817684246,149.8499443662,95.5));
#3448 = CARTESIAN_POINT('',(96.598392348243,150.0727504556,95.5));
#3449 = CARTESIAN_POINT('',(95.265065556316,150.41534909743,95.5));
#3450 = CARTESIAN_POINT('',(94.566608684244,150.52957750852,95.5));
#3451 = CARTESIAN_POINT('',(93.859393631408,150.58110384464,95.5));
#3452 = CARTESIAN_POINT('',(93.150407192802,150.5695838682,95.5));
#3453 = CARTESIAN_POINT('',(92.446537005256,150.49556952607,95.5));
#3454 = CARTESIAN_POINT('',(91.020322681311,150.21757612116,95.5));
#3455 = CARTESIAN_POINT('',(90.299327376816,150.005904813,95.5));
#3456 = CARTESIAN_POINT('',(89.599684330608,149.7275764358,95.5));
#3457 = CARTESIAN_POINT('',(88.928798852863,149.38573477819,95.5));
#3458 = CARTESIAN_POINT('',(88.293507424085,148.98442598263,95.5));
#3459 = CARTESIAN_POINT('',(87.068486760136,148.04407853832,95.5));
#3460 = CARTESIAN_POINT('',(86.484113342405,147.49775978089,95.5));
#3461 = CARTESIAN_POINT('',(85.954290561332,146.89601471284,95.5));
#3462 = CARTESIAN_POINT('',(85.485018684982,146.2459724302,95.5));
#3463 = CARTESIAN_POINT('',(85.081205717853,145.55541255136,95.5));
#3464 = CARTESIAN_POINT('',(84.746403760584,144.83295057019,95.5));
#3465 = ORIENTED_EDGE('',*,*,#3466,.T.);
#3466 = EDGE_CURVE('',#3440,#3467,#3469,.T.);
#3467 = VERTEX_POINT('',#3468);
#3468 = CARTESIAN_POINT('',(84.746416249504,137.1670283156,95.5));
#3469 = B_SPLINE_CURVE_WITH_KNOTS('',6,(#3470,#3471,#3472,#3473,#3474,
    #3475,#3476,#3477,#3478,#3479,#3480,#3481,#3482,#3483,#3484,#3485,
    #3486),.UNSPECIFIED.,.F.,.F.,(7,5,5,7),(0.,0.216000995061,
    0.609000460516,1.),.UNSPECIFIED.);
#3470 = CARTESIAN_POINT('',(84.746403782198,144.8329506081,95.5));
#3471 = CARTESIAN_POINT('',(84.638029832758,144.57131149031,95.5));
#3472 = CARTESIAN_POINT('',(84.538532876457,144.30599478672,95.5));
#3473 = CARTESIAN_POINT('',(84.448069307318,144.03737818189,95.5));
#3474 = CARTESIAN_POINT('',(84.366773545703,143.76584634803,95.5));
#3475 = CARTESIAN_POINT('',(84.294758038317,143.491790945,95.5));
#3476 = CARTESIAN_POINT('',(84.118135241148,142.71311886127,95.5));
#3477 = CARTESIAN_POINT('',(84.035174468206,142.20357986385,95.5));
#3478 = CARTESIAN_POINT('',(83.983781979528,141.6894111694,95.5));
#3479 = CARTESIAN_POINT('',(83.964244028976,141.17304995615,95.5));
#3480 = CARTESIAN_POINT('',(83.976610991267,140.65694963877,95.5));
#3481 = CARTESIAN_POINT('',(84.064501306165,139.63282375536,95.5));
#3482 = CARTESIAN_POINT('',(84.139704866383,139.12474806611,95.5));
#3483 = CARTESIAN_POINT('',(84.246072664304,138.62178629922,95.5));
#3484 = CARTESIAN_POINT('',(84.383145505874,138.12631108989,95.5));
#3485 = CARTESIAN_POINT('',(84.550238949867,137.64064015037,95.5));
#3486 = CARTESIAN_POINT('',(84.746416283582,137.16702827945,95.5));
#3487 = ORIENTED_EDGE('',*,*,#3488,.T.);
#3488 = EDGE_CURVE('',#3467,#3489,#3491,.T.);
#3489 = VERTEX_POINT('',#3490);
#3490 = CARTESIAN_POINT('',(99.501283699077,133.54381877023,95.5));
#3491 = B_SPLINE_CURVE_WITH_KNOTS('',6,(#3492,#3493,#3494,#3495,#3496,
    #3497,#3498,#3499,#3500,#3501,#3502,#3503,#3504,#3505,#3506,#3507,
    #3508,#3509,#3510,#3511,#3512,#3513),.UNSPECIFIED.,.F.,.F.,(7,5,5,5,
    7),(0.,0.27247217084,0.52857587703,0.769935778061,1.),
  .UNSPECIFIED.);
#3492 = CARTESIAN_POINT('',(84.746416249504,137.1670283156,95.5));
#3493 = CARTESIAN_POINT('',(85.081192807896,136.44463226823,95.5));
#3494 = CARTESIAN_POINT('',(85.484967979435,135.75413312119,95.5));
#3495 = CARTESIAN_POINT('',(85.954190591363,135.10414403531,95.5));
#3496 = CARTESIAN_POINT('',(86.483954054639,134.50244264509,95.5));
#3497 = CARTESIAN_POINT('',(87.06825985293,133.95615629938,95.5));
#3498 = CARTESIAN_POINT('',(88.293137667102,133.01584721565,95.5));
#3499 = CARTESIAN_POINT('',(88.928354515985,132.61454589041,95.5));
#3500 = CARTESIAN_POINT('',(89.599161870833,132.27269946843,95.5));
#3501 = CARTESIAN_POINT('',(90.29872528323,131.99435340567,95.5));
#3502 = CARTESIAN_POINT('',(91.019641600453,131.78265113103,95.5));
#3503 = CARTESIAN_POINT('',(92.445708346528,131.50457204779,95.5));
#3504 = CARTESIAN_POINT('',(93.149509551948,131.43050447722,95.5));
#3505 = CARTESIAN_POINT('',(93.858431543055,131.41891971908,95.5));
#3506 = CARTESIAN_POINT('',(94.565588553881,131.47037023139,95.5));
#3507 = CARTESIAN_POINT('',(95.263995604703,131.5845125993,95.5));
#3508 = CARTESIAN_POINT('',(96.597244539639,131.92692570917,95.5));
#3509 = CARTESIAN_POINT('',(97.233640885768,132.1496331146,95.5));
#3510 = CARTESIAN_POINT('',(97.849652004703,132.42665437765,95.5));
#3511 = CARTESIAN_POINT('',(98.439460101778,132.75581121566,95.5));
#3512 = CARTESIAN_POINT('',(98.997501120275,133.13417323714,95.5));
#3513 = CARTESIAN_POINT('',(99.51858425299,133.5578508385,95.5));
#3514 = ORIENTED_EDGE('',*,*,#3515,.F.);
#3515 = EDGE_CURVE('',#3431,#3489,#3516,.T.);
#3516 = CIRCLE('',#3517,9.266);
#3517 = AXIS2_PLACEMENT_3D('',#3518,#3519,#3520);
#3518 = CARTESIAN_POINT('',(94.,141.,95.5));
#3519 = DIRECTION('',(0.,0.,-1.));
#3520 = DIRECTION('',(1.,0.,0.));
#3521 = FACE_BOUND('',#3522,.T.);
#3522 = EDGE_LOOP('',(#3523));
#3523 = ORIENTED_EDGE('',*,*,#3524,.T.);
#3524 = EDGE_CURVE('',#3525,#3525,#3527,.T.);
#3525 = VERTEX_POINT('',#3526);
#3526 = CARTESIAN_POINT('',(113.20163,126.000002,95.5));
#3527 = CIRCLE('',#3528,1.101628);
#3528 = AXIS2_PLACEMENT_3D('',#3529,#3530,#3531);
#3529 = CARTESIAN_POINT('',(112.100002,126.000002,95.5));
#3530 = DIRECTION('',(0.,0.,1.));
#3531 = DIRECTION('',(1.,0.,0.));
#3532 = PLANE('',#3533);
#3533 = AXIS2_PLACEMENT_3D('',#3534,#3535,#3536);
#3534 = CARTESIAN_POINT('',(150.3383118867,136.58722161493,95.5));
#3535 = DIRECTION('',(-0.,-1.41E-15,-1.));
#3536 = DIRECTION('',(0.,-1.,1.41E-15));
#3537 = ADVANCED_FACE('',(#3538),#3549,.T.);
#3538 = FACE_BOUND('',#3539,.T.);
#3539 = EDGE_LOOP('',(#3540,#3541,#3542,#3548));
#3540 = ORIENTED_EDGE('',*,*,#3288,.F.);
#3541 = ORIENTED_EDGE('',*,*,#2016,.F.);
#3542 = ORIENTED_EDGE('',*,*,#3543,.F.);
#3543 = EDGE_CURVE('',#1393,#2017,#3544,.T.);
#3544 = LINE('',#3545,#3546);
#3545 = CARTESIAN_POINT('',(224.33255563427,114.,109.));
#3546 = VECTOR('',#3547,1.);
#3547 = DIRECTION('',(1.,0.,0.));
#3548 = ORIENTED_EDGE('',*,*,#1400,.F.);
#3549 = PLANE('',#3550);
#3550 = AXIS2_PLACEMENT_3D('',#3551,#3552,#3553);
#3551 = CARTESIAN_POINT('',(306.,114.,95.5));
#3552 = DIRECTION('',(0.,-1.,0.));
#3553 = DIRECTION('',(-1.,0.,0.));
#3554 = ADVANCED_FACE('',(#3555,#3775,#3786,#3797),#3808,.F.);
#3555 = FACE_BOUND('',#3556,.F.);
#3556 = EDGE_LOOP('',(#3557,#3565,#3566,#3567,#3568,#3569,#3570,#3571,
    #3572,#3573,#3574,#3575,#3576,#3584,#3592,#3600,#3606,#3607,#3608,
    #3609,#3610,#3618,#3626,#3635,#3643,#3651,#3659,#3667,#3673,#3674,
    #3682,#3690,#3698,#3706,#3714,#3722,#3728,#3729,#3737,#3745,#3753,
    #3761,#3769));
#3557 = ORIENTED_EDGE('',*,*,#3558,.F.);
#3558 = EDGE_CURVE('',#1825,#3559,#3561,.T.);
#3559 = VERTEX_POINT('',#3560);
#3560 = CARTESIAN_POINT('',(270.,15.9,109.));
#3561 = LINE('',#3562,#3563);
#3562 = CARTESIAN_POINT('',(270.,-1.,109.));
#3563 = VECTOR('',#3564,1.);
#3564 = DIRECTION('',(0.,1.,0.));
#3565 = ORIENTED_EDGE('',*,*,#1832,.T.);
#3566 = ORIENTED_EDGE('',*,*,#1856,.T.);
#3567 = ORIENTED_EDGE('',*,*,#1880,.T.);
#3568 = ORIENTED_EDGE('',*,*,#1911,.F.);
#3569 = ORIENTED_EDGE('',*,*,#1935,.F.);
#3570 = ORIENTED_EDGE('',*,*,#1959,.F.);
#3571 = ORIENTED_EDGE('',*,*,#1983,.F.);
#3572 = ORIENTED_EDGE('',*,*,#2024,.F.);
#3573 = ORIENTED_EDGE('',*,*,#3543,.F.);
#3574 = ORIENTED_EDGE('',*,*,#1392,.F.);
#3575 = ORIENTED_EDGE('',*,*,#1472,.F.);
#3576 = ORIENTED_EDGE('',*,*,#3577,.T.);
#3577 = EDGE_CURVE('',#1465,#3578,#3580,.T.);
#3578 = VERTEX_POINT('',#3579);
#3579 = CARTESIAN_POINT('',(6.,105.,109.));
#3580 = LINE('',#3581,#3582);
#3581 = CARTESIAN_POINT('',(-9.,105.,109.));
#3582 = VECTOR('',#3583,1.);
#3583 = DIRECTION('',(1.,0.,0.));
#3584 = ORIENTED_EDGE('',*,*,#3585,.T.);
#3585 = EDGE_CURVE('',#3578,#3586,#3588,.T.);
#3586 = VERTEX_POINT('',#3587);
#3587 = CARTESIAN_POINT('',(13.,98.,109.));
#3588 = LINE('',#3589,#3590);
#3589 = CARTESIAN_POINT('',(6.,105.,109.));
#3590 = VECTOR('',#3591,1.);
#3591 = DIRECTION('',(0.707106781187,-0.707106781187,0.));
#3592 = ORIENTED_EDGE('',*,*,#3593,.T.);
#3593 = EDGE_CURVE('',#3586,#3594,#3596,.T.);
#3594 = VERTEX_POINT('',#3595);
#3595 = CARTESIAN_POINT('',(13.,47.,109.));
#3596 = LINE('',#3597,#3598);
#3597 = CARTESIAN_POINT('',(13.,98.,109.));
#3598 = VECTOR('',#3599,1.);
#3599 = DIRECTION('',(0.,-1.,0.));
#3600 = ORIENTED_EDGE('',*,*,#3601,.T.);
#3601 = EDGE_CURVE('',#3594,#1521,#3602,.T.);
#3602 = LINE('',#3603,#3604);
#3603 = CARTESIAN_POINT('',(13.,47.,109.));
#3604 = VECTOR('',#3605,1.);
#3605 = DIRECTION('',(-1.,0.,0.));
#3606 = ORIENTED_EDGE('',*,*,#1520,.F.);
#3607 = ORIENTED_EDGE('',*,*,#1583,.F.);
#3608 = ORIENTED_EDGE('',*,*,#1607,.F.);
#3609 = ORIENTED_EDGE('',*,*,#1633,.T.);
#3610 = ORIENTED_EDGE('',*,*,#3611,.F.);
#3611 = EDGE_CURVE('',#3612,#1634,#3614,.T.);
#3612 = VERTEX_POINT('',#3613);
#3613 = CARTESIAN_POINT('',(50.,15.,109.));
#3614 = LINE('',#3615,#3616);
#3615 = CARTESIAN_POINT('',(50.,15.,109.));
#3616 = VECTOR('',#3617,1.);
#3617 = DIRECTION('',(0.,-1.,0.));
#3618 = ORIENTED_EDGE('',*,*,#3619,.F.);
#3619 = EDGE_CURVE('',#3620,#3612,#3622,.T.);
#3620 = VERTEX_POINT('',#3621);
#3621 = CARTESIAN_POINT('',(51.,15.,109.));
#3622 = LINE('',#3623,#3624);
#3623 = CARTESIAN_POINT('',(56.,15.,109.));
#3624 = VECTOR('',#3625,1.);
#3625 = DIRECTION('',(-1.,0.,0.));
#3626 = ORIENTED_EDGE('',*,*,#3627,.T.);
#3627 = EDGE_CURVE('',#3620,#3628,#3630,.T.);
#3628 = VERTEX_POINT('',#3629);
#3629 = CARTESIAN_POINT('',(57.1,25.433656942677,109.));
#3630 = CIRCLE('',#3631,7.);
#3631 = AXIS2_PLACEMENT_3D('',#3632,#3633,#3634);
#3632 = CARTESIAN_POINT('',(51.,22.,109.));
#3633 = DIRECTION('',(0.,0.,-1.));
#3634 = DIRECTION('',(1.,0.,0.));
#3635 = ORIENTED_EDGE('',*,*,#3636,.F.);
#3636 = EDGE_CURVE('',#3637,#3628,#3639,.T.);
#3637 = VERTEX_POINT('',#3638);
#3638 = CARTESIAN_POINT('',(57.1,29.9,109.));
#3639 = LINE('',#3640,#3641);
#3640 = CARTESIAN_POINT('',(57.1,29.9,109.));
#3641 = VECTOR('',#3642,1.);
#3642 = DIRECTION('',(0.,-1.,0.));
#3643 = ORIENTED_EDGE('',*,*,#3644,.F.);
#3644 = EDGE_CURVE('',#3645,#3637,#3647,.T.);
#3645 = VERTEX_POINT('',#3646);
#3646 = CARTESIAN_POINT('',(82.9,29.9,109.));
#3647 = LINE('',#3648,#3649);
#3648 = CARTESIAN_POINT('',(82.9,29.9,109.));
#3649 = VECTOR('',#3650,1.);
#3650 = DIRECTION('',(-1.,0.,0.));
#3651 = ORIENTED_EDGE('',*,*,#3652,.F.);
#3652 = EDGE_CURVE('',#3653,#3645,#3655,.T.);
#3653 = VERTEX_POINT('',#3654);
#3654 = CARTESIAN_POINT('',(82.9,15.,109.));
#3655 = LINE('',#3656,#3657);
#3656 = CARTESIAN_POINT('',(82.9,15.,109.));
#3657 = VECTOR('',#3658,1.);
#3658 = DIRECTION('',(0.,1.,0.));
#3659 = ORIENTED_EDGE('',*,*,#3660,.F.);
#3660 = EDGE_CURVE('',#3661,#3653,#3663,.T.);
#3661 = VERTEX_POINT('',#3662);
#3662 = CARTESIAN_POINT('',(90.,15.,109.));
#3663 = LINE('',#3664,#3665);
#3664 = CARTESIAN_POINT('',(90.,15.,109.));
#3665 = VECTOR('',#3666,1.);
#3666 = DIRECTION('',(-1.,0.,0.));
#3667 = ORIENTED_EDGE('',*,*,#3668,.F.);
#3668 = EDGE_CURVE('',#1690,#3661,#3669,.T.);
#3669 = LINE('',#3670,#3671);
#3670 = CARTESIAN_POINT('',(90.,-1.,109.));
#3671 = VECTOR('',#3672,1.);
#3672 = DIRECTION('',(0.,1.,0.));
#3673 = ORIENTED_EDGE('',*,*,#1697,.T.);
#3674 = ORIENTED_EDGE('',*,*,#3675,.T.);
#3675 = EDGE_CURVE('',#1698,#3676,#3678,.T.);
#3676 = VERTEX_POINT('',#3677);
#3677 = CARTESIAN_POINT('',(140.,15.8,109.));
#3678 = LINE('',#3679,#3680);
#3679 = CARTESIAN_POINT('',(140.,-1.,109.));
#3680 = VECTOR('',#3681,1.);
#3681 = DIRECTION('',(0.,1.,0.));
#3682 = ORIENTED_EDGE('',*,*,#3683,.T.);
#3683 = EDGE_CURVE('',#3676,#3684,#3686,.T.);
#3684 = VERTEX_POINT('',#3685);
#3685 = CARTESIAN_POINT('',(147.100002,15.8,109.));
#3686 = LINE('',#3687,#3688);
#3687 = CARTESIAN_POINT('',(140.,15.8,109.));
#3688 = VECTOR('',#3689,1.);
#3689 = DIRECTION('',(1.,0.,0.));
#3690 = ORIENTED_EDGE('',*,*,#3691,.T.);
#3691 = EDGE_CURVE('',#3684,#3692,#3694,.T.);
#3692 = VERTEX_POINT('',#3693);
#3693 = CARTESIAN_POINT('',(147.100002,29.9,109.));
#3694 = LINE('',#3695,#3696);
#3695 = CARTESIAN_POINT('',(147.100002,15.8,109.));
#3696 = VECTOR('',#3697,1.);
#3697 = DIRECTION('',(0.,1.,0.));
#3698 = ORIENTED_EDGE('',*,*,#3699,.T.);
#3699 = EDGE_CURVE('',#3692,#3700,#3702,.T.);
#3700 = VERTEX_POINT('',#3701);
#3701 = CARTESIAN_POINT('',(172.900003,29.9,109.));
#3702 = LINE('',#3703,#3704);
#3703 = CARTESIAN_POINT('',(147.100002,29.9,109.));
#3704 = VECTOR('',#3705,1.);
#3705 = DIRECTION('',(1.,0.,0.));
#3706 = ORIENTED_EDGE('',*,*,#3707,.T.);
#3707 = EDGE_CURVE('',#3700,#3708,#3710,.T.);
#3708 = VERTEX_POINT('',#3709);
#3709 = CARTESIAN_POINT('',(172.900003,15.9,109.));
#3710 = LINE('',#3711,#3712);
#3711 = CARTESIAN_POINT('',(172.900003,29.9,109.));
#3712 = VECTOR('',#3713,1.);
#3713 = DIRECTION('',(0.,-1.,0.));
#3714 = ORIENTED_EDGE('',*,*,#3715,.T.);
#3715 = EDGE_CURVE('',#3708,#3716,#3718,.T.);
#3716 = VERTEX_POINT('',#3717);
#3717 = CARTESIAN_POINT('',(180.000003,15.9,109.));
#3718 = LINE('',#3719,#3720);
#3719 = CARTESIAN_POINT('',(172.900003,15.9,109.));
#3720 = VECTOR('',#3721,1.);
#3721 = DIRECTION('',(1.,0.,0.));
#3722 = ORIENTED_EDGE('',*,*,#3723,.T.);
#3723 = EDGE_CURVE('',#3716,#1754,#3724,.T.);
#3724 = LINE('',#3725,#3726);
#3725 = CARTESIAN_POINT('',(180.000003,15.9,109.));
#3726 = VECTOR('',#3727,1.);
#3727 = DIRECTION('',(0.,-1.,0.));
#3728 = ORIENTED_EDGE('',*,*,#1761,.T.);
#3729 = ORIENTED_EDGE('',*,*,#3730,.F.);
#3730 = EDGE_CURVE('',#3731,#1762,#3733,.T.);
#3731 = VERTEX_POINT('',#3732);
#3732 = CARTESIAN_POINT('',(230.000003,15.9,109.));
#3733 = LINE('',#3734,#3735);
#3734 = CARTESIAN_POINT('',(230.000003,15.9,109.));
#3735 = VECTOR('',#3736,1.);
#3736 = DIRECTION('',(0.,-1.,0.));
#3737 = ORIENTED_EDGE('',*,*,#3738,.F.);
#3738 = EDGE_CURVE('',#3739,#3731,#3741,.T.);
#3739 = VERTEX_POINT('',#3740);
#3740 = CARTESIAN_POINT('',(237.100004,15.9,109.));
#3741 = LINE('',#3742,#3743);
#3742 = CARTESIAN_POINT('',(237.100004,15.9,109.));
#3743 = VECTOR('',#3744,1.);
#3744 = DIRECTION('',(-1.,0.,0.));
#3745 = ORIENTED_EDGE('',*,*,#3746,.F.);
#3746 = EDGE_CURVE('',#3747,#3739,#3749,.T.);
#3747 = VERTEX_POINT('',#3748);
#3748 = CARTESIAN_POINT('',(237.100004,29.9,109.));
#3749 = LINE('',#3750,#3751);
#3750 = CARTESIAN_POINT('',(237.100004,29.9,109.));
#3751 = VECTOR('',#3752,1.);
#3752 = DIRECTION('',(0.,-1.,0.));
#3753 = ORIENTED_EDGE('',*,*,#3754,.F.);
#3754 = EDGE_CURVE('',#3755,#3747,#3757,.T.);
#3755 = VERTEX_POINT('',#3756);
#3756 = CARTESIAN_POINT('',(262.900004,29.9,109.));
#3757 = LINE('',#3758,#3759);
#3758 = CARTESIAN_POINT('',(262.900004,29.9,109.));
#3759 = VECTOR('',#3760,1.);
#3760 = DIRECTION('',(-1.,0.,0.));
#3761 = ORIENTED_EDGE('',*,*,#3762,.F.);
#3762 = EDGE_CURVE('',#3763,#3755,#3765,.T.);
#3763 = VERTEX_POINT('',#3764);
#3764 = CARTESIAN_POINT('',(262.900004,15.9,109.));
#3765 = LINE('',#3766,#3767);
#3766 = CARTESIAN_POINT('',(262.900004,15.9,109.));
#3767 = VECTOR('',#3768,1.);
#3768 = DIRECTION('',(0.,1.,0.));
#3769 = ORIENTED_EDGE('',*,*,#3770,.F.);
#3770 = EDGE_CURVE('',#3559,#3763,#3771,.T.);
#3771 = LINE('',#3772,#3773);
#3772 = CARTESIAN_POINT('',(270.,15.9,109.));
#3773 = VECTOR('',#3774,1.);
#3774 = DIRECTION('',(-1.,0.,0.));
#3775 = FACE_BOUND('',#3776,.F.);
#3776 = EDGE_LOOP('',(#3777));
#3777 = ORIENTED_EDGE('',*,*,#3778,.T.);
#3778 = EDGE_CURVE('',#3779,#3779,#3781,.T.);
#3779 = VERTEX_POINT('',#3780);
#3780 = CARTESIAN_POINT('',(295.,23.,109.));
#3781 = CIRCLE('',#3782,7.);
#3782 = AXIS2_PLACEMENT_3D('',#3783,#3784,#3785);
#3783 = CARTESIAN_POINT('',(288.,23.,109.));
#3784 = DIRECTION('',(0.,0.,-1.));
#3785 = DIRECTION('',(1.,0.,0.));
#3786 = FACE_BOUND('',#3787,.F.);
#3787 = EDGE_LOOP('',(#3788));
#3788 = ORIENTED_EDGE('',*,*,#3789,.T.);
#3789 = EDGE_CURVE('',#3790,#3790,#3792,.T.);
#3790 = VERTEX_POINT('',#3791);
#3791 = CARTESIAN_POINT('',(204.,38.,109.));
#3792 = CIRCLE('',#3793,7.);
#3793 = AXIS2_PLACEMENT_3D('',#3794,#3795,#3796);
#3794 = CARTESIAN_POINT('',(197.,38.,109.));
#3795 = DIRECTION('',(0.,0.,-1.));
#3796 = DIRECTION('',(1.,0.,0.));
#3797 = FACE_BOUND('',#3798,.F.);
#3798 = EDGE_LOOP('',(#3799));
#3799 = ORIENTED_EDGE('',*,*,#3800,.T.);
#3800 = EDGE_CURVE('',#3801,#3801,#3803,.T.);
#3801 = VERTEX_POINT('',#3802);
#3802 = CARTESIAN_POINT('',(38.,89.,109.));
#3803 = CIRCLE('',#3804,7.);
#3804 = AXIS2_PLACEMENT_3D('',#3805,#3806,#3807);
#3805 = CARTESIAN_POINT('',(31.,89.,109.));
#3806 = DIRECTION('',(0.,0.,-1.));
#3807 = DIRECTION('',(1.,0.,0.));
#3808 = PLANE('',#3809);
#3809 = AXIS2_PLACEMENT_3D('',#3810,#3811,#3812);
#3810 = CARTESIAN_POINT('',(142.66511126854,75.923103827838,109.));
#3811 = DIRECTION('',(0.,0.,1.));
#3812 = DIRECTION('',(1.,0.,0.));
#3813 = ADVANCED_FACE('',(#3814),#3832,.F.);
#3814 = FACE_BOUND('',#3815,.F.);
#3815 = EDGE_LOOP('',(#3816,#3817,#3818,#3826));
#3816 = ORIENTED_EDGE('',*,*,#3577,.F.);
#3817 = ORIENTED_EDGE('',*,*,#1464,.F.);
#3818 = ORIENTED_EDGE('',*,*,#3819,.T.);
#3819 = EDGE_CURVE('',#1457,#3820,#3822,.T.);
#3820 = VERTEX_POINT('',#3821);
#3821 = CARTESIAN_POINT('',(6.,105.,100.));
#3822 = LINE('',#3823,#3824);
#3823 = CARTESIAN_POINT('',(-9.,105.,100.));
#3824 = VECTOR('',#3825,1.);
#3825 = DIRECTION('',(1.,0.,0.));
#3826 = ORIENTED_EDGE('',*,*,#3827,.F.);
#3827 = EDGE_CURVE('',#3578,#3820,#3828,.T.);
#3828 = LINE('',#3829,#3830);
#3829 = CARTESIAN_POINT('',(6.,105.,109.));
#3830 = VECTOR('',#3831,1.);
#3831 = DIRECTION('',(-0.,-0.,-1.));
#3832 = PLANE('',#3833);
#3833 = AXIS2_PLACEMENT_3D('',#3834,#3835,#3836);
#3834 = CARTESIAN_POINT('',(-9.,105.,109.));
#3835 = DIRECTION('',(0.,-1.,0.));
#3836 = DIRECTION('',(1.,0.,0.));
#3837 = ADVANCED_FACE('',(#3838),#3912,.F.);
#3838 = FACE_BOUND('',#3839,.F.);
#3839 = EDGE_LOOP('',(#3840,#3841,#3842,#3850,#3858,#3866,#3874,#3882,
    #3888,#3889,#3890,#3898,#3906));
#3840 = ORIENTED_EDGE('',*,*,#3819,.F.);
#3841 = ORIENTED_EDGE('',*,*,#1456,.F.);
#3842 = ORIENTED_EDGE('',*,*,#3843,.F.);
#3843 = EDGE_CURVE('',#3844,#1449,#3846,.T.);
#3844 = VERTEX_POINT('',#3845);
#3845 = CARTESIAN_POINT('',(9.1,98.000001,100.));
#3846 = LINE('',#3847,#3848);
#3847 = CARTESIAN_POINT('',(9.1,98.000001,100.));
#3848 = VECTOR('',#3849,1.);
#3849 = DIRECTION('',(-1.,0.,0.));
#3850 = ORIENTED_EDGE('',*,*,#3851,.F.);
#3851 = EDGE_CURVE('',#3852,#3844,#3854,.T.);
#3852 = VERTEX_POINT('',#3853);
#3853 = CARTESIAN_POINT('',(9.1,76.,100.));
#3854 = LINE('',#3855,#3856);
#3855 = CARTESIAN_POINT('',(9.1,76.,100.));
#3856 = VECTOR('',#3857,1.);
#3857 = DIRECTION('',(0.,1.,0.));
#3858 = ORIENTED_EDGE('',*,*,#3859,.F.);
#3859 = EDGE_CURVE('',#3860,#3852,#3862,.T.);
#3860 = VERTEX_POINT('',#3861);
#3861 = CARTESIAN_POINT('',(-2.,76.,100.));
#3862 = LINE('',#3863,#3864);
#3863 = CARTESIAN_POINT('',(-2.,76.,100.));
#3864 = VECTOR('',#3865,1.);
#3865 = DIRECTION('',(1.,0.,0.));
#3866 = ORIENTED_EDGE('',*,*,#3867,.F.);
#3867 = EDGE_CURVE('',#3868,#3860,#3870,.T.);
#3868 = VERTEX_POINT('',#3869);
#3869 = CARTESIAN_POINT('',(-2.,72.000001,100.));
#3870 = LINE('',#3871,#3872);
#3871 = CARTESIAN_POINT('',(-2.,72.000001,100.));
#3872 = VECTOR('',#3873,1.);
#3873 = DIRECTION('',(0.,1.,0.));
#3874 = ORIENTED_EDGE('',*,*,#3875,.F.);
#3875 = EDGE_CURVE('',#3876,#3868,#3878,.T.);
#3876 = VERTEX_POINT('',#3877);
#3877 = CARTESIAN_POINT('',(9.1,72.000001,100.));
#3878 = LINE('',#3879,#3880);
#3879 = CARTESIAN_POINT('',(9.1,72.000001,100.));
#3880 = VECTOR('',#3881,1.);
#3881 = DIRECTION('',(-1.,0.,0.));
#3882 = ORIENTED_EDGE('',*,*,#3883,.F.);
#3883 = EDGE_CURVE('',#2638,#3876,#3884,.T.);
#3884 = LINE('',#3885,#3886);
#3885 = CARTESIAN_POINT('',(9.1,50.,100.));
#3886 = VECTOR('',#3887,1.);
#3887 = DIRECTION('',(0.,1.,0.));
#3888 = ORIENTED_EDGE('',*,*,#2645,.F.);
#3889 = ORIENTED_EDGE('',*,*,#1536,.F.);
#3890 = ORIENTED_EDGE('',*,*,#3891,.F.);
#3891 = EDGE_CURVE('',#3892,#1529,#3894,.T.);
#3892 = VERTEX_POINT('',#3893);
#3893 = CARTESIAN_POINT('',(13.,47.,100.));
#3894 = LINE('',#3895,#3896);
#3895 = CARTESIAN_POINT('',(13.,47.,100.));
#3896 = VECTOR('',#3897,1.);
#3897 = DIRECTION('',(-1.,0.,0.));
#3898 = ORIENTED_EDGE('',*,*,#3899,.F.);
#3899 = EDGE_CURVE('',#3900,#3892,#3902,.T.);
#3900 = VERTEX_POINT('',#3901);
#3901 = CARTESIAN_POINT('',(13.,98.,100.));
#3902 = LINE('',#3903,#3904);
#3903 = CARTESIAN_POINT('',(13.,98.,100.));
#3904 = VECTOR('',#3905,1.);
#3905 = DIRECTION('',(0.,-1.,0.));
#3906 = ORIENTED_EDGE('',*,*,#3907,.F.);
#3907 = EDGE_CURVE('',#3820,#3900,#3908,.T.);
#3908 = LINE('',#3909,#3910);
#3909 = CARTESIAN_POINT('',(6.,105.,100.));
#3910 = VECTOR('',#3911,1.);
#3911 = DIRECTION('',(0.707106781187,-0.707106781187,0.));
#3912 = PLANE('',#3913);
#3913 = AXIS2_PLACEMENT_3D('',#3914,#3915,#3916);
#3914 = CARTESIAN_POINT('',(117.1551978099,31.564999199091,100.));
#3915 = DIRECTION('',(0.,0.,1.));
#3916 = DIRECTION('',(1.,0.,0.));
#3917 = ADVANCED_FACE('',(#3918),#3929,.F.);
#3918 = FACE_BOUND('',#3919,.F.);
#3919 = EDGE_LOOP('',(#3920,#3921,#3927,#3928));
#3920 = ORIENTED_EDGE('',*,*,#3601,.F.);
#3921 = ORIENTED_EDGE('',*,*,#3922,.T.);
#3922 = EDGE_CURVE('',#3594,#3892,#3923,.T.);
#3923 = LINE('',#3924,#3925);
#3924 = CARTESIAN_POINT('',(13.,47.,109.));
#3925 = VECTOR('',#3926,1.);
#3926 = DIRECTION('',(-0.,-0.,-1.));
#3927 = ORIENTED_EDGE('',*,*,#3891,.T.);
#3928 = ORIENTED_EDGE('',*,*,#1528,.F.);
#3929 = PLANE('',#3930);
#3930 = AXIS2_PLACEMENT_3D('',#3931,#3932,#3933);
#3931 = CARTESIAN_POINT('',(13.,47.,109.));
#3932 = DIRECTION('',(0.,1.,0.));
#3933 = DIRECTION('',(-1.,0.,0.));
#3934 = ADVANCED_FACE('',(#3935),#4033,.F.);
#3935 = FACE_BOUND('',#3936,.F.);
#3936 = EDGE_LOOP('',(#3937,#3947,#3955,#3963,#3969,#3970,#3971,#3979,
    #3987,#3995,#4003,#4009,#4010,#4011,#4019,#4027));
#3937 = ORIENTED_EDGE('',*,*,#3938,.T.);
#3938 = EDGE_CURVE('',#3939,#3941,#3943,.T.);
#3939 = VERTEX_POINT('',#3940);
#3940 = CARTESIAN_POINT('',(262.900004,29.9,100.));
#3941 = VERTEX_POINT('',#3942);
#3942 = CARTESIAN_POINT('',(237.100004,29.9,100.));
#3943 = LINE('',#3944,#3945);
#3944 = CARTESIAN_POINT('',(262.900004,29.9,100.));
#3945 = VECTOR('',#3946,1.);
#3946 = DIRECTION('',(-1.,0.,0.));
#3947 = ORIENTED_EDGE('',*,*,#3948,.T.);
#3948 = EDGE_CURVE('',#3941,#3949,#3951,.T.);
#3949 = VERTEX_POINT('',#3950);
#3950 = CARTESIAN_POINT('',(237.100004,15.9,100.));
#3951 = LINE('',#3952,#3953);
#3952 = CARTESIAN_POINT('',(237.100004,29.9,100.));
#3953 = VECTOR('',#3954,1.);
#3954 = DIRECTION('',(0.,-1.,0.));
#3955 = ORIENTED_EDGE('',*,*,#3956,.T.);
#3956 = EDGE_CURVE('',#3949,#3957,#3959,.T.);
#3957 = VERTEX_POINT('',#3958);
#3958 = CARTESIAN_POINT('',(230.000003,15.9,100.));
#3959 = LINE('',#3960,#3961);
#3960 = CARTESIAN_POINT('',(237.100004,15.9,100.));
#3961 = VECTOR('',#3962,1.);
#3962 = DIRECTION('',(-1.,0.,0.));
#3963 = ORIENTED_EDGE('',*,*,#3964,.T.);
#3964 = EDGE_CURVE('',#3957,#1770,#3965,.T.);
#3965 = LINE('',#3966,#3967);
#3966 = CARTESIAN_POINT('',(230.000003,15.9,100.));
#3967 = VECTOR('',#3968,1.);
#3968 = DIRECTION('',(0.,-1.,0.));
#3969 = ORIENTED_EDGE('',*,*,#1777,.T.);
#3970 = ORIENTED_EDGE('',*,*,#2387,.T.);
#3971 = ORIENTED_EDGE('',*,*,#3972,.T.);
#3972 = EDGE_CURVE('',#2388,#3973,#3975,.T.);
#3973 = VERTEX_POINT('',#3974);
#3974 = CARTESIAN_POINT('',(242.400004,16.,100.));
#3975 = LINE('',#3976,#3977);
#3976 = CARTESIAN_POINT('',(238.,16.,100.));
#3977 = VECTOR('',#3978,1.);
#3978 = DIRECTION('',(1.,0.,0.));
#3979 = ORIENTED_EDGE('',*,*,#3980,.T.);
#3980 = EDGE_CURVE('',#3973,#3981,#3983,.T.);
#3981 = VERTEX_POINT('',#3982);
#3982 = CARTESIAN_POINT('',(242.400004,21.1,100.));
#3983 = LINE('',#3984,#3985);
#3984 = CARTESIAN_POINT('',(242.400004,16.,100.));
#3985 = VECTOR('',#3986,1.);
#3986 = DIRECTION('',(0.,1.,0.));
#3987 = ORIENTED_EDGE('',*,*,#3988,.T.);
#3988 = EDGE_CURVE('',#3981,#3989,#3991,.T.);
#3989 = VERTEX_POINT('',#3990);
#3990 = CARTESIAN_POINT('',(257.600004,21.1,100.));
#3991 = LINE('',#3992,#3993);
#3992 = CARTESIAN_POINT('',(242.400004,21.1,100.));
#3993 = VECTOR('',#3994,1.);
#3994 = DIRECTION('',(1.,0.,0.));
#3995 = ORIENTED_EDGE('',*,*,#3996,.T.);
#3996 = EDGE_CURVE('',#3989,#3997,#3999,.T.);
#3997 = VERTEX_POINT('',#3998);
#3998 = CARTESIAN_POINT('',(257.600004,16.,100.));
#3999 = LINE('',#4000,#4001);
#4000 = CARTESIAN_POINT('',(257.600004,21.1,100.));
#4001 = VECTOR('',#4002,1.);
#4002 = DIRECTION('',(0.,-1.,0.));
#4003 = ORIENTED_EDGE('',*,*,#4004,.T.);
#4004 = EDGE_CURVE('',#3997,#2348,#4005,.T.);
#4005 = LINE('',#4006,#4007);
#4006 = CARTESIAN_POINT('',(257.600004,16.,100.));
#4007 = VECTOR('',#4008,1.);
#4008 = DIRECTION('',(1.,0.,0.));
#4009 = ORIENTED_EDGE('',*,*,#2355,.T.);
#4010 = ORIENTED_EDGE('',*,*,#1809,.T.);
#4011 = ORIENTED_EDGE('',*,*,#4012,.T.);
#4012 = EDGE_CURVE('',#1624,#4013,#4015,.T.);
#4013 = VERTEX_POINT('',#4014);
#4014 = CARTESIAN_POINT('',(270.,15.9,100.));
#4015 = LINE('',#4016,#4017);
#4016 = CARTESIAN_POINT('',(270.,-1.,100.));
#4017 = VECTOR('',#4018,1.);
#4018 = DIRECTION('',(0.,1.,0.));
#4019 = ORIENTED_EDGE('',*,*,#4020,.T.);
#4020 = EDGE_CURVE('',#4013,#4021,#4023,.T.);
#4021 = VERTEX_POINT('',#4022);
#4022 = CARTESIAN_POINT('',(262.900004,15.9,100.));
#4023 = LINE('',#4024,#4025);
#4024 = CARTESIAN_POINT('',(270.,15.9,100.));
#4025 = VECTOR('',#4026,1.);
#4026 = DIRECTION('',(-1.,0.,0.));
#4027 = ORIENTED_EDGE('',*,*,#4028,.T.);
#4028 = EDGE_CURVE('',#4021,#3939,#4029,.T.);
#4029 = LINE('',#4030,#4031);
#4030 = CARTESIAN_POINT('',(262.900004,15.9,100.));
#4031 = VECTOR('',#4032,1.);
#4032 = DIRECTION('',(0.,1.,0.));
#4033 = PLANE('',#4034);
#4034 = AXIS2_PLACEMENT_3D('',#4035,#4036,#4037);
#4035 = CARTESIAN_POINT('',(117.1551978099,31.564999199091,100.));
#4036 = DIRECTION('',(0.,0.,1.));
#4037 = DIRECTION('',(1.,0.,0.));
#4038 = ADVANCED_FACE('',(#4039),#4050,.T.);
#4039 = FACE_BOUND('',#4040,.T.);
#4040 = EDGE_LOOP('',(#4041,#4042,#4048,#4049));
#4041 = ORIENTED_EDGE('',*,*,#3730,.F.);
#4042 = ORIENTED_EDGE('',*,*,#4043,.T.);
#4043 = EDGE_CURVE('',#3731,#3957,#4044,.T.);
#4044 = LINE('',#4045,#4046);
#4045 = CARTESIAN_POINT('',(230.000003,15.9,109.));
#4046 = VECTOR('',#4047,1.);
#4047 = DIRECTION('',(-0.,-0.,-1.));
#4048 = ORIENTED_EDGE('',*,*,#3964,.T.);
#4049 = ORIENTED_EDGE('',*,*,#1769,.T.);
#4050 = PLANE('',#4051);
#4051 = AXIS2_PLACEMENT_3D('',#4052,#4053,#4054);
#4052 = CARTESIAN_POINT('',(230.000003,15.9,109.));
#4053 = DIRECTION('',(-1.,0.,0.));
#4054 = DIRECTION('',(0.,-1.,0.));
#4055 = ADVANCED_FACE('',(#4056),#4074,.F.);
#4056 = FACE_BOUND('',#4057,.F.);
#4057 = EDGE_LOOP('',(#4058,#4059,#4067,#4073));
#4058 = ORIENTED_EDGE('',*,*,#3723,.F.);
#4059 = ORIENTED_EDGE('',*,*,#4060,.T.);
#4060 = EDGE_CURVE('',#3716,#4061,#4063,.T.);
#4061 = VERTEX_POINT('',#4062);
#4062 = CARTESIAN_POINT('',(180.000003,15.9,100.));
#4063 = LINE('',#4064,#4065);
#4064 = CARTESIAN_POINT('',(180.000003,15.9,109.));
#4065 = VECTOR('',#4066,1.);
#4066 = DIRECTION('',(-0.,-0.,-1.));
#4067 = ORIENTED_EDGE('',*,*,#4068,.T.);
#4068 = EDGE_CURVE('',#4061,#1746,#4069,.T.);
#4069 = LINE('',#4070,#4071);
#4070 = CARTESIAN_POINT('',(180.000003,15.9,100.));
#4071 = VECTOR('',#4072,1.);
#4072 = DIRECTION('',(0.,-1.,0.));
#4073 = ORIENTED_EDGE('',*,*,#1753,.T.);
#4074 = PLANE('',#4075);
#4075 = AXIS2_PLACEMENT_3D('',#4076,#4077,#4078);
#4076 = CARTESIAN_POINT('',(180.000003,15.9,109.));
#4077 = DIRECTION('',(-1.,0.,0.));
#4078 = DIRECTION('',(0.,-1.,0.));
#4079 = ADVANCED_FACE('',(#4080),#4171,.F.);
#4080 = FACE_BOUND('',#4081,.F.);
#4081 = EDGE_LOOP('',(#4082,#4083,#4091,#4099,#4107,#4115,#4121,#4122,
    #4123,#4124,#4132,#4140,#4148,#4156,#4164,#4170));
#4082 = ORIENTED_EDGE('',*,*,#2461,.F.);
#4083 = ORIENTED_EDGE('',*,*,#4084,.T.);
#4084 = EDGE_CURVE('',#2462,#4085,#4087,.T.);
#4085 = VERTEX_POINT('',#4086);
#4086 = CARTESIAN_POINT('',(152.400002,16.,100.));
#4087 = LINE('',#4088,#4089);
#4088 = CARTESIAN_POINT('',(148.,16.,100.));
#4089 = VECTOR('',#4090,1.);
#4090 = DIRECTION('',(1.,0.,0.));
#4091 = ORIENTED_EDGE('',*,*,#4092,.T.);
#4092 = EDGE_CURVE('',#4085,#4093,#4095,.T.);
#4093 = VERTEX_POINT('',#4094);
#4094 = CARTESIAN_POINT('',(152.400002,21.1,100.));
#4095 = LINE('',#4096,#4097);
#4096 = CARTESIAN_POINT('',(152.400002,16.,100.));
#4097 = VECTOR('',#4098,1.);
#4098 = DIRECTION('',(0.,1.,0.));
#4099 = ORIENTED_EDGE('',*,*,#4100,.T.);
#4100 = EDGE_CURVE('',#4093,#4101,#4103,.T.);
#4101 = VERTEX_POINT('',#4102);
#4102 = CARTESIAN_POINT('',(167.600002,21.1,100.));
#4103 = LINE('',#4104,#4105);
#4104 = CARTESIAN_POINT('',(152.400002,21.1,100.));
#4105 = VECTOR('',#4106,1.);
#4106 = DIRECTION('',(1.,0.,0.));
#4107 = ORIENTED_EDGE('',*,*,#4108,.T.);
#4108 = EDGE_CURVE('',#4101,#4109,#4111,.T.);
#4109 = VERTEX_POINT('',#4110);
#4110 = CARTESIAN_POINT('',(167.600002,16.,100.));
#4111 = LINE('',#4112,#4113);
#4112 = CARTESIAN_POINT('',(167.600002,21.1,100.));
#4113 = VECTOR('',#4114,1.);
#4114 = DIRECTION('',(0.,-1.,0.));
#4115 = ORIENTED_EDGE('',*,*,#4116,.T.);
#4116 = EDGE_CURVE('',#4109,#2422,#4117,.T.);
#4117 = LINE('',#4118,#4119);
#4118 = CARTESIAN_POINT('',(167.600002,16.,100.));
#4119 = VECTOR('',#4120,1.);
#4120 = DIRECTION('',(1.,0.,0.));
#4121 = ORIENTED_EDGE('',*,*,#2429,.F.);
#4122 = ORIENTED_EDGE('',*,*,#1745,.T.);
#4123 = ORIENTED_EDGE('',*,*,#4068,.F.);
#4124 = ORIENTED_EDGE('',*,*,#4125,.F.);
#4125 = EDGE_CURVE('',#4126,#4061,#4128,.T.);
#4126 = VERTEX_POINT('',#4127);
#4127 = CARTESIAN_POINT('',(172.900003,15.9,100.));
#4128 = LINE('',#4129,#4130);
#4129 = CARTESIAN_POINT('',(172.900003,15.9,100.));
#4130 = VECTOR('',#4131,1.);
#4131 = DIRECTION('',(1.,0.,0.));
#4132 = ORIENTED_EDGE('',*,*,#4133,.F.);
#4133 = EDGE_CURVE('',#4134,#4126,#4136,.T.);
#4134 = VERTEX_POINT('',#4135);
#4135 = CARTESIAN_POINT('',(172.900003,29.9,100.));
#4136 = LINE('',#4137,#4138);
#4137 = CARTESIAN_POINT('',(172.900003,29.9,100.));
#4138 = VECTOR('',#4139,1.);
#4139 = DIRECTION('',(0.,-1.,0.));
#4140 = ORIENTED_EDGE('',*,*,#4141,.F.);
#4141 = EDGE_CURVE('',#4142,#4134,#4144,.T.);
#4142 = VERTEX_POINT('',#4143);
#4143 = CARTESIAN_POINT('',(147.100002,29.9,100.));
#4144 = LINE('',#4145,#4146);
#4145 = CARTESIAN_POINT('',(147.100002,29.9,100.));
#4146 = VECTOR('',#4147,1.);
#4147 = DIRECTION('',(1.,0.,0.));
#4148 = ORIENTED_EDGE('',*,*,#4149,.F.);
#4149 = EDGE_CURVE('',#4150,#4142,#4152,.T.);
#4150 = VERTEX_POINT('',#4151);
#4151 = CARTESIAN_POINT('',(147.100002,15.8,100.));
#4152 = LINE('',#4153,#4154);
#4153 = CARTESIAN_POINT('',(147.100002,15.8,100.));
#4154 = VECTOR('',#4155,1.);
#4155 = DIRECTION('',(0.,1.,0.));
#4156 = ORIENTED_EDGE('',*,*,#4157,.F.);
#4157 = EDGE_CURVE('',#4158,#4150,#4160,.T.);
#4158 = VERTEX_POINT('',#4159);
#4159 = CARTESIAN_POINT('',(140.,15.8,100.));
#4160 = LINE('',#4161,#4162);
#4161 = CARTESIAN_POINT('',(140.,15.8,100.));
#4162 = VECTOR('',#4163,1.);
#4163 = DIRECTION('',(1.,0.,0.));
#4164 = ORIENTED_EDGE('',*,*,#4165,.F.);
#4165 = EDGE_CURVE('',#1706,#4158,#4166,.T.);
#4166 = LINE('',#4167,#4168);
#4167 = CARTESIAN_POINT('',(140.,-1.,100.));
#4168 = VECTOR('',#4169,1.);
#4169 = DIRECTION('',(0.,1.,0.));
#4170 = ORIENTED_EDGE('',*,*,#1713,.T.);
#4171 = PLANE('',#4172);
#4172 = AXIS2_PLACEMENT_3D('',#4173,#4174,#4175);
#4173 = CARTESIAN_POINT('',(117.1551978099,31.564999199091,100.));
#4174 = DIRECTION('',(0.,0.,1.));
#4175 = DIRECTION('',(1.,0.,0.));
#4176 = ADVANCED_FACE('',(#4177),#4188,.F.);
#4177 = FACE_BOUND('',#4178,.F.);
#4178 = EDGE_LOOP('',(#4179,#4180,#4181,#4182));
#4179 = ORIENTED_EDGE('',*,*,#3675,.F.);
#4180 = ORIENTED_EDGE('',*,*,#1705,.T.);
#4181 = ORIENTED_EDGE('',*,*,#4165,.T.);
#4182 = ORIENTED_EDGE('',*,*,#4183,.F.);
#4183 = EDGE_CURVE('',#3676,#4158,#4184,.T.);
#4184 = LINE('',#4185,#4186);
#4185 = CARTESIAN_POINT('',(140.,15.8,109.));
#4186 = VECTOR('',#4187,1.);
#4187 = DIRECTION('',(-0.,-0.,-1.));
#4188 = PLANE('',#4189);
#4189 = AXIS2_PLACEMENT_3D('',#4190,#4191,#4192);
#4190 = CARTESIAN_POINT('',(140.,-1.,109.));
#4191 = DIRECTION('',(1.,0.,0.));
#4192 = DIRECTION('',(0.,1.,0.));
#4193 = ADVANCED_FACE('',(#4194),#4212,.T.);
#4194 = FACE_BOUND('',#4195,.T.);
#4195 = EDGE_LOOP('',(#4196,#4197,#4198,#4206));
#4196 = ORIENTED_EDGE('',*,*,#3668,.F.);
#4197 = ORIENTED_EDGE('',*,*,#1689,.T.);
#4198 = ORIENTED_EDGE('',*,*,#4199,.T.);
#4199 = EDGE_CURVE('',#1682,#4200,#4202,.T.);
#4200 = VERTEX_POINT('',#4201);
#4201 = CARTESIAN_POINT('',(90.,15.,100.));
#4202 = LINE('',#4203,#4204);
#4203 = CARTESIAN_POINT('',(90.,-1.,100.));
#4204 = VECTOR('',#4205,1.);
#4205 = DIRECTION('',(0.,1.,0.));
#4206 = ORIENTED_EDGE('',*,*,#4207,.F.);
#4207 = EDGE_CURVE('',#3661,#4200,#4208,.T.);
#4208 = LINE('',#4209,#4210);
#4209 = CARTESIAN_POINT('',(90.,15.,109.));
#4210 = VECTOR('',#4211,1.);
#4211 = DIRECTION('',(-0.,-0.,-1.));
#4212 = PLANE('',#4213);
#4213 = AXIS2_PLACEMENT_3D('',#4214,#4215,#4216);
#4214 = CARTESIAN_POINT('',(90.,-1.,109.));
#4215 = DIRECTION('',(1.,0.,0.));
#4216 = DIRECTION('',(0.,1.,0.));
#4217 = ADVANCED_FACE('',(#4218),#4317,.F.);
#4218 = FACE_BOUND('',#4219,.F.);
#4219 = EDGE_LOOP('',(#4220,#4221,#4222,#4230,#4238,#4246,#4254,#4260,
    #4261,#4262,#4263,#4271,#4279,#4287,#4295,#4303,#4311));
#4220 = ORIENTED_EDGE('',*,*,#1649,.T.);
#4221 = ORIENTED_EDGE('',*,*,#2535,.T.);
#4222 = ORIENTED_EDGE('',*,*,#4223,.T.);
#4223 = EDGE_CURVE('',#2536,#4224,#4226,.T.);
#4224 = VERTEX_POINT('',#4225);
#4225 = CARTESIAN_POINT('',(62.400001,16.,100.));
#4226 = LINE('',#4227,#4228);
#4227 = CARTESIAN_POINT('',(58.,16.,100.));
#4228 = VECTOR('',#4229,1.);
#4229 = DIRECTION('',(1.,0.,0.));
#4230 = ORIENTED_EDGE('',*,*,#4231,.T.);
#4231 = EDGE_CURVE('',#4224,#4232,#4234,.T.);
#4232 = VERTEX_POINT('',#4233);
#4233 = CARTESIAN_POINT('',(62.400001,21.1,100.));
#4234 = LINE('',#4235,#4236);
#4235 = CARTESIAN_POINT('',(62.400001,16.,100.));
#4236 = VECTOR('',#4237,1.);
#4237 = DIRECTION('',(0.,1.,0.));
#4238 = ORIENTED_EDGE('',*,*,#4239,.T.);
#4239 = EDGE_CURVE('',#4232,#4240,#4242,.T.);
#4240 = VERTEX_POINT('',#4241);
#4241 = CARTESIAN_POINT('',(77.600001,21.1,100.));
#4242 = LINE('',#4243,#4244);
#4243 = CARTESIAN_POINT('',(62.400001,21.1,100.));
#4244 = VECTOR('',#4245,1.);
#4245 = DIRECTION('',(1.,0.,0.));
#4246 = ORIENTED_EDGE('',*,*,#4247,.T.);
#4247 = EDGE_CURVE('',#4240,#4248,#4250,.T.);
#4248 = VERTEX_POINT('',#4249);
#4249 = CARTESIAN_POINT('',(77.600001,16.,100.));
#4250 = LINE('',#4251,#4252);
#4251 = CARTESIAN_POINT('',(77.600001,21.1,100.));
#4252 = VECTOR('',#4253,1.);
#4253 = DIRECTION('',(0.,-1.,0.));
#4254 = ORIENTED_EDGE('',*,*,#4255,.T.);
#4255 = EDGE_CURVE('',#4248,#2496,#4256,.T.);
#4256 = LINE('',#4257,#4258);
#4257 = CARTESIAN_POINT('',(77.600001,16.,100.));
#4258 = VECTOR('',#4259,1.);
#4259 = DIRECTION('',(1.,0.,0.));
#4260 = ORIENTED_EDGE('',*,*,#2503,.T.);
#4261 = ORIENTED_EDGE('',*,*,#1681,.T.);
#4262 = ORIENTED_EDGE('',*,*,#4199,.T.);
#4263 = ORIENTED_EDGE('',*,*,#4264,.T.);
#4264 = EDGE_CURVE('',#4200,#4265,#4267,.T.);
#4265 = VERTEX_POINT('',#4266);
#4266 = CARTESIAN_POINT('',(82.9,15.,100.));
#4267 = LINE('',#4268,#4269);
#4268 = CARTESIAN_POINT('',(90.,15.,100.));
#4269 = VECTOR('',#4270,1.);
#4270 = DIRECTION('',(-1.,0.,0.));
#4271 = ORIENTED_EDGE('',*,*,#4272,.T.);
#4272 = EDGE_CURVE('',#4265,#4273,#4275,.T.);
#4273 = VERTEX_POINT('',#4274);
#4274 = CARTESIAN_POINT('',(82.9,29.9,100.));
#4275 = LINE('',#4276,#4277);
#4276 = CARTESIAN_POINT('',(82.9,17.,100.));
#4277 = VECTOR('',#4278,1.);
#4278 = DIRECTION('',(0.,1.,0.));
#4279 = ORIENTED_EDGE('',*,*,#4280,.T.);
#4280 = EDGE_CURVE('',#4273,#4281,#4283,.T.);
#4281 = VERTEX_POINT('',#4282);
#4282 = CARTESIAN_POINT('',(57.1,29.9,100.));
#4283 = LINE('',#4284,#4285);
#4284 = CARTESIAN_POINT('',(82.9,29.9,100.));
#4285 = VECTOR('',#4286,1.);
#4286 = DIRECTION('',(-1.,0.,0.));
#4287 = ORIENTED_EDGE('',*,*,#4288,.T.);
#4288 = EDGE_CURVE('',#4281,#4289,#4291,.T.);
#4289 = VERTEX_POINT('',#4290);
#4290 = CARTESIAN_POINT('',(57.1,16.,100.));
#4291 = LINE('',#4292,#4293);
#4292 = CARTESIAN_POINT('',(57.1,17.,100.));
#4293 = VECTOR('',#4294,1.);
#4294 = DIRECTION('',(0.,-1.,0.));
#4295 = ORIENTED_EDGE('',*,*,#4296,.T.);
#4296 = EDGE_CURVE('',#4289,#4297,#4299,.T.);
#4297 = VERTEX_POINT('',#4298);
#4298 = CARTESIAN_POINT('',(56.,15.,100.));
#4299 = LINE('',#4300,#4301);
#4300 = CARTESIAN_POINT('',(57.1,16.,100.));
#4301 = VECTOR('',#4302,1.);
#4302 = DIRECTION('',(-0.739940073396,-0.672672793996,0.));
#4303 = ORIENTED_EDGE('',*,*,#4304,.T.);
#4304 = EDGE_CURVE('',#4297,#4305,#4307,.T.);
#4305 = VERTEX_POINT('',#4306);
#4306 = CARTESIAN_POINT('',(50.,15.,100.));
#4307 = LINE('',#4308,#4309);
#4308 = CARTESIAN_POINT('',(56.,15.,100.));
#4309 = VECTOR('',#4310,1.);
#4310 = DIRECTION('',(-1.,0.,0.));
#4311 = ORIENTED_EDGE('',*,*,#4312,.T.);
#4312 = EDGE_CURVE('',#4305,#1642,#4313,.T.);
#4313 = LINE('',#4314,#4315);
#4314 = CARTESIAN_POINT('',(50.,15.,100.));
#4315 = VECTOR('',#4316,1.);
#4316 = DIRECTION('',(0.,-1.,0.));
#4317 = PLANE('',#4318);
#4318 = AXIS2_PLACEMENT_3D('',#4319,#4320,#4321);
#4319 = CARTESIAN_POINT('',(117.1551978099,31.564999199091,100.));
#4320 = DIRECTION('',(0.,0.,1.));
#4321 = DIRECTION('',(1.,0.,0.));
#4322 = ADVANCED_FACE('',(#4323),#4334,.T.);
#4323 = FACE_BOUND('',#4324,.T.);
#4324 = EDGE_LOOP('',(#4325,#4326,#4332,#4333));
#4325 = ORIENTED_EDGE('',*,*,#3611,.F.);
#4326 = ORIENTED_EDGE('',*,*,#4327,.T.);
#4327 = EDGE_CURVE('',#3612,#4305,#4328,.T.);
#4328 = LINE('',#4329,#4330);
#4329 = CARTESIAN_POINT('',(50.,15.,109.));
#4330 = VECTOR('',#4331,1.);
#4331 = DIRECTION('',(-0.,-0.,-1.));
#4332 = ORIENTED_EDGE('',*,*,#4312,.T.);
#4333 = ORIENTED_EDGE('',*,*,#1641,.T.);
#4334 = PLANE('',#4335);
#4335 = AXIS2_PLACEMENT_3D('',#4336,#4337,#4338);
#4336 = CARTESIAN_POINT('',(50.,15.,109.));
#4337 = DIRECTION('',(-1.,0.,0.));
#4338 = DIRECTION('',(0.,-1.,0.));
#4339 = ADVANCED_FACE('',(#4340),#4351,.T.);
#4340 = FACE_BOUND('',#4341,.T.);
#4341 = EDGE_LOOP('',(#4342,#4343,#4344,#4345));
#4342 = ORIENTED_EDGE('',*,*,#3558,.F.);
#4343 = ORIENTED_EDGE('',*,*,#1824,.F.);
#4344 = ORIENTED_EDGE('',*,*,#4012,.T.);
#4345 = ORIENTED_EDGE('',*,*,#4346,.F.);
#4346 = EDGE_CURVE('',#3559,#4013,#4347,.T.);
#4347 = LINE('',#4348,#4349);
#4348 = CARTESIAN_POINT('',(270.,15.9,109.));
#4349 = VECTOR('',#4350,1.);
#4350 = DIRECTION('',(-0.,-0.,-1.));
#4351 = PLANE('',#4352);
#4352 = AXIS2_PLACEMENT_3D('',#4353,#4354,#4355);
#4353 = CARTESIAN_POINT('',(270.,-1.,109.));
#4354 = DIRECTION('',(1.,0.,0.));
#4355 = DIRECTION('',(0.,1.,0.));
#4356 = ADVANCED_FACE('',(#4357),#4386,.T.);
#4357 = FACE_BOUND('',#4358,.T.);
#4358 = EDGE_LOOP('',(#4359,#4360,#4361,#4369,#4377,#4383,#4384,#4385));
#4359 = ORIENTED_EDGE('',*,*,#2395,.T.);
#4360 = ORIENTED_EDGE('',*,*,#3972,.T.);
#4361 = ORIENTED_EDGE('',*,*,#4362,.F.);
#4362 = EDGE_CURVE('',#4363,#3973,#4365,.T.);
#4363 = VERTEX_POINT('',#4364);
#4364 = CARTESIAN_POINT('',(242.400004,16.,109.));
#4365 = LINE('',#4366,#4367);
#4366 = CARTESIAN_POINT('',(242.400004,16.,109.));
#4367 = VECTOR('',#4368,1.);
#4368 = DIRECTION('',(-0.,-0.,-1.));
#4369 = ORIENTED_EDGE('',*,*,#4370,.T.);
#4370 = EDGE_CURVE('',#4363,#4371,#4373,.T.);
#4371 = VERTEX_POINT('',#4372);
#4372 = CARTESIAN_POINT('',(257.600004,16.,109.));
#4373 = LINE('',#4374,#4375);
#4374 = CARTESIAN_POINT('',(238.,16.,109.));
#4375 = VECTOR('',#4376,1.);
#4376 = DIRECTION('',(1.,0.,0.));
#4377 = ORIENTED_EDGE('',*,*,#4378,.T.);
#4378 = EDGE_CURVE('',#4371,#3997,#4379,.T.);
#4379 = LINE('',#4380,#4381);
#4380 = CARTESIAN_POINT('',(257.600004,16.,109.));
#4381 = VECTOR('',#4382,1.);
#4382 = DIRECTION('',(-0.,-0.,-1.));
#4383 = ORIENTED_EDGE('',*,*,#4004,.T.);
#4384 = ORIENTED_EDGE('',*,*,#2347,.T.);
#4385 = ORIENTED_EDGE('',*,*,#2269,.F.);
#4386 = PLANE('',#4387);
#4387 = AXIS2_PLACEMENT_3D('',#4388,#4389,#4390);
#4388 = CARTESIAN_POINT('',(250.00000076595,16.,107.97659574468));
#4389 = DIRECTION('',(-0.,-1.,-0.));
#4390 = DIRECTION('',(0.,0.,-1.));
#4391 = ADVANCED_FACE('',(#4392),#4421,.T.);
#4392 = FACE_BOUND('',#4393,.T.);
#4393 = EDGE_LOOP('',(#4394,#4395,#4396,#4404,#4412,#4418,#4419,#4420));
#4394 = ORIENTED_EDGE('',*,*,#2469,.T.);
#4395 = ORIENTED_EDGE('',*,*,#4084,.T.);
#4396 = ORIENTED_EDGE('',*,*,#4397,.F.);
#4397 = EDGE_CURVE('',#4398,#4085,#4400,.T.);
#4398 = VERTEX_POINT('',#4399);
#4399 = CARTESIAN_POINT('',(152.400002,16.,109.));
#4400 = LINE('',#4401,#4402);
#4401 = CARTESIAN_POINT('',(152.400002,16.,109.));
#4402 = VECTOR('',#4403,1.);
#4403 = DIRECTION('',(-0.,-0.,-1.));
#4404 = ORIENTED_EDGE('',*,*,#4405,.T.);
#4405 = EDGE_CURVE('',#4398,#4406,#4408,.T.);
#4406 = VERTEX_POINT('',#4407);
#4407 = CARTESIAN_POINT('',(167.600002,16.,109.));
#4408 = LINE('',#4409,#4410);
#4409 = CARTESIAN_POINT('',(148.,16.,109.));
#4410 = VECTOR('',#4411,1.);
#4411 = DIRECTION('',(1.,0.,0.));
#4412 = ORIENTED_EDGE('',*,*,#4413,.T.);
#4413 = EDGE_CURVE('',#4406,#4109,#4414,.T.);
#4414 = LINE('',#4415,#4416);
#4415 = CARTESIAN_POINT('',(167.600002,16.,109.));
#4416 = VECTOR('',#4417,1.);
#4417 = DIRECTION('',(-0.,-0.,-1.));
#4418 = ORIENTED_EDGE('',*,*,#4116,.T.);
#4419 = ORIENTED_EDGE('',*,*,#2421,.T.);
#4420 = ORIENTED_EDGE('',*,*,#2246,.F.);
#4421 = PLANE('',#4422);
#4422 = AXIS2_PLACEMENT_3D('',#4423,#4424,#4425);
#4423 = CARTESIAN_POINT('',(160.00000038297,16.,107.97659574468));
#4424 = DIRECTION('',(-0.,-1.,-0.));
#4425 = DIRECTION('',(0.,0.,-1.));
#4426 = ADVANCED_FACE('',(#4427),#4456,.T.);
#4427 = FACE_BOUND('',#4428,.T.);
#4428 = EDGE_LOOP('',(#4429,#4430,#4431,#4439,#4447,#4453,#4454,#4455));
#4429 = ORIENTED_EDGE('',*,*,#2543,.T.);
#4430 = ORIENTED_EDGE('',*,*,#4223,.T.);
#4431 = ORIENTED_EDGE('',*,*,#4432,.F.);
#4432 = EDGE_CURVE('',#4433,#4224,#4435,.T.);
#4433 = VERTEX_POINT('',#4434);
#4434 = CARTESIAN_POINT('',(62.400001,16.,109.));
#4435 = LINE('',#4436,#4437);
#4436 = CARTESIAN_POINT('',(62.400001,16.,109.));
#4437 = VECTOR('',#4438,1.);
#4438 = DIRECTION('',(-0.,-0.,-1.));
#4439 = ORIENTED_EDGE('',*,*,#4440,.T.);
#4440 = EDGE_CURVE('',#4433,#4441,#4443,.T.);
#4441 = VERTEX_POINT('',#4442);
#4442 = CARTESIAN_POINT('',(77.600001,16.,109.));
#4443 = LINE('',#4444,#4445);
#4444 = CARTESIAN_POINT('',(58.,16.,109.));
#4445 = VECTOR('',#4446,1.);
#4446 = DIRECTION('',(1.,0.,0.));
#4447 = ORIENTED_EDGE('',*,*,#4448,.T.);
#4448 = EDGE_CURVE('',#4441,#4248,#4449,.T.);
#4449 = LINE('',#4450,#4451);
#4450 = CARTESIAN_POINT('',(77.600001,16.,109.));
#4451 = VECTOR('',#4452,1.);
#4452 = DIRECTION('',(-0.,-0.,-1.));
#4453 = ORIENTED_EDGE('',*,*,#4255,.T.);
#4454 = ORIENTED_EDGE('',*,*,#2495,.T.);
#4455 = ORIENTED_EDGE('',*,*,#2223,.F.);
#4456 = PLANE('',#4457);
#4457 = AXIS2_PLACEMENT_3D('',#4458,#4459,#4460);
#4458 = CARTESIAN_POINT('',(70.000000191489,16.,107.97659574468));
#4459 = DIRECTION('',(-0.,-1.,-0.));
#4460 = DIRECTION('',(0.,0.,-1.));
#4461 = ADVANCED_FACE('',(#4462),#4473,.F.);
#4462 = FACE_BOUND('',#4463,.F.);
#4463 = EDGE_LOOP('',(#4464,#4470,#4471,#4472));
#4464 = ORIENTED_EDGE('',*,*,#4465,.T.);
#4465 = EDGE_CURVE('',#2630,#2165,#4466,.T.);
#4466 = LINE('',#4467,#4468);
#4467 = CARTESIAN_POINT('',(9.1,50.000001,109.));
#4468 = VECTOR('',#4469,1.);
#4469 = DIRECTION('',(0.,0.,1.));
#4470 = ORIENTED_EDGE('',*,*,#2172,.T.);
#4471 = ORIENTED_EDGE('',*,*,#2613,.F.);
#4472 = ORIENTED_EDGE('',*,*,#2629,.F.);
#4473 = PLANE('',#4474);
#4474 = AXIS2_PLACEMENT_3D('',#4475,#4476,#4477);
#4475 = CARTESIAN_POINT('',(9.1,50.000001,109.));
#4476 = DIRECTION('',(0.,-1.,0.));
#4477 = DIRECTION('',(-1.,0.,0.));
#4478 = ADVANCED_FACE('',(#4479),#4499,.T.);
#4479 = FACE_BOUND('',#4480,.T.);
#4480 = EDGE_LOOP('',(#4481,#4489,#4495,#4496,#4497,#4498));
#4481 = ORIENTED_EDGE('',*,*,#4482,.F.);
#4482 = EDGE_CURVE('',#4483,#2157,#4485,.T.);
#4483 = VERTEX_POINT('',#4484);
#4484 = CARTESIAN_POINT('',(9.1,72.,109.));
#4485 = LINE('',#4486,#4487);
#4486 = CARTESIAN_POINT('',(9.1,72.,109.));
#4487 = VECTOR('',#4488,1.);
#4488 = DIRECTION('',(0.,0.,1.));
#4489 = ORIENTED_EDGE('',*,*,#4490,.T.);
#4490 = EDGE_CURVE('',#4483,#3876,#4491,.T.);
#4491 = LINE('',#4492,#4493);
#4492 = CARTESIAN_POINT('',(9.1,72.000001,109.));
#4493 = VECTOR('',#4494,1.);
#4494 = DIRECTION('',(-0.,-0.,-1.));
#4495 = ORIENTED_EDGE('',*,*,#3883,.F.);
#4496 = ORIENTED_EDGE('',*,*,#2637,.F.);
#4497 = ORIENTED_EDGE('',*,*,#4465,.T.);
#4498 = ORIENTED_EDGE('',*,*,#2164,.F.);
#4499 = PLANE('',#4500);
#4500 = AXIS2_PLACEMENT_3D('',#4501,#4502,#4503);
#4501 = CARTESIAN_POINT('',(9.1,61.0000005,106.99999980555));
#4502 = DIRECTION('',(-1.,-0.,-0.));
#4503 = DIRECTION('',(0.,0.,-1.));
#4504 = ADVANCED_FACE('',(#4505),#4523,.F.);
#4505 = FACE_BOUND('',#4506,.F.);
#4506 = EDGE_LOOP('',(#4507,#4515,#4516,#4517));
#4507 = ORIENTED_EDGE('',*,*,#4508,.T.);
#4508 = EDGE_CURVE('',#4509,#2149,#4511,.T.);
#4509 = VERTEX_POINT('',#4510);
#4510 = CARTESIAN_POINT('',(-2.,72.,109.));
#4511 = LINE('',#4512,#4513);
#4512 = CARTESIAN_POINT('',(-2.,72.,109.));
#4513 = VECTOR('',#4514,1.);
#4514 = DIRECTION('',(0.,0.,1.));
#4515 = ORIENTED_EDGE('',*,*,#2156,.T.);
#4516 = ORIENTED_EDGE('',*,*,#4482,.F.);
#4517 = ORIENTED_EDGE('',*,*,#4518,.F.);
#4518 = EDGE_CURVE('',#4509,#4483,#4519,.T.);
#4519 = LINE('',#4520,#4521);
#4520 = CARTESIAN_POINT('',(-2.,72.,109.));
#4521 = VECTOR('',#4522,1.);
#4522 = DIRECTION('',(1.,0.,0.));
#4523 = PLANE('',#4524);
#4524 = AXIS2_PLACEMENT_3D('',#4525,#4526,#4527);
#4525 = CARTESIAN_POINT('',(-2.,72.,109.));
#4526 = DIRECTION('',(0.,1.,0.));
#4527 = DIRECTION('',(1.,0.,0.));
#4528 = ADVANCED_FACE('',(#4529),#4554,.T.);
#4529 = FACE_BOUND('',#4530,.T.);
#4530 = EDGE_LOOP('',(#4531,#4539,#4545,#4546,#4552,#4553));
#4531 = ORIENTED_EDGE('',*,*,#4532,.F.);
#4532 = EDGE_CURVE('',#4533,#2141,#4535,.T.);
#4533 = VERTEX_POINT('',#4534);
#4534 = CARTESIAN_POINT('',(-2.,76.000001,109.));
#4535 = LINE('',#4536,#4537);
#4536 = CARTESIAN_POINT('',(-2.,76.000001,109.));
#4537 = VECTOR('',#4538,1.);
#4538 = DIRECTION('',(0.,0.,1.));
#4539 = ORIENTED_EDGE('',*,*,#4540,.T.);
#4540 = EDGE_CURVE('',#4533,#3860,#4541,.T.);
#4541 = LINE('',#4542,#4543);
#4542 = CARTESIAN_POINT('',(-2.,76.,109.));
#4543 = VECTOR('',#4544,1.);
#4544 = DIRECTION('',(-0.,-0.,-1.));
#4545 = ORIENTED_EDGE('',*,*,#3867,.F.);
#4546 = ORIENTED_EDGE('',*,*,#4547,.F.);
#4547 = EDGE_CURVE('',#4509,#3868,#4548,.T.);
#4548 = LINE('',#4549,#4550);
#4549 = CARTESIAN_POINT('',(-2.,72.000001,109.));
#4550 = VECTOR('',#4551,1.);
#4551 = DIRECTION('',(-0.,-0.,-1.));
#4552 = ORIENTED_EDGE('',*,*,#4508,.T.);
#4553 = ORIENTED_EDGE('',*,*,#2148,.F.);
#4554 = PLANE('',#4555);
#4555 = AXIS2_PLACEMENT_3D('',#4556,#4557,#4558);
#4556 = CARTESIAN_POINT('',(-2.,74.0000005,107.00000038888));
#4557 = DIRECTION('',(-1.,-0.,-0.));
#4558 = DIRECTION('',(0.,0.,-1.));
#4559 = ADVANCED_FACE('',(#4560),#4578,.F.);
#4560 = FACE_BOUND('',#4561,.F.);
#4561 = EDGE_LOOP('',(#4562,#4570,#4571,#4572));
#4562 = ORIENTED_EDGE('',*,*,#4563,.T.);
#4563 = EDGE_CURVE('',#4564,#2133,#4566,.T.);
#4564 = VERTEX_POINT('',#4565);
#4565 = CARTESIAN_POINT('',(9.1,76.000001,109.));
#4566 = LINE('',#4567,#4568);
#4567 = CARTESIAN_POINT('',(9.1,76.000001,109.));
#4568 = VECTOR('',#4569,1.);
#4569 = DIRECTION('',(0.,0.,1.));
#4570 = ORIENTED_EDGE('',*,*,#2140,.T.);
#4571 = ORIENTED_EDGE('',*,*,#4532,.F.);
#4572 = ORIENTED_EDGE('',*,*,#4573,.F.);
#4573 = EDGE_CURVE('',#4564,#4533,#4574,.T.);
#4574 = LINE('',#4575,#4576);
#4575 = CARTESIAN_POINT('',(9.1,76.000001,109.));
#4576 = VECTOR('',#4577,1.);
#4577 = DIRECTION('',(-1.,0.,0.));
#4578 = PLANE('',#4579);
#4579 = AXIS2_PLACEMENT_3D('',#4580,#4581,#4582);
#4580 = CARTESIAN_POINT('',(9.1,76.000001,109.));
#4581 = DIRECTION('',(0.,-1.,0.));
#4582 = DIRECTION('',(-1.,0.,0.));
#4583 = ADVANCED_FACE('',(#4584),#4602,.T.);
#4584 = FACE_BOUND('',#4585,.T.);
#4585 = EDGE_LOOP('',(#4586,#4587,#4593,#4594,#4600,#4601));
#4586 = ORIENTED_EDGE('',*,*,#2737,.F.);
#4587 = ORIENTED_EDGE('',*,*,#4588,.T.);
#4588 = EDGE_CURVE('',#2730,#3844,#4589,.T.);
#4589 = LINE('',#4590,#4591);
#4590 = CARTESIAN_POINT('',(9.1,98.000001,109.));
#4591 = VECTOR('',#4592,1.);
#4592 = DIRECTION('',(-0.,-0.,-1.));
#4593 = ORIENTED_EDGE('',*,*,#3851,.F.);
#4594 = ORIENTED_EDGE('',*,*,#4595,.F.);
#4595 = EDGE_CURVE('',#4564,#3852,#4596,.T.);
#4596 = LINE('',#4597,#4598);
#4597 = CARTESIAN_POINT('',(9.1,76.,109.));
#4598 = VECTOR('',#4599,1.);
#4599 = DIRECTION('',(-0.,-0.,-1.));
#4600 = ORIENTED_EDGE('',*,*,#4563,.T.);
#4601 = ORIENTED_EDGE('',*,*,#2132,.F.);
#4602 = PLANE('',#4603);
#4603 = AXIS2_PLACEMENT_3D('',#4604,#4605,#4606);
#4604 = CARTESIAN_POINT('',(9.1,87.0000005,106.99999980555));
#4605 = DIRECTION('',(-1.,-0.,-0.));
#4606 = DIRECTION('',(0.,0.,-1.));
#4607 = ADVANCED_FACE('',(#4608),#4627,.F.);
#4608 = FACE_BOUND('',#4609,.T.);
#4609 = EDGE_LOOP('',(#4610,#4618,#4619,#4620));
#4610 = ORIENTED_EDGE('',*,*,#4611,.F.);
#4611 = EDGE_CURVE('',#2289,#4612,#4614,.T.);
#4612 = VERTEX_POINT('',#4613);
#4613 = CARTESIAN_POINT('',(56.,22.,108.6));
#4614 = LINE('',#4615,#4616);
#4615 = CARTESIAN_POINT('',(56.,22.,114.));
#4616 = VECTOR('',#4617,1.);
#4617 = DIRECTION('',(0.,0.,-1.));
#4618 = ORIENTED_EDGE('',*,*,#2288,.T.);
#4619 = ORIENTED_EDGE('',*,*,#4611,.T.);
#4620 = ORIENTED_EDGE('',*,*,#4621,.F.);
#4621 = EDGE_CURVE('',#4612,#4612,#4622,.T.);
#4622 = CIRCLE('',#4623,5.);
#4623 = AXIS2_PLACEMENT_3D('',#4624,#4625,#4626);
#4624 = CARTESIAN_POINT('',(51.,22.,108.6));
#4625 = DIRECTION('',(0.,0.,1.));
#4626 = DIRECTION('',(1.,0.,0.));
#4627 = CYLINDRICAL_SURFACE('',#4628,5.);
#4628 = AXIS2_PLACEMENT_3D('',#4629,#4630,#4631);
#4629 = CARTESIAN_POINT('',(51.,22.,114.));
#4630 = DIRECTION('',(-0.,-0.,-1.));
#4631 = DIRECTION('',(1.,0.,0.));
#4632 = ADVANCED_FACE('',(#4633),#4652,.F.);
#4633 = FACE_BOUND('',#4634,.T.);
#4634 = EDGE_LOOP('',(#4635,#4643,#4644,#4645));
#4635 = ORIENTED_EDGE('',*,*,#4636,.F.);
#4636 = EDGE_CURVE('',#2300,#4637,#4639,.T.);
#4637 = VERTEX_POINT('',#4638);
#4638 = CARTESIAN_POINT('',(293.,23.,108.6));
#4639 = LINE('',#4640,#4641);
#4640 = CARTESIAN_POINT('',(293.,23.,114.));
#4641 = VECTOR('',#4642,1.);
#4642 = DIRECTION('',(0.,0.,-1.));
#4643 = ORIENTED_EDGE('',*,*,#2299,.T.);
#4644 = ORIENTED_EDGE('',*,*,#4636,.T.);
#4645 = ORIENTED_EDGE('',*,*,#4646,.F.);
#4646 = EDGE_CURVE('',#4637,#4637,#4647,.T.);
#4647 = CIRCLE('',#4648,5.);
#4648 = AXIS2_PLACEMENT_3D('',#4649,#4650,#4651);
#4649 = CARTESIAN_POINT('',(288.,23.,108.6));
#4650 = DIRECTION('',(0.,0.,1.));
#4651 = DIRECTION('',(1.,0.,0.));
#4652 = CYLINDRICAL_SURFACE('',#4653,5.);
#4653 = AXIS2_PLACEMENT_3D('',#4654,#4655,#4656);
#4654 = CARTESIAN_POINT('',(288.,23.,114.));
#4655 = DIRECTION('',(-0.,-0.,-1.));
#4656 = DIRECTION('',(1.,0.,0.));
#4657 = ADVANCED_FACE('',(#4658),#4677,.F.);
#4658 = FACE_BOUND('',#4659,.T.);
#4659 = EDGE_LOOP('',(#4660,#4668,#4669,#4670));
#4660 = ORIENTED_EDGE('',*,*,#4661,.F.);
#4661 = EDGE_CURVE('',#2311,#4662,#4664,.T.);
#4662 = VERTEX_POINT('',#4663);
#4663 = CARTESIAN_POINT('',(202.,38.,108.6));
#4664 = LINE('',#4665,#4666);
#4665 = CARTESIAN_POINT('',(202.,38.,114.));
#4666 = VECTOR('',#4667,1.);
#4667 = DIRECTION('',(0.,0.,-1.));
#4668 = ORIENTED_EDGE('',*,*,#2310,.T.);
#4669 = ORIENTED_EDGE('',*,*,#4661,.T.);
#4670 = ORIENTED_EDGE('',*,*,#4671,.F.);
#4671 = EDGE_CURVE('',#4662,#4662,#4672,.T.);
#4672 = CIRCLE('',#4673,5.);
#4673 = AXIS2_PLACEMENT_3D('',#4674,#4675,#4676);
#4674 = CARTESIAN_POINT('',(197.,38.,108.6));
#4675 = DIRECTION('',(0.,0.,1.));
#4676 = DIRECTION('',(1.,0.,0.));
#4677 = CYLINDRICAL_SURFACE('',#4678,5.);
#4678 = AXIS2_PLACEMENT_3D('',#4679,#4680,#4681);
#4679 = CARTESIAN_POINT('',(197.,38.,114.));
#4680 = DIRECTION('',(-0.,-0.,-1.));
#4681 = DIRECTION('',(1.,0.,0.));
#4682 = ADVANCED_FACE('',(#4683),#4702,.F.);
#4683 = FACE_BOUND('',#4684,.T.);
#4684 = EDGE_LOOP('',(#4685,#4693,#4694,#4695));
#4685 = ORIENTED_EDGE('',*,*,#4686,.F.);
#4686 = EDGE_CURVE('',#2322,#4687,#4689,.T.);
#4687 = VERTEX_POINT('',#4688);
#4688 = CARTESIAN_POINT('',(36.,89.,108.6));
#4689 = LINE('',#4690,#4691);
#4690 = CARTESIAN_POINT('',(36.,89.,114.));
#4691 = VECTOR('',#4692,1.);
#4692 = DIRECTION('',(0.,0.,-1.));
#4693 = ORIENTED_EDGE('',*,*,#2321,.T.);
#4694 = ORIENTED_EDGE('',*,*,#4686,.T.);
#4695 = ORIENTED_EDGE('',*,*,#4696,.F.);
#4696 = EDGE_CURVE('',#4687,#4687,#4697,.T.);
#4697 = CIRCLE('',#4698,5.);
#4698 = AXIS2_PLACEMENT_3D('',#4699,#4700,#4701);
#4699 = CARTESIAN_POINT('',(31.,89.,108.6));
#4700 = DIRECTION('',(0.,0.,1.));
#4701 = DIRECTION('',(1.,0.,0.));
#4702 = CYLINDRICAL_SURFACE('',#4703,5.);
#4703 = AXIS2_PLACEMENT_3D('',#4704,#4705,#4706);
#4704 = CARTESIAN_POINT('',(31.,89.,114.));
#4705 = DIRECTION('',(-0.,-0.,-1.));
#4706 = DIRECTION('',(1.,0.,0.));
#4707 = ADVANCED_FACE('',(#4708),#4714,.F.);
#4708 = FACE_BOUND('',#4709,.F.);
#4709 = EDGE_LOOP('',(#4710,#4711,#4712,#4713));
#4710 = ORIENTED_EDGE('',*,*,#2729,.T.);
#4711 = ORIENTED_EDGE('',*,*,#4588,.T.);
#4712 = ORIENTED_EDGE('',*,*,#3843,.T.);
#4713 = ORIENTED_EDGE('',*,*,#2721,.T.);
#4714 = PLANE('',#4715);
#4715 = AXIS2_PLACEMENT_3D('',#4716,#4717,#4718);
#4716 = CARTESIAN_POINT('',(9.1,98.000001,109.));
#4717 = DIRECTION('',(0.,1.,0.));
#4718 = DIRECTION('',(-1.,0.,0.));
#4719 = ADVANCED_FACE('',(#4720),#4731,.T.);
#4720 = FACE_BOUND('',#4721,.T.);
#4721 = EDGE_LOOP('',(#4722,#4723,#4724,#4730));
#4722 = ORIENTED_EDGE('',*,*,#2818,.T.);
#4723 = ORIENTED_EDGE('',*,*,#3098,.T.);
#4724 = ORIENTED_EDGE('',*,*,#4725,.F.);
#4725 = EDGE_CURVE('',#2871,#3090,#4726,.T.);
#4726 = LINE('',#4727,#4728);
#4727 = CARTESIAN_POINT('',(7.000000058846,153.,95.5));
#4728 = VECTOR('',#4729,1.);
#4729 = DIRECTION('',(0.,0.,1.));
#4730 = ORIENTED_EDGE('',*,*,#2879,.F.);
#4731 = PLANE('',#4732);
#4732 = AXIS2_PLACEMENT_3D('',#4733,#4734,#4735);
#4733 = CARTESIAN_POINT('',(-5.999999,153.,95.5));
#4734 = DIRECTION('',(0.,1.,0.));
#4735 = DIRECTION('',(1.,0.,0.));
#4736 = ADVANCED_FACE('',(#4737),#4748,.F.);
#4737 = FACE_BOUND('',#4738,.T.);
#4738 = EDGE_LOOP('',(#4739,#4740,#4741,#4747));
#4739 = ORIENTED_EDGE('',*,*,#4725,.T.);
#4740 = ORIENTED_EDGE('',*,*,#3089,.T.);
#4741 = ORIENTED_EDGE('',*,*,#4742,.F.);
#4742 = EDGE_CURVE('',#2863,#3082,#4743,.T.);
#4743 = LINE('',#4744,#4745);
#4744 = CARTESIAN_POINT('',(10.,155.999999,95.5));
#4745 = VECTOR('',#4746,1.);
#4746 = DIRECTION('',(0.,0.,1.));
#4747 = ORIENTED_EDGE('',*,*,#2870,.F.);
#4748 = CYLINDRICAL_SURFACE('',#4749,3.);
#4749 = AXIS2_PLACEMENT_3D('',#4750,#4751,#4752);
#4750 = CARTESIAN_POINT('',(7.,156.,95.5));
#4751 = DIRECTION('',(-0.,-0.,-1.));
#4752 = DIRECTION('',(1.,0.,0.));
#4753 = ADVANCED_FACE('',(#4754),#4760,.T.);
#4754 = FACE_BOUND('',#4755,.T.);
#4755 = EDGE_LOOP('',(#4756,#4757,#4758,#4759));
#4756 = ORIENTED_EDGE('',*,*,#4742,.T.);
#4757 = ORIENTED_EDGE('',*,*,#3081,.T.);
#4758 = ORIENTED_EDGE('',*,*,#2916,.F.);
#4759 = ORIENTED_EDGE('',*,*,#2862,.F.);
#4760 = PLANE('',#4761);
#4761 = AXIS2_PLACEMENT_3D('',#4762,#4763,#4764);
#4762 = CARTESIAN_POINT('',(10.,155.999999,95.5));
#4763 = DIRECTION('',(-1.,0.,0.));
#4764 = DIRECTION('',(0.,1.,0.));
#4765 = ADVANCED_FACE('',(#4766),#4777,.T.);
#4766 = FACE_BOUND('',#4767,.T.);
#4767 = EDGE_LOOP('',(#4768,#4769,#4770,#4776));
#4768 = ORIENTED_EDGE('',*,*,#2955,.T.);
#4769 = ORIENTED_EDGE('',*,*,#3126,.T.);
#4770 = ORIENTED_EDGE('',*,*,#4771,.F.);
#4771 = EDGE_CURVE('',#3013,#3118,#4772,.T.);
#4772 = LINE('',#4773,#4774);
#4773 = CARTESIAN_POINT('',(287.,155.99999896076,95.5));
#4774 = VECTOR('',#4775,1.);
#4775 = DIRECTION('',(0.,0.,1.));
#4776 = ORIENTED_EDGE('',*,*,#3021,.F.);
#4777 = PLANE('',#4778);
#4778 = AXIS2_PLACEMENT_3D('',#4779,#4780,#4781);
#4779 = CARTESIAN_POINT('',(287.,164.,95.5));
#4780 = DIRECTION('',(1.,0.,0.));
#4781 = DIRECTION('',(0.,-1.,0.));
#4782 = ADVANCED_FACE('',(#4783),#4794,.F.);
#4783 = FACE_BOUND('',#4784,.T.);
#4784 = EDGE_LOOP('',(#4785,#4786,#4787,#4793));
#4785 = ORIENTED_EDGE('',*,*,#4771,.T.);
#4786 = ORIENTED_EDGE('',*,*,#3117,.T.);
#4787 = ORIENTED_EDGE('',*,*,#4788,.F.);
#4788 = EDGE_CURVE('',#3005,#3110,#4789,.T.);
#4789 = LINE('',#4790,#4791);
#4790 = CARTESIAN_POINT('',(290.,153.,95.5));
#4791 = VECTOR('',#4792,1.);
#4792 = DIRECTION('',(0.,0.,1.));
#4793 = ORIENTED_EDGE('',*,*,#3012,.F.);
#4794 = CYLINDRICAL_SURFACE('',#4795,3.);
#4795 = AXIS2_PLACEMENT_3D('',#4796,#4797,#4798);
#4796 = CARTESIAN_POINT('',(290.,156.,95.5));
#4797 = DIRECTION('',(-0.,-0.,-1.));
#4798 = DIRECTION('',(1.,0.,0.));
#4799 = ADVANCED_FACE('',(#4800),#4806,.T.);
#4800 = FACE_BOUND('',#4801,.T.);
#4801 = EDGE_LOOP('',(#4802,#4803,#4804,#4805));
#4802 = ORIENTED_EDGE('',*,*,#4788,.T.);
#4803 = ORIENTED_EDGE('',*,*,#3109,.T.);
#4804 = ORIENTED_EDGE('',*,*,#3052,.F.);
#4805 = ORIENTED_EDGE('',*,*,#3004,.F.);
#4806 = PLANE('',#4807);
#4807 = AXIS2_PLACEMENT_3D('',#4808,#4809,#4810);
#4808 = CARTESIAN_POINT('',(290.,153.,95.5));
#4809 = DIRECTION('',(0.,1.,0.));
#4810 = DIRECTION('',(1.,0.,0.));
#4811 = ADVANCED_FACE('',(#4812),#4838,.F.);
#4812 = FACE_BOUND('',#4813,.F.);
#4813 = EDGE_LOOP('',(#4814,#4815,#4823,#4832));
#4814 = ORIENTED_EDGE('',*,*,#3135,.F.);
#4815 = ORIENTED_EDGE('',*,*,#4816,.T.);
#4816 = EDGE_CURVE('',#3136,#4817,#4819,.T.);
#4817 = VERTEX_POINT('',#4818);
#4818 = CARTESIAN_POINT('',(181.,143.,97.));
#4819 = LINE('',#4820,#4821);
#4820 = CARTESIAN_POINT('',(181.,143.,105.));
#4821 = VECTOR('',#4822,1.);
#4822 = DIRECTION('',(-0.,-0.,-1.));
#4823 = ORIENTED_EDGE('',*,*,#4824,.T.);
#4824 = EDGE_CURVE('',#4817,#4825,#4827,.T.);
#4825 = VERTEX_POINT('',#4826);
#4826 = CARTESIAN_POINT('',(172.000003,152.,97.));
#4827 = CIRCLE('',#4828,9.000000000001);
#4828 = AXIS2_PLACEMENT_3D('',#4829,#4830,#4831);
#4829 = CARTESIAN_POINT('',(172.,143.,97.));
#4830 = DIRECTION('',(0.,0.,1.));
#4831 = DIRECTION('',(1.,0.,0.));
#4832 = ORIENTED_EDGE('',*,*,#4833,.F.);
#4833 = EDGE_CURVE('',#3138,#4825,#4834,.T.);
#4834 = LINE('',#4835,#4836);
#4835 = CARTESIAN_POINT('',(172.000003,152.,105.));
#4836 = VECTOR('',#4837,1.);
#4837 = DIRECTION('',(-0.,-0.,-1.));
#4838 = CYLINDRICAL_SURFACE('',#4839,9.000000000001);
#4839 = AXIS2_PLACEMENT_3D('',#4840,#4841,#4842);
#4840 = CARTESIAN_POINT('',(172.,143.,105.));
#4841 = DIRECTION('',(0.,0.,1.));
#4842 = DIRECTION('',(1.,0.,0.));
#4843 = ADVANCED_FACE('',(#4844),#4862,.T.);
#4844 = FACE_BOUND('',#4845,.T.);
#4845 = EDGE_LOOP('',(#4846,#4847,#4855,#4861));
#4846 = ORIENTED_EDGE('',*,*,#3265,.F.);
#4847 = ORIENTED_EDGE('',*,*,#4848,.T.);
#4848 = EDGE_CURVE('',#3257,#4849,#4851,.T.);
#4849 = VERTEX_POINT('',#4850);
#4850 = CARTESIAN_POINT('',(116.00000294115,152.,97.));
#4851 = LINE('',#4852,#4853);
#4852 = CARTESIAN_POINT('',(116.00000294115,152.,105.));
#4853 = VECTOR('',#4854,1.);
#4854 = DIRECTION('',(-0.,-0.,-1.));
#4855 = ORIENTED_EDGE('',*,*,#4856,.T.);
#4856 = EDGE_CURVE('',#4849,#4825,#4857,.T.);
#4857 = LINE('',#4858,#4859);
#4858 = CARTESIAN_POINT('',(116.00000294115,152.,97.));
#4859 = VECTOR('',#4860,1.);
#4860 = DIRECTION('',(1.,0.,0.));
#4861 = ORIENTED_EDGE('',*,*,#4833,.F.);
#4862 = PLANE('',#4863);
#4863 = AXIS2_PLACEMENT_3D('',#4864,#4865,#4866);
#4864 = CARTESIAN_POINT('',(116.00000294115,152.,105.));
#4865 = DIRECTION('',(0.,-1.,0.));
#4866 = DIRECTION('',(1.,0.,0.));
#4867 = ADVANCED_FACE('',(#4868),#4887,.F.);
#4868 = FACE_BOUND('',#4869,.F.);
#4869 = EDGE_LOOP('',(#4870,#4871,#4872,#4881));
#4870 = ORIENTED_EDGE('',*,*,#3256,.F.);
#4871 = ORIENTED_EDGE('',*,*,#4848,.T.);
#4872 = ORIENTED_EDGE('',*,*,#4873,.T.);
#4873 = EDGE_CURVE('',#4849,#4874,#4876,.T.);
#4874 = VERTEX_POINT('',#4875);
#4875 = CARTESIAN_POINT('',(107.,142.9999968823,97.));
#4876 = CIRCLE('',#4877,9.);
#4877 = AXIS2_PLACEMENT_3D('',#4878,#4879,#4880);
#4878 = CARTESIAN_POINT('',(116.,143.,97.));
#4879 = DIRECTION('',(0.,0.,1.));
#4880 = DIRECTION('',(1.,0.,0.));
#4881 = ORIENTED_EDGE('',*,*,#4882,.F.);
#4882 = EDGE_CURVE('',#3249,#4874,#4883,.T.);
#4883 = LINE('',#4884,#4885);
#4884 = CARTESIAN_POINT('',(107.,142.9999968823,105.));
#4885 = VECTOR('',#4886,1.);
#4886 = DIRECTION('',(-0.,-0.,-1.));
#4887 = CYLINDRICAL_SURFACE('',#4888,9.);
#4888 = AXIS2_PLACEMENT_3D('',#4889,#4890,#4891);
#4889 = CARTESIAN_POINT('',(116.,143.,105.));
#4890 = DIRECTION('',(0.,0.,1.));
#4891 = DIRECTION('',(1.,0.,0.));
#4892 = ADVANCED_FACE('',(#4893),#4934,.T.);
#4893 = FACE_BOUND('',#4894,.T.);
#4894 = EDGE_LOOP('',(#4895,#4903,#4904,#4912,#4918,#4919,#4920,#4928));
#4895 = ORIENTED_EDGE('',*,*,#4896,.F.);
#4896 = EDGE_CURVE('',#3181,#4897,#4899,.T.);
#4897 = VERTEX_POINT('',#4898);
#4898 = CARTESIAN_POINT('',(107.,129.999999,105.5));
#4899 = LINE('',#4900,#4901);
#4900 = CARTESIAN_POINT('',(107.,129.999999,100.5));
#4901 = VECTOR('',#4902,1.);
#4902 = DIRECTION('',(0.,0.,1.));
#4903 = ORIENTED_EDGE('',*,*,#3180,.T.);
#4904 = ORIENTED_EDGE('',*,*,#4905,.T.);
#4905 = EDGE_CURVE('',#3172,#4906,#4908,.T.);
#4906 = VERTEX_POINT('',#4907);
#4907 = CARTESIAN_POINT('',(107.,127.99999757512,97.));
#4908 = LINE('',#4909,#4910);
#4909 = CARTESIAN_POINT('',(107.,127.99999757512,105.));
#4910 = VECTOR('',#4911,1.);
#4911 = DIRECTION('',(-0.,-0.,-1.));
#4912 = ORIENTED_EDGE('',*,*,#4913,.F.);
#4913 = EDGE_CURVE('',#4874,#4906,#4914,.T.);
#4914 = LINE('',#4915,#4916);
#4915 = CARTESIAN_POINT('',(107.,142.9999968823,97.));
#4916 = VECTOR('',#4917,1.);
#4917 = DIRECTION('',(0.,-1.,0.));
#4918 = ORIENTED_EDGE('',*,*,#4882,.F.);
#4919 = ORIENTED_EDGE('',*,*,#3248,.T.);
#4920 = ORIENTED_EDGE('',*,*,#4921,.T.);
#4921 = EDGE_CURVE('',#3240,#4922,#4924,.T.);
#4922 = VERTEX_POINT('',#4923);
#4923 = CARTESIAN_POINT('',(107.,151.,105.5));
#4924 = LINE('',#4925,#4926);
#4925 = CARTESIAN_POINT('',(107.,151.,100.5));
#4926 = VECTOR('',#4927,1.);
#4927 = DIRECTION('',(0.,0.,1.));
#4928 = ORIENTED_EDGE('',*,*,#4929,.F.);
#4929 = EDGE_CURVE('',#4897,#4922,#4930,.T.);
#4930 = LINE('',#4931,#4932);
#4931 = CARTESIAN_POINT('',(107.,129.999999,105.5));
#4932 = VECTOR('',#4933,1.);
#4933 = DIRECTION('',(0.,1.,0.));
#4934 = PLANE('',#4935);
#4935 = AXIS2_PLACEMENT_3D('',#4936,#4937,#4938);
#4936 = CARTESIAN_POINT('',(107.,139.21428446372,101.53571432384));
#4937 = DIRECTION('',(1.,6.62E-15,6.907E-14));
#4938 = DIRECTION('',(-6.907E-14,0.,1.));
#4939 = ADVANCED_FACE('',(#4940),#4959,.T.);
#4940 = FACE_BOUND('',#4941,.F.);
#4941 = EDGE_LOOP('',(#4942,#4943,#4952,#4958));
#4942 = ORIENTED_EDGE('',*,*,#4921,.T.);
#4943 = ORIENTED_EDGE('',*,*,#4944,.T.);
#4944 = EDGE_CURVE('',#4922,#4945,#4947,.T.);
#4945 = VERTEX_POINT('',#4946);
#4946 = CARTESIAN_POINT('',(103.000001,155.,105.5));
#4947 = CIRCLE('',#4948,4.);
#4948 = AXIS2_PLACEMENT_3D('',#4949,#4950,#4951);
#4949 = CARTESIAN_POINT('',(103.,151.,105.5));
#4950 = DIRECTION('',(0.,0.,1.));
#4951 = DIRECTION('',(1.,0.,0.));
#4952 = ORIENTED_EDGE('',*,*,#4953,.F.);
#4953 = EDGE_CURVE('',#3232,#4945,#4954,.T.);
#4954 = LINE('',#4955,#4956);
#4955 = CARTESIAN_POINT('',(103.000001,155.,100.5));
#4956 = VECTOR('',#4957,1.);
#4957 = DIRECTION('',(0.,0.,1.));
#4958 = ORIENTED_EDGE('',*,*,#3239,.F.);
#4959 = CYLINDRICAL_SURFACE('',#4960,4.);
#4960 = AXIS2_PLACEMENT_3D('',#4961,#4962,#4963);
#4961 = CARTESIAN_POINT('',(103.,151.,100.5));
#4962 = DIRECTION('',(-0.,-0.,-1.));
#4963 = DIRECTION('',(1.,0.,0.));
#4964 = ADVANCED_FACE('',(#4965),#4983,.T.);
#4965 = FACE_BOUND('',#4966,.T.);
#4966 = EDGE_LOOP('',(#4967,#4975,#4981,#4982));
#4967 = ORIENTED_EDGE('',*,*,#4968,.T.);
#4968 = EDGE_CURVE('',#3223,#4969,#4971,.T.);
#4969 = VERTEX_POINT('',#4970);
#4970 = CARTESIAN_POINT('',(84.00000130718,155.,105.5));
#4971 = LINE('',#4972,#4973);
#4972 = CARTESIAN_POINT('',(84.00000130718,155.,100.5));
#4973 = VECTOR('',#4974,1.);
#4974 = DIRECTION('',(0.,0.,1.));
#4975 = ORIENTED_EDGE('',*,*,#4976,.T.);
#4976 = EDGE_CURVE('',#4969,#4945,#4977,.T.);
#4977 = LINE('',#4978,#4979);
#4978 = CARTESIAN_POINT('',(84.00000130718,155.,105.5));
#4979 = VECTOR('',#4980,1.);
#4980 = DIRECTION('',(1.,0.,0.));
#4981 = ORIENTED_EDGE('',*,*,#4953,.F.);
#4982 = ORIENTED_EDGE('',*,*,#3231,.F.);
#4983 = PLANE('',#4984);
#4984 = AXIS2_PLACEMENT_3D('',#4985,#4986,#4987);
#4985 = CARTESIAN_POINT('',(84.00000130718,155.,100.5));
#4986 = DIRECTION('',(0.,1.,0.));
#4987 = DIRECTION('',(1.,0.,0.));
#4988 = ADVANCED_FACE('',(#4989),#5008,.T.);
#4989 = FACE_BOUND('',#4990,.F.);
#4990 = EDGE_LOOP('',(#4991,#4992,#5001,#5007));
#4991 = ORIENTED_EDGE('',*,*,#4968,.T.);
#4992 = ORIENTED_EDGE('',*,*,#4993,.T.);
#4993 = EDGE_CURVE('',#4969,#4994,#4996,.T.);
#4994 = VERTEX_POINT('',#4995);
#4995 = CARTESIAN_POINT('',(80.,150.99999861435,105.5));
#4996 = CIRCLE('',#4997,4.);
#4997 = AXIS2_PLACEMENT_3D('',#4998,#4999,#5000);
#4998 = CARTESIAN_POINT('',(84.,151.,105.5));
#4999 = DIRECTION('',(0.,0.,1.));
#5000 = DIRECTION('',(1.,0.,0.));
#5001 = ORIENTED_EDGE('',*,*,#5002,.F.);
#5002 = EDGE_CURVE('',#3215,#4994,#5003,.T.);
#5003 = LINE('',#5004,#5005);
#5004 = CARTESIAN_POINT('',(80.,150.99999861435,100.5));
#5005 = VECTOR('',#5006,1.);
#5006 = DIRECTION('',(0.,0.,1.));
#5007 = ORIENTED_EDGE('',*,*,#3222,.F.);
#5008 = CYLINDRICAL_SURFACE('',#5009,4.);
#5009 = AXIS2_PLACEMENT_3D('',#5010,#5011,#5012);
#5010 = CARTESIAN_POINT('',(84.,151.,100.5));
#5011 = DIRECTION('',(-0.,-0.,-1.));
#5012 = DIRECTION('',(1.,0.,0.));
#5013 = ADVANCED_FACE('',(#5014),#5032,.F.);
#5014 = FACE_BOUND('',#5015,.F.);
#5015 = EDGE_LOOP('',(#5016,#5017,#5025,#5031));
#5016 = ORIENTED_EDGE('',*,*,#5002,.T.);
#5017 = ORIENTED_EDGE('',*,*,#5018,.T.);
#5018 = EDGE_CURVE('',#4994,#5019,#5021,.T.);
#5019 = VERTEX_POINT('',#5020);
#5020 = CARTESIAN_POINT('',(80.,129.99999861435,105.5));
#5021 = LINE('',#5022,#5023);
#5022 = CARTESIAN_POINT('',(80.,150.99999861435,105.5));
#5023 = VECTOR('',#5024,1.);
#5024 = DIRECTION('',(0.,-1.,0.));
#5025 = ORIENTED_EDGE('',*,*,#5026,.F.);
#5026 = EDGE_CURVE('',#3206,#5019,#5027,.T.);
#5027 = LINE('',#5028,#5029);
#5028 = CARTESIAN_POINT('',(80.,129.99999861435,100.5));
#5029 = VECTOR('',#5030,1.);
#5030 = DIRECTION('',(0.,0.,1.));
#5031 = ORIENTED_EDGE('',*,*,#3214,.F.);
#5032 = PLANE('',#5033);
#5033 = AXIS2_PLACEMENT_3D('',#5034,#5035,#5036);
#5034 = CARTESIAN_POINT('',(80.,150.99999861435,100.5));
#5035 = DIRECTION('',(1.,0.,0.));
#5036 = DIRECTION('',(0.,-1.,0.));
#5037 = ADVANCED_FACE('',(#5038),#5057,.T.);
#5038 = FACE_BOUND('',#5039,.F.);
#5039 = EDGE_LOOP('',(#5040,#5041,#5050,#5056));
#5040 = ORIENTED_EDGE('',*,*,#5026,.T.);
#5041 = ORIENTED_EDGE('',*,*,#5042,.T.);
#5042 = EDGE_CURVE('',#5019,#5043,#5045,.T.);
#5043 = VERTEX_POINT('',#5044);
#5044 = CARTESIAN_POINT('',(84.000000078461,126.,105.5));
#5045 = CIRCLE('',#5046,4.);
#5046 = AXIS2_PLACEMENT_3D('',#5047,#5048,#5049);
#5047 = CARTESIAN_POINT('',(84.,130.,105.5));
#5048 = DIRECTION('',(0.,0.,1.));
#5049 = DIRECTION('',(1.,0.,0.));
#5050 = ORIENTED_EDGE('',*,*,#5051,.F.);
#5051 = EDGE_CURVE('',#3198,#5043,#5052,.T.);
#5052 = LINE('',#5053,#5054);
#5053 = CARTESIAN_POINT('',(84.000000078461,126.,100.5));
#5054 = VECTOR('',#5055,1.);
#5055 = DIRECTION('',(0.,0.,1.));
#5056 = ORIENTED_EDGE('',*,*,#3205,.F.);
#5057 = CYLINDRICAL_SURFACE('',#5058,4.);
#5058 = AXIS2_PLACEMENT_3D('',#5059,#5060,#5061);
#5059 = CARTESIAN_POINT('',(84.,130.,100.5));
#5060 = DIRECTION('',(-0.,-0.,-1.));
#5061 = DIRECTION('',(1.,0.,0.));
#5062 = ADVANCED_FACE('',(#5063),#5081,.F.);
#5063 = FACE_BOUND('',#5064,.F.);
#5064 = EDGE_LOOP('',(#5065,#5066,#5074,#5080));
#5065 = ORIENTED_EDGE('',*,*,#5051,.T.);
#5066 = ORIENTED_EDGE('',*,*,#5067,.T.);
#5067 = EDGE_CURVE('',#5043,#5068,#5070,.T.);
#5068 = VERTEX_POINT('',#5069);
#5069 = CARTESIAN_POINT('',(103.,126.,105.5));
#5070 = LINE('',#5071,#5072);
#5071 = CARTESIAN_POINT('',(84.000000078461,126.,105.5));
#5072 = VECTOR('',#5073,1.);
#5073 = DIRECTION('',(1.,0.,0.));
#5074 = ORIENTED_EDGE('',*,*,#5075,.F.);
#5075 = EDGE_CURVE('',#3189,#5068,#5076,.T.);
#5076 = LINE('',#5077,#5078);
#5077 = CARTESIAN_POINT('',(103.,126.,100.5));
#5078 = VECTOR('',#5079,1.);
#5079 = DIRECTION('',(0.,0.,1.));
#5080 = ORIENTED_EDGE('',*,*,#3197,.F.);
#5081 = PLANE('',#5082);
#5082 = AXIS2_PLACEMENT_3D('',#5083,#5084,#5085);
#5083 = CARTESIAN_POINT('',(84.000000078461,126.,100.5));
#5084 = DIRECTION('',(0.,1.,0.));
#5085 = DIRECTION('',(1.,0.,0.));
#5086 = ADVANCED_FACE('',(#5087),#5099,.T.);
#5087 = FACE_BOUND('',#5088,.F.);
#5088 = EDGE_LOOP('',(#5089,#5090,#5097,#5098));
#5089 = ORIENTED_EDGE('',*,*,#5075,.T.);
#5090 = ORIENTED_EDGE('',*,*,#5091,.T.);
#5091 = EDGE_CURVE('',#5068,#4897,#5092,.T.);
#5092 = CIRCLE('',#5093,4.);
#5093 = AXIS2_PLACEMENT_3D('',#5094,#5095,#5096);
#5094 = CARTESIAN_POINT('',(103.,130.,105.5));
#5095 = DIRECTION('',(0.,0.,1.));
#5096 = DIRECTION('',(1.,0.,0.));
#5097 = ORIENTED_EDGE('',*,*,#4896,.F.);
#5098 = ORIENTED_EDGE('',*,*,#3188,.F.);
#5099 = CYLINDRICAL_SURFACE('',#5100,4.);
#5100 = AXIS2_PLACEMENT_3D('',#5101,#5102,#5103);
#5101 = CARTESIAN_POINT('',(103.,130.,100.5));
#5102 = DIRECTION('',(-0.,-0.,-1.));
#5103 = DIRECTION('',(1.,0.,0.));
#5104 = ADVANCED_FACE('',(#5105),#5124,.F.);
#5105 = FACE_BOUND('',#5106,.F.);
#5106 = EDGE_LOOP('',(#5107,#5108,#5109,#5118));
#5107 = ORIENTED_EDGE('',*,*,#3171,.F.);
#5108 = ORIENTED_EDGE('',*,*,#4905,.T.);
#5109 = ORIENTED_EDGE('',*,*,#5110,.T.);
#5110 = EDGE_CURVE('',#4906,#5111,#5113,.T.);
#5111 = VERTEX_POINT('',#5112);
#5112 = CARTESIAN_POINT('',(116.00000017653,118.99999999999,97.));
#5113 = CIRCLE('',#5114,9.000000000001);
#5114 = AXIS2_PLACEMENT_3D('',#5115,#5116,#5117);
#5115 = CARTESIAN_POINT('',(116.,128.,97.));
#5116 = DIRECTION('',(0.,0.,1.));
#5117 = DIRECTION('',(1.,0.,0.));
#5118 = ORIENTED_EDGE('',*,*,#5119,.F.);
#5119 = EDGE_CURVE('',#3164,#5111,#5120,.T.);
#5120 = LINE('',#5121,#5122);
#5121 = CARTESIAN_POINT('',(116.00000017653,118.99999999999,105.));
#5122 = VECTOR('',#5123,1.);
#5123 = DIRECTION('',(-0.,-0.,-1.));
#5124 = CYLINDRICAL_SURFACE('',#5125,9.000000000001);
#5125 = AXIS2_PLACEMENT_3D('',#5126,#5127,#5128);
#5126 = CARTESIAN_POINT('',(116.,128.,105.));
#5127 = DIRECTION('',(0.,0.,1.));
#5128 = DIRECTION('',(1.,0.,0.));
#5129 = ADVANCED_FACE('',(#5130),#5148,.F.);
#5130 = FACE_BOUND('',#5131,.F.);
#5131 = EDGE_LOOP('',(#5132,#5133,#5134,#5142));
#5132 = ORIENTED_EDGE('',*,*,#3163,.F.);
#5133 = ORIENTED_EDGE('',*,*,#5119,.T.);
#5134 = ORIENTED_EDGE('',*,*,#5135,.T.);
#5135 = EDGE_CURVE('',#5111,#5136,#5138,.T.);
#5136 = VERTEX_POINT('',#5137);
#5137 = CARTESIAN_POINT('',(172.,118.99999999999,97.));
#5138 = LINE('',#5139,#5140);
#5139 = CARTESIAN_POINT('',(116.00000017653,118.99999999999,97.));
#5140 = VECTOR('',#5141,1.);
#5141 = DIRECTION('',(1.,0.,0.));
#5142 = ORIENTED_EDGE('',*,*,#5143,.F.);
#5143 = EDGE_CURVE('',#3155,#5136,#5144,.T.);
#5144 = LINE('',#5145,#5146);
#5145 = CARTESIAN_POINT('',(172.,118.99999999999,105.));
#5146 = VECTOR('',#5147,1.);
#5147 = DIRECTION('',(-0.,-0.,-1.));
#5148 = PLANE('',#5149);
#5149 = AXIS2_PLACEMENT_3D('',#5150,#5151,#5152);
#5150 = CARTESIAN_POINT('',(116.00000017653,118.99999999999,105.));
#5151 = DIRECTION('',(0.,-1.,0.));
#5152 = DIRECTION('',(1.,0.,0.));
#5153 = ADVANCED_FACE('',(#5154),#5173,.F.);
#5154 = FACE_BOUND('',#5155,.F.);
#5155 = EDGE_LOOP('',(#5156,#5157,#5158,#5167));
#5156 = ORIENTED_EDGE('',*,*,#3154,.F.);
#5157 = ORIENTED_EDGE('',*,*,#5143,.T.);
#5158 = ORIENTED_EDGE('',*,*,#5159,.T.);
#5159 = EDGE_CURVE('',#5136,#5160,#5162,.T.);
#5160 = VERTEX_POINT('',#5161);
#5161 = CARTESIAN_POINT('',(181.,127.99999784974,97.));
#5162 = CIRCLE('',#5163,9.000000000001);
#5163 = AXIS2_PLACEMENT_3D('',#5164,#5165,#5166);
#5164 = CARTESIAN_POINT('',(172.,128.,97.));
#5165 = DIRECTION('',(0.,0.,1.));
#5166 = DIRECTION('',(1.,0.,0.));
#5167 = ORIENTED_EDGE('',*,*,#5168,.F.);
#5168 = EDGE_CURVE('',#3147,#5160,#5169,.T.);
#5169 = LINE('',#5170,#5171);
#5170 = CARTESIAN_POINT('',(181.,127.99999784974,105.));
#5171 = VECTOR('',#5172,1.);
#5172 = DIRECTION('',(-0.,-0.,-1.));
#5173 = CYLINDRICAL_SURFACE('',#5174,9.000000000001);
#5174 = AXIS2_PLACEMENT_3D('',#5175,#5176,#5177);
#5175 = CARTESIAN_POINT('',(172.,128.,105.));
#5176 = DIRECTION('',(0.,0.,1.));
#5177 = DIRECTION('',(1.,0.,0.));
#5178 = ADVANCED_FACE('',(#5179),#5190,.T.);
#5179 = FACE_BOUND('',#5180,.T.);
#5180 = EDGE_LOOP('',(#5181,#5182,#5183,#5189));
#5181 = ORIENTED_EDGE('',*,*,#3146,.F.);
#5182 = ORIENTED_EDGE('',*,*,#4816,.T.);
#5183 = ORIENTED_EDGE('',*,*,#5184,.T.);
#5184 = EDGE_CURVE('',#4817,#5160,#5185,.T.);
#5185 = LINE('',#5186,#5187);
#5186 = CARTESIAN_POINT('',(181.,143.,97.));
#5187 = VECTOR('',#5188,1.);
#5188 = DIRECTION('',(0.,-1.,0.));
#5189 = ORIENTED_EDGE('',*,*,#5168,.F.);
#5190 = PLANE('',#5191);
#5191 = AXIS2_PLACEMENT_3D('',#5192,#5193,#5194);
#5192 = CARTESIAN_POINT('',(181.,143.,105.));
#5193 = DIRECTION('',(-1.,0.,0.));
#5194 = DIRECTION('',(0.,-1.,0.));
#5195 = ADVANCED_FACE('',(#5196),#5215,.F.);
#5196 = FACE_BOUND('',#5197,.T.);
#5197 = EDGE_LOOP('',(#5198,#5199,#5207,#5214));
#5198 = ORIENTED_EDGE('',*,*,#3297,.F.);
#5199 = ORIENTED_EDGE('',*,*,#5200,.T.);
#5200 = EDGE_CURVE('',#3298,#5201,#5203,.T.);
#5201 = VERTEX_POINT('',#5202);
#5202 = CARTESIAN_POINT('',(178.100185,144.100002,97.));
#5203 = LINE('',#5204,#5205);
#5204 = CARTESIAN_POINT('',(178.100185,144.100002,95.5));
#5205 = VECTOR('',#5206,1.);
#5206 = DIRECTION('',(0.,0.,1.));
#5207 = ORIENTED_EDGE('',*,*,#5208,.F.);
#5208 = EDGE_CURVE('',#5201,#5201,#5209,.T.);
#5209 = CIRCLE('',#5210,1.100182);
#5210 = AXIS2_PLACEMENT_3D('',#5211,#5212,#5213);
#5211 = CARTESIAN_POINT('',(177.000003,144.100002,97.));
#5212 = DIRECTION('',(0.,0.,-1.));
#5213 = DIRECTION('',(1.,0.,0.));
#5214 = ORIENTED_EDGE('',*,*,#5200,.F.);
#5215 = CYLINDRICAL_SURFACE('',#5216,1.100182);
#5216 = AXIS2_PLACEMENT_3D('',#5217,#5218,#5219);
#5217 = CARTESIAN_POINT('',(177.000003,144.100002,95.5));
#5218 = DIRECTION('',(-0.,-0.,-1.));
#5219 = DIRECTION('',(1.,0.,0.));
#5220 = ADVANCED_FACE('',(#5221),#5240,.F.);
#5221 = FACE_BOUND('',#5222,.T.);
#5222 = EDGE_LOOP('',(#5223,#5224,#5232,#5239));
#5223 = ORIENTED_EDGE('',*,*,#3308,.F.);
#5224 = ORIENTED_EDGE('',*,*,#5225,.T.);
#5225 = EDGE_CURVE('',#3309,#5226,#5228,.T.);
#5226 = VERTEX_POINT('',#5227);
#5227 = CARTESIAN_POINT('',(176.601668,126.000002,97.));
#5228 = LINE('',#5229,#5230);
#5229 = CARTESIAN_POINT('',(176.601668,126.000002,95.5));
#5230 = VECTOR('',#5231,1.);
#5231 = DIRECTION('',(0.,0.,1.));
#5232 = ORIENTED_EDGE('',*,*,#5233,.F.);
#5233 = EDGE_CURVE('',#5226,#5226,#5234,.T.);
#5234 = CIRCLE('',#5235,1.101665);
#5235 = AXIS2_PLACEMENT_3D('',#5236,#5237,#5238);
#5236 = CARTESIAN_POINT('',(175.500003,126.000002,97.));
#5237 = DIRECTION('',(0.,0.,-1.));
#5238 = DIRECTION('',(1.,0.,0.));
#5239 = ORIENTED_EDGE('',*,*,#5225,.F.);
#5240 = CYLINDRICAL_SURFACE('',#5241,1.101665);
#5241 = AXIS2_PLACEMENT_3D('',#5242,#5243,#5244);
#5242 = CARTESIAN_POINT('',(175.500003,126.000002,95.5));
#5243 = DIRECTION('',(-0.,-0.,-1.));
#5244 = DIRECTION('',(1.,0.,0.));
#5245 = ADVANCED_FACE('',(#5246),#5271,.T.);
#5246 = FACE_BOUND('',#5247,.T.);
#5247 = EDGE_LOOP('',(#5248,#5249,#5257,#5265));
#5248 = ORIENTED_EDGE('',*,*,#3319,.F.);
#5249 = ORIENTED_EDGE('',*,*,#5250,.T.);
#5250 = EDGE_CURVE('',#3320,#5251,#5253,.T.);
#5251 = VERTEX_POINT('',#5252);
#5252 = CARTESIAN_POINT('',(175.,146.,97.));
#5253 = LINE('',#5254,#5255);
#5254 = CARTESIAN_POINT('',(175.,146.,95.5));
#5255 = VECTOR('',#5256,1.);
#5256 = DIRECTION('',(0.,0.,1.));
#5257 = ORIENTED_EDGE('',*,*,#5258,.T.);
#5258 = EDGE_CURVE('',#5251,#5259,#5261,.T.);
#5259 = VERTEX_POINT('',#5260);
#5260 = CARTESIAN_POINT('',(171.,150.,97.));
#5261 = LINE('',#5262,#5263);
#5262 = CARTESIAN_POINT('',(169.87500002226,151.12499997773,97.));
#5263 = VECTOR('',#5264,1.);
#5264 = DIRECTION('',(-0.707106781187,0.707106781187,0.));
#5265 = ORIENTED_EDGE('',*,*,#5266,.F.);
#5266 = EDGE_CURVE('',#3322,#5259,#5267,.T.);
#5267 = LINE('',#5268,#5269);
#5268 = CARTESIAN_POINT('',(171.,150.,95.5));
#5269 = VECTOR('',#5270,1.);
#5270 = DIRECTION('',(0.,0.,1.));
#5271 = PLANE('',#5272);
#5272 = AXIS2_PLACEMENT_3D('',#5273,#5274,#5275);
#5273 = CARTESIAN_POINT('',(175.,146.,95.5));
#5274 = DIRECTION('',(-0.707106781187,-0.707106781187,0.));
#5275 = DIRECTION('',(-0.707106781187,0.707106781187,0.));
#5276 = ADVANCED_FACE('',(#5277),#5295,.F.);
#5277 = FACE_BOUND('',#5278,.F.);
#5278 = EDGE_LOOP('',(#5279,#5280,#5281,#5289));
#5279 = ORIENTED_EDGE('',*,*,#3409,.F.);
#5280 = ORIENTED_EDGE('',*,*,#5250,.T.);
#5281 = ORIENTED_EDGE('',*,*,#5282,.T.);
#5282 = EDGE_CURVE('',#5251,#5283,#5285,.T.);
#5283 = VERTEX_POINT('',#5284);
#5284 = CARTESIAN_POINT('',(175.,128.,97.));
#5285 = LINE('',#5286,#5287);
#5286 = CARTESIAN_POINT('',(175.,140.74999998805,97.));
#5287 = VECTOR('',#5288,1.);
#5288 = DIRECTION('',(0.,-1.,0.));
#5289 = ORIENTED_EDGE('',*,*,#5290,.F.);
#5290 = EDGE_CURVE('',#3402,#5283,#5291,.T.);
#5291 = LINE('',#5292,#5293);
#5292 = CARTESIAN_POINT('',(175.,128.,95.5));
#5293 = VECTOR('',#5294,1.);
#5294 = DIRECTION('',(0.,0.,1.));
#5295 = PLANE('',#5296);
#5296 = AXIS2_PLACEMENT_3D('',#5297,#5298,#5299);
#5297 = CARTESIAN_POINT('',(175.,146.,95.5));
#5298 = DIRECTION('',(1.,0.,0.));
#5299 = DIRECTION('',(0.,-1.,0.));
#5300 = ADVANCED_FACE('',(#5301),#5319,.T.);
#5301 = FACE_BOUND('',#5302,.T.);
#5302 = EDGE_LOOP('',(#5303,#5304,#5305,#5313));
#5303 = ORIENTED_EDGE('',*,*,#3329,.F.);
#5304 = ORIENTED_EDGE('',*,*,#5266,.T.);
#5305 = ORIENTED_EDGE('',*,*,#5306,.T.);
#5306 = EDGE_CURVE('',#5259,#5307,#5309,.T.);
#5307 = VERTEX_POINT('',#5308);
#5308 = CARTESIAN_POINT('',(118.,150.,97.));
#5309 = LINE('',#5310,#5311);
#5310 = CARTESIAN_POINT('',(157.50000003259,150.,97.));
#5311 = VECTOR('',#5312,1.);
#5312 = DIRECTION('',(-1.,0.,0.));
#5313 = ORIENTED_EDGE('',*,*,#5314,.F.);
#5314 = EDGE_CURVE('',#3330,#5307,#5315,.T.);
#5315 = LINE('',#5316,#5317);
#5316 = CARTESIAN_POINT('',(118.,150.,95.5));
#5317 = VECTOR('',#5318,1.);
#5318 = DIRECTION('',(0.,0.,1.));
#5319 = PLANE('',#5320);
#5320 = AXIS2_PLACEMENT_3D('',#5321,#5322,#5323);
#5321 = CARTESIAN_POINT('',(171.,150.,95.5));
#5322 = DIRECTION('',(0.,-1.,0.));
#5323 = DIRECTION('',(-1.,0.,0.));
#5324 = ADVANCED_FACE('',(#5325),#5343,.F.);
#5325 = FACE_BOUND('',#5326,.F.);
#5326 = EDGE_LOOP('',(#5327,#5328,#5329,#5337));
#5327 = ORIENTED_EDGE('',*,*,#3401,.F.);
#5328 = ORIENTED_EDGE('',*,*,#5290,.T.);
#5329 = ORIENTED_EDGE('',*,*,#5330,.T.);
#5330 = EDGE_CURVE('',#5283,#5331,#5333,.T.);
#5331 = VERTEX_POINT('',#5332);
#5332 = CARTESIAN_POINT('',(171.,124.,97.));
#5333 = LINE('',#5334,#5335);
#5334 = CARTESIAN_POINT('',(169.12500001032,122.12500001032,97.));
#5335 = VECTOR('',#5336,1.);
#5336 = DIRECTION('',(-0.707106781187,-0.707106781187,0.));
#5337 = ORIENTED_EDGE('',*,*,#5338,.F.);
#5338 = EDGE_CURVE('',#3394,#5331,#5339,.T.);
#5339 = LINE('',#5340,#5341);
#5340 = CARTESIAN_POINT('',(171.,124.,95.5));
#5341 = VECTOR('',#5342,1.);
#5342 = DIRECTION('',(0.,0.,1.));
#5343 = PLANE('',#5344);
#5344 = AXIS2_PLACEMENT_3D('',#5345,#5346,#5347);
#5345 = CARTESIAN_POINT('',(175.,128.,95.5));
#5346 = DIRECTION('',(0.707106781187,-0.707106781187,0.));
#5347 = DIRECTION('',(-0.707106781187,-0.707106781187,0.));
#5348 = ADVANCED_FACE('',(#5349),#5367,.F.);
#5349 = FACE_BOUND('',#5350,.F.);
#5350 = EDGE_LOOP('',(#5351,#5352,#5360,#5366));
#5351 = ORIENTED_EDGE('',*,*,#3337,.F.);
#5352 = ORIENTED_EDGE('',*,*,#5353,.T.);
#5353 = EDGE_CURVE('',#3338,#5354,#5356,.T.);
#5354 = VERTEX_POINT('',#5355);
#5355 = CARTESIAN_POINT('',(113.,146.,97.));
#5356 = LINE('',#5357,#5358);
#5357 = CARTESIAN_POINT('',(113.,146.,95.5));
#5358 = VECTOR('',#5359,1.);
#5359 = DIRECTION('',(0.,0.,1.));
#5360 = ORIENTED_EDGE('',*,*,#5361,.T.);
#5361 = EDGE_CURVE('',#5354,#5307,#5362,.T.);
#5362 = LINE('',#5363,#5364);
#5363 = CARTESIAN_POINT('',(119.89024391648,151.51219513318,97.));
#5364 = VECTOR('',#5365,1.);
#5365 = DIRECTION('',(0.780868809443,0.624695047554,0.));
#5366 = ORIENTED_EDGE('',*,*,#5314,.F.);
#5367 = PLANE('',#5368);
#5368 = AXIS2_PLACEMENT_3D('',#5369,#5370,#5371);
#5369 = CARTESIAN_POINT('',(113.,146.,95.5));
#5370 = DIRECTION('',(-0.624695047554,0.780868809443,0.));
#5371 = DIRECTION('',(0.780868809443,0.624695047554,0.));
#5372 = ADVANCED_FACE('',(#5373),#5391,.F.);
#5373 = FACE_BOUND('',#5374,.F.);
#5374 = EDGE_LOOP('',(#5375,#5376,#5377,#5385));
#5375 = ORIENTED_EDGE('',*,*,#3393,.F.);
#5376 = ORIENTED_EDGE('',*,*,#5338,.T.);
#5377 = ORIENTED_EDGE('',*,*,#5378,.T.);
#5378 = EDGE_CURVE('',#5331,#5379,#5381,.T.);
#5379 = VERTEX_POINT('',#5380);
#5380 = CARTESIAN_POINT('',(150.,124.,97.));
#5381 = LINE('',#5382,#5383);
#5382 = CARTESIAN_POINT('',(157.50000003259,124.,97.));
#5383 = VECTOR('',#5384,1.);
#5384 = DIRECTION('',(-1.,0.,0.));
#5385 = ORIENTED_EDGE('',*,*,#5386,.F.);
#5386 = EDGE_CURVE('',#3386,#5379,#5387,.T.);
#5387 = LINE('',#5388,#5389);
#5388 = CARTESIAN_POINT('',(150.,124.,95.5));
#5389 = VECTOR('',#5390,1.);
#5390 = DIRECTION('',(0.,0.,1.));
#5391 = PLANE('',#5392);
#5392 = AXIS2_PLACEMENT_3D('',#5393,#5394,#5395);
#5393 = CARTESIAN_POINT('',(171.,124.,95.5));
#5394 = DIRECTION('',(0.,-1.,0.));
#5395 = DIRECTION('',(-1.,0.,0.));
#5396 = ADVANCED_FACE('',(#5397),#5415,.T.);
#5397 = FACE_BOUND('',#5398,.T.);
#5398 = EDGE_LOOP('',(#5399,#5400,#5401,#5409));
#5399 = ORIENTED_EDGE('',*,*,#3345,.F.);
#5400 = ORIENTED_EDGE('',*,*,#5353,.T.);
#5401 = ORIENTED_EDGE('',*,*,#5402,.T.);
#5402 = EDGE_CURVE('',#5354,#5403,#5405,.T.);
#5403 = VERTEX_POINT('',#5404);
#5404 = CARTESIAN_POINT('',(113.,128.,97.));
#5405 = LINE('',#5406,#5407);
#5406 = CARTESIAN_POINT('',(113.,140.74999998805,97.));
#5407 = VECTOR('',#5408,1.);
#5408 = DIRECTION('',(0.,-1.,0.));
#5409 = ORIENTED_EDGE('',*,*,#5410,.F.);
#5410 = EDGE_CURVE('',#3346,#5403,#5411,.T.);
#5411 = LINE('',#5412,#5413);
#5412 = CARTESIAN_POINT('',(113.,128.,95.5));
#5413 = VECTOR('',#5414,1.);
#5414 = DIRECTION('',(0.,0.,1.));
#5415 = PLANE('',#5416);
#5416 = AXIS2_PLACEMENT_3D('',#5417,#5418,#5419);
#5417 = CARTESIAN_POINT('',(113.,146.,95.5));
#5418 = DIRECTION('',(1.,0.,0.));
#5419 = DIRECTION('',(0.,-1.,0.));
#5420 = ADVANCED_FACE('',(#5421),#5439,.F.);
#5421 = FACE_BOUND('',#5422,.F.);
#5422 = EDGE_LOOP('',(#5423,#5424,#5425,#5433));
#5423 = ORIENTED_EDGE('',*,*,#3385,.F.);
#5424 = ORIENTED_EDGE('',*,*,#5386,.T.);
#5425 = ORIENTED_EDGE('',*,*,#5426,.T.);
#5426 = EDGE_CURVE('',#5379,#5427,#5429,.T.);
#5427 = VERTEX_POINT('',#5428);
#5428 = CARTESIAN_POINT('',(149.,123.,97.));
#5429 = LINE('',#5430,#5431);
#5430 = CARTESIAN_POINT('',(151.37500001032,125.37500001032,97.));
#5431 = VECTOR('',#5432,1.);
#5432 = DIRECTION('',(-0.707106781187,-0.707106781187,0.));
#5433 = ORIENTED_EDGE('',*,*,#5434,.F.);
#5434 = EDGE_CURVE('',#3378,#5427,#5435,.T.);
#5435 = LINE('',#5436,#5437);
#5436 = CARTESIAN_POINT('',(149.,123.,95.5));
#5437 = VECTOR('',#5438,1.);
#5438 = DIRECTION('',(0.,0.,1.));
#5439 = PLANE('',#5440);
#5440 = AXIS2_PLACEMENT_3D('',#5441,#5442,#5443);
#5441 = CARTESIAN_POINT('',(150.,124.,95.5));
#5442 = DIRECTION('',(0.707106781187,-0.707106781187,0.));
#5443 = DIRECTION('',(-0.707106781187,-0.707106781187,0.));
#5444 = ADVANCED_FACE('',(#5445),#5463,.T.);
#5445 = FACE_BOUND('',#5446,.T.);
#5446 = EDGE_LOOP('',(#5447,#5448,#5449,#5457));
#5447 = ORIENTED_EDGE('',*,*,#3353,.F.);
#5448 = ORIENTED_EDGE('',*,*,#5410,.T.);
#5449 = ORIENTED_EDGE('',*,*,#5450,.T.);
#5450 = EDGE_CURVE('',#5403,#5451,#5453,.T.);
#5451 = VERTEX_POINT('',#5452);
#5452 = CARTESIAN_POINT('',(117.,124.,97.));
#5453 = LINE('',#5454,#5455);
#5454 = CARTESIAN_POINT('',(118.87500002226,122.12499997773,97.));
#5455 = VECTOR('',#5456,1.);
#5456 = DIRECTION('',(0.707106781187,-0.707106781187,0.));
#5457 = ORIENTED_EDGE('',*,*,#5458,.F.);
#5458 = EDGE_CURVE('',#3354,#5451,#5459,.T.);
#5459 = LINE('',#5460,#5461);
#5460 = CARTESIAN_POINT('',(117.,124.,95.5));
#5461 = VECTOR('',#5462,1.);
#5462 = DIRECTION('',(0.,0.,1.));
#5463 = PLANE('',#5464);
#5464 = AXIS2_PLACEMENT_3D('',#5465,#5466,#5467);
#5465 = CARTESIAN_POINT('',(113.,128.,95.5));
#5466 = DIRECTION('',(0.707106781187,0.707106781187,0.));
#5467 = DIRECTION('',(0.707106781187,-0.707106781187,0.));
#5468 = ADVANCED_FACE('',(#5469),#5487,.F.);
#5469 = FACE_BOUND('',#5470,.F.);
#5470 = EDGE_LOOP('',(#5471,#5472,#5473,#5481));
#5471 = ORIENTED_EDGE('',*,*,#3377,.F.);
#5472 = ORIENTED_EDGE('',*,*,#5434,.T.);
#5473 = ORIENTED_EDGE('',*,*,#5474,.T.);
#5474 = EDGE_CURVE('',#5427,#5475,#5477,.T.);
#5475 = VERTEX_POINT('',#5476);
#5476 = CARTESIAN_POINT('',(139.,123.,97.));
#5477 = LINE('',#5478,#5479);
#5478 = CARTESIAN_POINT('',(146.50000003259,123.,97.));
#5479 = VECTOR('',#5480,1.);
#5480 = DIRECTION('',(-1.,0.,0.));
#5481 = ORIENTED_EDGE('',*,*,#5482,.F.);
#5482 = EDGE_CURVE('',#3370,#5475,#5483,.T.);
#5483 = LINE('',#5484,#5485);
#5484 = CARTESIAN_POINT('',(139.,123.,95.5));
#5485 = VECTOR('',#5486,1.);
#5486 = DIRECTION('',(0.,0.,1.));
#5487 = PLANE('',#5488);
#5488 = AXIS2_PLACEMENT_3D('',#5489,#5490,#5491);
#5489 = CARTESIAN_POINT('',(149.,123.,95.5));
#5490 = DIRECTION('',(0.,-1.,0.));
#5491 = DIRECTION('',(-1.,0.,0.));
#5492 = ADVANCED_FACE('',(#5493),#5511,.F.);
#5493 = FACE_BOUND('',#5494,.F.);
#5494 = EDGE_LOOP('',(#5495,#5496,#5504,#5510));
#5495 = ORIENTED_EDGE('',*,*,#3361,.F.);
#5496 = ORIENTED_EDGE('',*,*,#5497,.T.);
#5497 = EDGE_CURVE('',#3362,#5498,#5500,.T.);
#5498 = VERTEX_POINT('',#5499);
#5499 = CARTESIAN_POINT('',(138.,124.,97.));
#5500 = LINE('',#5501,#5502);
#5501 = CARTESIAN_POINT('',(138.,124.,95.5));
#5502 = VECTOR('',#5503,1.);
#5503 = DIRECTION('',(0.,0.,1.));
#5504 = ORIENTED_EDGE('',*,*,#5505,.T.);
#5505 = EDGE_CURVE('',#5498,#5451,#5506,.T.);
#5506 = LINE('',#5507,#5508);
#5507 = CARTESIAN_POINT('',(141.00000003259,124.,97.));
#5508 = VECTOR('',#5509,1.);
#5509 = DIRECTION('',(-1.,0.,0.));
#5510 = ORIENTED_EDGE('',*,*,#5458,.F.);
#5511 = PLANE('',#5512);
#5512 = AXIS2_PLACEMENT_3D('',#5513,#5514,#5515);
#5513 = CARTESIAN_POINT('',(138.,124.,95.5));
#5514 = DIRECTION('',(0.,-1.,0.));
#5515 = DIRECTION('',(-1.,0.,0.));
#5516 = ADVANCED_FACE('',(#5517),#5528,.F.);
#5517 = FACE_BOUND('',#5518,.F.);
#5518 = EDGE_LOOP('',(#5519,#5520,#5521,#5527));
#5519 = ORIENTED_EDGE('',*,*,#3369,.F.);
#5520 = ORIENTED_EDGE('',*,*,#5482,.T.);
#5521 = ORIENTED_EDGE('',*,*,#5522,.T.);
#5522 = EDGE_CURVE('',#5475,#5498,#5523,.T.);
#5523 = LINE('',#5524,#5525);
#5524 = CARTESIAN_POINT('',(137.12500002226,124.87499997773,97.));
#5525 = VECTOR('',#5526,1.);
#5526 = DIRECTION('',(-0.707106781187,0.707106781187,0.));
#5527 = ORIENTED_EDGE('',*,*,#5497,.F.);
#5528 = PLANE('',#5529);
#5529 = AXIS2_PLACEMENT_3D('',#5530,#5531,#5532);
#5530 = CARTESIAN_POINT('',(139.,123.,95.5));
#5531 = DIRECTION('',(-0.707106781187,-0.707106781187,0.));
#5532 = DIRECTION('',(-0.707106781187,0.707106781187,0.));
#5533 = ADVANCED_FACE('',(#5534),#5553,.F.);
#5534 = FACE_BOUND('',#5535,.T.);
#5535 = EDGE_LOOP('',(#5536,#5537,#5545,#5552));
#5536 = ORIENTED_EDGE('',*,*,#3417,.F.);
#5537 = ORIENTED_EDGE('',*,*,#5538,.T.);
#5538 = EDGE_CURVE('',#3418,#5539,#5541,.T.);
#5539 = VERTEX_POINT('',#5540);
#5540 = CARTESIAN_POINT('',(111.718036,144.100002,97.));
#5541 = LINE('',#5542,#5543);
#5542 = CARTESIAN_POINT('',(111.718036,144.100002,95.5));
#5543 = VECTOR('',#5544,1.);
#5544 = DIRECTION('',(0.,0.,1.));
#5545 = ORIENTED_EDGE('',*,*,#5546,.F.);
#5546 = EDGE_CURVE('',#5539,#5539,#5547,.T.);
#5547 = CIRCLE('',#5548,1.118034);
#5548 = AXIS2_PLACEMENT_3D('',#5549,#5550,#5551);
#5549 = CARTESIAN_POINT('',(110.600002,144.100002,97.));
#5550 = DIRECTION('',(0.,0.,-1.));
#5551 = DIRECTION('',(1.,0.,0.));
#5552 = ORIENTED_EDGE('',*,*,#5538,.F.);
#5553 = CYLINDRICAL_SURFACE('',#5554,1.118034);
#5554 = AXIS2_PLACEMENT_3D('',#5555,#5556,#5557);
#5555 = CARTESIAN_POINT('',(110.600002,144.100002,95.5));
#5556 = DIRECTION('',(-0.,-0.,-1.));
#5557 = DIRECTION('',(1.,0.,0.));
#5558 = ADVANCED_FACE('',(#5559),#5737,.F.);
#5559 = FACE_BOUND('',#5560,.T.);
#5560 = EDGE_LOOP('',(#5561,#5647,#5655,#5730,#5731));
#5561 = ORIENTED_EDGE('',*,*,#5562,.F.);
#5562 = EDGE_CURVE('',#5563,#5565,#5567,.T.);
#5563 = VERTEX_POINT('',#5564);
#5564 = CARTESIAN_POINT('',(103.266,140.99999986428,97.223246671425));
#5565 = VERTEX_POINT('',#5566);
#5566 = CARTESIAN_POINT('',(103.266,140.9999998492,95.723247712903));
#5567 = B_SPLINE_CURVE_WITH_KNOTS('',8,(#5568,#5569,#5570,#5571,#5572,
    #5573,#5574,#5575,#5576,#5577,#5578,#5579,#5580,#5581,#5582,#5583,
    #5584,#5585,#5586,#5587,#5588,#5589,#5590,#5591,#5592,#5593,#5594,
    #5595,#5596,#5597,#5598,#5599,#5600,#5601,#5602,#5603,#5604,#5605,
    #5606,#5607,#5608,#5609,#5610,#5611,#5612,#5613,#5614,#5615,#5616,
    #5617,#5618,#5619,#5620,#5621,#5622,#5623,#5624,#5625,#5626,#5627,
    #5628,#5629,#5630,#5631,#5632,#5633,#5634,#5635,#5636,#5637,#5638,
    #5639,#5640,#5641,#5642,#5643,#5644,#5645,#5646),.UNSPECIFIED.,.F.,
  .F.,(9,7,7,7,7,7,7,7,7,7,7,9),(0.,4.867915747575E-02,0.119648786389,
    0.213880316011,0.318678885651,0.423560321935,0.572545687977,
    0.68568811251,0.789829450775,0.881282082174,0.899894609096,1.),
  .UNSPECIFIED.);
#5568 = CARTESIAN_POINT('',(103.266,140.99999972856,97.223246671425));
#5569 = CARTESIAN_POINT('',(103.266,140.6457909404,97.214121047413));
#5570 = CARTESIAN_POINT('',(103.25052543739,140.29157684327,
    97.204995197453));
#5571 = CARTESIAN_POINT('',(103.21957551522,139.9381539381,
    97.195869374373));
#5572 = CARTESIAN_POINT('',(103.17319952427,139.58631138678,
    97.186743591696));
#5573 = CARTESIAN_POINT('',(103.11149417468,139.23683123863,
    97.177617756855));
#5574 = CARTESIAN_POINT('',(103.03460269104,138.89048838596,
    97.168491785952));
#5575 = CARTESIAN_POINT('',(102.94271567098,138.54805024843,
    97.159365700064));
#5576 = CARTESIAN_POINT('',(102.6805997634,137.71783340277,
    97.136934858674));
#5577 = CARTESIAN_POINT('',(102.4937503578,137.23525991572,
    97.123629023934));
#5578 = CARTESIAN_POINT('',(102.27626975987,136.7649379104,
    97.110323503232));
#5579 = CARTESIAN_POINT('',(102.02911159914,136.30913135305,
    97.097018452641));
#5580 = CARTESIAN_POINT('',(101.75341623908,135.86999716059,
    97.08371343721));
#5581 = CARTESIAN_POINT('',(101.45050263936,135.44958790559,
    97.07040800245));
#5582 = CARTESIAN_POINT('',(101.12187470638,135.04984605701,
    97.05710226006));
#5583 = CARTESIAN_POINT('',(100.3010262579,134.17167917258,
    97.026131775768));
#5584 = CARTESIAN_POINT('',(99.790351158175,133.71026143835,
    97.008462613884));
#5585 = CARTESIAN_POINT('',(99.24124169449,133.2927001211,
    96.990795189549));
#5586 = CARTESIAN_POINT('',(98.658139108775,132.92267853075,
    96.973129833713));
#5587 = CARTESIAN_POINT('',(98.045824762461,132.60331085308,
    96.955464456978));
#5588 = CARTESIAN_POINT('',(97.409388755234,132.33717574591,
    96.937796980776));
#5589 = CARTESIAN_POINT('',(96.754243423559,132.12627239812,
    96.920127763718));
#5590 = CARTESIAN_POINT('',(95.343204168318,131.8002144149,
    96.882815262028));
#5591 = CARTESIAN_POINT('',(94.583845221114,131.69835559624,
    96.863162144292));
#5592 = CARTESIAN_POINT('',(93.816110004861,131.66824822677,
    96.84351215251));
#5593 = CARTESIAN_POINT('',(93.047926883626,131.71055988854,
    96.823864823923));
#5594 = CARTESIAN_POINT('',(92.287131382627,131.82495298834,
    96.804217496505));
#5595 = CARTESIAN_POINT('',(91.541464599778,132.01016866905,
    96.784567539858));
#5596 = CARTESIAN_POINT('',(90.818554636719,132.26394497413,
    96.764914524712));
#5597 = CARTESIAN_POINT('',(89.432596789294,132.901852092,
    96.725605509855));
#5598 = CARTESIAN_POINT('',(88.76915951463,133.28628704125,
    96.705937119747));
#5599 = CARTESIAN_POINT('',(88.143066072264,133.73269403243,
    96.686271996528));
#5600 = CARTESIAN_POINT('',(87.561011239865,134.23673859735,
    96.666609700299));
#5601 = CARTESIAN_POINT('',(87.028998970312,134.79334590123,
    96.64694739819));
#5602 = CARTESIAN_POINT('',(86.552392732368,135.39676837651,
    96.627282250373));
#5603 = CARTESIAN_POINT('',(86.13585043499,136.04053212607,
    96.607613814337));
#5604 = CARTESIAN_POINT('',(85.282064247301,137.67861842351,
    96.560021010703));
#5605 = CARTESIAN_POINT('',(84.90890491006,138.70818061777,
    96.532054682383));
#5606 = CARTESIAN_POINT('',(84.67569482151,139.7842388157,
    96.504109224796));
#5607 = CARTESIAN_POINT('',(84.588165922495,140.88451351626,
    96.476176614154));
#5608 = CARTESIAN_POINT('',(84.648671236421,141.98660474751,
    96.448243363955));
#5609 = CARTESIAN_POINT('',(84.855407550468,143.06806095811,
    96.420298426297));
#5610 = CARTESIAN_POINT('',(85.203192703172,144.10647010275,
    96.39233228486));
#5611 = CARTESIAN_POINT('',(86.042994439007,145.81898197111,
    96.34319079319));
#5612 = CARTESIAN_POINT('',(86.480690364742,146.52166443541,
    96.321970670317));
#5613 = CARTESIAN_POINT('',(86.98911088432,147.17842304452,
    96.300755284783));
#5614 = CARTESIAN_POINT('',(87.562474714074,147.78107591915,
    96.279543674156));
#5615 = CARTESIAN_POINT('',(88.194097269837,148.32236097937,
    96.258332085968));
#5616 = CARTESIAN_POINT('',(88.876379028894,148.79597989307,
    96.237116660861));
#5617 = CARTESIAN_POINT('',(89.600848898003,149.19658419541,
    96.215896493739));
#5618 = CARTESIAN_POINT('',(91.054633379105,149.81803759283,
    96.175162003241));
#5619 = CARTESIAN_POINT('',(91.77946633792,150.05085994677,
    96.155632574836));
#5620 = CARTESIAN_POINT('',(92.524955104267,150.21541057047,
    96.136106393921));
#5621 = CARTESIAN_POINT('',(93.28355925926,150.30966813077,
    96.116583020838));
#5622 = CARTESIAN_POINT('',(94.047652988859,150.33259227212,
    96.097059633429));
#5623 = CARTESIAN_POINT('',(94.8095411039,150.28404430504,96.07753344396
    ));
#5624 = CARTESIAN_POINT('',(95.561462719339,150.16486800514,
    96.058004057517));
#5625 = CARTESIAN_POINT('',(96.940312540239,149.81227160204,
    96.021335730169));
#5626 = CARTESIAN_POINT('',(97.57160045404,149.5944656725,
    96.004187735496));
#5627 = CARTESIAN_POINT('',(98.184222099965,149.32502455294,
    95.987041000749));
#5628 = CARTESIAN_POINT('',(98.77326781771,149.00586900497,
    95.969895912839));
#5629 = CARTESIAN_POINT('',(99.334122116266,148.6394299539,
    95.952750822131));
#5630 = CARTESIAN_POINT('',(99.862451828917,148.22861185071,
    95.935604087759));
#5631 = CARTESIAN_POINT('',(100.35423271304,147.77682051718,
    95.918456114301));
#5632 = CARTESIAN_POINT('',(100.89772085037,147.18858154599,
    95.897822067046));
#5633 = CARTESIAN_POINT('',(100.98796566204,147.08757232994,
    95.894332757951));
#5634 = CARTESIAN_POINT('',(101.076518942,146.98506028594,
    95.890843453633));
#5635 = CARTESIAN_POINT('',(101.16335150849,146.88107851809,
    95.88735415477));
#5636 = CARTESIAN_POINT('',(101.24843498568,146.77566077494,
    95.883864861595));
#5637 = CARTESIAN_POINT('',(101.33174180366,146.66884144952,
    95.880375573895));
#5638 = CARTESIAN_POINT('',(101.41324519847,146.56065557932,
    95.876886291012));
#5639 = CARTESIAN_POINT('',(101.92143696855,145.86211536686,
    95.854630314735));
#5640 = CARTESIAN_POINT('',(102.29714898726,145.23443748692,
    95.835858862703));
#5641 = CARTESIAN_POINT('',(102.61580305281,144.5738550836,
    95.817089695554));
#5642 = CARTESIAN_POINT('',(102.87412079746,143.88646657952,
    95.798323020901));
#5643 = CARTESIAN_POINT('',(103.06962003351,143.17864527055,
    95.779555934483));
#5644 = CARTESIAN_POINT('',(103.20055863944,142.45700516344,
    95.760785894165));
#5645 = CARTESIAN_POINT('',(103.266,141.72840632291,95.742013947621));
#5646 = CARTESIAN_POINT('',(103.266,140.99999972856,95.72324771368));
#5647 = ORIENTED_EDGE('',*,*,#5648,.T.);
#5648 = EDGE_CURVE('',#5563,#5649,#5651,.T.);
#5649 = VERTEX_POINT('',#5650);
#5650 = CARTESIAN_POINT('',(103.266,140.9999998492,96.776788022504));
#5651 = LINE('',#5652,#5653);
#5652 = CARTESIAN_POINT('',(103.266,141.,110.5));
#5653 = VECTOR('',#5654,1.);
#5654 = DIRECTION('',(-7.E-17,0.,-1.));
#5655 = ORIENTED_EDGE('',*,*,#5656,.T.);
#5656 = EDGE_CURVE('',#5649,#3429,#5657,.T.);
#5657 = B_SPLINE_CURVE_WITH_KNOTS('',8,(#5658,#5659,#5660,#5661,#5662,
    #5663,#5664,#5665,#5666,#5667,#5668,#5669,#5670,#5671,#5672,#5673,
    #5674,#5675,#5676,#5677,#5678,#5679,#5680,#5681,#5682,#5683,#5684,
    #5685,#5686,#5687,#5688,#5689,#5690,#5691,#5692,#5693,#5694,#5695,
    #5696,#5697,#5698,#5699,#5700,#5701,#5702,#5703,#5704,#5705,#5706,
    #5707,#5708,#5709,#5710,#5711,#5712,#5713,#5714,#5715,#5716,#5717,
    #5718,#5719,#5720,#5721,#5722,#5723,#5724,#5725,#5726,#5727,#5728,
    #5729),.UNSPECIFIED.,.F.,.F.,(9,7,7,7,7,7,7,7,7,7,9),(0.,
    1.94457928333E-02,0.121392754405,0.214607577163,0.319423791656,
    0.425711512471,0.57352256499,0.727137217467,0.882010435347,
    0.960727346746,1.),.UNSPECIFIED.);
#5658 = CARTESIAN_POINT('',(103.266,140.9999996984,96.776788022504));
#5659 = CARTESIAN_POINT('',(103.266,140.85852273354,96.773143278705));
#5660 = CARTESIAN_POINT('',(103.26353128385,140.71704573763,
    96.769498473981));
#5661 = CARTESIAN_POINT('',(103.25859385217,140.5756190282,
    96.765853615021));
#5662 = CARTESIAN_POINT('',(103.25118893237,140.43429285776,
    96.762208708538));
#5663 = CARTESIAN_POINT('',(103.24131897865,140.29311741382,
    96.75856376127));
#5664 = CARTESIAN_POINT('',(103.22898767202,140.15214281888,
    96.754918779981));
#5665 = CARTESIAN_POINT('',(103.21419992029,140.01141913043,
    96.751273771458));
#5666 = CARTESIAN_POINT('',(103.10658919588,139.13481258943,
    96.728519229785));
#5667 = CARTESIAN_POINT('',(102.9488427636,138.40668745441,
    96.709403791267));
#5668 = CARTESIAN_POINT('',(102.72458224932,137.69413400051,
    96.690290966348));
#5669 = CARTESIAN_POINT('',(102.43569217272,137.00421742201,
    96.671181479909));
#5670 = CARTESIAN_POINT('',(102.08488181623,136.34363097202,
    96.652072189847));
#5671 = CARTESIAN_POINT('',(101.67561371006,135.71871107028,
    96.632959908058));
#5672 = CARTESIAN_POINT('',(101.21216067115,135.13539158954,
    96.613845094883));
#5673 = CARTESIAN_POINT('',(100.23130846692,134.108738663,
    96.577262573718));
#5674 = CARTESIAN_POINT('',(99.72171556688,133.65746941199,
    96.559786183006));
#5675 = CARTESIAN_POINT('',(99.174950648379,133.24946485634,
    96.542311164942));
#5676 = CARTESIAN_POINT('',(98.595343555151,132.8882480278,
    96.524837962933));
#5677 = CARTESIAN_POINT('',(97.987545376074,132.57679444138,
    96.507364773664));
#5678 = CARTESIAN_POINT('',(97.356499310174,132.31756383022,
    96.489889780912));
#5679 = CARTESIAN_POINT('',(96.707453042697,132.11245887511,
    96.472413403238));
#5680 = CARTESIAN_POINT('',(95.30225023603,131.79432555365,
    96.43529306068));
#5681 = CARTESIAN_POINT('',(94.542415814269,131.6958435352,
    96.415639546122));
#5682 = CARTESIAN_POINT('',(93.774523940117,131.6691551315,
    96.395989293759));
#5683 = CARTESIAN_POINT('',(93.006506812056,131.71489270724,
    96.376341958554));
#5684 = CARTESIAN_POINT('',(92.246199309976,131.83268368918,
    96.356694617151));
#5685 = CARTESIAN_POINT('',(91.501337743472,132.02123453648,
    96.337044323878));
#5686 = CARTESIAN_POINT('',(90.779540908229,132.27824899133,
    96.317390714706));
#5687 = CARTESIAN_POINT('',(89.387238136202,132.92663837616,
    96.277819854921));
#5688 = CARTESIAN_POINT('',(88.717137637855,133.32006177266,
    96.257889779225));
#5689 = CARTESIAN_POINT('',(88.085767481521,133.77689754941,
    96.237963066189));
#5690 = CARTESIAN_POINT('',(87.500064405158,134.29258870147,
    96.218039281332));
#5691 = CARTESIAN_POINT('',(86.966230530655,134.86180469147,
    96.198115503712));
#5692 = CARTESIAN_POINT('',(86.489788559849,135.47851389611,
    96.178188819968));
#5693 = CARTESIAN_POINT('',(86.075511132528,136.1359261702,
    96.158258798349));
#5694 = CARTESIAN_POINT('',(85.242811754516,137.78645367088,
    96.110628712797));
#5695 = CARTESIAN_POINT('',(84.885172313333,138.81201736663,
    96.082887754103));
#5696 = CARTESIAN_POINT('',(84.665733950252,139.88168027415,
    96.055167136637));
#5697 = CARTESIAN_POINT('',(84.589858717479,140.9736400206,
    96.027457810169));
#5698 = CARTESIAN_POINT('',(84.659615243897,142.06600769643,
    95.999749116025));
#5699 = CARTESIAN_POINT('',(84.873057496203,143.13688301728,
    95.972028002154));
#5700 = CARTESIAN_POINT('',(85.224945651394,144.1644341327,
    95.944286834663));
#5701 = CARTESIAN_POINT('',(86.201754049678,146.12788243431,
    95.887785436547));
#5702 = CARTESIAN_POINT('',(86.838215608267,147.06133713806,
    95.858949303487));
#5703 = CARTESIAN_POINT('',(87.601821072953,147.90275293413,
    95.830138300057));
#5704 = CARTESIAN_POINT('',(88.476311456723,148.63284612392,
    95.801341017696));
#5705 = CARTESIAN_POINT('',(89.443176121573,149.2352926699,
    95.77254369894));
#5706 = CARTESIAN_POINT('',(90.481122877477,149.69761262174,
    95.743732494698));
#5707 = CARTESIAN_POINT('',(91.566752331058,150.01038965051,
    95.714895948262));
#5708 = CARTESIAN_POINT('',(93.788000349093,150.33184991647,
    95.657069944252));
#5709 = CARTESIAN_POINT('',(94.927253467651,150.33849792107,
    95.627995555439));
#5710 = CARTESIAN_POINT('',(96.062891144396,150.18557890271,
    95.598947359599));
#5711 = CARTESIAN_POINT('',(97.169184740993,149.8756221401,
    95.569913465467));
#5712 = CARTESIAN_POINT('',(98.221601095337,149.41477655663,
    95.540880654104));
#5713 = CARTESIAN_POINT('',(99.197260807693,148.81382267937,
    95.511833501421));
#5714 = CARTESIAN_POINT('',(100.0746519491,148.08709895715,
    95.482760049541));
#5715 = CARTESIAN_POINT('',(101.22204348918,146.83342324652,
    95.438974230698));
#5716 = CARTESIAN_POINT('',(101.57889729933,146.38359536462,
    95.424217373219));
#5717 = CARTESIAN_POINT('',(101.90362896181,145.90892648709,
    95.409461050124));
#5718 = CARTESIAN_POINT('',(102.19424250287,145.41211256384,
    95.394705444935));
#5719 = CARTESIAN_POINT('',(102.44902624658,144.89600643116,
    95.379949792153));
#5720 = CARTESIAN_POINT('',(102.66654077975,144.36360750687,
    95.365193356356));
#5721 = CARTESIAN_POINT('',(102.84563416883,143.8180661743,
    95.350436396796));
#5722 = CARTESIAN_POINT('',(103.05525712053,142.98562654879,
    95.328319561264));
#5723 = CARTESIAN_POINT('',(103.115265683,142.70608952393,
    95.320958005299));
#5724 = CARTESIAN_POINT('',(103.16540849409,142.42449581327,
    95.313596530502));
#5725 = CARTESIAN_POINT('',(103.205604221,142.14125210744,
    95.306235149511));
#5726 = CARTESIAN_POINT('',(103.23579182469,141.85676767514,
    95.298873844697));
#5727 = CARTESIAN_POINT('',(103.25593056401,141.57145428316,
    95.29151260618));
#5728 = CARTESIAN_POINT('',(103.266,141.28572611649,95.28415146985));
#5729 = CARTESIAN_POINT('',(103.266,140.9999996984,95.276790555383));
#5730 = ORIENTED_EDGE('',*,*,#3428,.T.);
#5731 = ORIENTED_EDGE('',*,*,#5732,.F.);
#5732 = EDGE_CURVE('',#5565,#3431,#5733,.T.);
#5733 = LINE('',#5734,#5735);
#5734 = CARTESIAN_POINT('',(103.266,141.,110.5));
#5735 = VECTOR('',#5736,1.);
#5736 = DIRECTION('',(-7.E-17,0.,-1.));
#5737 = CYLINDRICAL_SURFACE('',#5738,9.266);
#5738 = AXIS2_PLACEMENT_3D('',#5739,#5740,#5741);
#5739 = CARTESIAN_POINT('',(94.,141.,110.5));
#5740 = DIRECTION('',(-0.,-0.,-1.));
#5741 = DIRECTION('',(1.,0.,0.));
#5742 = ADVANCED_FACE('',(#5743),#5829,.F.);
#5743 = FACE_BOUND('',#5744,.T.);
#5744 = EDGE_LOOP('',(#5745,#5827,#5828));
#5745 = ORIENTED_EDGE('',*,*,#5746,.F.);
#5746 = EDGE_CURVE('',#5565,#3489,#5747,.T.);
#5747 = B_SPLINE_CURVE_WITH_KNOTS('',8,(#5748,#5749,#5750,#5751,#5752,
    #5753,#5754,#5755,#5756,#5757,#5758,#5759,#5760,#5761,#5762,#5763,
    #5764,#5765,#5766,#5767,#5768,#5769,#5770,#5771,#5772,#5773,#5774,
    #5775,#5776,#5777,#5778,#5779,#5780,#5781,#5782,#5783,#5784,#5785,
    #5786,#5787,#5788,#5789,#5790,#5791,#5792,#5793,#5794,#5795,#5796,
    #5797,#5798,#5799,#5800,#5801,#5802,#5803,#5804,#5805,#5806,#5807,
    #5808,#5809,#5810,#5811,#5812,#5813,#5814,#5815,#5816,#5817,#5818,
    #5819,#5820,#5821,#5822,#5823,#5824,#5825,#5826),.UNSPECIFIED.,.F.,
  .F.,(9,7,7,7,7,7,7,7,7,7,7,9),(0.,4.867184417296E-02,0.119590268119,
    0.214064460159,0.319277737272,0.423170290206,0.572987975451,
    0.684896081364,0.788784552749,0.869982760997,0.957880928443,1.),
  .UNSPECIFIED.);
#5748 = CARTESIAN_POINT('',(103.266,140.9999996984,95.723247712903));
#5749 = CARTESIAN_POINT('',(103.266,140.6458415734,95.714123394813));
#5750 = CARTESIAN_POINT('',(103.25052986379,140.29167814348,
    95.704998850906));
#5751 = CARTESIAN_POINT('',(103.21958879513,139.93830556544,
    95.695874333837));
#5752 = CARTESIAN_POINT('',(103.17322605633,139.58651266252,
    95.68674985713));
#5753 = CARTESIAN_POINT('',(103.11153830216,139.23708115062,
    95.677625328286));
#5754 = CARTESIAN_POINT('',(103.03466867581,138.89078559378,
    95.668500663468));
#5755 = CARTESIAN_POINT('',(102.94280766686,138.54839308907,
    95.659375883748));
#5756 = CARTESIAN_POINT('',(102.68085437182,137.71856486365,
    95.636955853436));
#5757 = CARTESIAN_POINT('',(102.49418194723,137.23632093902,
    95.623659526633));
#5758 = CARTESIAN_POINT('',(102.27692102134,136.76630795428,
    95.610363512436));
#5759 = CARTESIAN_POINT('',(102.03002291651,136.31078512592,
    95.597067966512));
#5760 = CARTESIAN_POINT('',(101.75462517978,135.87190495771,
    95.583772455568));
#5761 = CARTESIAN_POINT('',(101.45204347806,135.45171593347,
    95.570476526823));
#5762 = CARTESIAN_POINT('',(101.12377792237,135.05215678429,
    95.557180291633));
#5763 = CARTESIAN_POINT('',(100.30229078087,134.17266817457,
    95.526173691526));
#5764 = CARTESIAN_POINT('',(99.790353841913,133.70997487894,
    95.508458866086));
#5765 = CARTESIAN_POINT('',(99.23977806853,133.29136236325,
    95.49074579922));
#5766 = CARTESIAN_POINT('',(98.655039385383,132.92054265329,
    95.473034826362));
#5767 = CARTESIAN_POINT('',(98.040957144665,132.60065271845,
    95.455323831777));
#5768 = CARTESIAN_POINT('',(97.402662266099,132.3342885761,
    95.437610710474));
#5769 = CARTESIAN_POINT('',(96.745610949738,132.12346066243,
    95.419895826386));
#5770 = CARTESIAN_POINT('',(95.329520381634,131.79797588048,
    95.382459818806));
#5771 = CARTESIAN_POINT('',(94.56696462427,131.69688042479,
    95.36272868958));
#5772 = CARTESIAN_POINT('',(93.796082367721,131.66812476518,
    95.343000754408));
#5773 = CARTESIAN_POINT('',(93.024898537983,131.71236991989,
    95.323275529052));
#5774 = CARTESIAN_POINT('',(92.261341249364,131.82925611672,
    95.30355030792));
#5775 = CARTESIAN_POINT('',(91.513240442504,132.01748868846,
    95.283822414647));
#5776 = CARTESIAN_POINT('',(90.788308741428,132.2747543675,
    95.26409139368));
#5777 = CARTESIAN_POINT('',(89.408549994663,132.91613729656,
    95.224889749013));
#5778 = CARTESIAN_POINT('',(88.752532272969,133.2988191133,
    95.205406892718));
#5779 = CARTESIAN_POINT('',(88.133317023189,133.7422016983,
    95.185927147424));
#5780 = CARTESIAN_POINT('',(87.557400885907,134.24205827677,
    95.166450110181));
#5781 = CARTESIAN_POINT('',(87.030614529992,134.79344935969,
    95.146973066816));
#5782 = CARTESIAN_POINT('',(86.558170218941,135.39078678991,
    95.127493296484));
#5783 = CARTESIAN_POINT('',(86.144600113613,136.02778317528,
    95.108010393762));
#5784 = CARTESIAN_POINT('',(85.287354316052,137.66279020346,
    95.060446605263));
#5785 = CARTESIAN_POINT('',(84.91029770398,138.69760178451,
    95.032323040699));
#5786 = CARTESIAN_POINT('',(84.674725517659,139.77965383055,
    95.00422098006));
#5787 = CARTESIAN_POINT('',(84.586481371506,140.88629127321,
    94.976132060427));
#5788 = CARTESIAN_POINT('',(84.64796918066,141.99473758094,
    94.948042473864));
#5789 = CARTESIAN_POINT('',(84.857334995385,143.08216371294,
    94.919940957213));
#5790 = CARTESIAN_POINT('',(85.209286577258,144.12578245346,
    94.891817561041));
#5791 = CARTESIAN_POINT('',(86.052615711214,145.83331239893,
    94.842751097346));
#5792 = CARTESIAN_POINT('',(86.486679297785,146.52749818943,
    94.821762712158));
#5793 = CARTESIAN_POINT('',(86.989851996442,147.17666439103,
    94.80077879622));
#5794 = CARTESIAN_POINT('',(87.556535288619,147.77289926723,
    94.779798476472));
#5795 = CARTESIAN_POINT('',(88.180262795048,148.30917342602,
    94.758818176935));
#5796 = CARTESIAN_POINT('',(88.853691682339,148.77937873581,
    94.737834222218));
#5797 = CARTESIAN_POINT('',(89.568641125192,149.17831781657,
    94.716845793007));
#5798 = CARTESIAN_POINT('',(91.00941787753,149.8026480153,
    94.676389823301));
#5799 = CARTESIAN_POINT('',(91.731269224113,150.03863240325,
    94.656907737136));
#5800 = CARTESIAN_POINT('',(92.474029580186,150.20678610832,
    94.637428851419));
#5801 = CARTESIAN_POINT('',(93.230224346864,150.30506255503,
    94.617952755633));
#5802 = CARTESIAN_POINT('',(93.9922887433,150.33238642356,
    94.598476651584));
#5803 = CARTESIAN_POINT('',(94.752584247365,150.2885753868,
    94.578997769889));
#5804 = CARTESIAN_POINT('',(95.503401737411,150.17441967791,
    94.559515735795));
#5805 = CARTESIAN_POINT('',(96.810338102191,149.84928444477,
    94.524817017463));
#5806 = CARTESIAN_POINT('',(97.373367503274,149.66484769923,
    94.509592744379));
#5807 = CARTESIAN_POINT('',(97.922413692238,149.43950444997,
    94.494369141842));
#5808 = CARTESIAN_POINT('',(98.454017123489,149.17452258884,
    94.47914642685));
#5809 = CARTESIAN_POINT('',(98.964890507759,148.87149460703,
    94.463923686602));
#5810 = CARTESIAN_POINT('',(99.451913519152,148.53231928037,
    94.448700017004));
#5811 = CARTESIAN_POINT('',(99.91214522229,148.15921611531,
    94.433475658412));
#5812 = CARTESIAN_POINT('',(100.80910258117,147.31695688779,
    94.401774532561));
#5813 = CARTESIAN_POINT('',(101.24088680792,146.84229169589,
    94.385293504335));
#5814 = CARTESIAN_POINT('',(101.63469359378,146.33404012011,
    94.368813751761));
#5815 = CARTESIAN_POINT('',(101.98751057345,145.79578172381,
    94.352335553895));
#5816 = CARTESIAN_POINT('',(102.29675335685,145.2313608855,
    94.33585740804));
#5817 = CARTESIAN_POINT('',(102.56024351883,144.64486577046,
    94.319377750845));
#5818 = CARTESIAN_POINT('',(102.77623754395,144.04063788164,
    94.302896753493));
#5819 = CARTESIAN_POINT('',(103.0236588262,143.12750187051,
    94.27852198817));
#5820 = CARTESIAN_POINT('',(103.09262965241,142.82865928103,
    94.270625694089));
#5821 = CARTESIAN_POINT('',(103.15028482814,142.52728109131,
    94.262729406508));
#5822 = CARTESIAN_POINT('',(103.19651678171,142.22386778494,
    94.254833153754));
#5823 = CARTESIAN_POINT('',(103.23124476238,141.91892353696,
    94.246936932708));
#5824 = CARTESIAN_POINT('',(103.25441485589,141.61295609163,
    94.239040746813));
#5825 = CARTESIAN_POINT('',(103.266,141.30647664014,94.231144644091));
#5826 = CARTESIAN_POINT('',(103.266,140.9999996984,94.223248755158));
#5827 = ORIENTED_EDGE('',*,*,#5732,.T.);
#5828 = ORIENTED_EDGE('',*,*,#3515,.T.);
#5829 = CYLINDRICAL_SURFACE('',#5830,9.266);
#5830 = AXIS2_PLACEMENT_3D('',#5831,#5832,#5833);
#5831 = CARTESIAN_POINT('',(94.,141.,110.5));
#5832 = DIRECTION('',(-0.,-0.,-1.));
#5833 = DIRECTION('',(1.,0.,0.));
#5834 = ADVANCED_FACE('',(#5835),#5880,.F.);
#5835 = FACE_BOUND('',#5836,.F.);
#5836 = EDGE_LOOP('',(#5837,#5838,#5845,#5879));
#5837 = ORIENTED_EDGE('',*,*,#5746,.F.);
#5838 = ORIENTED_EDGE('',*,*,#5839,.T.);
#5839 = EDGE_CURVE('',#5565,#5840,#5842,.T.);
#5840 = VERTEX_POINT('',#5841);
#5841 = CARTESIAN_POINT('',(104.01601129492,141.00000000657,
    96.156249724522));
#5842 = B_SPLINE_CURVE_WITH_KNOTS('',1,(#5843,#5844),.UNSPECIFIED.,.F.,
  .F.,(2,2),(0.,1.3105),.PIECEWISE_BEZIER_KNOTS.);
#5843 = CARTESIAN_POINT('',(102.88107372571,140.99999954024,
    95.501019258187));
#5844 = CARTESIAN_POINT('',(104.01601129491,141.00000000657,
    96.156249724522));
#5845 = ORIENTED_EDGE('',*,*,#5846,.T.);
#5846 = EDGE_CURVE('',#5840,#3467,#5847,.T.);
#5847 = B_SPLINE_CURVE_WITH_KNOTS('',9,(#5848,#5849,#5850,#5851,#5852,
    #5853,#5854,#5855,#5856,#5857,#5858,#5859,#5860,#5861,#5862,#5863,
    #5864,#5865,#5866,#5867,#5868,#5869,#5870,#5871,#5872,#5873,#5874,
    #5875,#5876,#5877,#5878),.UNSPECIFIED.,.F.,.F.,(10,7,7,7,10),(0.,
    1.614938419963,3.229876839926,4.844815259889,6.459753679852),
  .UNSPECIFIED.);
#5848 = CARTESIAN_POINT('',(104.01601129492,141.00000000657,
    96.156249724522));
#5849 = CARTESIAN_POINT('',(104.01601293362,139.25187614349,
    96.114583017902));
#5850 = CARTESIAN_POINT('',(103.67276648742,137.50376433491,
    96.072916381163));
#5851 = CARTESIAN_POINT('',(102.98628356627,135.83264463456,
    96.031249722794));
#5852 = CARTESIAN_POINT('',(101.97671720255,134.31559458692,
    95.989583043089));
#5853 = CARTESIAN_POINT('',(100.68440121566,133.02328066474,
    95.947916376747));
#5854 = CARTESIAN_POINT('',(99.167347422674,132.01371979534,
    95.906249709277));
#5855 = CARTESIAN_POINT('',(97.496247486784,131.32723367519,
    95.864583043702));
#5856 = CARTESIAN_POINT('',(94.000000179655,130.64074579444,
    95.781249711294));
#5857 = CARTESIAN_POINT('',(90.503752531245,131.32722967011,
    95.69791637721));
#5858 = CARTESIAN_POINT('',(88.832653575529,132.0137142339,
    95.656249709661));
#5859 = CARTESIAN_POINT('',(87.315594922254,133.02328508739,
    95.614583042979));
#5860 = CARTESIAN_POINT('',(86.023286036392,134.31559610807,
    95.572916377558));
#5861 = CARTESIAN_POINT('',(85.013716737487,135.83265561084,
    95.531249712052));
#5862 = CARTESIAN_POINT('',(84.327231546187,137.503754105,95.48958304522
    ));
#5863 = CARTESIAN_POINT('',(83.640745052767,140.99999999659,
    95.406249710743));
#5864 = CARTESIAN_POINT('',(84.327231453232,144.49624590644,
    95.322916376266));
#5865 = CARTESIAN_POINT('',(85.013716628649,146.16734442792,
    95.281249709433));
#5866 = CARTESIAN_POINT('',(86.023286037384,147.68440390382,
    95.239583043928));
#5867 = CARTESIAN_POINT('',(87.315594977626,148.97671484083,
    95.197916378506));
#5868 = CARTESIAN_POINT('',(88.832653579019,149.98628566487,
    95.156249711825));
#5869 = CARTESIAN_POINT('',(90.503752519059,150.67277030977,
    95.114583044276));
#5870 = CARTESIAN_POINT('',(94.000000168064,151.35925425035,
    95.031249710192));
#5871 = CARTESIAN_POINT('',(97.496247474597,150.67276629862,
    94.947916377784));
#5872 = CARTESIAN_POINT('',(99.167347351955,149.9862801381,
    94.906249712206));
#5873 = CARTESIAN_POINT('',(100.68440132944,148.97671911682,
    94.86458304475));
#5874 = CARTESIAN_POINT('',(101.97671670168,147.68440567655,
    94.822916378378));
#5875 = CARTESIAN_POINT('',(102.98628464842,146.16735609503,
    94.781249698709));
#5876 = CARTESIAN_POINT('',(103.67276682937,144.49623503535,
    94.739583040314));
#5877 = CARTESIAN_POINT('',(104.01601078559,142.74812387031,
    94.697916403587));
#5878 = CARTESIAN_POINT('',(104.01601242441,141.00000000723,
    94.656249696963));
#5879 = ORIENTED_EDGE('',*,*,#3488,.T.);
#5880 = B_SPLINE_SURFACE_WITH_KNOTS('',1,9,(
    (#5881,#5882,#5883,#5884,#5885,#5886,#5887,#5888,#5889,#5890,#5891
      ,#5892,#5893,#5894,#5895,#5896,#5897,#5898,#5899,#5900,#5901,#5902
      ,#5903,#5904,#5905,#5906,#5907,#5908,#5909,#5910,#5911)
    ,(#5912,#5913,#5914,#5915,#5916,#5917,#5918,#5919,#5920,#5921,#5922
      ,#5923,#5924,#5925,#5926,#5927,#5928,#5929,#5930,#5931,#5932,#5933
      ,#5934,#5935,#5936,#5937,#5938,#5939,#5940,#5941,#5942
  )),.UNSPECIFIED.,.F.,.F.,.F.,(2,2),(10,7,7,7,10),(0.,1.3105),(0.,
    1.614938419963,3.229876839926,4.844815259889,6.459753679852),
  .UNSPECIFIED.);
#5881 = CARTESIAN_POINT('',(102.88107372571,140.99999954024,
    95.501019258187));
#5882 = CARTESIAN_POINT('',(102.88107364801,139.44996076878,
    95.45935538361));
#5883 = CARTESIAN_POINT('',(102.57672248163,137.89993325894,
    95.41768662513));
#5884 = CARTESIAN_POINT('',(101.96802662655,136.41816123869,
    95.376019379597));
#5885 = CARTESIAN_POINT('',(101.07285165861,135.07302373013,
    95.334353622691));
#5886 = CARTESIAN_POINT('',(99.926979772948,133.9271419719,
    95.292686934483));
#5887 = CARTESIAN_POINT('',(98.581823396796,133.03197688973,
    95.251020323416));
#5888 = CARTESIAN_POINT('',(97.10007914469,132.4232777856,
    95.209353580601));
#5889 = CARTESIAN_POINT('',(93.999998488413,131.81457754536,
    95.126020182587));
#5890 = CARTESIAN_POINT('',(90.899919699776,132.42327456853,
    95.042686901683));
#5891 = CARTESIAN_POINT('',(89.418178059213,133.03197189775,
    95.00102029678));
#5892 = CARTESIAN_POINT('',(88.073021223518,133.92714514084,
    94.959353630932));
#5893 = CARTESIAN_POINT('',(86.927146376018,135.07302151477,
    94.91768687754));
#5894 = CARTESIAN_POINT('',(86.031973400125,136.41818038496,
    94.876020129538));
#5895 = CARTESIAN_POINT('',(85.423275728856,137.89992280603,
    94.834353474496));
#5896 = CARTESIAN_POINT('',(84.814576921324,141.00000049928,
    94.751020221098));
#5897 = CARTESIAN_POINT('',(85.423276065735,144.10007812639,
    94.6676869677));
#5898 = CARTESIAN_POINT('',(86.031973898068,145.58182048133,
    94.626020312658));
#5899 = CARTESIAN_POINT('',(86.927147020366,146.92697925416,
    94.584353564655));
#5900 = CARTESIAN_POINT('',(88.073021992527,148.07285550339,
    94.542686811264));
#5901 = CARTESIAN_POINT('',(89.418178925458,148.96802860019,
    94.501020145416));
#5902 = CARTESIAN_POINT('',(90.899920632172,149.57672576845,
    94.459353540513));
#5903 = CARTESIAN_POINT('',(93.999999486983,150.1854224547,
    94.376020259609));
#5904 = CARTESIAN_POINT('',(97.100080077085,149.57672187732,
    94.292686861594));
#5905 = CARTESIAN_POINT('',(98.581824262925,148.96802261204,
    94.25102011878));
#5906 = CARTESIAN_POINT('',(99.926980542051,148.07285738341,
    94.209353507712));
#5907 = CARTESIAN_POINT('',(101.07285230218,146.92697550135,
    94.167686819506));
#5908 = CARTESIAN_POINT('',(101.96802712634,145.58183789619,
    94.126021062598));
#5909 = CARTESIAN_POINT('',(102.57672281918,144.10006580766,
    94.084353817067));
#5910 = CARTESIAN_POINT('',(102.88107381319,142.55003826573,
    94.042685058587));
#5911 = CARTESIAN_POINT('',(102.88107372747,140.99999949427,
    94.001021184005));
#5912 = CARTESIAN_POINT('',(104.01601129492,141.00000000657,
    96.156249724522));
#5913 = CARTESIAN_POINT('',(104.01601293362,139.25187614349,
    96.114583017902));
#5914 = CARTESIAN_POINT('',(103.67276648742,137.50376433491,
    96.072916381163));
#5915 = CARTESIAN_POINT('',(102.98628356627,135.83264463456,
    96.031249722794));
#5916 = CARTESIAN_POINT('',(101.97671720255,134.31559458692,
    95.989583043089));
#5917 = CARTESIAN_POINT('',(100.68440121566,133.02328066474,
    95.947916376747));
#5918 = CARTESIAN_POINT('',(99.167347422674,132.01371979534,
    95.906249709277));
#5919 = CARTESIAN_POINT('',(97.496247486784,131.32723367519,
    95.864583043702));
#5920 = CARTESIAN_POINT('',(94.000000179655,130.64074579444,
    95.781249711294));
#5921 = CARTESIAN_POINT('',(90.503752531245,131.32722967011,
    95.69791637721));
#5922 = CARTESIAN_POINT('',(88.832653575529,132.0137142339,
    95.656249709661));
#5923 = CARTESIAN_POINT('',(87.315594922254,133.02328508739,
    95.614583042979));
#5924 = CARTESIAN_POINT('',(86.023286036392,134.31559610807,
    95.572916377558));
#5925 = CARTESIAN_POINT('',(85.013716737487,135.83265561084,
    95.531249712052));
#5926 = CARTESIAN_POINT('',(84.327231546187,137.503754105,95.48958304522
    ));
#5927 = CARTESIAN_POINT('',(83.640745052767,140.99999999659,
    95.406249710743));
#5928 = CARTESIAN_POINT('',(84.327231453232,144.49624590644,
    95.322916376266));
#5929 = CARTESIAN_POINT('',(85.013716628649,146.16734442792,
    95.281249709433));
#5930 = CARTESIAN_POINT('',(86.023286037384,147.68440390382,
    95.239583043928));
#5931 = CARTESIAN_POINT('',(87.315594977626,148.97671484083,
    95.197916378506));
#5932 = CARTESIAN_POINT('',(88.832653579019,149.98628566487,
    95.156249711825));
#5933 = CARTESIAN_POINT('',(90.503752519059,150.67277030977,
    95.114583044276));
#5934 = CARTESIAN_POINT('',(94.000000168064,151.35925425035,
    95.031249710192));
#5935 = CARTESIAN_POINT('',(97.496247474597,150.67276629862,
    94.947916377784));
#5936 = CARTESIAN_POINT('',(99.167347351955,149.9862801381,
    94.906249712206));
#5937 = CARTESIAN_POINT('',(100.68440132944,148.97671911682,
    94.86458304475));
#5938 = CARTESIAN_POINT('',(101.97671670168,147.68440567655,
    94.822916378378));
#5939 = CARTESIAN_POINT('',(102.98628464842,146.16735609503,
    94.781249698709));
#5940 = CARTESIAN_POINT('',(103.67276682937,144.49623503535,
    94.739583040314));
#5941 = CARTESIAN_POINT('',(104.01601078559,142.74812387031,
    94.697916403587));
#5942 = CARTESIAN_POINT('',(104.01601242441,141.00000000723,
    94.656249696963));
#5943 = ADVANCED_FACE('',(#5944),#5979,.F.);
#5944 = FACE_BOUND('',#5945,.F.);
#5945 = EDGE_LOOP('',(#5946,#5947,#5954,#5978));
#5946 = ORIENTED_EDGE('',*,*,#5846,.F.);
#5947 = ORIENTED_EDGE('',*,*,#5948,.T.);
#5948 = EDGE_CURVE('',#5840,#5949,#5951,.T.);
#5949 = VERTEX_POINT('',#5950);
#5950 = CARTESIAN_POINT('',(104.01601452204,141.00000000657,
    96.343749724494));
#5951 = B_SPLINE_CURVE_WITH_KNOTS('',1,(#5952,#5953),.UNSPECIFIED.,.F.,
  .F.,(2,2),(0.,0.1875),.PIECEWISE_BEZIER_KNOTS.);
#5952 = CARTESIAN_POINT('',(104.01601129491,141.00000000657,
    96.156249724522));
#5953 = CARTESIAN_POINT('',(104.01601452204,141.00000000657,
    96.343749724494));
#5954 = ORIENTED_EDGE('',*,*,#5955,.T.);
#5955 = EDGE_CURVE('',#5949,#3440,#5956,.T.);
#5956 = B_SPLINE_CURVE_WITH_KNOTS('',11,(#5957,#5958,#5959,#5960,#5961,
    #5962,#5963,#5964,#5965,#5966,#5967,#5968,#5969,#5970,#5971,#5972,
    #5973,#5974,#5975,#5976,#5977),.UNSPECIFIED.,.F.,.F.,(12,9,12),(0.,
    3.229876839926,6.459753679852),.UNSPECIFIED.);
#5957 = CARTESIAN_POINT('',(104.01601452204,141.00000000657,
    96.343749724494));
#5958 = CARTESIAN_POINT('',(104.01601796917,138.13943271741,
    96.275567840921));
#5959 = CARTESIAN_POINT('',(103.11733306002,135.27889674862,
    96.207386140345));
#5960 = CARTESIAN_POINT('',(101.32001215546,132.73191186976,
    96.139204248227));
#5961 = CARTESIAN_POINT('',(98.747138842629,130.81259704969,
    96.071022363688));
#5962 = CARTESIAN_POINT('',(95.645234462657,129.77880918722,
    96.002840716825));
#5963 = CARTESIAN_POINT('',(92.354776718499,129.77882388024,
    95.934658745886));
#5964 = CARTESIAN_POINT('',(89.252838686949,130.81251224247,
    95.866476996406));
#5965 = CARTESIAN_POINT('',(86.68000526488,132.73199615349,
    95.798295162955));
#5966 = CARTESIAN_POINT('',(84.882658455351,135.27886842743,
    95.730113348948));
#5967 = CARTESIAN_POINT('',(83.085311416829,140.99999998828,
    95.593749710712));
#5968 = CARTESIAN_POINT('',(84.882658262037,146.72113160985,
    95.457386072478));
#5969 = CARTESIAN_POINT('',(86.680004126255,149.26800387557,
    95.389204258451));
#5970 = CARTESIAN_POINT('',(89.25284447316,151.18748863792,
    95.321022425096));
#5971 = CARTESIAN_POINT('',(92.354764764534,152.22117067044,
    95.252840675368));
#5972 = CARTESIAN_POINT('',(95.645248567303,152.22120240631,
    95.18465870483));
#5973 = CARTESIAN_POINT('',(98.747130308663,151.18738976392,
    95.116477057531));
#5974 = CARTESIAN_POINT('',(101.3200108589,149.2680963416,
    95.048295173315));
#5975 = CARTESIAN_POINT('',(103.11734013815,146.72110109922,
    94.980113281039));
#5976 = CARTESIAN_POINT('',(104.01601252693,143.86056729639,
    94.911931580511));
#5977 = CARTESIAN_POINT('',(104.01601597424,141.00000000723,
    94.84374969693));
#5978 = ORIENTED_EDGE('',*,*,#3466,.T.);
#5979 = B_SPLINE_SURFACE_WITH_KNOTS('',1,11,(
    (#5980,#5981,#5982,#5983,#5984,#5985,#5986,#5987,#5988,#5989,#5990
      ,#5991,#5992,#5993,#5994,#5995,#5996,#5997,#5998,#5999,#6000)
    ,(#6001,#6002,#6003,#6004,#6005,#6006,#6007,#6008,#6009,#6010,#6011
      ,#6012,#6013,#6014,#6015,#6016,#6017,#6018,#6019,#6020,#6021
  )),.UNSPECIFIED.,.F.,.F.,.F.,(2,2),(12,9,12),(0.,0.1875),(0.,
    3.229876839926,6.459753679852),.UNSPECIFIED.);
#5980 = CARTESIAN_POINT('',(104.01601129492,141.00000000657,
    96.156249724522));
#5981 = CARTESIAN_POINT('',(104.01601397644,138.13943368517,
    96.088067840962));
#5982 = CARTESIAN_POINT('',(103.11733076291,135.27889892464,
    96.019886140364));
#5983 = CARTESIAN_POINT('',(101.32000953623,132.73191375553,
    95.95170424825));
#5984 = CARTESIAN_POINT('',(98.747136290055,130.8126019623,
    95.883522363752));
#5985 = CARTESIAN_POINT('',(95.645235474934,129.77881169516,
    95.815340716816));
#5986 = CARTESIAN_POINT('',(92.354775948545,129.77882828192,
    95.747158745941));
#5987 = CARTESIAN_POINT('',(89.252840937461,130.81251559029,
    95.67897699643));
#5988 = CARTESIAN_POINT('',(86.680007616017,132.73199894627,
    95.610795162986));
#5989 = CARTESIAN_POINT('',(84.882661519198,135.27887035738,
    95.542613348978));
#5990 = CARTESIAN_POINT('',(83.085315109332,140.99999998921,
    95.406249710742));
#5991 = CARTESIAN_POINT('',(84.882661367091,146.72112966882,
    95.269886072509));
#5992 = CARTESIAN_POINT('',(86.680006727886,149.26800107408,
    95.201704258483));
#5993 = CARTESIAN_POINT('',(89.252845434729,151.187485093,95.13352242512
    ));
#5994 = CARTESIAN_POINT('',(92.354766647575,152.22116747922,
    95.065340675408));
#5995 = CARTESIAN_POINT('',(95.645246441782,152.22119732253,
    94.997158704852));
#5996 = CARTESIAN_POINT('',(98.747129649402,151.18738778307,
    94.928977057572));
#5997 = CARTESIAN_POINT('',(101.32000852527,149.26809263332,
    94.860795173328));
#5998 = CARTESIAN_POINT('',(103.11733626636,146.72109940425,
    94.792613281089));
#5999 = CARTESIAN_POINT('',(104.0160097427,143.86056632863,
    94.724431580529));
#6000 = CARTESIAN_POINT('',(104.01601242441,141.00000000723,
    94.656249696963));
#6001 = CARTESIAN_POINT('',(104.01601452204,141.00000000657,
    96.343749724494));
#6002 = CARTESIAN_POINT('',(104.01601796917,138.13943271741,
    96.275567840921));
#6003 = CARTESIAN_POINT('',(103.11733306002,135.27889674862,
    96.207386140345));
#6004 = CARTESIAN_POINT('',(101.32001215546,132.73191186976,
    96.139204248227));
#6005 = CARTESIAN_POINT('',(98.747138842629,130.81259704969,
    96.071022363688));
#6006 = CARTESIAN_POINT('',(95.645234462657,129.77880918722,
    96.002840716825));
#6007 = CARTESIAN_POINT('',(92.354776718499,129.77882388024,
    95.934658745886));
#6008 = CARTESIAN_POINT('',(89.252838686949,130.81251224247,
    95.866476996406));
#6009 = CARTESIAN_POINT('',(86.68000526488,132.73199615349,
    95.798295162955));
#6010 = CARTESIAN_POINT('',(84.882658455351,135.27886842743,
    95.730113348948));
#6011 = CARTESIAN_POINT('',(83.085311416829,140.99999998828,
    95.593749710712));
#6012 = CARTESIAN_POINT('',(84.882658262037,146.72113160985,
    95.457386072478));
#6013 = CARTESIAN_POINT('',(86.680004126255,149.26800387557,
    95.389204258451));
#6014 = CARTESIAN_POINT('',(89.25284447316,151.18748863792,
    95.321022425096));
#6015 = CARTESIAN_POINT('',(92.354764764534,152.22117067044,
    95.252840675368));
#6016 = CARTESIAN_POINT('',(95.645248567303,152.22120240631,
    95.18465870483));
#6017 = CARTESIAN_POINT('',(98.747130308663,151.18738976392,
    95.116477057531));
#6018 = CARTESIAN_POINT('',(101.3200108589,149.2680963416,
    95.048295173315));
#6019 = CARTESIAN_POINT('',(103.11734013815,146.72110109922,
    94.980113281039));
#6020 = CARTESIAN_POINT('',(104.01601252693,143.86056729639,
    94.911931580511));
#6021 = CARTESIAN_POINT('',(104.01601597424,141.00000000723,
    94.84374969693));
#6022 = ADVANCED_FACE('',(#6023),#6033,.F.);
#6023 = FACE_BOUND('',#6024,.F.);
#6024 = EDGE_LOOP('',(#6025,#6026,#6031,#6032));
#6025 = ORIENTED_EDGE('',*,*,#5955,.F.);
#6026 = ORIENTED_EDGE('',*,*,#6027,.T.);
#6027 = EDGE_CURVE('',#5949,#5649,#6028,.T.);
#6028 = B_SPLINE_CURVE_WITH_KNOTS('',1,(#6029,#6030),.UNSPECIFIED.,.F.,
  .F.,(2,2),(0.,1.3105),.PIECEWISE_BEZIER_KNOTS.);
#6029 = CARTESIAN_POINT('',(104.01601452204,141.00000000657,
    96.343749724494));
#6030 = CARTESIAN_POINT('',(102.88109950825,140.99999954025,
    96.999019257965));
#6031 = ORIENTED_EDGE('',*,*,#5656,.T.);
#6032 = ORIENTED_EDGE('',*,*,#3439,.T.);
#6033 = B_SPLINE_SURFACE_WITH_KNOTS('',1,9,(
    (#6034,#6035,#6036,#6037,#6038,#6039,#6040,#6041,#6042,#6043,#6044
      ,#6045,#6046,#6047,#6048,#6049,#6050,#6051,#6052,#6053,#6054,#6055
      ,#6056,#6057,#6058,#6059,#6060,#6061,#6062,#6063,#6064)
    ,(#6065,#6066,#6067,#6068,#6069,#6070,#6071,#6072,#6073,#6074,#6075
      ,#6076,#6077,#6078,#6079,#6080,#6081,#6082,#6083,#6084,#6085,#6086
      ,#6087,#6088,#6089,#6090,#6091,#6092,#6093,#6094,#6095
  )),.UNSPECIFIED.,.F.,.F.,.F.,(2,2),(10,7,7,7,10),(0.,1.3105),(0.,
    1.614938419963,3.229876839926,4.844815259889,6.459753679852),
  .UNSPECIFIED.);
#6034 = CARTESIAN_POINT('',(104.01601452204,141.00000000657,
    96.343749724494));
#6035 = CARTESIAN_POINT('',(104.01601662862,139.25187555209,
    96.302083017866));
#6036 = CARTESIAN_POINT('',(103.67276971023,137.50376306024,
    96.260416381133));
#6037 = CARTESIAN_POINT('',(102.98628645078,135.83264298889,
    96.218749722767));
#6038 = CARTESIAN_POINT('',(101.97671997137,134.3155923616,
    96.177083043057));
#6039 = CARTESIAN_POINT('',(100.6844034592,133.02327793365,
    96.135416376717));
#6040 = CARTESIAN_POINT('',(99.167349179148,132.0137167447,
    96.093749709246));
#6041 = CARTESIAN_POINT('',(97.496248669421,131.32723039841,
    96.052083043671));
#6042 = CARTESIAN_POINT('',(94.000000179275,130.64074229624,
    95.968749711264));
#6043 = CARTESIAN_POINT('',(90.503751348282,131.32722639557,
    95.885416377179));
#6044 = CARTESIAN_POINT('',(88.832651825115,132.01371118034,
    95.84374970963));
#6045 = CARTESIAN_POINT('',(87.315592651398,133.02328237989,
    95.802083042949));
#6046 = CARTESIAN_POINT('',(86.023283336362,134.31559384997,
    95.760416377527));
#6047 = CARTESIAN_POINT('',(85.013713711906,135.83265387,95.718749712022
    ));
#6048 = CARTESIAN_POINT('',(84.327228286422,137.50375292574,
    95.67708304519));
#6049 = CARTESIAN_POINT('',(83.640741548169,140.99999999766,
    95.593749710712));
#6050 = CARTESIAN_POINT('',(84.327228168286,144.49624709278,
    95.510416376235));
#6051 = CARTESIAN_POINT('',(85.013713574005,146.16734618338,
    95.468749709402));
#6052 = CARTESIAN_POINT('',(86.023283340272,147.68440616846,
    95.427083043898));
#6053 = CARTESIAN_POINT('',(87.31559272573,148.97671753046,
    95.385416378475));
#6054 = CARTESIAN_POINT('',(88.832651833141,149.98628869154,
    95.343749711795));
#6055 = CARTESIAN_POINT('',(90.503751336422,150.67277357994,
    95.302083044245));
#6056 = CARTESIAN_POINT('',(94.000000168452,151.35925776135,
    95.218749710161));
#6057 = CARTESIAN_POINT('',(97.496248657562,150.67276956655,
    95.135416377753));
#6058 = CARTESIAN_POINT('',(99.167349091765,149.98628316769,
    95.093749712175));
#6059 = CARTESIAN_POINT('',(100.68440360863,148.97672178287,
    95.052083044721));
#6060 = CARTESIAN_POINT('',(101.97671933003,147.684407974,
    95.010416378344));
#6061 = CARTESIAN_POINT('',(102.98628784415,146.16735794561,
    94.968749698678));
#6062 = CARTESIAN_POINT('',(103.67277015127,144.49623612628,
    94.927083040281));
#6063 = CARTESIAN_POINT('',(104.01601386755,142.74812446171,
    94.885416403562));
#6064 = CARTESIAN_POINT('',(104.01601597424,141.00000000723,
    94.84374969693));
#6065 = CARTESIAN_POINT('',(102.88109950825,140.99999954025,
    96.999019257965));
#6066 = CARTESIAN_POINT('',(102.88110316856,139.44995604386,
    96.957355383324));
#6067 = CARTESIAN_POINT('',(102.57674822977,137.89992307516,
    96.915686624882));
#6068 = CARTESIAN_POINT('',(101.96804967181,136.41814809092,
    96.874019379392));
#6069 = CARTESIAN_POINT('',(101.07287377963,135.07300595132,
    96.832353622423));
#6070 = CARTESIAN_POINT('',(99.926997697299,133.92712015228,
    96.79068693425));
#6071 = CARTESIAN_POINT('',(98.58183742986,133.03195251716,
    96.749020323166));
#6072 = CARTESIAN_POINT('',(97.100088593172,132.42325160629,
    96.707353580356));
#6073 = CARTESIAN_POINT('',(93.999998485373,131.81454959709,
    96.624020182343));
#6074 = CARTESIAN_POINT('',(90.899910248684,132.42324840713,
    96.540686901438));
#6075 = CARTESIAN_POINT('',(89.41816407457,133.03194750186,
    96.499020296534));
#6076 = CARTESIAN_POINT('',(88.073003080881,133.92712350968,
    96.457353630685));
#6077 = CARTESIAN_POINT('',(86.927124804585,135.07300347405,
    96.415686877295));
#6078 = CARTESIAN_POINT('',(86.031949227742,136.41816647684,
    96.374020129296));
#6079 = CARTESIAN_POINT('',(85.423249685508,137.89991338451,
    96.332353474253));
#6080 = CARTESIAN_POINT('',(84.814548921921,141.00000050781,
    96.249020220853));
#6081 = CARTESIAN_POINT('',(85.423249821203,144.10008760447,
    96.165686967454));
#6082 = CARTESIAN_POINT('',(86.031949493498,145.58183450622,
    96.124020312411));
#6083 = CARTESIAN_POINT('',(86.927125472235,146.92699734714,
    96.08235356441));
#6084 = CARTESIAN_POINT('',(88.073004001378,148.07287699175,
    96.040686811022));
#6085 = CARTESIAN_POINT('',(89.418164977057,148.96805278128,
    95.999020145172));
#6086 = CARTESIAN_POINT('',(90.899911183695,149.57675189496,
    95.957353540269));
#6087 = CARTESIAN_POINT('',(93.99999949008,150.18545050524,
    95.874020259363));
#6088 = CARTESIAN_POINT('',(97.100089528182,149.57674798588,
    95.79068686135));
#6089 = CARTESIAN_POINT('',(98.58183816284,148.96804681644,
    95.749020118534));
#6090 = CARTESIAN_POINT('',(99.926998751221,148.07287868339,
    95.707353507482));
#6091 = CARTESIAN_POINT('',(101.07287330093,146.92699385647,
    95.665686819241));
#6092 = CARTESIAN_POINT('',(101.96805265804,145.5818526811,
    95.624021062353));
#6093 = CARTESIAN_POINT('',(102.5767493589,144.10007452353,
    95.582353816806));
#6094 = CARTESIAN_POINT('',(102.88109843599,142.55004299066,
    95.54068505839));
#6095 = CARTESIAN_POINT('',(102.88110208826,140.99999949427,
    95.499021183736));
#6096 = ADVANCED_FACE('',(#6097),#6116,.F.);
#6097 = FACE_BOUND('',#6098,.T.);
#6098 = EDGE_LOOP('',(#6099,#6100,#6108,#6115));
#6099 = ORIENTED_EDGE('',*,*,#3524,.F.);
#6100 = ORIENTED_EDGE('',*,*,#6101,.T.);
#6101 = EDGE_CURVE('',#3525,#6102,#6104,.T.);
#6102 = VERTEX_POINT('',#6103);
#6103 = CARTESIAN_POINT('',(113.20163,126.000002,97.));
#6104 = LINE('',#6105,#6106);
#6105 = CARTESIAN_POINT('',(113.20163,126.000002,95.5));
#6106 = VECTOR('',#6107,1.);
#6107 = DIRECTION('',(0.,0.,1.));
#6108 = ORIENTED_EDGE('',*,*,#6109,.F.);
#6109 = EDGE_CURVE('',#6102,#6102,#6110,.T.);
#6110 = CIRCLE('',#6111,1.101628);
#6111 = AXIS2_PLACEMENT_3D('',#6112,#6113,#6114);
#6112 = CARTESIAN_POINT('',(112.100002,126.000002,97.));
#6113 = DIRECTION('',(0.,0.,-1.));
#6114 = DIRECTION('',(1.,0.,0.));
#6115 = ORIENTED_EDGE('',*,*,#6101,.F.);
#6116 = CYLINDRICAL_SURFACE('',#6117,1.101628);
#6117 = AXIS2_PLACEMENT_3D('',#6118,#6119,#6120);
#6118 = CARTESIAN_POINT('',(112.100002,126.000002,95.5));
#6119 = DIRECTION('',(-0.,-0.,-1.));
#6120 = DIRECTION('',(1.,0.,0.));
#6121 = ADVANCED_FACE('',(#6122),#6133,.T.);
#6122 = FACE_BOUND('',#6123,.T.);
#6123 = EDGE_LOOP('',(#6124,#6125,#6126,#6132));
#6124 = ORIENTED_EDGE('',*,*,#4346,.T.);
#6125 = ORIENTED_EDGE('',*,*,#4020,.T.);
#6126 = ORIENTED_EDGE('',*,*,#6127,.F.);
#6127 = EDGE_CURVE('',#3763,#4021,#6128,.T.);
#6128 = LINE('',#6129,#6130);
#6129 = CARTESIAN_POINT('',(262.900004,15.9,109.));
#6130 = VECTOR('',#6131,1.);
#6131 = DIRECTION('',(-0.,-0.,-1.));
#6132 = ORIENTED_EDGE('',*,*,#3770,.F.);
#6133 = PLANE('',#6134);
#6134 = AXIS2_PLACEMENT_3D('',#6135,#6136,#6137);
#6135 = CARTESIAN_POINT('',(270.,15.9,109.));
#6136 = DIRECTION('',(0.,1.,0.));
#6137 = DIRECTION('',(-1.,0.,0.));
#6138 = ADVANCED_FACE('',(#6139),#6150,.T.);
#6139 = FACE_BOUND('',#6140,.T.);
#6140 = EDGE_LOOP('',(#6141,#6142,#6143,#6149));
#6141 = ORIENTED_EDGE('',*,*,#6127,.T.);
#6142 = ORIENTED_EDGE('',*,*,#4028,.T.);
#6143 = ORIENTED_EDGE('',*,*,#6144,.F.);
#6144 = EDGE_CURVE('',#3755,#3939,#6145,.T.);
#6145 = LINE('',#6146,#6147);
#6146 = CARTESIAN_POINT('',(262.900004,29.9,109.));
#6147 = VECTOR('',#6148,1.);
#6148 = DIRECTION('',(-0.,-0.,-1.));
#6149 = ORIENTED_EDGE('',*,*,#3762,.F.);
#6150 = PLANE('',#6151);
#6151 = AXIS2_PLACEMENT_3D('',#6152,#6153,#6154);
#6152 = CARTESIAN_POINT('',(262.900004,15.9,109.));
#6153 = DIRECTION('',(1.,0.,0.));
#6154 = DIRECTION('',(0.,1.,0.));
#6155 = ADVANCED_FACE('',(#6156),#6167,.T.);
#6156 = FACE_BOUND('',#6157,.T.);
#6157 = EDGE_LOOP('',(#6158,#6159,#6160,#6166));
#6158 = ORIENTED_EDGE('',*,*,#6144,.T.);
#6159 = ORIENTED_EDGE('',*,*,#3938,.T.);
#6160 = ORIENTED_EDGE('',*,*,#6161,.F.);
#6161 = EDGE_CURVE('',#3747,#3941,#6162,.T.);
#6162 = LINE('',#6163,#6164);
#6163 = CARTESIAN_POINT('',(237.100004,29.9,109.));
#6164 = VECTOR('',#6165,1.);
#6165 = DIRECTION('',(-0.,-0.,-1.));
#6166 = ORIENTED_EDGE('',*,*,#3754,.F.);
#6167 = PLANE('',#6168);
#6168 = AXIS2_PLACEMENT_3D('',#6169,#6170,#6171);
#6169 = CARTESIAN_POINT('',(262.900004,29.9,109.));
#6170 = DIRECTION('',(0.,1.,0.));
#6171 = DIRECTION('',(-1.,0.,0.));
#6172 = ADVANCED_FACE('',(#6173),#6184,.T.);
#6173 = FACE_BOUND('',#6174,.T.);
#6174 = EDGE_LOOP('',(#6175,#6176,#6177,#6183));
#6175 = ORIENTED_EDGE('',*,*,#6161,.T.);
#6176 = ORIENTED_EDGE('',*,*,#3948,.T.);
#6177 = ORIENTED_EDGE('',*,*,#6178,.F.);
#6178 = EDGE_CURVE('',#3739,#3949,#6179,.T.);
#6179 = LINE('',#6180,#6181);
#6180 = CARTESIAN_POINT('',(237.100004,15.9,109.));
#6181 = VECTOR('',#6182,1.);
#6182 = DIRECTION('',(-0.,-0.,-1.));
#6183 = ORIENTED_EDGE('',*,*,#3746,.F.);
#6184 = PLANE('',#6185);
#6185 = AXIS2_PLACEMENT_3D('',#6186,#6187,#6188);
#6186 = CARTESIAN_POINT('',(237.100004,29.9,109.));
#6187 = DIRECTION('',(-1.,0.,0.));
#6188 = DIRECTION('',(0.,-1.,0.));
#6189 = ADVANCED_FACE('',(#6190),#6196,.T.);
#6190 = FACE_BOUND('',#6191,.T.);
#6191 = EDGE_LOOP('',(#6192,#6193,#6194,#6195));
#6192 = ORIENTED_EDGE('',*,*,#6178,.T.);
#6193 = ORIENTED_EDGE('',*,*,#3956,.T.);
#6194 = ORIENTED_EDGE('',*,*,#4043,.F.);
#6195 = ORIENTED_EDGE('',*,*,#3738,.F.);
#6196 = PLANE('',#6197);
#6197 = AXIS2_PLACEMENT_3D('',#6198,#6199,#6200);
#6198 = CARTESIAN_POINT('',(237.100004,15.9,109.));
#6199 = DIRECTION('',(0.,1.,0.));
#6200 = DIRECTION('',(-1.,0.,0.));
#6201 = ADVANCED_FACE('',(#6202),#6213,.F.);
#6202 = FACE_BOUND('',#6203,.F.);
#6203 = EDGE_LOOP('',(#6204,#6210,#6211,#6212));
#6204 = ORIENTED_EDGE('',*,*,#6205,.T.);
#6205 = EDGE_CURVE('',#3708,#4126,#6206,.T.);
#6206 = LINE('',#6207,#6208);
#6207 = CARTESIAN_POINT('',(172.900003,15.9,109.));
#6208 = VECTOR('',#6209,1.);
#6209 = DIRECTION('',(-0.,-0.,-1.));
#6210 = ORIENTED_EDGE('',*,*,#4125,.T.);
#6211 = ORIENTED_EDGE('',*,*,#4060,.F.);
#6212 = ORIENTED_EDGE('',*,*,#3715,.F.);
#6213 = PLANE('',#6214);
#6214 = AXIS2_PLACEMENT_3D('',#6215,#6216,#6217);
#6215 = CARTESIAN_POINT('',(172.900003,15.9,109.));
#6216 = DIRECTION('',(0.,-1.,0.));
#6217 = DIRECTION('',(1.,0.,0.));
#6218 = ADVANCED_FACE('',(#6219),#6230,.F.);
#6219 = FACE_BOUND('',#6220,.F.);
#6220 = EDGE_LOOP('',(#6221,#6227,#6228,#6229));
#6221 = ORIENTED_EDGE('',*,*,#6222,.T.);
#6222 = EDGE_CURVE('',#3700,#4134,#6223,.T.);
#6223 = LINE('',#6224,#6225);
#6224 = CARTESIAN_POINT('',(172.900003,29.9,109.));
#6225 = VECTOR('',#6226,1.);
#6226 = DIRECTION('',(-0.,-0.,-1.));
#6227 = ORIENTED_EDGE('',*,*,#4133,.T.);
#6228 = ORIENTED_EDGE('',*,*,#6205,.F.);
#6229 = ORIENTED_EDGE('',*,*,#3707,.F.);
#6230 = PLANE('',#6231);
#6231 = AXIS2_PLACEMENT_3D('',#6232,#6233,#6234);
#6232 = CARTESIAN_POINT('',(172.900003,29.9,109.));
#6233 = DIRECTION('',(-1.,0.,0.));
#6234 = DIRECTION('',(0.,-1.,0.));
#6235 = ADVANCED_FACE('',(#6236),#6247,.F.);
#6236 = FACE_BOUND('',#6237,.F.);
#6237 = EDGE_LOOP('',(#6238,#6244,#6245,#6246));
#6238 = ORIENTED_EDGE('',*,*,#6239,.T.);
#6239 = EDGE_CURVE('',#3692,#4142,#6240,.T.);
#6240 = LINE('',#6241,#6242);
#6241 = CARTESIAN_POINT('',(147.100002,29.9,109.));
#6242 = VECTOR('',#6243,1.);
#6243 = DIRECTION('',(-0.,-0.,-1.));
#6244 = ORIENTED_EDGE('',*,*,#4141,.T.);
#6245 = ORIENTED_EDGE('',*,*,#6222,.F.);
#6246 = ORIENTED_EDGE('',*,*,#3699,.F.);
#6247 = PLANE('',#6248);
#6248 = AXIS2_PLACEMENT_3D('',#6249,#6250,#6251);
#6249 = CARTESIAN_POINT('',(147.100002,29.9,109.));
#6250 = DIRECTION('',(0.,-1.,0.));
#6251 = DIRECTION('',(1.,0.,0.));
#6252 = ADVANCED_FACE('',(#6253),#6264,.F.);
#6253 = FACE_BOUND('',#6254,.F.);
#6254 = EDGE_LOOP('',(#6255,#6261,#6262,#6263));
#6255 = ORIENTED_EDGE('',*,*,#6256,.T.);
#6256 = EDGE_CURVE('',#3684,#4150,#6257,.T.);
#6257 = LINE('',#6258,#6259);
#6258 = CARTESIAN_POINT('',(147.100002,15.8,109.));
#6259 = VECTOR('',#6260,1.);
#6260 = DIRECTION('',(-0.,-0.,-1.));
#6261 = ORIENTED_EDGE('',*,*,#4149,.T.);
#6262 = ORIENTED_EDGE('',*,*,#6239,.F.);
#6263 = ORIENTED_EDGE('',*,*,#3691,.F.);
#6264 = PLANE('',#6265);
#6265 = AXIS2_PLACEMENT_3D('',#6266,#6267,#6268);
#6266 = CARTESIAN_POINT('',(147.100002,15.8,109.));
#6267 = DIRECTION('',(1.,0.,0.));
#6268 = DIRECTION('',(0.,1.,0.));
#6269 = ADVANCED_FACE('',(#6270),#6276,.F.);
#6270 = FACE_BOUND('',#6271,.F.);
#6271 = EDGE_LOOP('',(#6272,#6273,#6274,#6275));
#6272 = ORIENTED_EDGE('',*,*,#4183,.T.);
#6273 = ORIENTED_EDGE('',*,*,#4157,.T.);
#6274 = ORIENTED_EDGE('',*,*,#6256,.F.);
#6275 = ORIENTED_EDGE('',*,*,#3683,.F.);
#6276 = PLANE('',#6277);
#6277 = AXIS2_PLACEMENT_3D('',#6278,#6279,#6280);
#6278 = CARTESIAN_POINT('',(140.,15.8,109.));
#6279 = DIRECTION('',(0.,-1.,0.));
#6280 = DIRECTION('',(1.,0.,0.));
#6281 = ADVANCED_FACE('',(#6282),#6293,.T.);
#6282 = FACE_BOUND('',#6283,.T.);
#6283 = EDGE_LOOP('',(#6284,#6285,#6286,#6292));
#6284 = ORIENTED_EDGE('',*,*,#4207,.T.);
#6285 = ORIENTED_EDGE('',*,*,#4264,.T.);
#6286 = ORIENTED_EDGE('',*,*,#6287,.F.);
#6287 = EDGE_CURVE('',#3653,#4265,#6288,.T.);
#6288 = LINE('',#6289,#6290);
#6289 = CARTESIAN_POINT('',(82.9,15.,109.));
#6290 = VECTOR('',#6291,1.);
#6291 = DIRECTION('',(-0.,-0.,-1.));
#6292 = ORIENTED_EDGE('',*,*,#3660,.F.);
#6293 = PLANE('',#6294);
#6294 = AXIS2_PLACEMENT_3D('',#6295,#6296,#6297);
#6295 = CARTESIAN_POINT('',(90.,15.,109.));
#6296 = DIRECTION('',(0.,1.,0.));
#6297 = DIRECTION('',(-1.,0.,0.));
#6298 = ADVANCED_FACE('',(#6299),#6310,.T.);
#6299 = FACE_BOUND('',#6300,.T.);
#6300 = EDGE_LOOP('',(#6301,#6302,#6303,#6309));
#6301 = ORIENTED_EDGE('',*,*,#6287,.T.);
#6302 = ORIENTED_EDGE('',*,*,#4272,.T.);
#6303 = ORIENTED_EDGE('',*,*,#6304,.F.);
#6304 = EDGE_CURVE('',#3645,#4273,#6305,.T.);
#6305 = LINE('',#6306,#6307);
#6306 = CARTESIAN_POINT('',(82.9,29.9,109.));
#6307 = VECTOR('',#6308,1.);
#6308 = DIRECTION('',(-0.,-0.,-1.));
#6309 = ORIENTED_EDGE('',*,*,#3652,.F.);
#6310 = PLANE('',#6311);
#6311 = AXIS2_PLACEMENT_3D('',#6312,#6313,#6314);
#6312 = CARTESIAN_POINT('',(82.9,22.45,104.5));
#6313 = DIRECTION('',(1.,0.,0.));
#6314 = DIRECTION('',(0.,0.,1.));
#6315 = ADVANCED_FACE('',(#6316),#6327,.T.);
#6316 = FACE_BOUND('',#6317,.T.);
#6317 = EDGE_LOOP('',(#6318,#6319,#6320,#6326));
#6318 = ORIENTED_EDGE('',*,*,#6304,.T.);
#6319 = ORIENTED_EDGE('',*,*,#4280,.T.);
#6320 = ORIENTED_EDGE('',*,*,#6321,.F.);
#6321 = EDGE_CURVE('',#3637,#4281,#6322,.T.);
#6322 = LINE('',#6323,#6324);
#6323 = CARTESIAN_POINT('',(57.1,29.9,109.));
#6324 = VECTOR('',#6325,1.);
#6325 = DIRECTION('',(-0.,-0.,-1.));
#6326 = ORIENTED_EDGE('',*,*,#3644,.F.);
#6327 = PLANE('',#6328);
#6328 = AXIS2_PLACEMENT_3D('',#6329,#6330,#6331);
#6329 = CARTESIAN_POINT('',(82.9,29.9,109.));
#6330 = DIRECTION('',(0.,1.,0.));
#6331 = DIRECTION('',(-1.,0.,0.));
#6332 = ADVANCED_FACE('',(#6333),#6376,.T.);
#6333 = FACE_BOUND('',#6334,.T.);
#6334 = EDGE_LOOP('',(#6335,#6336,#6337,#6338,#6346,#6354,#6362,#6370));
#6335 = ORIENTED_EDGE('',*,*,#3636,.F.);
#6336 = ORIENTED_EDGE('',*,*,#6321,.T.);
#6337 = ORIENTED_EDGE('',*,*,#4288,.T.);
#6338 = ORIENTED_EDGE('',*,*,#6339,.F.);
#6339 = EDGE_CURVE('',#6340,#4289,#6342,.T.);
#6340 = VERTEX_POINT('',#6341);
#6341 = CARTESIAN_POINT('',(57.1,16.,109.));
#6342 = LINE('',#6343,#6344);
#6343 = CARTESIAN_POINT('',(57.1,16.,109.));
#6344 = VECTOR('',#6345,1.);
#6345 = DIRECTION('',(-0.,-0.,-1.));
#6346 = ORIENTED_EDGE('',*,*,#6347,.F.);
#6347 = EDGE_CURVE('',#6348,#6340,#6350,.T.);
#6348 = VERTEX_POINT('',#6349);
#6349 = CARTESIAN_POINT('',(57.1,18.566343057323,109.));
#6350 = LINE('',#6351,#6352);
#6351 = CARTESIAN_POINT('',(57.1,29.9,109.));
#6352 = VECTOR('',#6353,1.);
#6353 = DIRECTION('',(0.,-1.,0.));
#6354 = ORIENTED_EDGE('',*,*,#6355,.T.);
#6355 = EDGE_CURVE('',#6348,#6356,#6358,.T.);
#6356 = VERTEX_POINT('',#6357);
#6357 = CARTESIAN_POINT('',(57.1,18.566343057322,104.5));
#6358 = LINE('',#6359,#6360);
#6359 = CARTESIAN_POINT('',(57.1,18.566343057322,104.5));
#6360 = VECTOR('',#6361,1.);
#6361 = DIRECTION('',(-0.,-0.,-1.));
#6362 = ORIENTED_EDGE('',*,*,#6363,.F.);
#6363 = EDGE_CURVE('',#6364,#6356,#6366,.T.);
#6364 = VERTEX_POINT('',#6365);
#6365 = CARTESIAN_POINT('',(57.1,25.433656942678,104.5));
#6366 = LINE('',#6367,#6368);
#6367 = CARTESIAN_POINT('',(57.1,32.975,104.5));
#6368 = VECTOR('',#6369,1.);
#6369 = DIRECTION('',(0.,-1.,0.));
#6370 = ORIENTED_EDGE('',*,*,#6371,.F.);
#6371 = EDGE_CURVE('',#3628,#6364,#6372,.T.);
#6372 = LINE('',#6373,#6374);
#6373 = CARTESIAN_POINT('',(57.1,25.433656942678,104.5));
#6374 = VECTOR('',#6375,1.);
#6375 = DIRECTION('',(-0.,-0.,-1.));
#6376 = PLANE('',#6377);
#6377 = AXIS2_PLACEMENT_3D('',#6378,#6379,#6380);
#6378 = CARTESIAN_POINT('',(57.1,22.95,104.5));
#6379 = DIRECTION('',(-1.,-0.,-0.));
#6380 = DIRECTION('',(0.,0.,-1.));
#6381 = ADVANCED_FACE('',(#6382),#6410,.T.);
#6382 = FACE_BOUND('',#6383,.F.);
#6383 = EDGE_LOOP('',(#6384,#6393,#6394,#6395,#6402,#6403));
#6384 = ORIENTED_EDGE('',*,*,#6385,.F.);
#6385 = EDGE_CURVE('',#6364,#6386,#6388,.T.);
#6386 = VERTEX_POINT('',#6387);
#6387 = CARTESIAN_POINT('',(51.,15.,104.5));
#6388 = CIRCLE('',#6389,7.);
#6389 = AXIS2_PLACEMENT_3D('',#6390,#6391,#6392);
#6390 = CARTESIAN_POINT('',(51.,22.,104.5));
#6391 = DIRECTION('',(0.,0.,1.));
#6392 = DIRECTION('',(1.,0.,0.));
#6393 = ORIENTED_EDGE('',*,*,#6371,.F.);
#6394 = ORIENTED_EDGE('',*,*,#3627,.F.);
#6395 = ORIENTED_EDGE('',*,*,#6396,.F.);
#6396 = EDGE_CURVE('',#6348,#3620,#6397,.T.);
#6397 = CIRCLE('',#6398,7.);
#6398 = AXIS2_PLACEMENT_3D('',#6399,#6400,#6401);
#6399 = CARTESIAN_POINT('',(51.,22.,109.));
#6400 = DIRECTION('',(0.,0.,-1.));
#6401 = DIRECTION('',(1.,0.,0.));
#6402 = ORIENTED_EDGE('',*,*,#6355,.T.);
#6403 = ORIENTED_EDGE('',*,*,#6404,.F.);
#6404 = EDGE_CURVE('',#6386,#6356,#6405,.T.);
#6405 = CIRCLE('',#6406,7.);
#6406 = AXIS2_PLACEMENT_3D('',#6407,#6408,#6409);
#6407 = CARTESIAN_POINT('',(51.,22.,104.5));
#6408 = DIRECTION('',(0.,0.,1.));
#6409 = DIRECTION('',(1.,0.,0.));
#6410 = CYLINDRICAL_SURFACE('',#6411,7.);
#6411 = AXIS2_PLACEMENT_3D('',#6412,#6413,#6414);
#6412 = CARTESIAN_POINT('',(51.,22.,104.5));
#6413 = DIRECTION('',(-0.,-0.,-1.));
#6414 = DIRECTION('',(1.,0.,0.));
#6415 = ADVANCED_FACE('',(#6416),#6435,.T.);
#6416 = FACE_BOUND('',#6417,.T.);
#6417 = EDGE_LOOP('',(#6418,#6426,#6427,#6428,#6429));
#6418 = ORIENTED_EDGE('',*,*,#6419,.T.);
#6419 = EDGE_CURVE('',#6420,#4297,#6422,.T.);
#6420 = VERTEX_POINT('',#6421);
#6421 = CARTESIAN_POINT('',(56.,15.,109.));
#6422 = LINE('',#6423,#6424);
#6423 = CARTESIAN_POINT('',(56.,15.,109.));
#6424 = VECTOR('',#6425,1.);
#6425 = DIRECTION('',(-0.,-0.,-1.));
#6426 = ORIENTED_EDGE('',*,*,#4304,.T.);
#6427 = ORIENTED_EDGE('',*,*,#4327,.F.);
#6428 = ORIENTED_EDGE('',*,*,#3619,.F.);
#6429 = ORIENTED_EDGE('',*,*,#6430,.F.);
#6430 = EDGE_CURVE('',#6420,#3620,#6431,.T.);
#6431 = LINE('',#6432,#6433);
#6432 = CARTESIAN_POINT('',(56.,15.,109.));
#6433 = VECTOR('',#6434,1.);
#6434 = DIRECTION('',(-1.,0.,0.));
#6435 = PLANE('',#6436);
#6436 = AXIS2_PLACEMENT_3D('',#6437,#6438,#6439);
#6437 = CARTESIAN_POINT('',(56.,15.,109.));
#6438 = DIRECTION('',(0.,1.,0.));
#6439 = DIRECTION('',(-1.,0.,0.));
#6440 = ADVANCED_FACE('',(#6441),#6452,.F.);
#6441 = FACE_BOUND('',#6442,.F.);
#6442 = EDGE_LOOP('',(#6443,#6449,#6450,#6451));
#6443 = ORIENTED_EDGE('',*,*,#6444,.T.);
#6444 = EDGE_CURVE('',#3586,#3900,#6445,.T.);
#6445 = LINE('',#6446,#6447);
#6446 = CARTESIAN_POINT('',(13.,98.,109.));
#6447 = VECTOR('',#6448,1.);
#6448 = DIRECTION('',(-0.,-0.,-1.));
#6449 = ORIENTED_EDGE('',*,*,#3899,.T.);
#6450 = ORIENTED_EDGE('',*,*,#3922,.F.);
#6451 = ORIENTED_EDGE('',*,*,#3593,.F.);
#6452 = PLANE('',#6453);
#6453 = AXIS2_PLACEMENT_3D('',#6454,#6455,#6456);
#6454 = CARTESIAN_POINT('',(13.,98.,109.));
#6455 = DIRECTION('',(-1.,0.,0.));
#6456 = DIRECTION('',(0.,-1.,0.));
#6457 = ADVANCED_FACE('',(#6458),#6464,.F.);
#6458 = FACE_BOUND('',#6459,.F.);
#6459 = EDGE_LOOP('',(#6460,#6461,#6462,#6463));
#6460 = ORIENTED_EDGE('',*,*,#3827,.T.);
#6461 = ORIENTED_EDGE('',*,*,#3907,.T.);
#6462 = ORIENTED_EDGE('',*,*,#6444,.F.);
#6463 = ORIENTED_EDGE('',*,*,#3585,.F.);
#6464 = PLANE('',#6465);
#6465 = AXIS2_PLACEMENT_3D('',#6466,#6467,#6468);
#6466 = CARTESIAN_POINT('',(6.,105.,109.));
#6467 = DIRECTION('',(-0.707106781187,-0.707106781187,0.));
#6468 = DIRECTION('',(0.707106781187,-0.707106781187,0.));
#6469 = ADVANCED_FACE('',(#6470),#6489,.T.);
#6470 = FACE_BOUND('',#6471,.F.);
#6471 = EDGE_LOOP('',(#6472,#6481,#6487,#6488));
#6472 = ORIENTED_EDGE('',*,*,#6473,.F.);
#6473 = EDGE_CURVE('',#6474,#6474,#6476,.T.);
#6474 = VERTEX_POINT('',#6475);
#6475 = CARTESIAN_POINT('',(295.,23.,104.5));
#6476 = CIRCLE('',#6477,7.);
#6477 = AXIS2_PLACEMENT_3D('',#6478,#6479,#6480);
#6478 = CARTESIAN_POINT('',(288.,23.,104.5));
#6479 = DIRECTION('',(0.,0.,1.));
#6480 = DIRECTION('',(1.,0.,0.));
#6481 = ORIENTED_EDGE('',*,*,#6482,.T.);
#6482 = EDGE_CURVE('',#6474,#3779,#6483,.T.);
#6483 = LINE('',#6484,#6485);
#6484 = CARTESIAN_POINT('',(295.,23.,104.5));
#6485 = VECTOR('',#6486,1.);
#6486 = DIRECTION('',(0.,0.,1.));
#6487 = ORIENTED_EDGE('',*,*,#3778,.F.);
#6488 = ORIENTED_EDGE('',*,*,#6482,.F.);
#6489 = CYLINDRICAL_SURFACE('',#6490,7.);
#6490 = AXIS2_PLACEMENT_3D('',#6491,#6492,#6493);
#6491 = CARTESIAN_POINT('',(288.,23.,104.5));
#6492 = DIRECTION('',(-0.,-0.,-1.));
#6493 = DIRECTION('',(1.,0.,0.));
#6494 = ADVANCED_FACE('',(#6495),#6514,.T.);
#6495 = FACE_BOUND('',#6496,.F.);
#6496 = EDGE_LOOP('',(#6497,#6506,#6512,#6513));
#6497 = ORIENTED_EDGE('',*,*,#6498,.F.);
#6498 = EDGE_CURVE('',#6499,#6499,#6501,.T.);
#6499 = VERTEX_POINT('',#6500);
#6500 = CARTESIAN_POINT('',(204.,38.,104.5));
#6501 = CIRCLE('',#6502,7.);
#6502 = AXIS2_PLACEMENT_3D('',#6503,#6504,#6505);
#6503 = CARTESIAN_POINT('',(197.,38.,104.5));
#6504 = DIRECTION('',(0.,0.,1.));
#6505 = DIRECTION('',(1.,0.,0.));
#6506 = ORIENTED_EDGE('',*,*,#6507,.T.);
#6507 = EDGE_CURVE('',#6499,#3790,#6508,.T.);
#6508 = LINE('',#6509,#6510);
#6509 = CARTESIAN_POINT('',(204.,38.,104.5));
#6510 = VECTOR('',#6511,1.);
#6511 = DIRECTION('',(0.,0.,1.));
#6512 = ORIENTED_EDGE('',*,*,#3789,.F.);
#6513 = ORIENTED_EDGE('',*,*,#6507,.F.);
#6514 = CYLINDRICAL_SURFACE('',#6515,7.);
#6515 = AXIS2_PLACEMENT_3D('',#6516,#6517,#6518);
#6516 = CARTESIAN_POINT('',(197.,38.,104.5));
#6517 = DIRECTION('',(-0.,-0.,-1.));
#6518 = DIRECTION('',(1.,0.,0.));
#6519 = ADVANCED_FACE('',(#6520),#6539,.T.);
#6520 = FACE_BOUND('',#6521,.F.);
#6521 = EDGE_LOOP('',(#6522,#6531,#6537,#6538));
#6522 = ORIENTED_EDGE('',*,*,#6523,.F.);
#6523 = EDGE_CURVE('',#6524,#6524,#6526,.T.);
#6524 = VERTEX_POINT('',#6525);
#6525 = CARTESIAN_POINT('',(38.,89.,104.5));
#6526 = CIRCLE('',#6527,7.);
#6527 = AXIS2_PLACEMENT_3D('',#6528,#6529,#6530);
#6528 = CARTESIAN_POINT('',(31.,89.,104.5));
#6529 = DIRECTION('',(0.,0.,1.));
#6530 = DIRECTION('',(1.,0.,0.));
#6531 = ORIENTED_EDGE('',*,*,#6532,.T.);
#6532 = EDGE_CURVE('',#6524,#3801,#6533,.T.);
#6533 = LINE('',#6534,#6535);
#6534 = CARTESIAN_POINT('',(38.,89.,104.5));
#6535 = VECTOR('',#6536,1.);
#6536 = DIRECTION('',(0.,0.,1.));
#6537 = ORIENTED_EDGE('',*,*,#3800,.F.);
#6538 = ORIENTED_EDGE('',*,*,#6532,.F.);
#6539 = CYLINDRICAL_SURFACE('',#6540,7.);
#6540 = AXIS2_PLACEMENT_3D('',#6541,#6542,#6543);
#6541 = CARTESIAN_POINT('',(31.,89.,104.5));
#6542 = DIRECTION('',(-0.,-0.,-1.));
#6543 = DIRECTION('',(1.,0.,0.));
#6544 = ADVANCED_FACE('',(#6545),#6551,.F.);
#6545 = FACE_BOUND('',#6546,.F.);
#6546 = EDGE_LOOP('',(#6547,#6548,#6549,#6550));
#6547 = ORIENTED_EDGE('',*,*,#4490,.T.);
#6548 = ORIENTED_EDGE('',*,*,#3875,.T.);
#6549 = ORIENTED_EDGE('',*,*,#4547,.F.);
#6550 = ORIENTED_EDGE('',*,*,#4518,.T.);
#6551 = PLANE('',#6552);
#6552 = AXIS2_PLACEMENT_3D('',#6553,#6554,#6555);
#6553 = CARTESIAN_POINT('',(9.1,72.000001,109.));
#6554 = DIRECTION('',(0.,1.,0.));
#6555 = DIRECTION('',(-1.,0.,0.));
#6556 = ADVANCED_FACE('',(#6557),#6563,.F.);
#6557 = FACE_BOUND('',#6558,.F.);
#6558 = EDGE_LOOP('',(#6559,#6560,#6561,#6562));
#6559 = ORIENTED_EDGE('',*,*,#4540,.T.);
#6560 = ORIENTED_EDGE('',*,*,#3859,.T.);
#6561 = ORIENTED_EDGE('',*,*,#4595,.F.);
#6562 = ORIENTED_EDGE('',*,*,#4573,.T.);
#6563 = PLANE('',#6564);
#6564 = AXIS2_PLACEMENT_3D('',#6565,#6566,#6567);
#6565 = CARTESIAN_POINT('',(-2.,76.,109.));
#6566 = DIRECTION('',(0.,-1.,0.));
#6567 = DIRECTION('',(1.,0.,0.));
#6568 = ADVANCED_FACE('',(#6569),#6587,.T.);
#6569 = FACE_BOUND('',#6570,.T.);
#6570 = EDGE_LOOP('',(#6571,#6579,#6580,#6581));
#6571 = ORIENTED_EDGE('',*,*,#6572,.T.);
#6572 = EDGE_CURVE('',#6573,#3989,#6575,.T.);
#6573 = VERTEX_POINT('',#6574);
#6574 = CARTESIAN_POINT('',(257.600004,21.1,109.));
#6575 = LINE('',#6576,#6577);
#6576 = CARTESIAN_POINT('',(257.600004,21.1,109.));
#6577 = VECTOR('',#6578,1.);
#6578 = DIRECTION('',(-0.,-0.,-1.));
#6579 = ORIENTED_EDGE('',*,*,#3996,.T.);
#6580 = ORIENTED_EDGE('',*,*,#4378,.F.);
#6581 = ORIENTED_EDGE('',*,*,#6582,.F.);
#6582 = EDGE_CURVE('',#6573,#4371,#6583,.T.);
#6583 = LINE('',#6584,#6585);
#6584 = CARTESIAN_POINT('',(257.600004,21.1,109.));
#6585 = VECTOR('',#6586,1.);
#6586 = DIRECTION('',(0.,-1.,0.));
#6587 = PLANE('',#6588);
#6588 = AXIS2_PLACEMENT_3D('',#6589,#6590,#6591);
#6589 = CARTESIAN_POINT('',(257.600004,21.1,109.));
#6590 = DIRECTION('',(-1.,0.,0.));
#6591 = DIRECTION('',(0.,-1.,0.));
#6592 = ADVANCED_FACE('',(#6593),#6611,.T.);
#6593 = FACE_BOUND('',#6594,.T.);
#6594 = EDGE_LOOP('',(#6595,#6603,#6604,#6605));
#6595 = ORIENTED_EDGE('',*,*,#6596,.T.);
#6596 = EDGE_CURVE('',#6597,#3981,#6599,.T.);
#6597 = VERTEX_POINT('',#6598);
#6598 = CARTESIAN_POINT('',(242.400004,21.1,109.));
#6599 = LINE('',#6600,#6601);
#6600 = CARTESIAN_POINT('',(242.400004,21.1,109.));
#6601 = VECTOR('',#6602,1.);
#6602 = DIRECTION('',(-0.,-0.,-1.));
#6603 = ORIENTED_EDGE('',*,*,#3988,.T.);
#6604 = ORIENTED_EDGE('',*,*,#6572,.F.);
#6605 = ORIENTED_EDGE('',*,*,#6606,.F.);
#6606 = EDGE_CURVE('',#6597,#6573,#6607,.T.);
#6607 = LINE('',#6608,#6609);
#6608 = CARTESIAN_POINT('',(242.400004,21.1,109.));
#6609 = VECTOR('',#6610,1.);
#6610 = DIRECTION('',(1.,0.,0.));
#6611 = PLANE('',#6612);
#6612 = AXIS2_PLACEMENT_3D('',#6613,#6614,#6615);
#6613 = CARTESIAN_POINT('',(242.400004,21.1,109.));
#6614 = DIRECTION('',(0.,-1.,0.));
#6615 = DIRECTION('',(1.,0.,0.));
#6616 = ADVANCED_FACE('',(#6617),#6628,.T.);
#6617 = FACE_BOUND('',#6618,.T.);
#6618 = EDGE_LOOP('',(#6619,#6620,#6621,#6622));
#6619 = ORIENTED_EDGE('',*,*,#4362,.T.);
#6620 = ORIENTED_EDGE('',*,*,#3980,.T.);
#6621 = ORIENTED_EDGE('',*,*,#6596,.F.);
#6622 = ORIENTED_EDGE('',*,*,#6623,.F.);
#6623 = EDGE_CURVE('',#4363,#6597,#6624,.T.);
#6624 = LINE('',#6625,#6626);
#6625 = CARTESIAN_POINT('',(242.400004,16.,109.));
#6626 = VECTOR('',#6627,1.);
#6627 = DIRECTION('',(0.,1.,0.));
#6628 = PLANE('',#6629);
#6629 = AXIS2_PLACEMENT_3D('',#6630,#6631,#6632);
#6630 = CARTESIAN_POINT('',(242.400004,16.,109.));
#6631 = DIRECTION('',(1.,0.,0.));
#6632 = DIRECTION('',(0.,1.,0.));
#6633 = ADVANCED_FACE('',(#6634),#6652,.T.);
#6634 = FACE_BOUND('',#6635,.T.);
#6635 = EDGE_LOOP('',(#6636,#6644,#6645,#6646));
#6636 = ORIENTED_EDGE('',*,*,#6637,.T.);
#6637 = EDGE_CURVE('',#6638,#4101,#6640,.T.);
#6638 = VERTEX_POINT('',#6639);
#6639 = CARTESIAN_POINT('',(167.600002,21.1,109.));
#6640 = LINE('',#6641,#6642);
#6641 = CARTESIAN_POINT('',(167.600002,21.1,109.));
#6642 = VECTOR('',#6643,1.);
#6643 = DIRECTION('',(-0.,-0.,-1.));
#6644 = ORIENTED_EDGE('',*,*,#4108,.T.);
#6645 = ORIENTED_EDGE('',*,*,#4413,.F.);
#6646 = ORIENTED_EDGE('',*,*,#6647,.F.);
#6647 = EDGE_CURVE('',#6638,#4406,#6648,.T.);
#6648 = LINE('',#6649,#6650);
#6649 = CARTESIAN_POINT('',(167.600002,21.1,109.));
#6650 = VECTOR('',#6651,1.);
#6651 = DIRECTION('',(0.,-1.,0.));
#6652 = PLANE('',#6653);
#6653 = AXIS2_PLACEMENT_3D('',#6654,#6655,#6656);
#6654 = CARTESIAN_POINT('',(167.600002,21.1,109.));
#6655 = DIRECTION('',(-1.,0.,0.));
#6656 = DIRECTION('',(0.,-1.,0.));
#6657 = ADVANCED_FACE('',(#6658),#6676,.T.);
#6658 = FACE_BOUND('',#6659,.T.);
#6659 = EDGE_LOOP('',(#6660,#6668,#6669,#6670));
#6660 = ORIENTED_EDGE('',*,*,#6661,.T.);
#6661 = EDGE_CURVE('',#6662,#4093,#6664,.T.);
#6662 = VERTEX_POINT('',#6663);
#6663 = CARTESIAN_POINT('',(152.400002,21.1,109.));
#6664 = LINE('',#6665,#6666);
#6665 = CARTESIAN_POINT('',(152.400002,21.1,109.));
#6666 = VECTOR('',#6667,1.);
#6667 = DIRECTION('',(-0.,-0.,-1.));
#6668 = ORIENTED_EDGE('',*,*,#4100,.T.);
#6669 = ORIENTED_EDGE('',*,*,#6637,.F.);
#6670 = ORIENTED_EDGE('',*,*,#6671,.F.);
#6671 = EDGE_CURVE('',#6662,#6638,#6672,.T.);
#6672 = LINE('',#6673,#6674);
#6673 = CARTESIAN_POINT('',(152.400002,21.1,109.));
#6674 = VECTOR('',#6675,1.);
#6675 = DIRECTION('',(1.,0.,0.));
#6676 = PLANE('',#6677);
#6677 = AXIS2_PLACEMENT_3D('',#6678,#6679,#6680);
#6678 = CARTESIAN_POINT('',(152.400002,21.1,109.));
#6679 = DIRECTION('',(0.,-1.,0.));
#6680 = DIRECTION('',(1.,0.,0.));
#6681 = ADVANCED_FACE('',(#6682),#6693,.T.);
#6682 = FACE_BOUND('',#6683,.T.);
#6683 = EDGE_LOOP('',(#6684,#6685,#6686,#6687));
#6684 = ORIENTED_EDGE('',*,*,#4397,.T.);
#6685 = ORIENTED_EDGE('',*,*,#4092,.T.);
#6686 = ORIENTED_EDGE('',*,*,#6661,.F.);
#6687 = ORIENTED_EDGE('',*,*,#6688,.F.);
#6688 = EDGE_CURVE('',#4398,#6662,#6689,.T.);
#6689 = LINE('',#6690,#6691);
#6690 = CARTESIAN_POINT('',(152.400002,16.,109.));
#6691 = VECTOR('',#6692,1.);
#6692 = DIRECTION('',(0.,1.,0.));
#6693 = PLANE('',#6694);
#6694 = AXIS2_PLACEMENT_3D('',#6695,#6696,#6697);
#6695 = CARTESIAN_POINT('',(152.400002,16.,109.));
#6696 = DIRECTION('',(1.,0.,0.));
#6697 = DIRECTION('',(0.,1.,0.));
#6698 = ADVANCED_FACE('',(#6699),#6710,.T.);
#6699 = FACE_BOUND('',#6700,.T.);
#6700 = EDGE_LOOP('',(#6701,#6702,#6703,#6704));
#6701 = ORIENTED_EDGE('',*,*,#6339,.T.);
#6702 = ORIENTED_EDGE('',*,*,#4296,.T.);
#6703 = ORIENTED_EDGE('',*,*,#6419,.F.);
#6704 = ORIENTED_EDGE('',*,*,#6705,.F.);
#6705 = EDGE_CURVE('',#6340,#6420,#6706,.T.);
#6706 = LINE('',#6707,#6708);
#6707 = CARTESIAN_POINT('',(57.1,16.,109.));
#6708 = VECTOR('',#6709,1.);
#6709 = DIRECTION('',(-0.739940073396,-0.672672793996,0.));
#6710 = PLANE('',#6711);
#6711 = AXIS2_PLACEMENT_3D('',#6712,#6713,#6714);
#6712 = CARTESIAN_POINT('',(57.1,16.,109.));
#6713 = DIRECTION('',(-0.672672793996,0.739940073396,0.));
#6714 = DIRECTION('',(-0.739940073396,-0.672672793996,0.));
#6715 = ADVANCED_FACE('',(#6716),#6734,.T.);
#6716 = FACE_BOUND('',#6717,.T.);
#6717 = EDGE_LOOP('',(#6718,#6726,#6727,#6728));
#6718 = ORIENTED_EDGE('',*,*,#6719,.T.);
#6719 = EDGE_CURVE('',#6720,#4240,#6722,.T.);
#6720 = VERTEX_POINT('',#6721);
#6721 = CARTESIAN_POINT('',(77.600001,21.1,109.));
#6722 = LINE('',#6723,#6724);
#6723 = CARTESIAN_POINT('',(77.600001,21.1,109.));
#6724 = VECTOR('',#6725,1.);
#6725 = DIRECTION('',(-0.,-0.,-1.));
#6726 = ORIENTED_EDGE('',*,*,#4247,.T.);
#6727 = ORIENTED_EDGE('',*,*,#4448,.F.);
#6728 = ORIENTED_EDGE('',*,*,#6729,.F.);
#6729 = EDGE_CURVE('',#6720,#4441,#6730,.T.);
#6730 = LINE('',#6731,#6732);
#6731 = CARTESIAN_POINT('',(77.600001,21.1,109.));
#6732 = VECTOR('',#6733,1.);
#6733 = DIRECTION('',(0.,-1.,0.));
#6734 = PLANE('',#6735);
#6735 = AXIS2_PLACEMENT_3D('',#6736,#6737,#6738);
#6736 = CARTESIAN_POINT('',(77.600001,21.1,109.));
#6737 = DIRECTION('',(-1.,0.,0.));
#6738 = DIRECTION('',(0.,-1.,0.));
#6739 = ADVANCED_FACE('',(#6740),#6758,.T.);
#6740 = FACE_BOUND('',#6741,.T.);
#6741 = EDGE_LOOP('',(#6742,#6750,#6751,#6752));
#6742 = ORIENTED_EDGE('',*,*,#6743,.T.);
#6743 = EDGE_CURVE('',#6744,#4232,#6746,.T.);
#6744 = VERTEX_POINT('',#6745);
#6745 = CARTESIAN_POINT('',(62.400001,21.1,109.));
#6746 = LINE('',#6747,#6748);
#6747 = CARTESIAN_POINT('',(62.400001,21.1,109.));
#6748 = VECTOR('',#6749,1.);
#6749 = DIRECTION('',(-0.,-0.,-1.));
#6750 = ORIENTED_EDGE('',*,*,#4239,.T.);
#6751 = ORIENTED_EDGE('',*,*,#6719,.F.);
#6752 = ORIENTED_EDGE('',*,*,#6753,.F.);
#6753 = EDGE_CURVE('',#6744,#6720,#6754,.T.);
#6754 = LINE('',#6755,#6756);
#6755 = CARTESIAN_POINT('',(62.400001,21.1,109.));
#6756 = VECTOR('',#6757,1.);
#6757 = DIRECTION('',(1.,0.,0.));
#6758 = PLANE('',#6759);
#6759 = AXIS2_PLACEMENT_3D('',#6760,#6761,#6762);
#6760 = CARTESIAN_POINT('',(62.400001,21.1,109.));
#6761 = DIRECTION('',(0.,-1.,0.));
#6762 = DIRECTION('',(1.,0.,0.));
#6763 = ADVANCED_FACE('',(#6764),#6775,.T.);
#6764 = FACE_BOUND('',#6765,.T.);
#6765 = EDGE_LOOP('',(#6766,#6767,#6768,#6769));
#6766 = ORIENTED_EDGE('',*,*,#4432,.T.);
#6767 = ORIENTED_EDGE('',*,*,#4231,.T.);
#6768 = ORIENTED_EDGE('',*,*,#6743,.F.);
#6769 = ORIENTED_EDGE('',*,*,#6770,.F.);
#6770 = EDGE_CURVE('',#4433,#6744,#6771,.T.);
#6771 = LINE('',#6772,#6773);
#6772 = CARTESIAN_POINT('',(62.400001,16.,109.));
#6773 = VECTOR('',#6774,1.);
#6774 = DIRECTION('',(0.,1.,0.));
#6775 = PLANE('',#6776);
#6776 = AXIS2_PLACEMENT_3D('',#6777,#6778,#6779);
#6777 = CARTESIAN_POINT('',(62.400001,16.,109.));
#6778 = DIRECTION('',(1.,0.,0.));
#6779 = DIRECTION('',(0.,1.,0.));
#6780 = ADVANCED_FACE('',(#6781),#6787,.F.);
#6781 = FACE_BOUND('',#6782,.F.);
#6782 = EDGE_LOOP('',(#6783,#6784,#6785,#6786));
#6783 = ORIENTED_EDGE('',*,*,#4370,.T.);
#6784 = ORIENTED_EDGE('',*,*,#6582,.F.);
#6785 = ORIENTED_EDGE('',*,*,#6606,.F.);
#6786 = ORIENTED_EDGE('',*,*,#6623,.F.);
#6787 = PLANE('',#6788);
#6788 = AXIS2_PLACEMENT_3D('',#6789,#6790,#6791);
#6789 = CARTESIAN_POINT('',(142.66511126854,75.923103827838,109.));
#6790 = DIRECTION('',(0.,0.,1.));
#6791 = DIRECTION('',(1.,0.,0.));
#6792 = ADVANCED_FACE('',(#6793),#6799,.F.);
#6793 = FACE_BOUND('',#6794,.F.);
#6794 = EDGE_LOOP('',(#6795,#6796,#6797,#6798));
#6795 = ORIENTED_EDGE('',*,*,#4405,.T.);
#6796 = ORIENTED_EDGE('',*,*,#6647,.F.);
#6797 = ORIENTED_EDGE('',*,*,#6671,.F.);
#6798 = ORIENTED_EDGE('',*,*,#6688,.F.);
#6799 = PLANE('',#6800);
#6800 = AXIS2_PLACEMENT_3D('',#6801,#6802,#6803);
#6801 = CARTESIAN_POINT('',(142.66511126854,75.923103827838,109.));
#6802 = DIRECTION('',(0.,0.,1.));
#6803 = DIRECTION('',(1.,0.,0.));
#6804 = ADVANCED_FACE('',(#6805),#6811,.F.);
#6805 = FACE_BOUND('',#6806,.F.);
#6806 = EDGE_LOOP('',(#6807,#6808,#6809,#6810));
#6807 = ORIENTED_EDGE('',*,*,#4440,.T.);
#6808 = ORIENTED_EDGE('',*,*,#6729,.F.);
#6809 = ORIENTED_EDGE('',*,*,#6753,.F.);
#6810 = ORIENTED_EDGE('',*,*,#6770,.F.);
#6811 = PLANE('',#6812);
#6812 = AXIS2_PLACEMENT_3D('',#6813,#6814,#6815);
#6813 = CARTESIAN_POINT('',(142.66511126854,75.923103827838,109.));
#6814 = DIRECTION('',(0.,0.,1.));
#6815 = DIRECTION('',(1.,0.,0.));
#6816 = ADVANCED_FACE('',(#6817,#6820),#6831,.T.);
#6817 = FACE_BOUND('',#6818,.T.);
#6818 = EDGE_LOOP('',(#6819));
#6819 = ORIENTED_EDGE('',*,*,#4621,.T.);
#6820 = FACE_BOUND('',#6821,.T.);
#6821 = EDGE_LOOP('',(#6822));
#6822 = ORIENTED_EDGE('',*,*,#6823,.F.);
#6823 = EDGE_CURVE('',#6824,#6824,#6826,.T.);
#6824 = VERTEX_POINT('',#6825);
#6825 = CARTESIAN_POINT('',(53.75,22.,108.6));
#6826 = CIRCLE('',#6827,2.75);
#6827 = AXIS2_PLACEMENT_3D('',#6828,#6829,#6830);
#6828 = CARTESIAN_POINT('',(51.,22.,108.6));
#6829 = DIRECTION('',(0.,0.,1.));
#6830 = DIRECTION('',(1.,0.,0.));
#6831 = PLANE('',#6832);
#6832 = AXIS2_PLACEMENT_3D('',#6833,#6834,#6835);
#6833 = CARTESIAN_POINT('',(51.,22.,108.6));
#6834 = DIRECTION('',(0.,0.,1.));
#6835 = DIRECTION('',(1.,0.,0.));
#6836 = ADVANCED_FACE('',(#6837,#6840),#6851,.T.);
#6837 = FACE_BOUND('',#6838,.T.);
#6838 = EDGE_LOOP('',(#6839));
#6839 = ORIENTED_EDGE('',*,*,#4646,.T.);
#6840 = FACE_BOUND('',#6841,.T.);
#6841 = EDGE_LOOP('',(#6842));
#6842 = ORIENTED_EDGE('',*,*,#6843,.F.);
#6843 = EDGE_CURVE('',#6844,#6844,#6846,.T.);
#6844 = VERTEX_POINT('',#6845);
#6845 = CARTESIAN_POINT('',(290.75,23.,108.6));
#6846 = CIRCLE('',#6847,2.75);
#6847 = AXIS2_PLACEMENT_3D('',#6848,#6849,#6850);
#6848 = CARTESIAN_POINT('',(288.,23.,108.6));
#6849 = DIRECTION('',(0.,0.,1.));
#6850 = DIRECTION('',(1.,0.,0.));
#6851 = PLANE('',#6852);
#6852 = AXIS2_PLACEMENT_3D('',#6853,#6854,#6855);
#6853 = CARTESIAN_POINT('',(288.,23.,108.6));
#6854 = DIRECTION('',(0.,0.,1.));
#6855 = DIRECTION('',(1.,0.,0.));
#6856 = ADVANCED_FACE('',(#6857,#6860),#6871,.T.);
#6857 = FACE_BOUND('',#6858,.T.);
#6858 = EDGE_LOOP('',(#6859));
#6859 = ORIENTED_EDGE('',*,*,#4671,.T.);
#6860 = FACE_BOUND('',#6861,.T.);
#6861 = EDGE_LOOP('',(#6862));
#6862 = ORIENTED_EDGE('',*,*,#6863,.F.);
#6863 = EDGE_CURVE('',#6864,#6864,#6866,.T.);
#6864 = VERTEX_POINT('',#6865);
#6865 = CARTESIAN_POINT('',(199.75,38.,108.6));
#6866 = CIRCLE('',#6867,2.75);
#6867 = AXIS2_PLACEMENT_3D('',#6868,#6869,#6870);
#6868 = CARTESIAN_POINT('',(197.,38.,108.6));
#6869 = DIRECTION('',(0.,0.,1.));
#6870 = DIRECTION('',(1.,0.,0.));
#6871 = PLANE('',#6872);
#6872 = AXIS2_PLACEMENT_3D('',#6873,#6874,#6875);
#6873 = CARTESIAN_POINT('',(197.,38.,108.6));
#6874 = DIRECTION('',(0.,0.,1.));
#6875 = DIRECTION('',(1.,0.,0.));
#6876 = ADVANCED_FACE('',(#6877,#6880),#6891,.T.);
#6877 = FACE_BOUND('',#6878,.T.);
#6878 = EDGE_LOOP('',(#6879));
#6879 = ORIENTED_EDGE('',*,*,#4696,.T.);
#6880 = FACE_BOUND('',#6881,.T.);
#6881 = EDGE_LOOP('',(#6882));
#6882 = ORIENTED_EDGE('',*,*,#6883,.F.);
#6883 = EDGE_CURVE('',#6884,#6884,#6886,.T.);
#6884 = VERTEX_POINT('',#6885);
#6885 = CARTESIAN_POINT('',(33.75,89.,108.6));
#6886 = CIRCLE('',#6887,2.75);
#6887 = AXIS2_PLACEMENT_3D('',#6888,#6889,#6890);
#6888 = CARTESIAN_POINT('',(31.,89.,108.6));
#6889 = DIRECTION('',(0.,0.,1.));
#6890 = DIRECTION('',(1.,0.,0.));
#6891 = PLANE('',#6892);
#6892 = AXIS2_PLACEMENT_3D('',#6893,#6894,#6895);
#6893 = CARTESIAN_POINT('',(31.,89.,108.6));
#6894 = DIRECTION('',(0.,0.,1.));
#6895 = DIRECTION('',(1.,0.,0.));
#6896 = ADVANCED_FACE('',(#6897,#6907,#6910,#6913,#6927,#6930),#6933,.T.
  );
#6897 = FACE_BOUND('',#6898,.T.);
#6898 = EDGE_LOOP('',(#6899,#6900,#6901,#6902,#6903,#6904,#6905,#6906));
#6899 = ORIENTED_EDGE('',*,*,#4824,.T.);
#6900 = ORIENTED_EDGE('',*,*,#4856,.F.);
#6901 = ORIENTED_EDGE('',*,*,#4873,.T.);
#6902 = ORIENTED_EDGE('',*,*,#4913,.T.);
#6903 = ORIENTED_EDGE('',*,*,#5110,.T.);
#6904 = ORIENTED_EDGE('',*,*,#5135,.T.);
#6905 = ORIENTED_EDGE('',*,*,#5159,.T.);
#6906 = ORIENTED_EDGE('',*,*,#5184,.F.);
#6907 = FACE_BOUND('',#6908,.T.);
#6908 = EDGE_LOOP('',(#6909));
#6909 = ORIENTED_EDGE('',*,*,#6109,.T.);
#6910 = FACE_BOUND('',#6911,.T.);
#6911 = EDGE_LOOP('',(#6912));
#6912 = ORIENTED_EDGE('',*,*,#5233,.T.);
#6913 = FACE_BOUND('',#6914,.T.);
#6914 = EDGE_LOOP('',(#6915,#6916,#6917,#6918,#6919,#6920,#6921,#6922,
    #6923,#6924,#6925,#6926));
#6915 = ORIENTED_EDGE('',*,*,#5258,.F.);
#6916 = ORIENTED_EDGE('',*,*,#5282,.T.);
#6917 = ORIENTED_EDGE('',*,*,#5330,.T.);
#6918 = ORIENTED_EDGE('',*,*,#5378,.T.);
#6919 = ORIENTED_EDGE('',*,*,#5426,.T.);
#6920 = ORIENTED_EDGE('',*,*,#5474,.T.);
#6921 = ORIENTED_EDGE('',*,*,#5522,.T.);
#6922 = ORIENTED_EDGE('',*,*,#5505,.T.);
#6923 = ORIENTED_EDGE('',*,*,#5450,.F.);
#6924 = ORIENTED_EDGE('',*,*,#5402,.F.);
#6925 = ORIENTED_EDGE('',*,*,#5361,.T.);
#6926 = ORIENTED_EDGE('',*,*,#5306,.F.);
#6927 = FACE_BOUND('',#6928,.T.);
#6928 = EDGE_LOOP('',(#6929));
#6929 = ORIENTED_EDGE('',*,*,#5546,.T.);
#6930 = FACE_BOUND('',#6931,.T.);
#6931 = EDGE_LOOP('',(#6932));
#6932 = ORIENTED_EDGE('',*,*,#5208,.T.);
#6933 = PLANE('',#6934);
#6934 = AXIS2_PLACEMENT_3D('',#6935,#6936,#6937);
#6935 = CARTESIAN_POINT('',(144.00000006518,135.4999999761,97.));
#6936 = DIRECTION('',(0.,0.,1.));
#6937 = DIRECTION('',(1.,0.,0.));
#6938 = ADVANCED_FACE('',(#6939,#6949),#7069,.T.);
#6939 = FACE_BOUND('',#6940,.T.);
#6940 = EDGE_LOOP('',(#6941,#6942,#6943,#6944,#6945,#6946,#6947,#6948));
#6941 = ORIENTED_EDGE('',*,*,#4993,.T.);
#6942 = ORIENTED_EDGE('',*,*,#5018,.T.);
#6943 = ORIENTED_EDGE('',*,*,#5042,.T.);
#6944 = ORIENTED_EDGE('',*,*,#5067,.T.);
#6945 = ORIENTED_EDGE('',*,*,#5091,.T.);
#6946 = ORIENTED_EDGE('',*,*,#4929,.T.);
#6947 = ORIENTED_EDGE('',*,*,#4944,.T.);
#6948 = ORIENTED_EDGE('',*,*,#4976,.F.);
#6949 = FACE_BOUND('',#6950,.T.);
#6950 = EDGE_LOOP('',(#6951,#6970,#6989,#6998,#7025));
#6951 = ORIENTED_EDGE('',*,*,#6952,.F.);
#6952 = EDGE_CURVE('',#6953,#6955,#6957,.T.);
#6953 = VERTEX_POINT('',#6954);
#6954 = CARTESIAN_POINT('',(103.74537698209,140.99999995815,105.5));
#6955 = VERTEX_POINT('',#6956);
#6956 = CARTESIAN_POINT('',(101.94622883983,147.09736227108,105.5));
#6957 = B_SPLINE_CURVE_WITH_KNOTS('',6,(#6958,#6959,#6960,#6961,#6962,
    #6963,#6964,#6965,#6966,#6967,#6968,#6969),.UNSPECIFIED.,.F.,.F.,(7,
    5,7),(0.,0.490354755342,1.),.UNSPECIFIED.);
#6958 = CARTESIAN_POINT('',(103.74537698209,140.99999995815,105.5));
#6959 = CARTESIAN_POINT('',(103.76779560399,141.52840134015,105.5));
#6960 = CARTESIAN_POINT('',(103.75577402644,142.05829618591,105.5));
#6961 = CARTESIAN_POINT('',(103.70930278545,142.58684396781,105.5));
#6962 = CARTESIAN_POINT('',(103.62869205272,143.11127653146,105.5));
#6963 = CARTESIAN_POINT('',(103.51452253992,143.62889448005,105.5));
#6964 = CARTESIAN_POINT('',(103.21504290307,144.66524100293,105.5));
#6965 = CARTESIAN_POINT('',(103.02710223914,145.18324172976,105.5));
#6966 = CARTESIAN_POINT('',(102.80482632722,145.68812510237,105.5));
#6967 = CARTESIAN_POINT('',(102.54950576715,146.17713386325,105.5));
#6968 = CARTESIAN_POINT('',(102.26269288629,146.6476804716,105.5));
#6969 = CARTESIAN_POINT('',(101.94622882817,147.09736227444,105.5));
#6970 = ORIENTED_EDGE('',*,*,#6971,.T.);
#6971 = EDGE_CURVE('',#6953,#6972,#6974,.T.);
#6972 = VERTEX_POINT('',#6973);
#6973 = CARTESIAN_POINT('',(97.705829745731,132.5073218471,105.5));
#6974 = B_SPLINE_CURVE_WITH_KNOTS('',7,(#6975,#6976,#6977,#6978,#6979,
    #6980,#6981,#6982,#6983,#6984,#6985,#6986,#6987,#6988),
  .UNSPECIFIED.,.F.,.F.,(8,6,8),(0.,0.519130312497,1.),.UNSPECIFIED.);
#6975 = CARTESIAN_POINT('',(103.74537698209,140.99999995815,105.5));
#6976 = CARTESIAN_POINT('',(103.71064576538,140.18139361256,105.5));
#6977 = CARTESIAN_POINT('',(103.59553756367,139.36601968628,105.5));
#6978 = CARTESIAN_POINT('',(103.40001060392,138.56374504735,105.5));
#6979 = CARTESIAN_POINT('',(103.12560422181,137.78410719939,105.5));
#6980 = CARTESIAN_POINT('',(102.77513713277,137.03636861287,105.5));
#6981 = CARTESIAN_POINT('',(102.35273706935,136.32950942408,105.5));
#6982 = CARTESIAN_POINT('',(101.41179873768,135.06298591997,105.5));
#6983 = CARTESIAN_POINT('',(100.90244906667,134.49605448189,105.5));
#6984 = CARTESIAN_POINT('',(100.34080452397,133.97804466493,105.5));
#6985 = CARTESIAN_POINT('',(99.73234225524,133.51487223103,105.5));
#6986 = CARTESIAN_POINT('',(99.08327896036,133.11172373187,105.5));
#6987 = CARTESIAN_POINT('',(98.400584280819,132.77300764857,105.5));
#6988 = CARTESIAN_POINT('',(97.692159088169,132.50208134527,105.5));
#6989 = ORIENTED_EDGE('',*,*,#6990,.T.);
#6990 = EDGE_CURVE('',#6972,#6991,#6993,.T.);
#6991 = VERTEX_POINT('',#6992);
#6992 = CARTESIAN_POINT('',(84.792146442438,139.96356924729,105.5));
#6993 = CIRCLE('',#6994,9.266);
#6994 = AXIS2_PLACEMENT_3D('',#6995,#6996,#6997);
#6995 = CARTESIAN_POINT('',(94.,141.,105.5));
#6996 = DIRECTION('',(0.,0.,-1.));
#6997 = DIRECTION('',(1.,0.,0.));
#6998 = ORIENTED_EDGE('',*,*,#6999,.F.);
#6999 = EDGE_CURVE('',#7000,#6991,#7002,.T.);
#7000 = VERTEX_POINT('',#7001);
#7001 = CARTESIAN_POINT('',(95.307346834125,150.93031497362,105.5));
#7002 = B_SPLINE_CURVE_WITH_KNOTS('',6,(#7003,#7004,#7005,#7006,#7007,
    #7008,#7009,#7010,#7011,#7012,#7013,#7014,#7015,#7016,#7017,#7018,
    #7019,#7020,#7021,#7022,#7023,#7024),.UNSPECIFIED.,.F.,.F.,(7,5,5,5,
    7),(0.,0.27246848839,0.528571217984,0.769932431241,1.),
  .UNSPECIFIED.);
#7003 = CARTESIAN_POINT('',(95.307346834124,150.93031497362,105.5));
#7004 = CARTESIAN_POINT('',(94.514689734056,151.00155880145,105.5));
#7005 = CARTESIAN_POINT('',(93.715162805821,150.99716542411,105.5));
#7006 = CARTESIAN_POINT('',(92.917988555637,150.91590511602,105.5));
#7007 = CARTESIAN_POINT('',(92.132344074004,150.75813709912,105.5));
#7008 = CARTESIAN_POINT('',(91.367389216127,150.52548899942,105.5));
#7009 = CARTESIAN_POINT('',(89.941105834327,149.9354254294,105.5));
#7010 = CARTESIAN_POINT('',(89.276157099571,149.5862793341,105.5));
#7011 = CARTESIAN_POINT('',(88.644857513142,149.17662705485,105.5));
#7012 = CARTESIAN_POINT('',(88.054119868864,148.71035771593,105.5));
#7013 = CARTESIAN_POINT('',(87.510361142827,148.19230260252,105.5));
#7014 = CARTESIAN_POINT('',(86.556449596413,147.09718848648,105.5));
#7015 = CARTESIAN_POINT('',(86.140319243101,146.52514082803,105.5));
#7016 = CARTESIAN_POINT('',(85.775679431743,145.91742379409,105.5));
#7017 = CARTESIAN_POINT('',(85.466449216212,145.27971498977,105.5));
#7018 = CARTESIAN_POINT('',(85.215822963216,144.6182256621,105.5));
#7019 = CARTESIAN_POINT('',(84.845080528437,143.29316182128,105.5));
#7020 = CARTESIAN_POINT('',(84.71937581229,142.63102484752,105.5));
#7021 = CARTESIAN_POINT('',(84.650846508832,141.95935555929,105.5));
#7022 = CARTESIAN_POINT('',(84.64051771992,141.28427295826,105.5));
#7023 = CARTESIAN_POINT('',(84.688637818039,140.61205266028,105.5));
#7024 = CARTESIAN_POINT('',(84.794439689948,139.94912702328,105.5));
#7025 = ORIENTED_EDGE('',*,*,#7026,.F.);
#7026 = EDGE_CURVE('',#6955,#7000,#7027,.T.);
#7027 = B_SPLINE_CURVE_WITH_KNOTS('',4,(#7028,#7029,#7030,#7031,#7032,
    #7033,#7034,#7035,#7036,#7037,#7038,#7039,#7040,#7041,#7042,#7043,
    #7044,#7045,#7046,#7047,#7048,#7049,#7050,#7051,#7052,#7053,#7054,
    #7055,#7056,#7057,#7058,#7059,#7060,#7061,#7062,#7063,#7064,#7065,
    #7066,#7067,#7068),.UNSPECIFIED.,.F.,.F.,(5,3,3,3,3,3,3,3,3,3,3,3,3,
    5),(0.,7.800006469309E-02,9.500007617856E-02,0.173000117108,
    0.208000130782,0.442999994217,0.675999869173,0.742999892001,
    0.782999907275,0.816999920985,0.842999931845,0.890999952471,
    0.919999965245,1.),.UNSPECIFIED.);
#7028 = CARTESIAN_POINT('',(101.94622883983,147.09736227108,105.5));
#7029 = CARTESIAN_POINT('',(101.85284614214,147.21906090404,105.5));
#7030 = CARTESIAN_POINT('',(101.7569783,147.33885262865,105.5));
#7031 = CARTESIAN_POINT('',(101.65868374672,147.45666129216,105.5));
#7032 = CARTESIAN_POINT('',(101.53608712892,147.59764271313,105.5));
#7033 = CARTESIAN_POINT('',(101.51403650849,147.62277332526,105.5));
#7034 = CARTESIAN_POINT('',(101.49187425882,147.64780554883,105.5));
#7035 = CARTESIAN_POINT('',(101.36740629628,147.78713752848,105.5));
#7036 = CARTESIAN_POINT('',(101.26287546959,147.89944955905,105.5));
#7037 = CARTESIAN_POINT('',(101.15607250994,148.0096031505,105.5));
#7038 = CARTESIAN_POINT('',(100.99815229024,148.16595982044,105.5));
#7039 = CARTESIAN_POINT('',(100.94879519623,148.21394067957,105.5));
#7040 = CARTESIAN_POINT('',(100.89900050685,148.26146724559,105.5));
#7041 = CARTESIAN_POINT('',(100.51154343915,148.6245501706,105.5));
#7042 = CARTESIAN_POINT('',(100.15486834158,148.91982072315,105.5));
#7043 = CARTESIAN_POINT('',(99.780671276253,149.19254471544,105.5));
#7044 = CARTESIAN_POINT('',(99.004986886889,149.68794681201,105.5));
#7045 = CARTESIAN_POINT('',(98.603755278289,149.9110334124,105.5));
#7046 = CARTESIAN_POINT('',(98.189640292869,150.10918287628,105.5));
#7047 = CARTESIAN_POINT('',(97.642919213378,150.33096038352,105.5));
#7048 = CARTESIAN_POINT('',(97.519949297675,150.37834901277,105.5));
#7049 = CARTESIAN_POINT('',(97.396166957932,150.42357306301,105.5));
#7050 = CARTESIAN_POINT('',(97.197279072583,150.49230795155,105.5));
#7051 = CARTESIAN_POINT('',(97.122659379456,150.51722464241,105.5));
#7052 = CARTESIAN_POINT('',(97.047782837903,150.54135851097,105.5));
#7053 = CARTESIAN_POINT('',(96.908808927674,150.58455084145,105.5));
#7054 = CARTESIAN_POINT('',(96.844779404685,150.60382760247,105.5));
#7055 = CARTESIAN_POINT('',(96.780580826351,150.62253364081,105.5));
#7056 = CARTESIAN_POINT('',(96.667004382968,150.6545333359,105.5));
#7057 = CARTESIAN_POINT('',(96.617693537532,150.66806486585,105.5));
#7058 = CARTESIAN_POINT('',(96.56829172646,150.68126042736,105.5));
#7059 = CARTESIAN_POINT('',(96.427437458109,150.7178582643,105.5));
#7060 = CARTESIAN_POINT('',(96.335774212296,150.74044928022,105.5));
#7061 = CARTESIAN_POINT('',(96.243834296722,150.76188655054,105.5));
#7062 = CARTESIAN_POINT('',(96.095938561081,150.79441699808,105.5));
#7063 = CARTESIAN_POINT('',(96.040144552244,150.80624583442,105.5));
#7064 = CARTESIAN_POINT('',(95.984262342537,150.81765072063,105.5));
#7065 = CARTESIAN_POINT('',(95.773908988691,150.85892032547,105.5));
#7066 = CARTESIAN_POINT('',(95.618886813906,150.88597646506,105.5));
#7067 = CARTESIAN_POINT('',(95.463331872602,150.90977918783,105.5));
#7068 = CARTESIAN_POINT('',(95.30734684194,150.93031497446,105.5));
#7069 = PLANE('',#7070);
#7070 = AXIS2_PLACEMENT_3D('',#7071,#7072,#7073);
#7071 = CARTESIAN_POINT('',(93.500000017325,140.49999997947,105.5));
#7072 = DIRECTION('',(0.,0.,1.));
#7073 = DIRECTION('',(1.,0.,0.));
#7074 = ADVANCED_FACE('',(#7075),#7120,.F.);
#7075 = FACE_BOUND('',#7076,.F.);
#7076 = EDGE_LOOP('',(#7077,#7078,#7085,#7119));
#7077 = ORIENTED_EDGE('',*,*,#5562,.F.);
#7078 = ORIENTED_EDGE('',*,*,#7079,.T.);
#7079 = EDGE_CURVE('',#5563,#7080,#7082,.T.);
#7080 = VERTEX_POINT('',#7081);
#7081 = CARTESIAN_POINT('',(104.01601016542,141.00000000591,
    97.656249752078));
#7082 = B_SPLINE_CURVE_WITH_KNOTS('',1,(#7083,#7084),.UNSPECIFIED.,.F.,
  .F.,(2,2),(0.,1.3105),.PIECEWISE_BEZIER_KNOTS.);
#7083 = CARTESIAN_POINT('',(102.88107372396,140.99999958622,
    97.001017332371));
#7084 = CARTESIAN_POINT('',(104.01601016542,141.00000000591,
    97.656249752078));
#7085 = ORIENTED_EDGE('',*,*,#7086,.T.);
#7086 = EDGE_CURVE('',#7080,#5840,#7087,.T.);
#7087 = B_SPLINE_CURVE_WITH_KNOTS('',9,(#7088,#7089,#7090,#7091,#7092,
    #7093,#7094,#7095,#7096,#7097,#7098,#7099,#7100,#7101,#7102,#7103,
    #7104,#7105,#7106,#7107,#7108,#7109,#7110,#7111,#7112,#7113,#7114,
    #7115,#7116,#7117,#7118),.UNSPECIFIED.,.F.,.F.,(10,7,7,7,10),(0.,
    1.614938419963,3.229876839926,4.844815259889,6.459753679852),
  .UNSPECIFIED.);
#7088 = CARTESIAN_POINT('',(104.01601016542,141.00000000591,
    97.656249752078));
#7089 = CARTESIAN_POINT('',(104.01601180401,139.25187633997,
    97.61458304546));
#7090 = CARTESIAN_POINT('',(103.6727653964,137.50376472855,
    97.572916408721));
#7091 = CARTESIAN_POINT('',(102.98628255256,135.83264521668,
    97.531249750351));
#7092 = CARTESIAN_POINT('',(101.97671630258,134.31559534019,
    97.489583070647));
#7093 = CARTESIAN_POINT('',(100.68440046135,133.02328156383,
    97.447916404305));
#7094 = CARTESIAN_POINT('',(99.167346839368,132.01372080837,
    97.406249736834));
#7095 = CARTESIAN_POINT('',(97.496247091881,131.32723476575,
    97.364583071259));
#7096 = CARTESIAN_POINT('',(94.000000178973,130.64074696264,
    97.281249738851));
#7097 = CARTESIAN_POINT('',(90.503752924878,131.32723076113,
    97.197916404768));
#7098 = CARTESIAN_POINT('',(88.832654157655,132.01371524761,
    97.156249737218));
#7099 = CARTESIAN_POINT('',(87.315595675526,133.02328598736,
    97.114583070539));
#7100 = CARTESIAN_POINT('',(86.023286935477,134.31559686239,
    97.072916405114));
#7101 = CARTESIAN_POINT('',(85.013717750522,135.83265619414,
    97.03124973961));
#7102 = CARTESIAN_POINT('',(84.327232636745,137.50375449991,
    96.989583072778));
#7103 = CARTESIAN_POINT('',(83.640746220969,140.99999999727,
    96.9062497383));
#7104 = CARTESIAN_POINT('',(84.327232544249,144.4962455128,
    96.822916403824));
#7105 = CARTESIAN_POINT('',(85.013717642361,146.1673438458,
    96.78124973699));
#7106 = CARTESIAN_POINT('',(86.02328693735,147.68440315055,
    96.739583071488));
#7107 = CARTESIAN_POINT('',(87.315595731943,148.97671394174,
    96.697916406061));
#7108 = CARTESIAN_POINT('',(88.832654162326,149.98628465183,
    96.656249739384));
#7109 = CARTESIAN_POINT('',(90.503752913961,150.67276921921,
    96.614583071833));
#7110 = CARTESIAN_POINT('',(94.000000168743,151.35925308215,
    96.53124973775));
#7111 = CARTESIAN_POINT('',(97.496247080965,150.6727652076,
    96.447916405341));
#7112 = CARTESIAN_POINT('',(99.16734676983,149.98627912438,
    96.406249739765));
#7113 = CARTESIAN_POINT('',(100.68440057618,148.97671821685,
    96.364583072305));
#7114 = CARTESIAN_POINT('',(101.97671580259,147.68440492222,
    96.322916405938));
#7115 = CARTESIAN_POINT('',(102.98628363539,146.16735551173,
    96.281249726266));
#7116 = CARTESIAN_POINT('',(103.67276573882,144.49623464044,
    96.239583067873));
#7117 = CARTESIAN_POINT('',(104.01600965621,142.74812367252,
    96.197916431141));
#7118 = CARTESIAN_POINT('',(104.01601129491,141.00000000657,
    96.156249724522));
#7119 = ORIENTED_EDGE('',*,*,#5839,.F.);
#7120 = B_SPLINE_SURFACE_WITH_KNOTS('',1,9,(
    (#7121,#7122,#7123,#7124,#7125,#7126,#7127,#7128,#7129,#7130,#7131
      ,#7132,#7133,#7134,#7135,#7136,#7137,#7138,#7139,#7140,#7141,#7142
      ,#7143,#7144,#7145,#7146,#7147,#7148,#7149,#7150,#7151)
    ,(#7152,#7153,#7154,#7155,#7156,#7157,#7158,#7159,#7160,#7161,#7162
      ,#7163,#7164,#7165,#7166,#7167,#7168,#7169,#7170,#7171,#7172,#7173
      ,#7174,#7175,#7176,#7177,#7178,#7179,#7180,#7181,#7182
  )),.UNSPECIFIED.,.F.,.F.,.F.,(2,2),(10,7,7,7,10),(0.,1.3105),(0.,
    1.614938419963,3.229876839926,4.844815259889,6.459753679852),
  .UNSPECIFIED.);
#7121 = CARTESIAN_POINT('',(102.88107372396,140.99999958622,
    97.001017332371));
#7122 = CARTESIAN_POINT('',(102.88107365428,139.44996081506,
    96.959353457784));
#7123 = CARTESIAN_POINT('',(102.57672249598,137.89993330395,
    96.917684699305));
#7124 = CARTESIAN_POINT('',(101.9680266487,136.41816128085,
    96.876017453773));
#7125 = CARTESIAN_POINT('',(101.0728516879,135.07302376791,
    96.834351696867));
#7126 = CARTESIAN_POINT('',(99.926979808392,133.92714200398,
    96.79268500866));
#7127 = CARTESIAN_POINT('',(98.58182343714,133.03197691503,
    96.751018397592));
#7128 = CARTESIAN_POINT('',(97.100079188478,132.42327780335,
    96.709351654778));
#7129 = CARTESIAN_POINT('',(93.999998535964,131.81457754717,
    96.626018256763));
#7130 = CARTESIAN_POINT('',(90.899919744788,132.42327455417,
    96.542684975859));
#7131 = CARTESIAN_POINT('',(89.418178101367,133.03197187561,
    96.501018370955));
#7132 = CARTESIAN_POINT('',(88.073021261305,133.92714511155,
    96.45935170511));
#7133 = CARTESIAN_POINT('',(86.927146408097,135.07302147933,
    96.417684951715));
#7134 = CARTESIAN_POINT('',(86.031973425418,136.41818034462,
    96.376018203715));
#7135 = CARTESIAN_POINT('',(85.423275746598,137.89992276224,
    96.334351548672));
#7136 = CARTESIAN_POINT('',(84.814576923139,141.00000045173,
    96.251018295274));
#7137 = CARTESIAN_POINT('',(85.423276051381,144.10007808138,
    96.167685041877));
#7138 = CARTESIAN_POINT('',(86.031973875922,145.58182043917,
    96.126018386833));
#7139 = CARTESIAN_POINT('',(86.927146991082,146.92697921637,
    96.084351638834));
#7140 = CARTESIAN_POINT('',(88.073021957082,148.07285547131,
    96.042684885438));
#7141 = CARTESIAN_POINT('',(89.418178885114,148.9680285749,
    96.001018219594));
#7142 = CARTESIAN_POINT('',(90.899920588384,149.57672575071,
    95.959351614689));
#7143 = CARTESIAN_POINT('',(93.999999439432,150.18542245289,
    95.876018333786));
#7144 = CARTESIAN_POINT('',(97.100080032073,149.57672189168,
    95.79268493577));
#7145 = CARTESIAN_POINT('',(98.581824220771,148.96802263419,
    95.751018192958));
#7146 = CARTESIAN_POINT('',(99.926980504264,148.0728574127,
    95.709351581885));
#7147 = CARTESIAN_POINT('',(101.0728522701,146.92697553679,
    95.667684893686));
#7148 = CARTESIAN_POINT('',(101.96802710104,145.58183793653,
    95.626019136772));
#7149 = CARTESIAN_POINT('',(102.57672280144,144.10006585145,
    95.584351891244));
#7150 = CARTESIAN_POINT('',(102.88107380341,142.5500383114,
    95.542683132761));
#7151 = CARTESIAN_POINT('',(102.88107372571,140.99999954024,
    95.501019258187));
#7152 = CARTESIAN_POINT('',(104.01601016542,141.00000000591,
    97.656249752078));
#7153 = CARTESIAN_POINT('',(104.01601180401,139.25187633997,
    97.61458304546));
#7154 = CARTESIAN_POINT('',(103.6727653964,137.50376472855,
    97.572916408721));
#7155 = CARTESIAN_POINT('',(102.98628255256,135.83264521668,
    97.531249750351));
#7156 = CARTESIAN_POINT('',(101.97671630258,134.31559534019,
    97.489583070647));
#7157 = CARTESIAN_POINT('',(100.68440046135,133.02328156383,
    97.447916404305));
#7158 = CARTESIAN_POINT('',(99.167346839368,132.01372080837,
    97.406249736834));
#7159 = CARTESIAN_POINT('',(97.496247091881,131.32723476575,
    97.364583071259));
#7160 = CARTESIAN_POINT('',(94.000000178973,130.64074696264,
    97.281249738851));
#7161 = CARTESIAN_POINT('',(90.503752924878,131.32723076113,
    97.197916404768));
#7162 = CARTESIAN_POINT('',(88.832654157655,132.01371524761,
    97.156249737218));
#7163 = CARTESIAN_POINT('',(87.315595675526,133.02328598736,
    97.114583070539));
#7164 = CARTESIAN_POINT('',(86.023286935477,134.31559686239,
    97.072916405114));
#7165 = CARTESIAN_POINT('',(85.013717750522,135.83265619414,
    97.03124973961));
#7166 = CARTESIAN_POINT('',(84.327232636745,137.50375449991,
    96.989583072778));
#7167 = CARTESIAN_POINT('',(83.640746220969,140.99999999727,
    96.9062497383));
#7168 = CARTESIAN_POINT('',(84.327232544249,144.4962455128,
    96.822916403824));
#7169 = CARTESIAN_POINT('',(85.013717642361,146.1673438458,
    96.78124973699));
#7170 = CARTESIAN_POINT('',(86.02328693735,147.68440315055,
    96.739583071488));
#7171 = CARTESIAN_POINT('',(87.315595731943,148.97671394174,
    96.697916406061));
#7172 = CARTESIAN_POINT('',(88.832654162326,149.98628465183,
    96.656249739384));
#7173 = CARTESIAN_POINT('',(90.503752913961,150.67276921921,
    96.614583071833));
#7174 = CARTESIAN_POINT('',(94.000000168743,151.35925308215,
    96.53124973775));
#7175 = CARTESIAN_POINT('',(97.496247080965,150.6727652076,
    96.447916405341));
#7176 = CARTESIAN_POINT('',(99.16734676983,149.98627912438,
    96.406249739765));
#7177 = CARTESIAN_POINT('',(100.68440057618,148.97671821685,
    96.364583072305));
#7178 = CARTESIAN_POINT('',(101.97671580259,147.68440492222,
    96.322916405938));
#7179 = CARTESIAN_POINT('',(102.98628363539,146.16735551173,
    96.281249726266));
#7180 = CARTESIAN_POINT('',(103.67276573882,144.49623464044,
    96.239583067873));
#7181 = CARTESIAN_POINT('',(104.01600965621,142.74812367252,
    96.197916431141));
#7182 = CARTESIAN_POINT('',(104.01601129491,141.00000000657,
    96.156249724522));
#7183 = ADVANCED_FACE('',(#7184),#7368,.F.);
#7184 = FACE_BOUND('',#7185,.T.);
#7185 = EDGE_LOOP('',(#7186,#7270,#7278,#7367));
#7186 = ORIENTED_EDGE('',*,*,#7187,.F.);
#7187 = EDGE_CURVE('',#7188,#5563,#7190,.T.);
#7188 = VERTEX_POINT('',#7189);
#7189 = CARTESIAN_POINT('',(103.266,140.99999987936,98.723245629946));
#7190 = B_SPLINE_CURVE_WITH_KNOTS('',8,(#7191,#7192,#7193,#7194,#7195,
    #7196,#7197,#7198,#7199,#7200,#7201,#7202,#7203,#7204,#7205,#7206,
    #7207,#7208,#7209,#7210,#7211,#7212,#7213,#7214,#7215,#7216,#7217,
    #7218,#7219,#7220,#7221,#7222,#7223,#7224,#7225,#7226,#7227,#7228,
    #7229,#7230,#7231,#7232,#7233,#7234,#7235,#7236,#7237,#7238,#7239,
    #7240,#7241,#7242,#7243,#7244,#7245,#7246,#7247,#7248,#7249,#7250,
    #7251,#7252,#7253,#7254,#7255,#7256,#7257,#7258,#7259,#7260,#7261,
    #7262,#7263,#7264,#7265,#7266,#7267,#7268,#7269),.UNSPECIFIED.,.F.,
  .F.,(9,7,7,7,7,7,7,7,7,7,7,9),(0.,4.779742223542E-02,0.120556688675,
    0.213437063496,0.319091588791,0.423981416167,0.572686024138,
    0.685602677301,0.78971484938,0.880523277222,0.958560007375,1.),
  .UNSPECIFIED.);
#7191 = CARTESIAN_POINT('',(103.266,140.99999975872,98.723245629946));
#7192 = CARTESIAN_POINT('',(103.266,140.65220417136,98.714285231163));
#7193 = CARTESIAN_POINT('',(103.25108072061,140.30440372787,
    98.705324621186));
#7194 = CARTESIAN_POINT('',(103.22124144561,139.95735218813,
    98.696364033167));
#7195 = CARTESIAN_POINT('',(103.17652795836,139.61179661461,
    98.687403480339));
#7196 = CARTESIAN_POINT('',(103.11703014663,139.26847756859,
    98.678442878083));
#7197 = CARTESIAN_POINT('',(103.04288118951,138.92812906783,
    98.669482149131));
#7198 = CARTESIAN_POINT('',(102.95425832612,138.5914783057,
    98.660521311902));
#7199 = CARTESIAN_POINT('',(102.69478737407,137.75350568173,
    98.637920102557));
#7200 = CARTESIAN_POINT('',(102.50515345196,137.25795424764,
    98.624278539035));
#7201 = CARTESIAN_POINT('',(102.28327151354,136.77516520515,
    98.610637333609));
#7202 = CARTESIAN_POINT('',(102.03016208293,136.30758187595,
    98.596996660289));
#7203 = CARTESIAN_POINT('',(101.74705190403,135.85752946333,
    98.583356024811));
#7204 = CARTESIAN_POINT('',(101.43536450123,135.42721817673,
    98.569714910961));
#7205 = CARTESIAN_POINT('',(101.09672753185,135.01873654514,
    98.556073443289));
#7206 = CARTESIAN_POINT('',(100.26867896406,134.14294652657,
    98.525020530349));
#7207 = CARTESIAN_POINT('',(99.76333381249,133.69046629154,
    98.507604786615));
#7208 = CARTESIAN_POINT('',(99.220836608151,133.28074540627,
    98.49019066529));
#7209 = CARTESIAN_POINT('',(98.64545237179,132.91729467768,
    98.472778470653));
#7210 = CARTESIAN_POINT('',(98.041766324887,132.6030867783,
    98.455366254298));
#7211 = CARTESIAN_POINT('',(97.414655188239,132.34058718709,
    98.437952080367));
#7212 = CARTESIAN_POINT('',(96.769299466468,132.13171381981,
    98.42053628267));
#7213 = CARTESIAN_POINT('',(95.362668386455,131.80255832634,
    98.383316335565));
#7214 = CARTESIAN_POINT('',(94.597246950589,131.69831569064,
    98.363502342694));
#7215 = CARTESIAN_POINT('',(93.823175591325,131.66699659074,
    98.343691609904));
#7216 = CARTESIAN_POINT('',(93.048579156631,131.70929687742,
    98.323883642308));
#7217 = CARTESIAN_POINT('',(92.281486739881,131.82487430897,
    98.30407567705));
#7218 = CARTESIAN_POINT('',(91.529830095927,132.01243661485,
    98.284264981285));
#7219 = CARTESIAN_POINT('',(90.801424327054,132.26965567999,
    98.264451090673));
#7220 = CARTESIAN_POINT('',(89.41141871982,132.91382691068,
    98.224979734711));
#7221 = CARTESIAN_POINT('',(88.748931346069,133.30003150664,
    98.205309618502));
#7222 = CARTESIAN_POINT('',(88.123956655053,133.74812106209,
    98.185642769728));
#7223 = CARTESIAN_POINT('',(87.54317979957,134.25374240237,
    98.165978748627));
#7224 = CARTESIAN_POINT('',(87.012592916929,134.81180355522,
    98.146314720769));
#7225 = CARTESIAN_POINT('',(86.537545674742,135.41654128507,
    98.126647844902));
#7226 = CARTESIAN_POINT('',(86.122680021267,136.06146763964,
    98.106977679153));
#7227 = CARTESIAN_POINT('',(85.274171119637,137.70007840122,
    98.059435565657));
#7228 = CARTESIAN_POINT('',(84.904218141415,138.72856439374,
    98.03152198242));
#7229 = CARTESIAN_POINT('',(84.673786622766,139.80304007733,
    98.003629068789));
#7230 = CARTESIAN_POINT('',(84.588530198329,140.90134066891,
    97.975748899691));
#7231 = CARTESIAN_POINT('',(84.650743835102,142.00118720753,
    97.94786809707));
#7232 = CARTESIAN_POINT('',(84.858599851575,143.08025725893,
    97.919975694593));
#7233 = CARTESIAN_POINT('',(85.206911181827,144.1162730726,
    97.892062310427));
#7234 = CARTESIAN_POINT('',(86.046646679147,145.82472843962,
    97.843015389187));
#7235 = CARTESIAN_POINT('',(86.483958490015,146.52568842962,
    97.821837515203));
#7236 = CARTESIAN_POINT('',(86.991680877661,147.18086229878,
    97.800664325701));
#7237 = CARTESIAN_POINT('',(87.564062931404,147.78211997358,
    97.779494879776));
#7238 = CARTESIAN_POINT('',(88.194457376309,148.32224484327,
    97.758325454779));
#7239 = CARTESIAN_POINT('',(88.875309428696,148.79497651701,
    97.737152227264));
#7240 = CARTESIAN_POINT('',(89.59819955828,149.19499753894,
    97.715974302704));
#7241 = CARTESIAN_POINT('',(91.049974983468,149.81646255079,
    97.675287285185));
#7242 = CARTESIAN_POINT('',(91.774484778768,150.04960638382,
    97.655763178813));
#7243 = CARTESIAN_POINT('',(92.519675715254,150.21452705561,
    97.636242314673));
#7244 = CARTESIAN_POINT('',(93.27801468677,150.30920074175,
    97.616724256167));
#7245 = CARTESIAN_POINT('',(94.041882700644,150.33258348981,
    97.597206183705));
#7246 = CARTESIAN_POINT('',(94.803590923255,150.28453204432,
    97.577685311931));
#7247 = CARTESIAN_POINT('',(95.555384309281,150.16588451972,
    97.558161248548));
#7248 = CARTESIAN_POINT('',(96.929738375324,149.81544057523,
    97.521618872601));
#7249 = CARTESIAN_POINT('',(97.55682340579,149.59996723791,
    97.504591621469));
#7250 = CARTESIAN_POINT('',(98.165575507114,149.33356174878,
    97.48756558449));
#7251 = CARTESIAN_POINT('',(98.751185296641,149.01809651251,
    97.470541135504));
#7252 = CARTESIAN_POINT('',(99.309128228989,148.65594072862,
    97.453516681713));
#7253 = CARTESIAN_POINT('',(99.835153308274,148.24992522099,
    97.436490639252));
#7254 = CARTESIAN_POINT('',(100.32530850873,147.803369222,
    97.419463400184));
#7255 = CARTESIAN_POINT('',(101.16330965189,146.90492839511,
    97.387809527441));
#7256 = CARTESIAN_POINT('',(101.52157289192,146.46252147034,
    97.373178442477));
#7257 = CARTESIAN_POINT('',(101.84850992365,145.9953764875,
    97.358548086219));
#7258 = CARTESIAN_POINT('',(102.14214819461,145.5061005896,
    97.343918590049));
#7259 = CARTESIAN_POINT('',(102.4007882372,144.99745567094,
    97.329289094587));
#7260 = CARTESIAN_POINT('',(102.62299234032,144.47234844328,
    97.31465871587));
#7261 = CARTESIAN_POINT('',(102.80759895561,143.93383480979,
    97.300027549634));
#7262 = CARTESIAN_POINT('',(103.03138052158,143.09376333076,
    97.277628804257));
#7263 = CARTESIAN_POINT('',(103.09816208672,142.79949917546,
    97.269859811168));
#7264 = CARTESIAN_POINT('',(103.15398160176,142.50281952659,
    97.262090824991));
#7265 = CARTESIAN_POINT('',(103.19873825257,142.20420135069,
    97.25432187268));
#7266 = CARTESIAN_POINT('',(103.23235635969,141.90412502478,
    97.246552952546));
#7267 = CARTESIAN_POINT('',(103.25478539528,141.60307422605,
    97.238784069187));
#7268 = CARTESIAN_POINT('',(103.266,141.30153582171,97.231015268419));
#7269 = CARTESIAN_POINT('',(103.266,140.99999975872,97.223246672202));
#7270 = ORIENTED_EDGE('',*,*,#7271,.T.);
#7271 = EDGE_CURVE('',#7188,#7272,#7274,.T.);
#7272 = VERTEX_POINT('',#7273);
#7273 = CARTESIAN_POINT('',(103.266,140.99999986428,98.276785490412));
#7274 = LINE('',#7275,#7276);
#7275 = CARTESIAN_POINT('',(103.266,141.,110.5));
#7276 = VECTOR('',#7277,1.);
#7277 = DIRECTION('',(-7.E-17,0.,-1.));
#7278 = ORIENTED_EDGE('',*,*,#7279,.T.);
#7279 = EDGE_CURVE('',#7272,#5649,#7280,.T.);
#7280 = B_SPLINE_CURVE_WITH_KNOTS('',8,(#7281,#7282,#7283,#7284,#7285,
    #7286,#7287,#7288,#7289,#7290,#7291,#7292,#7293,#7294,#7295,#7296,
    #7297,#7298,#7299,#7300,#7301,#7302,#7303,#7304,#7305,#7306,#7307,
    #7308,#7309,#7310,#7311,#7312,#7313,#7314,#7315,#7316,#7317,#7318,
    #7319,#7320,#7321,#7322,#7323,#7324,#7325,#7326,#7327,#7328,#7329,
    #7330,#7331,#7332,#7333,#7334,#7335,#7336,#7337,#7338,#7339,#7340,
    #7341,#7342,#7343,#7344,#7345,#7346,#7347,#7348,#7349,#7350,#7351,
    #7352,#7353,#7354,#7355,#7356,#7357,#7358,#7359,#7360,#7361,#7362,
    #7363,#7364,#7365,#7366),.UNSPECIFIED.,.F.,.F.,(9,7,7,7,7,7,7,7,7,7,
    7,7,9),(0.,1.977869402714E-02,5.248286744595E-02,0.121445482519,
    0.214562207638,0.319484279191,0.425232274461,0.55597205365,
    0.686486703795,0.78921751137,0.882254565008,0.960728567486,1.),
  .UNSPECIFIED.);
#7281 = CARTESIAN_POINT('',(103.266,140.99999972856,98.276785490412));
#7282 = CARTESIAN_POINT('',(103.266,140.85607896716,98.273077789549));
#7283 = CARTESIAN_POINT('',(103.26344526033,140.71215816656,
    98.269370025497));
#7284 = CARTESIAN_POINT('',(103.25833578209,140.56829030437,
    98.26566220543));
#7285 = CARTESIAN_POINT('',(103.25067287988,140.42452828496,
    98.261954336484));
#7286 = CARTESIAN_POINT('',(103.2404591818,140.28092493945,
    98.258246425757));
#7287 = CARTESIAN_POINT('',(103.22769862947,140.13753302578,
    98.254538480305));
#7288 = CARTESIAN_POINT('',(103.21239647802,139.99440522864,
    98.250830507146));
#7289 = CARTESIAN_POINT('',(103.16506542295,139.61545531404,
    98.240991326087));
#7290 = CARTESIAN_POINT('',(103.12864040857,139.38018136395,
    98.234860070056));
#7291 = CARTESIAN_POINT('',(103.0853140847,139.14601075803,
    98.228728773661));
#7292 = CARTESIAN_POINT('',(103.03512586584,138.9131797209,
    98.222597460157));
#7293 = CARTESIAN_POINT('',(102.97812474921,138.68192225296,
    98.216466147562));
#7294 = CARTESIAN_POINT('',(102.91436931471,138.4524701304,
    98.210334848657));
#7295 = CARTESIAN_POINT('',(102.84392772494,138.2250529052,
    98.204203570987));
#7296 = CARTESIAN_POINT('',(102.60440398209,137.52511820649,
    98.185143467896));
#7297 = CARTESIAN_POINT('',(102.41253500406,137.06036574972,
    98.172213927991));
#7298 = CARTESIAN_POINT('',(102.19200540995,136.607806816,98.15928483148
    ));
#7299 = CARTESIAN_POINT('',(101.94373363844,136.16949941973,
    98.146356218726));
#7300 = CARTESIAN_POINT('',(101.66880298225,135.74740303167,
    98.133427600842));
#7301 = CARTESIAN_POINT('',(101.36845475444,135.34338098292,
    98.120498504343));
#7302 = CARTESIAN_POINT('',(101.04409358683,134.95919554962,
    98.10756899574));
#7303 = CARTESIAN_POINT('',(100.22905361322,134.10676051279,
    98.07718306941));
#7304 = CARTESIAN_POINT('',(99.71978180153,133.65606051445,
    98.059722429967));
#7305 = CARTESIAN_POINT('',(99.173418194699,133.2485579004,
    98.042263157045));
#7306 = CARTESIAN_POINT('',(98.594281806999,132.88776501719,
    98.024805692072));
#7307 = CARTESIAN_POINT('',(97.987011676119,132.57664859044,
    98.007348239805));
#7308 = CARTESIAN_POINT('',(97.356537894794,132.31766130296,
    97.989888992502));
#7309 = CARTESIAN_POINT('',(96.70809389553,132.11270074152,
    97.972428367061));
#7310 = CARTESIAN_POINT('',(95.302666769429,131.79431106603,
    97.935300929018));
#7311 = CARTESIAN_POINT('',(94.541943596027,131.69568991336,
    97.915624547847));
#7312 = CARTESIAN_POINT('',(93.773143535886,131.66903065803,
    97.895951448168));
#7313 = CARTESIAN_POINT('',(93.004226698246,131.71496747137,
    97.87628128082));
#7314 = CARTESIAN_POINT('',(92.2430551846,131.8331249909,97.856611106752
    ));
#7315 = CARTESIAN_POINT('',(91.497391868792,132.02220286021,
    97.836937964918));
#7316 = CARTESIAN_POINT('',(90.774881320641,132.27989342232,
    97.817261487811));
#7317 = CARTESIAN_POINT('',(89.385634566437,132.92791889429,
    97.777765951897));
#7318 = CARTESIAN_POINT('',(88.71893247827,133.3194917887,
    97.757934193971));
#7319 = CARTESIAN_POINT('',(88.090580592804,133.77384614396,
    97.738105712534));
#7320 = CARTESIAN_POINT('',(87.507413788103,134.28649380858,
    97.718280094166));
#7321 = CARTESIAN_POINT('',(86.975547281181,134.85218732833,
    97.698454482416));
#7322 = CARTESIAN_POINT('',(86.50043011828,135.46499042609,
    97.678626028535));
#7323 = CARTESIAN_POINT('',(86.086776541249,136.1182221916,
    97.658794322231));
#7324 = CARTESIAN_POINT('',(85.307580297568,137.65251787429,
    97.614458623252));
#7325 = CARTESIAN_POINT('',(84.976009442955,138.55192759042,
    97.589929570074));
#7326 = CARTESIAN_POINT('',(84.751334812417,139.48802451174,
    97.565411060278));
#7327 = CARTESIAN_POINT('',(84.63781927777,140.44590343432,
    97.540899426724));
#7328 = CARTESIAN_POINT('',(84.637554887661,141.41048509935,
    97.516388027753));
#7329 = CARTESIAN_POINT('',(84.7502428767,142.36654862952,
    97.491869287665));
#7330 = CARTESIAN_POINT('',(84.973408303564,143.29879015923,
    97.46734006132));
#7331 = CARTESIAN_POINT('',(85.628265451679,145.08347148026,
    97.418361107046));
#7332 = CARTESIAN_POINT('',(86.060092873512,145.93739614602,
    97.393874311764));
#7333 = CARTESIAN_POINT('',(86.591251140106,146.73824535338,
    97.369397940485));
#7334 = CARTESIAN_POINT('',(87.213776995628,147.4728120893,
    97.344928911617));
#7335 = CARTESIAN_POINT('',(87.918109911241,148.12935011913,
    97.32045984796));
#7336 = CARTESIAN_POINT('',(88.69296853375,148.69775437784,
    97.295983644509));
#7337 = CARTESIAN_POINT('',(89.525536505127,149.16944624932,
    97.271497008384));
#7338 = CARTESIAN_POINT('',(91.089478761152,149.82872656373,
    97.227769148148));
#7339 = CARTESIAN_POINT('',(91.805276811213,150.05567577352,
    97.208504030831));
#7340 = CARTESIAN_POINT('',(92.540936083339,150.21613129708,
    97.18924119781));
#7341 = CARTESIAN_POINT('',(93.289220156592,150.30817437602,
    97.169981337314));
#7342 = CARTESIAN_POINT('',(94.042803841503,150.33081514814,
    97.150721492126));
#7343 = CARTESIAN_POINT('',(94.794296589158,150.28391977508,
    97.131458663905));
#7344 = CARTESIAN_POINT('',(95.536254562998,150.16828601389,
    97.112193486066));
#7345 = CARTESIAN_POINT('',(96.917703561096,149.82066162021,
    97.075491786778));
#7346 = CARTESIAN_POINT('',(97.560560856649,149.60060401482,
    97.058046351569));
#7347 = CARTESIAN_POINT('',(98.184208543753,149.32705197613,
    97.040602548305));
#7348 = CARTESIAN_POINT('',(98.783472748276,149.00202098876,
    97.02316071548));
#7349 = CARTESIAN_POINT('',(99.353494844582,148.62807245645,
    97.005718901794));
#7350 = CARTESIAN_POINT('',(99.889718385053,148.20827311297,
    96.988275139573));
#7351 = CARTESIAN_POINT('',(100.38791855276,147.7462258496,
    96.970829731173));
#7352 = CARTESIAN_POINT('',(101.22919657275,146.82439129525,
    96.93867558315));
#7353 = CARTESIAN_POINT('',(101.5844521014,146.37545842245,
    96.923962048492));
#7354 = CARTESIAN_POINT('',(101.90774550876,145.9018683072,
    96.909249040071));
#7355 = CARTESIAN_POINT('',(102.1971013258,145.4062952917,
    96.894536739053));
#7356 = CARTESIAN_POINT('',(102.45082519726,144.89156857257,
    96.879824391428));
#7357 = CARTESIAN_POINT('',(102.66749204541,144.36066208771,
    96.865111272927));
#7358 = CARTESIAN_POINT('',(102.84596102896,143.8166988113,
    96.850397639536));
#7359 = CARTESIAN_POINT('',(103.05520661949,142.98586182531,
    96.82832322058));
#7360 = CARTESIAN_POINT('',(103.1152295124,142.70629266905,
    96.820960779851));
#7361 = CARTESIAN_POINT('',(103.16538432705,142.42466611583,
    96.813598421035));
#7362 = CARTESIAN_POINT('',(103.20558969942,142.14138896954,
    96.806236155927));
#7363 = CARTESIAN_POINT('',(103.23578456014,141.85687063047,
    96.798873966505));
#7364 = CARTESIAN_POINT('',(103.2559281441,141.57152301543,
    96.791511842948));
#7365 = CARTESIAN_POINT('',(103.266,141.28576047799,96.784149821658));
#7366 = CARTESIAN_POINT('',(103.266,140.99999972856,96.776788023281));
#7367 = ORIENTED_EDGE('',*,*,#5648,.F.);
#7368 = CYLINDRICAL_SURFACE('',#7369,9.266);
#7369 = AXIS2_PLACEMENT_3D('',#7370,#7371,#7372);
#7370 = CARTESIAN_POINT('',(94.,141.,110.5));
#7371 = DIRECTION('',(-0.,-0.,-1.));
#7372 = DIRECTION('',(1.,0.,0.));
#7373 = ADVANCED_FACE('',(#7374),#7409,.F.);
#7374 = FACE_BOUND('',#7375,.F.);
#7375 = EDGE_LOOP('',(#7376,#7377,#7384,#7408));
#7376 = ORIENTED_EDGE('',*,*,#7086,.F.);
#7377 = ORIENTED_EDGE('',*,*,#7378,.T.);
#7378 = EDGE_CURVE('',#7080,#7379,#7381,.T.);
#7379 = VERTEX_POINT('',#7380);
#7380 = CARTESIAN_POINT('',(104.01601306983,141.00000000591,
    97.843749752056));
#7381 = B_SPLINE_CURVE_WITH_KNOTS('',1,(#7382,#7383),.UNSPECIFIED.,.F.,
  .F.,(2,2),(0.,0.1875),.PIECEWISE_BEZIER_KNOTS.);
#7382 = CARTESIAN_POINT('',(104.01601016542,141.00000000591,
    97.656249752078));
#7383 = CARTESIAN_POINT('',(104.01601306983,141.00000000591,
    97.843749752056));
#7384 = ORIENTED_EDGE('',*,*,#7385,.T.);
#7385 = EDGE_CURVE('',#7379,#5949,#7386,.T.);
#7386 = B_SPLINE_CURVE_WITH_KNOTS('',11,(#7387,#7388,#7389,#7390,#7391,
    #7392,#7393,#7394,#7395,#7396,#7397,#7398,#7399,#7400,#7401,#7402,
    #7403,#7404,#7405,#7406,#7407),.UNSPECIFIED.,.F.,.F.,(12,9,12),(0.,
    3.229876839926,6.459753679852),.UNSPECIFIED.);
#7387 = CARTESIAN_POINT('',(104.01601306983,141.00000000591,
    97.843749752056));
#7388 = CARTESIAN_POINT('',(104.01601651677,138.13943313151,
    97.775567868488));
#7389 = CARTESIAN_POINT('',(103.11733173774,135.27889757752,
    97.7073861679));
#7390 = CARTESIAN_POINT('',(101.32001109359,132.73191306802,
    97.639204275801));
#7391 = CARTESIAN_POINT('',(98.747138153707,130.81259852653,
    97.571022391238));
#7392 = CARTESIAN_POINT('',(95.645234223366,129.77881081394,
    97.502840744404));
#7393 = CARTESIAN_POINT('',(92.354776956282,129.77882550738,
    97.434658773432));
#7394 = CARTESIAN_POINT('',(89.252839374584,130.81251371982,
    97.366477023983));
#7395 = CARTESIAN_POINT('',(86.680006325647,132.73199735273,
    97.298295190512));
#7396 = CARTESIAN_POINT('',(84.882659776885,135.27886925753,
    97.230113376512));
#7397 = CARTESIAN_POINT('',(83.085312999334,140.99999998899,
    97.093749738274));
#7398 = CARTESIAN_POINT('',(84.882659584323,146.72113078095,
    96.957386100041));
#7399 = CARTESIAN_POINT('',(86.680005188109,149.26800267727,
    96.889204286017));
#7400 = CARTESIAN_POINT('',(89.252845162128,151.18748716122,
    96.821022452653));
#7401 = CARTESIAN_POINT('',(92.354765003802,152.22116904349,
    96.752840702937));
#7402 = CARTESIAN_POINT('',(95.645248329476,152.22120077942,
    96.68465873239));
#7403 = CARTESIAN_POINT('',(98.747129621087,151.18738828642,
    96.616477085098));
#7404 = CARTESIAN_POINT('',(101.32000979811,149.2680951424,
    96.54829520087));
#7405 = CARTESIAN_POINT('',(103.11733881662,146.72110026912,
    96.480113308612));
#7406 = CARTESIAN_POINT('',(104.0160110749,143.86056688098,
    96.411931608067));
#7407 = CARTESIAN_POINT('',(104.01601452204,141.00000000657,
    96.343749724494));
#7408 = ORIENTED_EDGE('',*,*,#5948,.F.);
#7409 = B_SPLINE_SURFACE_WITH_KNOTS('',1,11,(
    (#7410,#7411,#7412,#7413,#7414,#7415,#7416,#7417,#7418,#7419,#7420
      ,#7421,#7422,#7423,#7424,#7425,#7426,#7427,#7428,#7429,#7430)
    ,(#7431,#7432,#7433,#7434,#7435,#7436,#7437,#7438,#7439,#7440,#7441
      ,#7442,#7443,#7444,#7445,#7446,#7447,#7448,#7449,#7450,#7451
  )),.UNSPECIFIED.,.F.,.F.,.F.,(2,2),(12,9,12),(0.,0.1875),(0.,
    3.229876839926,6.459753679852),.UNSPECIFIED.);
#7410 = CARTESIAN_POINT('',(104.01601016542,141.00000000591,
    97.656249752078));
#7411 = CARTESIAN_POINT('',(104.01601284675,138.13943400709,
    97.588067868522));
#7412 = CARTESIAN_POINT('',(103.11732973439,135.27889956921,
    97.519886167916));
#7413 = CARTESIAN_POINT('',(101.32000871021,132.7319146874,
    97.451704275815));
#7414 = CARTESIAN_POINT('',(98.747135754081,130.81260311089,
    97.383522391301));
#7415 = CARTESIAN_POINT('',(95.645235288652,129.77881296036,
    97.315340744384));
#7416 = CARTESIAN_POINT('',(92.354776133327,129.7788295475,
    97.247158773488));
#7417 = CARTESIAN_POINT('',(89.252841472138,130.8125167394,
    97.178977023996));
#7418 = CARTESIAN_POINT('',(86.680008440938,132.73199987913,
    97.11079519054));
#7419 = CARTESIAN_POINT('',(84.882662546974,135.27887100315,
    97.042613376536));
#7420 = CARTESIAN_POINT('',(83.08531634017,140.99999998993,96.9062497383
    ));
#7421 = CARTESIAN_POINT('',(84.882662395619,146.72112902425,
    96.769886100066));
#7422 = CARTESIAN_POINT('',(86.680007553895,149.26800014218,
    96.701704286045));
#7423 = CARTESIAN_POINT('',(89.252845970739,151.18748394452,
    96.63352245267));
#7424 = CARTESIAN_POINT('',(92.354766833841,152.22116621383,
    96.565340702974));
#7425 = CARTESIAN_POINT('',(95.645246256963,152.22119605715,
    96.497158732405));
#7426 = CARTESIAN_POINT('',(98.747129114773,151.18738663383,
    96.428977085134));
#7427 = CARTESIAN_POINT('',(101.32000770032,149.2680917005,
    96.360795200879));
#7428 = CARTESIAN_POINT('',(103.11733523859,146.72109875848,
    96.292613308655));
#7429 = CARTESIAN_POINT('',(104.01600861339,143.86056600539,
    96.224431608082));
#7430 = CARTESIAN_POINT('',(104.01601129491,141.00000000657,
    96.156249724522));
#7431 = CARTESIAN_POINT('',(104.01601306983,141.00000000591,
    97.843749752056));
#7432 = CARTESIAN_POINT('',(104.01601651677,138.13943313151,
    97.775567868488));
#7433 = CARTESIAN_POINT('',(103.11733173774,135.27889757752,
    97.7073861679));
#7434 = CARTESIAN_POINT('',(101.32001109359,132.73191306802,
    97.639204275801));
#7435 = CARTESIAN_POINT('',(98.747138153707,130.81259852653,
    97.571022391238));
#7436 = CARTESIAN_POINT('',(95.645234223366,129.77881081394,
    97.502840744404));
#7437 = CARTESIAN_POINT('',(92.354776956282,129.77882550738,
    97.434658773432));
#7438 = CARTESIAN_POINT('',(89.252839374584,130.81251371982,
    97.366477023983));
#7439 = CARTESIAN_POINT('',(86.680006325647,132.73199735273,
    97.298295190512));
#7440 = CARTESIAN_POINT('',(84.882659776885,135.27886925753,
    97.230113376512));
#7441 = CARTESIAN_POINT('',(83.085312999334,140.99999998899,
    97.093749738274));
#7442 = CARTESIAN_POINT('',(84.882659584323,146.72113078095,
    96.957386100041));
#7443 = CARTESIAN_POINT('',(86.680005188109,149.26800267727,
    96.889204286017));
#7444 = CARTESIAN_POINT('',(89.252845162128,151.18748716122,
    96.821022452653));
#7445 = CARTESIAN_POINT('',(92.354765003802,152.22116904349,
    96.752840702937));
#7446 = CARTESIAN_POINT('',(95.645248329476,152.22120077942,
    96.68465873239));
#7447 = CARTESIAN_POINT('',(98.747129621087,151.18738828642,
    96.616477085098));
#7448 = CARTESIAN_POINT('',(101.32000979811,149.2680951424,
    96.54829520087));
#7449 = CARTESIAN_POINT('',(103.11733881662,146.72110026912,
    96.480113308612));
#7450 = CARTESIAN_POINT('',(104.0160110749,143.86056688098,
    96.411931608067));
#7451 = CARTESIAN_POINT('',(104.01601452204,141.00000000657,
    96.343749724494));
#7452 = ADVANCED_FACE('',(#7453),#7463,.F.);
#7453 = FACE_BOUND('',#7454,.F.);
#7454 = EDGE_LOOP('',(#7455,#7456,#7461,#7462));
#7455 = ORIENTED_EDGE('',*,*,#7385,.F.);
#7456 = ORIENTED_EDGE('',*,*,#7457,.T.);
#7457 = EDGE_CURVE('',#7379,#7272,#7458,.T.);
#7458 = B_SPLINE_CURVE_WITH_KNOTS('',1,(#7459,#7460),.UNSPECIFIED.,.F.,
  .F.,(2,2),(0.,1.3105),.PIECEWISE_BEZIER_KNOTS.);
#7459 = CARTESIAN_POINT('',(104.01601306983,141.00000000591,
    97.843749752056));
#7460 = CARTESIAN_POINT('',(102.88109692825,140.99999958622,
    98.499017332191));
#7461 = ORIENTED_EDGE('',*,*,#7279,.T.);
#7462 = ORIENTED_EDGE('',*,*,#6027,.F.);
#7463 = B_SPLINE_SURFACE_WITH_KNOTS('',1,9,(
    (#7464,#7465,#7466,#7467,#7468,#7469,#7470,#7471,#7472,#7473,#7474
      ,#7475,#7476,#7477,#7478,#7479,#7480,#7481,#7482,#7483,#7484,#7485
      ,#7486,#7487,#7488,#7489,#7490,#7491,#7492,#7493,#7494)
    ,(#7495,#7496,#7497,#7498,#7499,#7500,#7501,#7502,#7503,#7504,#7505
      ,#7506,#7507,#7508,#7509,#7510,#7511,#7512,#7513,#7514,#7515,#7516
      ,#7517,#7518,#7519,#7520,#7521,#7522,#7523,#7524,#7525
  )),.UNSPECIFIED.,.F.,.F.,.F.,(2,2),(10,7,7,7,10),(0.,1.3105),(0.,
    1.614938419963,3.229876839926,4.844815259889,6.459753679852),
  .UNSPECIFIED.);
#7464 = CARTESIAN_POINT('',(104.01601306983,141.00000000591,
    97.843749752056));
#7465 = CARTESIAN_POINT('',(104.01601517629,139.25187580489,
    97.80208304543));
#7466 = CARTESIAN_POINT('',(103.67276830756,137.50376356652,
    97.760416408695));
#7467 = CARTESIAN_POINT('',(102.98628514753,135.8326437375,
    97.71874975033));
#7468 = CARTESIAN_POINT('',(101.97671881439,134.31559333024,
    97.67708307062));
#7469 = CARTESIAN_POINT('',(100.68440248952,133.02327908974,
    97.635416404281));
#7470 = CARTESIAN_POINT('',(99.167348429352,132.01371804727,
    97.593749736809));
#7471 = CARTESIAN_POINT('',(97.49624816187,131.32723180062,
    97.552083071234));
#7472 = CARTESIAN_POINT('',(94.000000178592,130.64074379822,
    97.468749738826));
#7473 = CARTESIAN_POINT('',(90.503751854562,131.32722779825,
    97.385416404743));
#7474 = CARTESIAN_POINT('',(88.832652573731,132.01371248359,
    97.343749737192));
#7475 = CARTESIAN_POINT('',(87.315593620038,133.02328353686,
    97.302083070515));
#7476 = CARTESIAN_POINT('',(86.023284492455,134.31559481966,
    97.260416405088));
#7477 = CARTESIAN_POINT('',(85.013715014475,135.8326546198,
    97.218749739586));
#7478 = CARTESIAN_POINT('',(84.327229688633,137.50375343329,
    97.177083072753));
#7479 = CARTESIAN_POINT('',(83.640743050143,140.99999999834,
    97.093749738275));
#7480 = CARTESIAN_POINT('',(84.327229570957,144.4962465865,
    97.010416403798));
#7481 = CARTESIAN_POINT('',(85.013714877252,146.16734543476,
    96.968749736964));
#7482 = CARTESIAN_POINT('',(86.023284497246,147.68440519982,
    96.927083071463));
#7483 = CARTESIAN_POINT('',(87.315593695416,148.97671637437,
    96.885416406036));
#7484 = CARTESIAN_POINT('',(88.832652582939,149.98628738897,
    96.843749739359));
#7485 = CARTESIAN_POINT('',(90.503751843973,150.67277217773,
    96.802083071808));
#7486 = CARTESIAN_POINT('',(94.000000169131,151.35925625938,
    96.718749737725));
#7487 = CARTESIAN_POINT('',(97.496248151282,150.67276816388,
    96.635416405316));
#7488 = CARTESIAN_POINT('',(99.167348343149,149.98628186444,
    96.593749739739));
#7489 = CARTESIAN_POINT('',(100.68440264,148.9767206259,96.552083072282)
  );
#7490 = CARTESIAN_POINT('',(101.97671817393,147.68440700431,
    96.51041640591));
#7491 = CARTESIAN_POINT('',(102.98628654158,146.16735719582,
    96.468749726241));
#7492 = CARTESIAN_POINT('',(103.67276874906,144.49623561873,
    96.427083067845));
#7493 = CARTESIAN_POINT('',(104.01601241545,142.7481242076,
    96.385416431122));
#7494 = CARTESIAN_POINT('',(104.01601452204,141.00000000657,
    96.343749724494));
#7495 = CARTESIAN_POINT('',(102.88109692825,140.99999958622,
    98.499017332191));
#7496 = CARTESIAN_POINT('',(102.88110059656,139.44995654014,
    98.457353457546));
#7497 = CARTESIAN_POINT('',(102.57674575422,137.89992402016,
    98.4156846991));
#7498 = CARTESIAN_POINT('',(101.96804738077,136.41814946321,
    98.374017453611));
#7499 = CARTESIAN_POINT('',(101.07287175559,135.07300770978,
    98.332351696643));
#7500 = CARTESIAN_POINT('',(99.926996012094,133.92712223768,
    98.290685008472));
#7501 = CARTESIAN_POINT('',(98.581836140057,133.03195485565,
    98.249018397386));
#7502 = CARTESIAN_POINT('',(97.100087736976,132.42325411394,
    98.207351654577));
#7503 = CARTESIAN_POINT('',(93.99999853292,131.81455226552,
    98.124018256564));
#7504 = CARTESIAN_POINT('',(90.899911193677,132.42325088269,
    98.040684975659));
#7505 = CARTESIAN_POINT('',(89.418165446871,133.03194979291,
    97.999018370754));
#7506 = CARTESIAN_POINT('',(88.073004839327,133.92712553371,
    97.957351704907));
#7507 = CARTESIAN_POINT('',(86.927126889981,135.07300515926,
    97.915684951515));
#7508 = CARTESIAN_POINT('',(86.031951566228,136.41816776665,
    97.874018203517));
#7509 = CARTESIAN_POINT('',(85.423252193155,137.89991424071,
    97.832351548473));
#7510 = CARTESIAN_POINT('',(84.814551590352,141.00000046026,
    97.749018295074));
#7511 = CARTESIAN_POINT('',(85.423252296755,144.10008665948,
    97.665685041675));
#7512 = CARTESIAN_POINT('',(86.031951784547,145.58183313392,
    97.62401838663));
#7513 = CARTESIAN_POINT('',(86.927127496269,146.9269955887,
    97.582351638634));
#7514 = CARTESIAN_POINT('',(88.073005686595,148.07287490636,
    97.54068488524));
#7515 = CARTESIAN_POINT('',(89.418166266863,148.96805044279,
    97.499018219395));
#7516 = CARTESIAN_POINT('',(90.899912039891,149.57674938731,
    97.457351614489));
#7517 = CARTESIAN_POINT('',(93.999999442527,150.18544783681,
    97.374018333585));
#7518 = CARTESIAN_POINT('',(97.100088583189,149.57674551033,
    97.29068493557));
#7519 = CARTESIAN_POINT('',(98.581836790542,148.96804452539,
    97.249018192756));
#7520 = CARTESIAN_POINT('',(99.926996992787,148.07287665936,
    97.2073515817));
#7521 = CARTESIAN_POINT('',(101.07287121553,146.92699217124,
    97.165684893464));
#7522 = CARTESIAN_POINT('',(101.96805031955,145.58185139132,
    97.124019136574));
#7523 = CARTESIAN_POINT('',(102.57674685125,144.10007366733,
    97.082351891027));
#7524 = CARTESIAN_POINT('',(102.88109584795,142.55004258633,
    97.040683132604));
#7525 = CARTESIAN_POINT('',(102.88109950825,140.99999954025,
    96.999019257965));
#7526 = ADVANCED_FACE('',(#7527,#7532),#7543,.F.);
#7527 = FACE_BOUND('',#7528,.F.);
#7528 = EDGE_LOOP('',(#7529,#7530,#7531));
#7529 = ORIENTED_EDGE('',*,*,#6363,.F.);
#7530 = ORIENTED_EDGE('',*,*,#6385,.T.);
#7531 = ORIENTED_EDGE('',*,*,#6404,.T.);
#7532 = FACE_BOUND('',#7533,.F.);
#7533 = EDGE_LOOP('',(#7534));
#7534 = ORIENTED_EDGE('',*,*,#7535,.T.);
#7535 = EDGE_CURVE('',#7536,#7536,#7538,.T.);
#7536 = VERTEX_POINT('',#7537);
#7537 = CARTESIAN_POINT('',(53.75,22.,104.5));
#7538 = CIRCLE('',#7539,2.75);
#7539 = AXIS2_PLACEMENT_3D('',#7540,#7541,#7542);
#7540 = CARTESIAN_POINT('',(51.,22.,104.5));
#7541 = DIRECTION('',(0.,0.,-1.));
#7542 = DIRECTION('',(1.,0.,0.));
#7543 = PLANE('',#7544);
#7544 = AXIS2_PLACEMENT_3D('',#7545,#7546,#7547);
#7545 = CARTESIAN_POINT('',(141.75,43.,104.5));
#7546 = DIRECTION('',(0.,0.,1.));
#7547 = DIRECTION('',(1.,0.,0.));
#7548 = ADVANCED_FACE('',(#7549),#7555,.F.);
#7549 = FACE_BOUND('',#7550,.F.);
#7550 = EDGE_LOOP('',(#7551,#7552,#7553,#7554));
#7551 = ORIENTED_EDGE('',*,*,#6396,.T.);
#7552 = ORIENTED_EDGE('',*,*,#6430,.F.);
#7553 = ORIENTED_EDGE('',*,*,#6705,.F.);
#7554 = ORIENTED_EDGE('',*,*,#6347,.F.);
#7555 = PLANE('',#7556);
#7556 = AXIS2_PLACEMENT_3D('',#7557,#7558,#7559);
#7557 = CARTESIAN_POINT('',(142.66511126854,75.923103827838,109.));
#7558 = DIRECTION('',(0.,0.,1.));
#7559 = DIRECTION('',(1.,0.,0.));
#7560 = ADVANCED_FACE('',(#7561,#7564),#7575,.F.);
#7561 = FACE_BOUND('',#7562,.F.);
#7562 = EDGE_LOOP('',(#7563));
#7563 = ORIENTED_EDGE('',*,*,#6473,.T.);
#7564 = FACE_BOUND('',#7565,.F.);
#7565 = EDGE_LOOP('',(#7566));
#7566 = ORIENTED_EDGE('',*,*,#7567,.T.);
#7567 = EDGE_CURVE('',#7568,#7568,#7570,.T.);
#7568 = VERTEX_POINT('',#7569);
#7569 = CARTESIAN_POINT('',(290.75,23.,104.5));
#7570 = CIRCLE('',#7571,2.75);
#7571 = AXIS2_PLACEMENT_3D('',#7572,#7573,#7574);
#7572 = CARTESIAN_POINT('',(288.,23.,104.5));
#7573 = DIRECTION('',(0.,0.,-1.));
#7574 = DIRECTION('',(1.,0.,0.));
#7575 = PLANE('',#7576);
#7576 = AXIS2_PLACEMENT_3D('',#7577,#7578,#7579);
#7577 = CARTESIAN_POINT('',(141.75,43.,104.5));
#7578 = DIRECTION('',(0.,0.,1.));
#7579 = DIRECTION('',(1.,0.,0.));
#7580 = ADVANCED_FACE('',(#7581,#7584),#7595,.F.);
#7581 = FACE_BOUND('',#7582,.F.);
#7582 = EDGE_LOOP('',(#7583));
#7583 = ORIENTED_EDGE('',*,*,#6498,.T.);
#7584 = FACE_BOUND('',#7585,.F.);
#7585 = EDGE_LOOP('',(#7586));
#7586 = ORIENTED_EDGE('',*,*,#7587,.T.);
#7587 = EDGE_CURVE('',#7588,#7588,#7590,.T.);
#7588 = VERTEX_POINT('',#7589);
#7589 = CARTESIAN_POINT('',(199.75,38.,104.5));
#7590 = CIRCLE('',#7591,2.75);
#7591 = AXIS2_PLACEMENT_3D('',#7592,#7593,#7594);
#7592 = CARTESIAN_POINT('',(197.,38.,104.5));
#7593 = DIRECTION('',(0.,0.,-1.));
#7594 = DIRECTION('',(1.,0.,0.));
#7595 = PLANE('',#7596);
#7596 = AXIS2_PLACEMENT_3D('',#7597,#7598,#7599);
#7597 = CARTESIAN_POINT('',(141.75,43.,104.5));
#7598 = DIRECTION('',(0.,0.,1.));
#7599 = DIRECTION('',(1.,0.,0.));
#7600 = ADVANCED_FACE('',(#7601,#7604),#7615,.F.);
#7601 = FACE_BOUND('',#7602,.F.);
#7602 = EDGE_LOOP('',(#7603));
#7603 = ORIENTED_EDGE('',*,*,#6523,.T.);
#7604 = FACE_BOUND('',#7605,.F.);
#7605 = EDGE_LOOP('',(#7606));
#7606 = ORIENTED_EDGE('',*,*,#7607,.T.);
#7607 = EDGE_CURVE('',#7608,#7608,#7610,.T.);
#7608 = VERTEX_POINT('',#7609);
#7609 = CARTESIAN_POINT('',(33.75,89.,104.5));
#7610 = CIRCLE('',#7611,2.75);
#7611 = AXIS2_PLACEMENT_3D('',#7612,#7613,#7614);
#7612 = CARTESIAN_POINT('',(31.,89.,104.5));
#7613 = DIRECTION('',(0.,0.,-1.));
#7614 = DIRECTION('',(1.,0.,0.));
#7615 = PLANE('',#7616);
#7616 = AXIS2_PLACEMENT_3D('',#7617,#7618,#7619);
#7617 = CARTESIAN_POINT('',(141.75,43.,104.5));
#7618 = DIRECTION('',(0.,0.,1.));
#7619 = DIRECTION('',(1.,0.,0.));
#7620 = ADVANCED_FACE('',(#7621),#7632,.F.);
#7621 = FACE_BOUND('',#7622,.T.);
#7622 = EDGE_LOOP('',(#7623,#7629,#7630,#7631));
#7623 = ORIENTED_EDGE('',*,*,#7624,.F.);
#7624 = EDGE_CURVE('',#6824,#7536,#7625,.T.);
#7625 = LINE('',#7626,#7627);
#7626 = CARTESIAN_POINT('',(53.75,22.,108.6));
#7627 = VECTOR('',#7628,1.);
#7628 = DIRECTION('',(-5.E-17,0.,-1.));
#7629 = ORIENTED_EDGE('',*,*,#6823,.T.);
#7630 = ORIENTED_EDGE('',*,*,#7624,.T.);
#7631 = ORIENTED_EDGE('',*,*,#7535,.T.);
#7632 = CYLINDRICAL_SURFACE('',#7633,2.75);
#7633 = AXIS2_PLACEMENT_3D('',#7634,#7635,#7636);
#7634 = CARTESIAN_POINT('',(51.,22.,108.6));
#7635 = DIRECTION('',(-0.,-0.,-1.));
#7636 = DIRECTION('',(1.,0.,0.));
#7637 = ADVANCED_FACE('',(#7638),#7649,.F.);
#7638 = FACE_BOUND('',#7639,.T.);
#7639 = EDGE_LOOP('',(#7640,#7646,#7647,#7648));
#7640 = ORIENTED_EDGE('',*,*,#7641,.F.);
#7641 = EDGE_CURVE('',#6844,#7568,#7642,.T.);
#7642 = LINE('',#7643,#7644);
#7643 = CARTESIAN_POINT('',(290.75,23.,108.6));
#7644 = VECTOR('',#7645,1.);
#7645 = DIRECTION('',(-5.E-17,0.,-1.));
#7646 = ORIENTED_EDGE('',*,*,#6843,.T.);
#7647 = ORIENTED_EDGE('',*,*,#7641,.T.);
#7648 = ORIENTED_EDGE('',*,*,#7567,.T.);
#7649 = CYLINDRICAL_SURFACE('',#7650,2.75);
#7650 = AXIS2_PLACEMENT_3D('',#7651,#7652,#7653);
#7651 = CARTESIAN_POINT('',(288.,23.,108.6));
#7652 = DIRECTION('',(-0.,-0.,-1.));
#7653 = DIRECTION('',(1.,0.,0.));
#7654 = ADVANCED_FACE('',(#7655),#7666,.F.);
#7655 = FACE_BOUND('',#7656,.T.);
#7656 = EDGE_LOOP('',(#7657,#7663,#7664,#7665));
#7657 = ORIENTED_EDGE('',*,*,#7658,.F.);
#7658 = EDGE_CURVE('',#6864,#7588,#7659,.T.);
#7659 = LINE('',#7660,#7661);
#7660 = CARTESIAN_POINT('',(199.75,38.,108.6));
#7661 = VECTOR('',#7662,1.);
#7662 = DIRECTION('',(-5.E-17,0.,-1.));
#7663 = ORIENTED_EDGE('',*,*,#6863,.T.);
#7664 = ORIENTED_EDGE('',*,*,#7658,.T.);
#7665 = ORIENTED_EDGE('',*,*,#7587,.T.);
#7666 = CYLINDRICAL_SURFACE('',#7667,2.75);
#7667 = AXIS2_PLACEMENT_3D('',#7668,#7669,#7670);
#7668 = CARTESIAN_POINT('',(197.,38.,108.6));
#7669 = DIRECTION('',(-0.,-0.,-1.));
#7670 = DIRECTION('',(1.,0.,0.));
#7671 = ADVANCED_FACE('',(#7672),#7683,.F.);
#7672 = FACE_BOUND('',#7673,.T.);
#7673 = EDGE_LOOP('',(#7674,#7680,#7681,#7682));
#7674 = ORIENTED_EDGE('',*,*,#7675,.F.);
#7675 = EDGE_CURVE('',#6884,#7608,#7676,.T.);
#7676 = LINE('',#7677,#7678);
#7677 = CARTESIAN_POINT('',(33.75,89.,108.6));
#7678 = VECTOR('',#7679,1.);
#7679 = DIRECTION('',(-5.E-17,0.,-1.));
#7680 = ORIENTED_EDGE('',*,*,#6883,.T.);
#7681 = ORIENTED_EDGE('',*,*,#7675,.T.);
#7682 = ORIENTED_EDGE('',*,*,#7607,.T.);
#7683 = CYLINDRICAL_SURFACE('',#7684,2.75);
#7684 = AXIS2_PLACEMENT_3D('',#7685,#7686,#7687);
#7685 = CARTESIAN_POINT('',(31.,89.,108.6));
#7686 = DIRECTION('',(-0.,-0.,-1.));
#7687 = DIRECTION('',(1.,0.,0.));
#7688 = ADVANCED_FACE('',(#7689),#7723,.F.);
#7689 = FACE_BOUND('',#7690,.F.);
#7690 = EDGE_LOOP('',(#7691,#7717,#7718));
#7691 = ORIENTED_EDGE('',*,*,#7692,.F.);
#7692 = EDGE_CURVE('',#6955,#7693,#7695,.T.);
#7693 = VERTEX_POINT('',#7694);
#7694 = CARTESIAN_POINT('',(104.01600580881,141.00000000263,
    105.34374988982));
#7695 = B_SPLINE_CURVE_WITH_KNOTS('',11,(#7696,#7697,#7698,#7699,#7700,
    #7701,#7702,#7703,#7704,#7705,#7706,#7707,#7708,#7709,#7710,#7711,
    #7712,#7713,#7714,#7715,#7716),.UNSPECIFIED.,.F.,.F.,(12,9,12),(0.,
    3.229876839926,6.459753679852),.UNSPECIFIED.);
#7696 = CARTESIAN_POINT('',(104.01600435661,141.00000000197,
    106.84374991737));
#7697 = CARTESIAN_POINT('',(104.01600780243,138.13943561606,
    106.77556803384));
#7698 = CARTESIAN_POINT('',(103.11732380406,135.27890255091,
    106.70738633319));
#7699 = CARTESIAN_POINT('',(101.32000472236,132.73192025747,
    106.63920444112));
#7700 = CARTESIAN_POINT('',(98.747134020201,130.81260738769,
    106.57102255661));
#7701 = CARTESIAN_POINT('',(95.645232787625,129.77882057404,
    106.50284090966));
#7702 = CARTESIAN_POINT('',(92.354778382978,129.77883527034,
    106.4346589388));
#7703 = CARTESIAN_POINT('',(89.252843500381,130.81252258376,
    106.36647718929));
#7704 = CARTESIAN_POINT('',(86.680012690232,132.73200454825,
    106.29829535584));
#7705 = CARTESIAN_POINT('',(84.882667706067,135.2788742381,
    106.23011354183));
#7706 = CARTESIAN_POINT('',(83.085322494335,140.9999999933,
    106.0937499036));
#7707 = CARTESIAN_POINT('',(84.882667518014,146.72112580756,
    105.95738626536));
#7708 = CARTESIAN_POINT('',(86.680011559211,149.26799548754,
    105.88920445134));
#7709 = CARTESIAN_POINT('',(89.252849295948,151.18747830098,
    105.82102261798));
#7710 = CARTESIAN_POINT('',(92.354766439352,152.22115928188,
    105.75284086823));
#7711 = CARTESIAN_POINT('',(95.645246902561,152.22119101797,
    105.68465889776));
#7712 = CARTESIAN_POINT('',(98.747125495621,151.18737942156,
    105.61647725038));
#7713 = CARTESIAN_POINT('',(101.3200034334,149.26808794715,
    105.54829536619));
#7714 = CARTESIAN_POINT('',(103.11733088744,146.72109528855,
    105.48011347397));
#7715 = CARTESIAN_POINT('',(104.01600236281,143.86056438853,
    105.41193177336));
#7716 = CARTESIAN_POINT('',(104.01600580881,141.00000000263,
    105.34374988982));
#7717 = ORIENTED_EDGE('',*,*,#6952,.F.);
#7718 = ORIENTED_EDGE('',*,*,#7719,.F.);
#7719 = EDGE_CURVE('',#7693,#6953,#7720,.T.);
#7720 = B_SPLINE_CURVE_WITH_KNOTS('',1,(#7721,#7722),.UNSPECIFIED.,.F.,
  .F.,(2,2),(0.,1.3105),.PIECEWISE_BEZIER_KNOTS.);
#7721 = CARTESIAN_POINT('',(104.01600580881,141.00000000263,
    105.34374988982));
#7722 = CARTESIAN_POINT('',(102.88108402827,140.9999998161,
    105.99900770324));
#7723 = B_SPLINE_SURFACE_WITH_KNOTS('',1,9,(
    (#7724,#7725,#7726,#7727,#7728,#7729,#7730,#7731,#7732,#7733,#7734
      ,#7735,#7736,#7737,#7738,#7739,#7740,#7741,#7742,#7743,#7744,#7745
      ,#7746,#7747,#7748,#7749,#7750,#7751,#7752,#7753,#7754)
    ,(#7755,#7756,#7757,#7758,#7759,#7760,#7761,#7762,#7763,#7764,#7765
      ,#7766,#7767,#7768,#7769,#7770,#7771,#7772,#7773,#7774,#7775,#7776
      ,#7777,#7778,#7779,#7780,#7781,#7782,#7783,#7784,#7785
  )),.UNSPECIFIED.,.F.,.F.,.F.,(2,2),(10,7,7,7,10),(0.,1.3105),(0.,
    1.614938419963,3.229876839926,4.844815259889,6.459753679852),
  .UNSPECIFIED.);
#7724 = CARTESIAN_POINT('',(104.01600435661,141.00000000197,
    106.84374991737));
#7725 = CARTESIAN_POINT('',(104.01600646239,139.25187732169,
    106.80208321077));
#7726 = CARTESIAN_POINT('',(103.67275989157,137.50376660421,
    106.76041657401));
#7727 = CARTESIAN_POINT('',(102.98627732806,135.83264822913,
    106.71874991564));
#7728 = CARTESIAN_POINT('',(101.97671187255,134.31559914209,
    106.67708323594));
#7729 = CARTESIAN_POINT('',(100.68439667145,133.02328602629,
    106.6354165696));
#7730 = CARTESIAN_POINT('',(99.167343930594,132.01372586266,
    106.59374990213));
#7731 = CARTESIAN_POINT('',(97.496245116574,131.32724021386,
    106.55208323656));
#7732 = CARTESIAN_POINT('',(94.000000174502,130.64075281003,
    106.46874990415));
#7733 = CARTESIAN_POINT('',(90.503754892233,131.32723621425,
    106.38541657006));
#7734 = CARTESIAN_POINT('',(88.83265706542,132.01372030306,
    106.34374990251));
#7735 = CARTESIAN_POINT('',(87.315599431858,133.02329047866,
    106.30208323584));
#7736 = CARTESIAN_POINT('',(86.023291428998,134.31560063775,
    106.26041657041));
#7737 = CARTESIAN_POINT('',(85.013722829865,135.83265911856,
    106.21874990491));
#7738 = CARTESIAN_POINT('',(84.327238101877,137.50375647859,
    106.17708323807));
#7739 = CARTESIAN_POINT('',(83.640752061959,141.00000000242,
    106.0937499036));
#7740 = CARTESIAN_POINT('',(84.327237986955,144.49624354882,
    106.01041656912));
#7741 = CARTESIAN_POINT('',(85.013722696715,146.16734094308,
    105.96874990229));
#7742 = CARTESIAN_POINT('',(86.023291439054,147.68439938801,
    105.92708323678));
#7743 = CARTESIAN_POINT('',(87.315599513524,148.97670943783,
    105.88541657136));
#7744 = CARTESIAN_POINT('',(88.832657081708,149.98627957358,
    105.84374990468));
#7745 = CARTESIAN_POINT('',(90.503754889268,150.67276376449,
    105.80208323713));
#7746 = CARTESIAN_POINT('',(94.000000173203,151.35924724756,
    105.71874990305));
#7747 = CARTESIAN_POINT('',(97.496245113608,150.67275974788,
    105.63541657064));
#7748 = CARTESIAN_POINT('',(99.167343851473,149.98627404497,
    105.59374990506));
#7749 = CARTESIAN_POINT('',(100.68439682822,148.97671368408,
    105.55208323761));
#7750 = CARTESIAN_POINT('',(101.97671123736,147.68440118618,
    105.51041657123));
#7751 = CARTESIAN_POINT('',(102.98627872618,146.16735269711,
    105.46874989157));
#7752 = CARTESIAN_POINT('',(103.67276033582,144.49623257342,
    105.42708323317));
#7753 = CARTESIAN_POINT('',(104.01600370292,142.7481226829,
    105.38541659643));
#7754 = CARTESIAN_POINT('',(104.01600580881,141.00000000263,
    105.34374988982));
#7755 = CARTESIAN_POINT('',(102.88108144828,140.99999986207,
    107.49900577743));
#7756 = CARTESIAN_POINT('',(102.88108516472,139.44995951777,
    107.45734190284));
#7757 = CARTESIAN_POINT('',(102.57673090104,137.8999296901,
    107.41567314436));
#7758 = CARTESIAN_POINT('',(101.96803363458,136.41815769684,
    107.37400589886));
#7759 = CARTESIAN_POINT('',(101.07285961142,135.07301826041,
    107.33234014191));
#7760 = CARTESIAN_POINT('',(99.926985900946,133.92713474998,
    107.29067345374));
#7761 = CARTESIAN_POINT('',(98.581828401306,133.03196888647,
    107.24900684265));
#7762 = CARTESIAN_POINT('',(97.100082599845,132.42326915971,
    107.20734009984));
#7763 = CARTESIAN_POINT('',(93.999998818206,131.81456827598,
    107.12400670183));
#7764 = CARTESIAN_POINT('',(90.899916863595,132.42326573588,
    107.04067342092));
#7765 = CARTESIAN_POINT('',(89.418173680619,133.03196353911,
    106.99900681602));
#7766 = CARTESIAN_POINT('',(88.073015389922,133.9271376778,
    106.95734015017));
#7767 = CARTESIAN_POINT('',(86.92713940227,135.07301527046,
    106.91567339678));
#7768 = CARTESIAN_POINT('',(86.031965597041,136.41817550541,
    106.87400664878));
#7769 = CARTESIAN_POINT('',(85.423267238926,137.89991937785,
    106.83233999374));
#7770 = CARTESIAN_POINT('',(84.814567600815,141.00000017496,
    106.74900674034));
#7771 = CARTESIAN_POINT('',(85.423267149948,144.10008098955,
    106.66567348694));
#7772 = CARTESIAN_POINT('',(86.031965530737,145.58182490018,
    106.6240068319));
#7773 = CARTESIAN_POINT('',(86.927139640369,146.92698503813,
    106.5823400839));
#7774 = CARTESIAN_POINT('',(88.073015797821,148.07286239408,
    106.5406733305));
#7775 = CARTESIAN_POINT('',(89.418174005632,148.96803641197,
    106.49900666466));
#7776 = CARTESIAN_POINT('',(90.899917177018,149.57673434153,
    106.45734005975));
#7777 = CARTESIAN_POINT('',(93.999999157209,150.18543182635,
    106.37400677885));
#7778 = CARTESIAN_POINT('',(97.100082913268,149.57673065714,
    106.29067338083));
#7779 = CARTESIAN_POINT('',(98.581828556815,148.9680307792,
    106.24900663802));
#7780 = CARTESIAN_POINT('',(99.926986442263,148.07286451525,
    106.20734002697));
#7781 = CARTESIAN_POINT('',(101.07285870319,146.92698205998,
    106.16567333872));
#7782 = CARTESIAN_POINT('',(101.96803628872,145.58184365264,
    106.12400758185));
#7783 = CARTESIAN_POINT('',(102.57673180549,144.10006853019,
    106.08234033629));
#7784 = CARTESIAN_POINT('',(102.88108031985,142.5500401604,
    106.04067157784));
#7785 = CARTESIAN_POINT('',(102.88108402827,140.9999998161,
    105.99900770324));
#7786 = ADVANCED_FACE('',(#7787),#7832,.F.);
#7787 = FACE_BOUND('',#7788,.F.);
#7788 = EDGE_LOOP('',(#7789,#7825,#7826,#7827));
#7789 = ORIENTED_EDGE('',*,*,#7790,.F.);
#7790 = EDGE_CURVE('',#7000,#7791,#7793,.T.);
#7791 = VERTEX_POINT('',#7792);
#7792 = CARTESIAN_POINT('',(104.01600451797,141.00000000263,
    105.15624988983));
#7793 = B_SPLINE_CURVE_WITH_KNOTS('',9,(#7794,#7795,#7796,#7797,#7798,
    #7799,#7800,#7801,#7802,#7803,#7804,#7805,#7806,#7807,#7808,#7809,
    #7810,#7811,#7812,#7813,#7814,#7815,#7816,#7817,#7818,#7819,#7820,
    #7821,#7822,#7823,#7824),.UNSPECIFIED.,.F.,.F.,(10,7,7,7,10),(0.,
    1.614938419963,3.229876839926,4.844815259889,6.459753679852),
  .UNSPECIFIED.);
#7794 = CARTESIAN_POINT('',(104.01600338847,141.00000000197,
    106.65624991737));
#7795 = CARTESIAN_POINT('',(104.01600502638,139.25187751883,
    106.61458321077));
#7796 = CARTESIAN_POINT('',(103.67275885032,137.50376709034,
    106.57291657402));
#7797 = CARTESIAN_POINT('',(102.9862764703,135.83264870938,
    106.53124991564));
#7798 = CARTESIAN_POINT('',(101.97671090278,134.31559985981,
    106.48958323595));
#7799 = CARTESIAN_POINT('',(100.68439593549,133.02328695834,
    106.4479165696));
#7800 = CARTESIAN_POINT('',(99.167343339547,132.01372688656,
    106.40624990214));
#7801 = CARTESIAN_POINT('',(97.496244722471,131.32724130908,
    106.36458323656));
#7802 = CARTESIAN_POINT('',(94.000000174885,130.64075397183,
    106.28124990415));
#7803 = CARTESIAN_POINT('',(90.503755286665,131.32723730722,
    106.19791657007));
#7804 = CARTESIAN_POINT('',(88.832657650404,132.01372132987,
    106.15624990252));
#7805 = CARTESIAN_POINT('',(87.315600195131,133.02329138712,
    106.11458323584));
#7806 = CARTESIAN_POINT('',(86.023292329981,134.31560138827,
    106.07291657041));
#7807 = CARTESIAN_POINT('',(85.013723828705,135.83265969397,
    106.03124990491));
#7808 = CARTESIAN_POINT('',(84.327239180072,137.50375686932,
    105.98958323808));
#7809 = CARTESIAN_POINT('',(83.640753230159,141.00000000135,
    105.9062499036));
#7810 = CARTESIAN_POINT('',(84.327239090332,144.49624315101,
    105.82291656912));
#7811 = CARTESIAN_POINT('',(85.013723724617,146.16734035305,
    105.78124990229));
#7812 = CARTESIAN_POINT('',(86.023292337119,147.68439863095,
    105.73958323679));
#7813 = CARTESIAN_POINT('',(87.315600257836,148.97670854725,
    105.69791657136));
#7814 = CARTESIAN_POINT('',(88.832657662155,149.98627857365,
    105.65624990468));
#7815 = CARTESIAN_POINT('',(90.50375528337,150.67276267588,
    105.61458323713));
#7816 = CARTESIAN_POINT('',(94.000000172818,151.35924607296,
    105.53124990305));
#7817 = CARTESIAN_POINT('',(97.496244719176,150.67275866152,
    105.44791657064));
#7818 = CARTESIAN_POINT('',(99.167343277091,149.98627304213,
    105.40624990506));
#7819 = CARTESIAN_POINT('',(100.6843960566,148.97671281707,
    105.36458323761));
#7820 = CARTESIAN_POINT('',(101.97671040807,147.68440039632,
    105.32291657123));
#7821 = CARTESIAN_POINT('',(102.9862775572,146.16735201194,
    105.28124989157));
#7822 = CARTESIAN_POINT('',(103.67275919549,144.49623227102,
    105.23958323317));
#7823 = CARTESIAN_POINT('',(104.01600287995,142.74812248576,
    105.19791659643));
#7824 = CARTESIAN_POINT('',(104.01600451797,141.00000000263,
    105.15624988983));
#7825 = ORIENTED_EDGE('',*,*,#7026,.F.);
#7826 = ORIENTED_EDGE('',*,*,#7692,.T.);
#7827 = ORIENTED_EDGE('',*,*,#7828,.F.);
#7828 = EDGE_CURVE('',#7791,#7693,#7829,.T.);
#7829 = B_SPLINE_CURVE_WITH_KNOTS('',1,(#7830,#7831),.UNSPECIFIED.,.F.,
  .F.,(2,2),(0.,0.1875),.PIECEWISE_BEZIER_KNOTS.);
#7830 = CARTESIAN_POINT('',(104.01600451797,141.00000000263,
    105.15624988983));
#7831 = CARTESIAN_POINT('',(104.01600580881,141.00000000263,
    105.34374988982));
#7832 = B_SPLINE_SURFACE_WITH_KNOTS('',1,11,(
    (#7833,#7834,#7835,#7836,#7837,#7838,#7839,#7840,#7841,#7842,#7843
      ,#7844,#7845,#7846,#7847,#7848,#7849,#7850,#7851,#7852,#7853)
    ,(#7854,#7855,#7856,#7857,#7858,#7859,#7860,#7861,#7862,#7863,#7864
      ,#7865,#7866,#7867,#7868,#7869,#7870,#7871,#7872,#7873,#7874
  )),.UNSPECIFIED.,.F.,.F.,.F.,(2,2),(12,9,12),(0.,0.1875),(0.,
    3.229876839926,6.459753679852),.UNSPECIFIED.);
#7833 = CARTESIAN_POINT('',(104.01600338847,141.00000000197,
    106.65624991737));
#7834 = CARTESIAN_POINT('',(104.01600606868,138.13943593865,
    106.58806803384));
#7835 = CARTESIAN_POINT('',(103.11732356324,135.2789034366,
    106.51988633319));
#7836 = CARTESIAN_POINT('',(101.32000375409,132.73192027856,
    106.45170444111));
#7837 = CARTESIAN_POINT('',(98.747132538241,130.81261000248,
    106.38352255665));
#7838 = CARTESIAN_POINT('',(95.645234170981,129.7788205514,
    106.31534090963));
#7839 = CARTESIAN_POINT('',(92.354777241997,129.77883714105,
    106.24715893883));
#7840 = CARTESIAN_POINT('',(89.252844680199,130.812523634,
    106.17897718928));
#7841 = CARTESIAN_POINT('',(86.680013390447,132.73200547627,
    106.11079535584));
#7842 = CARTESIAN_POINT('',(84.882668713615,135.27887487772,
    106.04261354183));
#7843 = CARTESIAN_POINT('',(83.08532372517,140.99999999423,
    105.9062499036));
#7844 = CARTESIAN_POINT('',(84.882668566767,146.72112515686,
    105.76988626537));
#7845 = CARTESIAN_POINT('',(86.68001250992,149.26799455081,
    105.70170445134));
#7846 = CARTESIAN_POINT('',(89.252849186822,151.18747705364,
    105.63352261797));
#7847 = CARTESIAN_POINT('',(92.354767951365,152.22115862162,
    105.56534086825));
#7848 = CARTESIAN_POINT('',(95.645245148119,152.22118846476,
    105.49715889775));
#7849 = CARTESIAN_POINT('',(98.747125906972,151.18737973853,
    105.4289772504));
#7850 = CARTESIAN_POINT('',(101.32000275071,149.26808610356,
    105.36079536618));
#7851 = CARTESIAN_POINT('',(103.11732907196,146.72109488391,
    105.29261347398));
#7852 = CARTESIAN_POINT('',(104.01600183758,143.86056406594,
    105.22443177336));
#7853 = CARTESIAN_POINT('',(104.01600451797,141.00000000263,
    105.15624988983));
#7854 = CARTESIAN_POINT('',(104.01600435661,141.00000000197,
    106.84374991737));
#7855 = CARTESIAN_POINT('',(104.01600780243,138.13943561606,
    106.77556803384));
#7856 = CARTESIAN_POINT('',(103.11732380406,135.27890255091,
    106.70738633319));
#7857 = CARTESIAN_POINT('',(101.32000472236,132.73192025747,
    106.63920444112));
#7858 = CARTESIAN_POINT('',(98.747134020201,130.81260738769,
    106.57102255661));
#7859 = CARTESIAN_POINT('',(95.645232787625,129.77882057404,
    106.50284090966));
#7860 = CARTESIAN_POINT('',(92.354778382978,129.77883527034,
    106.4346589388));
#7861 = CARTESIAN_POINT('',(89.252843500381,130.81252258376,
    106.36647718929));
#7862 = CARTESIAN_POINT('',(86.680012690232,132.73200454825,
    106.29829535584));
#7863 = CARTESIAN_POINT('',(84.882667706067,135.2788742381,
    106.23011354183));
#7864 = CARTESIAN_POINT('',(83.085322494335,140.9999999933,
    106.0937499036));
#7865 = CARTESIAN_POINT('',(84.882667518014,146.72112580756,
    105.95738626536));
#7866 = CARTESIAN_POINT('',(86.680011559211,149.26799548754,
    105.88920445134));
#7867 = CARTESIAN_POINT('',(89.252849295948,151.18747830098,
    105.82102261798));
#7868 = CARTESIAN_POINT('',(92.354766439352,152.22115928188,
    105.75284086823));
#7869 = CARTESIAN_POINT('',(95.645246902561,152.22119101797,
    105.68465889776));
#7870 = CARTESIAN_POINT('',(98.747125495621,151.18737942156,
    105.61647725038));
#7871 = CARTESIAN_POINT('',(101.3200034334,149.26808794715,
    105.54829536619));
#7872 = CARTESIAN_POINT('',(103.11733088744,146.72109528855,
    105.48011347397));
#7873 = CARTESIAN_POINT('',(104.01600236281,143.86056438853,
    105.41193177336));
#7874 = CARTESIAN_POINT('',(104.01600580881,141.00000000263,
    105.34374988982));
#7875 = ADVANCED_FACE('',(#7876),#7969,.F.);
#7876 = FACE_BOUND('',#7877,.F.);
#7877 = EDGE_LOOP('',(#7878,#7962,#7963,#7964));
#7878 = ORIENTED_EDGE('',*,*,#7879,.F.);
#7879 = EDGE_CURVE('',#6991,#7880,#7882,.T.);
#7880 = VERTEX_POINT('',#7881);
#7881 = CARTESIAN_POINT('',(103.266,140.99999993968,104.72324146402));
#7882 = B_SPLINE_CURVE_WITH_KNOTS('',8,(#7883,#7884,#7885,#7886,#7887,
    #7888,#7889,#7890,#7891,#7892,#7893,#7894,#7895,#7896,#7897,#7898,
    #7899,#7900,#7901,#7902,#7903,#7904,#7905,#7906,#7907,#7908,#7909,
    #7910,#7911,#7912,#7913,#7914,#7915,#7916,#7917,#7918,#7919,#7920,
    #7921,#7922,#7923,#7924,#7925,#7926,#7927,#7928,#7929,#7930,#7931,
    #7932,#7933,#7934,#7935,#7936,#7937,#7938,#7939,#7940,#7941,#7942,
    #7943,#7944,#7945,#7946,#7947,#7948,#7949,#7950,#7951,#7952,#7953,
    #7954,#7955,#7956,#7957,#7958,#7959,#7960,#7961),.UNSPECIFIED.,.F.,
  .F.,(9,7,7,7,7,7,7,7,7,7,7,9),(0.,4.786180836651E-02,0.120864969398,
    0.213567556394,0.317660151098,0.426350730544,0.57550432281,
    0.684306436619,0.781065302638,0.88165260233,0.956970755389,1.),
  .UNSPECIFIED.);
#7883 = CARTESIAN_POINT('',(103.266,140.99999990952,106.22324042254));
#7884 = CARTESIAN_POINT('',(103.26599999659,140.65173537253,
    106.21426793679));
#7885 = CARTESIAN_POINT('',(103.25104045389,140.30346615218,
    106.20529524394));
#7886 = CARTESIAN_POINT('',(103.2211206809,139.95594889964,
    106.19632257423));
#7887 = CARTESIAN_POINT('',(103.17628669782,139.60993360221,
    106.18734993819));
#7888 = CARTESIAN_POINT('',(103.11662885347,139.2661637791,
    106.17837724983));
#7889 = CARTESIAN_POINT('',(103.042281031,138.92537642956,
    106.16940443251));
#7890 = CARTESIAN_POINT('',(102.95342144182,138.58830173352,
    106.16043150741));
#7891 = CARTESIAN_POINT('',(102.6929467329,137.74829105319,
    106.13777247306));
#7892 = CARTESIAN_POINT('',(102.50236451356,137.25118915809,
    106.12408515076));
#7893 = CARTESIAN_POINT('',(102.27932546834,136.76695724622,
    106.11039819424));
#7894 = CARTESIAN_POINT('',(102.02486230247,136.29806259417,
    106.09671177999));
#7895 = CARTESIAN_POINT('',(101.74021656911,135.84685255213,
    106.08302540491));
#7896 = CARTESIAN_POINT('',(101.42682904599,135.41555773956,
    106.06933854355));
#7897 = CARTESIAN_POINT('',(101.08634722708,135.00628521287,
    106.05565132196));
#7898 = CARTESIAN_POINT('',(100.25627160574,134.13175173279,
    106.02458598657));
#7899 = CARTESIAN_POINT('',(99.751098050519,133.68104204191,
    106.00720358734));
#7900 = CARTESIAN_POINT('',(99.208989777905,133.27299177969,
    105.98982279474));
#7901 = CARTESIAN_POINT('',(98.634193100166,132.91108446987,
    105.97244391024));
#7902 = CARTESIAN_POINT('',(98.031271331834,132.59826910482,
    105.95506500382));
#7903 = CARTESIAN_POINT('',(97.405076450544,132.33699077852,
    105.93768415779));
#7904 = CARTESIAN_POINT('',(96.76076121457,132.12915076036,
    105.92030170312));
#7905 = CARTESIAN_POINT('',(95.366187879815,131.80402372757,
    105.88340787241));
#7906 = CARTESIAN_POINT('',(94.612252139833,131.70091012022,
    105.86388714538));
#7907 = CARTESIAN_POINT('',(93.849861060912,131.66855512706,
    105.84436943063));
#7908 = CARTESIAN_POINT('',(93.086780954497,131.70763664962,
    105.82485430221));
#7909 = CARTESIAN_POINT('',(92.330691786835,131.81785346334,
    105.80533917178));
#7910 = CARTESIAN_POINT('',(91.589185184597,131.99800592667,
    105.78582148476));
#7911 = CARTESIAN_POINT('',(90.869746832237,132.24591728713,
    105.76630085357));
#7912 = CARTESIAN_POINT('',(89.459159158097,132.88427358329,
    105.72640973903));
#7913 = CARTESIAN_POINT('',(88.7701689979,133.28075353522,
    105.70602584711));
#7914 = CARTESIAN_POINT('',(88.121165420286,133.74392561141,
    105.68564594506));
#7915 = CARTESIAN_POINT('',(87.519589145364,134.26895147083,
    105.66526929769));
#7916 = CARTESIAN_POINT('',(86.972124002811,134.85018126798,
    105.64489266303));
#7917 = CARTESIAN_POINT('',(86.484669274604,135.48115026445,
    105.62451271982));
#7918 = CARTESIAN_POINT('',(86.062342019067,136.15460665333,
    105.6041287758));
#7919 = CARTESIAN_POINT('',(85.224525857377,137.83334453843,
    105.55578991497));
#7920 = CARTESIAN_POINT('',(84.869247053658,138.87055930771,
    105.52779161863));
#7921 = CARTESIAN_POINT('',(84.6550483297,139.9518806613,105.49981436457
    ));
#7922 = CARTESIAN_POINT('',(84.587279864485,141.05485263901,
    105.47184998844));
#7923 = CARTESIAN_POINT('',(84.667898639811,142.1569600454,
    105.44388493312));
#7924 = CARTESIAN_POINT('',(84.89468465391,143.23571119551,
    105.41590822282));
#7925 = CARTESIAN_POINT('',(85.262028365731,144.26871590505,
    105.38791010452));
#7926 = CARTESIAN_POINT('',(86.119723088077,145.9382963044,
    105.33955035754));
#7927 = CARTESIAN_POINT('',(86.550382691529,146.6074353191,
    105.31914535174));
#7928 = CARTESIAN_POINT('',(87.04579885163,147.23323347982,
    105.29874419034));
#7929 = CARTESIAN_POINT('',(87.600752815076,147.80847764129,
    105.27834620698));
#7930 = CARTESIAN_POINT('',(88.209250159596,148.32675433877,
    105.25794824004));
#7931 = CARTESIAN_POINT('',(88.864518528944,148.78247773064,
    105.23754705003));
#7932 = CARTESIAN_POINT('',(89.559035881826,149.17088564681,
    105.21714200229));
#7933 = CARTESIAN_POINT('',(90.929260730448,149.77069089153,
    105.17860487066));
#7934 = CARTESIAN_POINT('',(91.598900570166,149.99707943451,
    105.16046117345));
#7935 = CARTESIAN_POINT('',(92.287325624356,150.16489984852,
    105.14231943947));
#7936 = CARTESIAN_POINT('',(92.988533530527,150.27241288261,
    105.12418007381));
#7937 = CARTESIAN_POINT('',(93.696429986324,150.31860978812,
    105.10604071874));
#7938 = CARTESIAN_POINT('',(94.404846625432,150.3031616246,
    105.08789903423));
#7939 = CARTESIAN_POINT('',(95.107547384849,150.22647263109,
    105.06975544045));
#7940 = CARTESIAN_POINT('',(96.516227144609,149.947796493,
    105.03275847819));
#7941 = CARTESIAN_POINT('',(97.221601222763,149.74089931919,
    105.0138960502));
#7942 = CARTESIAN_POINT('',(97.90721456016,149.47049830424,
    104.99503566548));
#7943 = CARTESIAN_POINT('',(98.56642537217,149.13888140002,
    104.97617790894));
#7944 = CARTESIAN_POINT('',(99.192998205211,148.74909268096,
    104.95732011608));
#7945 = CARTESIAN_POINT('',(99.781085358526,148.3048674055,
    104.93845964745));
#7946 = CARTESIAN_POINT('',(100.32527264986,147.81068180523,
    104.91959714457));
#7947 = CARTESIAN_POINT('',(101.19164971733,146.8684996268,
    104.88661966649));
#7948 = CARTESIAN_POINT('',(101.53537228402,146.43997177425,
    104.87249846561));
#7949 = CARTESIAN_POINT('',(101.84982477708,145.9885286461,
    104.85837788379));
#7950 = CARTESIAN_POINT('',(102.13324190849,145.51651905797,
    104.84425802749));
#7951 = CARTESIAN_POINT('',(102.38409550056,145.02642641967,
    104.83013817172));
#7952 = CARTESIAN_POINT('',(102.60108529656,144.52086070319,
    104.81601757138));
#7953 = CARTESIAN_POINT('',(102.78315063162,144.0025619977,
    104.80189630264));
#7954 = CARTESIAN_POINT('',(103.01311401979,143.17268575812,
    104.77970928527));
#7955 = CARTESIAN_POINT('',(103.08507362487,142.86772425736,
    104.7716423351));
#7956 = CARTESIAN_POINT('',(103.1452354401,142.56006005912,
    104.7635753913));
#7957 = CARTESIAN_POINT('',(103.19348231546,142.25022632128,
    104.75550848358));
#7958 = CARTESIAN_POINT('',(103.22972630724,141.9387603103,
    104.74744160646));
#7959 = CARTESIAN_POINT('',(103.25390869524,141.62620326162,
    104.73937476165));
#7960 = CARTESIAN_POINT('',(103.266,141.31310024002,104.73130800065));
#7961 = CARTESIAN_POINT('',(103.266,141.,104.72324146713));
#7962 = ORIENTED_EDGE('',*,*,#6999,.F.);
#7963 = ORIENTED_EDGE('',*,*,#7790,.T.);
#7964 = ORIENTED_EDGE('',*,*,#7965,.F.);
#7965 = EDGE_CURVE('',#7880,#7791,#7966,.T.);
#7966 = B_SPLINE_CURVE_WITH_KNOTS('',1,(#7967,#7968),.UNSPECIFIED.,.F.,
  .F.,(2,2),(0.,1.3105),.PIECEWISE_BEZIER_KNOTS.);
#7967 = CARTESIAN_POINT('',(102.88107371525,140.9999998161,
    104.50100770327));
#7968 = CARTESIAN_POINT('',(104.01600451797,141.00000000263,
    105.15624988983));
#7969 = B_SPLINE_SURFACE_WITH_KNOTS('',1,9,(
    (#7970,#7971,#7972,#7973,#7974,#7975,#7976,#7977,#7978,#7979,#7980
      ,#7981,#7982,#7983,#7984,#7985,#7986,#7987,#7988,#7989,#7990,#7991
      ,#7992,#7993,#7994,#7995,#7996,#7997,#7998,#7999,#8000)
    ,(#8001,#8002,#8003,#8004,#8005,#8006,#8007,#8008,#8009,#8010,#8011
      ,#8012,#8013,#8014,#8015,#8016,#8017,#8018,#8019,#8020,#8021,#8022
      ,#8023,#8024,#8025,#8026,#8027,#8028,#8029,#8030,#8031
  )),.UNSPECIFIED.,.F.,.F.,.F.,(2,2),(10,7,7,7,10),(0.,1.3105),(0.,
    1.614938419963,3.229876839926,4.844815259889,6.459753679852),
  .UNSPECIFIED.);
#7970 = CARTESIAN_POINT('',(102.88107371351,140.99999986207,
    106.00100577745));
#7971 = CARTESIAN_POINT('',(102.88107369195,139.44996109274,
    105.95934190288));
#7972 = CARTESIAN_POINT('',(102.57672258218,137.899933574,105.9176731444
    ));
#7973 = CARTESIAN_POINT('',(101.96802678164,136.41816153373,
    105.87600589886));
#7974 = CARTESIAN_POINT('',(101.07285186366,135.07302399458,
    105.83434014196));
#7975 = CARTESIAN_POINT('',(99.926980021102,133.9271421964,
    105.79267345375));
#7976 = CARTESIAN_POINT('',(98.581823679237,133.03197706672,
    105.75100684268));
#7977 = CARTESIAN_POINT('',(97.100079451226,132.42327790973,
    105.70934009987));
#7978 = CARTESIAN_POINT('',(93.999998821269,131.81457755798,
    105.62600670185));
#7979 = CARTESIAN_POINT('',(90.899920014837,132.42327446798,
    105.54267342095));
#7980 = CARTESIAN_POINT('',(89.418178354254,133.03197174267,
    105.50100681605));
#7981 = CARTESIAN_POINT('',(88.07302148797,133.92714493578,
    105.4593401502));
#7982 = CARTESIAN_POINT('',(86.927146600521,135.07302126662,
    105.41767339681));
#7983 = CARTESIAN_POINT('',(86.031973577113,136.41818010252,
    105.37600664881));
#7984 = CARTESIAN_POINT('',(85.423275852986,137.8999224995,
    105.33433999376));
#7985 = CARTESIAN_POINT('',(84.814576933953,141.00000016643,
    105.25100674036));
#7986 = CARTESIAN_POINT('',(85.423275965189,144.10007781133,
    105.16767348697));
#7987 = CARTESIAN_POINT('',(86.03197374299,145.58182018628,
    105.12600683192));
#7988 = CARTESIAN_POINT('',(86.927146815312,146.92697898971,
    105.08434008392));
#7989 = CARTESIAN_POINT('',(88.073021744373,148.07285527889,
    105.04267333053));
#7990 = CARTESIAN_POINT('',(89.418178643016,148.96802842321,
    105.00100666468));
#7991 = CARTESIAN_POINT('',(90.899920325635,149.57672564432,
    104.95934005978));
#7992 = CARTESIAN_POINT('',(93.999999154127,150.18542244208,
    104.87600677888));
#7993 = CARTESIAN_POINT('',(97.100079762025,149.57672197787,
    104.79267338086));
#7994 = CARTESIAN_POINT('',(98.581823967886,148.96802276712,
    104.75100663805));
#7995 = CARTESIAN_POINT('',(99.926980277594,148.07285758846,
    104.70934002698));
#7996 = CARTESIAN_POINT('',(101.07285207769,146.9269757495,
    104.66767333877));
#7997 = CARTESIAN_POINT('',(101.96802694934,145.58183817862,
    104.62600758187));
#7998 = CARTESIAN_POINT('',(102.57672269505,144.10006611421,
    104.58434033633));
#7999 = CARTESIAN_POINT('',(102.88107374483,142.55003858542,
    104.54267157785));
#8000 = CARTESIAN_POINT('',(102.88107371525,140.9999998161,
    104.50100770327));
#8001 = CARTESIAN_POINT('',(104.01600338847,141.00000000197,
    106.65624991737));
#8002 = CARTESIAN_POINT('',(104.01600502638,139.25187751883,
    106.61458321077));
#8003 = CARTESIAN_POINT('',(103.67275885032,137.50376709034,
    106.57291657402));
#8004 = CARTESIAN_POINT('',(102.9862764703,135.83264870938,
    106.53124991564));
#8005 = CARTESIAN_POINT('',(101.97671090278,134.31559985981,
    106.48958323595));
#8006 = CARTESIAN_POINT('',(100.68439593549,133.02328695834,
    106.4479165696));
#8007 = CARTESIAN_POINT('',(99.167343339547,132.01372688656,
    106.40624990214));
#8008 = CARTESIAN_POINT('',(97.496244722471,131.32724130908,
    106.36458323656));
#8009 = CARTESIAN_POINT('',(94.000000174885,130.64075397183,
    106.28124990415));
#8010 = CARTESIAN_POINT('',(90.503755286665,131.32723730722,
    106.19791657007));
#8011 = CARTESIAN_POINT('',(88.832657650404,132.01372132987,
    106.15624990252));
#8012 = CARTESIAN_POINT('',(87.315600195131,133.02329138712,
    106.11458323584));
#8013 = CARTESIAN_POINT('',(86.023292329981,134.31560138827,
    106.07291657041));
#8014 = CARTESIAN_POINT('',(85.013723828705,135.83265969397,
    106.03124990491));
#8015 = CARTESIAN_POINT('',(84.327239180072,137.50375686932,
    105.98958323808));
#8016 = CARTESIAN_POINT('',(83.640753230159,141.00000000135,
    105.9062499036));
#8017 = CARTESIAN_POINT('',(84.327239090332,144.49624315101,
    105.82291656912));
#8018 = CARTESIAN_POINT('',(85.013723724617,146.16734035305,
    105.78124990229));
#8019 = CARTESIAN_POINT('',(86.023292337119,147.68439863095,
    105.73958323679));
#8020 = CARTESIAN_POINT('',(87.315600257836,148.97670854725,
    105.69791657136));
#8021 = CARTESIAN_POINT('',(88.832657662155,149.98627857365,
    105.65624990468));
#8022 = CARTESIAN_POINT('',(90.50375528337,150.67276267588,
    105.61458323713));
#8023 = CARTESIAN_POINT('',(94.000000172818,151.35924607296,
    105.53124990305));
#8024 = CARTESIAN_POINT('',(97.496244719176,150.67275866152,
    105.44791657064));
#8025 = CARTESIAN_POINT('',(99.167343277091,149.98627304213,
    105.40624990506));
#8026 = CARTESIAN_POINT('',(100.6843960566,148.97671281707,
    105.36458323761));
#8027 = CARTESIAN_POINT('',(101.97671040807,147.68440039632,
    105.32291657123));
#8028 = CARTESIAN_POINT('',(102.9862775572,146.16735201194,
    105.28124989157));
#8029 = CARTESIAN_POINT('',(103.67275919549,144.49623227102,
    105.23958323317));
#8030 = CARTESIAN_POINT('',(104.01600287995,142.74812248576,
    105.19791659643));
#8031 = CARTESIAN_POINT('',(104.01600451797,141.00000000263,
    105.15624988983));
#8032 = ADVANCED_FACE('',(#8033),#8127,.F.);
#8033 = FACE_BOUND('',#8034,.T.);
#8034 = EDGE_LOOP('',(#8035,#8036,#8037,#8121));
#8035 = ORIENTED_EDGE('',*,*,#7879,.F.);
#8036 = ORIENTED_EDGE('',*,*,#6990,.F.);
#8037 = ORIENTED_EDGE('',*,*,#8038,.T.);
#8038 = EDGE_CURVE('',#6972,#8039,#8041,.T.);
#8039 = VERTEX_POINT('',#8040);
#8040 = CARTESIAN_POINT('',(103.266,140.9999999246,104.2767753621));
#8041 = B_SPLINE_CURVE_WITH_KNOTS('',8,(#8042,#8043,#8044,#8045,#8046,
    #8047,#8048,#8049,#8050,#8051,#8052,#8053,#8054,#8055,#8056,#8057,
    #8058,#8059,#8060,#8061,#8062,#8063,#8064,#8065,#8066,#8067,#8068,
    #8069,#8070,#8071,#8072,#8073,#8074,#8075,#8076,#8077,#8078,#8079,
    #8080,#8081,#8082,#8083,#8084,#8085,#8086,#8087,#8088,#8089,#8090,
    #8091,#8092,#8093,#8094,#8095,#8096,#8097,#8098,#8099,#8100,#8101,
    #8102,#8103,#8104,#8105,#8106,#8107,#8108,#8109,#8110,#8111,#8112,
    #8113,#8114,#8115,#8116,#8117,#8118,#8119,#8120),.UNSPECIFIED.,.F.,
  .F.,(9,7,7,7,7,7,7,7,7,7,7,9),(0.,2.058148619293E-02,0.122033797079,
    0.214918565099,0.317869647507,0.427848696873,0.556186025252,
    0.685687251969,0.790087371593,0.883573228837,0.959372134624,1.),
  .UNSPECIFIED.);
#8042 = CARTESIAN_POINT('',(103.266,140.99999987936,105.77677283004));
#8043 = CARTESIAN_POINT('',(103.26599999805,140.85023847716,
    105.77291466455));
#8044 = CARTESIAN_POINT('',(103.2632336943,140.70047702752,
    105.76905643061));
#8045 = CARTESIAN_POINT('',(103.25770109005,140.55077522891,
    105.7651981363));
#8046 = CARTESIAN_POINT('',(103.24940372654,140.40119269091,
    105.76133978967));
#8047 = CARTESIAN_POINT('',(103.23834468502,140.25178893411,
    105.75748139869));
#8048 = CARTESIAN_POINT('',(103.2245285867,140.10262339018,
    105.75362297129));
#8049 = CARTESIAN_POINT('',(103.2079615928,139.95375540187,
    105.74976451537));
#8050 = CARTESIAN_POINT('',(103.09346570169,139.07318813374,
    105.72688645173));
#8051 = CARTESIAN_POINT('',(102.9315982531,138.34959497908,
    105.70786111893));
#8052 = CARTESIAN_POINT('',(102.70395004203,137.6418628762,
    105.6888383606));
#8053 = CARTESIAN_POINT('',(102.41242355732,136.9569451145,
    105.66981886217));
#8054 = CARTESIAN_POINT('',(102.05972866868,136.30142519434,
    105.65079954245));
#8055 = CARTESIAN_POINT('',(101.64931317265,135.68153196057,
    105.63177728885));
#8056 = CARTESIAN_POINT('',(101.18541800925,135.10309483068,
    105.61275255943));
#8057 = CARTESIAN_POINT('',(100.20434774508,134.08468118038,
    105.57631933914));
#8058 = CARTESIAN_POINT('',(99.694769019101,133.63691714704,
    105.55890234608));
#8059 = CARTESIAN_POINT('',(99.148435261124,133.23226248249,
    105.54148670247));
#8060 = CARTESIAN_POINT('',(98.569644887721,132.87418856513,
    105.52407284606));
#8061 = CARTESIAN_POINT('',(97.963011487722,132.565625558,
    105.50665900412));
#8062 = CARTESIAN_POINT('',(97.333435367072,132.30899360336,
    105.48924338986));
#8063 = CARTESIAN_POINT('',(96.686115593127,132.10616234105,
    105.47182641382));
#8064 = CARTESIAN_POINT('',(95.295615270049,131.79449489338,
    105.43511223183));
#8065 = CARTESIAN_POINT('',(94.549273527731,131.6981439427,
    105.41580614479));
#8066 = CARTESIAN_POINT('',(93.795171853271,131.67105556584,
    105.39650264328));
#8067 = CARTESIAN_POINT('',(93.040820765031,131.71383490524,
    105.37720230614));
#8068 = CARTESIAN_POINT('',(92.29365204921,131.82614936576,
    105.35790196669));
#8069 = CARTESIAN_POINT('',(91.561008563949,132.00680544749,
    105.33859843276));
#8070 = CARTESIAN_POINT('',(90.850118556239,132.25367562369,
    105.31929225681));
#8071 = CARTESIAN_POINT('',(89.439429248665,132.89442341084,
    105.27937329135));
#8072 = CARTESIAN_POINT('',(88.743190824205,133.2974161533,
    105.25874702846));
#8073 = CARTESIAN_POINT('',(88.088092013004,133.76859373411,
    105.23812484439));
#8074 = CARTESIAN_POINT('',(87.481825206581,134.30291504784,
    105.21750604188));
#8075 = CARTESIAN_POINT('',(86.931287274617,134.89449487737,
    105.19688722399));
#8076 = CARTESIAN_POINT('',(86.442547963679,135.53659815036,
    105.17626508479));
#8077 = CARTESIAN_POINT('',(86.020854755764,136.22167198632,
    105.15563887346));
#8078 = CARTESIAN_POINT('',(85.261235409982,137.78055585518,
    105.11096065643));
#8079 = CARTESIAN_POINT('',(84.948570449411,138.66775015492,
    105.08688380247));
#8080 = CARTESIAN_POINT('',(84.739329209283,139.58884878375,
    105.06281647154));
#8081 = CARTESIAN_POINT('',(84.637374423614,140.52971184645,
    105.03875551286));
#8082 = CARTESIAN_POINT('',(84.644534138248,141.47605581086,
    105.01469477703));
#8083 = CARTESIAN_POINT('',(84.760420712951,142.4134856344,
    104.9906272366));
#8084 = CARTESIAN_POINT('',(84.982608091511,143.32754597718,
    104.96655019844));
#8085 = CARTESIAN_POINT('',(85.631307526661,145.087994966,
    104.91821194061));
#8086 = CARTESIAN_POINT('',(86.06012518878,145.93497247928,
    104.89391599381));
#8087 = CARTESIAN_POINT('',(86.586699864736,146.72968468849,
    104.86963004677));
#8088 = CARTESIAN_POINT('',(87.203261261058,147.4592276956,
    104.8453512066));
#8089 = CARTESIAN_POINT('',(87.900482778089,148.1121161713,
    104.82107233809));
#8090 = CARTESIAN_POINT('',(88.667368628131,148.67845094347,
    104.79678656236));
#8091 = CARTESIAN_POINT('',(89.491426762262,149.149814919,
    104.77249078401));
#8092 = CARTESIAN_POINT('',(91.056422383825,149.81879822574,
    104.7286402583));
#8093 = CARTESIAN_POINT('',(91.783140748944,150.05203649089,
    104.70906174617));
#8094 = CARTESIAN_POINT('',(92.530599500301,150.21665244248,
    104.68948619577));
#8095 = CARTESIAN_POINT('',(93.291200300487,150.31061259838,
    104.66991328959));
#8096 = CARTESIAN_POINT('',(94.057259379535,150.33287423318,
    104.65034039928));
#8097 = CARTESIAN_POINT('',(94.821023669078,150.28330489331,
    104.63076485579));
#8098 = CARTESIAN_POINT('',(95.574674566539,150.16276439429,
    104.61118628855));
#8099 = CARTESIAN_POINT('',(96.969115733348,149.80374057684,
    104.574087771));
#8100 = CARTESIAN_POINT('',(97.613783576556,149.5788236763,
    104.55655824844));
#8101 = CARTESIAN_POINT('',(98.238733653054,149.30000904896,
    104.53903039621));
#8102 = CARTESIAN_POINT('',(98.838729329337,148.96937378455,
    104.52150455707));
#8103 = CARTESIAN_POINT('',(99.40885897366,148.58954924874,
    104.50397873153));
#8104 = CARTESIAN_POINT('',(99.944522206662,148.16367944081,
    104.48645090725));
#8105 = CARTESIAN_POINT('',(100.44146050655,147.69545240427,
    104.46892139757));
#8106 = CARTESIAN_POINT('',(101.2642394963,146.77873594242,
    104.43718483162));
#8107 = CARTESIAN_POINT('',(101.60475585804,146.34316925851,
    104.42297314154));
#8108 = CARTESIAN_POINT('',(101.91533596324,145.8847669586,
    104.40876188605));
#8109 = CARTESIAN_POINT('',(102.19421101999,145.40594607095,
    104.39455122041));
#8110 = CARTESIAN_POINT('',(102.43985725637,144.90925838319,
    104.38034051278));
#8111 = CARTESIAN_POINT('',(102.65098626547,144.39738222858,
    104.36612915709));
#8112 = CARTESIAN_POINT('',(102.82655717435,143.87312600734,
    104.35191737354));
#8113 = CARTESIAN_POINT('',(103.04044985326,143.05339203969,
    104.33009030046));
#8114 = CARTESIAN_POINT('',(103.10465936831,142.76461685553,
    104.32247359489));
#8115 = CARTESIAN_POINT('',(103.15832274684,142.47356465771,
    104.31485697643));
#8116 = CARTESIAN_POINT('',(103.20134680429,142.18068535772,
    104.30724045989));
#8117 = CARTESIAN_POINT('',(103.23366160845,141.88643191464,
    104.29962402344));
#8118 = CARTESIAN_POINT('',(103.25522048116,141.59126023841,
    104.29200765335));
#8119 = CARTESIAN_POINT('',(103.266,141.29562909307,104.28439138868));
#8120 = CARTESIAN_POINT('',(103.266,141.,104.27677536599));
#8121 = ORIENTED_EDGE('',*,*,#8122,.F.);
#8122 = EDGE_CURVE('',#7880,#8039,#8123,.T.);
#8123 = LINE('',#8124,#8125);
#8124 = CARTESIAN_POINT('',(103.266,141.,110.5));
#8125 = VECTOR('',#8126,1.);
#8126 = DIRECTION('',(-7.E-17,0.,-1.));
#8127 = CYLINDRICAL_SURFACE('',#8128,9.266);
#8128 = AXIS2_PLACEMENT_3D('',#8129,#8130,#8131);
#8129 = CARTESIAN_POINT('',(94.,141.,110.5));
#8130 = DIRECTION('',(-0.,-0.,-1.));
#8131 = DIRECTION('',(1.,0.,0.));
#8132 = ADVANCED_FACE('',(#8133),#8169,.F.);
#8133 = FACE_BOUND('',#8134,.F.);
#8134 = EDGE_LOOP('',(#8135,#8161,#8162,#8163,#8164));
#8135 = ORIENTED_EDGE('',*,*,#8136,.F.);
#8136 = EDGE_CURVE('',#7693,#8137,#8139,.T.);
#8137 = VERTEX_POINT('',#8138);
#8138 = CARTESIAN_POINT('',(104.01600726102,141.00000000328,
    103.84374986227));
#8139 = B_SPLINE_CURVE_WITH_KNOTS('',11,(#8140,#8141,#8142,#8143,#8144,
    #8145,#8146,#8147,#8148,#8149,#8150,#8151,#8152,#8153,#8154,#8155,
    #8156,#8157,#8158,#8159,#8160),.UNSPECIFIED.,.F.,.F.,(12,9,12),(0.,
    3.229876839926,6.459753679852),.UNSPECIFIED.);
#8140 = CARTESIAN_POINT('',(104.01600580881,141.00000000263,
    105.34374988982));
#8141 = CARTESIAN_POINT('',(104.01600925482,138.13943520197,
    105.27556800629));
#8142 = CARTESIAN_POINT('',(103.11732512634,135.27890172201,
    105.20738630564));
#8143 = CARTESIAN_POINT('',(101.32000578424,132.73191905923,
    105.13920441357));
#8144 = CARTESIAN_POINT('',(98.747134709117,130.81260591083,
    105.07102252906));
#8145 = CARTESIAN_POINT('',(95.645233026916,129.77881894736,
    105.00284088212));
#8146 = CARTESIAN_POINT('',(92.354778145195,129.77883364318,
    104.93465891124));
#8147 = CARTESIAN_POINT('',(89.252842812749,130.81252110644,
    104.86647716174));
#8148 = CARTESIAN_POINT('',(86.680011629468,132.73200334899,
    104.79829532829));
#8149 = CARTESIAN_POINT('',(84.882666384537,135.27887340801,
    104.73011351428));
#8150 = CARTESIAN_POINT('',(83.085320911836,140.99999999258,
    104.59374987605));
#8151 = CARTESIAN_POINT('',(84.882666195733,146.72112663646,
    104.45738623781));
#8152 = CARTESIAN_POINT('',(86.680010497363,149.26799668582,
    104.38920442379));
#8153 = CARTESIAN_POINT('',(89.252848606972,151.18747977771,
    104.32102259042));
#8154 = CARTESIAN_POINT('',(92.354766200108,152.22116090878,
    104.2528408407));
#8155 = CARTESIAN_POINT('',(95.645247140363,152.22119264491,
    104.18465887019));
#8156 = CARTESIAN_POINT('',(98.747126183211,151.18738089901,
    104.11647722285));
#8157 = CARTESIAN_POINT('',(101.32000449418,149.26808914637,
    104.04829533863));
#8158 = CARTESIAN_POINT('',(103.11733220897,146.72109611864,
    103.98011344642));
#8159 = CARTESIAN_POINT('',(104.01600381483,143.86056480394,
    103.91193174582));
#8160 = CARTESIAN_POINT('',(104.01600726102,141.00000000328,
    103.84374986227));
#8161 = ORIENTED_EDGE('',*,*,#7719,.T.);
#8162 = ORIENTED_EDGE('',*,*,#6971,.T.);
#8163 = ORIENTED_EDGE('',*,*,#8038,.T.);
#8164 = ORIENTED_EDGE('',*,*,#8165,.F.);
#8165 = EDGE_CURVE('',#8137,#8039,#8166,.T.);
#8166 = B_SPLINE_CURVE_WITH_KNOTS('',1,(#8167,#8168),.UNSPECIFIED.,.F.,
  .F.,(2,2),(0.,1.3105),.PIECEWISE_BEZIER_KNOTS.);
#8167 = CARTESIAN_POINT('',(104.01600726102,141.00000000328,
    103.84374986227));
#8168 = CARTESIAN_POINT('',(102.88108660826,140.99999977012,
    104.49900962904));
#8169 = B_SPLINE_SURFACE_WITH_KNOTS('',1,9,(
    (#8170,#8171,#8172,#8173,#8174,#8175,#8176,#8177,#8178,#8179,#8180
      ,#8181,#8182,#8183,#8184,#8185,#8186,#8187,#8188,#8189,#8190,#8191
      ,#8192,#8193,#8194,#8195,#8196,#8197,#8198,#8199,#8200)
    ,(#8201,#8202,#8203,#8204,#8205,#8206,#8207,#8208,#8209,#8210,#8211
      ,#8212,#8213,#8214,#8215,#8216,#8217,#8218,#8219,#8220,#8221,#8222
      ,#8223,#8224,#8225,#8226,#8227,#8228,#8229,#8230,#8231
  )),.UNSPECIFIED.,.F.,.F.,.F.,(2,2),(10,7,7,7,10),(0.,1.3105),(0.,
    1.614938419963,3.229876839926,4.844815259889,6.459753679852),
  .UNSPECIFIED.);
#8170 = CARTESIAN_POINT('',(104.01600580881,141.00000000263,
    105.34374988982));
#8171 = CARTESIAN_POINT('',(104.0160079147,139.25187706889,
    105.30208318322));
#8172 = CARTESIAN_POINT('',(103.67276129423,137.50376609793,
    105.26041654647));
#8173 = CARTESIAN_POINT('',(102.98627863131,135.83264748052,
    105.2187498881));
#8174 = CARTESIAN_POINT('',(101.97671302952,134.31559817345,
    105.17708320839));
#8175 = CARTESIAN_POINT('',(100.68439764113,133.0232848702,
    105.13541654205));
#8176 = CARTESIAN_POINT('',(99.167344680386,132.0137245601,
    105.09374987458));
#8177 = CARTESIAN_POINT('',(97.496245624123,131.32723881166,
    105.05208320901));
#8178 = CARTESIAN_POINT('',(94.000000175183,130.64075130806,
    104.9687498766));
#8179 = CARTESIAN_POINT('',(90.503754385955,131.32723481158,
    104.88541654252));
#8180 = CARTESIAN_POINT('',(88.832656316805,132.01371899981,
    104.84374987497));
#8181 = CARTESIAN_POINT('',(87.315598463222,133.02328932169,
    104.80208320829));
#8182 = CARTESIAN_POINT('',(86.023290272908,134.31559966807,
    104.76041654286));
#8183 = CARTESIAN_POINT('',(85.0137215273,135.83265836877,
    104.71874987736));
#8184 = CARTESIAN_POINT('',(84.32723669967,137.50375597104,
    104.67708321053));
#8185 = CARTESIAN_POINT('',(83.64075055999,141.00000000174,
    104.59374987605));
#8186 = CARTESIAN_POINT('',(84.32723658429,144.4962440551,
    104.51041654157));
#8187 = CARTESIAN_POINT('',(85.013721393471,146.16734169169,
    104.46874987474));
#8188 = CARTESIAN_POINT('',(86.023290282087,147.68440035664,
    104.42708320924));
#8189 = CARTESIAN_POINT('',(87.315598543839,148.97671059392,
    104.38541654381));
#8190 = CARTESIAN_POINT('',(88.832656331914,149.98628087614,
    104.34374987713));
#8191 = CARTESIAN_POINT('',(90.503754381719,150.67276516669,
    104.30208320958));
#8192 = CARTESIAN_POINT('',(94.000000172525,151.35924874953,
    104.2187498755));
#8193 = CARTESIAN_POINT('',(97.496245619887,150.67276115055,
    104.13541654309));
#8194 = CARTESIAN_POINT('',(99.167344600086,149.98627534822,
    104.09374987751));
#8195 = CARTESIAN_POINT('',(100.68439779684,148.97671484105,
    104.05208321006));
#8196 = CARTESIAN_POINT('',(101.97671239346,147.68440215587,
    104.01041654368));
#8197 = CARTESIAN_POINT('',(102.98628002874,146.16735344689,
    103.96874986402));
#8198 = CARTESIAN_POINT('',(103.67276173802,144.49623308097,
    103.92708320562));
#8199 = CARTESIAN_POINT('',(104.01600515501,142.74812293702,
    103.88541656888));
#8200 = CARTESIAN_POINT('',(104.01600726102,141.00000000328,
    103.84374986227));
#8201 = CARTESIAN_POINT('',(102.88108402827,140.9999998161,
    105.99900770324));
#8202 = CARTESIAN_POINT('',(102.88108773668,139.4499590215,
    105.95734382863));
#8203 = CARTESIAN_POINT('',(102.57673337656,137.89992874512,
    105.91567507016));
#8204 = CARTESIAN_POINT('',(101.9680359256,136.41815632458,
    105.87400782466));
#8205 = CARTESIAN_POINT('',(101.07286163544,135.07301650198,
    105.83234206771));
#8206 = CARTESIAN_POINT('',(99.926987586131,133.9271326646,
    105.79067537953));
#8207 = CARTESIAN_POINT('',(98.581829691092,133.03196654801,
    105.74900876845));
#8208 = CARTESIAN_POINT('',(97.10008345603,132.42326665209,
    105.70734202564));
#8209 = CARTESIAN_POINT('',(93.999998770658,131.81456560758,
    105.62400862763));
#8210 = CARTESIAN_POINT('',(90.899915918612,132.42326326036,
    105.54067534672));
#8211 = CARTESIAN_POINT('',(89.418172308333,133.03196124809,
    105.49900874182));
#8212 = CARTESIAN_POINT('',(88.073013631496,133.92713565379,
    105.45734207597));
#8213 = CARTESIAN_POINT('',(86.927137316896,135.07301358527,
    105.41567532258));
#8214 = CARTESIAN_POINT('',(86.031963258581,136.41817421562,
    105.37400857458));
#8215 = CARTESIAN_POINT('',(85.423264731307,137.89991852166,
    105.33234191953));
#8216 = CARTESIAN_POINT('',(84.814564932414,141.00000022251,
    105.24900866614));
#8217 = CARTESIAN_POINT('',(85.423264674425,144.10008193453,
    105.16567541274));
#8218 = CARTESIAN_POINT('',(86.031963239713,145.58182627247,
    105.12400875769));
#8219 = CARTESIAN_POINT('',(86.927137616361,146.92698679655,
    105.0823420097));
#8220 = CARTESIAN_POINT('',(88.073014112622,148.07286447946,
    105.0406752563));
#8221 = CARTESIAN_POINT('',(89.418172715843,148.96803875043,
    104.99900859046));
#8222 = CARTESIAN_POINT('',(90.899916320833,149.57673684915,
    104.95734198555));
#8223 = CARTESIAN_POINT('',(93.999999204763,150.18543449475,
    104.87400870465));
#8224 = CARTESIAN_POINT('',(97.100083858251,149.57673313267,
    104.79067530663));
#8225 = CARTESIAN_POINT('',(98.581829929098,148.96803307022,
    104.74900856382));
#8226 = CARTESIAN_POINT('',(99.926988200675,148.07286653926,
    104.70734195276));
#8227 = CARTESIAN_POINT('',(101.07286078858,146.92698374518,
    104.66567526452));
#8228 = CARTESIAN_POINT('',(101.96803862718,145.58184494242,
    104.62400950765));
#8229 = CARTESIAN_POINT('',(102.5767343131,144.10006938637,
    104.58234226209));
#8230 = CARTESIAN_POINT('',(102.88108290786,142.55004056472,
    104.54067350365));
#8231 = CARTESIAN_POINT('',(102.88108660826,140.99999977012,
    104.49900962904));
#8232 = ADVANCED_FACE('',(#8233),#8278,.F.);
#8233 = FACE_BOUND('',#8234,.F.);
#8234 = EDGE_LOOP('',(#8235,#8236,#8243,#8277));
#8235 = ORIENTED_EDGE('',*,*,#7187,.F.);
#8236 = ORIENTED_EDGE('',*,*,#8237,.T.);
#8237 = EDGE_CURVE('',#7188,#8238,#8240,.T.);
#8238 = VERTEX_POINT('',#8239);
#8239 = CARTESIAN_POINT('',(104.01600903593,141.00000000526,
    99.156249779633));
#8240 = B_SPLINE_CURVE_WITH_KNOTS('',1,(#8241,#8242),.UNSPECIFIED.,.F.,
  .F.,(2,2),(0.,1.3105),.PIECEWISE_BEZIER_KNOTS.);
#8241 = CARTESIAN_POINT('',(102.88107372221,140.99999963219,
    98.501015406551));
#8242 = CARTESIAN_POINT('',(104.01600903593,141.00000000526,
    99.156249779633));
#8243 = ORIENTED_EDGE('',*,*,#8244,.T.);
#8244 = EDGE_CURVE('',#8238,#7080,#8245,.T.);
#8245 = B_SPLINE_CURVE_WITH_KNOTS('',9,(#8246,#8247,#8248,#8249,#8250,
    #8251,#8252,#8253,#8254,#8255,#8256,#8257,#8258,#8259,#8260,#8261,
    #8262,#8263,#8264,#8265,#8266,#8267,#8268,#8269,#8270,#8271,#8272,
    #8273,#8274,#8275,#8276),.UNSPECIFIED.,.F.,.F.,(10,7,7,7,10),(0.,
    1.614938419963,3.229876839926,4.844815259889,6.459753679852),
  .UNSPECIFIED.);
#8246 = CARTESIAN_POINT('',(104.01600903593,141.00000000526,
    99.156249779633));
#8247 = CARTESIAN_POINT('',(104.01601067441,139.25187653644,
    99.114583073019));
#8248 = CARTESIAN_POINT('',(103.67276430539,137.50376512218,
    99.072916436275));
#8249 = CARTESIAN_POINT('',(102.98628153885,135.83264579879,
    99.031249777906));
#8250 = CARTESIAN_POINT('',(101.97671540262,134.31559609346,
    98.989583098202));
#8251 = CARTESIAN_POINT('',(100.68439970704,133.02328246291,
    98.947916431861));
#8252 = CARTESIAN_POINT('',(99.167346256066,132.0137218214,
    98.90624976439));
#8253 = CARTESIAN_POINT('',(97.496246696981,131.3272358563,
    98.864583098815));
#8254 = CARTESIAN_POINT('',(94.000000178292,130.64074813083,
    98.781249766407));
#8255 = CARTESIAN_POINT('',(90.503753318507,131.32723185214,
    98.697916432323));
#8256 = CARTESIAN_POINT('',(88.832654739777,132.01371626132,
    98.656249764773));
#8257 = CARTESIAN_POINT('',(87.31559642879,133.02328688731,
    98.614583098094));
#8258 = CARTESIAN_POINT('',(86.023287834557,134.3155976167,
    98.57291643267));
#8259 = CARTESIAN_POINT('',(85.013718763548,135.83265677744,
    98.531249767165));
#8260 = CARTESIAN_POINT('',(84.327233727295,137.50375489481,
    98.489583100333));
#8261 = CARTESIAN_POINT('',(83.640747389163,140.99999999795,
    98.406249765856));
#8262 = CARTESIAN_POINT('',(84.327233635259,144.49624511917,
    98.322916431379));
#8263 = CARTESIAN_POINT('',(85.013718656066,146.16734326368,
    98.281249764545));
#8264 = CARTESIAN_POINT('',(86.023287837309,147.68440239728,
    98.239583099045));
#8265 = CARTESIAN_POINT('',(87.315596486255,148.97671304267,
    98.197916433616));
#8266 = CARTESIAN_POINT('',(88.832654745629,149.98628363881,
    98.15624976694));
#8267 = CARTESIAN_POINT('',(90.503753308861,150.67276812866,
    98.114583099388));
#8268 = CARTESIAN_POINT('',(94.000000169423,151.35925191396,
    98.031249765305));
#8269 = CARTESIAN_POINT('',(97.496246687335,150.67276411659,
    97.947916432897));
#8270 = CARTESIAN_POINT('',(99.167346187711,149.98627811068,
    97.906249767319));
#8271 = CARTESIAN_POINT('',(100.68439982292,148.97671731689,
    97.864583099863));
#8272 = CARTESIAN_POINT('',(101.97671490351,147.68440416791,
    97.82291643349));
#8273 = CARTESIAN_POINT('',(102.98628262236,146.16735492843,
    97.781249753824));
#8274 = CARTESIAN_POINT('',(103.67276464827,144.49623424554,
    97.739583095427));
#8275 = CARTESIAN_POINT('',(104.01600852684,142.74812347473,
    97.697916458696));
#8276 = CARTESIAN_POINT('',(104.01601016542,141.00000000591,
    97.656249752078));
#8277 = ORIENTED_EDGE('',*,*,#7079,.F.);
#8278 = B_SPLINE_SURFACE_WITH_KNOTS('',1,9,(
    (#8279,#8280,#8281,#8282,#8283,#8284,#8285,#8286,#8287,#8288,#8289
      ,#8290,#8291,#8292,#8293,#8294,#8295,#8296,#8297,#8298,#8299,#8300
      ,#8301,#8302,#8303,#8304,#8305,#8306,#8307,#8308,#8309)
    ,(#8310,#8311,#8312,#8313,#8314,#8315,#8316,#8317,#8318,#8319,#8320
      ,#8321,#8322,#8323,#8324,#8325,#8326,#8327,#8328,#8329,#8330,#8331
      ,#8332,#8333,#8334,#8335,#8336,#8337,#8338,#8339,#8340
  )),.UNSPECIFIED.,.F.,.F.,.F.,(2,2),(10,7,7,7,10),(0.,1.3105),(0.,
    1.614938419963,3.229876839926,4.844815259889,6.459753679852),
  .UNSPECIFIED.);
#8279 = CARTESIAN_POINT('',(102.88107372221,140.99999963219,
    98.501015406551));
#8280 = CARTESIAN_POINT('',(102.88107366055,139.44996086135,
    98.459351531976));
#8281 = CARTESIAN_POINT('',(102.57672251034,137.89993334896,
    98.417682773496));
#8282 = CARTESIAN_POINT('',(101.96802667085,136.418161323,
    98.376015527964));
#8283 = CARTESIAN_POINT('',(101.07285171719,135.0730238057,
    98.334349771055));
#8284 = CARTESIAN_POINT('',(99.926979843838,133.92714203605,
    98.29268308285));
#8285 = CARTESIAN_POINT('',(98.581823477485,133.03197694032,
    98.251016471782));
#8286 = CARTESIAN_POINT('',(97.100079232266,132.42327782108,
    98.209349728968));
#8287 = CARTESIAN_POINT('',(93.999998583515,131.81457754898,
    98.126016330953));
#8288 = CARTESIAN_POINT('',(90.899919789799,132.42327453982,
    98.042683050049));
#8289 = CARTESIAN_POINT('',(89.418178143519,133.03197185346,
    98.001016445145));
#8290 = CARTESIAN_POINT('',(88.073021299088,133.92714508226,
    97.959349779299));
#8291 = CARTESIAN_POINT('',(86.927146440175,135.07302144388,
    97.917683025905));
#8292 = CARTESIAN_POINT('',(86.031973450708,136.41818030428,
    97.876016277904));
#8293 = CARTESIAN_POINT('',(85.423275764337,137.89992271846,
    97.834349622862));
#8294 = CARTESIAN_POINT('',(84.81457692495,141.00000040418,
    97.751016369464));
#8295 = CARTESIAN_POINT('',(85.423276037023,144.10007803637,
    97.667683116067));
#8296 = CARTESIAN_POINT('',(86.031973853773,145.58182039702,
    97.626016461022));
#8297 = CARTESIAN_POINT('',(86.927146961794,146.92697917859,
    97.584349713025));
#8298 = CARTESIAN_POINT('',(88.073021921635,148.07285543924,
    97.542682959627));
#8299 = CARTESIAN_POINT('',(89.418178844769,148.96802854961,
    97.501016293784));
#8300 = CARTESIAN_POINT('',(90.899920544595,149.57672573297,
    97.459349688879));
#8301 = CARTESIAN_POINT('',(93.999999391882,150.18542245108,
    97.376016407975));
#8302 = CARTESIAN_POINT('',(97.100079987062,149.57672190604,
    97.29268300996));
#8303 = CARTESIAN_POINT('',(98.581824178621,148.96802265634,
    97.251016267145));
#8304 = CARTESIAN_POINT('',(99.926980466477,148.07285744198,
    97.209349656079));
#8305 = CARTESIAN_POINT('',(101.07285223803,146.92697557224,
    97.167682967871));
#8306 = CARTESIAN_POINT('',(101.96802707575,145.58183797688,
    97.126017210965));
#8307 = CARTESIAN_POINT('',(102.5767227837,144.10006589524,
    97.084349965433));
#8308 = CARTESIAN_POINT('',(102.88107379364,142.55003835707,
    97.042681206954));
#8309 = CARTESIAN_POINT('',(102.88107372396,140.99999958622,
    97.001017332371));
#8310 = CARTESIAN_POINT('',(104.01600903593,141.00000000526,
    99.156249779633));
#8311 = CARTESIAN_POINT('',(104.01601067441,139.25187653644,
    99.114583073019));
#8312 = CARTESIAN_POINT('',(103.67276430539,137.50376512218,
    99.072916436275));
#8313 = CARTESIAN_POINT('',(102.98628153885,135.83264579879,
    99.031249777906));
#8314 = CARTESIAN_POINT('',(101.97671540262,134.31559609346,
    98.989583098202));
#8315 = CARTESIAN_POINT('',(100.68439970704,133.02328246291,
    98.947916431861));
#8316 = CARTESIAN_POINT('',(99.167346256066,132.0137218214,
    98.90624976439));
#8317 = CARTESIAN_POINT('',(97.496246696981,131.3272358563,
    98.864583098815));
#8318 = CARTESIAN_POINT('',(94.000000178292,130.64074813083,
    98.781249766407));
#8319 = CARTESIAN_POINT('',(90.503753318507,131.32723185214,
    98.697916432323));
#8320 = CARTESIAN_POINT('',(88.832654739777,132.01371626132,
    98.656249764773));
#8321 = CARTESIAN_POINT('',(87.31559642879,133.02328688731,
    98.614583098094));
#8322 = CARTESIAN_POINT('',(86.023287834557,134.3155976167,
    98.57291643267));
#8323 = CARTESIAN_POINT('',(85.013718763548,135.83265677744,
    98.531249767165));
#8324 = CARTESIAN_POINT('',(84.327233727295,137.50375489481,
    98.489583100333));
#8325 = CARTESIAN_POINT('',(83.640747389163,140.99999999795,
    98.406249765856));
#8326 = CARTESIAN_POINT('',(84.327233635259,144.49624511917,
    98.322916431379));
#8327 = CARTESIAN_POINT('',(85.013718656066,146.16734326368,
    98.281249764545));
#8328 = CARTESIAN_POINT('',(86.023287837309,147.68440239728,
    98.239583099045));
#8329 = CARTESIAN_POINT('',(87.315596486255,148.97671304267,
    98.197916433616));
#8330 = CARTESIAN_POINT('',(88.832654745629,149.98628363881,
    98.15624976694));
#8331 = CARTESIAN_POINT('',(90.503753308861,150.67276812866,
    98.114583099388));
#8332 = CARTESIAN_POINT('',(94.000000169423,151.35925191396,
    98.031249765305));
#8333 = CARTESIAN_POINT('',(97.496246687335,150.67276411659,
    97.947916432897));
#8334 = CARTESIAN_POINT('',(99.167346187711,149.98627811068,
    97.906249767319));
#8335 = CARTESIAN_POINT('',(100.68439982292,148.97671731689,
    97.864583099863));
#8336 = CARTESIAN_POINT('',(101.97671490351,147.68440416791,
    97.82291643349));
#8337 = CARTESIAN_POINT('',(102.98628262236,146.16735492843,
    97.781249753824));
#8338 = CARTESIAN_POINT('',(103.67276464827,144.49623424554,
    97.739583095427));
#8339 = CARTESIAN_POINT('',(104.01600852684,142.74812347473,
    97.697916458696));
#8340 = CARTESIAN_POINT('',(104.01601016542,141.00000000591,
    97.656249752078));
#8341 = ADVANCED_FACE('',(#8342),#8512,.F.);
#8342 = FACE_BOUND('',#8343,.T.);
#8343 = EDGE_LOOP('',(#8344,#8421,#8429,#8511));
#8344 = ORIENTED_EDGE('',*,*,#8345,.F.);
#8345 = EDGE_CURVE('',#8346,#7188,#8348,.T.);
#8346 = VERTEX_POINT('',#8347);
#8347 = CARTESIAN_POINT('',(103.266,140.99999989444,100.22324458846));
#8348 = B_SPLINE_CURVE_WITH_KNOTS('',8,(#8349,#8350,#8351,#8352,#8353,
    #8354,#8355,#8356,#8357,#8358,#8359,#8360,#8361,#8362,#8363,#8364,
    #8365,#8366,#8367,#8368,#8369,#8370,#8371,#8372,#8373,#8374,#8375,
    #8376,#8377,#8378,#8379,#8380,#8381,#8382,#8383,#8384,#8385,#8386,
    #8387,#8388,#8389,#8390,#8391,#8392,#8393,#8394,#8395,#8396,#8397,
    #8398,#8399,#8400,#8401,#8402,#8403,#8404,#8405,#8406,#8407,#8408,
    #8409,#8410,#8411,#8412,#8413,#8414,#8415,#8416,#8417,#8418,#8419,
    #8420),.UNSPECIFIED.,.F.,.F.,(9,7,7,7,7,7,7,7,7,7,9),(0.,
    4.770171084782E-02,0.121363476498,0.213358306458,0.317813683169,
    0.405829575086,0.545694352285,0.685186682264,0.821286164045,
    0.957535061115,1.),.UNSPECIFIED.);
#8349 = CARTESIAN_POINT('',(103.266,140.99999978888,100.22324458846));
#8350 = CARTESIAN_POINT('',(103.266,140.65292686079,100.21430280719));
#8351 = CARTESIAN_POINT('',(103.25114265561,140.30584913167,
    100.20536081649));
#8352 = CARTESIAN_POINT('',(103.22142726016,139.95951563758,
    100.1964188472));
#8353 = CARTESIAN_POINT('',(103.17689921328,139.6146687897,
    100.18747691245));
#8354 = CARTESIAN_POINT('',(103.11764765627,139.27204456727,
    100.17853492845));
#8355 = CARTESIAN_POINT('',(103.04380466971,138.93237247519,
    100.16959281872));
#8356 = CARTESIAN_POINT('',(102.95554603365,138.5963752663,
    100.16065060151));
#8357 = CARTESIAN_POINT('',(102.69488474134,137.75269570086,
    100.13789985966));
#8358 = CARTESIAN_POINT('',(102.5028133707,137.25104117281,
    100.1240900792));
#8359 = CARTESIAN_POINT('',(102.27769549093,136.76247765742,
    100.11028068237));
#8360 = CARTESIAN_POINT('',(102.02059159889,136.28953957229,
    100.09647185284));
#8361 = CARTESIAN_POINT('',(101.73277845959,135.83463690325,
    100.08266306402));
#8362 = CARTESIAN_POINT('',(101.4157389622,135.40005857891,
    100.06885376578));
#8363 = CARTESIAN_POINT('',(101.07117000765,134.98796525588,
    100.055044089));
#8364 = CARTESIAN_POINT('',(100.23872041104,134.11631279048,
    100.02399035836));
#8365 = CARTESIAN_POINT('',(99.736382749173,133.67032766603,
    100.00674209392));
#8366 = CARTESIAN_POINT('',(99.197778154709,133.26642648109,
    99.989495377544));
#8367 = CARTESIAN_POINT('',(98.627061801139,132.90800410192,
    99.972250497405));
#8368 = CARTESIAN_POINT('',(98.028695733419,132.59793667646,
    99.95500559432));
#8369 = CARTESIAN_POINT('',(97.407421847605,132.33861093737,
    99.937758821663));
#8370 = CARTESIAN_POINT('',(96.768273439849,132.13188605287,
    99.920510497512));
#8371 = CARTESIAN_POINT('',(95.376712556044,131.80538021462,
    99.883684160368));
#8372 = CARTESIAN_POINT('',(94.620296083879,131.7010774553,
    99.864096817536));
#8373 = CARTESIAN_POINT('',(93.85529232795,131.66801162734,
    99.844512538916));
#8374 = CARTESIAN_POINT('',(93.08954725499,131.70687442313,
    99.824930886778));
#8375 = CARTESIAN_POINT('',(92.330819638717,131.81736508944,
    99.805349231866));
#8376 = CARTESIAN_POINT('',(91.586779013259,131.99827281089,
    99.785764977765));
#8377 = CARTESIAN_POINT('',(90.864987812558,132.24739644826,
    99.766177723909));
#8378 = CARTESIAN_POINT('',(89.589619201173,132.82580852067,
    99.730097294092));
#8379 = CARTESIAN_POINT('',(89.027200880952,133.13642064362,
    99.713595442589));
#8380 = CARTESIAN_POINT('',(88.48997686622,133.491176667,99.697094780722
    ));
#8381 = CARTESIAN_POINT('',(87.981967490354,133.88764903155,
    99.680595577318));
#8382 = CARTESIAN_POINT('',(87.506871518779,134.3230197447,
    99.664096383821));
#8383 = CARTESIAN_POINT('',(87.068080300053,134.79410762722,
    99.647595746446));
#8384 = CARTESIAN_POINT('',(86.668653330691,135.29734972623,
    99.631093927572));
#8385 = CARTESIAN_POINT('',(85.743319101844,136.67315653684,
    99.588375851994));
#8386 = CARTESIAN_POINT('',(85.280805566332,137.58970062352,
    99.562130936567));
#8387 = CARTESIAN_POINT('',(84.935415363713,138.56176202902,
    99.535900804352));
#8388 = CARTESIAN_POINT('',(84.714243900504,139.5717126437,
    99.509680159634));
#8389 = CARTESIAN_POINT('',(84.621681682168,140.60144550253,
    99.483459838658));
#8390 = CARTESIAN_POINT('',(84.658982925048,141.6323709587,
    99.457229766587));
#8391 = CARTESIAN_POINT('',(84.824677744374,142.64554298587,
    99.43098491051));
#8392 = CARTESIAN_POINT('',(85.399748614084,144.59506848915,
    99.378617107614));
#8393 = CARTESIAN_POINT('',(85.809042308023,145.53354397413,
    99.352442427882));
#8394 = CARTESIAN_POINT('',(86.335195836797,146.41759242221,
    99.326282439559));
#8395 = CARTESIAN_POINT('',(86.969246504242,147.23063073778,
    99.300131526029));
#8396 = CARTESIAN_POINT('',(87.700153836845,147.95783505222,
    99.273980615183));
#8397 = CARTESIAN_POINT('',(88.514528927213,148.58646261377,
    99.247820320043));
#8398 = CARTESIAN_POINT('',(89.396986483802,149.10562185746,
    99.221645397235));
#8399 = CARTESIAN_POINT('',(91.23807369406,149.90006191165,
    99.169983328909));
#8400 = CARTESIAN_POINT('',(92.196013321279,150.181694454,
    99.144447720311));
#8401 = CARTESIAN_POINT('',(93.185725908201,150.34490492788,
    99.118925386531));
#8402 = CARTESIAN_POINT('',(94.190080991376,150.38612159908,
    99.093411514083));
#8403 = CARTESIAN_POINT('',(95.191943864462,150.3042764022,
    99.067897583208));
#8404 = CARTESIAN_POINT('',(96.174237109907,150.10113037859,
    99.042374848691));
#8405 = CARTESIAN_POINT('',(97.119989230793,149.78094563877,
    99.016838826247));
#8406 = CARTESIAN_POINT('',(98.906131980242,148.92283804583,
    98.965784008173));
#8407 = CARTESIAN_POINT('',(99.748004854962,148.38390830997,
    98.940219616535));
#8408 = CARTESIAN_POINT('',(100.5211759477,147.7430931867,
    98.914668296058));
#8409 = CARTESIAN_POINT('',(101.21166831647,147.01101750098,
    98.889125805052));
#8410 = CARTESIAN_POINT('',(101.80739957852,146.19995714785,
    98.863583980302));
#8411 = CARTESIAN_POINT('',(102.29847085743,145.32400803012,
    98.838033893796));
#8412 = CARTESIAN_POINT('',(102.67694849786,144.39883218381,
    98.812470197491));
#8413 = CARTESIAN_POINT('',(103.01971472948,143.14451954176,
    98.778968623504));
#8414 = CARTESIAN_POINT('',(103.08980357597,142.84337067033,
    98.771008077882));
#8415 = CARTESIAN_POINT('',(103.14839634076,142.53962408295,
    98.763047537892));
#8416 = CARTESIAN_POINT('',(103.19538190828,142.23379243996,
    98.755087033269));
#8417 = CARTESIAN_POINT('',(103.23067687404,141.92639222925,
    98.74712656044));
#8418 = CARTESIAN_POINT('',(103.25422555501,141.61794363799,
    98.739166122207));
#8419 = CARTESIAN_POINT('',(103.266,141.30897042427,98.731205767432));
#8420 = CARTESIAN_POINT('',(103.266,140.99999978888,98.723245630723));
#8421 = ORIENTED_EDGE('',*,*,#8422,.T.);
#8422 = EDGE_CURVE('',#8346,#8423,#8425,.T.);
#8423 = VERTEX_POINT('',#8424);
#8424 = CARTESIAN_POINT('',(103.266,140.99999987936,99.776782958324));
#8425 = LINE('',#8426,#8427);
#8426 = CARTESIAN_POINT('',(103.266,141.,110.5));
#8427 = VECTOR('',#8428,1.);
#8428 = DIRECTION('',(-7.E-17,0.,-1.));
#8429 = ORIENTED_EDGE('',*,*,#8430,.T.);
#8430 = EDGE_CURVE('',#8423,#7272,#8431,.T.);
#8431 = B_SPLINE_CURVE_WITH_KNOTS('',8,(#8432,#8433,#8434,#8435,#8436,
    #8437,#8438,#8439,#8440,#8441,#8442,#8443,#8444,#8445,#8446,#8447,
    #8448,#8449,#8450,#8451,#8452,#8453,#8454,#8455,#8456,#8457,#8458,
    #8459,#8460,#8461,#8462,#8463,#8464,#8465,#8466,#8467,#8468,#8469,
    #8470,#8471,#8472,#8473,#8474,#8475,#8476,#8477,#8478,#8479,#8480,
    #8481,#8482,#8483,#8484,#8485,#8486,#8487,#8488,#8489,#8490,#8491,
    #8492,#8493,#8494,#8495,#8496,#8497,#8498,#8499,#8500,#8501,#8502,
    #8503,#8504,#8505,#8506,#8507,#8508,#8509,#8510),.UNSPECIFIED.,.F.,
  .F.,(9,7,7,7,7,7,7,7,7,7,7,9),(0.,5.293548294949E-02,0.121738058706,
    0.214639378656,0.319113499728,0.425021736043,0.553372062088,
    0.685715857934,0.790292074197,0.882446465157,0.961137278009,1.),
  .UNSPECIFIED.);
#8432 = CARTESIAN_POINT('',(103.266,140.99999975872,99.776782958324));
#8433 = CARTESIAN_POINT('',(103.266,140.61481181338,99.766859709176));
#8434 = CARTESIAN_POINT('',(103.24770025077,140.22961580177,
    99.756935801792));
#8435 = CARTESIAN_POINT('',(103.21109944038,139.84543787863,
    99.74701167111));
#8436 = CARTESIAN_POINT('',(103.15626676527,139.46329297339,
    99.737087486262));
#8437 = CARTESIAN_POINT('',(103.08333753324,139.08418522756,
    99.727163247276));
#8438 = CARTESIAN_POINT('',(102.99251166677,138.70910794503,
    99.717238905698));
#8439 = CARTESIAN_POINT('',(102.88405510675,138.33904305532,
    99.707314509153));
#8440 = CARTESIAN_POINT('',(102.59486002339,137.50174544392,
    99.68449152939));
#8441 = CARTESIAN_POINT('',(102.40218558198,137.03859503998,
    99.671592008867));
#8442 = CARTESIAN_POINT('',(102.18101641804,136.58765780001,
    99.658692927301));
#8443 = CARTESIAN_POINT('',(101.93226990934,136.15097496314,
    99.645794322634));
#8444 = CARTESIAN_POINT('',(101.65702654606,135.73048976131,
    99.632895710968));
#8445 = CARTESIAN_POINT('',(101.35652320652,135.32804981423,
    99.619996624872));
#8446 = CARTESIAN_POINT('',(101.03215834865,134.9454022436,
    99.607097130733));
#8447 = CARTESIAN_POINT('',(100.21744275731,134.09643983544,
    99.576781592544));
#8448 = CARTESIAN_POINT('',(99.708617609037,133.6476286935,
    99.559361375625));
#8449 = CARTESIAN_POINT('',(99.162942396002,133.2418734221,
    99.54194251056));
#8450 = CARTESIAN_POINT('',(98.584711337236,132.88265541607,
    99.524525433583));
#8451 = CARTESIAN_POINT('',(97.978535104382,132.57291503697,
    99.507108369901));
#8452 = CARTESIAN_POINT('',(97.349312308814,132.31508281152,
    99.489689533269));
#8453 = CARTESIAN_POINT('',(96.702241518487,132.11103891531,
    99.472269336224));
#8454 = CARTESIAN_POINT('',(95.301368060394,131.79439717317,
    99.435266268587));
#8455 = CARTESIAN_POINT('',(94.543916428252,131.6962683077,
    99.415673999506));
#8456 = CARTESIAN_POINT('',(93.77845748024,131.66948313105,
    99.39608494114));
#8457 = CARTESIAN_POINT('',(93.012848968049,131.71466936321,
    99.376498759265));
#8458 = CARTESIAN_POINT('',(92.254853167879,131.83146203338,
    99.35691257204));
#8459 = CARTESIAN_POINT('',(91.512135559751,132.01858592208,
    99.337323474723));
#8460 = CARTESIAN_POINT('',(90.792246229585,132.27377528096,
    99.317731112411));
#8461 = CARTESIAN_POINT('',(89.40339312844,132.91768212635,
    99.278289521945));
#8462 = CARTESIAN_POINT('',(88.734814371537,133.30839302488,
    99.258427677085));
#8463 = CARTESIAN_POINT('',(88.104567244172,133.76216019854,
    99.23856913419));
#8464 = CARTESIAN_POINT('',(87.519527303568,134.27448919196,
    99.218713473588));
#8465 = CARTESIAN_POINT('',(86.985847535392,134.8401203715,
    99.198857818577));
#8466 = CARTESIAN_POINT('',(86.509012207579,135.45310010644,
    99.178999300575));
#8467 = CARTESIAN_POINT('',(86.093767742404,136.10672431447,
    99.159137504001));
#8468 = CARTESIAN_POINT('',(85.319907612142,137.62553512418,
    99.115219728209));
#8469 = CARTESIAN_POINT('',(84.991467843383,138.50712125145,
    99.091140275714));
#8470 = CARTESIAN_POINT('',(84.76585456614,139.42445446735,
    99.067070377016));
#8471 = CARTESIAN_POINT('',(84.64718283086,140.3634610346,
    99.043006852628));
#8472 = CARTESIAN_POINT('',(84.637534881222,141.30988767719,
    99.01894351543));
#8473 = CARTESIAN_POINT('',(84.73677859282,142.24933003871,
    98.99487341478));
#8474 = CARTESIAN_POINT('',(84.94274441708,143.16728752867,
    98.970793786681));
#8475 = CARTESIAN_POINT('',(85.566986701829,144.95858848728,
    98.921919887497));
#8476 = CARTESIAN_POINT('',(85.99215371256,145.83104434435,
    98.897088843977));
#8477 = CARTESIAN_POINT('',(86.520271306766,146.65037250478,
    98.872269014031));
#8478 = CARTESIAN_POINT('',(87.143211527067,147.40269347959,
    98.847456974507));
#8479 = CARTESIAN_POINT('',(87.851152484166,148.07564311745,
    98.822644904699));
#8480 = CARTESIAN_POINT('',(88.63243098151,148.65857649549,
    98.79782527223));
#8481 = CARTESIAN_POINT('',(89.473755832308,149.14243496247,
    98.772994411282));
#8482 = CARTESIAN_POINT('',(91.059071733188,149.81979273789,
    98.728577685212));
#8483 = CARTESIAN_POINT('',(91.787108332636,150.05319447547,
    98.708965984159));
#8484 = CARTESIAN_POINT('',(92.535931620588,150.21773197375,
    98.689357269219));
#8485 = CARTESIAN_POINT('',(93.297903404988,150.31136469174,
    98.669751219592));
#8486 = CARTESIAN_POINT('',(94.065300195049,150.33304959188,
    98.65014518569));
#8487 = CARTESIAN_POINT('',(94.830329456376,150.28265979249,
    98.630536476078));
#8488 = CARTESIAN_POINT('',(95.585133433301,150.16106734437,
    98.610924715086));
#8489 = CARTESIAN_POINT('',(96.9709849427,149.80236668163,
    98.574042558188));
#8490 = CARTESIAN_POINT('',(97.606384994028,149.58061734584,
    98.55676276954));
#8491 = CARTESIAN_POINT('',(98.222636063181,149.30650024937,
    98.539484540987));
#8492 = CARTESIAN_POINT('',(98.814721570033,148.98200100171,
    98.522208191389));
#8493 = CARTESIAN_POINT('',(99.377930735744,148.60962962647,
    98.50493185652));
#8494 = CARTESIAN_POINT('',(99.907846018608,148.19238227842,
    98.487653659486));
#8495 = CARTESIAN_POINT('',(100.40037111261,147.73377021707,
    98.470373889637));
#8496 = CARTESIAN_POINT('',(101.23727509013,146.81450519227,
    98.438344582685));
#8497 = CARTESIAN_POINT('',(101.59288707835,146.36382752686,
    98.423590384455));
#8498 = CARTESIAN_POINT('',(101.91632379753,145.88840181643,
    98.408836720238));
#8499 = CARTESIAN_POINT('',(102.20559738424,145.390927744,
    98.394083774755));
#8500 = CARTESIAN_POINT('',(102.45900447711,144.87426102891,
    98.379330784263));
#8501 = CARTESIAN_POINT('',(102.67511416671,144.34140316266,
    98.364577014354));
#8502 = CARTESIAN_POINT('',(102.85278320575,143.79550575162,
    98.34982272379));
#8503 = CARTESIAN_POINT('',(103.05955708587,142.9654894387,
    98.327784301227));
#8504 = CARTESIAN_POINT('',(103.1183453307,142.688703471,98.320498492157
    ));
#8505 = CARTESIAN_POINT('',(103.16746571699,142.40992341635,
    98.313212763213));
#8506 = CARTESIAN_POINT('',(103.2068402082,142.12954366029,
    98.305927125918));
#8507 = CARTESIAN_POINT('',(103.23641023526,141.84796104565,
    98.298641563444));
#8508 = CARTESIAN_POINT('',(103.25613670355,141.56557479736,
    98.29135606679));
#8509 = CARTESIAN_POINT('',(103.266,141.28278644723,98.28407067097));
#8510 = CARTESIAN_POINT('',(103.266,140.99999975872,98.276785491189));
#8511 = ORIENTED_EDGE('',*,*,#7271,.F.);
#8512 = CYLINDRICAL_SURFACE('',#8513,9.266);
#8513 = AXIS2_PLACEMENT_3D('',#8514,#8515,#8516);
#8514 = CARTESIAN_POINT('',(94.,141.,110.5));
#8515 = DIRECTION('',(-0.,-0.,-1.));
#8516 = DIRECTION('',(1.,0.,0.));
#8517 = ADVANCED_FACE('',(#8518),#8553,.F.);
#8518 = FACE_BOUND('',#8519,.F.);
#8519 = EDGE_LOOP('',(#8520,#8521,#8528,#8552));
#8520 = ORIENTED_EDGE('',*,*,#8244,.F.);
#8521 = ORIENTED_EDGE('',*,*,#8522,.T.);
#8522 = EDGE_CURVE('',#8238,#8523,#8525,.T.);
#8523 = VERTEX_POINT('',#8524);
#8524 = CARTESIAN_POINT('',(104.01601161763,141.00000000526,
    99.343749779615));
#8525 = B_SPLINE_CURVE_WITH_KNOTS('',1,(#8526,#8527),.UNSPECIFIED.,.F.,
  .F.,(2,2),(0.,0.1875),.PIECEWISE_BEZIER_KNOTS.);
#8526 = CARTESIAN_POINT('',(104.01600903593,141.00000000526,
    99.156249779633));
#8527 = CARTESIAN_POINT('',(104.01601161763,141.00000000526,
    99.343749779615));
#8528 = ORIENTED_EDGE('',*,*,#8529,.T.);
#8529 = EDGE_CURVE('',#8523,#7379,#8530,.T.);
#8530 = B_SPLINE_CURVE_WITH_KNOTS('',11,(#8531,#8532,#8533,#8534,#8535,
    #8536,#8537,#8538,#8539,#8540,#8541,#8542,#8543,#8544,#8545,#8546,
    #8547,#8548,#8549,#8550,#8551),.UNSPECIFIED.,.F.,.F.,(12,9,12),(0.,
    3.229876839926,6.459753679852),.UNSPECIFIED.);
#8531 = CARTESIAN_POINT('',(104.01601161763,141.00000000526,
    99.343749779615));
#8532 = CARTESIAN_POINT('',(104.01601506439,138.1394335456,
    99.275567896054));
#8533 = CARTESIAN_POINT('',(103.11733041546,135.27889840641,
    99.207386195455));
#8534 = CARTESIAN_POINT('',(101.32001003172,132.73191426625,
    99.139204303354));
#8535 = CARTESIAN_POINT('',(98.747137464792,130.8126000034,
    99.071022418823));
#8536 = CARTESIAN_POINT('',(95.645233984077,129.7788124406,
    99.002840771934));
#8537 = CARTESIAN_POINT('',(92.354777194062,129.77882713455,
    98.934658801018));
#8538 = CARTESIAN_POINT('',(89.252840062215,130.81251519712,
    98.866477051529));
#8539 = CARTESIAN_POINT('',(86.680007386406,132.73199855199,
    98.798295218079));
#8540 = CARTESIAN_POINT('',(84.88266109841,135.27887008762,
    98.730113404071));
#8541 = CARTESIAN_POINT('',(83.085314581828,140.99999998971,
    98.593749765836));
#8542 = CARTESIAN_POINT('',(84.882660906601,146.72112995206,
    98.457386127601));
#8543 = CARTESIAN_POINT('',(86.680006249956,149.26800147899,
    98.38920431358));
#8544 = CARTESIAN_POINT('',(89.252845851093,151.18748568452,
    98.321022480209));
#8545 = CARTESIAN_POINT('',(92.354765243068,152.22116741656,
    98.252840730501));
#8546 = CARTESIAN_POINT('',(95.645248091646,152.22119915251,
    98.184658759951));
#8547 = CARTESIAN_POINT('',(98.747128933523,151.18738680895,
    98.116477112658));
#8548 = CARTESIAN_POINT('',(101.32000873733,149.26809394319,
    98.048295228428));
#8549 = CARTESIAN_POINT('',(103.11733749509,146.72109943903,
    97.980113336178));
#8550 = CARTESIAN_POINT('',(104.0160096229,143.86056646557,
    97.911931635624));
#8551 = CARTESIAN_POINT('',(104.01601306983,141.00000000591,
    97.843749752056));
#8552 = ORIENTED_EDGE('',*,*,#7378,.F.);
#8553 = B_SPLINE_SURFACE_WITH_KNOTS('',1,11,(
    (#8554,#8555,#8556,#8557,#8558,#8559,#8560,#8561,#8562,#8563,#8564
      ,#8565,#8566,#8567,#8568,#8569,#8570,#8571,#8572,#8573,#8574)
    ,(#8575,#8576,#8577,#8578,#8579,#8580,#8581,#8582,#8583,#8584,#8585
      ,#8586,#8587,#8588,#8589,#8590,#8591,#8592,#8593,#8594,#8595
  )),.UNSPECIFIED.,.F.,.F.,.F.,(2,2),(12,9,12),(0.,0.1875),(0.,
    3.229876839926,6.459753679852),.UNSPECIFIED.);
#8554 = CARTESIAN_POINT('',(104.01600903593,141.00000000526,
    99.156249779633));
#8555 = CARTESIAN_POINT('',(104.01601171708,138.13943432902,
    99.088067896082));
#8556 = CARTESIAN_POINT('',(103.11732870586,135.27890021377,
    99.019886195469));
#8557 = CARTESIAN_POINT('',(101.32000788419,132.73191561925,
    98.951704303361));
#8558 = CARTESIAN_POINT('',(98.747135218109,130.8126042595,
    98.88352241888));
#8559 = CARTESIAN_POINT('',(95.645235102376,129.77881422551,
    98.81534077191));
#8560 = CARTESIAN_POINT('',(92.354776318101,129.7788308131,
    98.747158801068));
#8561 = CARTESIAN_POINT('',(89.252842006814,130.81251788849,
    98.678977051537));
#8562 = CARTESIAN_POINT('',(86.680009265852,132.73200081198,
    98.610795218102));
#8563 = CARTESIAN_POINT('',(84.882663574744,135.27887164891,
    98.54261340409));
#8564 = CARTESIAN_POINT('',(83.085317570998,140.99999999064,
    98.406249765856));
#8565 = CARTESIAN_POINT('',(84.88266342414,146.72112837969,
    98.269886127621));
#8566 = CARTESIAN_POINT('',(86.680008379897,149.26799921029,
    98.201704313602));
#8567 = CARTESIAN_POINT('',(89.252846506747,151.18748279605,
    98.133522480223));
#8568 = CARTESIAN_POINT('',(92.354767020105,152.22116494847,
    98.065340730531));
#8569 = CARTESIAN_POINT('',(95.645246072142,152.22119479175,
    97.99715875996));
#8570 = CARTESIAN_POINT('',(98.747128580155,151.18738548462,
    97.92897711269));
#8571 = CARTESIAN_POINT('',(101.32000687539,149.26809076768,
    97.860795228432));
#8572 = CARTESIAN_POINT('',(103.11733421082,146.72109811272,
    97.792613336215));
#8573 = CARTESIAN_POINT('',(104.0160074841,143.86056568215,
    97.724431635634));
#8574 = CARTESIAN_POINT('',(104.01601016542,141.00000000591,
    97.656249752078));
#8575 = CARTESIAN_POINT('',(104.01601161763,141.00000000526,
    99.343749779615));
#8576 = CARTESIAN_POINT('',(104.01601506439,138.1394335456,
    99.275567896054));
#8577 = CARTESIAN_POINT('',(103.11733041546,135.27889840641,
    99.207386195455));
#8578 = CARTESIAN_POINT('',(101.32001003172,132.73191426625,
    99.139204303354));
#8579 = CARTESIAN_POINT('',(98.747137464792,130.8126000034,
    99.071022418823));
#8580 = CARTESIAN_POINT('',(95.645233984077,129.7788124406,
    99.002840771934));
#8581 = CARTESIAN_POINT('',(92.354777194062,129.77882713455,
    98.934658801018));
#8582 = CARTESIAN_POINT('',(89.252840062215,130.81251519712,
    98.866477051529));
#8583 = CARTESIAN_POINT('',(86.680007386406,132.73199855199,
    98.798295218079));
#8584 = CARTESIAN_POINT('',(84.88266109841,135.27887008762,
    98.730113404071));
#8585 = CARTESIAN_POINT('',(83.085314581828,140.99999998971,
    98.593749765836));
#8586 = CARTESIAN_POINT('',(84.882660906601,146.72112995206,
    98.457386127601));
#8587 = CARTESIAN_POINT('',(86.680006249956,149.26800147899,
    98.38920431358));
#8588 = CARTESIAN_POINT('',(89.252845851093,151.18748568452,
    98.321022480209));
#8589 = CARTESIAN_POINT('',(92.354765243068,152.22116741656,
    98.252840730501));
#8590 = CARTESIAN_POINT('',(95.645248091646,152.22119915251,
    98.184658759951));
#8591 = CARTESIAN_POINT('',(98.747128933523,151.18738680895,
    98.116477112658));
#8592 = CARTESIAN_POINT('',(101.32000873733,149.26809394319,
    98.048295228428));
#8593 = CARTESIAN_POINT('',(103.11733749509,146.72109943903,
    97.980113336178));
#8594 = CARTESIAN_POINT('',(104.0160096229,143.86056646557,
    97.911931635624));
#8595 = CARTESIAN_POINT('',(104.01601306983,141.00000000591,
    97.843749752056));
#8596 = ADVANCED_FACE('',(#8597),#8607,.F.);
#8597 = FACE_BOUND('',#8598,.F.);
#8598 = EDGE_LOOP('',(#8599,#8600,#8605,#8606));
#8599 = ORIENTED_EDGE('',*,*,#8529,.F.);
#8600 = ORIENTED_EDGE('',*,*,#8601,.T.);
#8601 = EDGE_CURVE('',#8523,#8423,#8602,.T.);
#8602 = B_SPLINE_CURVE_WITH_KNOTS('',1,(#8603,#8604),.UNSPECIFIED.,.F.,
  .F.,(2,2),(0.,1.3105),.PIECEWISE_BEZIER_KNOTS.);
#8603 = CARTESIAN_POINT('',(104.01601161763,141.00000000526,
    99.343749779615));
#8604 = CARTESIAN_POINT('',(102.88109434825,140.9999996322,
    99.999015406409));
#8605 = ORIENTED_EDGE('',*,*,#8430,.T.);
#8606 = ORIENTED_EDGE('',*,*,#7457,.F.);
#8607 = B_SPLINE_SURFACE_WITH_KNOTS('',1,9,(
    (#8608,#8609,#8610,#8611,#8612,#8613,#8614,#8615,#8616,#8617,#8618
      ,#8619,#8620,#8621,#8622,#8623,#8624,#8625,#8626,#8627,#8628,#8629
      ,#8630,#8631,#8632,#8633,#8634,#8635,#8636,#8637,#8638)
    ,(#8639,#8640,#8641,#8642,#8643,#8644,#8645,#8646,#8647,#8648,#8649
      ,#8650,#8651,#8652,#8653,#8654,#8655,#8656,#8657,#8658,#8659,#8660
      ,#8661,#8662,#8663,#8664,#8665,#8666,#8667,#8668,#8669
  )),.UNSPECIFIED.,.F.,.F.,.F.,(2,2),(10,7,7,7,10),(0.,1.3105),(0.,
    1.614938419963,3.229876839926,4.844815259889,6.459753679852),
  .UNSPECIFIED.);
#8608 = CARTESIAN_POINT('',(104.01601161763,141.00000000526,
    99.343749779615));
#8609 = CARTESIAN_POINT('',(104.01601372398,139.25187605769,
    99.302083072995));
#8610 = CARTESIAN_POINT('',(103.6727669049,137.5037640728,
    99.260416436255));
#8611 = CARTESIAN_POINT('',(102.98628384429,135.8326444861,
    99.21874977789));
#8612 = CARTESIAN_POINT('',(101.97671765742,134.31559429888,
    99.177083098179));
#8613 = CARTESIAN_POINT('',(100.68440151984,133.02328024583,
    99.135416431842));
#8614 = CARTESIAN_POINT('',(99.167347679562,132.01371934983,
    99.093749764369));
#8615 = CARTESIAN_POINT('',(97.496247654322,131.32723320282,
    99.052083098795));
#8616 = CARTESIAN_POINT('',(94.00000017791,130.64074530018,
    98.968749766387));
#8617 = CARTESIAN_POINT('',(90.503752360838,131.32722920091,
    98.885416432303));
#8618 = CARTESIAN_POINT('',(88.832653322343,132.01371378683,
    98.843749764753));
#8619 = CARTESIAN_POINT('',(87.31559458867,133.02328469382,
    98.802083098074));
#8620 = CARTESIAN_POINT('',(86.023285648542,134.31559578934,
    98.760416432649));
#8621 = CARTESIAN_POINT('',(85.013716317034,135.83265536959,
    98.718749767146));
#8622 = CARTESIAN_POINT('',(84.327231090835,137.50375394084,
    98.677083100313));
#8623 = CARTESIAN_POINT('',(83.640744552107,140.99999999902,
    98.593749765836));
#8624 = CARTESIAN_POINT('',(84.327230973618,144.49624608022,
    98.510416431359));
#8625 = CARTESIAN_POINT('',(85.013716180491,146.16734468615,
    98.468749764525));
#8626 = CARTESIAN_POINT('',(86.02328565421,147.68440423119,
    98.427083099024));
#8627 = CARTESIAN_POINT('',(87.315594665097,148.97671521829,
    98.385416433596));
#8628 = CARTESIAN_POINT('',(88.832653332732,149.98628608641,
    98.34374976692));
#8629 = CARTESIAN_POINT('',(90.50375235152,150.67277077553,
    98.302083099368));
#8630 = CARTESIAN_POINT('',(94.00000016981,151.35925475742,
    98.218749765285));
#8631 = CARTESIAN_POINT('',(97.496247645005,150.67276676122,
    98.135416432877));
#8632 = CARTESIAN_POINT('',(99.167347594541,149.9862805612,
    98.093749767298));
#8633 = CARTESIAN_POINT('',(100.68440167137,148.97671946893,
    98.052083099844));
#8634 = CARTESIAN_POINT('',(101.97671701785,147.68440603462,
    98.010416433468));
#8635 = CARTESIAN_POINT('',(102.98628523901,146.16735644604,
    97.968749753804));
#8636 = CARTESIAN_POINT('',(103.67276734686,144.49623511118,
    97.927083095405));
#8637 = CARTESIAN_POINT('',(104.01601096337,142.74812395348,
    97.885416458681));
#8638 = CARTESIAN_POINT('',(104.01601306983,141.00000000591,
    97.843749752056));
#8639 = CARTESIAN_POINT('',(102.88109434825,140.9999996322,
    99.999015406409));
#8640 = CARTESIAN_POINT('',(102.88109802459,139.44995703641,
    99.957351531783));
#8641 = CARTESIAN_POINT('',(102.57674327869,137.89992496515,
    99.91568277333));
#8642 = CARTESIAN_POINT('',(101.96804508973,136.41815083548,
    99.87401552784));
#8643 = CARTESIAN_POINT('',(101.07286973156,135.07300946821,
    99.832349770872));
#8644 = CARTESIAN_POINT('',(99.926994326903,133.92712432306,
    99.790683082701));
#8645 = CARTESIAN_POINT('',(98.581834850265,133.03195719412,
    99.749016471616));
#8646 = CARTESIAN_POINT('',(97.100086880787,132.42325662156,
    99.707349728807));
#8647 = CARTESIAN_POINT('',(93.999998580467,131.81455493393,
    99.624016330793));
#8648 = CARTESIAN_POINT('',(90.899912138662,132.42325335822,
    99.540683049888));
#8649 = CARTESIAN_POINT('',(89.418166819161,133.03195208395,
    99.499016444984));
#8650 = CARTESIAN_POINT('',(88.073006597758,133.92712755773,
    99.457349779137));
#8651 = CARTESIAN_POINT('',(86.927128975361,135.07300684446,
    99.415683025745));
#8652 = CARTESIAN_POINT('',(86.031953904696,136.41816905644,
    99.374016277746));
#8653 = CARTESIAN_POINT('',(85.423254700782,137.8999150969,
    99.332349622703));
#8654 = CARTESIAN_POINT('',(84.814554258761,141.00000041272,
    99.249016369303));
#8655 = CARTESIAN_POINT('',(85.423254772286,144.10008571449,
    99.165683115905));
#8656 = CARTESIAN_POINT('',(86.031954075578,145.58183176163,
    99.12401646086));
#8657 = CARTESIAN_POINT('',(86.927129520286,146.92699383027,
    99.082349712864));
#8658 = CARTESIAN_POINT('',(88.073007371799,148.07287282098,
    99.040682959469));
#8659 = CARTESIAN_POINT('',(89.418167556658,148.96804810432,
    98.999016293625));
#8660 = CARTESIAN_POINT('',(90.899912896079,149.57674687968,
    98.957349688719));
#8661 = CARTESIAN_POINT('',(93.999999394975,150.1854451684,
    98.874016407814));
#8662 = CARTESIAN_POINT('',(97.100087638203,149.5767430348,98.7906830098
    ));
#8663 = CARTESIAN_POINT('',(98.581835418257,148.96804223436,
    98.749016266984));
#8664 = CARTESIAN_POINT('',(99.926995234364,148.07287463534,
    98.707349655933));
#8665 = CARTESIAN_POINT('',(101.07286913015,146.92699048604,
    98.66568296769));
#8666 = CARTESIAN_POINT('',(101.96804798108,145.58185010154,
    98.624017210808));
#8667 = CARTESIAN_POINT('',(102.57674434363,144.10007281114,
    98.582349965257));
#8668 = CARTESIAN_POINT('',(102.88109325994,142.55004218201,
    98.540681206832));
#8669 = CARTESIAN_POINT('',(102.88109692825,140.99999958622,
    98.499017332191));
#8670 = ADVANCED_FACE('',(#8671),#8716,.F.);
#8671 = FACE_BOUND('',#8672,.F.);
#8672 = EDGE_LOOP('',(#8673,#8709,#8710,#8711));
#8673 = ORIENTED_EDGE('',*,*,#8674,.F.);
#8674 = EDGE_CURVE('',#7791,#8675,#8677,.T.);
#8675 = VERTEX_POINT('',#8676);
#8676 = CARTESIAN_POINT('',(104.01600564746,141.00000000328,
    103.65624986228));
#8677 = B_SPLINE_CURVE_WITH_KNOTS('',9,(#8678,#8679,#8680,#8681,#8682,
    #8683,#8684,#8685,#8686,#8687,#8688,#8689,#8690,#8691,#8692,#8693,
    #8694,#8695,#8696,#8697,#8698,#8699,#8700,#8701,#8702,#8703,#8704,
    #8705,#8706,#8707,#8708),.UNSPECIFIED.,.F.,.F.,(10,7,7,7,10),(0.,
    1.614938419963,3.229876839926,4.844815259889,6.459753679852),
  .UNSPECIFIED.);
#8678 = CARTESIAN_POINT('',(104.01600451797,141.00000000263,
    105.15624988983));
#8679 = CARTESIAN_POINT('',(104.01600615598,139.25187732235,
    105.11458318322));
#8680 = CARTESIAN_POINT('',(103.67275994133,137.50376669671,
    105.07291654647));
#8681 = CARTESIAN_POINT('',(102.98627748401,135.83264812726,
    105.0312498881));
#8682 = CARTESIAN_POINT('',(101.97671180275,134.31559910654,
    104.9895832084));
#8683 = CARTESIAN_POINT('',(100.6843966898,133.02328605926,
    104.94791654206));
#8684 = CARTESIAN_POINT('',(99.16734392285,132.01372587353,
    104.90624987459));
#8685 = CARTESIAN_POINT('',(97.496245117373,131.32724021852,
    104.86458320901));
#8686 = CARTESIAN_POINT('',(94.000000175566,130.64075280363,
    104.78124987661));
#8687 = CARTESIAN_POINT('',(90.503754893034,131.3272362162,
    104.69791654252));
#8688 = CARTESIAN_POINT('',(88.832657068279,132.01372031616,
    104.65624987497));
#8689 = CARTESIAN_POINT('',(87.315599441864,133.02329048716,
    104.61458320829));
#8690 = CARTESIAN_POINT('',(86.023291430897,134.31560063396,
    104.57291654287));
#8691 = CARTESIAN_POINT('',(85.013722815675,135.83265911066,
    104.53124987736));
#8692 = CARTESIAN_POINT('',(84.327238089518,137.50375647442,
    104.48958321053));
#8693 = CARTESIAN_POINT('',(83.640752061961,141.00000000067,
    104.40624987605));
#8694 = CARTESIAN_POINT('',(84.327237999318,144.49624354464,
    104.32291654158));
#8695 = CARTESIAN_POINT('',(85.013722710908,146.16734093518,
    104.28124987474));
#8696 = CARTESIAN_POINT('',(86.023291437159,147.68439938421,
    104.23958320924));
#8697 = CARTESIAN_POINT('',(87.31559950352,148.97670944633,
    104.19791654381));
#8698 = CARTESIAN_POINT('',(88.832657078851,149.98627958668,
    104.15624987714));
#8699 = CARTESIAN_POINT('',(90.503754888469,150.67276376644,
    104.11458320959));
#8700 = CARTESIAN_POINT('',(94.000000172139,151.35924724116,
    104.0312498755));
#8701 = CARTESIAN_POINT('',(97.496245112808,150.67275975254,
    103.9479165431));
#8702 = CARTESIAN_POINT('',(99.167343859214,149.98627405584,
    103.90624987752));
#8703 = CARTESIAN_POINT('',(100.68439680986,148.97671371704,
    103.86458321006));
#8704 = CARTESIAN_POINT('',(101.97671130716,147.68440115063,
    103.82291654369));
#8705 = CARTESIAN_POINT('',(102.98627857023,146.16735259524,
    103.78124986403));
#8706 = CARTESIAN_POINT('',(103.67276028604,144.49623266593,
    103.73958320563));
#8707 = CARTESIAN_POINT('',(104.01600400932,142.74812268356,
    103.69791656889));
#8708 = CARTESIAN_POINT('',(104.01600564746,141.00000000328,
    103.65624986228));
#8709 = ORIENTED_EDGE('',*,*,#7828,.T.);
#8710 = ORIENTED_EDGE('',*,*,#8136,.T.);
#8711 = ORIENTED_EDGE('',*,*,#8712,.F.);
#8712 = EDGE_CURVE('',#8675,#8137,#8713,.T.);
#8713 = B_SPLINE_CURVE_WITH_KNOTS('',1,(#8714,#8715),.UNSPECIFIED.,.F.,
  .F.,(2,2),(0.,0.1875),.PIECEWISE_BEZIER_KNOTS.);
#8714 = CARTESIAN_POINT('',(104.01600564746,141.00000000328,
    103.65624986228));
#8715 = CARTESIAN_POINT('',(104.01600726102,141.00000000328,
    103.84374986227));
#8716 = B_SPLINE_SURFACE_WITH_KNOTS('',1,11,(
    (#8717,#8718,#8719,#8720,#8721,#8722,#8723,#8724,#8725,#8726,#8727
      ,#8728,#8729,#8730,#8731,#8732,#8733,#8734,#8735,#8736,#8737)
    ,(#8738,#8739,#8740,#8741,#8742,#8743,#8744,#8745,#8746,#8747,#8748
      ,#8749,#8750,#8751,#8752,#8753,#8754,#8755,#8756,#8757,#8758
  )),.UNSPECIFIED.,.F.,.F.,.F.,(2,2),(12,9,12),(0.,0.1875),(0.,
    3.229876839926,6.459753679852),.UNSPECIFIED.);
#8717 = CARTESIAN_POINT('',(104.01600451797,141.00000000263,
    105.15624988983));
#8718 = CARTESIAN_POINT('',(104.01600719836,138.13943561672,
    105.08806800629));
#8719 = CARTESIAN_POINT('',(103.11732459177,135.27890279204,
    105.01988630565));
#8720 = CARTESIAN_POINT('',(101.32000458011,132.73191934671,
    104.95170441357));
#8721 = CARTESIAN_POINT('',(98.747133074212,130.81260885388,
    104.88352252909));
#8722 = CARTESIAN_POINT('',(95.645234357261,129.77881928623,
    104.81534088209));
#8723 = CARTESIAN_POINT('',(92.354777057218,129.77883587545,
    104.74715891127));
#8724 = CARTESIAN_POINT('',(89.252844145522,130.81252248491,
    104.67897716174));
#8725 = CARTESIAN_POINT('',(86.680012565529,132.73200454342,
    104.6107953283));
#8726 = CARTESIAN_POINT('',(84.882667685842,135.27887423196,
    104.54261351429));
#8727 = CARTESIAN_POINT('',(83.085322494337,140.99999999351,
    104.40624987605));
#8728 = CARTESIAN_POINT('',(84.882667538243,146.72112580143,
    104.26988623782));
#8729 = CARTESIAN_POINT('',(86.680011683918,149.2679954827,
    104.2017044238));
#8730 = CARTESIAN_POINT('',(89.252848650802,151.18747820214,
    104.13352259042));
#8731 = CARTESIAN_POINT('',(92.354767765124,152.22115988696,
    104.06534084072));
#8732 = CARTESIAN_POINT('',(95.64524533291,152.22118973019,
    103.99715887018));
#8733 = CARTESIAN_POINT('',(98.747126441618,151.18738088773,
    103.92897722287));
#8734 = CARTESIAN_POINT('',(101.32000357564,149.26808703639,
    103.86079533863));
#8735 = CARTESIAN_POINT('',(103.11733009973,146.72109552967,
    103.79261344643));
#8736 = CARTESIAN_POINT('',(104.01600296688,143.86056438918,
    103.72443174582));
#8737 = CARTESIAN_POINT('',(104.01600564746,141.00000000328,
    103.65624986228));
#8738 = CARTESIAN_POINT('',(104.01600580881,141.00000000263,
    105.34374988982));
#8739 = CARTESIAN_POINT('',(104.01600925482,138.13943520197,
    105.27556800629));
#8740 = CARTESIAN_POINT('',(103.11732512634,135.27890172201,
    105.20738630564));
#8741 = CARTESIAN_POINT('',(101.32000578424,132.73191905923,
    105.13920441357));
#8742 = CARTESIAN_POINT('',(98.747134709117,130.81260591083,
    105.07102252906));
#8743 = CARTESIAN_POINT('',(95.645233026916,129.77881894736,
    105.00284088212));
#8744 = CARTESIAN_POINT('',(92.354778145195,129.77883364318,
    104.93465891124));
#8745 = CARTESIAN_POINT('',(89.252842812749,130.81252110644,
    104.86647716174));
#8746 = CARTESIAN_POINT('',(86.680011629468,132.73200334899,
    104.79829532829));
#8747 = CARTESIAN_POINT('',(84.882666384537,135.27887340801,
    104.73011351428));
#8748 = CARTESIAN_POINT('',(83.085320911836,140.99999999258,
    104.59374987605));
#8749 = CARTESIAN_POINT('',(84.882666195733,146.72112663646,
    104.45738623781));
#8750 = CARTESIAN_POINT('',(86.680010497363,149.26799668582,
    104.38920442379));
#8751 = CARTESIAN_POINT('',(89.252848606972,151.18747977771,
    104.32102259042));
#8752 = CARTESIAN_POINT('',(92.354766200108,152.22116090878,
    104.2528408407));
#8753 = CARTESIAN_POINT('',(95.645247140363,152.22119264491,
    104.18465887019));
#8754 = CARTESIAN_POINT('',(98.747126183211,151.18738089901,
    104.11647722285));
#8755 = CARTESIAN_POINT('',(101.32000449418,149.26808914637,
    104.04829533863));
#8756 = CARTESIAN_POINT('',(103.11733220897,146.72109611864,
    103.98011344642));
#8757 = CARTESIAN_POINT('',(104.01600381483,143.86056480394,
    103.91193174582));
#8758 = CARTESIAN_POINT('',(104.01600726102,141.00000000328,
    103.84374986227));
#8759 = ADVANCED_FACE('',(#8760),#8853,.F.);
#8760 = FACE_BOUND('',#8761,.F.);
#8761 = EDGE_LOOP('',(#8762,#8846,#8847,#8848));
#8762 = ORIENTED_EDGE('',*,*,#8763,.F.);
#8763 = EDGE_CURVE('',#7880,#8764,#8766,.T.);
#8764 = VERTEX_POINT('',#8765);
#8765 = CARTESIAN_POINT('',(103.266,140.9999999246,103.2232425055));
#8766 = B_SPLINE_CURVE_WITH_KNOTS('',8,(#8767,#8768,#8769,#8770,#8771,
    #8772,#8773,#8774,#8775,#8776,#8777,#8778,#8779,#8780,#8781,#8782,
    #8783,#8784,#8785,#8786,#8787,#8788,#8789,#8790,#8791,#8792,#8793,
    #8794,#8795,#8796,#8797,#8798,#8799,#8800,#8801,#8802,#8803,#8804,
    #8805,#8806,#8807,#8808,#8809,#8810,#8811,#8812,#8813,#8814,#8815,
    #8816,#8817,#8818,#8819,#8820,#8821,#8822,#8823,#8824,#8825,#8826,
    #8827,#8828,#8829,#8830,#8831,#8832,#8833,#8834,#8835,#8836,#8837,
    #8838,#8839,#8840,#8841,#8842,#8843,#8844,#8845),.UNSPECIFIED.,.F.,
  .F.,(9,7,7,7,7,7,7,7,7,7,7,9),(0.,4.786148871884E-02,0.120865031715,
    0.213555975587,0.317615279986,0.409234626917,0.547038522625,
    0.684692761694,0.788315927813,0.881234222181,0.898105370634,1.),
  .UNSPECIFIED.);
#8767 = CARTESIAN_POINT('',(103.266,140.99999987936,104.72324146402));
#8768 = CARTESIAN_POINT('',(103.26599999546,140.65174122557,
    104.71426912984));
#8769 = CARTESIAN_POINT('',(103.25104095704,140.30347788892,
    104.70529658858));
#8770 = CARTESIAN_POINT('',(103.22112219383,139.95596648192,
    104.69632407045));
#8771 = CARTESIAN_POINT('',(103.17628972288,139.60995695388,
    104.68735158598));
#8772 = CARTESIAN_POINT('',(103.1166338869,139.2661927865,104.6783790492
    ));
#8773 = CARTESIAN_POINT('',(103.04228856004,138.92541094212,
    104.66940638347));
#8774 = CARTESIAN_POINT('',(102.95343194174,138.58834156437,
    104.66043360996));
#8775 = CARTESIAN_POINT('',(102.69296402327,137.74833770909,
    104.6377747954));
#8776 = CARTESIAN_POINT('',(102.50238544276,137.25123727268,
    104.62408754132));
#8777 = CARTESIAN_POINT('',(102.2793502906,136.76700651347,
    104.61040065301));
#8778 = CARTESIAN_POINT('',(102.02489124274,136.29811267686,
    104.59671430694));
#8779 = CARTESIAN_POINT('',(101.74024981968,135.84690308547,
    104.58302800005));
#8780 = CARTESIAN_POINT('',(101.42686676332,135.4156083347,
    104.56934120688));
#8781 = CARTESIAN_POINT('',(101.0863895285,135.00633546062,
    104.5556540535));
#8782 = CARTESIAN_POINT('',(100.25638523376,134.13186423476,
    104.52459114654));
#8783 = CARTESIAN_POINT('',(99.751289179666,133.68120684077,
    104.50721110974));
#8784 = CARTESIAN_POINT('',(99.209267610089,133.27319644673,
    104.48983267855));
#8785 = CARTESIAN_POINT('',(98.634565008029,132.91131526225,
    104.47245615422));
#8786 = CARTESIAN_POINT('',(98.031742710709,132.59851126634,
    104.45507960804));
#8787 = CARTESIAN_POINT('',(97.40565059192,132.33722881476,
    104.43770112354));
#8788 = CARTESIAN_POINT('',(96.761439172309,132.12936874665,
    104.42032103145));
#8789 = CARTESIAN_POINT('',(95.36722661155,131.80419869095,
    104.38343600154));
#8790 = CARTESIAN_POINT('',(94.613554202702,131.70103126507,
    104.36392172482));
#8791 = CARTESIAN_POINT('',(93.851423340771,131.66857433075,
    104.34441045489));
#8792 = CARTESIAN_POINT('',(93.08859250324,131.70750620308,
    104.32490176753));
#8793 = CARTESIAN_POINT('',(92.332734123812,131.81752732909,
    104.30539307794));
#8794 = CARTESIAN_POINT('',(91.591432579954,131.99744084287,
    104.2858818352));
#8795 = CARTESIAN_POINT('',(90.872166635446,132.24507402206,
    104.26636765372));
#8796 = CARTESIAN_POINT('',(89.574804477527,132.83171788608,
    104.22968355063));
#8797 = CARTESIAN_POINT('',(88.989834493709,133.15639051663,
    104.21250450943));
#8798 = CARTESIAN_POINT('',(88.432311954818,133.52884827441,
    104.19532691386));
#8799 = CARTESIAN_POINT('',(87.906763092704,133.94633178099,
    104.17815109182));
#8800 = CARTESIAN_POINT('',(87.417332986172,134.40562715514,
    104.16097527846));
#8801 = CARTESIAN_POINT('',(86.967803790726,134.9031004119,
    104.14379770481));
#8802 = CARTESIAN_POINT('',(86.56156337048,135.4346744291,104.1266186937
    ));
#8803 = CARTESIAN_POINT('',(85.659992617171,136.8396552852,
    104.08360858923));
#8804 = CARTESIAN_POINT('',(85.222321923965,137.75132734696,
    104.05775011467));
#8805 = CARTESIAN_POINT('',(84.899319728663,138.71467060638,
    104.03190527452));
#8806 = CARTESIAN_POINT('',(84.697477212421,139.71271083812,
    104.00606945922));
#8807 = CARTESIAN_POINT('',(84.620705828863,140.72805847483,
    103.98023387026));
#8808 = CARTESIAN_POINT('',(84.669963380523,141.74291516723,
    103.95438914146));
#8809 = CARTESIAN_POINT('',(84.843612227512,142.73918197879,
    103.92853075858));
#8810 = CARTESIAN_POINT('',(85.427313590347,144.65664546748,
    103.87689043935));
#8811 = CARTESIAN_POINT('',(85.837655015483,145.57971563537,
    103.85106025178));
#8812 = CARTESIAN_POINT('',(86.361404687881,146.44905081138,
    103.82524373303));
#8813 = CARTESIAN_POINT('',(86.989871525389,147.24875902783,
    103.79943581516));
#8814 = CARTESIAN_POINT('',(87.712383019757,147.96463683487,
    103.7736278991));
#8815 = CARTESIAN_POINT('',(88.516050763294,148.58445594554,
    103.74781108942));
#8816 = CARTESIAN_POINT('',(89.386082011692,149.09776320221,
    103.72198066084));
#8817 = CARTESIAN_POINT('',(90.996048536934,149.79792873987,
    103.67674811636));
#8818 = CARTESIAN_POINT('',(91.715665932271,150.03442109835,
    103.65731600433));
#8819 = CARTESIAN_POINT('',(92.456192693269,150.20346610844,
    103.63788704895));
#8820 = CARTESIAN_POINT('',(93.210215452455,150.30302022033,
    103.61846085609));
#8821 = CARTESIAN_POINT('',(93.970229558341,150.33200102126,
    103.59903465471));
#8822 = CARTESIAN_POINT('',(94.72865530837,150.29021034134,
    103.57960570522));
#8823 = CARTESIAN_POINT('',(95.477840973466,150.17841275257,
    103.5601736513));
#8824 = CARTESIAN_POINT('',(96.866676945268,149.83730969566,
    103.52332777589));
#8825 = CARTESIAN_POINT('',(97.509953789997,149.62126157412,
    103.50590479255));
#8826 = CARTESIAN_POINT('',(98.13438170058,149.35174842305,
    103.48848317161));
#8827 = CARTESIAN_POINT('',(98.734795375019,149.03074758712,
    103.47106332956));
#8828 = CARTESIAN_POINT('',(99.306339861866,148.66078138932,
    103.4536434798));
#8829 = CARTESIAN_POINT('',(99.844457838373,148.24487677672,
    103.43622184384));
#8830 = CARTESIAN_POINT('',(100.34491863467,147.78659611639,
    103.41879885735));
#8831 = CARTESIAN_POINT('',(100.88722412427,147.19999758901,
    103.39821651978));
#8832 = CARTESIAN_POINT('',(100.96919452485,147.10859409615,
    103.3950536686));
#8833 = CARTESIAN_POINT('',(101.04977782143,147.01595287667,
    103.39189082011));
#8834 = CARTESIAN_POINT('',(101.12895218749,146.92209856455,
    103.38872797607));
#8835 = CARTESIAN_POINT('',(101.20669635434,146.82705621418,
    103.38556513729));
#8836 = CARTESIAN_POINT('',(101.28298961111,146.73085130031,
    103.38240230367));
#8837 = CARTESIAN_POINT('',(101.35781180473,146.63350971808,
    103.37923947419));
#8838 = CARTESIAN_POINT('',(101.87403492033,145.94044956988,
    103.35697450246));
#8839 = CARTESIAN_POINT('',(102.2626764574,145.30517145389,
    103.33786717195));
#8840 = CARTESIAN_POINT('',(102.59250648178,144.63524373305,
    103.31876234582));
#8841 = CARTESIAN_POINT('',(102.86001225537,143.93706993986,
    103.29966026366));
#8842 = CARTESIAN_POINT('',(103.06253309407,143.21735386026,
    103.2805577536));
#8843 = CARTESIAN_POINT('',(103.1981983424,142.4830611611,103.2614520187
    ));
#8844 = CARTESIAN_POINT('',(103.266,141.74142562606,103.24234417045));
#8845 = CARTESIAN_POINT('',(103.266,141.,103.22324250939));
#8846 = ORIENTED_EDGE('',*,*,#7965,.T.);
#8847 = ORIENTED_EDGE('',*,*,#8674,.T.);
#8848 = ORIENTED_EDGE('',*,*,#8849,.F.);
#8849 = EDGE_CURVE('',#8764,#8675,#8850,.T.);
#8850 = B_SPLINE_CURVE_WITH_KNOTS('',1,(#8851,#8852),.UNSPECIFIED.,.F.,
  .F.,(2,2),(0.,1.3105),.PIECEWISE_BEZIER_KNOTS.);
#8851 = CARTESIAN_POINT('',(102.88107371698,140.99999977012,
    103.00100962909));
#8852 = CARTESIAN_POINT('',(104.01600564746,141.00000000328,
    103.65624986228));
#8853 = B_SPLINE_SURFACE_WITH_KNOTS('',1,9,(
    (#8854,#8855,#8856,#8857,#8858,#8859,#8860,#8861,#8862,#8863,#8864
      ,#8865,#8866,#8867,#8868,#8869,#8870,#8871,#8872,#8873,#8874,#8875
      ,#8876,#8877,#8878,#8879,#8880,#8881,#8882,#8883,#8884)
    ,(#8885,#8886,#8887,#8888,#8889,#8890,#8891,#8892,#8893,#8894,#8895
      ,#8896,#8897,#8898,#8899,#8900,#8901,#8902,#8903,#8904,#8905,#8906
      ,#8907,#8908,#8909,#8910,#8911,#8912,#8913,#8914,#8915
  )),.UNSPECIFIED.,.F.,.F.,.F.,(2,2),(10,7,7,7,10),(0.,1.3105),(0.,
    1.614938419963,3.229876839926,4.844815259889,6.459753679852),
  .UNSPECIFIED.);
#8854 = CARTESIAN_POINT('',(102.88107371525,140.9999998161,
    104.50100770327));
#8855 = CARTESIAN_POINT('',(102.88107368566,139.44996104646,
    104.45934382869));
#8856 = CARTESIAN_POINT('',(102.5767225678,137.899933529,104.41767507021
    ));
#8857 = CARTESIAN_POINT('',(101.96802675947,136.41816149158,
    104.37600782468));
#8858 = CARTESIAN_POINT('',(101.07285183436,135.07302395681,
    104.33434206777));
#8859 = CARTESIAN_POINT('',(99.926979985646,133.92714216434,
    104.29267537957));
#8860 = CARTESIAN_POINT('',(98.581823638883,133.03197704145,
    104.2510087685));
#8861 = CARTESIAN_POINT('',(97.100079407432,132.42327789201,
    104.20934202568));
#8862 = CARTESIAN_POINT('',(93.999998773718,131.81457755619,
    104.12600862767));
#8863 = CARTESIAN_POINT('',(90.899919969832,132.42327448235,
    104.04267534677));
#8864 = CARTESIAN_POINT('',(89.41817831211,133.03197176484,
    104.00100874186));
#8865 = CARTESIAN_POINT('',(88.073021450198,133.92714496508,
    103.95934207602));
#8866 = CARTESIAN_POINT('',(86.927146568457,135.07302130208,
    103.91767532262));
#8867 = CARTESIAN_POINT('',(86.031973551838,136.41818014288,
    103.87600857462));
#8868 = CARTESIAN_POINT('',(85.423275835262,137.89992254329,
    103.83434191958));
#8869 = CARTESIAN_POINT('',(84.814576932159,141.00000021398,
    103.75100866618));
#8870 = CARTESIAN_POINT('',(85.423275979562,144.10007785634,
    103.66767541278));
#8871 = CARTESIAN_POINT('',(86.031973765152,145.58182022843,
    103.62600875774));
#8872 = CARTESIAN_POINT('',(86.927146844615,146.92697902748,
    103.58434200974));
#8873 = CARTESIAN_POINT('',(88.073021779829,148.07285531095,
    103.54267525635));
#8874 = CARTESIAN_POINT('',(89.418178683371,148.96802844848,
    103.5010085905));
#8875 = CARTESIAN_POINT('',(90.89992036943,149.57672566205,
    103.4593419856));
#8876 = CARTESIAN_POINT('',(93.999999201678,150.18542244387,
    103.37600870469));
#8877 = CARTESIAN_POINT('',(97.10007980703,149.5767219635,
    103.29267530668));
#8878 = CARTESIAN_POINT('',(98.58182401003,148.96802274496,
    103.25100856386));
#8879 = CARTESIAN_POINT('',(99.926980315365,148.07285755916,
    103.20934195279));
#8880 = CARTESIAN_POINT('',(101.07285210975,146.92697571404,
    103.16767526459));
#8881 = CARTESIAN_POINT('',(101.96802697461,145.58183813827,
    103.12600950768));
#8882 = CARTESIAN_POINT('',(102.57672271277,144.10006607041,
    103.08434226215));
#8883 = CARTESIAN_POINT('',(102.88107375458,142.55003853975,
    103.04267350367));
#8884 = CARTESIAN_POINT('',(102.88107371698,140.99999977012,
    103.00100962909));
#8885 = CARTESIAN_POINT('',(104.01600451797,141.00000000263,
    105.15624988983));
#8886 = CARTESIAN_POINT('',(104.01600615598,139.25187732235,
    105.11458318322));
#8887 = CARTESIAN_POINT('',(103.67275994133,137.50376669671,
    105.07291654647));
#8888 = CARTESIAN_POINT('',(102.98627748401,135.83264812726,
    105.0312498881));
#8889 = CARTESIAN_POINT('',(101.97671180275,134.31559910654,
    104.9895832084));
#8890 = CARTESIAN_POINT('',(100.6843966898,133.02328605926,
    104.94791654206));
#8891 = CARTESIAN_POINT('',(99.16734392285,132.01372587353,
    104.90624987459));
#8892 = CARTESIAN_POINT('',(97.496245117373,131.32724021852,
    104.86458320901));
#8893 = CARTESIAN_POINT('',(94.000000175566,130.64075280363,
    104.78124987661));
#8894 = CARTESIAN_POINT('',(90.503754893034,131.3272362162,
    104.69791654252));
#8895 = CARTESIAN_POINT('',(88.832657068279,132.01372031616,
    104.65624987497));
#8896 = CARTESIAN_POINT('',(87.315599441864,133.02329048716,
    104.61458320829));
#8897 = CARTESIAN_POINT('',(86.023291430897,134.31560063396,
    104.57291654287));
#8898 = CARTESIAN_POINT('',(85.013722815675,135.83265911066,
    104.53124987736));
#8899 = CARTESIAN_POINT('',(84.327238089518,137.50375647442,
    104.48958321053));
#8900 = CARTESIAN_POINT('',(83.640752061961,141.00000000067,
    104.40624987605));
#8901 = CARTESIAN_POINT('',(84.327237999318,144.49624354464,
    104.32291654158));
#8902 = CARTESIAN_POINT('',(85.013722710908,146.16734093518,
    104.28124987474));
#8903 = CARTESIAN_POINT('',(86.023291437159,147.68439938421,
    104.23958320924));
#8904 = CARTESIAN_POINT('',(87.31559950352,148.97670944633,
    104.19791654381));
#8905 = CARTESIAN_POINT('',(88.832657078851,149.98627958668,
    104.15624987714));
#8906 = CARTESIAN_POINT('',(90.503754888469,150.67276376644,
    104.11458320959));
#8907 = CARTESIAN_POINT('',(94.000000172139,151.35924724116,
    104.0312498755));
#8908 = CARTESIAN_POINT('',(97.496245112808,150.67275975254,
    103.9479165431));
#8909 = CARTESIAN_POINT('',(99.167343859214,149.98627405584,
    103.90624987752));
#8910 = CARTESIAN_POINT('',(100.68439680986,148.97671371704,
    103.86458321006));
#8911 = CARTESIAN_POINT('',(101.97671130716,147.68440115063,
    103.82291654369));
#8912 = CARTESIAN_POINT('',(102.98627857023,146.16735259524,
    103.78124986403));
#8913 = CARTESIAN_POINT('',(103.67276028604,144.49623266593,
    103.73958320563));
#8914 = CARTESIAN_POINT('',(104.01600400932,142.74812268356,
    103.69791656889));
#8915 = CARTESIAN_POINT('',(104.01600564746,141.00000000328,
    103.65624986228));
#8916 = ADVANCED_FACE('',(#8917),#9011,.F.);
#8917 = FACE_BOUND('',#8918,.T.);
#8918 = EDGE_LOOP('',(#8919,#8920,#8921,#9005));
#8919 = ORIENTED_EDGE('',*,*,#8763,.F.);
#8920 = ORIENTED_EDGE('',*,*,#8122,.T.);
#8921 = ORIENTED_EDGE('',*,*,#8922,.T.);
#8922 = EDGE_CURVE('',#8039,#8923,#8925,.T.);
#8923 = VERTEX_POINT('',#8924);
#8924 = CARTESIAN_POINT('',(103.266,140.99999990952,102.77677789417));
#8925 = B_SPLINE_CURVE_WITH_KNOTS('',8,(#8926,#8927,#8928,#8929,#8930,
    #8931,#8932,#8933,#8934,#8935,#8936,#8937,#8938,#8939,#8940,#8941,
    #8942,#8943,#8944,#8945,#8946,#8947,#8948,#8949,#8950,#8951,#8952,
    #8953,#8954,#8955,#8956,#8957,#8958,#8959,#8960,#8961,#8962,#8963,
    #8964,#8965,#8966,#8967,#8968,#8969,#8970,#8971,#8972,#8973,#8974,
    #8975,#8976,#8977,#8978,#8979,#8980,#8981,#8982,#8983,#8984,#8985,
    #8986,#8987,#8988,#8989,#8990,#8991,#8992,#8993,#8994,#8995,#8996,
    #8997,#8998,#8999,#9000,#9001,#9002,#9003,#9004),.UNSPECIFIED.,.F.,
  .F.,(9,7,7,7,7,7,7,7,7,7,7,9),(0.,2.05835674596E-02,0.12204614622,
    0.214955053455,0.317923542393,0.428326951086,0.577383553372,
    0.685331732235,0.789879398263,0.81834664167,0.977121887606,1.),
  .UNSPECIFIED.);
#8926 = CARTESIAN_POINT('',(103.266,140.9999998492,104.2767753621));
#8927 = CARTESIAN_POINT('',(103.26599999756,140.85023867421,
    104.27291720246));
#8928 = CARTESIAN_POINT('',(103.26323370172,140.70047745177,
    104.26905897437));
#8929 = CARTESIAN_POINT('',(103.25770111376,140.55077588012,
    104.26520068592));
#8930 = CARTESIAN_POINT('',(103.24940377494,140.40119356853,
    104.26134234514));
#8931 = CARTESIAN_POINT('',(103.23834476647,140.25179003734,
    104.25748396001));
#8932 = CARTESIAN_POINT('',(103.22452870954,140.10262471796,
    104.25362553847));
#8933 = CARTESIAN_POINT('',(103.20796176533,139.95375695284,
    104.24976708841));
#8934 = CARTESIAN_POINT('',(103.09346620964,139.07319093585,
    104.22688905784));
#8935 = CARTESIAN_POINT('',(102.93159922791,138.34959877449,
    104.20786375231));
#8936 = CARTESIAN_POINT('',(102.70395166791,137.64186759614,
    104.18884102123));
#8937 = CARTESIAN_POINT('',(102.41242600737,136.95695066097,
    104.16982155002));
#8938 = CARTESIAN_POINT('',(102.05973210053,136.30143144269,
    104.15080225753));
#8939 = CARTESIAN_POINT('',(101.64931772467,135.68153876189,
    104.13178003117));
#8940 = CARTESIAN_POINT('',(101.18542379639,135.10310201464,
    104.11275532901));
#8941 = CARTESIAN_POINT('',(100.20428166638,134.08461150912,
    104.07631939808));
#8942 = CARTESIAN_POINT('',(99.69461687741,133.63678259909,
    104.05889966451));
#8943 = CARTESIAN_POINT('',(99.148186055635,133.23207723477,
    104.04148128149));
#8944 = CARTESIAN_POINT('',(98.569289727495,132.87396835034,
    104.02406468712));
#8945 = CARTESIAN_POINT('',(97.962543766671,132.56538731495,
    104.00664810728));
#8946 = CARTESIAN_POINT('',(97.332850913489,132.3087551574,
    103.98922975374));
#8947 = CARTESIAN_POINT('',(96.685412827868,132.10594204622,
    103.97181003734));
#8948 = CARTESIAN_POINT('',(95.294731993641,131.79436657138,
    103.93509183559));
#8949 = CARTESIAN_POINT('',(94.548330876938,131.69808137474,
    103.91578446475));
#8950 = CARTESIAN_POINT('',(93.794175583229,131.67106878793,
    103.89647968028));
#8951 = CARTESIAN_POINT('',(93.039778196532,131.71393331355,
    103.87717806113));
#8952 = CARTESIAN_POINT('',(92.292571945861,131.82634147926,
    103.85787643953));
#8953 = CARTESIAN_POINT('',(91.559901013534,132.00709870153,
    103.83857162234));
#8954 = CARTESIAN_POINT('',(90.848994833304,132.25407613777,
    103.8192641623));
#8955 = CARTESIAN_POINT('',(89.435609676595,132.89627630902,
    103.77926648213));
#8956 = CARTESIAN_POINT('',(88.736929563704,133.30114890174,
    103.75856263771));
#8957 = CARTESIAN_POINT('',(88.079741689442,133.77470025162,
    103.73786295482));
#8958 = CARTESIAN_POINT('',(87.471821664459,134.31182538469,
    103.71716671064));
#8959 = CARTESIAN_POINT('',(86.920137228557,134.90656436239,
    103.6964704513));
#8960 = CARTESIAN_POINT('',(86.430815234676,135.55209572507,
    103.67577081573));
#8961 = CARTESIAN_POINT('',(86.009147380542,136.24076990382,
    103.65506702657));
#8962 = CARTESIAN_POINT('',(85.186855266725,137.94003652796,
    103.60642991645));
#8963 = CARTESIAN_POINT('',(84.84443116901,138.98068621808,
    103.57845282251));
#8964 = CARTESIAN_POINT('',(84.643394654054,140.06366870084,
    103.55049695325));
#8965 = CARTESIAN_POINT('',(84.588814503934,141.16651707607,
    103.52255283509));
#8966 = CARTESIAN_POINT('',(84.682374849272,142.26674434835,
    103.49460933217));
#8967 = CARTESIAN_POINT('',(84.921597069431,143.3419370592,
    103.46665295729));
#8968 = CARTESIAN_POINT('',(85.300620867012,144.36982183633,
    103.43867564872));
#8969 = CARTESIAN_POINT('',(86.174166308605,146.02314086764,
    103.39049878277));
#8970 = CARTESIAN_POINT('',(86.608477438716,146.68227671776,
    103.37025624114));
#8971 = CARTESIAN_POINT('',(87.106053412939,147.29809836983,
    103.3500175054));
#8972 = CARTESIAN_POINT('',(87.661740454741,147.86359808557,
    103.32978200057));
#8973 = CARTESIAN_POINT('',(88.269606840353,148.37259362722,
    103.30954649996));
#8974 = CARTESIAN_POINT('',(88.923018550909,148.81966328458,
    103.28930778292));
#8975 = CARTESIAN_POINT('',(89.614580523171,149.20022640948,
    103.26906527438));
#8976 = CARTESIAN_POINT('',(91.034640738447,149.81158384316,
    103.22923181054));
#8977 = CARTESIAN_POINT('',(91.761746139015,150.04691532304,
    103.20962760309));
#8978 = CARTESIAN_POINT('',(92.509813733259,150.21349364417,
    103.19002638033));
#8979 = CARTESIAN_POINT('',(93.271219875555,150.30925923762,
    103.17042781209));
#8980 = CARTESIAN_POINT('',(94.03825289963,150.33314828249,
    103.15082925826));
#8981 = CARTESIAN_POINT('',(94.803129568994,150.28501159283,
    103.13122803775));
#8982 = CARTESIAN_POINT('',(95.557998659923,150.16569722362,
    103.11162376769));
#8983 = CARTESIAN_POINT('',(96.495630056496,149.92600054157,
    103.08668944681));
#8984 = CARTESIAN_POINT('',(96.694987600318,149.86957535869,
    103.08135312356));
#8985 = CARTESIAN_POINT('',(96.892881746254,149.80806300745,
    103.07601680902));
#8986 = CARTESIAN_POINT('',(97.089161038129,149.74150802966,
    103.07068050489));
#8987 = CARTESIAN_POINT('',(97.283675916188,149.66996028354,
    103.06534421214));
#8988 = CARTESIAN_POINT('',(97.476278717097,149.59347494373,
    103.06000793093));
#8989 = CARTESIAN_POINT('',(97.66682367394,149.51211250126,
    103.0546716607));
#8990 = CARTESIAN_POINT('',(98.905646029544,148.94530717614,
    103.01957255731));
#8991 = CARTESIAN_POINT('',(99.889382149443,148.3142039328,
    102.98976083537));
#8992 = CARTESIAN_POINT('',(100.77827381905,147.54445223182,
    102.95997885465));
#8993 = CARTESIAN_POINT('',(101.55064297232,146.65357622392,
    102.93021226634));
#8994 = CARTESIAN_POINT('',(102.18803855466,145.66163846852,
    102.90044411034));
#8995 = CARTESIAN_POINT('',(102.67640445133,144.59199190711,
    102.87066054878));
#8996 = CARTESIAN_POINT('',(103.00502851831,143.47037080157,
    102.8408476901));
#8997 = CARTESIAN_POINT('',(103.19431655286,142.16232812645,
    102.80679662448));
#8998 = CARTESIAN_POINT('',(103.21477403313,141.99709872098,
    102.80250812977));
#8999 = CARTESIAN_POINT('',(103.23183759804,141.83146094285,
    102.79821966184));
#9000 = CARTESIAN_POINT('',(103.24549785181,141.66549614735,
    102.79393122379));
#9001 = CARTESIAN_POINT('',(103.25574774611,141.49928586414,
    102.78964282063));
#9002 = CARTESIAN_POINT('',(103.26258258,141.33291179722,102.78535445925
    ));
#9003 = CARTESIAN_POINT('',(103.266,141.16645582494,102.78106614843));
#9004 = CARTESIAN_POINT('',(103.266,141.,102.77677789883));
#9005 = ORIENTED_EDGE('',*,*,#9006,.F.);
#9006 = EDGE_CURVE('',#8764,#8923,#9007,.T.);
#9007 = LINE('',#9008,#9009);
#9008 = CARTESIAN_POINT('',(103.266,141.,110.5));
#9009 = VECTOR('',#9010,1.);
#9010 = DIRECTION('',(-7.E-17,0.,-1.));
#9011 = CYLINDRICAL_SURFACE('',#9012,9.266);
#9012 = AXIS2_PLACEMENT_3D('',#9013,#9014,#9015);
#9013 = CARTESIAN_POINT('',(94.,141.,110.5));
#9014 = DIRECTION('',(-0.,-0.,-1.));
#9015 = DIRECTION('',(1.,0.,0.));
#9016 = ADVANCED_FACE('',(#9017),#9052,.F.);
#9017 = FACE_BOUND('',#9018,.F.);
#9018 = EDGE_LOOP('',(#9019,#9045,#9046,#9047));
#9019 = ORIENTED_EDGE('',*,*,#9020,.F.);
#9020 = EDGE_CURVE('',#8137,#9021,#9023,.T.);
#9021 = VERTEX_POINT('',#9022);
#9022 = CARTESIAN_POINT('',(104.01600871322,141.00000000394,
    102.34374983472));
#9023 = B_SPLINE_CURVE_WITH_KNOTS('',11,(#9024,#9025,#9026,#9027,#9028,
    #9029,#9030,#9031,#9032,#9033,#9034,#9035,#9036,#9037,#9038,#9039,
    #9040,#9041,#9042,#9043,#9044),.UNSPECIFIED.,.F.,.F.,(12,9,12),(0.,
    3.229876839926,6.459753679852),.UNSPECIFIED.);
#9024 = CARTESIAN_POINT('',(104.01600726102,141.00000000328,
    103.84374986227));
#9025 = CARTESIAN_POINT('',(104.01601070721,138.13943478788,
    103.77556797873));
#9026 = CARTESIAN_POINT('',(103.11732644862,135.27890089311,
    103.7073862781));
#9027 = CARTESIAN_POINT('',(101.3200068461,132.73191786099,
    103.63920438602));
#9028 = CARTESIAN_POINT('',(98.747135398038,130.81260443397,
    103.5710225015));
#9029 = CARTESIAN_POINT('',(95.645233266204,129.77881732067,
    103.50284085457));
#9030 = CARTESIAN_POINT('',(92.354777907413,129.77883201602,
    103.43465888369));
#9031 = CARTESIAN_POINT('',(89.252842125114,130.81251962911,
    103.36647713419));
#9032 = CARTESIAN_POINT('',(86.680010568703,132.73200214974,
    103.29829530074));
#9033 = CARTESIAN_POINT('',(84.882665063006,135.27887257791,
    103.23011348673));
#9034 = CARTESIAN_POINT('',(83.085319329334,140.99999999186,
    103.0937498485));
#9035 = CARTESIAN_POINT('',(84.88266487345,146.72112746536,
    102.95738621026));
#9036 = CARTESIAN_POINT('',(86.68000943551,149.26799788411,
    102.88920439624));
#9037 = CARTESIAN_POINT('',(89.252847918007,151.1874812544,
    102.82102256287));
#9038 = CARTESIAN_POINT('',(92.354765960836,152.22116253573,
    102.75284081315));
#9039 = CARTESIAN_POINT('',(95.645247378199,152.2211942718,
    102.68465884264));
#9040 = CARTESIAN_POINT('',(98.747126870777,151.18738237651,
    102.6164771953));
#9041 = CARTESIAN_POINT('',(101.32000555497,149.26809034557,
    102.54829531109));
#9042 = CARTESIAN_POINT('',(103.1173335305,146.72109694874,
    102.48011341886));
#9043 = CARTESIAN_POINT('',(104.01600526684,143.86056521934,
    102.41193171827));
#9044 = CARTESIAN_POINT('',(104.01600871322,141.00000000394,
    102.34374983472));
#9045 = ORIENTED_EDGE('',*,*,#8165,.T.);
#9046 = ORIENTED_EDGE('',*,*,#8922,.T.);
#9047 = ORIENTED_EDGE('',*,*,#9048,.F.);
#9048 = EDGE_CURVE('',#9021,#8923,#9049,.T.);
#9049 = B_SPLINE_CURVE_WITH_KNOTS('',1,(#9050,#9051),.UNSPECIFIED.,.F.,
  .F.,(2,2),(0.,1.3105),.PIECEWISE_BEZIER_KNOTS.);
#9050 = CARTESIAN_POINT('',(104.01600871322,141.00000000394,
    102.34374983472));
#9051 = CARTESIAN_POINT('',(102.88108918825,140.99999972415,
    102.99901155483));
#9052 = B_SPLINE_SURFACE_WITH_KNOTS('',1,9,(
    (#9053,#9054,#9055,#9056,#9057,#9058,#9059,#9060,#9061,#9062,#9063
      ,#9064,#9065,#9066,#9067,#9068,#9069,#9070,#9071,#9072,#9073,#9074
      ,#9075,#9076,#9077,#9078,#9079,#9080,#9081,#9082,#9083)
    ,(#9084,#9085,#9086,#9087,#9088,#9089,#9090,#9091,#9092,#9093,#9094
      ,#9095,#9096,#9097,#9098,#9099,#9100,#9101,#9102,#9103,#9104,#9105
      ,#9106,#9107,#9108,#9109,#9110,#9111,#9112,#9113,#9114
  )),.UNSPECIFIED.,.F.,.F.,.F.,(2,2),(10,7,7,7,10),(0.,1.3105),(0.,
    1.614938419963,3.229876839926,4.844815259889,6.459753679852),
  .UNSPECIFIED.);
#9053 = CARTESIAN_POINT('',(104.01600726102,141.00000000328,
    103.84374986227));
#9054 = CARTESIAN_POINT('',(104.01600936702,139.25187681609,
    103.80208315566));
#9055 = CARTESIAN_POINT('',(103.6727626969,137.50376559164,
    103.76041651892));
#9056 = CARTESIAN_POINT('',(102.98627993455,135.83264673192,
    103.71874986055));
#9057 = CARTESIAN_POINT('',(101.97671418649,134.3155972048,
    103.67708318084));
#9058 = CARTESIAN_POINT('',(100.68439861081,133.02328371411,
    103.6354165145));
#9059 = CARTESIAN_POINT('',(99.16734543018,132.01372325753,
    103.59374984703));
#9060 = CARTESIAN_POINT('',(97.496246131673,131.32723740945,
    103.55208318146));
#9061 = CARTESIAN_POINT('',(94.000000175865,130.64074980609,
    103.46874984905));
#9062 = CARTESIAN_POINT('',(90.503753879676,131.32723340891,
    103.38541651497));
#9063 = CARTESIAN_POINT('',(88.83265556819,132.01371769657,
    103.34374984742));
#9064 = CARTESIAN_POINT('',(87.315597494583,133.02328816472,
    103.30208318074));
#9065 = CARTESIAN_POINT('',(86.023289116817,134.31559869839,
    103.26041651531));
#9066 = CARTESIAN_POINT('',(85.013720224734,135.83265761897,
    103.21874984981));
#9067 = CARTESIAN_POINT('',(84.327235297462,137.50375546349,
    103.17708318298));
#9068 = CARTESIAN_POINT('',(83.64074905802,141.00000000106,
    103.0937498485));
#9069 = CARTESIAN_POINT('',(84.327235181622,144.49624456138,
    103.01041651402));
#9070 = CARTESIAN_POINT('',(85.013720090228,146.1673424403,
    102.96874984719));
#9071 = CARTESIAN_POINT('',(86.023289125116,147.68440132528,
    102.92708318168));
#9072 = CARTESIAN_POINT('',(87.315597574156,148.97671175001,
    102.88541651626));
#9073 = CARTESIAN_POINT('',(88.832655582117,149.98628217871,
    102.84374984958));
#9074 = CARTESIAN_POINT('',(90.503753874169,150.6727665689,
    102.80208318203));
#9075 = CARTESIAN_POINT('',(94.000000171846,151.3592502515,
    102.71874984795));
#9076 = CARTESIAN_POINT('',(97.496246126166,150.67276255321,
    102.63541651554));
#9077 = CARTESIAN_POINT('',(99.167345348698,149.98627665146,
    102.59374984996));
#9078 = CARTESIAN_POINT('',(100.68439876548,148.97671599802,
    102.55208318251));
#9079 = CARTESIAN_POINT('',(101.97671354955,147.68440312555,
    102.51041651613));
#9080 = CARTESIAN_POINT('',(102.98628133131,146.16735419668,
    102.46874983647));
#9081 = CARTESIAN_POINT('',(103.67276314023,144.49623358853,
    102.42708317807));
#9082 = CARTESIAN_POINT('',(104.0160066071,142.74812319113,
    102.38541654134));
#9083 = CARTESIAN_POINT('',(104.01600871322,141.00000000394,
    102.34374983472));
#9084 = CARTESIAN_POINT('',(102.88108660826,140.99999977012,
    104.49900962904));
#9085 = CARTESIAN_POINT('',(102.88109030866,139.44995852523,
    104.45734575442));
#9086 = CARTESIAN_POINT('',(102.57673585209,137.89992780013,
    104.41567699596));
#9087 = CARTESIAN_POINT('',(101.96803821663,136.4181549523,
    104.37400975046));
#9088 = CARTESIAN_POINT('',(101.07286365947,135.07301474354,
    104.3323439935));
#9089 = CARTESIAN_POINT('',(99.926989271319,133.92713057922,
    104.29067730533));
#9090 = CARTESIAN_POINT('',(98.581830980883,133.03196420954,
    104.24901069425));
#9091 = CARTESIAN_POINT('',(97.100084312217,132.42326414446,
    104.20734395144));
#9092 = CARTESIAN_POINT('',(93.99999872311,131.81456293917,
    104.12401055342));
#9093 = CARTESIAN_POINT('',(90.899914973626,132.42326078483,
    104.04067727252));
#9094 = CARTESIAN_POINT('',(89.418170936043,133.03195895706,
    103.99901066761));
#9095 = CARTESIAN_POINT('',(88.073011873065,133.92713362978,
    103.95734400177));
#9096 = CARTESIAN_POINT('',(86.927135231517,135.07301190007,
    103.91567724837));
#9097 = CARTESIAN_POINT('',(86.031960920115,136.41817292583,
    103.87401050037));
#9098 = CARTESIAN_POINT('',(85.423262223681,137.89991766547,
    103.83234384533));
#9099 = CARTESIAN_POINT('',(84.814562264007,141.00000027006,
    103.74901059193));
#9100 = CARTESIAN_POINT('',(85.423262198896,144.10008287952,
    103.66567733853));
#9101 = CARTESIAN_POINT('',(86.031960948686,145.58182764475,
    103.62401068349));
#9102 = CARTESIAN_POINT('',(86.927135592345,146.92698855498,
    103.58234393549));
#9103 = CARTESIAN_POINT('',(88.073012427422,148.07286656483,
    103.5406771821));
#9104 = CARTESIAN_POINT('',(89.418171426049,148.9680410889,
    103.49901051625));
#9105 = CARTESIAN_POINT('',(90.899915464647,149.57673935678,
    103.45734391135));
#9106 = CARTESIAN_POINT('',(93.999999252316,150.18543716316,
    103.37401063044));
#9107 = CARTESIAN_POINT('',(97.100084803238,149.57673560819,
    103.29067723243));
#9108 = CARTESIAN_POINT('',(98.581831301384,148.96803536125,
    103.24901048961));
#9109 = CARTESIAN_POINT('',(99.926989959097,148.07286856328,
    103.20734387856));
#9110 = CARTESIAN_POINT('',(101.07286287396,146.92698543039,
    103.16567719032));
#9111 = CARTESIAN_POINT('',(101.96804096566,145.58184623219,
    103.12401143344));
#9112 = CARTESIAN_POINT('',(102.57673682073,144.10007024256,
    103.08234418789));
#9113 = CARTESIAN_POINT('',(102.88108549587,142.55004096904,
    103.04067542945));
#9114 = CARTESIAN_POINT('',(102.88108918825,140.99999972415,
    102.99901155483));
#9115 = ADVANCED_FACE('',(#9116),#9161,.F.);
#9116 = FACE_BOUND('',#9117,.F.);
#9117 = EDGE_LOOP('',(#9118,#9119,#9126,#9160));
#9118 = ORIENTED_EDGE('',*,*,#8345,.F.);
#9119 = ORIENTED_EDGE('',*,*,#9120,.T.);
#9120 = EDGE_CURVE('',#8346,#9121,#9123,.T.);
#9121 = VERTEX_POINT('',#9122);
#9122 = CARTESIAN_POINT('',(104.01600790644,141.0000000046,
    100.65624980718));
#9123 = B_SPLINE_CURVE_WITH_KNOTS('',1,(#9124,#9125),.UNSPECIFIED.,.F.,
  .F.,(2,2),(0.,1.3105),.PIECEWISE_BEZIER_KNOTS.);
#9124 = CARTESIAN_POINT('',(102.88107372047,140.99999967817,
    100.00101348073));
#9125 = CARTESIAN_POINT('',(104.01600790644,141.0000000046,
    100.65624980718));
#9126 = ORIENTED_EDGE('',*,*,#9127,.T.);
#9127 = EDGE_CURVE('',#9121,#8238,#9128,.T.);
#9128 = B_SPLINE_CURVE_WITH_KNOTS('',9,(#9129,#9130,#9131,#9132,#9133,
    #9134,#9135,#9136,#9137,#9138,#9139,#9140,#9141,#9142,#9143,#9144,
    #9145,#9146,#9147,#9148,#9149,#9150,#9151,#9152,#9153,#9154,#9155,
    #9156,#9157,#9158,#9159),.UNSPECIFIED.,.F.,.F.,(10,7,7,7,10),(0.,
    1.614938419963,3.229876839926,4.844815259889,6.459753679852),
  .UNSPECIFIED.);
#9129 = CARTESIAN_POINT('',(104.01600790644,141.0000000046,
    100.65624980718));
#9130 = CARTESIAN_POINT('',(104.0160095448,139.25187673292,
    100.61458310057));
#9131 = CARTESIAN_POINT('',(103.67276321437,137.50376551581,
    100.57291646383));
#9132 = CARTESIAN_POINT('',(102.98628052514,135.83264638091,
    100.53124980545));
#9133 = CARTESIAN_POINT('',(101.97671450265,134.31559684673,
    100.48958312575));
#9134 = CARTESIAN_POINT('',(100.68439895273,133.023283362,
    100.44791645941));
#9135 = CARTESIAN_POINT('',(99.167345672762,132.01372283443,
    100.40624979194));
#9136 = CARTESIAN_POINT('',(97.496246302078,131.32723694686,
    100.36458312636));
#9137 = CARTESIAN_POINT('',(94.00000017761,130.64074929903,
    100.28124979396));
#9138 = CARTESIAN_POINT('',(90.503753712139,131.32723294316,
    100.19791645987));
#9139 = CARTESIAN_POINT('',(88.832655321903,132.01371727503,
    100.15624979232));
#9140 = CARTESIAN_POINT('',(87.315597182058,133.02328778727,
    100.11458312564));
#9141 = CARTESIAN_POINT('',(86.023288733644,134.31559837102,
    100.07291646022));
#9142 = CARTESIAN_POINT('',(85.01371977658,135.83265736075,
    100.03124979471));
#9143 = CARTESIAN_POINT('',(84.327234817851,137.50375528971,
    99.989583127887));
#9144 = CARTESIAN_POINT('',(83.640748557363,140.99999999863,
    99.906249793409));
#9145 = CARTESIAN_POINT('',(84.327234726274,144.49624472554,
    99.822916458933));
#9146 = CARTESIAN_POINT('',(85.013719669778,146.16734268155,
    99.7812497921));
#9147 = CARTESIAN_POINT('',(86.02328873727,147.68440164402,
    99.739583126596));
#9148 = CARTESIAN_POINT('',(87.315597240573,148.97671214358,
    99.697916461172));
#9149 = CARTESIAN_POINT('',(88.832655328934,149.98628262577,
    99.656249794492));
#9150 = CARTESIAN_POINT('',(90.503753703764,150.67276703811,
    99.614583126942));
#9151 = CARTESIAN_POINT('',(94.000000170102,151.35925074576,
    99.531249792859));
#9152 = CARTESIAN_POINT('',(97.496246293703,150.67276302558,
    99.447916460451));
#9153 = CARTESIAN_POINT('',(99.167345605586,149.98627709697,
    99.406249794872));
#9154 = CARTESIAN_POINT('',(100.68439906966,148.97671641693,
    99.364583127417));
#9155 = CARTESIAN_POINT('',(101.97671400442,147.68440341359,
    99.322916461044));
#9156 = CARTESIAN_POINT('',(102.98628160933,146.16735434513,
    99.281249781379));
#9157 = CARTESIAN_POINT('',(103.67276355771,144.49623385064,
    99.239583122981));
#9158 = CARTESIAN_POINT('',(104.01600739746,142.74812327693,
    99.197916486248));
#9159 = CARTESIAN_POINT('',(104.01600903593,141.00000000526,
    99.156249779633));
#9160 = ORIENTED_EDGE('',*,*,#8237,.F.);
#9161 = B_SPLINE_SURFACE_WITH_KNOTS('',1,9,(
    (#9162,#9163,#9164,#9165,#9166,#9167,#9168,#9169,#9170,#9171,#9172
      ,#9173,#9174,#9175,#9176,#9177,#9178,#9179,#9180,#9181,#9182,#9183
      ,#9184,#9185,#9186,#9187,#9188,#9189,#9190,#9191,#9192)
    ,(#9193,#9194,#9195,#9196,#9197,#9198,#9199,#9200,#9201,#9202,#9203
      ,#9204,#9205,#9206,#9207,#9208,#9209,#9210,#9211,#9212,#9213,#9214
      ,#9215,#9216,#9217,#9218,#9219,#9220,#9221,#9222,#9223
  )),.UNSPECIFIED.,.F.,.F.,.F.,(2,2),(10,7,7,7,10),(0.,1.3105),(0.,
    1.614938419963,3.229876839926,4.844815259889,6.459753679852),
  .UNSPECIFIED.);
#9162 = CARTESIAN_POINT('',(102.88107372047,140.99999967817,
    100.00101348073));
#9163 = CARTESIAN_POINT('',(102.88107366682,139.44996090763,
    99.959349606155));
#9164 = CARTESIAN_POINT('',(102.5767225247,137.89993339397,
    99.917680847675));
#9165 = CARTESIAN_POINT('',(101.968026693,136.41816136515,
    99.876013602141));
#9166 = CARTESIAN_POINT('',(101.07285174648,135.07302384348,
    99.834347845237));
#9167 = CARTESIAN_POINT('',(99.926979879287,133.92714206813,
    99.792681157027));
#9168 = CARTESIAN_POINT('',(98.581823517832,133.0319769656,
    99.751014545962));
#9169 = CARTESIAN_POINT('',(97.100079276056,132.42327783882,
    99.709347803146));
#9170 = CARTESIAN_POINT('',(93.999998631065,131.81457755079,
    99.626014405132));
#9171 = CARTESIAN_POINT('',(90.899919834809,132.42327452546,
    99.542681124228));
#9172 = CARTESIAN_POINT('',(89.418178185669,133.03197183131,
    99.501014519325));
#9173 = CARTESIAN_POINT('',(88.073021336868,133.92714505297,
    99.459347853477));
#9174 = CARTESIAN_POINT('',(86.927146472249,135.07302140843,
    99.417681100085));
#9175 = CARTESIAN_POINT('',(86.031973475995,136.41818026393,
    99.376014352083));
#9176 = CARTESIAN_POINT('',(85.423275782073,137.89992267467,
    99.334347697041));
#9177 = CARTESIAN_POINT('',(84.814576926757,141.00000035663,
    99.251014443643));
#9178 = CARTESIAN_POINT('',(85.423276022663,144.10007799136,
    99.167681190246));
#9179 = CARTESIAN_POINT('',(86.031973831623,145.58182035487,
    99.126014535202));
#9180 = CARTESIAN_POINT('',(86.927146932502,146.92697914081,
    99.084347787201));
#9181 = CARTESIAN_POINT('',(88.073021886188,148.07285540716,
    99.042681033809));
#9182 = CARTESIAN_POINT('',(89.418178804422,148.96802852432,
    99.001014367961));
#9183 = CARTESIAN_POINT('',(90.899920500806,149.57672571524,
    98.959347763058));
#9184 = CARTESIAN_POINT('',(93.999999344331,150.18542244927,
    98.876014482154));
#9185 = CARTESIAN_POINT('',(97.100079942052,149.5767219204,
    98.792681084139));
#9186 = CARTESIAN_POINT('',(98.58182413647,148.96802267849,
    98.751014341325));
#9187 = CARTESIAN_POINT('',(99.9269804287,148.07285747127,
    98.709347730257));
#9188 = CARTESIAN_POINT('',(101.07285220595,146.92697560768,
    98.667681042051));
#9189 = CARTESIAN_POINT('',(101.96802705047,145.58183801722,
    98.626015285143));
#9190 = CARTESIAN_POINT('',(102.57672276596,144.10006593903,
    98.584348039612));
#9191 = CARTESIAN_POINT('',(102.88107378387,142.55003840274,
    98.542679281132));
#9192 = CARTESIAN_POINT('',(102.88107372221,140.99999963219,
    98.501015406551));
#9193 = CARTESIAN_POINT('',(104.01600790644,141.0000000046,
    100.65624980718));
#9194 = CARTESIAN_POINT('',(104.0160095448,139.25187673292,
    100.61458310057));
#9195 = CARTESIAN_POINT('',(103.67276321437,137.50376551581,
    100.57291646383));
#9196 = CARTESIAN_POINT('',(102.98628052514,135.83264638091,
    100.53124980545));
#9197 = CARTESIAN_POINT('',(101.97671450265,134.31559684673,
    100.48958312575));
#9198 = CARTESIAN_POINT('',(100.68439895273,133.023283362,
    100.44791645941));
#9199 = CARTESIAN_POINT('',(99.167345672762,132.01372283443,
    100.40624979194));
#9200 = CARTESIAN_POINT('',(97.496246302078,131.32723694686,
    100.36458312636));
#9201 = CARTESIAN_POINT('',(94.00000017761,130.64074929903,
    100.28124979396));
#9202 = CARTESIAN_POINT('',(90.503753712139,131.32723294316,
    100.19791645987));
#9203 = CARTESIAN_POINT('',(88.832655321903,132.01371727503,
    100.15624979232));
#9204 = CARTESIAN_POINT('',(87.315597182058,133.02328778727,
    100.11458312564));
#9205 = CARTESIAN_POINT('',(86.023288733644,134.31559837102,
    100.07291646022));
#9206 = CARTESIAN_POINT('',(85.01371977658,135.83265736075,
    100.03124979471));
#9207 = CARTESIAN_POINT('',(84.327234817851,137.50375528971,
    99.989583127887));
#9208 = CARTESIAN_POINT('',(83.640748557363,140.99999999863,
    99.906249793409));
#9209 = CARTESIAN_POINT('',(84.327234726274,144.49624472554,
    99.822916458933));
#9210 = CARTESIAN_POINT('',(85.013719669778,146.16734268155,
    99.7812497921));
#9211 = CARTESIAN_POINT('',(86.02328873727,147.68440164402,
    99.739583126596));
#9212 = CARTESIAN_POINT('',(87.315597240573,148.97671214358,
    99.697916461172));
#9213 = CARTESIAN_POINT('',(88.832655328934,149.98628262577,
    99.656249794492));
#9214 = CARTESIAN_POINT('',(90.503753703764,150.67276703811,
    99.614583126942));
#9215 = CARTESIAN_POINT('',(94.000000170102,151.35925074576,
    99.531249792859));
#9216 = CARTESIAN_POINT('',(97.496246293703,150.67276302558,
    99.447916460451));
#9217 = CARTESIAN_POINT('',(99.167345605586,149.98627709697,
    99.406249794872));
#9218 = CARTESIAN_POINT('',(100.68439906966,148.97671641693,
    99.364583127417));
#9219 = CARTESIAN_POINT('',(101.97671400442,147.68440341359,
    99.322916461044));
#9220 = CARTESIAN_POINT('',(102.98628160933,146.16735434513,
    99.281249781379));
#9221 = CARTESIAN_POINT('',(103.67276355771,144.49623385064,
    99.239583122981));
#9222 = CARTESIAN_POINT('',(104.01600739746,142.74812327693,
    99.197916486248));
#9223 = CARTESIAN_POINT('',(104.01600903593,141.00000000526,
    99.156249779633));
#9224 = ADVANCED_FACE('',(#9225),#9395,.F.);
#9225 = FACE_BOUND('',#9226,.T.);
#9226 = EDGE_LOOP('',(#9227,#9311,#9319,#9394));
#9227 = ORIENTED_EDGE('',*,*,#9228,.F.);
#9228 = EDGE_CURVE('',#9229,#8346,#9231,.T.);
#9229 = VERTEX_POINT('',#9230);
#9230 = CARTESIAN_POINT('',(103.266,140.99999990952,101.72324354698));
#9231 = B_SPLINE_CURVE_WITH_KNOTS('',8,(#9232,#9233,#9234,#9235,#9236,
    #9237,#9238,#9239,#9240,#9241,#9242,#9243,#9244,#9245,#9246,#9247,
    #9248,#9249,#9250,#9251,#9252,#9253,#9254,#9255,#9256,#9257,#9258,
    #9259,#9260,#9261,#9262,#9263,#9264,#9265,#9266,#9267,#9268,#9269,
    #9270,#9271,#9272,#9273,#9274,#9275,#9276,#9277,#9278,#9279,#9280,
    #9281,#9282,#9283,#9284,#9285,#9286,#9287,#9288,#9289,#9290,#9291,
    #9292,#9293,#9294,#9295,#9296,#9297,#9298,#9299,#9300,#9301,#9302,
    #9303,#9304,#9305,#9306,#9307,#9308,#9309,#9310),.UNSPECIFIED.,.F.,
  .F.,(9,7,7,7,7,7,7,7,7,7,7,9),(0.,4.769729747303E-02,0.121352299744,
    0.213338616414,0.317785863323,0.442817505471,0.57284579586,
    0.685163725166,0.788650097019,0.881732176187,0.958420932063,1.),
  .UNSPECIFIED.);
#9232 = CARTESIAN_POINT('',(103.266,140.99999978888,101.72324354621));
#9233 = CARTESIAN_POINT('',(103.266,140.65292661297,101.71430175855));
#9234 = CARTESIAN_POINT('',(103.25114263439,140.305848636,
    101.70535976146));
#9235 = CARTESIAN_POINT('',(103.2214271965,139.95951489566,
    101.69641778579));
#9236 = CARTESIAN_POINT('',(103.1768990861,139.61466780472,
    101.68747584465));
#9237 = CARTESIAN_POINT('',(103.11764744472,139.27204334399,
    101.67853385427));
#9238 = CARTESIAN_POINT('',(103.04380435334,138.93237101991,
    101.66959173815));
#9239 = CARTESIAN_POINT('',(102.95554559249,138.59637358684,
    101.66064951456));
#9240 = CARTESIAN_POINT('',(102.69488382222,137.75269311443,
    101.63789874675));
#9241 = CARTESIAN_POINT('',(102.50281202387,137.25103793088,
    101.62408894671));
#9242 = CARTESIAN_POINT('',(102.27769362663,136.762473808,
    101.61027953029));
#9243 = CARTESIAN_POINT('',(102.02058913278,136.2895351738,
    101.59647068119));
#9244 = CARTESIAN_POINT('',(101.73277531394,135.83463202373,
    101.58266187278));
#9245 = CARTESIAN_POINT('',(101.41573506694,135.40005329523,
    101.56885255496));
#9246 = CARTESIAN_POINT('',(101.0711653015,134.98795965292,
    101.5550428586));
#9247 = CARTESIAN_POINT('',(100.23871410119,134.1163070267,
    101.52398909644));
#9248 = CARTESIAN_POINT('',(99.736375675048,133.67032205633,
    101.50674082002));
#9249 = CARTESIAN_POINT('',(99.197770305222,133.26642111821,
    101.48949409169));
#9250 = CARTESIAN_POINT('',(98.627053177159,132.90799908169,
    101.47224919959));
#9251 = CARTESIAN_POINT('',(98.028686348075,132.59793209604,
    101.45500428455));
#9252 = CARTESIAN_POINT('',(97.407411726503,132.33860689365,
    101.43775749993));
#9253 = CARTESIAN_POINT('',(96.768262621299,132.13188264073,
    101.42050916381));
#9254 = CARTESIAN_POINT('',(95.376689472188,131.80537579053,
    101.38368251306));
#9255 = CARTESIAN_POINT('',(94.620260949954,131.70107345102,
    101.3640948681));
#9256 = CARTESIAN_POINT('',(93.855245091586,131.66801028168,
    101.34451028761));
#9257 = CARTESIAN_POINT('',(93.089488231547,131.7068779773,
    101.32492833378));
#9258 = CARTESIAN_POINT('',(92.330749499755,131.81737572721,
    101.30534637719));
#9259 = CARTESIAN_POINT('',(91.586698775639,131.99829260621,
    101.28576182124));
#9260 = CARTESIAN_POINT('',(90.864898825606,132.24742730551,
    101.26617426528));
#9261 = CARTESIAN_POINT('',(89.344173409057,132.9371357986,
    101.22315242088));
#9262 = CARTESIAN_POINT('',(88.557246841047,133.40613992565,
    101.19969718653));
#9263 = CARTESIAN_POINT('',(87.825049073,133.962672968,101.17625024497)
  );
#9264 = CARTESIAN_POINT('',(87.158712903281,134.59901466916,
    101.15280927309));
#9265 = CARTESIAN_POINT('',(86.56803880398,135.30614884324,
    101.12936830941));
#9266 = CARTESIAN_POINT('',(86.061371916267,136.07369734982,
    101.10592121439));
#9267 = CARTESIAN_POINT('',(85.645675877866,136.89004051648,
    101.08246579226));
#9268 = CARTESIAN_POINT('',(84.993052146142,138.62747641059,
    101.03464796633));
#9269 = CARTESIAN_POINT('',(84.763464289116,139.552698051,
    101.01025251461));
#9270 = CARTESIAN_POINT('',(84.642934764747,140.5023991877,
    100.98586722387));
#9271 = CARTESIAN_POINT('',(84.634033553443,141.46154853827,
    100.96148913491));
#9272 = CARTESIAN_POINT('',(84.737195137259,142.41517548035,
    100.93711079435));
#9273 = CARTESIAN_POINT('',(84.9505152325,143.34842474616,
    100.91272574254));
#9274 = CARTESIAN_POINT('',(85.269958445611,144.24659050535,
    100.88833047978));
#9275 = CARTESIAN_POINT('',(86.049356736116,145.82845617358,
    100.84289631009));
#9276 = CARTESIAN_POINT('',(86.484629785461,146.52548116627,
    100.82183054875));
#9277 = CARTESIAN_POINT('',(86.989549592335,147.17718621681,
    100.80076933922));
#9278 = CARTESIAN_POINT('',(87.558457065531,147.77556971075,
    100.77971178761));
#9279 = CARTESIAN_POINT('',(88.184813598293,148.31352517257,
    100.75865425403));
#9280 = CARTESIAN_POINT('',(88.861191301792,148.78488134476,
    100.73759300608));
#9281 = CARTESIAN_POINT('',(89.579313688366,149.18439050932,
    100.7165271854));
#9282 = CARTESIAN_POINT('',(91.021191235255,149.80638969831,
    100.67606902458));
#9283 = CARTESIAN_POINT('',(91.74053650671,150.04053194112,
    100.65666207389));
#9284 = CARTESIAN_POINT('',(92.480547345763,150.20734420029,
    100.63725826238));
#9285 = CARTESIAN_POINT('',(93.233833723482,150.30481116528,
    100.6178571921));
#9286 = CARTESIAN_POINT('',(93.99291721033,150.33187404444,
    100.59845611228));
#9287 = CARTESIAN_POINT('',(94.750246976316,150.28835414614,
    100.57905230331));
#9288 = CARTESIAN_POINT('',(95.498202984414,150.17503073129,
    100.55964540576));
#9289 = CARTESIAN_POINT('',(96.886542021762,149.83093360476,
    100.5227934797));
#9290 = CARTESIAN_POINT('',(97.530487269686,149.61303758758,
    100.50533929306));
#9291 = CARTESIAN_POINT('',(98.155392581818,149.34152737538,
    100.48788648289));
#9292 = CARTESIAN_POINT('',(98.756069466552,149.01840327733,
    100.47043547005));
#9293 = CARTESIAN_POINT('',(99.32764339686,148.64621364482,
    100.45298445235));
#9294 = CARTESIAN_POINT('',(99.86554085225,148.22801412339,
    100.43553163515));
#9295 = CARTESIAN_POINT('',(100.36551873779,147.76739870025,
    100.41807745695));
#9296 = CARTESIAN_POINT('',(101.20125380654,146.85765280543,
    100.38624951657));
#9297 = CARTESIAN_POINT('',(101.55052162837,146.4206818769,
    100.37187101646));
#9298 = CARTESIAN_POINT('',(101.86939295742,145.96000913,100.35749318891
    ));
#9299 = CARTESIAN_POINT('',(102.15601000149,145.47811908768,
    100.34311614987));
#9300 = CARTESIAN_POINT('',(102.40877033292,144.977639754,
    100.32873910718));
#9301 = CARTESIAN_POINT('',(102.62631663138,144.4613337162,
    100.31436124844));
#9302 = CARTESIAN_POINT('',(102.80754970086,143.93210202237,
    100.29998266179));
#9303 = CARTESIAN_POINT('',(103.02980098593,143.10071124639,
    100.27781017383));
#9304 = CARTESIAN_POINT('',(103.09703042704,142.80550358934,
    100.27001497296));
#9305 = CARTESIAN_POINT('',(103.15322544881,142.50785602868,
    100.26221977894));
#9306 = CARTESIAN_POINT('',(103.19828387309,142.20825031004,
    100.25442461894));
#9307 = CARTESIAN_POINT('',(103.23212899625,141.90717164715,
    100.24662949098));
#9308 = CARTESIAN_POINT('',(103.2547096063,141.60510860934,
    100.23883439945));
#9309 = CARTESIAN_POINT('',(103.266,141.30255300898,100.23103939068));
#9310 = CARTESIAN_POINT('',(103.266,140.99999978888,100.22324458846));
#9311 = ORIENTED_EDGE('',*,*,#9312,.T.);
#9312 = EDGE_CURVE('',#9229,#9313,#9315,.T.);
#9313 = VERTEX_POINT('',#9314);
#9314 = CARTESIAN_POINT('',(103.266,140.99999989444,101.27678042624));
#9315 = LINE('',#9316,#9317);
#9316 = CARTESIAN_POINT('',(103.266,141.,110.5));
#9317 = VECTOR('',#9318,1.);
#9318 = DIRECTION('',(-7.E-17,0.,-1.));
#9319 = ORIENTED_EDGE('',*,*,#9320,.T.);
#9320 = EDGE_CURVE('',#9313,#8423,#9321,.T.);
#9321 = B_SPLINE_CURVE_WITH_KNOTS('',8,(#9322,#9323,#9324,#9325,#9326,
    #9327,#9328,#9329,#9330,#9331,#9332,#9333,#9334,#9335,#9336,#9337,
    #9338,#9339,#9340,#9341,#9342,#9343,#9344,#9345,#9346,#9347,#9348,
    #9349,#9350,#9351,#9352,#9353,#9354,#9355,#9356,#9357,#9358,#9359,
    #9360,#9361,#9362,#9363,#9364,#9365,#9366,#9367,#9368,#9369,#9370,
    #9371,#9372,#9373,#9374,#9375,#9376,#9377,#9378,#9379,#9380,#9381,
    #9382,#9383,#9384,#9385,#9386,#9387,#9388,#9389,#9390,#9391,#9392,
    #9393),.UNSPECIFIED.,.F.,.F.,(9,7,7,7,7,7,7,7,7,7,9),(0.,
    0.121760487437,0.214357273594,0.318536269758,0.44498492238,
    0.574033830145,0.686255258949,0.783924982224,0.882201718927,
    0.960402326769,1.),.UNSPECIFIED.);
#9322 = CARTESIAN_POINT('',(103.266,140.99999978888,101.27678042624));
#9323 = CARTESIAN_POINT('',(103.266,140.11402063249,101.25395574707));
#9324 = CARTESIAN_POINT('',(103.16918400425,139.22753420563,
    101.2311156249));
#9325 = CARTESIAN_POINT('',(102.97535900306,138.35367124137,
    101.20828186325));
#9326 = CARTESIAN_POINT('',(102.68669600198,137.50474565265,
    101.18545479902));
#9327 = CARTESIAN_POINT('',(102.30694423493,136.69247122259,
    101.16262791385));
#9328 = CARTESIAN_POINT('',(101.8415122558,135.92789406922,
    101.13979577896));
#9329 = CARTESIAN_POINT('',(101.29736273113,135.22140033801,
    101.11695627092));
#9330 = CARTESIAN_POINT('',(100.21707267761,134.09632454745,
    101.07677032641));
#9331 = CARTESIAN_POINT('',(99.709936629871,133.64900725223,
    101.05940761039));
#9332 = CARTESIAN_POINT('',(99.166192456275,133.244458633,
    101.04204622298));
#9333 = CARTESIAN_POINT('',(98.590091201164,132.88612637177,
    101.02468659377));
#9334 = CARTESIAN_POINT('',(97.986196549025,132.5769243266,
    101.00732697709));
#9335 = CARTESIAN_POINT('',(97.35935684656,132.31926311469,
    100.98996561601));
#9336 = CARTESIAN_POINT('',(96.714716931593,132.1150103933,
    100.97260291696));
#9337 = CARTESIAN_POINT('',(95.318650207704,131.79703528937,
    100.93571301582));
#9338 = CARTESIAN_POINT('',(94.563563431354,131.69774407001,
    100.91617655416));
#9339 = CARTESIAN_POINT('',(93.800375499358,131.66937200799,
    100.89664325897));
#9340 = CARTESIAN_POINT('',(93.03687550077,131.71255793072,
    100.87711280185));
#9341 = CARTESIAN_POINT('',(92.280760645811,131.8269588212,
    100.8575823425));
#9342 = CARTESIAN_POINT('',(91.539634692324,132.01133092861,
    100.83804901495));
#9343 = CARTESIAN_POINT('',(90.820989831966,132.2634507926,
    100.81851246514));
#9344 = CARTESIAN_POINT('',(89.296044069843,132.96394828736,
    100.77527625998));
#9345 = CARTESIAN_POINT('',(88.502974508188,133.44315629371,
    100.75155477794));
#9346 = CARTESIAN_POINT('',(87.766465806241,134.01155324118,
    100.72784190658));
#9347 = CARTESIAN_POINT('',(87.097975334042,134.66106653867,
    100.70413527187));
#9348 = CARTESIAN_POINT('',(86.507561634654,135.38228676807,
    100.68042863608));
#9349 = CARTESIAN_POINT('',(86.003746065159,136.1643926089,
    100.65671596036));
#9350 = CARTESIAN_POINT('',(85.593599264255,136.99528357194,
    100.63299466189));
#9351 = CARTESIAN_POINT('',(84.963793094238,138.74445877065,
    100.58509620894));
#9352 = CARTESIAN_POINT('',(84.747778276524,139.66542758276,
    100.56088583938));
#9353 = CARTESIAN_POINT('',(84.639451407623,140.60914431218,
    100.53668510666));
#9354 = CARTESIAN_POINT('',(84.641150234023,141.56088943205,
    100.51249113401));
#9355 = CARTESIAN_POINT('',(84.75313425806,142.50602498499,
    100.48829729028));
#9356 = CARTESIAN_POINT('',(84.973397567575,143.43004882695,
    100.46409636095));
#9357 = CARTESIAN_POINT('',(85.297861138306,144.31862597114,
    100.43988580193));
#9358 = CARTESIAN_POINT('',(86.085617746148,145.88754460488,
    100.39465440461));
#9359 = CARTESIAN_POINT('',(86.525672932008,146.58069137263,
    100.37360739396));
#9360 = CARTESIAN_POINT('',(87.03491305,147.22808422276,100.35256509701)
  );
#9361 = CARTESIAN_POINT('',(87.607635498875,147.82178457383,
    100.33152660584));
#9362 = CARTESIAN_POINT('',(88.237267529816,148.35475238526,
    100.31048809326));
#9363 = CARTESIAN_POINT('',(88.916357010557,148.82088589741,
    100.28944583812));
#9364 = CARTESIAN_POINT('',(89.636612659584,149.21500990479,
    100.2683988548));
#9365 = CARTESIAN_POINT('',(91.043093910089,149.81025147825,
    100.22905016083));
#9366 = CARTESIAN_POINT('',(91.722015306381,150.02993520277,
    100.21073546764));
#9367 = CARTESIAN_POINT('',(92.419287649235,150.18968782941,
    100.19242253396));
#9368 = CARTESIAN_POINT('',(93.128712941636,150.28780471507,
    100.17411190159));
#9369 = CARTESIAN_POINT('',(93.844008933234,150.32334063634,
    100.1558012728));
#9370 = CARTESIAN_POINT('',(94.558827194452,150.2960559416,
    100.13748831443));
#9371 = CARTESIAN_POINT('',(95.266760857085,150.206472809,
    100.11917352369));
#9372 = CARTESIAN_POINT('',(96.660239979888,149.90467548813,
    100.08243898971));
#9373 = CARTESIAN_POINT('',(97.345958762147,149.69162899774,
    100.06401053436));
#9374 = CARTESIAN_POINT('',(98.011884862908,149.41828311769,
    100.04558420476));
#9375 = CARTESIAN_POINT('',(98.651857513246,149.08686003837,
    100.02716045605));
#9376 = CARTESIAN_POINT('',(99.260094609102,148.70026728917,
    100.00873674448));
#9377 = CARTESIAN_POINT('',(99.831175809041,148.26204132994,
    99.990310503814));
#9378 = CARTESIAN_POINT('',(100.3600828012,147.77639060712,
    99.971882137216));
#9379 = CARTESIAN_POINT('',(101.22600324365,146.82815695693,
    99.938797619018));
#9380 = CARTESIAN_POINT('',(101.580258576,146.38100469167,
    99.924135669019));
#9381 = CARTESIAN_POINT('',(101.90279127279,145.90934903129,
    99.909474234349));
#9382 = CARTESIAN_POINT('',(102.19164473782,145.41583482737,
    99.8948134935));
#9383 = CARTESIAN_POINT('',(102.44513943739,144.90325993716,
    99.88015270569));
#9384 = CARTESIAN_POINT('',(102.66186131707,144.37456529963,
    99.865491159208));
#9385 = CARTESIAN_POINT('',(102.84067644008,143.83283918055,
    99.85082910608));
#9386 = CARTESIAN_POINT('',(103.05171058214,143.00207613212,
    99.828745228698));
#9387 = CARTESIAN_POINT('',(103.11272551396,142.72029379835,
    99.82132177367));
#9388 = CARTESIAN_POINT('',(103.16371157646,142.43640270533,
    99.813898401689));
#9389 = CARTESIAN_POINT('',(103.20458467653,142.15081975095,
    99.806475125448));
#9390 = CARTESIAN_POINT('',(103.23528170059,141.86396452682,
    99.799051926126));
#9391 = CARTESIAN_POINT('',(103.25576052057,141.57625923404,
    99.791628792928));
#9392 = CARTESIAN_POINT('',(103.266,141.28812859895,99.784205762627));
#9393 = CARTESIAN_POINT('',(103.266,140.99999978888,99.776782959101));
#9394 = ORIENTED_EDGE('',*,*,#8422,.F.);
#9395 = CYLINDRICAL_SURFACE('',#9396,9.266);
#9396 = AXIS2_PLACEMENT_3D('',#9397,#9398,#9399);
#9397 = CARTESIAN_POINT('',(94.,141.,110.5));
#9398 = DIRECTION('',(-0.,-0.,-1.));
#9399 = DIRECTION('',(1.,0.,0.));
#9400 = ADVANCED_FACE('',(#9401),#9436,.F.);
#9401 = FACE_BOUND('',#9402,.F.);
#9402 = EDGE_LOOP('',(#9403,#9404,#9411,#9435));
#9403 = ORIENTED_EDGE('',*,*,#9127,.F.);
#9404 = ORIENTED_EDGE('',*,*,#9405,.T.);
#9405 = EDGE_CURVE('',#9121,#9406,#9408,.T.);
#9406 = VERTEX_POINT('',#9407);
#9407 = CARTESIAN_POINT('',(104.01601016543,141.0000000046,
    100.84374980717));
#9408 = B_SPLINE_CURVE_WITH_KNOTS('',1,(#9409,#9410),.UNSPECIFIED.,.F.,
  .F.,(2,2),(0.,0.1875),.PIECEWISE_BEZIER_KNOTS.);
#9409 = CARTESIAN_POINT('',(104.01600790644,141.0000000046,
    100.65624980718));
#9410 = CARTESIAN_POINT('',(104.01601016543,141.0000000046,
    100.84374980717));
#9411 = ORIENTED_EDGE('',*,*,#9412,.T.);
#9412 = EDGE_CURVE('',#9406,#8523,#9413,.T.);
#9413 = B_SPLINE_CURVE_WITH_KNOTS('',11,(#9414,#9415,#9416,#9417,#9418,
    #9419,#9420,#9421,#9422,#9423,#9424,#9425,#9426,#9427,#9428,#9429,
    #9430,#9431,#9432,#9433,#9434),.UNSPECIFIED.,.F.,.F.,(12,9,12),(0.,
    3.229876839926,6.459753679852),.UNSPECIFIED.);
#9414 = CARTESIAN_POINT('',(104.01601016543,141.0000000046,
    100.84374980717));
#9415 = CARTESIAN_POINT('',(104.01601361199,138.13943395969,
    100.77556792361));
#9416 = CARTESIAN_POINT('',(103.11732909318,135.27889923532,
    100.707386223));
#9417 = CARTESIAN_POINT('',(101.32000896985,132.73191546449,
    100.63920433091));
#9418 = CARTESIAN_POINT('',(98.747136775873,130.81260148027,
    100.57102244638));
#9419 = CARTESIAN_POINT('',(95.645233744786,129.77881406728,
    100.50284079948));
#9420 = CARTESIAN_POINT('',(92.354777431845,129.77882876172,
    100.43465882857));
#9421 = CARTESIAN_POINT('',(89.252840749849,130.81251667445,
    100.36647707908));
#9422 = CARTESIAN_POINT('',(86.680008447172,132.73199975124,
    100.29829524563));
#9423 = CARTESIAN_POINT('',(84.882662419943,135.27887091772,
    100.23011343162));
#9424 = CARTESIAN_POINT('',(83.085316164331,140.99999999043,
    100.09374979339));
#9425 = CARTESIAN_POINT('',(84.882662228884,146.72112912316,
    99.957386155159));
#9426 = CARTESIAN_POINT('',(86.680007311807,149.2680002807,
    99.889204341137));
#9427 = CARTESIAN_POINT('',(89.252846540071,151.18748420781,
    99.82102250777));
#9428 = CARTESIAN_POINT('',(92.354765482311,152.22116578962,
    99.752840758051));
#9429 = CARTESIAN_POINT('',(95.645247853846,152.22119752561,
    99.68465878752));
#9430 = CARTESIAN_POINT('',(98.747128245929,151.18738533147,
    99.616477140208));
#9431 = CARTESIAN_POINT('',(101.32000767654,149.26809274399,
    99.548295255985));
#9432 = CARTESIAN_POINT('',(103.11733617356,146.72109860893,
    99.480113363743));
#9433 = CARTESIAN_POINT('',(104.01600817088,143.86056605016,
    99.411931663177));
#9434 = CARTESIAN_POINT('',(104.01601161763,141.00000000526,
    99.343749779615));
#9435 = ORIENTED_EDGE('',*,*,#8522,.F.);
#9436 = B_SPLINE_SURFACE_WITH_KNOTS('',1,11,(
    (#9437,#9438,#9439,#9440,#9441,#9442,#9443,#9444,#9445,#9446,#9447
      ,#9448,#9449,#9450,#9451,#9452,#9453,#9454,#9455,#9456,#9457)
    ,(#9458,#9459,#9460,#9461,#9462,#9463,#9464,#9465,#9466,#9467,#9468
      ,#9469,#9470,#9471,#9472,#9473,#9474,#9475,#9476,#9477,#9478
  )),.UNSPECIFIED.,.F.,.F.,.F.,(2,2),(12,9,12),(0.,0.1875),(0.,
    3.229876839926,6.459753679852),.UNSPECIFIED.);
#9437 = CARTESIAN_POINT('',(104.01600790644,141.0000000046,
    100.65624980718));
#9438 = CARTESIAN_POINT('',(104.0160105874,138.13943465094,
    100.58806792363));
#9439 = CARTESIAN_POINT('',(103.11732767734,135.27890085834,
    100.51988622301));
#9440 = CARTESIAN_POINT('',(101.32000705817,132.73191655111,
    100.45170433091));
#9441 = CARTESIAN_POINT('',(98.747134682133,130.8126054081,
    100.38352244643));
#9442 = CARTESIAN_POINT('',(95.645234916099,129.77881549068,
    100.31534079946));
#9443 = CARTESIAN_POINT('',(92.354776502879,129.7788320787,
    100.24715882861));
#9444 = CARTESIAN_POINT('',(89.252842541493,130.81251903759,
    100.17897707909));
#9445 = CARTESIAN_POINT('',(86.680010090771,132.73200174485,
    100.11079524565));
#9446 = CARTESIAN_POINT('',(84.882664602519,135.27887229467,
    100.04261343164));
#9447 = CARTESIAN_POINT('',(83.085318801834,140.99999999136,
    99.906249793409));
#9448 = CARTESIAN_POINT('',(84.882664452666,146.72112773512,
    99.769886155176));
#9449 = CARTESIAN_POINT('',(86.680009205901,149.2679982784,
    99.701704341151));
#9450 = CARTESIAN_POINT('',(89.25284704277,151.18748164756,
    99.633522507787));
#9451 = CARTESIAN_POINT('',(92.354767206342,152.2211636831,
    99.565340758065));
#9452 = CARTESIAN_POINT('',(95.645245887357,152.22119352635,
    99.497158787538));
#9453 = CARTESIAN_POINT('',(98.747128045503,151.18738433541,
    99.428977140225));
#9454 = CARTESIAN_POINT('',(101.32000605046,149.26808983485,
    99.360795255993));
#9455 = CARTESIAN_POINT('',(103.11733318305,146.72109746696,
    99.29261336377));
#9456 = CARTESIAN_POINT('',(104.01600635479,143.86056535891,
    99.224431663185));
#9457 = CARTESIAN_POINT('',(104.01600903593,141.00000000526,
    99.156249779633));
#9458 = CARTESIAN_POINT('',(104.01601016543,141.0000000046,
    100.84374980717));
#9459 = CARTESIAN_POINT('',(104.01601361199,138.13943395969,
    100.77556792361));
#9460 = CARTESIAN_POINT('',(103.11732909318,135.27889923532,
    100.707386223));
#9461 = CARTESIAN_POINT('',(101.32000896985,132.73191546449,
    100.63920433091));
#9462 = CARTESIAN_POINT('',(98.747136775873,130.81260148027,
    100.57102244638));
#9463 = CARTESIAN_POINT('',(95.645233744786,129.77881406728,
    100.50284079948));
#9464 = CARTESIAN_POINT('',(92.354777431845,129.77882876172,
    100.43465882857));
#9465 = CARTESIAN_POINT('',(89.252840749849,130.81251667445,
    100.36647707908));
#9466 = CARTESIAN_POINT('',(86.680008447172,132.73199975124,
    100.29829524563));
#9467 = CARTESIAN_POINT('',(84.882662419943,135.27887091772,
    100.23011343162));
#9468 = CARTESIAN_POINT('',(83.085316164331,140.99999999043,
    100.09374979339));
#9469 = CARTESIAN_POINT('',(84.882662228884,146.72112912316,
    99.957386155159));
#9470 = CARTESIAN_POINT('',(86.680007311807,149.2680002807,
    99.889204341137));
#9471 = CARTESIAN_POINT('',(89.252846540071,151.18748420781,
    99.82102250777));
#9472 = CARTESIAN_POINT('',(92.354765482311,152.22116578962,
    99.752840758051));
#9473 = CARTESIAN_POINT('',(95.645247853846,152.22119752561,
    99.68465878752));
#9474 = CARTESIAN_POINT('',(98.747128245929,151.18738533147,
    99.616477140208));
#9475 = CARTESIAN_POINT('',(101.32000767654,149.26809274399,
    99.548295255985));
#9476 = CARTESIAN_POINT('',(103.11733617356,146.72109860893,
    99.480113363743));
#9477 = CARTESIAN_POINT('',(104.01600817088,143.86056605016,
    99.411931663177));
#9478 = CARTESIAN_POINT('',(104.01601161763,141.00000000526,
    99.343749779615));
#9479 = ADVANCED_FACE('',(#9480),#9490,.F.);
#9480 = FACE_BOUND('',#9481,.F.);
#9481 = EDGE_LOOP('',(#9482,#9483,#9488,#9489));
#9482 = ORIENTED_EDGE('',*,*,#9412,.F.);
#9483 = ORIENTED_EDGE('',*,*,#9484,.T.);
#9484 = EDGE_CURVE('',#9406,#9313,#9485,.T.);
#9485 = B_SPLINE_CURVE_WITH_KNOTS('',1,(#9486,#9487),.UNSPECIFIED.,.F.,
  .F.,(2,2),(0.,1.3105),.PIECEWISE_BEZIER_KNOTS.);
#9486 = CARTESIAN_POINT('',(104.01601016543,141.0000000046,
    100.84374980717));
#9487 = CARTESIAN_POINT('',(102.88109176825,140.99999967817,
    101.49901348062));
#9488 = ORIENTED_EDGE('',*,*,#9320,.T.);
#9489 = ORIENTED_EDGE('',*,*,#8601,.F.);
#9490 = B_SPLINE_SURFACE_WITH_KNOTS('',1,9,(
    (#9491,#9492,#9493,#9494,#9495,#9496,#9497,#9498,#9499,#9500,#9501
      ,#9502,#9503,#9504,#9505,#9506,#9507,#9508,#9509,#9510,#9511,#9512
      ,#9513,#9514,#9515,#9516,#9517,#9518,#9519,#9520,#9521)
    ,(#9522,#9523,#9524,#9525,#9526,#9527,#9528,#9529,#9530,#9531,#9532
      ,#9533,#9534,#9535,#9536,#9537,#9538,#9539,#9540,#9541,#9542,#9543
      ,#9544,#9545,#9546,#9547,#9548,#9549,#9550,#9551,#9552
  )),.UNSPECIFIED.,.F.,.F.,.F.,(2,2),(10,7,7,7,10),(0.,1.3105),(0.,
    1.614938419963,3.229876839926,4.844815259889,6.459753679852),
  .UNSPECIFIED.);
#9491 = CARTESIAN_POINT('',(104.01601016543,141.0000000046,
    100.84374980717));
#9492 = CARTESIAN_POINT('',(104.01601227166,139.25187631049,
    100.80208310055));
#9493 = CARTESIAN_POINT('',(103.67276550223,137.50376457908,
    100.76041646381));
#9494 = CARTESIAN_POINT('',(102.98628254104,135.83264523471,
    100.71874980544));
#9495 = CARTESIAN_POINT('',(101.97671650044,134.31559526752,
    100.67708312573));
#9496 = CARTESIAN_POINT('',(100.68440055016,133.02328140193,
    100.63541645939));
#9497 = CARTESIAN_POINT('',(99.167346929767,132.0137206524,
    100.59374979192));
#9498 = CARTESIAN_POINT('',(97.496247146772,131.32723460503,
    100.55208312635));
#9499 = CARTESIAN_POINT('',(94.000000177229,130.64074680215,
    100.46874979394));
#9500 = CARTESIAN_POINT('',(90.503752867117,131.32723060358,
    100.38541645986));
#9501 = CARTESIAN_POINT('',(88.832654070959,132.01371509008,
    100.34374979231));
#9502 = CARTESIAN_POINT('',(87.315595557308,133.02328585079,
    100.30208312563));
#9503 = CARTESIAN_POINT('',(86.023286804634,134.31559675902,
    100.2604164602));
#9504 = CARTESIAN_POINT('',(85.013717619601,135.83265611938,
    100.2187497947));
#9505 = CARTESIAN_POINT('',(84.327232493045,137.50375444839,
    100.17708312787));
#9506 = CARTESIAN_POINT('',(83.640746054079,140.9999999997,
    100.09374979339));
#9507 = CARTESIAN_POINT('',(84.327232376287,144.49624557394,
    100.01041645891));
#9508 = CARTESIAN_POINT('',(85.013717483738,146.16734393753,
    99.968749792084));
#9509 = CARTESIAN_POINT('',(86.023286811178,147.68440326255,
    99.927083126581));
#9510 = CARTESIAN_POINT('',(87.315595634785,148.97671406219,
    99.885416461156));
#9511 = CARTESIAN_POINT('',(88.832654082527,149.98628478384,
    99.843749794477));
#9512 = CARTESIAN_POINT('',(90.503752859071,150.67276937332,
    99.802083126926));
#9513 = CARTESIAN_POINT('',(94.000000170489,151.35925325544,
    99.718749792843));
#9514 = CARTESIAN_POINT('',(97.496247138725,150.67276535855,
    99.635416460435));
#9515 = CARTESIAN_POINT('',(99.167346845926,149.98627925795,
    99.593749794856));
#9516 = CARTESIAN_POINT('',(100.68440070274,148.97671831196,
    99.552083127403));
#9517 = CARTESIAN_POINT('',(101.97671586174,147.68440506493,
    99.510416461025));
#9518 = CARTESIAN_POINT('',(102.98628393645,146.16735569625,
    99.468749781364));
#9519 = CARTESIAN_POINT('',(103.67276594465,144.49623460363,
    99.427083122964));
#9520 = CARTESIAN_POINT('',(104.01600951128,142.74812369936,
    99.385416486236));
#9521 = CARTESIAN_POINT('',(104.01601161763,141.00000000526,
    99.343749779615));
#9522 = CARTESIAN_POINT('',(102.88109176825,140.99999967817,
    101.49901348062));
#9523 = CARTESIAN_POINT('',(102.88109545261,139.44995753268,
    101.457349606));
#9524 = CARTESIAN_POINT('',(102.57674080315,137.89992591014,
    101.41568084754));
#9525 = CARTESIAN_POINT('',(101.9680427987,136.41815220775,
    101.37401360205));
#9526 = CARTESIAN_POINT('',(101.07286770753,135.07301122666,
    101.33234784508));
#9527 = CARTESIAN_POINT('',(99.926992641706,133.92712640845,
    101.29068115691));
#9528 = CARTESIAN_POINT('',(98.581833560468,133.03195953259,
    101.24901454583));
#9529 = CARTESIAN_POINT('',(97.100086024595,132.4232591292,
    101.20734780302));
#9530 = CARTESIAN_POINT('',(93.999998628015,131.81455760235,
    101.124014405));
#9531 = CARTESIAN_POINT('',(90.899913083652,132.42325583376,
    101.0406811241));
#9532 = CARTESIAN_POINT('',(89.418168191457,133.03195437499,
    100.99901451919));
#9533 = CARTESIAN_POINT('',(88.073008356196,133.92712958175,
    100.95734785335));
#9534 = CARTESIAN_POINT('',(86.92713106075,135.07300852967,
    100.91568109996));
#9535 = CARTESIAN_POINT('',(86.031956243172,136.41817034624,
    100.87401435196));
#9536 = CARTESIAN_POINT('',(85.42325720842,137.89991595309,
    100.83234769691));
#9537 = CARTESIAN_POINT('',(84.814556927181,141.00000036517,
    100.74901444351));
#9538 = CARTESIAN_POINT('',(85.423257247827,144.1000847695,
    100.66568119011));
#9539 = CARTESIAN_POINT('',(86.031956366618,145.58183038934,
    100.62401453507));
#9540 = CARTESIAN_POINT('',(86.927131544308,146.92699207184,
    100.58234778707));
#9541 = CARTESIAN_POINT('',(88.07300905701,148.07287073559,
    100.54068103368));
#9542 = CARTESIAN_POINT('',(89.418168846457,148.96804576585,
    100.49901436783));
#9543 = CARTESIAN_POINT('',(90.89991375227,149.57674437204,
    100.45734776293));
#9544 = CARTESIAN_POINT('',(93.999999347422,150.18544249998,
    100.37401448202));
#9545 = CARTESIAN_POINT('',(97.100086693213,149.57674055926,
    100.29068108401));
#9546 = CARTESIAN_POINT('',(98.581834045963,148.96803994332,
    100.24901434119));
#9547 = CARTESIAN_POINT('',(99.926993475942,148.07287261132,
    100.20734773014));
#9548 = CARTESIAN_POINT('',(101.07286704474,146.92698880082,
    100.1656810419));
#9549 = CARTESIAN_POINT('',(101.9680456426,145.58184881175,
    100.12401528502));
#9550 = CARTESIAN_POINT('',(102.57674183599,144.10007195495,
    100.08234803947));
#9551 = CARTESIAN_POINT('',(102.88109067191,142.55004177768,
    100.04067928104));
#9552 = CARTESIAN_POINT('',(102.88109434825,140.9999996322,
    99.999015406409));
#9553 = ADVANCED_FACE('',(#9554),#9599,.F.);
#9554 = FACE_BOUND('',#9555,.F.);
#9555 = EDGE_LOOP('',(#9556,#9592,#9593,#9594));
#9556 = ORIENTED_EDGE('',*,*,#9557,.F.);
#9557 = EDGE_CURVE('',#8675,#9558,#9560,.T.);
#9558 = VERTEX_POINT('',#9559);
#9559 = CARTESIAN_POINT('',(104.01600677695,141.00000000394,
    102.15624983473));
#9560 = B_SPLINE_CURVE_WITH_KNOTS('',9,(#9561,#9562,#9563,#9564,#9565,
    #9566,#9567,#9568,#9569,#9570,#9571,#9572,#9573,#9574,#9575,#9576,
    #9577,#9578,#9579,#9580,#9581,#9582,#9583,#9584,#9585,#9586,#9587,
    #9588,#9589,#9590,#9591),.UNSPECIFIED.,.F.,.F.,(10,7,7,7,10),(0.,
    1.614938419963,3.229876839926,4.844815259889,6.459753679852),
  .UNSPECIFIED.);
#9561 = CARTESIAN_POINT('',(104.01600564746,141.00000000328,
    103.65624986228));
#9562 = CARTESIAN_POINT('',(104.01600728559,139.25187712587,
    103.61458315567));
#9563 = CARTESIAN_POINT('',(103.67276103235,137.50376630308,
    103.57291651893));
#9564 = CARTESIAN_POINT('',(102.98627849772,135.83264754514,
    103.53124986055));
#9565 = CARTESIAN_POINT('',(101.97671270272,134.31559835327,
    103.48958318085));
#9566 = CARTESIAN_POINT('',(100.68439744411,133.02328516017,
    103.44791651451));
#9567 = CARTESIAN_POINT('',(99.167344506154,132.0137248605,
    103.40624984704));
#9568 = CARTESIAN_POINT('',(97.496245512274,131.32723912797,
    103.36458318147));
#9569 = CARTESIAN_POINT('',(94.000000176248,130.64075163543,
    103.28124984906));
#9570 = CARTESIAN_POINT('',(90.503754499402,131.32723512519,
    103.19791651497));
#9571 = CARTESIAN_POINT('',(88.832656486154,132.01371930245,
    103.15624984742));
#9572 = CARTESIAN_POINT('',(87.315598688596,133.0232895872,
    103.11458318075));
#9573 = CARTESIAN_POINT('',(86.023290531812,134.31559987964,
    103.07291651532));
#9574 = CARTESIAN_POINT('',(85.013721802644,135.83265852736,
    103.03124984982));
#9575 = CARTESIAN_POINT('',(84.327236998962,137.50375607951,
    102.98958318298));
#9576 = CARTESIAN_POINT('',(83.640750893762,140.99999999999,
    102.90624984851));
#9577 = CARTESIAN_POINT('',(84.327236908303,144.49624393828,
    102.82291651403));
#9578 = CARTESIAN_POINT('',(85.013721697199,146.1673415173,
    102.7812498472));
#9579 = CARTESIAN_POINT('',(86.023290537194,147.68440013748,
    102.73958318169));
#9580 = CARTESIAN_POINT('',(87.315598749206,148.97671034541,
    102.69791651627));
#9581 = CARTESIAN_POINT('',(88.832656495544,149.98628059971,
    102.65624984959));
#9582 = CARTESIAN_POINT('',(90.503754493567,150.67276485699,
    102.61458318204));
#9583 = CARTESIAN_POINT('',(94.000000171459,151.35924840936,
    102.53124984796));
#9584 = CARTESIAN_POINT('',(97.49624550644,150.67276084355,
    102.44791651555));
#9585 = CARTESIAN_POINT('',(99.167344441338,149.98627506955,
    102.40624984997));
#9586 = CARTESIAN_POINT('',(100.68439756313,148.976714617,
    102.36458318251));
#9587 = CARTESIAN_POINT('',(101.97671220625,147.68440190495,
    102.32291651614));
#9588 = CARTESIAN_POINT('',(102.98627958326,146.16735317854,
    102.28124983648));
#9589 = CARTESIAN_POINT('',(103.6727613766,144.49623306083,
    102.23958317808));
#9590 = CARTESIAN_POINT('',(104.0160051387,142.74812288135,
    102.19791654134));
#9591 = CARTESIAN_POINT('',(104.01600677695,141.00000000394,
    102.15624983473));
#9592 = ORIENTED_EDGE('',*,*,#8712,.T.);
#9593 = ORIENTED_EDGE('',*,*,#9020,.T.);
#9594 = ORIENTED_EDGE('',*,*,#9595,.F.);
#9595 = EDGE_CURVE('',#9558,#9021,#9596,.T.);
#9596 = B_SPLINE_CURVE_WITH_KNOTS('',1,(#9597,#9598),.UNSPECIFIED.,.F.,
  .F.,(2,2),(0.,0.1875),.PIECEWISE_BEZIER_KNOTS.);
#9597 = CARTESIAN_POINT('',(104.01600677695,141.00000000394,
    102.15624983473));
#9598 = CARTESIAN_POINT('',(104.01600871322,141.00000000394,
    102.34374983472));
#9599 = B_SPLINE_SURFACE_WITH_KNOTS('',1,11,(
    (#9600,#9601,#9602,#9603,#9604,#9605,#9606,#9607,#9608,#9609,#9610
      ,#9611,#9612,#9613,#9614,#9615,#9616,#9617,#9618,#9619,#9620)
    ,(#9621,#9622,#9623,#9624,#9625,#9626,#9627,#9628,#9629,#9630,#9631
      ,#9632,#9633,#9634,#9635,#9636,#9637,#9638,#9639,#9640,#9641
  )),.UNSPECIFIED.,.F.,.F.,.F.,(2,2),(12,9,12),(0.,0.1875),(0.,
    3.229876839926,6.459753679852),.UNSPECIFIED.);
#9600 = CARTESIAN_POINT('',(104.01600564746,141.00000000328,
    103.65624986228));
#9601 = CARTESIAN_POINT('',(104.01600832804,138.1394352948,
    103.58806797874));
#9602 = CARTESIAN_POINT('',(103.11732562029,135.27890214747,
    103.51988627811));
#9603 = CARTESIAN_POINT('',(101.32000540613,132.73191841484,
    103.45170438602));
#9604 = CARTESIAN_POINT('',(98.747133610188,130.81260770529,
    103.38352250154));
#9605 = CARTESIAN_POINT('',(95.645234543537,129.77881802105,
    103.31534085455));
#9606 = CARTESIAN_POINT('',(92.354776872442,129.77883460987,
    103.24715888372));
#9607 = CARTESIAN_POINT('',(89.252843610844,130.8125213358,
    103.17897713419));
#9608 = CARTESIAN_POINT('',(86.680011740611,132.73200361056,
    103.11079530075));
#9609 = CARTESIAN_POINT('',(84.882666658067,135.2788735862,
    103.04261348674));
#9610 = CARTESIAN_POINT('',(83.085321263503,140.99999999279,
    102.90624984851));
#9611 = CARTESIAN_POINT('',(84.882666509717,146.72112644599,
    102.76988621027));
#9612 = CARTESIAN_POINT('',(86.680010857912,149.2679964146,
    102.70170439625));
#9613 = CARTESIAN_POINT('',(89.252848114793,151.18747935061,
    102.63352256288));
#9614 = CARTESIAN_POINT('',(92.354767578859,152.22116115234,
    102.56534081316));
#9615 = CARTESIAN_POINT('',(95.645245517732,152.22119099557,
    102.49715884264));
#9616 = CARTESIAN_POINT('',(98.747126976241,151.18738203696,
    102.42897719532));
#9617 = CARTESIAN_POINT('',(101.32000440058,149.26808796921,
    102.36079531108));
#9618 = CARTESIAN_POINT('',(103.1173311275,146.72109617543,
    102.29261341888));
#9619 = CARTESIAN_POINT('',(104.01600409618,143.86056471243,
    102.22443171827));
#9620 = CARTESIAN_POINT('',(104.01600677695,141.00000000394,
    102.15624983473));
#9621 = CARTESIAN_POINT('',(104.01600726102,141.00000000328,
    103.84374986227));
#9622 = CARTESIAN_POINT('',(104.01601070721,138.13943478788,
    103.77556797873));
#9623 = CARTESIAN_POINT('',(103.11732644862,135.27890089311,
    103.7073862781));
#9624 = CARTESIAN_POINT('',(101.3200068461,132.73191786099,
    103.63920438602));
#9625 = CARTESIAN_POINT('',(98.747135398038,130.81260443397,
    103.5710225015));
#9626 = CARTESIAN_POINT('',(95.645233266204,129.77881732067,
    103.50284085457));
#9627 = CARTESIAN_POINT('',(92.354777907413,129.77883201602,
    103.43465888369));
#9628 = CARTESIAN_POINT('',(89.252842125114,130.81251962911,
    103.36647713419));
#9629 = CARTESIAN_POINT('',(86.680010568703,132.73200214974,
    103.29829530074));
#9630 = CARTESIAN_POINT('',(84.882665063006,135.27887257791,
    103.23011348673));
#9631 = CARTESIAN_POINT('',(83.085319329334,140.99999999186,
    103.0937498485));
#9632 = CARTESIAN_POINT('',(84.88266487345,146.72112746536,
    102.95738621026));
#9633 = CARTESIAN_POINT('',(86.68000943551,149.26799788411,
    102.88920439624));
#9634 = CARTESIAN_POINT('',(89.252847918007,151.1874812544,
    102.82102256287));
#9635 = CARTESIAN_POINT('',(92.354765960836,152.22116253573,
    102.75284081315));
#9636 = CARTESIAN_POINT('',(95.645247378199,152.2211942718,
    102.68465884264));
#9637 = CARTESIAN_POINT('',(98.747126870777,151.18738237651,
    102.6164771953));
#9638 = CARTESIAN_POINT('',(101.32000555497,149.26809034557,
    102.54829531109));
#9639 = CARTESIAN_POINT('',(103.1173335305,146.72109694874,
    102.48011341886));
#9640 = CARTESIAN_POINT('',(104.01600526684,143.86056521934,
    102.41193171827));
#9641 = CARTESIAN_POINT('',(104.01600871322,141.00000000394,
    102.34374983472));
#9642 = ADVANCED_FACE('',(#9643),#9734,.F.);
#9643 = FACE_BOUND('',#9644,.F.);
#9644 = EDGE_LOOP('',(#9645,#9727,#9728,#9729));
#9645 = ORIENTED_EDGE('',*,*,#9646,.F.);
#9646 = EDGE_CURVE('',#8764,#9229,#9647,.T.);
#9647 = B_SPLINE_CURVE_WITH_KNOTS('',8,(#9648,#9649,#9650,#9651,#9652,
    #9653,#9654,#9655,#9656,#9657,#9658,#9659,#9660,#9661,#9662,#9663,
    #9664,#9665,#9666,#9667,#9668,#9669,#9670,#9671,#9672,#9673,#9674,
    #9675,#9676,#9677,#9678,#9679,#9680,#9681,#9682,#9683,#9684,#9685,
    #9686,#9687,#9688,#9689,#9690,#9691,#9692,#9693,#9694,#9695,#9696,
    #9697,#9698,#9699,#9700,#9701,#9702,#9703,#9704,#9705,#9706,#9707,
    #9708,#9709,#9710,#9711,#9712,#9713,#9714,#9715,#9716,#9717,#9718,
    #9719,#9720,#9721,#9722,#9723,#9724,#9725,#9726),.UNSPECIFIED.,.F.,
  .F.,(9,7,7,7,7,7,7,7,7,7,7,9),(0.,4.785928955138E-02,0.120861018513,
    0.213527727983,0.318186714122,0.446790172569,0.576566686812,
    0.685156192272,0.789665978056,0.882301046831,0.897152371559,1.),
  .UNSPECIFIED.);
#9648 = CARTESIAN_POINT('',(103.266,140.9999998492,103.2232425055));
#9649 = CARTESIAN_POINT('',(103.26599999433,140.65175163306,
    103.21427044023));
#9650 = CARTESIAN_POINT('',(103.25104185144,140.30349873488,
    103.2052981679));
#9651 = CARTESIAN_POINT('',(103.22112488055,139.95599769866,
    103.1963259187));
#9652 = CARTESIAN_POINT('',(103.17629509314,139.60999840622,
    103.18735370315));
#9653 = CARTESIAN_POINT('',(103.11664282109,139.26624427279,
    103.17838143529));
#9654 = CARTESIAN_POINT('',(103.04230192255,138.92547219522,
    103.16940903849));
#9655 = CARTESIAN_POINT('',(102.95345057576,138.58841225269,
    103.16043653393));
#9656 = CARTESIAN_POINT('',(102.69299471136,137.74842052135,
    103.13777810972));
#9657 = CARTESIAN_POINT('',(102.50242259485,137.25132268764,
    103.12409097711));
#9658 = CARTESIAN_POINT('',(102.2793943597,136.76709398724,
    103.11040421024));
#9659 = CARTESIAN_POINT('',(102.02494262981,136.29820160996,
    103.09671798558));
#9660 = CARTESIAN_POINT('',(101.74030886757,135.84699282934,
    103.08303180009));
#9661 = CARTESIAN_POINT('',(101.42693375122,135.41569819788,
    103.06934512834));
#9662 = CARTESIAN_POINT('',(101.08646466595,135.00642471537,
    103.05565809638));
#9663 = CARTESIAN_POINT('',(100.25658902848,134.13206613987,
    103.02459957646));
#9664 = CARTESIAN_POINT('',(99.75163293248,133.68150338213,
    103.00722380923));
#9665 = CARTESIAN_POINT('',(99.209767958849,133.27356517567,
    102.98984964576));
#9666 = CARTESIAN_POINT('',(98.635235286772,132.91173135496,
    102.97247738694));
#9667 = CARTESIAN_POINT('',(98.032592682093,132.59894806691,
    102.95510510635));
#9668 = CARTESIAN_POINT('',(97.40668621851,132.33765833215,
    102.93773088981));
#9669 = CARTESIAN_POINT('',(96.762662374727,132.12976221088,
    102.92035506757));
#9670 = CARTESIAN_POINT('',(95.364400647885,131.80341766422,
    102.8833615671));
#9671 = CARTESIAN_POINT('',(94.606290376339,131.69993479222,
    102.86373437935));
#9672 = CARTESIAN_POINT('',(93.839658099727,131.66799302658,
    102.84411029251));
#9673 = CARTESIAN_POINT('',(93.072399058267,131.70827638746,
    102.82448885604));
#9674 = CARTESIAN_POINT('',(92.312318765241,131.82046866168,
    102.8048674194));
#9675 = CARTESIAN_POINT('',(91.567131155657,132.00333671706,
    102.78524336461));
#9676 = CARTESIAN_POINT('',(90.844440370528,132.25464927828,
    102.7656162771));
#9677 = CARTESIAN_POINT('',(89.300415096556,132.95958040499,
    102.72188560932));
#9678 = CARTESIAN_POINT('',(88.493405463102,133.44675478024,
    102.6977587799));
#9679 = CARTESIAN_POINT('',(87.744936497186,134.02622720301,
    102.67364158233));
#9680 = CARTESIAN_POINT('',(87.067050919152,134.68948098273,
    102.64953110292));
#9681 = CARTESIAN_POINT('',(86.470300468609,135.4265854501,
    102.62542063514));
#9682 = CARTESIAN_POINT('',(85.963582135835,136.22610394473,
    102.60130324845));
#9683 = CARTESIAN_POINT('',(85.554245341773,137.07524845596,
    102.57717622654));
#9684 = CARTESIAN_POINT('',(84.937258466385,138.85123049285,102.52873649
    ));
#9685 = CARTESIAN_POINT('',(84.731030646175,139.7800056614,
    102.50438869062));
#9686 = CARTESIAN_POINT('',(84.633999079028,140.73047601448,
    102.4800509738));
#9687 = CARTESIAN_POINT('',(84.648352255252,141.68764046297,
    102.45572033586));
#9688 = CARTESIAN_POINT('',(84.774159880925,142.63660947581,
    102.43138950385));
#9689 = CARTESIAN_POINT('',(85.009175093293,143.56266397554,
    102.40705201587));
#9690 = CARTESIAN_POINT('',(85.349038694564,144.45128424476,
    102.38270438462));
#9691 = CARTESIAN_POINT('',(86.15176653095,145.98882021858,
    102.33801686886));
#9692 = CARTESIAN_POINT('',(86.585850606843,146.65387299332,
    102.3176516516));
#9693 = CARTESIAN_POINT('',(87.084160628526,147.27534512596,
    102.29729024253));
#9694 = CARTESIAN_POINT('',(87.641463852833,147.84609844673,
    102.27693198609));
#9695 = CARTESIAN_POINT('',(88.251762242587,148.35979302565,
    102.25657374883));
#9696 = CARTESIAN_POINT('',(88.90829079398,148.81091469774,
    102.23621231719));
#9697 = CARTESIAN_POINT('',(89.603544863216,149.19477137713,
    102.21584707431));
#9698 = CARTESIAN_POINT('',(91.027282926692,149.8090871909,
    102.17589645869));
#9699 = CARTESIAN_POINT('',(91.753999440527,150.04496630884,
    102.15629755941));
#9700 = CARTESIAN_POINT('',(92.501725108348,150.21214608313,
    102.13670196287));
#9701 = CARTESIAN_POINT('',(93.262844061343,150.3085620542,
    102.11710922351));
#9702 = CARTESIAN_POINT('',(94.029651606598,150.3331443737,
    102.09751647056));
#9703 = CARTESIAN_POINT('',(94.794370697929,150.2857368727,
    102.07792086711));
#9704 = CARTESIAN_POINT('',(95.549155459157,150.16717957228,
    102.05832201061));
#9705 = CARTESIAN_POINT('',(96.939334347726,149.81325282849,
    102.02136238252));
#9706 = CARTESIAN_POINT('',(97.578856739159,149.59260857088,
    102.00399224761));
#9707 = CARTESIAN_POINT('',(98.199212200569,149.31897955342,
    101.98662345851));
#9708 = CARTESIAN_POINT('',(98.7952984504,148.99436611555,
    101.96925642671));
#9709 = CARTESIAN_POINT('',(99.362323943501,148.62130473457,
    101.95188939338));
#9710 = CARTESIAN_POINT('',(99.895795025919,148.20282851534,
    101.93452060834));
#9711 = CARTESIAN_POINT('',(100.39154474694,147.74249712881,
    101.91715049998));
#9712 = CARTESIAN_POINT('',(100.91863040997,147.16465631172,
    101.89699959916));
#9713 = CARTESIAN_POINT('',(100.99039335945,147.08384570075,
    101.89421536505));
#9714 = CARTESIAN_POINT('',(101.06107705614,147.00208094436,
    101.89143113414));
#9715 = CARTESIAN_POINT('',(101.13066670514,146.91937888236,
    101.88864690671));
#9716 = CARTESIAN_POINT('',(101.1991478374,146.8357566168,
    101.88586268286));
#9717 = CARTESIAN_POINT('',(101.26650630975,146.75123151197,
    101.88307846247));
#9718 = CARTESIAN_POINT('',(101.33272830485,146.66582119442,
    101.88029424521));
#9719 = CARTESIAN_POINT('',(101.84843377404,145.98205807749,
    101.85822893079));
#9720 = CARTESIAN_POINT('',(102.24404916188,145.34280146826,
    101.83894240279));
#9721 = CARTESIAN_POINT('',(102.57991338989,144.66794061725,
    101.81965850264));
#9722 = CARTESIAN_POINT('',(102.85238380082,143.96404529916,
    101.80037748847));
#9723 = CARTESIAN_POINT('',(103.05870071016,143.23799982805,
    101.78109603816));
#9724 = CARTESIAN_POINT('',(103.19692203121,142.49696226694,
    101.76181121113));
#9725 = CARTESIAN_POINT('',(103.266,141.74837119039,101.74252415421));
#9726 = CARTESIAN_POINT('',(103.266,141.,101.72324355164));
#9727 = ORIENTED_EDGE('',*,*,#8849,.T.);
#9728 = ORIENTED_EDGE('',*,*,#9557,.T.);
#9729 = ORIENTED_EDGE('',*,*,#9730,.F.);
#9730 = EDGE_CURVE('',#9229,#9558,#9731,.T.);
#9731 = B_SPLINE_CURVE_WITH_KNOTS('',1,(#9732,#9733),.UNSPECIFIED.,.F.,
  .F.,(2,2),(0.,1.3105),.PIECEWISE_BEZIER_KNOTS.);
#9732 = CARTESIAN_POINT('',(102.88107371872,140.99999972414,
    101.50101155491));
#9733 = CARTESIAN_POINT('',(104.01600677695,141.00000000394,
    102.15624983473));
#9734 = B_SPLINE_SURFACE_WITH_KNOTS('',1,9,(
    (#9735,#9736,#9737,#9738,#9739,#9740,#9741,#9742,#9743,#9744,#9745
      ,#9746,#9747,#9748,#9749,#9750,#9751,#9752,#9753,#9754,#9755,#9756
      ,#9757,#9758,#9759,#9760,#9761,#9762,#9763,#9764,#9765)
    ,(#9766,#9767,#9768,#9769,#9770,#9771,#9772,#9773,#9774,#9775,#9776
      ,#9777,#9778,#9779,#9780,#9781,#9782,#9783,#9784,#9785,#9786,#9787
      ,#9788,#9789,#9790,#9791,#9792,#9793,#9794,#9795,#9796
  )),.UNSPECIFIED.,.F.,.F.,.F.,(2,2),(10,7,7,7,10),(0.,1.3105),(0.,
    1.614938419963,3.229876839926,4.844815259889,6.459753679852),
  .UNSPECIFIED.);
#9735 = CARTESIAN_POINT('',(102.88107371698,140.99999977012,
    103.00100962909));
#9736 = CARTESIAN_POINT('',(102.88107367938,139.44996100018,
    102.95934575451));
#9737 = CARTESIAN_POINT('',(102.57672255343,137.89993348399,
    102.91767699603));
#9738 = CARTESIAN_POINT('',(101.96802673731,136.41816144944,
    102.8760097505));
#9739 = CARTESIAN_POINT('',(101.07285180507,135.07302391903,
    102.83434399359));
#9740 = CARTESIAN_POINT('',(99.926979950189,133.92714213227,
    102.79267730539));
#9741 = CARTESIAN_POINT('',(98.581823598531,133.03197701617,
    102.75101069432));
#9742 = CARTESIAN_POINT('',(97.100079363638,132.42327787428,
    102.7093439515));
#9743 = CARTESIAN_POINT('',(93.999998726167,131.81457755439,
    102.62601055349));
#9744 = CARTESIAN_POINT('',(90.899919924825,132.42327449673,
    102.54267727259));
#9745 = CARTESIAN_POINT('',(89.418178269965,133.031971787,
    102.50101066768));
#9746 = CARTESIAN_POINT('',(88.073021412423,133.92714499438,
    102.45934400183));
#9747 = CARTESIAN_POINT('',(86.92714653639,135.07302133753,
    102.41767724844));
#9748 = CARTESIAN_POINT('',(86.03197352656,136.41818018323,
    102.37601050044));
#9749 = CARTESIAN_POINT('',(85.423275817536,137.89992258708,
    102.3343438454));
#9750 = CARTESIAN_POINT('',(84.814576930362,141.00000026153,
    102.251010592));
#9751 = CARTESIAN_POINT('',(85.423275993932,144.10007790134,
    102.1676773386));
#9752 = CARTESIAN_POINT('',(86.031973787313,145.58182027057,
    102.12601068356));
#9753 = CARTESIAN_POINT('',(86.927146873912,146.92697906526,
    102.08434393556));
#9754 = CARTESIAN_POINT('',(88.073021815286,148.07285534302,
    102.04267718217));
#9755 = CARTESIAN_POINT('',(89.418178723722,148.96802847376,
    102.00101051632));
#9756 = CARTESIAN_POINT('',(90.899920413223,149.57672567977,
    101.95934391142));
#9757 = CARTESIAN_POINT('',(93.999999249229,150.18542244567,
    101.87601063051));
#9758 = CARTESIAN_POINT('',(97.100079852037,149.57672194913,
    101.7926772325));
#9759 = CARTESIAN_POINT('',(98.581824052174,148.9680227228,
    101.75101048968));
#9760 = CARTESIAN_POINT('',(99.926980353143,148.07285752987,
    101.70934387861));
#9761 = CARTESIAN_POINT('',(101.07285214182,146.92697567858,
    101.66767719041));
#9762 = CARTESIAN_POINT('',(101.9680269999,145.58183809792,
    101.6260114335));
#9763 = CARTESIAN_POINT('',(102.5767227305,144.10006602662,
    101.58434418797));
#9764 = CARTESIAN_POINT('',(102.88107376434,142.55003849408,
    101.54267542949));
#9765 = CARTESIAN_POINT('',(102.88107371872,140.99999972414,
    101.50101155491));
#9766 = CARTESIAN_POINT('',(104.01600564746,141.00000000328,
    103.65624986228));
#9767 = CARTESIAN_POINT('',(104.01600728559,139.25187712587,
    103.61458315567));
#9768 = CARTESIAN_POINT('',(103.67276103235,137.50376630308,
    103.57291651893));
#9769 = CARTESIAN_POINT('',(102.98627849772,135.83264754514,
    103.53124986055));
#9770 = CARTESIAN_POINT('',(101.97671270272,134.31559835327,
    103.48958318085));
#9771 = CARTESIAN_POINT('',(100.68439744411,133.02328516017,
    103.44791651451));
#9772 = CARTESIAN_POINT('',(99.167344506154,132.0137248605,
    103.40624984704));
#9773 = CARTESIAN_POINT('',(97.496245512274,131.32723912797,
    103.36458318147));
#9774 = CARTESIAN_POINT('',(94.000000176248,130.64075163543,
    103.28124984906));
#9775 = CARTESIAN_POINT('',(90.503754499402,131.32723512519,
    103.19791651497));
#9776 = CARTESIAN_POINT('',(88.832656486154,132.01371930245,
    103.15624984742));
#9777 = CARTESIAN_POINT('',(87.315598688596,133.0232895872,
    103.11458318075));
#9778 = CARTESIAN_POINT('',(86.023290531812,134.31559987964,
    103.07291651532));
#9779 = CARTESIAN_POINT('',(85.013721802644,135.83265852736,
    103.03124984982));
#9780 = CARTESIAN_POINT('',(84.327236998962,137.50375607951,
    102.98958318298));
#9781 = CARTESIAN_POINT('',(83.640750893762,140.99999999999,
    102.90624984851));
#9782 = CARTESIAN_POINT('',(84.327236908303,144.49624393828,
    102.82291651403));
#9783 = CARTESIAN_POINT('',(85.013721697199,146.1673415173,
    102.7812498472));
#9784 = CARTESIAN_POINT('',(86.023290537194,147.68440013748,
    102.73958318169));
#9785 = CARTESIAN_POINT('',(87.315598749206,148.97671034541,
    102.69791651627));
#9786 = CARTESIAN_POINT('',(88.832656495544,149.98628059971,
    102.65624984959));
#9787 = CARTESIAN_POINT('',(90.503754493567,150.67276485699,
    102.61458318204));
#9788 = CARTESIAN_POINT('',(94.000000171459,151.35924840936,
    102.53124984796));
#9789 = CARTESIAN_POINT('',(97.49624550644,150.67276084355,
    102.44791651555));
#9790 = CARTESIAN_POINT('',(99.167344441338,149.98627506955,
    102.40624984997));
#9791 = CARTESIAN_POINT('',(100.68439756313,148.976714617,
    102.36458318251));
#9792 = CARTESIAN_POINT('',(101.97671220625,147.68440190495,
    102.32291651614));
#9793 = CARTESIAN_POINT('',(102.98627958326,146.16735317854,
    102.28124983648));
#9794 = CARTESIAN_POINT('',(103.6727613766,144.49623306083,
    102.23958317808));
#9795 = CARTESIAN_POINT('',(104.0160051387,142.74812288135,
    102.19791654134));
#9796 = CARTESIAN_POINT('',(104.01600677695,141.00000000394,
    102.15624983473));
#9797 = ADVANCED_FACE('',(#9798),#9878,.F.);
#9798 = FACE_BOUND('',#9799,.T.);
#9799 = EDGE_LOOP('',(#9800,#9801,#9802,#9877));
#9800 = ORIENTED_EDGE('',*,*,#9646,.F.);
#9801 = ORIENTED_EDGE('',*,*,#9006,.T.);
#9802 = ORIENTED_EDGE('',*,*,#9803,.T.);
#9803 = EDGE_CURVE('',#8923,#9313,#9804,.T.);
#9804 = B_SPLINE_CURVE_WITH_KNOTS('',8,(#9805,#9806,#9807,#9808,#9809,
    #9810,#9811,#9812,#9813,#9814,#9815,#9816,#9817,#9818,#9819,#9820,
    #9821,#9822,#9823,#9824,#9825,#9826,#9827,#9828,#9829,#9830,#9831,
    #9832,#9833,#9834,#9835,#9836,#9837,#9838,#9839,#9840,#9841,#9842,
    #9843,#9844,#9845,#9846,#9847,#9848,#9849,#9850,#9851,#9852,#9853,
    #9854,#9855,#9856,#9857,#9858,#9859,#9860,#9861,#9862,#9863,#9864,
    #9865,#9866,#9867,#9868,#9869,#9870,#9871,#9872,#9873,#9874,#9875,
    #9876),.UNSPECIFIED.,.F.,.F.,(9,7,7,7,7,7,7,7,7,7,9),(0.,
    0.121772211028,0.214378146651,0.318569921645,0.445061207591,
    0.57414482746,0.68610443285,0.789874568577,0.815780223269,
    0.977507978744,1.),.UNSPECIFIED.);
#9805 = CARTESIAN_POINT('',(103.266,140.99999978888,102.77677789339));
#9806 = CARTESIAN_POINT('',(103.266,140.11402050667,102.75395321098));
#9807 = CARTESIAN_POINT('',(103.16918397675,139.22753395359,
    102.73111308555));
#9808 = CARTESIAN_POINT('',(102.9753589204,138.35367086862,
    102.70827932066));
#9809 = CARTESIAN_POINT('',(102.68669583779,137.50474516984,
    102.68545225319));
#9810 = CARTESIAN_POINT('',(102.306943965,136.69247064529,
    102.66262536477));
#9811 = CARTESIAN_POINT('',(101.84151185889,135.92789341723,
    102.63979322664));
#9812 = CARTESIAN_POINT('',(101.29736218983,135.22139963515,
    102.61695371535));
#9813 = CARTESIAN_POINT('',(100.21707068198,134.09632257488,
    102.57676772129));
#9814 = CARTESIAN_POINT('',(99.709933124095,133.64900424404,
    102.55940495892));
#9815 = CARTESIAN_POINT('',(99.166187259866,133.24445483247,
    102.54204352517));
#9816 = CARTESIAN_POINT('',(98.590084169454,132.88612204783,
    102.52468384966));
#9817 = CARTESIAN_POINT('',(97.986187576061,132.57691976799,
    102.50732418668));
#9818 = CARTESIAN_POINT('',(97.359345867562,132.31925862455,
    102.48996277927));
#9819 = CARTESIAN_POINT('',(96.714703925564,132.11500628315,
    102.47260003386));
#9820 = CARTESIAN_POINT('',(95.318615321347,131.79702863493,
    102.43570956852));
#9821 = CARTESIAN_POINT('',(94.563507915793,131.69773786417,
    102.41617258818));
#9822 = CARTESIAN_POINT('',(93.800299250871,131.66937008043,
    102.39663877473));
#9823 = CARTESIAN_POINT('',(93.036779043318,131.71256411563,
    102.3771077997));
#9824 = CARTESIAN_POINT('',(92.280645111441,131.82697685541,
    102.35757682241));
#9825 = CARTESIAN_POINT('',(91.539501802542,132.01136436219,
    102.33804297656));
#9826 = CARTESIAN_POINT('',(90.820841875816,132.26350288735,
    102.31850590805));
#9827 = CARTESIAN_POINT('',(89.295689682935,132.96413034908,
    102.27526347205));
#9828 = CARTESIAN_POINT('',(88.502448098294,133.44349204709,
    102.25153625838));
#9829 = CARTESIAN_POINT('',(87.765799719317,134.01208329817,
    102.22781766671));
#9830 = CARTESIAN_POINT('',(87.097209629737,134.66182476644,
    102.20410531789));
#9831 = CARTESIAN_POINT('',(86.50674275113,135.38329929164,
    102.18039296782));
#9832 = CARTESIAN_POINT('',(86.002925141364,136.16567658322,
    102.15667457151));
#9833 = CARTESIAN_POINT('',(85.592830736951,136.99684624163,
    102.13294754132));
#9834 = CARTESIAN_POINT('',(84.963263126405,138.74651538626,
    102.08503919596));
#9835 = CARTESIAN_POINT('',(84.747422593272,139.66769563844,
    102.060824631));
#9836 = CARTESIAN_POINT('',(84.639313131657,140.61160643362,
    102.03661971155));
#9837 = CARTESIAN_POINT('',(84.641269980481,141.5635199688,
    102.01242155778));
#9838 = CARTESIAN_POINT('',(84.75354888521,142.5087906348,
    101.98822353227));
#9839 = CARTESIAN_POINT('',(84.974138600371,143.43290936864,
    101.96401841616));
#9840 = CARTESIAN_POINT('',(85.29895354798,144.32153495894,
    101.93980366187));
#9841 = CARTESIAN_POINT('',(86.086442963118,145.88854972245,
    101.89461918768));
#9842 = CARTESIAN_POINT('',(86.525492412353,146.5799453565,
    101.87362338247));
#9843 = CARTESIAN_POINT('',(87.03338524553,147.22580754962,
    101.8526322324));
#9844 = CARTESIAN_POINT('',(87.604461509249,147.81825515558,
    101.8316448472));
#9845 = CARTESIAN_POINT('',(88.232198542446,148.35029700725,
    101.81065744185));
#9846 = CARTESIAN_POINT('',(88.909202407168,148.81587066524,
    101.78966633367));
#9847 = CARTESIAN_POINT('',(89.627246952551,149.20983144773,
    101.76867055963));
#9848 = CARTESIAN_POINT('',(91.071878739455,149.8235415074,
    101.72823118199));
#9849 = CARTESIAN_POINT('',(91.794474745003,150.05412711732,
    101.70877309118));
#9850 = CARTESIAN_POINT('',(92.53745022656,150.21690618943,
    101.68931786437));
#9851 = CARTESIAN_POINT('',(93.293344501568,150.30989194053,
    101.66986520775));
#9852 = CARTESIAN_POINT('',(94.054613752277,150.33206455096,
    101.65041256671));
#9853 = CARTESIAN_POINT('',(94.813646674028,150.28329352012,
    101.63095734533));
#9854 = CARTESIAN_POINT('',(95.562768205735,150.16441674565,
    101.61149919528));
#9855 = CARTESIAN_POINT('',(96.476873408435,149.93081047787,
    101.58719098587));
#9856 = CARTESIAN_POINT('',(96.658401918787,149.87989703996,
    101.58233487874));
#9857 = CARTESIAN_POINT('',(96.838730333675,149.82476780827,
    101.57747877861));
#9858 = CARTESIAN_POINT('',(97.017744398551,149.76545597461,
    101.57262268736));
#9859 = CARTESIAN_POINT('',(97.195331143684,149.70199838273,
    101.56776660594));
#9860 = CARTESIAN_POINT('',(97.371378884161,149.63443552834,
    101.56291053441));
#9861 = CARTESIAN_POINT('',(97.545777219886,149.56281155907,
    101.55805447192));
#9862 = CARTESIAN_POINT('',(98.796199096301,149.01497434719,
    101.52288229764));
#9863 = CARTESIAN_POINT('',(99.807371978978,148.38551132202,
    101.49251256138));
#9864 = CARTESIAN_POINT('',(100.72188855732,147.61080298106,
    101.46217578553));
#9865 = CARTESIAN_POINT('',(101.51666084615,146.70916504365,
    101.43185553793));
#9866 = CARTESIAN_POINT('',(102.1719852805,145.70161202132,
    101.40153360678));
#9867 = CARTESIAN_POINT('',(102.67290523372,144.6127635541,
    101.37119516901));
#9868 = CARTESIAN_POINT('',(103.00797189009,143.469774631,
    101.34082426105));
#9869 = CARTESIAN_POINT('',(103.19671387767,142.14279887233,
    101.30629235765));
#9870 = CARTESIAN_POINT('',(103.21648795523,141.98031865877,
    101.30207626493));
#9871 = CARTESIAN_POINT('',(103.23298098674,141.81745037984,
    101.2978601984));
#9872 = CARTESIAN_POINT('',(103.24618419491,141.65427134984,
    101.29364416093));
#9873 = CARTESIAN_POINT('',(103.25609099534,141.49085904831,
    101.2894281573));
#9874 = CARTESIAN_POINT('',(103.26269699656,141.32729112005,
    101.28521219424));
#9875 = CARTESIAN_POINT('',(103.266,141.16364537514,101.28099628037));
#9876 = CARTESIAN_POINT('',(103.266,140.99999978888,101.27678042624));
#9877 = ORIENTED_EDGE('',*,*,#9312,.F.);
#9878 = CYLINDRICAL_SURFACE('',#9879,9.266);
#9879 = AXIS2_PLACEMENT_3D('',#9880,#9881,#9882);
#9880 = CARTESIAN_POINT('',(94.,141.,110.5));
#9881 = DIRECTION('',(-0.,-0.,-1.));
#9882 = DIRECTION('',(1.,0.,0.));
#9883 = ADVANCED_FACE('',(#9884),#9913,.F.);
#9884 = FACE_BOUND('',#9885,.F.);
#9885 = EDGE_LOOP('',(#9886,#9910,#9911,#9912));
#9886 = ORIENTED_EDGE('',*,*,#9887,.F.);
#9887 = EDGE_CURVE('',#9021,#9406,#9888,.T.);
#9888 = B_SPLINE_CURVE_WITH_KNOTS('',11,(#9889,#9890,#9891,#9892,#9893,
    #9894,#9895,#9896,#9897,#9898,#9899,#9900,#9901,#9902,#9903,#9904,
    #9905,#9906,#9907,#9908,#9909),.UNSPECIFIED.,.F.,.F.,(12,9,12),(0.,
    3.229876839926,6.459753679852),.UNSPECIFIED.);
#9889 = CARTESIAN_POINT('',(104.01600871322,141.00000000394,
    102.34374983472));
#9890 = CARTESIAN_POINT('',(104.0160121596,138.13943437379,
    102.27556795117));
#9891 = CARTESIAN_POINT('',(103.1173277709,135.27890006421,
    102.20738625055));
#9892 = CARTESIAN_POINT('',(101.32000790798,132.73191666274,
    102.13920435847));
#9893 = CARTESIAN_POINT('',(98.747136086956,130.81260295712,
    102.07102247394));
#9894 = CARTESIAN_POINT('',(95.645233505495,129.77881569397,
    102.00284082703));
#9895 = CARTESIAN_POINT('',(92.354777669629,129.77883038887,
    101.93465885613));
#9896 = CARTESIAN_POINT('',(89.252841437481,130.81251815178,
    101.86647710664));
#9897 = CARTESIAN_POINT('',(86.680009507937,132.73200095049,
    101.79829527319));
#9898 = CARTESIAN_POINT('',(84.882663741473,135.27887174781,
    101.73011345918));
#9899 = CARTESIAN_POINT('',(83.085317746831,140.99999999115,
    101.59374982094));
#9900 = CARTESIAN_POINT('',(84.882663551166,146.72112829426,
    101.45738618271));
#9901 = CARTESIAN_POINT('',(86.680008373658,149.26799908241,
    101.38920436869));
#9902 = CARTESIAN_POINT('',(89.25284722904,151.18748273111,
    101.32102253533));
#9903 = CARTESIAN_POINT('',(92.354765721571,152.22116416268,
    101.25284078559));
#9904 = CARTESIAN_POINT('',(95.645247616026,152.22119589869,
    101.18465881509));
#9905 = CARTESIAN_POINT('',(98.747127558352,151.187383854,
    101.11647716775));
#9906 = CARTESIAN_POINT('',(101.32000661576,149.26809154478,
    101.04829528354));
#9907 = CARTESIAN_POINT('',(103.11733485203,146.72109777883,
    100.9801133913));
#9908 = CARTESIAN_POINT('',(104.01600671886,143.86056563475,
    100.91193169072));
#9909 = CARTESIAN_POINT('',(104.01601016543,141.0000000046,
    100.84374980717));
#9910 = ORIENTED_EDGE('',*,*,#9048,.T.);
#9911 = ORIENTED_EDGE('',*,*,#9803,.T.);
#9912 = ORIENTED_EDGE('',*,*,#9484,.F.);
#9913 = B_SPLINE_SURFACE_WITH_KNOTS('',1,9,(
    (#9914,#9915,#9916,#9917,#9918,#9919,#9920,#9921,#9922,#9923,#9924
      ,#9925,#9926,#9927,#9928,#9929,#9930,#9931,#9932,#9933,#9934,#9935
      ,#9936,#9937,#9938,#9939,#9940,#9941,#9942,#9943,#9944)
    ,(#9945,#9946,#9947,#9948,#9949,#9950,#9951,#9952,#9953,#9954,#9955
      ,#9956,#9957,#9958,#9959,#9960,#9961,#9962,#9963,#9964,#9965,#9966
      ,#9967,#9968,#9969,#9970,#9971,#9972,#9973,#9974,#9975
  )),.UNSPECIFIED.,.F.,.F.,.F.,(2,2),(10,7,7,7,10),(0.,1.3105),(0.,
    1.614938419963,3.229876839926,4.844815259889,6.459753679852),
  .UNSPECIFIED.);
#9914 = CARTESIAN_POINT('',(104.01600871322,141.00000000394,
    102.34374983472));
#9915 = CARTESIAN_POINT('',(104.01601081934,139.25187656329,
    102.30208312811));
#9916 = CARTESIAN_POINT('',(103.67276409957,137.50376508536,
    102.26041649136));
#9917 = CARTESIAN_POINT('',(102.9862812378,135.83264598331,102.218749833
    ));
#9918 = CARTESIAN_POINT('',(101.97671534347,134.31559623616,
    102.17708315329));
#9919 = CARTESIAN_POINT('',(100.68439958049,133.02328255802,
    102.13541648695));
#9920 = CARTESIAN_POINT('',(99.167346179974,132.01372195496,
    102.09374981948));
#9921 = CARTESIAN_POINT('',(97.496246639223,131.32723600724,
    102.0520831539));
#9922 = CARTESIAN_POINT('',(94.000000176547,130.64074830412,
    101.9687498215));
#9923 = CARTESIAN_POINT('',(90.503753373396,131.32723200624,
    101.88541648741));
#9924 = CARTESIAN_POINT('',(88.832654819574,132.01371639332,
    101.84374981986));
#9925 = CARTESIAN_POINT('',(87.315596525945,133.02328700776,
    101.80208315318));
#9926 = CARTESIAN_POINT('',(86.023287960725,134.3155977287,
    101.76041648776));
#9927 = CARTESIAN_POINT('',(85.013718922167,135.83265686918,
    101.71874982225));
#9928 = CARTESIAN_POINT('',(84.327233895252,137.50375495594,
    101.67708315542));
#9929 = CARTESIAN_POINT('',(83.640747556048,141.00000000038,
    101.59374982095));
#9930 = CARTESIAN_POINT('',(84.327233778953,144.49624506766,
    101.51041648647));
#9931 = CARTESIAN_POINT('',(85.013718786981,146.16734318892,
    101.46874981964));
#9932 = CARTESIAN_POINT('',(86.023287968147,147.68440229392,
    101.42708315413));
#9933 = CARTESIAN_POINT('',(87.315596604469,148.9767129061,
    101.38541648871));
#9934 = CARTESIAN_POINT('',(88.832654832322,149.98628348128,
    101.34374982203));
#9935 = CARTESIAN_POINT('',(90.50375336662,150.67276797111,
    101.30208315448));
#9936 = CARTESIAN_POINT('',(94.000000171167,151.35925175347,
    101.21874982039));
#9937 = CARTESIAN_POINT('',(97.496246632446,150.67276395588,
    101.13541648799));
#9938 = CARTESIAN_POINT('',(99.167346097312,149.98627795471,
    101.09374982241));
#9939 = CARTESIAN_POINT('',(100.68439973411,148.97671715499,
    101.05208315495));
#9940 = CARTESIAN_POINT('',(101.97671470565,147.68440409525,
    101.01041648858));
#9941 = CARTESIAN_POINT('',(102.98628263388,146.16735494646,
    100.96874980892));
#9942 = CARTESIAN_POINT('',(103.67276454244,144.49623409608,
    100.92708315051));
#9943 = CARTESIAN_POINT('',(104.01600805919,142.74812344525,
    100.88541651379));
#9944 = CARTESIAN_POINT('',(104.01601016543,141.0000000046,
    100.84374980717));
#9945 = CARTESIAN_POINT('',(102.88108918825,140.99999972415,
    102.99901155483));
#9946 = CARTESIAN_POINT('',(102.88109288063,139.44995802895,
    102.95734768021));
#9947 = CARTESIAN_POINT('',(102.57673832762,137.89992685513,
    102.91567892175));
#9948 = CARTESIAN_POINT('',(101.96804050766,136.41815358003,
    102.87401167626));
#9949 = CARTESIAN_POINT('',(101.0728656835,135.0730129851,102.8323459193
    ));
#9950 = CARTESIAN_POINT('',(99.926990956513,133.92712849383,
    102.79067923113));
#9951 = CARTESIAN_POINT('',(98.581832270676,133.03196187107,
    102.74901262004));
#9952 = CARTESIAN_POINT('',(97.100085168406,132.42326163683,
    102.70734587723));
#9953 = CARTESIAN_POINT('',(93.999998675562,131.81456027076,
    102.62401247922));
#9954 = CARTESIAN_POINT('',(90.899914028639,132.4232583093,
    102.54067919831));
#9955 = CARTESIAN_POINT('',(89.41816956375,133.03195666602,
    102.49901259341));
#9956 = CARTESIAN_POINT('',(88.07301011463,133.92713160576,
    102.45734592756));
#9957 = CARTESIAN_POINT('',(86.927133146133,135.07301021487,
    102.41567917417));
#9958 = CARTESIAN_POINT('',(86.031958581643,136.41817163603,
    102.37401242617));
#9959 = CARTESIAN_POINT('',(85.42325971605,137.89991680928,
    102.33234577113));
#9960 = CARTESIAN_POINT('',(84.814559595594,141.00000031761,
    102.24901251773));
#9961 = CARTESIAN_POINT('',(85.423259723361,144.10008382451,
    102.16567926433));
#9962 = CARTESIAN_POINT('',(86.031958657652,145.58182901705,
    102.12401260929));
#9963 = CARTESIAN_POINT('',(86.927133568327,146.92699031341,
    102.08234586129));
#9964 = CARTESIAN_POINT('',(88.073010742216,148.07286865021,
    102.04067910789));
#9965 = CARTESIAN_POINT('',(89.418170136253,148.96804342737,
    101.99901244205));
#9966 = CARTESIAN_POINT('',(90.899914608459,149.57674186441,
    101.95734583714));
#9967 = CARTESIAN_POINT('',(93.999999299869,150.18543983157,
    101.87401255624));
#9968 = CARTESIAN_POINT('',(97.100085748226,149.57673808373,
    101.79067915822));
#9969 = CARTESIAN_POINT('',(98.581832673673,148.96803765229,
    101.74901241541));
#9970 = CARTESIAN_POINT('',(99.926991717521,148.07287058729,
    101.70734580436));
#9971 = CARTESIAN_POINT('',(101.07286495935,146.92698711561,
    101.66567911611));
#9972 = CARTESIAN_POINT('',(101.96804330413,145.58184752197,
    101.62401335924));
#9973 = CARTESIAN_POINT('',(102.57673932836,144.10007109876,
    101.58234611368));
#9974 = CARTESIAN_POINT('',(102.88108808389,142.55004137336,
    101.54067735525));
#9975 = CARTESIAN_POINT('',(102.88109176825,140.99999967817,
    101.49901348062));
#9976 = ADVANCED_FACE('',(#9977),#10016,.F.);
#9977 = FACE_BOUND('',#9978,.F.);
#9978 = EDGE_LOOP('',(#9979,#9980,#9981,#10015));
#9979 = ORIENTED_EDGE('',*,*,#9228,.F.);
#9980 = ORIENTED_EDGE('',*,*,#9730,.T.);
#9981 = ORIENTED_EDGE('',*,*,#9982,.T.);
#9982 = EDGE_CURVE('',#9558,#9121,#9983,.T.);
#9983 = B_SPLINE_CURVE_WITH_KNOTS('',9,(#9984,#9985,#9986,#9987,#9988,
    #9989,#9990,#9991,#9992,#9993,#9994,#9995,#9996,#9997,#9998,#9999,
    #10000,#10001,#10002,#10003,#10004,#10005,#10006,#10007,#10008,
    #10009,#10010,#10011,#10012,#10013,#10014),.UNSPECIFIED.,.F.,.F.,(10
    ,7,7,7,10),(0.,1.614938419963,3.229876839926,4.844815259889,
    6.459753679852),.UNSPECIFIED.);
#9984 = CARTESIAN_POINT('',(104.01600677695,141.00000000394,
    102.15624983473));
#9985 = CARTESIAN_POINT('',(104.0160084152,139.2518769294,
    102.11458312812));
#9986 = CARTESIAN_POINT('',(103.67276212336,137.50376590944,
    102.07291649138));
#9987 = CARTESIAN_POINT('',(102.98627951143,135.83264696303,
    102.031249833));
#9988 = CARTESIAN_POINT('',(101.97671360268,134.3155976,101.9895831533)
  );
#9989 = CARTESIAN_POINT('',(100.68439819842,133.02328426108,
    101.94791648696));
#9990 = CARTESIAN_POINT('',(99.167345089458,132.01372384747,
    101.90624981949));
#9991 = CARTESIAN_POINT('',(97.496245907177,131.32723803741,
    101.86458315392));
#9992 = CARTESIAN_POINT('',(94.000000176929,130.64075046723,
    101.78124982151));
#9993 = CARTESIAN_POINT('',(90.50375410577,131.32723403417,
    101.69791648742));
#9994 = CARTESIAN_POINT('',(88.832655904028,132.01371828874,
    101.65624981987));
#9995 = CARTESIAN_POINT('',(87.315597935327,133.02328868723,
    101.6145831532));
#9996 = CARTESIAN_POINT('',(86.023289632727,134.31559912533,
    101.57291648777));
#9997 = CARTESIAN_POINT('',(85.013720789611,135.83265794405,
    101.53124982227));
#9998 = CARTESIAN_POINT('',(84.327235908406,137.50375568461,
    101.48958315543));
#9999 = CARTESIAN_POINT('',(83.640749725562,140.99999999931,
    101.40624982096));
#10000 = CARTESIAN_POINT('',(84.327235817288,144.49624433191,
    101.32291648648));
#10001 = CARTESIAN_POINT('',(85.013720683487,146.16734209943,
    101.28124981965));
#10002 = CARTESIAN_POINT('',(86.023289637233,147.68440089075,
    101.23958315414));
#10003 = CARTESIAN_POINT('',(87.315597994888,148.9767112445,
    101.19791648872));
#10004 = CARTESIAN_POINT('',(88.832655912239,149.98628161274,
    101.15624982204));
#10005 = CARTESIAN_POINT('',(90.503754098665,150.67276594755,
    101.11458315449));
#10006 = CARTESIAN_POINT('',(94.000000170781,151.35924957756,
    101.03124982041));
#10007 = CARTESIAN_POINT('',(97.496245900072,150.67276193457,
    100.947916488));
#10008 = CARTESIAN_POINT('',(99.167345023462,149.98627608326,
    100.90624982242));
#10009 = CARTESIAN_POINT('',(100.68439831639,148.97671551696,
    100.86458315496));
#10010 = CARTESIAN_POINT('',(101.97671310533,147.68440265927,
    100.82291648859));
#10011 = CARTESIAN_POINT('',(102.9862805963,146.16735376184,
    100.78124980893));
#10012 = CARTESIAN_POINT('',(103.67276246716,144.49623345573,
    100.73958315053));
#10013 = CARTESIAN_POINT('',(104.01600626808,142.74812307914,
    100.69791651379));
#10014 = CARTESIAN_POINT('',(104.01600790644,141.0000000046,
    100.65624980718));
#10015 = ORIENTED_EDGE('',*,*,#9120,.F.);
#10016 = B_SPLINE_SURFACE_WITH_KNOTS('',1,9,(
    (#10017,#10018,#10019,#10020,#10021,#10022,#10023,#10024,#10025
      ,#10026,#10027,#10028,#10029,#10030,#10031,#10032,#10033,#10034
      ,#10035,#10036,#10037,#10038,#10039,#10040,#10041,#10042,#10043
      ,#10044,#10045,#10046,#10047)
    ,(#10048,#10049,#10050,#10051,#10052,#10053,#10054,#10055,#10056
      ,#10057,#10058,#10059,#10060,#10061,#10062,#10063,#10064,#10065
      ,#10066,#10067,#10068,#10069,#10070,#10071,#10072,#10073,#10074
      ,#10075,#10076,#10077,#10078
    )),.UNSPECIFIED.,.F.,.F.,.F.,(2,2),(10,7,7,7,10),(0.,1.3105),(0.,
    1.614938419963,3.229876839926,4.844815259889,6.459753679852),
  .UNSPECIFIED.);
#10017 = CARTESIAN_POINT('',(102.88107371872,140.99999972414,
    101.50101155491));
#10018 = CARTESIAN_POINT('',(102.8810736731,139.4499609539,
    101.45934768033));
#10019 = CARTESIAN_POINT('',(102.57672253907,137.89993343898,
    101.41767892185));
#10020 = CARTESIAN_POINT('',(101.96802671515,136.41816140729,
    101.37601167632));
#10021 = CARTESIAN_POINT('',(101.07285177577,135.07302388126,
    101.33434591941));
#10022 = CARTESIAN_POINT('',(99.926979914737,133.9271421002,
    101.29267923121));
#10023 = CARTESIAN_POINT('',(98.58182355818,133.03197699089,
    101.25101262014));
#10024 = CARTESIAN_POINT('',(97.100079319846,132.42327785655,
    101.20934587732));
#10025 = CARTESIAN_POINT('',(93.999998678616,131.81457755259,
    101.12601247931));
#10026 = CARTESIAN_POINT('',(90.899919879817,132.42327451109,
    101.04267919841));
#10027 = CARTESIAN_POINT('',(89.418178227817,133.03197180915,
    101.0010125935));
#10028 = CARTESIAN_POINT('',(88.073021374647,133.92714502368,
    100.95934592765));
#10029 = CARTESIAN_POINT('',(86.927146504321,135.07302137298,
    100.91767917426));
#10030 = CARTESIAN_POINT('',(86.031973501279,136.41818022358,
    100.87601242626));
#10031 = CARTESIAN_POINT('',(85.423275799806,137.89992263088,
    100.83434577122));
#10032 = CARTESIAN_POINT('',(84.814576928562,141.00000030908,
    100.75101251782));
#10033 = CARTESIAN_POINT('',(85.423276008299,144.10007794635,
    100.66767926442));
#10034 = CARTESIAN_POINT('',(86.03197380947,145.58182031272,
    100.62601260938));
#10035 = CARTESIAN_POINT('',(86.927146903209,146.92697910303,
    100.58434586138));
#10036 = CARTESIAN_POINT('',(88.073021850738,148.07285537509,
    100.54267910799));
#10037 = CARTESIAN_POINT('',(89.418178764073,148.96802849904,
    100.50101244214));
#10038 = CARTESIAN_POINT('',(90.899920457015,149.5767256975,
    100.45934583724));
#10039 = CARTESIAN_POINT('',(93.99999929678,150.18542244747,
    100.37601255633));
#10040 = CARTESIAN_POINT('',(97.100079897044,149.57672193476,
    100.29267915832));
#10041 = CARTESIAN_POINT('',(98.581824094321,148.96802270064,
    100.2510124155));
#10042 = CARTESIAN_POINT('',(99.926980390922,148.07285750057,
    100.20934580444));
#10043 = CARTESIAN_POINT('',(101.07285217388,146.92697564314,
    100.16767911623));
#10044 = CARTESIAN_POINT('',(101.96802702518,145.58183805757,
    100.12601335932));
#10045 = CARTESIAN_POINT('',(102.57672274823,144.10006598282,
    100.08434611379));
#10046 = CARTESIAN_POINT('',(102.88107377411,142.55003844841,
    100.04267735531));
#10047 = CARTESIAN_POINT('',(102.88107372047,140.99999967817,
    100.00101348073));
#10048 = CARTESIAN_POINT('',(104.01600677695,141.00000000394,
    102.15624983473));
#10049 = CARTESIAN_POINT('',(104.0160084152,139.2518769294,
    102.11458312812));
#10050 = CARTESIAN_POINT('',(103.67276212336,137.50376590944,
    102.07291649138));
#10051 = CARTESIAN_POINT('',(102.98627951143,135.83264696303,
    102.031249833));
#10052 = CARTESIAN_POINT('',(101.97671360268,134.3155976,101.9895831533)
  );
#10053 = CARTESIAN_POINT('',(100.68439819842,133.02328426108,
    101.94791648696));
#10054 = CARTESIAN_POINT('',(99.167345089458,132.01372384747,
    101.90624981949));
#10055 = CARTESIAN_POINT('',(97.496245907177,131.32723803741,
    101.86458315392));
#10056 = CARTESIAN_POINT('',(94.000000176929,130.64075046723,
    101.78124982151));
#10057 = CARTESIAN_POINT('',(90.50375410577,131.32723403417,
    101.69791648742));
#10058 = CARTESIAN_POINT('',(88.832655904028,132.01371828874,
    101.65624981987));
#10059 = CARTESIAN_POINT('',(87.315597935327,133.02328868723,
    101.6145831532));
#10060 = CARTESIAN_POINT('',(86.023289632727,134.31559912533,
    101.57291648777));
#10061 = CARTESIAN_POINT('',(85.013720789611,135.83265794405,
    101.53124982227));
#10062 = CARTESIAN_POINT('',(84.327235908406,137.50375568461,
    101.48958315543));
#10063 = CARTESIAN_POINT('',(83.640749725562,140.99999999931,
    101.40624982096));
#10064 = CARTESIAN_POINT('',(84.327235817288,144.49624433191,
    101.32291648648));
#10065 = CARTESIAN_POINT('',(85.013720683487,146.16734209943,
    101.28124981965));
#10066 = CARTESIAN_POINT('',(86.023289637233,147.68440089075,
    101.23958315414));
#10067 = CARTESIAN_POINT('',(87.315597994888,148.9767112445,
    101.19791648872));
#10068 = CARTESIAN_POINT('',(88.832655912239,149.98628161274,
    101.15624982204));
#10069 = CARTESIAN_POINT('',(90.503754098665,150.67276594755,
    101.11458315449));
#10070 = CARTESIAN_POINT('',(94.000000170781,151.35924957756,
    101.03124982041));
#10071 = CARTESIAN_POINT('',(97.496245900072,150.67276193457,
    100.947916488));
#10072 = CARTESIAN_POINT('',(99.167345023462,149.98627608326,
    100.90624982242));
#10073 = CARTESIAN_POINT('',(100.68439831639,148.97671551696,
    100.86458315496));
#10074 = CARTESIAN_POINT('',(101.97671310533,147.68440265927,
    100.82291648859));
#10075 = CARTESIAN_POINT('',(102.9862805963,146.16735376184,
    100.78124980893));
#10076 = CARTESIAN_POINT('',(103.67276246716,144.49623345573,
    100.73958315053));
#10077 = CARTESIAN_POINT('',(104.01600626808,142.74812307914,
    100.69791651379));
#10078 = CARTESIAN_POINT('',(104.01600790644,141.0000000046,
    100.65624980718));
#10079 = ADVANCED_FACE('',(#10080),#10086,.F.);
#10080 = FACE_BOUND('',#10081,.F.);
#10081 = EDGE_LOOP('',(#10082,#10083,#10084,#10085));
#10082 = ORIENTED_EDGE('',*,*,#9982,.F.);
#10083 = ORIENTED_EDGE('',*,*,#9595,.T.);
#10084 = ORIENTED_EDGE('',*,*,#9887,.T.);
#10085 = ORIENTED_EDGE('',*,*,#9405,.F.);
#10086 = B_SPLINE_SURFACE_WITH_KNOTS('',1,11,(
    (#10087,#10088,#10089,#10090,#10091,#10092,#10093,#10094,#10095
      ,#10096,#10097,#10098,#10099,#10100,#10101,#10102,#10103,#10104
      ,#10105,#10106,#10107)
    ,(#10108,#10109,#10110,#10111,#10112,#10113,#10114,#10115,#10116
      ,#10117,#10118,#10119,#10120,#10121,#10122,#10123,#10124,#10125
      ,#10126,#10127,#10128
  )),.UNSPECIFIED.,.F.,.F.,.F.,(2,2),(12,9,12),(0.,0.1875),(0.,
    3.229876839926,6.459753679852),.UNSPECIFIED.);
#10087 = CARTESIAN_POINT('',(104.01600677695,141.00000000394,
    102.15624983473));
#10088 = CARTESIAN_POINT('',(104.01600945772,138.13943497287,
    102.08806795119));
#10089 = CARTESIAN_POINT('',(103.11732664882,135.2789015029,
    102.01988625056));
#10090 = CARTESIAN_POINT('',(101.32000623215,132.73191748298,
    101.95170435847));
#10091 = CARTESIAN_POINT('',(98.747134146163,130.81260655669,
    101.88352247399));
#10092 = CARTESIAN_POINT('',(95.645234729816,129.77881675586,
    101.815340827));
#10093 = CARTESIAN_POINT('',(92.354776687662,129.77883334428,
    101.74715885617));
#10094 = CARTESIAN_POINT('',(89.252843076167,130.81252018669,
    101.67897710664));
#10095 = CARTESIAN_POINT('',(86.680010915691,132.7320026777,
    101.6107952732));
#10096 = CARTESIAN_POINT('',(84.882665630292,135.27887294044,
    101.54261345919));
#10097 = CARTESIAN_POINT('',(83.085320032667,140.99999999208,
    101.40624982096));
#10098 = CARTESIAN_POINT('',(84.882665481191,146.72112709056,
    101.26988618272));
#10099 = CARTESIAN_POINT('',(86.680010031905,149.2679973465,
    101.2017043687));
#10100 = CARTESIAN_POINT('',(89.252847578785,151.18748049908,
    101.13352253533));
#10101 = CARTESIAN_POINT('',(92.354767392593,152.22116241773,
    101.06534078562));
#10102 = CARTESIAN_POINT('',(95.645245702553,152.22119226095,
    100.99715881508));
#10103 = CARTESIAN_POINT('',(98.747127510867,151.18738318619,
    100.92897716777));
#10104 = CARTESIAN_POINT('',(101.32000522552,149.26808890203,
    100.86079528354));
#10105 = CARTESIAN_POINT('',(103.11733215527,146.7210968212,
    100.79261339132));
#10106 = CARTESIAN_POINT('',(104.01600522549,143.86056503567,
    100.72443169073));
#10107 = CARTESIAN_POINT('',(104.01600790644,141.0000000046,
    100.65624980718));
#10108 = CARTESIAN_POINT('',(104.01600871322,141.00000000394,
    102.34374983472));
#10109 = CARTESIAN_POINT('',(104.0160121596,138.13943437379,
    102.27556795117));
#10110 = CARTESIAN_POINT('',(103.1173277709,135.27890006421,
    102.20738625055));
#10111 = CARTESIAN_POINT('',(101.32000790798,132.73191666274,
    102.13920435847));
#10112 = CARTESIAN_POINT('',(98.747136086956,130.81260295712,
    102.07102247394));
#10113 = CARTESIAN_POINT('',(95.645233505495,129.77881569397,
    102.00284082703));
#10114 = CARTESIAN_POINT('',(92.354777669629,129.77883038887,
    101.93465885613));
#10115 = CARTESIAN_POINT('',(89.252841437481,130.81251815178,
    101.86647710664));
#10116 = CARTESIAN_POINT('',(86.680009507937,132.73200095049,
    101.79829527319));
#10117 = CARTESIAN_POINT('',(84.882663741473,135.27887174781,
    101.73011345918));
#10118 = CARTESIAN_POINT('',(83.085317746831,140.99999999115,
    101.59374982094));
#10119 = CARTESIAN_POINT('',(84.882663551166,146.72112829426,
    101.45738618271));
#10120 = CARTESIAN_POINT('',(86.680008373658,149.26799908241,
    101.38920436869));
#10121 = CARTESIAN_POINT('',(89.25284722904,151.18748273111,
    101.32102253533));
#10122 = CARTESIAN_POINT('',(92.354765721571,152.22116416268,
    101.25284078559));
#10123 = CARTESIAN_POINT('',(95.645247616026,152.22119589869,
    101.18465881509));
#10124 = CARTESIAN_POINT('',(98.747127558352,151.187383854,
    101.11647716775));
#10125 = CARTESIAN_POINT('',(101.32000661576,149.26809154478,
    101.04829528354));
#10126 = CARTESIAN_POINT('',(103.11733485203,146.72109777883,
    100.9801133913));
#10127 = CARTESIAN_POINT('',(104.01600671886,143.86056563475,
    100.91193169072));
#10128 = CARTESIAN_POINT('',(104.01601016543,141.0000000046,
    100.84374980717));
#10129 = ( GEOMETRIC_REPRESENTATION_CONTEXT(3) 
GLOBAL_UNCERTAINTY_ASSIGNED_CONTEXT((#10133)) 
GLOBAL_UNIT_ASSIGNED_CONTEXT((#10130,#10131,#10132)) 
REPRESENTATION_CONTEXT('Context #1',
  '3D Context with UNIT and UNCERTAINTY') );
#10130 = ( LENGTH_UNIT() NAMED_UNIT(*) SI_UNIT(.MILLI.,.METRE.) );
#10131 = ( NAMED_UNIT(*) PLANE_ANGLE_UNIT() SI_UNIT($,.RADIAN.) );
#10132 = ( NAMED_UNIT(*) SI_UNIT($,.STERADIAN.) SOLID_ANGLE_UNIT() );
#10133 = UNCERTAINTY_MEASURE_WITH_UNIT(LENGTH_MEASURE(1.E-04),#10130,
  'distance_accuracy_value','confusion accuracy');
#10134 = PRODUCT_RELATED_PRODUCT_CATEGORY('part',$,(#7));
ENDSEC;
END-ISO-10303-21;
