ISO-10303-21;
HEADER;
FILE_DESCRIPTION(('KiCad electronic assembly'),'2;1');
FILE_NAME('DCBusCapacitorBoard.step','2026-07-13T15:33:00',('Pcbnew'),(
    'Kicad'),'Open CASCADE STEP processor 7.9','KiCad to STEP converter'
  ,'Unknown');
FILE_SCHEMA(('AUTOMOTIVE_DESIGN { 1 0 10303 214 1 1 1 1 }'));
ENDSEC;
DATA;
#1 = APPLICATION_PROTOCOL_DEFINITION('international standard',
  'automotive_design',2000,#2);
#2 = APPLICATION_CONTEXT(
  'core data for automotive mechanical design processes');
#3 = SHAPE_DEFINITION_REPRESENTATION(#4,#10);
#4 = PRODUCT_DEFINITION_SHAPE('','',#5);
#5 = PRODUCT_DEFINITION('design','',#6,#9);
#6 = PRODUCT_DEFINITION_FORMATION('','',#7);
#7 = PRODUCT('DCBusCapacitorBoard 1','DCBusCapacitorBoard 1','',(#8));
#8 = PRODUCT_CONTEXT('',#2,'mechanical');
#9 = PRODUCT_DEFINITION_CONTEXT('part definition',#2,'design');
#10 = SHAPE_REPRESENTATION('',(#11,#15,#19,#23,#27,#31,#35,#39,#43,#47,
    #51,#55,#59,#63,#67,#71,#75,#79,#83,#87,#91,#95,#99,#103,#107,#111,
    #115,#119,#123,#127,#131,#135,#139,#143,#147,#151,#155,#159,#163,
    #167,#171,#175,#179,#183,#187,#191,#195,#199,#203,#207,#211,#215,
    #219,#223,#227,#231,#235,#239,#243,#247,#251,#255,#259,#263,#267,
    #271),#275);
#11 = AXIS2_PLACEMENT_3D('',#12,#13,#14);
#12 = CARTESIAN_POINT('',(0.,0.,0.));
#13 = DIRECTION('',(0.,0.,1.));
#14 = DIRECTION('',(1.,0.,-0.));
#15 = AXIS2_PLACEMENT_3D('',#16,#17,#18);
#16 = CARTESIAN_POINT('',(249.,3.,0.230000045));
#17 = DIRECTION('',(0.,0.,1.));
#18 = DIRECTION('',(-1.,1.224646799147E-16,0.));
#19 = AXIS2_PLACEMENT_3D('',#20,#21,#22);
#20 = CARTESIAN_POINT('',(103.,-13.,0.230000045));
#21 = DIRECTION('',(0.,0.,1.));
#22 = DIRECTION('',(1.,0.,0.));
#23 = AXIS2_PLACEMENT_3D('',#24,#25,#26);
#24 = CARTESIAN_POINT('',(269.,-64.,0.230000045));
#25 = DIRECTION('',(0.,0.,1.));
#26 = DIRECTION('',(1.,0.,0.));
#27 = AXIS2_PLACEMENT_3D('',#28,#29,#30);
#28 = CARTESIAN_POINT('',(12.,2.,0.230000045));
#29 = DIRECTION('',(0.,-0.,1.));
#30 = DIRECTION('',(1.110223024625E-16,1.,0.));
#31 = AXIS2_PLACEMENT_3D('',#32,#33,#34);
#32 = CARTESIAN_POINT('',(247.25,-11.5,-0.12));
#33 = DIRECTION('',(0.,-1.224646799147E-16,-1.));
#34 = DIRECTION('',(1.,0.,0.));
#35 = AXIS2_PLACEMENT_3D('',#36,#37,#38);
#36 = CARTESIAN_POINT('',(106.5,-59.,-0.12));
#37 = DIRECTION('',(0.,-1.224646799147E-16,-1.));
#38 = DIRECTION('',(1.,0.,0.));
#39 = AXIS2_PLACEMENT_3D('',#40,#41,#42);
#40 = CARTESIAN_POINT('',(284.,-10.5,-0.12));
#41 = DIRECTION('',(0.,-1.224646799147E-16,-1.));
#42 = DIRECTION('',(1.,0.,0.));
#43 = AXIS2_PLACEMENT_3D('',#44,#45,#46);
#44 = CARTESIAN_POINT('',(108.75,-0.5,-0.12));
#45 = DIRECTION('',(0.,-1.224646799147E-16,-1.));
#46 = DIRECTION('',(1.,0.,0.));
#47 = AXIS2_PLACEMENT_3D('',#48,#49,#50);
#48 = CARTESIAN_POINT('',(23.5,-1.,-0.12));
#49 = DIRECTION('',(0.,-1.224646799147E-16,-1.));
#50 = DIRECTION('',(1.,0.,0.));
#51 = AXIS2_PLACEMENT_3D('',#52,#53,#54);
#52 = CARTESIAN_POINT('',(263.25,-50.,-0.12));
#53 = DIRECTION('',(0.,-1.224646799147E-16,-1.));
#54 = DIRECTION('',(1.,0.,0.));
#55 = AXIS2_PLACEMENT_3D('',#56,#57,#58);
#56 = CARTESIAN_POINT('',(13.25,-66.5,-0.12));
#57 = DIRECTION('',(0.,-1.224646799147E-16,-1.));
#58 = DIRECTION('',(1.,0.,0.));
#59 = AXIS2_PLACEMENT_3D('',#60,#61,#62);
#60 = CARTESIAN_POINT('',(60.25,-18.5,-0.12));
#61 = DIRECTION('',(0.,-1.224646799147E-16,-1.));
#62 = DIRECTION('',(1.,0.,0.));
#63 = AXIS2_PLACEMENT_3D('',#64,#65,#66);
#64 = CARTESIAN_POINT('',(216.,-49.5,-0.12));
#65 = DIRECTION('',(0.,-1.224646799147E-16,-1.));
#66 = DIRECTION('',(1.,0.,0.));
#67 = AXIS2_PLACEMENT_3D('',#68,#69,#70);
#68 = CARTESIAN_POINT('',(95.25,-26.,-0.12));
#69 = DIRECTION('',(0.,-1.224646799147E-16,-1.));
#70 = DIRECTION('',(1.,0.,0.));
#71 = AXIS2_PLACEMENT_3D('',#72,#73,#74);
#72 = CARTESIAN_POINT('',(206.75,-33.5,-0.12));
#73 = DIRECTION('',(0.,-1.224646799147E-16,-1.));
#74 = DIRECTION('',(1.,0.,0.));
#75 = AXIS2_PLACEMENT_3D('',#76,#77,#78);
#76 = CARTESIAN_POINT('',(198.5,-0.5,-0.12));
#77 = DIRECTION('',(0.,-1.224646799147E-16,-1.));
#78 = DIRECTION('',(1.,0.,0.));
#79 = AXIS2_PLACEMENT_3D('',#80,#81,#82);
#80 = CARTESIAN_POINT('',(6.25,-49.,-0.12));
#81 = DIRECTION('',(0.,-1.224646799147E-16,-1.));
#82 = DIRECTION('',(1.,0.,0.));
#83 = AXIS2_PLACEMENT_3D('',#84,#85,#86);
#84 = CARTESIAN_POINT('',(181.25,-63.,-0.12));
#85 = DIRECTION('',(0.,-1.224646799147E-16,-1.));
#86 = DIRECTION('',(1.,0.,0.));
#87 = AXIS2_PLACEMENT_3D('',#88,#89,#90);
#88 = CARTESIAN_POINT('',(198.75,-78.,-0.12));
#89 = DIRECTION('',(0.,-1.224646799147E-16,-1.));
#90 = DIRECTION('',(1.,0.,0.));
#91 = AXIS2_PLACEMENT_3D('',#92,#93,#94);
#92 = CARTESIAN_POINT('',(263.25,-31.5,-0.12));
#93 = DIRECTION('',(0.,-1.224646799147E-16,-1.));
#94 = DIRECTION('',(1.,0.,0.));
#95 = AXIS2_PLACEMENT_3D('',#96,#97,#98);
#96 = CARTESIAN_POINT('',(83.25,-12.5,-0.12));
#97 = DIRECTION('',(0.,-1.224646799147E-16,-1.));
#98 = DIRECTION('',(1.,0.,0.));
#99 = AXIS2_PLACEMENT_3D('',#100,#101,#102);
#100 = CARTESIAN_POINT('',(72.75,-77.5,-0.12));
#101 = DIRECTION('',(0.,-1.224646799147E-16,-1.));
#102 = DIRECTION('',(1.,0.,0.));
#103 = AXIS2_PLACEMENT_3D('',#104,#105,#106);
#104 = CARTESIAN_POINT('',(64.25,-59.,-0.12));
#105 = DIRECTION('',(0.,-1.224646799147E-16,-1.));
#106 = DIRECTION('',(1.,0.,0.));
#107 = AXIS2_PLACEMENT_3D('',#108,#109,#110);
#108 = CARTESIAN_POINT('',(229.25,-16.,-0.12));
#109 = DIRECTION('',(0.,-1.224646799147E-16,-1.));
#110 = DIRECTION('',(1.,0.,0.));
#111 = AXIS2_PLACEMENT_3D('',#112,#113,#114);
#112 = CARTESIAN_POINT('',(94.,-44.5,-0.12));
#113 = DIRECTION('',(0.,-1.224646799147E-16,-1.));
#114 = DIRECTION('',(1.,0.,0.));
#115 = AXIS2_PLACEMENT_3D('',#116,#117,#118);
#116 = CARTESIAN_POINT('',(54.25,-77.5,-0.12));
#117 = DIRECTION('',(0.,-1.224646799147E-16,-1.));
#118 = DIRECTION('',(1.,0.,0.));
#119 = AXIS2_PLACEMENT_3D('',#120,#121,#122);
#120 = CARTESIAN_POINT('',(264.5,-77.5,-0.12));
#121 = DIRECTION('',(0.,-1.224646799147E-16,-1.));
#122 = DIRECTION('',(1.,0.,0.));
#123 = AXIS2_PLACEMENT_3D('',#124,#125,#126);
#124 = CARTESIAN_POINT('',(217.25,-77.,-0.12));
#125 = DIRECTION('',(0.,-1.224646799147E-16,-1.));
#126 = DIRECTION('',(1.,0.,0.));
#127 = AXIS2_PLACEMENT_3D('',#128,#129,#130);
#128 = CARTESIAN_POINT('',(114.25,-18.5,-0.12));
#129 = DIRECTION('',(0.,-1.224646799147E-16,-1.));
#130 = DIRECTION('',(1.,0.,0.));
#131 = AXIS2_PLACEMENT_3D('',#132,#133,#134);
#132 = CARTESIAN_POINT('',(24.,-20.,-0.12));
#133 = DIRECTION('',(0.,-1.224646799147E-16,-1.));
#134 = DIRECTION('',(1.,0.,0.));
#135 = AXIS2_PLACEMENT_3D('',#136,#137,#138);
#136 = CARTESIAN_POINT('',(28.75,-56.5,-0.12));
#137 = DIRECTION('',(0.,-1.224646799147E-16,-1.));
#138 = DIRECTION('',(1.,0.,0.));
#139 = AXIS2_PLACEMENT_3D('',#140,#141,#142);
#140 = CARTESIAN_POINT('',(160.25,-1.,-0.12));
#141 = DIRECTION('',(0.,-1.224646799147E-16,-1.));
#142 = DIRECTION('',(1.,0.,0.));
#143 = AXIS2_PLACEMENT_3D('',#144,#145,#146);
#144 = CARTESIAN_POINT('',(236.25,-77.,-0.12));
#145 = DIRECTION('',(0.,-1.224646799147E-16,-1.));
#146 = DIRECTION('',(1.,0.,0.));
#147 = AXIS2_PLACEMENT_3D('',#148,#149,#150);
#148 = CARTESIAN_POINT('',(210.25,-15.,-0.12));
#149 = DIRECTION('',(0.,-1.224646799147E-16,-1.));
#150 = DIRECTION('',(1.,0.,0.));
#151 = AXIS2_PLACEMENT_3D('',#152,#153,#154);
#152 = CARTESIAN_POINT('',(111.25,-37.,-0.12));
#153 = DIRECTION('',(0.,-1.224646799147E-16,-1.));
#154 = DIRECTION('',(1.,0.,0.));
#155 = AXIS2_PLACEMENT_3D('',#156,#157,#158);
#156 = CARTESIAN_POINT('',(128.,-77.5,-0.12));
#157 = DIRECTION('',(0.,-1.224646799147E-16,-1.));
#158 = DIRECTION('',(1.,0.,0.));
#159 = AXIS2_PLACEMENT_3D('',#160,#161,#162);
#160 = CARTESIAN_POINT('',(33.25,-77.,-0.12));
#161 = DIRECTION('',(0.,-1.224646799147E-16,-1.));
#162 = DIRECTION('',(1.,0.,0.));
#163 = AXIS2_PLACEMENT_3D('',#164,#165,#166);
#164 = CARTESIAN_POINT('',(133.,-18.,-0.12));
#165 = DIRECTION('',(0.,-1.224646799147E-16,-1.));
#166 = DIRECTION('',(1.,0.,0.));
#167 = AXIS2_PLACEMENT_3D('',#168,#169,#170);
#168 = CARTESIAN_POINT('',(190.75,-43.5,-0.12));
#169 = DIRECTION('',(0.,-1.224646799147E-16,-1.));
#170 = DIRECTION('',(1.,0.,0.));
#171 = AXIS2_PLACEMENT_3D('',#172,#173,#174);
#172 = CARTESIAN_POINT('',(176.25,-32.,-0.12));
#173 = DIRECTION('',(0.,-1.224646799147E-16,-1.));
#174 = DIRECTION('',(1.,0.,0.));
#175 = AXIS2_PLACEMENT_3D('',#176,#177,#178);
#176 = CARTESIAN_POINT('',(22.75,-39.,-0.12));
#177 = DIRECTION('',(0.,-1.224646799147E-16,-1.));
#178 = DIRECTION('',(1.,0.,0.));
#179 = AXIS2_PLACEMENT_3D('',#180,#181,#182);
#180 = CARTESIAN_POINT('',(123.75,-50.5,-0.12));
#181 = DIRECTION('',(0.,-1.224646799147E-16,-1.));
#182 = DIRECTION('',(1.,0.,0.));
#183 = AXIS2_PLACEMENT_3D('',#184,#185,#186);
#184 = CARTESIAN_POINT('',(109.5,-77.5,-0.12));
#185 = DIRECTION('',(0.,-1.224646799147E-16,-1.));
#186 = DIRECTION('',(1.,0.,0.));
#187 = AXIS2_PLACEMENT_3D('',#188,#189,#190);
#188 = CARTESIAN_POINT('',(243.75,-48.5,-0.12));
#189 = DIRECTION('',(0.,-1.224646799147E-16,-1.));
#190 = DIRECTION('',(1.,0.,0.));
#191 = AXIS2_PLACEMENT_3D('',#192,#193,#194);
#192 = CARTESIAN_POINT('',(83.5,-60.,-0.12));
#193 = DIRECTION('',(0.,-1.224646799147E-16,-1.));
#194 = DIRECTION('',(1.,0.,0.));
#195 = AXIS2_PLACEMENT_3D('',#196,#197,#198);
#196 = CARTESIAN_POINT('',(68.75,-0.5,-0.12));
#197 = DIRECTION('',(0.,-1.224646799147E-16,-1.));
#198 = DIRECTION('',(1.,0.,0.));
#199 = AXIS2_PLACEMENT_3D('',#200,#201,#202);
#200 = CARTESIAN_POINT('',(169.25,-49.,-0.12));
#201 = DIRECTION('',(0.,-1.224646799147E-16,-1.));
#202 = DIRECTION('',(1.,0.,0.));
#203 = AXIS2_PLACEMENT_3D('',#204,#205,#206);
#204 = CARTESIAN_POINT('',(193.25,-21.,-0.12));
#205 = DIRECTION('',(0.,-1.224646799147E-16,-1.));
#206 = DIRECTION('',(1.,0.,0.));
#207 = AXIS2_PLACEMENT_3D('',#208,#209,#210);
#208 = CARTESIAN_POINT('',(251.25,-65.,-0.12));
#209 = DIRECTION('',(0.,-1.224646799147E-16,-1.));
#210 = DIRECTION('',(1.,0.,0.));
#211 = AXIS2_PLACEMENT_3D('',#212,#213,#214);
#212 = CARTESIAN_POINT('',(6.25,-30.,-0.12));
#213 = DIRECTION('',(0.,-1.224646799147E-16,-1.));
#214 = DIRECTION('',(1.,0.,0.));
#215 = AXIS2_PLACEMENT_3D('',#216,#217,#218);
#216 = CARTESIAN_POINT('',(77.25,-29.5,-0.12));
#217 = DIRECTION('',(0.,-1.224646799147E-16,-1.));
#218 = DIRECTION('',(1.,0.,0.));
#219 = AXIS2_PLACEMENT_3D('',#220,#221,#222);
#220 = CARTESIAN_POINT('',(165.75,-75.,-0.12));
#221 = DIRECTION('',(0.,-1.224646799147E-16,-1.));
#222 = DIRECTION('',(1.,0.,0.));
#223 = AXIS2_PLACEMENT_3D('',#224,#225,#226);
#224 = CARTESIAN_POINT('',(153.75,-60.5,-0.12));
#225 = DIRECTION('',(0.,-1.224646799147E-16,-1.));
#226 = DIRECTION('',(1.,0.,0.));
#227 = AXIS2_PLACEMENT_3D('',#228,#229,#230);
#228 = CARTESIAN_POINT('',(147.,-77.5,-0.12));
#229 = DIRECTION('',(0.,-1.224646799147E-16,-1.));
#230 = DIRECTION('',(1.,0.,0.));
#231 = AXIS2_PLACEMENT_3D('',#232,#233,#234);
#232 = CARTESIAN_POINT('',(7.25,-11.,-0.12));
#233 = DIRECTION('',(0.,-1.224646799147E-16,-1.));
#234 = DIRECTION('',(1.,0.,0.));
#235 = AXIS2_PLACEMENT_3D('',#236,#237,#238);
#236 = CARTESIAN_POINT('',(265.75,-13.,-0.12));
#237 = DIRECTION('',(0.,-1.224646799147E-16,-1.));
#238 = DIRECTION('',(1.,0.,0.));
#239 = AXIS2_PLACEMENT_3D('',#240,#241,#242);
#240 = CARTESIAN_POINT('',(174.5,-13.,-0.12));
#241 = DIRECTION('',(0.,-1.224646799147E-16,-1.));
#242 = DIRECTION('',(1.,0.,0.));
#243 = AXIS2_PLACEMENT_3D('',#244,#245,#246);
#244 = CARTESIAN_POINT('',(244.75,-30.,-0.12));
#245 = DIRECTION('',(0.,-1.224646799147E-16,-1.));
#246 = DIRECTION('',(1.,0.,0.));
#247 = AXIS2_PLACEMENT_3D('',#248,#249,#250);
#248 = CARTESIAN_POINT('',(42.,-14.6,-0.12));
#249 = DIRECTION('',(0.,-1.224646799147E-16,-1.));
#250 = DIRECTION('',(1.,0.,0.));
#251 = AXIS2_PLACEMENT_3D('',#252,#253,#254);
#252 = CARTESIAN_POINT('',(151.5,-18.,-0.12));
#253 = DIRECTION('',(0.,-1.224646799147E-16,-1.));
#254 = DIRECTION('',(1.,0.,0.));
#255 = AXIS2_PLACEMENT_3D('',#256,#257,#258);
#256 = CARTESIAN_POINT('',(200.,-59.5,-0.12));
#257 = DIRECTION('',(0.,-1.224646799147E-16,-1.));
#258 = DIRECTION('',(1.,0.,0.));
#259 = AXIS2_PLACEMENT_3D('',#260,#261,#262);
#260 = CARTESIAN_POINT('',(152.75,-41.,-0.12));
#261 = DIRECTION('',(0.,-1.224646799147E-16,-1.));
#262 = DIRECTION('',(1.,0.,0.));
#263 = AXIS2_PLACEMENT_3D('',#264,#265,#266);
#264 = CARTESIAN_POINT('',(91.25,-77.5,-0.12));
#265 = DIRECTION('',(0.,-1.224646799147E-16,-1.));
#266 = DIRECTION('',(1.,0.,0.));
#267 = AXIS2_PLACEMENT_3D('',#268,#269,#270);
#268 = CARTESIAN_POINT('',(62.5,-40.5,-0.12));
#269 = DIRECTION('',(0.,-1.224646799147E-16,-1.));
#270 = DIRECTION('',(1.,0.,0.));
#271 = AXIS2_PLACEMENT_3D('',#272,#273,#274);
#272 = CARTESIAN_POINT('',(0.,0.,0.));
#273 = DIRECTION('',(0.,0.,1.));
#274 = DIRECTION('',(1.,0.,-0.));
#275 = ( GEOMETRIC_REPRESENTATION_CONTEXT(3) 
GLOBAL_UNCERTAINTY_ASSIGNED_CONTEXT((#279)) GLOBAL_UNIT_ASSIGNED_CONTEXT
((#276,#277,#278)) REPRESENTATION_CONTEXT('Context #1',
  '3D Context with UNIT and UNCERTAINTY') );
#276 = ( LENGTH_UNIT() NAMED_UNIT(*) SI_UNIT(.MILLI.,.METRE.) );
#277 = ( NAMED_UNIT(*) PLANE_ANGLE_UNIT() SI_UNIT($,.RADIAN.) );
#278 = ( NAMED_UNIT(*) SI_UNIT($,.STERADIAN.) SOLID_ANGLE_UNIT() );
#279 = UNCERTAINTY_MEASURE_WITH_UNIT(LENGTH_MEASURE(5.E-07),#276,
  'distance_accuracy_value','confusion accuracy');
#280 = PRODUCT_RELATED_PRODUCT_CATEGORY('part',$,(#7));
#281 = SHAPE_DEFINITION_REPRESENTATION(#282,#288);
#282 = PRODUCT_DEFINITION_SHAPE('','',#283);
#283 = PRODUCT_DEFINITION('design','',#284,#287);
#284 = PRODUCT_DEFINITION_FORMATION('','',#285);
#285 = PRODUCT('9774030592R','9774030592R','',(#286));
#286 = PRODUCT_CONTEXT('',#2,'mechanical');
#287 = PRODUCT_DEFINITION_CONTEXT('part definition',#2,'design');
#288 = SHAPE_REPRESENTATION('',(#11,#289),#293);
#289 = AXIS2_PLACEMENT_3D('',#290,#291,#292);
#290 = CARTESIAN_POINT('',(0.,0.,0.));
#291 = DIRECTION('',(0.,0.,1.));
#292 = DIRECTION('',(1.,0.,-0.));
#293 = ( GEOMETRIC_REPRESENTATION_CONTEXT(3) 
GLOBAL_UNCERTAINTY_ASSIGNED_CONTEXT((#297)) GLOBAL_UNIT_ASSIGNED_CONTEXT
((#294,#295,#296)) REPRESENTATION_CONTEXT('Context #1',
  '3D Context with UNIT and UNCERTAINTY') );
#294 = ( LENGTH_UNIT() NAMED_UNIT(*) SI_UNIT(.MILLI.,.METRE.) );
#295 = ( NAMED_UNIT(*) PLANE_ANGLE_UNIT() SI_UNIT($,.RADIAN.) );
#296 = ( NAMED_UNIT(*) SI_UNIT($,.STERADIAN.) SOLID_ANGLE_UNIT() );
#297 = UNCERTAINTY_MEASURE_WITH_UNIT(LENGTH_MEASURE(1.E-05),#294,
  'distance_accuracy_value','confusion accuracy');
#298 = CONTEXT_DEPENDENT_SHAPE_REPRESENTATION(#299,#301);
#299 = ( REPRESENTATION_RELATIONSHIP('','',#288,#10) 
REPRESENTATION_RELATIONSHIP_WITH_TRANSFORMATION(#300) 
SHAPE_REPRESENTATION_RELATIONSHIP() );
#300 = ITEM_DEFINED_TRANSFORMATION('','',#11,#15);
#301 = PRODUCT_DEFINITION_SHAPE('Placement','Placement of an item',#302
  );
#302 = NEXT_ASSEMBLY_USAGE_OCCURRENCE('2','H14','',#5,#283,$);
#303 = PRODUCT_RELATED_PRODUCT_CATEGORY('part',$,(#285));
#304 = SHAPE_DEFINITION_REPRESENTATION(#305,#311);
#305 = PRODUCT_DEFINITION_SHAPE('','',#306);
#306 = PRODUCT_DEFINITION('design','',#307,#310);
#307 = PRODUCT_DEFINITION_FORMATION('','',#308);
#308 = PRODUCT('1','1','',(#309));
#309 = PRODUCT_CONTEXT('',#2,'mechanical');
#310 = PRODUCT_DEFINITION_CONTEXT('part definition',#2,'design');
#311 = ADVANCED_BREP_SHAPE_REPRESENTATION('',(#11,#312),#504);
#312 = MANIFOLD_SOLID_BREP('',#313);
#313 = CLOSED_SHELL('',(#314,#346,#366,#386,#414,#430,#463,#488));
#314 = ADVANCED_FACE('',(#315),#341,.T.);
#315 = FACE_BOUND('',#316,.T.);
#316 = EDGE_LOOP('',(#317,#326,#333,#340));
#317 = ORIENTED_EDGE('',*,*,#318,.T.);
#318 = EDGE_CURVE('',#319,#319,#321,.T.);
#319 = VERTEX_POINT('',#320);
#320 = CARTESIAN_POINT('',(-4.6,0.,4.4));
#321 = CIRCLE('',#322,4.6);
#322 = AXIS2_PLACEMENT_3D('',#323,#324,#325);
#323 = CARTESIAN_POINT('',(0.,0.,4.4));
#324 = DIRECTION('',(0.,0.,-1.));
#325 = DIRECTION('',(-1.,0.,0.));
#326 = ORIENTED_EDGE('',*,*,#327,.F.);
#327 = EDGE_CURVE('',#328,#319,#330,.T.);
#328 = VERTEX_POINT('',#329);
#329 = CARTESIAN_POINT('',(-4.6,0.,1.4));
#330 = B_SPLINE_CURVE_WITH_KNOTS('',1,(#331,#332),.UNSPECIFIED.,.F.,.F.,
  (2,2),(1.4,4.4),.PIECEWISE_BEZIER_KNOTS.);
#331 = CARTESIAN_POINT('',(-4.6,1.126675055216E-15,1.4));
#332 = CARTESIAN_POINT('',(-4.6,1.126675055216E-15,4.4));
#333 = ORIENTED_EDGE('',*,*,#334,.F.);
#334 = EDGE_CURVE('',#328,#328,#335,.T.);
#335 = CIRCLE('',#336,4.6);
#336 = AXIS2_PLACEMENT_3D('',#337,#338,#339);
#337 = CARTESIAN_POINT('',(0.,0.,1.4));
#338 = DIRECTION('',(0.,0.,-1.));
#339 = DIRECTION('',(-1.,0.,0.));
#340 = ORIENTED_EDGE('',*,*,#327,.T.);
#341 = CYLINDRICAL_SURFACE('',#342,4.6);
#342 = AXIS2_PLACEMENT_3D('',#343,#344,#345);
#343 = CARTESIAN_POINT('',(0.,0.,0.));
#344 = DIRECTION('',(-0.,-0.,1.));
#345 = DIRECTION('',(-1.,0.,0.));
#346 = ADVANCED_FACE('',(#347,#358),#361,.T.);
#347 = FACE_BOUND('',#348,.T.);
#348 = EDGE_LOOP('',(#349));
#349 = ORIENTED_EDGE('',*,*,#350,.T.);
#350 = EDGE_CURVE('',#351,#351,#353,.T.);
#351 = VERTEX_POINT('',#352);
#352 = CARTESIAN_POINT('',(2.467,0.,4.4));
#353 = CIRCLE('',#354,2.467);
#354 = AXIS2_PLACEMENT_3D('',#355,#356,#357);
#355 = CARTESIAN_POINT('',(0.,0.,4.4));
#356 = DIRECTION('',(0.,0.,-1.));
#357 = DIRECTION('',(1.,0.,0.));
#358 = FACE_BOUND('',#359,.T.);
#359 = EDGE_LOOP('',(#360));
#360 = ORIENTED_EDGE('',*,*,#318,.F.);
#361 = PLANE('',#362);
#362 = AXIS2_PLACEMENT_3D('',#363,#364,#365);
#363 = CARTESIAN_POINT('',(-4.6,0.,4.4));
#364 = DIRECTION('',(0.,0.,1.));
#365 = DIRECTION('',(1.,0.,-0.));
#366 = ADVANCED_FACE('',(#367,#370),#381,.T.);
#367 = FACE_BOUND('',#368,.T.);
#368 = EDGE_LOOP('',(#369));
#369 = ORIENTED_EDGE('',*,*,#334,.T.);
#370 = FACE_BOUND('',#371,.T.);
#371 = EDGE_LOOP('',(#372));
#372 = ORIENTED_EDGE('',*,*,#373,.F.);
#373 = EDGE_CURVE('',#374,#374,#376,.T.);
#374 = VERTEX_POINT('',#375);
#375 = CARTESIAN_POINT('',(-2.9,0.,1.4));
#376 = CIRCLE('',#377,2.9);
#377 = AXIS2_PLACEMENT_3D('',#378,#379,#380);
#378 = CARTESIAN_POINT('',(0.,0.,1.4));
#379 = DIRECTION('',(0.,0.,-1.));
#380 = DIRECTION('',(-1.,0.,0.));
#381 = PLANE('',#382);
#382 = AXIS2_PLACEMENT_3D('',#383,#384,#385);
#383 = CARTESIAN_POINT('',(-2.9,0.,1.4));
#384 = DIRECTION('',(0.,0.,-1.));
#385 = DIRECTION('',(-1.,0.,0.));
#386 = ADVANCED_FACE('',(#387,#398),#409,.T.);
#387 = FACE_BOUND('',#388,.T.);
#388 = EDGE_LOOP('',(#389));
#389 = ORIENTED_EDGE('',*,*,#390,.T.);
#390 = EDGE_CURVE('',#391,#391,#393,.T.);
#391 = VERTEX_POINT('',#392);
#392 = CARTESIAN_POINT('',(2.217,0.,0.));
#393 = CIRCLE('',#394,2.217);
#394 = AXIS2_PLACEMENT_3D('',#395,#396,#397);
#395 = CARTESIAN_POINT('',(0.,0.,0.));
#396 = DIRECTION('',(0.,0.,1.));
#397 = DIRECTION('',(1.,0.,-0.));
#398 = FACE_BOUND('',#399,.T.);
#399 = EDGE_LOOP('',(#400));
#400 = ORIENTED_EDGE('',*,*,#401,.T.);
#401 = EDGE_CURVE('',#402,#402,#404,.T.);
#402 = VERTEX_POINT('',#403);
#403 = CARTESIAN_POINT('',(-2.9,0.,-3.551475717527E-16));
#404 = CIRCLE('',#405,2.9);
#405 = AXIS2_PLACEMENT_3D('',#406,#407,#408);
#406 = CARTESIAN_POINT('',(0.,0.,-3.551475717527E-16));
#407 = DIRECTION('',(0.,0.,-1.));
#408 = DIRECTION('',(-1.,0.,0.));
#409 = PLANE('',#410);
#410 = AXIS2_PLACEMENT_3D('',#411,#412,#413);
#411 = CARTESIAN_POINT('',(-2.9,0.,-1.775737858764E-16));
#412 = DIRECTION('',(0.,0.,-1.));
#413 = DIRECTION('',(-1.,0.,0.));
#414 = ADVANCED_FACE('',(#415),#425,.T.);
#415 = FACE_BOUND('',#416,.T.);
#416 = EDGE_LOOP('',(#417,#418,#423,#424));
#417 = ORIENTED_EDGE('',*,*,#373,.T.);
#418 = ORIENTED_EDGE('',*,*,#419,.F.);
#419 = EDGE_CURVE('',#402,#374,#420,.T.);
#420 = B_SPLINE_CURVE_WITH_KNOTS('',1,(#421,#422),.UNSPECIFIED.,.F.,.F.,
  (2,2),(-3.551475717527E-16,1.4),.PIECEWISE_BEZIER_KNOTS.);
#421 = CARTESIAN_POINT('',(-2.9,7.102951435055E-16,-3.551475717527E-16)
  );
#422 = CARTESIAN_POINT('',(-2.9,7.102951435055E-16,1.4));
#423 = ORIENTED_EDGE('',*,*,#401,.F.);
#424 = ORIENTED_EDGE('',*,*,#419,.T.);
#425 = CYLINDRICAL_SURFACE('',#426,2.9);
#426 = AXIS2_PLACEMENT_3D('',#427,#428,#429);
#427 = CARTESIAN_POINT('',(0.,0.,0.));
#428 = DIRECTION('',(-0.,-0.,1.));
#429 = DIRECTION('',(-1.,0.,0.));
#430 = ADVANCED_FACE('',(#431),#458,.F.);
#431 = FACE_BOUND('',#432,.F.);
#432 = EDGE_LOOP('',(#433,#434,#441,#450,#457));
#433 = ORIENTED_EDGE('',*,*,#390,.T.);
#434 = ORIENTED_EDGE('',*,*,#435,.F.);
#435 = EDGE_CURVE('',#436,#391,#438,.T.);
#436 = VERTEX_POINT('',#437);
#437 = CARTESIAN_POINT('',(2.067,5.062689867674E-16,0.15));
#438 = B_SPLINE_CURVE_WITH_KNOTS('',1,(#439,#440),.UNSPECIFIED.,.F.,.F.,
  (2,2),(-0.212132034356,0.),.PIECEWISE_BEZIER_KNOTS.);
#439 = CARTESIAN_POINT('',(2.067,5.062689867674E-16,0.15));
#440 = CARTESIAN_POINT('',(2.217,5.430083907419E-16,0.));
#441 = ORIENTED_EDGE('',*,*,#442,.T.);
#442 = EDGE_CURVE('',#436,#443,#445,.T.);
#443 = VERTEX_POINT('',#444);
#444 = CARTESIAN_POINT('',(-2.067,0.,0.15));
#445 = CIRCLE('',#446,2.067);
#446 = AXIS2_PLACEMENT_3D('',#447,#448,#449);
#447 = CARTESIAN_POINT('',(0.,0.,0.15));
#448 = DIRECTION('',(0.,0.,-1.));
#449 = DIRECTION('',(-1.,0.,0.));
#450 = ORIENTED_EDGE('',*,*,#451,.T.);
#451 = EDGE_CURVE('',#443,#436,#452,.T.);
#452 = CIRCLE('',#453,2.067);
#453 = AXIS2_PLACEMENT_3D('',#454,#455,#456);
#454 = CARTESIAN_POINT('',(0.,0.,0.15));
#455 = DIRECTION('',(0.,0.,-1.));
#456 = DIRECTION('',(-1.,0.,0.));
#457 = ORIENTED_EDGE('',*,*,#435,.T.);
#458 = CONICAL_SURFACE('',#459,2.217,0.7853981634);
#459 = AXIS2_PLACEMENT_3D('',#460,#461,#462);
#460 = CARTESIAN_POINT('',(0.,0.,0.));
#461 = DIRECTION('',(0.,-0.,-1.));
#462 = DIRECTION('',(1.,0.,0.));
#463 = ADVANCED_FACE('',(#464),#483,.F.);
#464 = FACE_BOUND('',#465,.F.);
#465 = EDGE_LOOP('',(#466,#467,#474,#481,#482));
#466 = ORIENTED_EDGE('',*,*,#442,.F.);
#467 = ORIENTED_EDGE('',*,*,#468,.F.);
#468 = EDGE_CURVE('',#469,#436,#471,.T.);
#469 = VERTEX_POINT('',#470);
#470 = CARTESIAN_POINT('',(2.067,0.,4.));
#471 = B_SPLINE_CURVE_WITH_KNOTS('',1,(#472,#473),.UNSPECIFIED.,.F.,.F.,
  (2,2),(-13.33462777071,-9.484627770712),.PIECEWISE_BEZIER_KNOTS.);
#472 = CARTESIAN_POINT('',(2.067,5.062689867675E-16,4.));
#473 = CARTESIAN_POINT('',(2.067,5.062689867675E-16,0.15));
#474 = ORIENTED_EDGE('',*,*,#475,.F.);
#475 = EDGE_CURVE('',#469,#469,#476,.T.);
#476 = CIRCLE('',#477,2.067);
#477 = AXIS2_PLACEMENT_3D('',#478,#479,#480);
#478 = CARTESIAN_POINT('',(0.,0.,4.));
#479 = DIRECTION('',(0.,0.,1.));
#480 = DIRECTION('',(1.,0.,-0.));
#481 = ORIENTED_EDGE('',*,*,#468,.T.);
#482 = ORIENTED_EDGE('',*,*,#451,.F.);
#483 = CYLINDRICAL_SURFACE('',#484,2.067);
#484 = AXIS2_PLACEMENT_3D('',#485,#486,#487);
#485 = CARTESIAN_POINT('',(0.,0.,-9.334627770712));
#486 = DIRECTION('',(-0.,-0.,-1.));
#487 = DIRECTION('',(1.,0.,0.));
#488 = ADVANCED_FACE('',(#489),#499,.F.);
#489 = FACE_BOUND('',#490,.F.);
#490 = EDGE_LOOP('',(#491,#492,#497,#498));
#491 = ORIENTED_EDGE('',*,*,#350,.T.);
#492 = ORIENTED_EDGE('',*,*,#493,.F.);
#493 = EDGE_CURVE('',#469,#351,#494,.T.);
#494 = B_SPLINE_CURVE_WITH_KNOTS('',1,(#495,#496),.UNSPECIFIED.,.F.,.F.,
  (2,2),(-0.565685424949,0.),.PIECEWISE_BEZIER_KNOTS.);
#495 = CARTESIAN_POINT('',(2.066999999999,-5.062689867673E-16,
    4.000000000001));
#496 = CARTESIAN_POINT('',(2.467,-6.042407306993E-16,4.4));
#497 = ORIENTED_EDGE('',*,*,#475,.T.);
#498 = ORIENTED_EDGE('',*,*,#493,.T.);
#499 = CONICAL_SURFACE('',#500,2.467,0.7853981634);
#500 = AXIS2_PLACEMENT_3D('',#501,#502,#503);
#501 = CARTESIAN_POINT('',(0.,0.,4.4));
#502 = DIRECTION('',(-0.,-0.,1.));
#503 = DIRECTION('',(1.,0.,0.));
#504 = ( GEOMETRIC_REPRESENTATION_CONTEXT(3) 
GLOBAL_UNCERTAINTY_ASSIGNED_CONTEXT((#508)) GLOBAL_UNIT_ASSIGNED_CONTEXT
((#505,#506,#507)) REPRESENTATION_CONTEXT('Context #1',
  '3D Context with UNIT and UNCERTAINTY') );
#505 = ( LENGTH_UNIT() NAMED_UNIT(*) SI_UNIT(.MILLI.,.METRE.) );
#506 = ( NAMED_UNIT(*) PLANE_ANGLE_UNIT() SI_UNIT($,.RADIAN.) );
#507 = ( NAMED_UNIT(*) SI_UNIT($,.STERADIAN.) SOLID_ANGLE_UNIT() );
#508 = UNCERTAINTY_MEASURE_WITH_UNIT(LENGTH_MEASURE(1.E-05),#505,
  'distance_accuracy_value','confusion accuracy');
#509 = CONTEXT_DEPENDENT_SHAPE_REPRESENTATION(#510,#512);
#510 = ( REPRESENTATION_RELATIONSHIP('','',#311,#288) 
REPRESENTATION_RELATIONSHIP_WITH_TRANSFORMATION(#511) 
SHAPE_REPRESENTATION_RELATIONSHIP() );
#511 = ITEM_DEFINED_TRANSFORMATION('','',#11,#289);
#512 = PRODUCT_DEFINITION_SHAPE('Placement','Placement of an item',#513
  );
#513 = NEXT_ASSEMBLY_USAGE_OCCURRENCE('1','=>[0:1:1:3]','',#283,#306,$);
#514 = PRODUCT_RELATED_PRODUCT_CATEGORY('part',$,(#308));
#515 = CONTEXT_DEPENDENT_SHAPE_REPRESENTATION(#516,#518);
#516 = ( REPRESENTATION_RELATIONSHIP('','',#288,#10) 
REPRESENTATION_RELATIONSHIP_WITH_TRANSFORMATION(#517) 
SHAPE_REPRESENTATION_RELATIONSHIP() );
#517 = ITEM_DEFINED_TRANSFORMATION('','',#11,#19);
#518 = PRODUCT_DEFINITION_SHAPE('Placement','Placement of an item',#519
  );
#519 = NEXT_ASSEMBLY_USAGE_OCCURRENCE('3','H15','',#5,#283,$);
#520 = CONTEXT_DEPENDENT_SHAPE_REPRESENTATION(#521,#523);
#521 = ( REPRESENTATION_RELATIONSHIP('','',#288,#10) 
REPRESENTATION_RELATIONSHIP_WITH_TRANSFORMATION(#522) 
SHAPE_REPRESENTATION_RELATIONSHIP() );
#522 = ITEM_DEFINED_TRANSFORMATION('','',#11,#23);
#523 = PRODUCT_DEFINITION_SHAPE('Placement','Placement of an item',#524
  );
#524 = NEXT_ASSEMBLY_USAGE_OCCURRENCE('4','H16','',#5,#283,$);
#525 = CONTEXT_DEPENDENT_SHAPE_REPRESENTATION(#526,#528);
#526 = ( REPRESENTATION_RELATIONSHIP('','',#288,#10) 
REPRESENTATION_RELATIONSHIP_WITH_TRANSFORMATION(#527) 
SHAPE_REPRESENTATION_RELATIONSHIP() );
#527 = ITEM_DEFINED_TRANSFORMATION('','',#11,#27);
#528 = PRODUCT_DEFINITION_SHAPE('Placement','Placement of an item',#529
  );
#529 = NEXT_ASSEMBLY_USAGE_OCCURRENCE('5','H13','',#5,#283,$);
#530 = SHAPE_DEFINITION_REPRESENTATION(#531,#537);
#531 = PRODUCT_DEFINITION_SHAPE('','',#532);
#532 = PRODUCT_DEFINITION('design','',#533,#536);
#533 = PRODUCT_DEFINITION_FORMATION('','',#534);
#534 = PRODUCT('UCS2D331MHD','UCS2D331MHD','',(#535));
#535 = PRODUCT_CONTEXT('',#2,'mechanical');
#536 = PRODUCT_DEFINITION_CONTEXT('part definition',#2,'design');
#537 = SHAPE_REPRESENTATION('',(#11,#538),#542);
#538 = AXIS2_PLACEMENT_3D('',#539,#540,#541);
#539 = CARTESIAN_POINT('',(0.,0.,0.));
#540 = DIRECTION('',(0.,0.,1.));
#541 = DIRECTION('',(1.,0.,-0.));
#542 = ( GEOMETRIC_REPRESENTATION_CONTEXT(3) 
GLOBAL_UNCERTAINTY_ASSIGNED_CONTEXT((#546)) GLOBAL_UNIT_ASSIGNED_CONTEXT
((#543,#544,#545)) REPRESENTATION_CONTEXT('Context #1',
  '3D Context with UNIT and UNCERTAINTY') );
#543 = ( LENGTH_UNIT() NAMED_UNIT(*) SI_UNIT(.MILLI.,.METRE.) );
#544 = ( NAMED_UNIT(*) PLANE_ANGLE_UNIT() SI_UNIT($,.RADIAN.) );
#545 = ( NAMED_UNIT(*) SI_UNIT($,.STERADIAN.) SOLID_ANGLE_UNIT() );
#546 = UNCERTAINTY_MEASURE_WITH_UNIT(LENGTH_MEASURE(1.E-07),#543,
  'distance_accuracy_value','confusion accuracy');
#547 = CONTEXT_DEPENDENT_SHAPE_REPRESENTATION(#548,#550);
#548 = ( REPRESENTATION_RELATIONSHIP('','',#537,#10) 
REPRESENTATION_RELATIONSHIP_WITH_TRANSFORMATION(#549) 
SHAPE_REPRESENTATION_RELATIONSHIP() );
#549 = ITEM_DEFINED_TRANSFORMATION('','',#11,#31);
#550 = PRODUCT_DEFINITION_SHAPE('Placement','Placement of an item',#551
  );
#551 = NEXT_ASSEMBLY_USAGE_OCCURRENCE('10','C29','',#5,#532,$);
#552 = PRODUCT_RELATED_PRODUCT_CATEGORY('part',$,(#534));
#553 = SHAPE_DEFINITION_REPRESENTATION(#554,#560);
#554 = PRODUCT_DEFINITION_SHAPE('','',#555);
#555 = PRODUCT_DEFINITION('design','',#556,#559);
#556 = PRODUCT_DEFINITION_FORMATION('','',#557);
#557 = PRODUCT('ASSEMBLY','ASSEMBLY','',(#558));
#558 = PRODUCT_CONTEXT('',#2,'mechanical');
#559 = PRODUCT_DEFINITION_CONTEXT('part definition',#2,'design');
#560 = SHAPE_REPRESENTATION('',(#11,#561,#565,#569),#573);
#561 = AXIS2_PLACEMENT_3D('',#562,#563,#564);
#562 = CARTESIAN_POINT('',(3.75,0.,0.));
#563 = DIRECTION('',(0.,0.,1.));
#564 = DIRECTION('',(1.,0.,0.));
#565 = AXIS2_PLACEMENT_3D('',#566,#567,#568);
#566 = CARTESIAN_POINT('',(0.,0.,-10.));
#567 = DIRECTION('',(0.,0.,1.));
#568 = DIRECTION('',(1.,0.,0.));
#569 = AXIS2_PLACEMENT_3D('',#570,#571,#572);
#570 = CARTESIAN_POINT('',(7.5,0.,-7.));
#571 = DIRECTION('',(0.,0.,1.));
#572 = DIRECTION('',(1.,0.,0.));
#573 = ( GEOMETRIC_REPRESENTATION_CONTEXT(3) 
GLOBAL_UNCERTAINTY_ASSIGNED_CONTEXT((#577)) GLOBAL_UNIT_ASSIGNED_CONTEXT
((#574,#575,#576)) REPRESENTATION_CONTEXT('Context #1',
  '3D Context with UNIT and UNCERTAINTY') );
#574 = ( LENGTH_UNIT() NAMED_UNIT(*) SI_UNIT(.MILLI.,.METRE.) );
#575 = ( NAMED_UNIT(*) PLANE_ANGLE_UNIT() SI_UNIT($,.RADIAN.) );
#576 = ( NAMED_UNIT(*) SI_UNIT($,.STERADIAN.) SOLID_ANGLE_UNIT() );
#577 = UNCERTAINTY_MEASURE_WITH_UNIT(LENGTH_MEASURE(1.E-07),#574,
  'distance_accuracy_value','confusion accuracy');
#578 = CONTEXT_DEPENDENT_SHAPE_REPRESENTATION(#579,#581);
#579 = ( REPRESENTATION_RELATIONSHIP('','',#560,#537) 
REPRESENTATION_RELATIONSHIP_WITH_TRANSFORMATION(#580) 
SHAPE_REPRESENTATION_RELATIONSHIP() );
#580 = ITEM_DEFINED_TRANSFORMATION('','',#11,#538);
#581 = PRODUCT_DEFINITION_SHAPE('Placement','Placement of an item',#582
  );
#582 = NEXT_ASSEMBLY_USAGE_OCCURRENCE('9','=>[0:1:1:5]','',#532,#555,$);
#583 = PRODUCT_RELATED_PRODUCT_CATEGORY('part',$,(#557));
#584 = SHAPE_DEFINITION_REPRESENTATION(#585,#591);
#585 = PRODUCT_DEFINITION_SHAPE('','',#586);
#586 = PRODUCT_DEFINITION('design','',#587,#590);
#587 = PRODUCT_DEFINITION_FORMATION('','',#588);
#588 = PRODUCT('SimpleBody','SimpleBody','',(#589));
#589 = PRODUCT_CONTEXT('',#2,'mechanical');
#590 = PRODUCT_DEFINITION_CONTEXT('part definition',#2,'design');
#591 = ADVANCED_BREP_SHAPE_REPRESENTATION('',(#11,#592),#645);
#592 = MANIFOLD_SOLID_BREP('',#593);
#593 = CLOSED_SHELL('',(#594,#627,#636));
#594 = ADVANCED_FACE('',(#595),#622,.T.);
#595 = FACE_BOUND('',#596,.T.);
#596 = EDGE_LOOP('',(#597,#606,#614,#621));
#597 = ORIENTED_EDGE('',*,*,#598,.F.);
#598 = EDGE_CURVE('',#599,#599,#601,.T.);
#599 = VERTEX_POINT('',#600);
#600 = CARTESIAN_POINT('',(9.25,-2.265596578423E-15,37.));
#601 = CIRCLE('',#602,9.25);
#602 = AXIS2_PLACEMENT_3D('',#603,#604,#605);
#603 = CARTESIAN_POINT('',(0.,0.,37.));
#604 = DIRECTION('',(0.,0.,1.));
#605 = DIRECTION('',(1.,0.,-0.));
#606 = ORIENTED_EDGE('',*,*,#607,.F.);
#607 = EDGE_CURVE('',#608,#599,#610,.T.);
#608 = VERTEX_POINT('',#609);
#609 = CARTESIAN_POINT('',(9.25,-2.265596578423E-15,0.));
#610 = LINE('',#611,#612);
#611 = CARTESIAN_POINT('',(9.25,-2.265596578423E-15,0.));
#612 = VECTOR('',#613,1.);
#613 = DIRECTION('',(0.,0.,1.));
#614 = ORIENTED_EDGE('',*,*,#615,.T.);
#615 = EDGE_CURVE('',#608,#608,#616,.T.);
#616 = CIRCLE('',#617,9.25);
#617 = AXIS2_PLACEMENT_3D('',#618,#619,#620);
#618 = CARTESIAN_POINT('',(0.,0.,0.));
#619 = DIRECTION('',(0.,0.,1.));
#620 = DIRECTION('',(1.,0.,-0.));
#621 = ORIENTED_EDGE('',*,*,#607,.T.);
#622 = CYLINDRICAL_SURFACE('',#623,9.25);
#623 = AXIS2_PLACEMENT_3D('',#624,#625,#626);
#624 = CARTESIAN_POINT('',(0.,0.,0.));
#625 = DIRECTION('',(0.,0.,1.));
#626 = DIRECTION('',(1.,0.,-0.));
#627 = ADVANCED_FACE('',(#628),#631,.T.);
#628 = FACE_BOUND('',#629,.T.);
#629 = EDGE_LOOP('',(#630));
#630 = ORIENTED_EDGE('',*,*,#598,.T.);
#631 = PLANE('',#632);
#632 = AXIS2_PLACEMENT_3D('',#633,#634,#635);
#633 = CARTESIAN_POINT('',(0.,0.,37.));
#634 = DIRECTION('',(0.,0.,1.));
#635 = DIRECTION('',(1.,0.,-0.));
#636 = ADVANCED_FACE('',(#637),#640,.F.);
#637 = FACE_BOUND('',#638,.T.);
#638 = EDGE_LOOP('',(#639));
#639 = ORIENTED_EDGE('',*,*,#615,.F.);
#640 = PLANE('',#641);
#641 = AXIS2_PLACEMENT_3D('',#642,#643,#644);
#642 = CARTESIAN_POINT('',(0.,0.,0.));
#643 = DIRECTION('',(0.,0.,1.));
#644 = DIRECTION('',(1.,0.,-0.));
#645 = ( GEOMETRIC_REPRESENTATION_CONTEXT(3) 
GLOBAL_UNCERTAINTY_ASSIGNED_CONTEXT((#649)) GLOBAL_UNIT_ASSIGNED_CONTEXT
((#646,#647,#648)) REPRESENTATION_CONTEXT('Context #1',
  '3D Context with UNIT and UNCERTAINTY') );
#646 = ( LENGTH_UNIT() NAMED_UNIT(*) SI_UNIT(.MILLI.,.METRE.) );
#647 = ( NAMED_UNIT(*) PLANE_ANGLE_UNIT() SI_UNIT($,.RADIAN.) );
#648 = ( NAMED_UNIT(*) SI_UNIT($,.STERADIAN.) SOLID_ANGLE_UNIT() );
#649 = UNCERTAINTY_MEASURE_WITH_UNIT(LENGTH_MEASURE(1.E-07),#646,
  'distance_accuracy_value','confusion accuracy');
#650 = CONTEXT_DEPENDENT_SHAPE_REPRESENTATION(#651,#653);
#651 = ( REPRESENTATION_RELATIONSHIP('','',#591,#560) 
REPRESENTATION_RELATIONSHIP_WITH_TRANSFORMATION(#652) 
SHAPE_REPRESENTATION_RELATIONSHIP() );
#652 = ITEM_DEFINED_TRANSFORMATION('','',#11,#561);
#653 = PRODUCT_DEFINITION_SHAPE('Placement','Placement of an item',#654
  );
#654 = NEXT_ASSEMBLY_USAGE_OCCURRENCE('6','=>0:1:1:6','',#555,#586,$);
#655 = PRODUCT_RELATED_PRODUCT_CATEGORY('part',$,(#588));
#656 = SHAPE_DEFINITION_REPRESENTATION(#657,#663);
#657 = PRODUCT_DEFINITION_SHAPE('','',#658);
#658 = PRODUCT_DEFINITION('design','',#659,#662);
#659 = PRODUCT_DEFINITION_FORMATION('','',#660);
#660 = PRODUCT('Pin1','Pin1','',(#661));
#661 = PRODUCT_CONTEXT('',#2,'mechanical');
#662 = PRODUCT_DEFINITION_CONTEXT('part definition',#2,'design');
#663 = ADVANCED_BREP_SHAPE_REPRESENTATION('',(#11,#664),#717);
#664 = MANIFOLD_SOLID_BREP('',#665);
#665 = CLOSED_SHELL('',(#666,#699,#708));
#666 = ADVANCED_FACE('',(#667),#694,.T.);
#667 = FACE_BOUND('',#668,.T.);
#668 = EDGE_LOOP('',(#669,#678,#686,#693));
#669 = ORIENTED_EDGE('',*,*,#670,.F.);
#670 = EDGE_CURVE('',#671,#671,#673,.T.);
#671 = VERTEX_POINT('',#672);
#672 = CARTESIAN_POINT('',(0.4,-9.797174393179E-17,10.));
#673 = CIRCLE('',#674,0.4);
#674 = AXIS2_PLACEMENT_3D('',#675,#676,#677);
#675 = CARTESIAN_POINT('',(0.,0.,10.));
#676 = DIRECTION('',(0.,0.,1.));
#677 = DIRECTION('',(1.,0.,-0.));
#678 = ORIENTED_EDGE('',*,*,#679,.F.);
#679 = EDGE_CURVE('',#680,#671,#682,.T.);
#680 = VERTEX_POINT('',#681);
#681 = CARTESIAN_POINT('',(0.4,-9.797174393179E-17,0.));
#682 = LINE('',#683,#684);
#683 = CARTESIAN_POINT('',(0.4,-9.797174393179E-17,0.));
#684 = VECTOR('',#685,1.);
#685 = DIRECTION('',(0.,0.,1.));
#686 = ORIENTED_EDGE('',*,*,#687,.T.);
#687 = EDGE_CURVE('',#680,#680,#688,.T.);
#688 = CIRCLE('',#689,0.4);
#689 = AXIS2_PLACEMENT_3D('',#690,#691,#692);
#690 = CARTESIAN_POINT('',(0.,0.,0.));
#691 = DIRECTION('',(0.,0.,1.));
#692 = DIRECTION('',(1.,0.,-0.));
#693 = ORIENTED_EDGE('',*,*,#679,.T.);
#694 = CYLINDRICAL_SURFACE('',#695,0.4);
#695 = AXIS2_PLACEMENT_3D('',#696,#697,#698);
#696 = CARTESIAN_POINT('',(0.,0.,0.));
#697 = DIRECTION('',(0.,0.,1.));
#698 = DIRECTION('',(1.,0.,-0.));
#699 = ADVANCED_FACE('',(#700),#703,.T.);
#700 = FACE_BOUND('',#701,.T.);
#701 = EDGE_LOOP('',(#702));
#702 = ORIENTED_EDGE('',*,*,#670,.T.);
#703 = PLANE('',#704);
#704 = AXIS2_PLACEMENT_3D('',#705,#706,#707);
#705 = CARTESIAN_POINT('',(0.,0.,10.));
#706 = DIRECTION('',(0.,0.,1.));
#707 = DIRECTION('',(1.,0.,-0.));
#708 = ADVANCED_FACE('',(#709),#712,.F.);
#709 = FACE_BOUND('',#710,.T.);
#710 = EDGE_LOOP('',(#711));
#711 = ORIENTED_EDGE('',*,*,#687,.F.);
#712 = PLANE('',#713);
#713 = AXIS2_PLACEMENT_3D('',#714,#715,#716);
#714 = CARTESIAN_POINT('',(0.,0.,0.));
#715 = DIRECTION('',(0.,0.,1.));
#716 = DIRECTION('',(1.,0.,-0.));
#717 = ( GEOMETRIC_REPRESENTATION_CONTEXT(3) 
GLOBAL_UNCERTAINTY_ASSIGNED_CONTEXT((#721)) GLOBAL_UNIT_ASSIGNED_CONTEXT
((#718,#719,#720)) REPRESENTATION_CONTEXT('Context #1',
  '3D Context with UNIT and UNCERTAINTY') );
#718 = ( LENGTH_UNIT() NAMED_UNIT(*) SI_UNIT(.MILLI.,.METRE.) );
#719 = ( NAMED_UNIT(*) PLANE_ANGLE_UNIT() SI_UNIT($,.RADIAN.) );
#720 = ( NAMED_UNIT(*) SI_UNIT($,.STERADIAN.) SOLID_ANGLE_UNIT() );
#721 = UNCERTAINTY_MEASURE_WITH_UNIT(LENGTH_MEASURE(1.E-07),#718,
  'distance_accuracy_value','confusion accuracy');
#722 = CONTEXT_DEPENDENT_SHAPE_REPRESENTATION(#723,#725);
#723 = ( REPRESENTATION_RELATIONSHIP('','',#663,#560) 
REPRESENTATION_RELATIONSHIP_WITH_TRANSFORMATION(#724) 
SHAPE_REPRESENTATION_RELATIONSHIP() );
#724 = ITEM_DEFINED_TRANSFORMATION('','',#11,#565);
#725 = PRODUCT_DEFINITION_SHAPE('Placement','Placement of an item',#726
  );
#726 = NEXT_ASSEMBLY_USAGE_OCCURRENCE('7','=>0:1:1:7','',#555,#658,$);
#727 = PRODUCT_RELATED_PRODUCT_CATEGORY('part',$,(#660));
#728 = SHAPE_DEFINITION_REPRESENTATION(#729,#735);
#729 = PRODUCT_DEFINITION_SHAPE('','',#730);
#730 = PRODUCT_DEFINITION('design','',#731,#734);
#731 = PRODUCT_DEFINITION_FORMATION('','',#732);
#732 = PRODUCT('Pin2','Pin2','',(#733));
#733 = PRODUCT_CONTEXT('',#2,'mechanical');
#734 = PRODUCT_DEFINITION_CONTEXT('part definition',#2,'design');
#735 = ADVANCED_BREP_SHAPE_REPRESENTATION('',(#11,#736),#789);
#736 = MANIFOLD_SOLID_BREP('',#737);
#737 = CLOSED_SHELL('',(#738,#771,#780));
#738 = ADVANCED_FACE('',(#739),#766,.T.);
#739 = FACE_BOUND('',#740,.T.);
#740 = EDGE_LOOP('',(#741,#750,#758,#765));
#741 = ORIENTED_EDGE('',*,*,#742,.F.);
#742 = EDGE_CURVE('',#743,#743,#745,.T.);
#743 = VERTEX_POINT('',#744);
#744 = CARTESIAN_POINT('',(0.4,-9.797174393179E-17,7.));
#745 = CIRCLE('',#746,0.4);
#746 = AXIS2_PLACEMENT_3D('',#747,#748,#749);
#747 = CARTESIAN_POINT('',(0.,0.,7.));
#748 = DIRECTION('',(0.,0.,1.));
#749 = DIRECTION('',(1.,0.,-0.));
#750 = ORIENTED_EDGE('',*,*,#751,.F.);
#751 = EDGE_CURVE('',#752,#743,#754,.T.);
#752 = VERTEX_POINT('',#753);
#753 = CARTESIAN_POINT('',(0.4,-9.797174393179E-17,0.));
#754 = LINE('',#755,#756);
#755 = CARTESIAN_POINT('',(0.4,-9.797174393179E-17,0.));
#756 = VECTOR('',#757,1.);
#757 = DIRECTION('',(0.,0.,1.));
#758 = ORIENTED_EDGE('',*,*,#759,.T.);
#759 = EDGE_CURVE('',#752,#752,#760,.T.);
#760 = CIRCLE('',#761,0.4);
#761 = AXIS2_PLACEMENT_3D('',#762,#763,#764);
#762 = CARTESIAN_POINT('',(0.,0.,0.));
#763 = DIRECTION('',(0.,0.,1.));
#764 = DIRECTION('',(1.,0.,-0.));
#765 = ORIENTED_EDGE('',*,*,#751,.T.);
#766 = CYLINDRICAL_SURFACE('',#767,0.4);
#767 = AXIS2_PLACEMENT_3D('',#768,#769,#770);
#768 = CARTESIAN_POINT('',(0.,0.,0.));
#769 = DIRECTION('',(0.,0.,1.));
#770 = DIRECTION('',(1.,0.,-0.));
#771 = ADVANCED_FACE('',(#772),#775,.T.);
#772 = FACE_BOUND('',#773,.T.);
#773 = EDGE_LOOP('',(#774));
#774 = ORIENTED_EDGE('',*,*,#742,.T.);
#775 = PLANE('',#776);
#776 = AXIS2_PLACEMENT_3D('',#777,#778,#779);
#777 = CARTESIAN_POINT('',(0.,0.,7.));
#778 = DIRECTION('',(0.,0.,1.));
#779 = DIRECTION('',(1.,0.,-0.));
#780 = ADVANCED_FACE('',(#781),#784,.F.);
#781 = FACE_BOUND('',#782,.T.);
#782 = EDGE_LOOP('',(#783));
#783 = ORIENTED_EDGE('',*,*,#759,.F.);
#784 = PLANE('',#785);
#785 = AXIS2_PLACEMENT_3D('',#786,#787,#788);
#786 = CARTESIAN_POINT('',(0.,0.,0.));
#787 = DIRECTION('',(0.,0.,1.));
#788 = DIRECTION('',(1.,0.,-0.));
#789 = ( GEOMETRIC_REPRESENTATION_CONTEXT(3) 
GLOBAL_UNCERTAINTY_ASSIGNED_CONTEXT((#793)) GLOBAL_UNIT_ASSIGNED_CONTEXT
((#790,#791,#792)) REPRESENTATION_CONTEXT('Context #1',
  '3D Context with UNIT and UNCERTAINTY') );
#790 = ( LENGTH_UNIT() NAMED_UNIT(*) SI_UNIT(.MILLI.,.METRE.) );
#791 = ( NAMED_UNIT(*) PLANE_ANGLE_UNIT() SI_UNIT($,.RADIAN.) );
#792 = ( NAMED_UNIT(*) SI_UNIT($,.STERADIAN.) SOLID_ANGLE_UNIT() );
#793 = UNCERTAINTY_MEASURE_WITH_UNIT(LENGTH_MEASURE(1.E-07),#790,
  'distance_accuracy_value','confusion accuracy');
#794 = CONTEXT_DEPENDENT_SHAPE_REPRESENTATION(#795,#797);
#795 = ( REPRESENTATION_RELATIONSHIP('','',#735,#560) 
REPRESENTATION_RELATIONSHIP_WITH_TRANSFORMATION(#796) 
SHAPE_REPRESENTATION_RELATIONSHIP() );
#796 = ITEM_DEFINED_TRANSFORMATION('','',#11,#569);
#797 = PRODUCT_DEFINITION_SHAPE('Placement','Placement of an item',#798
  );
#798 = NEXT_ASSEMBLY_USAGE_OCCURRENCE('8','=>0:1:1:8','',#555,#730,$);
#799 = PRODUCT_RELATED_PRODUCT_CATEGORY('part',$,(#732));
#800 = CONTEXT_DEPENDENT_SHAPE_REPRESENTATION(#801,#803);
#801 = ( REPRESENTATION_RELATIONSHIP('','',#537,#10) 
REPRESENTATION_RELATIONSHIP_WITH_TRANSFORMATION(#802) 
SHAPE_REPRESENTATION_RELATIONSHIP() );
#802 = ITEM_DEFINED_TRANSFORMATION('','',#11,#35);
#803 = PRODUCT_DEFINITION_SHAPE('Placement','Placement of an item',#804
  );
#804 = NEXT_ASSEMBLY_USAGE_OCCURRENCE('11','C28','',#5,#532,$);
#805 = CONTEXT_DEPENDENT_SHAPE_REPRESENTATION(#806,#808);
#806 = ( REPRESENTATION_RELATIONSHIP('','',#537,#10) 
REPRESENTATION_RELATIONSHIP_WITH_TRANSFORMATION(#807) 
SHAPE_REPRESENTATION_RELATIONSHIP() );
#807 = ITEM_DEFINED_TRANSFORMATION('','',#11,#39);
#808 = PRODUCT_DEFINITION_SHAPE('Placement','Placement of an item',#809
  );
#809 = NEXT_ASSEMBLY_USAGE_OCCURRENCE('12','C45','',#5,#532,$);
#810 = CONTEXT_DEPENDENT_SHAPE_REPRESENTATION(#811,#813);
#811 = ( REPRESENTATION_RELATIONSHIP('','',#537,#10) 
REPRESENTATION_RELATIONSHIP_WITH_TRANSFORMATION(#812) 
SHAPE_REPRESENTATION_RELATIONSHIP() );
#812 = ITEM_DEFINED_TRANSFORMATION('','',#11,#43);
#813 = PRODUCT_DEFINITION_SHAPE('Placement','Placement of an item',#814
  );
#814 = NEXT_ASSEMBLY_USAGE_OCCURRENCE('13','C25','',#5,#532,$);
#815 = CONTEXT_DEPENDENT_SHAPE_REPRESENTATION(#816,#818);
#816 = ( REPRESENTATION_RELATIONSHIP('','',#537,#10) 
REPRESENTATION_RELATIONSHIP_WITH_TRANSFORMATION(#817) 
SHAPE_REPRESENTATION_RELATIONSHIP() );
#817 = ITEM_DEFINED_TRANSFORMATION('','',#11,#47);
#818 = PRODUCT_DEFINITION_SHAPE('Placement','Placement of an item',#819
  );
#819 = NEXT_ASSEMBLY_USAGE_OCCURRENCE('14','C5','',#5,#532,$);
#820 = CONTEXT_DEPENDENT_SHAPE_REPRESENTATION(#821,#823);
#821 = ( REPRESENTATION_RELATIONSHIP('','',#537,#10) 
REPRESENTATION_RELATIONSHIP_WITH_TRANSFORMATION(#822) 
SHAPE_REPRESENTATION_RELATIONSHIP() );
#822 = ITEM_DEFINED_TRANSFORMATION('','',#11,#51);
#823 = PRODUCT_DEFINITION_SHAPE('Placement','Placement of an item',#824
  );
#824 = NEXT_ASSEMBLY_USAGE_OCCURRENCE('15','C59','',#5,#532,$);
#825 = CONTEXT_DEPENDENT_SHAPE_REPRESENTATION(#826,#828);
#826 = ( REPRESENTATION_RELATIONSHIP('','',#537,#10) 
REPRESENTATION_RELATIONSHIP_WITH_TRANSFORMATION(#827) 
SHAPE_REPRESENTATION_RELATIONSHIP() );
#827 = ITEM_DEFINED_TRANSFORMATION('','',#11,#55);
#828 = PRODUCT_DEFINITION_SHAPE('Placement','Placement of an item',#829
  );
#829 = NEXT_ASSEMBLY_USAGE_OCCURRENCE('16','C8','',#5,#532,$);
#830 = CONTEXT_DEPENDENT_SHAPE_REPRESENTATION(#831,#833);
#831 = ( REPRESENTATION_RELATIONSHIP('','',#537,#10) 
REPRESENTATION_RELATIONSHIP_WITH_TRANSFORMATION(#832) 
SHAPE_REPRESENTATION_RELATIONSHIP() );
#832 = ITEM_DEFINED_TRANSFORMATION('','',#11,#59);
#833 = PRODUCT_DEFINITION_SHAPE('Placement','Placement of an item',#834
  );
#834 = NEXT_ASSEMBLY_USAGE_OCCURRENCE('17','C14','',#5,#532,$);
#835 = CONTEXT_DEPENDENT_SHAPE_REPRESENTATION(#836,#838);
#836 = ( REPRESENTATION_RELATIONSHIP('','',#537,#10) 
REPRESENTATION_RELATIONSHIP_WITH_TRANSFORMATION(#837) 
SHAPE_REPRESENTATION_RELATIONSHIP() );
#837 = ITEM_DEFINED_TRANSFORMATION('','',#11,#63);
#838 = PRODUCT_DEFINITION_SHAPE('Placement','Placement of an item',#839
  );
#839 = NEXT_ASSEMBLY_USAGE_OCCURRENCE('18','C51','',#5,#532,$);
#840 = CONTEXT_DEPENDENT_SHAPE_REPRESENTATION(#841,#843);
#841 = ( REPRESENTATION_RELATIONSHIP('','',#537,#10) 
REPRESENTATION_RELATIONSHIP_WITH_TRANSFORMATION(#842) 
SHAPE_REPRESENTATION_RELATIONSHIP() );
#842 = ITEM_DEFINED_TRANSFORMATION('','',#11,#67);
#843 = PRODUCT_DEFINITION_SHAPE('Placement','Placement of an item',#844
  );
#844 = NEXT_ASSEMBLY_USAGE_OCCURRENCE('19','C26','',#5,#532,$);
#845 = CONTEXT_DEPENDENT_SHAPE_REPRESENTATION(#846,#848);
#846 = ( REPRESENTATION_RELATIONSHIP('','',#537,#10) 
REPRESENTATION_RELATIONSHIP_WITH_TRANSFORMATION(#847) 
SHAPE_REPRESENTATION_RELATIONSHIP() );
#847 = ITEM_DEFINED_TRANSFORMATION('','',#11,#71);
#848 = PRODUCT_DEFINITION_SHAPE('Placement','Placement of an item',#849
  );
#849 = NEXT_ASSEMBLY_USAGE_OCCURRENCE('20','C47','',#5,#532,$);
#850 = CONTEXT_DEPENDENT_SHAPE_REPRESENTATION(#851,#853);
#851 = ( REPRESENTATION_RELATIONSHIP('','',#537,#10) 
REPRESENTATION_RELATIONSHIP_WITH_TRANSFORMATION(#852) 
SHAPE_REPRESENTATION_RELATIONSHIP() );
#852 = ITEM_DEFINED_TRANSFORMATION('','',#11,#75);
#853 = PRODUCT_DEFINITION_SHAPE('Placement','Placement of an item',#854
  );
#854 = NEXT_ASSEMBLY_USAGE_OCCURRENCE('21','C46','',#5,#532,$);
#855 = CONTEXT_DEPENDENT_SHAPE_REPRESENTATION(#856,#858);
#856 = ( REPRESENTATION_RELATIONSHIP('','',#537,#10) 
REPRESENTATION_RELATIONSHIP_WITH_TRANSFORMATION(#857) 
SHAPE_REPRESENTATION_RELATIONSHIP() );
#857 = ITEM_DEFINED_TRANSFORMATION('','',#11,#79);
#858 = PRODUCT_DEFINITION_SHAPE('Placement','Placement of an item',#859
  );
#859 = NEXT_ASSEMBLY_USAGE_OCCURRENCE('22','C4','',#5,#532,$);
#860 = CONTEXT_DEPENDENT_SHAPE_REPRESENTATION(#861,#863);
#861 = ( REPRESENTATION_RELATIONSHIP('','',#537,#10) 
REPRESENTATION_RELATIONSHIP_WITH_TRANSFORMATION(#862) 
SHAPE_REPRESENTATION_RELATIONSHIP() );
#862 = ITEM_DEFINED_TRANSFORMATION('','',#11,#83);
#863 = PRODUCT_DEFINITION_SHAPE('Placement','Placement of an item',#864
  );
#864 = NEXT_ASSEMBLY_USAGE_OCCURRENCE('23','C32','',#5,#532,$);
#865 = CONTEXT_DEPENDENT_SHAPE_REPRESENTATION(#866,#868);
#866 = ( REPRESENTATION_RELATIONSHIP('','',#537,#10) 
REPRESENTATION_RELATIONSHIP_WITH_TRANSFORMATION(#867) 
SHAPE_REPRESENTATION_RELATIONSHIP() );
#867 = ITEM_DEFINED_TRANSFORMATION('','',#11,#87);
#868 = PRODUCT_DEFINITION_SHAPE('Placement','Placement of an item',#869
  );
#869 = NEXT_ASSEMBLY_USAGE_OCCURRENCE('24','C48','',#5,#532,$);
#870 = CONTEXT_DEPENDENT_SHAPE_REPRESENTATION(#871,#873);
#871 = ( REPRESENTATION_RELATIONSHIP('','',#537,#10) 
REPRESENTATION_RELATIONSHIP_WITH_TRANSFORMATION(#872) 
SHAPE_REPRESENTATION_RELATIONSHIP() );
#872 = ITEM_DEFINED_TRANSFORMATION('','',#11,#91);
#873 = PRODUCT_DEFINITION_SHAPE('Placement','Placement of an item',#874
  );
#874 = NEXT_ASSEMBLY_USAGE_OCCURRENCE('25','C58','',#5,#532,$);
#875 = CONTEXT_DEPENDENT_SHAPE_REPRESENTATION(#876,#878);
#876 = ( REPRESENTATION_RELATIONSHIP('','',#537,#10) 
REPRESENTATION_RELATIONSHIP_WITH_TRANSFORMATION(#877) 
SHAPE_REPRESENTATION_RELATIONSHIP() );
#877 = ITEM_DEFINED_TRANSFORMATION('','',#11,#95);
#878 = PRODUCT_DEFINITION_SHAPE('Placement','Placement of an item',#879
  );
#879 = NEXT_ASSEMBLY_USAGE_OCCURRENCE('26','C19','',#5,#532,$);
#880 = CONTEXT_DEPENDENT_SHAPE_REPRESENTATION(#881,#883);
#881 = ( REPRESENTATION_RELATIONSHIP('','',#537,#10) 
REPRESENTATION_RELATIONSHIP_WITH_TRANSFORMATION(#882) 
SHAPE_REPRESENTATION_RELATIONSHIP() );
#882 = ITEM_DEFINED_TRANSFORMATION('','',#11,#99);
#883 = PRODUCT_DEFINITION_SHAPE('Placement','Placement of an item',#884
  );
#884 = NEXT_ASSEMBLY_USAGE_OCCURRENCE('27','C21','',#5,#532,$);
#885 = CONTEXT_DEPENDENT_SHAPE_REPRESENTATION(#886,#888);
#886 = ( REPRESENTATION_RELATIONSHIP('','',#537,#10) 
REPRESENTATION_RELATIONSHIP_WITH_TRANSFORMATION(#887) 
SHAPE_REPRESENTATION_RELATIONSHIP() );
#887 = ITEM_DEFINED_TRANSFORMATION('','',#11,#103);
#888 = PRODUCT_DEFINITION_SHAPE('Placement','Placement of an item',#889
  );
#889 = NEXT_ASSEMBLY_USAGE_OCCURRENCE('28','C12','',#5,#532,$);
#890 = CONTEXT_DEPENDENT_SHAPE_REPRESENTATION(#891,#893);
#891 = ( REPRESENTATION_RELATIONSHIP('','',#537,#10) 
REPRESENTATION_RELATIONSHIP_WITH_TRANSFORMATION(#892) 
SHAPE_REPRESENTATION_RELATIONSHIP() );
#892 = ITEM_DEFINED_TRANSFORMATION('','',#11,#107);
#893 = PRODUCT_DEFINITION_SHAPE('Placement','Placement of an item',#894
  );
#894 = NEXT_ASSEMBLY_USAGE_OCCURRENCE('29','C49','',#5,#532,$);
#895 = CONTEXT_DEPENDENT_SHAPE_REPRESENTATION(#896,#898);
#896 = ( REPRESENTATION_RELATIONSHIP('','',#537,#10) 
REPRESENTATION_RELATIONSHIP_WITH_TRANSFORMATION(#897) 
SHAPE_REPRESENTATION_RELATIONSHIP() );
#897 = ITEM_DEFINED_TRANSFORMATION('','',#11,#111);
#898 = PRODUCT_DEFINITION_SHAPE('Placement','Placement of an item',#899
  );
#899 = NEXT_ASSEMBLY_USAGE_OCCURRENCE('30','C27','',#5,#532,$);
#900 = CONTEXT_DEPENDENT_SHAPE_REPRESENTATION(#901,#903);
#901 = ( REPRESENTATION_RELATIONSHIP('','',#537,#10) 
REPRESENTATION_RELATIONSHIP_WITH_TRANSFORMATION(#902) 
SHAPE_REPRESENTATION_RELATIONSHIP() );
#902 = ITEM_DEFINED_TRANSFORMATION('','',#11,#115);
#903 = PRODUCT_DEFINITION_SHAPE('Placement','Placement of an item',#904
  );
#904 = NEXT_ASSEMBLY_USAGE_OCCURRENCE('31','C13','',#5,#532,$);
#905 = CONTEXT_DEPENDENT_SHAPE_REPRESENTATION(#906,#908);
#906 = ( REPRESENTATION_RELATIONSHIP('','',#537,#10) 
REPRESENTATION_RELATIONSHIP_WITH_TRANSFORMATION(#907) 
SHAPE_REPRESENTATION_RELATIONSHIP() );
#907 = ITEM_DEFINED_TRANSFORMATION('','',#11,#119);
#908 = PRODUCT_DEFINITION_SHAPE('Placement','Placement of an item',#909
  );
#909 = NEXT_ASSEMBLY_USAGE_OCCURRENCE('32','C60','',#5,#532,$);
#910 = CONTEXT_DEPENDENT_SHAPE_REPRESENTATION(#911,#913);
#911 = ( REPRESENTATION_RELATIONSHIP('','',#537,#10) 
REPRESENTATION_RELATIONSHIP_WITH_TRANSFORMATION(#912) 
SHAPE_REPRESENTATION_RELATIONSHIP() );
#912 = ITEM_DEFINED_TRANSFORMATION('','',#11,#123);
#913 = PRODUCT_DEFINITION_SHAPE('Placement','Placement of an item',#914
  );
#914 = NEXT_ASSEMBLY_USAGE_OCCURRENCE('33','C52','',#5,#532,$);
#915 = CONTEXT_DEPENDENT_SHAPE_REPRESENTATION(#916,#918);
#916 = ( REPRESENTATION_RELATIONSHIP('','',#537,#10) 
REPRESENTATION_RELATIONSHIP_WITH_TRANSFORMATION(#917) 
SHAPE_REPRESENTATION_RELATIONSHIP() );
#917 = ITEM_DEFINED_TRANSFORMATION('','',#11,#127);
#918 = PRODUCT_DEFINITION_SHAPE('Placement','Placement of an item',#919
  );
#919 = NEXT_ASSEMBLY_USAGE_OCCURRENCE('34','C35','',#5,#532,$);
#920 = CONTEXT_DEPENDENT_SHAPE_REPRESENTATION(#921,#923);
#921 = ( REPRESENTATION_RELATIONSHIP('','',#537,#10) 
REPRESENTATION_RELATIONSHIP_WITH_TRANSFORMATION(#922) 
SHAPE_REPRESENTATION_RELATIONSHIP() );
#922 = ITEM_DEFINED_TRANSFORMATION('','',#11,#131);
#923 = PRODUCT_DEFINITION_SHAPE('Placement','Placement of an item',#924
  );
#924 = NEXT_ASSEMBLY_USAGE_OCCURRENCE('35','C6','',#5,#532,$);
#925 = CONTEXT_DEPENDENT_SHAPE_REPRESENTATION(#926,#928);
#926 = ( REPRESENTATION_RELATIONSHIP('','',#537,#10) 
REPRESENTATION_RELATIONSHIP_WITH_TRANSFORMATION(#927) 
SHAPE_REPRESENTATION_RELATIONSHIP() );
#927 = ITEM_DEFINED_TRANSFORMATION('','',#11,#135);
#928 = PRODUCT_DEFINITION_SHAPE('Placement','Placement of an item',#929
  );
#929 = NEXT_ASSEMBLY_USAGE_OCCURRENCE('36','C10','',#5,#532,$);
#930 = CONTEXT_DEPENDENT_SHAPE_REPRESENTATION(#931,#933);
#931 = ( REPRESENTATION_RELATIONSHIP('','',#537,#10) 
REPRESENTATION_RELATIONSHIP_WITH_TRANSFORMATION(#932) 
SHAPE_REPRESENTATION_RELATIONSHIP() );
#932 = ITEM_DEFINED_TRANSFORMATION('','',#11,#139);
#933 = PRODUCT_DEFINITION_SHAPE('Placement','Placement of an item',#934
  );
#934 = NEXT_ASSEMBLY_USAGE_OCCURRENCE('37','C17','',#5,#532,$);
#935 = CONTEXT_DEPENDENT_SHAPE_REPRESENTATION(#936,#938);
#936 = ( REPRESENTATION_RELATIONSHIP('','',#537,#10) 
REPRESENTATION_RELATIONSHIP_WITH_TRANSFORMATION(#937) 
SHAPE_REPRESENTATION_RELATIONSHIP() );
#937 = ITEM_DEFINED_TRANSFORMATION('','',#11,#143);
#938 = PRODUCT_DEFINITION_SHAPE('Placement','Placement of an item',#939
  );
#939 = NEXT_ASSEMBLY_USAGE_OCCURRENCE('38','C56','',#5,#532,$);
#940 = CONTEXT_DEPENDENT_SHAPE_REPRESENTATION(#941,#943);
#941 = ( REPRESENTATION_RELATIONSHIP('','',#537,#10) 
REPRESENTATION_RELATIONSHIP_WITH_TRANSFORMATION(#942) 
SHAPE_REPRESENTATION_RELATIONSHIP() );
#942 = ITEM_DEFINED_TRANSFORMATION('','',#11,#147);
#943 = PRODUCT_DEFINITION_SHAPE('Placement','Placement of an item',#944
  );
#944 = NEXT_ASSEMBLY_USAGE_OCCURRENCE('39','C41','',#5,#532,$);
#945 = CONTEXT_DEPENDENT_SHAPE_REPRESENTATION(#946,#948);
#946 = ( REPRESENTATION_RELATIONSHIP('','',#537,#10) 
REPRESENTATION_RELATIONSHIP_WITH_TRANSFORMATION(#947) 
SHAPE_REPRESENTATION_RELATIONSHIP() );
#947 = ITEM_DEFINED_TRANSFORMATION('','',#11,#151);
#948 = PRODUCT_DEFINITION_SHAPE('Placement','Placement of an item',#949
  );
#949 = NEXT_ASSEMBLY_USAGE_OCCURRENCE('40','C36','',#5,#532,$);
#950 = CONTEXT_DEPENDENT_SHAPE_REPRESENTATION(#951,#953);
#951 = ( REPRESENTATION_RELATIONSHIP('','',#537,#10) 
REPRESENTATION_RELATIONSHIP_WITH_TRANSFORMATION(#952) 
SHAPE_REPRESENTATION_RELATIONSHIP() );
#952 = ITEM_DEFINED_TRANSFORMATION('','',#11,#155);
#953 = PRODUCT_DEFINITION_SHAPE('Placement','Placement of an item',#954
  );
#954 = NEXT_ASSEMBLY_USAGE_OCCURRENCE('41','C50','',#5,#532,$);
#955 = CONTEXT_DEPENDENT_SHAPE_REPRESENTATION(#956,#958);
#956 = ( REPRESENTATION_RELATIONSHIP('','',#537,#10) 
REPRESENTATION_RELATIONSHIP_WITH_TRANSFORMATION(#957) 
SHAPE_REPRESENTATION_RELATIONSHIP() );
#957 = ITEM_DEFINED_TRANSFORMATION('','',#11,#159);
#958 = PRODUCT_DEFINITION_SHAPE('Placement','Placement of an item',#959
  );
#959 = NEXT_ASSEMBLY_USAGE_OCCURRENCE('42','C16','',#5,#532,$);
#960 = CONTEXT_DEPENDENT_SHAPE_REPRESENTATION(#961,#963);
#961 = ( REPRESENTATION_RELATIONSHIP('','',#537,#10) 
REPRESENTATION_RELATIONSHIP_WITH_TRANSFORMATION(#962) 
SHAPE_REPRESENTATION_RELATIONSHIP() );
#962 = ITEM_DEFINED_TRANSFORMATION('','',#11,#163);
#963 = PRODUCT_DEFINITION_SHAPE('Placement','Placement of an item',#964
  );
#964 = NEXT_ASSEMBLY_USAGE_OCCURRENCE('43','C34','',#5,#532,$);
#965 = CONTEXT_DEPENDENT_SHAPE_REPRESENTATION(#966,#968);
#966 = ( REPRESENTATION_RELATIONSHIP('','',#537,#10) 
REPRESENTATION_RELATIONSHIP_WITH_TRANSFORMATION(#967) 
SHAPE_REPRESENTATION_RELATIONSHIP() );
#967 = ITEM_DEFINED_TRANSFORMATION('','',#11,#167);
#968 = PRODUCT_DEFINITION_SHAPE('Placement','Placement of an item',#969
  );
#969 = NEXT_ASSEMBLY_USAGE_OCCURRENCE('44','C38','',#5,#532,$);
#970 = CONTEXT_DEPENDENT_SHAPE_REPRESENTATION(#971,#973);
#971 = ( REPRESENTATION_RELATIONSHIP('','',#537,#10) 
REPRESENTATION_RELATIONSHIP_WITH_TRANSFORMATION(#972) 
SHAPE_REPRESENTATION_RELATIONSHIP() );
#972 = ITEM_DEFINED_TRANSFORMATION('','',#11,#171);
#973 = PRODUCT_DEFINITION_SHAPE('Placement','Placement of an item',#974
  );
#974 = NEXT_ASSEMBLY_USAGE_OCCURRENCE('45','C30','',#5,#532,$);
#975 = CONTEXT_DEPENDENT_SHAPE_REPRESENTATION(#976,#978);
#976 = ( REPRESENTATION_RELATIONSHIP('','',#537,#10) 
REPRESENTATION_RELATIONSHIP_WITH_TRANSFORMATION(#977) 
SHAPE_REPRESENTATION_RELATIONSHIP() );
#977 = ITEM_DEFINED_TRANSFORMATION('','',#11,#175);
#978 = PRODUCT_DEFINITION_SHAPE('Placement','Placement of an item',#979
  );
#979 = NEXT_ASSEMBLY_USAGE_OCCURRENCE('46','C7','',#5,#532,$);
#980 = CONTEXT_DEPENDENT_SHAPE_REPRESENTATION(#981,#983);
#981 = ( REPRESENTATION_RELATIONSHIP('','',#537,#10) 
REPRESENTATION_RELATIONSHIP_WITH_TRANSFORMATION(#982) 
SHAPE_REPRESENTATION_RELATIONSHIP() );
#982 = ITEM_DEFINED_TRANSFORMATION('','',#11,#179);
#983 = PRODUCT_DEFINITION_SHAPE('Placement','Placement of an item',#984
  );
#984 = NEXT_ASSEMBLY_USAGE_OCCURRENCE('47','C23','',#5,#532,$);
#985 = CONTEXT_DEPENDENT_SHAPE_REPRESENTATION(#986,#988);
#986 = ( REPRESENTATION_RELATIONSHIP('','',#537,#10) 
REPRESENTATION_RELATIONSHIP_WITH_TRANSFORMATION(#987) 
SHAPE_REPRESENTATION_RELATIONSHIP() );
#987 = ITEM_DEFINED_TRANSFORMATION('','',#11,#183);
#988 = PRODUCT_DEFINITION_SHAPE('Placement','Placement of an item',#989
  );
#989 = NEXT_ASSEMBLY_USAGE_OCCURRENCE('48','C24','',#5,#532,$);
#990 = CONTEXT_DEPENDENT_SHAPE_REPRESENTATION(#991,#993);
#991 = ( REPRESENTATION_RELATIONSHIP('','',#537,#10) 
REPRESENTATION_RELATIONSHIP_WITH_TRANSFORMATION(#992) 
SHAPE_REPRESENTATION_RELATIONSHIP() );
#992 = ITEM_DEFINED_TRANSFORMATION('','',#11,#187);
#993 = PRODUCT_DEFINITION_SHAPE('Placement','Placement of an item',#994
  );
#994 = NEXT_ASSEMBLY_USAGE_OCCURRENCE('49','C54','',#5,#532,$);
#995 = CONTEXT_DEPENDENT_SHAPE_REPRESENTATION(#996,#998);
#996 = ( REPRESENTATION_RELATIONSHIP('','',#537,#10) 
REPRESENTATION_RELATIONSHIP_WITH_TRANSFORMATION(#997) 
SHAPE_REPRESENTATION_RELATIONSHIP() );
#997 = ITEM_DEFINED_TRANSFORMATION('','',#11,#191);
#998 = PRODUCT_DEFINITION_SHAPE('Placement','Placement of an item',#999
  );
#999 = NEXT_ASSEMBLY_USAGE_OCCURRENCE('50','C20','',#5,#532,$);
#1000 = CONTEXT_DEPENDENT_SHAPE_REPRESENTATION(#1001,#1003);
#1001 = ( REPRESENTATION_RELATIONSHIP('','',#537,#10) 
REPRESENTATION_RELATIONSHIP_WITH_TRANSFORMATION(#1002) 
SHAPE_REPRESENTATION_RELATIONSHIP() );
#1002 = ITEM_DEFINED_TRANSFORMATION('','',#11,#195);
#1003 = PRODUCT_DEFINITION_SHAPE('Placement','Placement of an item',
  #1004);
#1004 = NEXT_ASSEMBLY_USAGE_OCCURRENCE('51','C18','',#5,#532,$);
#1005 = CONTEXT_DEPENDENT_SHAPE_REPRESENTATION(#1006,#1008);
#1006 = ( REPRESENTATION_RELATIONSHIP('','',#537,#10) 
REPRESENTATION_RELATIONSHIP_WITH_TRANSFORMATION(#1007) 
SHAPE_REPRESENTATION_RELATIONSHIP() );
#1007 = ITEM_DEFINED_TRANSFORMATION('','',#11,#199);
#1008 = PRODUCT_DEFINITION_SHAPE('Placement','Placement of an item',
  #1009);
#1009 = NEXT_ASSEMBLY_USAGE_OCCURRENCE('52','C31','',#5,#532,$);
#1010 = CONTEXT_DEPENDENT_SHAPE_REPRESENTATION(#1011,#1013);
#1011 = ( REPRESENTATION_RELATIONSHIP('','',#537,#10) 
REPRESENTATION_RELATIONSHIP_WITH_TRANSFORMATION(#1012) 
SHAPE_REPRESENTATION_RELATIONSHIP() );
#1012 = ITEM_DEFINED_TRANSFORMATION('','',#11,#203);
#1013 = PRODUCT_DEFINITION_SHAPE('Placement','Placement of an item',
  #1014);
#1014 = NEXT_ASSEMBLY_USAGE_OCCURRENCE('53','C37','',#5,#532,$);
#1015 = CONTEXT_DEPENDENT_SHAPE_REPRESENTATION(#1016,#1018);
#1016 = ( REPRESENTATION_RELATIONSHIP('','',#537,#10) 
REPRESENTATION_RELATIONSHIP_WITH_TRANSFORMATION(#1017) 
SHAPE_REPRESENTATION_RELATIONSHIP() );
#1017 = ITEM_DEFINED_TRANSFORMATION('','',#11,#207);
#1018 = PRODUCT_DEFINITION_SHAPE('Placement','Placement of an item',
  #1019);
#1019 = NEXT_ASSEMBLY_USAGE_OCCURRENCE('54','C55','',#5,#532,$);
#1020 = CONTEXT_DEPENDENT_SHAPE_REPRESENTATION(#1021,#1023);
#1021 = ( REPRESENTATION_RELATIONSHIP('','',#537,#10) 
REPRESENTATION_RELATIONSHIP_WITH_TRANSFORMATION(#1022) 
SHAPE_REPRESENTATION_RELATIONSHIP() );
#1022 = ITEM_DEFINED_TRANSFORMATION('','',#11,#211);
#1023 = PRODUCT_DEFINITION_SHAPE('Placement','Placement of an item',
  #1024);
#1024 = NEXT_ASSEMBLY_USAGE_OCCURRENCE('55','C3','',#5,#532,$);
#1025 = CONTEXT_DEPENDENT_SHAPE_REPRESENTATION(#1026,#1028);
#1026 = ( REPRESENTATION_RELATIONSHIP('','',#537,#10) 
REPRESENTATION_RELATIONSHIP_WITH_TRANSFORMATION(#1027) 
SHAPE_REPRESENTATION_RELATIONSHIP() );
#1027 = ITEM_DEFINED_TRANSFORMATION('','',#11,#215);
#1028 = PRODUCT_DEFINITION_SHAPE('Placement','Placement of an item',
  #1029);
#1029 = NEXT_ASSEMBLY_USAGE_OCCURRENCE('56','C1','',#5,#532,$);
#1030 = CONTEXT_DEPENDENT_SHAPE_REPRESENTATION(#1031,#1033);
#1031 = ( REPRESENTATION_RELATIONSHIP('','',#537,#10) 
REPRESENTATION_RELATIONSHIP_WITH_TRANSFORMATION(#1032) 
SHAPE_REPRESENTATION_RELATIONSHIP() );
#1032 = ITEM_DEFINED_TRANSFORMATION('','',#11,#219);
#1033 = PRODUCT_DEFINITION_SHAPE('Placement','Placement of an item',
  #1034);
#1034 = NEXT_ASSEMBLY_USAGE_OCCURRENCE('57','C40','',#5,#532,$);
#1035 = CONTEXT_DEPENDENT_SHAPE_REPRESENTATION(#1036,#1038);
#1036 = ( REPRESENTATION_RELATIONSHIP('','',#537,#10) 
REPRESENTATION_RELATIONSHIP_WITH_TRANSFORMATION(#1037) 
SHAPE_REPRESENTATION_RELATIONSHIP() );
#1037 = ITEM_DEFINED_TRANSFORMATION('','',#11,#223);
#1038 = PRODUCT_DEFINITION_SHAPE('Placement','Placement of an item',
  #1039);
#1039 = NEXT_ASSEMBLY_USAGE_OCCURRENCE('58','C43','',#5,#532,$);
#1040 = CONTEXT_DEPENDENT_SHAPE_REPRESENTATION(#1041,#1043);
#1041 = ( REPRESENTATION_RELATIONSHIP('','',#537,#10) 
REPRESENTATION_RELATIONSHIP_WITH_TRANSFORMATION(#1042) 
SHAPE_REPRESENTATION_RELATIONSHIP() );
#1042 = ITEM_DEFINED_TRANSFORMATION('','',#11,#227);
#1043 = PRODUCT_DEFINITION_SHAPE('Placement','Placement of an item',
  #1044);
#1044 = NEXT_ASSEMBLY_USAGE_OCCURRENCE('59','C44','',#5,#532,$);
#1045 = CONTEXT_DEPENDENT_SHAPE_REPRESENTATION(#1046,#1048);
#1046 = ( REPRESENTATION_RELATIONSHIP('','',#537,#10) 
REPRESENTATION_RELATIONSHIP_WITH_TRANSFORMATION(#1047) 
SHAPE_REPRESENTATION_RELATIONSHIP() );
#1047 = ITEM_DEFINED_TRANSFORMATION('','',#11,#231);
#1048 = PRODUCT_DEFINITION_SHAPE('Placement','Placement of an item',
  #1049);
#1049 = NEXT_ASSEMBLY_USAGE_OCCURRENCE('60','C2','',#5,#532,$);
#1050 = CONTEXT_DEPENDENT_SHAPE_REPRESENTATION(#1051,#1053);
#1051 = ( REPRESENTATION_RELATIONSHIP('','',#537,#10) 
REPRESENTATION_RELATIONSHIP_WITH_TRANSFORMATION(#1052) 
SHAPE_REPRESENTATION_RELATIONSHIP() );
#1052 = ITEM_DEFINED_TRANSFORMATION('','',#11,#235);
#1053 = PRODUCT_DEFINITION_SHAPE('Placement','Placement of an item',
  #1054);
#1054 = NEXT_ASSEMBLY_USAGE_OCCURRENCE('61','C57','',#5,#532,$);
#1055 = CONTEXT_DEPENDENT_SHAPE_REPRESENTATION(#1056,#1058);
#1056 = ( REPRESENTATION_RELATIONSHIP('','',#537,#10) 
REPRESENTATION_RELATIONSHIP_WITH_TRANSFORMATION(#1057) 
SHAPE_REPRESENTATION_RELATIONSHIP() );
#1057 = ITEM_DEFINED_TRANSFORMATION('','',#11,#239);
#1058 = PRODUCT_DEFINITION_SHAPE('Placement','Placement of an item',
  #1059);
#1059 = NEXT_ASSEMBLY_USAGE_OCCURRENCE('62','C33','',#5,#532,$);
#1060 = CONTEXT_DEPENDENT_SHAPE_REPRESENTATION(#1061,#1063);
#1061 = ( REPRESENTATION_RELATIONSHIP('','',#537,#10) 
REPRESENTATION_RELATIONSHIP_WITH_TRANSFORMATION(#1062) 
SHAPE_REPRESENTATION_RELATIONSHIP() );
#1062 = ITEM_DEFINED_TRANSFORMATION('','',#11,#243);
#1063 = PRODUCT_DEFINITION_SHAPE('Placement','Placement of an item',
  #1064);
#1064 = NEXT_ASSEMBLY_USAGE_OCCURRENCE('63','C53','',#5,#532,$);
#1065 = CONTEXT_DEPENDENT_SHAPE_REPRESENTATION(#1066,#1068);
#1066 = ( REPRESENTATION_RELATIONSHIP('','',#537,#10) 
REPRESENTATION_RELATIONSHIP_WITH_TRANSFORMATION(#1067) 
SHAPE_REPRESENTATION_RELATIONSHIP() );
#1067 = ITEM_DEFINED_TRANSFORMATION('','',#11,#247);
#1068 = PRODUCT_DEFINITION_SHAPE('Placement','Placement of an item',
  #1069);
#1069 = NEXT_ASSEMBLY_USAGE_OCCURRENCE('64','C9','',#5,#532,$);
#1070 = CONTEXT_DEPENDENT_SHAPE_REPRESENTATION(#1071,#1073);
#1071 = ( REPRESENTATION_RELATIONSHIP('','',#537,#10) 
REPRESENTATION_RELATIONSHIP_WITH_TRANSFORMATION(#1072) 
SHAPE_REPRESENTATION_RELATIONSHIP() );
#1072 = ITEM_DEFINED_TRANSFORMATION('','',#11,#251);
#1073 = PRODUCT_DEFINITION_SHAPE('Placement','Placement of an item',
  #1074);
#1074 = NEXT_ASSEMBLY_USAGE_OCCURRENCE('65','C22','',#5,#532,$);
#1075 = CONTEXT_DEPENDENT_SHAPE_REPRESENTATION(#1076,#1078);
#1076 = ( REPRESENTATION_RELATIONSHIP('','',#537,#10) 
REPRESENTATION_RELATIONSHIP_WITH_TRANSFORMATION(#1077) 
SHAPE_REPRESENTATION_RELATIONSHIP() );
#1077 = ITEM_DEFINED_TRANSFORMATION('','',#11,#255);
#1078 = PRODUCT_DEFINITION_SHAPE('Placement','Placement of an item',
  #1079);
#1079 = NEXT_ASSEMBLY_USAGE_OCCURRENCE('66','C39','',#5,#532,$);
#1080 = CONTEXT_DEPENDENT_SHAPE_REPRESENTATION(#1081,#1083);
#1081 = ( REPRESENTATION_RELATIONSHIP('','',#537,#10) 
REPRESENTATION_RELATIONSHIP_WITH_TRANSFORMATION(#1082) 
SHAPE_REPRESENTATION_RELATIONSHIP() );
#1082 = ITEM_DEFINED_TRANSFORMATION('','',#11,#259);
#1083 = PRODUCT_DEFINITION_SHAPE('Placement','Placement of an item',
  #1084);
#1084 = NEXT_ASSEMBLY_USAGE_OCCURRENCE('67','C42','',#5,#532,$);
#1085 = CONTEXT_DEPENDENT_SHAPE_REPRESENTATION(#1086,#1088);
#1086 = ( REPRESENTATION_RELATIONSHIP('','',#537,#10) 
REPRESENTATION_RELATIONSHIP_WITH_TRANSFORMATION(#1087) 
SHAPE_REPRESENTATION_RELATIONSHIP() );
#1087 = ITEM_DEFINED_TRANSFORMATION('','',#11,#263);
#1088 = PRODUCT_DEFINITION_SHAPE('Placement','Placement of an item',
  #1089);
#1089 = NEXT_ASSEMBLY_USAGE_OCCURRENCE('68','C15','',#5,#532,$);
#1090 = CONTEXT_DEPENDENT_SHAPE_REPRESENTATION(#1091,#1093);
#1091 = ( REPRESENTATION_RELATIONSHIP('','',#537,#10) 
REPRESENTATION_RELATIONSHIP_WITH_TRANSFORMATION(#1092) 
SHAPE_REPRESENTATION_RELATIONSHIP() );
#1092 = ITEM_DEFINED_TRANSFORMATION('','',#11,#267);
#1093 = PRODUCT_DEFINITION_SHAPE('Placement','Placement of an item',
  #1094);
#1094 = NEXT_ASSEMBLY_USAGE_OCCURRENCE('69','C11','',#5,#532,$);
#1095 = SHAPE_DEFINITION_REPRESENTATION(#1096,#1102);
#1096 = PRODUCT_DEFINITION_SHAPE('','',#1097);
#1097 = PRODUCT_DEFINITION('design','',#1098,#1101);
#1098 = PRODUCT_DEFINITION_FORMATION('','',#1099);
#1099 = PRODUCT('DCBusCapacitorBoard_PCB','DCBusCapacitorBoard_PCB','',(
    #1100));
#1100 = PRODUCT_CONTEXT('',#2,'mechanical');
#1101 = PRODUCT_DEFINITION_CONTEXT('part definition',#2,'design');
#1102 = ADVANCED_BREP_SHAPE_REPRESENTATION('',(#11,#1103),#7415);
#1103 = MANIFOLD_SOLID_BREP('',#1104);
#1104 = CLOSED_SHELL('',(#1105,#1145,#1176,#1207,#2928,#4649,#4666,#4683
    ,#4700,#4717,#4734,#4751,#4768,#4785,#4802,#4819,#4836,#4853,#4870,
    #4887,#4904,#4921,#4938,#4955,#4972,#4989,#5006,#5023,#5040,#5057,
    #5074,#5091,#5103,#5120,#5137,#5154,#5171,#5188,#5205,#5222,#5239,
    #5256,#5273,#5290,#5307,#5324,#5341,#5358,#5375,#5392,#5409,#5426,
    #5443,#5460,#5477,#5494,#5511,#5528,#5545,#5562,#5579,#5596,#5613,
    #5630,#5647,#5664,#5681,#5698,#5715,#5732,#5749,#5766,#5783,#5800,
    #5817,#5834,#5851,#5868,#5885,#5902,#5919,#5936,#5953,#5970,#5987,
    #6004,#6021,#6038,#6055,#6072,#6089,#6106,#6123,#6140,#6157,#6174,
    #6191,#6208,#6225,#6242,#6259,#6276,#6293,#6310,#6327,#6344,#6361,
    #6378,#6395,#6412,#6429,#6446,#6463,#6480,#6497,#6514,#6531,#6548,
    #6565,#6582,#6599,#6616,#6633,#6650,#6667,#6684,#6701,#6718,#6735,
    #6752,#6769,#6786,#6803,#6820,#6837,#6854,#6871,#6888,#6905,#6922,
    #6939,#6956,#6973,#6990,#7007,#7024,#7041,#7058,#7075,#7092,#7109,
    #7126,#7143,#7160,#7177,#7194,#7211,#7228,#7245,#7262,#7279,#7296,
    #7313,#7330,#7347,#7364,#7381,#7398));
#1105 = ADVANCED_FACE('',(#1106),#1140,.T.);
#1106 = FACE_BOUND('',#1107,.T.);
#1107 = EDGE_LOOP('',(#1108,#1118,#1126,#1134));
#1108 = ORIENTED_EDGE('',*,*,#1109,.T.);
#1109 = EDGE_CURVE('',#1110,#1112,#1114,.T.);
#1110 = VERTEX_POINT('',#1111);
#1111 = CARTESIAN_POINT('',(217.,9.006807,0.));
#1112 = VERTEX_POINT('',#1113);
#1113 = CARTESIAN_POINT('',(217.,9.006807,1.51));
#1114 = LINE('',#1115,#1116);
#1115 = CARTESIAN_POINT('',(217.,9.006807,0.));
#1116 = VECTOR('',#1117,1.);
#1117 = DIRECTION('',(0.,0.,1.));
#1118 = ORIENTED_EDGE('',*,*,#1119,.T.);
#1119 = EDGE_CURVE('',#1112,#1120,#1122,.T.);
#1120 = VERTEX_POINT('',#1121);
#1121 = CARTESIAN_POINT('',(217.,-5.,1.51));
#1122 = LINE('',#1123,#1124);
#1123 = CARTESIAN_POINT('',(217.,9.006807,1.51));
#1124 = VECTOR('',#1125,1.);
#1125 = DIRECTION('',(0.,-1.,0.));
#1126 = ORIENTED_EDGE('',*,*,#1127,.F.);
#1127 = EDGE_CURVE('',#1128,#1120,#1130,.T.);
#1128 = VERTEX_POINT('',#1129);
#1129 = CARTESIAN_POINT('',(217.,-5.,0.));
#1130 = LINE('',#1131,#1132);
#1131 = CARTESIAN_POINT('',(217.,-5.,0.));
#1132 = VECTOR('',#1133,1.);
#1133 = DIRECTION('',(0.,0.,1.));
#1134 = ORIENTED_EDGE('',*,*,#1135,.F.);
#1135 = EDGE_CURVE('',#1110,#1128,#1136,.T.);
#1136 = LINE('',#1137,#1138);
#1137 = CARTESIAN_POINT('',(217.,9.006807,0.));
#1138 = VECTOR('',#1139,1.);
#1139 = DIRECTION('',(0.,-1.,0.));
#1140 = PLANE('',#1141);
#1141 = AXIS2_PLACEMENT_3D('',#1142,#1143,#1144);
#1142 = CARTESIAN_POINT('',(217.,9.006807,0.));
#1143 = DIRECTION('',(1.,0.,-0.));
#1144 = DIRECTION('',(0.,-1.,0.));
#1145 = ADVANCED_FACE('',(#1146),#1171,.T.);
#1146 = FACE_BOUND('',#1147,.T.);
#1147 = EDGE_LOOP('',(#1148,#1158,#1164,#1165));
#1148 = ORIENTED_EDGE('',*,*,#1149,.T.);
#1149 = EDGE_CURVE('',#1150,#1152,#1154,.T.);
#1150 = VERTEX_POINT('',#1151);
#1151 = CARTESIAN_POINT('',(152.995016,9.061263,0.));
#1152 = VERTEX_POINT('',#1153);
#1153 = CARTESIAN_POINT('',(152.995016,9.061263,1.51));
#1154 = LINE('',#1155,#1156);
#1155 = CARTESIAN_POINT('',(152.995016,9.061263,0.));
#1156 = VECTOR('',#1157,1.);
#1157 = DIRECTION('',(0.,0.,1.));
#1158 = ORIENTED_EDGE('',*,*,#1159,.T.);
#1159 = EDGE_CURVE('',#1152,#1112,#1160,.T.);
#1160 = LINE('',#1161,#1162);
#1161 = CARTESIAN_POINT('',(152.995016,9.061263,1.51));
#1162 = VECTOR('',#1163,1.);
#1163 = DIRECTION('',(0.999999638062,-8.508084353295E-04,0.));
#1164 = ORIENTED_EDGE('',*,*,#1109,.F.);
#1165 = ORIENTED_EDGE('',*,*,#1166,.F.);
#1166 = EDGE_CURVE('',#1150,#1110,#1167,.T.);
#1167 = LINE('',#1168,#1169);
#1168 = CARTESIAN_POINT('',(152.995016,9.061263,0.));
#1169 = VECTOR('',#1170,1.);
#1170 = DIRECTION('',(0.999999638062,-8.508084353295E-04,0.));
#1171 = PLANE('',#1172);
#1172 = AXIS2_PLACEMENT_3D('',#1173,#1174,#1175);
#1173 = CARTESIAN_POINT('',(152.995016,9.061263,0.));
#1174 = DIRECTION('',(8.508084353295E-04,0.999999638062,-0.));
#1175 = DIRECTION('',(0.999999638062,-8.508084353295E-04,0.));
#1176 = ADVANCED_FACE('',(#1177),#1202,.T.);
#1177 = FACE_BOUND('',#1178,.T.);
#1178 = EDGE_LOOP('',(#1179,#1180,#1188,#1196));
#1179 = ORIENTED_EDGE('',*,*,#1127,.T.);
#1180 = ORIENTED_EDGE('',*,*,#1181,.T.);
#1181 = EDGE_CURVE('',#1120,#1182,#1184,.T.);
#1182 = VERTEX_POINT('',#1183);
#1183 = CARTESIAN_POINT('',(243.,-5.,1.51));
#1184 = LINE('',#1185,#1186);
#1185 = CARTESIAN_POINT('',(217.,-5.,1.51));
#1186 = VECTOR('',#1187,1.);
#1187 = DIRECTION('',(1.,0.,0.));
#1188 = ORIENTED_EDGE('',*,*,#1189,.F.);
#1189 = EDGE_CURVE('',#1190,#1182,#1192,.T.);
#1190 = VERTEX_POINT('',#1191);
#1191 = CARTESIAN_POINT('',(243.,-5.,0.));
#1192 = LINE('',#1193,#1194);
#1193 = CARTESIAN_POINT('',(243.,-5.,0.));
#1194 = VECTOR('',#1195,1.);
#1195 = DIRECTION('',(0.,0.,1.));
#1196 = ORIENTED_EDGE('',*,*,#1197,.F.);
#1197 = EDGE_CURVE('',#1128,#1190,#1198,.T.);
#1198 = LINE('',#1199,#1200);
#1199 = CARTESIAN_POINT('',(217.,-5.,0.));
#1200 = VECTOR('',#1201,1.);
#1201 = DIRECTION('',(1.,0.,0.));
#1202 = PLANE('',#1203);
#1203 = AXIS2_PLACEMENT_3D('',#1204,#1205,#1206);
#1204 = CARTESIAN_POINT('',(217.,-5.,0.));
#1205 = DIRECTION('',(0.,1.,0.));
#1206 = DIRECTION('',(1.,0.,0.));
#1207 = ADVANCED_FACE('',(#1208,#1427,#1438,#1449,#1460,#1471,#1482,
    #1493,#1504,#1515,#1526,#1537,#1548,#1559,#1570,#1581,#1592,#1603,
    #1614,#1625,#1636,#1647,#1658,#1669,#1680,#1691,#1702,#1713,#1724,
    #1735,#1746,#1757,#1768,#1779,#1790,#1801,#1812,#1823,#1834,#1845,
    #1856,#1867,#1878,#1889,#1900,#1911,#1922,#1933,#1944,#1955,#1966,
    #1977,#1988,#1999,#2010,#2021,#2032,#2043,#2054,#2065,#2076,#2087,
    #2098,#2109,#2120,#2131,#2142,#2153,#2164,#2175,#2186,#2197,#2208,
    #2219,#2230,#2241,#2252,#2263,#2274,#2285,#2296,#2307,#2318,#2329,
    #2340,#2351,#2362,#2373,#2384,#2395,#2406,#2417,#2428,#2439,#2450,
    #2461,#2472,#2483,#2494,#2505,#2516,#2527,#2538,#2549,#2560,#2571,
    #2582,#2593,#2604,#2615,#2626,#2637,#2648,#2659,#2670,#2681,#2692,
    #2703,#2714,#2725,#2736,#2747,#2758,#2769,#2780,#2791,#2802,#2813,
    #2824,#2835,#2846,#2857,#2868,#2879,#2890,#2901,#2912),#2923,.F.);
#1208 = FACE_BOUND('',#1209,.F.);
#1209 = EDGE_LOOP('',(#1210,#1211,#1212,#1220,#1228,#1236,#1244,#1252,
    #1260,#1268,#1276,#1284,#1292,#1300,#1308,#1316,#1324,#1332,#1340,
    #1348,#1356,#1364,#1372,#1380,#1388,#1396,#1404,#1412,#1420,#1426));
#1210 = ORIENTED_EDGE('',*,*,#1135,.F.);
#1211 = ORIENTED_EDGE('',*,*,#1166,.F.);
#1212 = ORIENTED_EDGE('',*,*,#1213,.F.);
#1213 = EDGE_CURVE('',#1214,#1150,#1216,.T.);
#1214 = VERTEX_POINT('',#1215);
#1215 = CARTESIAN_POINT('',(152.983024,-5.033842,0.));
#1216 = LINE('',#1217,#1218);
#1217 = CARTESIAN_POINT('',(152.983024,-5.033842,0.));
#1218 = VECTOR('',#1219,1.);
#1219 = DIRECTION('',(8.507915095212E-04,0.999999638077,0.));
#1220 = ORIENTED_EDGE('',*,*,#1221,.F.);
#1221 = EDGE_CURVE('',#1222,#1214,#1224,.T.);
#1222 = VERTEX_POINT('',#1223);
#1223 = CARTESIAN_POINT('',(126.991997,-5.017863,0.));
#1224 = LINE('',#1225,#1226);
#1225 = CARTESIAN_POINT('',(126.991997,-5.017863,0.));
#1226 = VECTOR('',#1227,1.);
#1227 = DIRECTION('',(0.999999811017,-6.147889800678E-04,0.));
#1228 = ORIENTED_EDGE('',*,*,#1229,.F.);
#1229 = EDGE_CURVE('',#1230,#1222,#1232,.T.);
#1230 = VERTEX_POINT('',#1231);
#1231 = CARTESIAN_POINT('',(127.000615,8.999999,0.));
#1232 = LINE('',#1233,#1234);
#1233 = CARTESIAN_POINT('',(127.000615,8.999999,0.));
#1234 = VECTOR('',#1235,1.);
#1235 = DIRECTION('',(-6.147869319413E-04,-0.999999811018,0.));
#1236 = ORIENTED_EDGE('',*,*,#1237,.F.);
#1237 = EDGE_CURVE('',#1238,#1230,#1240,.T.);
#1238 = VERTEX_POINT('',#1239);
#1239 = CARTESIAN_POINT('',(127.000614,9.,0.));
#1240 = LINE('',#1241,#1242);
#1241 = CARTESIAN_POINT('',(127.000614,9.,0.));
#1242 = VECTOR('',#1243,1.);
#1243 = DIRECTION('',(0.707106780559,-0.707106781815,0.));
#1244 = ORIENTED_EDGE('',*,*,#1245,.F.);
#1245 = EDGE_CURVE('',#1246,#1238,#1248,.T.);
#1246 = VERTEX_POINT('',#1247);
#1247 = CARTESIAN_POINT('',(63.,9.,0.));
#1248 = LINE('',#1249,#1250);
#1249 = CARTESIAN_POINT('',(63.,9.,0.));
#1250 = VECTOR('',#1251,1.);
#1251 = DIRECTION('',(1.,0.,0.));
#1252 = ORIENTED_EDGE('',*,*,#1253,.F.);
#1253 = EDGE_CURVE('',#1254,#1246,#1256,.T.);
#1254 = VERTEX_POINT('',#1255);
#1255 = CARTESIAN_POINT('',(63.,-5.,0.));
#1256 = LINE('',#1257,#1258);
#1257 = CARTESIAN_POINT('',(63.,-5.,0.));
#1258 = VECTOR('',#1259,1.);
#1259 = DIRECTION('',(0.,1.,0.));
#1260 = ORIENTED_EDGE('',*,*,#1261,.F.);
#1261 = EDGE_CURVE('',#1262,#1254,#1264,.T.);
#1262 = VERTEX_POINT('',#1263);
#1263 = CARTESIAN_POINT('',(37.,-5.,0.));
#1264 = LINE('',#1265,#1266);
#1265 = CARTESIAN_POINT('',(37.,-5.,0.));
#1266 = VECTOR('',#1267,1.);
#1267 = DIRECTION('',(1.,0.,0.));
#1268 = ORIENTED_EDGE('',*,*,#1269,.F.);
#1269 = EDGE_CURVE('',#1270,#1262,#1272,.T.);
#1270 = VERTEX_POINT('',#1271);
#1271 = CARTESIAN_POINT('',(37.,8.,0.));
#1272 = LINE('',#1273,#1274);
#1273 = CARTESIAN_POINT('',(37.,8.,0.));
#1274 = VECTOR('',#1275,1.);
#1275 = DIRECTION('',(0.,-1.,0.));
#1276 = ORIENTED_EDGE('',*,*,#1277,.F.);
#1277 = EDGE_CURVE('',#1278,#1270,#1280,.T.);
#1278 = VERTEX_POINT('',#1279);
#1279 = CARTESIAN_POINT('',(36.,9.,0.));
#1280 = LINE('',#1281,#1282);
#1281 = CARTESIAN_POINT('',(36.,9.,0.));
#1282 = VECTOR('',#1283,1.);
#1283 = DIRECTION('',(0.707106781187,-0.707106781187,0.));
#1284 = ORIENTED_EDGE('',*,*,#1285,.F.);
#1285 = EDGE_CURVE('',#1286,#1278,#1288,.T.);
#1286 = VERTEX_POINT('',#1287);
#1287 = CARTESIAN_POINT('',(9.,9.,0.));
#1288 = LINE('',#1289,#1290);
#1289 = CARTESIAN_POINT('',(9.,9.,0.));
#1290 = VECTOR('',#1291,1.);
#1291 = DIRECTION('',(1.,0.,0.));
#1292 = ORIENTED_EDGE('',*,*,#1293,.F.);
#1293 = EDGE_CURVE('',#1294,#1286,#1296,.T.);
#1294 = VERTEX_POINT('',#1295);
#1295 = CARTESIAN_POINT('',(0.,-0.,0.));
#1296 = LINE('',#1297,#1298);
#1297 = CARTESIAN_POINT('',(0.,-0.,0.));
#1298 = VECTOR('',#1299,1.);
#1299 = DIRECTION('',(0.707106781187,0.707106781187,0.));
#1300 = ORIENTED_EDGE('',*,*,#1301,.F.);
#1301 = EDGE_CURVE('',#1302,#1294,#1304,.T.);
#1302 = VERTEX_POINT('',#1303);
#1303 = CARTESIAN_POINT('',(0.,-85.,0.));
#1304 = LINE('',#1305,#1306);
#1305 = CARTESIAN_POINT('',(0.,-85.,0.));
#1306 = VECTOR('',#1307,1.);
#1307 = DIRECTION('',(0.,1.,0.));
#1308 = ORIENTED_EDGE('',*,*,#1309,.F.);
#1309 = EDGE_CURVE('',#1310,#1302,#1312,.T.);
#1310 = VERTEX_POINT('',#1311);
#1311 = CARTESIAN_POINT('',(2.,-87.,0.));
#1312 = LINE('',#1313,#1314);
#1313 = CARTESIAN_POINT('',(2.,-87.,0.));
#1314 = VECTOR('',#1315,1.);
#1315 = DIRECTION('',(-0.707106781187,0.707106781187,0.));
#1316 = ORIENTED_EDGE('',*,*,#1317,.F.);
#1317 = EDGE_CURVE('',#1318,#1310,#1320,.T.);
#1318 = VERTEX_POINT('',#1319);
#1319 = CARTESIAN_POINT('',(277.,-87.,0.));
#1320 = LINE('',#1321,#1322);
#1321 = CARTESIAN_POINT('',(277.,-87.,0.));
#1322 = VECTOR('',#1323,1.);
#1323 = DIRECTION('',(-1.,0.,0.));
#1324 = ORIENTED_EDGE('',*,*,#1325,.F.);
#1325 = EDGE_CURVE('',#1326,#1318,#1328,.T.);
#1326 = VERTEX_POINT('',#1327);
#1327 = CARTESIAN_POINT('',(292.,-87.,0.));
#1328 = LINE('',#1329,#1330);
#1329 = CARTESIAN_POINT('',(292.,-87.,0.));
#1330 = VECTOR('',#1331,1.);
#1331 = DIRECTION('',(-1.,0.,0.));
#1332 = ORIENTED_EDGE('',*,*,#1333,.F.);
#1333 = EDGE_CURVE('',#1334,#1326,#1336,.T.);
#1334 = VERTEX_POINT('',#1335);
#1335 = CARTESIAN_POINT('',(292.,-79.,0.));
#1336 = LINE('',#1337,#1338);
#1337 = CARTESIAN_POINT('',(292.,-79.,0.));
#1338 = VECTOR('',#1339,1.);
#1339 = DIRECTION('',(0.,-1.,0.));
#1340 = ORIENTED_EDGE('',*,*,#1341,.F.);
#1341 = EDGE_CURVE('',#1342,#1334,#1344,.T.);
#1342 = VERTEX_POINT('',#1343);
#1343 = CARTESIAN_POINT('',(287.,-74.,0.));
#1344 = LINE('',#1345,#1346);
#1345 = CARTESIAN_POINT('',(287.,-74.,0.));
#1346 = VECTOR('',#1347,1.);
#1347 = DIRECTION('',(0.707106781187,-0.707106781187,0.));
#1348 = ORIENTED_EDGE('',*,*,#1349,.F.);
#1349 = EDGE_CURVE('',#1350,#1342,#1352,.T.);
#1350 = VERTEX_POINT('',#1351);
#1351 = CARTESIAN_POINT('',(277.,-74.,0.));
#1352 = LINE('',#1353,#1354);
#1353 = CARTESIAN_POINT('',(277.,-74.,0.));
#1354 = VECTOR('',#1355,1.);
#1355 = DIRECTION('',(1.,0.,0.));
#1356 = ORIENTED_EDGE('',*,*,#1357,.F.);
#1357 = EDGE_CURVE('',#1358,#1350,#1360,.T.);
#1358 = VERTEX_POINT('',#1359);
#1359 = CARTESIAN_POINT('',(277.,-22.,0.));
#1360 = LINE('',#1361,#1362);
#1361 = CARTESIAN_POINT('',(277.,-22.,0.));
#1362 = VECTOR('',#1363,1.);
#1363 = DIRECTION('',(0.,-1.,0.));
#1364 = ORIENTED_EDGE('',*,*,#1365,.F.);
#1365 = EDGE_CURVE('',#1366,#1358,#1368,.T.);
#1366 = VERTEX_POINT('',#1367);
#1367 = CARTESIAN_POINT('',(278.,-21.,0.));
#1368 = LINE('',#1369,#1370);
#1369 = CARTESIAN_POINT('',(278.,-21.,0.));
#1370 = VECTOR('',#1371,1.);
#1371 = DIRECTION('',(-0.707106781187,-0.707106781187,0.));
#1372 = ORIENTED_EDGE('',*,*,#1373,.F.);
#1373 = EDGE_CURVE('',#1374,#1366,#1376,.T.);
#1374 = VERTEX_POINT('',#1375);
#1375 = CARTESIAN_POINT('',(296.99371,-20.980456,0.));
#1376 = LINE('',#1377,#1378);
#1377 = CARTESIAN_POINT('',(296.99371,-20.980456,0.));
#1378 = VECTOR('',#1379,1.);
#1379 = DIRECTION('',(-0.999999470609,-1.02897167818E-03,0.));
#1380 = ORIENTED_EDGE('',*,*,#1381,.F.);
#1381 = EDGE_CURVE('',#1382,#1374,#1384,.T.);
#1382 = VERTEX_POINT('',#1383);
#1383 = CARTESIAN_POINT('',(296.981852,-3.988134,0.));
#1384 = LINE('',#1385,#1386);
#1385 = CARTESIAN_POINT('',(296.981852,-3.988134,0.));
#1386 = VECTOR('',#1387,1.);
#1387 = DIRECTION('',(6.978444213023E-04,-0.999999756507,0.));
#1388 = ORIENTED_EDGE('',*,*,#1389,.F.);
#1389 = EDGE_CURVE('',#1390,#1382,#1392,.T.);
#1390 = VERTEX_POINT('',#1391);
#1391 = CARTESIAN_POINT('',(284.,9.,0.));
#1392 = LINE('',#1393,#1394);
#1393 = CARTESIAN_POINT('',(284.,9.,0.));
#1394 = VECTOR('',#1395,1.);
#1395 = DIRECTION('',(0.706935715175,-0.707277805823,0.));
#1396 = ORIENTED_EDGE('',*,*,#1397,.F.);
#1397 = EDGE_CURVE('',#1398,#1390,#1400,.T.);
#1398 = VERTEX_POINT('',#1399);
#1399 = CARTESIAN_POINT('',(275.,9.,0.));
#1400 = LINE('',#1401,#1402);
#1401 = CARTESIAN_POINT('',(275.,9.,0.));
#1402 = VECTOR('',#1403,1.);
#1403 = DIRECTION('',(1.,0.,0.));
#1404 = ORIENTED_EDGE('',*,*,#1405,.F.);
#1405 = EDGE_CURVE('',#1406,#1398,#1408,.T.);
#1406 = VERTEX_POINT('',#1407);
#1407 = CARTESIAN_POINT('',(244.,9.,0.));
#1408 = LINE('',#1409,#1410);
#1409 = CARTESIAN_POINT('',(244.,9.,0.));
#1410 = VECTOR('',#1411,1.);
#1411 = DIRECTION('',(1.,0.,0.));
#1412 = ORIENTED_EDGE('',*,*,#1413,.F.);
#1413 = EDGE_CURVE('',#1414,#1406,#1416,.T.);
#1414 = VERTEX_POINT('',#1415);
#1415 = CARTESIAN_POINT('',(243.,8.,0.));
#1416 = LINE('',#1417,#1418);
#1417 = CARTESIAN_POINT('',(243.,8.,0.));
#1418 = VECTOR('',#1419,1.);
#1419 = DIRECTION('',(0.707106781187,0.707106781187,0.));
#1420 = ORIENTED_EDGE('',*,*,#1421,.F.);
#1421 = EDGE_CURVE('',#1190,#1414,#1422,.T.);
#1422 = LINE('',#1423,#1424);
#1423 = CARTESIAN_POINT('',(243.,-5.,0.));
#1424 = VECTOR('',#1425,1.);
#1425 = DIRECTION('',(0.,1.,0.));
#1426 = ORIENTED_EDGE('',*,*,#1197,.F.);
#1427 = FACE_BOUND('',#1428,.F.);
#1428 = EDGE_LOOP('',(#1429));
#1429 = ORIENTED_EDGE('',*,*,#1430,.T.);
#1430 = EDGE_CURVE('',#1431,#1431,#1433,.T.);
#1431 = VERTEX_POINT('',#1432);
#1432 = CARTESIAN_POINT('',(6.,-84.2,0.));
#1433 = CIRCLE('',#1434,3.2);
#1434 = AXIS2_PLACEMENT_3D('',#1435,#1436,#1437);
#1435 = CARTESIAN_POINT('',(6.,-81.,0.));
#1436 = DIRECTION('',(-0.,0.,-1.));
#1437 = DIRECTION('',(-0.,-1.,0.));
#1438 = FACE_BOUND('',#1439,.F.);
#1439 = EDGE_LOOP('',(#1440));
#1440 = ORIENTED_EDGE('',*,*,#1441,.T.);
#1441 = EDGE_CURVE('',#1442,#1442,#1444,.T.);
#1442 = VERTEX_POINT('',#1443);
#1443 = CARTESIAN_POINT('',(33.25,-77.5,0.));
#1444 = CIRCLE('',#1445,0.5);
#1445 = AXIS2_PLACEMENT_3D('',#1446,#1447,#1448);
#1446 = CARTESIAN_POINT('',(33.25,-77.,0.));
#1447 = DIRECTION('',(-0.,0.,-1.));
#1448 = DIRECTION('',(-0.,-1.,0.));
#1449 = FACE_BOUND('',#1450,.F.);
#1450 = EDGE_LOOP('',(#1451));
#1451 = ORIENTED_EDGE('',*,*,#1452,.T.);
#1452 = EDGE_CURVE('',#1453,#1453,#1455,.T.);
#1453 = VERTEX_POINT('',#1454);
#1454 = CARTESIAN_POINT('',(40.75,-77.5,0.));
#1455 = CIRCLE('',#1456,0.5);
#1456 = AXIS2_PLACEMENT_3D('',#1457,#1458,#1459);
#1457 = CARTESIAN_POINT('',(40.75,-77.,0.));
#1458 = DIRECTION('',(-0.,0.,-1.));
#1459 = DIRECTION('',(-0.,-1.,0.));
#1460 = FACE_BOUND('',#1461,.F.);
#1461 = EDGE_LOOP('',(#1462));
#1462 = ORIENTED_EDGE('',*,*,#1463,.T.);
#1463 = EDGE_CURVE('',#1464,#1464,#1466,.T.);
#1464 = VERTEX_POINT('',#1465);
#1465 = CARTESIAN_POINT('',(54.25,-78.,0.));
#1466 = CIRCLE('',#1467,0.5);
#1467 = AXIS2_PLACEMENT_3D('',#1468,#1469,#1470);
#1468 = CARTESIAN_POINT('',(54.25,-77.5,0.));
#1469 = DIRECTION('',(-0.,0.,-1.));
#1470 = DIRECTION('',(-0.,-1.,0.));
#1471 = FACE_BOUND('',#1472,.F.);
#1472 = EDGE_LOOP('',(#1473));
#1473 = ORIENTED_EDGE('',*,*,#1474,.T.);
#1474 = EDGE_CURVE('',#1475,#1475,#1477,.T.);
#1475 = VERTEX_POINT('',#1476);
#1476 = CARTESIAN_POINT('',(61.75,-78.,0.));
#1477 = CIRCLE('',#1478,0.5);
#1478 = AXIS2_PLACEMENT_3D('',#1479,#1480,#1481);
#1479 = CARTESIAN_POINT('',(61.75,-77.5,0.));
#1480 = DIRECTION('',(-0.,0.,-1.));
#1481 = DIRECTION('',(-0.,-1.,0.));
#1482 = FACE_BOUND('',#1483,.F.);
#1483 = EDGE_LOOP('',(#1484));
#1484 = ORIENTED_EDGE('',*,*,#1485,.T.);
#1485 = EDGE_CURVE('',#1486,#1486,#1488,.T.);
#1486 = VERTEX_POINT('',#1487);
#1487 = CARTESIAN_POINT('',(72.75,-78.,0.));
#1488 = CIRCLE('',#1489,0.5);
#1489 = AXIS2_PLACEMENT_3D('',#1490,#1491,#1492);
#1490 = CARTESIAN_POINT('',(72.75,-77.5,0.));
#1491 = DIRECTION('',(-0.,0.,-1.));
#1492 = DIRECTION('',(-0.,-1.,0.));
#1493 = FACE_BOUND('',#1494,.F.);
#1494 = EDGE_LOOP('',(#1495));
#1495 = ORIENTED_EDGE('',*,*,#1496,.T.);
#1496 = EDGE_CURVE('',#1497,#1497,#1499,.T.);
#1497 = VERTEX_POINT('',#1498);
#1498 = CARTESIAN_POINT('',(13.25,-67.,0.));
#1499 = CIRCLE('',#1500,0.5);
#1500 = AXIS2_PLACEMENT_3D('',#1501,#1502,#1503);
#1501 = CARTESIAN_POINT('',(13.25,-66.5,0.));
#1502 = DIRECTION('',(-0.,0.,-1.));
#1503 = DIRECTION('',(-0.,-1.,0.));
#1504 = FACE_BOUND('',#1505,.F.);
#1505 = EDGE_LOOP('',(#1506));
#1506 = ORIENTED_EDGE('',*,*,#1507,.T.);
#1507 = EDGE_CURVE('',#1508,#1508,#1510,.T.);
#1508 = VERTEX_POINT('',#1509);
#1509 = CARTESIAN_POINT('',(20.75,-67.,0.));
#1510 = CIRCLE('',#1511,0.5);
#1511 = AXIS2_PLACEMENT_3D('',#1512,#1513,#1514);
#1512 = CARTESIAN_POINT('',(20.75,-66.5,0.));
#1513 = DIRECTION('',(-0.,0.,-1.));
#1514 = DIRECTION('',(-0.,-1.,0.));
#1515 = FACE_BOUND('',#1516,.F.);
#1516 = EDGE_LOOP('',(#1517));
#1517 = ORIENTED_EDGE('',*,*,#1518,.T.);
#1518 = EDGE_CURVE('',#1519,#1519,#1521,.T.);
#1519 = VERTEX_POINT('',#1520);
#1520 = CARTESIAN_POINT('',(50.,-66.2,0.));
#1521 = CIRCLE('',#1522,3.2);
#1522 = AXIS2_PLACEMENT_3D('',#1523,#1524,#1525);
#1523 = CARTESIAN_POINT('',(50.,-63.,0.));
#1524 = DIRECTION('',(-0.,0.,-1.));
#1525 = DIRECTION('',(-0.,-1.,0.));
#1526 = FACE_BOUND('',#1527,.F.);
#1527 = EDGE_LOOP('',(#1528));
#1528 = ORIENTED_EDGE('',*,*,#1529,.T.);
#1529 = EDGE_CURVE('',#1530,#1530,#1532,.T.);
#1530 = VERTEX_POINT('',#1531);
#1531 = CARTESIAN_POINT('',(80.25,-78.,0.));
#1532 = CIRCLE('',#1533,0.5);
#1533 = AXIS2_PLACEMENT_3D('',#1534,#1535,#1536);
#1534 = CARTESIAN_POINT('',(80.25,-77.5,0.));
#1535 = DIRECTION('',(-0.,0.,-1.));
#1536 = DIRECTION('',(-0.,-1.,0.));
#1537 = FACE_BOUND('',#1538,.F.);
#1538 = EDGE_LOOP('',(#1539));
#1539 = ORIENTED_EDGE('',*,*,#1540,.T.);
#1540 = EDGE_CURVE('',#1541,#1541,#1543,.T.);
#1541 = VERTEX_POINT('',#1542);
#1542 = CARTESIAN_POINT('',(91.25,-78.,0.));
#1543 = CIRCLE('',#1544,0.5);
#1544 = AXIS2_PLACEMENT_3D('',#1545,#1546,#1547);
#1545 = CARTESIAN_POINT('',(91.25,-77.5,0.));
#1546 = DIRECTION('',(-0.,0.,-1.));
#1547 = DIRECTION('',(-0.,-1.,0.));
#1548 = FACE_BOUND('',#1549,.F.);
#1549 = EDGE_LOOP('',(#1550));
#1550 = ORIENTED_EDGE('',*,*,#1551,.T.);
#1551 = EDGE_CURVE('',#1552,#1552,#1554,.T.);
#1552 = VERTEX_POINT('',#1553);
#1553 = CARTESIAN_POINT('',(98.75,-78.,0.));
#1554 = CIRCLE('',#1555,0.5);
#1555 = AXIS2_PLACEMENT_3D('',#1556,#1557,#1558);
#1556 = CARTESIAN_POINT('',(98.75,-77.5,0.));
#1557 = DIRECTION('',(-0.,0.,-1.));
#1558 = DIRECTION('',(-0.,-1.,0.));
#1559 = FACE_BOUND('',#1560,.F.);
#1560 = EDGE_LOOP('',(#1561));
#1561 = ORIENTED_EDGE('',*,*,#1562,.T.);
#1562 = EDGE_CURVE('',#1563,#1563,#1565,.T.);
#1563 = VERTEX_POINT('',#1564);
#1564 = CARTESIAN_POINT('',(109.5,-78.,0.));
#1565 = CIRCLE('',#1566,0.5);
#1566 = AXIS2_PLACEMENT_3D('',#1567,#1568,#1569);
#1567 = CARTESIAN_POINT('',(109.5,-77.5,0.));
#1568 = DIRECTION('',(-0.,0.,-1.));
#1569 = DIRECTION('',(-0.,-1.,0.));
#1570 = FACE_BOUND('',#1571,.F.);
#1571 = EDGE_LOOP('',(#1572));
#1572 = ORIENTED_EDGE('',*,*,#1573,.T.);
#1573 = EDGE_CURVE('',#1574,#1574,#1576,.T.);
#1574 = VERTEX_POINT('',#1575);
#1575 = CARTESIAN_POINT('',(117.,-78.,0.));
#1576 = CIRCLE('',#1577,0.5);
#1577 = AXIS2_PLACEMENT_3D('',#1578,#1579,#1580);
#1578 = CARTESIAN_POINT('',(117.,-77.5,0.));
#1579 = DIRECTION('',(-0.,0.,-1.));
#1580 = DIRECTION('',(-0.,-1.,0.));
#1581 = FACE_BOUND('',#1582,.F.);
#1582 = EDGE_LOOP('',(#1583));
#1583 = ORIENTED_EDGE('',*,*,#1584,.T.);
#1584 = EDGE_CURVE('',#1585,#1585,#1587,.T.);
#1585 = VERTEX_POINT('',#1586);
#1586 = CARTESIAN_POINT('',(128.,-78.,0.));
#1587 = CIRCLE('',#1588,0.5);
#1588 = AXIS2_PLACEMENT_3D('',#1589,#1590,#1591);
#1589 = CARTESIAN_POINT('',(128.,-77.5,0.));
#1590 = DIRECTION('',(-0.,0.,-1.));
#1591 = DIRECTION('',(-0.,-1.,0.));
#1592 = FACE_BOUND('',#1593,.F.);
#1593 = EDGE_LOOP('',(#1594));
#1594 = ORIENTED_EDGE('',*,*,#1595,.T.);
#1595 = EDGE_CURVE('',#1596,#1596,#1598,.T.);
#1596 = VERTEX_POINT('',#1597);
#1597 = CARTESIAN_POINT('',(135.5,-78.,0.));
#1598 = CIRCLE('',#1599,0.5);
#1599 = AXIS2_PLACEMENT_3D('',#1600,#1601,#1602);
#1600 = CARTESIAN_POINT('',(135.5,-77.5,0.));
#1601 = DIRECTION('',(-0.,0.,-1.));
#1602 = DIRECTION('',(-0.,-1.,0.));
#1603 = FACE_BOUND('',#1604,.F.);
#1604 = EDGE_LOOP('',(#1605));
#1605 = ORIENTED_EDGE('',*,*,#1606,.T.);
#1606 = EDGE_CURVE('',#1607,#1607,#1609,.T.);
#1607 = VERTEX_POINT('',#1608);
#1608 = CARTESIAN_POINT('',(147.,-78.,0.));
#1609 = CIRCLE('',#1610,0.5);
#1610 = AXIS2_PLACEMENT_3D('',#1611,#1612,#1613);
#1611 = CARTESIAN_POINT('',(147.,-77.5,0.));
#1612 = DIRECTION('',(-0.,0.,-1.));
#1613 = DIRECTION('',(-0.,-1.,0.));
#1614 = FACE_BOUND('',#1615,.F.);
#1615 = EDGE_LOOP('',(#1616));
#1616 = ORIENTED_EDGE('',*,*,#1617,.T.);
#1617 = EDGE_CURVE('',#1618,#1618,#1620,.T.);
#1618 = VERTEX_POINT('',#1619);
#1619 = CARTESIAN_POINT('',(140.,-66.2,0.));
#1620 = CIRCLE('',#1621,3.2);
#1621 = AXIS2_PLACEMENT_3D('',#1622,#1623,#1624);
#1622 = CARTESIAN_POINT('',(140.,-63.,0.));
#1623 = DIRECTION('',(-0.,0.,-1.));
#1624 = DIRECTION('',(-0.,-1.,0.));
#1625 = FACE_BOUND('',#1626,.F.);
#1626 = EDGE_LOOP('',(#1627));
#1627 = ORIENTED_EDGE('',*,*,#1628,.T.);
#1628 = EDGE_CURVE('',#1629,#1629,#1631,.T.);
#1629 = VERTEX_POINT('',#1630);
#1630 = CARTESIAN_POINT('',(28.75,-57.,0.));
#1631 = CIRCLE('',#1632,0.5);
#1632 = AXIS2_PLACEMENT_3D('',#1633,#1634,#1635);
#1633 = CARTESIAN_POINT('',(28.75,-56.5,0.));
#1634 = DIRECTION('',(-0.,0.,-1.));
#1635 = DIRECTION('',(-0.,-1.,0.));
#1636 = FACE_BOUND('',#1637,.F.);
#1637 = EDGE_LOOP('',(#1638));
#1638 = ORIENTED_EDGE('',*,*,#1639,.T.);
#1639 = EDGE_CURVE('',#1640,#1640,#1642,.T.);
#1640 = VERTEX_POINT('',#1641);
#1641 = CARTESIAN_POINT('',(36.25,-57.,0.));
#1642 = CIRCLE('',#1643,0.5);
#1643 = AXIS2_PLACEMENT_3D('',#1644,#1645,#1646);
#1644 = CARTESIAN_POINT('',(36.25,-56.5,0.));
#1645 = DIRECTION('',(-0.,0.,-1.));
#1646 = DIRECTION('',(-0.,-1.,0.));
#1647 = FACE_BOUND('',#1648,.F.);
#1648 = EDGE_LOOP('',(#1649));
#1649 = ORIENTED_EDGE('',*,*,#1650,.T.);
#1650 = EDGE_CURVE('',#1651,#1651,#1653,.T.);
#1651 = VERTEX_POINT('',#1652);
#1652 = CARTESIAN_POINT('',(64.25,-59.5,0.));
#1653 = CIRCLE('',#1654,0.5);
#1654 = AXIS2_PLACEMENT_3D('',#1655,#1656,#1657);
#1655 = CARTESIAN_POINT('',(64.25,-59.,0.));
#1656 = DIRECTION('',(-0.,0.,-1.));
#1657 = DIRECTION('',(-0.,-1.,0.));
#1658 = FACE_BOUND('',#1659,.F.);
#1659 = EDGE_LOOP('',(#1660));
#1660 = ORIENTED_EDGE('',*,*,#1661,.T.);
#1661 = EDGE_CURVE('',#1662,#1662,#1664,.T.);
#1662 = VERTEX_POINT('',#1663);
#1663 = CARTESIAN_POINT('',(71.75,-59.5,0.));
#1664 = CIRCLE('',#1665,0.5);
#1665 = AXIS2_PLACEMENT_3D('',#1666,#1667,#1668);
#1666 = CARTESIAN_POINT('',(71.75,-59.,0.));
#1667 = DIRECTION('',(-0.,0.,-1.));
#1668 = DIRECTION('',(-0.,-1.,0.));
#1669 = FACE_BOUND('',#1670,.F.);
#1670 = EDGE_LOOP('',(#1671));
#1671 = ORIENTED_EDGE('',*,*,#1672,.T.);
#1672 = EDGE_CURVE('',#1673,#1673,#1675,.T.);
#1673 = VERTEX_POINT('',#1674);
#1674 = CARTESIAN_POINT('',(6.25,-49.5,0.));
#1675 = CIRCLE('',#1676,0.5);
#1676 = AXIS2_PLACEMENT_3D('',#1677,#1678,#1679);
#1677 = CARTESIAN_POINT('',(6.25,-49.,0.));
#1678 = DIRECTION('',(-0.,0.,-1.));
#1679 = DIRECTION('',(-0.,-1.,0.));
#1680 = FACE_BOUND('',#1681,.F.);
#1681 = EDGE_LOOP('',(#1682));
#1682 = ORIENTED_EDGE('',*,*,#1683,.T.);
#1683 = EDGE_CURVE('',#1684,#1684,#1686,.T.);
#1684 = VERTEX_POINT('',#1685);
#1685 = CARTESIAN_POINT('',(13.75,-49.5,0.));
#1686 = CIRCLE('',#1687,0.5);
#1687 = AXIS2_PLACEMENT_3D('',#1688,#1689,#1690);
#1688 = CARTESIAN_POINT('',(13.75,-49.,0.));
#1689 = DIRECTION('',(-0.,0.,-1.));
#1690 = DIRECTION('',(-0.,-1.,0.));
#1691 = FACE_BOUND('',#1692,.F.);
#1692 = EDGE_LOOP('',(#1693));
#1693 = ORIENTED_EDGE('',*,*,#1694,.T.);
#1694 = EDGE_CURVE('',#1695,#1695,#1697,.T.);
#1695 = VERTEX_POINT('',#1696);
#1696 = CARTESIAN_POINT('',(22.75,-39.5,0.));
#1697 = CIRCLE('',#1698,0.5);
#1698 = AXIS2_PLACEMENT_3D('',#1699,#1700,#1701);
#1699 = CARTESIAN_POINT('',(22.75,-39.,0.));
#1700 = DIRECTION('',(-0.,0.,-1.));
#1701 = DIRECTION('',(-0.,-1.,0.));
#1702 = FACE_BOUND('',#1703,.F.);
#1703 = EDGE_LOOP('',(#1704));
#1704 = ORIENTED_EDGE('',*,*,#1705,.T.);
#1705 = EDGE_CURVE('',#1706,#1706,#1708,.T.);
#1706 = VERTEX_POINT('',#1707);
#1707 = CARTESIAN_POINT('',(30.25,-39.5,0.));
#1708 = CIRCLE('',#1709,0.5);
#1709 = AXIS2_PLACEMENT_3D('',#1710,#1711,#1712);
#1710 = CARTESIAN_POINT('',(30.25,-39.,0.));
#1711 = DIRECTION('',(-0.,0.,-1.));
#1712 = DIRECTION('',(-0.,-1.,0.));
#1713 = FACE_BOUND('',#1714,.F.);
#1714 = EDGE_LOOP('',(#1715));
#1715 = ORIENTED_EDGE('',*,*,#1716,.T.);
#1716 = EDGE_CURVE('',#1717,#1717,#1719,.T.);
#1717 = VERTEX_POINT('',#1718);
#1718 = CARTESIAN_POINT('',(62.5,-41.,0.));
#1719 = CIRCLE('',#1720,0.5);
#1720 = AXIS2_PLACEMENT_3D('',#1721,#1722,#1723);
#1721 = CARTESIAN_POINT('',(62.5,-40.5,0.));
#1722 = DIRECTION('',(-0.,0.,-1.));
#1723 = DIRECTION('',(-0.,-1.,0.));
#1724 = FACE_BOUND('',#1725,.F.);
#1725 = EDGE_LOOP('',(#1726));
#1726 = ORIENTED_EDGE('',*,*,#1727,.T.);
#1727 = EDGE_CURVE('',#1728,#1728,#1730,.T.);
#1728 = VERTEX_POINT('',#1729);
#1729 = CARTESIAN_POINT('',(70.,-41.,0.));
#1730 = CIRCLE('',#1731,0.5);
#1731 = AXIS2_PLACEMENT_3D('',#1732,#1733,#1734);
#1732 = CARTESIAN_POINT('',(70.,-40.5,0.));
#1733 = DIRECTION('',(-0.,0.,-1.));
#1734 = DIRECTION('',(-0.,-1.,0.));
#1735 = FACE_BOUND('',#1736,.F.);
#1736 = EDGE_LOOP('',(#1737));
#1737 = ORIENTED_EDGE('',*,*,#1738,.T.);
#1738 = EDGE_CURVE('',#1739,#1739,#1741,.T.);
#1739 = VERTEX_POINT('',#1740);
#1740 = CARTESIAN_POINT('',(83.5,-60.5,0.));
#1741 = CIRCLE('',#1742,0.5);
#1742 = AXIS2_PLACEMENT_3D('',#1743,#1744,#1745);
#1743 = CARTESIAN_POINT('',(83.5,-60.,0.));
#1744 = DIRECTION('',(-0.,0.,-1.));
#1745 = DIRECTION('',(-0.,-1.,0.));
#1746 = FACE_BOUND('',#1747,.F.);
#1747 = EDGE_LOOP('',(#1748));
#1748 = ORIENTED_EDGE('',*,*,#1749,.T.);
#1749 = EDGE_CURVE('',#1750,#1750,#1752,.T.);
#1750 = VERTEX_POINT('',#1751);
#1751 = CARTESIAN_POINT('',(91.,-60.5,0.));
#1752 = CIRCLE('',#1753,0.5);
#1753 = AXIS2_PLACEMENT_3D('',#1754,#1755,#1756);
#1754 = CARTESIAN_POINT('',(91.,-60.,0.));
#1755 = DIRECTION('',(-0.,0.,-1.));
#1756 = DIRECTION('',(-0.,-1.,0.));
#1757 = FACE_BOUND('',#1758,.F.);
#1758 = EDGE_LOOP('',(#1759));
#1759 = ORIENTED_EDGE('',*,*,#1760,.T.);
#1760 = EDGE_CURVE('',#1761,#1761,#1763,.T.);
#1761 = VERTEX_POINT('',#1762);
#1762 = CARTESIAN_POINT('',(106.5,-59.5,0.));
#1763 = CIRCLE('',#1764,0.5);
#1764 = AXIS2_PLACEMENT_3D('',#1765,#1766,#1767);
#1765 = CARTESIAN_POINT('',(106.5,-59.,0.));
#1766 = DIRECTION('',(-0.,0.,-1.));
#1767 = DIRECTION('',(-0.,-1.,0.));
#1768 = FACE_BOUND('',#1769,.F.);
#1769 = EDGE_LOOP('',(#1770));
#1770 = ORIENTED_EDGE('',*,*,#1771,.T.);
#1771 = EDGE_CURVE('',#1772,#1772,#1774,.T.);
#1772 = VERTEX_POINT('',#1773);
#1773 = CARTESIAN_POINT('',(114.,-59.5,0.));
#1774 = CIRCLE('',#1775,0.5);
#1775 = AXIS2_PLACEMENT_3D('',#1776,#1777,#1778);
#1776 = CARTESIAN_POINT('',(114.,-59.,0.));
#1777 = DIRECTION('',(-0.,0.,-1.));
#1778 = DIRECTION('',(-0.,-1.,0.));
#1779 = FACE_BOUND('',#1780,.F.);
#1780 = EDGE_LOOP('',(#1781));
#1781 = ORIENTED_EDGE('',*,*,#1782,.T.);
#1782 = EDGE_CURVE('',#1783,#1783,#1785,.T.);
#1783 = VERTEX_POINT('',#1784);
#1784 = CARTESIAN_POINT('',(123.75,-51.,0.));
#1785 = CIRCLE('',#1786,0.5);
#1786 = AXIS2_PLACEMENT_3D('',#1787,#1788,#1789);
#1787 = CARTESIAN_POINT('',(123.75,-50.5,0.));
#1788 = DIRECTION('',(-0.,0.,-1.));
#1789 = DIRECTION('',(-0.,-1.,0.));
#1790 = FACE_BOUND('',#1791,.F.);
#1791 = EDGE_LOOP('',(#1792));
#1792 = ORIENTED_EDGE('',*,*,#1793,.T.);
#1793 = EDGE_CURVE('',#1794,#1794,#1796,.T.);
#1794 = VERTEX_POINT('',#1795);
#1795 = CARTESIAN_POINT('',(131.25,-51.,0.));
#1796 = CIRCLE('',#1797,0.5);
#1797 = AXIS2_PLACEMENT_3D('',#1798,#1799,#1800);
#1798 = CARTESIAN_POINT('',(131.25,-50.5,0.));
#1799 = DIRECTION('',(-0.,0.,-1.));
#1800 = DIRECTION('',(-0.,-1.,0.));
#1801 = FACE_BOUND('',#1802,.F.);
#1802 = EDGE_LOOP('',(#1803));
#1803 = ORIENTED_EDGE('',*,*,#1804,.T.);
#1804 = EDGE_CURVE('',#1805,#1805,#1807,.T.);
#1805 = VERTEX_POINT('',#1806);
#1806 = CARTESIAN_POINT('',(94.,-45.,0.));
#1807 = CIRCLE('',#1808,0.5);
#1808 = AXIS2_PLACEMENT_3D('',#1809,#1810,#1811);
#1809 = CARTESIAN_POINT('',(94.,-44.5,0.));
#1810 = DIRECTION('',(-0.,0.,-1.));
#1811 = DIRECTION('',(-0.,-1.,0.));
#1812 = FACE_BOUND('',#1813,.F.);
#1813 = EDGE_LOOP('',(#1814));
#1814 = ORIENTED_EDGE('',*,*,#1815,.T.);
#1815 = EDGE_CURVE('',#1816,#1816,#1818,.T.);
#1816 = VERTEX_POINT('',#1817);
#1817 = CARTESIAN_POINT('',(101.5,-45.,0.));
#1818 = CIRCLE('',#1819,0.5);
#1819 = AXIS2_PLACEMENT_3D('',#1820,#1821,#1822);
#1820 = CARTESIAN_POINT('',(101.5,-44.5,0.));
#1821 = DIRECTION('',(-0.,0.,-1.));
#1822 = DIRECTION('',(-0.,-1.,0.));
#1823 = FACE_BOUND('',#1824,.F.);
#1824 = EDGE_LOOP('',(#1825));
#1825 = ORIENTED_EDGE('',*,*,#1826,.T.);
#1826 = EDGE_CURVE('',#1827,#1827,#1829,.T.);
#1827 = VERTEX_POINT('',#1828);
#1828 = CARTESIAN_POINT('',(154.5,-78.,0.));
#1829 = CIRCLE('',#1830,0.5);
#1830 = AXIS2_PLACEMENT_3D('',#1831,#1832,#1833);
#1831 = CARTESIAN_POINT('',(154.5,-77.5,0.));
#1832 = DIRECTION('',(-0.,0.,-1.));
#1833 = DIRECTION('',(-0.,-1.,0.));
#1834 = FACE_BOUND('',#1835,.F.);
#1835 = EDGE_LOOP('',(#1836));
#1836 = ORIENTED_EDGE('',*,*,#1837,.T.);
#1837 = EDGE_CURVE('',#1838,#1838,#1840,.T.);
#1838 = VERTEX_POINT('',#1839);
#1839 = CARTESIAN_POINT('',(165.75,-75.5,0.));
#1840 = CIRCLE('',#1841,0.5);
#1841 = AXIS2_PLACEMENT_3D('',#1842,#1843,#1844);
#1842 = CARTESIAN_POINT('',(165.75,-75.,0.));
#1843 = DIRECTION('',(-0.,0.,-1.));
#1844 = DIRECTION('',(-0.,-1.,0.));
#1845 = FACE_BOUND('',#1846,.F.);
#1846 = EDGE_LOOP('',(#1847));
#1847 = ORIENTED_EDGE('',*,*,#1848,.T.);
#1848 = EDGE_CURVE('',#1849,#1849,#1851,.T.);
#1849 = VERTEX_POINT('',#1850);
#1850 = CARTESIAN_POINT('',(173.25,-75.5,0.));
#1851 = CIRCLE('',#1852,0.5);
#1852 = AXIS2_PLACEMENT_3D('',#1853,#1854,#1855);
#1853 = CARTESIAN_POINT('',(173.25,-75.,0.));
#1854 = DIRECTION('',(-0.,0.,-1.));
#1855 = DIRECTION('',(-0.,-1.,0.));
#1856 = FACE_BOUND('',#1857,.F.);
#1857 = EDGE_LOOP('',(#1858));
#1858 = ORIENTED_EDGE('',*,*,#1859,.T.);
#1859 = EDGE_CURVE('',#1860,#1860,#1862,.T.);
#1860 = VERTEX_POINT('',#1861);
#1861 = CARTESIAN_POINT('',(185.,-84.2,0.));
#1862 = CIRCLE('',#1863,3.2);
#1863 = AXIS2_PLACEMENT_3D('',#1864,#1865,#1866);
#1864 = CARTESIAN_POINT('',(185.,-81.,0.));
#1865 = DIRECTION('',(-0.,0.,-1.));
#1866 = DIRECTION('',(-0.,-1.,0.));
#1867 = FACE_BOUND('',#1868,.F.);
#1868 = EDGE_LOOP('',(#1869));
#1869 = ORIENTED_EDGE('',*,*,#1870,.T.);
#1870 = EDGE_CURVE('',#1871,#1871,#1873,.T.);
#1871 = VERTEX_POINT('',#1872);
#1872 = CARTESIAN_POINT('',(198.75,-78.5,0.));
#1873 = CIRCLE('',#1874,0.5);
#1874 = AXIS2_PLACEMENT_3D('',#1875,#1876,#1877);
#1875 = CARTESIAN_POINT('',(198.75,-78.,0.));
#1876 = DIRECTION('',(-0.,0.,-1.));
#1877 = DIRECTION('',(-0.,-1.,0.));
#1878 = FACE_BOUND('',#1879,.F.);
#1879 = EDGE_LOOP('',(#1880));
#1880 = ORIENTED_EDGE('',*,*,#1881,.T.);
#1881 = EDGE_CURVE('',#1882,#1882,#1884,.T.);
#1882 = VERTEX_POINT('',#1883);
#1883 = CARTESIAN_POINT('',(206.25,-78.5,0.));
#1884 = CIRCLE('',#1885,0.5);
#1885 = AXIS2_PLACEMENT_3D('',#1886,#1887,#1888);
#1886 = CARTESIAN_POINT('',(206.25,-78.,0.));
#1887 = DIRECTION('',(-0.,0.,-1.));
#1888 = DIRECTION('',(-0.,-1.,0.));
#1889 = FACE_BOUND('',#1890,.F.);
#1890 = EDGE_LOOP('',(#1891));
#1891 = ORIENTED_EDGE('',*,*,#1892,.T.);
#1892 = EDGE_CURVE('',#1893,#1893,#1895,.T.);
#1893 = VERTEX_POINT('',#1894);
#1894 = CARTESIAN_POINT('',(217.25,-77.5,0.));
#1895 = CIRCLE('',#1896,0.5);
#1896 = AXIS2_PLACEMENT_3D('',#1897,#1898,#1899);
#1897 = CARTESIAN_POINT('',(217.25,-77.,0.));
#1898 = DIRECTION('',(-0.,0.,-1.));
#1899 = DIRECTION('',(-0.,-1.,0.));
#1900 = FACE_BOUND('',#1901,.F.);
#1901 = EDGE_LOOP('',(#1902));
#1902 = ORIENTED_EDGE('',*,*,#1903,.T.);
#1903 = EDGE_CURVE('',#1904,#1904,#1906,.T.);
#1904 = VERTEX_POINT('',#1905);
#1905 = CARTESIAN_POINT('',(181.25,-63.5,0.));
#1906 = CIRCLE('',#1907,0.5);
#1907 = AXIS2_PLACEMENT_3D('',#1908,#1909,#1910);
#1908 = CARTESIAN_POINT('',(181.25,-63.,0.));
#1909 = DIRECTION('',(-0.,0.,-1.));
#1910 = DIRECTION('',(-0.,-1.,0.));
#1911 = FACE_BOUND('',#1912,.F.);
#1912 = EDGE_LOOP('',(#1913));
#1913 = ORIENTED_EDGE('',*,*,#1914,.T.);
#1914 = EDGE_CURVE('',#1915,#1915,#1917,.T.);
#1915 = VERTEX_POINT('',#1916);
#1916 = CARTESIAN_POINT('',(188.75,-63.5,0.));
#1917 = CIRCLE('',#1918,0.5);
#1918 = AXIS2_PLACEMENT_3D('',#1919,#1920,#1921);
#1919 = CARTESIAN_POINT('',(188.75,-63.,0.));
#1920 = DIRECTION('',(-0.,0.,-1.));
#1921 = DIRECTION('',(-0.,-1.,0.));
#1922 = FACE_BOUND('',#1923,.F.);
#1923 = EDGE_LOOP('',(#1924));
#1924 = ORIENTED_EDGE('',*,*,#1925,.T.);
#1925 = EDGE_CURVE('',#1926,#1926,#1928,.T.);
#1926 = VERTEX_POINT('',#1927);
#1927 = CARTESIAN_POINT('',(224.75,-77.5,0.));
#1928 = CIRCLE('',#1929,0.5);
#1929 = AXIS2_PLACEMENT_3D('',#1930,#1931,#1932);
#1930 = CARTESIAN_POINT('',(224.75,-77.,0.));
#1931 = DIRECTION('',(-0.,0.,-1.));
#1932 = DIRECTION('',(-0.,-1.,0.));
#1933 = FACE_BOUND('',#1934,.F.);
#1934 = EDGE_LOOP('',(#1935));
#1935 = ORIENTED_EDGE('',*,*,#1936,.T.);
#1936 = EDGE_CURVE('',#1937,#1937,#1939,.T.);
#1937 = VERTEX_POINT('',#1938);
#1938 = CARTESIAN_POINT('',(236.25,-77.5,0.));
#1939 = CIRCLE('',#1940,0.5);
#1940 = AXIS2_PLACEMENT_3D('',#1941,#1942,#1943);
#1941 = CARTESIAN_POINT('',(236.25,-77.,0.));
#1942 = DIRECTION('',(-0.,0.,-1.));
#1943 = DIRECTION('',(-0.,-1.,0.));
#1944 = FACE_BOUND('',#1945,.F.);
#1945 = EDGE_LOOP('',(#1946));
#1946 = ORIENTED_EDGE('',*,*,#1947,.T.);
#1947 = EDGE_CURVE('',#1948,#1948,#1950,.T.);
#1948 = VERTEX_POINT('',#1949);
#1949 = CARTESIAN_POINT('',(243.75,-77.5,0.));
#1950 = CIRCLE('',#1951,0.5);
#1951 = AXIS2_PLACEMENT_3D('',#1952,#1953,#1954);
#1952 = CARTESIAN_POINT('',(243.75,-77.,0.));
#1953 = DIRECTION('',(-0.,0.,-1.));
#1954 = DIRECTION('',(-0.,-1.,0.));
#1955 = FACE_BOUND('',#1956,.F.);
#1956 = EDGE_LOOP('',(#1957));
#1957 = ORIENTED_EDGE('',*,*,#1958,.T.);
#1958 = EDGE_CURVE('',#1959,#1959,#1961,.T.);
#1959 = VERTEX_POINT('',#1960);
#1960 = CARTESIAN_POINT('',(285.,-84.2,0.));
#1961 = CIRCLE('',#1962,3.2);
#1962 = AXIS2_PLACEMENT_3D('',#1963,#1964,#1965);
#1963 = CARTESIAN_POINT('',(285.,-81.,0.));
#1964 = DIRECTION('',(-0.,0.,-1.));
#1965 = DIRECTION('',(-0.,-1.,0.));
#1966 = FACE_BOUND('',#1967,.F.);
#1967 = EDGE_LOOP('',(#1968));
#1968 = ORIENTED_EDGE('',*,*,#1969,.T.);
#1969 = EDGE_CURVE('',#1970,#1970,#1972,.T.);
#1970 = VERTEX_POINT('',#1971);
#1971 = CARTESIAN_POINT('',(264.5,-78.,0.));
#1972 = CIRCLE('',#1973,0.5);
#1973 = AXIS2_PLACEMENT_3D('',#1974,#1975,#1976);
#1974 = CARTESIAN_POINT('',(264.5,-77.5,0.));
#1975 = DIRECTION('',(-0.,0.,-1.));
#1976 = DIRECTION('',(-0.,-1.,0.));
#1977 = FACE_BOUND('',#1978,.F.);
#1978 = EDGE_LOOP('',(#1979));
#1979 = ORIENTED_EDGE('',*,*,#1980,.T.);
#1980 = EDGE_CURVE('',#1981,#1981,#1983,.T.);
#1981 = VERTEX_POINT('',#1982);
#1982 = CARTESIAN_POINT('',(272.,-78.,0.));
#1983 = CIRCLE('',#1984,0.5);
#1984 = AXIS2_PLACEMENT_3D('',#1985,#1986,#1987);
#1985 = CARTESIAN_POINT('',(272.,-77.5,0.));
#1986 = DIRECTION('',(-0.,0.,-1.));
#1987 = DIRECTION('',(-0.,-1.,0.));
#1988 = FACE_BOUND('',#1989,.F.);
#1989 = EDGE_LOOP('',(#1990));
#1990 = ORIENTED_EDGE('',*,*,#1991,.T.);
#1991 = EDGE_CURVE('',#1992,#1992,#1994,.T.);
#1992 = VERTEX_POINT('',#1993);
#1993 = CARTESIAN_POINT('',(230.,-66.2,0.));
#1994 = CIRCLE('',#1995,3.2);
#1995 = AXIS2_PLACEMENT_3D('',#1996,#1997,#1998);
#1996 = CARTESIAN_POINT('',(230.,-63.,0.));
#1997 = DIRECTION('',(-0.,0.,-1.));
#1998 = DIRECTION('',(-0.,-1.,0.));
#1999 = FACE_BOUND('',#2000,.F.);
#2000 = EDGE_LOOP('',(#2001));
#2001 = ORIENTED_EDGE('',*,*,#2002,.T.);
#2002 = EDGE_CURVE('',#2003,#2003,#2005,.T.);
#2003 = VERTEX_POINT('',#2004);
#2004 = CARTESIAN_POINT('',(251.25,-65.5,0.));
#2005 = CIRCLE('',#2006,0.5);
#2006 = AXIS2_PLACEMENT_3D('',#2007,#2008,#2009);
#2007 = CARTESIAN_POINT('',(251.25,-65.,0.));
#2008 = DIRECTION('',(-0.,0.,-1.));
#2009 = DIRECTION('',(-0.,-1.,0.));
#2010 = FACE_BOUND('',#2011,.F.);
#2011 = EDGE_LOOP('',(#2012));
#2012 = ORIENTED_EDGE('',*,*,#2013,.T.);
#2013 = EDGE_CURVE('',#2014,#2014,#2016,.T.);
#2014 = VERTEX_POINT('',#2015);
#2015 = CARTESIAN_POINT('',(258.75,-65.5,0.));
#2016 = CIRCLE('',#2017,0.5);
#2017 = AXIS2_PLACEMENT_3D('',#2018,#2019,#2020);
#2018 = CARTESIAN_POINT('',(258.75,-65.,0.));
#2019 = DIRECTION('',(-0.,0.,-1.));
#2020 = DIRECTION('',(-0.,-1.,0.));
#2021 = FACE_BOUND('',#2022,.F.);
#2022 = EDGE_LOOP('',(#2023));
#2023 = ORIENTED_EDGE('',*,*,#2024,.T.);
#2024 = EDGE_CURVE('',#2025,#2025,#2027,.T.);
#2025 = VERTEX_POINT('',#2026);
#2026 = CARTESIAN_POINT('',(269.,-67.,0.));
#2027 = CIRCLE('',#2028,3.);
#2028 = AXIS2_PLACEMENT_3D('',#2029,#2030,#2031);
#2029 = CARTESIAN_POINT('',(269.,-64.,0.));
#2030 = DIRECTION('',(-0.,0.,-1.));
#2031 = DIRECTION('',(-0.,-1.,0.));
#2032 = FACE_BOUND('',#2033,.F.);
#2033 = EDGE_LOOP('',(#2034));
#2034 = ORIENTED_EDGE('',*,*,#2035,.T.);
#2035 = EDGE_CURVE('',#2036,#2036,#2038,.T.);
#2036 = VERTEX_POINT('',#2037);
#2037 = CARTESIAN_POINT('',(153.75,-61.,0.));
#2038 = CIRCLE('',#2039,0.5);
#2039 = AXIS2_PLACEMENT_3D('',#2040,#2041,#2042);
#2040 = CARTESIAN_POINT('',(153.75,-60.5,0.));
#2041 = DIRECTION('',(-0.,0.,-1.));
#2042 = DIRECTION('',(-0.,-1.,0.));
#2043 = FACE_BOUND('',#2044,.F.);
#2044 = EDGE_LOOP('',(#2045));
#2045 = ORIENTED_EDGE('',*,*,#2046,.T.);
#2046 = EDGE_CURVE('',#2047,#2047,#2049,.T.);
#2047 = VERTEX_POINT('',#2048);
#2048 = CARTESIAN_POINT('',(161.25,-61.,0.));
#2049 = CIRCLE('',#2050,0.5);
#2050 = AXIS2_PLACEMENT_3D('',#2051,#2052,#2053);
#2051 = CARTESIAN_POINT('',(161.25,-60.5,0.));
#2052 = DIRECTION('',(-0.,0.,-1.));
#2053 = DIRECTION('',(-0.,-1.,0.));
#2054 = FACE_BOUND('',#2055,.F.);
#2055 = EDGE_LOOP('',(#2056));
#2056 = ORIENTED_EDGE('',*,*,#2057,.T.);
#2057 = EDGE_CURVE('',#2058,#2058,#2060,.T.);
#2058 = VERTEX_POINT('',#2059);
#2059 = CARTESIAN_POINT('',(200.,-60.,0.));
#2060 = CIRCLE('',#2061,0.5);
#2061 = AXIS2_PLACEMENT_3D('',#2062,#2063,#2064);
#2062 = CARTESIAN_POINT('',(200.,-59.5,0.));
#2063 = DIRECTION('',(-0.,0.,-1.));
#2064 = DIRECTION('',(-0.,-1.,0.));
#2065 = FACE_BOUND('',#2066,.F.);
#2066 = EDGE_LOOP('',(#2067));
#2067 = ORIENTED_EDGE('',*,*,#2068,.T.);
#2068 = EDGE_CURVE('',#2069,#2069,#2071,.T.);
#2069 = VERTEX_POINT('',#2070);
#2070 = CARTESIAN_POINT('',(207.5,-60.,0.));
#2071 = CIRCLE('',#2072,0.5);
#2072 = AXIS2_PLACEMENT_3D('',#2073,#2074,#2075);
#2073 = CARTESIAN_POINT('',(207.5,-59.5,0.));
#2074 = DIRECTION('',(-0.,0.,-1.));
#2075 = DIRECTION('',(-0.,-1.,0.));
#2076 = FACE_BOUND('',#2077,.F.);
#2077 = EDGE_LOOP('',(#2078));
#2078 = ORIENTED_EDGE('',*,*,#2079,.T.);
#2079 = EDGE_CURVE('',#2080,#2080,#2082,.T.);
#2080 = VERTEX_POINT('',#2081);
#2081 = CARTESIAN_POINT('',(169.25,-49.5,0.));
#2082 = CIRCLE('',#2083,0.5);
#2083 = AXIS2_PLACEMENT_3D('',#2084,#2085,#2086);
#2084 = CARTESIAN_POINT('',(169.25,-49.,0.));
#2085 = DIRECTION('',(-0.,0.,-1.));
#2086 = DIRECTION('',(-0.,-1.,0.));
#2087 = FACE_BOUND('',#2088,.F.);
#2088 = EDGE_LOOP('',(#2089));
#2089 = ORIENTED_EDGE('',*,*,#2090,.T.);
#2090 = EDGE_CURVE('',#2091,#2091,#2093,.T.);
#2091 = VERTEX_POINT('',#2092);
#2092 = CARTESIAN_POINT('',(176.75,-49.5,0.));
#2093 = CIRCLE('',#2094,0.5);
#2094 = AXIS2_PLACEMENT_3D('',#2095,#2096,#2097);
#2095 = CARTESIAN_POINT('',(176.75,-49.,0.));
#2096 = DIRECTION('',(-0.,0.,-1.));
#2097 = DIRECTION('',(-0.,-1.,0.));
#2098 = FACE_BOUND('',#2099,.F.);
#2099 = EDGE_LOOP('',(#2100));
#2100 = ORIENTED_EDGE('',*,*,#2101,.T.);
#2101 = EDGE_CURVE('',#2102,#2102,#2104,.T.);
#2102 = VERTEX_POINT('',#2103);
#2103 = CARTESIAN_POINT('',(152.75,-41.5,0.));
#2104 = CIRCLE('',#2105,0.5);
#2105 = AXIS2_PLACEMENT_3D('',#2106,#2107,#2108);
#2106 = CARTESIAN_POINT('',(152.75,-41.,0.));
#2107 = DIRECTION('',(-0.,0.,-1.));
#2108 = DIRECTION('',(-0.,-1.,0.));
#2109 = FACE_BOUND('',#2110,.F.);
#2110 = EDGE_LOOP('',(#2111));
#2111 = ORIENTED_EDGE('',*,*,#2112,.T.);
#2112 = EDGE_CURVE('',#2113,#2113,#2115,.T.);
#2113 = VERTEX_POINT('',#2114);
#2114 = CARTESIAN_POINT('',(160.25,-41.5,0.));
#2115 = CIRCLE('',#2116,0.5);
#2116 = AXIS2_PLACEMENT_3D('',#2117,#2118,#2119);
#2117 = CARTESIAN_POINT('',(160.25,-41.,0.));
#2118 = DIRECTION('',(-0.,0.,-1.));
#2119 = DIRECTION('',(-0.,-1.,0.));
#2120 = FACE_BOUND('',#2121,.F.);
#2121 = EDGE_LOOP('',(#2122));
#2122 = ORIENTED_EDGE('',*,*,#2123,.T.);
#2123 = EDGE_CURVE('',#2124,#2124,#2126,.T.);
#2124 = VERTEX_POINT('',#2125);
#2125 = CARTESIAN_POINT('',(216.,-50.,0.));
#2126 = CIRCLE('',#2127,0.5);
#2127 = AXIS2_PLACEMENT_3D('',#2128,#2129,#2130);
#2128 = CARTESIAN_POINT('',(216.,-49.5,0.));
#2129 = DIRECTION('',(-0.,0.,-1.));
#2130 = DIRECTION('',(-0.,-1.,0.));
#2131 = FACE_BOUND('',#2132,.F.);
#2132 = EDGE_LOOP('',(#2133));
#2133 = ORIENTED_EDGE('',*,*,#2134,.T.);
#2134 = EDGE_CURVE('',#2135,#2135,#2137,.T.);
#2135 = VERTEX_POINT('',#2136);
#2136 = CARTESIAN_POINT('',(190.75,-44.,0.));
#2137 = CIRCLE('',#2138,0.5);
#2138 = AXIS2_PLACEMENT_3D('',#2139,#2140,#2141);
#2139 = CARTESIAN_POINT('',(190.75,-43.5,0.));
#2140 = DIRECTION('',(-0.,0.,-1.));
#2141 = DIRECTION('',(-0.,-1.,0.));
#2142 = FACE_BOUND('',#2143,.F.);
#2143 = EDGE_LOOP('',(#2144));
#2144 = ORIENTED_EDGE('',*,*,#2145,.T.);
#2145 = EDGE_CURVE('',#2146,#2146,#2148,.T.);
#2146 = VERTEX_POINT('',#2147);
#2147 = CARTESIAN_POINT('',(198.25,-44.,0.));
#2148 = CIRCLE('',#2149,0.5);
#2149 = AXIS2_PLACEMENT_3D('',#2150,#2151,#2152);
#2150 = CARTESIAN_POINT('',(198.25,-43.5,0.));
#2151 = DIRECTION('',(-0.,0.,-1.));
#2152 = DIRECTION('',(-0.,-1.,0.));
#2153 = FACE_BOUND('',#2154,.F.);
#2154 = EDGE_LOOP('',(#2155));
#2155 = ORIENTED_EDGE('',*,*,#2156,.T.);
#2156 = EDGE_CURVE('',#2157,#2157,#2159,.T.);
#2157 = VERTEX_POINT('',#2158);
#2158 = CARTESIAN_POINT('',(223.5,-50.,0.));
#2159 = CIRCLE('',#2160,0.5);
#2160 = AXIS2_PLACEMENT_3D('',#2161,#2162,#2163);
#2161 = CARTESIAN_POINT('',(223.5,-49.5,0.));
#2162 = DIRECTION('',(-0.,0.,-1.));
#2163 = DIRECTION('',(-0.,-1.,0.));
#2164 = FACE_BOUND('',#2165,.F.);
#2165 = EDGE_LOOP('',(#2166));
#2166 = ORIENTED_EDGE('',*,*,#2167,.T.);
#2167 = EDGE_CURVE('',#2168,#2168,#2170,.T.);
#2168 = VERTEX_POINT('',#2169);
#2169 = CARTESIAN_POINT('',(243.75,-49.,0.));
#2170 = CIRCLE('',#2171,0.5);
#2171 = AXIS2_PLACEMENT_3D('',#2172,#2173,#2174);
#2172 = CARTESIAN_POINT('',(243.75,-48.5,0.));
#2173 = DIRECTION('',(-0.,0.,-1.));
#2174 = DIRECTION('',(-0.,-1.,0.));
#2175 = FACE_BOUND('',#2176,.F.);
#2176 = EDGE_LOOP('',(#2177));
#2177 = ORIENTED_EDGE('',*,*,#2178,.T.);
#2178 = EDGE_CURVE('',#2179,#2179,#2181,.T.);
#2179 = VERTEX_POINT('',#2180);
#2180 = CARTESIAN_POINT('',(251.25,-49.,0.));
#2181 = CIRCLE('',#2182,0.5);
#2182 = AXIS2_PLACEMENT_3D('',#2183,#2184,#2185);
#2183 = CARTESIAN_POINT('',(251.25,-48.5,0.));
#2184 = DIRECTION('',(-0.,0.,-1.));
#2185 = DIRECTION('',(-0.,-1.,0.));
#2186 = FACE_BOUND('',#2187,.F.);
#2187 = EDGE_LOOP('',(#2188));
#2188 = ORIENTED_EDGE('',*,*,#2189,.T.);
#2189 = EDGE_CURVE('',#2190,#2190,#2192,.T.);
#2190 = VERTEX_POINT('',#2191);
#2191 = CARTESIAN_POINT('',(263.25,-50.5,0.));
#2192 = CIRCLE('',#2193,0.5);
#2193 = AXIS2_PLACEMENT_3D('',#2194,#2195,#2196);
#2194 = CARTESIAN_POINT('',(263.25,-50.,0.));
#2195 = DIRECTION('',(-0.,0.,-1.));
#2196 = DIRECTION('',(-0.,-1.,0.));
#2197 = FACE_BOUND('',#2198,.F.);
#2198 = EDGE_LOOP('',(#2199));
#2199 = ORIENTED_EDGE('',*,*,#2200,.T.);
#2200 = EDGE_CURVE('',#2201,#2201,#2203,.T.);
#2201 = VERTEX_POINT('',#2202);
#2202 = CARTESIAN_POINT('',(270.75,-50.5,0.));
#2203 = CIRCLE('',#2204,0.5);
#2204 = AXIS2_PLACEMENT_3D('',#2205,#2206,#2207);
#2205 = CARTESIAN_POINT('',(270.75,-50.,0.));
#2206 = DIRECTION('',(-0.,0.,-1.));
#2207 = DIRECTION('',(-0.,-1.,0.));
#2208 = FACE_BOUND('',#2209,.F.);
#2209 = EDGE_LOOP('',(#2210));
#2210 = ORIENTED_EDGE('',*,*,#2211,.T.);
#2211 = EDGE_CURVE('',#2212,#2212,#2214,.T.);
#2212 = VERTEX_POINT('',#2213);
#2213 = CARTESIAN_POINT('',(6.25,-30.5,0.));
#2214 = CIRCLE('',#2215,0.5);
#2215 = AXIS2_PLACEMENT_3D('',#2216,#2217,#2218);
#2216 = CARTESIAN_POINT('',(6.25,-30.,0.));
#2217 = DIRECTION('',(-0.,0.,-1.));
#2218 = DIRECTION('',(-0.,-1.,0.));
#2219 = FACE_BOUND('',#2220,.F.);
#2220 = EDGE_LOOP('',(#2221));
#2221 = ORIENTED_EDGE('',*,*,#2222,.T.);
#2222 = EDGE_CURVE('',#2223,#2223,#2225,.T.);
#2223 = VERTEX_POINT('',#2224);
#2224 = CARTESIAN_POINT('',(13.75,-30.5,0.));
#2225 = CIRCLE('',#2226,0.5);
#2226 = AXIS2_PLACEMENT_3D('',#2227,#2228,#2229);
#2227 = CARTESIAN_POINT('',(13.75,-30.,0.));
#2228 = DIRECTION('',(-0.,0.,-1.));
#2229 = DIRECTION('',(-0.,-1.,0.));
#2230 = FACE_BOUND('',#2231,.F.);
#2231 = EDGE_LOOP('',(#2232));
#2232 = ORIENTED_EDGE('',*,*,#2233,.T.);
#2233 = EDGE_CURVE('',#2234,#2234,#2236,.T.);
#2234 = VERTEX_POINT('',#2235);
#2235 = CARTESIAN_POINT('',(50.,-38.2,0.));
#2236 = CIRCLE('',#2237,3.2);
#2237 = AXIS2_PLACEMENT_3D('',#2238,#2239,#2240);
#2238 = CARTESIAN_POINT('',(50.,-35.,0.));
#2239 = DIRECTION('',(-0.,0.,-1.));
#2240 = DIRECTION('',(-0.,-1.,0.));
#2241 = FACE_BOUND('',#2242,.F.);
#2242 = EDGE_LOOP('',(#2243));
#2243 = ORIENTED_EDGE('',*,*,#2244,.T.);
#2244 = EDGE_CURVE('',#2245,#2245,#2247,.T.);
#2245 = VERTEX_POINT('',#2246);
#2246 = CARTESIAN_POINT('',(24.,-20.5,0.));
#2247 = CIRCLE('',#2248,0.5);
#2248 = AXIS2_PLACEMENT_3D('',#2249,#2250,#2251);
#2249 = CARTESIAN_POINT('',(24.,-20.,0.));
#2250 = DIRECTION('',(-0.,0.,-1.));
#2251 = DIRECTION('',(-0.,-1.,0.));
#2252 = FACE_BOUND('',#2253,.F.);
#2253 = EDGE_LOOP('',(#2254));
#2254 = ORIENTED_EDGE('',*,*,#2255,.T.);
#2255 = EDGE_CURVE('',#2256,#2256,#2258,.T.);
#2256 = VERTEX_POINT('',#2257);
#2257 = CARTESIAN_POINT('',(31.5,-20.5,0.));
#2258 = CIRCLE('',#2259,0.5);
#2259 = AXIS2_PLACEMENT_3D('',#2260,#2261,#2262);
#2260 = CARTESIAN_POINT('',(31.5,-20.,0.));
#2261 = DIRECTION('',(-0.,0.,-1.));
#2262 = DIRECTION('',(-0.,-1.,0.));
#2263 = FACE_BOUND('',#2264,.F.);
#2264 = EDGE_LOOP('',(#2265));
#2265 = ORIENTED_EDGE('',*,*,#2266,.T.);
#2266 = EDGE_CURVE('',#2267,#2267,#2269,.T.);
#2267 = VERTEX_POINT('',#2268);
#2268 = CARTESIAN_POINT('',(60.25,-19.,0.));
#2269 = CIRCLE('',#2270,0.5);
#2270 = AXIS2_PLACEMENT_3D('',#2271,#2272,#2273);
#2271 = CARTESIAN_POINT('',(60.25,-18.5,0.));
#2272 = DIRECTION('',(-0.,0.,-1.));
#2273 = DIRECTION('',(-0.,-1.,0.));
#2274 = FACE_BOUND('',#2275,.F.);
#2275 = EDGE_LOOP('',(#2276));
#2276 = ORIENTED_EDGE('',*,*,#2277,.T.);
#2277 = EDGE_CURVE('',#2278,#2278,#2280,.T.);
#2278 = VERTEX_POINT('',#2279);
#2279 = CARTESIAN_POINT('',(67.75,-19.,0.));
#2280 = CIRCLE('',#2281,0.5);
#2281 = AXIS2_PLACEMENT_3D('',#2282,#2283,#2284);
#2282 = CARTESIAN_POINT('',(67.75,-18.5,0.));
#2283 = DIRECTION('',(-0.,0.,-1.));
#2284 = DIRECTION('',(-0.,-1.,0.));
#2285 = FACE_BOUND('',#2286,.F.);
#2286 = EDGE_LOOP('',(#2287));
#2287 = ORIENTED_EDGE('',*,*,#2288,.T.);
#2288 = EDGE_CURVE('',#2289,#2289,#2291,.T.);
#2289 = VERTEX_POINT('',#2290);
#2290 = CARTESIAN_POINT('',(77.25,-30.,0.));
#2291 = CIRCLE('',#2292,0.5);
#2292 = AXIS2_PLACEMENT_3D('',#2293,#2294,#2295);
#2293 = CARTESIAN_POINT('',(77.25,-29.5,0.));
#2294 = DIRECTION('',(-0.,0.,-1.));
#2295 = DIRECTION('',(-0.,-1.,0.));
#2296 = FACE_BOUND('',#2297,.F.);
#2297 = EDGE_LOOP('',(#2298));
#2298 = ORIENTED_EDGE('',*,*,#2299,.T.);
#2299 = EDGE_CURVE('',#2300,#2300,#2302,.T.);
#2300 = VERTEX_POINT('',#2301);
#2301 = CARTESIAN_POINT('',(84.75,-30.,0.));
#2302 = CIRCLE('',#2303,0.5);
#2303 = AXIS2_PLACEMENT_3D('',#2304,#2305,#2306);
#2304 = CARTESIAN_POINT('',(84.75,-29.5,0.));
#2305 = DIRECTION('',(-0.,0.,-1.));
#2306 = DIRECTION('',(-0.,-1.,0.));
#2307 = FACE_BOUND('',#2308,.F.);
#2308 = EDGE_LOOP('',(#2309));
#2309 = ORIENTED_EDGE('',*,*,#2310,.T.);
#2310 = EDGE_CURVE('',#2311,#2311,#2313,.T.);
#2311 = VERTEX_POINT('',#2312);
#2312 = CARTESIAN_POINT('',(111.25,-37.5,0.));
#2313 = CIRCLE('',#2314,0.5);
#2314 = AXIS2_PLACEMENT_3D('',#2315,#2316,#2317);
#2315 = CARTESIAN_POINT('',(111.25,-37.,0.));
#2316 = DIRECTION('',(-0.,0.,-1.));
#2317 = DIRECTION('',(-0.,-1.,0.));
#2318 = FACE_BOUND('',#2319,.F.);
#2319 = EDGE_LOOP('',(#2320));
#2320 = ORIENTED_EDGE('',*,*,#2321,.T.);
#2321 = EDGE_CURVE('',#2322,#2322,#2324,.T.);
#2322 = VERTEX_POINT('',#2323);
#2323 = CARTESIAN_POINT('',(118.75,-37.5,0.));
#2324 = CIRCLE('',#2325,0.5);
#2325 = AXIS2_PLACEMENT_3D('',#2326,#2327,#2328);
#2326 = CARTESIAN_POINT('',(118.75,-37.,0.));
#2327 = DIRECTION('',(-0.,0.,-1.));
#2328 = DIRECTION('',(-0.,-1.,0.));
#2329 = FACE_BOUND('',#2330,.F.);
#2330 = EDGE_LOOP('',(#2331));
#2331 = ORIENTED_EDGE('',*,*,#2332,.T.);
#2332 = EDGE_CURVE('',#2333,#2333,#2335,.T.);
#2333 = VERTEX_POINT('',#2334);
#2334 = CARTESIAN_POINT('',(140.,-38.2,0.));
#2335 = CIRCLE('',#2336,3.2);
#2336 = AXIS2_PLACEMENT_3D('',#2337,#2338,#2339);
#2337 = CARTESIAN_POINT('',(140.,-35.,0.));
#2338 = DIRECTION('',(-0.,0.,-1.));
#2339 = DIRECTION('',(-0.,-1.,0.));
#2340 = FACE_BOUND('',#2341,.F.);
#2341 = EDGE_LOOP('',(#2342));
#2342 = ORIENTED_EDGE('',*,*,#2343,.T.);
#2343 = EDGE_CURVE('',#2344,#2344,#2346,.T.);
#2344 = VERTEX_POINT('',#2345);
#2345 = CARTESIAN_POINT('',(95.25,-26.5,0.));
#2346 = CIRCLE('',#2347,0.5);
#2347 = AXIS2_PLACEMENT_3D('',#2348,#2349,#2350);
#2348 = CARTESIAN_POINT('',(95.25,-26.,0.));
#2349 = DIRECTION('',(-0.,0.,-1.));
#2350 = DIRECTION('',(-0.,-1.,0.));
#2351 = FACE_BOUND('',#2352,.F.);
#2352 = EDGE_LOOP('',(#2353));
#2353 = ORIENTED_EDGE('',*,*,#2354,.T.);
#2354 = EDGE_CURVE('',#2355,#2355,#2357,.T.);
#2355 = VERTEX_POINT('',#2356);
#2356 = CARTESIAN_POINT('',(102.75,-26.5,0.));
#2357 = CIRCLE('',#2358,0.5);
#2358 = AXIS2_PLACEMENT_3D('',#2359,#2360,#2361);
#2359 = CARTESIAN_POINT('',(102.75,-26.,0.));
#2360 = DIRECTION('',(-0.,0.,-1.));
#2361 = DIRECTION('',(-0.,-1.,0.));
#2362 = FACE_BOUND('',#2363,.F.);
#2363 = EDGE_LOOP('',(#2364));
#2364 = ORIENTED_EDGE('',*,*,#2365,.T.);
#2365 = EDGE_CURVE('',#2366,#2366,#2368,.T.);
#2366 = VERTEX_POINT('',#2367);
#2367 = CARTESIAN_POINT('',(114.25,-19.,0.));
#2368 = CIRCLE('',#2369,0.5);
#2369 = AXIS2_PLACEMENT_3D('',#2370,#2371,#2372);
#2370 = CARTESIAN_POINT('',(114.25,-18.5,0.));
#2371 = DIRECTION('',(-0.,0.,-1.));
#2372 = DIRECTION('',(-0.,-1.,0.));
#2373 = FACE_BOUND('',#2374,.F.);
#2374 = EDGE_LOOP('',(#2375));
#2375 = ORIENTED_EDGE('',*,*,#2376,.T.);
#2376 = EDGE_CURVE('',#2377,#2377,#2379,.T.);
#2377 = VERTEX_POINT('',#2378);
#2378 = CARTESIAN_POINT('',(121.75,-19.,0.));
#2379 = CIRCLE('',#2380,0.5);
#2380 = AXIS2_PLACEMENT_3D('',#2381,#2382,#2383);
#2381 = CARTESIAN_POINT('',(121.75,-18.5,0.));
#2382 = DIRECTION('',(-0.,0.,-1.));
#2383 = DIRECTION('',(-0.,-1.,0.));
#2384 = FACE_BOUND('',#2385,.F.);
#2385 = EDGE_LOOP('',(#2386));
#2386 = ORIENTED_EDGE('',*,*,#2387,.T.);
#2387 = EDGE_CURVE('',#2388,#2388,#2390,.T.);
#2388 = VERTEX_POINT('',#2389);
#2389 = CARTESIAN_POINT('',(133.,-18.5,0.));
#2390 = CIRCLE('',#2391,0.5);
#2391 = AXIS2_PLACEMENT_3D('',#2392,#2393,#2394);
#2392 = CARTESIAN_POINT('',(133.,-18.,0.));
#2393 = DIRECTION('',(-0.,0.,-1.));
#2394 = DIRECTION('',(-0.,-1.,0.));
#2395 = FACE_BOUND('',#2396,.F.);
#2396 = EDGE_LOOP('',(#2397));
#2397 = ORIENTED_EDGE('',*,*,#2398,.T.);
#2398 = EDGE_CURVE('',#2399,#2399,#2401,.T.);
#2399 = VERTEX_POINT('',#2400);
#2400 = CARTESIAN_POINT('',(140.5,-18.5,0.));
#2401 = CIRCLE('',#2402,0.5);
#2402 = AXIS2_PLACEMENT_3D('',#2403,#2404,#2405);
#2403 = CARTESIAN_POINT('',(140.5,-18.,0.));
#2404 = DIRECTION('',(-0.,0.,-1.));
#2405 = DIRECTION('',(-0.,-1.,0.));
#2406 = FACE_BOUND('',#2407,.F.);
#2407 = EDGE_LOOP('',(#2408));
#2408 = ORIENTED_EDGE('',*,*,#2409,.T.);
#2409 = EDGE_CURVE('',#2410,#2410,#2412,.T.);
#2410 = VERTEX_POINT('',#2411);
#2411 = CARTESIAN_POINT('',(7.25,-11.5,0.));
#2412 = CIRCLE('',#2413,0.5);
#2413 = AXIS2_PLACEMENT_3D('',#2414,#2415,#2416);
#2414 = CARTESIAN_POINT('',(7.25,-11.,0.));
#2415 = DIRECTION('',(-0.,0.,-1.));
#2416 = DIRECTION('',(-0.,-1.,0.));
#2417 = FACE_BOUND('',#2418,.F.);
#2418 = EDGE_LOOP('',(#2419));
#2419 = ORIENTED_EDGE('',*,*,#2420,.T.);
#2420 = EDGE_CURVE('',#2421,#2421,#2423,.T.);
#2421 = VERTEX_POINT('',#2422);
#2422 = CARTESIAN_POINT('',(14.75,-11.5,0.));
#2423 = CIRCLE('',#2424,0.5);
#2424 = AXIS2_PLACEMENT_3D('',#2425,#2426,#2427);
#2425 = CARTESIAN_POINT('',(14.75,-11.,0.));
#2426 = DIRECTION('',(-0.,0.,-1.));
#2427 = DIRECTION('',(-0.,-1.,0.));
#2428 = FACE_BOUND('',#2429,.F.);
#2429 = EDGE_LOOP('',(#2430));
#2430 = ORIENTED_EDGE('',*,*,#2431,.T.);
#2431 = EDGE_CURVE('',#2432,#2432,#2434,.T.);
#2432 = VERTEX_POINT('',#2433);
#2433 = CARTESIAN_POINT('',(42.,-15.1,0.));
#2434 = CIRCLE('',#2435,0.5);
#2435 = AXIS2_PLACEMENT_3D('',#2436,#2437,#2438);
#2436 = CARTESIAN_POINT('',(42.,-14.6,0.));
#2437 = DIRECTION('',(-0.,0.,-1.));
#2438 = DIRECTION('',(-0.,-1.,0.));
#2439 = FACE_BOUND('',#2440,.F.);
#2440 = EDGE_LOOP('',(#2441));
#2441 = ORIENTED_EDGE('',*,*,#2442,.T.);
#2442 = EDGE_CURVE('',#2443,#2443,#2445,.T.);
#2443 = VERTEX_POINT('',#2444);
#2444 = CARTESIAN_POINT('',(49.5,-15.1,0.));
#2445 = CIRCLE('',#2446,0.5);
#2446 = AXIS2_PLACEMENT_3D('',#2447,#2448,#2449);
#2447 = CARTESIAN_POINT('',(49.5,-14.6,0.));
#2448 = DIRECTION('',(-0.,0.,-1.));
#2449 = DIRECTION('',(-0.,-1.,0.));
#2450 = FACE_BOUND('',#2451,.F.);
#2451 = EDGE_LOOP('',(#2452));
#2452 = ORIENTED_EDGE('',*,*,#2453,.T.);
#2453 = EDGE_CURVE('',#2454,#2454,#2456,.T.);
#2454 = VERTEX_POINT('',#2455);
#2455 = CARTESIAN_POINT('',(23.5,-1.5,0.));
#2456 = CIRCLE('',#2457,0.5);
#2457 = AXIS2_PLACEMENT_3D('',#2458,#2459,#2460);
#2458 = CARTESIAN_POINT('',(23.5,-1.,0.));
#2459 = DIRECTION('',(-0.,0.,-1.));
#2460 = DIRECTION('',(-0.,-1.,0.));
#2461 = FACE_BOUND('',#2462,.F.);
#2462 = EDGE_LOOP('',(#2463));
#2463 = ORIENTED_EDGE('',*,*,#2464,.T.);
#2464 = EDGE_CURVE('',#2465,#2465,#2467,.T.);
#2465 = VERTEX_POINT('',#2466);
#2466 = CARTESIAN_POINT('',(31.,-1.5,0.));
#2467 = CIRCLE('',#2468,0.5);
#2468 = AXIS2_PLACEMENT_3D('',#2469,#2470,#2471);
#2469 = CARTESIAN_POINT('',(31.,-1.,0.));
#2470 = DIRECTION('',(-0.,0.,-1.));
#2471 = DIRECTION('',(-0.,-1.,0.));
#2472 = FACE_BOUND('',#2473,.F.);
#2473 = EDGE_LOOP('',(#2474));
#2474 = ORIENTED_EDGE('',*,*,#2475,.T.);
#2475 = EDGE_CURVE('',#2476,#2476,#2478,.T.);
#2476 = VERTEX_POINT('',#2477);
#2477 = CARTESIAN_POINT('',(12.,-1.,0.));
#2478 = CIRCLE('',#2479,3.);
#2479 = AXIS2_PLACEMENT_3D('',#2480,#2481,#2482);
#2480 = CARTESIAN_POINT('',(12.,2.,0.));
#2481 = DIRECTION('',(-0.,0.,-1.));
#2482 = DIRECTION('',(-0.,-1.,0.));
#2483 = FACE_BOUND('',#2484,.F.);
#2484 = EDGE_LOOP('',(#2485));
#2485 = ORIENTED_EDGE('',*,*,#2486,.T.);
#2486 = EDGE_CURVE('',#2487,#2487,#2489,.T.);
#2487 = VERTEX_POINT('',#2488);
#2488 = CARTESIAN_POINT('',(68.75,-1.,0.));
#2489 = CIRCLE('',#2490,0.5);
#2490 = AXIS2_PLACEMENT_3D('',#2491,#2492,#2493);
#2491 = CARTESIAN_POINT('',(68.75,-0.5,0.));
#2492 = DIRECTION('',(-0.,0.,-1.));
#2493 = DIRECTION('',(-0.,-1.,0.));
#2494 = FACE_BOUND('',#2495,.F.);
#2495 = EDGE_LOOP('',(#2496));
#2496 = ORIENTED_EDGE('',*,*,#2497,.T.);
#2497 = EDGE_CURVE('',#2498,#2498,#2500,.T.);
#2498 = VERTEX_POINT('',#2499);
#2499 = CARTESIAN_POINT('',(83.25,-13.,0.));
#2500 = CIRCLE('',#2501,0.5);
#2501 = AXIS2_PLACEMENT_3D('',#2502,#2503,#2504);
#2502 = CARTESIAN_POINT('',(83.25,-12.5,0.));
#2503 = DIRECTION('',(-0.,0.,-1.));
#2504 = DIRECTION('',(-0.,-1.,0.));
#2505 = FACE_BOUND('',#2506,.F.);
#2506 = EDGE_LOOP('',(#2507));
#2507 = ORIENTED_EDGE('',*,*,#2508,.T.);
#2508 = EDGE_CURVE('',#2509,#2509,#2511,.T.);
#2509 = VERTEX_POINT('',#2510);
#2510 = CARTESIAN_POINT('',(90.75,-13.,0.));
#2511 = CIRCLE('',#2512,0.5);
#2512 = AXIS2_PLACEMENT_3D('',#2513,#2514,#2515);
#2513 = CARTESIAN_POINT('',(90.75,-12.5,0.));
#2514 = DIRECTION('',(-0.,0.,-1.));
#2515 = DIRECTION('',(-0.,-1.,0.));
#2516 = FACE_BOUND('',#2517,.F.);
#2517 = EDGE_LOOP('',(#2518));
#2518 = ORIENTED_EDGE('',*,*,#2519,.T.);
#2519 = EDGE_CURVE('',#2520,#2520,#2522,.T.);
#2520 = VERTEX_POINT('',#2521);
#2521 = CARTESIAN_POINT('',(103.,-16.,0.));
#2522 = CIRCLE('',#2523,3.);
#2523 = AXIS2_PLACEMENT_3D('',#2524,#2525,#2526);
#2524 = CARTESIAN_POINT('',(103.,-13.,0.));
#2525 = DIRECTION('',(-0.,0.,-1.));
#2526 = DIRECTION('',(-0.,-1.,0.));
#2527 = FACE_BOUND('',#2528,.F.);
#2528 = EDGE_LOOP('',(#2529));
#2529 = ORIENTED_EDGE('',*,*,#2530,.T.);
#2530 = EDGE_CURVE('',#2531,#2531,#2533,.T.);
#2531 = VERTEX_POINT('',#2532);
#2532 = CARTESIAN_POINT('',(76.25,-1.,0.));
#2533 = CIRCLE('',#2534,0.5);
#2534 = AXIS2_PLACEMENT_3D('',#2535,#2536,#2537);
#2535 = CARTESIAN_POINT('',(76.25,-0.5,0.));
#2536 = DIRECTION('',(-0.,0.,-1.));
#2537 = DIRECTION('',(-0.,-1.,0.));
#2538 = FACE_BOUND('',#2539,.F.);
#2539 = EDGE_LOOP('',(#2540));
#2540 = ORIENTED_EDGE('',*,*,#2541,.T.);
#2541 = EDGE_CURVE('',#2542,#2542,#2544,.T.);
#2542 = VERTEX_POINT('',#2543);
#2543 = CARTESIAN_POINT('',(108.75,-1.,0.));
#2544 = CIRCLE('',#2545,0.5);
#2545 = AXIS2_PLACEMENT_3D('',#2546,#2547,#2548);
#2546 = CARTESIAN_POINT('',(108.75,-0.5,0.));
#2547 = DIRECTION('',(-0.,0.,-1.));
#2548 = DIRECTION('',(-0.,-1.,0.));
#2549 = FACE_BOUND('',#2550,.F.);
#2550 = EDGE_LOOP('',(#2551));
#2551 = ORIENTED_EDGE('',*,*,#2552,.T.);
#2552 = EDGE_CURVE('',#2553,#2553,#2555,.T.);
#2553 = VERTEX_POINT('',#2554);
#2554 = CARTESIAN_POINT('',(95.,-0.2,0.));
#2555 = CIRCLE('',#2556,3.2);
#2556 = AXIS2_PLACEMENT_3D('',#2557,#2558,#2559);
#2557 = CARTESIAN_POINT('',(95.,3.,0.));
#2558 = DIRECTION('',(-0.,0.,-1.));
#2559 = DIRECTION('',(-0.,-1.,0.));
#2560 = FACE_BOUND('',#2561,.F.);
#2561 = EDGE_LOOP('',(#2562));
#2562 = ORIENTED_EDGE('',*,*,#2563,.T.);
#2563 = EDGE_CURVE('',#2564,#2564,#2566,.T.);
#2564 = VERTEX_POINT('',#2565);
#2565 = CARTESIAN_POINT('',(116.25,-1.,0.));
#2566 = CIRCLE('',#2567,0.5);
#2567 = AXIS2_PLACEMENT_3D('',#2568,#2569,#2570);
#2568 = CARTESIAN_POINT('',(116.25,-0.5,0.));
#2569 = DIRECTION('',(-0.,0.,-1.));
#2570 = DIRECTION('',(-0.,-1.,0.));
#2571 = FACE_BOUND('',#2572,.F.);
#2572 = EDGE_LOOP('',(#2573));
#2573 = ORIENTED_EDGE('',*,*,#2574,.T.);
#2574 = EDGE_CURVE('',#2575,#2575,#2577,.T.);
#2575 = VERTEX_POINT('',#2576);
#2576 = CARTESIAN_POINT('',(176.25,-32.5,0.));
#2577 = CIRCLE('',#2578,0.5);
#2578 = AXIS2_PLACEMENT_3D('',#2579,#2580,#2581);
#2579 = CARTESIAN_POINT('',(176.25,-32.,0.));
#2580 = DIRECTION('',(-0.,0.,-1.));
#2581 = DIRECTION('',(-0.,-1.,0.));
#2582 = FACE_BOUND('',#2583,.F.);
#2583 = EDGE_LOOP('',(#2584));
#2584 = ORIENTED_EDGE('',*,*,#2585,.T.);
#2585 = EDGE_CURVE('',#2586,#2586,#2588,.T.);
#2586 = VERTEX_POINT('',#2587);
#2587 = CARTESIAN_POINT('',(206.75,-34.,0.));
#2588 = CIRCLE('',#2589,0.5);
#2589 = AXIS2_PLACEMENT_3D('',#2590,#2591,#2592);
#2590 = CARTESIAN_POINT('',(206.75,-33.5,0.));
#2591 = DIRECTION('',(-0.,0.,-1.));
#2592 = DIRECTION('',(-0.,-1.,0.));
#2593 = FACE_BOUND('',#2594,.F.);
#2594 = EDGE_LOOP('',(#2595));
#2595 = ORIENTED_EDGE('',*,*,#2596,.T.);
#2596 = EDGE_CURVE('',#2597,#2597,#2599,.T.);
#2597 = VERTEX_POINT('',#2598);
#2598 = CARTESIAN_POINT('',(214.25,-34.,0.));
#2599 = CIRCLE('',#2600,0.5);
#2600 = AXIS2_PLACEMENT_3D('',#2601,#2602,#2603);
#2601 = CARTESIAN_POINT('',(214.25,-33.5,0.));
#2602 = DIRECTION('',(-0.,0.,-1.));
#2603 = DIRECTION('',(-0.,-1.,0.));
#2604 = FACE_BOUND('',#2605,.F.);
#2605 = EDGE_LOOP('',(#2606));
#2606 = ORIENTED_EDGE('',*,*,#2607,.T.);
#2607 = EDGE_CURVE('',#2608,#2608,#2610,.T.);
#2608 = VERTEX_POINT('',#2609);
#2609 = CARTESIAN_POINT('',(183.75,-32.5,0.));
#2610 = CIRCLE('',#2611,0.5);
#2611 = AXIS2_PLACEMENT_3D('',#2612,#2613,#2614);
#2612 = CARTESIAN_POINT('',(183.75,-32.,0.));
#2613 = DIRECTION('',(-0.,0.,-1.));
#2614 = DIRECTION('',(-0.,-1.,0.));
#2615 = FACE_BOUND('',#2616,.F.);
#2616 = EDGE_LOOP('',(#2617));
#2617 = ORIENTED_EDGE('',*,*,#2618,.T.);
#2618 = EDGE_CURVE('',#2619,#2619,#2621,.T.);
#2619 = VERTEX_POINT('',#2620);
#2620 = CARTESIAN_POINT('',(151.5,-18.5,0.));
#2621 = CIRCLE('',#2622,0.5);
#2622 = AXIS2_PLACEMENT_3D('',#2623,#2624,#2625);
#2623 = CARTESIAN_POINT('',(151.5,-18.,0.));
#2624 = DIRECTION('',(-0.,0.,-1.));
#2625 = DIRECTION('',(-0.,-1.,0.));
#2626 = FACE_BOUND('',#2627,.F.);
#2627 = EDGE_LOOP('',(#2628));
#2628 = ORIENTED_EDGE('',*,*,#2629,.T.);
#2629 = EDGE_CURVE('',#2630,#2630,#2632,.T.);
#2630 = VERTEX_POINT('',#2631);
#2631 = CARTESIAN_POINT('',(159.,-18.5,0.));
#2632 = CIRCLE('',#2633,0.5);
#2633 = AXIS2_PLACEMENT_3D('',#2634,#2635,#2636);
#2634 = CARTESIAN_POINT('',(159.,-18.,0.));
#2635 = DIRECTION('',(-0.,0.,-1.));
#2636 = DIRECTION('',(-0.,-1.,0.));
#2637 = FACE_BOUND('',#2638,.F.);
#2638 = EDGE_LOOP('',(#2639));
#2639 = ORIENTED_EDGE('',*,*,#2640,.T.);
#2640 = EDGE_CURVE('',#2641,#2641,#2643,.T.);
#2641 = VERTEX_POINT('',#2642);
#2642 = CARTESIAN_POINT('',(193.25,-21.5,0.));
#2643 = CIRCLE('',#2644,0.5);
#2644 = AXIS2_PLACEMENT_3D('',#2645,#2646,#2647);
#2645 = CARTESIAN_POINT('',(193.25,-21.,0.));
#2646 = DIRECTION('',(-0.,0.,-1.));
#2647 = DIRECTION('',(-0.,-1.,0.));
#2648 = FACE_BOUND('',#2649,.F.);
#2649 = EDGE_LOOP('',(#2650));
#2650 = ORIENTED_EDGE('',*,*,#2651,.T.);
#2651 = EDGE_CURVE('',#2652,#2652,#2654,.T.);
#2652 = VERTEX_POINT('',#2653);
#2653 = CARTESIAN_POINT('',(200.75,-21.5,0.));
#2654 = CIRCLE('',#2655,0.5);
#2655 = AXIS2_PLACEMENT_3D('',#2656,#2657,#2658);
#2656 = CARTESIAN_POINT('',(200.75,-21.,0.));
#2657 = DIRECTION('',(-0.,0.,-1.));
#2658 = DIRECTION('',(-0.,-1.,0.));
#2659 = FACE_BOUND('',#2660,.F.);
#2660 = EDGE_LOOP('',(#2661));
#2661 = ORIENTED_EDGE('',*,*,#2662,.T.);
#2662 = EDGE_CURVE('',#2663,#2663,#2665,.T.);
#2663 = VERTEX_POINT('',#2664);
#2664 = CARTESIAN_POINT('',(230.,-38.2,0.));
#2665 = CIRCLE('',#2666,3.2);
#2666 = AXIS2_PLACEMENT_3D('',#2667,#2668,#2669);
#2667 = CARTESIAN_POINT('',(230.,-35.,0.));
#2668 = DIRECTION('',(-0.,0.,-1.));
#2669 = DIRECTION('',(-0.,-1.,0.));
#2670 = FACE_BOUND('',#2671,.F.);
#2671 = EDGE_LOOP('',(#2672));
#2672 = ORIENTED_EDGE('',*,*,#2673,.T.);
#2673 = EDGE_CURVE('',#2674,#2674,#2676,.T.);
#2674 = VERTEX_POINT('',#2675);
#2675 = CARTESIAN_POINT('',(244.75,-30.5,0.));
#2676 = CIRCLE('',#2677,0.5);
#2677 = AXIS2_PLACEMENT_3D('',#2678,#2679,#2680);
#2678 = CARTESIAN_POINT('',(244.75,-30.,0.));
#2679 = DIRECTION('',(-0.,0.,-1.));
#2680 = DIRECTION('',(-0.,-1.,0.));
#2681 = FACE_BOUND('',#2682,.F.);
#2682 = EDGE_LOOP('',(#2683));
#2683 = ORIENTED_EDGE('',*,*,#2684,.T.);
#2684 = EDGE_CURVE('',#2685,#2685,#2687,.T.);
#2685 = VERTEX_POINT('',#2686);
#2686 = CARTESIAN_POINT('',(252.25,-30.5,0.));
#2687 = CIRCLE('',#2688,0.5);
#2688 = AXIS2_PLACEMENT_3D('',#2689,#2690,#2691);
#2689 = CARTESIAN_POINT('',(252.25,-30.,0.));
#2690 = DIRECTION('',(-0.,0.,-1.));
#2691 = DIRECTION('',(-0.,-1.,0.));
#2692 = FACE_BOUND('',#2693,.F.);
#2693 = EDGE_LOOP('',(#2694));
#2694 = ORIENTED_EDGE('',*,*,#2695,.T.);
#2695 = EDGE_CURVE('',#2696,#2696,#2698,.T.);
#2696 = VERTEX_POINT('',#2697);
#2697 = CARTESIAN_POINT('',(263.25,-32.,0.));
#2698 = CIRCLE('',#2699,0.5);
#2699 = AXIS2_PLACEMENT_3D('',#2700,#2701,#2702);
#2700 = CARTESIAN_POINT('',(263.25,-31.5,0.));
#2701 = DIRECTION('',(-0.,0.,-1.));
#2702 = DIRECTION('',(-0.,-1.,0.));
#2703 = FACE_BOUND('',#2704,.F.);
#2704 = EDGE_LOOP('',(#2705));
#2705 = ORIENTED_EDGE('',*,*,#2706,.T.);
#2706 = EDGE_CURVE('',#2707,#2707,#2709,.T.);
#2707 = VERTEX_POINT('',#2708);
#2708 = CARTESIAN_POINT('',(270.75,-32.,0.));
#2709 = CIRCLE('',#2710,0.5);
#2710 = AXIS2_PLACEMENT_3D('',#2711,#2712,#2713);
#2711 = CARTESIAN_POINT('',(270.75,-31.5,0.));
#2712 = DIRECTION('',(-0.,0.,-1.));
#2713 = DIRECTION('',(-0.,-1.,0.));
#2714 = FACE_BOUND('',#2715,.F.);
#2715 = EDGE_LOOP('',(#2716));
#2716 = ORIENTED_EDGE('',*,*,#2717,.T.);
#2717 = EDGE_CURVE('',#2718,#2718,#2720,.T.);
#2718 = VERTEX_POINT('',#2719);
#2719 = CARTESIAN_POINT('',(174.5,-13.5,0.));
#2720 = CIRCLE('',#2721,0.5);
#2721 = AXIS2_PLACEMENT_3D('',#2722,#2723,#2724);
#2722 = CARTESIAN_POINT('',(174.5,-13.,0.));
#2723 = DIRECTION('',(-0.,0.,-1.));
#2724 = DIRECTION('',(-0.,-1.,0.));
#2725 = FACE_BOUND('',#2726,.F.);
#2726 = EDGE_LOOP('',(#2727));
#2727 = ORIENTED_EDGE('',*,*,#2728,.T.);
#2728 = EDGE_CURVE('',#2729,#2729,#2731,.T.);
#2729 = VERTEX_POINT('',#2730);
#2730 = CARTESIAN_POINT('',(182.,-13.5,0.));
#2731 = CIRCLE('',#2732,0.5);
#2732 = AXIS2_PLACEMENT_3D('',#2733,#2734,#2735);
#2733 = CARTESIAN_POINT('',(182.,-13.,0.));
#2734 = DIRECTION('',(-0.,0.,-1.));
#2735 = DIRECTION('',(-0.,-1.,0.));
#2736 = FACE_BOUND('',#2737,.F.);
#2737 = EDGE_LOOP('',(#2738));
#2738 = ORIENTED_EDGE('',*,*,#2739,.T.);
#2739 = EDGE_CURVE('',#2740,#2740,#2742,.T.);
#2740 = VERTEX_POINT('',#2741);
#2741 = CARTESIAN_POINT('',(210.25,-15.5,0.));
#2742 = CIRCLE('',#2743,0.5);
#2743 = AXIS2_PLACEMENT_3D('',#2744,#2745,#2746);
#2744 = CARTESIAN_POINT('',(210.25,-15.,0.));
#2745 = DIRECTION('',(-0.,0.,-1.));
#2746 = DIRECTION('',(-0.,-1.,0.));
#2747 = FACE_BOUND('',#2748,.F.);
#2748 = EDGE_LOOP('',(#2749));
#2749 = ORIENTED_EDGE('',*,*,#2750,.T.);
#2750 = EDGE_CURVE('',#2751,#2751,#2753,.T.);
#2751 = VERTEX_POINT('',#2752);
#2752 = CARTESIAN_POINT('',(217.75,-15.5,0.));
#2753 = CIRCLE('',#2754,0.5);
#2754 = AXIS2_PLACEMENT_3D('',#2755,#2756,#2757);
#2755 = CARTESIAN_POINT('',(217.75,-15.,0.));
#2756 = DIRECTION('',(-0.,0.,-1.));
#2757 = DIRECTION('',(-0.,-1.,0.));
#2758 = FACE_BOUND('',#2759,.F.);
#2759 = EDGE_LOOP('',(#2760));
#2760 = ORIENTED_EDGE('',*,*,#2761,.T.);
#2761 = EDGE_CURVE('',#2762,#2762,#2764,.T.);
#2762 = VERTEX_POINT('',#2763);
#2763 = CARTESIAN_POINT('',(160.25,-1.5,0.));
#2764 = CIRCLE('',#2765,0.5);
#2765 = AXIS2_PLACEMENT_3D('',#2766,#2767,#2768);
#2766 = CARTESIAN_POINT('',(160.25,-1.,0.));
#2767 = DIRECTION('',(-0.,0.,-1.));
#2768 = DIRECTION('',(-0.,-1.,0.));
#2769 = FACE_BOUND('',#2770,.F.);
#2770 = EDGE_LOOP('',(#2771));
#2771 = ORIENTED_EDGE('',*,*,#2772,.T.);
#2772 = EDGE_CURVE('',#2773,#2773,#2775,.T.);
#2773 = VERTEX_POINT('',#2774);
#2774 = CARTESIAN_POINT('',(167.75,-1.5,0.));
#2775 = CIRCLE('',#2776,0.5);
#2776 = AXIS2_PLACEMENT_3D('',#2777,#2778,#2779);
#2777 = CARTESIAN_POINT('',(167.75,-1.,0.));
#2778 = DIRECTION('',(-0.,0.,-1.));
#2779 = DIRECTION('',(-0.,-1.,0.));
#2780 = FACE_BOUND('',#2781,.F.);
#2781 = EDGE_LOOP('',(#2782));
#2782 = ORIENTED_EDGE('',*,*,#2783,.T.);
#2783 = EDGE_CURVE('',#2784,#2784,#2786,.T.);
#2784 = VERTEX_POINT('',#2785);
#2785 = CARTESIAN_POINT('',(198.5,-1.,0.));
#2786 = CIRCLE('',#2787,0.5);
#2787 = AXIS2_PLACEMENT_3D('',#2788,#2789,#2790);
#2788 = CARTESIAN_POINT('',(198.5,-0.5,0.));
#2789 = DIRECTION('',(-0.,0.,-1.));
#2790 = DIRECTION('',(-0.,-1.,0.));
#2791 = FACE_BOUND('',#2792,.F.);
#2792 = EDGE_LOOP('',(#2793));
#2793 = ORIENTED_EDGE('',*,*,#2794,.T.);
#2794 = EDGE_CURVE('',#2795,#2795,#2797,.T.);
#2795 = VERTEX_POINT('',#2796);
#2796 = CARTESIAN_POINT('',(206.,-1.,0.));
#2797 = CIRCLE('',#2798,0.5);
#2798 = AXIS2_PLACEMENT_3D('',#2799,#2800,#2801);
#2799 = CARTESIAN_POINT('',(206.,-0.5,0.));
#2800 = DIRECTION('',(-0.,0.,-1.));
#2801 = DIRECTION('',(-0.,-1.,0.));
#2802 = FACE_BOUND('',#2803,.F.);
#2803 = EDGE_LOOP('',(#2804));
#2804 = ORIENTED_EDGE('',*,*,#2805,.T.);
#2805 = EDGE_CURVE('',#2806,#2806,#2808,.T.);
#2806 = VERTEX_POINT('',#2807);
#2807 = CARTESIAN_POINT('',(185.,-0.2,0.));
#2808 = CIRCLE('',#2809,3.2);
#2809 = AXIS2_PLACEMENT_3D('',#2810,#2811,#2812);
#2810 = CARTESIAN_POINT('',(185.,3.,0.));
#2811 = DIRECTION('',(-0.,0.,-1.));
#2812 = DIRECTION('',(-0.,-1.,0.));
#2813 = FACE_BOUND('',#2814,.F.);
#2814 = EDGE_LOOP('',(#2815));
#2815 = ORIENTED_EDGE('',*,*,#2816,.T.);
#2816 = EDGE_CURVE('',#2817,#2817,#2819,.T.);
#2817 = VERTEX_POINT('',#2818);
#2818 = CARTESIAN_POINT('',(229.25,-16.5,0.));
#2819 = CIRCLE('',#2820,0.5);
#2820 = AXIS2_PLACEMENT_3D('',#2821,#2822,#2823);
#2821 = CARTESIAN_POINT('',(229.25,-16.,0.));
#2822 = DIRECTION('',(-0.,0.,-1.));
#2823 = DIRECTION('',(-0.,-1.,0.));
#2824 = FACE_BOUND('',#2825,.F.);
#2825 = EDGE_LOOP('',(#2826));
#2826 = ORIENTED_EDGE('',*,*,#2827,.T.);
#2827 = EDGE_CURVE('',#2828,#2828,#2830,.T.);
#2828 = VERTEX_POINT('',#2829);
#2829 = CARTESIAN_POINT('',(236.75,-16.5,0.));
#2830 = CIRCLE('',#2831,0.5);
#2831 = AXIS2_PLACEMENT_3D('',#2832,#2833,#2834);
#2832 = CARTESIAN_POINT('',(236.75,-16.,0.));
#2833 = DIRECTION('',(-0.,0.,-1.));
#2834 = DIRECTION('',(-0.,-1.,0.));
#2835 = FACE_BOUND('',#2836,.F.);
#2836 = EDGE_LOOP('',(#2837));
#2837 = ORIENTED_EDGE('',*,*,#2838,.T.);
#2838 = EDGE_CURVE('',#2839,#2839,#2841,.T.);
#2839 = VERTEX_POINT('',#2840);
#2840 = CARTESIAN_POINT('',(247.25,-12.,0.));
#2841 = CIRCLE('',#2842,0.5);
#2842 = AXIS2_PLACEMENT_3D('',#2843,#2844,#2845);
#2843 = CARTESIAN_POINT('',(247.25,-11.5,0.));
#2844 = DIRECTION('',(-0.,0.,-1.));
#2845 = DIRECTION('',(-0.,-1.,0.));
#2846 = FACE_BOUND('',#2847,.F.);
#2847 = EDGE_LOOP('',(#2848));
#2848 = ORIENTED_EDGE('',*,*,#2849,.T.);
#2849 = EDGE_CURVE('',#2850,#2850,#2852,.T.);
#2850 = VERTEX_POINT('',#2851);
#2851 = CARTESIAN_POINT('',(254.75,-12.,0.));
#2852 = CIRCLE('',#2853,0.5);
#2853 = AXIS2_PLACEMENT_3D('',#2854,#2855,#2856);
#2854 = CARTESIAN_POINT('',(254.75,-11.5,0.));
#2855 = DIRECTION('',(-0.,0.,-1.));
#2856 = DIRECTION('',(-0.,-1.,0.));
#2857 = FACE_BOUND('',#2858,.F.);
#2858 = EDGE_LOOP('',(#2859));
#2859 = ORIENTED_EDGE('',*,*,#2860,.T.);
#2860 = EDGE_CURVE('',#2861,#2861,#2863,.T.);
#2861 = VERTEX_POINT('',#2862);
#2862 = CARTESIAN_POINT('',(265.75,-13.5,0.));
#2863 = CIRCLE('',#2864,0.5);
#2864 = AXIS2_PLACEMENT_3D('',#2865,#2866,#2867);
#2865 = CARTESIAN_POINT('',(265.75,-13.,0.));
#2866 = DIRECTION('',(-0.,0.,-1.));
#2867 = DIRECTION('',(-0.,-1.,0.));
#2868 = FACE_BOUND('',#2869,.F.);
#2869 = EDGE_LOOP('',(#2870));
#2870 = ORIENTED_EDGE('',*,*,#2871,.T.);
#2871 = EDGE_CURVE('',#2872,#2872,#2874,.T.);
#2872 = VERTEX_POINT('',#2873);
#2873 = CARTESIAN_POINT('',(273.25,-13.5,0.));
#2874 = CIRCLE('',#2875,0.5);
#2875 = AXIS2_PLACEMENT_3D('',#2876,#2877,#2878);
#2876 = CARTESIAN_POINT('',(273.25,-13.,0.));
#2877 = DIRECTION('',(-0.,0.,-1.));
#2878 = DIRECTION('',(-0.,-1.,0.));
#2879 = FACE_BOUND('',#2880,.F.);
#2880 = EDGE_LOOP('',(#2881));
#2881 = ORIENTED_EDGE('',*,*,#2882,.T.);
#2882 = EDGE_CURVE('',#2883,#2883,#2885,.T.);
#2883 = VERTEX_POINT('',#2884);
#2884 = CARTESIAN_POINT('',(284.,-11.,0.));
#2885 = CIRCLE('',#2886,0.5);
#2886 = AXIS2_PLACEMENT_3D('',#2887,#2888,#2889);
#2887 = CARTESIAN_POINT('',(284.,-10.5,0.));
#2888 = DIRECTION('',(-0.,0.,-1.));
#2889 = DIRECTION('',(-0.,-1.,0.));
#2890 = FACE_BOUND('',#2891,.F.);
#2891 = EDGE_LOOP('',(#2892));
#2892 = ORIENTED_EDGE('',*,*,#2893,.T.);
#2893 = EDGE_CURVE('',#2894,#2894,#2896,.T.);
#2894 = VERTEX_POINT('',#2895);
#2895 = CARTESIAN_POINT('',(291.5,-11.,0.));
#2896 = CIRCLE('',#2897,0.5);
#2897 = AXIS2_PLACEMENT_3D('',#2898,#2899,#2900);
#2898 = CARTESIAN_POINT('',(291.5,-10.5,0.));
#2899 = DIRECTION('',(-0.,0.,-1.));
#2900 = DIRECTION('',(-0.,-1.,0.));
#2901 = FACE_BOUND('',#2902,.F.);
#2902 = EDGE_LOOP('',(#2903));
#2903 = ORIENTED_EDGE('',*,*,#2904,.T.);
#2904 = EDGE_CURVE('',#2905,#2905,#2907,.T.);
#2905 = VERTEX_POINT('',#2906);
#2906 = CARTESIAN_POINT('',(249.,8.881784197001E-16,0.));
#2907 = CIRCLE('',#2908,3.);
#2908 = AXIS2_PLACEMENT_3D('',#2909,#2910,#2911);
#2909 = CARTESIAN_POINT('',(249.,3.,0.));
#2910 = DIRECTION('',(-0.,0.,-1.));
#2911 = DIRECTION('',(-0.,-1.,0.));
#2912 = FACE_BOUND('',#2913,.F.);
#2913 = EDGE_LOOP('',(#2914));
#2914 = ORIENTED_EDGE('',*,*,#2915,.T.);
#2915 = EDGE_CURVE('',#2916,#2916,#2918,.T.);
#2916 = VERTEX_POINT('',#2917);
#2917 = CARTESIAN_POINT('',(275.,-0.2,0.));
#2918 = CIRCLE('',#2919,3.2);
#2919 = AXIS2_PLACEMENT_3D('',#2920,#2921,#2922);
#2920 = CARTESIAN_POINT('',(275.,3.,0.));
#2921 = DIRECTION('',(-0.,0.,-1.));
#2922 = DIRECTION('',(-0.,-1.,0.));
#2923 = PLANE('',#2924);
#2924 = AXIS2_PLACEMENT_3D('',#2925,#2926,#2927);
#2925 = CARTESIAN_POINT('',(0.,0.,0.));
#2926 = DIRECTION('',(0.,0.,1.));
#2927 = DIRECTION('',(1.,0.,-0.));
#2928 = ADVANCED_FACE('',(#2929,#3148,#3159,#3170,#3181,#3192,#3203,
    #3214,#3225,#3236,#3247,#3258,#3269,#3280,#3291,#3302,#3313,#3324,
    #3335,#3346,#3357,#3368,#3379,#3390,#3401,#3412,#3423,#3434,#3445,
    #3456,#3467,#3478,#3489,#3500,#3511,#3522,#3533,#3544,#3555,#3566,
    #3577,#3588,#3599,#3610,#3621,#3632,#3643,#3654,#3665,#3676,#3687,
    #3698,#3709,#3720,#3731,#3742,#3753,#3764,#3775,#3786,#3797,#3808,
    #3819,#3830,#3841,#3852,#3863,#3874,#3885,#3896,#3907,#3918,#3929,
    #3940,#3951,#3962,#3973,#3984,#3995,#4006,#4017,#4028,#4039,#4050,
    #4061,#4072,#4083,#4094,#4105,#4116,#4127,#4138,#4149,#4160,#4171,
    #4182,#4193,#4204,#4215,#4226,#4237,#4248,#4259,#4270,#4281,#4292,
    #4303,#4314,#4325,#4336,#4347,#4358,#4369,#4380,#4391,#4402,#4413,
    #4424,#4435,#4446,#4457,#4468,#4479,#4490,#4501,#4512,#4523,#4534,
    #4545,#4556,#4567,#4578,#4589,#4600,#4611,#4622,#4633),#4644,.T.);
#2929 = FACE_BOUND('',#2930,.T.);
#2930 = EDGE_LOOP('',(#2931,#2932,#2933,#2941,#2949,#2957,#2965,#2973,
    #2981,#2989,#2997,#3005,#3013,#3021,#3029,#3037,#3045,#3053,#3061,
    #3069,#3077,#3085,#3093,#3101,#3109,#3117,#3125,#3133,#3141,#3147));
#2931 = ORIENTED_EDGE('',*,*,#1119,.F.);
#2932 = ORIENTED_EDGE('',*,*,#1159,.F.);
#2933 = ORIENTED_EDGE('',*,*,#2934,.F.);
#2934 = EDGE_CURVE('',#2935,#1152,#2937,.T.);
#2935 = VERTEX_POINT('',#2936);
#2936 = CARTESIAN_POINT('',(152.983024,-5.033842,1.51));
#2937 = LINE('',#2938,#2939);
#2938 = CARTESIAN_POINT('',(152.983024,-5.033842,1.51));
#2939 = VECTOR('',#2940,1.);
#2940 = DIRECTION('',(8.507915095212E-04,0.999999638077,0.));
#2941 = ORIENTED_EDGE('',*,*,#2942,.F.);
#2942 = EDGE_CURVE('',#2943,#2935,#2945,.T.);
#2943 = VERTEX_POINT('',#2944);
#2944 = CARTESIAN_POINT('',(126.991997,-5.017863,1.51));
#2945 = LINE('',#2946,#2947);
#2946 = CARTESIAN_POINT('',(126.991997,-5.017863,1.51));
#2947 = VECTOR('',#2948,1.);
#2948 = DIRECTION('',(0.999999811017,-6.147889800678E-04,0.));
#2949 = ORIENTED_EDGE('',*,*,#2950,.F.);
#2950 = EDGE_CURVE('',#2951,#2943,#2953,.T.);
#2951 = VERTEX_POINT('',#2952);
#2952 = CARTESIAN_POINT('',(127.000615,8.999999,1.51));
#2953 = LINE('',#2954,#2955);
#2954 = CARTESIAN_POINT('',(127.000615,8.999999,1.51));
#2955 = VECTOR('',#2956,1.);
#2956 = DIRECTION('',(-6.147869319413E-04,-0.999999811018,0.));
#2957 = ORIENTED_EDGE('',*,*,#2958,.F.);
#2958 = EDGE_CURVE('',#2959,#2951,#2961,.T.);
#2959 = VERTEX_POINT('',#2960);
#2960 = CARTESIAN_POINT('',(127.000614,9.,1.51));
#2961 = LINE('',#2962,#2963);
#2962 = CARTESIAN_POINT('',(127.000614,9.,1.51));
#2963 = VECTOR('',#2964,1.);
#2964 = DIRECTION('',(0.707106780559,-0.707106781815,0.));
#2965 = ORIENTED_EDGE('',*,*,#2966,.F.);
#2966 = EDGE_CURVE('',#2967,#2959,#2969,.T.);
#2967 = VERTEX_POINT('',#2968);
#2968 = CARTESIAN_POINT('',(63.,9.,1.51));
#2969 = LINE('',#2970,#2971);
#2970 = CARTESIAN_POINT('',(63.,9.,1.51));
#2971 = VECTOR('',#2972,1.);
#2972 = DIRECTION('',(1.,0.,0.));
#2973 = ORIENTED_EDGE('',*,*,#2974,.F.);
#2974 = EDGE_CURVE('',#2975,#2967,#2977,.T.);
#2975 = VERTEX_POINT('',#2976);
#2976 = CARTESIAN_POINT('',(63.,-5.,1.51));
#2977 = LINE('',#2978,#2979);
#2978 = CARTESIAN_POINT('',(63.,-5.,1.51));
#2979 = VECTOR('',#2980,1.);
#2980 = DIRECTION('',(0.,1.,0.));
#2981 = ORIENTED_EDGE('',*,*,#2982,.F.);
#2982 = EDGE_CURVE('',#2983,#2975,#2985,.T.);
#2983 = VERTEX_POINT('',#2984);
#2984 = CARTESIAN_POINT('',(37.,-5.,1.51));
#2985 = LINE('',#2986,#2987);
#2986 = CARTESIAN_POINT('',(37.,-5.,1.51));
#2987 = VECTOR('',#2988,1.);
#2988 = DIRECTION('',(1.,0.,0.));
#2989 = ORIENTED_EDGE('',*,*,#2990,.F.);
#2990 = EDGE_CURVE('',#2991,#2983,#2993,.T.);
#2991 = VERTEX_POINT('',#2992);
#2992 = CARTESIAN_POINT('',(37.,8.,1.51));
#2993 = LINE('',#2994,#2995);
#2994 = CARTESIAN_POINT('',(37.,8.,1.51));
#2995 = VECTOR('',#2996,1.);
#2996 = DIRECTION('',(0.,-1.,0.));
#2997 = ORIENTED_EDGE('',*,*,#2998,.F.);
#2998 = EDGE_CURVE('',#2999,#2991,#3001,.T.);
#2999 = VERTEX_POINT('',#3000);
#3000 = CARTESIAN_POINT('',(36.,9.,1.51));
#3001 = LINE('',#3002,#3003);
#3002 = CARTESIAN_POINT('',(36.,9.,1.51));
#3003 = VECTOR('',#3004,1.);
#3004 = DIRECTION('',(0.707106781187,-0.707106781187,0.));
#3005 = ORIENTED_EDGE('',*,*,#3006,.F.);
#3006 = EDGE_CURVE('',#3007,#2999,#3009,.T.);
#3007 = VERTEX_POINT('',#3008);
#3008 = CARTESIAN_POINT('',(9.,9.,1.51));
#3009 = LINE('',#3010,#3011);
#3010 = CARTESIAN_POINT('',(9.,9.,1.51));
#3011 = VECTOR('',#3012,1.);
#3012 = DIRECTION('',(1.,0.,0.));
#3013 = ORIENTED_EDGE('',*,*,#3014,.F.);
#3014 = EDGE_CURVE('',#3015,#3007,#3017,.T.);
#3015 = VERTEX_POINT('',#3016);
#3016 = CARTESIAN_POINT('',(0.,0.,1.51));
#3017 = LINE('',#3018,#3019);
#3018 = CARTESIAN_POINT('',(0.,0.,1.51));
#3019 = VECTOR('',#3020,1.);
#3020 = DIRECTION('',(0.707106781187,0.707106781187,0.));
#3021 = ORIENTED_EDGE('',*,*,#3022,.F.);
#3022 = EDGE_CURVE('',#3023,#3015,#3025,.T.);
#3023 = VERTEX_POINT('',#3024);
#3024 = CARTESIAN_POINT('',(0.,-85.,1.51));
#3025 = LINE('',#3026,#3027);
#3026 = CARTESIAN_POINT('',(0.,-85.,1.51));
#3027 = VECTOR('',#3028,1.);
#3028 = DIRECTION('',(0.,1.,0.));
#3029 = ORIENTED_EDGE('',*,*,#3030,.F.);
#3030 = EDGE_CURVE('',#3031,#3023,#3033,.T.);
#3031 = VERTEX_POINT('',#3032);
#3032 = CARTESIAN_POINT('',(2.,-87.,1.51));
#3033 = LINE('',#3034,#3035);
#3034 = CARTESIAN_POINT('',(2.,-87.,1.51));
#3035 = VECTOR('',#3036,1.);
#3036 = DIRECTION('',(-0.707106781187,0.707106781187,0.));
#3037 = ORIENTED_EDGE('',*,*,#3038,.F.);
#3038 = EDGE_CURVE('',#3039,#3031,#3041,.T.);
#3039 = VERTEX_POINT('',#3040);
#3040 = CARTESIAN_POINT('',(277.,-87.,1.51));
#3041 = LINE('',#3042,#3043);
#3042 = CARTESIAN_POINT('',(277.,-87.,1.51));
#3043 = VECTOR('',#3044,1.);
#3044 = DIRECTION('',(-1.,0.,0.));
#3045 = ORIENTED_EDGE('',*,*,#3046,.F.);
#3046 = EDGE_CURVE('',#3047,#3039,#3049,.T.);
#3047 = VERTEX_POINT('',#3048);
#3048 = CARTESIAN_POINT('',(292.,-87.,1.51));
#3049 = LINE('',#3050,#3051);
#3050 = CARTESIAN_POINT('',(292.,-87.,1.51));
#3051 = VECTOR('',#3052,1.);
#3052 = DIRECTION('',(-1.,0.,0.));
#3053 = ORIENTED_EDGE('',*,*,#3054,.F.);
#3054 = EDGE_CURVE('',#3055,#3047,#3057,.T.);
#3055 = VERTEX_POINT('',#3056);
#3056 = CARTESIAN_POINT('',(292.,-79.,1.51));
#3057 = LINE('',#3058,#3059);
#3058 = CARTESIAN_POINT('',(292.,-79.,1.51));
#3059 = VECTOR('',#3060,1.);
#3060 = DIRECTION('',(0.,-1.,0.));
#3061 = ORIENTED_EDGE('',*,*,#3062,.F.);
#3062 = EDGE_CURVE('',#3063,#3055,#3065,.T.);
#3063 = VERTEX_POINT('',#3064);
#3064 = CARTESIAN_POINT('',(287.,-74.,1.51));
#3065 = LINE('',#3066,#3067);
#3066 = CARTESIAN_POINT('',(287.,-74.,1.51));
#3067 = VECTOR('',#3068,1.);
#3068 = DIRECTION('',(0.707106781187,-0.707106781187,0.));
#3069 = ORIENTED_EDGE('',*,*,#3070,.F.);
#3070 = EDGE_CURVE('',#3071,#3063,#3073,.T.);
#3071 = VERTEX_POINT('',#3072);
#3072 = CARTESIAN_POINT('',(277.,-74.,1.51));
#3073 = LINE('',#3074,#3075);
#3074 = CARTESIAN_POINT('',(277.,-74.,1.51));
#3075 = VECTOR('',#3076,1.);
#3076 = DIRECTION('',(1.,0.,0.));
#3077 = ORIENTED_EDGE('',*,*,#3078,.F.);
#3078 = EDGE_CURVE('',#3079,#3071,#3081,.T.);
#3079 = VERTEX_POINT('',#3080);
#3080 = CARTESIAN_POINT('',(277.,-22.,1.51));
#3081 = LINE('',#3082,#3083);
#3082 = CARTESIAN_POINT('',(277.,-22.,1.51));
#3083 = VECTOR('',#3084,1.);
#3084 = DIRECTION('',(0.,-1.,0.));
#3085 = ORIENTED_EDGE('',*,*,#3086,.F.);
#3086 = EDGE_CURVE('',#3087,#3079,#3089,.T.);
#3087 = VERTEX_POINT('',#3088);
#3088 = CARTESIAN_POINT('',(278.,-21.,1.51));
#3089 = LINE('',#3090,#3091);
#3090 = CARTESIAN_POINT('',(278.,-21.,1.51));
#3091 = VECTOR('',#3092,1.);
#3092 = DIRECTION('',(-0.707106781187,-0.707106781187,0.));
#3093 = ORIENTED_EDGE('',*,*,#3094,.F.);
#3094 = EDGE_CURVE('',#3095,#3087,#3097,.T.);
#3095 = VERTEX_POINT('',#3096);
#3096 = CARTESIAN_POINT('',(296.99371,-20.980456,1.51));
#3097 = LINE('',#3098,#3099);
#3098 = CARTESIAN_POINT('',(296.99371,-20.980456,1.51));
#3099 = VECTOR('',#3100,1.);
#3100 = DIRECTION('',(-0.999999470609,-1.02897167818E-03,0.));
#3101 = ORIENTED_EDGE('',*,*,#3102,.F.);
#3102 = EDGE_CURVE('',#3103,#3095,#3105,.T.);
#3103 = VERTEX_POINT('',#3104);
#3104 = CARTESIAN_POINT('',(296.981852,-3.988134,1.51));
#3105 = LINE('',#3106,#3107);
#3106 = CARTESIAN_POINT('',(296.981852,-3.988134,1.51));
#3107 = VECTOR('',#3108,1.);
#3108 = DIRECTION('',(6.978444213023E-04,-0.999999756507,0.));
#3109 = ORIENTED_EDGE('',*,*,#3110,.F.);
#3110 = EDGE_CURVE('',#3111,#3103,#3113,.T.);
#3111 = VERTEX_POINT('',#3112);
#3112 = CARTESIAN_POINT('',(284.,9.,1.51));
#3113 = LINE('',#3114,#3115);
#3114 = CARTESIAN_POINT('',(284.,9.,1.51));
#3115 = VECTOR('',#3116,1.);
#3116 = DIRECTION('',(0.706935715175,-0.707277805823,0.));
#3117 = ORIENTED_EDGE('',*,*,#3118,.F.);
#3118 = EDGE_CURVE('',#3119,#3111,#3121,.T.);
#3119 = VERTEX_POINT('',#3120);
#3120 = CARTESIAN_POINT('',(275.,9.,1.51));
#3121 = LINE('',#3122,#3123);
#3122 = CARTESIAN_POINT('',(275.,9.,1.51));
#3123 = VECTOR('',#3124,1.);
#3124 = DIRECTION('',(1.,0.,0.));
#3125 = ORIENTED_EDGE('',*,*,#3126,.F.);
#3126 = EDGE_CURVE('',#3127,#3119,#3129,.T.);
#3127 = VERTEX_POINT('',#3128);
#3128 = CARTESIAN_POINT('',(244.,9.,1.51));
#3129 = LINE('',#3130,#3131);
#3130 = CARTESIAN_POINT('',(244.,9.,1.51));
#3131 = VECTOR('',#3132,1.);
#3132 = DIRECTION('',(1.,0.,0.));
#3133 = ORIENTED_EDGE('',*,*,#3134,.F.);
#3134 = EDGE_CURVE('',#3135,#3127,#3137,.T.);
#3135 = VERTEX_POINT('',#3136);
#3136 = CARTESIAN_POINT('',(243.,8.,1.51));
#3137 = LINE('',#3138,#3139);
#3138 = CARTESIAN_POINT('',(243.,8.,1.51));
#3139 = VECTOR('',#3140,1.);
#3140 = DIRECTION('',(0.707106781187,0.707106781187,0.));
#3141 = ORIENTED_EDGE('',*,*,#3142,.F.);
#3142 = EDGE_CURVE('',#1182,#3135,#3143,.T.);
#3143 = LINE('',#3144,#3145);
#3144 = CARTESIAN_POINT('',(243.,-5.,1.51));
#3145 = VECTOR('',#3146,1.);
#3146 = DIRECTION('',(0.,1.,0.));
#3147 = ORIENTED_EDGE('',*,*,#1181,.F.);
#3148 = FACE_BOUND('',#3149,.T.);
#3149 = EDGE_LOOP('',(#3150));
#3150 = ORIENTED_EDGE('',*,*,#3151,.T.);
#3151 = EDGE_CURVE('',#3152,#3152,#3154,.T.);
#3152 = VERTEX_POINT('',#3153);
#3153 = CARTESIAN_POINT('',(6.,-84.2,1.51));
#3154 = CIRCLE('',#3155,3.2);
#3155 = AXIS2_PLACEMENT_3D('',#3156,#3157,#3158);
#3156 = CARTESIAN_POINT('',(6.,-81.,1.51));
#3157 = DIRECTION('',(-0.,0.,-1.));
#3158 = DIRECTION('',(-0.,-1.,0.));
#3159 = FACE_BOUND('',#3160,.T.);
#3160 = EDGE_LOOP('',(#3161));
#3161 = ORIENTED_EDGE('',*,*,#3162,.T.);
#3162 = EDGE_CURVE('',#3163,#3163,#3165,.T.);
#3163 = VERTEX_POINT('',#3164);
#3164 = CARTESIAN_POINT('',(33.25,-77.5,1.51));
#3165 = CIRCLE('',#3166,0.5);
#3166 = AXIS2_PLACEMENT_3D('',#3167,#3168,#3169);
#3167 = CARTESIAN_POINT('',(33.25,-77.,1.51));
#3168 = DIRECTION('',(-0.,0.,-1.));
#3169 = DIRECTION('',(-0.,-1.,0.));
#3170 = FACE_BOUND('',#3171,.T.);
#3171 = EDGE_LOOP('',(#3172));
#3172 = ORIENTED_EDGE('',*,*,#3173,.T.);
#3173 = EDGE_CURVE('',#3174,#3174,#3176,.T.);
#3174 = VERTEX_POINT('',#3175);
#3175 = CARTESIAN_POINT('',(40.75,-77.5,1.51));
#3176 = CIRCLE('',#3177,0.5);
#3177 = AXIS2_PLACEMENT_3D('',#3178,#3179,#3180);
#3178 = CARTESIAN_POINT('',(40.75,-77.,1.51));
#3179 = DIRECTION('',(-0.,0.,-1.));
#3180 = DIRECTION('',(-0.,-1.,0.));
#3181 = FACE_BOUND('',#3182,.T.);
#3182 = EDGE_LOOP('',(#3183));
#3183 = ORIENTED_EDGE('',*,*,#3184,.T.);
#3184 = EDGE_CURVE('',#3185,#3185,#3187,.T.);
#3185 = VERTEX_POINT('',#3186);
#3186 = CARTESIAN_POINT('',(54.25,-78.,1.51));
#3187 = CIRCLE('',#3188,0.5);
#3188 = AXIS2_PLACEMENT_3D('',#3189,#3190,#3191);
#3189 = CARTESIAN_POINT('',(54.25,-77.5,1.51));
#3190 = DIRECTION('',(-0.,0.,-1.));
#3191 = DIRECTION('',(-0.,-1.,0.));
#3192 = FACE_BOUND('',#3193,.T.);
#3193 = EDGE_LOOP('',(#3194));
#3194 = ORIENTED_EDGE('',*,*,#3195,.T.);
#3195 = EDGE_CURVE('',#3196,#3196,#3198,.T.);
#3196 = VERTEX_POINT('',#3197);
#3197 = CARTESIAN_POINT('',(61.75,-78.,1.51));
#3198 = CIRCLE('',#3199,0.5);
#3199 = AXIS2_PLACEMENT_3D('',#3200,#3201,#3202);
#3200 = CARTESIAN_POINT('',(61.75,-77.5,1.51));
#3201 = DIRECTION('',(-0.,0.,-1.));
#3202 = DIRECTION('',(-0.,-1.,0.));
#3203 = FACE_BOUND('',#3204,.T.);
#3204 = EDGE_LOOP('',(#3205));
#3205 = ORIENTED_EDGE('',*,*,#3206,.T.);
#3206 = EDGE_CURVE('',#3207,#3207,#3209,.T.);
#3207 = VERTEX_POINT('',#3208);
#3208 = CARTESIAN_POINT('',(72.75,-78.,1.51));
#3209 = CIRCLE('',#3210,0.5);
#3210 = AXIS2_PLACEMENT_3D('',#3211,#3212,#3213);
#3211 = CARTESIAN_POINT('',(72.75,-77.5,1.51));
#3212 = DIRECTION('',(-0.,0.,-1.));
#3213 = DIRECTION('',(-0.,-1.,0.));
#3214 = FACE_BOUND('',#3215,.T.);
#3215 = EDGE_LOOP('',(#3216));
#3216 = ORIENTED_EDGE('',*,*,#3217,.T.);
#3217 = EDGE_CURVE('',#3218,#3218,#3220,.T.);
#3218 = VERTEX_POINT('',#3219);
#3219 = CARTESIAN_POINT('',(13.25,-67.,1.51));
#3220 = CIRCLE('',#3221,0.5);
#3221 = AXIS2_PLACEMENT_3D('',#3222,#3223,#3224);
#3222 = CARTESIAN_POINT('',(13.25,-66.5,1.51));
#3223 = DIRECTION('',(-0.,0.,-1.));
#3224 = DIRECTION('',(-0.,-1.,0.));
#3225 = FACE_BOUND('',#3226,.T.);
#3226 = EDGE_LOOP('',(#3227));
#3227 = ORIENTED_EDGE('',*,*,#3228,.T.);
#3228 = EDGE_CURVE('',#3229,#3229,#3231,.T.);
#3229 = VERTEX_POINT('',#3230);
#3230 = CARTESIAN_POINT('',(20.75,-67.,1.51));
#3231 = CIRCLE('',#3232,0.5);
#3232 = AXIS2_PLACEMENT_3D('',#3233,#3234,#3235);
#3233 = CARTESIAN_POINT('',(20.75,-66.5,1.51));
#3234 = DIRECTION('',(-0.,0.,-1.));
#3235 = DIRECTION('',(-0.,-1.,0.));
#3236 = FACE_BOUND('',#3237,.T.);
#3237 = EDGE_LOOP('',(#3238));
#3238 = ORIENTED_EDGE('',*,*,#3239,.T.);
#3239 = EDGE_CURVE('',#3240,#3240,#3242,.T.);
#3240 = VERTEX_POINT('',#3241);
#3241 = CARTESIAN_POINT('',(50.,-66.2,1.51));
#3242 = CIRCLE('',#3243,3.2);
#3243 = AXIS2_PLACEMENT_3D('',#3244,#3245,#3246);
#3244 = CARTESIAN_POINT('',(50.,-63.,1.51));
#3245 = DIRECTION('',(-0.,0.,-1.));
#3246 = DIRECTION('',(-0.,-1.,0.));
#3247 = FACE_BOUND('',#3248,.T.);
#3248 = EDGE_LOOP('',(#3249));
#3249 = ORIENTED_EDGE('',*,*,#3250,.T.);
#3250 = EDGE_CURVE('',#3251,#3251,#3253,.T.);
#3251 = VERTEX_POINT('',#3252);
#3252 = CARTESIAN_POINT('',(80.25,-78.,1.51));
#3253 = CIRCLE('',#3254,0.5);
#3254 = AXIS2_PLACEMENT_3D('',#3255,#3256,#3257);
#3255 = CARTESIAN_POINT('',(80.25,-77.5,1.51));
#3256 = DIRECTION('',(-0.,0.,-1.));
#3257 = DIRECTION('',(-0.,-1.,0.));
#3258 = FACE_BOUND('',#3259,.T.);
#3259 = EDGE_LOOP('',(#3260));
#3260 = ORIENTED_EDGE('',*,*,#3261,.T.);
#3261 = EDGE_CURVE('',#3262,#3262,#3264,.T.);
#3262 = VERTEX_POINT('',#3263);
#3263 = CARTESIAN_POINT('',(91.25,-78.,1.51));
#3264 = CIRCLE('',#3265,0.5);
#3265 = AXIS2_PLACEMENT_3D('',#3266,#3267,#3268);
#3266 = CARTESIAN_POINT('',(91.25,-77.5,1.51));
#3267 = DIRECTION('',(-0.,0.,-1.));
#3268 = DIRECTION('',(-0.,-1.,0.));
#3269 = FACE_BOUND('',#3270,.T.);
#3270 = EDGE_LOOP('',(#3271));
#3271 = ORIENTED_EDGE('',*,*,#3272,.T.);
#3272 = EDGE_CURVE('',#3273,#3273,#3275,.T.);
#3273 = VERTEX_POINT('',#3274);
#3274 = CARTESIAN_POINT('',(98.75,-78.,1.51));
#3275 = CIRCLE('',#3276,0.5);
#3276 = AXIS2_PLACEMENT_3D('',#3277,#3278,#3279);
#3277 = CARTESIAN_POINT('',(98.75,-77.5,1.51));
#3278 = DIRECTION('',(-0.,0.,-1.));
#3279 = DIRECTION('',(-0.,-1.,0.));
#3280 = FACE_BOUND('',#3281,.T.);
#3281 = EDGE_LOOP('',(#3282));
#3282 = ORIENTED_EDGE('',*,*,#3283,.T.);
#3283 = EDGE_CURVE('',#3284,#3284,#3286,.T.);
#3284 = VERTEX_POINT('',#3285);
#3285 = CARTESIAN_POINT('',(109.5,-78.,1.51));
#3286 = CIRCLE('',#3287,0.5);
#3287 = AXIS2_PLACEMENT_3D('',#3288,#3289,#3290);
#3288 = CARTESIAN_POINT('',(109.5,-77.5,1.51));
#3289 = DIRECTION('',(-0.,0.,-1.));
#3290 = DIRECTION('',(-0.,-1.,0.));
#3291 = FACE_BOUND('',#3292,.T.);
#3292 = EDGE_LOOP('',(#3293));
#3293 = ORIENTED_EDGE('',*,*,#3294,.T.);
#3294 = EDGE_CURVE('',#3295,#3295,#3297,.T.);
#3295 = VERTEX_POINT('',#3296);
#3296 = CARTESIAN_POINT('',(117.,-78.,1.51));
#3297 = CIRCLE('',#3298,0.5);
#3298 = AXIS2_PLACEMENT_3D('',#3299,#3300,#3301);
#3299 = CARTESIAN_POINT('',(117.,-77.5,1.51));
#3300 = DIRECTION('',(-0.,0.,-1.));
#3301 = DIRECTION('',(-0.,-1.,0.));
#3302 = FACE_BOUND('',#3303,.T.);
#3303 = EDGE_LOOP('',(#3304));
#3304 = ORIENTED_EDGE('',*,*,#3305,.T.);
#3305 = EDGE_CURVE('',#3306,#3306,#3308,.T.);
#3306 = VERTEX_POINT('',#3307);
#3307 = CARTESIAN_POINT('',(128.,-78.,1.51));
#3308 = CIRCLE('',#3309,0.5);
#3309 = AXIS2_PLACEMENT_3D('',#3310,#3311,#3312);
#3310 = CARTESIAN_POINT('',(128.,-77.5,1.51));
#3311 = DIRECTION('',(-0.,0.,-1.));
#3312 = DIRECTION('',(-0.,-1.,0.));
#3313 = FACE_BOUND('',#3314,.T.);
#3314 = EDGE_LOOP('',(#3315));
#3315 = ORIENTED_EDGE('',*,*,#3316,.T.);
#3316 = EDGE_CURVE('',#3317,#3317,#3319,.T.);
#3317 = VERTEX_POINT('',#3318);
#3318 = CARTESIAN_POINT('',(135.5,-78.,1.51));
#3319 = CIRCLE('',#3320,0.5);
#3320 = AXIS2_PLACEMENT_3D('',#3321,#3322,#3323);
#3321 = CARTESIAN_POINT('',(135.5,-77.5,1.51));
#3322 = DIRECTION('',(-0.,0.,-1.));
#3323 = DIRECTION('',(-0.,-1.,0.));
#3324 = FACE_BOUND('',#3325,.T.);
#3325 = EDGE_LOOP('',(#3326));
#3326 = ORIENTED_EDGE('',*,*,#3327,.T.);
#3327 = EDGE_CURVE('',#3328,#3328,#3330,.T.);
#3328 = VERTEX_POINT('',#3329);
#3329 = CARTESIAN_POINT('',(147.,-78.,1.51));
#3330 = CIRCLE('',#3331,0.5);
#3331 = AXIS2_PLACEMENT_3D('',#3332,#3333,#3334);
#3332 = CARTESIAN_POINT('',(147.,-77.5,1.51));
#3333 = DIRECTION('',(-0.,0.,-1.));
#3334 = DIRECTION('',(-0.,-1.,0.));
#3335 = FACE_BOUND('',#3336,.T.);
#3336 = EDGE_LOOP('',(#3337));
#3337 = ORIENTED_EDGE('',*,*,#3338,.T.);
#3338 = EDGE_CURVE('',#3339,#3339,#3341,.T.);
#3339 = VERTEX_POINT('',#3340);
#3340 = CARTESIAN_POINT('',(140.,-66.2,1.51));
#3341 = CIRCLE('',#3342,3.2);
#3342 = AXIS2_PLACEMENT_3D('',#3343,#3344,#3345);
#3343 = CARTESIAN_POINT('',(140.,-63.,1.51));
#3344 = DIRECTION('',(-0.,0.,-1.));
#3345 = DIRECTION('',(-0.,-1.,0.));
#3346 = FACE_BOUND('',#3347,.T.);
#3347 = EDGE_LOOP('',(#3348));
#3348 = ORIENTED_EDGE('',*,*,#3349,.T.);
#3349 = EDGE_CURVE('',#3350,#3350,#3352,.T.);
#3350 = VERTEX_POINT('',#3351);
#3351 = CARTESIAN_POINT('',(28.75,-57.,1.51));
#3352 = CIRCLE('',#3353,0.5);
#3353 = AXIS2_PLACEMENT_3D('',#3354,#3355,#3356);
#3354 = CARTESIAN_POINT('',(28.75,-56.5,1.51));
#3355 = DIRECTION('',(-0.,0.,-1.));
#3356 = DIRECTION('',(-0.,-1.,0.));
#3357 = FACE_BOUND('',#3358,.T.);
#3358 = EDGE_LOOP('',(#3359));
#3359 = ORIENTED_EDGE('',*,*,#3360,.T.);
#3360 = EDGE_CURVE('',#3361,#3361,#3363,.T.);
#3361 = VERTEX_POINT('',#3362);
#3362 = CARTESIAN_POINT('',(36.25,-57.,1.51));
#3363 = CIRCLE('',#3364,0.5);
#3364 = AXIS2_PLACEMENT_3D('',#3365,#3366,#3367);
#3365 = CARTESIAN_POINT('',(36.25,-56.5,1.51));
#3366 = DIRECTION('',(-0.,0.,-1.));
#3367 = DIRECTION('',(-0.,-1.,0.));
#3368 = FACE_BOUND('',#3369,.T.);
#3369 = EDGE_LOOP('',(#3370));
#3370 = ORIENTED_EDGE('',*,*,#3371,.T.);
#3371 = EDGE_CURVE('',#3372,#3372,#3374,.T.);
#3372 = VERTEX_POINT('',#3373);
#3373 = CARTESIAN_POINT('',(64.25,-59.5,1.51));
#3374 = CIRCLE('',#3375,0.5);
#3375 = AXIS2_PLACEMENT_3D('',#3376,#3377,#3378);
#3376 = CARTESIAN_POINT('',(64.25,-59.,1.51));
#3377 = DIRECTION('',(-0.,0.,-1.));
#3378 = DIRECTION('',(-0.,-1.,0.));
#3379 = FACE_BOUND('',#3380,.T.);
#3380 = EDGE_LOOP('',(#3381));
#3381 = ORIENTED_EDGE('',*,*,#3382,.T.);
#3382 = EDGE_CURVE('',#3383,#3383,#3385,.T.);
#3383 = VERTEX_POINT('',#3384);
#3384 = CARTESIAN_POINT('',(71.75,-59.5,1.51));
#3385 = CIRCLE('',#3386,0.5);
#3386 = AXIS2_PLACEMENT_3D('',#3387,#3388,#3389);
#3387 = CARTESIAN_POINT('',(71.75,-59.,1.51));
#3388 = DIRECTION('',(-0.,0.,-1.));
#3389 = DIRECTION('',(-0.,-1.,0.));
#3390 = FACE_BOUND('',#3391,.T.);
#3391 = EDGE_LOOP('',(#3392));
#3392 = ORIENTED_EDGE('',*,*,#3393,.T.);
#3393 = EDGE_CURVE('',#3394,#3394,#3396,.T.);
#3394 = VERTEX_POINT('',#3395);
#3395 = CARTESIAN_POINT('',(6.25,-49.5,1.51));
#3396 = CIRCLE('',#3397,0.5);
#3397 = AXIS2_PLACEMENT_3D('',#3398,#3399,#3400);
#3398 = CARTESIAN_POINT('',(6.25,-49.,1.51));
#3399 = DIRECTION('',(-0.,0.,-1.));
#3400 = DIRECTION('',(-0.,-1.,0.));
#3401 = FACE_BOUND('',#3402,.T.);
#3402 = EDGE_LOOP('',(#3403));
#3403 = ORIENTED_EDGE('',*,*,#3404,.T.);
#3404 = EDGE_CURVE('',#3405,#3405,#3407,.T.);
#3405 = VERTEX_POINT('',#3406);
#3406 = CARTESIAN_POINT('',(13.75,-49.5,1.51));
#3407 = CIRCLE('',#3408,0.5);
#3408 = AXIS2_PLACEMENT_3D('',#3409,#3410,#3411);
#3409 = CARTESIAN_POINT('',(13.75,-49.,1.51));
#3410 = DIRECTION('',(-0.,0.,-1.));
#3411 = DIRECTION('',(-0.,-1.,0.));
#3412 = FACE_BOUND('',#3413,.T.);
#3413 = EDGE_LOOP('',(#3414));
#3414 = ORIENTED_EDGE('',*,*,#3415,.T.);
#3415 = EDGE_CURVE('',#3416,#3416,#3418,.T.);
#3416 = VERTEX_POINT('',#3417);
#3417 = CARTESIAN_POINT('',(22.75,-39.5,1.51));
#3418 = CIRCLE('',#3419,0.5);
#3419 = AXIS2_PLACEMENT_3D('',#3420,#3421,#3422);
#3420 = CARTESIAN_POINT('',(22.75,-39.,1.51));
#3421 = DIRECTION('',(-0.,0.,-1.));
#3422 = DIRECTION('',(-0.,-1.,0.));
#3423 = FACE_BOUND('',#3424,.T.);
#3424 = EDGE_LOOP('',(#3425));
#3425 = ORIENTED_EDGE('',*,*,#3426,.T.);
#3426 = EDGE_CURVE('',#3427,#3427,#3429,.T.);
#3427 = VERTEX_POINT('',#3428);
#3428 = CARTESIAN_POINT('',(30.25,-39.5,1.51));
#3429 = CIRCLE('',#3430,0.5);
#3430 = AXIS2_PLACEMENT_3D('',#3431,#3432,#3433);
#3431 = CARTESIAN_POINT('',(30.25,-39.,1.51));
#3432 = DIRECTION('',(-0.,0.,-1.));
#3433 = DIRECTION('',(-0.,-1.,0.));
#3434 = FACE_BOUND('',#3435,.T.);
#3435 = EDGE_LOOP('',(#3436));
#3436 = ORIENTED_EDGE('',*,*,#3437,.T.);
#3437 = EDGE_CURVE('',#3438,#3438,#3440,.T.);
#3438 = VERTEX_POINT('',#3439);
#3439 = CARTESIAN_POINT('',(62.5,-41.,1.51));
#3440 = CIRCLE('',#3441,0.5);
#3441 = AXIS2_PLACEMENT_3D('',#3442,#3443,#3444);
#3442 = CARTESIAN_POINT('',(62.5,-40.5,1.51));
#3443 = DIRECTION('',(-0.,0.,-1.));
#3444 = DIRECTION('',(-0.,-1.,0.));
#3445 = FACE_BOUND('',#3446,.T.);
#3446 = EDGE_LOOP('',(#3447));
#3447 = ORIENTED_EDGE('',*,*,#3448,.T.);
#3448 = EDGE_CURVE('',#3449,#3449,#3451,.T.);
#3449 = VERTEX_POINT('',#3450);
#3450 = CARTESIAN_POINT('',(70.,-41.,1.51));
#3451 = CIRCLE('',#3452,0.5);
#3452 = AXIS2_PLACEMENT_3D('',#3453,#3454,#3455);
#3453 = CARTESIAN_POINT('',(70.,-40.5,1.51));
#3454 = DIRECTION('',(-0.,0.,-1.));
#3455 = DIRECTION('',(-0.,-1.,0.));
#3456 = FACE_BOUND('',#3457,.T.);
#3457 = EDGE_LOOP('',(#3458));
#3458 = ORIENTED_EDGE('',*,*,#3459,.T.);
#3459 = EDGE_CURVE('',#3460,#3460,#3462,.T.);
#3460 = VERTEX_POINT('',#3461);
#3461 = CARTESIAN_POINT('',(83.5,-60.5,1.51));
#3462 = CIRCLE('',#3463,0.5);
#3463 = AXIS2_PLACEMENT_3D('',#3464,#3465,#3466);
#3464 = CARTESIAN_POINT('',(83.5,-60.,1.51));
#3465 = DIRECTION('',(-0.,0.,-1.));
#3466 = DIRECTION('',(-0.,-1.,0.));
#3467 = FACE_BOUND('',#3468,.T.);
#3468 = EDGE_LOOP('',(#3469));
#3469 = ORIENTED_EDGE('',*,*,#3470,.T.);
#3470 = EDGE_CURVE('',#3471,#3471,#3473,.T.);
#3471 = VERTEX_POINT('',#3472);
#3472 = CARTESIAN_POINT('',(91.,-60.5,1.51));
#3473 = CIRCLE('',#3474,0.5);
#3474 = AXIS2_PLACEMENT_3D('',#3475,#3476,#3477);
#3475 = CARTESIAN_POINT('',(91.,-60.,1.51));
#3476 = DIRECTION('',(-0.,0.,-1.));
#3477 = DIRECTION('',(-0.,-1.,0.));
#3478 = FACE_BOUND('',#3479,.T.);
#3479 = EDGE_LOOP('',(#3480));
#3480 = ORIENTED_EDGE('',*,*,#3481,.T.);
#3481 = EDGE_CURVE('',#3482,#3482,#3484,.T.);
#3482 = VERTEX_POINT('',#3483);
#3483 = CARTESIAN_POINT('',(106.5,-59.5,1.51));
#3484 = CIRCLE('',#3485,0.5);
#3485 = AXIS2_PLACEMENT_3D('',#3486,#3487,#3488);
#3486 = CARTESIAN_POINT('',(106.5,-59.,1.51));
#3487 = DIRECTION('',(-0.,0.,-1.));
#3488 = DIRECTION('',(-0.,-1.,0.));
#3489 = FACE_BOUND('',#3490,.T.);
#3490 = EDGE_LOOP('',(#3491));
#3491 = ORIENTED_EDGE('',*,*,#3492,.T.);
#3492 = EDGE_CURVE('',#3493,#3493,#3495,.T.);
#3493 = VERTEX_POINT('',#3494);
#3494 = CARTESIAN_POINT('',(114.,-59.5,1.51));
#3495 = CIRCLE('',#3496,0.5);
#3496 = AXIS2_PLACEMENT_3D('',#3497,#3498,#3499);
#3497 = CARTESIAN_POINT('',(114.,-59.,1.51));
#3498 = DIRECTION('',(-0.,0.,-1.));
#3499 = DIRECTION('',(-0.,-1.,0.));
#3500 = FACE_BOUND('',#3501,.T.);
#3501 = EDGE_LOOP('',(#3502));
#3502 = ORIENTED_EDGE('',*,*,#3503,.T.);
#3503 = EDGE_CURVE('',#3504,#3504,#3506,.T.);
#3504 = VERTEX_POINT('',#3505);
#3505 = CARTESIAN_POINT('',(123.75,-51.,1.51));
#3506 = CIRCLE('',#3507,0.5);
#3507 = AXIS2_PLACEMENT_3D('',#3508,#3509,#3510);
#3508 = CARTESIAN_POINT('',(123.75,-50.5,1.51));
#3509 = DIRECTION('',(-0.,0.,-1.));
#3510 = DIRECTION('',(-0.,-1.,0.));
#3511 = FACE_BOUND('',#3512,.T.);
#3512 = EDGE_LOOP('',(#3513));
#3513 = ORIENTED_EDGE('',*,*,#3514,.T.);
#3514 = EDGE_CURVE('',#3515,#3515,#3517,.T.);
#3515 = VERTEX_POINT('',#3516);
#3516 = CARTESIAN_POINT('',(131.25,-51.,1.51));
#3517 = CIRCLE('',#3518,0.5);
#3518 = AXIS2_PLACEMENT_3D('',#3519,#3520,#3521);
#3519 = CARTESIAN_POINT('',(131.25,-50.5,1.51));
#3520 = DIRECTION('',(-0.,0.,-1.));
#3521 = DIRECTION('',(-0.,-1.,0.));
#3522 = FACE_BOUND('',#3523,.T.);
#3523 = EDGE_LOOP('',(#3524));
#3524 = ORIENTED_EDGE('',*,*,#3525,.T.);
#3525 = EDGE_CURVE('',#3526,#3526,#3528,.T.);
#3526 = VERTEX_POINT('',#3527);
#3527 = CARTESIAN_POINT('',(94.,-45.,1.51));
#3528 = CIRCLE('',#3529,0.5);
#3529 = AXIS2_PLACEMENT_3D('',#3530,#3531,#3532);
#3530 = CARTESIAN_POINT('',(94.,-44.5,1.51));
#3531 = DIRECTION('',(-0.,0.,-1.));
#3532 = DIRECTION('',(-0.,-1.,0.));
#3533 = FACE_BOUND('',#3534,.T.);
#3534 = EDGE_LOOP('',(#3535));
#3535 = ORIENTED_EDGE('',*,*,#3536,.T.);
#3536 = EDGE_CURVE('',#3537,#3537,#3539,.T.);
#3537 = VERTEX_POINT('',#3538);
#3538 = CARTESIAN_POINT('',(101.5,-45.,1.51));
#3539 = CIRCLE('',#3540,0.5);
#3540 = AXIS2_PLACEMENT_3D('',#3541,#3542,#3543);
#3541 = CARTESIAN_POINT('',(101.5,-44.5,1.51));
#3542 = DIRECTION('',(-0.,0.,-1.));
#3543 = DIRECTION('',(-0.,-1.,0.));
#3544 = FACE_BOUND('',#3545,.T.);
#3545 = EDGE_LOOP('',(#3546));
#3546 = ORIENTED_EDGE('',*,*,#3547,.T.);
#3547 = EDGE_CURVE('',#3548,#3548,#3550,.T.);
#3548 = VERTEX_POINT('',#3549);
#3549 = CARTESIAN_POINT('',(154.5,-78.,1.51));
#3550 = CIRCLE('',#3551,0.5);
#3551 = AXIS2_PLACEMENT_3D('',#3552,#3553,#3554);
#3552 = CARTESIAN_POINT('',(154.5,-77.5,1.51));
#3553 = DIRECTION('',(-0.,0.,-1.));
#3554 = DIRECTION('',(-0.,-1.,0.));
#3555 = FACE_BOUND('',#3556,.T.);
#3556 = EDGE_LOOP('',(#3557));
#3557 = ORIENTED_EDGE('',*,*,#3558,.T.);
#3558 = EDGE_CURVE('',#3559,#3559,#3561,.T.);
#3559 = VERTEX_POINT('',#3560);
#3560 = CARTESIAN_POINT('',(165.75,-75.5,1.51));
#3561 = CIRCLE('',#3562,0.5);
#3562 = AXIS2_PLACEMENT_3D('',#3563,#3564,#3565);
#3563 = CARTESIAN_POINT('',(165.75,-75.,1.51));
#3564 = DIRECTION('',(-0.,0.,-1.));
#3565 = DIRECTION('',(-0.,-1.,0.));
#3566 = FACE_BOUND('',#3567,.T.);
#3567 = EDGE_LOOP('',(#3568));
#3568 = ORIENTED_EDGE('',*,*,#3569,.T.);
#3569 = EDGE_CURVE('',#3570,#3570,#3572,.T.);
#3570 = VERTEX_POINT('',#3571);
#3571 = CARTESIAN_POINT('',(173.25,-75.5,1.51));
#3572 = CIRCLE('',#3573,0.5);
#3573 = AXIS2_PLACEMENT_3D('',#3574,#3575,#3576);
#3574 = CARTESIAN_POINT('',(173.25,-75.,1.51));
#3575 = DIRECTION('',(-0.,0.,-1.));
#3576 = DIRECTION('',(-0.,-1.,0.));
#3577 = FACE_BOUND('',#3578,.T.);
#3578 = EDGE_LOOP('',(#3579));
#3579 = ORIENTED_EDGE('',*,*,#3580,.T.);
#3580 = EDGE_CURVE('',#3581,#3581,#3583,.T.);
#3581 = VERTEX_POINT('',#3582);
#3582 = CARTESIAN_POINT('',(185.,-84.2,1.51));
#3583 = CIRCLE('',#3584,3.2);
#3584 = AXIS2_PLACEMENT_3D('',#3585,#3586,#3587);
#3585 = CARTESIAN_POINT('',(185.,-81.,1.51));
#3586 = DIRECTION('',(-0.,0.,-1.));
#3587 = DIRECTION('',(-0.,-1.,0.));
#3588 = FACE_BOUND('',#3589,.T.);
#3589 = EDGE_LOOP('',(#3590));
#3590 = ORIENTED_EDGE('',*,*,#3591,.T.);
#3591 = EDGE_CURVE('',#3592,#3592,#3594,.T.);
#3592 = VERTEX_POINT('',#3593);
#3593 = CARTESIAN_POINT('',(198.75,-78.5,1.51));
#3594 = CIRCLE('',#3595,0.5);
#3595 = AXIS2_PLACEMENT_3D('',#3596,#3597,#3598);
#3596 = CARTESIAN_POINT('',(198.75,-78.,1.51));
#3597 = DIRECTION('',(-0.,0.,-1.));
#3598 = DIRECTION('',(-0.,-1.,0.));
#3599 = FACE_BOUND('',#3600,.T.);
#3600 = EDGE_LOOP('',(#3601));
#3601 = ORIENTED_EDGE('',*,*,#3602,.T.);
#3602 = EDGE_CURVE('',#3603,#3603,#3605,.T.);
#3603 = VERTEX_POINT('',#3604);
#3604 = CARTESIAN_POINT('',(206.25,-78.5,1.51));
#3605 = CIRCLE('',#3606,0.5);
#3606 = AXIS2_PLACEMENT_3D('',#3607,#3608,#3609);
#3607 = CARTESIAN_POINT('',(206.25,-78.,1.51));
#3608 = DIRECTION('',(-0.,0.,-1.));
#3609 = DIRECTION('',(-0.,-1.,0.));
#3610 = FACE_BOUND('',#3611,.T.);
#3611 = EDGE_LOOP('',(#3612));
#3612 = ORIENTED_EDGE('',*,*,#3613,.T.);
#3613 = EDGE_CURVE('',#3614,#3614,#3616,.T.);
#3614 = VERTEX_POINT('',#3615);
#3615 = CARTESIAN_POINT('',(217.25,-77.5,1.51));
#3616 = CIRCLE('',#3617,0.5);
#3617 = AXIS2_PLACEMENT_3D('',#3618,#3619,#3620);
#3618 = CARTESIAN_POINT('',(217.25,-77.,1.51));
#3619 = DIRECTION('',(-0.,0.,-1.));
#3620 = DIRECTION('',(-0.,-1.,0.));
#3621 = FACE_BOUND('',#3622,.T.);
#3622 = EDGE_LOOP('',(#3623));
#3623 = ORIENTED_EDGE('',*,*,#3624,.T.);
#3624 = EDGE_CURVE('',#3625,#3625,#3627,.T.);
#3625 = VERTEX_POINT('',#3626);
#3626 = CARTESIAN_POINT('',(181.25,-63.5,1.51));
#3627 = CIRCLE('',#3628,0.5);
#3628 = AXIS2_PLACEMENT_3D('',#3629,#3630,#3631);
#3629 = CARTESIAN_POINT('',(181.25,-63.,1.51));
#3630 = DIRECTION('',(-0.,0.,-1.));
#3631 = DIRECTION('',(-0.,-1.,0.));
#3632 = FACE_BOUND('',#3633,.T.);
#3633 = EDGE_LOOP('',(#3634));
#3634 = ORIENTED_EDGE('',*,*,#3635,.T.);
#3635 = EDGE_CURVE('',#3636,#3636,#3638,.T.);
#3636 = VERTEX_POINT('',#3637);
#3637 = CARTESIAN_POINT('',(188.75,-63.5,1.51));
#3638 = CIRCLE('',#3639,0.5);
#3639 = AXIS2_PLACEMENT_3D('',#3640,#3641,#3642);
#3640 = CARTESIAN_POINT('',(188.75,-63.,1.51));
#3641 = DIRECTION('',(-0.,0.,-1.));
#3642 = DIRECTION('',(-0.,-1.,0.));
#3643 = FACE_BOUND('',#3644,.T.);
#3644 = EDGE_LOOP('',(#3645));
#3645 = ORIENTED_EDGE('',*,*,#3646,.T.);
#3646 = EDGE_CURVE('',#3647,#3647,#3649,.T.);
#3647 = VERTEX_POINT('',#3648);
#3648 = CARTESIAN_POINT('',(224.75,-77.5,1.51));
#3649 = CIRCLE('',#3650,0.5);
#3650 = AXIS2_PLACEMENT_3D('',#3651,#3652,#3653);
#3651 = CARTESIAN_POINT('',(224.75,-77.,1.51));
#3652 = DIRECTION('',(-0.,0.,-1.));
#3653 = DIRECTION('',(-0.,-1.,0.));
#3654 = FACE_BOUND('',#3655,.T.);
#3655 = EDGE_LOOP('',(#3656));
#3656 = ORIENTED_EDGE('',*,*,#3657,.T.);
#3657 = EDGE_CURVE('',#3658,#3658,#3660,.T.);
#3658 = VERTEX_POINT('',#3659);
#3659 = CARTESIAN_POINT('',(236.25,-77.5,1.51));
#3660 = CIRCLE('',#3661,0.5);
#3661 = AXIS2_PLACEMENT_3D('',#3662,#3663,#3664);
#3662 = CARTESIAN_POINT('',(236.25,-77.,1.51));
#3663 = DIRECTION('',(-0.,0.,-1.));
#3664 = DIRECTION('',(-0.,-1.,0.));
#3665 = FACE_BOUND('',#3666,.T.);
#3666 = EDGE_LOOP('',(#3667));
#3667 = ORIENTED_EDGE('',*,*,#3668,.T.);
#3668 = EDGE_CURVE('',#3669,#3669,#3671,.T.);
#3669 = VERTEX_POINT('',#3670);
#3670 = CARTESIAN_POINT('',(243.75,-77.5,1.51));
#3671 = CIRCLE('',#3672,0.5);
#3672 = AXIS2_PLACEMENT_3D('',#3673,#3674,#3675);
#3673 = CARTESIAN_POINT('',(243.75,-77.,1.51));
#3674 = DIRECTION('',(-0.,0.,-1.));
#3675 = DIRECTION('',(-0.,-1.,0.));
#3676 = FACE_BOUND('',#3677,.T.);
#3677 = EDGE_LOOP('',(#3678));
#3678 = ORIENTED_EDGE('',*,*,#3679,.T.);
#3679 = EDGE_CURVE('',#3680,#3680,#3682,.T.);
#3680 = VERTEX_POINT('',#3681);
#3681 = CARTESIAN_POINT('',(285.,-84.2,1.51));
#3682 = CIRCLE('',#3683,3.2);
#3683 = AXIS2_PLACEMENT_3D('',#3684,#3685,#3686);
#3684 = CARTESIAN_POINT('',(285.,-81.,1.51));
#3685 = DIRECTION('',(-0.,0.,-1.));
#3686 = DIRECTION('',(-0.,-1.,0.));
#3687 = FACE_BOUND('',#3688,.T.);
#3688 = EDGE_LOOP('',(#3689));
#3689 = ORIENTED_EDGE('',*,*,#3690,.T.);
#3690 = EDGE_CURVE('',#3691,#3691,#3693,.T.);
#3691 = VERTEX_POINT('',#3692);
#3692 = CARTESIAN_POINT('',(264.5,-78.,1.51));
#3693 = CIRCLE('',#3694,0.5);
#3694 = AXIS2_PLACEMENT_3D('',#3695,#3696,#3697);
#3695 = CARTESIAN_POINT('',(264.5,-77.5,1.51));
#3696 = DIRECTION('',(-0.,0.,-1.));
#3697 = DIRECTION('',(-0.,-1.,0.));
#3698 = FACE_BOUND('',#3699,.T.);
#3699 = EDGE_LOOP('',(#3700));
#3700 = ORIENTED_EDGE('',*,*,#3701,.T.);
#3701 = EDGE_CURVE('',#3702,#3702,#3704,.T.);
#3702 = VERTEX_POINT('',#3703);
#3703 = CARTESIAN_POINT('',(272.,-78.,1.51));
#3704 = CIRCLE('',#3705,0.5);
#3705 = AXIS2_PLACEMENT_3D('',#3706,#3707,#3708);
#3706 = CARTESIAN_POINT('',(272.,-77.5,1.51));
#3707 = DIRECTION('',(-0.,0.,-1.));
#3708 = DIRECTION('',(-0.,-1.,0.));
#3709 = FACE_BOUND('',#3710,.T.);
#3710 = EDGE_LOOP('',(#3711));
#3711 = ORIENTED_EDGE('',*,*,#3712,.T.);
#3712 = EDGE_CURVE('',#3713,#3713,#3715,.T.);
#3713 = VERTEX_POINT('',#3714);
#3714 = CARTESIAN_POINT('',(230.,-66.2,1.51));
#3715 = CIRCLE('',#3716,3.2);
#3716 = AXIS2_PLACEMENT_3D('',#3717,#3718,#3719);
#3717 = CARTESIAN_POINT('',(230.,-63.,1.51));
#3718 = DIRECTION('',(-0.,0.,-1.));
#3719 = DIRECTION('',(-0.,-1.,0.));
#3720 = FACE_BOUND('',#3721,.T.);
#3721 = EDGE_LOOP('',(#3722));
#3722 = ORIENTED_EDGE('',*,*,#3723,.T.);
#3723 = EDGE_CURVE('',#3724,#3724,#3726,.T.);
#3724 = VERTEX_POINT('',#3725);
#3725 = CARTESIAN_POINT('',(251.25,-65.5,1.51));
#3726 = CIRCLE('',#3727,0.5);
#3727 = AXIS2_PLACEMENT_3D('',#3728,#3729,#3730);
#3728 = CARTESIAN_POINT('',(251.25,-65.,1.51));
#3729 = DIRECTION('',(-0.,0.,-1.));
#3730 = DIRECTION('',(-0.,-1.,0.));
#3731 = FACE_BOUND('',#3732,.T.);
#3732 = EDGE_LOOP('',(#3733));
#3733 = ORIENTED_EDGE('',*,*,#3734,.T.);
#3734 = EDGE_CURVE('',#3735,#3735,#3737,.T.);
#3735 = VERTEX_POINT('',#3736);
#3736 = CARTESIAN_POINT('',(258.75,-65.5,1.51));
#3737 = CIRCLE('',#3738,0.5);
#3738 = AXIS2_PLACEMENT_3D('',#3739,#3740,#3741);
#3739 = CARTESIAN_POINT('',(258.75,-65.,1.51));
#3740 = DIRECTION('',(-0.,0.,-1.));
#3741 = DIRECTION('',(-0.,-1.,0.));
#3742 = FACE_BOUND('',#3743,.T.);
#3743 = EDGE_LOOP('',(#3744));
#3744 = ORIENTED_EDGE('',*,*,#3745,.T.);
#3745 = EDGE_CURVE('',#3746,#3746,#3748,.T.);
#3746 = VERTEX_POINT('',#3747);
#3747 = CARTESIAN_POINT('',(269.,-67.,1.51));
#3748 = CIRCLE('',#3749,3.);
#3749 = AXIS2_PLACEMENT_3D('',#3750,#3751,#3752);
#3750 = CARTESIAN_POINT('',(269.,-64.,1.51));
#3751 = DIRECTION('',(-0.,0.,-1.));
#3752 = DIRECTION('',(-0.,-1.,0.));
#3753 = FACE_BOUND('',#3754,.T.);
#3754 = EDGE_LOOP('',(#3755));
#3755 = ORIENTED_EDGE('',*,*,#3756,.T.);
#3756 = EDGE_CURVE('',#3757,#3757,#3759,.T.);
#3757 = VERTEX_POINT('',#3758);
#3758 = CARTESIAN_POINT('',(153.75,-61.,1.51));
#3759 = CIRCLE('',#3760,0.5);
#3760 = AXIS2_PLACEMENT_3D('',#3761,#3762,#3763);
#3761 = CARTESIAN_POINT('',(153.75,-60.5,1.51));
#3762 = DIRECTION('',(-0.,0.,-1.));
#3763 = DIRECTION('',(-0.,-1.,0.));
#3764 = FACE_BOUND('',#3765,.T.);
#3765 = EDGE_LOOP('',(#3766));
#3766 = ORIENTED_EDGE('',*,*,#3767,.T.);
#3767 = EDGE_CURVE('',#3768,#3768,#3770,.T.);
#3768 = VERTEX_POINT('',#3769);
#3769 = CARTESIAN_POINT('',(161.25,-61.,1.51));
#3770 = CIRCLE('',#3771,0.5);
#3771 = AXIS2_PLACEMENT_3D('',#3772,#3773,#3774);
#3772 = CARTESIAN_POINT('',(161.25,-60.5,1.51));
#3773 = DIRECTION('',(-0.,0.,-1.));
#3774 = DIRECTION('',(-0.,-1.,0.));
#3775 = FACE_BOUND('',#3776,.T.);
#3776 = EDGE_LOOP('',(#3777));
#3777 = ORIENTED_EDGE('',*,*,#3778,.T.);
#3778 = EDGE_CURVE('',#3779,#3779,#3781,.T.);
#3779 = VERTEX_POINT('',#3780);
#3780 = CARTESIAN_POINT('',(200.,-60.,1.51));
#3781 = CIRCLE('',#3782,0.5);
#3782 = AXIS2_PLACEMENT_3D('',#3783,#3784,#3785);
#3783 = CARTESIAN_POINT('',(200.,-59.5,1.51));
#3784 = DIRECTION('',(-0.,0.,-1.));
#3785 = DIRECTION('',(-0.,-1.,0.));
#3786 = FACE_BOUND('',#3787,.T.);
#3787 = EDGE_LOOP('',(#3788));
#3788 = ORIENTED_EDGE('',*,*,#3789,.T.);
#3789 = EDGE_CURVE('',#3790,#3790,#3792,.T.);
#3790 = VERTEX_POINT('',#3791);
#3791 = CARTESIAN_POINT('',(207.5,-60.,1.51));
#3792 = CIRCLE('',#3793,0.5);
#3793 = AXIS2_PLACEMENT_3D('',#3794,#3795,#3796);
#3794 = CARTESIAN_POINT('',(207.5,-59.5,1.51));
#3795 = DIRECTION('',(-0.,0.,-1.));
#3796 = DIRECTION('',(-0.,-1.,0.));
#3797 = FACE_BOUND('',#3798,.T.);
#3798 = EDGE_LOOP('',(#3799));
#3799 = ORIENTED_EDGE('',*,*,#3800,.T.);
#3800 = EDGE_CURVE('',#3801,#3801,#3803,.T.);
#3801 = VERTEX_POINT('',#3802);
#3802 = CARTESIAN_POINT('',(169.25,-49.5,1.51));
#3803 = CIRCLE('',#3804,0.5);
#3804 = AXIS2_PLACEMENT_3D('',#3805,#3806,#3807);
#3805 = CARTESIAN_POINT('',(169.25,-49.,1.51));
#3806 = DIRECTION('',(-0.,0.,-1.));
#3807 = DIRECTION('',(-0.,-1.,0.));
#3808 = FACE_BOUND('',#3809,.T.);
#3809 = EDGE_LOOP('',(#3810));
#3810 = ORIENTED_EDGE('',*,*,#3811,.T.);
#3811 = EDGE_CURVE('',#3812,#3812,#3814,.T.);
#3812 = VERTEX_POINT('',#3813);
#3813 = CARTESIAN_POINT('',(176.75,-49.5,1.51));
#3814 = CIRCLE('',#3815,0.5);
#3815 = AXIS2_PLACEMENT_3D('',#3816,#3817,#3818);
#3816 = CARTESIAN_POINT('',(176.75,-49.,1.51));
#3817 = DIRECTION('',(-0.,0.,-1.));
#3818 = DIRECTION('',(-0.,-1.,0.));
#3819 = FACE_BOUND('',#3820,.T.);
#3820 = EDGE_LOOP('',(#3821));
#3821 = ORIENTED_EDGE('',*,*,#3822,.T.);
#3822 = EDGE_CURVE('',#3823,#3823,#3825,.T.);
#3823 = VERTEX_POINT('',#3824);
#3824 = CARTESIAN_POINT('',(152.75,-41.5,1.51));
#3825 = CIRCLE('',#3826,0.5);
#3826 = AXIS2_PLACEMENT_3D('',#3827,#3828,#3829);
#3827 = CARTESIAN_POINT('',(152.75,-41.,1.51));
#3828 = DIRECTION('',(-0.,0.,-1.));
#3829 = DIRECTION('',(-0.,-1.,0.));
#3830 = FACE_BOUND('',#3831,.T.);
#3831 = EDGE_LOOP('',(#3832));
#3832 = ORIENTED_EDGE('',*,*,#3833,.T.);
#3833 = EDGE_CURVE('',#3834,#3834,#3836,.T.);
#3834 = VERTEX_POINT('',#3835);
#3835 = CARTESIAN_POINT('',(160.25,-41.5,1.51));
#3836 = CIRCLE('',#3837,0.5);
#3837 = AXIS2_PLACEMENT_3D('',#3838,#3839,#3840);
#3838 = CARTESIAN_POINT('',(160.25,-41.,1.51));
#3839 = DIRECTION('',(-0.,0.,-1.));
#3840 = DIRECTION('',(-0.,-1.,0.));
#3841 = FACE_BOUND('',#3842,.T.);
#3842 = EDGE_LOOP('',(#3843));
#3843 = ORIENTED_EDGE('',*,*,#3844,.T.);
#3844 = EDGE_CURVE('',#3845,#3845,#3847,.T.);
#3845 = VERTEX_POINT('',#3846);
#3846 = CARTESIAN_POINT('',(216.,-50.,1.51));
#3847 = CIRCLE('',#3848,0.5);
#3848 = AXIS2_PLACEMENT_3D('',#3849,#3850,#3851);
#3849 = CARTESIAN_POINT('',(216.,-49.5,1.51));
#3850 = DIRECTION('',(-0.,0.,-1.));
#3851 = DIRECTION('',(-0.,-1.,0.));
#3852 = FACE_BOUND('',#3853,.T.);
#3853 = EDGE_LOOP('',(#3854));
#3854 = ORIENTED_EDGE('',*,*,#3855,.T.);
#3855 = EDGE_CURVE('',#3856,#3856,#3858,.T.);
#3856 = VERTEX_POINT('',#3857);
#3857 = CARTESIAN_POINT('',(190.75,-44.,1.51));
#3858 = CIRCLE('',#3859,0.5);
#3859 = AXIS2_PLACEMENT_3D('',#3860,#3861,#3862);
#3860 = CARTESIAN_POINT('',(190.75,-43.5,1.51));
#3861 = DIRECTION('',(-0.,0.,-1.));
#3862 = DIRECTION('',(-0.,-1.,0.));
#3863 = FACE_BOUND('',#3864,.T.);
#3864 = EDGE_LOOP('',(#3865));
#3865 = ORIENTED_EDGE('',*,*,#3866,.T.);
#3866 = EDGE_CURVE('',#3867,#3867,#3869,.T.);
#3867 = VERTEX_POINT('',#3868);
#3868 = CARTESIAN_POINT('',(198.25,-44.,1.51));
#3869 = CIRCLE('',#3870,0.5);
#3870 = AXIS2_PLACEMENT_3D('',#3871,#3872,#3873);
#3871 = CARTESIAN_POINT('',(198.25,-43.5,1.51));
#3872 = DIRECTION('',(-0.,0.,-1.));
#3873 = DIRECTION('',(-0.,-1.,0.));
#3874 = FACE_BOUND('',#3875,.T.);
#3875 = EDGE_LOOP('',(#3876));
#3876 = ORIENTED_EDGE('',*,*,#3877,.T.);
#3877 = EDGE_CURVE('',#3878,#3878,#3880,.T.);
#3878 = VERTEX_POINT('',#3879);
#3879 = CARTESIAN_POINT('',(223.5,-50.,1.51));
#3880 = CIRCLE('',#3881,0.5);
#3881 = AXIS2_PLACEMENT_3D('',#3882,#3883,#3884);
#3882 = CARTESIAN_POINT('',(223.5,-49.5,1.51));
#3883 = DIRECTION('',(-0.,0.,-1.));
#3884 = DIRECTION('',(-0.,-1.,0.));
#3885 = FACE_BOUND('',#3886,.T.);
#3886 = EDGE_LOOP('',(#3887));
#3887 = ORIENTED_EDGE('',*,*,#3888,.T.);
#3888 = EDGE_CURVE('',#3889,#3889,#3891,.T.);
#3889 = VERTEX_POINT('',#3890);
#3890 = CARTESIAN_POINT('',(243.75,-49.,1.51));
#3891 = CIRCLE('',#3892,0.5);
#3892 = AXIS2_PLACEMENT_3D('',#3893,#3894,#3895);
#3893 = CARTESIAN_POINT('',(243.75,-48.5,1.51));
#3894 = DIRECTION('',(-0.,0.,-1.));
#3895 = DIRECTION('',(-0.,-1.,0.));
#3896 = FACE_BOUND('',#3897,.T.);
#3897 = EDGE_LOOP('',(#3898));
#3898 = ORIENTED_EDGE('',*,*,#3899,.T.);
#3899 = EDGE_CURVE('',#3900,#3900,#3902,.T.);
#3900 = VERTEX_POINT('',#3901);
#3901 = CARTESIAN_POINT('',(251.25,-49.,1.51));
#3902 = CIRCLE('',#3903,0.5);
#3903 = AXIS2_PLACEMENT_3D('',#3904,#3905,#3906);
#3904 = CARTESIAN_POINT('',(251.25,-48.5,1.51));
#3905 = DIRECTION('',(-0.,0.,-1.));
#3906 = DIRECTION('',(-0.,-1.,0.));
#3907 = FACE_BOUND('',#3908,.T.);
#3908 = EDGE_LOOP('',(#3909));
#3909 = ORIENTED_EDGE('',*,*,#3910,.T.);
#3910 = EDGE_CURVE('',#3911,#3911,#3913,.T.);
#3911 = VERTEX_POINT('',#3912);
#3912 = CARTESIAN_POINT('',(263.25,-50.5,1.51));
#3913 = CIRCLE('',#3914,0.5);
#3914 = AXIS2_PLACEMENT_3D('',#3915,#3916,#3917);
#3915 = CARTESIAN_POINT('',(263.25,-50.,1.51));
#3916 = DIRECTION('',(-0.,0.,-1.));
#3917 = DIRECTION('',(-0.,-1.,0.));
#3918 = FACE_BOUND('',#3919,.T.);
#3919 = EDGE_LOOP('',(#3920));
#3920 = ORIENTED_EDGE('',*,*,#3921,.T.);
#3921 = EDGE_CURVE('',#3922,#3922,#3924,.T.);
#3922 = VERTEX_POINT('',#3923);
#3923 = CARTESIAN_POINT('',(270.75,-50.5,1.51));
#3924 = CIRCLE('',#3925,0.5);
#3925 = AXIS2_PLACEMENT_3D('',#3926,#3927,#3928);
#3926 = CARTESIAN_POINT('',(270.75,-50.,1.51));
#3927 = DIRECTION('',(-0.,0.,-1.));
#3928 = DIRECTION('',(-0.,-1.,0.));
#3929 = FACE_BOUND('',#3930,.T.);
#3930 = EDGE_LOOP('',(#3931));
#3931 = ORIENTED_EDGE('',*,*,#3932,.T.);
#3932 = EDGE_CURVE('',#3933,#3933,#3935,.T.);
#3933 = VERTEX_POINT('',#3934);
#3934 = CARTESIAN_POINT('',(6.25,-30.5,1.51));
#3935 = CIRCLE('',#3936,0.5);
#3936 = AXIS2_PLACEMENT_3D('',#3937,#3938,#3939);
#3937 = CARTESIAN_POINT('',(6.25,-30.,1.51));
#3938 = DIRECTION('',(-0.,0.,-1.));
#3939 = DIRECTION('',(-0.,-1.,0.));
#3940 = FACE_BOUND('',#3941,.T.);
#3941 = EDGE_LOOP('',(#3942));
#3942 = ORIENTED_EDGE('',*,*,#3943,.T.);
#3943 = EDGE_CURVE('',#3944,#3944,#3946,.T.);
#3944 = VERTEX_POINT('',#3945);
#3945 = CARTESIAN_POINT('',(13.75,-30.5,1.51));
#3946 = CIRCLE('',#3947,0.5);
#3947 = AXIS2_PLACEMENT_3D('',#3948,#3949,#3950);
#3948 = CARTESIAN_POINT('',(13.75,-30.,1.51));
#3949 = DIRECTION('',(-0.,0.,-1.));
#3950 = DIRECTION('',(-0.,-1.,0.));
#3951 = FACE_BOUND('',#3952,.T.);
#3952 = EDGE_LOOP('',(#3953));
#3953 = ORIENTED_EDGE('',*,*,#3954,.T.);
#3954 = EDGE_CURVE('',#3955,#3955,#3957,.T.);
#3955 = VERTEX_POINT('',#3956);
#3956 = CARTESIAN_POINT('',(50.,-38.2,1.51));
#3957 = CIRCLE('',#3958,3.2);
#3958 = AXIS2_PLACEMENT_3D('',#3959,#3960,#3961);
#3959 = CARTESIAN_POINT('',(50.,-35.,1.51));
#3960 = DIRECTION('',(-0.,0.,-1.));
#3961 = DIRECTION('',(-0.,-1.,0.));
#3962 = FACE_BOUND('',#3963,.T.);
#3963 = EDGE_LOOP('',(#3964));
#3964 = ORIENTED_EDGE('',*,*,#3965,.T.);
#3965 = EDGE_CURVE('',#3966,#3966,#3968,.T.);
#3966 = VERTEX_POINT('',#3967);
#3967 = CARTESIAN_POINT('',(24.,-20.5,1.51));
#3968 = CIRCLE('',#3969,0.5);
#3969 = AXIS2_PLACEMENT_3D('',#3970,#3971,#3972);
#3970 = CARTESIAN_POINT('',(24.,-20.,1.51));
#3971 = DIRECTION('',(-0.,0.,-1.));
#3972 = DIRECTION('',(-0.,-1.,0.));
#3973 = FACE_BOUND('',#3974,.T.);
#3974 = EDGE_LOOP('',(#3975));
#3975 = ORIENTED_EDGE('',*,*,#3976,.T.);
#3976 = EDGE_CURVE('',#3977,#3977,#3979,.T.);
#3977 = VERTEX_POINT('',#3978);
#3978 = CARTESIAN_POINT('',(31.5,-20.5,1.51));
#3979 = CIRCLE('',#3980,0.5);
#3980 = AXIS2_PLACEMENT_3D('',#3981,#3982,#3983);
#3981 = CARTESIAN_POINT('',(31.5,-20.,1.51));
#3982 = DIRECTION('',(-0.,0.,-1.));
#3983 = DIRECTION('',(-0.,-1.,0.));
#3984 = FACE_BOUND('',#3985,.T.);
#3985 = EDGE_LOOP('',(#3986));
#3986 = ORIENTED_EDGE('',*,*,#3987,.T.);
#3987 = EDGE_CURVE('',#3988,#3988,#3990,.T.);
#3988 = VERTEX_POINT('',#3989);
#3989 = CARTESIAN_POINT('',(60.25,-19.,1.51));
#3990 = CIRCLE('',#3991,0.5);
#3991 = AXIS2_PLACEMENT_3D('',#3992,#3993,#3994);
#3992 = CARTESIAN_POINT('',(60.25,-18.5,1.51));
#3993 = DIRECTION('',(-0.,0.,-1.));
#3994 = DIRECTION('',(-0.,-1.,0.));
#3995 = FACE_BOUND('',#3996,.T.);
#3996 = EDGE_LOOP('',(#3997));
#3997 = ORIENTED_EDGE('',*,*,#3998,.T.);
#3998 = EDGE_CURVE('',#3999,#3999,#4001,.T.);
#3999 = VERTEX_POINT('',#4000);
#4000 = CARTESIAN_POINT('',(67.75,-19.,1.51));
#4001 = CIRCLE('',#4002,0.5);
#4002 = AXIS2_PLACEMENT_3D('',#4003,#4004,#4005);
#4003 = CARTESIAN_POINT('',(67.75,-18.5,1.51));
#4004 = DIRECTION('',(-0.,0.,-1.));
#4005 = DIRECTION('',(-0.,-1.,0.));
#4006 = FACE_BOUND('',#4007,.T.);
#4007 = EDGE_LOOP('',(#4008));
#4008 = ORIENTED_EDGE('',*,*,#4009,.T.);
#4009 = EDGE_CURVE('',#4010,#4010,#4012,.T.);
#4010 = VERTEX_POINT('',#4011);
#4011 = CARTESIAN_POINT('',(77.25,-30.,1.51));
#4012 = CIRCLE('',#4013,0.5);
#4013 = AXIS2_PLACEMENT_3D('',#4014,#4015,#4016);
#4014 = CARTESIAN_POINT('',(77.25,-29.5,1.51));
#4015 = DIRECTION('',(-0.,0.,-1.));
#4016 = DIRECTION('',(-0.,-1.,0.));
#4017 = FACE_BOUND('',#4018,.T.);
#4018 = EDGE_LOOP('',(#4019));
#4019 = ORIENTED_EDGE('',*,*,#4020,.T.);
#4020 = EDGE_CURVE('',#4021,#4021,#4023,.T.);
#4021 = VERTEX_POINT('',#4022);
#4022 = CARTESIAN_POINT('',(84.75,-30.,1.51));
#4023 = CIRCLE('',#4024,0.5);
#4024 = AXIS2_PLACEMENT_3D('',#4025,#4026,#4027);
#4025 = CARTESIAN_POINT('',(84.75,-29.5,1.51));
#4026 = DIRECTION('',(-0.,0.,-1.));
#4027 = DIRECTION('',(-0.,-1.,0.));
#4028 = FACE_BOUND('',#4029,.T.);
#4029 = EDGE_LOOP('',(#4030));
#4030 = ORIENTED_EDGE('',*,*,#4031,.T.);
#4031 = EDGE_CURVE('',#4032,#4032,#4034,.T.);
#4032 = VERTEX_POINT('',#4033);
#4033 = CARTESIAN_POINT('',(111.25,-37.5,1.51));
#4034 = CIRCLE('',#4035,0.5);
#4035 = AXIS2_PLACEMENT_3D('',#4036,#4037,#4038);
#4036 = CARTESIAN_POINT('',(111.25,-37.,1.51));
#4037 = DIRECTION('',(-0.,0.,-1.));
#4038 = DIRECTION('',(-0.,-1.,0.));
#4039 = FACE_BOUND('',#4040,.T.);
#4040 = EDGE_LOOP('',(#4041));
#4041 = ORIENTED_EDGE('',*,*,#4042,.T.);
#4042 = EDGE_CURVE('',#4043,#4043,#4045,.T.);
#4043 = VERTEX_POINT('',#4044);
#4044 = CARTESIAN_POINT('',(118.75,-37.5,1.51));
#4045 = CIRCLE('',#4046,0.5);
#4046 = AXIS2_PLACEMENT_3D('',#4047,#4048,#4049);
#4047 = CARTESIAN_POINT('',(118.75,-37.,1.51));
#4048 = DIRECTION('',(-0.,0.,-1.));
#4049 = DIRECTION('',(-0.,-1.,0.));
#4050 = FACE_BOUND('',#4051,.T.);
#4051 = EDGE_LOOP('',(#4052));
#4052 = ORIENTED_EDGE('',*,*,#4053,.T.);
#4053 = EDGE_CURVE('',#4054,#4054,#4056,.T.);
#4054 = VERTEX_POINT('',#4055);
#4055 = CARTESIAN_POINT('',(140.,-38.2,1.51));
#4056 = CIRCLE('',#4057,3.2);
#4057 = AXIS2_PLACEMENT_3D('',#4058,#4059,#4060);
#4058 = CARTESIAN_POINT('',(140.,-35.,1.51));
#4059 = DIRECTION('',(-0.,0.,-1.));
#4060 = DIRECTION('',(-0.,-1.,0.));
#4061 = FACE_BOUND('',#4062,.T.);
#4062 = EDGE_LOOP('',(#4063));
#4063 = ORIENTED_EDGE('',*,*,#4064,.T.);
#4064 = EDGE_CURVE('',#4065,#4065,#4067,.T.);
#4065 = VERTEX_POINT('',#4066);
#4066 = CARTESIAN_POINT('',(95.25,-26.5,1.51));
#4067 = CIRCLE('',#4068,0.5);
#4068 = AXIS2_PLACEMENT_3D('',#4069,#4070,#4071);
#4069 = CARTESIAN_POINT('',(95.25,-26.,1.51));
#4070 = DIRECTION('',(-0.,0.,-1.));
#4071 = DIRECTION('',(-0.,-1.,0.));
#4072 = FACE_BOUND('',#4073,.T.);
#4073 = EDGE_LOOP('',(#4074));
#4074 = ORIENTED_EDGE('',*,*,#4075,.T.);
#4075 = EDGE_CURVE('',#4076,#4076,#4078,.T.);
#4076 = VERTEX_POINT('',#4077);
#4077 = CARTESIAN_POINT('',(102.75,-26.5,1.51));
#4078 = CIRCLE('',#4079,0.5);
#4079 = AXIS2_PLACEMENT_3D('',#4080,#4081,#4082);
#4080 = CARTESIAN_POINT('',(102.75,-26.,1.51));
#4081 = DIRECTION('',(-0.,0.,-1.));
#4082 = DIRECTION('',(-0.,-1.,0.));
#4083 = FACE_BOUND('',#4084,.T.);
#4084 = EDGE_LOOP('',(#4085));
#4085 = ORIENTED_EDGE('',*,*,#4086,.T.);
#4086 = EDGE_CURVE('',#4087,#4087,#4089,.T.);
#4087 = VERTEX_POINT('',#4088);
#4088 = CARTESIAN_POINT('',(114.25,-19.,1.51));
#4089 = CIRCLE('',#4090,0.5);
#4090 = AXIS2_PLACEMENT_3D('',#4091,#4092,#4093);
#4091 = CARTESIAN_POINT('',(114.25,-18.5,1.51));
#4092 = DIRECTION('',(-0.,0.,-1.));
#4093 = DIRECTION('',(-0.,-1.,0.));
#4094 = FACE_BOUND('',#4095,.T.);
#4095 = EDGE_LOOP('',(#4096));
#4096 = ORIENTED_EDGE('',*,*,#4097,.T.);
#4097 = EDGE_CURVE('',#4098,#4098,#4100,.T.);
#4098 = VERTEX_POINT('',#4099);
#4099 = CARTESIAN_POINT('',(121.75,-19.,1.51));
#4100 = CIRCLE('',#4101,0.5);
#4101 = AXIS2_PLACEMENT_3D('',#4102,#4103,#4104);
#4102 = CARTESIAN_POINT('',(121.75,-18.5,1.51));
#4103 = DIRECTION('',(-0.,0.,-1.));
#4104 = DIRECTION('',(-0.,-1.,0.));
#4105 = FACE_BOUND('',#4106,.T.);
#4106 = EDGE_LOOP('',(#4107));
#4107 = ORIENTED_EDGE('',*,*,#4108,.T.);
#4108 = EDGE_CURVE('',#4109,#4109,#4111,.T.);
#4109 = VERTEX_POINT('',#4110);
#4110 = CARTESIAN_POINT('',(133.,-18.5,1.51));
#4111 = CIRCLE('',#4112,0.5);
#4112 = AXIS2_PLACEMENT_3D('',#4113,#4114,#4115);
#4113 = CARTESIAN_POINT('',(133.,-18.,1.51));
#4114 = DIRECTION('',(-0.,0.,-1.));
#4115 = DIRECTION('',(-0.,-1.,0.));
#4116 = FACE_BOUND('',#4117,.T.);
#4117 = EDGE_LOOP('',(#4118));
#4118 = ORIENTED_EDGE('',*,*,#4119,.T.);
#4119 = EDGE_CURVE('',#4120,#4120,#4122,.T.);
#4120 = VERTEX_POINT('',#4121);
#4121 = CARTESIAN_POINT('',(140.5,-18.5,1.51));
#4122 = CIRCLE('',#4123,0.5);
#4123 = AXIS2_PLACEMENT_3D('',#4124,#4125,#4126);
#4124 = CARTESIAN_POINT('',(140.5,-18.,1.51));
#4125 = DIRECTION('',(-0.,0.,-1.));
#4126 = DIRECTION('',(-0.,-1.,0.));
#4127 = FACE_BOUND('',#4128,.T.);
#4128 = EDGE_LOOP('',(#4129));
#4129 = ORIENTED_EDGE('',*,*,#4130,.T.);
#4130 = EDGE_CURVE('',#4131,#4131,#4133,.T.);
#4131 = VERTEX_POINT('',#4132);
#4132 = CARTESIAN_POINT('',(7.25,-11.5,1.51));
#4133 = CIRCLE('',#4134,0.5);
#4134 = AXIS2_PLACEMENT_3D('',#4135,#4136,#4137);
#4135 = CARTESIAN_POINT('',(7.25,-11.,1.51));
#4136 = DIRECTION('',(-0.,0.,-1.));
#4137 = DIRECTION('',(-0.,-1.,0.));
#4138 = FACE_BOUND('',#4139,.T.);
#4139 = EDGE_LOOP('',(#4140));
#4140 = ORIENTED_EDGE('',*,*,#4141,.T.);
#4141 = EDGE_CURVE('',#4142,#4142,#4144,.T.);
#4142 = VERTEX_POINT('',#4143);
#4143 = CARTESIAN_POINT('',(14.75,-11.5,1.51));
#4144 = CIRCLE('',#4145,0.5);
#4145 = AXIS2_PLACEMENT_3D('',#4146,#4147,#4148);
#4146 = CARTESIAN_POINT('',(14.75,-11.,1.51));
#4147 = DIRECTION('',(-0.,0.,-1.));
#4148 = DIRECTION('',(-0.,-1.,0.));
#4149 = FACE_BOUND('',#4150,.T.);
#4150 = EDGE_LOOP('',(#4151));
#4151 = ORIENTED_EDGE('',*,*,#4152,.T.);
#4152 = EDGE_CURVE('',#4153,#4153,#4155,.T.);
#4153 = VERTEX_POINT('',#4154);
#4154 = CARTESIAN_POINT('',(42.,-15.1,1.51));
#4155 = CIRCLE('',#4156,0.5);
#4156 = AXIS2_PLACEMENT_3D('',#4157,#4158,#4159);
#4157 = CARTESIAN_POINT('',(42.,-14.6,1.51));
#4158 = DIRECTION('',(-0.,0.,-1.));
#4159 = DIRECTION('',(-0.,-1.,0.));
#4160 = FACE_BOUND('',#4161,.T.);
#4161 = EDGE_LOOP('',(#4162));
#4162 = ORIENTED_EDGE('',*,*,#4163,.T.);
#4163 = EDGE_CURVE('',#4164,#4164,#4166,.T.);
#4164 = VERTEX_POINT('',#4165);
#4165 = CARTESIAN_POINT('',(49.5,-15.1,1.51));
#4166 = CIRCLE('',#4167,0.5);
#4167 = AXIS2_PLACEMENT_3D('',#4168,#4169,#4170);
#4168 = CARTESIAN_POINT('',(49.5,-14.6,1.51));
#4169 = DIRECTION('',(-0.,0.,-1.));
#4170 = DIRECTION('',(-0.,-1.,0.));
#4171 = FACE_BOUND('',#4172,.T.);
#4172 = EDGE_LOOP('',(#4173));
#4173 = ORIENTED_EDGE('',*,*,#4174,.T.);
#4174 = EDGE_CURVE('',#4175,#4175,#4177,.T.);
#4175 = VERTEX_POINT('',#4176);
#4176 = CARTESIAN_POINT('',(23.5,-1.5,1.51));
#4177 = CIRCLE('',#4178,0.5);
#4178 = AXIS2_PLACEMENT_3D('',#4179,#4180,#4181);
#4179 = CARTESIAN_POINT('',(23.5,-1.,1.51));
#4180 = DIRECTION('',(-0.,0.,-1.));
#4181 = DIRECTION('',(-0.,-1.,0.));
#4182 = FACE_BOUND('',#4183,.T.);
#4183 = EDGE_LOOP('',(#4184));
#4184 = ORIENTED_EDGE('',*,*,#4185,.T.);
#4185 = EDGE_CURVE('',#4186,#4186,#4188,.T.);
#4186 = VERTEX_POINT('',#4187);
#4187 = CARTESIAN_POINT('',(31.,-1.5,1.51));
#4188 = CIRCLE('',#4189,0.5);
#4189 = AXIS2_PLACEMENT_3D('',#4190,#4191,#4192);
#4190 = CARTESIAN_POINT('',(31.,-1.,1.51));
#4191 = DIRECTION('',(-0.,0.,-1.));
#4192 = DIRECTION('',(-0.,-1.,0.));
#4193 = FACE_BOUND('',#4194,.T.);
#4194 = EDGE_LOOP('',(#4195));
#4195 = ORIENTED_EDGE('',*,*,#4196,.T.);
#4196 = EDGE_CURVE('',#4197,#4197,#4199,.T.);
#4197 = VERTEX_POINT('',#4198);
#4198 = CARTESIAN_POINT('',(12.,-1.,1.51));
#4199 = CIRCLE('',#4200,3.);
#4200 = AXIS2_PLACEMENT_3D('',#4201,#4202,#4203);
#4201 = CARTESIAN_POINT('',(12.,2.,1.51));
#4202 = DIRECTION('',(-0.,0.,-1.));
#4203 = DIRECTION('',(-0.,-1.,0.));
#4204 = FACE_BOUND('',#4205,.T.);
#4205 = EDGE_LOOP('',(#4206));
#4206 = ORIENTED_EDGE('',*,*,#4207,.T.);
#4207 = EDGE_CURVE('',#4208,#4208,#4210,.T.);
#4208 = VERTEX_POINT('',#4209);
#4209 = CARTESIAN_POINT('',(68.75,-1.,1.51));
#4210 = CIRCLE('',#4211,0.5);
#4211 = AXIS2_PLACEMENT_3D('',#4212,#4213,#4214);
#4212 = CARTESIAN_POINT('',(68.75,-0.5,1.51));
#4213 = DIRECTION('',(-0.,0.,-1.));
#4214 = DIRECTION('',(-0.,-1.,0.));
#4215 = FACE_BOUND('',#4216,.T.);
#4216 = EDGE_LOOP('',(#4217));
#4217 = ORIENTED_EDGE('',*,*,#4218,.T.);
#4218 = EDGE_CURVE('',#4219,#4219,#4221,.T.);
#4219 = VERTEX_POINT('',#4220);
#4220 = CARTESIAN_POINT('',(83.25,-13.,1.51));
#4221 = CIRCLE('',#4222,0.5);
#4222 = AXIS2_PLACEMENT_3D('',#4223,#4224,#4225);
#4223 = CARTESIAN_POINT('',(83.25,-12.5,1.51));
#4224 = DIRECTION('',(-0.,0.,-1.));
#4225 = DIRECTION('',(-0.,-1.,0.));
#4226 = FACE_BOUND('',#4227,.T.);
#4227 = EDGE_LOOP('',(#4228));
#4228 = ORIENTED_EDGE('',*,*,#4229,.T.);
#4229 = EDGE_CURVE('',#4230,#4230,#4232,.T.);
#4230 = VERTEX_POINT('',#4231);
#4231 = CARTESIAN_POINT('',(90.75,-13.,1.51));
#4232 = CIRCLE('',#4233,0.5);
#4233 = AXIS2_PLACEMENT_3D('',#4234,#4235,#4236);
#4234 = CARTESIAN_POINT('',(90.75,-12.5,1.51));
#4235 = DIRECTION('',(-0.,0.,-1.));
#4236 = DIRECTION('',(-0.,-1.,0.));
#4237 = FACE_BOUND('',#4238,.T.);
#4238 = EDGE_LOOP('',(#4239));
#4239 = ORIENTED_EDGE('',*,*,#4240,.T.);
#4240 = EDGE_CURVE('',#4241,#4241,#4243,.T.);
#4241 = VERTEX_POINT('',#4242);
#4242 = CARTESIAN_POINT('',(103.,-16.,1.51));
#4243 = CIRCLE('',#4244,3.);
#4244 = AXIS2_PLACEMENT_3D('',#4245,#4246,#4247);
#4245 = CARTESIAN_POINT('',(103.,-13.,1.51));
#4246 = DIRECTION('',(-0.,0.,-1.));
#4247 = DIRECTION('',(-0.,-1.,0.));
#4248 = FACE_BOUND('',#4249,.T.);
#4249 = EDGE_LOOP('',(#4250));
#4250 = ORIENTED_EDGE('',*,*,#4251,.T.);
#4251 = EDGE_CURVE('',#4252,#4252,#4254,.T.);
#4252 = VERTEX_POINT('',#4253);
#4253 = CARTESIAN_POINT('',(76.25,-1.,1.51));
#4254 = CIRCLE('',#4255,0.5);
#4255 = AXIS2_PLACEMENT_3D('',#4256,#4257,#4258);
#4256 = CARTESIAN_POINT('',(76.25,-0.5,1.51));
#4257 = DIRECTION('',(-0.,0.,-1.));
#4258 = DIRECTION('',(-0.,-1.,0.));
#4259 = FACE_BOUND('',#4260,.T.);
#4260 = EDGE_LOOP('',(#4261));
#4261 = ORIENTED_EDGE('',*,*,#4262,.T.);
#4262 = EDGE_CURVE('',#4263,#4263,#4265,.T.);
#4263 = VERTEX_POINT('',#4264);
#4264 = CARTESIAN_POINT('',(108.75,-1.,1.51));
#4265 = CIRCLE('',#4266,0.5);
#4266 = AXIS2_PLACEMENT_3D('',#4267,#4268,#4269);
#4267 = CARTESIAN_POINT('',(108.75,-0.5,1.51));
#4268 = DIRECTION('',(-0.,0.,-1.));
#4269 = DIRECTION('',(-0.,-1.,0.));
#4270 = FACE_BOUND('',#4271,.T.);
#4271 = EDGE_LOOP('',(#4272));
#4272 = ORIENTED_EDGE('',*,*,#4273,.T.);
#4273 = EDGE_CURVE('',#4274,#4274,#4276,.T.);
#4274 = VERTEX_POINT('',#4275);
#4275 = CARTESIAN_POINT('',(95.,-0.2,1.51));
#4276 = CIRCLE('',#4277,3.2);
#4277 = AXIS2_PLACEMENT_3D('',#4278,#4279,#4280);
#4278 = CARTESIAN_POINT('',(95.,3.,1.51));
#4279 = DIRECTION('',(-0.,0.,-1.));
#4280 = DIRECTION('',(-0.,-1.,0.));
#4281 = FACE_BOUND('',#4282,.T.);
#4282 = EDGE_LOOP('',(#4283));
#4283 = ORIENTED_EDGE('',*,*,#4284,.T.);
#4284 = EDGE_CURVE('',#4285,#4285,#4287,.T.);
#4285 = VERTEX_POINT('',#4286);
#4286 = CARTESIAN_POINT('',(116.25,-1.,1.51));
#4287 = CIRCLE('',#4288,0.5);
#4288 = AXIS2_PLACEMENT_3D('',#4289,#4290,#4291);
#4289 = CARTESIAN_POINT('',(116.25,-0.5,1.51));
#4290 = DIRECTION('',(-0.,0.,-1.));
#4291 = DIRECTION('',(-0.,-1.,0.));
#4292 = FACE_BOUND('',#4293,.T.);
#4293 = EDGE_LOOP('',(#4294));
#4294 = ORIENTED_EDGE('',*,*,#4295,.T.);
#4295 = EDGE_CURVE('',#4296,#4296,#4298,.T.);
#4296 = VERTEX_POINT('',#4297);
#4297 = CARTESIAN_POINT('',(176.25,-32.5,1.51));
#4298 = CIRCLE('',#4299,0.5);
#4299 = AXIS2_PLACEMENT_3D('',#4300,#4301,#4302);
#4300 = CARTESIAN_POINT('',(176.25,-32.,1.51));
#4301 = DIRECTION('',(-0.,0.,-1.));
#4302 = DIRECTION('',(-0.,-1.,0.));
#4303 = FACE_BOUND('',#4304,.T.);
#4304 = EDGE_LOOP('',(#4305));
#4305 = ORIENTED_EDGE('',*,*,#4306,.T.);
#4306 = EDGE_CURVE('',#4307,#4307,#4309,.T.);
#4307 = VERTEX_POINT('',#4308);
#4308 = CARTESIAN_POINT('',(206.75,-34.,1.51));
#4309 = CIRCLE('',#4310,0.5);
#4310 = AXIS2_PLACEMENT_3D('',#4311,#4312,#4313);
#4311 = CARTESIAN_POINT('',(206.75,-33.5,1.51));
#4312 = DIRECTION('',(-0.,0.,-1.));
#4313 = DIRECTION('',(-0.,-1.,0.));
#4314 = FACE_BOUND('',#4315,.T.);
#4315 = EDGE_LOOP('',(#4316));
#4316 = ORIENTED_EDGE('',*,*,#4317,.T.);
#4317 = EDGE_CURVE('',#4318,#4318,#4320,.T.);
#4318 = VERTEX_POINT('',#4319);
#4319 = CARTESIAN_POINT('',(214.25,-34.,1.51));
#4320 = CIRCLE('',#4321,0.5);
#4321 = AXIS2_PLACEMENT_3D('',#4322,#4323,#4324);
#4322 = CARTESIAN_POINT('',(214.25,-33.5,1.51));
#4323 = DIRECTION('',(-0.,0.,-1.));
#4324 = DIRECTION('',(-0.,-1.,0.));
#4325 = FACE_BOUND('',#4326,.T.);
#4326 = EDGE_LOOP('',(#4327));
#4327 = ORIENTED_EDGE('',*,*,#4328,.T.);
#4328 = EDGE_CURVE('',#4329,#4329,#4331,.T.);
#4329 = VERTEX_POINT('',#4330);
#4330 = CARTESIAN_POINT('',(183.75,-32.5,1.51));
#4331 = CIRCLE('',#4332,0.5);
#4332 = AXIS2_PLACEMENT_3D('',#4333,#4334,#4335);
#4333 = CARTESIAN_POINT('',(183.75,-32.,1.51));
#4334 = DIRECTION('',(-0.,0.,-1.));
#4335 = DIRECTION('',(-0.,-1.,0.));
#4336 = FACE_BOUND('',#4337,.T.);
#4337 = EDGE_LOOP('',(#4338));
#4338 = ORIENTED_EDGE('',*,*,#4339,.T.);
#4339 = EDGE_CURVE('',#4340,#4340,#4342,.T.);
#4340 = VERTEX_POINT('',#4341);
#4341 = CARTESIAN_POINT('',(151.5,-18.5,1.51));
#4342 = CIRCLE('',#4343,0.5);
#4343 = AXIS2_PLACEMENT_3D('',#4344,#4345,#4346);
#4344 = CARTESIAN_POINT('',(151.5,-18.,1.51));
#4345 = DIRECTION('',(-0.,0.,-1.));
#4346 = DIRECTION('',(-0.,-1.,0.));
#4347 = FACE_BOUND('',#4348,.T.);
#4348 = EDGE_LOOP('',(#4349));
#4349 = ORIENTED_EDGE('',*,*,#4350,.T.);
#4350 = EDGE_CURVE('',#4351,#4351,#4353,.T.);
#4351 = VERTEX_POINT('',#4352);
#4352 = CARTESIAN_POINT('',(159.,-18.5,1.51));
#4353 = CIRCLE('',#4354,0.5);
#4354 = AXIS2_PLACEMENT_3D('',#4355,#4356,#4357);
#4355 = CARTESIAN_POINT('',(159.,-18.,1.51));
#4356 = DIRECTION('',(-0.,0.,-1.));
#4357 = DIRECTION('',(-0.,-1.,0.));
#4358 = FACE_BOUND('',#4359,.T.);
#4359 = EDGE_LOOP('',(#4360));
#4360 = ORIENTED_EDGE('',*,*,#4361,.T.);
#4361 = EDGE_CURVE('',#4362,#4362,#4364,.T.);
#4362 = VERTEX_POINT('',#4363);
#4363 = CARTESIAN_POINT('',(193.25,-21.5,1.51));
#4364 = CIRCLE('',#4365,0.5);
#4365 = AXIS2_PLACEMENT_3D('',#4366,#4367,#4368);
#4366 = CARTESIAN_POINT('',(193.25,-21.,1.51));
#4367 = DIRECTION('',(-0.,0.,-1.));
#4368 = DIRECTION('',(-0.,-1.,0.));
#4369 = FACE_BOUND('',#4370,.T.);
#4370 = EDGE_LOOP('',(#4371));
#4371 = ORIENTED_EDGE('',*,*,#4372,.T.);
#4372 = EDGE_CURVE('',#4373,#4373,#4375,.T.);
#4373 = VERTEX_POINT('',#4374);
#4374 = CARTESIAN_POINT('',(200.75,-21.5,1.51));
#4375 = CIRCLE('',#4376,0.5);
#4376 = AXIS2_PLACEMENT_3D('',#4377,#4378,#4379);
#4377 = CARTESIAN_POINT('',(200.75,-21.,1.51));
#4378 = DIRECTION('',(-0.,0.,-1.));
#4379 = DIRECTION('',(-0.,-1.,0.));
#4380 = FACE_BOUND('',#4381,.T.);
#4381 = EDGE_LOOP('',(#4382));
#4382 = ORIENTED_EDGE('',*,*,#4383,.T.);
#4383 = EDGE_CURVE('',#4384,#4384,#4386,.T.);
#4384 = VERTEX_POINT('',#4385);
#4385 = CARTESIAN_POINT('',(230.,-38.2,1.51));
#4386 = CIRCLE('',#4387,3.2);
#4387 = AXIS2_PLACEMENT_3D('',#4388,#4389,#4390);
#4388 = CARTESIAN_POINT('',(230.,-35.,1.51));
#4389 = DIRECTION('',(-0.,0.,-1.));
#4390 = DIRECTION('',(-0.,-1.,0.));
#4391 = FACE_BOUND('',#4392,.T.);
#4392 = EDGE_LOOP('',(#4393));
#4393 = ORIENTED_EDGE('',*,*,#4394,.T.);
#4394 = EDGE_CURVE('',#4395,#4395,#4397,.T.);
#4395 = VERTEX_POINT('',#4396);
#4396 = CARTESIAN_POINT('',(244.75,-30.5,1.51));
#4397 = CIRCLE('',#4398,0.5);
#4398 = AXIS2_PLACEMENT_3D('',#4399,#4400,#4401);
#4399 = CARTESIAN_POINT('',(244.75,-30.,1.51));
#4400 = DIRECTION('',(-0.,0.,-1.));
#4401 = DIRECTION('',(-0.,-1.,0.));
#4402 = FACE_BOUND('',#4403,.T.);
#4403 = EDGE_LOOP('',(#4404));
#4404 = ORIENTED_EDGE('',*,*,#4405,.T.);
#4405 = EDGE_CURVE('',#4406,#4406,#4408,.T.);
#4406 = VERTEX_POINT('',#4407);
#4407 = CARTESIAN_POINT('',(252.25,-30.5,1.51));
#4408 = CIRCLE('',#4409,0.5);
#4409 = AXIS2_PLACEMENT_3D('',#4410,#4411,#4412);
#4410 = CARTESIAN_POINT('',(252.25,-30.,1.51));
#4411 = DIRECTION('',(-0.,0.,-1.));
#4412 = DIRECTION('',(-0.,-1.,0.));
#4413 = FACE_BOUND('',#4414,.T.);
#4414 = EDGE_LOOP('',(#4415));
#4415 = ORIENTED_EDGE('',*,*,#4416,.T.);
#4416 = EDGE_CURVE('',#4417,#4417,#4419,.T.);
#4417 = VERTEX_POINT('',#4418);
#4418 = CARTESIAN_POINT('',(263.25,-32.,1.51));
#4419 = CIRCLE('',#4420,0.5);
#4420 = AXIS2_PLACEMENT_3D('',#4421,#4422,#4423);
#4421 = CARTESIAN_POINT('',(263.25,-31.5,1.51));
#4422 = DIRECTION('',(-0.,0.,-1.));
#4423 = DIRECTION('',(-0.,-1.,0.));
#4424 = FACE_BOUND('',#4425,.T.);
#4425 = EDGE_LOOP('',(#4426));
#4426 = ORIENTED_EDGE('',*,*,#4427,.T.);
#4427 = EDGE_CURVE('',#4428,#4428,#4430,.T.);
#4428 = VERTEX_POINT('',#4429);
#4429 = CARTESIAN_POINT('',(270.75,-32.,1.51));
#4430 = CIRCLE('',#4431,0.5);
#4431 = AXIS2_PLACEMENT_3D('',#4432,#4433,#4434);
#4432 = CARTESIAN_POINT('',(270.75,-31.5,1.51));
#4433 = DIRECTION('',(-0.,0.,-1.));
#4434 = DIRECTION('',(-0.,-1.,0.));
#4435 = FACE_BOUND('',#4436,.T.);
#4436 = EDGE_LOOP('',(#4437));
#4437 = ORIENTED_EDGE('',*,*,#4438,.T.);
#4438 = EDGE_CURVE('',#4439,#4439,#4441,.T.);
#4439 = VERTEX_POINT('',#4440);
#4440 = CARTESIAN_POINT('',(174.5,-13.5,1.51));
#4441 = CIRCLE('',#4442,0.5);
#4442 = AXIS2_PLACEMENT_3D('',#4443,#4444,#4445);
#4443 = CARTESIAN_POINT('',(174.5,-13.,1.51));
#4444 = DIRECTION('',(-0.,0.,-1.));
#4445 = DIRECTION('',(-0.,-1.,0.));
#4446 = FACE_BOUND('',#4447,.T.);
#4447 = EDGE_LOOP('',(#4448));
#4448 = ORIENTED_EDGE('',*,*,#4449,.T.);
#4449 = EDGE_CURVE('',#4450,#4450,#4452,.T.);
#4450 = VERTEX_POINT('',#4451);
#4451 = CARTESIAN_POINT('',(182.,-13.5,1.51));
#4452 = CIRCLE('',#4453,0.5);
#4453 = AXIS2_PLACEMENT_3D('',#4454,#4455,#4456);
#4454 = CARTESIAN_POINT('',(182.,-13.,1.51));
#4455 = DIRECTION('',(-0.,0.,-1.));
#4456 = DIRECTION('',(-0.,-1.,0.));
#4457 = FACE_BOUND('',#4458,.T.);
#4458 = EDGE_LOOP('',(#4459));
#4459 = ORIENTED_EDGE('',*,*,#4460,.T.);
#4460 = EDGE_CURVE('',#4461,#4461,#4463,.T.);
#4461 = VERTEX_POINT('',#4462);
#4462 = CARTESIAN_POINT('',(210.25,-15.5,1.51));
#4463 = CIRCLE('',#4464,0.5);
#4464 = AXIS2_PLACEMENT_3D('',#4465,#4466,#4467);
#4465 = CARTESIAN_POINT('',(210.25,-15.,1.51));
#4466 = DIRECTION('',(-0.,0.,-1.));
#4467 = DIRECTION('',(-0.,-1.,0.));
#4468 = FACE_BOUND('',#4469,.T.);
#4469 = EDGE_LOOP('',(#4470));
#4470 = ORIENTED_EDGE('',*,*,#4471,.T.);
#4471 = EDGE_CURVE('',#4472,#4472,#4474,.T.);
#4472 = VERTEX_POINT('',#4473);
#4473 = CARTESIAN_POINT('',(217.75,-15.5,1.51));
#4474 = CIRCLE('',#4475,0.5);
#4475 = AXIS2_PLACEMENT_3D('',#4476,#4477,#4478);
#4476 = CARTESIAN_POINT('',(217.75,-15.,1.51));
#4477 = DIRECTION('',(-0.,0.,-1.));
#4478 = DIRECTION('',(-0.,-1.,0.));
#4479 = FACE_BOUND('',#4480,.T.);
#4480 = EDGE_LOOP('',(#4481));
#4481 = ORIENTED_EDGE('',*,*,#4482,.T.);
#4482 = EDGE_CURVE('',#4483,#4483,#4485,.T.);
#4483 = VERTEX_POINT('',#4484);
#4484 = CARTESIAN_POINT('',(160.25,-1.5,1.51));
#4485 = CIRCLE('',#4486,0.5);
#4486 = AXIS2_PLACEMENT_3D('',#4487,#4488,#4489);
#4487 = CARTESIAN_POINT('',(160.25,-1.,1.51));
#4488 = DIRECTION('',(-0.,0.,-1.));
#4489 = DIRECTION('',(-0.,-1.,0.));
#4490 = FACE_BOUND('',#4491,.T.);
#4491 = EDGE_LOOP('',(#4492));
#4492 = ORIENTED_EDGE('',*,*,#4493,.T.);
#4493 = EDGE_CURVE('',#4494,#4494,#4496,.T.);
#4494 = VERTEX_POINT('',#4495);
#4495 = CARTESIAN_POINT('',(167.75,-1.5,1.51));
#4496 = CIRCLE('',#4497,0.5);
#4497 = AXIS2_PLACEMENT_3D('',#4498,#4499,#4500);
#4498 = CARTESIAN_POINT('',(167.75,-1.,1.51));
#4499 = DIRECTION('',(-0.,0.,-1.));
#4500 = DIRECTION('',(-0.,-1.,0.));
#4501 = FACE_BOUND('',#4502,.T.);
#4502 = EDGE_LOOP('',(#4503));
#4503 = ORIENTED_EDGE('',*,*,#4504,.T.);
#4504 = EDGE_CURVE('',#4505,#4505,#4507,.T.);
#4505 = VERTEX_POINT('',#4506);
#4506 = CARTESIAN_POINT('',(198.5,-1.,1.51));
#4507 = CIRCLE('',#4508,0.5);
#4508 = AXIS2_PLACEMENT_3D('',#4509,#4510,#4511);
#4509 = CARTESIAN_POINT('',(198.5,-0.5,1.51));
#4510 = DIRECTION('',(-0.,0.,-1.));
#4511 = DIRECTION('',(-0.,-1.,0.));
#4512 = FACE_BOUND('',#4513,.T.);
#4513 = EDGE_LOOP('',(#4514));
#4514 = ORIENTED_EDGE('',*,*,#4515,.T.);
#4515 = EDGE_CURVE('',#4516,#4516,#4518,.T.);
#4516 = VERTEX_POINT('',#4517);
#4517 = CARTESIAN_POINT('',(206.,-1.,1.51));
#4518 = CIRCLE('',#4519,0.5);
#4519 = AXIS2_PLACEMENT_3D('',#4520,#4521,#4522);
#4520 = CARTESIAN_POINT('',(206.,-0.5,1.51));
#4521 = DIRECTION('',(-0.,0.,-1.));
#4522 = DIRECTION('',(-0.,-1.,0.));
#4523 = FACE_BOUND('',#4524,.T.);
#4524 = EDGE_LOOP('',(#4525));
#4525 = ORIENTED_EDGE('',*,*,#4526,.T.);
#4526 = EDGE_CURVE('',#4527,#4527,#4529,.T.);
#4527 = VERTEX_POINT('',#4528);
#4528 = CARTESIAN_POINT('',(185.,-0.2,1.51));
#4529 = CIRCLE('',#4530,3.2);
#4530 = AXIS2_PLACEMENT_3D('',#4531,#4532,#4533);
#4531 = CARTESIAN_POINT('',(185.,3.,1.51));
#4532 = DIRECTION('',(-0.,0.,-1.));
#4533 = DIRECTION('',(-0.,-1.,0.));
#4534 = FACE_BOUND('',#4535,.T.);
#4535 = EDGE_LOOP('',(#4536));
#4536 = ORIENTED_EDGE('',*,*,#4537,.T.);
#4537 = EDGE_CURVE('',#4538,#4538,#4540,.T.);
#4538 = VERTEX_POINT('',#4539);
#4539 = CARTESIAN_POINT('',(229.25,-16.5,1.51));
#4540 = CIRCLE('',#4541,0.5);
#4541 = AXIS2_PLACEMENT_3D('',#4542,#4543,#4544);
#4542 = CARTESIAN_POINT('',(229.25,-16.,1.51));
#4543 = DIRECTION('',(-0.,0.,-1.));
#4544 = DIRECTION('',(-0.,-1.,0.));
#4545 = FACE_BOUND('',#4546,.T.);
#4546 = EDGE_LOOP('',(#4547));
#4547 = ORIENTED_EDGE('',*,*,#4548,.T.);
#4548 = EDGE_CURVE('',#4549,#4549,#4551,.T.);
#4549 = VERTEX_POINT('',#4550);
#4550 = CARTESIAN_POINT('',(236.75,-16.5,1.51));
#4551 = CIRCLE('',#4552,0.5);
#4552 = AXIS2_PLACEMENT_3D('',#4553,#4554,#4555);
#4553 = CARTESIAN_POINT('',(236.75,-16.,1.51));
#4554 = DIRECTION('',(-0.,0.,-1.));
#4555 = DIRECTION('',(-0.,-1.,0.));
#4556 = FACE_BOUND('',#4557,.T.);
#4557 = EDGE_LOOP('',(#4558));
#4558 = ORIENTED_EDGE('',*,*,#4559,.T.);
#4559 = EDGE_CURVE('',#4560,#4560,#4562,.T.);
#4560 = VERTEX_POINT('',#4561);
#4561 = CARTESIAN_POINT('',(247.25,-12.,1.51));
#4562 = CIRCLE('',#4563,0.5);
#4563 = AXIS2_PLACEMENT_3D('',#4564,#4565,#4566);
#4564 = CARTESIAN_POINT('',(247.25,-11.5,1.51));
#4565 = DIRECTION('',(-0.,0.,-1.));
#4566 = DIRECTION('',(-0.,-1.,0.));
#4567 = FACE_BOUND('',#4568,.T.);
#4568 = EDGE_LOOP('',(#4569));
#4569 = ORIENTED_EDGE('',*,*,#4570,.T.);
#4570 = EDGE_CURVE('',#4571,#4571,#4573,.T.);
#4571 = VERTEX_POINT('',#4572);
#4572 = CARTESIAN_POINT('',(254.75,-12.,1.51));
#4573 = CIRCLE('',#4574,0.5);
#4574 = AXIS2_PLACEMENT_3D('',#4575,#4576,#4577);
#4575 = CARTESIAN_POINT('',(254.75,-11.5,1.51));
#4576 = DIRECTION('',(-0.,0.,-1.));
#4577 = DIRECTION('',(-0.,-1.,0.));
#4578 = FACE_BOUND('',#4579,.T.);
#4579 = EDGE_LOOP('',(#4580));
#4580 = ORIENTED_EDGE('',*,*,#4581,.T.);
#4581 = EDGE_CURVE('',#4582,#4582,#4584,.T.);
#4582 = VERTEX_POINT('',#4583);
#4583 = CARTESIAN_POINT('',(265.75,-13.5,1.51));
#4584 = CIRCLE('',#4585,0.5);
#4585 = AXIS2_PLACEMENT_3D('',#4586,#4587,#4588);
#4586 = CARTESIAN_POINT('',(265.75,-13.,1.51));
#4587 = DIRECTION('',(-0.,0.,-1.));
#4588 = DIRECTION('',(-0.,-1.,0.));
#4589 = FACE_BOUND('',#4590,.T.);
#4590 = EDGE_LOOP('',(#4591));
#4591 = ORIENTED_EDGE('',*,*,#4592,.T.);
#4592 = EDGE_CURVE('',#4593,#4593,#4595,.T.);
#4593 = VERTEX_POINT('',#4594);
#4594 = CARTESIAN_POINT('',(273.25,-13.5,1.51));
#4595 = CIRCLE('',#4596,0.5);
#4596 = AXIS2_PLACEMENT_3D('',#4597,#4598,#4599);
#4597 = CARTESIAN_POINT('',(273.25,-13.,1.51));
#4598 = DIRECTION('',(-0.,0.,-1.));
#4599 = DIRECTION('',(-0.,-1.,0.));
#4600 = FACE_BOUND('',#4601,.T.);
#4601 = EDGE_LOOP('',(#4602));
#4602 = ORIENTED_EDGE('',*,*,#4603,.T.);
#4603 = EDGE_CURVE('',#4604,#4604,#4606,.T.);
#4604 = VERTEX_POINT('',#4605);
#4605 = CARTESIAN_POINT('',(284.,-11.,1.51));
#4606 = CIRCLE('',#4607,0.5);
#4607 = AXIS2_PLACEMENT_3D('',#4608,#4609,#4610);
#4608 = CARTESIAN_POINT('',(284.,-10.5,1.51));
#4609 = DIRECTION('',(-0.,0.,-1.));
#4610 = DIRECTION('',(-0.,-1.,0.));
#4611 = FACE_BOUND('',#4612,.T.);
#4612 = EDGE_LOOP('',(#4613));
#4613 = ORIENTED_EDGE('',*,*,#4614,.T.);
#4614 = EDGE_CURVE('',#4615,#4615,#4617,.T.);
#4615 = VERTEX_POINT('',#4616);
#4616 = CARTESIAN_POINT('',(291.5,-11.,1.51));
#4617 = CIRCLE('',#4618,0.5);
#4618 = AXIS2_PLACEMENT_3D('',#4619,#4620,#4621);
#4619 = CARTESIAN_POINT('',(291.5,-10.5,1.51));
#4620 = DIRECTION('',(-0.,0.,-1.));
#4621 = DIRECTION('',(-0.,-1.,0.));
#4622 = FACE_BOUND('',#4623,.T.);
#4623 = EDGE_LOOP('',(#4624));
#4624 = ORIENTED_EDGE('',*,*,#4625,.T.);
#4625 = EDGE_CURVE('',#4626,#4626,#4628,.T.);
#4626 = VERTEX_POINT('',#4627);
#4627 = CARTESIAN_POINT('',(249.,8.881784197001E-16,1.51));
#4628 = CIRCLE('',#4629,3.);
#4629 = AXIS2_PLACEMENT_3D('',#4630,#4631,#4632);
#4630 = CARTESIAN_POINT('',(249.,3.,1.51));
#4631 = DIRECTION('',(-0.,0.,-1.));
#4632 = DIRECTION('',(-0.,-1.,0.));
#4633 = FACE_BOUND('',#4634,.T.);
#4634 = EDGE_LOOP('',(#4635));
#4635 = ORIENTED_EDGE('',*,*,#4636,.T.);
#4636 = EDGE_CURVE('',#4637,#4637,#4639,.T.);
#4637 = VERTEX_POINT('',#4638);
#4638 = CARTESIAN_POINT('',(275.,-0.2,1.51));
#4639 = CIRCLE('',#4640,3.2);
#4640 = AXIS2_PLACEMENT_3D('',#4641,#4642,#4643);
#4641 = CARTESIAN_POINT('',(275.,3.,1.51));
#4642 = DIRECTION('',(-0.,0.,-1.));
#4643 = DIRECTION('',(-0.,-1.,0.));
#4644 = PLANE('',#4645);
#4645 = AXIS2_PLACEMENT_3D('',#4646,#4647,#4648);
#4646 = CARTESIAN_POINT('',(0.,0.,1.51));
#4647 = DIRECTION('',(0.,0.,1.));
#4648 = DIRECTION('',(1.,0.,-0.));
#4649 = ADVANCED_FACE('',(#4650),#4661,.T.);
#4650 = FACE_BOUND('',#4651,.T.);
#4651 = EDGE_LOOP('',(#4652,#4658,#4659,#4660));
#4652 = ORIENTED_EDGE('',*,*,#4653,.T.);
#4653 = EDGE_CURVE('',#1214,#2935,#4654,.T.);
#4654 = LINE('',#4655,#4656);
#4655 = CARTESIAN_POINT('',(152.983024,-5.033842,0.));
#4656 = VECTOR('',#4657,1.);
#4657 = DIRECTION('',(0.,0.,1.));
#4658 = ORIENTED_EDGE('',*,*,#2934,.T.);
#4659 = ORIENTED_EDGE('',*,*,#1149,.F.);
#4660 = ORIENTED_EDGE('',*,*,#1213,.F.);
#4661 = PLANE('',#4662);
#4662 = AXIS2_PLACEMENT_3D('',#4663,#4664,#4665);
#4663 = CARTESIAN_POINT('',(152.983024,-5.033842,0.));
#4664 = DIRECTION('',(-0.999999638077,8.507915095212E-04,0.));
#4665 = DIRECTION('',(8.507915095212E-04,0.999999638077,0.));
#4666 = ADVANCED_FACE('',(#4667),#4678,.T.);
#4667 = FACE_BOUND('',#4668,.T.);
#4668 = EDGE_LOOP('',(#4669,#4670,#4671,#4677));
#4669 = ORIENTED_EDGE('',*,*,#1189,.T.);
#4670 = ORIENTED_EDGE('',*,*,#3142,.T.);
#4671 = ORIENTED_EDGE('',*,*,#4672,.F.);
#4672 = EDGE_CURVE('',#1414,#3135,#4673,.T.);
#4673 = LINE('',#4674,#4675);
#4674 = CARTESIAN_POINT('',(243.,8.,0.));
#4675 = VECTOR('',#4676,1.);
#4676 = DIRECTION('',(0.,0.,1.));
#4677 = ORIENTED_EDGE('',*,*,#1421,.F.);
#4678 = PLANE('',#4679);
#4679 = AXIS2_PLACEMENT_3D('',#4680,#4681,#4682);
#4680 = CARTESIAN_POINT('',(243.,-5.,0.));
#4681 = DIRECTION('',(-1.,0.,0.));
#4682 = DIRECTION('',(0.,1.,0.));
#4683 = ADVANCED_FACE('',(#4684),#4695,.T.);
#4684 = FACE_BOUND('',#4685,.T.);
#4685 = EDGE_LOOP('',(#4686,#4692,#4693,#4694));
#4686 = ORIENTED_EDGE('',*,*,#4687,.T.);
#4687 = EDGE_CURVE('',#1222,#2943,#4688,.T.);
#4688 = LINE('',#4689,#4690);
#4689 = CARTESIAN_POINT('',(126.991997,-5.017863,0.));
#4690 = VECTOR('',#4691,1.);
#4691 = DIRECTION('',(0.,0.,1.));
#4692 = ORIENTED_EDGE('',*,*,#2942,.T.);
#4693 = ORIENTED_EDGE('',*,*,#4653,.F.);
#4694 = ORIENTED_EDGE('',*,*,#1221,.F.);
#4695 = PLANE('',#4696);
#4696 = AXIS2_PLACEMENT_3D('',#4697,#4698,#4699);
#4697 = CARTESIAN_POINT('',(126.991997,-5.017863,0.));
#4698 = DIRECTION('',(6.147889800678E-04,0.999999811017,-0.));
#4699 = DIRECTION('',(0.999999811017,-6.147889800678E-04,0.));
#4700 = ADVANCED_FACE('',(#4701),#4712,.T.);
#4701 = FACE_BOUND('',#4702,.T.);
#4702 = EDGE_LOOP('',(#4703,#4704,#4705,#4711));
#4703 = ORIENTED_EDGE('',*,*,#4672,.T.);
#4704 = ORIENTED_EDGE('',*,*,#3134,.T.);
#4705 = ORIENTED_EDGE('',*,*,#4706,.F.);
#4706 = EDGE_CURVE('',#1406,#3127,#4707,.T.);
#4707 = LINE('',#4708,#4709);
#4708 = CARTESIAN_POINT('',(244.,9.,0.));
#4709 = VECTOR('',#4710,1.);
#4710 = DIRECTION('',(0.,0.,1.));
#4711 = ORIENTED_EDGE('',*,*,#1413,.F.);
#4712 = PLANE('',#4713);
#4713 = AXIS2_PLACEMENT_3D('',#4714,#4715,#4716);
#4714 = CARTESIAN_POINT('',(243.,8.,0.));
#4715 = DIRECTION('',(-0.707106781187,0.707106781187,0.));
#4716 = DIRECTION('',(0.707106781187,0.707106781187,0.));
#4717 = ADVANCED_FACE('',(#4718),#4729,.T.);
#4718 = FACE_BOUND('',#4719,.T.);
#4719 = EDGE_LOOP('',(#4720,#4726,#4727,#4728));
#4720 = ORIENTED_EDGE('',*,*,#4721,.T.);
#4721 = EDGE_CURVE('',#1230,#2951,#4722,.T.);
#4722 = LINE('',#4723,#4724);
#4723 = CARTESIAN_POINT('',(127.000615,8.999999,0.));
#4724 = VECTOR('',#4725,1.);
#4725 = DIRECTION('',(0.,0.,1.));
#4726 = ORIENTED_EDGE('',*,*,#2950,.T.);
#4727 = ORIENTED_EDGE('',*,*,#4687,.F.);
#4728 = ORIENTED_EDGE('',*,*,#1229,.F.);
#4729 = PLANE('',#4730);
#4730 = AXIS2_PLACEMENT_3D('',#4731,#4732,#4733);
#4731 = CARTESIAN_POINT('',(127.000615,8.999999,0.));
#4732 = DIRECTION('',(0.999999811018,-6.147869319413E-04,0.));
#4733 = DIRECTION('',(-6.147869319413E-04,-0.999999811018,0.));
#4734 = ADVANCED_FACE('',(#4735),#4746,.T.);
#4735 = FACE_BOUND('',#4736,.T.);
#4736 = EDGE_LOOP('',(#4737,#4738,#4739,#4745));
#4737 = ORIENTED_EDGE('',*,*,#4706,.T.);
#4738 = ORIENTED_EDGE('',*,*,#3126,.T.);
#4739 = ORIENTED_EDGE('',*,*,#4740,.F.);
#4740 = EDGE_CURVE('',#1398,#3119,#4741,.T.);
#4741 = LINE('',#4742,#4743);
#4742 = CARTESIAN_POINT('',(275.,9.,0.));
#4743 = VECTOR('',#4744,1.);
#4744 = DIRECTION('',(0.,0.,1.));
#4745 = ORIENTED_EDGE('',*,*,#1405,.F.);
#4746 = PLANE('',#4747);
#4747 = AXIS2_PLACEMENT_3D('',#4748,#4749,#4750);
#4748 = CARTESIAN_POINT('',(244.,9.,0.));
#4749 = DIRECTION('',(0.,1.,0.));
#4750 = DIRECTION('',(1.,0.,0.));
#4751 = ADVANCED_FACE('',(#4752),#4763,.T.);
#4752 = FACE_BOUND('',#4753,.T.);
#4753 = EDGE_LOOP('',(#4754,#4760,#4761,#4762));
#4754 = ORIENTED_EDGE('',*,*,#4755,.T.);
#4755 = EDGE_CURVE('',#1238,#2959,#4756,.T.);
#4756 = LINE('',#4757,#4758);
#4757 = CARTESIAN_POINT('',(127.000614,9.,0.));
#4758 = VECTOR('',#4759,1.);
#4759 = DIRECTION('',(0.,0.,1.));
#4760 = ORIENTED_EDGE('',*,*,#2958,.T.);
#4761 = ORIENTED_EDGE('',*,*,#4721,.F.);
#4762 = ORIENTED_EDGE('',*,*,#1237,.F.);
#4763 = PLANE('',#4764);
#4764 = AXIS2_PLACEMENT_3D('',#4765,#4766,#4767);
#4765 = CARTESIAN_POINT('',(127.000614,9.,0.));
#4766 = DIRECTION('',(0.707106781815,0.707106780559,-0.));
#4767 = DIRECTION('',(0.707106780559,-0.707106781815,0.));
#4768 = ADVANCED_FACE('',(#4769),#4780,.T.);
#4769 = FACE_BOUND('',#4770,.T.);
#4770 = EDGE_LOOP('',(#4771,#4772,#4773,#4779));
#4771 = ORIENTED_EDGE('',*,*,#4740,.T.);
#4772 = ORIENTED_EDGE('',*,*,#3118,.T.);
#4773 = ORIENTED_EDGE('',*,*,#4774,.F.);
#4774 = EDGE_CURVE('',#1390,#3111,#4775,.T.);
#4775 = LINE('',#4776,#4777);
#4776 = CARTESIAN_POINT('',(284.,9.,0.));
#4777 = VECTOR('',#4778,1.);
#4778 = DIRECTION('',(0.,0.,1.));
#4779 = ORIENTED_EDGE('',*,*,#1397,.F.);
#4780 = PLANE('',#4781);
#4781 = AXIS2_PLACEMENT_3D('',#4782,#4783,#4784);
#4782 = CARTESIAN_POINT('',(275.,9.,0.));
#4783 = DIRECTION('',(0.,1.,0.));
#4784 = DIRECTION('',(1.,0.,0.));
#4785 = ADVANCED_FACE('',(#4786),#4797,.T.);
#4786 = FACE_BOUND('',#4787,.T.);
#4787 = EDGE_LOOP('',(#4788,#4794,#4795,#4796));
#4788 = ORIENTED_EDGE('',*,*,#4789,.T.);
#4789 = EDGE_CURVE('',#1246,#2967,#4790,.T.);
#4790 = LINE('',#4791,#4792);
#4791 = CARTESIAN_POINT('',(63.,9.,0.));
#4792 = VECTOR('',#4793,1.);
#4793 = DIRECTION('',(0.,0.,1.));
#4794 = ORIENTED_EDGE('',*,*,#2966,.T.);
#4795 = ORIENTED_EDGE('',*,*,#4755,.F.);
#4796 = ORIENTED_EDGE('',*,*,#1245,.F.);
#4797 = PLANE('',#4798);
#4798 = AXIS2_PLACEMENT_3D('',#4799,#4800,#4801);
#4799 = CARTESIAN_POINT('',(63.,9.,0.));
#4800 = DIRECTION('',(0.,1.,0.));
#4801 = DIRECTION('',(1.,0.,0.));
#4802 = ADVANCED_FACE('',(#4803),#4814,.T.);
#4803 = FACE_BOUND('',#4804,.T.);
#4804 = EDGE_LOOP('',(#4805,#4806,#4807,#4813));
#4805 = ORIENTED_EDGE('',*,*,#4774,.T.);
#4806 = ORIENTED_EDGE('',*,*,#3110,.T.);
#4807 = ORIENTED_EDGE('',*,*,#4808,.F.);
#4808 = EDGE_CURVE('',#1382,#3103,#4809,.T.);
#4809 = LINE('',#4810,#4811);
#4810 = CARTESIAN_POINT('',(296.981852,-3.988134,0.));
#4811 = VECTOR('',#4812,1.);
#4812 = DIRECTION('',(0.,0.,1.));
#4813 = ORIENTED_EDGE('',*,*,#1389,.F.);
#4814 = PLANE('',#4815);
#4815 = AXIS2_PLACEMENT_3D('',#4816,#4817,#4818);
#4816 = CARTESIAN_POINT('',(284.,9.,0.));
#4817 = DIRECTION('',(0.707277805823,0.706935715175,-0.));
#4818 = DIRECTION('',(0.706935715175,-0.707277805823,0.));
#4819 = ADVANCED_FACE('',(#4820),#4831,.T.);
#4820 = FACE_BOUND('',#4821,.T.);
#4821 = EDGE_LOOP('',(#4822,#4828,#4829,#4830));
#4822 = ORIENTED_EDGE('',*,*,#4823,.T.);
#4823 = EDGE_CURVE('',#1254,#2975,#4824,.T.);
#4824 = LINE('',#4825,#4826);
#4825 = CARTESIAN_POINT('',(63.,-5.,0.));
#4826 = VECTOR('',#4827,1.);
#4827 = DIRECTION('',(0.,0.,1.));
#4828 = ORIENTED_EDGE('',*,*,#2974,.T.);
#4829 = ORIENTED_EDGE('',*,*,#4789,.F.);
#4830 = ORIENTED_EDGE('',*,*,#1253,.F.);
#4831 = PLANE('',#4832);
#4832 = AXIS2_PLACEMENT_3D('',#4833,#4834,#4835);
#4833 = CARTESIAN_POINT('',(63.,-5.,0.));
#4834 = DIRECTION('',(-1.,0.,0.));
#4835 = DIRECTION('',(0.,1.,0.));
#4836 = ADVANCED_FACE('',(#4837),#4848,.T.);
#4837 = FACE_BOUND('',#4838,.T.);
#4838 = EDGE_LOOP('',(#4839,#4840,#4841,#4847));
#4839 = ORIENTED_EDGE('',*,*,#4808,.T.);
#4840 = ORIENTED_EDGE('',*,*,#3102,.T.);
#4841 = ORIENTED_EDGE('',*,*,#4842,.F.);
#4842 = EDGE_CURVE('',#1374,#3095,#4843,.T.);
#4843 = LINE('',#4844,#4845);
#4844 = CARTESIAN_POINT('',(296.99371,-20.980456,0.));
#4845 = VECTOR('',#4846,1.);
#4846 = DIRECTION('',(0.,0.,1.));
#4847 = ORIENTED_EDGE('',*,*,#1381,.F.);
#4848 = PLANE('',#4849);
#4849 = AXIS2_PLACEMENT_3D('',#4850,#4851,#4852);
#4850 = CARTESIAN_POINT('',(296.981852,-3.988134,0.));
#4851 = DIRECTION('',(0.999999756507,6.978444213023E-04,-0.));
#4852 = DIRECTION('',(6.978444213023E-04,-0.999999756507,0.));
#4853 = ADVANCED_FACE('',(#4854),#4865,.T.);
#4854 = FACE_BOUND('',#4855,.T.);
#4855 = EDGE_LOOP('',(#4856,#4862,#4863,#4864));
#4856 = ORIENTED_EDGE('',*,*,#4857,.T.);
#4857 = EDGE_CURVE('',#1262,#2983,#4858,.T.);
#4858 = LINE('',#4859,#4860);
#4859 = CARTESIAN_POINT('',(37.,-5.,0.));
#4860 = VECTOR('',#4861,1.);
#4861 = DIRECTION('',(0.,0.,1.));
#4862 = ORIENTED_EDGE('',*,*,#2982,.T.);
#4863 = ORIENTED_EDGE('',*,*,#4823,.F.);
#4864 = ORIENTED_EDGE('',*,*,#1261,.F.);
#4865 = PLANE('',#4866);
#4866 = AXIS2_PLACEMENT_3D('',#4867,#4868,#4869);
#4867 = CARTESIAN_POINT('',(37.,-5.,0.));
#4868 = DIRECTION('',(0.,1.,0.));
#4869 = DIRECTION('',(1.,0.,0.));
#4870 = ADVANCED_FACE('',(#4871),#4882,.T.);
#4871 = FACE_BOUND('',#4872,.T.);
#4872 = EDGE_LOOP('',(#4873,#4874,#4875,#4881));
#4873 = ORIENTED_EDGE('',*,*,#4842,.T.);
#4874 = ORIENTED_EDGE('',*,*,#3094,.T.);
#4875 = ORIENTED_EDGE('',*,*,#4876,.F.);
#4876 = EDGE_CURVE('',#1366,#3087,#4877,.T.);
#4877 = LINE('',#4878,#4879);
#4878 = CARTESIAN_POINT('',(278.,-21.,0.));
#4879 = VECTOR('',#4880,1.);
#4880 = DIRECTION('',(0.,0.,1.));
#4881 = ORIENTED_EDGE('',*,*,#1373,.F.);
#4882 = PLANE('',#4883);
#4883 = AXIS2_PLACEMENT_3D('',#4884,#4885,#4886);
#4884 = CARTESIAN_POINT('',(296.99371,-20.980456,0.));
#4885 = DIRECTION('',(1.02897167818E-03,-0.999999470609,0.));
#4886 = DIRECTION('',(-0.999999470609,-1.02897167818E-03,0.));
#4887 = ADVANCED_FACE('',(#4888),#4899,.T.);
#4888 = FACE_BOUND('',#4889,.T.);
#4889 = EDGE_LOOP('',(#4890,#4896,#4897,#4898));
#4890 = ORIENTED_EDGE('',*,*,#4891,.T.);
#4891 = EDGE_CURVE('',#1270,#2991,#4892,.T.);
#4892 = LINE('',#4893,#4894);
#4893 = CARTESIAN_POINT('',(37.,8.,0.));
#4894 = VECTOR('',#4895,1.);
#4895 = DIRECTION('',(0.,0.,1.));
#4896 = ORIENTED_EDGE('',*,*,#2990,.T.);
#4897 = ORIENTED_EDGE('',*,*,#4857,.F.);
#4898 = ORIENTED_EDGE('',*,*,#1269,.F.);
#4899 = PLANE('',#4900);
#4900 = AXIS2_PLACEMENT_3D('',#4901,#4902,#4903);
#4901 = CARTESIAN_POINT('',(37.,8.,0.));
#4902 = DIRECTION('',(1.,0.,-0.));
#4903 = DIRECTION('',(0.,-1.,0.));
#4904 = ADVANCED_FACE('',(#4905),#4916,.T.);
#4905 = FACE_BOUND('',#4906,.T.);
#4906 = EDGE_LOOP('',(#4907,#4908,#4909,#4915));
#4907 = ORIENTED_EDGE('',*,*,#4876,.T.);
#4908 = ORIENTED_EDGE('',*,*,#3086,.T.);
#4909 = ORIENTED_EDGE('',*,*,#4910,.F.);
#4910 = EDGE_CURVE('',#1358,#3079,#4911,.T.);
#4911 = LINE('',#4912,#4913);
#4912 = CARTESIAN_POINT('',(277.,-22.,0.));
#4913 = VECTOR('',#4914,1.);
#4914 = DIRECTION('',(0.,0.,1.));
#4915 = ORIENTED_EDGE('',*,*,#1365,.F.);
#4916 = PLANE('',#4917);
#4917 = AXIS2_PLACEMENT_3D('',#4918,#4919,#4920);
#4918 = CARTESIAN_POINT('',(278.,-21.,0.));
#4919 = DIRECTION('',(0.707106781187,-0.707106781187,0.));
#4920 = DIRECTION('',(-0.707106781187,-0.707106781187,0.));
#4921 = ADVANCED_FACE('',(#4922),#4933,.T.);
#4922 = FACE_BOUND('',#4923,.T.);
#4923 = EDGE_LOOP('',(#4924,#4930,#4931,#4932));
#4924 = ORIENTED_EDGE('',*,*,#4925,.T.);
#4925 = EDGE_CURVE('',#1278,#2999,#4926,.T.);
#4926 = LINE('',#4927,#4928);
#4927 = CARTESIAN_POINT('',(36.,9.,0.));
#4928 = VECTOR('',#4929,1.);
#4929 = DIRECTION('',(0.,0.,1.));
#4930 = ORIENTED_EDGE('',*,*,#2998,.T.);
#4931 = ORIENTED_EDGE('',*,*,#4891,.F.);
#4932 = ORIENTED_EDGE('',*,*,#1277,.F.);
#4933 = PLANE('',#4934);
#4934 = AXIS2_PLACEMENT_3D('',#4935,#4936,#4937);
#4935 = CARTESIAN_POINT('',(36.,9.,0.));
#4936 = DIRECTION('',(0.707106781187,0.707106781187,-0.));
#4937 = DIRECTION('',(0.707106781187,-0.707106781187,0.));
#4938 = ADVANCED_FACE('',(#4939),#4950,.T.);
#4939 = FACE_BOUND('',#4940,.T.);
#4940 = EDGE_LOOP('',(#4941,#4942,#4943,#4949));
#4941 = ORIENTED_EDGE('',*,*,#4910,.T.);
#4942 = ORIENTED_EDGE('',*,*,#3078,.T.);
#4943 = ORIENTED_EDGE('',*,*,#4944,.F.);
#4944 = EDGE_CURVE('',#1350,#3071,#4945,.T.);
#4945 = LINE('',#4946,#4947);
#4946 = CARTESIAN_POINT('',(277.,-74.,0.));
#4947 = VECTOR('',#4948,1.);
#4948 = DIRECTION('',(0.,0.,1.));
#4949 = ORIENTED_EDGE('',*,*,#1357,.F.);
#4950 = PLANE('',#4951);
#4951 = AXIS2_PLACEMENT_3D('',#4952,#4953,#4954);
#4952 = CARTESIAN_POINT('',(277.,-22.,0.));
#4953 = DIRECTION('',(1.,0.,-0.));
#4954 = DIRECTION('',(0.,-1.,0.));
#4955 = ADVANCED_FACE('',(#4956),#4967,.T.);
#4956 = FACE_BOUND('',#4957,.T.);
#4957 = EDGE_LOOP('',(#4958,#4964,#4965,#4966));
#4958 = ORIENTED_EDGE('',*,*,#4959,.T.);
#4959 = EDGE_CURVE('',#1286,#3007,#4960,.T.);
#4960 = LINE('',#4961,#4962);
#4961 = CARTESIAN_POINT('',(9.,9.,0.));
#4962 = VECTOR('',#4963,1.);
#4963 = DIRECTION('',(0.,0.,1.));
#4964 = ORIENTED_EDGE('',*,*,#3006,.T.);
#4965 = ORIENTED_EDGE('',*,*,#4925,.F.);
#4966 = ORIENTED_EDGE('',*,*,#1285,.F.);
#4967 = PLANE('',#4968);
#4968 = AXIS2_PLACEMENT_3D('',#4969,#4970,#4971);
#4969 = CARTESIAN_POINT('',(9.,9.,0.));
#4970 = DIRECTION('',(0.,1.,0.));
#4971 = DIRECTION('',(1.,0.,0.));
#4972 = ADVANCED_FACE('',(#4973),#4984,.T.);
#4973 = FACE_BOUND('',#4974,.T.);
#4974 = EDGE_LOOP('',(#4975,#4976,#4977,#4983));
#4975 = ORIENTED_EDGE('',*,*,#4944,.T.);
#4976 = ORIENTED_EDGE('',*,*,#3070,.T.);
#4977 = ORIENTED_EDGE('',*,*,#4978,.F.);
#4978 = EDGE_CURVE('',#1342,#3063,#4979,.T.);
#4979 = LINE('',#4980,#4981);
#4980 = CARTESIAN_POINT('',(287.,-74.,0.));
#4981 = VECTOR('',#4982,1.);
#4982 = DIRECTION('',(0.,0.,1.));
#4983 = ORIENTED_EDGE('',*,*,#1349,.F.);
#4984 = PLANE('',#4985);
#4985 = AXIS2_PLACEMENT_3D('',#4986,#4987,#4988);
#4986 = CARTESIAN_POINT('',(277.,-74.,0.));
#4987 = DIRECTION('',(0.,1.,0.));
#4988 = DIRECTION('',(1.,0.,0.));
#4989 = ADVANCED_FACE('',(#4990),#5001,.T.);
#4990 = FACE_BOUND('',#4991,.T.);
#4991 = EDGE_LOOP('',(#4992,#4998,#4999,#5000));
#4992 = ORIENTED_EDGE('',*,*,#4993,.T.);
#4993 = EDGE_CURVE('',#1294,#3015,#4994,.T.);
#4994 = LINE('',#4995,#4996);
#4995 = CARTESIAN_POINT('',(0.,-0.,0.));
#4996 = VECTOR('',#4997,1.);
#4997 = DIRECTION('',(0.,0.,1.));
#4998 = ORIENTED_EDGE('',*,*,#3014,.T.);
#4999 = ORIENTED_EDGE('',*,*,#4959,.F.);
#5000 = ORIENTED_EDGE('',*,*,#1293,.F.);
#5001 = PLANE('',#5002);
#5002 = AXIS2_PLACEMENT_3D('',#5003,#5004,#5005);
#5003 = CARTESIAN_POINT('',(0.,0.,0.));
#5004 = DIRECTION('',(-0.707106781187,0.707106781187,0.));
#5005 = DIRECTION('',(0.707106781187,0.707106781187,0.));
#5006 = ADVANCED_FACE('',(#5007),#5018,.T.);
#5007 = FACE_BOUND('',#5008,.T.);
#5008 = EDGE_LOOP('',(#5009,#5010,#5011,#5017));
#5009 = ORIENTED_EDGE('',*,*,#4978,.T.);
#5010 = ORIENTED_EDGE('',*,*,#3062,.T.);
#5011 = ORIENTED_EDGE('',*,*,#5012,.F.);
#5012 = EDGE_CURVE('',#1334,#3055,#5013,.T.);
#5013 = LINE('',#5014,#5015);
#5014 = CARTESIAN_POINT('',(292.,-79.,0.));
#5015 = VECTOR('',#5016,1.);
#5016 = DIRECTION('',(0.,0.,1.));
#5017 = ORIENTED_EDGE('',*,*,#1341,.F.);
#5018 = PLANE('',#5019);
#5019 = AXIS2_PLACEMENT_3D('',#5020,#5021,#5022);
#5020 = CARTESIAN_POINT('',(287.,-74.,0.));
#5021 = DIRECTION('',(0.707106781187,0.707106781187,-0.));
#5022 = DIRECTION('',(0.707106781187,-0.707106781187,0.));
#5023 = ADVANCED_FACE('',(#5024),#5035,.T.);
#5024 = FACE_BOUND('',#5025,.T.);
#5025 = EDGE_LOOP('',(#5026,#5032,#5033,#5034));
#5026 = ORIENTED_EDGE('',*,*,#5027,.T.);
#5027 = EDGE_CURVE('',#1302,#3023,#5028,.T.);
#5028 = LINE('',#5029,#5030);
#5029 = CARTESIAN_POINT('',(0.,-85.,0.));
#5030 = VECTOR('',#5031,1.);
#5031 = DIRECTION('',(0.,0.,1.));
#5032 = ORIENTED_EDGE('',*,*,#3022,.T.);
#5033 = ORIENTED_EDGE('',*,*,#4993,.F.);
#5034 = ORIENTED_EDGE('',*,*,#1301,.F.);
#5035 = PLANE('',#5036);
#5036 = AXIS2_PLACEMENT_3D('',#5037,#5038,#5039);
#5037 = CARTESIAN_POINT('',(0.,-85.,0.));
#5038 = DIRECTION('',(-1.,0.,0.));
#5039 = DIRECTION('',(0.,1.,0.));
#5040 = ADVANCED_FACE('',(#5041),#5052,.T.);
#5041 = FACE_BOUND('',#5042,.T.);
#5042 = EDGE_LOOP('',(#5043,#5044,#5045,#5051));
#5043 = ORIENTED_EDGE('',*,*,#5012,.T.);
#5044 = ORIENTED_EDGE('',*,*,#3054,.T.);
#5045 = ORIENTED_EDGE('',*,*,#5046,.F.);
#5046 = EDGE_CURVE('',#1326,#3047,#5047,.T.);
#5047 = LINE('',#5048,#5049);
#5048 = CARTESIAN_POINT('',(292.,-87.,0.));
#5049 = VECTOR('',#5050,1.);
#5050 = DIRECTION('',(0.,0.,1.));
#5051 = ORIENTED_EDGE('',*,*,#1333,.F.);
#5052 = PLANE('',#5053);
#5053 = AXIS2_PLACEMENT_3D('',#5054,#5055,#5056);
#5054 = CARTESIAN_POINT('',(292.,-79.,0.));
#5055 = DIRECTION('',(1.,0.,-0.));
#5056 = DIRECTION('',(0.,-1.,0.));
#5057 = ADVANCED_FACE('',(#5058),#5069,.T.);
#5058 = FACE_BOUND('',#5059,.T.);
#5059 = EDGE_LOOP('',(#5060,#5066,#5067,#5068));
#5060 = ORIENTED_EDGE('',*,*,#5061,.T.);
#5061 = EDGE_CURVE('',#1310,#3031,#5062,.T.);
#5062 = LINE('',#5063,#5064);
#5063 = CARTESIAN_POINT('',(2.,-87.,0.));
#5064 = VECTOR('',#5065,1.);
#5065 = DIRECTION('',(0.,0.,1.));
#5066 = ORIENTED_EDGE('',*,*,#3030,.T.);
#5067 = ORIENTED_EDGE('',*,*,#5027,.F.);
#5068 = ORIENTED_EDGE('',*,*,#1309,.F.);
#5069 = PLANE('',#5070);
#5070 = AXIS2_PLACEMENT_3D('',#5071,#5072,#5073);
#5071 = CARTESIAN_POINT('',(2.,-87.,0.));
#5072 = DIRECTION('',(-0.707106781187,-0.707106781187,0.));
#5073 = DIRECTION('',(-0.707106781187,0.707106781187,0.));
#5074 = ADVANCED_FACE('',(#5075),#5086,.T.);
#5075 = FACE_BOUND('',#5076,.T.);
#5076 = EDGE_LOOP('',(#5077,#5078,#5079,#5085));
#5077 = ORIENTED_EDGE('',*,*,#5046,.T.);
#5078 = ORIENTED_EDGE('',*,*,#3046,.T.);
#5079 = ORIENTED_EDGE('',*,*,#5080,.F.);
#5080 = EDGE_CURVE('',#1318,#3039,#5081,.T.);
#5081 = LINE('',#5082,#5083);
#5082 = CARTESIAN_POINT('',(277.,-87.,0.));
#5083 = VECTOR('',#5084,1.);
#5084 = DIRECTION('',(0.,0.,1.));
#5085 = ORIENTED_EDGE('',*,*,#1325,.F.);
#5086 = PLANE('',#5087);
#5087 = AXIS2_PLACEMENT_3D('',#5088,#5089,#5090);
#5088 = CARTESIAN_POINT('',(292.,-87.,0.));
#5089 = DIRECTION('',(0.,-1.,0.));
#5090 = DIRECTION('',(-1.,0.,0.));
#5091 = ADVANCED_FACE('',(#5092),#5098,.T.);
#5092 = FACE_BOUND('',#5093,.T.);
#5093 = EDGE_LOOP('',(#5094,#5095,#5096,#5097));
#5094 = ORIENTED_EDGE('',*,*,#5080,.T.);
#5095 = ORIENTED_EDGE('',*,*,#3038,.T.);
#5096 = ORIENTED_EDGE('',*,*,#5061,.F.);
#5097 = ORIENTED_EDGE('',*,*,#1317,.F.);
#5098 = PLANE('',#5099);
#5099 = AXIS2_PLACEMENT_3D('',#5100,#5101,#5102);
#5100 = CARTESIAN_POINT('',(277.,-87.,0.));
#5101 = DIRECTION('',(0.,-1.,0.));
#5102 = DIRECTION('',(-1.,0.,0.));
#5103 = ADVANCED_FACE('',(#5104),#5115,.F.);
#5104 = FACE_BOUND('',#5105,.T.);
#5105 = EDGE_LOOP('',(#5106,#5107,#5113,#5114));
#5106 = ORIENTED_EDGE('',*,*,#1430,.T.);
#5107 = ORIENTED_EDGE('',*,*,#5108,.T.);
#5108 = EDGE_CURVE('',#1431,#3152,#5109,.T.);
#5109 = LINE('',#5110,#5111);
#5110 = CARTESIAN_POINT('',(6.,-84.2,-8.1E-02));
#5111 = VECTOR('',#5112,1.);
#5112 = DIRECTION('',(0.,0.,1.));
#5113 = ORIENTED_EDGE('',*,*,#3151,.F.);
#5114 = ORIENTED_EDGE('',*,*,#5108,.F.);
#5115 = CYLINDRICAL_SURFACE('',#5116,3.2);
#5116 = AXIS2_PLACEMENT_3D('',#5117,#5118,#5119);
#5117 = CARTESIAN_POINT('',(6.,-81.,-8.1E-02));
#5118 = DIRECTION('',(-0.,-0.,-1.));
#5119 = DIRECTION('',(-0.,-1.,0.));
#5120 = ADVANCED_FACE('',(#5121),#5132,.F.);
#5121 = FACE_BOUND('',#5122,.T.);
#5122 = EDGE_LOOP('',(#5123,#5124,#5130,#5131));
#5123 = ORIENTED_EDGE('',*,*,#1441,.T.);
#5124 = ORIENTED_EDGE('',*,*,#5125,.T.);
#5125 = EDGE_CURVE('',#1442,#3163,#5126,.T.);
#5126 = LINE('',#5127,#5128);
#5127 = CARTESIAN_POINT('',(33.25,-77.5,-8.1E-02));
#5128 = VECTOR('',#5129,1.);
#5129 = DIRECTION('',(0.,0.,1.));
#5130 = ORIENTED_EDGE('',*,*,#3162,.F.);
#5131 = ORIENTED_EDGE('',*,*,#5125,.F.);
#5132 = CYLINDRICAL_SURFACE('',#5133,0.5);
#5133 = AXIS2_PLACEMENT_3D('',#5134,#5135,#5136);
#5134 = CARTESIAN_POINT('',(33.25,-77.,-8.1E-02));
#5135 = DIRECTION('',(-0.,-0.,-1.));
#5136 = DIRECTION('',(-0.,-1.,0.));
#5137 = ADVANCED_FACE('',(#5138),#5149,.F.);
#5138 = FACE_BOUND('',#5139,.T.);
#5139 = EDGE_LOOP('',(#5140,#5141,#5147,#5148));
#5140 = ORIENTED_EDGE('',*,*,#1452,.T.);
#5141 = ORIENTED_EDGE('',*,*,#5142,.T.);
#5142 = EDGE_CURVE('',#1453,#3174,#5143,.T.);
#5143 = LINE('',#5144,#5145);
#5144 = CARTESIAN_POINT('',(40.75,-77.5,-8.1E-02));
#5145 = VECTOR('',#5146,1.);
#5146 = DIRECTION('',(0.,0.,1.));
#5147 = ORIENTED_EDGE('',*,*,#3173,.F.);
#5148 = ORIENTED_EDGE('',*,*,#5142,.F.);
#5149 = CYLINDRICAL_SURFACE('',#5150,0.5);
#5150 = AXIS2_PLACEMENT_3D('',#5151,#5152,#5153);
#5151 = CARTESIAN_POINT('',(40.75,-77.,-8.1E-02));
#5152 = DIRECTION('',(-0.,-0.,-1.));
#5153 = DIRECTION('',(-0.,-1.,0.));
#5154 = ADVANCED_FACE('',(#5155),#5166,.F.);
#5155 = FACE_BOUND('',#5156,.T.);
#5156 = EDGE_LOOP('',(#5157,#5158,#5164,#5165));
#5157 = ORIENTED_EDGE('',*,*,#1463,.T.);
#5158 = ORIENTED_EDGE('',*,*,#5159,.T.);
#5159 = EDGE_CURVE('',#1464,#3185,#5160,.T.);
#5160 = LINE('',#5161,#5162);
#5161 = CARTESIAN_POINT('',(54.25,-78.,-8.1E-02));
#5162 = VECTOR('',#5163,1.);
#5163 = DIRECTION('',(0.,0.,1.));
#5164 = ORIENTED_EDGE('',*,*,#3184,.F.);
#5165 = ORIENTED_EDGE('',*,*,#5159,.F.);
#5166 = CYLINDRICAL_SURFACE('',#5167,0.5);
#5167 = AXIS2_PLACEMENT_3D('',#5168,#5169,#5170);
#5168 = CARTESIAN_POINT('',(54.25,-77.5,-8.1E-02));
#5169 = DIRECTION('',(-0.,-0.,-1.));
#5170 = DIRECTION('',(-0.,-1.,0.));
#5171 = ADVANCED_FACE('',(#5172),#5183,.F.);
#5172 = FACE_BOUND('',#5173,.T.);
#5173 = EDGE_LOOP('',(#5174,#5175,#5181,#5182));
#5174 = ORIENTED_EDGE('',*,*,#1474,.T.);
#5175 = ORIENTED_EDGE('',*,*,#5176,.T.);
#5176 = EDGE_CURVE('',#1475,#3196,#5177,.T.);
#5177 = LINE('',#5178,#5179);
#5178 = CARTESIAN_POINT('',(61.75,-78.,-8.1E-02));
#5179 = VECTOR('',#5180,1.);
#5180 = DIRECTION('',(0.,0.,1.));
#5181 = ORIENTED_EDGE('',*,*,#3195,.F.);
#5182 = ORIENTED_EDGE('',*,*,#5176,.F.);
#5183 = CYLINDRICAL_SURFACE('',#5184,0.5);
#5184 = AXIS2_PLACEMENT_3D('',#5185,#5186,#5187);
#5185 = CARTESIAN_POINT('',(61.75,-77.5,-8.1E-02));
#5186 = DIRECTION('',(-0.,-0.,-1.));
#5187 = DIRECTION('',(-0.,-1.,0.));
#5188 = ADVANCED_FACE('',(#5189),#5200,.F.);
#5189 = FACE_BOUND('',#5190,.T.);
#5190 = EDGE_LOOP('',(#5191,#5192,#5198,#5199));
#5191 = ORIENTED_EDGE('',*,*,#1485,.T.);
#5192 = ORIENTED_EDGE('',*,*,#5193,.T.);
#5193 = EDGE_CURVE('',#1486,#3207,#5194,.T.);
#5194 = LINE('',#5195,#5196);
#5195 = CARTESIAN_POINT('',(72.75,-78.,-8.1E-02));
#5196 = VECTOR('',#5197,1.);
#5197 = DIRECTION('',(0.,0.,1.));
#5198 = ORIENTED_EDGE('',*,*,#3206,.F.);
#5199 = ORIENTED_EDGE('',*,*,#5193,.F.);
#5200 = CYLINDRICAL_SURFACE('',#5201,0.5);
#5201 = AXIS2_PLACEMENT_3D('',#5202,#5203,#5204);
#5202 = CARTESIAN_POINT('',(72.75,-77.5,-8.1E-02));
#5203 = DIRECTION('',(-0.,-0.,-1.));
#5204 = DIRECTION('',(-0.,-1.,0.));
#5205 = ADVANCED_FACE('',(#5206),#5217,.F.);
#5206 = FACE_BOUND('',#5207,.T.);
#5207 = EDGE_LOOP('',(#5208,#5209,#5215,#5216));
#5208 = ORIENTED_EDGE('',*,*,#1496,.T.);
#5209 = ORIENTED_EDGE('',*,*,#5210,.T.);
#5210 = EDGE_CURVE('',#1497,#3218,#5211,.T.);
#5211 = LINE('',#5212,#5213);
#5212 = CARTESIAN_POINT('',(13.25,-67.,-8.1E-02));
#5213 = VECTOR('',#5214,1.);
#5214 = DIRECTION('',(0.,0.,1.));
#5215 = ORIENTED_EDGE('',*,*,#3217,.F.);
#5216 = ORIENTED_EDGE('',*,*,#5210,.F.);
#5217 = CYLINDRICAL_SURFACE('',#5218,0.5);
#5218 = AXIS2_PLACEMENT_3D('',#5219,#5220,#5221);
#5219 = CARTESIAN_POINT('',(13.25,-66.5,-8.1E-02));
#5220 = DIRECTION('',(-0.,-0.,-1.));
#5221 = DIRECTION('',(-0.,-1.,0.));
#5222 = ADVANCED_FACE('',(#5223),#5234,.F.);
#5223 = FACE_BOUND('',#5224,.T.);
#5224 = EDGE_LOOP('',(#5225,#5226,#5232,#5233));
#5225 = ORIENTED_EDGE('',*,*,#1507,.T.);
#5226 = ORIENTED_EDGE('',*,*,#5227,.T.);
#5227 = EDGE_CURVE('',#1508,#3229,#5228,.T.);
#5228 = LINE('',#5229,#5230);
#5229 = CARTESIAN_POINT('',(20.75,-67.,-8.1E-02));
#5230 = VECTOR('',#5231,1.);
#5231 = DIRECTION('',(0.,0.,1.));
#5232 = ORIENTED_EDGE('',*,*,#3228,.F.);
#5233 = ORIENTED_EDGE('',*,*,#5227,.F.);
#5234 = CYLINDRICAL_SURFACE('',#5235,0.5);
#5235 = AXIS2_PLACEMENT_3D('',#5236,#5237,#5238);
#5236 = CARTESIAN_POINT('',(20.75,-66.5,-8.1E-02));
#5237 = DIRECTION('',(-0.,-0.,-1.));
#5238 = DIRECTION('',(-0.,-1.,0.));
#5239 = ADVANCED_FACE('',(#5240),#5251,.F.);
#5240 = FACE_BOUND('',#5241,.T.);
#5241 = EDGE_LOOP('',(#5242,#5243,#5249,#5250));
#5242 = ORIENTED_EDGE('',*,*,#1518,.T.);
#5243 = ORIENTED_EDGE('',*,*,#5244,.T.);
#5244 = EDGE_CURVE('',#1519,#3240,#5245,.T.);
#5245 = LINE('',#5246,#5247);
#5246 = CARTESIAN_POINT('',(50.,-66.2,-8.1E-02));
#5247 = VECTOR('',#5248,1.);
#5248 = DIRECTION('',(0.,0.,1.));
#5249 = ORIENTED_EDGE('',*,*,#3239,.F.);
#5250 = ORIENTED_EDGE('',*,*,#5244,.F.);
#5251 = CYLINDRICAL_SURFACE('',#5252,3.2);
#5252 = AXIS2_PLACEMENT_3D('',#5253,#5254,#5255);
#5253 = CARTESIAN_POINT('',(50.,-63.,-8.1E-02));
#5254 = DIRECTION('',(-0.,-0.,-1.));
#5255 = DIRECTION('',(-0.,-1.,0.));
#5256 = ADVANCED_FACE('',(#5257),#5268,.F.);
#5257 = FACE_BOUND('',#5258,.T.);
#5258 = EDGE_LOOP('',(#5259,#5260,#5266,#5267));
#5259 = ORIENTED_EDGE('',*,*,#1529,.T.);
#5260 = ORIENTED_EDGE('',*,*,#5261,.T.);
#5261 = EDGE_CURVE('',#1530,#3251,#5262,.T.);
#5262 = LINE('',#5263,#5264);
#5263 = CARTESIAN_POINT('',(80.25,-78.,-8.1E-02));
#5264 = VECTOR('',#5265,1.);
#5265 = DIRECTION('',(0.,0.,1.));
#5266 = ORIENTED_EDGE('',*,*,#3250,.F.);
#5267 = ORIENTED_EDGE('',*,*,#5261,.F.);
#5268 = CYLINDRICAL_SURFACE('',#5269,0.5);
#5269 = AXIS2_PLACEMENT_3D('',#5270,#5271,#5272);
#5270 = CARTESIAN_POINT('',(80.25,-77.5,-8.1E-02));
#5271 = DIRECTION('',(-0.,-0.,-1.));
#5272 = DIRECTION('',(-0.,-1.,0.));
#5273 = ADVANCED_FACE('',(#5274),#5285,.F.);
#5274 = FACE_BOUND('',#5275,.T.);
#5275 = EDGE_LOOP('',(#5276,#5277,#5283,#5284));
#5276 = ORIENTED_EDGE('',*,*,#1540,.T.);
#5277 = ORIENTED_EDGE('',*,*,#5278,.T.);
#5278 = EDGE_CURVE('',#1541,#3262,#5279,.T.);
#5279 = LINE('',#5280,#5281);
#5280 = CARTESIAN_POINT('',(91.25,-78.,-8.1E-02));
#5281 = VECTOR('',#5282,1.);
#5282 = DIRECTION('',(0.,0.,1.));
#5283 = ORIENTED_EDGE('',*,*,#3261,.F.);
#5284 = ORIENTED_EDGE('',*,*,#5278,.F.);
#5285 = CYLINDRICAL_SURFACE('',#5286,0.5);
#5286 = AXIS2_PLACEMENT_3D('',#5287,#5288,#5289);
#5287 = CARTESIAN_POINT('',(91.25,-77.5,-8.1E-02));
#5288 = DIRECTION('',(-0.,-0.,-1.));
#5289 = DIRECTION('',(-0.,-1.,0.));
#5290 = ADVANCED_FACE('',(#5291),#5302,.F.);
#5291 = FACE_BOUND('',#5292,.T.);
#5292 = EDGE_LOOP('',(#5293,#5294,#5300,#5301));
#5293 = ORIENTED_EDGE('',*,*,#1551,.T.);
#5294 = ORIENTED_EDGE('',*,*,#5295,.T.);
#5295 = EDGE_CURVE('',#1552,#3273,#5296,.T.);
#5296 = LINE('',#5297,#5298);
#5297 = CARTESIAN_POINT('',(98.75,-78.,-8.1E-02));
#5298 = VECTOR('',#5299,1.);
#5299 = DIRECTION('',(0.,0.,1.));
#5300 = ORIENTED_EDGE('',*,*,#3272,.F.);
#5301 = ORIENTED_EDGE('',*,*,#5295,.F.);
#5302 = CYLINDRICAL_SURFACE('',#5303,0.5);
#5303 = AXIS2_PLACEMENT_3D('',#5304,#5305,#5306);
#5304 = CARTESIAN_POINT('',(98.75,-77.5,-8.1E-02));
#5305 = DIRECTION('',(-0.,-0.,-1.));
#5306 = DIRECTION('',(-0.,-1.,0.));
#5307 = ADVANCED_FACE('',(#5308),#5319,.F.);
#5308 = FACE_BOUND('',#5309,.T.);
#5309 = EDGE_LOOP('',(#5310,#5311,#5317,#5318));
#5310 = ORIENTED_EDGE('',*,*,#1562,.T.);
#5311 = ORIENTED_EDGE('',*,*,#5312,.T.);
#5312 = EDGE_CURVE('',#1563,#3284,#5313,.T.);
#5313 = LINE('',#5314,#5315);
#5314 = CARTESIAN_POINT('',(109.5,-78.,-8.1E-02));
#5315 = VECTOR('',#5316,1.);
#5316 = DIRECTION('',(0.,0.,1.));
#5317 = ORIENTED_EDGE('',*,*,#3283,.F.);
#5318 = ORIENTED_EDGE('',*,*,#5312,.F.);
#5319 = CYLINDRICAL_SURFACE('',#5320,0.5);
#5320 = AXIS2_PLACEMENT_3D('',#5321,#5322,#5323);
#5321 = CARTESIAN_POINT('',(109.5,-77.5,-8.1E-02));
#5322 = DIRECTION('',(-0.,-0.,-1.));
#5323 = DIRECTION('',(-0.,-1.,0.));
#5324 = ADVANCED_FACE('',(#5325),#5336,.F.);
#5325 = FACE_BOUND('',#5326,.T.);
#5326 = EDGE_LOOP('',(#5327,#5328,#5334,#5335));
#5327 = ORIENTED_EDGE('',*,*,#1573,.T.);
#5328 = ORIENTED_EDGE('',*,*,#5329,.T.);
#5329 = EDGE_CURVE('',#1574,#3295,#5330,.T.);
#5330 = LINE('',#5331,#5332);
#5331 = CARTESIAN_POINT('',(117.,-78.,-8.1E-02));
#5332 = VECTOR('',#5333,1.);
#5333 = DIRECTION('',(0.,0.,1.));
#5334 = ORIENTED_EDGE('',*,*,#3294,.F.);
#5335 = ORIENTED_EDGE('',*,*,#5329,.F.);
#5336 = CYLINDRICAL_SURFACE('',#5337,0.5);
#5337 = AXIS2_PLACEMENT_3D('',#5338,#5339,#5340);
#5338 = CARTESIAN_POINT('',(117.,-77.5,-8.1E-02));
#5339 = DIRECTION('',(-0.,-0.,-1.));
#5340 = DIRECTION('',(-0.,-1.,0.));
#5341 = ADVANCED_FACE('',(#5342),#5353,.F.);
#5342 = FACE_BOUND('',#5343,.T.);
#5343 = EDGE_LOOP('',(#5344,#5345,#5351,#5352));
#5344 = ORIENTED_EDGE('',*,*,#1584,.T.);
#5345 = ORIENTED_EDGE('',*,*,#5346,.T.);
#5346 = EDGE_CURVE('',#1585,#3306,#5347,.T.);
#5347 = LINE('',#5348,#5349);
#5348 = CARTESIAN_POINT('',(128.,-78.,-8.1E-02));
#5349 = VECTOR('',#5350,1.);
#5350 = DIRECTION('',(0.,0.,1.));
#5351 = ORIENTED_EDGE('',*,*,#3305,.F.);
#5352 = ORIENTED_EDGE('',*,*,#5346,.F.);
#5353 = CYLINDRICAL_SURFACE('',#5354,0.5);
#5354 = AXIS2_PLACEMENT_3D('',#5355,#5356,#5357);
#5355 = CARTESIAN_POINT('',(128.,-77.5,-8.1E-02));
#5356 = DIRECTION('',(-0.,-0.,-1.));
#5357 = DIRECTION('',(-0.,-1.,0.));
#5358 = ADVANCED_FACE('',(#5359),#5370,.F.);
#5359 = FACE_BOUND('',#5360,.T.);
#5360 = EDGE_LOOP('',(#5361,#5362,#5368,#5369));
#5361 = ORIENTED_EDGE('',*,*,#1595,.T.);
#5362 = ORIENTED_EDGE('',*,*,#5363,.T.);
#5363 = EDGE_CURVE('',#1596,#3317,#5364,.T.);
#5364 = LINE('',#5365,#5366);
#5365 = CARTESIAN_POINT('',(135.5,-78.,-8.1E-02));
#5366 = VECTOR('',#5367,1.);
#5367 = DIRECTION('',(0.,0.,1.));
#5368 = ORIENTED_EDGE('',*,*,#3316,.F.);
#5369 = ORIENTED_EDGE('',*,*,#5363,.F.);
#5370 = CYLINDRICAL_SURFACE('',#5371,0.5);
#5371 = AXIS2_PLACEMENT_3D('',#5372,#5373,#5374);
#5372 = CARTESIAN_POINT('',(135.5,-77.5,-8.1E-02));
#5373 = DIRECTION('',(-0.,-0.,-1.));
#5374 = DIRECTION('',(-0.,-1.,0.));
#5375 = ADVANCED_FACE('',(#5376),#5387,.F.);
#5376 = FACE_BOUND('',#5377,.T.);
#5377 = EDGE_LOOP('',(#5378,#5379,#5385,#5386));
#5378 = ORIENTED_EDGE('',*,*,#1606,.T.);
#5379 = ORIENTED_EDGE('',*,*,#5380,.T.);
#5380 = EDGE_CURVE('',#1607,#3328,#5381,.T.);
#5381 = LINE('',#5382,#5383);
#5382 = CARTESIAN_POINT('',(147.,-78.,-8.1E-02));
#5383 = VECTOR('',#5384,1.);
#5384 = DIRECTION('',(0.,0.,1.));
#5385 = ORIENTED_EDGE('',*,*,#3327,.F.);
#5386 = ORIENTED_EDGE('',*,*,#5380,.F.);
#5387 = CYLINDRICAL_SURFACE('',#5388,0.5);
#5388 = AXIS2_PLACEMENT_3D('',#5389,#5390,#5391);
#5389 = CARTESIAN_POINT('',(147.,-77.5,-8.1E-02));
#5390 = DIRECTION('',(-0.,-0.,-1.));
#5391 = DIRECTION('',(-0.,-1.,0.));
#5392 = ADVANCED_FACE('',(#5393),#5404,.F.);
#5393 = FACE_BOUND('',#5394,.T.);
#5394 = EDGE_LOOP('',(#5395,#5396,#5402,#5403));
#5395 = ORIENTED_EDGE('',*,*,#1617,.T.);
#5396 = ORIENTED_EDGE('',*,*,#5397,.T.);
#5397 = EDGE_CURVE('',#1618,#3339,#5398,.T.);
#5398 = LINE('',#5399,#5400);
#5399 = CARTESIAN_POINT('',(140.,-66.2,-8.1E-02));
#5400 = VECTOR('',#5401,1.);
#5401 = DIRECTION('',(0.,0.,1.));
#5402 = ORIENTED_EDGE('',*,*,#3338,.F.);
#5403 = ORIENTED_EDGE('',*,*,#5397,.F.);
#5404 = CYLINDRICAL_SURFACE('',#5405,3.2);
#5405 = AXIS2_PLACEMENT_3D('',#5406,#5407,#5408);
#5406 = CARTESIAN_POINT('',(140.,-63.,-8.1E-02));
#5407 = DIRECTION('',(-0.,-0.,-1.));
#5408 = DIRECTION('',(-0.,-1.,0.));
#5409 = ADVANCED_FACE('',(#5410),#5421,.F.);
#5410 = FACE_BOUND('',#5411,.T.);
#5411 = EDGE_LOOP('',(#5412,#5413,#5419,#5420));
#5412 = ORIENTED_EDGE('',*,*,#1628,.T.);
#5413 = ORIENTED_EDGE('',*,*,#5414,.T.);
#5414 = EDGE_CURVE('',#1629,#3350,#5415,.T.);
#5415 = LINE('',#5416,#5417);
#5416 = CARTESIAN_POINT('',(28.75,-57.,-8.1E-02));
#5417 = VECTOR('',#5418,1.);
#5418 = DIRECTION('',(0.,0.,1.));
#5419 = ORIENTED_EDGE('',*,*,#3349,.F.);
#5420 = ORIENTED_EDGE('',*,*,#5414,.F.);
#5421 = CYLINDRICAL_SURFACE('',#5422,0.5);
#5422 = AXIS2_PLACEMENT_3D('',#5423,#5424,#5425);
#5423 = CARTESIAN_POINT('',(28.75,-56.5,-8.1E-02));
#5424 = DIRECTION('',(-0.,-0.,-1.));
#5425 = DIRECTION('',(-0.,-1.,0.));
#5426 = ADVANCED_FACE('',(#5427),#5438,.F.);
#5427 = FACE_BOUND('',#5428,.T.);
#5428 = EDGE_LOOP('',(#5429,#5430,#5436,#5437));
#5429 = ORIENTED_EDGE('',*,*,#1639,.T.);
#5430 = ORIENTED_EDGE('',*,*,#5431,.T.);
#5431 = EDGE_CURVE('',#1640,#3361,#5432,.T.);
#5432 = LINE('',#5433,#5434);
#5433 = CARTESIAN_POINT('',(36.25,-57.,-8.1E-02));
#5434 = VECTOR('',#5435,1.);
#5435 = DIRECTION('',(0.,0.,1.));
#5436 = ORIENTED_EDGE('',*,*,#3360,.F.);
#5437 = ORIENTED_EDGE('',*,*,#5431,.F.);
#5438 = CYLINDRICAL_SURFACE('',#5439,0.5);
#5439 = AXIS2_PLACEMENT_3D('',#5440,#5441,#5442);
#5440 = CARTESIAN_POINT('',(36.25,-56.5,-8.1E-02));
#5441 = DIRECTION('',(-0.,-0.,-1.));
#5442 = DIRECTION('',(-0.,-1.,0.));
#5443 = ADVANCED_FACE('',(#5444),#5455,.F.);
#5444 = FACE_BOUND('',#5445,.T.);
#5445 = EDGE_LOOP('',(#5446,#5447,#5453,#5454));
#5446 = ORIENTED_EDGE('',*,*,#1650,.T.);
#5447 = ORIENTED_EDGE('',*,*,#5448,.T.);
#5448 = EDGE_CURVE('',#1651,#3372,#5449,.T.);
#5449 = LINE('',#5450,#5451);
#5450 = CARTESIAN_POINT('',(64.25,-59.5,-8.1E-02));
#5451 = VECTOR('',#5452,1.);
#5452 = DIRECTION('',(0.,0.,1.));
#5453 = ORIENTED_EDGE('',*,*,#3371,.F.);
#5454 = ORIENTED_EDGE('',*,*,#5448,.F.);
#5455 = CYLINDRICAL_SURFACE('',#5456,0.5);
#5456 = AXIS2_PLACEMENT_3D('',#5457,#5458,#5459);
#5457 = CARTESIAN_POINT('',(64.25,-59.,-8.1E-02));
#5458 = DIRECTION('',(-0.,-0.,-1.));
#5459 = DIRECTION('',(-0.,-1.,0.));
#5460 = ADVANCED_FACE('',(#5461),#5472,.F.);
#5461 = FACE_BOUND('',#5462,.T.);
#5462 = EDGE_LOOP('',(#5463,#5464,#5470,#5471));
#5463 = ORIENTED_EDGE('',*,*,#1661,.T.);
#5464 = ORIENTED_EDGE('',*,*,#5465,.T.);
#5465 = EDGE_CURVE('',#1662,#3383,#5466,.T.);
#5466 = LINE('',#5467,#5468);
#5467 = CARTESIAN_POINT('',(71.75,-59.5,-8.1E-02));
#5468 = VECTOR('',#5469,1.);
#5469 = DIRECTION('',(0.,0.,1.));
#5470 = ORIENTED_EDGE('',*,*,#3382,.F.);
#5471 = ORIENTED_EDGE('',*,*,#5465,.F.);
#5472 = CYLINDRICAL_SURFACE('',#5473,0.5);
#5473 = AXIS2_PLACEMENT_3D('',#5474,#5475,#5476);
#5474 = CARTESIAN_POINT('',(71.75,-59.,-8.1E-02));
#5475 = DIRECTION('',(-0.,-0.,-1.));
#5476 = DIRECTION('',(-0.,-1.,0.));
#5477 = ADVANCED_FACE('',(#5478),#5489,.F.);
#5478 = FACE_BOUND('',#5479,.T.);
#5479 = EDGE_LOOP('',(#5480,#5481,#5487,#5488));
#5480 = ORIENTED_EDGE('',*,*,#1672,.T.);
#5481 = ORIENTED_EDGE('',*,*,#5482,.T.);
#5482 = EDGE_CURVE('',#1673,#3394,#5483,.T.);
#5483 = LINE('',#5484,#5485);
#5484 = CARTESIAN_POINT('',(6.25,-49.5,-8.1E-02));
#5485 = VECTOR('',#5486,1.);
#5486 = DIRECTION('',(0.,0.,1.));
#5487 = ORIENTED_EDGE('',*,*,#3393,.F.);
#5488 = ORIENTED_EDGE('',*,*,#5482,.F.);
#5489 = CYLINDRICAL_SURFACE('',#5490,0.5);
#5490 = AXIS2_PLACEMENT_3D('',#5491,#5492,#5493);
#5491 = CARTESIAN_POINT('',(6.25,-49.,-8.1E-02));
#5492 = DIRECTION('',(-0.,-0.,-1.));
#5493 = DIRECTION('',(-0.,-1.,0.));
#5494 = ADVANCED_FACE('',(#5495),#5506,.F.);
#5495 = FACE_BOUND('',#5496,.T.);
#5496 = EDGE_LOOP('',(#5497,#5498,#5504,#5505));
#5497 = ORIENTED_EDGE('',*,*,#1683,.T.);
#5498 = ORIENTED_EDGE('',*,*,#5499,.T.);
#5499 = EDGE_CURVE('',#1684,#3405,#5500,.T.);
#5500 = LINE('',#5501,#5502);
#5501 = CARTESIAN_POINT('',(13.75,-49.5,-8.1E-02));
#5502 = VECTOR('',#5503,1.);
#5503 = DIRECTION('',(0.,0.,1.));
#5504 = ORIENTED_EDGE('',*,*,#3404,.F.);
#5505 = ORIENTED_EDGE('',*,*,#5499,.F.);
#5506 = CYLINDRICAL_SURFACE('',#5507,0.5);
#5507 = AXIS2_PLACEMENT_3D('',#5508,#5509,#5510);
#5508 = CARTESIAN_POINT('',(13.75,-49.,-8.1E-02));
#5509 = DIRECTION('',(-0.,-0.,-1.));
#5510 = DIRECTION('',(-0.,-1.,0.));
#5511 = ADVANCED_FACE('',(#5512),#5523,.F.);
#5512 = FACE_BOUND('',#5513,.T.);
#5513 = EDGE_LOOP('',(#5514,#5515,#5521,#5522));
#5514 = ORIENTED_EDGE('',*,*,#1694,.T.);
#5515 = ORIENTED_EDGE('',*,*,#5516,.T.);
#5516 = EDGE_CURVE('',#1695,#3416,#5517,.T.);
#5517 = LINE('',#5518,#5519);
#5518 = CARTESIAN_POINT('',(22.75,-39.5,-8.1E-02));
#5519 = VECTOR('',#5520,1.);
#5520 = DIRECTION('',(0.,0.,1.));
#5521 = ORIENTED_EDGE('',*,*,#3415,.F.);
#5522 = ORIENTED_EDGE('',*,*,#5516,.F.);
#5523 = CYLINDRICAL_SURFACE('',#5524,0.5);
#5524 = AXIS2_PLACEMENT_3D('',#5525,#5526,#5527);
#5525 = CARTESIAN_POINT('',(22.75,-39.,-8.1E-02));
#5526 = DIRECTION('',(-0.,-0.,-1.));
#5527 = DIRECTION('',(-0.,-1.,0.));
#5528 = ADVANCED_FACE('',(#5529),#5540,.F.);
#5529 = FACE_BOUND('',#5530,.T.);
#5530 = EDGE_LOOP('',(#5531,#5532,#5538,#5539));
#5531 = ORIENTED_EDGE('',*,*,#1705,.T.);
#5532 = ORIENTED_EDGE('',*,*,#5533,.T.);
#5533 = EDGE_CURVE('',#1706,#3427,#5534,.T.);
#5534 = LINE('',#5535,#5536);
#5535 = CARTESIAN_POINT('',(30.25,-39.5,-8.1E-02));
#5536 = VECTOR('',#5537,1.);
#5537 = DIRECTION('',(0.,0.,1.));
#5538 = ORIENTED_EDGE('',*,*,#3426,.F.);
#5539 = ORIENTED_EDGE('',*,*,#5533,.F.);
#5540 = CYLINDRICAL_SURFACE('',#5541,0.5);
#5541 = AXIS2_PLACEMENT_3D('',#5542,#5543,#5544);
#5542 = CARTESIAN_POINT('',(30.25,-39.,-8.1E-02));
#5543 = DIRECTION('',(-0.,-0.,-1.));
#5544 = DIRECTION('',(-0.,-1.,0.));
#5545 = ADVANCED_FACE('',(#5546),#5557,.F.);
#5546 = FACE_BOUND('',#5547,.T.);
#5547 = EDGE_LOOP('',(#5548,#5549,#5555,#5556));
#5548 = ORIENTED_EDGE('',*,*,#1716,.T.);
#5549 = ORIENTED_EDGE('',*,*,#5550,.T.);
#5550 = EDGE_CURVE('',#1717,#3438,#5551,.T.);
#5551 = LINE('',#5552,#5553);
#5552 = CARTESIAN_POINT('',(62.5,-41.,-8.1E-02));
#5553 = VECTOR('',#5554,1.);
#5554 = DIRECTION('',(0.,0.,1.));
#5555 = ORIENTED_EDGE('',*,*,#3437,.F.);
#5556 = ORIENTED_EDGE('',*,*,#5550,.F.);
#5557 = CYLINDRICAL_SURFACE('',#5558,0.5);
#5558 = AXIS2_PLACEMENT_3D('',#5559,#5560,#5561);
#5559 = CARTESIAN_POINT('',(62.5,-40.5,-8.1E-02));
#5560 = DIRECTION('',(-0.,-0.,-1.));
#5561 = DIRECTION('',(-0.,-1.,0.));
#5562 = ADVANCED_FACE('',(#5563),#5574,.F.);
#5563 = FACE_BOUND('',#5564,.T.);
#5564 = EDGE_LOOP('',(#5565,#5566,#5572,#5573));
#5565 = ORIENTED_EDGE('',*,*,#1727,.T.);
#5566 = ORIENTED_EDGE('',*,*,#5567,.T.);
#5567 = EDGE_CURVE('',#1728,#3449,#5568,.T.);
#5568 = LINE('',#5569,#5570);
#5569 = CARTESIAN_POINT('',(70.,-41.,-8.1E-02));
#5570 = VECTOR('',#5571,1.);
#5571 = DIRECTION('',(0.,0.,1.));
#5572 = ORIENTED_EDGE('',*,*,#3448,.F.);
#5573 = ORIENTED_EDGE('',*,*,#5567,.F.);
#5574 = CYLINDRICAL_SURFACE('',#5575,0.5);
#5575 = AXIS2_PLACEMENT_3D('',#5576,#5577,#5578);
#5576 = CARTESIAN_POINT('',(70.,-40.5,-8.1E-02));
#5577 = DIRECTION('',(-0.,-0.,-1.));
#5578 = DIRECTION('',(-0.,-1.,0.));
#5579 = ADVANCED_FACE('',(#5580),#5591,.F.);
#5580 = FACE_BOUND('',#5581,.T.);
#5581 = EDGE_LOOP('',(#5582,#5583,#5589,#5590));
#5582 = ORIENTED_EDGE('',*,*,#1738,.T.);
#5583 = ORIENTED_EDGE('',*,*,#5584,.T.);
#5584 = EDGE_CURVE('',#1739,#3460,#5585,.T.);
#5585 = LINE('',#5586,#5587);
#5586 = CARTESIAN_POINT('',(83.5,-60.5,-8.1E-02));
#5587 = VECTOR('',#5588,1.);
#5588 = DIRECTION('',(0.,0.,1.));
#5589 = ORIENTED_EDGE('',*,*,#3459,.F.);
#5590 = ORIENTED_EDGE('',*,*,#5584,.F.);
#5591 = CYLINDRICAL_SURFACE('',#5592,0.5);
#5592 = AXIS2_PLACEMENT_3D('',#5593,#5594,#5595);
#5593 = CARTESIAN_POINT('',(83.5,-60.,-8.1E-02));
#5594 = DIRECTION('',(-0.,-0.,-1.));
#5595 = DIRECTION('',(-0.,-1.,0.));
#5596 = ADVANCED_FACE('',(#5597),#5608,.F.);
#5597 = FACE_BOUND('',#5598,.T.);
#5598 = EDGE_LOOP('',(#5599,#5600,#5606,#5607));
#5599 = ORIENTED_EDGE('',*,*,#1749,.T.);
#5600 = ORIENTED_EDGE('',*,*,#5601,.T.);
#5601 = EDGE_CURVE('',#1750,#3471,#5602,.T.);
#5602 = LINE('',#5603,#5604);
#5603 = CARTESIAN_POINT('',(91.,-60.5,-8.1E-02));
#5604 = VECTOR('',#5605,1.);
#5605 = DIRECTION('',(0.,0.,1.));
#5606 = ORIENTED_EDGE('',*,*,#3470,.F.);
#5607 = ORIENTED_EDGE('',*,*,#5601,.F.);
#5608 = CYLINDRICAL_SURFACE('',#5609,0.5);
#5609 = AXIS2_PLACEMENT_3D('',#5610,#5611,#5612);
#5610 = CARTESIAN_POINT('',(91.,-60.,-8.1E-02));
#5611 = DIRECTION('',(-0.,-0.,-1.));
#5612 = DIRECTION('',(-0.,-1.,0.));
#5613 = ADVANCED_FACE('',(#5614),#5625,.F.);
#5614 = FACE_BOUND('',#5615,.T.);
#5615 = EDGE_LOOP('',(#5616,#5617,#5623,#5624));
#5616 = ORIENTED_EDGE('',*,*,#1760,.T.);
#5617 = ORIENTED_EDGE('',*,*,#5618,.T.);
#5618 = EDGE_CURVE('',#1761,#3482,#5619,.T.);
#5619 = LINE('',#5620,#5621);
#5620 = CARTESIAN_POINT('',(106.5,-59.5,-8.1E-02));
#5621 = VECTOR('',#5622,1.);
#5622 = DIRECTION('',(0.,0.,1.));
#5623 = ORIENTED_EDGE('',*,*,#3481,.F.);
#5624 = ORIENTED_EDGE('',*,*,#5618,.F.);
#5625 = CYLINDRICAL_SURFACE('',#5626,0.5);
#5626 = AXIS2_PLACEMENT_3D('',#5627,#5628,#5629);
#5627 = CARTESIAN_POINT('',(106.5,-59.,-8.1E-02));
#5628 = DIRECTION('',(-0.,-0.,-1.));
#5629 = DIRECTION('',(-0.,-1.,0.));
#5630 = ADVANCED_FACE('',(#5631),#5642,.F.);
#5631 = FACE_BOUND('',#5632,.T.);
#5632 = EDGE_LOOP('',(#5633,#5634,#5640,#5641));
#5633 = ORIENTED_EDGE('',*,*,#1771,.T.);
#5634 = ORIENTED_EDGE('',*,*,#5635,.T.);
#5635 = EDGE_CURVE('',#1772,#3493,#5636,.T.);
#5636 = LINE('',#5637,#5638);
#5637 = CARTESIAN_POINT('',(114.,-59.5,-8.1E-02));
#5638 = VECTOR('',#5639,1.);
#5639 = DIRECTION('',(0.,0.,1.));
#5640 = ORIENTED_EDGE('',*,*,#3492,.F.);
#5641 = ORIENTED_EDGE('',*,*,#5635,.F.);
#5642 = CYLINDRICAL_SURFACE('',#5643,0.5);
#5643 = AXIS2_PLACEMENT_3D('',#5644,#5645,#5646);
#5644 = CARTESIAN_POINT('',(114.,-59.,-8.1E-02));
#5645 = DIRECTION('',(-0.,-0.,-1.));
#5646 = DIRECTION('',(-0.,-1.,0.));
#5647 = ADVANCED_FACE('',(#5648),#5659,.F.);
#5648 = FACE_BOUND('',#5649,.T.);
#5649 = EDGE_LOOP('',(#5650,#5651,#5657,#5658));
#5650 = ORIENTED_EDGE('',*,*,#1782,.T.);
#5651 = ORIENTED_EDGE('',*,*,#5652,.T.);
#5652 = EDGE_CURVE('',#1783,#3504,#5653,.T.);
#5653 = LINE('',#5654,#5655);
#5654 = CARTESIAN_POINT('',(123.75,-51.,-8.1E-02));
#5655 = VECTOR('',#5656,1.);
#5656 = DIRECTION('',(0.,0.,1.));
#5657 = ORIENTED_EDGE('',*,*,#3503,.F.);
#5658 = ORIENTED_EDGE('',*,*,#5652,.F.);
#5659 = CYLINDRICAL_SURFACE('',#5660,0.5);
#5660 = AXIS2_PLACEMENT_3D('',#5661,#5662,#5663);
#5661 = CARTESIAN_POINT('',(123.75,-50.5,-8.1E-02));
#5662 = DIRECTION('',(-0.,-0.,-1.));
#5663 = DIRECTION('',(-0.,-1.,0.));
#5664 = ADVANCED_FACE('',(#5665),#5676,.F.);
#5665 = FACE_BOUND('',#5666,.T.);
#5666 = EDGE_LOOP('',(#5667,#5668,#5674,#5675));
#5667 = ORIENTED_EDGE('',*,*,#1793,.T.);
#5668 = ORIENTED_EDGE('',*,*,#5669,.T.);
#5669 = EDGE_CURVE('',#1794,#3515,#5670,.T.);
#5670 = LINE('',#5671,#5672);
#5671 = CARTESIAN_POINT('',(131.25,-51.,-8.1E-02));
#5672 = VECTOR('',#5673,1.);
#5673 = DIRECTION('',(0.,0.,1.));
#5674 = ORIENTED_EDGE('',*,*,#3514,.F.);
#5675 = ORIENTED_EDGE('',*,*,#5669,.F.);
#5676 = CYLINDRICAL_SURFACE('',#5677,0.5);
#5677 = AXIS2_PLACEMENT_3D('',#5678,#5679,#5680);
#5678 = CARTESIAN_POINT('',(131.25,-50.5,-8.1E-02));
#5679 = DIRECTION('',(-0.,-0.,-1.));
#5680 = DIRECTION('',(-0.,-1.,0.));
#5681 = ADVANCED_FACE('',(#5682),#5693,.F.);
#5682 = FACE_BOUND('',#5683,.T.);
#5683 = EDGE_LOOP('',(#5684,#5685,#5691,#5692));
#5684 = ORIENTED_EDGE('',*,*,#1804,.T.);
#5685 = ORIENTED_EDGE('',*,*,#5686,.T.);
#5686 = EDGE_CURVE('',#1805,#3526,#5687,.T.);
#5687 = LINE('',#5688,#5689);
#5688 = CARTESIAN_POINT('',(94.,-45.,-8.1E-02));
#5689 = VECTOR('',#5690,1.);
#5690 = DIRECTION('',(0.,0.,1.));
#5691 = ORIENTED_EDGE('',*,*,#3525,.F.);
#5692 = ORIENTED_EDGE('',*,*,#5686,.F.);
#5693 = CYLINDRICAL_SURFACE('',#5694,0.5);
#5694 = AXIS2_PLACEMENT_3D('',#5695,#5696,#5697);
#5695 = CARTESIAN_POINT('',(94.,-44.5,-8.1E-02));
#5696 = DIRECTION('',(-0.,-0.,-1.));
#5697 = DIRECTION('',(-0.,-1.,0.));
#5698 = ADVANCED_FACE('',(#5699),#5710,.F.);
#5699 = FACE_BOUND('',#5700,.T.);
#5700 = EDGE_LOOP('',(#5701,#5702,#5708,#5709));
#5701 = ORIENTED_EDGE('',*,*,#1815,.T.);
#5702 = ORIENTED_EDGE('',*,*,#5703,.T.);
#5703 = EDGE_CURVE('',#1816,#3537,#5704,.T.);
#5704 = LINE('',#5705,#5706);
#5705 = CARTESIAN_POINT('',(101.5,-45.,-8.1E-02));
#5706 = VECTOR('',#5707,1.);
#5707 = DIRECTION('',(0.,0.,1.));
#5708 = ORIENTED_EDGE('',*,*,#3536,.F.);
#5709 = ORIENTED_EDGE('',*,*,#5703,.F.);
#5710 = CYLINDRICAL_SURFACE('',#5711,0.5);
#5711 = AXIS2_PLACEMENT_3D('',#5712,#5713,#5714);
#5712 = CARTESIAN_POINT('',(101.5,-44.5,-8.1E-02));
#5713 = DIRECTION('',(-0.,-0.,-1.));
#5714 = DIRECTION('',(-0.,-1.,0.));
#5715 = ADVANCED_FACE('',(#5716),#5727,.F.);
#5716 = FACE_BOUND('',#5717,.T.);
#5717 = EDGE_LOOP('',(#5718,#5719,#5725,#5726));
#5718 = ORIENTED_EDGE('',*,*,#1826,.T.);
#5719 = ORIENTED_EDGE('',*,*,#5720,.T.);
#5720 = EDGE_CURVE('',#1827,#3548,#5721,.T.);
#5721 = LINE('',#5722,#5723);
#5722 = CARTESIAN_POINT('',(154.5,-78.,-8.1E-02));
#5723 = VECTOR('',#5724,1.);
#5724 = DIRECTION('',(0.,0.,1.));
#5725 = ORIENTED_EDGE('',*,*,#3547,.F.);
#5726 = ORIENTED_EDGE('',*,*,#5720,.F.);
#5727 = CYLINDRICAL_SURFACE('',#5728,0.5);
#5728 = AXIS2_PLACEMENT_3D('',#5729,#5730,#5731);
#5729 = CARTESIAN_POINT('',(154.5,-77.5,-8.1E-02));
#5730 = DIRECTION('',(-0.,-0.,-1.));
#5731 = DIRECTION('',(-0.,-1.,0.));
#5732 = ADVANCED_FACE('',(#5733),#5744,.F.);
#5733 = FACE_BOUND('',#5734,.T.);
#5734 = EDGE_LOOP('',(#5735,#5736,#5742,#5743));
#5735 = ORIENTED_EDGE('',*,*,#1837,.T.);
#5736 = ORIENTED_EDGE('',*,*,#5737,.T.);
#5737 = EDGE_CURVE('',#1838,#3559,#5738,.T.);
#5738 = LINE('',#5739,#5740);
#5739 = CARTESIAN_POINT('',(165.75,-75.5,-8.1E-02));
#5740 = VECTOR('',#5741,1.);
#5741 = DIRECTION('',(0.,0.,1.));
#5742 = ORIENTED_EDGE('',*,*,#3558,.F.);
#5743 = ORIENTED_EDGE('',*,*,#5737,.F.);
#5744 = CYLINDRICAL_SURFACE('',#5745,0.5);
#5745 = AXIS2_PLACEMENT_3D('',#5746,#5747,#5748);
#5746 = CARTESIAN_POINT('',(165.75,-75.,-8.1E-02));
#5747 = DIRECTION('',(-0.,-0.,-1.));
#5748 = DIRECTION('',(-0.,-1.,0.));
#5749 = ADVANCED_FACE('',(#5750),#5761,.F.);
#5750 = FACE_BOUND('',#5751,.T.);
#5751 = EDGE_LOOP('',(#5752,#5753,#5759,#5760));
#5752 = ORIENTED_EDGE('',*,*,#1848,.T.);
#5753 = ORIENTED_EDGE('',*,*,#5754,.T.);
#5754 = EDGE_CURVE('',#1849,#3570,#5755,.T.);
#5755 = LINE('',#5756,#5757);
#5756 = CARTESIAN_POINT('',(173.25,-75.5,-8.1E-02));
#5757 = VECTOR('',#5758,1.);
#5758 = DIRECTION('',(0.,0.,1.));
#5759 = ORIENTED_EDGE('',*,*,#3569,.F.);
#5760 = ORIENTED_EDGE('',*,*,#5754,.F.);
#5761 = CYLINDRICAL_SURFACE('',#5762,0.5);
#5762 = AXIS2_PLACEMENT_3D('',#5763,#5764,#5765);
#5763 = CARTESIAN_POINT('',(173.25,-75.,-8.1E-02));
#5764 = DIRECTION('',(-0.,-0.,-1.));
#5765 = DIRECTION('',(-0.,-1.,0.));
#5766 = ADVANCED_FACE('',(#5767),#5778,.F.);
#5767 = FACE_BOUND('',#5768,.T.);
#5768 = EDGE_LOOP('',(#5769,#5770,#5776,#5777));
#5769 = ORIENTED_EDGE('',*,*,#1859,.T.);
#5770 = ORIENTED_EDGE('',*,*,#5771,.T.);
#5771 = EDGE_CURVE('',#1860,#3581,#5772,.T.);
#5772 = LINE('',#5773,#5774);
#5773 = CARTESIAN_POINT('',(185.,-84.2,-8.1E-02));
#5774 = VECTOR('',#5775,1.);
#5775 = DIRECTION('',(0.,0.,1.));
#5776 = ORIENTED_EDGE('',*,*,#3580,.F.);
#5777 = ORIENTED_EDGE('',*,*,#5771,.F.);
#5778 = CYLINDRICAL_SURFACE('',#5779,3.2);
#5779 = AXIS2_PLACEMENT_3D('',#5780,#5781,#5782);
#5780 = CARTESIAN_POINT('',(185.,-81.,-8.1E-02));
#5781 = DIRECTION('',(-0.,-0.,-1.));
#5782 = DIRECTION('',(-0.,-1.,0.));
#5783 = ADVANCED_FACE('',(#5784),#5795,.F.);
#5784 = FACE_BOUND('',#5785,.T.);
#5785 = EDGE_LOOP('',(#5786,#5787,#5793,#5794));
#5786 = ORIENTED_EDGE('',*,*,#1870,.T.);
#5787 = ORIENTED_EDGE('',*,*,#5788,.T.);
#5788 = EDGE_CURVE('',#1871,#3592,#5789,.T.);
#5789 = LINE('',#5790,#5791);
#5790 = CARTESIAN_POINT('',(198.75,-78.5,-8.1E-02));
#5791 = VECTOR('',#5792,1.);
#5792 = DIRECTION('',(0.,0.,1.));
#5793 = ORIENTED_EDGE('',*,*,#3591,.F.);
#5794 = ORIENTED_EDGE('',*,*,#5788,.F.);
#5795 = CYLINDRICAL_SURFACE('',#5796,0.5);
#5796 = AXIS2_PLACEMENT_3D('',#5797,#5798,#5799);
#5797 = CARTESIAN_POINT('',(198.75,-78.,-8.1E-02));
#5798 = DIRECTION('',(-0.,-0.,-1.));
#5799 = DIRECTION('',(-0.,-1.,0.));
#5800 = ADVANCED_FACE('',(#5801),#5812,.F.);
#5801 = FACE_BOUND('',#5802,.T.);
#5802 = EDGE_LOOP('',(#5803,#5804,#5810,#5811));
#5803 = ORIENTED_EDGE('',*,*,#1881,.T.);
#5804 = ORIENTED_EDGE('',*,*,#5805,.T.);
#5805 = EDGE_CURVE('',#1882,#3603,#5806,.T.);
#5806 = LINE('',#5807,#5808);
#5807 = CARTESIAN_POINT('',(206.25,-78.5,-8.1E-02));
#5808 = VECTOR('',#5809,1.);
#5809 = DIRECTION('',(0.,0.,1.));
#5810 = ORIENTED_EDGE('',*,*,#3602,.F.);
#5811 = ORIENTED_EDGE('',*,*,#5805,.F.);
#5812 = CYLINDRICAL_SURFACE('',#5813,0.5);
#5813 = AXIS2_PLACEMENT_3D('',#5814,#5815,#5816);
#5814 = CARTESIAN_POINT('',(206.25,-78.,-8.1E-02));
#5815 = DIRECTION('',(-0.,-0.,-1.));
#5816 = DIRECTION('',(-0.,-1.,0.));
#5817 = ADVANCED_FACE('',(#5818),#5829,.F.);
#5818 = FACE_BOUND('',#5819,.T.);
#5819 = EDGE_LOOP('',(#5820,#5821,#5827,#5828));
#5820 = ORIENTED_EDGE('',*,*,#1892,.T.);
#5821 = ORIENTED_EDGE('',*,*,#5822,.T.);
#5822 = EDGE_CURVE('',#1893,#3614,#5823,.T.);
#5823 = LINE('',#5824,#5825);
#5824 = CARTESIAN_POINT('',(217.25,-77.5,-8.1E-02));
#5825 = VECTOR('',#5826,1.);
#5826 = DIRECTION('',(0.,0.,1.));
#5827 = ORIENTED_EDGE('',*,*,#3613,.F.);
#5828 = ORIENTED_EDGE('',*,*,#5822,.F.);
#5829 = CYLINDRICAL_SURFACE('',#5830,0.5);
#5830 = AXIS2_PLACEMENT_3D('',#5831,#5832,#5833);
#5831 = CARTESIAN_POINT('',(217.25,-77.,-8.1E-02));
#5832 = DIRECTION('',(-0.,-0.,-1.));
#5833 = DIRECTION('',(-0.,-1.,0.));
#5834 = ADVANCED_FACE('',(#5835),#5846,.F.);
#5835 = FACE_BOUND('',#5836,.T.);
#5836 = EDGE_LOOP('',(#5837,#5838,#5844,#5845));
#5837 = ORIENTED_EDGE('',*,*,#1903,.T.);
#5838 = ORIENTED_EDGE('',*,*,#5839,.T.);
#5839 = EDGE_CURVE('',#1904,#3625,#5840,.T.);
#5840 = LINE('',#5841,#5842);
#5841 = CARTESIAN_POINT('',(181.25,-63.5,-8.1E-02));
#5842 = VECTOR('',#5843,1.);
#5843 = DIRECTION('',(0.,0.,1.));
#5844 = ORIENTED_EDGE('',*,*,#3624,.F.);
#5845 = ORIENTED_EDGE('',*,*,#5839,.F.);
#5846 = CYLINDRICAL_SURFACE('',#5847,0.5);
#5847 = AXIS2_PLACEMENT_3D('',#5848,#5849,#5850);
#5848 = CARTESIAN_POINT('',(181.25,-63.,-8.1E-02));
#5849 = DIRECTION('',(-0.,-0.,-1.));
#5850 = DIRECTION('',(-0.,-1.,0.));
#5851 = ADVANCED_FACE('',(#5852),#5863,.F.);
#5852 = FACE_BOUND('',#5853,.T.);
#5853 = EDGE_LOOP('',(#5854,#5855,#5861,#5862));
#5854 = ORIENTED_EDGE('',*,*,#1914,.T.);
#5855 = ORIENTED_EDGE('',*,*,#5856,.T.);
#5856 = EDGE_CURVE('',#1915,#3636,#5857,.T.);
#5857 = LINE('',#5858,#5859);
#5858 = CARTESIAN_POINT('',(188.75,-63.5,-8.1E-02));
#5859 = VECTOR('',#5860,1.);
#5860 = DIRECTION('',(0.,0.,1.));
#5861 = ORIENTED_EDGE('',*,*,#3635,.F.);
#5862 = ORIENTED_EDGE('',*,*,#5856,.F.);
#5863 = CYLINDRICAL_SURFACE('',#5864,0.5);
#5864 = AXIS2_PLACEMENT_3D('',#5865,#5866,#5867);
#5865 = CARTESIAN_POINT('',(188.75,-63.,-8.1E-02));
#5866 = DIRECTION('',(-0.,-0.,-1.));
#5867 = DIRECTION('',(-0.,-1.,0.));
#5868 = ADVANCED_FACE('',(#5869),#5880,.F.);
#5869 = FACE_BOUND('',#5870,.T.);
#5870 = EDGE_LOOP('',(#5871,#5872,#5878,#5879));
#5871 = ORIENTED_EDGE('',*,*,#1925,.T.);
#5872 = ORIENTED_EDGE('',*,*,#5873,.T.);
#5873 = EDGE_CURVE('',#1926,#3647,#5874,.T.);
#5874 = LINE('',#5875,#5876);
#5875 = CARTESIAN_POINT('',(224.75,-77.5,-8.1E-02));
#5876 = VECTOR('',#5877,1.);
#5877 = DIRECTION('',(0.,0.,1.));
#5878 = ORIENTED_EDGE('',*,*,#3646,.F.);
#5879 = ORIENTED_EDGE('',*,*,#5873,.F.);
#5880 = CYLINDRICAL_SURFACE('',#5881,0.5);
#5881 = AXIS2_PLACEMENT_3D('',#5882,#5883,#5884);
#5882 = CARTESIAN_POINT('',(224.75,-77.,-8.1E-02));
#5883 = DIRECTION('',(-0.,-0.,-1.));
#5884 = DIRECTION('',(-0.,-1.,0.));
#5885 = ADVANCED_FACE('',(#5886),#5897,.F.);
#5886 = FACE_BOUND('',#5887,.T.);
#5887 = EDGE_LOOP('',(#5888,#5889,#5895,#5896));
#5888 = ORIENTED_EDGE('',*,*,#1936,.T.);
#5889 = ORIENTED_EDGE('',*,*,#5890,.T.);
#5890 = EDGE_CURVE('',#1937,#3658,#5891,.T.);
#5891 = LINE('',#5892,#5893);
#5892 = CARTESIAN_POINT('',(236.25,-77.5,-8.1E-02));
#5893 = VECTOR('',#5894,1.);
#5894 = DIRECTION('',(0.,0.,1.));
#5895 = ORIENTED_EDGE('',*,*,#3657,.F.);
#5896 = ORIENTED_EDGE('',*,*,#5890,.F.);
#5897 = CYLINDRICAL_SURFACE('',#5898,0.5);
#5898 = AXIS2_PLACEMENT_3D('',#5899,#5900,#5901);
#5899 = CARTESIAN_POINT('',(236.25,-77.,-8.1E-02));
#5900 = DIRECTION('',(-0.,-0.,-1.));
#5901 = DIRECTION('',(-0.,-1.,0.));
#5902 = ADVANCED_FACE('',(#5903),#5914,.F.);
#5903 = FACE_BOUND('',#5904,.T.);
#5904 = EDGE_LOOP('',(#5905,#5906,#5912,#5913));
#5905 = ORIENTED_EDGE('',*,*,#1947,.T.);
#5906 = ORIENTED_EDGE('',*,*,#5907,.T.);
#5907 = EDGE_CURVE('',#1948,#3669,#5908,.T.);
#5908 = LINE('',#5909,#5910);
#5909 = CARTESIAN_POINT('',(243.75,-77.5,-8.1E-02));
#5910 = VECTOR('',#5911,1.);
#5911 = DIRECTION('',(0.,0.,1.));
#5912 = ORIENTED_EDGE('',*,*,#3668,.F.);
#5913 = ORIENTED_EDGE('',*,*,#5907,.F.);
#5914 = CYLINDRICAL_SURFACE('',#5915,0.5);
#5915 = AXIS2_PLACEMENT_3D('',#5916,#5917,#5918);
#5916 = CARTESIAN_POINT('',(243.75,-77.,-8.1E-02));
#5917 = DIRECTION('',(-0.,-0.,-1.));
#5918 = DIRECTION('',(-0.,-1.,0.));
#5919 = ADVANCED_FACE('',(#5920),#5931,.F.);
#5920 = FACE_BOUND('',#5921,.T.);
#5921 = EDGE_LOOP('',(#5922,#5923,#5929,#5930));
#5922 = ORIENTED_EDGE('',*,*,#1958,.T.);
#5923 = ORIENTED_EDGE('',*,*,#5924,.T.);
#5924 = EDGE_CURVE('',#1959,#3680,#5925,.T.);
#5925 = LINE('',#5926,#5927);
#5926 = CARTESIAN_POINT('',(285.,-84.2,-8.1E-02));
#5927 = VECTOR('',#5928,1.);
#5928 = DIRECTION('',(0.,0.,1.));
#5929 = ORIENTED_EDGE('',*,*,#3679,.F.);
#5930 = ORIENTED_EDGE('',*,*,#5924,.F.);
#5931 = CYLINDRICAL_SURFACE('',#5932,3.2);
#5932 = AXIS2_PLACEMENT_3D('',#5933,#5934,#5935);
#5933 = CARTESIAN_POINT('',(285.,-81.,-8.1E-02));
#5934 = DIRECTION('',(-0.,-0.,-1.));
#5935 = DIRECTION('',(-0.,-1.,0.));
#5936 = ADVANCED_FACE('',(#5937),#5948,.F.);
#5937 = FACE_BOUND('',#5938,.T.);
#5938 = EDGE_LOOP('',(#5939,#5940,#5946,#5947));
#5939 = ORIENTED_EDGE('',*,*,#1969,.T.);
#5940 = ORIENTED_EDGE('',*,*,#5941,.T.);
#5941 = EDGE_CURVE('',#1970,#3691,#5942,.T.);
#5942 = LINE('',#5943,#5944);
#5943 = CARTESIAN_POINT('',(264.5,-78.,-8.1E-02));
#5944 = VECTOR('',#5945,1.);
#5945 = DIRECTION('',(0.,0.,1.));
#5946 = ORIENTED_EDGE('',*,*,#3690,.F.);
#5947 = ORIENTED_EDGE('',*,*,#5941,.F.);
#5948 = CYLINDRICAL_SURFACE('',#5949,0.5);
#5949 = AXIS2_PLACEMENT_3D('',#5950,#5951,#5952);
#5950 = CARTESIAN_POINT('',(264.5,-77.5,-8.1E-02));
#5951 = DIRECTION('',(-0.,-0.,-1.));
#5952 = DIRECTION('',(-0.,-1.,0.));
#5953 = ADVANCED_FACE('',(#5954),#5965,.F.);
#5954 = FACE_BOUND('',#5955,.T.);
#5955 = EDGE_LOOP('',(#5956,#5957,#5963,#5964));
#5956 = ORIENTED_EDGE('',*,*,#1980,.T.);
#5957 = ORIENTED_EDGE('',*,*,#5958,.T.);
#5958 = EDGE_CURVE('',#1981,#3702,#5959,.T.);
#5959 = LINE('',#5960,#5961);
#5960 = CARTESIAN_POINT('',(272.,-78.,-8.1E-02));
#5961 = VECTOR('',#5962,1.);
#5962 = DIRECTION('',(0.,0.,1.));
#5963 = ORIENTED_EDGE('',*,*,#3701,.F.);
#5964 = ORIENTED_EDGE('',*,*,#5958,.F.);
#5965 = CYLINDRICAL_SURFACE('',#5966,0.5);
#5966 = AXIS2_PLACEMENT_3D('',#5967,#5968,#5969);
#5967 = CARTESIAN_POINT('',(272.,-77.5,-8.1E-02));
#5968 = DIRECTION('',(-0.,-0.,-1.));
#5969 = DIRECTION('',(-0.,-1.,0.));
#5970 = ADVANCED_FACE('',(#5971),#5982,.F.);
#5971 = FACE_BOUND('',#5972,.T.);
#5972 = EDGE_LOOP('',(#5973,#5974,#5980,#5981));
#5973 = ORIENTED_EDGE('',*,*,#1991,.T.);
#5974 = ORIENTED_EDGE('',*,*,#5975,.T.);
#5975 = EDGE_CURVE('',#1992,#3713,#5976,.T.);
#5976 = LINE('',#5977,#5978);
#5977 = CARTESIAN_POINT('',(230.,-66.2,-8.1E-02));
#5978 = VECTOR('',#5979,1.);
#5979 = DIRECTION('',(0.,0.,1.));
#5980 = ORIENTED_EDGE('',*,*,#3712,.F.);
#5981 = ORIENTED_EDGE('',*,*,#5975,.F.);
#5982 = CYLINDRICAL_SURFACE('',#5983,3.2);
#5983 = AXIS2_PLACEMENT_3D('',#5984,#5985,#5986);
#5984 = CARTESIAN_POINT('',(230.,-63.,-8.1E-02));
#5985 = DIRECTION('',(-0.,-0.,-1.));
#5986 = DIRECTION('',(-0.,-1.,0.));
#5987 = ADVANCED_FACE('',(#5988),#5999,.F.);
#5988 = FACE_BOUND('',#5989,.T.);
#5989 = EDGE_LOOP('',(#5990,#5991,#5997,#5998));
#5990 = ORIENTED_EDGE('',*,*,#2002,.T.);
#5991 = ORIENTED_EDGE('',*,*,#5992,.T.);
#5992 = EDGE_CURVE('',#2003,#3724,#5993,.T.);
#5993 = LINE('',#5994,#5995);
#5994 = CARTESIAN_POINT('',(251.25,-65.5,-8.1E-02));
#5995 = VECTOR('',#5996,1.);
#5996 = DIRECTION('',(0.,0.,1.));
#5997 = ORIENTED_EDGE('',*,*,#3723,.F.);
#5998 = ORIENTED_EDGE('',*,*,#5992,.F.);
#5999 = CYLINDRICAL_SURFACE('',#6000,0.5);
#6000 = AXIS2_PLACEMENT_3D('',#6001,#6002,#6003);
#6001 = CARTESIAN_POINT('',(251.25,-65.,-8.1E-02));
#6002 = DIRECTION('',(-0.,-0.,-1.));
#6003 = DIRECTION('',(-0.,-1.,0.));
#6004 = ADVANCED_FACE('',(#6005),#6016,.F.);
#6005 = FACE_BOUND('',#6006,.T.);
#6006 = EDGE_LOOP('',(#6007,#6008,#6014,#6015));
#6007 = ORIENTED_EDGE('',*,*,#2013,.T.);
#6008 = ORIENTED_EDGE('',*,*,#6009,.T.);
#6009 = EDGE_CURVE('',#2014,#3735,#6010,.T.);
#6010 = LINE('',#6011,#6012);
#6011 = CARTESIAN_POINT('',(258.75,-65.5,-8.1E-02));
#6012 = VECTOR('',#6013,1.);
#6013 = DIRECTION('',(0.,0.,1.));
#6014 = ORIENTED_EDGE('',*,*,#3734,.F.);
#6015 = ORIENTED_EDGE('',*,*,#6009,.F.);
#6016 = CYLINDRICAL_SURFACE('',#6017,0.5);
#6017 = AXIS2_PLACEMENT_3D('',#6018,#6019,#6020);
#6018 = CARTESIAN_POINT('',(258.75,-65.,-8.1E-02));
#6019 = DIRECTION('',(-0.,-0.,-1.));
#6020 = DIRECTION('',(-0.,-1.,0.));
#6021 = ADVANCED_FACE('',(#6022),#6033,.F.);
#6022 = FACE_BOUND('',#6023,.T.);
#6023 = EDGE_LOOP('',(#6024,#6025,#6031,#6032));
#6024 = ORIENTED_EDGE('',*,*,#2024,.T.);
#6025 = ORIENTED_EDGE('',*,*,#6026,.T.);
#6026 = EDGE_CURVE('',#2025,#3746,#6027,.T.);
#6027 = LINE('',#6028,#6029);
#6028 = CARTESIAN_POINT('',(269.,-67.,-8.1E-02));
#6029 = VECTOR('',#6030,1.);
#6030 = DIRECTION('',(0.,0.,1.));
#6031 = ORIENTED_EDGE('',*,*,#3745,.F.);
#6032 = ORIENTED_EDGE('',*,*,#6026,.F.);
#6033 = CYLINDRICAL_SURFACE('',#6034,3.);
#6034 = AXIS2_PLACEMENT_3D('',#6035,#6036,#6037);
#6035 = CARTESIAN_POINT('',(269.,-64.,-8.1E-02));
#6036 = DIRECTION('',(-0.,-0.,-1.));
#6037 = DIRECTION('',(-0.,-1.,0.));
#6038 = ADVANCED_FACE('',(#6039),#6050,.F.);
#6039 = FACE_BOUND('',#6040,.T.);
#6040 = EDGE_LOOP('',(#6041,#6042,#6048,#6049));
#6041 = ORIENTED_EDGE('',*,*,#2035,.T.);
#6042 = ORIENTED_EDGE('',*,*,#6043,.T.);
#6043 = EDGE_CURVE('',#2036,#3757,#6044,.T.);
#6044 = LINE('',#6045,#6046);
#6045 = CARTESIAN_POINT('',(153.75,-61.,-8.1E-02));
#6046 = VECTOR('',#6047,1.);
#6047 = DIRECTION('',(0.,0.,1.));
#6048 = ORIENTED_EDGE('',*,*,#3756,.F.);
#6049 = ORIENTED_EDGE('',*,*,#6043,.F.);
#6050 = CYLINDRICAL_SURFACE('',#6051,0.5);
#6051 = AXIS2_PLACEMENT_3D('',#6052,#6053,#6054);
#6052 = CARTESIAN_POINT('',(153.75,-60.5,-8.1E-02));
#6053 = DIRECTION('',(-0.,-0.,-1.));
#6054 = DIRECTION('',(-0.,-1.,0.));
#6055 = ADVANCED_FACE('',(#6056),#6067,.F.);
#6056 = FACE_BOUND('',#6057,.T.);
#6057 = EDGE_LOOP('',(#6058,#6059,#6065,#6066));
#6058 = ORIENTED_EDGE('',*,*,#2046,.T.);
#6059 = ORIENTED_EDGE('',*,*,#6060,.T.);
#6060 = EDGE_CURVE('',#2047,#3768,#6061,.T.);
#6061 = LINE('',#6062,#6063);
#6062 = CARTESIAN_POINT('',(161.25,-61.,-8.1E-02));
#6063 = VECTOR('',#6064,1.);
#6064 = DIRECTION('',(0.,0.,1.));
#6065 = ORIENTED_EDGE('',*,*,#3767,.F.);
#6066 = ORIENTED_EDGE('',*,*,#6060,.F.);
#6067 = CYLINDRICAL_SURFACE('',#6068,0.5);
#6068 = AXIS2_PLACEMENT_3D('',#6069,#6070,#6071);
#6069 = CARTESIAN_POINT('',(161.25,-60.5,-8.1E-02));
#6070 = DIRECTION('',(-0.,-0.,-1.));
#6071 = DIRECTION('',(-0.,-1.,0.));
#6072 = ADVANCED_FACE('',(#6073),#6084,.F.);
#6073 = FACE_BOUND('',#6074,.T.);
#6074 = EDGE_LOOP('',(#6075,#6076,#6082,#6083));
#6075 = ORIENTED_EDGE('',*,*,#2057,.T.);
#6076 = ORIENTED_EDGE('',*,*,#6077,.T.);
#6077 = EDGE_CURVE('',#2058,#3779,#6078,.T.);
#6078 = LINE('',#6079,#6080);
#6079 = CARTESIAN_POINT('',(200.,-60.,-8.1E-02));
#6080 = VECTOR('',#6081,1.);
#6081 = DIRECTION('',(0.,0.,1.));
#6082 = ORIENTED_EDGE('',*,*,#3778,.F.);
#6083 = ORIENTED_EDGE('',*,*,#6077,.F.);
#6084 = CYLINDRICAL_SURFACE('',#6085,0.5);
#6085 = AXIS2_PLACEMENT_3D('',#6086,#6087,#6088);
#6086 = CARTESIAN_POINT('',(200.,-59.5,-8.1E-02));
#6087 = DIRECTION('',(-0.,-0.,-1.));
#6088 = DIRECTION('',(-0.,-1.,0.));
#6089 = ADVANCED_FACE('',(#6090),#6101,.F.);
#6090 = FACE_BOUND('',#6091,.T.);
#6091 = EDGE_LOOP('',(#6092,#6093,#6099,#6100));
#6092 = ORIENTED_EDGE('',*,*,#2068,.T.);
#6093 = ORIENTED_EDGE('',*,*,#6094,.T.);
#6094 = EDGE_CURVE('',#2069,#3790,#6095,.T.);
#6095 = LINE('',#6096,#6097);
#6096 = CARTESIAN_POINT('',(207.5,-60.,-8.1E-02));
#6097 = VECTOR('',#6098,1.);
#6098 = DIRECTION('',(0.,0.,1.));
#6099 = ORIENTED_EDGE('',*,*,#3789,.F.);
#6100 = ORIENTED_EDGE('',*,*,#6094,.F.);
#6101 = CYLINDRICAL_SURFACE('',#6102,0.5);
#6102 = AXIS2_PLACEMENT_3D('',#6103,#6104,#6105);
#6103 = CARTESIAN_POINT('',(207.5,-59.5,-8.1E-02));
#6104 = DIRECTION('',(-0.,-0.,-1.));
#6105 = DIRECTION('',(-0.,-1.,0.));
#6106 = ADVANCED_FACE('',(#6107),#6118,.F.);
#6107 = FACE_BOUND('',#6108,.T.);
#6108 = EDGE_LOOP('',(#6109,#6110,#6116,#6117));
#6109 = ORIENTED_EDGE('',*,*,#2079,.T.);
#6110 = ORIENTED_EDGE('',*,*,#6111,.T.);
#6111 = EDGE_CURVE('',#2080,#3801,#6112,.T.);
#6112 = LINE('',#6113,#6114);
#6113 = CARTESIAN_POINT('',(169.25,-49.5,-8.1E-02));
#6114 = VECTOR('',#6115,1.);
#6115 = DIRECTION('',(0.,0.,1.));
#6116 = ORIENTED_EDGE('',*,*,#3800,.F.);
#6117 = ORIENTED_EDGE('',*,*,#6111,.F.);
#6118 = CYLINDRICAL_SURFACE('',#6119,0.5);
#6119 = AXIS2_PLACEMENT_3D('',#6120,#6121,#6122);
#6120 = CARTESIAN_POINT('',(169.25,-49.,-8.1E-02));
#6121 = DIRECTION('',(-0.,-0.,-1.));
#6122 = DIRECTION('',(-0.,-1.,0.));
#6123 = ADVANCED_FACE('',(#6124),#6135,.F.);
#6124 = FACE_BOUND('',#6125,.T.);
#6125 = EDGE_LOOP('',(#6126,#6127,#6133,#6134));
#6126 = ORIENTED_EDGE('',*,*,#2090,.T.);
#6127 = ORIENTED_EDGE('',*,*,#6128,.T.);
#6128 = EDGE_CURVE('',#2091,#3812,#6129,.T.);
#6129 = LINE('',#6130,#6131);
#6130 = CARTESIAN_POINT('',(176.75,-49.5,-8.1E-02));
#6131 = VECTOR('',#6132,1.);
#6132 = DIRECTION('',(0.,0.,1.));
#6133 = ORIENTED_EDGE('',*,*,#3811,.F.);
#6134 = ORIENTED_EDGE('',*,*,#6128,.F.);
#6135 = CYLINDRICAL_SURFACE('',#6136,0.5);
#6136 = AXIS2_PLACEMENT_3D('',#6137,#6138,#6139);
#6137 = CARTESIAN_POINT('',(176.75,-49.,-8.1E-02));
#6138 = DIRECTION('',(-0.,-0.,-1.));
#6139 = DIRECTION('',(-0.,-1.,0.));
#6140 = ADVANCED_FACE('',(#6141),#6152,.F.);
#6141 = FACE_BOUND('',#6142,.T.);
#6142 = EDGE_LOOP('',(#6143,#6144,#6150,#6151));
#6143 = ORIENTED_EDGE('',*,*,#2101,.T.);
#6144 = ORIENTED_EDGE('',*,*,#6145,.T.);
#6145 = EDGE_CURVE('',#2102,#3823,#6146,.T.);
#6146 = LINE('',#6147,#6148);
#6147 = CARTESIAN_POINT('',(152.75,-41.5,-8.1E-02));
#6148 = VECTOR('',#6149,1.);
#6149 = DIRECTION('',(0.,0.,1.));
#6150 = ORIENTED_EDGE('',*,*,#3822,.F.);
#6151 = ORIENTED_EDGE('',*,*,#6145,.F.);
#6152 = CYLINDRICAL_SURFACE('',#6153,0.5);
#6153 = AXIS2_PLACEMENT_3D('',#6154,#6155,#6156);
#6154 = CARTESIAN_POINT('',(152.75,-41.,-8.1E-02));
#6155 = DIRECTION('',(-0.,-0.,-1.));
#6156 = DIRECTION('',(-0.,-1.,0.));
#6157 = ADVANCED_FACE('',(#6158),#6169,.F.);
#6158 = FACE_BOUND('',#6159,.T.);
#6159 = EDGE_LOOP('',(#6160,#6161,#6167,#6168));
#6160 = ORIENTED_EDGE('',*,*,#2112,.T.);
#6161 = ORIENTED_EDGE('',*,*,#6162,.T.);
#6162 = EDGE_CURVE('',#2113,#3834,#6163,.T.);
#6163 = LINE('',#6164,#6165);
#6164 = CARTESIAN_POINT('',(160.25,-41.5,-8.1E-02));
#6165 = VECTOR('',#6166,1.);
#6166 = DIRECTION('',(0.,0.,1.));
#6167 = ORIENTED_EDGE('',*,*,#3833,.F.);
#6168 = ORIENTED_EDGE('',*,*,#6162,.F.);
#6169 = CYLINDRICAL_SURFACE('',#6170,0.5);
#6170 = AXIS2_PLACEMENT_3D('',#6171,#6172,#6173);
#6171 = CARTESIAN_POINT('',(160.25,-41.,-8.1E-02));
#6172 = DIRECTION('',(-0.,-0.,-1.));
#6173 = DIRECTION('',(-0.,-1.,0.));
#6174 = ADVANCED_FACE('',(#6175),#6186,.F.);
#6175 = FACE_BOUND('',#6176,.T.);
#6176 = EDGE_LOOP('',(#6177,#6178,#6184,#6185));
#6177 = ORIENTED_EDGE('',*,*,#2123,.T.);
#6178 = ORIENTED_EDGE('',*,*,#6179,.T.);
#6179 = EDGE_CURVE('',#2124,#3845,#6180,.T.);
#6180 = LINE('',#6181,#6182);
#6181 = CARTESIAN_POINT('',(216.,-50.,-8.1E-02));
#6182 = VECTOR('',#6183,1.);
#6183 = DIRECTION('',(0.,0.,1.));
#6184 = ORIENTED_EDGE('',*,*,#3844,.F.);
#6185 = ORIENTED_EDGE('',*,*,#6179,.F.);
#6186 = CYLINDRICAL_SURFACE('',#6187,0.5);
#6187 = AXIS2_PLACEMENT_3D('',#6188,#6189,#6190);
#6188 = CARTESIAN_POINT('',(216.,-49.5,-8.1E-02));
#6189 = DIRECTION('',(-0.,-0.,-1.));
#6190 = DIRECTION('',(-0.,-1.,0.));
#6191 = ADVANCED_FACE('',(#6192),#6203,.F.);
#6192 = FACE_BOUND('',#6193,.T.);
#6193 = EDGE_LOOP('',(#6194,#6195,#6201,#6202));
#6194 = ORIENTED_EDGE('',*,*,#2134,.T.);
#6195 = ORIENTED_EDGE('',*,*,#6196,.T.);
#6196 = EDGE_CURVE('',#2135,#3856,#6197,.T.);
#6197 = LINE('',#6198,#6199);
#6198 = CARTESIAN_POINT('',(190.75,-44.,-8.1E-02));
#6199 = VECTOR('',#6200,1.);
#6200 = DIRECTION('',(0.,0.,1.));
#6201 = ORIENTED_EDGE('',*,*,#3855,.F.);
#6202 = ORIENTED_EDGE('',*,*,#6196,.F.);
#6203 = CYLINDRICAL_SURFACE('',#6204,0.5);
#6204 = AXIS2_PLACEMENT_3D('',#6205,#6206,#6207);
#6205 = CARTESIAN_POINT('',(190.75,-43.5,-8.1E-02));
#6206 = DIRECTION('',(-0.,-0.,-1.));
#6207 = DIRECTION('',(-0.,-1.,0.));
#6208 = ADVANCED_FACE('',(#6209),#6220,.F.);
#6209 = FACE_BOUND('',#6210,.T.);
#6210 = EDGE_LOOP('',(#6211,#6212,#6218,#6219));
#6211 = ORIENTED_EDGE('',*,*,#2145,.T.);
#6212 = ORIENTED_EDGE('',*,*,#6213,.T.);
#6213 = EDGE_CURVE('',#2146,#3867,#6214,.T.);
#6214 = LINE('',#6215,#6216);
#6215 = CARTESIAN_POINT('',(198.25,-44.,-8.1E-02));
#6216 = VECTOR('',#6217,1.);
#6217 = DIRECTION('',(0.,0.,1.));
#6218 = ORIENTED_EDGE('',*,*,#3866,.F.);
#6219 = ORIENTED_EDGE('',*,*,#6213,.F.);
#6220 = CYLINDRICAL_SURFACE('',#6221,0.5);
#6221 = AXIS2_PLACEMENT_3D('',#6222,#6223,#6224);
#6222 = CARTESIAN_POINT('',(198.25,-43.5,-8.1E-02));
#6223 = DIRECTION('',(-0.,-0.,-1.));
#6224 = DIRECTION('',(-0.,-1.,0.));
#6225 = ADVANCED_FACE('',(#6226),#6237,.F.);
#6226 = FACE_BOUND('',#6227,.T.);
#6227 = EDGE_LOOP('',(#6228,#6229,#6235,#6236));
#6228 = ORIENTED_EDGE('',*,*,#2156,.T.);
#6229 = ORIENTED_EDGE('',*,*,#6230,.T.);
#6230 = EDGE_CURVE('',#2157,#3878,#6231,.T.);
#6231 = LINE('',#6232,#6233);
#6232 = CARTESIAN_POINT('',(223.5,-50.,-8.1E-02));
#6233 = VECTOR('',#6234,1.);
#6234 = DIRECTION('',(0.,0.,1.));
#6235 = ORIENTED_EDGE('',*,*,#3877,.F.);
#6236 = ORIENTED_EDGE('',*,*,#6230,.F.);
#6237 = CYLINDRICAL_SURFACE('',#6238,0.5);
#6238 = AXIS2_PLACEMENT_3D('',#6239,#6240,#6241);
#6239 = CARTESIAN_POINT('',(223.5,-49.5,-8.1E-02));
#6240 = DIRECTION('',(-0.,-0.,-1.));
#6241 = DIRECTION('',(-0.,-1.,0.));
#6242 = ADVANCED_FACE('',(#6243),#6254,.F.);
#6243 = FACE_BOUND('',#6244,.T.);
#6244 = EDGE_LOOP('',(#6245,#6246,#6252,#6253));
#6245 = ORIENTED_EDGE('',*,*,#2167,.T.);
#6246 = ORIENTED_EDGE('',*,*,#6247,.T.);
#6247 = EDGE_CURVE('',#2168,#3889,#6248,.T.);
#6248 = LINE('',#6249,#6250);
#6249 = CARTESIAN_POINT('',(243.75,-49.,-8.1E-02));
#6250 = VECTOR('',#6251,1.);
#6251 = DIRECTION('',(0.,0.,1.));
#6252 = ORIENTED_EDGE('',*,*,#3888,.F.);
#6253 = ORIENTED_EDGE('',*,*,#6247,.F.);
#6254 = CYLINDRICAL_SURFACE('',#6255,0.5);
#6255 = AXIS2_PLACEMENT_3D('',#6256,#6257,#6258);
#6256 = CARTESIAN_POINT('',(243.75,-48.5,-8.1E-02));
#6257 = DIRECTION('',(-0.,-0.,-1.));
#6258 = DIRECTION('',(-0.,-1.,0.));
#6259 = ADVANCED_FACE('',(#6260),#6271,.F.);
#6260 = FACE_BOUND('',#6261,.T.);
#6261 = EDGE_LOOP('',(#6262,#6263,#6269,#6270));
#6262 = ORIENTED_EDGE('',*,*,#2178,.T.);
#6263 = ORIENTED_EDGE('',*,*,#6264,.T.);
#6264 = EDGE_CURVE('',#2179,#3900,#6265,.T.);
#6265 = LINE('',#6266,#6267);
#6266 = CARTESIAN_POINT('',(251.25,-49.,-8.1E-02));
#6267 = VECTOR('',#6268,1.);
#6268 = DIRECTION('',(0.,0.,1.));
#6269 = ORIENTED_EDGE('',*,*,#3899,.F.);
#6270 = ORIENTED_EDGE('',*,*,#6264,.F.);
#6271 = CYLINDRICAL_SURFACE('',#6272,0.5);
#6272 = AXIS2_PLACEMENT_3D('',#6273,#6274,#6275);
#6273 = CARTESIAN_POINT('',(251.25,-48.5,-8.1E-02));
#6274 = DIRECTION('',(-0.,-0.,-1.));
#6275 = DIRECTION('',(-0.,-1.,0.));
#6276 = ADVANCED_FACE('',(#6277),#6288,.F.);
#6277 = FACE_BOUND('',#6278,.T.);
#6278 = EDGE_LOOP('',(#6279,#6280,#6286,#6287));
#6279 = ORIENTED_EDGE('',*,*,#2189,.T.);
#6280 = ORIENTED_EDGE('',*,*,#6281,.T.);
#6281 = EDGE_CURVE('',#2190,#3911,#6282,.T.);
#6282 = LINE('',#6283,#6284);
#6283 = CARTESIAN_POINT('',(263.25,-50.5,-8.1E-02));
#6284 = VECTOR('',#6285,1.);
#6285 = DIRECTION('',(0.,0.,1.));
#6286 = ORIENTED_EDGE('',*,*,#3910,.F.);
#6287 = ORIENTED_EDGE('',*,*,#6281,.F.);
#6288 = CYLINDRICAL_SURFACE('',#6289,0.5);
#6289 = AXIS2_PLACEMENT_3D('',#6290,#6291,#6292);
#6290 = CARTESIAN_POINT('',(263.25,-50.,-8.1E-02));
#6291 = DIRECTION('',(-0.,-0.,-1.));
#6292 = DIRECTION('',(-0.,-1.,0.));
#6293 = ADVANCED_FACE('',(#6294),#6305,.F.);
#6294 = FACE_BOUND('',#6295,.T.);
#6295 = EDGE_LOOP('',(#6296,#6297,#6303,#6304));
#6296 = ORIENTED_EDGE('',*,*,#2200,.T.);
#6297 = ORIENTED_EDGE('',*,*,#6298,.T.);
#6298 = EDGE_CURVE('',#2201,#3922,#6299,.T.);
#6299 = LINE('',#6300,#6301);
#6300 = CARTESIAN_POINT('',(270.75,-50.5,-8.1E-02));
#6301 = VECTOR('',#6302,1.);
#6302 = DIRECTION('',(0.,0.,1.));
#6303 = ORIENTED_EDGE('',*,*,#3921,.F.);
#6304 = ORIENTED_EDGE('',*,*,#6298,.F.);
#6305 = CYLINDRICAL_SURFACE('',#6306,0.5);
#6306 = AXIS2_PLACEMENT_3D('',#6307,#6308,#6309);
#6307 = CARTESIAN_POINT('',(270.75,-50.,-8.1E-02));
#6308 = DIRECTION('',(-0.,-0.,-1.));
#6309 = DIRECTION('',(-0.,-1.,0.));
#6310 = ADVANCED_FACE('',(#6311),#6322,.F.);
#6311 = FACE_BOUND('',#6312,.T.);
#6312 = EDGE_LOOP('',(#6313,#6314,#6320,#6321));
#6313 = ORIENTED_EDGE('',*,*,#2211,.T.);
#6314 = ORIENTED_EDGE('',*,*,#6315,.T.);
#6315 = EDGE_CURVE('',#2212,#3933,#6316,.T.);
#6316 = LINE('',#6317,#6318);
#6317 = CARTESIAN_POINT('',(6.25,-30.5,-8.1E-02));
#6318 = VECTOR('',#6319,1.);
#6319 = DIRECTION('',(0.,0.,1.));
#6320 = ORIENTED_EDGE('',*,*,#3932,.F.);
#6321 = ORIENTED_EDGE('',*,*,#6315,.F.);
#6322 = CYLINDRICAL_SURFACE('',#6323,0.5);
#6323 = AXIS2_PLACEMENT_3D('',#6324,#6325,#6326);
#6324 = CARTESIAN_POINT('',(6.25,-30.,-8.1E-02));
#6325 = DIRECTION('',(-0.,-0.,-1.));
#6326 = DIRECTION('',(-0.,-1.,0.));
#6327 = ADVANCED_FACE('',(#6328),#6339,.F.);
#6328 = FACE_BOUND('',#6329,.T.);
#6329 = EDGE_LOOP('',(#6330,#6331,#6337,#6338));
#6330 = ORIENTED_EDGE('',*,*,#2222,.T.);
#6331 = ORIENTED_EDGE('',*,*,#6332,.T.);
#6332 = EDGE_CURVE('',#2223,#3944,#6333,.T.);
#6333 = LINE('',#6334,#6335);
#6334 = CARTESIAN_POINT('',(13.75,-30.5,-8.1E-02));
#6335 = VECTOR('',#6336,1.);
#6336 = DIRECTION('',(0.,0.,1.));
#6337 = ORIENTED_EDGE('',*,*,#3943,.F.);
#6338 = ORIENTED_EDGE('',*,*,#6332,.F.);
#6339 = CYLINDRICAL_SURFACE('',#6340,0.5);
#6340 = AXIS2_PLACEMENT_3D('',#6341,#6342,#6343);
#6341 = CARTESIAN_POINT('',(13.75,-30.,-8.1E-02));
#6342 = DIRECTION('',(-0.,-0.,-1.));
#6343 = DIRECTION('',(-0.,-1.,0.));
#6344 = ADVANCED_FACE('',(#6345),#6356,.F.);
#6345 = FACE_BOUND('',#6346,.T.);
#6346 = EDGE_LOOP('',(#6347,#6348,#6354,#6355));
#6347 = ORIENTED_EDGE('',*,*,#2233,.T.);
#6348 = ORIENTED_EDGE('',*,*,#6349,.T.);
#6349 = EDGE_CURVE('',#2234,#3955,#6350,.T.);
#6350 = LINE('',#6351,#6352);
#6351 = CARTESIAN_POINT('',(50.,-38.2,-8.1E-02));
#6352 = VECTOR('',#6353,1.);
#6353 = DIRECTION('',(0.,0.,1.));
#6354 = ORIENTED_EDGE('',*,*,#3954,.F.);
#6355 = ORIENTED_EDGE('',*,*,#6349,.F.);
#6356 = CYLINDRICAL_SURFACE('',#6357,3.2);
#6357 = AXIS2_PLACEMENT_3D('',#6358,#6359,#6360);
#6358 = CARTESIAN_POINT('',(50.,-35.,-8.1E-02));
#6359 = DIRECTION('',(-0.,-0.,-1.));
#6360 = DIRECTION('',(-0.,-1.,0.));
#6361 = ADVANCED_FACE('',(#6362),#6373,.F.);
#6362 = FACE_BOUND('',#6363,.T.);
#6363 = EDGE_LOOP('',(#6364,#6365,#6371,#6372));
#6364 = ORIENTED_EDGE('',*,*,#2244,.T.);
#6365 = ORIENTED_EDGE('',*,*,#6366,.T.);
#6366 = EDGE_CURVE('',#2245,#3966,#6367,.T.);
#6367 = LINE('',#6368,#6369);
#6368 = CARTESIAN_POINT('',(24.,-20.5,-8.1E-02));
#6369 = VECTOR('',#6370,1.);
#6370 = DIRECTION('',(0.,0.,1.));
#6371 = ORIENTED_EDGE('',*,*,#3965,.F.);
#6372 = ORIENTED_EDGE('',*,*,#6366,.F.);
#6373 = CYLINDRICAL_SURFACE('',#6374,0.5);
#6374 = AXIS2_PLACEMENT_3D('',#6375,#6376,#6377);
#6375 = CARTESIAN_POINT('',(24.,-20.,-8.1E-02));
#6376 = DIRECTION('',(-0.,-0.,-1.));
#6377 = DIRECTION('',(-0.,-1.,0.));
#6378 = ADVANCED_FACE('',(#6379),#6390,.F.);
#6379 = FACE_BOUND('',#6380,.T.);
#6380 = EDGE_LOOP('',(#6381,#6382,#6388,#6389));
#6381 = ORIENTED_EDGE('',*,*,#2255,.T.);
#6382 = ORIENTED_EDGE('',*,*,#6383,.T.);
#6383 = EDGE_CURVE('',#2256,#3977,#6384,.T.);
#6384 = LINE('',#6385,#6386);
#6385 = CARTESIAN_POINT('',(31.5,-20.5,-8.1E-02));
#6386 = VECTOR('',#6387,1.);
#6387 = DIRECTION('',(0.,0.,1.));
#6388 = ORIENTED_EDGE('',*,*,#3976,.F.);
#6389 = ORIENTED_EDGE('',*,*,#6383,.F.);
#6390 = CYLINDRICAL_SURFACE('',#6391,0.5);
#6391 = AXIS2_PLACEMENT_3D('',#6392,#6393,#6394);
#6392 = CARTESIAN_POINT('',(31.5,-20.,-8.1E-02));
#6393 = DIRECTION('',(-0.,-0.,-1.));
#6394 = DIRECTION('',(-0.,-1.,0.));
#6395 = ADVANCED_FACE('',(#6396),#6407,.F.);
#6396 = FACE_BOUND('',#6397,.T.);
#6397 = EDGE_LOOP('',(#6398,#6399,#6405,#6406));
#6398 = ORIENTED_EDGE('',*,*,#2266,.T.);
#6399 = ORIENTED_EDGE('',*,*,#6400,.T.);
#6400 = EDGE_CURVE('',#2267,#3988,#6401,.T.);
#6401 = LINE('',#6402,#6403);
#6402 = CARTESIAN_POINT('',(60.25,-19.,-8.1E-02));
#6403 = VECTOR('',#6404,1.);
#6404 = DIRECTION('',(0.,0.,1.));
#6405 = ORIENTED_EDGE('',*,*,#3987,.F.);
#6406 = ORIENTED_EDGE('',*,*,#6400,.F.);
#6407 = CYLINDRICAL_SURFACE('',#6408,0.5);
#6408 = AXIS2_PLACEMENT_3D('',#6409,#6410,#6411);
#6409 = CARTESIAN_POINT('',(60.25,-18.5,-8.1E-02));
#6410 = DIRECTION('',(-0.,-0.,-1.));
#6411 = DIRECTION('',(-0.,-1.,0.));
#6412 = ADVANCED_FACE('',(#6413),#6424,.F.);
#6413 = FACE_BOUND('',#6414,.T.);
#6414 = EDGE_LOOP('',(#6415,#6416,#6422,#6423));
#6415 = ORIENTED_EDGE('',*,*,#2277,.T.);
#6416 = ORIENTED_EDGE('',*,*,#6417,.T.);
#6417 = EDGE_CURVE('',#2278,#3999,#6418,.T.);
#6418 = LINE('',#6419,#6420);
#6419 = CARTESIAN_POINT('',(67.75,-19.,-8.1E-02));
#6420 = VECTOR('',#6421,1.);
#6421 = DIRECTION('',(0.,0.,1.));
#6422 = ORIENTED_EDGE('',*,*,#3998,.F.);
#6423 = ORIENTED_EDGE('',*,*,#6417,.F.);
#6424 = CYLINDRICAL_SURFACE('',#6425,0.5);
#6425 = AXIS2_PLACEMENT_3D('',#6426,#6427,#6428);
#6426 = CARTESIAN_POINT('',(67.75,-18.5,-8.1E-02));
#6427 = DIRECTION('',(-0.,-0.,-1.));
#6428 = DIRECTION('',(-0.,-1.,0.));
#6429 = ADVANCED_FACE('',(#6430),#6441,.F.);
#6430 = FACE_BOUND('',#6431,.T.);
#6431 = EDGE_LOOP('',(#6432,#6433,#6439,#6440));
#6432 = ORIENTED_EDGE('',*,*,#2288,.T.);
#6433 = ORIENTED_EDGE('',*,*,#6434,.T.);
#6434 = EDGE_CURVE('',#2289,#4010,#6435,.T.);
#6435 = LINE('',#6436,#6437);
#6436 = CARTESIAN_POINT('',(77.25,-30.,-8.1E-02));
#6437 = VECTOR('',#6438,1.);
#6438 = DIRECTION('',(0.,0.,1.));
#6439 = ORIENTED_EDGE('',*,*,#4009,.F.);
#6440 = ORIENTED_EDGE('',*,*,#6434,.F.);
#6441 = CYLINDRICAL_SURFACE('',#6442,0.5);
#6442 = AXIS2_PLACEMENT_3D('',#6443,#6444,#6445);
#6443 = CARTESIAN_POINT('',(77.25,-29.5,-8.1E-02));
#6444 = DIRECTION('',(-0.,-0.,-1.));
#6445 = DIRECTION('',(-0.,-1.,0.));
#6446 = ADVANCED_FACE('',(#6447),#6458,.F.);
#6447 = FACE_BOUND('',#6448,.T.);
#6448 = EDGE_LOOP('',(#6449,#6450,#6456,#6457));
#6449 = ORIENTED_EDGE('',*,*,#2299,.T.);
#6450 = ORIENTED_EDGE('',*,*,#6451,.T.);
#6451 = EDGE_CURVE('',#2300,#4021,#6452,.T.);
#6452 = LINE('',#6453,#6454);
#6453 = CARTESIAN_POINT('',(84.75,-30.,-8.1E-02));
#6454 = VECTOR('',#6455,1.);
#6455 = DIRECTION('',(0.,0.,1.));
#6456 = ORIENTED_EDGE('',*,*,#4020,.F.);
#6457 = ORIENTED_EDGE('',*,*,#6451,.F.);
#6458 = CYLINDRICAL_SURFACE('',#6459,0.5);
#6459 = AXIS2_PLACEMENT_3D('',#6460,#6461,#6462);
#6460 = CARTESIAN_POINT('',(84.75,-29.5,-8.1E-02));
#6461 = DIRECTION('',(-0.,-0.,-1.));
#6462 = DIRECTION('',(-0.,-1.,0.));
#6463 = ADVANCED_FACE('',(#6464),#6475,.F.);
#6464 = FACE_BOUND('',#6465,.T.);
#6465 = EDGE_LOOP('',(#6466,#6467,#6473,#6474));
#6466 = ORIENTED_EDGE('',*,*,#2310,.T.);
#6467 = ORIENTED_EDGE('',*,*,#6468,.T.);
#6468 = EDGE_CURVE('',#2311,#4032,#6469,.T.);
#6469 = LINE('',#6470,#6471);
#6470 = CARTESIAN_POINT('',(111.25,-37.5,-8.1E-02));
#6471 = VECTOR('',#6472,1.);
#6472 = DIRECTION('',(0.,0.,1.));
#6473 = ORIENTED_EDGE('',*,*,#4031,.F.);
#6474 = ORIENTED_EDGE('',*,*,#6468,.F.);
#6475 = CYLINDRICAL_SURFACE('',#6476,0.5);
#6476 = AXIS2_PLACEMENT_3D('',#6477,#6478,#6479);
#6477 = CARTESIAN_POINT('',(111.25,-37.,-8.1E-02));
#6478 = DIRECTION('',(-0.,-0.,-1.));
#6479 = DIRECTION('',(-0.,-1.,0.));
#6480 = ADVANCED_FACE('',(#6481),#6492,.F.);
#6481 = FACE_BOUND('',#6482,.T.);
#6482 = EDGE_LOOP('',(#6483,#6484,#6490,#6491));
#6483 = ORIENTED_EDGE('',*,*,#2321,.T.);
#6484 = ORIENTED_EDGE('',*,*,#6485,.T.);
#6485 = EDGE_CURVE('',#2322,#4043,#6486,.T.);
#6486 = LINE('',#6487,#6488);
#6487 = CARTESIAN_POINT('',(118.75,-37.5,-8.1E-02));
#6488 = VECTOR('',#6489,1.);
#6489 = DIRECTION('',(0.,0.,1.));
#6490 = ORIENTED_EDGE('',*,*,#4042,.F.);
#6491 = ORIENTED_EDGE('',*,*,#6485,.F.);
#6492 = CYLINDRICAL_SURFACE('',#6493,0.5);
#6493 = AXIS2_PLACEMENT_3D('',#6494,#6495,#6496);
#6494 = CARTESIAN_POINT('',(118.75,-37.,-8.1E-02));
#6495 = DIRECTION('',(-0.,-0.,-1.));
#6496 = DIRECTION('',(-0.,-1.,0.));
#6497 = ADVANCED_FACE('',(#6498),#6509,.F.);
#6498 = FACE_BOUND('',#6499,.T.);
#6499 = EDGE_LOOP('',(#6500,#6501,#6507,#6508));
#6500 = ORIENTED_EDGE('',*,*,#2332,.T.);
#6501 = ORIENTED_EDGE('',*,*,#6502,.T.);
#6502 = EDGE_CURVE('',#2333,#4054,#6503,.T.);
#6503 = LINE('',#6504,#6505);
#6504 = CARTESIAN_POINT('',(140.,-38.2,-8.1E-02));
#6505 = VECTOR('',#6506,1.);
#6506 = DIRECTION('',(0.,0.,1.));
#6507 = ORIENTED_EDGE('',*,*,#4053,.F.);
#6508 = ORIENTED_EDGE('',*,*,#6502,.F.);
#6509 = CYLINDRICAL_SURFACE('',#6510,3.2);
#6510 = AXIS2_PLACEMENT_3D('',#6511,#6512,#6513);
#6511 = CARTESIAN_POINT('',(140.,-35.,-8.1E-02));
#6512 = DIRECTION('',(-0.,-0.,-1.));
#6513 = DIRECTION('',(-0.,-1.,0.));
#6514 = ADVANCED_FACE('',(#6515),#6526,.F.);
#6515 = FACE_BOUND('',#6516,.T.);
#6516 = EDGE_LOOP('',(#6517,#6518,#6524,#6525));
#6517 = ORIENTED_EDGE('',*,*,#2343,.T.);
#6518 = ORIENTED_EDGE('',*,*,#6519,.T.);
#6519 = EDGE_CURVE('',#2344,#4065,#6520,.T.);
#6520 = LINE('',#6521,#6522);
#6521 = CARTESIAN_POINT('',(95.25,-26.5,-8.1E-02));
#6522 = VECTOR('',#6523,1.);
#6523 = DIRECTION('',(0.,0.,1.));
#6524 = ORIENTED_EDGE('',*,*,#4064,.F.);
#6525 = ORIENTED_EDGE('',*,*,#6519,.F.);
#6526 = CYLINDRICAL_SURFACE('',#6527,0.5);
#6527 = AXIS2_PLACEMENT_3D('',#6528,#6529,#6530);
#6528 = CARTESIAN_POINT('',(95.25,-26.,-8.1E-02));
#6529 = DIRECTION('',(-0.,-0.,-1.));
#6530 = DIRECTION('',(-0.,-1.,0.));
#6531 = ADVANCED_FACE('',(#6532),#6543,.F.);
#6532 = FACE_BOUND('',#6533,.T.);
#6533 = EDGE_LOOP('',(#6534,#6535,#6541,#6542));
#6534 = ORIENTED_EDGE('',*,*,#2354,.T.);
#6535 = ORIENTED_EDGE('',*,*,#6536,.T.);
#6536 = EDGE_CURVE('',#2355,#4076,#6537,.T.);
#6537 = LINE('',#6538,#6539);
#6538 = CARTESIAN_POINT('',(102.75,-26.5,-8.1E-02));
#6539 = VECTOR('',#6540,1.);
#6540 = DIRECTION('',(0.,0.,1.));
#6541 = ORIENTED_EDGE('',*,*,#4075,.F.);
#6542 = ORIENTED_EDGE('',*,*,#6536,.F.);
#6543 = CYLINDRICAL_SURFACE('',#6544,0.5);
#6544 = AXIS2_PLACEMENT_3D('',#6545,#6546,#6547);
#6545 = CARTESIAN_POINT('',(102.75,-26.,-8.1E-02));
#6546 = DIRECTION('',(-0.,-0.,-1.));
#6547 = DIRECTION('',(-0.,-1.,0.));
#6548 = ADVANCED_FACE('',(#6549),#6560,.F.);
#6549 = FACE_BOUND('',#6550,.T.);
#6550 = EDGE_LOOP('',(#6551,#6552,#6558,#6559));
#6551 = ORIENTED_EDGE('',*,*,#2365,.T.);
#6552 = ORIENTED_EDGE('',*,*,#6553,.T.);
#6553 = EDGE_CURVE('',#2366,#4087,#6554,.T.);
#6554 = LINE('',#6555,#6556);
#6555 = CARTESIAN_POINT('',(114.25,-19.,-8.1E-02));
#6556 = VECTOR('',#6557,1.);
#6557 = DIRECTION('',(0.,0.,1.));
#6558 = ORIENTED_EDGE('',*,*,#4086,.F.);
#6559 = ORIENTED_EDGE('',*,*,#6553,.F.);
#6560 = CYLINDRICAL_SURFACE('',#6561,0.5);
#6561 = AXIS2_PLACEMENT_3D('',#6562,#6563,#6564);
#6562 = CARTESIAN_POINT('',(114.25,-18.5,-8.1E-02));
#6563 = DIRECTION('',(-0.,-0.,-1.));
#6564 = DIRECTION('',(-0.,-1.,0.));
#6565 = ADVANCED_FACE('',(#6566),#6577,.F.);
#6566 = FACE_BOUND('',#6567,.T.);
#6567 = EDGE_LOOP('',(#6568,#6569,#6575,#6576));
#6568 = ORIENTED_EDGE('',*,*,#2376,.T.);
#6569 = ORIENTED_EDGE('',*,*,#6570,.T.);
#6570 = EDGE_CURVE('',#2377,#4098,#6571,.T.);
#6571 = LINE('',#6572,#6573);
#6572 = CARTESIAN_POINT('',(121.75,-19.,-8.1E-02));
#6573 = VECTOR('',#6574,1.);
#6574 = DIRECTION('',(0.,0.,1.));
#6575 = ORIENTED_EDGE('',*,*,#4097,.F.);
#6576 = ORIENTED_EDGE('',*,*,#6570,.F.);
#6577 = CYLINDRICAL_SURFACE('',#6578,0.5);
#6578 = AXIS2_PLACEMENT_3D('',#6579,#6580,#6581);
#6579 = CARTESIAN_POINT('',(121.75,-18.5,-8.1E-02));
#6580 = DIRECTION('',(-0.,-0.,-1.));
#6581 = DIRECTION('',(-0.,-1.,0.));
#6582 = ADVANCED_FACE('',(#6583),#6594,.F.);
#6583 = FACE_BOUND('',#6584,.T.);
#6584 = EDGE_LOOP('',(#6585,#6586,#6592,#6593));
#6585 = ORIENTED_EDGE('',*,*,#2387,.T.);
#6586 = ORIENTED_EDGE('',*,*,#6587,.T.);
#6587 = EDGE_CURVE('',#2388,#4109,#6588,.T.);
#6588 = LINE('',#6589,#6590);
#6589 = CARTESIAN_POINT('',(133.,-18.5,-8.1E-02));
#6590 = VECTOR('',#6591,1.);
#6591 = DIRECTION('',(0.,0.,1.));
#6592 = ORIENTED_EDGE('',*,*,#4108,.F.);
#6593 = ORIENTED_EDGE('',*,*,#6587,.F.);
#6594 = CYLINDRICAL_SURFACE('',#6595,0.5);
#6595 = AXIS2_PLACEMENT_3D('',#6596,#6597,#6598);
#6596 = CARTESIAN_POINT('',(133.,-18.,-8.1E-02));
#6597 = DIRECTION('',(-0.,-0.,-1.));
#6598 = DIRECTION('',(-0.,-1.,0.));
#6599 = ADVANCED_FACE('',(#6600),#6611,.F.);
#6600 = FACE_BOUND('',#6601,.T.);
#6601 = EDGE_LOOP('',(#6602,#6603,#6609,#6610));
#6602 = ORIENTED_EDGE('',*,*,#2398,.T.);
#6603 = ORIENTED_EDGE('',*,*,#6604,.T.);
#6604 = EDGE_CURVE('',#2399,#4120,#6605,.T.);
#6605 = LINE('',#6606,#6607);
#6606 = CARTESIAN_POINT('',(140.5,-18.5,-8.1E-02));
#6607 = VECTOR('',#6608,1.);
#6608 = DIRECTION('',(0.,0.,1.));
#6609 = ORIENTED_EDGE('',*,*,#4119,.F.);
#6610 = ORIENTED_EDGE('',*,*,#6604,.F.);
#6611 = CYLINDRICAL_SURFACE('',#6612,0.5);
#6612 = AXIS2_PLACEMENT_3D('',#6613,#6614,#6615);
#6613 = CARTESIAN_POINT('',(140.5,-18.,-8.1E-02));
#6614 = DIRECTION('',(-0.,-0.,-1.));
#6615 = DIRECTION('',(-0.,-1.,0.));
#6616 = ADVANCED_FACE('',(#6617),#6628,.F.);
#6617 = FACE_BOUND('',#6618,.T.);
#6618 = EDGE_LOOP('',(#6619,#6620,#6626,#6627));
#6619 = ORIENTED_EDGE('',*,*,#2409,.T.);
#6620 = ORIENTED_EDGE('',*,*,#6621,.T.);
#6621 = EDGE_CURVE('',#2410,#4131,#6622,.T.);
#6622 = LINE('',#6623,#6624);
#6623 = CARTESIAN_POINT('',(7.25,-11.5,-8.1E-02));
#6624 = VECTOR('',#6625,1.);
#6625 = DIRECTION('',(0.,0.,1.));
#6626 = ORIENTED_EDGE('',*,*,#4130,.F.);
#6627 = ORIENTED_EDGE('',*,*,#6621,.F.);
#6628 = CYLINDRICAL_SURFACE('',#6629,0.5);
#6629 = AXIS2_PLACEMENT_3D('',#6630,#6631,#6632);
#6630 = CARTESIAN_POINT('',(7.25,-11.,-8.1E-02));
#6631 = DIRECTION('',(-0.,-0.,-1.));
#6632 = DIRECTION('',(-0.,-1.,0.));
#6633 = ADVANCED_FACE('',(#6634),#6645,.F.);
#6634 = FACE_BOUND('',#6635,.T.);
#6635 = EDGE_LOOP('',(#6636,#6637,#6643,#6644));
#6636 = ORIENTED_EDGE('',*,*,#2420,.T.);
#6637 = ORIENTED_EDGE('',*,*,#6638,.T.);
#6638 = EDGE_CURVE('',#2421,#4142,#6639,.T.);
#6639 = LINE('',#6640,#6641);
#6640 = CARTESIAN_POINT('',(14.75,-11.5,-8.1E-02));
#6641 = VECTOR('',#6642,1.);
#6642 = DIRECTION('',(0.,0.,1.));
#6643 = ORIENTED_EDGE('',*,*,#4141,.F.);
#6644 = ORIENTED_EDGE('',*,*,#6638,.F.);
#6645 = CYLINDRICAL_SURFACE('',#6646,0.5);
#6646 = AXIS2_PLACEMENT_3D('',#6647,#6648,#6649);
#6647 = CARTESIAN_POINT('',(14.75,-11.,-8.1E-02));
#6648 = DIRECTION('',(-0.,-0.,-1.));
#6649 = DIRECTION('',(-0.,-1.,0.));
#6650 = ADVANCED_FACE('',(#6651),#6662,.F.);
#6651 = FACE_BOUND('',#6652,.T.);
#6652 = EDGE_LOOP('',(#6653,#6654,#6660,#6661));
#6653 = ORIENTED_EDGE('',*,*,#2431,.T.);
#6654 = ORIENTED_EDGE('',*,*,#6655,.T.);
#6655 = EDGE_CURVE('',#2432,#4153,#6656,.T.);
#6656 = LINE('',#6657,#6658);
#6657 = CARTESIAN_POINT('',(42.,-15.1,-8.1E-02));
#6658 = VECTOR('',#6659,1.);
#6659 = DIRECTION('',(0.,0.,1.));
#6660 = ORIENTED_EDGE('',*,*,#4152,.F.);
#6661 = ORIENTED_EDGE('',*,*,#6655,.F.);
#6662 = CYLINDRICAL_SURFACE('',#6663,0.5);
#6663 = AXIS2_PLACEMENT_3D('',#6664,#6665,#6666);
#6664 = CARTESIAN_POINT('',(42.,-14.6,-8.1E-02));
#6665 = DIRECTION('',(-0.,-0.,-1.));
#6666 = DIRECTION('',(-0.,-1.,0.));
#6667 = ADVANCED_FACE('',(#6668),#6679,.F.);
#6668 = FACE_BOUND('',#6669,.T.);
#6669 = EDGE_LOOP('',(#6670,#6671,#6677,#6678));
#6670 = ORIENTED_EDGE('',*,*,#2442,.T.);
#6671 = ORIENTED_EDGE('',*,*,#6672,.T.);
#6672 = EDGE_CURVE('',#2443,#4164,#6673,.T.);
#6673 = LINE('',#6674,#6675);
#6674 = CARTESIAN_POINT('',(49.5,-15.1,-8.1E-02));
#6675 = VECTOR('',#6676,1.);
#6676 = DIRECTION('',(0.,0.,1.));
#6677 = ORIENTED_EDGE('',*,*,#4163,.F.);
#6678 = ORIENTED_EDGE('',*,*,#6672,.F.);
#6679 = CYLINDRICAL_SURFACE('',#6680,0.5);
#6680 = AXIS2_PLACEMENT_3D('',#6681,#6682,#6683);
#6681 = CARTESIAN_POINT('',(49.5,-14.6,-8.1E-02));
#6682 = DIRECTION('',(-0.,-0.,-1.));
#6683 = DIRECTION('',(-0.,-1.,0.));
#6684 = ADVANCED_FACE('',(#6685),#6696,.F.);
#6685 = FACE_BOUND('',#6686,.T.);
#6686 = EDGE_LOOP('',(#6687,#6688,#6694,#6695));
#6687 = ORIENTED_EDGE('',*,*,#2453,.T.);
#6688 = ORIENTED_EDGE('',*,*,#6689,.T.);
#6689 = EDGE_CURVE('',#2454,#4175,#6690,.T.);
#6690 = LINE('',#6691,#6692);
#6691 = CARTESIAN_POINT('',(23.5,-1.5,-8.1E-02));
#6692 = VECTOR('',#6693,1.);
#6693 = DIRECTION('',(0.,0.,1.));
#6694 = ORIENTED_EDGE('',*,*,#4174,.F.);
#6695 = ORIENTED_EDGE('',*,*,#6689,.F.);
#6696 = CYLINDRICAL_SURFACE('',#6697,0.5);
#6697 = AXIS2_PLACEMENT_3D('',#6698,#6699,#6700);
#6698 = CARTESIAN_POINT('',(23.5,-1.,-8.1E-02));
#6699 = DIRECTION('',(-0.,-0.,-1.));
#6700 = DIRECTION('',(-0.,-1.,0.));
#6701 = ADVANCED_FACE('',(#6702),#6713,.F.);
#6702 = FACE_BOUND('',#6703,.T.);
#6703 = EDGE_LOOP('',(#6704,#6705,#6711,#6712));
#6704 = ORIENTED_EDGE('',*,*,#2464,.T.);
#6705 = ORIENTED_EDGE('',*,*,#6706,.T.);
#6706 = EDGE_CURVE('',#2465,#4186,#6707,.T.);
#6707 = LINE('',#6708,#6709);
#6708 = CARTESIAN_POINT('',(31.,-1.5,-8.1E-02));
#6709 = VECTOR('',#6710,1.);
#6710 = DIRECTION('',(0.,0.,1.));
#6711 = ORIENTED_EDGE('',*,*,#4185,.F.);
#6712 = ORIENTED_EDGE('',*,*,#6706,.F.);
#6713 = CYLINDRICAL_SURFACE('',#6714,0.5);
#6714 = AXIS2_PLACEMENT_3D('',#6715,#6716,#6717);
#6715 = CARTESIAN_POINT('',(31.,-1.,-8.1E-02));
#6716 = DIRECTION('',(-0.,-0.,-1.));
#6717 = DIRECTION('',(-0.,-1.,0.));
#6718 = ADVANCED_FACE('',(#6719),#6730,.F.);
#6719 = FACE_BOUND('',#6720,.T.);
#6720 = EDGE_LOOP('',(#6721,#6722,#6728,#6729));
#6721 = ORIENTED_EDGE('',*,*,#2475,.T.);
#6722 = ORIENTED_EDGE('',*,*,#6723,.T.);
#6723 = EDGE_CURVE('',#2476,#4197,#6724,.T.);
#6724 = LINE('',#6725,#6726);
#6725 = CARTESIAN_POINT('',(12.,-1.,-8.1E-02));
#6726 = VECTOR('',#6727,1.);
#6727 = DIRECTION('',(0.,0.,1.));
#6728 = ORIENTED_EDGE('',*,*,#4196,.F.);
#6729 = ORIENTED_EDGE('',*,*,#6723,.F.);
#6730 = CYLINDRICAL_SURFACE('',#6731,3.);
#6731 = AXIS2_PLACEMENT_3D('',#6732,#6733,#6734);
#6732 = CARTESIAN_POINT('',(12.,2.,-8.1E-02));
#6733 = DIRECTION('',(-0.,-0.,-1.));
#6734 = DIRECTION('',(-0.,-1.,0.));
#6735 = ADVANCED_FACE('',(#6736),#6747,.F.);
#6736 = FACE_BOUND('',#6737,.T.);
#6737 = EDGE_LOOP('',(#6738,#6739,#6745,#6746));
#6738 = ORIENTED_EDGE('',*,*,#2486,.T.);
#6739 = ORIENTED_EDGE('',*,*,#6740,.T.);
#6740 = EDGE_CURVE('',#2487,#4208,#6741,.T.);
#6741 = LINE('',#6742,#6743);
#6742 = CARTESIAN_POINT('',(68.75,-1.,-8.1E-02));
#6743 = VECTOR('',#6744,1.);
#6744 = DIRECTION('',(0.,0.,1.));
#6745 = ORIENTED_EDGE('',*,*,#4207,.F.);
#6746 = ORIENTED_EDGE('',*,*,#6740,.F.);
#6747 = CYLINDRICAL_SURFACE('',#6748,0.5);
#6748 = AXIS2_PLACEMENT_3D('',#6749,#6750,#6751);
#6749 = CARTESIAN_POINT('',(68.75,-0.5,-8.1E-02));
#6750 = DIRECTION('',(-0.,-0.,-1.));
#6751 = DIRECTION('',(-0.,-1.,0.));
#6752 = ADVANCED_FACE('',(#6753),#6764,.F.);
#6753 = FACE_BOUND('',#6754,.T.);
#6754 = EDGE_LOOP('',(#6755,#6756,#6762,#6763));
#6755 = ORIENTED_EDGE('',*,*,#2497,.T.);
#6756 = ORIENTED_EDGE('',*,*,#6757,.T.);
#6757 = EDGE_CURVE('',#2498,#4219,#6758,.T.);
#6758 = LINE('',#6759,#6760);
#6759 = CARTESIAN_POINT('',(83.25,-13.,-8.1E-02));
#6760 = VECTOR('',#6761,1.);
#6761 = DIRECTION('',(0.,0.,1.));
#6762 = ORIENTED_EDGE('',*,*,#4218,.F.);
#6763 = ORIENTED_EDGE('',*,*,#6757,.F.);
#6764 = CYLINDRICAL_SURFACE('',#6765,0.5);
#6765 = AXIS2_PLACEMENT_3D('',#6766,#6767,#6768);
#6766 = CARTESIAN_POINT('',(83.25,-12.5,-8.1E-02));
#6767 = DIRECTION('',(-0.,-0.,-1.));
#6768 = DIRECTION('',(-0.,-1.,0.));
#6769 = ADVANCED_FACE('',(#6770),#6781,.F.);
#6770 = FACE_BOUND('',#6771,.T.);
#6771 = EDGE_LOOP('',(#6772,#6773,#6779,#6780));
#6772 = ORIENTED_EDGE('',*,*,#2508,.T.);
#6773 = ORIENTED_EDGE('',*,*,#6774,.T.);
#6774 = EDGE_CURVE('',#2509,#4230,#6775,.T.);
#6775 = LINE('',#6776,#6777);
#6776 = CARTESIAN_POINT('',(90.75,-13.,-8.1E-02));
#6777 = VECTOR('',#6778,1.);
#6778 = DIRECTION('',(0.,0.,1.));
#6779 = ORIENTED_EDGE('',*,*,#4229,.F.);
#6780 = ORIENTED_EDGE('',*,*,#6774,.F.);
#6781 = CYLINDRICAL_SURFACE('',#6782,0.5);
#6782 = AXIS2_PLACEMENT_3D('',#6783,#6784,#6785);
#6783 = CARTESIAN_POINT('',(90.75,-12.5,-8.1E-02));
#6784 = DIRECTION('',(-0.,-0.,-1.));
#6785 = DIRECTION('',(-0.,-1.,0.));
#6786 = ADVANCED_FACE('',(#6787),#6798,.F.);
#6787 = FACE_BOUND('',#6788,.T.);
#6788 = EDGE_LOOP('',(#6789,#6790,#6796,#6797));
#6789 = ORIENTED_EDGE('',*,*,#2519,.T.);
#6790 = ORIENTED_EDGE('',*,*,#6791,.T.);
#6791 = EDGE_CURVE('',#2520,#4241,#6792,.T.);
#6792 = LINE('',#6793,#6794);
#6793 = CARTESIAN_POINT('',(103.,-16.,-8.1E-02));
#6794 = VECTOR('',#6795,1.);
#6795 = DIRECTION('',(0.,0.,1.));
#6796 = ORIENTED_EDGE('',*,*,#4240,.F.);
#6797 = ORIENTED_EDGE('',*,*,#6791,.F.);
#6798 = CYLINDRICAL_SURFACE('',#6799,3.);
#6799 = AXIS2_PLACEMENT_3D('',#6800,#6801,#6802);
#6800 = CARTESIAN_POINT('',(103.,-13.,-8.1E-02));
#6801 = DIRECTION('',(-0.,-0.,-1.));
#6802 = DIRECTION('',(-0.,-1.,0.));
#6803 = ADVANCED_FACE('',(#6804),#6815,.F.);
#6804 = FACE_BOUND('',#6805,.T.);
#6805 = EDGE_LOOP('',(#6806,#6807,#6813,#6814));
#6806 = ORIENTED_EDGE('',*,*,#2530,.T.);
#6807 = ORIENTED_EDGE('',*,*,#6808,.T.);
#6808 = EDGE_CURVE('',#2531,#4252,#6809,.T.);
#6809 = LINE('',#6810,#6811);
#6810 = CARTESIAN_POINT('',(76.25,-1.,-8.1E-02));
#6811 = VECTOR('',#6812,1.);
#6812 = DIRECTION('',(0.,0.,1.));
#6813 = ORIENTED_EDGE('',*,*,#4251,.F.);
#6814 = ORIENTED_EDGE('',*,*,#6808,.F.);
#6815 = CYLINDRICAL_SURFACE('',#6816,0.5);
#6816 = AXIS2_PLACEMENT_3D('',#6817,#6818,#6819);
#6817 = CARTESIAN_POINT('',(76.25,-0.5,-8.1E-02));
#6818 = DIRECTION('',(-0.,-0.,-1.));
#6819 = DIRECTION('',(-0.,-1.,0.));
#6820 = ADVANCED_FACE('',(#6821),#6832,.F.);
#6821 = FACE_BOUND('',#6822,.T.);
#6822 = EDGE_LOOP('',(#6823,#6824,#6830,#6831));
#6823 = ORIENTED_EDGE('',*,*,#2541,.T.);
#6824 = ORIENTED_EDGE('',*,*,#6825,.T.);
#6825 = EDGE_CURVE('',#2542,#4263,#6826,.T.);
#6826 = LINE('',#6827,#6828);
#6827 = CARTESIAN_POINT('',(108.75,-1.,-8.1E-02));
#6828 = VECTOR('',#6829,1.);
#6829 = DIRECTION('',(0.,0.,1.));
#6830 = ORIENTED_EDGE('',*,*,#4262,.F.);
#6831 = ORIENTED_EDGE('',*,*,#6825,.F.);
#6832 = CYLINDRICAL_SURFACE('',#6833,0.5);
#6833 = AXIS2_PLACEMENT_3D('',#6834,#6835,#6836);
#6834 = CARTESIAN_POINT('',(108.75,-0.5,-8.1E-02));
#6835 = DIRECTION('',(-0.,-0.,-1.));
#6836 = DIRECTION('',(-0.,-1.,0.));
#6837 = ADVANCED_FACE('',(#6838),#6849,.F.);
#6838 = FACE_BOUND('',#6839,.T.);
#6839 = EDGE_LOOP('',(#6840,#6841,#6847,#6848));
#6840 = ORIENTED_EDGE('',*,*,#2552,.T.);
#6841 = ORIENTED_EDGE('',*,*,#6842,.T.);
#6842 = EDGE_CURVE('',#2553,#4274,#6843,.T.);
#6843 = LINE('',#6844,#6845);
#6844 = CARTESIAN_POINT('',(95.,-0.2,-8.1E-02));
#6845 = VECTOR('',#6846,1.);
#6846 = DIRECTION('',(0.,0.,1.));
#6847 = ORIENTED_EDGE('',*,*,#4273,.F.);
#6848 = ORIENTED_EDGE('',*,*,#6842,.F.);
#6849 = CYLINDRICAL_SURFACE('',#6850,3.2);
#6850 = AXIS2_PLACEMENT_3D('',#6851,#6852,#6853);
#6851 = CARTESIAN_POINT('',(95.,3.,-8.1E-02));
#6852 = DIRECTION('',(-0.,-0.,-1.));
#6853 = DIRECTION('',(-0.,-1.,0.));
#6854 = ADVANCED_FACE('',(#6855),#6866,.F.);
#6855 = FACE_BOUND('',#6856,.T.);
#6856 = EDGE_LOOP('',(#6857,#6858,#6864,#6865));
#6857 = ORIENTED_EDGE('',*,*,#2563,.T.);
#6858 = ORIENTED_EDGE('',*,*,#6859,.T.);
#6859 = EDGE_CURVE('',#2564,#4285,#6860,.T.);
#6860 = LINE('',#6861,#6862);
#6861 = CARTESIAN_POINT('',(116.25,-1.,-8.1E-02));
#6862 = VECTOR('',#6863,1.);
#6863 = DIRECTION('',(0.,0.,1.));
#6864 = ORIENTED_EDGE('',*,*,#4284,.F.);
#6865 = ORIENTED_EDGE('',*,*,#6859,.F.);
#6866 = CYLINDRICAL_SURFACE('',#6867,0.5);
#6867 = AXIS2_PLACEMENT_3D('',#6868,#6869,#6870);
#6868 = CARTESIAN_POINT('',(116.25,-0.5,-8.1E-02));
#6869 = DIRECTION('',(-0.,-0.,-1.));
#6870 = DIRECTION('',(-0.,-1.,0.));
#6871 = ADVANCED_FACE('',(#6872),#6883,.F.);
#6872 = FACE_BOUND('',#6873,.T.);
#6873 = EDGE_LOOP('',(#6874,#6875,#6881,#6882));
#6874 = ORIENTED_EDGE('',*,*,#2574,.T.);
#6875 = ORIENTED_EDGE('',*,*,#6876,.T.);
#6876 = EDGE_CURVE('',#2575,#4296,#6877,.T.);
#6877 = LINE('',#6878,#6879);
#6878 = CARTESIAN_POINT('',(176.25,-32.5,-8.1E-02));
#6879 = VECTOR('',#6880,1.);
#6880 = DIRECTION('',(0.,0.,1.));
#6881 = ORIENTED_EDGE('',*,*,#4295,.F.);
#6882 = ORIENTED_EDGE('',*,*,#6876,.F.);
#6883 = CYLINDRICAL_SURFACE('',#6884,0.5);
#6884 = AXIS2_PLACEMENT_3D('',#6885,#6886,#6887);
#6885 = CARTESIAN_POINT('',(176.25,-32.,-8.1E-02));
#6886 = DIRECTION('',(-0.,-0.,-1.));
#6887 = DIRECTION('',(-0.,-1.,0.));
#6888 = ADVANCED_FACE('',(#6889),#6900,.F.);
#6889 = FACE_BOUND('',#6890,.T.);
#6890 = EDGE_LOOP('',(#6891,#6892,#6898,#6899));
#6891 = ORIENTED_EDGE('',*,*,#2585,.T.);
#6892 = ORIENTED_EDGE('',*,*,#6893,.T.);
#6893 = EDGE_CURVE('',#2586,#4307,#6894,.T.);
#6894 = LINE('',#6895,#6896);
#6895 = CARTESIAN_POINT('',(206.75,-34.,-8.1E-02));
#6896 = VECTOR('',#6897,1.);
#6897 = DIRECTION('',(0.,0.,1.));
#6898 = ORIENTED_EDGE('',*,*,#4306,.F.);
#6899 = ORIENTED_EDGE('',*,*,#6893,.F.);
#6900 = CYLINDRICAL_SURFACE('',#6901,0.5);
#6901 = AXIS2_PLACEMENT_3D('',#6902,#6903,#6904);
#6902 = CARTESIAN_POINT('',(206.75,-33.5,-8.1E-02));
#6903 = DIRECTION('',(-0.,-0.,-1.));
#6904 = DIRECTION('',(-0.,-1.,0.));
#6905 = ADVANCED_FACE('',(#6906),#6917,.F.);
#6906 = FACE_BOUND('',#6907,.T.);
#6907 = EDGE_LOOP('',(#6908,#6909,#6915,#6916));
#6908 = ORIENTED_EDGE('',*,*,#2596,.T.);
#6909 = ORIENTED_EDGE('',*,*,#6910,.T.);
#6910 = EDGE_CURVE('',#2597,#4318,#6911,.T.);
#6911 = LINE('',#6912,#6913);
#6912 = CARTESIAN_POINT('',(214.25,-34.,-8.1E-02));
#6913 = VECTOR('',#6914,1.);
#6914 = DIRECTION('',(0.,0.,1.));
#6915 = ORIENTED_EDGE('',*,*,#4317,.F.);
#6916 = ORIENTED_EDGE('',*,*,#6910,.F.);
#6917 = CYLINDRICAL_SURFACE('',#6918,0.5);
#6918 = AXIS2_PLACEMENT_3D('',#6919,#6920,#6921);
#6919 = CARTESIAN_POINT('',(214.25,-33.5,-8.1E-02));
#6920 = DIRECTION('',(-0.,-0.,-1.));
#6921 = DIRECTION('',(-0.,-1.,0.));
#6922 = ADVANCED_FACE('',(#6923),#6934,.F.);
#6923 = FACE_BOUND('',#6924,.T.);
#6924 = EDGE_LOOP('',(#6925,#6926,#6932,#6933));
#6925 = ORIENTED_EDGE('',*,*,#2607,.T.);
#6926 = ORIENTED_EDGE('',*,*,#6927,.T.);
#6927 = EDGE_CURVE('',#2608,#4329,#6928,.T.);
#6928 = LINE('',#6929,#6930);
#6929 = CARTESIAN_POINT('',(183.75,-32.5,-8.1E-02));
#6930 = VECTOR('',#6931,1.);
#6931 = DIRECTION('',(0.,0.,1.));
#6932 = ORIENTED_EDGE('',*,*,#4328,.F.);
#6933 = ORIENTED_EDGE('',*,*,#6927,.F.);
#6934 = CYLINDRICAL_SURFACE('',#6935,0.5);
#6935 = AXIS2_PLACEMENT_3D('',#6936,#6937,#6938);
#6936 = CARTESIAN_POINT('',(183.75,-32.,-8.1E-02));
#6937 = DIRECTION('',(-0.,-0.,-1.));
#6938 = DIRECTION('',(-0.,-1.,0.));
#6939 = ADVANCED_FACE('',(#6940),#6951,.F.);
#6940 = FACE_BOUND('',#6941,.T.);
#6941 = EDGE_LOOP('',(#6942,#6943,#6949,#6950));
#6942 = ORIENTED_EDGE('',*,*,#2618,.T.);
#6943 = ORIENTED_EDGE('',*,*,#6944,.T.);
#6944 = EDGE_CURVE('',#2619,#4340,#6945,.T.);
#6945 = LINE('',#6946,#6947);
#6946 = CARTESIAN_POINT('',(151.5,-18.5,-8.1E-02));
#6947 = VECTOR('',#6948,1.);
#6948 = DIRECTION('',(0.,0.,1.));
#6949 = ORIENTED_EDGE('',*,*,#4339,.F.);
#6950 = ORIENTED_EDGE('',*,*,#6944,.F.);
#6951 = CYLINDRICAL_SURFACE('',#6952,0.5);
#6952 = AXIS2_PLACEMENT_3D('',#6953,#6954,#6955);
#6953 = CARTESIAN_POINT('',(151.5,-18.,-8.1E-02));
#6954 = DIRECTION('',(-0.,-0.,-1.));
#6955 = DIRECTION('',(-0.,-1.,0.));
#6956 = ADVANCED_FACE('',(#6957),#6968,.F.);
#6957 = FACE_BOUND('',#6958,.T.);
#6958 = EDGE_LOOP('',(#6959,#6960,#6966,#6967));
#6959 = ORIENTED_EDGE('',*,*,#2629,.T.);
#6960 = ORIENTED_EDGE('',*,*,#6961,.T.);
#6961 = EDGE_CURVE('',#2630,#4351,#6962,.T.);
#6962 = LINE('',#6963,#6964);
#6963 = CARTESIAN_POINT('',(159.,-18.5,-8.1E-02));
#6964 = VECTOR('',#6965,1.);
#6965 = DIRECTION('',(0.,0.,1.));
#6966 = ORIENTED_EDGE('',*,*,#4350,.F.);
#6967 = ORIENTED_EDGE('',*,*,#6961,.F.);
#6968 = CYLINDRICAL_SURFACE('',#6969,0.5);
#6969 = AXIS2_PLACEMENT_3D('',#6970,#6971,#6972);
#6970 = CARTESIAN_POINT('',(159.,-18.,-8.1E-02));
#6971 = DIRECTION('',(-0.,-0.,-1.));
#6972 = DIRECTION('',(-0.,-1.,0.));
#6973 = ADVANCED_FACE('',(#6974),#6985,.F.);
#6974 = FACE_BOUND('',#6975,.T.);
#6975 = EDGE_LOOP('',(#6976,#6977,#6983,#6984));
#6976 = ORIENTED_EDGE('',*,*,#2640,.T.);
#6977 = ORIENTED_EDGE('',*,*,#6978,.T.);
#6978 = EDGE_CURVE('',#2641,#4362,#6979,.T.);
#6979 = LINE('',#6980,#6981);
#6980 = CARTESIAN_POINT('',(193.25,-21.5,-8.1E-02));
#6981 = VECTOR('',#6982,1.);
#6982 = DIRECTION('',(0.,0.,1.));
#6983 = ORIENTED_EDGE('',*,*,#4361,.F.);
#6984 = ORIENTED_EDGE('',*,*,#6978,.F.);
#6985 = CYLINDRICAL_SURFACE('',#6986,0.5);
#6986 = AXIS2_PLACEMENT_3D('',#6987,#6988,#6989);
#6987 = CARTESIAN_POINT('',(193.25,-21.,-8.1E-02));
#6988 = DIRECTION('',(-0.,-0.,-1.));
#6989 = DIRECTION('',(-0.,-1.,0.));
#6990 = ADVANCED_FACE('',(#6991),#7002,.F.);
#6991 = FACE_BOUND('',#6992,.T.);
#6992 = EDGE_LOOP('',(#6993,#6994,#7000,#7001));
#6993 = ORIENTED_EDGE('',*,*,#2651,.T.);
#6994 = ORIENTED_EDGE('',*,*,#6995,.T.);
#6995 = EDGE_CURVE('',#2652,#4373,#6996,.T.);
#6996 = LINE('',#6997,#6998);
#6997 = CARTESIAN_POINT('',(200.75,-21.5,-8.1E-02));
#6998 = VECTOR('',#6999,1.);
#6999 = DIRECTION('',(0.,0.,1.));
#7000 = ORIENTED_EDGE('',*,*,#4372,.F.);
#7001 = ORIENTED_EDGE('',*,*,#6995,.F.);
#7002 = CYLINDRICAL_SURFACE('',#7003,0.5);
#7003 = AXIS2_PLACEMENT_3D('',#7004,#7005,#7006);
#7004 = CARTESIAN_POINT('',(200.75,-21.,-8.1E-02));
#7005 = DIRECTION('',(-0.,-0.,-1.));
#7006 = DIRECTION('',(-0.,-1.,0.));
#7007 = ADVANCED_FACE('',(#7008),#7019,.F.);
#7008 = FACE_BOUND('',#7009,.T.);
#7009 = EDGE_LOOP('',(#7010,#7011,#7017,#7018));
#7010 = ORIENTED_EDGE('',*,*,#2662,.T.);
#7011 = ORIENTED_EDGE('',*,*,#7012,.T.);
#7012 = EDGE_CURVE('',#2663,#4384,#7013,.T.);
#7013 = LINE('',#7014,#7015);
#7014 = CARTESIAN_POINT('',(230.,-38.2,-8.1E-02));
#7015 = VECTOR('',#7016,1.);
#7016 = DIRECTION('',(0.,0.,1.));
#7017 = ORIENTED_EDGE('',*,*,#4383,.F.);
#7018 = ORIENTED_EDGE('',*,*,#7012,.F.);
#7019 = CYLINDRICAL_SURFACE('',#7020,3.2);
#7020 = AXIS2_PLACEMENT_3D('',#7021,#7022,#7023);
#7021 = CARTESIAN_POINT('',(230.,-35.,-8.1E-02));
#7022 = DIRECTION('',(-0.,-0.,-1.));
#7023 = DIRECTION('',(-0.,-1.,0.));
#7024 = ADVANCED_FACE('',(#7025),#7036,.F.);
#7025 = FACE_BOUND('',#7026,.T.);
#7026 = EDGE_LOOP('',(#7027,#7028,#7034,#7035));
#7027 = ORIENTED_EDGE('',*,*,#2673,.T.);
#7028 = ORIENTED_EDGE('',*,*,#7029,.T.);
#7029 = EDGE_CURVE('',#2674,#4395,#7030,.T.);
#7030 = LINE('',#7031,#7032);
#7031 = CARTESIAN_POINT('',(244.75,-30.5,-8.1E-02));
#7032 = VECTOR('',#7033,1.);
#7033 = DIRECTION('',(0.,0.,1.));
#7034 = ORIENTED_EDGE('',*,*,#4394,.F.);
#7035 = ORIENTED_EDGE('',*,*,#7029,.F.);
#7036 = CYLINDRICAL_SURFACE('',#7037,0.5);
#7037 = AXIS2_PLACEMENT_3D('',#7038,#7039,#7040);
#7038 = CARTESIAN_POINT('',(244.75,-30.,-8.1E-02));
#7039 = DIRECTION('',(-0.,-0.,-1.));
#7040 = DIRECTION('',(-0.,-1.,0.));
#7041 = ADVANCED_FACE('',(#7042),#7053,.F.);
#7042 = FACE_BOUND('',#7043,.T.);
#7043 = EDGE_LOOP('',(#7044,#7045,#7051,#7052));
#7044 = ORIENTED_EDGE('',*,*,#2684,.T.);
#7045 = ORIENTED_EDGE('',*,*,#7046,.T.);
#7046 = EDGE_CURVE('',#2685,#4406,#7047,.T.);
#7047 = LINE('',#7048,#7049);
#7048 = CARTESIAN_POINT('',(252.25,-30.5,-8.1E-02));
#7049 = VECTOR('',#7050,1.);
#7050 = DIRECTION('',(0.,0.,1.));
#7051 = ORIENTED_EDGE('',*,*,#4405,.F.);
#7052 = ORIENTED_EDGE('',*,*,#7046,.F.);
#7053 = CYLINDRICAL_SURFACE('',#7054,0.5);
#7054 = AXIS2_PLACEMENT_3D('',#7055,#7056,#7057);
#7055 = CARTESIAN_POINT('',(252.25,-30.,-8.1E-02));
#7056 = DIRECTION('',(-0.,-0.,-1.));
#7057 = DIRECTION('',(-0.,-1.,0.));
#7058 = ADVANCED_FACE('',(#7059),#7070,.F.);
#7059 = FACE_BOUND('',#7060,.T.);
#7060 = EDGE_LOOP('',(#7061,#7062,#7068,#7069));
#7061 = ORIENTED_EDGE('',*,*,#2695,.T.);
#7062 = ORIENTED_EDGE('',*,*,#7063,.T.);
#7063 = EDGE_CURVE('',#2696,#4417,#7064,.T.);
#7064 = LINE('',#7065,#7066);
#7065 = CARTESIAN_POINT('',(263.25,-32.,-8.1E-02));
#7066 = VECTOR('',#7067,1.);
#7067 = DIRECTION('',(0.,0.,1.));
#7068 = ORIENTED_EDGE('',*,*,#4416,.F.);
#7069 = ORIENTED_EDGE('',*,*,#7063,.F.);
#7070 = CYLINDRICAL_SURFACE('',#7071,0.5);
#7071 = AXIS2_PLACEMENT_3D('',#7072,#7073,#7074);
#7072 = CARTESIAN_POINT('',(263.25,-31.5,-8.1E-02));
#7073 = DIRECTION('',(-0.,-0.,-1.));
#7074 = DIRECTION('',(-0.,-1.,0.));
#7075 = ADVANCED_FACE('',(#7076),#7087,.F.);
#7076 = FACE_BOUND('',#7077,.T.);
#7077 = EDGE_LOOP('',(#7078,#7079,#7085,#7086));
#7078 = ORIENTED_EDGE('',*,*,#2706,.T.);
#7079 = ORIENTED_EDGE('',*,*,#7080,.T.);
#7080 = EDGE_CURVE('',#2707,#4428,#7081,.T.);
#7081 = LINE('',#7082,#7083);
#7082 = CARTESIAN_POINT('',(270.75,-32.,-8.1E-02));
#7083 = VECTOR('',#7084,1.);
#7084 = DIRECTION('',(0.,0.,1.));
#7085 = ORIENTED_EDGE('',*,*,#4427,.F.);
#7086 = ORIENTED_EDGE('',*,*,#7080,.F.);
#7087 = CYLINDRICAL_SURFACE('',#7088,0.5);
#7088 = AXIS2_PLACEMENT_3D('',#7089,#7090,#7091);
#7089 = CARTESIAN_POINT('',(270.75,-31.5,-8.1E-02));
#7090 = DIRECTION('',(-0.,-0.,-1.));
#7091 = DIRECTION('',(-0.,-1.,0.));
#7092 = ADVANCED_FACE('',(#7093),#7104,.F.);
#7093 = FACE_BOUND('',#7094,.T.);
#7094 = EDGE_LOOP('',(#7095,#7096,#7102,#7103));
#7095 = ORIENTED_EDGE('',*,*,#2717,.T.);
#7096 = ORIENTED_EDGE('',*,*,#7097,.T.);
#7097 = EDGE_CURVE('',#2718,#4439,#7098,.T.);
#7098 = LINE('',#7099,#7100);
#7099 = CARTESIAN_POINT('',(174.5,-13.5,-8.1E-02));
#7100 = VECTOR('',#7101,1.);
#7101 = DIRECTION('',(0.,0.,1.));
#7102 = ORIENTED_EDGE('',*,*,#4438,.F.);
#7103 = ORIENTED_EDGE('',*,*,#7097,.F.);
#7104 = CYLINDRICAL_SURFACE('',#7105,0.5);
#7105 = AXIS2_PLACEMENT_3D('',#7106,#7107,#7108);
#7106 = CARTESIAN_POINT('',(174.5,-13.,-8.1E-02));
#7107 = DIRECTION('',(-0.,-0.,-1.));
#7108 = DIRECTION('',(-0.,-1.,0.));
#7109 = ADVANCED_FACE('',(#7110),#7121,.F.);
#7110 = FACE_BOUND('',#7111,.T.);
#7111 = EDGE_LOOP('',(#7112,#7113,#7119,#7120));
#7112 = ORIENTED_EDGE('',*,*,#2728,.T.);
#7113 = ORIENTED_EDGE('',*,*,#7114,.T.);
#7114 = EDGE_CURVE('',#2729,#4450,#7115,.T.);
#7115 = LINE('',#7116,#7117);
#7116 = CARTESIAN_POINT('',(182.,-13.5,-8.1E-02));
#7117 = VECTOR('',#7118,1.);
#7118 = DIRECTION('',(0.,0.,1.));
#7119 = ORIENTED_EDGE('',*,*,#4449,.F.);
#7120 = ORIENTED_EDGE('',*,*,#7114,.F.);
#7121 = CYLINDRICAL_SURFACE('',#7122,0.5);
#7122 = AXIS2_PLACEMENT_3D('',#7123,#7124,#7125);
#7123 = CARTESIAN_POINT('',(182.,-13.,-8.1E-02));
#7124 = DIRECTION('',(-0.,-0.,-1.));
#7125 = DIRECTION('',(-0.,-1.,0.));
#7126 = ADVANCED_FACE('',(#7127),#7138,.F.);
#7127 = FACE_BOUND('',#7128,.T.);
#7128 = EDGE_LOOP('',(#7129,#7130,#7136,#7137));
#7129 = ORIENTED_EDGE('',*,*,#2739,.T.);
#7130 = ORIENTED_EDGE('',*,*,#7131,.T.);
#7131 = EDGE_CURVE('',#2740,#4461,#7132,.T.);
#7132 = LINE('',#7133,#7134);
#7133 = CARTESIAN_POINT('',(210.25,-15.5,-8.1E-02));
#7134 = VECTOR('',#7135,1.);
#7135 = DIRECTION('',(0.,0.,1.));
#7136 = ORIENTED_EDGE('',*,*,#4460,.F.);
#7137 = ORIENTED_EDGE('',*,*,#7131,.F.);
#7138 = CYLINDRICAL_SURFACE('',#7139,0.5);
#7139 = AXIS2_PLACEMENT_3D('',#7140,#7141,#7142);
#7140 = CARTESIAN_POINT('',(210.25,-15.,-8.1E-02));
#7141 = DIRECTION('',(-0.,-0.,-1.));
#7142 = DIRECTION('',(-0.,-1.,0.));
#7143 = ADVANCED_FACE('',(#7144),#7155,.F.);
#7144 = FACE_BOUND('',#7145,.T.);
#7145 = EDGE_LOOP('',(#7146,#7147,#7153,#7154));
#7146 = ORIENTED_EDGE('',*,*,#2750,.T.);
#7147 = ORIENTED_EDGE('',*,*,#7148,.T.);
#7148 = EDGE_CURVE('',#2751,#4472,#7149,.T.);
#7149 = LINE('',#7150,#7151);
#7150 = CARTESIAN_POINT('',(217.75,-15.5,-8.1E-02));
#7151 = VECTOR('',#7152,1.);
#7152 = DIRECTION('',(0.,0.,1.));
#7153 = ORIENTED_EDGE('',*,*,#4471,.F.);
#7154 = ORIENTED_EDGE('',*,*,#7148,.F.);
#7155 = CYLINDRICAL_SURFACE('',#7156,0.5);
#7156 = AXIS2_PLACEMENT_3D('',#7157,#7158,#7159);
#7157 = CARTESIAN_POINT('',(217.75,-15.,-8.1E-02));
#7158 = DIRECTION('',(-0.,-0.,-1.));
#7159 = DIRECTION('',(-0.,-1.,0.));
#7160 = ADVANCED_FACE('',(#7161),#7172,.F.);
#7161 = FACE_BOUND('',#7162,.T.);
#7162 = EDGE_LOOP('',(#7163,#7164,#7170,#7171));
#7163 = ORIENTED_EDGE('',*,*,#2761,.T.);
#7164 = ORIENTED_EDGE('',*,*,#7165,.T.);
#7165 = EDGE_CURVE('',#2762,#4483,#7166,.T.);
#7166 = LINE('',#7167,#7168);
#7167 = CARTESIAN_POINT('',(160.25,-1.5,-8.1E-02));
#7168 = VECTOR('',#7169,1.);
#7169 = DIRECTION('',(0.,0.,1.));
#7170 = ORIENTED_EDGE('',*,*,#4482,.F.);
#7171 = ORIENTED_EDGE('',*,*,#7165,.F.);
#7172 = CYLINDRICAL_SURFACE('',#7173,0.5);
#7173 = AXIS2_PLACEMENT_3D('',#7174,#7175,#7176);
#7174 = CARTESIAN_POINT('',(160.25,-1.,-8.1E-02));
#7175 = DIRECTION('',(-0.,-0.,-1.));
#7176 = DIRECTION('',(-0.,-1.,0.));
#7177 = ADVANCED_FACE('',(#7178),#7189,.F.);
#7178 = FACE_BOUND('',#7179,.T.);
#7179 = EDGE_LOOP('',(#7180,#7181,#7187,#7188));
#7180 = ORIENTED_EDGE('',*,*,#2772,.T.);
#7181 = ORIENTED_EDGE('',*,*,#7182,.T.);
#7182 = EDGE_CURVE('',#2773,#4494,#7183,.T.);
#7183 = LINE('',#7184,#7185);
#7184 = CARTESIAN_POINT('',(167.75,-1.5,-8.1E-02));
#7185 = VECTOR('',#7186,1.);
#7186 = DIRECTION('',(0.,0.,1.));
#7187 = ORIENTED_EDGE('',*,*,#4493,.F.);
#7188 = ORIENTED_EDGE('',*,*,#7182,.F.);
#7189 = CYLINDRICAL_SURFACE('',#7190,0.5);
#7190 = AXIS2_PLACEMENT_3D('',#7191,#7192,#7193);
#7191 = CARTESIAN_POINT('',(167.75,-1.,-8.1E-02));
#7192 = DIRECTION('',(-0.,-0.,-1.));
#7193 = DIRECTION('',(-0.,-1.,0.));
#7194 = ADVANCED_FACE('',(#7195),#7206,.F.);
#7195 = FACE_BOUND('',#7196,.T.);
#7196 = EDGE_LOOP('',(#7197,#7198,#7204,#7205));
#7197 = ORIENTED_EDGE('',*,*,#2783,.T.);
#7198 = ORIENTED_EDGE('',*,*,#7199,.T.);
#7199 = EDGE_CURVE('',#2784,#4505,#7200,.T.);
#7200 = LINE('',#7201,#7202);
#7201 = CARTESIAN_POINT('',(198.5,-1.,-8.1E-02));
#7202 = VECTOR('',#7203,1.);
#7203 = DIRECTION('',(0.,0.,1.));
#7204 = ORIENTED_EDGE('',*,*,#4504,.F.);
#7205 = ORIENTED_EDGE('',*,*,#7199,.F.);
#7206 = CYLINDRICAL_SURFACE('',#7207,0.5);
#7207 = AXIS2_PLACEMENT_3D('',#7208,#7209,#7210);
#7208 = CARTESIAN_POINT('',(198.5,-0.5,-8.1E-02));
#7209 = DIRECTION('',(-0.,-0.,-1.));
#7210 = DIRECTION('',(-0.,-1.,0.));
#7211 = ADVANCED_FACE('',(#7212),#7223,.F.);
#7212 = FACE_BOUND('',#7213,.T.);
#7213 = EDGE_LOOP('',(#7214,#7215,#7221,#7222));
#7214 = ORIENTED_EDGE('',*,*,#2794,.T.);
#7215 = ORIENTED_EDGE('',*,*,#7216,.T.);
#7216 = EDGE_CURVE('',#2795,#4516,#7217,.T.);
#7217 = LINE('',#7218,#7219);
#7218 = CARTESIAN_POINT('',(206.,-1.,-8.1E-02));
#7219 = VECTOR('',#7220,1.);
#7220 = DIRECTION('',(0.,0.,1.));
#7221 = ORIENTED_EDGE('',*,*,#4515,.F.);
#7222 = ORIENTED_EDGE('',*,*,#7216,.F.);
#7223 = CYLINDRICAL_SURFACE('',#7224,0.5);
#7224 = AXIS2_PLACEMENT_3D('',#7225,#7226,#7227);
#7225 = CARTESIAN_POINT('',(206.,-0.5,-8.1E-02));
#7226 = DIRECTION('',(-0.,-0.,-1.));
#7227 = DIRECTION('',(-0.,-1.,0.));
#7228 = ADVANCED_FACE('',(#7229),#7240,.F.);
#7229 = FACE_BOUND('',#7230,.T.);
#7230 = EDGE_LOOP('',(#7231,#7232,#7238,#7239));
#7231 = ORIENTED_EDGE('',*,*,#2805,.T.);
#7232 = ORIENTED_EDGE('',*,*,#7233,.T.);
#7233 = EDGE_CURVE('',#2806,#4527,#7234,.T.);
#7234 = LINE('',#7235,#7236);
#7235 = CARTESIAN_POINT('',(185.,-0.2,-8.1E-02));
#7236 = VECTOR('',#7237,1.);
#7237 = DIRECTION('',(0.,0.,1.));
#7238 = ORIENTED_EDGE('',*,*,#4526,.F.);
#7239 = ORIENTED_EDGE('',*,*,#7233,.F.);
#7240 = CYLINDRICAL_SURFACE('',#7241,3.2);
#7241 = AXIS2_PLACEMENT_3D('',#7242,#7243,#7244);
#7242 = CARTESIAN_POINT('',(185.,3.,-8.1E-02));
#7243 = DIRECTION('',(-0.,-0.,-1.));
#7244 = DIRECTION('',(-0.,-1.,0.));
#7245 = ADVANCED_FACE('',(#7246),#7257,.F.);
#7246 = FACE_BOUND('',#7247,.T.);
#7247 = EDGE_LOOP('',(#7248,#7249,#7255,#7256));
#7248 = ORIENTED_EDGE('',*,*,#2816,.T.);
#7249 = ORIENTED_EDGE('',*,*,#7250,.T.);
#7250 = EDGE_CURVE('',#2817,#4538,#7251,.T.);
#7251 = LINE('',#7252,#7253);
#7252 = CARTESIAN_POINT('',(229.25,-16.5,-8.1E-02));
#7253 = VECTOR('',#7254,1.);
#7254 = DIRECTION('',(0.,0.,1.));
#7255 = ORIENTED_EDGE('',*,*,#4537,.F.);
#7256 = ORIENTED_EDGE('',*,*,#7250,.F.);
#7257 = CYLINDRICAL_SURFACE('',#7258,0.5);
#7258 = AXIS2_PLACEMENT_3D('',#7259,#7260,#7261);
#7259 = CARTESIAN_POINT('',(229.25,-16.,-8.1E-02));
#7260 = DIRECTION('',(-0.,-0.,-1.));
#7261 = DIRECTION('',(-0.,-1.,0.));
#7262 = ADVANCED_FACE('',(#7263),#7274,.F.);
#7263 = FACE_BOUND('',#7264,.T.);
#7264 = EDGE_LOOP('',(#7265,#7266,#7272,#7273));
#7265 = ORIENTED_EDGE('',*,*,#2827,.T.);
#7266 = ORIENTED_EDGE('',*,*,#7267,.T.);
#7267 = EDGE_CURVE('',#2828,#4549,#7268,.T.);
#7268 = LINE('',#7269,#7270);
#7269 = CARTESIAN_POINT('',(236.75,-16.5,-8.1E-02));
#7270 = VECTOR('',#7271,1.);
#7271 = DIRECTION('',(0.,0.,1.));
#7272 = ORIENTED_EDGE('',*,*,#4548,.F.);
#7273 = ORIENTED_EDGE('',*,*,#7267,.F.);
#7274 = CYLINDRICAL_SURFACE('',#7275,0.5);
#7275 = AXIS2_PLACEMENT_3D('',#7276,#7277,#7278);
#7276 = CARTESIAN_POINT('',(236.75,-16.,-8.1E-02));
#7277 = DIRECTION('',(-0.,-0.,-1.));
#7278 = DIRECTION('',(-0.,-1.,0.));
#7279 = ADVANCED_FACE('',(#7280),#7291,.F.);
#7280 = FACE_BOUND('',#7281,.T.);
#7281 = EDGE_LOOP('',(#7282,#7283,#7289,#7290));
#7282 = ORIENTED_EDGE('',*,*,#2838,.T.);
#7283 = ORIENTED_EDGE('',*,*,#7284,.T.);
#7284 = EDGE_CURVE('',#2839,#4560,#7285,.T.);
#7285 = LINE('',#7286,#7287);
#7286 = CARTESIAN_POINT('',(247.25,-12.,-8.1E-02));
#7287 = VECTOR('',#7288,1.);
#7288 = DIRECTION('',(0.,0.,1.));
#7289 = ORIENTED_EDGE('',*,*,#4559,.F.);
#7290 = ORIENTED_EDGE('',*,*,#7284,.F.);
#7291 = CYLINDRICAL_SURFACE('',#7292,0.5);
#7292 = AXIS2_PLACEMENT_3D('',#7293,#7294,#7295);
#7293 = CARTESIAN_POINT('',(247.25,-11.5,-8.1E-02));
#7294 = DIRECTION('',(-0.,-0.,-1.));
#7295 = DIRECTION('',(-0.,-1.,0.));
#7296 = ADVANCED_FACE('',(#7297),#7308,.F.);
#7297 = FACE_BOUND('',#7298,.T.);
#7298 = EDGE_LOOP('',(#7299,#7300,#7306,#7307));
#7299 = ORIENTED_EDGE('',*,*,#2849,.T.);
#7300 = ORIENTED_EDGE('',*,*,#7301,.T.);
#7301 = EDGE_CURVE('',#2850,#4571,#7302,.T.);
#7302 = LINE('',#7303,#7304);
#7303 = CARTESIAN_POINT('',(254.75,-12.,-8.1E-02));
#7304 = VECTOR('',#7305,1.);
#7305 = DIRECTION('',(0.,0.,1.));
#7306 = ORIENTED_EDGE('',*,*,#4570,.F.);
#7307 = ORIENTED_EDGE('',*,*,#7301,.F.);
#7308 = CYLINDRICAL_SURFACE('',#7309,0.5);
#7309 = AXIS2_PLACEMENT_3D('',#7310,#7311,#7312);
#7310 = CARTESIAN_POINT('',(254.75,-11.5,-8.1E-02));
#7311 = DIRECTION('',(-0.,-0.,-1.));
#7312 = DIRECTION('',(-0.,-1.,0.));
#7313 = ADVANCED_FACE('',(#7314),#7325,.F.);
#7314 = FACE_BOUND('',#7315,.T.);
#7315 = EDGE_LOOP('',(#7316,#7317,#7323,#7324));
#7316 = ORIENTED_EDGE('',*,*,#2860,.T.);
#7317 = ORIENTED_EDGE('',*,*,#7318,.T.);
#7318 = EDGE_CURVE('',#2861,#4582,#7319,.T.);
#7319 = LINE('',#7320,#7321);
#7320 = CARTESIAN_POINT('',(265.75,-13.5,-8.1E-02));
#7321 = VECTOR('',#7322,1.);
#7322 = DIRECTION('',(0.,0.,1.));
#7323 = ORIENTED_EDGE('',*,*,#4581,.F.);
#7324 = ORIENTED_EDGE('',*,*,#7318,.F.);
#7325 = CYLINDRICAL_SURFACE('',#7326,0.5);
#7326 = AXIS2_PLACEMENT_3D('',#7327,#7328,#7329);
#7327 = CARTESIAN_POINT('',(265.75,-13.,-8.1E-02));
#7328 = DIRECTION('',(-0.,-0.,-1.));
#7329 = DIRECTION('',(-0.,-1.,0.));
#7330 = ADVANCED_FACE('',(#7331),#7342,.F.);
#7331 = FACE_BOUND('',#7332,.T.);
#7332 = EDGE_LOOP('',(#7333,#7334,#7340,#7341));
#7333 = ORIENTED_EDGE('',*,*,#2871,.T.);
#7334 = ORIENTED_EDGE('',*,*,#7335,.T.);
#7335 = EDGE_CURVE('',#2872,#4593,#7336,.T.);
#7336 = LINE('',#7337,#7338);
#7337 = CARTESIAN_POINT('',(273.25,-13.5,-8.1E-02));
#7338 = VECTOR('',#7339,1.);
#7339 = DIRECTION('',(0.,0.,1.));
#7340 = ORIENTED_EDGE('',*,*,#4592,.F.);
#7341 = ORIENTED_EDGE('',*,*,#7335,.F.);
#7342 = CYLINDRICAL_SURFACE('',#7343,0.5);
#7343 = AXIS2_PLACEMENT_3D('',#7344,#7345,#7346);
#7344 = CARTESIAN_POINT('',(273.25,-13.,-8.1E-02));
#7345 = DIRECTION('',(-0.,-0.,-1.));
#7346 = DIRECTION('',(-0.,-1.,0.));
#7347 = ADVANCED_FACE('',(#7348),#7359,.F.);
#7348 = FACE_BOUND('',#7349,.T.);
#7349 = EDGE_LOOP('',(#7350,#7351,#7357,#7358));
#7350 = ORIENTED_EDGE('',*,*,#2882,.T.);
#7351 = ORIENTED_EDGE('',*,*,#7352,.T.);
#7352 = EDGE_CURVE('',#2883,#4604,#7353,.T.);
#7353 = LINE('',#7354,#7355);
#7354 = CARTESIAN_POINT('',(284.,-11.,-8.1E-02));
#7355 = VECTOR('',#7356,1.);
#7356 = DIRECTION('',(0.,0.,1.));
#7357 = ORIENTED_EDGE('',*,*,#4603,.F.);
#7358 = ORIENTED_EDGE('',*,*,#7352,.F.);
#7359 = CYLINDRICAL_SURFACE('',#7360,0.5);
#7360 = AXIS2_PLACEMENT_3D('',#7361,#7362,#7363);
#7361 = CARTESIAN_POINT('',(284.,-10.5,-8.1E-02));
#7362 = DIRECTION('',(-0.,-0.,-1.));
#7363 = DIRECTION('',(-0.,-1.,0.));
#7364 = ADVANCED_FACE('',(#7365),#7376,.F.);
#7365 = FACE_BOUND('',#7366,.T.);
#7366 = EDGE_LOOP('',(#7367,#7368,#7374,#7375));
#7367 = ORIENTED_EDGE('',*,*,#2893,.T.);
#7368 = ORIENTED_EDGE('',*,*,#7369,.T.);
#7369 = EDGE_CURVE('',#2894,#4615,#7370,.T.);
#7370 = LINE('',#7371,#7372);
#7371 = CARTESIAN_POINT('',(291.5,-11.,-8.1E-02));
#7372 = VECTOR('',#7373,1.);
#7373 = DIRECTION('',(0.,0.,1.));
#7374 = ORIENTED_EDGE('',*,*,#4614,.F.);
#7375 = ORIENTED_EDGE('',*,*,#7369,.F.);
#7376 = CYLINDRICAL_SURFACE('',#7377,0.5);
#7377 = AXIS2_PLACEMENT_3D('',#7378,#7379,#7380);
#7378 = CARTESIAN_POINT('',(291.5,-10.5,-8.1E-02));
#7379 = DIRECTION('',(-0.,-0.,-1.));
#7380 = DIRECTION('',(-0.,-1.,0.));
#7381 = ADVANCED_FACE('',(#7382),#7393,.F.);
#7382 = FACE_BOUND('',#7383,.T.);
#7383 = EDGE_LOOP('',(#7384,#7385,#7391,#7392));
#7384 = ORIENTED_EDGE('',*,*,#2904,.T.);
#7385 = ORIENTED_EDGE('',*,*,#7386,.T.);
#7386 = EDGE_CURVE('',#2905,#4626,#7387,.T.);
#7387 = LINE('',#7388,#7389);
#7388 = CARTESIAN_POINT('',(249.,8.881784197001E-16,-8.1E-02));
#7389 = VECTOR('',#7390,1.);
#7390 = DIRECTION('',(0.,0.,1.));
#7391 = ORIENTED_EDGE('',*,*,#4625,.F.);
#7392 = ORIENTED_EDGE('',*,*,#7386,.F.);
#7393 = CYLINDRICAL_SURFACE('',#7394,3.);
#7394 = AXIS2_PLACEMENT_3D('',#7395,#7396,#7397);
#7395 = CARTESIAN_POINT('',(249.,3.,-8.1E-02));
#7396 = DIRECTION('',(-0.,-0.,-1.));
#7397 = DIRECTION('',(-0.,-1.,0.));
#7398 = ADVANCED_FACE('',(#7399),#7410,.F.);
#7399 = FACE_BOUND('',#7400,.T.);
#7400 = EDGE_LOOP('',(#7401,#7402,#7408,#7409));
#7401 = ORIENTED_EDGE('',*,*,#2915,.T.);
#7402 = ORIENTED_EDGE('',*,*,#7403,.T.);
#7403 = EDGE_CURVE('',#2916,#4637,#7404,.T.);
#7404 = LINE('',#7405,#7406);
#7405 = CARTESIAN_POINT('',(275.,-0.2,-8.1E-02));
#7406 = VECTOR('',#7407,1.);
#7407 = DIRECTION('',(0.,0.,1.));
#7408 = ORIENTED_EDGE('',*,*,#4636,.F.);
#7409 = ORIENTED_EDGE('',*,*,#7403,.F.);
#7410 = CYLINDRICAL_SURFACE('',#7411,3.2);
#7411 = AXIS2_PLACEMENT_3D('',#7412,#7413,#7414);
#7412 = CARTESIAN_POINT('',(275.,3.,-8.1E-02));
#7413 = DIRECTION('',(-0.,-0.,-1.));
#7414 = DIRECTION('',(-0.,-1.,0.));
#7415 = ( GEOMETRIC_REPRESENTATION_CONTEXT(3) 
GLOBAL_UNCERTAINTY_ASSIGNED_CONTEXT((#7419)) 
GLOBAL_UNIT_ASSIGNED_CONTEXT((#7416,#7417,#7418)) REPRESENTATION_CONTEXT
('Context #1','3D Context with UNIT and UNCERTAINTY') );
#7416 = ( LENGTH_UNIT() NAMED_UNIT(*) SI_UNIT(.MILLI.,.METRE.) );
#7417 = ( NAMED_UNIT(*) PLANE_ANGLE_UNIT() SI_UNIT($,.RADIAN.) );
#7418 = ( NAMED_UNIT(*) SI_UNIT($,.STERADIAN.) SOLID_ANGLE_UNIT() );
#7419 = UNCERTAINTY_MEASURE_WITH_UNIT(LENGTH_MEASURE(1.E-07),#7416,
  'distance_accuracy_value','confusion accuracy');
#7420 = CONTEXT_DEPENDENT_SHAPE_REPRESENTATION(#7421,#7423);
#7421 = ( REPRESENTATION_RELATIONSHIP('','',#1102,#10) 
REPRESENTATION_RELATIONSHIP_WITH_TRANSFORMATION(#7422) 
SHAPE_REPRESENTATION_RELATIONSHIP() );
#7422 = ITEM_DEFINED_TRANSFORMATION('','',#11,#271);
#7423 = PRODUCT_DEFINITION_SHAPE('Placement','Placement of an item',
  #7424);
#7424 = NEXT_ASSEMBLY_USAGE_OCCURRENCE('70','=>[0:1:1:9]','',#5,#1097,$
  );
#7425 = PRODUCT_RELATED_PRODUCT_CATEGORY('part',$,(#1099));
#7426 = MECHANICAL_DESIGN_GEOMETRIC_PRESENTATION_REPRESENTATION('',(
    #7427),#717);
#7427 = STYLED_ITEM('color',(#7428),#664);
#7428 = PRESENTATION_STYLE_ASSIGNMENT((#7429,#7435));
#7429 = SURFACE_STYLE_USAGE(.BOTH.,#7430);
#7430 = SURFACE_SIDE_STYLE('',(#7431));
#7431 = SURFACE_STYLE_FILL_AREA(#7432);
#7432 = FILL_AREA_STYLE('',(#7433));
#7433 = FILL_AREA_STYLE_COLOUR('',#7434);
#7434 = COLOUR_RGB('',0.734000028196,0.773000013638,0.796999989372);
#7435 = CURVE_STYLE('',#7436,POSITIVE_LENGTH_MEASURE(0.1),#7434);
#7436 = DRAUGHTING_PRE_DEFINED_CURVE_FONT('continuous');
#7437 = MECHANICAL_DESIGN_GEOMETRIC_PRESENTATION_REPRESENTATION('',(
    #7438),#7415);
#7438 = STYLED_ITEM('color',(#7439),#1103);
#7439 = PRESENTATION_STYLE_ASSIGNMENT((#7440));
#7440 = SURFACE_STYLE_USAGE(.BOTH.,#7441);
#7441 = SURFACE_SIDE_STYLE('',(#7442));
#7442 = SURFACE_STYLE_FILL_AREA(#7443);
#7443 = FILL_AREA_STYLE('',(#7444));
#7444 = FILL_AREA_STYLE_COLOUR('',#7445);
#7445 = COLOUR_RGB('',0.313304153717,0.484529207832,0.410020903123);
#7446 = MECHANICAL_DESIGN_GEOMETRIC_PRESENTATION_REPRESENTATION('',(
    #7447),#789);
#7447 = STYLED_ITEM('color',(#7448),#736);
#7448 = PRESENTATION_STYLE_ASSIGNMENT((#7449,#7454));
#7449 = SURFACE_STYLE_USAGE(.BOTH.,#7450);
#7450 = SURFACE_SIDE_STYLE('',(#7451));
#7451 = SURFACE_STYLE_FILL_AREA(#7452);
#7452 = FILL_AREA_STYLE('',(#7453));
#7453 = FILL_AREA_STYLE_COLOUR('',#7434);
#7454 = CURVE_STYLE('',#7455,POSITIVE_LENGTH_MEASURE(0.1),#7434);
#7455 = DRAUGHTING_PRE_DEFINED_CURVE_FONT('continuous');
#7456 = MECHANICAL_DESIGN_GEOMETRIC_PRESENTATION_REPRESENTATION('',(
    #7457,#7465,#7472,#7479,#7486,#7493,#7500,#7508),#504);
#7457 = STYLED_ITEM('color',(#7458),#314);
#7458 = PRESENTATION_STYLE_ASSIGNMENT((#7459));
#7459 = SURFACE_STYLE_USAGE(.BOTH.,#7460);
#7460 = SURFACE_SIDE_STYLE('',(#7461));
#7461 = SURFACE_STYLE_FILL_AREA(#7462);
#7462 = FILL_AREA_STYLE('',(#7463));
#7463 = FILL_AREA_STYLE_COLOUR('',#7464);
#7464 = COLOUR_RGB('',0.643137266454,0.678431390124,0.698039232327);
#7465 = STYLED_ITEM('color',(#7466),#346);
#7466 = PRESENTATION_STYLE_ASSIGNMENT((#7467));
#7467 = SURFACE_STYLE_USAGE(.BOTH.,#7468);
#7468 = SURFACE_SIDE_STYLE('',(#7469));
#7469 = SURFACE_STYLE_FILL_AREA(#7470);
#7470 = FILL_AREA_STYLE('',(#7471));
#7471 = FILL_AREA_STYLE_COLOUR('',#7464);
#7472 = STYLED_ITEM('color',(#7473),#366);
#7473 = PRESENTATION_STYLE_ASSIGNMENT((#7474));
#7474 = SURFACE_STYLE_USAGE(.BOTH.,#7475);
#7475 = SURFACE_SIDE_STYLE('',(#7476));
#7476 = SURFACE_STYLE_FILL_AREA(#7477);
#7477 = FILL_AREA_STYLE('',(#7478));
#7478 = FILL_AREA_STYLE_COLOUR('',#7464);
#7479 = STYLED_ITEM('color',(#7480),#386);
#7480 = PRESENTATION_STYLE_ASSIGNMENT((#7481));
#7481 = SURFACE_STYLE_USAGE(.BOTH.,#7482);
#7482 = SURFACE_SIDE_STYLE('',(#7483));
#7483 = SURFACE_STYLE_FILL_AREA(#7484);
#7484 = FILL_AREA_STYLE('',(#7485));
#7485 = FILL_AREA_STYLE_COLOUR('',#7464);
#7486 = STYLED_ITEM('color',(#7487),#414);
#7487 = PRESENTATION_STYLE_ASSIGNMENT((#7488));
#7488 = SURFACE_STYLE_USAGE(.BOTH.,#7489);
#7489 = SURFACE_SIDE_STYLE('',(#7490));
#7490 = SURFACE_STYLE_FILL_AREA(#7491);
#7491 = FILL_AREA_STYLE('',(#7492));
#7492 = FILL_AREA_STYLE_COLOUR('',#7464);
#7493 = STYLED_ITEM('color',(#7494),#430);
#7494 = PRESENTATION_STYLE_ASSIGNMENT((#7495));
#7495 = SURFACE_STYLE_USAGE(.BOTH.,#7496);
#7496 = SURFACE_SIDE_STYLE('',(#7497));
#7497 = SURFACE_STYLE_FILL_AREA(#7498);
#7498 = FILL_AREA_STYLE('',(#7499));
#7499 = FILL_AREA_STYLE_COLOUR('',#7464);
#7500 = STYLED_ITEM('color',(#7501),#463);
#7501 = PRESENTATION_STYLE_ASSIGNMENT((#7502));
#7502 = SURFACE_STYLE_USAGE(.BOTH.,#7503);
#7503 = SURFACE_SIDE_STYLE('',(#7504));
#7504 = SURFACE_STYLE_FILL_AREA(#7505);
#7505 = FILL_AREA_STYLE('',(#7506));
#7506 = FILL_AREA_STYLE_COLOUR('',#7507);
#7507 = COLOUR_RGB('',0.184313727102,0.749019635948,0.580392170981);
#7508 = STYLED_ITEM('color',(#7509),#488);
#7509 = PRESENTATION_STYLE_ASSIGNMENT((#7510));
#7510 = SURFACE_STYLE_USAGE(.BOTH.,#7511);
#7511 = SURFACE_SIDE_STYLE('',(#7512));
#7512 = SURFACE_STYLE_FILL_AREA(#7513);
#7513 = FILL_AREA_STYLE('',(#7514));
#7514 = FILL_AREA_STYLE_COLOUR('',#7464);
#7515 = MECHANICAL_DESIGN_GEOMETRIC_PRESENTATION_REPRESENTATION('',(
    #7516),#645);
#7516 = STYLED_ITEM('color',(#7517),#592);
#7517 = PRESENTATION_STYLE_ASSIGNMENT((#7518,#7524));
#7518 = SURFACE_STYLE_USAGE(.BOTH.,#7519);
#7519 = SURFACE_SIDE_STYLE('',(#7520));
#7520 = SURFACE_STYLE_FILL_AREA(#7521);
#7521 = FILL_AREA_STYLE('',(#7522));
#7522 = FILL_AREA_STYLE_COLOUR('',#7523);
#7523 = COLOUR_RGB('',0.300000011149,0.300000011149,0.300000011149);
#7524 = CURVE_STYLE('',#7525,POSITIVE_LENGTH_MEASURE(0.1),#7523);
#7525 = DRAUGHTING_PRE_DEFINED_CURVE_FONT('continuous');
ENDSEC;
END-ISO-10303-21;
