ISO-10303-21;
HEADER;
FILE_DESCRIPTION (( 'STEP AP203' ),
    '1' );
FILE_NAME ('1726A44_Threaded-Hole-Mount Round Pull Handle.STEP',
    '2026-01-16T15:17:47',
    ( 'McMaster Carr Supply' ),
    ( 'McMaster Carr Supply' ),
    'SwSTEP 2.0',
    'SolidWorks 2024',
    '' );
FILE_SCHEMA (( 'CONFIG_CONTROL_DESIGN' ));
ENDSEC;

DATA;
#1 = FACE_OUTER_BOUND ( 'NONE', #2205, .T. ) ;
#2 = CARTESIAN_POINT ( 'NONE',  ( 0.7843750000000023759, 0.04591323014923139739, 1.500000000000000444 ) ) ;
#3 = CARTESIAN_POINT ( 'NONE',  ( 0.7802083333333352799, 0.02295661507461571951, -1.539762023679035918 ) ) ;
#4 = CARTESIAN_POINT ( 'NONE',  ( 0.7458333333333352355, -0.02295661507461571257, -1.460237976320963860 ) ) ;
#5 = CARTESIAN_POINT ( 'NONE',  ( 0.7851562500000034417, -0.06622573014923550938, -1.499999999999999778 ) ) ;
#6 = CARTESIAN_POINT ( 'NONE',  ( 0.5992187500000002442, 0.06622573014923550938, -1.499999999999999778 ) ) ;
#7 = LINE ( 'NONE', #2854, #109 ) ;
#8 = CARTESIAN_POINT ( 'NONE',  ( 0.6135416666666690944, 0.02295661507461568829, 1.539762023679036584 ) ) ;
#9 = ORIENTED_EDGE ( 'NONE', *, *, #318, .F. ) ;
#10 = CARTESIAN_POINT ( 'NONE',  ( 0.6596354166666672514, -0.04966929761192663551, 1.528676582346705892 ) ) ;
#11 = CARTESIAN_POINT ( 'NONE',  ( 0.5937500000000007772, 0.000000000000000000, -1.500000000000000444 ) ) ;
#12 = CARTESIAN_POINT ( 'NONE',  ( 0.6822916666666690721, 0.03443492261192356713, 1.480118988160482596 ) ) ;
#13 = CARTESIAN_POINT ( 'NONE',  ( 0.6760416666666713148, 0.03233161507461844442, 1.555999999999999162 ) ) ;
#14 =( BOUNDED_CURVE ( )  B_SPLINE_CURVE ( 2, ( #2753, #1041, #964, #3408, #3829, #279, #205 ),
 .UNSPECIFIED., .F., .F. ) 
 B_SPLINE_CURVE_WITH_KNOTS ( ( 3, 2, 2, 3 ),
 ( 0.9090909090909089496, 0.9242424242424239766, 0.9393939393939392257, 0.9545454545454542528 ),
 .UNSPECIFIED. ) 
 CURVE ( )  GEOMETRIC_REPRESENTATION_ITEM ( )  RATIONAL_B_SPLINE_CURVE ( ( 1.000000000000000888, 0.8660254037844377084, 1.000000000000000000, 0.8660254037844387076, 1.000000000000000000, 0.8660254037844417052, 0.9999999999999970024 ) ) 
 REPRESENTATION_ITEM ( '' )  );
#15 = CARTESIAN_POINT ( 'NONE',  ( 0.7664062500000038414, 0.000000000000000000, 1.442646835306589326 ) ) ;
#16 = CARTESIAN_POINT ( 'NONE',  ( 0.6635416666666711372, -0.03233161507461890932, -1.555999999999999384 ) ) ;
#17 = CARTESIAN_POINT ( 'NONE',  ( 0.7479166666666687835, -0.03443492261192355325, 1.519881011839518292 ) ) ;
#18 = ORIENTED_EDGE ( 'NONE', *, *, #3831, .T. ) ;
#19 = CARTESIAN_POINT ( 'NONE',  ( 0.8400530853067590398, 1.066549531403667445E-12, -1.555009414693581782 ) ) ;
#20 = CARTESIAN_POINT ( 'NONE',  ( 0.6489583333333357462, -0.03443492261192354631, 1.480118988160482152 ) ) ;
#21 = CARTESIAN_POINT ( 'NONE',  ( 0.7427083333333353021, -0.02295661507461571257, -1.460237976320963860 ) ) ;
#22 = CARTESIAN_POINT ( 'NONE',  ( 0.7875000000000016431, 0.04591323014923139739, -1.499999999999999778 ) ) ;
#23 = CARTESIAN_POINT ( 'NONE',  ( 0.5895833333333350135, 0.03443492261192353937, -1.480118988160481708 ) ) ;
#24 = CARTESIAN_POINT ( 'NONE',  ( 0.6658854166666667851, -0.03311286507461774081, -1.557353164693410674 ) ) ;
#25 = LINE ( 'NONE', #2548, #1986 ) ;
#26 = CARTESIAN_POINT ( 'NONE',  ( 0.5843750000000024203, 0.04591323014923139739, 1.500000000000000444 ) ) ;
#27 = ORIENTED_EDGE ( 'NONE', *, *, #594, .F. ) ;
#28 = CARTESIAN_POINT ( 'NONE',  ( 0.6346354166666672292, -0.04966929761192663551, 1.528676582346705892 ) ) ;
#29 = ADVANCED_FACE ( 'NONE', ( #1640 ), #3472, .F. ) ;
#30 = DIRECTION ( 'NONE',  ( 1.000000000000000000, -0.000000000000000000, -0.000000000000000000 ) ) ;
#31 = DIRECTION ( 'NONE',  ( 1.000000000000000000, -0.000000000000000000, -0.000000000000000000 ) ) ;
#32 = CARTESIAN_POINT ( 'NONE',  ( 0.7414062500000038192, 0.000000000000000000, 1.442646835306589326 ) ) ;
#33 = AXIS2_PLACEMENT_3D ( 'NONE', #1229, #2303, #4169 ) ;
#34 = LINE ( 'NONE', #1457, #2983 ) ;
#35 = CARTESIAN_POINT ( 'NONE',  ( 0.7041666666666687169, -0.02295661507461569523, 1.460237976320964304 ) ) ;
#36 = ORIENTED_EDGE ( 'NONE', *, *, #2671, .F. ) ;
#37 = EDGE_CURVE ( 'NONE', #3912, #2390, #272, .T. ) ;
#38 = CARTESIAN_POINT ( 'NONE',  ( 0.5864583333333353021, 0.03443492261192353937, -1.480118988160481708 ) ) ;
#39 = CARTESIAN_POINT ( 'NONE',  ( 0.7197916666666690499, -0.03443492261192355325, 1.519881011839518292 ) ) ;
#40 = CARTESIAN_POINT ( 'NONE',  ( 0.8031250000000019762, 0.000000000000000000, -1.539762023679035918 ) ) ;
#41 = CARTESIAN_POINT ( 'NONE',  ( 0.7916666666666682950, 0.02295661507461568829, -1.460237976320963860 ) ) ;
#42 = ORIENTED_EDGE ( 'NONE', *, *, #625, .F. ) ;
#43 = CARTESIAN_POINT ( 'NONE',  ( 0.8393229166666700269, -0.03311286507461774081, -1.557353164693410674 ) ) ;
#44 = CIRCLE ( 'NONE', #2211, 0.05599999999999880074 ) ;
#45 = EDGE_CURVE ( 'NONE', #2074, #2173, #4538, .T. ) ;
#46 = CARTESIAN_POINT ( 'NONE',  ( 0.6700520833333334370, 0.03311286507461778245, -1.557353164693410674 ) ) ;
#47 = CARTESIAN_POINT ( 'NONE',  ( 0.6885416666666711594, -0.03233161507461928402, 1.444000000000002615 ) ) ;
#48 = CONICAL_SURFACE ( 'NONE', #1261, 0.05870632938682311674, 0.7853981633974500554 ) ;
#49 = CARTESIAN_POINT ( 'NONE',  ( 0.6156250000000045297, 0.000000000000000000, 1.444000000000001283 ) ) ;
#50 = CARTESIAN_POINT ( 'NONE',  ( 0.8269100497880150780, -1.813805529494795056E-13, 1.458133620825162513 ) ) ;
#51 = ORIENTED_EDGE ( 'NONE', *, *, #4604, .F. ) ;
#52 = VERTEX_POINT ( 'NONE', #3049 ) ;
#53 = CARTESIAN_POINT ( 'NONE',  ( 0.8410436706131768636, 0.006292652610733563689, 1.444354672045889298 ) ) ;
#54 = CARTESIAN_POINT ( 'NONE',  ( 0.7364583333333352133, 0.03443492261192353937, -1.480118988160481708 ) ) ;
#55 = CARTESIAN_POINT ( 'NONE',  ( 0.7622395833333371895, -0.04966929761192663551, 1.471323417653294996 ) ) ;
#56 = CARTESIAN_POINT ( 'NONE',  ( 0.6552083333333378334, -0.03233161507461893708, -1.443999999999999950 ) ) ;
#57 = CARTESIAN_POINT ( 'NONE',  ( 0.7312499999999998446, -6.858022075225068789E-18, 1.555999999999999384 ) ) ;
#58 = ORIENTED_EDGE ( 'NONE', *, *, #4125, .F. ) ;
#59 = CARTESIAN_POINT ( 'NONE',  ( 0.5937500000000016653, -4.869443502615268820E-18, -1.460237976320963860 ) ) ;
#60 = DIRECTION ( 'NONE',  ( -1.000000000000000000, 0.000000000000000000, -1.028460421144192724E-15 ) ) ;
#61 =( BOUNDED_CURVE ( )  B_SPLINE_CURVE ( 2, ( #4318, #3920, #4231, #3192, #3899, #1838, #3606 ),
 .UNSPECIFIED., .F., .F. ) 
 B_SPLINE_CURVE_WITH_KNOTS ( ( 3, 2, 2, 3 ),
 ( 0.3636363636363634244, 0.3787878787878786735, 0.3939393939393939226, 0.4090909090909091717 ),
 .UNSPECIFIED. ) 
 CURVE ( )  GEOMETRIC_REPRESENTATION_ITEM ( )  RATIONAL_B_SPLINE_CURVE ( ( 1.000000000000001998, 0.8660254037844367092, 1.000000000000000000, 0.8660254037844387076, 1.000000000000000000, 0.8660254037844377084, 1.000000000000000888 ) ) 
 REPRESENTATION_ITEM ( '' )  );
#62 = CARTESIAN_POINT ( 'NONE',  ( 0.6197916666666690721, -0.03443492261192355325, 1.519881011839518292 ) ) ;
#63 = DIRECTION ( 'NONE',  ( 1.000000000000000000, 0.000000000000000000, 0.000000000000000000 ) ) ;
#64 = CARTESIAN_POINT ( 'NONE',  ( 0.6625000000000017542, 0.04591323014923139739, -1.499999999999999778 ) ) ;
#65 = CARTESIAN_POINT ( 'NONE',  ( 0.7976562500000033973, 0.06622573014923550938, -1.499999999999999778 ) ) ;
#66 = CARTESIAN_POINT ( 'NONE',  ( 0.6179687500000001776, 0.000000000000000000, -1.557353164693410896 ) ) ;
#67 = CARTESIAN_POINT ( 'NONE',  ( 0.8062499999999999112, -6.858022075225068789E-18, 1.555999999999999384 ) ) ;
#68 = DIRECTION ( 'NONE',  ( -0.000000000000000000, -1.000000000000000000, -0.000000000000000000 ) ) ;
#69 = CARTESIAN_POINT ( 'NONE',  ( 0.8326302674161369932, 0.03643833116206764838, 1.531194669273900466 ) ) ;
#70 = ORIENTED_EDGE ( 'NONE', *, *, #3632, .F. ) ;
#71 = CIRCLE ( 'NONE', #1581, 0.07812500000000013878 ) ;
#72 = VERTEX_POINT ( 'NONE', #3450 ) ;
#73 = LINE ( 'NONE', #1835, #1174 ) ;
#74 = CARTESIAN_POINT ( 'NONE',  ( 0.7802083333333352799, 0.02295661507461572298, -1.539762023679035918 ) ) ;
#75 = CARTESIAN_POINT ( 'NONE',  ( 0.6122395833333371673, -0.04966929761192663551, 1.471323417653294996 ) ) ;
#76 = CARTESIAN_POINT ( 'NONE',  ( 0.6364583333333379001, -0.04849742261192770826, 1.472000000000000863 ) ) ;
#77 = FACE_OUTER_BOUND ( 'NONE', #2827, .T. ) ;
#78 = ORIENTED_EDGE ( 'NONE', *, *, #2180, .F. ) ;
#79 = CARTESIAN_POINT ( 'NONE',  ( 0.7145833333333353465, 0.03443492261192353937, 1.519881011839518514 ) ) ;
#80 = CARTESIAN_POINT ( 'NONE',  ( 0.8437500000000005551, 0.000000000000000000, 1.578125000000000444 ) ) ;
#81 = CARTESIAN_POINT ( 'NONE',  ( 0.5906250000000023981, -4.869443502615268820E-18, 1.539762023679036362 ) ) ;
#82 = EDGE_CURVE ( 'NONE', #1428, #151, #1709, .T. ) ;
#83 = CARTESIAN_POINT ( 'NONE',  ( 0.6364583333333353465, 0.03443492261192353937, -1.480118988160481708 ) ) ;
#84 = CARTESIAN_POINT ( 'NONE',  ( 0.6208333333333350135, -0.02295661507461571257, -1.460237976320963860 ) ) ;
#85 = CARTESIAN_POINT ( 'NONE',  ( 0.7080729166666701602, -0.04966929761192663551, -1.471323417653294330 ) ) ;
#86 = CARTESIAN_POINT ( 'NONE',  ( 0.6458333333333329263, 0.03233161507461840972, 1.444000000000001060 ) ) ;
#87 =( BOUNDED_CURVE ( )  B_SPLINE_CURVE ( 2, ( #4081, #889, #458, #2316, #2341, #533, #1268 ),
 .UNSPECIFIED., .F., .F. ) 
 B_SPLINE_CURVE_WITH_KNOTS ( ( 3, 2, 2, 3 ),
 ( 0.8636363636363638685, 0.8787878787878788955, 0.8939393939393939226, 0.9090909090909089496 ),
 .UNSPECIFIED. ) 
 CURVE ( )  GEOMETRIC_REPRESENTATION_ITEM ( )  RATIONAL_B_SPLINE_CURVE ( ( 0.9999999999999980016, 0.8660254037844407060, 1.000000000000000000, 0.8660254037844387076, 1.000000000000000000, 0.8660254037844397068, 0.9999999999999990008 ) ) 
 REPRESENTATION_ITEM ( '' )  );
#88 = CARTESIAN_POINT ( 'NONE',  ( 0.6075520833333335480, -0.03311286507461777551, -1.442646835306588660 ) ) ;
#89 = DIRECTION ( 'NONE',  ( 1.000000000000000000, -0.000000000000000000, -0.000000000000000000 ) ) ;
#90 = CARTESIAN_POINT ( 'NONE',  ( 0.8041666666666661412, 0.03233161507461822237, 1.555999999999999828 ) ) ;
#91 = CARTESIAN_POINT ( 'NONE',  ( 0.5864583333333357462, 0.03443492261192353937, 1.519881011839518514 ) ) ;
#92 = EDGE_LOOP ( 'NONE', ( #4613, #3955, #1238, #752 ) ) ;
#93 = CARTESIAN_POINT ( 'NONE',  ( 0.7677083333333379889, 0.03233161507461836115, 1.444000000000001283 ) ) ;
#94 = ORIENTED_EDGE ( 'NONE', *, *, #812, .F. ) ;
#95 = DIRECTION ( 'NONE',  ( 0.000000000000000000, 0.000000000000000000, -1.000000000000000000 ) ) ;
#96 = CARTESIAN_POINT ( 'NONE',  ( 0.7885416666666685837, 0.02295661507461568829, -1.460237976320963860 ) ) ;
#97 = ADVANCED_FACE ( 'NONE', ( #2698 ), #911, .T. ) ;
#98 = CARTESIAN_POINT ( 'NONE',  ( 0.6539062500000039080, -7.023736956275672060E-18, 1.557353164693411340 ) ) ;
#99 = CARTESIAN_POINT ( 'NONE',  ( 0.5937500000000021094, -4.869443502615268820E-18, 1.539762023679036362 ) ) ;
#100 = CARTESIAN_POINT ( 'NONE',  ( 0.6333333333333355242, 0.02295661507461571951, 1.460237976320964304 ) ) ;
#101 = ORIENTED_EDGE ( 'NONE', *, *, #1435, .F. ) ;
#102 = CARTESIAN_POINT ( 'NONE',  ( 0.7791666666666687835, -0.02295661507461569176, 1.460237976320964304 ) ) ;
#103 = CARTESIAN_POINT ( 'NONE',  ( 0.6312499999999998668, -6.858022075225068789E-18, 1.555999999999999384 ) ) ;
#104 = CARTESIAN_POINT ( 'NONE',  ( 0.7093750000000024203, 0.04591323014923139739, 1.500000000000000444 ) ) ;
#105 = CARTESIAN_POINT ( 'NONE',  ( 0.6572916666666687169, 0.03443492261192356713, -1.519881011839517626 ) ) ;
#106 = CARTESIAN_POINT ( 'NONE',  ( 0.7250000000000016431, -0.04591323014923139739, -1.499999999999999778 ) ) ;
#107 = ORIENTED_EDGE ( 'NONE', *, *, #2055, .T. ) ;
#108 = CARTESIAN_POINT ( 'NONE',  ( 0.7789062500000035749, -7.023736956275672060E-18, -1.442646835306588882 ) ) ;
#109 = VECTOR ( 'NONE', #1091, 39.37007874015748143 ) ;
#110 = CARTESIAN_POINT ( 'NONE',  ( 0.8388020833333335036, -0.04966929761192663551, -1.528676582346705226 ) ) ;
#111 = CARTESIAN_POINT ( 'NONE',  ( 0.8114583333333352799, 0.03443492261192353937, -1.480118988160481708 ) ) ;
#112 = CARTESIAN_POINT ( 'NONE',  ( 0.8104166666666665630, -0.04849742261192779152, 1.528000000000000247 ) ) ;
#113 = VECTOR ( 'NONE', #3110, 39.37007874015748143 ) ;
#114 = LINE ( 'NONE', #2593, #412 ) ;
#115 = CARTESIAN_POINT ( 'NONE',  ( 0.8020833333333350357, -0.03443492261192354631, -1.519881011839518070 ) ) ;
#116 = PRODUCT_DEFINITION_SHAPE ( 'NONE', 'NONE',  #2557 ) ;
#117 = ORIENTED_EDGE ( 'NONE', *, *, #2778, .T. ) ;
#118 = DIRECTION ( 'NONE',  ( 0.000000000000000000, 0.000000000000000000, -1.000000000000000000 ) ) ;
#119 = CARTESIAN_POINT ( 'NONE',  ( 0.5825520833333338588, -0.03311286507461777551, 1.557353164693411340 ) ) ;
#120 = VERTEX_POINT ( 'NONE', #2338 ) ;
#121 = CARTESIAN_POINT ( 'NONE',  ( 0.7281250000000045741, -6.858022075225123486E-18, -1.444000000000000172 ) ) ;
#122 = CARTESIAN_POINT ( 'NONE',  ( 0.7531250000000019318, 0.000000000000000000, -1.539762023679035918 ) ) ;
#123 = ADVANCED_FACE ( 'NONE', ( #4128 ), #2101, .T. ) ;
#124 = CARTESIAN_POINT ( 'NONE',  ( 0.6497395833333372561, 0.04966929761192662163, 1.528676582346705892 ) ) ;
#125 = EDGE_CURVE ( 'NONE', #1459, #2639, #957, .T. ) ;
#126 = CARTESIAN_POINT ( 'NONE',  ( 0.6406250000000045519, 0.000000000000000000, 1.444000000000001283 ) ) ;
#127 = CARTESIAN_POINT ( 'NONE',  ( 0.7666666666666663854, -0.03233161507461859013, 1.444000000000001283 ) ) ;
#128 = ORIENTED_EDGE ( 'NONE', *, *, #291, .F. ) ;
#129 = CARTESIAN_POINT ( 'NONE',  ( 0.7645833333333353909, 0.03443492261192353937, 1.519881011839518514 ) ) ;
#130 = CARTESIAN_POINT ( 'NONE',  ( 0.5979166666666665408, 0.04849742261192781928, 1.472000000000000863 ) ) ;
#131 = CARTESIAN_POINT ( 'NONE',  ( 0.6447916666666686503, -0.03443492261192355325, -1.480118988160481930 ) ) ;
#132 = CARTESIAN_POINT ( 'NONE',  ( 0.6312500000000016431, 0.000000000000000000, -1.539762023679035918 ) ) ;
#133 = CARTESIAN_POINT ( 'NONE',  ( 0.7226562500000035527, 0.06622573014923550938, -1.499999999999999778 ) ) ;
#134 = CARTESIAN_POINT ( 'NONE',  ( 0.7679687500000001998, 0.000000000000000000, -1.557353164693410896 ) ) ;
#135 = CARTESIAN_POINT ( 'NONE',  ( 0.5825520833333335258, -0.03311286507461777551, -1.442646835306588660 ) ) ;
#136 = CARTESIAN_POINT ( 'NONE',  ( 0.6937499999999990896, 0.000000000000000000, -1.555999999999999384 ) ) ;
#137 = CARTESIAN_POINT ( 'NONE',  ( 0.7781250000000047296, -6.858022075225057234E-18, 1.555999999999999162 ) ) ;
#138 = CYLINDRICAL_SURFACE ( 'NONE', #2578, 0.05599999999999880074 ) ;
#139 = CARTESIAN_POINT ( 'NONE',  ( 0.7916666666666682950, 0.02295661507461568829, -1.460237976320963860 ) ) ;
#140 = ORIENTED_EDGE ( 'NONE', *, *, #1642, .F. ) ;
#141 = DIRECTION ( 'NONE',  ( 0.000000000000000000, 0.000000000000000000, -1.000000000000000000 ) ) ;
#142 = CARTESIAN_POINT ( 'NONE',  ( 0.5867187500000005107, -0.06622573014923550938, 1.500000000000000444 ) ) ;
#143 = EDGE_CURVE ( 'NONE', #151, #2390, #4061, .T. ) ;
#144 = ORIENTED_EDGE ( 'NONE', *, *, #519, .T. ) ;
#145 = CARTESIAN_POINT ( 'NONE',  ( 0.8242187500000005551, 0.06622573014923550938, 1.500000000000000444 ) ) ;
#146 = CARTESIAN_POINT ( 'NONE',  ( 0.7635416666666687835, 0.02295661507461568829, -1.460237976320963860 ) ) ;
#147 = CARTESIAN_POINT ( 'NONE',  ( 0.7289062500000039746, -7.023736956275672060E-18, 1.557353164693411340 ) ) ;
#148 = CARTESIAN_POINT ( 'NONE',  ( 0.5875000000000021316, 0.04591323014923139739, 1.500000000000000444 ) ) ;
#149 = CARTESIAN_POINT ( 'NONE',  ( 0.7458333333333330151, 0.03233161507461848605, 1.444000000000001283 ) ) ;
#150 = CARTESIAN_POINT ( 'NONE',  ( 0.7249999999999997558, 0.06466323014923702761, 1.500000000000000222 ) ) ;
#151 = VERTEX_POINT ( 'NONE', #4584 ) ;
#152 = CARTESIAN_POINT ( 'NONE',  ( 0.7166666666666688945, 0.02295661507461568829, 1.539762023679036584 ) ) ;
#153 = DIRECTION ( 'NONE',  ( 1.000000000000000000, -0.000000000000000000, -0.000000000000000000 ) ) ;
#154 = CARTESIAN_POINT ( 'NONE',  ( 0.7177083333333353909, -0.02295661507461571257, -1.460237976320963860 ) ) ;
#155 = CARTESIAN_POINT ( 'NONE',  ( 0.6770833333333350357, -0.03443492261192354631, -1.519881011839518070 ) ) ;
#156 = VERTEX_POINT ( 'NONE', #3095 ) ;
#157 = CARTESIAN_POINT ( 'NONE',  ( 0.7559895833333368786, -0.03311286507461777551, -1.442646835306588660 ) ) ;
#158 =( BOUNDED_CURVE ( )  B_SPLINE_CURVE ( 2, ( #4326, #1465, #2526, #2488, #1112, #774, #4620 ),
 .UNSPECIFIED., .F., .F. ) 
 B_SPLINE_CURVE_WITH_KNOTS ( ( 3, 2, 2, 3 ),
 ( 0.7727272727272725961, 0.7878787878787878451, 0.8030303030303029832, 0.8181818181818183433 ),
 .UNSPECIFIED. ) 
 CURVE ( )  GEOMETRIC_REPRESENTATION_ITEM ( )  RATIONAL_B_SPLINE_CURVE ( ( 1.000000000000000888, 0.8660254037844377084, 1.000000000000000000, 0.8660254037844387076, 1.000000000000000000, 0.8660254037844377084, 1.000000000000000888 ) ) 
 REPRESENTATION_ITEM ( '' )  );
#159 = CARTESIAN_POINT ( 'NONE',  ( 0.8221354166666667851, 0.04966929761192666326, -1.528676582346705226 ) ) ;
#160 = CARTESIAN_POINT ( 'NONE',  ( 0.5888020833333335036, -0.04966929761192663551, -1.528676582346705226 ) ) ;
#161 = CARTESIAN_POINT ( 'NONE',  ( 0.8248056942922129542, -0.03971876548456539091, -1.498145762843022810 ) ) ;
#162 = CARTESIAN_POINT ( 'NONE',  ( 0.7822916666666713814, -0.04849742261192770826, 1.527999999999999581 ) ) ;
#163 = DIRECTION ( 'NONE',  ( -1.000000000000000000, 0.000000000000000000, 1.821231995776185340E-16 ) ) ;
#164 = CARTESIAN_POINT ( 'NONE',  ( 0.8083333333333350135, 0.02295661507461572298, -1.539762023679035918 ) ) ;
#165 = ORIENTED_EDGE ( 'NONE', *, *, #383, .F. ) ;
#166 = CARTESIAN_POINT ( 'NONE',  ( 0.6031250000000046851, -6.858022075225057234E-18, 1.555999999999999162 ) ) ;
#167 = CARTESIAN_POINT ( 'NONE',  ( 0.7697916666666690944, -0.03443492261192355325, 1.519881011839518292 ) ) ;
#168 = ORIENTED_EDGE ( 'NONE', *, *, #4028, .T. ) ;
#169 = CARTESIAN_POINT ( 'NONE',  ( 0.7385416666666713148, -0.03233161507461890932, -1.555999999999999384 ) ) ;
#170 = CARTESIAN_POINT ( 'NONE',  ( 0.6072916666666686725, 0.03443492261192356713, -1.519881011839517626 ) ) ;
#171 = CARTESIAN_POINT ( 'NONE',  ( 0.8348347322407193571, -6.097646424831841197E-18, 1.549791061627542543 ) ) ;
#172 = EDGE_CURVE ( 'NONE', #2109, #120, #686, .T. ) ;
#173 = CARTESIAN_POINT ( 'NONE',  ( 0.5833333333333353687, 0.02295661507461572298, 1.460237976320964304 ) ) ;
#174 = CARTESIAN_POINT ( 'NONE',  ( 0.7437499999999998002, 0.000000000000000000, 1.444000000000001283 ) ) ;
#175 = CARTESIAN_POINT ( 'NONE',  ( 0.8322963625047091751, -0.03445713476073948567, 1.467507376749656922 ) ) ;
#176 = ORIENTED_EDGE ( 'NONE', *, *, #580, .F. ) ;
#177 = CARTESIAN_POINT ( 'NONE',  ( 0.7875000000000019762, 0.04591323014923139739, 1.500000000000000444 ) ) ;
#178 = CARTESIAN_POINT ( 'NONE',  ( 0.8385416666666712926, -0.03233161507461859013, 1.444000000000001060 ) ) ;
#179 = CARTESIAN_POINT ( 'NONE',  ( 0.6822916666666686281, 0.03443492261192356713, -1.519881011839517626 ) ) ;
#180 = FACE_OUTER_BOUND ( 'NONE', #522, .T. ) ;
#181 = ORIENTED_EDGE ( 'NONE', *, *, #183, .F. ) ;
#182 = CARTESIAN_POINT ( 'NONE',  ( 0.6789062500000034861, -7.023736956275672060E-18, -1.442646835306588882 ) ) ;
#183 = EDGE_CURVE ( 'NONE', #2620, #2799, #1282, .T. ) ;
#184 = CARTESIAN_POINT ( 'NONE',  ( 0.7575520833333335702, -0.03311286507461777551, -1.442646835306588660 ) ) ;
#185 = CARTESIAN_POINT ( 'NONE',  ( 0.5846354166666668517, -0.04966929761192663551, -1.471323417653294330 ) ) ;
#186 = CARTESIAN_POINT ( 'NONE',  ( 0.7062499999999990452, -6.858022075225118093E-18, -1.444000000000000172 ) ) ;
#187 = EDGE_CURVE ( 'NONE', #3747, #1663, #4273, .T. ) ;
#188 = CARTESIAN_POINT ( 'NONE',  ( 0.6406250000000045519, 0.000000000000000000, 1.444000000000001283 ) ) ;
#189 = CARTESIAN_POINT ( 'NONE',  ( 0.7916666666666657415, -0.03233161507461888157, -1.555999999999998940 ) ) ;
#190 = CARTESIAN_POINT ( 'NONE',  ( 0.5679687500000005773, 0.000000000000000000, 1.442646835306589326 ) ) ;
#191 = EDGE_LOOP ( 'NONE', ( #4121, #874, #3348, #2521 ) ) ;
#192 = CARTESIAN_POINT ( 'NONE',  ( 0.7763020833333338366, 0.04966929761192662163, 1.528676582346705892 ) ) ;
#193 = CARTESIAN_POINT ( 'NONE',  ( 0.6427083333333353243, -0.02295661507461571257, -1.460237976320963860 ) ) ;
#194 = VECTOR ( 'NONE', #1258, 39.37007874015748143 ) ;
#195 = CARTESIAN_POINT ( 'NONE',  ( 0.6677083333333379001, 0.03233161507461868034, -1.556000000000000050 ) ) ;
#196 = CARTESIAN_POINT ( 'NONE',  ( 0.6666666666666687391, 0.02295661507461568829, 1.539762023679036584 ) ) ;
#197 = CARTESIAN_POINT ( 'NONE',  ( 0.8373150349694460370, -0.01550629300007016001, 1.449979598259846680 ) ) ;
#198 = EDGE_LOOP ( 'NONE', ( #2098, #2004, #4614, #4589, #1497, #3273, #1298 ) ) ;
#199 = CARTESIAN_POINT ( 'NONE',  ( 0.5979166666666687613, -0.03443492261192355325, 1.519881011839518292 ) ) ;
#200 = CARTESIAN_POINT ( 'NONE',  ( 0.6249999999999997780, 0.06466323014923702761, 1.500000000000000222 ) ) ;
#201 = DIRECTION ( 'NONE',  ( 0.000000000000000000, 0.000000000000000000, -1.000000000000000000 ) ) ;
#202 = LINE ( 'NONE', #1963, #2729 ) ;
#204 = ORIENTED_EDGE ( 'NONE', *, *, #1817, .T. ) ;
#203 = CARTESIAN_POINT ( 'NONE',  ( 0.8500000000000017542, -0.04591323014923139739, -1.499999999999999778 ) ) ;
#205 = CARTESIAN_POINT ( 'NONE',  ( 0.8312499999999990452, -6.858022075225118093E-18, -1.444000000000000172 ) ) ;
#206 = CARTESIAN_POINT ( 'NONE',  ( 0.8197916666666712482, 0.04849742261192773601, 1.472000000000000863 ) ) ;
#207 = CARTESIAN_POINT ( 'NONE',  ( 0.5763020833333335480, 0.04966929761192662163, -1.471323417653294330 ) ) ;
#208 = CARTESIAN_POINT ( 'NONE',  ( 0.6979166666666657415, 0.04849742261192815929, -1.527999999999999581 ) ) ;
#209 = CARTESIAN_POINT ( 'NONE',  ( 0.6229166666666683394, -0.03443492261192355325, -1.480118988160481930 ) ) ;
#210 = DIRECTION ( 'NONE',  ( 0.000000000000000000, 0.000000000000000000, -1.000000000000000000 ) ) ;
#211 = CARTESIAN_POINT ( 'NONE',  ( 0.8520833333333350801, -0.03443492261192354631, -1.519881011839518070 ) ) ;
#212 = CARTESIAN_POINT ( 'NONE',  ( 0.6135416666666712038, -0.03233161507461849993, -1.556000000000000050 ) ) ;
#213 =( BOUNDED_CURVE ( )  B_SPLINE_CURVE ( 2, ( #4051, #809, #1957, #1859, #76, #2976, #126 ),
 .UNSPECIFIED., .F., .F. ) 
 B_SPLINE_CURVE_WITH_KNOTS ( ( 3, 2, 2, 3 ),
 ( 0.1363636363636363813, 0.1515151515151514638, 0.1666666666666665186, 0.1818181818181816012 ),
 .UNSPECIFIED. ) 
 CURVE ( )  GEOMETRIC_REPRESENTATION_ITEM ( )  RATIONAL_B_SPLINE_CURVE ( ( 0.9999999999999996669, 0.8660254037844389297, 1.000000000000000000, 0.8660254037844387076, 1.000000000000000000, 0.8660254037844401509, 0.9999999999999985567 ) ) 
 REPRESENTATION_ITEM ( '' )  );
#214 = CARTESIAN_POINT ( 'NONE',  ( 0.5804687500000006439, -7.023736956275672060E-18, 1.557353164693411340 ) ) ;
#215 = ORIENTED_EDGE ( 'NONE', *, *, #617, .T. ) ;
#216 = CARTESIAN_POINT ( 'NONE',  ( 0.7364583333333378778, -0.04849742261192818704, -1.527999999999999581 ) ) ;
#217 = CARTESIAN_POINT ( 'NONE',  ( 0.6989583333333353465, -0.03443492261192354631, -1.519881011839518070 ) ) ;
#218 = CARTESIAN_POINT ( 'NONE',  ( 0.7458333333333325710, 0.03233161507461864564, -1.555999999999999384 ) ) ;
#219 = CARTESIAN_POINT ( 'NONE',  ( 0.6375000000000021760, 0.04591323014923139739, 1.500000000000000444 ) ) ;
#220 = CARTESIAN_POINT ( 'NONE',  ( 0.7635416666666690055, 0.02295661507461568829, 1.539762023679036584 ) ) ;
#221 = CARTESIAN_POINT ( 'NONE',  ( 0.5937500000000005551, -0.04623421646483089759, -1.513796470776901160 ) ) ;
#222 = CARTESIAN_POINT ( 'NONE',  ( 0.6187500000000021316, -4.869443502615268820E-18, 1.539762023679036362 ) ) ;
#223 = AXIS2_PLACEMENT_3D ( 'NONE', #2125, #1819, #1797 ) ;
#224 = CARTESIAN_POINT ( 'NONE',  ( 0.5937500000000007772, 0.04992137690583536846, 1.481125613551968145 ) ) ;
#225 = DIRECTION ( 'NONE',  ( 1.000000000000000000, -0.000000000000000000, -0.000000000000000000 ) ) ;
#226 = CARTESIAN_POINT ( 'NONE',  ( 0.7854166666666687613, 0.03443492261192356713, 1.480118988160482596 ) ) ;
#228 = ORIENTED_EDGE ( 'NONE', *, *, #781, .F. ) ;
#227 = CARTESIAN_POINT ( 'NONE',  ( 0.8458333333333351023, -0.02295661507461571257, -1.460237976320963860 ) ) ;
#229 = CARTESIAN_POINT ( 'NONE',  ( 0.5976562500000035527, 0.06622573014923550938, -1.499999999999999778 ) ) ;
#230 = CARTESIAN_POINT ( 'NONE',  ( 0.6552083333333355020, 0.02295661507461572298, -1.539762023679035918 ) ) ;
#231 = EDGE_CURVE ( 'NONE', #2867, #1935, #1077, .T. ) ;
#232 = CARTESIAN_POINT ( 'NONE',  ( 0.6927083333333379223, 0.03233161507461922851, -1.555999999999998940 ) ) ;
#233 = CARTESIAN_POINT ( 'NONE',  ( 0.6875000000000015543, 0.04591323014923139739, -1.499999999999999778 ) ) ;
#234 = CARTESIAN_POINT ( 'NONE',  ( 0.7781250000000045075, -6.858022075225123486E-18, -1.444000000000000172 ) ) ;
#235 = CARTESIAN_POINT ( 'NONE',  ( 0.7437500000000016875, -4.869443502615268820E-18, -1.460237976320963860 ) ) ;
#236 = CARTESIAN_POINT ( 'NONE',  ( 0.7531250000000045963, -6.858022075225057234E-18, 1.555999999999999162 ) ) ;
#237 = CARTESIAN_POINT ( 'NONE',  ( 0.6614583333333358128, 0.03443492261192353937, 1.519881011839518514 ) ) ;
#238 = ORIENTED_EDGE ( 'NONE', *, *, #1089, .T. ) ;
#239 = DIRECTION ( 'NONE',  ( 0.000000000000000000, 0.000000000000000000, -1.000000000000000000 ) ) ;
#240 = CARTESIAN_POINT ( 'NONE',  ( 0.7177083333333353909, -0.02295661507461571257, -1.460237976320963860 ) ) ;
#241 = CARTESIAN_POINT ( 'NONE',  ( 0.8437500000000005551, 0.000000000000000000, 1.500000000000000444 ) ) ;
#242 =( BOUNDED_CURVE ( )  B_SPLINE_CURVE ( 2, ( #3423, #218, #1611, #3022, #4464, #4099, #3559 ),
 .UNSPECIFIED., .F., .F. ) 
 B_SPLINE_CURVE_WITH_KNOTS ( ( 3, 2, 2, 3 ),
 ( 0.6363636363636362425, 0.6515151515151513806, 0.6666666666666667407, 0.6818181818181818787 ),
 .UNSPECIFIED. ) 
 CURVE ( )  GEOMETRIC_REPRESENTATION_ITEM ( )  RATIONAL_B_SPLINE_CURVE ( ( 1.000000000000000888, 0.8660254037844377084, 1.000000000000000000, 0.8660254037844387076, 1.000000000000000000, 0.8660254037844387076, 1.000000000000000000 ) ) 
 REPRESENTATION_ITEM ( '' )  );
#243 = CARTESIAN_POINT ( 'NONE',  ( 0.7062500000000020428, 0.000000000000000000, 1.460237976320964304 ) ) ;
#244 = EDGE_CURVE ( 'NONE', #2390, #2415, #3892, .T. ) ;
#245 = CARTESIAN_POINT ( 'NONE',  ( 0.7968750000000024425, -0.04591323014923139739, 1.500000000000000444 ) ) ;
#246 = CARTESIAN_POINT ( 'NONE',  ( 0.7062499999999998224, -6.858022075225068789E-18, 1.555999999999999384 ) ) ;
#247 = CARTESIAN_POINT ( 'NONE',  ( 0.6729166666666687169, -0.03443492261192355325, 1.519881011839518292 ) ) ;
#248 = CARTESIAN_POINT ( 'NONE',  ( 0.5937500000000007772, 0.05126734994201376239, 1.490640507975513396 ) ) ;
#249 = FACE_OUTER_BOUND ( 'NONE', #2513, .T. ) ;
#250 = CARTESIAN_POINT ( 'NONE',  ( 0.5937500000000016653, -4.869443502615268820E-18, -1.460237976320963860 ) ) ;
#252 = ORIENTED_EDGE ( 'NONE', *, *, #1569, .T. ) ;
#251 = CARTESIAN_POINT ( 'NONE',  ( 0.8479166666666684282, -0.03443492261192355325, -1.480118988160481930 ) ) ;
#253 = CARTESIAN_POINT ( 'NONE',  ( 0.6289062500000034417, -7.023736956275672060E-18, -1.442646835306588882 ) ) ;
#254 = CARTESIAN_POINT ( 'NONE',  ( 0.6364583333333353465, 0.03443492261192353937, -1.480118988160481708 ) ) ;
#255 = CARTESIAN_POINT ( 'NONE',  ( 0.7739583333333357462, -0.03443492261192354631, 1.480118988160482152 ) ) ;
#256 = CARTESIAN_POINT ( 'NONE',  ( 0.6125000000000017097, 0.04591323014923139739, -1.499999999999999778 ) ) ;
#257 = CARTESIAN_POINT ( 'NONE',  ( 0.8307094096480156509, 0.04596512632152596756, -1.502861777342698213 ) ) ;
#258 = CARTESIAN_POINT ( 'NONE',  ( 0.7541666666666683172, -0.02295661507461569176, -1.539762023679035918 ) ) ;
#259 = CARTESIAN_POINT ( 'NONE',  ( 0.8375000000000021316, 0.04591323014923139739, 1.500000000000000444 ) ) ;
#260 = CARTESIAN_POINT ( 'NONE',  ( 0.6604166666666665408, -0.04849742261192779152, 1.528000000000000247 ) ) ;
#261 = AXIS2_PLACEMENT_3D ( 'NONE', #3590, #60, #3570 ) ;
#262 = CARTESIAN_POINT ( 'NONE',  ( 0.7135416666666689611, 0.02295661507461568829, 1.539762023679036584 ) ) ;
#263 = ORIENTED_EDGE ( 'NONE', *, *, #862, .T. ) ;
#264 = CARTESIAN_POINT ( 'NONE',  ( 0.6888020833333339255, -0.04966929761192663551, 1.471323417653294996 ) ) ;
#265 = CARTESIAN_POINT ( 'NONE',  ( 0.6802083333333351911, 0.02295661507461572298, -1.539762023679035918 ) ) ;
#266 = CARTESIAN_POINT ( 'NONE',  ( 0.6499999999999992450, 0.06466323014923751333, -1.499999999999999778 ) ) ;
#267 = AXIS2_PLACEMENT_3D ( 'NONE', #442, #89, #1528 ) ;
#268 = ADVANCED_FACE ( 'NONE', ( #1121 ), #2884, .F. ) ;
#269 = CARTESIAN_POINT ( 'NONE',  ( 0.8248056942922133983, -0.02920074319221206693, -1.526987684674212087 ) ) ;
#270 = CIRCLE ( 'NONE', #1409, 0.07812500000000008327 ) ;
#271 = CARTESIAN_POINT ( 'NONE',  ( 0.8010416666666690944, -0.02295661507461569523, 1.460237976320964304 ) ) ;
#272 = LINE ( 'NONE', #4177, #297 ) ;
#273 = CARTESIAN_POINT ( 'NONE',  ( 0.6750000000000020428, -0.04591323014923139739, 1.500000000000000444 ) ) ;
#274 = CARTESIAN_POINT ( 'NONE',  ( 0.5937500000000031086, 0.03186400711721079637, 1.532402776331709626 ) ) ;
#275 = CARTESIAN_POINT ( 'NONE',  ( 0.6187499999999998002, 0.000000000000000000, 1.444000000000001283 ) ) ;
#276 = FACE_OUTER_BOUND ( 'NONE', #1520, .T. ) ;
#278 = ORIENTED_EDGE ( 'NONE', *, *, #2654, .F. ) ;
#277 = CARTESIAN_POINT ( 'NONE',  ( 0.7437500000000016875, -4.869443502615268820E-18, -1.460237976320963860 ) ) ;
#279 = CARTESIAN_POINT ( 'NONE',  ( 0.8291666666666654972, 0.03233161507461914524, -1.444000000000000838 ) ) ;
#280 = CARTESIAN_POINT ( 'NONE',  ( 0.6135416666666686503, 0.02295661507461568829, -1.460237976320963860 ) ) ;
#281 = CARTESIAN_POINT ( 'NONE',  ( 0.7531250000000023759, 0.000000000000000000, 1.460237976320964304 ) ) ;
#282 = CARTESIAN_POINT ( 'NONE',  ( 0.6333333333333349691, 0.02295661507461572298, -1.539762023679035918 ) ) ;
#283 = CARTESIAN_POINT ( 'NONE',  ( 0.7250000000000016431, -0.04591323014923139739, -1.499999999999999778 ) ) ;
#284 = CARTESIAN_POINT ( 'NONE',  ( 0.8333333333333353687, 0.02295661507461572298, 1.460237976320964304 ) ) ;
#285 = DIRECTION ( 'NONE',  ( 0.000000000000000000, 0.000000000000000000, -1.000000000000000000 ) ) ;
#286 = CARTESIAN_POINT ( 'NONE',  ( 0.6489583333333357462, -0.03443492261192354631, 1.480118988160482152 ) ) ;
#287 = ORIENTED_EDGE ( 'NONE', *, *, #526, .T. ) ;
#288 = CARTESIAN_POINT ( 'NONE',  ( 0.7013020833333338810, 0.04966929761192662163, 1.528676582346705892 ) ) ;
#289 = CARTESIAN_POINT ( 'NONE',  ( 0.5864583333333353021, 0.03443492261192353937, -1.480118988160481708 ) ) ;
#290 = DIRECTION ( 'NONE',  ( 1.000000000000000000, -0.000000000000000000, -0.000000000000000000 ) ) ;
#291 = EDGE_CURVE ( 'NONE', #3001, #3502, #1854, .T. ) ;
#292 = CARTESIAN_POINT ( 'NONE',  ( 0.6406250000000044409, 0.000000000000000000, -1.555999999999999162 ) ) ;
#293 = CARTESIAN_POINT ( 'NONE',  ( 0.6864583333333357240, 0.03443492261192353937, 1.519881011839518514 ) ) ;
#294 = CARTESIAN_POINT ( 'NONE',  ( 0.6979166666666664076, 0.04849742261192781928, 1.472000000000000863 ) ) ;
#295 = CARTESIAN_POINT ( 'NONE',  ( 0.6250000000000021094, -0.04591323014923139739, 1.500000000000000444 ) ) ;
#296 = CARTESIAN_POINT ( 'NONE',  ( 0.5937499999999978906, 0.04858028403442041926, 1.476560321360999462 ) ) ;
#297 = VECTOR ( 'NONE', #3753, 39.37007874015748143 ) ;
#298 = FACE_OUTER_BOUND ( 'NONE', #323, .T. ) ;
#299 = CARTESIAN_POINT ( 'NONE',  ( 0.7458333333333354576, -0.02295661507461571257, 1.539762023679036584 ) ) ;
#301 = VERTEX_POINT ( 'NONE', #765 ) ;
#300 = CARTESIAN_POINT ( 'NONE',  ( 0.8354166666666683616, 0.03443492261192356713, -1.519881011839517626 ) ) ;
#302 = CARTESIAN_POINT ( 'NONE',  ( 0.6122395833333367232, -0.04966929761192663551, -1.528676582346705226 ) ) ;
#303 = CARTESIAN_POINT ( 'NONE',  ( 0.6947916666666686947, -0.03443492261192355325, -1.480118988160481930 ) ) ;
#304 = CARTESIAN_POINT ( 'NONE',  ( 0.8260416666666690055, -0.02295661507461569176, 1.460237976320964304 ) ) ;
#305 = CARTESIAN_POINT ( 'NONE',  ( 0.6604166666666684282, 0.03443492261192356713, -1.519881011839517626 ) ) ;
#306 = CARTESIAN_POINT ( 'NONE',  ( 0.8323345239313677535, 0.03986182434739386077, -1.473858678809607969 ) ) ;
#307 = CARTESIAN_POINT ( 'NONE',  ( 0.6750000000000017097, -0.04591323014923139739, -1.499999999999999778 ) ) ;
#308 = EDGE_CURVE ( 'NONE', #1656, #52, #4368, .T. ) ;
#309 = CARTESIAN_POINT ( 'NONE',  ( 0.7687500000000021538, -4.869443502615268820E-18, 1.539762023679036362 ) ) ;
#310 = CARTESIAN_POINT ( 'NONE',  ( 0.7677083333333377668, 0.03233161507461874279, -1.555999999999999828 ) ) ;
#311 = CARTESIAN_POINT ( 'NONE',  ( 0.6406250000000024425, -4.869443502615268820E-18, 1.539762023679036362 ) ) ;
#312 = EDGE_LOOP ( 'NONE', ( #4530, #1254, #2669, #484 ) ) ;
#313 = CARTESIAN_POINT ( 'NONE',  ( 0.6846354166666672736, -0.04966929761192663551, 1.528676582346705892 ) ) ;
#314 =( BOUNDED_CURVE ( )  B_SPLINE_CURVE ( 2, ( #57, #1165, #858, #150, #1839, #1591, #3000 ),
 .UNSPECIFIED., .F., .F. ) 
 B_SPLINE_CURVE_WITH_KNOTS ( ( 3, 2, 2, 3 ),
 ( 0.4090909090909089496, 0.4242424242424241987, 0.4393939393939393923, 0.4545454545454546413 ),
 .UNSPECIFIED. ) 
 CURVE ( )  GEOMETRIC_REPRESENTATION_ITEM ( )  RATIONAL_B_SPLINE_CURVE ( ( 1.000000000000001554, 0.8660254037844374864, 1.000000000000000000, 0.8660254037844388186, 1.000000000000000000, 0.8660254037844378194, 1.000000000000000888 ) ) 
 REPRESENTATION_ITEM ( '' )  );
#315 = CARTESIAN_POINT ( 'NONE',  ( 0.8248056942922129542, -0.03971876548456539091, -1.498145762843022810 ) ) ;
#316 = CARTESIAN_POINT ( 'NONE',  ( 0.6656250000000024647, -4.869443502615268820E-18, 1.539762023679036362 ) ) ;
#317 = CARTESIAN_POINT ( 'NONE',  ( 0.7281250000000046851, -6.858022075225057234E-18, 1.555999999999999162 ) ) ;
#318 = EDGE_CURVE ( 'NONE', #1082, #4079, #2494, .T. ) ;
#319 = CARTESIAN_POINT ( 'NONE',  ( 0.7393229166666706043, -0.03311286507461774081, 1.442646835306589548 ) ) ;
#320 = CARTESIAN_POINT ( 'NONE',  ( 0.5937500000000006661, -0.02785843759302343223, -1.471628782508890509 ) ) ;
#321 = CARTESIAN_POINT ( 'NONE',  ( 0.8135416666666712704, -0.03233161507461914524, 1.444000000000002393 ) ) ;
#322 = CARTESIAN_POINT ( 'NONE',  ( 0.6833333333333353465, 0.02295661507461571951, 1.460237976320964304 ) ) ;
#324 = VERTEX_POINT ( 'NONE', #317 ) ;
#323 = EDGE_LOOP ( 'NONE', ( #1566, #810, #426, #2813 ) ) ;
#325 = SECURITY_CLASSIFICATION_LEVEL ( 'unclassified' ) ;
#326 = CARTESIAN_POINT ( 'NONE',  ( 0.7072916666666685392, 0.03443492261192356713, -1.519881011839517626 ) ) ;
#327 = CARTESIAN_POINT ( 'NONE',  ( 0.7260416666666689167, -0.02295661507461569176, 1.460237976320964304 ) ) ;
#328 = LINE ( 'NONE', #4619, #4190 ) ;
#329 = CARTESIAN_POINT ( 'NONE',  ( 0.7937499999999998446, 0.000000000000000000, 1.444000000000001283 ) ) ;
#330 = CARTESIAN_POINT ( 'NONE',  ( 0.7125000000000016875, 0.04591323014923139739, -1.499999999999999778 ) ) ;
#331 = EDGE_CURVE ( 'NONE', #4003, #1503, #404, .T. ) ;
#332 = CARTESIAN_POINT ( 'NONE',  ( 0.8270833333333355020, -0.03443492261192354631, 1.480118988160482152 ) ) ;
#333 = DIMENSIONAL_EXPONENTS ( 1.000000000000000000, 0.000000000000000000, 0.000000000000000000, 0.000000000000000000, 0.000000000000000000, 0.000000000000000000, 0.000000000000000000 ) ;
#334 = EDGE_CURVE ( 'NONE', #2531, #4485, #4527, .T. ) ;
#335 = CARTESIAN_POINT ( 'NONE',  ( 0.6645833333333331927, -0.04849742261192779152, 1.472000000000000863 ) ) ;
#336 = CARTESIAN_POINT ( 'NONE',  ( 0.7552083333333357018, 0.02295661507461572298, 1.460237976320964304 ) ) ;
#337 = ORIENTED_EDGE ( 'NONE', *, *, #2627, .F. ) ;
#338 = CARTESIAN_POINT ( 'NONE',  ( 0.6617187500000006883, -0.06622573014923550938, 1.500000000000000444 ) ) ;
#339 = CARTESIAN_POINT ( 'NONE',  ( 0.6187499999999991340, 0.000000000000000000, -1.555999999999999384 ) ) ;
#340 = CARTESIAN_POINT ( 'NONE',  ( 0.6906250000000023759, -4.869443502615268820E-18, 1.539762023679036362 ) ) ;
#341 = CARTESIAN_POINT ( 'NONE',  ( 0.7427083333333380777, 0.03233161507461836115, 1.444000000000001283 ) ) ;
#342 = AXIS2_PLACEMENT_3D ( 'NONE', #495, #1057, #2500 ) ;
#343 = CARTESIAN_POINT ( 'NONE',  ( 0.8268229166666704044, 0.03311286507461773387, 1.557353164693411340 ) ) ;
#344 = CARTESIAN_POINT ( 'NONE',  ( 0.6156250000000045297, 0.000000000000000000, -1.555999999999999162 ) ) ;
#345 = AXIS2_PLACEMENT_3D ( 'NONE', #2022, #4142, #210 ) ;
#346 = CARTESIAN_POINT ( 'NONE',  ( 0.8020833333333324822, 0.04849742261192812459, -1.471999999999999975 ) ) ;
#347 = CARTESIAN_POINT ( 'NONE',  ( 0.6416666666666687169, 0.02295661507461568829, 1.539762023679036584 ) ) ;
#348 = ORIENTED_EDGE ( 'NONE', *, *, #2297, .F. ) ;
#349 = CARTESIAN_POINT ( 'NONE',  ( 0.6031250000000020206, 0.000000000000000000, -1.539762023679035918 ) ) ;
#350 = CARTESIAN_POINT ( 'NONE',  ( 0.8364583333333356352, 0.03443492261192353937, 1.519881011839518514 ) ) ;
#351 = CARTESIAN_POINT ( 'NONE',  ( 0.5875000000000016875, 0.04591323014923139739, -1.499999999999999778 ) ) ;
#352 = CYLINDRICAL_SURFACE ( 'NONE', #3553, 0.05599999999999880074 ) ;
#353 = CARTESIAN_POINT ( 'NONE',  ( 0.6041666666666682950, -0.02295661507461569176, -1.539762023679035918 ) ) ;
#354 = CARTESIAN_POINT ( 'NONE',  ( 0.7812500000000021094, 0.000000000000000000, 1.460237976320964304 ) ) ;
#355 = CARTESIAN_POINT ( 'NONE',  ( 0.7697916666666710928, 0.04849742261192820092, -1.527999999999999581 ) ) ;
#356 = CARTESIAN_POINT ( 'NONE',  ( 0.8313932059729636226, 0.04583884302466618987, 1.509094107099827831 ) ) ;
#357 = ORIENTED_EDGE ( 'NONE', *, *, #812, .T. ) ;
#358 = CARTESIAN_POINT ( 'NONE',  ( 0.6950520833333339032, 0.03311286507461778245, 1.442646835306589548 ) ) ;
#359 = CARTESIAN_POINT ( 'NONE',  ( 0.8322916666666712038, -0.04849742261192818704, -1.471999999999999975 ) ) ;
#360 = CARTESIAN_POINT ( 'NONE',  ( 0.6302083333333357018, 0.02295661507461571951, 1.460237976320964304 ) ) ;
#361 = CARTESIAN_POINT ( 'NONE',  ( 0.6718750000000045519, 0.06466323014923693047, 1.500000000000000444 ) ) ;
#362 = CARTESIAN_POINT ( 'NONE',  ( 0.7851562500000038858, -0.06622573014923550938, 1.500000000000000444 ) ) ;
#363 = CARTESIAN_POINT ( 'NONE',  ( 0.8437500000000004441, 0.000000000000000000, -1.499999999999999556 ) ) ;
#364 = CARTESIAN_POINT ( 'NONE',  ( 0.7958333333333325044, 0.03233161507461864564, -1.555999999999999384 ) ) ;
#365 =( BOUNDED_CURVE ( )  B_SPLINE_CURVE ( 2, ( #1414, #16, #4277, #3169, #1495, #56, #1123 ),
 .UNSPECIFIED., .F., .F. ) 
 B_SPLINE_CURVE_WITH_KNOTS ( ( 3, 2, 2, 3 ),
 ( 0.7272727272727274039, 0.7424242424242424310, 0.7575757575757575690, 0.7727272727272725961 ),
 .UNSPECIFIED. ) 
 CURVE ( )  GEOMETRIC_REPRESENTATION_ITEM ( )  RATIONAL_B_SPLINE_CURVE ( ( 0.9999999999999990008, 0.8660254037844397068, 1.000000000000000000, 0.8660254037844387076, 1.000000000000000000, 0.8660254037844397068, 0.9999999999999990008 ) ) 
 REPRESENTATION_ITEM ( '' )  );
#366 = CARTESIAN_POINT ( 'NONE',  ( 0.7395833333333354798, 0.03443492261192353937, 1.519881011839518514 ) ) ;
#367 = ORIENTED_EDGE ( 'NONE', *, *, #3504, .T. ) ;
#368 = PERSON_AND_ORGANIZATION ( #3987, #2447 ) ;
#369 = LINE ( 'NONE', #1440, #1770 ) ;
#370 = CARTESIAN_POINT ( 'NONE',  ( 0.6031250000000023537, 0.000000000000000000, 1.460237976320964304 ) ) ;
#371 = DIRECTION ( 'NONE',  ( 1.000000000000000000, 0.000000000000000000, 0.000000000000000000 ) ) ;
#372 = CARTESIAN_POINT ( 'NONE',  ( 0.8000000000000017097, -0.04591323014923139739, -1.499999999999999778 ) ) ;
#373 = CARTESIAN_POINT ( 'NONE',  ( 0.5916666666666682284, 0.02295661507461568829, -1.460237976320963860 ) ) ;
#374 = ADVANCED_FACE ( 'NONE', ( #2948 ), #849, .F. ) ;
#375 = CARTESIAN_POINT ( 'NONE',  ( 0.7179687500000001554, 0.000000000000000000, -1.557353164693410896 ) ) ;
#376 = CARTESIAN_POINT ( 'NONE',  ( 0.7583333333333325266, -0.03233161507461877054, -1.444000000000000172 ) ) ;
#377 = CIRCLE ( 'NONE', #688, 0.05599999999999880074 ) ;
#378 = CARTESIAN_POINT ( 'NONE',  ( 0.8272369606872432835, 0.005982787214843355607, 1.457806709925911770 ) ) ;
#379 = EDGE_LOOP ( 'NONE', ( #3901, #287, #18, #4058 ) ) ;
#380 = CARTESIAN_POINT ( 'NONE',  ( 0.6325520833333340143, -0.03311286507461777551, 1.557353164693411340 ) ) ;
#381 = CARTESIAN_POINT ( 'NONE',  ( 0.6052083333333356796, 0.02295661507461571951, 1.460237976320964304 ) ) ;
#382 = CARTESIAN_POINT ( 'NONE',  ( 0.6895833333333333259, -0.04849742261192779152, 1.472000000000000863 ) ) ;
#383 = EDGE_CURVE ( 'NONE', #1355, #2173, #605, .T. ) ;
#384 = CARTESIAN_POINT ( 'NONE',  ( 0.8309895833333372783, -0.03311286507461777551, 1.557353164693411340 ) ) ;
#385 = EDGE_CURVE ( 'NONE', #1183, #554, #1066, .T. ) ;
#386 = LINE ( 'NONE', #2501, #3887 ) ;
#387 = CARTESIAN_POINT ( 'NONE',  ( 0.6958333333333354132, -0.02295661507461571257, 1.539762023679036584 ) ) ;
#388 = ORIENTED_EDGE ( 'NONE', *, *, #2859, .T. ) ;
#389 = CARTESIAN_POINT ( 'NONE',  ( 0.5937500000000016653, -0.01035934229929751614, -1.460237976320963860 ) ) ;
#390 = CARTESIAN_POINT ( 'NONE',  ( 0.5968750000000019318, -0.04591323014923139739, -1.499999999999999778 ) ) ;
#391 =( BOUNDED_CURVE ( )  B_SPLINE_CURVE ( 2, ( #4586, #3453, #4158, #4181, #986, #3053, #2412 ),
 .UNSPECIFIED., .F., .F. ) 
 B_SPLINE_CURVE_WITH_KNOTS ( ( 3, 2, 2, 3 ),
 ( 0.3636363636363637020, 0.3787878787878787845, 0.3939393939393938116, 0.4090909090909089496 ),
 .UNSPECIFIED. ) 
 CURVE ( )  GEOMETRIC_REPRESENTATION_ITEM ( )  RATIONAL_B_SPLINE_CURVE ( ( 0.9999999999999995559, 0.8660254037844391517, 1.000000000000000000, 0.8660254037844387076, 1.000000000000000000, 0.8660254037844401509, 0.9999999999999985567 ) ) 
 REPRESENTATION_ITEM ( '' )  );
#392 = CARTESIAN_POINT ( 'NONE',  ( 0.7218750000000022649, -0.04591323014923139739, 1.500000000000000444 ) ) ;
#393 = CARTESIAN_POINT ( 'NONE',  ( 0.5895833333333350135, 0.03443492261192353937, -1.480118988160481708 ) ) ;
#394 = CARTESIAN_POINT ( 'NONE',  ( 0.8208333333333350801, -0.02295661507461571257, -1.460237976320963860 ) ) ;
#395 = VERTEX_POINT ( 'NONE', #1845 ) ;
#396 = CARTESIAN_POINT ( 'NONE',  ( 0.6208333333333350135, -0.02295661507461571257, -1.460237976320963860 ) ) ;
#397 = CARTESIAN_POINT ( 'NONE',  ( 0.6825520833333336146, -0.03311286507461777551, -1.442646835306588660 ) ) ;
#398 = CARTESIAN_POINT ( 'NONE',  ( 0.5937500000000007772, 6.858022075225043367E-18, 1.555999999999999162 ) ) ;
#399 = CARTESIAN_POINT ( 'NONE',  ( 0.6833333333333325710, -0.03233161507461890932, -1.443999999999999950 ) ) ;
#400 = FACE_OUTER_BOUND ( 'NONE', #4022, .T. ) ;
#401 = ORIENTED_EDGE ( 'NONE', *, *, #125, .F. ) ;
#402 = ORIENTED_EDGE ( 'NONE', *, *, #1842, .T. ) ;
#403 = DIRECTION ( 'NONE',  ( -0.000000000000000000, -0.000000000000000000, -1.000000000000000000 ) ) ;
#404 = LINE ( 'NONE', #3940, #3439 ) ;
#405 = CARTESIAN_POINT ( 'NONE',  ( 0.8539062500000039746, -7.023736956275672060E-18, 1.557353164693411340 ) ) ;
#406 = VECTOR ( 'NONE', #2252, 39.37007874015748143 ) ;
#407 = CARTESIAN_POINT ( 'NONE',  ( 0.7708333333333330373, 0.03233161507461848605, 1.444000000000001283 ) ) ;
#408 = CARTESIAN_POINT ( 'NONE',  ( 0.5979166666666687613, -0.03443492261192355325, 1.519881011839518292 ) ) ;
#409 = EDGE_LOOP ( 'NONE', ( #1792, #2604, #805, #683 ) ) ;
#410 = CARTESIAN_POINT ( 'NONE',  ( 0.000000000000000000, 0.000000000000000000, 0.000000000000000000 ) ) ;
#411 = B_SPLINE_CURVE_WITH_KNOTS ( 'NONE', 3,
 ( #2581, #3251, #1496, #1143, #2559, #3984 ),
 .UNSPECIFIED., .F., .F.,
 ( 4, 2, 4 ),
 ( 0.000000000000000000, 0.0004287971446477917585, 0.0008575942892955837338 ),
 .UNSPECIFIED. ) ;
#412 = VECTOR ( 'NONE', #4429, 39.37007874015748854 ) ;
#413 = CARTESIAN_POINT ( 'NONE',  ( 0.6010416666666685837, -0.02295661507461569176, -1.539762023679035918 ) ) ;
#414 = CARTESIAN_POINT ( 'NONE',  ( 0.7156250000000023981, -4.869443502615268820E-18, 1.539762023679036362 ) ) ;
#415 = CARTESIAN_POINT ( 'NONE',  ( 0.5812500000000017097, 0.000000000000000000, -1.539762023679035918 ) ) ;
#416 = CARTESIAN_POINT ( 'NONE',  ( 0.7583333333333349691, 0.02295661507461571951, -1.539762023679035918 ) ) ;
#417 = EDGE_LOOP ( 'NONE', ( #548, #181 ) ) ;
#418 = CARTESIAN_POINT ( 'NONE',  ( 0.8122395833333367898, -0.04966929761192663551, -1.528676582346705226 ) ) ;
#419 = AXIS2_PLACEMENT_3D ( 'NONE', #806, #30, #1492 ) ;
#420 =( BOUNDED_CURVE ( )  B_SPLINE_CURVE ( 2, ( #3750, #1358, #3395, #2694, #3844, #195, #2406 ),
 .UNSPECIFIED., .F., .F. ) 
 B_SPLINE_CURVE_WITH_KNOTS ( ( 3, 2, 2, 3 ),
 ( 0.6818181818181816567, 0.6969696969696970168, 0.7121212121212121549, 0.7272727272727274039 ),
 .UNSPECIFIED. ) 
 CURVE ( )  GEOMETRIC_REPRESENTATION_ITEM ( )  RATIONAL_B_SPLINE_CURVE ( ( 1.000000000000000888, 0.8660254037844377084, 1.000000000000000000, 0.8660254037844387076, 1.000000000000000000, 0.8660254037844377084, 1.000000000000000888 ) ) 
 REPRESENTATION_ITEM ( '' )  );
#421 = CARTESIAN_POINT ( 'NONE',  ( 0.6263020833333335924, 0.04966929761192662163, -1.471323417653294330 ) ) ;
#422 = DIRECTION ( 'NONE',  ( 1.000000000000000000, -0.000000000000000000, -0.000000000000000000 ) ) ;
#423 = CARTESIAN_POINT ( 'NONE',  ( 0.8373150349694463701, -0.01550629300006628811, -1.550020401740156650 ) ) ;
#424 = CARTESIAN_POINT ( 'NONE',  ( 0.5937500000000007772, 0.000000000000000000, -1.555999999999999162 ) ) ;
#425 = VERTEX_POINT ( 'NONE', #1825 ) ;
#426 = ORIENTED_EDGE ( 'NONE', *, *, #781, .T. ) ;
#427 = LINE ( 'NONE', #2621, #2283 ) ;
#428 = CARTESIAN_POINT ( 'NONE',  ( 0.8447916666666687169, -0.03443492261192355325, -1.480118988160481930 ) ) ;
#429 = CARTESIAN_POINT ( 'NONE',  ( 0.7268229166666706487, 0.03311286507461773387, 1.557353164693411340 ) ) ;
#430 = EDGE_CURVE ( 'NONE', #4009, #3962, #4340, .T. ) ;
#431 = DIRECTION ( 'NONE',  ( 0.000000000000000000, 0.000000000000000000, -1.000000000000000000 ) ) ;
#432 = CARTESIAN_POINT ( 'NONE',  ( 0.8400530853067588177, 1.060251407281157631E-12, 1.444990585306418218 ) ) ;
#433 = ORIENTED_EDGE ( 'NONE', *, *, #791, .T. ) ;
#434 = CARTESIAN_POINT ( 'NONE',  ( 0.8041666666666688057, -0.02295661507461569176, 1.460237976320964304 ) ) ;
#435 = CARTESIAN_POINT ( 'NONE',  ( 0.8395833333333332371, -0.04849742261192779152, 1.472000000000000863 ) ) ;
#436 = CARTESIAN_POINT ( 'NONE',  ( 0.6322916666666691388, 0.03443492261192356713, 1.480118988160482596 ) ) ;
#437 = CARTESIAN_POINT ( 'NONE',  ( 0.6947916666666686947, -0.03443492261192355325, -1.480118988160481930 ) ) ;
#438 = CARTESIAN_POINT ( 'NONE',  ( 0.6458333333333350357, -0.02295661507461571257, -1.460237976320963860 ) ) ;
#439 = CARTESIAN_POINT ( 'NONE',  ( 0.8268229166666702934, 0.03311286507461773387, -1.442646835306588660 ) ) ;
#440 = CARTESIAN_POINT ( 'NONE',  ( 0.7062499999999998224, -6.858022075225068789E-18, 1.555999999999999384 ) ) ;
#441 = CARTESIAN_POINT ( 'NONE',  ( 0.6388020833333335480, -0.04966929761192663551, -1.528676582346705226 ) ) ;
#442 = CARTESIAN_POINT ( 'NONE',  ( 0.5937500000000007772, 0.000000000000000000, -1.500000000000000444 ) ) ;
#443 = EDGE_CURVE ( 'NONE', #3502, #2415, #328, .T. ) ;
#444 = DIRECTION ( 'NONE',  ( 1.000000000000000000, -0.000000000000000000, -0.000000000000000000 ) ) ;
#445 = DIRECTION ( 'NONE',  ( 1.000000000000000000, -0.000000000000000000, -0.000000000000000000 ) ) ;
#446 = ORIENTED_EDGE ( 'NONE', *, *, #1966, .F. ) ;
#447 = CARTESIAN_POINT ( 'NONE',  ( 0.7177083333333379445, 0.03233161507461829176, 1.444000000000001060 ) ) ;
#448 = ORIENTED_EDGE ( 'NONE', *, *, #2055, .F. ) ;
#449 = DIRECTION ( 'NONE',  ( 1.000000000000000000, 0.000000000000000000, 0.000000000000000000 ) ) ;
#450 = CARTESIAN_POINT ( 'NONE',  ( 0.8093750000000019540, 0.04591323014923139739, -1.499999999999999778 ) ) ;
#451 = AXIS2_PLACEMENT_3D ( 'NONE', #3740, #2686, #3013 ) ;
#452 = CARTESIAN_POINT ( 'NONE',  ( 0.6914062500000038858, 0.000000000000000000, 1.442646835306589326 ) ) ;
#453 = CARTESIAN_POINT ( 'NONE',  ( 0.6812499999999999112, -6.858022075225068789E-18, 1.555999999999999384 ) ) ;
#454 = CARTESIAN_POINT ( 'NONE',  ( 0.7906250000000045741, 0.000000000000000000, 1.444000000000001283 ) ) ;
#455 = ORIENTED_EDGE ( 'NONE', *, *, #3831, .F. ) ;
#456 = CARTESIAN_POINT ( 'NONE',  ( 0.7500000000000021094, -0.04591323014923139739, 1.500000000000000444 ) ) ;
#457 =( BOUNDED_SURFACE ( )  B_SPLINE_SURFACE ( 1, 2, ( 
 ( #923, #1580, #211, #4454, #899, #4021, #4091, #2272, #2249, #1280, #1946, #3764, #1971, #543, #2664, #3015, #3663, #469, #1922, #2301, #3362, #4430, #4066, #164, #566, #1202, #115, #3716, #3686, #3335, #1897, #139, #1630, #3742, #2616, #516, #2638, #4481, #1604, #1253, #3388, #2688, #3311, #2968, #4405, #4167, #3155, #2373, #2023, #258, #2070, #3179, #1745, #1046, #235, #4596, #2094, #2443, #1400, #4241, #3440, #1351, #4552, #283, #3085, #2807, #1697, #2468, #1675, #330, #2711, #2397, #3790, #1305, #593, #3812, #4525, #1326, #2760, #4143, #3884, #970, #693, #2735, #3509, #616, #2044, #307, #2116, #947, #3531, #1767, #4191, #996, #3462, #3111, #4574, #1722, #2420, #2783, #3835, #641, #3484, #3134, #1376, #4216, #1020, #3861, #665, #3968, #2137, #1810, #758, #396, #2489, #1826, #3595, #2546, #1869, #2162, #4287, #353, #2200, #4621, #1504, #3220, #2873, #373, #23, #3574, #2894, #2221, #1466 ),
 ( #2852, #1847, #3198, #3259, #3637, #4307, #1113, #3236, #2179, #3907, #2508, #714, #3929, #43, #1788, #1485, #2527, #3552, #1423, #439, #2916, #3993, #3614, #4328, #797, #737, #418, #3951, #4351, #1132, #1444, #775, #1088, #65, #2833, #1149, #2566, #4265, #1068, #5, #1273, #1623, #108, #1196, #3657, #462, #2632, #3034, #2266, #2682, #510, #1598, #4111, #157, #2962, #2936, #1965, #4059, #4474, #2658, #1246, #3356, #3710, #4372, #917, #2610, #1573, #866, #485, #133, #2293, #2346, #1891, #818, #4015, #3758, #85, #4398, #1173, #3281, #2589, #4037, #2242, #3305, #1916, #1525, #3381, #1549, #537, #841, #182, #560, #3680, #3329, #1941, #3007, #2982, #4424, #1220, #4448, #4085, #893, #2320, #3734, #940, #3878, #2463, #3503, #1394, #4211, #1716, #2800, #1321, #2437, #253, #1740, #3457, #3433, #3129, #1671, #3080, #1991, #302, #4590, #1647, #1371, #1346, #4235, #3150, #229, #4520, #2367, #3782 ) ),
 .UNSPECIFIED., .F., .F., .F. ) 
 B_SPLINE_SURFACE_WITH_KNOTS ( ( 2, 2 ),
 ( 3, 2, 2, 2, 2, 2, 2, 2, 2, 2, 2, 2, 2, 2, 2, 2, 2, 2, 2, 2, 2, 2, 2, 2, 2, 2, 2, 2, 2, 2, 2, 2, 2, 2, 2, 2, 2, 2, 2, 2, 2, 2, 2, 2, 2, 2, 2, 2, 2, 2, 2, 2, 2, 2, 2, 2, 2, 2, 2, 2, 2, 2, 2, 2, 2, 2, 3 ),
 ( 0.000000000000000000, 1.000000000000000000 ),
 ( 0.000000000000000000, 0.01515151515151515194, 0.03030303030303030387, 0.04545454545454545581, 0.06060606060606060774, 0.07575757575757575968, 0.09090909090909091161, 0.1060606060606060635, 0.1212121212121212155, 0.1363636363636363535, 0.1515151515151515194, 0.1666666666666666574, 0.1818181818181818232, 0.1969696969696969613, 0.2121212121212121271, 0.2272727272727272652, 0.2424242424242424310, 0.2575757575757575690, 0.2727272727272727071, 0.2878787878787879007, 0.3030303030303030387, 0.3181818181818181768, 0.3333333333333333148, 0.3484848484848485084, 0.3636363636363636465, 0.3787878787878787845, 0.3939393939393939226, 0.4090909090909091161, 0.4242424242424242542, 0.4393939393939393923, 0.4545454545454545303, 0.4696969696969697239, 0.4848484848484848619, 0.5000000000000000000, 0.5151515151515151381, 0.5303030303030302761, 0.5454545454545454142, 0.5606060606060605522, 0.5757575757575758013, 0.5909090909090909394, 0.6060606060606060774, 0.6212121212121212155, 0.6363636363636363535, 0.6515151515151514916, 0.6666666666666666297, 0.6818181818181817677, 0.6969696969696970168, 0.7121212121212121549, 0.7272727272727272929, 0.7424242424242424310, 0.7575757575757575690, 0.7727272727272727071, 0.7878787878787878451, 0.8030303030303029832, 0.8181818181818182323, 0.8333333333333333703, 0.8484848484848485084, 0.8636363636363636465, 0.8787878787878787845, 0.8939393939393939226, 0.9090909090909090606, 0.9242424242424241987, 0.9393939393939394478, 0.9545454545454545858, 0.9696969696969697239, 0.9848484848484848619, 1.000000000000000000 ),
 .UNSPECIFIED. ) 
 GEOMETRIC_REPRESENTATION_ITEM ( )  RATIONAL_B_SPLINE_SURFACE ( (
 ( 1.000000000000000000, 0.8660254037844387076, 1.000000000000000000, 0.8660254037844387076, 1.000000000000000000, 0.8660254037844387076, 1.000000000000000000, 0.8660254037844387076, 1.000000000000000000, 0.8660254037844387076, 1.000000000000000000, 0.8660254037844387076, 1.000000000000000000, 0.8660254037844387076, 1.000000000000000000, 0.8660254037844387076, 1.000000000000000000, 0.8660254037844387076, 1.000000000000000000, 0.8660254037844387076, 1.000000000000000000, 0.8660254037844387076, 1.000000000000000000, 0.8660254037844387076, 1.000000000000000000, 0.8660254037844387076, 1.000000000000000000, 0.8660254037844387076, 1.000000000000000000, 0.8660254037844387076, 1.000000000000000000, 0.8660254037844387076, 1.000000000000000000, 0.8660254037844387076, 1.000000000000000000, 0.8660254037844387076, 1.000000000000000000, 0.8660254037844387076, 1.000000000000000000, 0.8660254037844387076, 1.000000000000000000, 0.8660254037844387076, 1.000000000000000000, 0.8660254037844387076, 1.000000000000000000, 0.8660254037844387076, 1.000000000000000000, 0.8660254037844387076, 1.000000000000000000, 0.8660254037844387076, 1.000000000000000000, 0.8660254037844387076, 1.000000000000000000, 0.8660254037844387076, 1.000000000000000000, 0.8660254037844387076, 1.000000000000000000, 0.8660254037844387076, 1.000000000000000000, 0.8660254037844387076, 1.000000000000000000, 0.8660254037844387076, 1.000000000000000000, 0.8660254037844387076, 1.000000000000000000, 0.8660254037844387076, 1.000000000000000000, 0.8660254037844387076, 1.000000000000000000, 0.8660254037844387076, 1.000000000000000000, 0.8660254037844387076, 1.000000000000000000, 0.8660254037844387076, 1.000000000000000000, 0.8660254037844387076, 1.000000000000000000, 0.8660254037844387076, 1.000000000000000000, 0.8660254037844387076, 1.000000000000000000, 0.8660254037844387076, 1.000000000000000000, 0.8660254037844387076, 1.000000000000000000, 0.8660254037844387076, 1.000000000000000000, 0.8660254037844387076, 1.000000000000000000, 0.8660254037844387076, 1.000000000000000000, 0.8660254037844387076, 1.000000000000000000, 0.8660254037844387076, 1.000000000000000000, 0.8660254037844387076, 1.000000000000000000, 0.8660254037844387076, 1.000000000000000000, 0.8660254037844387076, 1.000000000000000000, 0.8660254037844387076, 1.000000000000000000, 0.8660254037844387076, 1.000000000000000000, 0.8660254037844387076, 1.000000000000000000, 0.8660254037844387076, 1.000000000000000000, 0.8660254037844387076, 1.000000000000000000, 0.8660254037844387076, 1.000000000000000000, 0.8660254037844387076, 1.000000000000000000, 0.8660254037844387076, 1.000000000000000000, 0.8660254037844387076, 1.000000000000000000, 0.8660254037844387076, 1.000000000000000000, 0.8660254037844387076, 1.000000000000000000, 0.8660254037844387076, 1.000000000000000000, 0.8660254037844387076, 1.000000000000000000, 0.8660254037844387076, 1.000000000000000000, 0.8660254037844387076, 1.000000000000000000, 0.8660254037844387076, 1.000000000000000000),
 ( 1.000000000000000000, 0.8660254037844387076, 1.000000000000000000, 0.8660254037844387076, 1.000000000000000000, 0.8660254037844387076, 1.000000000000000000, 0.8660254037844387076, 1.000000000000000000, 0.8660254037844387076, 1.000000000000000000, 0.8660254037844387076, 1.000000000000000000, 0.8660254037844387076, 1.000000000000000000, 0.8660254037844387076, 1.000000000000000000, 0.8660254037844387076, 1.000000000000000000, 0.8660254037844387076, 1.000000000000000000, 0.8660254037844387076, 1.000000000000000000, 0.8660254037844387076, 1.000000000000000000, 0.8660254037844387076, 1.000000000000000000, 0.8660254037844387076, 1.000000000000000000, 0.8660254037844387076, 1.000000000000000000, 0.8660254037844387076, 1.000000000000000000, 0.8660254037844387076, 1.000000000000000000, 0.8660254037844387076, 1.000000000000000000, 0.8660254037844387076, 1.000000000000000000, 0.8660254037844387076, 1.000000000000000000, 0.8660254037844387076, 1.000000000000000000, 0.8660254037844387076, 1.000000000000000000, 0.8660254037844387076, 1.000000000000000000, 0.8660254037844387076, 1.000000000000000000, 0.8660254037844387076, 1.000000000000000000, 0.8660254037844387076, 1.000000000000000000, 0.8660254037844387076, 1.000000000000000000, 0.8660254037844387076, 1.000000000000000000, 0.8660254037844387076, 1.000000000000000000, 0.8660254037844387076, 1.000000000000000000, 0.8660254037844387076, 1.000000000000000000, 0.8660254037844387076, 1.000000000000000000, 0.8660254037844387076, 1.000000000000000000, 0.8660254037844387076, 1.000000000000000000, 0.8660254037844387076, 1.000000000000000000, 0.8660254037844387076, 1.000000000000000000, 0.8660254037844387076, 1.000000000000000000, 0.8660254037844387076, 1.000000000000000000, 0.8660254037844387076, 1.000000000000000000, 0.8660254037844387076, 1.000000000000000000, 0.8660254037844387076, 1.000000000000000000, 0.8660254037844387076, 1.000000000000000000, 0.8660254037844387076, 1.000000000000000000, 0.8660254037844387076, 1.000000000000000000, 0.8660254037844387076, 1.000000000000000000, 0.8660254037844387076, 1.000000000000000000, 0.8660254037844387076, 1.000000000000000000, 0.8660254037844387076, 1.000000000000000000, 0.8660254037844387076, 1.000000000000000000, 0.8660254037844387076, 1.000000000000000000, 0.8660254037844387076, 1.000000000000000000, 0.8660254037844387076, 1.000000000000000000, 0.8660254037844387076, 1.000000000000000000, 0.8660254037844387076, 1.000000000000000000, 0.8660254037844387076, 1.000000000000000000, 0.8660254037844387076, 1.000000000000000000, 0.8660254037844387076, 1.000000000000000000, 0.8660254037844387076, 1.000000000000000000, 0.8660254037844387076, 1.000000000000000000, 0.8660254037844387076, 1.000000000000000000, 0.8660254037844387076, 1.000000000000000000, 0.8660254037844387076, 1.000000000000000000, 0.8660254037844387076, 1.000000000000000000, 0.8660254037844387076, 1.000000000000000000, 0.8660254037844387076, 1.000000000000000000, 0.8660254037844387076, 1.000000000000000000) ) ) 
 REPRESENTATION_ITEM ( '' )  SURFACE ( )  );
#458 = CARTESIAN_POINT ( 'NONE',  ( 0.8104166666666658969, -0.04849742261192814541, -1.471999999999999975 ) ) ;
#459 = CARTESIAN_POINT ( 'NONE',  ( 0.6281250000000023759, 0.000000000000000000, 1.460237976320964304 ) ) ;
#460 = CARTESIAN_POINT ( 'NONE',  ( 0.6906250000000020428, -4.869443502615268820E-18, -1.460237976320963860 ) ) ;
#461 = CARTESIAN_POINT ( 'NONE',  ( 0.6666666666666684060, 0.02295661507461568829, -1.460237976320963860 ) ) ;
#462 = CARTESIAN_POINT ( 'NONE',  ( 0.7726562500000034861, 0.06622573014923550938, -1.499999999999999778 ) ) ;
#463 = CARTESIAN_POINT ( 'NONE',  ( 0.8283854166666667629, 0.03311286507461773387, -1.442646835306588660 ) ) ;
#464 = CARTESIAN_POINT ( 'NONE',  ( 0.6033854166666668961, 0.03311286507461773387, -1.442646835306588660 ) ) ;
#465 = CARTESIAN_POINT ( 'NONE',  ( 0.7624999999999991784, -0.06466323014923751333, -1.499999999999999778 ) ) ;
#466 = EDGE_CURVE ( 'NONE', #3230, #2109, #2314, .T. ) ;
#467 = CARTESIAN_POINT ( 'NONE',  ( 0.8218750000000045741, 0.06466323014923756884, -1.499999999999999778 ) ) ;
#468 = CARTESIAN_POINT ( 'NONE',  ( 0.7104166666666658081, -0.04849742261192814541, -1.471999999999999975 ) ) ;
#469 = CARTESIAN_POINT ( 'NONE',  ( 0.8208333333333350801, -0.02295661507461571257, -1.460237976320963860 ) ) ;
#470 = ORIENTED_EDGE ( 'NONE', *, *, #679, .T. ) ;
#471 = ADVANCED_FACE ( 'NONE', ( #298 ), #914, .F. ) ;
#472 = ORIENTED_EDGE ( 'NONE', *, *, #991, .T. ) ;
#473 = CARTESIAN_POINT ( 'NONE',  ( 0.8400934484673180380, -0.04923361754702886700, -1.526920831748364682 ) ) ;
#474 = CARTESIAN_POINT ( 'NONE',  ( 0.8343750000000019762, 0.04591323014923139739, -1.499999999999999778 ) ) ;
#475 = CARTESIAN_POINT ( 'NONE',  ( 0.7247395833333371007, 0.04966929761192662163, 1.528676582346705892 ) ) ;
#476 = CARTESIAN_POINT ( 'NONE',  ( 0.7541666666666663188, 0.03233161507461829176, 1.555999999999999828 ) ) ;
#477 = DIRECTION ( 'NONE',  ( 0.000000000000000000, 0.000000000000000000, -1.000000000000000000 ) ) ;
#478 = EDGE_LOOP ( 'NONE', ( #3666, #4638, #470, #4110 ) ) ;
#479 = CARTESIAN_POINT ( 'NONE',  ( 0.7770833333333354576, -0.03443492261192354631, 1.480118988160482152 ) ) ;
#480 = CARTESIAN_POINT ( 'NONE',  ( -0.1562499999999999445, 0.000000000000000000, -1.375000000000000444 ) ) ;
#481 = CARTESIAN_POINT ( 'NONE',  ( 0.8562500000000020650, 0.000000000000000000, 1.460237976320964304 ) ) ;
#482 = CARTESIAN_POINT ( 'NONE',  ( 0.6927083333333353687, -0.02295661507461571257, -1.460237976320963860 ) ) ;
#483 = CARTESIAN_POINT ( 'NONE',  ( 0.7166666666666684504, 0.02295661507461568829, -1.460237976320963860 ) ) ;
#484 = ORIENTED_EDGE ( 'NONE', *, *, #967, .F. ) ;
#485 = CARTESIAN_POINT ( 'NONE',  ( 0.7247395833333368786, 0.04966929761192662163, -1.471323417653294330 ) ) ;
#486 = CIRCLE ( 'NONE', #3237, 0.05599999999999880074 ) ;
#487 = CARTESIAN_POINT ( 'NONE',  ( 0.8260416666666713370, 0.03233161507461817380, 1.556000000000000050 ) ) ;
#488 = CARTESIAN_POINT ( 'NONE',  ( 0.7864583333333352577, 0.03443492261192353937, -1.480118988160481708 ) ) ;
#489 = ADVANCED_FACE ( 'NONE', ( #249 ), #1687, .F. ) ;
#490 = CARTESIAN_POINT ( 'NONE',  ( 0.6218750000000047296, 0.06466323014923693047, 1.500000000000000444 ) ) ;
#491 = VECTOR ( 'NONE', #922, 39.37007874015748143 ) ;
#492 = CARTESIAN_POINT ( 'NONE',  ( 0.5937500000000031086, -0.004712072253645179822, 1.444525900921175277 ) ) ;
#493 = DIRECTION ( 'NONE',  ( 1.000000000000000000, -0.000000000000000000, -0.000000000000000000 ) ) ;
#494 = VERTEX_POINT ( 'NONE', #1667 ) ;
#495 = CARTESIAN_POINT ( 'NONE',  ( -0.07812499999999986122, 0.000000000000000000, 1.375000000000000444 ) ) ;
#496 = CARTESIAN_POINT ( 'NONE',  ( 0.5700520833333339032, 0.03311286507461778245, 1.442646835306589548 ) ) ;
#497 = ORIENTED_EDGE ( 'NONE', *, *, #1097, .F. ) ;
#498 = CARTESIAN_POINT ( 'NONE',  ( 0.8410436706131770856, 0.006292652610736905634, -1.555645327954111812 ) ) ;
#499 = CARTESIAN_POINT ( 'NONE',  ( 0.8052083333333353021, 0.02295661507461572298, -1.539762023679035918 ) ) ;
#500 = CARTESIAN_POINT ( 'NONE',  ( 0.7018229166666705154, 0.03311286507461773387, 1.557353164693411340 ) ) ;
#501 = CARTESIAN_POINT ( 'NONE',  ( 0.6458333333333353687, -0.02295661507461571257, 1.539762023679036584 ) ) ;
#502 = FACE_OUTER_BOUND ( 'NONE', #4498, .T. ) ;
#503 = CARTESIAN_POINT ( 'NONE',  ( 0.7583333333333331927, -0.03233161507461874973, 1.555999999999999162 ) ) ;
#504 = ORIENTED_EDGE ( 'NONE', *, *, #3417, .T. ) ;
#505 = CARTESIAN_POINT ( 'NONE',  ( 0.8229166666666688501, -0.03443492261192355325, 1.519881011839518292 ) ) ;
#506 = DIRECTION ( 'NONE',  ( 0.000000000000000000, 0.000000000000000000, 1.000000000000000000 ) ) ;
#507 = CARTESIAN_POINT ( 'NONE',  ( 0.6614583333333353687, 0.03443492261192353937, -1.480118988160481708 ) ) ;
#508 = CARTESIAN_POINT ( 'NONE',  ( 0.7187500000000017764, -4.869443502615268820E-18, -1.460237976320963860 ) ) ;
#509 = ORIENTED_EDGE ( 'NONE', *, *, #3504, .F. ) ;
#510 = CARTESIAN_POINT ( 'NONE',  ( 0.7622395833333368564, -0.04966929761192663551, -1.528676582346705226 ) ) ;
#511 = CARTESIAN_POINT ( 'NONE',  ( 0.8281250000000046629, -6.858022075225057234E-18, 1.555999999999999162 ) ) ;
#512 = CARTESIAN_POINT ( 'NONE',  ( 0.8364583333333353021, 0.03443492261192353937, -1.480118988160481708 ) ) ;
#513 = FACE_OUTER_BOUND ( 'NONE', #1469, .T. ) ;
#514 = CARTESIAN_POINT ( 'NONE',  ( 0.7333333333333325044, -0.03233161507461904810, -1.444000000000001060 ) ) ;
#515 = CARTESIAN_POINT ( 'NONE',  ( 0.8406250000000046185, 0.000000000000000000, 1.444000000000001283 ) ) ;
#516 = CARTESIAN_POINT ( 'NONE',  ( 0.7833333333333349913, 0.02295661507461572298, -1.539762023679035918 ) ) ;
#517 = ORIENTED_EDGE ( 'NONE', *, *, #2611, .T. ) ;
#518 =( BOUNDED_SURFACE ( )  B_SPLINE_SURFACE ( 1, 2, ( 
 ( #2005, #523, #4486, #3748, #3794, #3044, #572, #928, #1285, #145, #4172, #1609, #3020, #597, #2994, #2643, #904, #2692, #1928, #2377, #975, #880, #3340, #2716, #4435, #1232, #3721, #1953, #1976, #549, #3421, #2332, #192, #1635, #2495, #1356, #4292, #2050, #1727, #3117, #623, #4557, #3138, #2765, #4200, #3867, #3467, #719, #3490, #3913, #3841, #2145, #2857, #2789, #671, #2475, #2814, #1001, #4579, #2425, #1383, #4247, #647, #1051, #2099, #2075, #3516, #3890, #288, #3558, #4221, #358, #1026, #1094, #264, #2451, #313, #1703, #1751, #3162, #4602, #1406, #698, #2122, #1793, #3536, #3204, #338, #10, #2514, #1773, #3186, #4626, #1429, #2838, #4270, #1073, #1450, #3225, #2167, #28, #380, #742, #1119, #3936, #3579, #1816, #1470, #2881, #4313, #3066, #1974, #3018, #4484, #4433, #2690, #2971, #1607, #2276, #902, #4046, #3767, #3042, #142, #3692, #119, #214, #1283, #2992, #1230, #3745, #496, #190 ),
 ( #1926, #1306, #2713, #2619, #1655, #2330, #547, #4506, #4120, #925, #950, #4459, #3391, #3315, #4409, #1559, #4145, #2375, #3792, #1633, #2668, #1900, #2641, #4071, #1206, #1584, #2353, #570, #3338, #1256, #3719, #2003, #4094, #3419, #851, #878, #2305, #521, #1950, #3366, #167, #1677, #1330, #4198, #1381, #2492, #1049, #336, #4170, #3888, #1404, #1749, #696, #3534, #2739, #645, #668, #3815, #3136, #2423, #2472, #1725, #2449, #2787, #4577, #3442, #1771, #262, #3465, #2120, #3087, #973, #999, #4219, #595, #3184, #4624, #2401, #1427, #2812, #3160, #2836, #4268, #620, #2073, #3839, #1024, #2048, #1071, #3487, #2025, #1700, #237, #4528, #3115, #4555, #1354, #2763, #286, #3865, #2097, #3514, #311, #4600, #4245, #1155, #2512, #2570, #1531, #1468, #3954, #1137, #1489, #3202, #1814, #8, #3223, #2898, #1092, #4333, #2530, #2855, #1180, #4380, #802, #3287, #1509, #3620, #91, #26, #4355, #2184, #3642 ) ),
 .UNSPECIFIED., .F., .F., .F. ) 
 B_SPLINE_SURFACE_WITH_KNOTS ( ( 2, 2 ),
 ( 3, 2, 2, 2, 2, 2, 2, 2, 2, 2, 2, 2, 2, 2, 2, 2, 2, 2, 2, 2, 2, 2, 2, 2, 2, 2, 2, 2, 2, 2, 2, 2, 2, 2, 2, 2, 2, 2, 2, 2, 2, 2, 2, 2, 2, 2, 2, 2, 2, 2, 2, 2, 2, 2, 2, 2, 2, 2, 2, 2, 2, 2, 2, 2, 2, 2, 3 ),
 ( 0.000000000000000000, 1.000000000000000000 ),
 ( 0.000000000000000000, 0.01515151515151515194, 0.03030303030303030387, 0.04545454545454545581, 0.06060606060606060774, 0.07575757575757575968, 0.09090909090909091161, 0.1060606060606060635, 0.1212121212121212155, 0.1363636363636363535, 0.1515151515151515194, 0.1666666666666666574, 0.1818181818181818232, 0.1969696969696969613, 0.2121212121212121271, 0.2272727272727272652, 0.2424242424242424310, 0.2575757575757575690, 0.2727272727272727071, 0.2878787878787879007, 0.3030303030303030387, 0.3181818181818181768, 0.3333333333333333148, 0.3484848484848485084, 0.3636363636363636465, 0.3787878787878787845, 0.3939393939393939226, 0.4090909090909091161, 0.4242424242424242542, 0.4393939393939393923, 0.4545454545454545303, 0.4696969696969697239, 0.4848484848484848619, 0.5000000000000000000, 0.5151515151515151381, 0.5303030303030302761, 0.5454545454545454142, 0.5606060606060605522, 0.5757575757575758013, 0.5909090909090909394, 0.6060606060606060774, 0.6212121212121212155, 0.6363636363636363535, 0.6515151515151514916, 0.6666666666666666297, 0.6818181818181817677, 0.6969696969696970168, 0.7121212121212121549, 0.7272727272727272929, 0.7424242424242424310, 0.7575757575757575690, 0.7727272727272727071, 0.7878787878787878451, 0.8030303030303029832, 0.8181818181818182323, 0.8333333333333333703, 0.8484848484848485084, 0.8636363636363636465, 0.8787878787878787845, 0.8939393939393939226, 0.9090909090909090606, 0.9242424242424241987, 0.9393939393939394478, 0.9545454545454545858, 0.9696969696969697239, 0.9848484848484848619, 1.000000000000000000 ),
 .UNSPECIFIED. ) 
 GEOMETRIC_REPRESENTATION_ITEM ( )  RATIONAL_B_SPLINE_SURFACE ( (
 ( 1.000000000000000000, 0.8660254037844387076, 1.000000000000000000, 0.8660254037844387076, 1.000000000000000000, 0.8660254037844387076, 1.000000000000000000, 0.8660254037844387076, 1.000000000000000000, 0.8660254037844387076, 1.000000000000000000, 0.8660254037844387076, 1.000000000000000000, 0.8660254037844387076, 1.000000000000000000, 0.8660254037844387076, 1.000000000000000000, 0.8660254037844387076, 1.000000000000000000, 0.8660254037844387076, 1.000000000000000000, 0.8660254037844387076, 1.000000000000000000, 0.8660254037844387076, 1.000000000000000000, 0.8660254037844387076, 1.000000000000000000, 0.8660254037844387076, 1.000000000000000000, 0.8660254037844387076, 1.000000000000000000, 0.8660254037844387076, 1.000000000000000000, 0.8660254037844387076, 1.000000000000000000, 0.8660254037844387076, 1.000000000000000000, 0.8660254037844387076, 1.000000000000000000, 0.8660254037844387076, 1.000000000000000000, 0.8660254037844387076, 1.000000000000000000, 0.8660254037844387076, 1.000000000000000000, 0.8660254037844387076, 1.000000000000000000, 0.8660254037844387076, 1.000000000000000000, 0.8660254037844387076, 1.000000000000000000, 0.8660254037844387076, 1.000000000000000000, 0.8660254037844387076, 1.000000000000000000, 0.8660254037844387076, 1.000000000000000000, 0.8660254037844387076, 1.000000000000000000, 0.8660254037844387076, 1.000000000000000000, 0.8660254037844387076, 1.000000000000000000, 0.8660254037844387076, 1.000000000000000000, 0.8660254037844387076, 1.000000000000000000, 0.8660254037844387076, 1.000000000000000000, 0.8660254037844387076, 1.000000000000000000, 0.8660254037844387076, 1.000000000000000000, 0.8660254037844387076, 1.000000000000000000, 0.8660254037844387076, 1.000000000000000000, 0.8660254037844387076, 1.000000000000000000, 0.8660254037844387076, 1.000000000000000000, 0.8660254037844387076, 1.000000000000000000, 0.8660254037844387076, 1.000000000000000000, 0.8660254037844387076, 1.000000000000000000, 0.8660254037844387076, 1.000000000000000000, 0.8660254037844387076, 1.000000000000000000, 0.8660254037844387076, 1.000000000000000000, 0.8660254037844387076, 1.000000000000000000, 0.8660254037844387076, 1.000000000000000000, 0.8660254037844387076, 1.000000000000000000, 0.8660254037844387076, 1.000000000000000000, 0.8660254037844387076, 1.000000000000000000, 0.8660254037844387076, 1.000000000000000000, 0.8660254037844387076, 1.000000000000000000, 0.8660254037844387076, 1.000000000000000000, 0.8660254037844387076, 1.000000000000000000, 0.8660254037844387076, 1.000000000000000000, 0.8660254037844387076, 1.000000000000000000, 0.8660254037844387076, 1.000000000000000000, 0.8660254037844387076, 1.000000000000000000, 0.8660254037844387076, 1.000000000000000000, 0.8660254037844387076, 1.000000000000000000, 0.8660254037844387076, 1.000000000000000000, 0.8660254037844387076, 1.000000000000000000, 0.8660254037844387076, 1.000000000000000000, 0.8660254037844387076, 1.000000000000000000, 0.8660254037844387076, 1.000000000000000000),
 ( 1.000000000000000000, 0.8660254037844387076, 1.000000000000000000, 0.8660254037844387076, 1.000000000000000000, 0.8660254037844387076, 1.000000000000000000, 0.8660254037844387076, 1.000000000000000000, 0.8660254037844387076, 1.000000000000000000, 0.8660254037844387076, 1.000000000000000000, 0.8660254037844387076, 1.000000000000000000, 0.8660254037844387076, 1.000000000000000000, 0.8660254037844387076, 1.000000000000000000, 0.8660254037844387076, 1.000000000000000000, 0.8660254037844387076, 1.000000000000000000, 0.8660254037844387076, 1.000000000000000000, 0.8660254037844387076, 1.000000000000000000, 0.8660254037844387076, 1.000000000000000000, 0.8660254037844387076, 1.000000000000000000, 0.8660254037844387076, 1.000000000000000000, 0.8660254037844387076, 1.000000000000000000, 0.8660254037844387076, 1.000000000000000000, 0.8660254037844387076, 1.000000000000000000, 0.8660254037844387076, 1.000000000000000000, 0.8660254037844387076, 1.000000000000000000, 0.8660254037844387076, 1.000000000000000000, 0.8660254037844387076, 1.000000000000000000, 0.8660254037844387076, 1.000000000000000000, 0.8660254037844387076, 1.000000000000000000, 0.8660254037844387076, 1.000000000000000000, 0.8660254037844387076, 1.000000000000000000, 0.8660254037844387076, 1.000000000000000000, 0.8660254037844387076, 1.000000000000000000, 0.8660254037844387076, 1.000000000000000000, 0.8660254037844387076, 1.000000000000000000, 0.8660254037844387076, 1.000000000000000000, 0.8660254037844387076, 1.000000000000000000, 0.8660254037844387076, 1.000000000000000000, 0.8660254037844387076, 1.000000000000000000, 0.8660254037844387076, 1.000000000000000000, 0.8660254037844387076, 1.000000000000000000, 0.8660254037844387076, 1.000000000000000000, 0.8660254037844387076, 1.000000000000000000, 0.8660254037844387076, 1.000000000000000000, 0.8660254037844387076, 1.000000000000000000, 0.8660254037844387076, 1.000000000000000000, 0.8660254037844387076, 1.000000000000000000, 0.8660254037844387076, 1.000000000000000000, 0.8660254037844387076, 1.000000000000000000, 0.8660254037844387076, 1.000000000000000000, 0.8660254037844387076, 1.000000000000000000, 0.8660254037844387076, 1.000000000000000000, 0.8660254037844387076, 1.000000000000000000, 0.8660254037844387076, 1.000000000000000000, 0.8660254037844387076, 1.000000000000000000, 0.8660254037844387076, 1.000000000000000000, 0.8660254037844387076, 1.000000000000000000, 0.8660254037844387076, 1.000000000000000000, 0.8660254037844387076, 1.000000000000000000, 0.8660254037844387076, 1.000000000000000000, 0.8660254037844387076, 1.000000000000000000, 0.8660254037844387076, 1.000000000000000000, 0.8660254037844387076, 1.000000000000000000, 0.8660254037844387076, 1.000000000000000000, 0.8660254037844387076, 1.000000000000000000, 0.8660254037844387076, 1.000000000000000000, 0.8660254037844387076, 1.000000000000000000, 0.8660254037844387076, 1.000000000000000000, 0.8660254037844387076, 1.000000000000000000, 0.8660254037844387076, 1.000000000000000000) ) ) 
 REPRESENTATION_ITEM ( '' )  SURFACE ( )  );
#519 = EDGE_CURVE ( 'NONE', #4047, #1964, #1511, .T. ) ;
#520 = DIRECTION ( 'NONE',  ( 1.000000000000000000, -0.000000000000000000, -0.000000000000000000 ) ) ;
#521 = CARTESIAN_POINT ( 'NONE',  ( 0.7760416666666690721, -0.02295661507461569176, 1.460237976320964304 ) ) ;
#522 = EDGE_LOOP ( 'NONE', ( #3717, #3420, #3203, #3244, #728 ) ) ;
#523 = CARTESIAN_POINT ( 'NONE',  ( 0.8408854166666673846, -0.03311286507461774081, 1.442646835306589548 ) ) ;
#524 = CARTESIAN_POINT ( 'NONE',  ( 0.7385416666666686503, 0.02295661507461568829, -1.460237976320963860 ) ) ;
#525 = CARTESIAN_POINT ( 'NONE',  ( 0.6830729166666705821, -0.04966929761192663551, 1.528676582346705892 ) ) ;
#526 = EDGE_CURVE ( 'NONE', #1935, #1139, #3811, .T. ) ;
#527 = CARTESIAN_POINT ( 'NONE',  ( 0.6687500000000021760, -4.869443502615268820E-18, 1.539762023679036362 ) ) ;
#528 = CARTESIAN_POINT ( 'NONE',  ( 0.6812499999999991340, -6.858022075225118093E-18, -1.444000000000000172 ) ) ;
#529 = CARTESIAN_POINT ( 'NONE',  ( 0.7447916666666690721, -0.03443492261192355325, 1.519881011839518292 ) ) ;
#530 = VERTEX_POINT ( 'NONE', #2796 ) ;
#531 = CARTESIAN_POINT ( 'NONE',  ( 0.7729166666666688057, -0.03443492261192355325, 1.519881011839518292 ) ) ;
#532 = EDGE_CURVE ( 'NONE', #1901, #2531, #391, .T. ) ;
#533 = CARTESIAN_POINT ( 'NONE',  ( 0.8166666666666659857, -0.03233161507461888157, -1.555999999999998940 ) ) ;
#534 = CARTESIAN_POINT ( 'NONE',  ( 0.7239583333333352577, -0.03443492261192354631, -1.519881011839518070 ) ) ;
#535 = CYLINDRICAL_SURFACE ( 'NONE', #1911, 0.05599999999999880074 ) ;
#536 = VERTEX_POINT ( 'NONE', #3852 ) ;
#537 = CARTESIAN_POINT ( 'NONE',  ( 0.6830729166666701380, -0.04966929761192663551, -1.471323417653294330 ) ) ;
#538 = CARTESIAN_POINT ( 'NONE',  ( 0.8138020833333335924, -0.04966929761192663551, -1.528676582346705226 ) ) ;
#539 = CARTESIAN_POINT ( 'NONE',  ( 0.8447916666666687169, -0.03443492261192355325, -1.480118988160481930 ) ) ;
#540 = CARTESIAN_POINT ( 'NONE',  ( 0.6281250000000047073, -6.858022075225057234E-18, 1.555999999999999162 ) ) ;
#541 = CARTESIAN_POINT ( 'NONE',  ( 0.8208333333333331927, 0.03233161507461853462, 1.444000000000001060 ) ) ;
#542 = CARTESIAN_POINT ( 'NONE',  ( 0.5937500000000007772, 0.000000000000000000, -1.555999999999999162 ) ) ;
#543 = CARTESIAN_POINT ( 'NONE',  ( 0.8291666666666683838, -0.02295661507461569176, -1.539762023679035918 ) ) ;
#544 = VERTEX_POINT ( 'NONE', #557 ) ;
#545 = CARTESIAN_POINT ( 'NONE',  ( 0.5937500000000007772, 0.000000000000000000, 1.500000000000000444 ) ) ;
#546 =( BOUNDED_CURVE ( )  B_SPLINE_CURVE ( 2, ( #3718, #2991, #4070, #569, #876, #3065, #166 ),
 .UNSPECIFIED., .F., .T. ) 
 B_SPLINE_CURVE_WITH_KNOTS ( ( 3, 2, 2, 3 ),
 ( 0.01116691367696583635, 0.01515151515151514500, 0.03030303030303029693, 0.04545454545454546275 ),
 .UNSPECIFIED. ) 
 CURVE ( )  GEOMETRIC_REPRESENTATION_ITEM ( )  RATIONAL_B_SPLINE_CURVE ( ( 0.9480652107224973868, 0.9647668653402435845, 1.000000000000000000, 0.8660254037844387076, 1.000000000000000000, 0.8660254037844382635, 1.000000000000000444 ) ) 
 REPRESENTATION_ITEM ( '' )  );
#547 = CARTESIAN_POINT ( 'NONE',  ( 0.8406250000000025091, -4.869443502615268820E-18, 1.539762023679036362 ) ) ;
#548 = ORIENTED_EDGE ( 'NONE', *, *, #4192, .F. ) ;
#549 = CARTESIAN_POINT ( 'NONE',  ( 0.7825520833333340365, -0.03311286507461777551, 1.557353164693411340 ) ) ;
#550 = CARTESIAN_POINT ( 'NONE',  ( 0.6510416666666686281, -0.02295661507461569176, -1.539762023679035918 ) ) ;
#551 = CARTESIAN_POINT ( 'NONE',  ( 0.5955729166666705598, 0.04966929761192666326, 1.471323417653294996 ) ) ;
#552 = CARTESIAN_POINT ( 'NONE',  ( 0.6250000000000021094, -0.04591323014923139739, 1.500000000000000444 ) ) ;
#553 = CARTESIAN_POINT ( 'NONE',  ( 0.6906250000000045963, 0.000000000000000000, -1.555999999999999162 ) ) ;
#554 = VERTEX_POINT ( 'NONE', #2364 ) ;
#555 = CARTESIAN_POINT ( 'NONE',  ( 0.6395833333333355020, 0.03443492261192353937, 1.519881011839518514 ) ) ;
#556 = CARTESIAN_POINT ( 'NONE',  ( 0.6062499999999998446, -6.858022075225068789E-18, 1.555999999999999384 ) ) ;
#557 = CARTESIAN_POINT ( 'NONE',  ( 0.8269100497880147449, -1.813805529494792532E-13, -1.541866379174837709 ) ) ;
#558 = CARTESIAN_POINT ( 'NONE',  ( 0.8248056942922133983, -0.02920074319221206693, -1.526987684674212087 ) ) ;
#559 = ORIENTED_EDGE ( 'NONE', *, *, #1951, .T. ) ;
#560 = CARTESIAN_POINT ( 'NONE',  ( 0.6768229166666701602, 0.03311286507461773387, -1.442646835306588660 ) ) ;
#561 = CARTESIAN_POINT ( 'NONE',  ( 0.7825520833333335924, -0.03311286507461777551, -1.442646835306588660 ) ) ;
#562 = CARTESIAN_POINT ( 'NONE',  ( 0.7677083333333354354, -0.02295661507461571257, -1.460237976320963860 ) ) ;
#563 = DIRECTION ( 'NONE',  ( 1.000000000000000000, -0.000000000000000000, -0.000000000000000000 ) ) ;
#564 = CARTESIAN_POINT ( 'NONE',  ( 0.8197916666666711372, 0.04849742261192820092, -1.527999999999999581 ) ) ;
#565 = CARTESIAN_POINT ( 'NONE',  ( 0.8313932059729634005, 0.04583884302466629396, -1.490905892900171725 ) ) ;
#566 = CARTESIAN_POINT ( 'NONE',  ( 0.8062500000000016875, 0.000000000000000000, -1.539762023679035918 ) ) ;
#567 = CIRCLE ( 'NONE', #3174, 0.05599999999999880074 ) ;
#568 = TOROIDAL_SURFACE ( 'NONE', #3618, 0.1249999999999996253, 0.07812500000000008327 ) ;
#569 = CARTESIAN_POINT ( 'NONE',  ( 0.5968750000000047073, 0.06466323014923693047, 1.500000000000000444 ) ) ;
#570 = CARTESIAN_POINT ( 'NONE',  ( 0.7968750000000024425, -0.04591323014923139739, 1.500000000000000444 ) ) ;
#571 = VERTEX_POINT ( 'NONE', #960 ) ;
#572 = CARTESIAN_POINT ( 'NONE',  ( 0.8304687500000006439, -7.023736956275672060E-18, 1.557353164693411340 ) ) ;
#573 = CARTESIAN_POINT ( 'NONE',  ( 0.6552083333333355020, 0.02295661507461572298, -1.539762023679035918 ) ) ;
#574 = CIRCLE ( 'NONE', #3108, 0.05870632938682311674 ) ;
#575 = LINE ( 'NONE', #4559, #743 ) ;
#576 =( BOUNDED_CURVE ( )  B_SPLINE_CURVE ( 2, ( #2772, #2432, #2082, #1735, #2457, #678, #3521 ),
 .UNSPECIFIED., .F., .F. ) 
 B_SPLINE_CURVE_WITH_KNOTS ( ( 3, 2, 2, 3 ),
 ( 0.1818181818181816012, 0.1969696969696969058, 0.2121212121212121271, 0.2272727272727273207 ),
 .UNSPECIFIED. ) 
 CURVE ( )  GEOMETRIC_REPRESENTATION_ITEM ( )  RATIONAL_B_SPLINE_CURVE ( ( 1.000000000000001332, 0.8660254037844371533, 1.000000000000000000, 0.8660254037844387076, 1.000000000000000000, 0.8660254037844384856, 1.000000000000000222 ) ) 
 REPRESENTATION_ITEM ( '' )  );
#577 = CARTESIAN_POINT ( 'NONE',  ( 0.6500000000000020206, -0.04591323014923139739, 1.500000000000000444 ) ) ;
#578 = CARTESIAN_POINT ( 'NONE',  ( 0.8218750000000025757, -0.04591323014923139739, 1.500000000000000444 ) ) ;
#579 = CARTESIAN_POINT ( 'NONE',  ( 0.7020833333333330595, 0.04849742261192777765, 1.528000000000000247 ) ) ;
#580 = EDGE_CURVE ( 'NONE', #4279, #1663, #377, .T. ) ;
#581 = CARTESIAN_POINT ( 'NONE',  ( 0.6104166666666687169, 0.03443492261192356713, 1.480118988160482596 ) ) ;
#582 = CARTESIAN_POINT ( 'NONE',  ( 0.7833333333333333259, -0.03233161507461878442, 1.555999999999998940 ) ) ;
#583 = CARTESIAN_POINT ( 'NONE',  ( 0.5937500000000006661, -0.02785843759302343223, -1.471628782508890509 ) ) ;
#584 = CARTESIAN_POINT ( 'NONE',  ( 0.7979166666666688279, -0.03443492261192355325, 1.519881011839518292 ) ) ;
#586 = ORIENTED_EDGE ( 'NONE', *, *, #3498, .T. ) ;
#585 = CARTESIAN_POINT ( 'NONE',  ( 0.7833333333333349913, 0.02295661507461572298, -1.539762023679035918 ) ) ;
#587 = CARTESIAN_POINT ( 'NONE',  ( 0.7093750000000045297, -0.06466323014923756884, -1.499999999999999778 ) ) ;
#588 = CARTESIAN_POINT ( 'NONE',  ( 0.7346354166666668739, -0.04966929761192663551, -1.471323417653294330 ) ) ;
#589 = CARTESIAN_POINT ( 'NONE',  ( 0.8489583333333353687, -0.03443492261192354631, -1.519881011839518070 ) ) ;
#590 = CYLINDRICAL_SURFACE ( 'NONE', #2147, 0.05599999999999880074 ) ;
#591 = CARTESIAN_POINT ( 'NONE',  ( 0.6479166666666683616, -0.03443492261192355325, -1.480118988160481930 ) ) ;
#592 = LINE ( 'NONE', #1696, #113 ) ;
#593 = CARTESIAN_POINT ( 'NONE',  ( 0.7020833333333350579, -0.03443492261192354631, -1.519881011839518070 ) ) ;
#594 = EDGE_CURVE ( 'NONE', #762, #4447, #1983, .T. ) ;
#595 = CARTESIAN_POINT ( 'NONE',  ( 0.6989583333333356796, -0.03443492261192354631, 1.480118988160482152 ) ) ;
#596 = ORIENTED_EDGE ( 'NONE', *, *, #2181, .F. ) ;
#597 = CARTESIAN_POINT ( 'NONE',  ( 0.8158854166666672514, -0.03311286507461774081, 1.442646835306589548 ) ) ;
#598 = CARTESIAN_POINT ( 'NONE',  ( 0.6093750000000019984, 0.04591323014923139739, -1.499999999999999778 ) ) ;
#599 = FACE_OUTER_BOUND ( 'NONE', #916, .T. ) ;
#600 = CARTESIAN_POINT ( 'NONE',  ( 0.6437500000000021538, -4.869443502615268820E-18, 1.539762023679036362 ) ) ;
#601 = CARTESIAN_POINT ( 'NONE',  ( 0.8052083333333356352, 0.02295661507461571951, 1.460237976320964304 ) ) ;
#602 = VERTEX_POINT ( 'NONE', #3499 ) ;
#603 = ADVANCED_FACE ( 'NONE', ( #3755 ), #4207, .F. ) ;
#604 = CARTESIAN_POINT ( 'NONE',  ( 0.6229166666666687835, -0.03443492261192355325, 1.519881011839518292 ) ) ;
#605 = CIRCLE ( 'NONE', #1734, 0.07812500000000013878 ) ;
#606 = CARTESIAN_POINT ( 'NONE',  ( 0.6906250000000044853, 0.000000000000000000, 1.444000000000001283 ) ) ;
#607 = CARTESIAN_POINT ( 'NONE',  ( 0.8031250000000047518, -6.858022075225057234E-18, 1.555999999999999162 ) ) ;
#608 = DIRECTION ( 'NONE',  ( 0.000000000000000000, 0.000000000000000000, -1.000000000000000000 ) ) ;
#610 = ORIENTED_EDGE ( 'NONE', *, *, #2572, .T. ) ;
#609 = CARTESIAN_POINT ( 'NONE',  ( 0.7500000000000016653, -0.04591323014923139739, -1.499999999999999778 ) ) ;
#611 = CARTESIAN_POINT ( 'NONE',  ( 0.7135416666666711816, -0.03233161507461890932, -1.555999999999999384 ) ) ;
#612 = CARTESIAN_POINT ( 'NONE',  ( 0.7093750000000020872, 0.04591323014923139739, -1.499999999999999778 ) ) ;
#613 = CARTESIAN_POINT ( 'NONE',  ( 0.7239583333333357018, -0.03443492261192354631, 1.480118988160482152 ) ) ;
#614 = CARTESIAN_POINT ( 'NONE',  ( 0.6791666666666683616, -0.02295661507461569176, -1.539762023679035918 ) ) ;
#615 = CARTESIAN_POINT ( 'NONE',  ( 0.8303552874767121672, 0.04482696576289587481, -1.508911891890544865 ) ) ;
#616 = CARTESIAN_POINT ( 'NONE',  ( 0.6791666666666683616, -0.02295661507461569176, -1.539762023679035918 ) ) ;
#617 = EDGE_CURVE ( 'NONE', #1964, #1459, #877, .T. ) ;
#618 = CARTESIAN_POINT ( 'NONE',  ( 0.7645833333333353909, 0.03443492261192353937, 1.519881011839518514 ) ) ;
#619 = CARTESIAN_POINT ( 'NONE',  ( 0.6156250000000045297, 0.000000000000000000, -1.555999999999999162 ) ) ;
#620 = CARTESIAN_POINT ( 'NONE',  ( 0.6802083333333356352, 0.02295661507461572298, 1.460237976320964304 ) ) ;
#621 = B_SPLINE_CURVE_WITH_KNOTS ( 'NONE', 3,
 ( #99, #3983, #1539, #2952 ),
 .UNSPECIFIED., .F., .F.,
 ( 4, 4 ),
 ( 0.000000000000000000, 0.0007869248874786622175 ),
 .UNSPECIFIED. ) ;
#622 = ORIENTED_EDGE ( 'NONE', *, *, #3343, .T. ) ;
#623 = CARTESIAN_POINT ( 'NONE',  ( 0.7596354166666673402, -0.04966929761192663551, 1.528676582346705892 ) ) ;
#624 = CARTESIAN_POINT ( 'NONE',  ( 0.7010416666666685614, -0.02295661507461569176, -1.539762023679035918 ) ) ;
#625 = EDGE_CURVE ( 'NONE', #1416, #1183, #365, .T. ) ;
#626 = FACE_OUTER_BOUND ( 'NONE', #1782, .T. ) ;
#627 = CARTESIAN_POINT ( 'NONE',  ( 0.8437500000000001110, 0.000000000000000000, -1.499999999999999778 ) ) ;
#628 = CARTESIAN_POINT ( 'NONE',  ( 0.7739583333333357462, -0.03443492261192354631, 1.480118988160482152 ) ) ;
#629 = CARTESIAN_POINT ( 'NONE',  ( 0.5937500000000006661, -0.04123401885020557683, -1.527210333542262877 ) ) ;
#630 = CARTESIAN_POINT ( 'NONE',  ( 0.6479166666666688057, -0.03443492261192355325, 1.519881011839518292 ) ) ;
#631 = DIRECTION ( 'NONE',  ( 1.000000000000000000, -0.000000000000000000, -0.000000000000000000 ) ) ;
#632 = CARTESIAN_POINT ( 'NONE',  ( 0.5942998583802101553, -0.03172526176646752599, -1.475425717904871981 ) ) ;
#633 = CARTESIAN_POINT ( 'NONE',  ( 0.8125000000000021094, 0.04591323014923139739, 1.500000000000000444 ) ) ;
#635 = ORIENTED_EDGE ( 'NONE', *, *, #466, .T. ) ;
#634 = CARTESIAN_POINT ( 'NONE',  ( 0.7416666666666684726, 0.02295661507461568829, -1.460237976320963860 ) ) ;
#636 = CARTESIAN_POINT ( 'NONE',  ( 0.5937500000000006661, 0.04455706041017380714, -1.481889188212209607 ) ) ;
#637 = CARTESIAN_POINT ( 'NONE',  ( 0.6197916666666686281, -0.03443492261192355325, -1.480118988160481930 ) ) ;
#638 = CARTESIAN_POINT ( 'NONE',  ( 0.7864583333333357018, 0.03443492261192353937, 1.519881011839518514 ) ) ;
#639 = CARTESIAN_POINT ( 'NONE',  ( 0.6500000000000016875, -0.04591323014923139739, -1.499999999999999778 ) ) ;
#640 = LINE ( 'NONE', #1744, #4536 ) ;
#641 = CARTESIAN_POINT ( 'NONE',  ( 0.6458333333333350357, -0.02295661507461571257, -1.460237976320963860 ) ) ;
#642 = EDGE_CURVE ( 'NONE', #3650, #3568, #2166, .T. ) ;
#643 = CARTESIAN_POINT ( 'NONE',  ( 0.8354166666666686947, 0.03443492261192356713, 1.480118988160482596 ) ) ;
#644 = CARTESIAN_POINT ( 'NONE',  ( 0.8031250000000045297, -6.858022075225123486E-18, -1.444000000000000172 ) ) ;
#645 = CARTESIAN_POINT ( 'NONE',  ( 0.7385416666666690944, 0.02295661507461568829, 1.539762023679036584 ) ) ;
#646 = ORIENTED_EDGE ( 'NONE', *, *, #1888, .T. ) ;
#647 = CARTESIAN_POINT ( 'NONE',  ( 0.7138020833333339477, -0.04966929761192663551, 1.471323417653294996 ) ) ;
#648 = CARTESIAN_POINT ( 'NONE',  ( 0.6781250000000019762, 0.000000000000000000, -1.539762023679035918 ) ) ;
#649 = DIRECTION ( 'NONE',  ( 1.000000000000000000, -0.000000000000000000, -0.000000000000000000 ) ) ;
#650 = VECTOR ( 'NONE', #764, 39.37007874015748143 ) ;
#651 = CARTESIAN_POINT ( 'NONE',  ( 0.6385416666666711150, -0.03233161507461890932, -1.555999999999999384 ) ) ;
#652 = CARTESIAN_POINT ( 'NONE',  ( 0.7239583333333357018, -0.03443492261192354631, 1.480118988160482152 ) ) ;
#653 = CARTESIAN_POINT ( 'NONE',  ( 0.04687500000000016653, 0.000000000000000000, -1.375000000000000444 ) ) ;
#654 = CARTESIAN_POINT ( 'NONE',  ( 0.6708333333333353909, -0.02295661507461571257, 1.539762023679036584 ) ) ;
#655 = CARTESIAN_POINT ( 'NONE',  ( 0.8437500000000005551, 9.567553118338701938E-18, 1.421875000000000222 ) ) ;
#656 = CARTESIAN_POINT ( 'NONE',  ( 0.7947916666666712260, 0.04849742261192773601, 1.472000000000000863 ) ) ;
#657 = CARTESIAN_POINT ( 'NONE',  ( 0.6812500000000020206, 0.000000000000000000, 1.460237976320964304 ) ) ;
#659 = ORIENTED_EDGE ( 'NONE', *, *, #3978, .T. ) ;
#658 = CARTESIAN_POINT ( 'NONE',  ( 0.8437500000000017764, -4.869443502615268820E-18, -1.460237976320963860 ) ) ;
#660 = CARTESIAN_POINT ( 'NONE',  ( 0.8410436706131761975, 0.000000000000000000, 1.500000000000000444 ) ) ;
#661 = CARTESIAN_POINT ( 'NONE',  ( 0.6906250000000020428, -4.869443502615268820E-18, -1.460237976320963860 ) ) ;
#662 = CARTESIAN_POINT ( 'NONE',  ( 0.7760416666666690721, -0.02295661507461569176, 1.460237976320964304 ) ) ;
#663 = CARTESIAN_POINT ( 'NONE',  ( 0.7083333333333349247, 0.02295661507461572298, -1.539762023679035918 ) ) ;
#664 = CARTESIAN_POINT ( 'NONE',  ( 0.7906250000000044631, 0.000000000000000000, -1.555999999999999162 ) ) ;
#665 = CARTESIAN_POINT ( 'NONE',  ( 0.6312500000000016431, 0.000000000000000000, -1.539762023679035918 ) ) ;
#666 = CARTESIAN_POINT ( 'NONE',  ( 0.7541666666666687613, -0.02295661507461569176, 1.460237976320964304 ) ) ;
#667 = CARTESIAN_POINT ( 'NONE',  ( 0.8114583333333378334, -0.04849742261192818704, -1.527999999999999581 ) ) ;
#668 = CARTESIAN_POINT ( 'NONE',  ( 0.7364583333333357684, 0.03443492261192353937, 1.519881011839518514 ) ) ;
#669 = EDGE_CURVE ( 'NONE', #4485, #4417, #34, .T. ) ;
#670 = ORIENTED_EDGE ( 'NONE', *, *, #642, .T. ) ;
#671 = CARTESIAN_POINT ( 'NONE',  ( 0.7304687500000006661, -7.023736956275672060E-18, 1.557353164693411340 ) ) ;
#672 = DIRECTION ( 'NONE',  ( -0.000000000000000000, -0.000000000000000000, -1.000000000000000000 ) ) ;
#673 = CARTESIAN_POINT ( 'NONE',  ( 0.8400530853067590398, 1.066549531403667445E-12, -1.555009414693581782 ) ) ;
#674 = CARTESIAN_POINT ( 'NONE',  ( 0.6989583333333356796, -0.03443492261192354631, 1.480118988160482152 ) ) ;
#675 = CARTESIAN_POINT ( 'NONE',  ( 0.7447916666666712926, 0.04849742261192773601, 1.472000000000000863 ) ) ;
#676 =( BOUNDED_CURVE ( )  B_SPLINE_CURVE ( 2, ( #2248, #3662, #468, #3310, #2967, #2271, #3685 ),
 .UNSPECIFIED., .F., .F. ) 
 B_SPLINE_CURVE_WITH_KNOTS ( ( 3, 2, 2, 3 ),
 ( 0.4999999999999996114, 0.5151515151515148050, 0.5303030303030300541, 0.5454545454545453032 ),
 .UNSPECIFIED. ) 
 CURVE ( )  GEOMETRIC_REPRESENTATION_ITEM ( )  RATIONAL_B_SPLINE_CURVE ( ( 1.000000000000003553, 0.8660254037844353769, 1.000000000000000000, 0.8660254037844387076, 1.000000000000000000, 0.8660254037844397068, 0.9999999999999990008 ) ) 
 REPRESENTATION_ITEM ( '' )  );
#677 = CARTESIAN_POINT ( 'NONE',  ( 0.7309895833333373005, -0.03311286507461777551, 1.557353164693411340 ) ) ;
#678 = CARTESIAN_POINT ( 'NONE',  ( 0.6291666666666658747, 0.03233161507461870809, -1.443999999999999950 ) ) ;
#679 = EDGE_CURVE ( 'NONE', #1901, #395, #386, .T. ) ;
#680 = AXIS2_PLACEMENT_3D ( 'NONE', #653, #3799, #3495 ) ;
#681 = CARTESIAN_POINT ( 'NONE',  ( 0.7062499999999990452, -6.858022075225118093E-18, -1.444000000000000172 ) ) ;
#682 = CARTESIAN_POINT ( 'NONE',  ( 0.7250000000000021982, -0.04591323014923139739, 1.500000000000000444 ) ) ;
#684 = EDGE_LOOP ( 'NONE', ( #1093, #128, #2185, #2826 ) ) ;
#683 = ORIENTED_EDGE ( 'NONE', *, *, #2778, .F. ) ;
#685 = APPROVAL_DATE_TIME ( #709, #1516 ) ;
#686 = B_SPLINE_CURVE_WITH_KNOTS ( 'NONE', 3,
 ( #1338, #3774, #3426, #3822, #221, #629, #4513, #2720, #4154, #2535, #2861, #1034, #747, #3246 ),
 .UNSPECIFIED., .F., .F.,
 ( 4, 2, 2, 2, 2, 2, 4 ),
 ( 9.437542421722125189E-18, 0.0007247331451201999026, 0.001449466290240390481, 0.001811832862800485770, 0.002174199435360580843, 0.002536566007920676349, 0.002898932580480771421 ),
 .UNSPECIFIED. ) ;
#687 = EDGE_CURVE ( 'NONE', #4234, #156, #1664, .T. ) ;
#688 = AXIS2_PLACEMENT_3D ( 'NONE', #2342, #2387, #2060 ) ;
#689 = CARTESIAN_POINT ( 'NONE',  ( 0.7364583333333352133, 0.03443492261192353937, -1.480118988160481708 ) ) ;
#690 = CARTESIAN_POINT ( 'NONE',  ( 0.7635416666666690055, 0.02295661507461568829, 1.539762023679036584 ) ) ;
#691 = CARTESIAN_POINT ( 'NONE',  ( 0.6041666666666682950, -0.02295661507461569176, -1.539762023679035918 ) ) ;
#692 = DIRECTION ( 'NONE',  ( 0.000000000000000000, 0.000000000000000000, -1.000000000000000000 ) ) ;
#693 = CARTESIAN_POINT ( 'NONE',  ( 0.6854166666666683394, 0.03443492261192356713, -1.519881011839517626 ) ) ;
#694 = CARTESIAN_POINT ( 'NONE',  ( 0.7562500000000020872, 0.000000000000000000, 1.460237976320964304 ) ) ;
#695 = DIRECTION ( 'NONE',  ( 1.000000000000000000, -0.000000000000000000, -0.000000000000000000 ) ) ;
#696 = CARTESIAN_POINT ( 'NONE',  ( 0.7447916666666690721, -0.03443492261192355325, 1.519881011839518292 ) ) ;
#697 = EDGE_LOOP ( 'NONE', ( #1702, #2978, #2776, #1815, #4467, #4356, #789, #2214, #4031, #4434, #42, #1166, #1000, #3679, #51, #3805, #3367, #2553, #3656, #337, #803, #1207, #278, #4044, #1491 ) ) ;
#698 = CARTESIAN_POINT ( 'NONE',  ( 0.6721354166666673180, 0.04966929761192666326, 1.471323417653294996 ) ) ;
#699 = CARTESIAN_POINT ( 'NONE',  ( 0.6104166666666658303, -0.04849742261192814541, -1.471999999999999975 ) ) ;
#700 = CARTESIAN_POINT ( 'NONE',  ( 0.6364583333333377890, -0.04849742261192818704, -1.527999999999999581 ) ) ;
#701 = CARTESIAN_POINT ( 'NONE',  ( 0.6802083333333356352, 0.02295661507461571951, 1.460237976320964304 ) ) ;
#702 = CARTESIAN_POINT ( 'NONE',  ( 0.7531250000000045963, -6.858022075225123486E-18, -1.444000000000000172 ) ) ;
#703 = CARTESIAN_POINT ( 'NONE',  ( 0.7789062500000039080, -7.023736956275672060E-18, 1.557353164693411340 ) ) ;
#704 = CARTESIAN_POINT ( 'NONE',  ( 0.7760416666666711816, 0.03233161507461844442, 1.555999999999999162 ) ) ;
#705 = CARTESIAN_POINT ( 'NONE',  ( 0.6395833333333325044, -0.04849742261192814541, -1.527999999999999581 ) ) ;
#706 =( BOUNDED_CURVE ( )  B_SPLINE_CURVE ( 2, ( #4374, #3537, #1052, #821, #1752, #2816, #4628 ),
 .UNSPECIFIED., .F., .F. ) 
 B_SPLINE_CURVE_WITH_KNOTS ( ( 3, 2, 2, 3 ),
 ( 0.3181818181818182323, 0.3333333333333333148, 0.3484848484848483419, 0.3636363636363634244 ),
 .UNSPECIFIED. ) 
 CURVE ( )  GEOMETRIC_REPRESENTATION_ITEM ( )  RATIONAL_B_SPLINE_CURVE ( ( 1.000000000000000000, 0.8660254037844387076, 1.000000000000000000, 0.8660254037844387076, 1.000000000000000000, 0.8660254037844407060, 0.9999999999999980016 ) ) 
 REPRESENTATION_ITEM ( '' )  );
#707 = CARTESIAN_POINT ( 'NONE',  ( 0.7625000000000020650, 0.04591323014923139739, 1.500000000000000444 ) ) ;
#708 = ORIENTED_EDGE ( 'NONE', *, *, #882, .T. ) ;
#709 = DATE_AND_TIME ( #3902, #1031 ) ;
#710 = CARTESIAN_POINT ( 'NONE',  ( 0.8410436706131765305, -0.03493653634370223748, 1.456234277930039678 ) ) ;
#711 = CARTESIAN_POINT ( 'NONE',  ( 0.8218750000000025757, -0.04591323014923139739, 1.500000000000000444 ) ) ;
#712 = DIRECTION ( 'NONE',  ( 0.000000000000000000, 0.000000000000000000, -1.000000000000000000 ) ) ;
#713 = CARTESIAN_POINT ( 'NONE',  ( 0.8406250000000045075, 0.000000000000000000, -1.555999999999999162 ) ) ;
#714 = CARTESIAN_POINT ( 'NONE',  ( 0.8434895833333366788, 0.03311286507461778245, -1.557353164693410674 ) ) ;
#715 = CARTESIAN_POINT ( 'NONE',  ( 0.8166666666666686503, 0.02295661507461568829, 1.539762023679036584 ) ) ;
#716 = CARTESIAN_POINT ( 'NONE',  ( 0.6624999999999996447, -0.06466323014923702761, 1.500000000000000222 ) ) ;
#717 = LINE ( 'NONE', #424, #3699 ) ;
#718 = ORIENTED_EDGE ( 'NONE', *, *, #2445, .T. ) ;
#719 = CARTESIAN_POINT ( 'NONE',  ( 0.7450520833333337256, 0.03311286507461778245, 1.442646835306589548 ) ) ;
#720 = CARTESIAN_POINT ( 'NONE',  ( 0.5937500000000007772, 0.000000000000000000, -1.500000000000000444 ) ) ;
#721 = CARTESIAN_POINT ( 'NONE',  ( 0.6614583333333358128, 0.03443492261192353937, 1.519881011839518514 ) ) ;
#722 = CARTESIAN_POINT ( 'NONE',  ( 0.6677083333333376780, 0.03233161507461829176, 1.444000000000001060 ) ) ;
#723 = VECTOR ( 'NONE', #1217, 39.37007874015748143 ) ;
#724 = CARTESIAN_POINT ( 'NONE',  ( 0.8497395833333372117, 0.04966929761192662163, 1.528676582346705892 ) ) ;
#725 = CARTESIAN_POINT ( 'NONE',  ( 0.7156250000000046185, 0.000000000000000000, 1.444000000000001283 ) ) ;
#726 = CARTESIAN_POINT ( 'NONE',  ( 0.8114583333333378334, -0.04849742261192770826, 1.472000000000000863 ) ) ;
#727 = CARTESIAN_POINT ( 'NONE',  ( 0.7020833333333353909, -0.03443492261192354631, 1.480118988160482152 ) ) ;
#728 = ORIENTED_EDGE ( 'NONE', *, *, #187, .F. ) ;
#729 = APPROVAL_STATUS ( 'not_yet_approved' ) ;
#730 = EDGE_CURVE ( 'NONE', #72, #530, #1339, .T. ) ;
#731 = APPROVAL_PERSON_ORGANIZATION ( #3923, #2957, #3963 ) ;
#732 = LINE ( 'NONE', #1169, #4534 ) ;
#733 =( BOUNDED_SURFACE ( )  B_SPLINE_SURFACE ( 1, 2, ( 
 ( #1550, #3035, #110, #2633, #3382, #1917, #2612, #463, #2267, #1648, #159, #1892, #4086, #842, #538, #4449, #3058, #2963, #868, #1274, #1300, #3681, #2683, #1967, #2706, #1599, #4112, #1625, #4038, #561, #918, #3330, #2295, #3357, #894, #2321, #134, #3009, #3736, #1248, #2659, #184, #2347, #2984, #1994, #4399, #4138, #2243, #3658, #3306, #1197, #3434, #588, #942, #3783, #2018, #2368, #4308, #2876, #1872, #375, #3283, #1486, #3952, #1827, #1812, #2591, #2163, #2917, #1090, #2222, #1527, #4017, #2182, #3238, #1115, #2895, #397, #3221, #3639, #2528, #3596, #4288, #46, #4329, #24, #1133, #2547, #1505, #1467, #822, #759, #2938, #3575, #3970, #776, #2202, #4375, #441, #2509, #1176, #3616, #799, #2244, #421, #738, #1849, #3260, #66, #4352, #1152, #2567, #3995, #88, #3659, #464, #1893, #6, #3931, #1446, #2853, #3682, #160, #3358, #185, #135, #1301, #1918, #207, #2268, #2634, #2296, #3712 ),
 ( #3383, #1942, #589, #1968, #539, #2660, #1600, #1576, #512, #4062, #4113, #3010, #3307, #1222, #2985, #943, #1249, #4139, #4450, #869, #111, #3331, #4087, #895, #2322, #3738, #2613, #919, #1198, #1626, #4477, #4426, #488, #1551, #3036, #4500, #1275, #2964, #2684, #2348, #3761, #562, #2707, #4039, #1995, #3412, #2369, #1649, #3059, #3784, #4401, #843, #3880, #1395, #3807, #3527, #689, #2393, #3830, #2416, #3857, #2090, #4548, #1372, #3505, #1015, #2779, #2439, #1718, #612, #326, #4521, #1763, #3458, #3130, #2040, #303, #1419, #661, #2731, #1347, #1741, #3151, #2464, #3435, #2112, #4237, #3175, #4592, #1672, #2802, #1042, #4570, #4617, #4261, #230, #4212, #2829, #3081, #1063, #2485, #3903, #1322, #2019, #254, #4163, #1693, #965, #3106, #2756, #4186, #992, #637, #2066, #3480, #280, #3988, #2911, #1865, #2196, #349, #413, #3609, #390, #3277, #2932, #2133, #3232, #38, #1784, #1480, #3633, #3964 ) ),
 .UNSPECIFIED., .F., .F., .F. ) 
 B_SPLINE_SURFACE_WITH_KNOTS ( ( 2, 2 ),
 ( 3, 2, 2, 2, 2, 2, 2, 2, 2, 2, 2, 2, 2, 2, 2, 2, 2, 2, 2, 2, 2, 2, 2, 2, 2, 2, 2, 2, 2, 2, 2, 2, 2, 2, 2, 2, 2, 2, 2, 2, 2, 2, 2, 2, 2, 2, 2, 2, 2, 2, 2, 2, 2, 2, 2, 2, 2, 2, 2, 2, 2, 2, 2, 2, 2, 2, 3 ),
 ( 0.000000000000000000, 1.000000000000000000 ),
 ( 0.000000000000000000, 0.01515151515151515194, 0.03030303030303030387, 0.04545454545454545581, 0.06060606060606060774, 0.07575757575757575968, 0.09090909090909091161, 0.1060606060606060635, 0.1212121212121212155, 0.1363636363636363535, 0.1515151515151515194, 0.1666666666666666574, 0.1818181818181818232, 0.1969696969696969613, 0.2121212121212121271, 0.2272727272727272652, 0.2424242424242424310, 0.2575757575757575690, 0.2727272727272727071, 0.2878787878787879007, 0.3030303030303030387, 0.3181818181818181768, 0.3333333333333333148, 0.3484848484848485084, 0.3636363636363636465, 0.3787878787878787845, 0.3939393939393939226, 0.4090909090909091161, 0.4242424242424242542, 0.4393939393939393923, 0.4545454545454545303, 0.4696969696969697239, 0.4848484848484848619, 0.5000000000000000000, 0.5151515151515151381, 0.5303030303030302761, 0.5454545454545454142, 0.5606060606060605522, 0.5757575757575758013, 0.5909090909090909394, 0.6060606060606060774, 0.6212121212121212155, 0.6363636363636363535, 0.6515151515151514916, 0.6666666666666666297, 0.6818181818181817677, 0.6969696969696970168, 0.7121212121212121549, 0.7272727272727272929, 0.7424242424242424310, 0.7575757575757575690, 0.7727272727272727071, 0.7878787878787878451, 0.8030303030303029832, 0.8181818181818182323, 0.8333333333333333703, 0.8484848484848485084, 0.8636363636363636465, 0.8787878787878787845, 0.8939393939393939226, 0.9090909090909090606, 0.9242424242424241987, 0.9393939393939394478, 0.9545454545454545858, 0.9696969696969697239, 0.9848484848484848619, 1.000000000000000000 ),
 .UNSPECIFIED. ) 
 GEOMETRIC_REPRESENTATION_ITEM ( )  RATIONAL_B_SPLINE_SURFACE ( (
 ( 1.000000000000000000, 0.8660254037844387076, 1.000000000000000000, 0.8660254037844387076, 1.000000000000000000, 0.8660254037844387076, 1.000000000000000000, 0.8660254037844387076, 1.000000000000000000, 0.8660254037844387076, 1.000000000000000000, 0.8660254037844387076, 1.000000000000000000, 0.8660254037844387076, 1.000000000000000000, 0.8660254037844387076, 1.000000000000000000, 0.8660254037844387076, 1.000000000000000000, 0.8660254037844387076, 1.000000000000000000, 0.8660254037844387076, 1.000000000000000000, 0.8660254037844387076, 1.000000000000000000, 0.8660254037844387076, 1.000000000000000000, 0.8660254037844387076, 1.000000000000000000, 0.8660254037844387076, 1.000000000000000000, 0.8660254037844387076, 1.000000000000000000, 0.8660254037844387076, 1.000000000000000000, 0.8660254037844387076, 1.000000000000000000, 0.8660254037844387076, 1.000000000000000000, 0.8660254037844387076, 1.000000000000000000, 0.8660254037844387076, 1.000000000000000000, 0.8660254037844387076, 1.000000000000000000, 0.8660254037844387076, 1.000000000000000000, 0.8660254037844387076, 1.000000000000000000, 0.8660254037844387076, 1.000000000000000000, 0.8660254037844387076, 1.000000000000000000, 0.8660254037844387076, 1.000000000000000000, 0.8660254037844387076, 1.000000000000000000, 0.8660254037844387076, 1.000000000000000000, 0.8660254037844387076, 1.000000000000000000, 0.8660254037844387076, 1.000000000000000000, 0.8660254037844387076, 1.000000000000000000, 0.8660254037844387076, 1.000000000000000000, 0.8660254037844387076, 1.000000000000000000, 0.8660254037844387076, 1.000000000000000000, 0.8660254037844387076, 1.000000000000000000, 0.8660254037844387076, 1.000000000000000000, 0.8660254037844387076, 1.000000000000000000, 0.8660254037844387076, 1.000000000000000000, 0.8660254037844387076, 1.000000000000000000, 0.8660254037844387076, 1.000000000000000000, 0.8660254037844387076, 1.000000000000000000, 0.8660254037844387076, 1.000000000000000000, 0.8660254037844387076, 1.000000000000000000, 0.8660254037844387076, 1.000000000000000000, 0.8660254037844387076, 1.000000000000000000, 0.8660254037844387076, 1.000000000000000000, 0.8660254037844387076, 1.000000000000000000, 0.8660254037844387076, 1.000000000000000000, 0.8660254037844387076, 1.000000000000000000, 0.8660254037844387076, 1.000000000000000000, 0.8660254037844387076, 1.000000000000000000, 0.8660254037844387076, 1.000000000000000000, 0.8660254037844387076, 1.000000000000000000, 0.8660254037844387076, 1.000000000000000000, 0.8660254037844387076, 1.000000000000000000, 0.8660254037844387076, 1.000000000000000000, 0.8660254037844387076, 1.000000000000000000, 0.8660254037844387076, 1.000000000000000000, 0.8660254037844387076, 1.000000000000000000, 0.8660254037844387076, 1.000000000000000000, 0.8660254037844387076, 1.000000000000000000, 0.8660254037844387076, 1.000000000000000000, 0.8660254037844387076, 1.000000000000000000, 0.8660254037844387076, 1.000000000000000000, 0.8660254037844387076, 1.000000000000000000),
 ( 1.000000000000000000, 0.8660254037844387076, 1.000000000000000000, 0.8660254037844387076, 1.000000000000000000, 0.8660254037844387076, 1.000000000000000000, 0.8660254037844387076, 1.000000000000000000, 0.8660254037844387076, 1.000000000000000000, 0.8660254037844387076, 1.000000000000000000, 0.8660254037844387076, 1.000000000000000000, 0.8660254037844387076, 1.000000000000000000, 0.8660254037844387076, 1.000000000000000000, 0.8660254037844387076, 1.000000000000000000, 0.8660254037844387076, 1.000000000000000000, 0.8660254037844387076, 1.000000000000000000, 0.8660254037844387076, 1.000000000000000000, 0.8660254037844387076, 1.000000000000000000, 0.8660254037844387076, 1.000000000000000000, 0.8660254037844387076, 1.000000000000000000, 0.8660254037844387076, 1.000000000000000000, 0.8660254037844387076, 1.000000000000000000, 0.8660254037844387076, 1.000000000000000000, 0.8660254037844387076, 1.000000000000000000, 0.8660254037844387076, 1.000000000000000000, 0.8660254037844387076, 1.000000000000000000, 0.8660254037844387076, 1.000000000000000000, 0.8660254037844387076, 1.000000000000000000, 0.8660254037844387076, 1.000000000000000000, 0.8660254037844387076, 1.000000000000000000, 0.8660254037844387076, 1.000000000000000000, 0.8660254037844387076, 1.000000000000000000, 0.8660254037844387076, 1.000000000000000000, 0.8660254037844387076, 1.000000000000000000, 0.8660254037844387076, 1.000000000000000000, 0.8660254037844387076, 1.000000000000000000, 0.8660254037844387076, 1.000000000000000000, 0.8660254037844387076, 1.000000000000000000, 0.8660254037844387076, 1.000000000000000000, 0.8660254037844387076, 1.000000000000000000, 0.8660254037844387076, 1.000000000000000000, 0.8660254037844387076, 1.000000000000000000, 0.8660254037844387076, 1.000000000000000000, 0.8660254037844387076, 1.000000000000000000, 0.8660254037844387076, 1.000000000000000000, 0.8660254037844387076, 1.000000000000000000, 0.8660254037844387076, 1.000000000000000000, 0.8660254037844387076, 1.000000000000000000, 0.8660254037844387076, 1.000000000000000000, 0.8660254037844387076, 1.000000000000000000, 0.8660254037844387076, 1.000000000000000000, 0.8660254037844387076, 1.000000000000000000, 0.8660254037844387076, 1.000000000000000000, 0.8660254037844387076, 1.000000000000000000, 0.8660254037844387076, 1.000000000000000000, 0.8660254037844387076, 1.000000000000000000, 0.8660254037844387076, 1.000000000000000000, 0.8660254037844387076, 1.000000000000000000, 0.8660254037844387076, 1.000000000000000000, 0.8660254037844387076, 1.000000000000000000, 0.8660254037844387076, 1.000000000000000000, 0.8660254037844387076, 1.000000000000000000, 0.8660254037844387076, 1.000000000000000000, 0.8660254037844387076, 1.000000000000000000, 0.8660254037844387076, 1.000000000000000000, 0.8660254037844387076, 1.000000000000000000, 0.8660254037844387076, 1.000000000000000000, 0.8660254037844387076, 1.000000000000000000, 0.8660254037844387076, 1.000000000000000000, 0.8660254037844387076, 1.000000000000000000) ) ) 
 REPRESENTATION_ITEM ( '' )  SURFACE ( )  );
#734 = CARTESIAN_POINT ( 'NONE',  ( 0.7114583333333356352, 0.03443492261192353937, 1.519881011839518514 ) ) ;
#735 = CARTESIAN_POINT ( 'NONE',  ( 0.7718750000000019762, -0.04591323014923139739, -1.499999999999999778 ) ) ;
#736 = CARTESIAN_POINT ( 'NONE',  ( 0.7937500000000017319, -4.869443502615268820E-18, -1.460237976320963860 ) ) ;
#737 = CARTESIAN_POINT ( 'NONE',  ( 0.8143229166666702268, -0.03311286507461774081, -1.557353164693410674 ) ) ;
#738 = CARTESIAN_POINT ( 'NONE',  ( 0.6242187500000000444, 0.06622573014923550938, -1.499999999999999778 ) ) ;
#739 = CARTESIAN_POINT ( 'NONE',  ( 0.8437500000000004441, 0.000000000000000000, -1.499999999999999556 ) ) ;
#740 = CARTESIAN_POINT ( 'NONE',  ( 0.8317291363416486893, 0.04457826414103044366, 1.515106951471953511 ) ) ;
#741 = ORIENTED_EDGE ( 'NONE', *, *, #642, .F. ) ;
#742 = CARTESIAN_POINT ( 'NONE',  ( 0.6304687500000005773, -7.023736956275672060E-18, 1.557353164693411340 ) ) ;
#743 = VECTOR ( 'NONE', #1334, 39.37007874015748143 ) ;
#744 = FACE_OUTER_BOUND ( 'NONE', #2319, .T. ) ;
#745 = EDGE_CURVE ( 'NONE', #2226, #840, #61, .T. ) ;
#746 = CARTESIAN_POINT ( 'NONE',  ( 0.6031250000000023537, 0.000000000000000000, 1.460237976320964304 ) ) ;
#747 = CARTESIAN_POINT ( 'NONE',  ( 0.5937500000000029976, -0.004712072253624313700, -1.555474099078828720 ) ) ;
#748 = CARTESIAN_POINT ( 'NONE',  ( 0.7455729166666704710, 0.04966929761192666326, 1.471323417653294996 ) ) ;
#749 = CARTESIAN_POINT ( 'NONE',  ( 0.7156250000000045075, 0.000000000000000000, -1.555999999999999162 ) ) ;
#750 = ADVANCED_FACE ( 'NONE', ( #3250 ), #1058, .F. ) ;
#751 = CARTESIAN_POINT ( 'NONE',  ( 0.6354166666666688501, 0.03443492261192356713, 1.480118988160482596 ) ) ;
#752 = ORIENTED_EDGE ( 'NONE', *, *, #3463, .T. ) ;
#753 = COORDINATED_UNIVERSAL_TIME_OFFSET ( 6, 0, .BEHIND. ) ;
#754 = LINE ( 'NONE', #80, #3364 ) ;
#755 = CARTESIAN_POINT ( 'NONE',  ( 0.6572916666666689389, 0.03443492261192356713, 1.480118988160482596 ) ) ;
#756 = CARTESIAN_POINT ( 'NONE',  ( 0.7906250000000020206, -4.869443502615268820E-18, -1.460237976320963860 ) ) ;
#757 = DIRECTION ( 'NONE',  ( 0.000000000000000000, 0.000000000000000000, -1.000000000000000000 ) ) ;
#758 = CARTESIAN_POINT ( 'NONE',  ( 0.6229166666666683394, -0.03443492261192355325, -1.480118988160481930 ) ) ;
#759 = CARTESIAN_POINT ( 'NONE',  ( 0.6533854166666669405, 0.03311286507461773387, -1.442646835306588660 ) ) ;
#760 = CARTESIAN_POINT ( 'NONE',  ( 0.5937500000000007772, 0.000000000000000000, -1.555999999999999162 ) ) ;
#761 = LINE ( 'NONE', #3911, #2294 ) ;
#762 = VERTEX_POINT ( 'NONE', #3874 ) ;
#763 = ORIENTED_EDGE ( 'NONE', *, *, #4296, .T. ) ;
#764 = DIRECTION ( 'NONE',  ( 1.000000000000000000, -0.000000000000000000, -0.000000000000000000 ) ) ;
#765 = CARTESIAN_POINT ( 'NONE',  ( 0.5937500000000021094, -4.869443502615268820E-18, 1.539762023679036362 ) ) ;
#766 = CARTESIAN_POINT ( 'NONE',  ( 0.8080729166666705821, -0.04966929761192663551, 1.528676582346705892 ) ) ;
#767 = CARTESIAN_POINT ( 'NONE',  ( 0.7979166666666658303, 0.04849742261192815929, -1.527999999999999581 ) ) ;
#768 = CARTESIAN_POINT ( 'NONE',  ( 0.6291666666666687613, -0.02295661507461569523, 1.460237976320964304 ) ) ;
#769 = ORIENTED_EDGE ( 'NONE', *, *, #1027, .F. ) ;
#770 = CALENDAR_DATE ( 2026, 16, 1 ) ;
#771 = CARTESIAN_POINT ( 'NONE',  ( 0.8374999999999996891, -0.06466323014923702761, 1.500000000000000222 ) ) ;
#772 = CARTESIAN_POINT ( 'NONE',  ( 0.6447916666666690944, -0.03443492261192355325, 1.519881011839518292 ) ) ;
#773 = CARTESIAN_POINT ( 'NONE',  ( 0.7843750000000019318, 0.04591323014923139739, -1.499999999999999778 ) ) ;
#774 = CARTESIAN_POINT ( 'NONE',  ( 0.6427083333333378778, 0.03233161507461868034, -1.556000000000000050 ) ) ;
#775 = CARTESIAN_POINT ( 'NONE',  ( 0.8018229166666700491, 0.03311286507461773387, -1.442646835306588660 ) ) ;
#776 = CARTESIAN_POINT ( 'NONE',  ( 0.6450520833333335258, 0.03311286507461778245, -1.557353164693410674 ) ) ;
#777 = CARTESIAN_POINT ( 'NONE',  ( 0.8437500000000005551, 0.000000000000000000, 1.441293670613177369 ) ) ;
#778 = CARTESIAN_POINT ( 'NONE',  ( 0.6593750000000044853, -0.06466323014923693047, 1.500000000000000444 ) ) ;
#779 = DIRECTION ( 'NONE',  ( 1.000000000000000000, 0.000000000000000000, -0.000000000000000000 ) ) ;
#780 = VERTEX_POINT ( 'NONE', #681 ) ;
#781 = EDGE_CURVE ( 'NONE', #1560, #4568, #2138, .T. ) ;
#782 = ORIENTED_EDGE ( 'NONE', *, *, #2269, .T. ) ;
#783 = DIRECTION ( 'NONE',  ( 0.000000000000000000, 0.000000000000000000, -1.000000000000000000 ) ) ;
#784 = CARTESIAN_POINT ( 'NONE',  ( 0.7281250000000019096, 0.000000000000000000, -1.539762023679035918 ) ) ;
#785 = CARTESIAN_POINT ( 'NONE',  ( 0.6393229166666705154, -0.03311286507461774081, 1.442646835306589548 ) ) ;
#786 = AXIS2_PLACEMENT_3D ( 'NONE', #4297, #2822, #3564 ) ;
#787 = DIRECTION ( 'NONE',  ( -0.000000000000000000, -0.000000000000000000, -1.000000000000000000 ) ) ;
#788 = CARTESIAN_POINT ( 'NONE',  ( 0.6229166666666687835, -0.03443492261192355325, 1.519881011839518292 ) ) ;
#789 = ORIENTED_EDGE ( 'NONE', *, *, #2384, .F. ) ;
#790 = CARTESIAN_POINT ( 'NONE',  ( 0.7291666666666686281, -0.02295661507461569176, 1.460237976320964304 ) ) ;
#791 = EDGE_CURVE ( 'NONE', #156, #825, #3628, .T. ) ;
#792 =( BOUNDED_CURVE ( )  B_SPLINE_CURVE ( 2, ( #3222, #1894, #1850, #2939, #1552, #47, #3239 ),
 .UNSPECIFIED., .F., .F. ) 
 B_SPLINE_CURVE_WITH_KNOTS ( ( 3, 2, 2, 3 ),
 ( 0.3181818181818182323, 0.3333333333333331483, 0.3484848484848480643, 0.3636363636363629803 ),
 .UNSPECIFIED. ) 
 CURVE ( )  GEOMETRIC_REPRESENTATION_ITEM ( )  RATIONAL_B_SPLINE_CURVE ( ( 1.000000000000000000, 0.8660254037844387076, 1.000000000000000000, 0.8660254037844387076, 1.000000000000000000, 0.8660254037844445918, 0.9999999999999941158 ) ) 
 REPRESENTATION_ITEM ( '' )  );
#793 = DIRECTION ( 'NONE',  ( 1.000000000000000000, -0.000000000000000000, -0.000000000000000000 ) ) ;
#794 = CARTESIAN_POINT ( 'NONE',  ( 0.5968750000000023759, -0.04591323014923139739, 1.500000000000000444 ) ) ;
#795 = CARTESIAN_POINT ( 'NONE',  ( 0.7781250000000019540, 0.000000000000000000, -1.539762023679035918 ) ) ;
#796 = CARTESIAN_POINT ( 'NONE',  ( 0.6437500000000017097, -4.869443502615268820E-18, -1.460237976320963860 ) ) ;
#797 = CARTESIAN_POINT ( 'NONE',  ( 0.8164062500000034417, 0.000000000000000000, -1.557353164693410896 ) ) ;
#798 = VECTOR ( 'NONE', #3999, 39.37007874015748854 ) ;
#799 = CARTESIAN_POINT ( 'NONE',  ( 0.6304687500000002442, -7.023736956275672060E-18, -1.442646835306588882 ) ) ;
#800 = FACE_OUTER_BOUND ( 'NONE', #4000, .T. ) ;
#801 = CARTESIAN_POINT ( 'NONE',  ( 0.7999999999999998224, 0.06466323014923702761, 1.500000000000000222 ) ) ;
#802 = CARTESIAN_POINT ( 'NONE',  ( 0.5947916666666690499, -0.03443492261192355325, 1.519881011839518292 ) ) ;
#803 = ORIENTED_EDGE ( 'NONE', *, *, #3689, .F. ) ;
#804 = CARTESIAN_POINT ( 'NONE',  ( 0.5937500000000007772, 6.858022075225043367E-18, 1.555999999999999162 ) ) ;
#805 = ORIENTED_EDGE ( 'NONE', *, *, #4296, .F. ) ;
#806 = CARTESIAN_POINT ( 'NONE',  ( 0.5937500000000007772, 0.000000000000000000, -1.500000000000000444 ) ) ;
#807 = CARTESIAN_POINT ( 'NONE',  ( 0.7739583333333353021, -0.03443492261192354631, -1.519881011839518070 ) ) ;
#808 = CARTESIAN_POINT ( 'NONE',  ( 0.6018229166666705376, 0.03311286507461773387, 1.557353164693411340 ) ) ;
#809 = CARTESIAN_POINT ( 'NONE',  ( 0.6302083333333379223, -0.03233161507461853462, 1.555999999999998940 ) ) ;
#810 = ORIENTED_EDGE ( 'NONE', *, *, #1377, .T. ) ;
#811 = CARTESIAN_POINT ( 'NONE',  ( 0.7854166666666687613, 0.03443492261192356713, 1.480118988160482596 ) ) ;
#812 = EDGE_CURVE ( 'NONE', #2074, #4092, #1583, .T. ) ;
#813 = CYLINDRICAL_SURFACE ( 'NONE', #4298, 0.05599999999999880074 ) ;
#814 = CARTESIAN_POINT ( 'NONE',  ( 0.6864583333333357240, 0.03443492261192353937, 1.519881011839518514 ) ) ;
#815 = CARTESIAN_POINT ( 'NONE',  ( 0.6385416666666686725, 0.02295661507461568829, -1.460237976320963860 ) ) ;
#816 = CARTESIAN_POINT ( 'NONE',  ( 0.6020833333333349691, -0.03443492261192354631, -1.519881011839518070 ) ) ;
#817 = EDGE_LOOP ( 'NONE', ( #3793, #1803, #204, #3355 ) ) ;
#818 = CARTESIAN_POINT ( 'NONE',  ( 0.7143229166666702490, -0.03311286507461774081, -1.557353164693410674 ) ) ;
#819 = EDGE_CURVE ( 'NONE', #4234, #4210, #2257, .T. ) ;
#820 =( BOUNDED_CURVE ( )  B_SPLINE_CURVE ( 2, ( #1621, #4472, #3054, #3032, #1271, #3779, #2680, #633, #1644, #1713, #3756, #3126, #2774, #2702, #584, #1689, #2726, #4109, #4133, #915, #226, #1668, #3077, #4517, #1343, #4182, #987, #2344, #4208, #2108, #2154, #707, #3943, #3900, #1415, #1124, #2460, #1759, #17, #299, #3543, #1737, #366, #3853, #3147, #3212, #3193, #1821, #2172, #682, #3170, #4232, #1038, #4637, #3587, #2825, #3229, #1081, #3567, #35, #727, #1477, #4587, #387, #2845, #4278, #2887, #1802, #2482, #322, #657, #2130, #1391, #4319, #1059, #2085, #3500, #2797, #3921, #1438, #3875, #1458, #2866, #3523, #4612, #4300, #1105, #4257, #1781, #347, #2520, #2502, #751, #100, #1883, #768, #2285, #2213, #788, #4416, #3607, #1540, #2953, #2258, #833, #2234, #3702, #4363, #3297, #4390, #408, #1189, #2603 ),
 .UNSPECIFIED., .F., .F. ) 
 B_SPLINE_CURVE_WITH_KNOTS ( ( 3, 2, 2, 2, 2, 2, 2, 2, 2, 2, 2, 2, 2, 2, 2, 2, 2, 2, 2, 2, 2, 2, 2, 2, 2, 2, 2, 2, 2, 2, 2, 2, 2, 2, 2, 2, 2, 2, 2, 2, 2, 2, 2, 2, 2, 2, 2, 2, 2, 2, 2, 2, 2, 2, 2, 2, 3 ),
 ( 0.1142959576803647820, 0.1212121212121212155, 0.1363636363636363535, 0.1515151515151514916, 0.1666666666666666297, 0.1818181818181817955, 0.1969696969696969335, 0.2121212121212120993, 0.2272727272727272374, 0.2424242424242424310, 0.2575757575757575690, 0.2727272727272727071, 0.2878787878787878451, 0.3030303030303029832, 0.3181818181818181213, 0.3333333333333332593, 0.3484848484848484529, 0.3636363636363635909, 0.3787878787878787290, 0.3939393939393938116, 0.4090909090909090606, 0.4242424242424241987, 0.4393939393939393367, 0.4545454545454544193, 0.4696969696969696129, 0.4848484848484848064, 0.4999999999999998890, 0.5151515151515150270, 0.5303030303030301651, 0.5454545454545453032, 0.5606060606060604412, 0.5757575757575756903, 0.5909090909090908283, 0.6060606060606059664, 0.6212121212121211045, 0.6363636363636362425, 0.6515151515151513806, 0.6666666666666665186, 0.6818181818181816567, 0.6969696969696969058, 0.7121212121212120438, 0.7272727272727271819, 0.7424242424242422089, 0.7575757575757574580, 0.7727272727272725961, 0.7878787878787876231, 0.8030303030303028722, 0.8181818181818180102, 0.8333333333333331483, 0.8484848484848483974, 0.8636363636363634244, 0.8787878787878785625, 0.8939393939393938116, 0.9090909090909088386, 0.9242424242424239766, 0.9393939393939391147, 0.9545454545454543638 ),
 .UNSPECIFIED. ) 
 CURVE ( )  GEOMETRIC_REPRESENTATION_ITEM ( )  RATIONAL_B_SPLINE_CURVE ( ( 0.9335205031524564934, 0.9388450457091612744, 1.000000000000000000, 0.8660254037844387076, 1.000000000000000000, 0.8660254037844387076, 1.000000000000000000, 0.8660254037844387076, 1.000000000000000000, 0.8660254037844387076, 1.000000000000000000, 0.8660254037844387076, 1.000000000000000000, 0.8660254037844387076, 1.000000000000000000, 0.8660254037844387076, 1.000000000000000000, 0.8660254037844387076, 1.000000000000000000, 0.8660254037844387076, 1.000000000000000000, 0.8660254037844387076, 1.000000000000000000, 0.8660254037844387076, 1.000000000000000000, 0.8660254037844387076, 1.000000000000000000, 0.8660254037844387076, 1.000000000000000000, 0.8660254037844387076, 1.000000000000000000, 0.8660254037844387076, 1.000000000000000000, 0.8660254037844387076, 1.000000000000000000, 0.8660254037844387076, 1.000000000000000000, 0.8660254037844387076, 1.000000000000000000, 0.8660254037844387076, 1.000000000000000000, 0.8660254037844387076, 1.000000000000000000, 0.8660254037844387076, 1.000000000000000000, 0.8660254037844387076, 1.000000000000000000, 0.8660254037844387076, 1.000000000000000000, 0.8660254037844387076, 1.000000000000000000, 0.8660254037844387076, 1.000000000000000000, 0.8660254037844387076, 1.000000000000000000, 0.8660254037844387076, 1.000000000000000000, 0.8660254037844387076, 1.000000000000000000, 0.8660254037844387076, 1.000000000000000000, 0.8660254037844387076, 1.000000000000000000, 0.8660254037844387076, 1.000000000000000000, 0.8660254037844387076, 1.000000000000000000, 0.8660254037844387076, 1.000000000000000000, 0.8660254037844387076, 1.000000000000000000, 0.8660254037844387076, 1.000000000000000000, 0.8660254037844387076, 1.000000000000000000, 0.8660254037844387076, 1.000000000000000000, 0.8660254037844387076, 1.000000000000000000, 0.8660254037844387076, 1.000000000000000000, 0.8660254037844387076, 1.000000000000000000, 0.8660254037844387076, 1.000000000000000000, 0.8660254037844387076, 1.000000000000000000, 0.8660254037844387076, 1.000000000000000000, 0.8660254037844387076, 1.000000000000000000, 0.8660254037844387076, 1.000000000000000000, 0.8660254037844387076, 1.000000000000000000, 0.8660254037844387076, 1.000000000000000000, 0.8660254037844387076, 1.000000000000000000, 0.8660254037844387076, 1.000000000000000000, 0.8660254037844387076, 1.000000000000000000, 0.8660254037844387076, 1.000000000000000000, 0.8660254037844387076, 1.000000000000000000, 0.8660254037844387076, 1.000000000000000000, 0.8660254037844387076, 1.000000000000000000, 0.8660254037844407060, 0.9999999999999980016 ) ) 
 REPRESENTATION_ITEM ( '' )  );
#821 = CARTESIAN_POINT ( 'NONE',  ( 0.6624999999999992006, -0.06466323014923751333, -1.499999999999999778 ) ) ;
#822 = CARTESIAN_POINT ( 'NONE',  ( 0.6554687500000001554, -7.023736956275672060E-18, -1.442646835306588882 ) ) ;
#823 = CARTESIAN_POINT ( 'NONE',  ( 0.7604166666666658525, -0.04849742261192814541, -1.471999999999999975 ) ) ;
#824 = CARTESIAN_POINT ( 'NONE',  ( 0.7354166666666658303, -0.04849742261192814541, -1.471999999999999975 ) ) ;
#825 = VERTEX_POINT ( 'NONE', #2233 ) ;
#826 = AXIS2_PLACEMENT_3D ( 'NONE', #2498, #3958, #3539 ) ;
#827 = DIRECTION ( 'NONE',  ( 0.7071067811865462405, 0.000000000000000000, -0.7071067811865486830 ) ) ;
#828 = EDGE_LOOP ( 'NONE', ( #2259, #36, #2402, #1861 ) ) ;
#829 = CARTESIAN_POINT ( 'NONE',  ( 0.5989583333333357018, -0.03443492261192354631, 1.480118988160482152 ) ) ;
#830 = CARTESIAN_POINT ( 'NONE',  ( 0.7718750000000019762, -0.04591323014923139739, -1.499999999999999778 ) ) ;
#831 = CARTESIAN_POINT ( 'NONE',  ( 0.7101562500000039302, -0.06622573014923550938, 1.500000000000000444 ) ) ;
#832 = DIRECTION ( 'NONE',  ( 0.000000000000000000, 0.000000000000000000, -1.000000000000000000 ) ) ;
#833 = CARTESIAN_POINT ( 'NONE',  ( 0.6104166666666687169, 0.03443492261192356713, 1.480118988160482596 ) ) ;
#834 = ORIENTED_EDGE ( 'NONE', *, *, #4255, .F. ) ;
#835 = CARTESIAN_POINT ( 'NONE',  ( 0.7937500000000021760, -4.869443502615268820E-18, 1.539762023679036362 ) ) ;
#836 = CARTESIAN_POINT ( 'NONE',  ( 0.8187499999999992006, 0.000000000000000000, -1.555999999999999384 ) ) ;
#837 = CARTESIAN_POINT ( 'NONE',  ( 0.5843750000000024203, 0.04591323014923139739, 1.500000000000000444 ) ) ;
#838 = CARTESIAN_POINT ( 'NONE',  ( 0.6114583333333353243, 0.03443492261192353937, -1.480118988160481708 ) ) ;
#839 = CARTESIAN_POINT ( 'NONE',  ( 0.6750000000000017097, -0.04591323014923139739, -1.499999999999999778 ) ) ;
#840 = VERTEX_POINT ( 'NONE', #528 ) ;
#841 = CARTESIAN_POINT ( 'NONE',  ( 0.6809895833333368120, -0.03311286507461777551, -1.442646835306588660 ) ) ;
#842 = CARTESIAN_POINT ( 'NONE',  ( 0.8158854166666670293, -0.03311286507461774081, -1.557353164693410674 ) ) ;
#843 = CARTESIAN_POINT ( 'NONE',  ( 0.7468750000000019540, -0.04591323014923139739, -1.499999999999999778 ) ) ;
#844 = CARTESIAN_POINT ( 'NONE',  ( 0.6562499999999998890, -6.858022075225068789E-18, 1.555999999999999384 ) ) ;
#845 = CARTESIAN_POINT ( 'NONE',  ( 0.8479166666666687613, -0.03443492261192355325, 1.519881011839518292 ) ) ;
#846 = DIRECTION ( 'NONE',  ( 2.185478394931406630E-16, 0.000000000000000000, 1.000000000000000000 ) ) ;
#847 = DIRECTION ( 'NONE',  ( 0.000000000000000000, 0.000000000000000000, -1.000000000000000000 ) ) ;
#848 = ORIENTED_EDGE ( 'NONE', *, *, #2754, .T. ) ;
#849 =( BOUNDED_SURFACE ( )  B_SPLINE_SURFACE ( 1, 2, ( 
 ( #1186, #881, #2622, #3668, #428, #1929, #1537, #4005, #4049, #474, #2230, #2599, #4412, #1140, #2279, #1587, #1954, #3695, #2995, #2577, #4387, #450, #3268, #499, #2924, #3647, #4339, #1880, #3293, #1857, #4026, #96, #1562, #1515, #2644, #74, #4436, #3626, #807, #830, #2254, #1233, #3341, #146, #1903, #4073, #3318, #2308, #122, #3722, #1209, #2555, #854, #4359, #1159, #524, #54, #1493, #2904, #3977, #784, #2208, #3090, #3045, #4097, #240, #2404, #1704, #4509, #4201, #1333, #2378, #3749, #624, #217, #2693, #2742, #3795, #929, #1309, #1680, #4462, #976, #265, #648, #3817, #3118, #1286, #1658, #3770, #1977, #2051, #1636, #2356, #3021, #573, #2006, #550, #3069, #3422, #4532, #193, #1357, #3394, #4558, #2333, #4123, #2717, #4148, #2766, #3468, #1259, #1002, #953, #4173, #2426, #4487, #598, #170, #3842, #2028, #3445, #3369, #1610, #2670, #905, #4580, #2076, #289, #1728, #3139, #3491, #4588 ),
 ( #938, #988, #4497, #203, #251, #227, #658, #1369, #1344, #1392, #300, #1645, #1012, #1738, #2775, #2751, #3148, #962, #2798, #3476, #4518, #1039, #2365, #3431, #4233, #2461, #3876, #3127, #3804, #1989, #4160, #3055, #4134, #2435, #3406, #585, #1319, #3103, #4183, #2414, #1297, #4209, #2703, #2389, #4567, #1669, #3780, #2015, #3078, #2727, #4544, #609, #3827, #2037, #277, #634, #3455, #1690, #2062, #1714, #3854, #3501, #2086, #3109, #1374, #2042, #2114, #2395, #4502, #2372, #3859, #663, #3460, #2441, #2068, #2092, #4550, #3507, #968, #1303, #4188, #233, #1324, #1044, #1349, #614, #2418, #2758, #945, #3833, #4572, #4523, #3787, #1720, #305, #3153, #994, #2466, #2781, #639, #591, #1743, #1695, #4165, #4214, #3482, #3809, #282, #3132, #2709, #4594, #1398, #209, #2805, #4239, #2733, #1018, #256, #3437, #3882, #3083, #691, #4141, #1651, #3062, #2021, #1673, #3572, #393, #351, #1501, #2135, #415 ) ),
 .UNSPECIFIED., .F., .F., .F. ) 
 B_SPLINE_SURFACE_WITH_KNOTS ( ( 2, 2 ),
 ( 3, 2, 2, 2, 2, 2, 2, 2, 2, 2, 2, 2, 2, 2, 2, 2, 2, 2, 2, 2, 2, 2, 2, 2, 2, 2, 2, 2, 2, 2, 2, 2, 2, 2, 2, 2, 2, 2, 2, 2, 2, 2, 2, 2, 2, 2, 2, 2, 2, 2, 2, 2, 2, 2, 2, 2, 2, 2, 2, 2, 2, 2, 2, 2, 2, 2, 3 ),
 ( 0.000000000000000000, 1.000000000000000000 ),
 ( 0.000000000000000000, 0.01515151515151515194, 0.03030303030303030387, 0.04545454545454545581, 0.06060606060606060774, 0.07575757575757575968, 0.09090909090909091161, 0.1060606060606060635, 0.1212121212121212155, 0.1363636363636363535, 0.1515151515151515194, 0.1666666666666666574, 0.1818181818181818232, 0.1969696969696969613, 0.2121212121212121271, 0.2272727272727272652, 0.2424242424242424310, 0.2575757575757575690, 0.2727272727272727071, 0.2878787878787879007, 0.3030303030303030387, 0.3181818181818181768, 0.3333333333333333148, 0.3484848484848485084, 0.3636363636363636465, 0.3787878787878787845, 0.3939393939393939226, 0.4090909090909091161, 0.4242424242424242542, 0.4393939393939393923, 0.4545454545454545303, 0.4696969696969697239, 0.4848484848484848619, 0.5000000000000000000, 0.5151515151515151381, 0.5303030303030302761, 0.5454545454545454142, 0.5606060606060605522, 0.5757575757575758013, 0.5909090909090909394, 0.6060606060606060774, 0.6212121212121212155, 0.6363636363636363535, 0.6515151515151514916, 0.6666666666666666297, 0.6818181818181817677, 0.6969696969696970168, 0.7121212121212121549, 0.7272727272727272929, 0.7424242424242424310, 0.7575757575757575690, 0.7727272727272727071, 0.7878787878787878451, 0.8030303030303029832, 0.8181818181818182323, 0.8333333333333333703, 0.8484848484848485084, 0.8636363636363636465, 0.8787878787878787845, 0.8939393939393939226, 0.9090909090909090606, 0.9242424242424241987, 0.9393939393939394478, 0.9545454545454545858, 0.9696969696969697239, 0.9848484848484848619, 1.000000000000000000 ),
 .UNSPECIFIED. ) 
 GEOMETRIC_REPRESENTATION_ITEM ( )  RATIONAL_B_SPLINE_SURFACE ( (
 ( 1.000000000000000000, 0.8660254037844387076, 1.000000000000000000, 0.8660254037844387076, 1.000000000000000000, 0.8660254037844387076, 1.000000000000000000, 0.8660254037844387076, 1.000000000000000000, 0.8660254037844387076, 1.000000000000000000, 0.8660254037844387076, 1.000000000000000000, 0.8660254037844387076, 1.000000000000000000, 0.8660254037844387076, 1.000000000000000000, 0.8660254037844387076, 1.000000000000000000, 0.8660254037844387076, 1.000000000000000000, 0.8660254037844387076, 1.000000000000000000, 0.8660254037844387076, 1.000000000000000000, 0.8660254037844387076, 1.000000000000000000, 0.8660254037844387076, 1.000000000000000000, 0.8660254037844387076, 1.000000000000000000, 0.8660254037844387076, 1.000000000000000000, 0.8660254037844387076, 1.000000000000000000, 0.8660254037844387076, 1.000000000000000000, 0.8660254037844387076, 1.000000000000000000, 0.8660254037844387076, 1.000000000000000000, 0.8660254037844387076, 1.000000000000000000, 0.8660254037844387076, 1.000000000000000000, 0.8660254037844387076, 1.000000000000000000, 0.8660254037844387076, 1.000000000000000000, 0.8660254037844387076, 1.000000000000000000, 0.8660254037844387076, 1.000000000000000000, 0.8660254037844387076, 1.000000000000000000, 0.8660254037844387076, 1.000000000000000000, 0.8660254037844387076, 1.000000000000000000, 0.8660254037844387076, 1.000000000000000000, 0.8660254037844387076, 1.000000000000000000, 0.8660254037844387076, 1.000000000000000000, 0.8660254037844387076, 1.000000000000000000, 0.8660254037844387076, 1.000000000000000000, 0.8660254037844387076, 1.000000000000000000, 0.8660254037844387076, 1.000000000000000000, 0.8660254037844387076, 1.000000000000000000, 0.8660254037844387076, 1.000000000000000000, 0.8660254037844387076, 1.000000000000000000, 0.8660254037844387076, 1.000000000000000000, 0.8660254037844387076, 1.000000000000000000, 0.8660254037844387076, 1.000000000000000000, 0.8660254037844387076, 1.000000000000000000, 0.8660254037844387076, 1.000000000000000000, 0.8660254037844387076, 1.000000000000000000, 0.8660254037844387076, 1.000000000000000000, 0.8660254037844387076, 1.000000000000000000, 0.8660254037844387076, 1.000000000000000000, 0.8660254037844387076, 1.000000000000000000, 0.8660254037844387076, 1.000000000000000000, 0.8660254037844387076, 1.000000000000000000, 0.8660254037844387076, 1.000000000000000000, 0.8660254037844387076, 1.000000000000000000, 0.8660254037844387076, 1.000000000000000000, 0.8660254037844387076, 1.000000000000000000, 0.8660254037844387076, 1.000000000000000000, 0.8660254037844387076, 1.000000000000000000, 0.8660254037844387076, 1.000000000000000000, 0.8660254037844387076, 1.000000000000000000, 0.8660254037844387076, 1.000000000000000000, 0.8660254037844387076, 1.000000000000000000, 0.8660254037844387076, 1.000000000000000000, 0.8660254037844387076, 1.000000000000000000, 0.8660254037844387076, 1.000000000000000000, 0.8660254037844387076, 1.000000000000000000, 0.8660254037844387076, 1.000000000000000000),
 ( 1.000000000000000000, 0.8660254037844387076, 1.000000000000000000, 0.8660254037844387076, 1.000000000000000000, 0.8660254037844387076, 1.000000000000000000, 0.8660254037844387076, 1.000000000000000000, 0.8660254037844387076, 1.000000000000000000, 0.8660254037844387076, 1.000000000000000000, 0.8660254037844387076, 1.000000000000000000, 0.8660254037844387076, 1.000000000000000000, 0.8660254037844387076, 1.000000000000000000, 0.8660254037844387076, 1.000000000000000000, 0.8660254037844387076, 1.000000000000000000, 0.8660254037844387076, 1.000000000000000000, 0.8660254037844387076, 1.000000000000000000, 0.8660254037844387076, 1.000000000000000000, 0.8660254037844387076, 1.000000000000000000, 0.8660254037844387076, 1.000000000000000000, 0.8660254037844387076, 1.000000000000000000, 0.8660254037844387076, 1.000000000000000000, 0.8660254037844387076, 1.000000000000000000, 0.8660254037844387076, 1.000000000000000000, 0.8660254037844387076, 1.000000000000000000, 0.8660254037844387076, 1.000000000000000000, 0.8660254037844387076, 1.000000000000000000, 0.8660254037844387076, 1.000000000000000000, 0.8660254037844387076, 1.000000000000000000, 0.8660254037844387076, 1.000000000000000000, 0.8660254037844387076, 1.000000000000000000, 0.8660254037844387076, 1.000000000000000000, 0.8660254037844387076, 1.000000000000000000, 0.8660254037844387076, 1.000000000000000000, 0.8660254037844387076, 1.000000000000000000, 0.8660254037844387076, 1.000000000000000000, 0.8660254037844387076, 1.000000000000000000, 0.8660254037844387076, 1.000000000000000000, 0.8660254037844387076, 1.000000000000000000, 0.8660254037844387076, 1.000000000000000000, 0.8660254037844387076, 1.000000000000000000, 0.8660254037844387076, 1.000000000000000000, 0.8660254037844387076, 1.000000000000000000, 0.8660254037844387076, 1.000000000000000000, 0.8660254037844387076, 1.000000000000000000, 0.8660254037844387076, 1.000000000000000000, 0.8660254037844387076, 1.000000000000000000, 0.8660254037844387076, 1.000000000000000000, 0.8660254037844387076, 1.000000000000000000, 0.8660254037844387076, 1.000000000000000000, 0.8660254037844387076, 1.000000000000000000, 0.8660254037844387076, 1.000000000000000000, 0.8660254037844387076, 1.000000000000000000, 0.8660254037844387076, 1.000000000000000000, 0.8660254037844387076, 1.000000000000000000, 0.8660254037844387076, 1.000000000000000000, 0.8660254037844387076, 1.000000000000000000, 0.8660254037844387076, 1.000000000000000000, 0.8660254037844387076, 1.000000000000000000, 0.8660254037844387076, 1.000000000000000000, 0.8660254037844387076, 1.000000000000000000, 0.8660254037844387076, 1.000000000000000000, 0.8660254037844387076, 1.000000000000000000, 0.8660254037844387076, 1.000000000000000000, 0.8660254037844387076, 1.000000000000000000, 0.8660254037844387076, 1.000000000000000000, 0.8660254037844387076, 1.000000000000000000, 0.8660254037844387076, 1.000000000000000000, 0.8660254037844387076, 1.000000000000000000, 0.8660254037844387076, 1.000000000000000000) ) ) 
 REPRESENTATION_ITEM ( '' )  SURFACE ( )  );
#850 = CARTESIAN_POINT ( 'NONE',  ( 0.7781250000000047296, -6.858022075225057234E-18, 1.555999999999999162 ) ) ;
#851 = CARTESIAN_POINT ( 'NONE',  ( 0.7822916666666690499, 0.03443492261192356713, 1.480118988160482596 ) ) ;
#852 = ORIENTED_EDGE ( 'NONE', *, *, #3351, .F. ) ;
#853 = LINE ( 'NONE', #3667, #650 ) ;
#854 = CARTESIAN_POINT ( 'NONE',  ( 0.7447916666666686281, -0.03443492261192355325, -1.480118988160481930 ) ) ;
#855 = B_SPLINE_CURVE_WITH_KNOTS ( 'NONE', 3,
 ( #2678, #4107, #1192, #1961, #2606, #2237, #2289, #2261, #913, #3376 ),
 .UNSPECIFIED., .F., .F.,
 ( 4, 2, 2, 2, 4 ),
 ( 0.004526529495016205600, 0.005358174545273781259, 0.006189819595531356050, 0.007021464645788931709, 0.007853109696046507368 ),
 .UNSPECIFIED. ) ;
#856 = CARTESIAN_POINT ( 'NONE',  ( 0.7122395833333372561, -0.04966929761192663551, 1.471323417653294996 ) ) ;
#857 = CARTESIAN_POINT ( 'NONE',  ( 0.5937500000000007772, 6.858022075225043367E-18, -1.444000000000001505 ) ) ;
#858 = CARTESIAN_POINT ( 'NONE',  ( 0.7270833333333331927, 0.04849742261192777765, 1.528000000000000247 ) ) ;
#859 = ORIENTED_EDGE ( 'NONE', *, *, #3249, .F. ) ;
#860 = CARTESIAN_POINT ( 'NONE',  ( 0.7208333333333355464, -0.02295661507461571257, 1.539762023679036584 ) ) ;
#861 = AXIS2_PLACEMENT_3D ( 'NONE', #363, #1925, #1533 ) ;
#862 = EDGE_CURVE ( 'NONE', #4507, #3316, #213, .T. ) ;
#863 = CARTESIAN_POINT ( 'NONE',  ( 0.6135416666666686503, 0.02295661507461568829, -1.460237976320963860 ) ) ;
#864 = CARTESIAN_POINT ( 'NONE',  ( 0.6416666666666683838, 0.02295661507461568829, -1.460237976320963860 ) ) ;
#865 = VERTEX_POINT ( 'NONE', #2602 ) ;
#866 = CARTESIAN_POINT ( 'NONE',  ( 0.7268229166666702046, 0.03311286507461773387, -1.442646835306588660 ) ) ;
#867 = CONICAL_SURFACE ( 'NONE', #1103, 0.05870632938682311674, 0.7853981633974500554 ) ;
#868 = CARTESIAN_POINT ( 'NONE',  ( 0.8054687500000002887, -7.023736956275672060E-18, -1.442646835306588882 ) ) ;
#869 = CARTESIAN_POINT ( 'NONE',  ( 0.8135416666666687169, 0.02295661507461568829, -1.460237976320963860 ) ) ;
#870 = CARTESIAN_POINT ( 'NONE',  ( 0.7770833333333324600, 0.04849742261192812459, -1.471999999999999975 ) ) ;
#871 = AXIS2_PLACEMENT_3D ( 'NONE', #410, #3545, #1083 ) ;
#872 = CARTESIAN_POINT ( 'NONE',  ( 0.7864583333333380333, -0.04849742261192770826, 1.472000000000000863 ) ) ;
#873 = CYLINDRICAL_SURFACE ( 'NONE', #4309, 0.05599999999999880074 ) ;
#874 = ORIENTED_EDGE ( 'NONE', *, *, #1660, .T. ) ;
#875 = EDGE_CURVE ( 'NONE', #4391, #840, #3322, .T. ) ;
#876 = CARTESIAN_POINT ( 'NONE',  ( 0.5989583333333380333, 0.04849742261192769438, 1.528000000000000025 ) ) ;
#877 =( BOUNDED_CURVE ( )  B_SPLINE_CURVE ( 2, ( #1295, #2701, #3778, #1801, #726, #321, #3211 ),
 .UNSPECIFIED., .F., .F. ) 
 B_SPLINE_CURVE_WITH_KNOTS ( ( 3, 2, 2, 3 ),
 ( 0.7727272727272729291, 0.7878787878787878451, 0.8030303030303026501, 0.8181818181818175661 ),
 .UNSPECIFIED. ) 
 CURVE ( )  GEOMETRIC_REPRESENTATION_ITEM ( )  RATIONAL_B_SPLINE_CURVE ( ( 0.9999999999999980016, 0.8660254037844407060, 1.000000000000000000, 0.8660254037844387076, 1.000000000000000000, 0.8660254037844435926, 0.9999999999999951150 ) ) 
 REPRESENTATION_ITEM ( '' )  );
#878 = CARTESIAN_POINT ( 'NONE',  ( 0.7802083333333357240, 0.02295661507461572298, 1.460237976320964304 ) ) ;
#879 = ORIENTED_EDGE ( 'NONE', *, *, #2399, .T. ) ;
#880 = CARTESIAN_POINT ( 'NONE',  ( 0.7992187500000006439, 0.06622573014923550938, 1.500000000000000444 ) ) ;
#881 = CARTESIAN_POINT ( 'NONE',  ( 0.8510416666666686947, -0.02295661507461569176, -1.539762023679035918 ) ) ;
#882 = EDGE_CURVE ( 'NONE', #1144, #2764, #2284, .T. ) ;
#883 = CARTESIAN_POINT ( 'NONE',  ( 0.6893229166666704488, -0.03311286507461774081, 1.442646835306589548 ) ) ;
#884 = CARTESIAN_POINT ( 'NONE',  ( 0.6208333333333354576, -0.02295661507461571257, 1.539762023679036584 ) ) ;
#885 = DIRECTION ( 'NONE',  ( 1.000000000000000000, 0.000000000000000000, 0.000000000000000000 ) ) ;
#886 = CARTESIAN_POINT ( 'NONE',  ( 0.7489583333333357240, -0.03443492261192354631, 1.480118988160482152 ) ) ;
#887 = ORIENTED_EDGE ( 'NONE', *, *, #430, .F. ) ;
#888 = CARTESIAN_POINT ( 'NONE',  ( 0.7104166666666686947, 0.03443492261192356713, 1.480118988160482596 ) ) ;
#889 = CARTESIAN_POINT ( 'NONE',  ( 0.8083333333333325710, -0.03233161507461904810, -1.444000000000001060 ) ) ;
#890 = CARTESIAN_POINT ( 'NONE',  ( 0.6885416666666687169, 0.02295661507461568829, -1.460237976320963860 ) ) ;
#891 = CARTESIAN_POINT ( 'NONE',  ( 0.6812500000000016875, 0.000000000000000000, -1.539762023679035918 ) ) ;
#892 = ORIENTED_EDGE ( 'NONE', *, *, #82, .T. ) ;
#893 = CARTESIAN_POINT ( 'NONE',  ( 0.6559895833333367898, -0.03311286507461777551, -1.442646835306588660 ) ) ;
#894 = CARTESIAN_POINT ( 'NONE',  ( 0.7721354166666668517, 0.04966929761192666326, -1.528676582346705226 ) ) ;
#895 = CARTESIAN_POINT ( 'NONE',  ( 0.8052083333333353021, 0.02295661507461572298, -1.539762023679035918 ) ) ;
#896 = CARTESIAN_POINT ( 'NONE',  ( 0.8395833333333325710, -0.04849742261192814541, -1.527999999999999581 ) ) ;
#897 = CARTESIAN_POINT ( 'NONE',  ( 0.04687500000000018041, 9.567553118338701938E-18, -1.421875000000000222 ) ) ;
#898 = CARTESIAN_POINT ( 'NONE',  ( 0.8156250000000044853, 0.000000000000000000, -1.555999999999999162 ) ) ;
#899 = CARTESIAN_POINT ( 'NONE',  ( 0.8479166666666684282, -0.03443492261192355325, -1.480118988160481930 ) ) ;
#900 = ORIENTED_EDGE ( 'NONE', *, *, #4102, .F. ) ;
#901 = CARTESIAN_POINT ( 'NONE',  ( 0.7614583333333380111, -0.04849742261192770826, 1.472000000000000863 ) ) ;
#902 = CARTESIAN_POINT ( 'NONE',  ( 0.5950520833333339255, 0.03311286507461778245, 1.442646835306589548 ) ) ;
#903 = ORIENTED_EDGE ( 'NONE', *, *, #2997, .F. ) ;
#904 = CARTESIAN_POINT ( 'NONE',  ( 0.8096354166666672736, -0.04966929761192663551, 1.528676582346705892 ) ) ;
#905 = CARTESIAN_POINT ( 'NONE',  ( 0.5927083333333352799, -0.02295661507461571257, -1.460237976320963860 ) ) ;
#906 = AXIS2_PLACEMENT_3D ( 'NONE', #3592, #371, #1786 ) ;
#907 = DIRECTION ( 'NONE',  ( 1.000000000000000000, -0.000000000000000000, -0.000000000000000000 ) ) ;
#908 =( BOUNDED_CURVE ( )  B_SPLINE_CURVE ( 2, ( #556, #3705, #3325, #2629, #130, #3403, #4055 ),
 .UNSPECIFIED., .F., .F. ) 
 B_SPLINE_CURVE_WITH_KNOTS ( ( 3, 2, 2, 3 ),
 ( 0.8636363636363635354, 0.8787878787878775633, 0.8939393939393917021, 0.9090909090909057300 ),
 .UNSPECIFIED. ) 
 CURVE ( )  GEOMETRIC_REPRESENTATION_ITEM ( )  RATIONAL_B_SPLINE_CURVE ( ( 1.000000000000000888, 0.8660254037844378194, 1.000000000000000000, 0.8660254037844388186, 1.000000000000000000, 0.8660254037844682395, 0.9999999999999705791 ) ) 
 REPRESENTATION_ITEM ( '' )  );
#909 = CARTESIAN_POINT ( 'NONE',  ( 0.7000000000000021760, -0.04591323014923139739, 1.500000000000000444 ) ) ;
#910 = CARTESIAN_POINT ( 'NONE',  ( 0.7989583333333357684, -0.03443492261192354631, 1.480118988160482152 ) ) ;
#911 = CYLINDRICAL_SURFACE ( 'NONE', #4105, 0.07812500000000013878 ) ;
#912 = CARTESIAN_POINT ( 'NONE',  ( 0.5854166666666686947, 0.03443492261192356713, 1.480118988160482596 ) ) ;
#913 = CARTESIAN_POINT ( 'NONE',  ( 0.8405321213829421989, -0.04318916837015785576, 1.463476592705743595 ) ) ;
#914 = CYLINDRICAL_SURFACE ( 'NONE', #1365, 0.05599999999999880074 ) ;
#915 = CARTESIAN_POINT ( 'NONE',  ( 0.7875000000000018652, 0.04591323014923139739, 1.500000000000000444 ) ) ;
#916 = EDGE_LOOP ( 'NONE', ( #4184, #357 ) ) ;
#917 = CARTESIAN_POINT ( 'NONE',  ( 0.7330729166666701824, -0.04966929761192663551, -1.471323417653294330 ) ) ;
#918 = CARTESIAN_POINT ( 'NONE',  ( 0.7804687500000002665, -7.023736956275672060E-18, -1.442646835306588882 ) ) ;
#919 = CARTESIAN_POINT ( 'NONE',  ( 0.7968750000000018874, -0.04591323014923139739, -1.499999999999999778 ) ) ;
#920 = DIRECTION ( 'NONE',  ( 0.000000000000000000, 0.000000000000000000, -1.000000000000000000 ) ) ;
#921 = CARTESIAN_POINT ( 'NONE',  ( 0.8260416666666713370, 0.03233161507461849299, -1.443999999999999950 ) ) ;
#922 = DIRECTION ( 'NONE',  ( 1.000000000000000000, -0.000000000000000000, -0.000000000000000000 ) ) ;
#923 = CARTESIAN_POINT ( 'NONE',  ( 0.8562500000000017319, 0.000000000000000000, -1.539762023679035918 ) ) ;
#924 = CARTESIAN_POINT ( 'NONE',  ( 0.8031250000000045297, -6.858022075225123486E-18, -1.444000000000000172 ) ) ;
#925 = CARTESIAN_POINT ( 'NONE',  ( 0.8343750000000023093, 0.04591323014923139739, 1.500000000000000444 ) ) ;
#926 = EDGE_CURVE ( 'NONE', #2415, #3525, #4400, .T. ) ;
#927 = ORIENTED_EDGE ( 'NONE', *, *, #669, .T. ) ;
#928 = CARTESIAN_POINT ( 'NONE',  ( 0.8283854166666672070, 0.03311286507461773387, 1.557353164693411340 ) ) ;
#929 = CARTESIAN_POINT ( 'NONE',  ( 0.6906250000000020428, -4.869443502615268820E-18, -1.460237976320963860 ) ) ;
#930 = PLANE ( 'NONE',  #2201 ) ;
#931 = CARTESIAN_POINT ( 'NONE',  ( 0.6958333333333354132, -0.02295661507461571257, 1.539762023679036584 ) ) ;
#932 = CARTESIAN_POINT ( 'NONE',  ( 0.7781250000000023981, 0.000000000000000000, 1.460237976320964304 ) ) ;
#933 = DIRECTION ( 'NONE',  ( 1.000000000000000000, -0.000000000000000000, -0.000000000000000000 ) ) ;
#934 = CARTESIAN_POINT ( 'NONE',  ( 0.5833333333333353687, 0.02295661507461572298, 1.460237976320964304 ) ) ;
#935 = CARTESIAN_POINT ( 'NONE',  ( 0.5937500000000007772, 0.04455706040997476497, 1.518110811788127457 ) ) ;
#936 = CARTESIAN_POINT ( 'NONE',  ( 0.5937500000000007772, 0.000000000000000000, -1.500000000000000444 ) ) ;
#937 = DIRECTION ( 'NONE',  ( 1.000000000000000000, -0.000000000000000000, -0.000000000000000000 ) ) ;
#939 = ORIENTED_EDGE ( 'NONE', *, *, #244, .T. ) ;
#938 = CARTESIAN_POINT ( 'NONE',  ( 0.8562500000000017319, 0.000000000000000000, -1.539762023679035918 ) ) ;
#940 = CARTESIAN_POINT ( 'NONE',  ( 0.6497395833333368120, 0.04966929761192662163, -1.471323417653294330 ) ) ;
#941 = ADVANCED_FACE ( 'NONE', ( #502 ), #1236, .F. ) ;
#942 = CARTESIAN_POINT ( 'NONE',  ( 0.7325520833333335480, -0.03311286507461777551, -1.442646835306588660 ) ) ;
#943 = CARTESIAN_POINT ( 'NONE',  ( 0.8218750000000020206, -0.04591323014923139739, -1.499999999999999778 ) ) ;
#944 = FACE_OUTER_BOUND ( 'NONE', #312, .T. ) ;
#945 = CARTESIAN_POINT ( 'NONE',  ( 0.6729166666666683838, -0.03443492261192355325, -1.480118988160481930 ) ) ;
#946 = CARTESIAN_POINT ( 'NONE',  ( 0.5937500000000007772, 0.000000000000000000, 1.500000000000000444 ) ) ;
#947 = CARTESIAN_POINT ( 'NONE',  ( 0.6708333333333350579, -0.02295661507461571257, -1.460237976320963860 ) ) ;
#948 = VECTOR ( 'NONE', #3910, 39.37007874015748143 ) ;
#949 = FACE_OUTER_BOUND ( 'NONE', #2253, .T. ) ;
#950 = CARTESIAN_POINT ( 'NONE',  ( 0.8322916666666689833, 0.03443492261192356713, 1.480118988160482596 ) ) ;
#951 = ORIENTED_EDGE ( 'NONE', *, *, #4597, .T. ) ;
#952 = CYLINDRICAL_SURFACE ( 'NONE', #4463, 0.05599999999999880074 ) ;
#953 = CARTESIAN_POINT ( 'NONE',  ( 0.6177083333333353021, -0.02295661507461571257, -1.460237976320963860 ) ) ;
#954 = CARTESIAN_POINT ( 'NONE',  ( 0.5937500000000007772, 0.000000000000000000, 1.444000000000001505 ) ) ;
#955 = CARTESIAN_POINT ( 'NONE',  ( 0.5979166666666687613, -0.03443492261192355325, 1.519881011839518292 ) ) ;
#956 = CARTESIAN_POINT ( 'NONE',  ( 0.7510416666666690499, -0.02295661507461569523, 1.460237976320964304 ) ) ;
#957 = LINE ( 'NONE', #2676, #3269 ) ;
#958 = CARTESIAN_POINT ( 'NONE',  ( 0.8643229166666707153, -0.03311286507461774081, 1.442646835306589548 ) ) ;
#959 = CARTESIAN_POINT ( 'NONE',  ( 0.5937500000000005551, 0.04988747060602582994, 1.504832101444635528 ) ) ;
#960 = CARTESIAN_POINT ( 'NONE',  ( 0.8410436706131768636, 0.006292652610733563689, 1.444354672045889298 ) ) ;
#961 = CARTESIAN_POINT ( 'NONE',  ( 0.8437500000000001110, 0.000000000000000000, -1.499999999999999778 ) ) ;
#963 = EDGE_LOOP ( 'NONE', ( #2990, #1761, #4024, #1061 ) ) ;
#962 = CARTESIAN_POINT ( 'NONE',  ( 0.8208333333333350801, -0.02295661507461571257, -1.460237976320963860 ) ) ;
#964 = CARTESIAN_POINT ( 'NONE',  ( 0.8229166666666658525, 0.04849742261192815929, -1.527999999999999581 ) ) ;
#965 = CARTESIAN_POINT ( 'NONE',  ( 0.6302083333333352577, 0.02295661507461572298, -1.539762023679035918 ) ) ;
#966 = CARTESIAN_POINT ( 'NONE',  ( 0.7364583333333357684, 0.03443492261192353937, 1.519881011839518514 ) ) ;
#967 = EDGE_CURVE ( 'NONE', #301, #2880, #621, .T. ) ;
#968 = CARTESIAN_POINT ( 'NONE',  ( 0.6937500000000017542, -4.869443502615268820E-18, -1.460237976320963860 ) ) ;
#969 = CARTESIAN_POINT ( 'NONE',  ( 0.7052083333333379889, -0.03233161507461862483, 1.555999999999998940 ) ) ;
#970 = CARTESIAN_POINT ( 'NONE',  ( 0.6875000000000015543, 0.04591323014923139739, -1.499999999999999778 ) ) ;
#971 = CARTESIAN_POINT ( 'NONE',  ( 0.7375000000000019318, 0.04591323014923139739, 1.500000000000000444 ) ) ;
#972 = DIRECTION ( 'NONE',  ( 0.000000000000000000, 0.000000000000000000, -1.000000000000000000 ) ) ;
#973 = CARTESIAN_POINT ( 'NONE',  ( 0.7052083333333355464, 0.02295661507461572298, 1.460237976320964304 ) ) ;
#974 = ORIENTED_EDGE ( 'NONE', *, *, #1141, .F. ) ;
#975 = CARTESIAN_POINT ( 'NONE',  ( 0.8013020833333338588, 0.04966929761192662163, 1.528676582346705892 ) ) ;
#976 = CARTESIAN_POINT ( 'NONE',  ( 0.6822916666666686281, 0.03443492261192356713, -1.519881011839517626 ) ) ;
#977 = FACE_BOUND ( 'NONE', #417, .T. ) ;
#978 =( BOUNDED_CURVE ( )  B_SPLINE_CURVE ( 2, ( #2349, #4501, #3785, #490, #1996, #3413, #540 ),
 .UNSPECIFIED., .F., .F. ) 
 B_SPLINE_CURVE_WITH_KNOTS ( ( 3, 2, 2, 3 ),
 ( 0.09090909090909067569, 0.1060606060606059109, 0.1212121212121211461, 0.1363636363636363813 ),
 .UNSPECIFIED. ) 
 CURVE ( )  GEOMETRIC_REPRESENTATION_ITEM ( )  RATIONAL_B_SPLINE_CURVE ( ( 1.000000000000002220, 0.8660254037844362651, 1.000000000000000000, 0.8660254037844387076, 1.000000000000000000, 0.8660254037844384856, 1.000000000000000222 ) ) 
 REPRESENTATION_ITEM ( '' )  );
#979 = CARTESIAN_POINT ( 'NONE',  ( 0.5958333333333354354, -0.02295661507461571257, 1.539762023679036584 ) ) ;
#980 = CARTESIAN_POINT ( 'NONE',  ( 0.8335814240181022017, -0.03063306498783241114, 1.462214068151479474 ) ) ;
#981 = CARTESIAN_POINT ( 'NONE',  ( 0.8437500000000005551, 9.567553118338708101E-18, 1.421875000000000222 ) ) ;
#982 = AXIS2_PLACEMENT_3D ( 'NONE', #3296, #3372, #1933 ) ;
#983 = CARTESIAN_POINT ( 'NONE',  ( 0.6645833333333355242, 0.03443492261192353937, 1.519881011839518514 ) ) ;
#984 = AXIS2_PLACEMENT_3D ( 'NONE', #1010, #2433, #201 ) ;
#985 = DIRECTION ( 'NONE',  ( 0.000000000000000000, 0.000000000000000000, -1.000000000000000000 ) ) ;
#986 = CARTESIAN_POINT ( 'NONE',  ( 0.7572916666666712482, -0.04849742261192818704, -1.471999999999999975 ) ) ;
#987 = CARTESIAN_POINT ( 'NONE',  ( 0.7729166666666688057, -0.03443492261192355325, 1.519881011839518292 ) ) ;
#989 = ORIENTED_EDGE ( 'NONE', *, *, #4276, .T. ) ;
#988 = CARTESIAN_POINT ( 'NONE',  ( 0.8541666666666684060, -0.02295661507461569176, -1.539762023679035918 ) ) ;
#990 = CARTESIAN_POINT ( 'NONE',  ( 0.7114583333333378556, -0.04849742261192818704, -1.527999999999999581 ) ) ;
#991 = EDGE_CURVE ( 'NONE', #2173, #1355, #71, .T. ) ;
#992 = CARTESIAN_POINT ( 'NONE',  ( 0.6218750000000019540, -0.04591323014923139739, -1.499999999999999778 ) ) ;
#993 = CARTESIAN_POINT ( 'NONE',  ( 0.8156250000000024869, -4.869443502615268820E-18, 1.539762023679036362 ) ) ;
#994 = CARTESIAN_POINT ( 'NONE',  ( 0.6562500000000016653, 0.000000000000000000, -1.539762023679035918 ) ) ;
#995 = CYLINDRICAL_SURFACE ( 'NONE', #3180, 0.05599999999999880074 ) ;
#996 = CARTESIAN_POINT ( 'NONE',  ( 0.6625000000000017542, 0.04591323014923139739, -1.499999999999999778 ) ) ;
#997 = CARTESIAN_POINT ( 'NONE',  ( 0.7416666666666686947, 0.02295661507461568829, 1.539762023679036584 ) ) ;
#998 = CARTESIAN_POINT ( 'NONE',  ( 0.6489583333333379667, 0.04849742261192769438, 1.528000000000000025 ) ) ;
#999 = CARTESIAN_POINT ( 'NONE',  ( 0.7031250000000023315, 0.000000000000000000, 1.460237976320964304 ) ) ;
#1000 = ORIENTED_EDGE ( 'NONE', *, *, #1151, .F. ) ;
#1001 = CARTESIAN_POINT ( 'NONE',  ( 0.7242187500000005773, 0.06622573014923550938, 1.500000000000000444 ) ) ;
#1002 = CARTESIAN_POINT ( 'NONE',  ( 0.6197916666666686281, -0.03443492261192355325, -1.480118988160481930 ) ) ;
#1003 = CARTESIAN_POINT ( 'NONE',  ( 0.6437499999999991562, 0.000000000000000000, -1.555999999999999384 ) ) ;
#1004 = CARTESIAN_POINT ( 'NONE',  ( 0.8361128690799758401, -0.02105254927376626339, -1.546637360370218373 ) ) ;
#1005 = CARTESIAN_POINT ( 'NONE',  ( 0.6239583333333357240, -0.03443492261192354631, 1.480118988160482152 ) ) ;
#1006 = DIRECTION ( 'NONE',  ( 1.000000000000000000, -0.000000000000000000, -0.000000000000000000 ) ) ;
#1007 =( BOUNDED_CURVE ( )  B_SPLINE_CURVE ( 2, ( #4560, #3598, #2897, #778, #1851, #2078, #3493 ),
 .UNSPECIFIED., .F., .F. ) 
 B_SPLINE_CURVE_WITH_KNOTS ( ( 3, 2, 2, 3 ),
 ( 0.2272727272727273207, 0.2424242424242424032, 0.2575757575757574580, 0.2727272727272725406 ),
 .UNSPECIFIED. ) 
 CURVE ( )  GEOMETRIC_REPRESENTATION_ITEM ( )  RATIONAL_B_SPLINE_CURVE ( ( 0.9999999999999996669, 0.8660254037844389297, 1.000000000000000000, 0.8660254037844387076, 1.000000000000000000, 0.8660254037844401509, 0.9999999999999985567 ) ) 
 REPRESENTATION_ITEM ( '' )  );
#1008 = CARTESIAN_POINT ( 'NONE',  ( 0.6916666666666687613, 0.02295661507461568829, 1.539762023679036584 ) ) ;
#1009 = CARTESIAN_POINT ( 'NONE',  ( 0.6947916666666712482, 0.04849742261192773601, 1.472000000000000863 ) ) ;
#1010 = CARTESIAN_POINT ( 'NONE',  ( 0.5937500000000007772, 0.000000000000000000, 1.500000000000000444 ) ) ;
#1011 = CARTESIAN_POINT ( 'NONE',  ( 0.5937500000000007772, 0.000000000000000000, -1.500000000000000444 ) ) ;
#1013 = ORIENTED_EDGE ( 'NONE', *, *, #991, .F. ) ;
#1012 = CARTESIAN_POINT ( 'NONE',  ( 0.8312500000000017097, 0.000000000000000000, -1.539762023679035918 ) ) ;
#1014 = CARTESIAN_POINT ( 'NONE',  ( 0.5937500000000004441, 0.04217939635764235418, -1.536244137112826591 ) ) ;
#1015 = CARTESIAN_POINT ( 'NONE',  ( 0.7177083333333353909, -0.02295661507461571257, -1.460237976320963860 ) ) ;
#1016 = EDGE_CURVE ( 'NONE', #3664, #3608, #2343, .T. ) ;
#1017 = CARTESIAN_POINT ( 'NONE',  ( 0.7447916666666690721, -0.03443492261192355325, 1.519881011839518292 ) ) ;
#1018 = CARTESIAN_POINT ( 'NONE',  ( 0.6145833333333350357, 0.03443492261192353937, -1.480118988160481708 ) ) ;
#1019 = FACE_OUTER_BOUND ( 'NONE', #3877, .T. ) ;
#1020 = CARTESIAN_POINT ( 'NONE',  ( 0.6354166666666682950, 0.03443492261192356713, -1.519881011839517626 ) ) ;
#1021 = CARTESIAN_POINT ( 'NONE',  ( 0.8208333333333355242, -0.02295661507461571257, 1.539762023679036584 ) ) ;
#1022 = CARTESIAN_POINT ( 'NONE',  ( 0.8406250000000045075, 0.000000000000000000, -1.555999999999999162 ) ) ;
#1023 = VECTOR ( 'NONE', #4353, 39.37007874015748143 ) ;
#1024 = CARTESIAN_POINT ( 'NONE',  ( 0.6739583333333356574, -0.03443492261192354631, 1.480118988160482152 ) ) ;
#1025 = VERTEX_POINT ( 'NONE', #1564 ) ;
#1026 = CARTESIAN_POINT ( 'NONE',  ( 0.6929687500000005773, 0.000000000000000000, 1.442646835306589326 ) ) ;
#1027 = EDGE_CURVE ( 'NONE', #4357, #1490, #2907, .T. ) ;
#1028 = CARTESIAN_POINT ( 'NONE',  ( 0.7145833333333331261, -0.04849742261192779152, 1.472000000000000863 ) ) ;
#1029 = CIRCLE ( 'NONE', #345, 0.05870632938682311674 ) ;
#1030 = CARTESIAN_POINT ( 'NONE',  ( 0.04687500000000016653, 0.000000000000000000, 1.375000000000000444 ) ) ;
#1031 = LOCAL_TIME ( 9, 17, 47.00000000000000000, #753 ) ;
#1032 = ADVANCED_FACE ( 'NONE', ( #1518 ), #4439, .F. ) ;
#1033 = CARTESIAN_POINT ( 'NONE',  ( 0.7177083333333358350, -0.02295661507461571257, 1.539762023679036584 ) ) ;
#1034 = CARTESIAN_POINT ( 'NONE',  ( 0.5937500000000007772, -0.009393927176216549865, -1.554293258201338235 ) ) ;
#1035 = CARTESIAN_POINT ( 'NONE',  ( 0.7372395833333371673, -0.04966929761192663551, 1.471323417653294996 ) ) ;
#1036 = DIRECTION ( 'NONE',  ( 0.000000000000000000, 0.000000000000000000, -1.000000000000000000 ) ) ;
#1037 = CARTESIAN_POINT ( 'NONE',  ( 0.5937500000000007772, 0.000000000000000000, 1.500000000000000444 ) ) ;
#1038 = CARTESIAN_POINT ( 'NONE',  ( 0.7187500000000021094, -4.869443502615268820E-18, 1.539762023679036362 ) ) ;
#1040 = ORIENTED_EDGE ( 'NONE', *, *, #2874, .T. ) ;
#1039 = CARTESIAN_POINT ( 'NONE',  ( 0.8125000000000015543, 0.04591323014923139739, -1.499999999999999778 ) ) ;
#1041 = CARTESIAN_POINT ( 'NONE',  ( 0.8208333333333325266, 0.03233161507461864564, -1.555999999999999384 ) ) ;
#1042 = CARTESIAN_POINT ( 'NONE',  ( 0.6635416666666686947, 0.02295661507461568829, -1.460237976320963860 ) ) ;
#1043 = CARTESIAN_POINT ( 'NONE',  ( 0.8343750000000023093, 0.04591323014923139739, 1.500000000000000444 ) ) ;
#1044 = CARTESIAN_POINT ( 'NONE',  ( 0.6833333333333349024, 0.02295661507461572298, -1.539762023679035918 ) ) ;
#1045 = CARTESIAN_POINT ( 'NONE',  ( 0.7562500000000016431, 0.000000000000000000, -1.539762023679035918 ) ) ;
#1046 = CARTESIAN_POINT ( 'NONE',  ( 0.7458333333333351245, -0.02295661507461571257, -1.460237976320963860 ) ) ;
#1047 = CARTESIAN_POINT ( 'NONE',  ( 0.7875000000000019762, 0.04591323014923139739, 1.500000000000000444 ) ) ;
#1048 = CARTESIAN_POINT ( 'NONE',  ( 0.8062499999999999112, -6.858022075225068789E-18, 1.555999999999999384 ) ) ;
#1049 = CARTESIAN_POINT ( 'NONE',  ( 0.7572916666666690277, 0.03443492261192356713, 1.480118988160482596 ) ) ;
#1050 = ORIENTED_EDGE ( 'NONE', *, *, #3092, .T. ) ;
#1051 = CARTESIAN_POINT ( 'NONE',  ( 0.7117187500000006217, -0.06622573014923550938, 1.500000000000000444 ) ) ;
#1052 = CARTESIAN_POINT ( 'NONE',  ( 0.6604166666666658747, -0.04849742261192814541, -1.471999999999999975 ) ) ;
#1053 = CARTESIAN_POINT ( 'NONE',  ( 0.6916666666666656527, -0.03233161507461895789, -1.555999999999998717 ) ) ;
#1054 = CARTESIAN_POINT ( 'NONE',  ( 0.6072916666666690055, 0.03443492261192356713, 1.480118988160482596 ) ) ;
#1055 = CARTESIAN_POINT ( 'NONE',  ( 0.6437499999999998224, 0.000000000000000000, 1.444000000000001283 ) ) ;
#1056 = CARTESIAN_POINT ( 'NONE',  ( 0.8393229166666705821, -0.03311286507461774081, 1.442646835306589548 ) ) ;
#1057 = DIRECTION ( 'NONE',  ( 0.000000000000000000, 0.000000000000000000, 1.000000000000000000 ) ) ;
#1058 = CYLINDRICAL_SURFACE ( 'NONE', #1948, 0.05599999999999880074 ) ;
#1059 = CARTESIAN_POINT ( 'NONE',  ( 0.6729166666666687169, -0.03443492261192355325, 1.519881011839518292 ) ) ;
#1061 = ORIENTED_EDGE ( 'NONE', *, *, #2102, .T. ) ;
#1060 = ORIENTED_EDGE ( 'NONE', *, *, #2102, .F. ) ;
#1062 =( LENGTH_UNIT ( ) NAMED_UNIT ( * ) SI_UNIT ( $, .METRE. ) );
#1063 = CARTESIAN_POINT ( 'NONE',  ( 0.6468750000000019762, -0.04591323014923139739, -1.499999999999999778 ) ) ;
#1064 =( BOUNDED_CURVE ( )  B_SPLINE_CURVE ( 2, ( #3333, #1529, #1920, #1178, #3661, #541, #1969 ),
 .UNSPECIFIED., .F., .F. ) 
 B_SPLINE_CURVE_WITH_KNOTS ( ( 3, 2, 2, 3 ),
 ( 0.04545454545454521295, 0.06060606060606044815, 0.07575757575757569029, 0.09090909090909092549 ),
 .UNSPECIFIED. ) 
 CURVE ( )  GEOMETRIC_REPRESENTATION_ITEM ( )  RATIONAL_B_SPLINE_CURVE ( ( 1.000000000000001998, 0.8660254037844367092, 1.000000000000000000, 0.8660254037844388186, 1.000000000000000000, 0.8660254037844387076, 1.000000000000000222 ) ) 
 REPRESENTATION_ITEM ( '' )  );
#1065 = CARTESIAN_POINT ( 'NONE',  ( 0.7510416666666690499, -0.02295661507461569176, 1.460237976320964304 ) ) ;
#1066 = LINE ( 'NONE', #3905, #2405 ) ;
#1067 = CARTESIAN_POINT ( 'NONE',  ( 0.5937500000000007772, 0.000000000000000000, 1.500000000000000444 ) ) ;
#1068 = CARTESIAN_POINT ( 'NONE',  ( 0.7872395833333367676, -0.04966929761192663551, -1.528676582346705226 ) ) ;
#1069 = CARTESIAN_POINT ( 'NONE',  ( 0.8291666666666687169, -0.02295661507461569176, 1.460237976320964304 ) ) ;
#1070 = CARTESIAN_POINT ( 'NONE',  ( 0.6562499999999998890, -6.858022075225068789E-18, 1.555999999999999384 ) ) ;
#1071 = CARTESIAN_POINT ( 'NONE',  ( 0.6697916666666690055, -0.03443492261192355325, 1.519881011839518292 ) ) ;
#1072 = ORIENTED_EDGE ( 'NONE', *, *, #231, .F. ) ;
#1073 = CARTESIAN_POINT ( 'NONE',  ( 0.6429687500000005329, 0.000000000000000000, 1.442646835306589326 ) ) ;
#1074 = CARTESIAN_POINT ( 'NONE',  ( -0.07812499999999986122, 0.000000000000000000, 1.374999999999999334 ) ) ;
#1075 = ADVANCED_FACE ( 'NONE', ( #4465 ), #1613, .F. ) ;
#1076 = CARTESIAN_POINT ( 'NONE',  ( 0.6531250000000022871, 0.000000000000000000, 1.460237976320964304 ) ) ;
#1077 = LINE ( 'NONE', #2478, #3735 ) ;
#1078 = CARTESIAN_POINT ( 'NONE',  ( 0.8372395833333372561, -0.04966929761192663551, 1.471323417653294996 ) ) ;
#1079 = CARTESIAN_POINT ( 'NONE',  ( 0.7718750000000046407, 0.06466323014923693047, 1.500000000000000444 ) ) ;
#1080 = CARTESIAN_POINT ( 'NONE',  ( 0.6416666666666658303, -0.03233161507461895789, -1.555999999999998717 ) ) ;
#1081 = CARTESIAN_POINT ( 'NONE',  ( 0.7083333333333353687, 0.02295661507461571951, 1.460237976320964304 ) ) ;
#1082 = VERTEX_POINT ( 'NONE', #3026 ) ;
#1083 = DIRECTION ( 'NONE',  ( 1.000000000000000000, 0.000000000000000000, 0.000000000000000000 ) ) ;
#1084 = CARTESIAN_POINT ( 'NONE',  ( 0.5937500000000007772, 0.000000000000000000, -1.500000000000000444 ) ) ;
#1085 = CARTESIAN_POINT ( 'NONE',  ( 0.6052083333333357906, 0.02295661507461572298, 1.460237976320964304 ) ) ;
#1086 = CARTESIAN_POINT ( 'NONE',  ( 0.7489583333333352799, -0.03443492261192354631, -1.519881011839518070 ) ) ;
#1087 = CARTESIAN_POINT ( 'NONE',  ( 0.7375000000000015987, 0.04591323014923139739, -1.499999999999999778 ) ) ;
#1088 = CARTESIAN_POINT ( 'NONE',  ( 0.7997395833333367232, 0.04966929761192662163, -1.471323417653294330 ) ) ;
#1089 = EDGE_CURVE ( 'NONE', #3323, #571, #1210, .T. ) ;
#1090 = CARTESIAN_POINT ( 'NONE',  ( 0.6992187500000003331, 0.06622573014923550938, -1.499999999999999778 ) ) ;
#1091 = DIRECTION ( 'NONE',  ( 1.000000000000000000, -0.000000000000000000, -0.000000000000000000 ) ) ;
#1092 = CARTESIAN_POINT ( 'NONE',  ( 0.6072916666666690055, 0.03443492261192356713, 1.480118988160482596 ) ) ;
#1093 = ORIENTED_EDGE ( 'NONE', *, *, #443, .F. ) ;
#1094 = CARTESIAN_POINT ( 'NONE',  ( 0.6908854166666672514, -0.03311286507461774081, 1.442646835306589548 ) ) ;
#1095 = CARTESIAN_POINT ( 'NONE',  ( 0.7083333333333331483, -0.03233161507461874973, 1.555999999999999162 ) ) ;
#1096 = AXIS2_PLACEMENT_3D ( 'NONE', #3766, #3814, #141 ) ;
#1097 = EDGE_CURVE ( 'NONE', #602, #4047, #1688, .T. ) ;
#1098 = CARTESIAN_POINT ( 'NONE',  ( 0.6218750000000022871, -0.04591323014923139739, 1.500000000000000444 ) ) ;
#1099 = CARTESIAN_POINT ( 'NONE',  ( 0.6354166666666665186, -0.04849742261192779152, 1.528000000000000247 ) ) ;
#1100 = VECTOR ( 'NONE', #827, 39.37007874015748854 ) ;
#1101 = CARTESIAN_POINT ( 'NONE',  ( 0.8601562500000040634, -0.06622573014923550938, 1.500000000000000444 ) ) ;
#1102 = CARTESIAN_POINT ( 'NONE',  ( 0.8437500000000005551, 0.000000000000000000, 1.500000000000000444 ) ) ;
#1103 = AXIS2_PLACEMENT_3D ( 'NONE', #961, #4159, #4543 ) ;
#1104 = CARTESIAN_POINT ( 'NONE',  ( 0.7791666666666665630, 0.03233161507461825707, 1.555999999999999828 ) ) ;
#1105 = CARTESIAN_POINT ( 'NONE',  ( 0.6479166666666688057, -0.03443492261192355325, 1.519881011839518292 ) ) ;
#1106 = VERTEX_POINT ( 'NONE', #1602 ) ;
#1107 = PERSON_AND_ORGANIZATION ( #3987, #2447 ) ;
#1108 = VECTOR ( 'NONE', #1158, 39.37007874015748143 ) ;
#1109 = CARTESIAN_POINT ( 'NONE',  ( 0.8403773927962842061, 0.002089561747719690613, -1.555333722183077860 ) ) ;
#1110 = CARTESIAN_POINT ( 'NONE',  ( 0.7177083333333356130, -0.02295661507461571257, 1.539762023679036584 ) ) ;
#1111 = CARTESIAN_POINT ( 'NONE',  ( 0.8114583333333352799, 0.03443492261192353937, -1.480118988160481708 ) ) ;
#1112 = CARTESIAN_POINT ( 'NONE',  ( 0.6447916666666710928, 0.04849742261192820092, -1.527999999999999581 ) ) ;
#1113 = CARTESIAN_POINT ( 'NONE',  ( 0.8539062500000035305, -7.023736956275672060E-18, -1.442646835306588882 ) ) ;
#1114 = EDGE_CURVE ( 'NONE', #2474, #530, #4452, .T. ) ;
#1115 = CARTESIAN_POINT ( 'NONE',  ( 0.6867187500000002665, -0.06622573014923550938, -1.499999999999999778 ) ) ;
#1116 = CARTESIAN_POINT ( 'NONE',  ( 0.5937500000000007772, 0.000000000000000000, -1.500000000000000444 ) ) ;
#1117 = DIRECTION ( 'NONE',  ( 0.000000000000000000, 0.000000000000000000, -1.000000000000000000 ) ) ;
#1118 = ORIENTED_EDGE ( 'NONE', *, *, #3119, .F. ) ;
#1119 = CARTESIAN_POINT ( 'NONE',  ( 0.6283854166666673624, 0.03311286507461773387, 1.557353164693411340 ) ) ;
#1120 = FACE_OUTER_BOUND ( 'NONE', #2483, .T. ) ;
#1121 = FACE_OUTER_BOUND ( 'NONE', #2846, .T. ) ;
#1122 = CARTESIAN_POINT ( 'NONE',  ( 0.7497395833333372339, 0.04966929761192662163, 1.528676582346705892 ) ) ;
#1123 = CARTESIAN_POINT ( 'NONE',  ( 0.6531250000000045075, -6.858022075225123486E-18, -1.444000000000000172 ) ) ;
#1124 = CARTESIAN_POINT ( 'NONE',  ( 0.7541666666666687613, -0.02295661507461569523, 1.460237976320964304 ) ) ;
#1125 = ORIENTED_EDGE ( 'NONE', *, *, #2304, .F. ) ;
#1126 = DATE_TIME_ROLE ( 'creation_date' ) ;
#1127 = CYLINDRICAL_SURFACE ( 'NONE', #2875, 0.05599999999999880074 ) ;
#1128 = CARTESIAN_POINT ( 'NONE',  ( 0.6760416666666689833, -0.02295661507461569176, 1.460237976320964304 ) ) ;
#1129 = EDGE_CURVE ( 'NONE', #4210, #4417, #1811, .T. ) ;
#1130 = CARTESIAN_POINT ( 'NONE',  ( 0.7864583333333352577, 0.03443492261192353937, -1.480118988160481708 ) ) ;
#1131 = DIRECTION ( 'NONE',  ( 1.000000000000000000, -0.000000000000000000, -0.000000000000000000 ) ) ;
#1132 = CARTESIAN_POINT ( 'NONE',  ( 0.8059895833333369231, -0.03311286507461777551, -1.442646835306588660 ) ) ;
#1133 = CARTESIAN_POINT ( 'NONE',  ( 0.6638020833333334592, -0.04966929761192663551, -1.528676582346705226 ) ) ;
#1134 = DIRECTION ( 'NONE',  ( 0.000000000000000000, 0.000000000000000000, -1.000000000000000000 ) ) ;
#1135 = VECTOR ( 'NONE', #1944, 39.37007874015748143 ) ;
#1136 = CARTESIAN_POINT ( 'NONE',  ( 0.04687500000000016653, 9.567553118338708101E-18, -1.375000000000000444 ) ) ;
#1137 = CARTESIAN_POINT ( 'NONE',  ( 0.6218750000000022871, -0.04591323014923139739, 1.500000000000000444 ) ) ;
#1138 = ORIENTED_EDGE ( 'NONE', *, *, #318, .T. ) ;
#1139 = VERTEX_POINT ( 'NONE', #1578 ) ;
#1140 = CARTESIAN_POINT ( 'NONE',  ( 0.8260416666666686725, -0.02295661507461569176, -1.539762023679035918 ) ) ;
#1141 = EDGE_CURVE ( 'NONE', #494, #2639, #1064, .T. ) ;
#1142 = CARTESIAN_POINT ( 'NONE',  ( 0.7039062500000039524, -7.023736956275672060E-18, 1.557353164693411340 ) ) ;
#1143 = CARTESIAN_POINT ( 'NONE',  ( 0.8262565222053084302, -0.01116558495001907306, -1.540062573812619018 ) ) ;
#1144 = VERTEX_POINT ( 'NONE', #897 ) ;
#1145 = CARTESIAN_POINT ( 'NONE',  ( 0.7947916666666711150, 0.04849742261192820092, -1.527999999999999581 ) ) ;
#1146 = CARTESIAN_POINT ( 'NONE',  ( 0.6010416666666690277, -0.02295661507461569176, 1.460237976320964304 ) ) ;
#1147 = CARTESIAN_POINT ( 'NONE',  ( 0.8093750000000019540, 0.04591323014923139739, -1.499999999999999778 ) ) ;
#1148 = CARTESIAN_POINT ( 'NONE',  ( 0.6979166666666684060, -0.03443492261192355325, -1.480118988160481930 ) ) ;
#1149 = CARTESIAN_POINT ( 'NONE',  ( 0.7934895833333367454, 0.03311286507461778245, -1.557353164693410674 ) ) ;
#1150 =( BOUNDED_SURFACE ( )  B_SPLINE_SURFACE ( 1, 2, ( 
 ( #4549, #1348, #3506, #2486, #3131, #3549, #1397, #2465, #350, #1043, #3832, #3808, #2830, #304, #1785, #711, #2091, #3459, #993, #1420, #4571, #1373, #2780, #1764, #2804, #3176, #1441, #4262, #4187, #3196, #1742, #2417, #638, #2, #2440, #4213, #3152, #662, #255, #4593, #3881, #2067, #1694, #690, #4618, #3904, #2134, #3481, #281, #1065, #2757, #4164, #1017, #1719, #3858, #4238, #966, #3107, #2113, #2394, #3528, #327, #613, #392, #39, #1110, #414, #4284, #734, #104, #2524, #1824, #2505, #3233, #1481, #3217, #4324, #2891, #4348, #4304, #814, #1463, #4369, #1807, #2176, #1128, #2542, #2586, #1866, #3926, #4012, #3965, #3634, #2238, #755, #3571, #3591, #1844, #20, #3255, #772, #2870, #2849, #3302, #1170, #3653, #436, #2563, #459, #2197, #1887, #3610, #62, #1522, #2933, #3947, #1500, #2158, #2912, #1085, #370, #1146, #3989, #794, #2217, #3278, #81, #2607, #4395, #837, #1545, #1193, #2959 ),
 ( #481, #2262, #1913, #3326, #4034, #3675, #3909, #4553, #2834, #259, #643, #284, #1723, #1069, #332, #2398, #2490, #1021, #2118, #715, #3837, #2046, #2071, #3512, #3113, #1746, #4575, #1699, #3200, #1789, #4266, #2139, #3532, #1047, #3554, #3485, #354, #2785, #2446, #4623, #1425, #1352, #309, #3813, #618, #2470, #1327, #3464, #694, #666, #2736, #4168, #2761, #3135, #4194, #997, #2095, #971, #1378, #2421, #3157, #4243, #4217, #2809, #3862, #4598, #1401, #3885, #1768, #3181, #2381, #1638, #243, #1589, #2310, #909, #4100, #931, #3772, #4490, #3751, #3797, #1262, #1289, #2695, #3396, #3724, #2030, #2998, #3448, #527, #196, #4076, #2007, #3093, #4126, #4438, #1612, #3424, #577, #4151, #501, #600, #1312, #1682, #219, #3344, #1662, #4535, #1235, #1336, #552, #1980, #884, #2745, #3047, #4175, #2647, #1956, #2336, #2358, #3071, #4511, #2718, #955, #979, #2673, #3700, #1932, #148, #3371, #173, #3024 ) ),
 .UNSPECIFIED., .F., .F., .T. ) 
 B_SPLINE_SURFACE_WITH_KNOTS ( ( 2, 2 ),
 ( 3, 2, 2, 2, 2, 2, 2, 2, 2, 2, 2, 2, 2, 2, 2, 2, 2, 2, 2, 2, 2, 2, 2, 2, 2, 2, 2, 2, 2, 2, 2, 2, 2, 2, 2, 2, 2, 2, 2, 2, 2, 2, 2, 2, 2, 2, 2, 2, 2, 2, 2, 2, 2, 2, 2, 2, 2, 2, 2, 2, 2, 2, 2, 2, 2, 2, 3 ),
 ( 0.000000000000000000, 1.000000000000000000 ),
 ( 0.000000000000000000, 0.01515151515151515194, 0.03030303030303030387, 0.04545454545454545581, 0.06060606060606060774, 0.07575757575757575968, 0.09090909090909091161, 0.1060606060606060635, 0.1212121212121212155, 0.1363636363636363535, 0.1515151515151515194, 0.1666666666666666574, 0.1818181818181818232, 0.1969696969696969613, 0.2121212121212121271, 0.2272727272727272652, 0.2424242424242424310, 0.2575757575757575690, 0.2727272727272727071, 0.2878787878787879007, 0.3030303030303030387, 0.3181818181818181768, 0.3333333333333333148, 0.3484848484848485084, 0.3636363636363636465, 0.3787878787878787845, 0.3939393939393939226, 0.4090909090909091161, 0.4242424242424242542, 0.4393939393939393923, 0.4545454545454545303, 0.4696969696969697239, 0.4848484848484848619, 0.5000000000000000000, 0.5151515151515151381, 0.5303030303030302761, 0.5454545454545454142, 0.5606060606060605522, 0.5757575757575758013, 0.5909090909090909394, 0.6060606060606060774, 0.6212121212121212155, 0.6363636363636363535, 0.6515151515151514916, 0.6666666666666666297, 0.6818181818181817677, 0.6969696969696970168, 0.7121212121212121549, 0.7272727272727272929, 0.7424242424242424310, 0.7575757575757575690, 0.7727272727272727071, 0.7878787878787878451, 0.8030303030303029832, 0.8181818181818182323, 0.8333333333333333703, 0.8484848484848485084, 0.8636363636363636465, 0.8787878787878787845, 0.8939393939393939226, 0.9090909090909090606, 0.9242424242424241987, 0.9393939393939394478, 0.9545454545454545858, 0.9696969696969697239, 0.9848484848484848619, 1.000000000000000000 ),
 .UNSPECIFIED. ) 
 GEOMETRIC_REPRESENTATION_ITEM ( )  RATIONAL_B_SPLINE_SURFACE ( (
 ( 1.000000000000000000, 0.8660254037844387076, 1.000000000000000000, 0.8660254037844387076, 1.000000000000000000, 0.8660254037844387076, 1.000000000000000000, 0.8660254037844387076, 1.000000000000000000, 0.8660254037844387076, 1.000000000000000000, 0.8660254037844387076, 1.000000000000000000, 0.8660254037844387076, 1.000000000000000000, 0.8660254037844387076, 1.000000000000000000, 0.8660254037844387076, 1.000000000000000000, 0.8660254037844387076, 1.000000000000000000, 0.8660254037844387076, 1.000000000000000000, 0.8660254037844387076, 1.000000000000000000, 0.8660254037844387076, 1.000000000000000000, 0.8660254037844387076, 1.000000000000000000, 0.8660254037844387076, 1.000000000000000000, 0.8660254037844387076, 1.000000000000000000, 0.8660254037844387076, 1.000000000000000000, 0.8660254037844387076, 1.000000000000000000, 0.8660254037844387076, 1.000000000000000000, 0.8660254037844387076, 1.000000000000000000, 0.8660254037844387076, 1.000000000000000000, 0.8660254037844387076, 1.000000000000000000, 0.8660254037844387076, 1.000000000000000000, 0.8660254037844387076, 1.000000000000000000, 0.8660254037844387076, 1.000000000000000000, 0.8660254037844387076, 1.000000000000000000, 0.8660254037844387076, 1.000000000000000000, 0.8660254037844387076, 1.000000000000000000, 0.8660254037844387076, 1.000000000000000000, 0.8660254037844387076, 1.000000000000000000, 0.8660254037844387076, 1.000000000000000000, 0.8660254037844387076, 1.000000000000000000, 0.8660254037844387076, 1.000000000000000000, 0.8660254037844387076, 1.000000000000000000, 0.8660254037844387076, 1.000000000000000000, 0.8660254037844387076, 1.000000000000000000, 0.8660254037844387076, 1.000000000000000000, 0.8660254037844387076, 1.000000000000000000, 0.8660254037844387076, 1.000000000000000000, 0.8660254037844387076, 1.000000000000000000, 0.8660254037844387076, 1.000000000000000000, 0.8660254037844387076, 1.000000000000000000, 0.8660254037844387076, 1.000000000000000000, 0.8660254037844387076, 1.000000000000000000, 0.8660254037844387076, 1.000000000000000000, 0.8660254037844387076, 1.000000000000000000, 0.8660254037844387076, 1.000000000000000000, 0.8660254037844387076, 1.000000000000000000, 0.8660254037844387076, 1.000000000000000000, 0.8660254037844387076, 1.000000000000000000, 0.8660254037844387076, 1.000000000000000000, 0.8660254037844387076, 1.000000000000000000, 0.8660254037844387076, 1.000000000000000000, 0.8660254037844387076, 1.000000000000000000, 0.8660254037844387076, 1.000000000000000000, 0.8660254037844387076, 1.000000000000000000, 0.8660254037844387076, 1.000000000000000000, 0.8660254037844387076, 1.000000000000000000, 0.8660254037844387076, 1.000000000000000000, 0.8660254037844387076, 1.000000000000000000, 0.8660254037844387076, 1.000000000000000000, 0.8660254037844387076, 1.000000000000000000, 0.8660254037844387076, 1.000000000000000000, 0.8660254037844387076, 1.000000000000000000, 0.8660254037844387076, 1.000000000000000000, 0.8660254037844387076, 1.000000000000000000),
 ( 1.000000000000000000, 0.8660254037844387076, 1.000000000000000000, 0.8660254037844387076, 1.000000000000000000, 0.8660254037844387076, 1.000000000000000000, 0.8660254037844387076, 1.000000000000000000, 0.8660254037844387076, 1.000000000000000000, 0.8660254037844387076, 1.000000000000000000, 0.8660254037844387076, 1.000000000000000000, 0.8660254037844387076, 1.000000000000000000, 0.8660254037844387076, 1.000000000000000000, 0.8660254037844387076, 1.000000000000000000, 0.8660254037844387076, 1.000000000000000000, 0.8660254037844387076, 1.000000000000000000, 0.8660254037844387076, 1.000000000000000000, 0.8660254037844387076, 1.000000000000000000, 0.8660254037844387076, 1.000000000000000000, 0.8660254037844387076, 1.000000000000000000, 0.8660254037844387076, 1.000000000000000000, 0.8660254037844387076, 1.000000000000000000, 0.8660254037844387076, 1.000000000000000000, 0.8660254037844387076, 1.000000000000000000, 0.8660254037844387076, 1.000000000000000000, 0.8660254037844387076, 1.000000000000000000, 0.8660254037844387076, 1.000000000000000000, 0.8660254037844387076, 1.000000000000000000, 0.8660254037844387076, 1.000000000000000000, 0.8660254037844387076, 1.000000000000000000, 0.8660254037844387076, 1.000000000000000000, 0.8660254037844387076, 1.000000000000000000, 0.8660254037844387076, 1.000000000000000000, 0.8660254037844387076, 1.000000000000000000, 0.8660254037844387076, 1.000000000000000000, 0.8660254037844387076, 1.000000000000000000, 0.8660254037844387076, 1.000000000000000000, 0.8660254037844387076, 1.000000000000000000, 0.8660254037844387076, 1.000000000000000000, 0.8660254037844387076, 1.000000000000000000, 0.8660254037844387076, 1.000000000000000000, 0.8660254037844387076, 1.000000000000000000, 0.8660254037844387076, 1.000000000000000000, 0.8660254037844387076, 1.000000000000000000, 0.8660254037844387076, 1.000000000000000000, 0.8660254037844387076, 1.000000000000000000, 0.8660254037844387076, 1.000000000000000000, 0.8660254037844387076, 1.000000000000000000, 0.8660254037844387076, 1.000000000000000000, 0.8660254037844387076, 1.000000000000000000, 0.8660254037844387076, 1.000000000000000000, 0.8660254037844387076, 1.000000000000000000, 0.8660254037844387076, 1.000000000000000000, 0.8660254037844387076, 1.000000000000000000, 0.8660254037844387076, 1.000000000000000000, 0.8660254037844387076, 1.000000000000000000, 0.8660254037844387076, 1.000000000000000000, 0.8660254037844387076, 1.000000000000000000, 0.8660254037844387076, 1.000000000000000000, 0.8660254037844387076, 1.000000000000000000, 0.8660254037844387076, 1.000000000000000000, 0.8660254037844387076, 1.000000000000000000, 0.8660254037844387076, 1.000000000000000000, 0.8660254037844387076, 1.000000000000000000, 0.8660254037844387076, 1.000000000000000000, 0.8660254037844387076, 1.000000000000000000, 0.8660254037844387076, 1.000000000000000000, 0.8660254037844387076, 1.000000000000000000, 0.8660254037844387076, 1.000000000000000000, 0.8660254037844387076, 1.000000000000000000) ) ) 
 REPRESENTATION_ITEM ( '' )  SURFACE ( )  );
#1151 = EDGE_CURVE ( 'NONE', #4095, #4391, #2601, .T. ) ;
#1152 = CARTESIAN_POINT ( 'NONE',  ( 0.6138020833333335258, -0.04966929761192663551, -1.528676582346705226 ) ) ;
#1153 = CARTESIAN_POINT ( 'NONE',  ( 0.8248056942922133983, -0.02920074319221334716, 1.473012315325789467 ) ) ;
#1154 = CARTESIAN_POINT ( 'NONE',  ( 0.04687500000000016653, 9.567553118338708101E-18, 1.375000000000000444 ) ) ;
#1155 = CARTESIAN_POINT ( 'NONE',  ( 0.6343750000000023537, 0.04591323014923139739, 1.500000000000000444 ) ) ;
#1156 = ORIENTED_EDGE ( 'NONE', *, *, #3072, .T. ) ;
#1157 = VERTEX_POINT ( 'NONE', #1225 ) ;
#1158 = DIRECTION ( 'NONE',  ( 1.000000000000000000, 0.000000000000000000, 1.028460421144192724E-15 ) ) ;
#1159 = CARTESIAN_POINT ( 'NONE',  ( 0.7406250000000019762, -4.869443502615268820E-18, -1.460237976320963860 ) ) ;
#1160 = ADVANCED_FACE ( 'NONE', ( #1999 ), #1278, .F. ) ;
#1161 = CARTESIAN_POINT ( 'NONE',  ( 0.6143229166666704932, -0.03311286507461774081, 1.442646835306589548 ) ) ;
#1162 = EDGE_CURVE ( 'NONE', #4003, #3380, #3275, .T. ) ;
#1163 = AXIS2_PLACEMENT_3D ( 'NONE', #545, #520, #3041 ) ;
#1164 = CARTESIAN_POINT ( 'NONE',  ( 0.6770833333333332593, 0.04849742261192777765, 1.528000000000000247 ) ) ;
#1165 = CARTESIAN_POINT ( 'NONE',  ( 0.7291666666666661856, 0.03233161507461829176, 1.555999999999999828 ) ) ;
#1166 = ORIENTED_EDGE ( 'NONE', *, *, #1315, .F. ) ;
#1167 = CARTESIAN_POINT ( 'NONE',  ( 0.8395833333333353465, 0.03443492261192353937, 1.519881011839518514 ) ) ;
#1168 = CIRCLE ( 'NONE', #1473, 0.07812500000000013878 ) ;
#1169 = CARTESIAN_POINT ( 'NONE',  ( 0.5937500000000007772, 6.858022075225043367E-18, 1.555999999999999162 ) ) ;
#1170 = CARTESIAN_POINT ( 'NONE',  ( 0.6364583333333357906, 0.03443492261192353937, 1.519881011839518514 ) ) ;
#1171 = CARTESIAN_POINT ( 'NONE',  ( 0.6156250000000019762, -4.869443502615268820E-18, -1.460237976320963860 ) ) ;
#1172 = CARTESIAN_POINT ( 'NONE',  ( 0.6083333333333350579, 0.02295661507461571951, -1.539762023679035918 ) ) ;
#1173 = CARTESIAN_POINT ( 'NONE',  ( 0.7039062500000035083, -7.023736956275672060E-18, -1.442646835306588882 ) ) ;
#1174 = VECTOR ( 'NONE', #3625, 39.37007874015748143 ) ;
#1175 = FACE_OUTER_BOUND ( 'NONE', #1923, .T. ) ;
#1176 = CARTESIAN_POINT ( 'NONE',  ( 0.6346354166666668961, -0.04966929761192663551, -1.471323417653294330 ) ) ;
#1177 = CARTESIAN_POINT ( 'NONE',  ( 0.7187499999999997780, 0.000000000000000000, 1.444000000000001283 ) ) ;
#1178 = CARTESIAN_POINT ( 'NONE',  ( 0.8249999999999996225, 0.06466323014923702761, 1.500000000000000222 ) ) ;
#1179 = DIRECTION ( 'NONE',  ( 1.000000000000000000, -0.000000000000000000, -0.000000000000000000 ) ) ;
#1180 = CARTESIAN_POINT ( 'NONE',  ( 0.5989583333333357018, -0.03443492261192354631, 1.480118988160482152 ) ) ;
#1181 = ORIENTED_EDGE ( 'NONE', *, *, #1848, .F. ) ;
#1182 = FACE_OUTER_BOUND ( 'NONE', #478, .T. ) ;
#1183 = VERTEX_POINT ( 'NONE', #1895 ) ;
#1184 = VECTOR ( 'NONE', #4533, 39.37007874015748143 ) ;
#1185 = CARTESIAN_POINT ( 'NONE',  ( 0.8437500000000005551, 0.000000000000000000, 1.500000000000000444 ) ) ;
#1186 = CARTESIAN_POINT ( 'NONE',  ( 0.8531250000000020206, 0.000000000000000000, -1.539762023679035918 ) ) ;
#1187 = CARTESIAN_POINT ( 'NONE',  ( 0.6726562500000038414, 0.06622573014923550938, 1.500000000000000444 ) ) ;
#1188 = DIRECTION ( 'NONE',  ( 1.000000000000000000, -0.000000000000000000, -0.000000000000000000 ) ) ;
#1189 = CARTESIAN_POINT ( 'NONE',  ( 0.5958333333333353243, -0.02295661507461590339, 1.539762023679035918 ) ) ;
#1190 = ORIENTED_EDGE ( 'NONE', *, *, #4118, .T. ) ;
#1191 = CARTESIAN_POINT ( 'NONE',  ( 0.8145833333333353243, 0.03443492261192353937, 1.519881011839518514 ) ) ;
#1192 = CARTESIAN_POINT ( 'NONE',  ( 0.8359182043710977617, -0.02185204661246378105, 1.547224729795888098 ) ) ;
#1193 = CARTESIAN_POINT ( 'NONE',  ( 0.5802083333333356574, 0.02295661507461572298, 1.460237976320964304 ) ) ;
#1194 = CARTESIAN_POINT ( 'NONE',  ( 0.6656250000000020206, -4.869443502615268820E-18, -1.460237976320963860 ) ) ;
#1195 = CARTESIAN_POINT ( 'NONE',  ( 0.6229166666666683394, -0.03443492261192355325, -1.480118988160481930 ) ) ;
#1196 = CARTESIAN_POINT ( 'NONE',  ( 0.7768229166666701380, 0.03311286507461773387, -1.442646835306588660 ) ) ;
#1197 = CARTESIAN_POINT ( 'NONE',  ( 0.7388020833333335258, -0.04966929761192663551, -1.528676582346705226 ) ) ;
#1198 = CARTESIAN_POINT ( 'NONE',  ( 0.7947916666666686725, -0.03443492261192355325, -1.480118988160481930 ) ) ;
#1199 = CARTESIAN_POINT ( 'NONE',  ( 0.7687499999999990452, 0.000000000000000000, -1.555999999999999384 ) ) ;
#1200 = CARTESIAN_POINT ( 'NONE',  ( 0.8520833333333354132, -0.03443492261192354631, 1.480118988160482152 ) ) ;
#1201 = LINE ( 'NONE', #542, #3319 ) ;
#1202 = CARTESIAN_POINT ( 'NONE',  ( 0.8041666666666683616, -0.02295661507461569176, -1.539762023679035918 ) ) ;
#1203 = ORIENTED_EDGE ( 'NONE', *, *, #3846, .T. ) ;
#1204 = CARTESIAN_POINT ( 'NONE',  ( 0.6187499999999991340, 0.000000000000000000, -1.555999999999999384 ) ) ;
#1205 =( BOUNDED_CURVE ( )  B_SPLINE_CURVE ( 2, ( #4458, #1255, #2712, #2072, #998, #2119, #2835 ),
 .UNSPECIFIED., .F., .F. ) 
 B_SPLINE_CURVE_WITH_KNOTS ( ( 3, 2, 2, 3 ),
 ( 0.1818181818181816012, 0.1969696969696969058, 0.2121212121212121271, 0.2272727272727273207 ),
 .UNSPECIFIED. ) 
 CURVE ( )  GEOMETRIC_REPRESENTATION_ITEM ( )  RATIONAL_B_SPLINE_CURVE ( ( 1.000000000000001332, 0.8660254037844371533, 1.000000000000000000, 0.8660254037844387076, 1.000000000000000000, 0.8660254037844384856, 1.000000000000000222 ) ) 
 REPRESENTATION_ITEM ( '' )  );
#1206 = CARTESIAN_POINT ( 'NONE',  ( 0.8031250000000024203, 0.000000000000000000, 1.460237976320964304 ) ) ;
#1207 = ORIENTED_EDGE ( 'NONE', *, *, #1660, .F. ) ;
#1208 = CARTESIAN_POINT ( 'NONE',  ( 0.5937500000000007772, -0.02785843759302079892, 1.528371217491112599 ) ) ;
#1209 = CARTESIAN_POINT ( 'NONE',  ( 0.7489583333333352799, -0.03443492261192354631, -1.519881011839518070 ) ) ;
#1210 = CIRCLE ( 'NONE', #451, 0.05599999999999880074 ) ;
#1211 = CARTESIAN_POINT ( 'NONE',  ( 0.6184895833333371451, 0.03311286507461778245, 1.442646835306589548 ) ) ;
#1212 = ADVANCED_FACE ( 'NONE', ( #3309 ), #2282, .F. ) ;
#1213 = DIRECTION ( 'NONE',  ( 1.000000000000000000, -0.000000000000000000, -0.000000000000000000 ) ) ;
#1214 = CARTESIAN_POINT ( 'NONE',  ( 0.5989583333333378112, 0.04849742261192817316, -1.471999999999999975 ) ) ;
#1215 = ORIENTED_EDGE ( 'NONE', *, *, #1016, .T. ) ;
#1216 = CARTESIAN_POINT ( 'NONE',  ( 0.7479166666666687835, -0.03443492261192355325, 1.519881011839518292 ) ) ;
#1217 = DIRECTION ( 'NONE',  ( 1.000000000000000000, -0.000000000000000000, -0.000000000000000000 ) ) ;
#1218 = CARTESIAN_POINT ( 'NONE',  ( 0.7364583333333352133, 0.03443492261192353937, -1.480118988160481708 ) ) ;
#1219 = CARTESIAN_POINT ( 'NONE',  ( 0.6687500000000017319, -4.869443502615268820E-18, -1.460237976320963860 ) ) ;
#1220 = CARTESIAN_POINT ( 'NONE',  ( 0.6622395833333367676, -0.04966929761192663551, -1.528676582346705226 ) ) ;
#1221 = FACE_OUTER_BOUND ( 'NONE', #3935, .T. ) ;
#1222 = CARTESIAN_POINT ( 'NONE',  ( 0.8260416666666686725, -0.02295661507461569176, -1.539762023679035918 ) ) ;
#1223 = CARTESIAN_POINT ( 'NONE',  ( 0.7291666666666658525, 0.03233161507461846523, -1.443999999999999950 ) ) ;
#1224 = EDGE_CURVE ( 'NONE', #3624, #762, #2767, .T. ) ;
#1225 = CARTESIAN_POINT ( 'NONE',  ( 0.8400530853067588177, 1.060251407281157631E-12, 1.444990585306418218 ) ) ;
#1226 = CARTESIAN_POINT ( 'NONE',  ( 0.5937500000000007772, 0.000000000000000000, 1.500000000000000444 ) ) ;
#1227 = FACE_OUTER_BOUND ( 'NONE', #3104, .T. ) ;
#1228 = ORIENTED_EDGE ( 'NONE', *, *, #3008, .F. ) ;
#1229 = CARTESIAN_POINT ( 'NONE',  ( 0.5937500000000007772, 0.000000000000000000, 1.500000000000000444 ) ) ;
#1230 = CARTESIAN_POINT ( 'NONE',  ( 0.5742187500000006661, 0.06622573014923550938, 1.500000000000000444 ) ) ;
#1231 = ORIENTED_EDGE ( 'NONE', *, *, #4470, .T. ) ;
#1232 = CARTESIAN_POINT ( 'NONE',  ( 0.7908854166666673402, -0.03311286507461774081, 1.442646835306589548 ) ) ;
#1233 = CARTESIAN_POINT ( 'NONE',  ( 0.7677083333333354354, -0.02295661507461571257, -1.460237976320963860 ) ) ;
#1234 = CARTESIAN_POINT ( 'NONE',  ( 0.6997395833333373005, 0.04966929761192662163, 1.528676582346705892 ) ) ;
#1235 = CARTESIAN_POINT ( 'NONE',  ( 0.6291666666666687613, -0.02295661507461569176, 1.460237976320964304 ) ) ;
#1236 = CYLINDRICAL_SURFACE ( 'NONE', #982, 0.05599999999999880074 ) ;
#1237 = CARTESIAN_POINT ( 'NONE',  ( 0.7572916666666690277, 0.03443492261192356713, 1.480118988160482596 ) ) ;
#1238 = ORIENTED_EDGE ( 'NONE', *, *, #3274, .T. ) ;
#1239 = PERSON_AND_ORGANIZATION ( #3987, #2447 ) ;
#1240 = CARTESIAN_POINT ( 'NONE',  ( 0.7708333333333354798, -0.02295661507461571257, 1.539762023679036584 ) ) ;
#1241 = CARTESIAN_POINT ( 'NONE',  ( 0.8322916666666713148, -0.04849742261192770826, 1.527999999999999581 ) ) ;
#1242 = AXIS2_PLACEMENT_3D ( 'NONE', #739, #4267, #3201 ) ;
#1243 = CARTESIAN_POINT ( 'NONE',  ( 0.7260416666666685837, -0.02295661507461569523, -1.539762023679035918 ) ) ;
#1244 = CARTESIAN_POINT ( 'NONE',  ( 0.6479166666666683616, -0.03443492261192355325, -1.480118988160481930 ) ) ;
#1245 = VERTEX_POINT ( 'NONE', #171 ) ;
#1246 = CARTESIAN_POINT ( 'NONE',  ( 0.7414062500000034861, 0.000000000000000000, -1.557353164693410896 ) ) ;
#1247 = AXIS2_PLACEMENT_3D ( 'NONE', #1136, #68, #1508 ) ;
#1248 = CARTESIAN_POINT ( 'NONE',  ( 0.7617187500000001110, -0.06622573014923550938, -1.499999999999999778 ) ) ;
#1249 = CARTESIAN_POINT ( 'NONE',  ( 0.8197916666666686947, -0.03443492261192355325, -1.480118988160481930 ) ) ;
#1250 = CARTESIAN_POINT ( 'NONE',  ( 0.7812499999999992228, -6.858022075225118093E-18, -1.444000000000000172 ) ) ;
#1251 = CARTESIAN_POINT ( 'NONE',  ( 0.5937500000000007772, 6.858022075225043367E-18, -1.444000000000001505 ) ) ;
#1252 = CARTESIAN_POINT ( 'NONE',  ( 0.5937500000000007772, 0.000000000000000000, -1.500000000000000444 ) ) ;
#1253 = CARTESIAN_POINT ( 'NONE',  ( 0.7750000000000017986, -0.04591323014923139739, -1.499999999999999778 ) ) ;
#1254 = ORIENTED_EDGE ( 'NONE', *, *, #3908, .T. ) ;
#1255 = CARTESIAN_POINT ( 'NONE',  ( 0.6427083333333380999, 0.03233161507461828482, 1.444000000000001060 ) ) ;
#1256 = CARTESIAN_POINT ( 'NONE',  ( 0.7927083333333357906, -0.02295661507461571257, 1.539762023679036584 ) ) ;
#1257 = EDGE_LOOP ( 'NONE', ( #900, #2049, #3265, #2376, #3855, #3840, #388, #504, #3975, #670, #4337, #1215, #763, #4301, #3252, #2946, #939, #4545, #3709, #4220, #1138, #3781, #3922, #559, #852 ) ) ;
#1258 = DIRECTION ( 'NONE',  ( 1.000000000000000000, -0.000000000000000000, -0.000000000000000000 ) ) ;
#1259 = CARTESIAN_POINT ( 'NONE',  ( 0.6218750000000019540, -0.04591323014923139739, -1.499999999999999778 ) ) ;
#1260 = CARTESIAN_POINT ( 'NONE',  ( 0.8437500000000005551, 0.000000000000000000, 1.500000000000000444 ) ) ;
#1261 = AXIS2_PLACEMENT_3D ( 'NONE', #241, #2029, #3070 ) ;
#1262 = CARTESIAN_POINT ( 'NONE',  ( 0.6854166666666687835, 0.03443492261192356713, 1.480118988160482596 ) ) ;
#1263 = CARTESIAN_POINT ( 'NONE',  ( 0.5937500000000007772, 0.000000000000000000, -1.500000000000000444 ) ) ;
#1264 = CARTESIAN_POINT ( 'NONE',  ( 0.7927083333333357906, -0.02295661507461571257, 1.539762023679036584 ) ) ;
#1265 = VERTEX_POINT ( 'NONE', #2334 ) ;
#1266 = CALENDAR_DATE ( 2026, 16, 1 ) ;
#1267 = CARTESIAN_POINT ( 'NONE',  ( 0.7395833333333354798, 0.03443492261192353937, 1.519881011839518514 ) ) ;
#1268 = CARTESIAN_POINT ( 'NONE',  ( 0.8187499999999992006, 0.000000000000000000, -1.555999999999999384 ) ) ;
#1269 = B_SPLINE_CURVE_WITH_KNOTS ( 'NONE', 3,
 ( #4499, #1014, #4185, #1299, #2705, #4162, #1692, #2017, #3105, #636, #4136, #4546, #2064, #3478, #3589, #59 ),
 .UNSPECIFIED., .F., .F.,
 ( 4, 2, 2, 2, 2, 2, 2, 4 ),
 ( 0.0002746896309632661714, 0.0006357118876824265465, 0.0009967341444015870300, 0.001357756401120747622, 0.001718778657839907780, 0.002079800914559067938, 0.002440823171278228097, 0.003162867684716548847 ),
 .UNSPECIFIED. ) ;
#1270 = CARTESIAN_POINT ( 'NONE',  ( 0.6635416666666686947, 0.02295661507461568829, -1.460237976320963860 ) ) ;
#1271 = CARTESIAN_POINT ( 'NONE',  ( 0.8187500000000021982, -4.869443502615268820E-18, 1.539762023679036362 ) ) ;
#1272 = EDGE_LOOP ( 'NONE', ( #2228, #3161, #1715, #4406 ) ) ;
#1273 = CARTESIAN_POINT ( 'NONE',  ( 0.7830729166666702268, -0.04966929761192663551, -1.471323417653294330 ) ) ;
#1274 = CARTESIAN_POINT ( 'NONE',  ( 0.8033854166666669627, 0.03311286507461773387, -1.442646835306588660 ) ) ;
#1275 = CARTESIAN_POINT ( 'NONE',  ( 0.7781250000000019540, 0.000000000000000000, -1.539762023679035918 ) ) ;
#1276 = ADVANCED_FACE ( 'NONE', ( #4202 ), #48, .F. ) ;
#1277 = DIRECTION ( 'NONE',  ( 1.000000000000000000, -0.000000000000000000, -0.000000000000000000 ) ) ;
#1278 = CYLINDRICAL_SURFACE ( 'NONE', #4622, 0.05599999999999880074 ) ;
#1279 = DIRECTION ( 'NONE',  ( 1.000000000000000000, -0.000000000000000000, -0.000000000000000000 ) ) ;
#1280 = CARTESIAN_POINT ( 'NONE',  ( 0.8375000000000016875, 0.04591323014923139739, -1.499999999999999778 ) ) ;
#1281 = CARTESIAN_POINT ( 'NONE',  ( 0.7593750000000046851, -0.06466323014923693047, 1.500000000000000444 ) ) ;
#1282 = CIRCLE ( 'NONE', #223, 0.05870632938682311674 ) ;
#1283 = CARTESIAN_POINT ( 'NONE',  ( 0.5783854166666672070, 0.03311286507461773387, 1.557353164693411340 ) ) ;
#1284 = EDGE_LOOP ( 'NONE', ( #859, #2436, #4562, #3672 ) ) ;
#1285 = CARTESIAN_POINT ( 'NONE',  ( 0.8263020833333338810, 0.04966929761192662163, 1.528676582346705892 ) ) ;
#1286 = CARTESIAN_POINT ( 'NONE',  ( 0.6718750000000018874, -0.04591323014923139739, -1.499999999999999778 ) ) ;
#1287 = VECTOR ( 'NONE', #1213, 39.37007874015748143 ) ;
#1288 = CARTESIAN_POINT ( 'NONE',  ( 0.5937500000000007772, 0.000000000000000000, -1.500000000000000444 ) ) ;
#1289 = CARTESIAN_POINT ( 'NONE',  ( 0.6833333333333354576, 0.02295661507461572298, 1.460237976320964304 ) ) ;
#1290 = ADVANCED_FACE ( 'NONE', ( #626 ), #3796, .F. ) ;
#1291 = CARTESIAN_POINT ( 'NONE',  ( 0.7885416666666691388, 0.02295661507461568829, 1.539762023679036584 ) ) ;
#1292 = ORIENTED_EDGE ( 'NONE', *, *, #1224, .T. ) ;
#1293 = CARTESIAN_POINT ( 'NONE',  ( 0.6562500000000019984, 0.000000000000000000, 1.460237976320964304 ) ) ;
#1294 = DIRECTION ( 'NONE',  ( 0.000000000000000000, 0.000000000000000000, 1.000000000000000000 ) ) ;
#1295 = CARTESIAN_POINT ( 'NONE',  ( 0.8031250000000047518, -6.858022075225057234E-18, 1.555999999999999162 ) ) ;
#1296 = CARTESIAN_POINT ( 'NONE',  ( 0.7562499999999992006, -6.858022075225118093E-18, -1.444000000000000172 ) ) ;
#1298 = ORIENTED_EDGE ( 'NONE', *, *, #3546, .T. ) ;
#1297 = CARTESIAN_POINT ( 'NONE',  ( 0.7729166666666683616, -0.03443492261192355325, -1.480118988160481930 ) ) ;
#1299 = CARTESIAN_POINT ( 'NONE',  ( 0.5937499999999981126, 0.04858028403419133168, -1.523439678639662676 ) ) ;
#1300 = CARTESIAN_POINT ( 'NONE',  ( 0.8013020833333334147, 0.04966929761192662163, -1.471323417653294330 ) ) ;
#1301 = CARTESIAN_POINT ( 'NONE',  ( 0.5804687500000001998, -7.023736956275672060E-18, -1.442646835306588882 ) ) ;
#1302 = CARTESIAN_POINT ( 'NONE',  ( 0.8354166666666659191, -0.04849742261192814541, -1.471999999999999975 ) ) ;
#1303 = CARTESIAN_POINT ( 'NONE',  ( 0.6916666666666683172, 0.02295661507461568829, -1.460237976320963860 ) ) ;
#1304 = CARTESIAN_POINT ( 'NONE',  ( 0.7437499999999998002, 0.000000000000000000, 1.444000000000001283 ) ) ;
#1305 = CARTESIAN_POINT ( 'NONE',  ( 0.7041666666666683838, -0.02295661507461569176, -1.539762023679035918 ) ) ;
#1306 = CARTESIAN_POINT ( 'NONE',  ( 0.8510416666666690277, -0.02295661507461569176, 1.460237976320964304 ) ) ;
#1307 = ORIENTED_EDGE ( 'NONE', *, *, #3566, .T. ) ;
#1308 = CARTESIAN_POINT ( 'NONE',  ( 0.7312499999999998446, -6.858022075225068789E-18, 1.555999999999999384 ) ) ;
#1309 = CARTESIAN_POINT ( 'NONE',  ( 0.6885416666666686059, 0.02295661507461568829, -1.460237976320963860 ) ) ;
#1310 = CARTESIAN_POINT ( 'NONE',  ( 0.6458333333333325932, 0.03233161507461857626, -1.555999999999999828 ) ) ;
#1311 = EDGE_CURVE ( 'NONE', #4568, #554, #2755, .T. ) ;
#1312 = CARTESIAN_POINT ( 'NONE',  ( 0.6416666666666687169, 0.02295661507461568829, 1.539762023679036584 ) ) ;
#1313 = CARTESIAN_POINT ( 'NONE',  ( 0.7947916666666691166, -0.03443492261192355325, 1.519881011839518292 ) ) ;
#1314 = CARTESIAN_POINT ( 'NONE',  ( 0.6458333333333353687, -0.02295661507461571257, 1.539762023679036584 ) ) ;
#1315 = EDGE_CURVE ( 'NONE', #4391, #1416, #420, .T. ) ;
#1316 = CARTESIAN_POINT ( 'NONE',  ( 0.7812499999999998890, -6.858022075225068789E-18, 1.555999999999999384 ) ) ;
#1317 = CARTESIAN_POINT ( 'NONE',  ( 0.6031250000000020206, 0.000000000000000000, -1.539762023679035918 ) ) ;
#1318 = CARTESIAN_POINT ( 'NONE',  ( 0.6906250000000044853, 0.000000000000000000, 1.444000000000001283 ) ) ;
#1320 = ORIENTED_EDGE ( 'NONE', *, *, #1930, .T. ) ;
#1319 = CARTESIAN_POINT ( 'NONE',  ( 0.7812500000000016653, 0.000000000000000000, -1.539762023679035918 ) ) ;
#1321 = CARTESIAN_POINT ( 'NONE',  ( 0.6330729166666700936, -0.04966929761192663551, -1.471323417653294330 ) ) ;
#1322 = CARTESIAN_POINT ( 'NONE',  ( 0.6406250000000019984, -4.869443502615268820E-18, -1.460237976320963860 ) ) ;
#1323 = CARTESIAN_POINT ( 'NONE',  ( 0.7312499999999991784, -6.858022075225118093E-18, -1.444000000000000172 ) ) ;
#1324 = CARTESIAN_POINT ( 'NONE',  ( 0.6854166666666683394, 0.03443492261192356713, -1.519881011839517626 ) ) ;
#1325 = FACE_OUTER_BOUND ( 'NONE', #2462, .T. ) ;
#1326 = CARTESIAN_POINT ( 'NONE',  ( 0.6958333333333349691, -0.02295661507461571257, -1.460237976320963860 ) ) ;
#1327 = CARTESIAN_POINT ( 'NONE',  ( 0.7604166666666687391, 0.03443492261192356713, 1.480118988160482596 ) ) ;
#1328 = AXIS2_PLACEMENT_3D ( 'NONE', #3739, #1277, #920 ) ;
#1329 = CARTESIAN_POINT ( 'NONE',  ( 0.8406250000000046185, 0.000000000000000000, 1.444000000000001283 ) ) ;
#1330 = CARTESIAN_POINT ( 'NONE',  ( 0.7656250000000024425, -4.869443502615268820E-18, 1.539762023679036362 ) ) ;
#1331 = ORIENTED_EDGE ( 'NONE', *, *, #4591, .T. ) ;
#1332 = CARTESIAN_POINT ( 'NONE',  ( 0.5979166666666657637, 0.04849742261192815929, -1.527999999999999581 ) ) ;
#1333 = CARTESIAN_POINT ( 'NONE',  ( 0.7072916666666685392, 0.03443492261192356713, -1.519881011839517626 ) ) ;
#1334 = DIRECTION ( 'NONE',  ( 1.000000000000000000, -0.000000000000000000, -0.000000000000000000 ) ) ;
#1335 = EDGE_CURVE ( 'NONE', #3001, #3525, #3091, .T. ) ;
#1336 = CARTESIAN_POINT ( 'NONE',  ( 0.6270833333333354354, -0.03443492261192354631, 1.480118988160482152 ) ) ;
#1337 = CARTESIAN_POINT ( 'NONE',  ( 0.8278313614000804010, -0.04186199287215072729, 1.489041726658167253 ) ) ;
#1338 = CARTESIAN_POINT ( 'NONE',  ( 0.5937500000000006661, -0.02785843759302343223, -1.471628782508890509 ) ) ;
#1339 =( BOUNDED_CURVE ( )  B_SPLINE_CURVE ( 2, ( #3542, #364, #767, #4611, #346, #2886, #3586 ),
 .UNSPECIFIED., .F., .F. ) 
 B_SPLINE_CURVE_WITH_KNOTS ( ( 3, 2, 2, 3 ),
 ( 0.8181818181818180102, 0.8333333333333333703, 0.8484848484848486194, 0.8636363636363638685 ),
 .UNSPECIFIED. ) 
 CURVE ( )  GEOMETRIC_REPRESENTATION_ITEM ( )  RATIONAL_B_SPLINE_CURVE ( ( 1.000000000000000888, 0.8660254037844377084, 1.000000000000000000, 0.8660254037844387076, 1.000000000000000000, 0.8660254037844367092, 1.000000000000001998 ) ) 
 REPRESENTATION_ITEM ( '' )  );
#1340 = CARTESIAN_POINT ( 'NONE',  ( 0.6520833333333354576, -0.03443492261192354631, 1.480118988160482152 ) ) ;
#1341 = CARTESIAN_POINT ( 'NONE',  ( 0.7031250000000046629, -6.858022075225057234E-18, 1.555999999999999162 ) ) ;
#1342 = DIRECTION ( 'NONE',  ( 0.000000000000000000, 0.000000000000000000, -1.000000000000000000 ) ) ;
#1343 = CARTESIAN_POINT ( 'NONE',  ( 0.7770833333333354576, -0.03443492261192354631, 1.480118988160482152 ) ) ;
#1345 = ORIENTED_EDGE ( 'NONE', *, *, #1363, .T. ) ;
#1344 = CARTESIAN_POINT ( 'NONE',  ( 0.8395833333333350135, 0.03443492261192353937, -1.480118988160481708 ) ) ;
#1346 = CARTESIAN_POINT ( 'NONE',  ( 0.6039062500000035305, -7.023736956275672060E-18, -1.442646835306588882 ) ) ;
#1347 = CARTESIAN_POINT ( 'NONE',  ( 0.6864583333333352799, 0.03443492261192353937, -1.480118988160481708 ) ) ;
#1348 = CARTESIAN_POINT ( 'NONE',  ( 0.8510416666666690277, -0.02295661507461569176, 1.460237976320964304 ) ) ;
#1349 = CARTESIAN_POINT ( 'NONE',  ( 0.6812500000000016875, 0.000000000000000000, -1.539762023679035918 ) ) ;
#1350 = CARTESIAN_POINT ( 'NONE',  ( 0.8269100497880147449, -1.813805529494792532E-13, -1.541866379174837709 ) ) ;
#1351 = CARTESIAN_POINT ( 'NONE',  ( 0.7291666666666684060, -0.02295661507461569176, -1.539762023679035918 ) ) ;
#1352 = CARTESIAN_POINT ( 'NONE',  ( 0.7708333333333354798, -0.02295661507461571257, 1.539762023679036584 ) ) ;
#1353 = CARTESIAN_POINT ( 'NONE',  ( 0.5937500000000007772, 0.000000000000000000, 1.444000000000001505 ) ) ;
#1354 = CARTESIAN_POINT ( 'NONE',  ( 0.6531250000000022871, 0.000000000000000000, 1.460237976320964304 ) ) ;
#1355 = VERTEX_POINT ( 'NONE', #2672 ) ;
#1356 = CARTESIAN_POINT ( 'NONE',  ( 0.7700520833333338588, 0.03311286507461778245, 1.442646835306589548 ) ) ;
#1357 = CARTESIAN_POINT ( 'NONE',  ( 0.6406250000000019984, -4.869443502615268820E-18, -1.460237976320963860 ) ) ;
#1358 = CARTESIAN_POINT ( 'NONE',  ( 0.6760416666666713148, 0.03233161507461863177, -1.444000000000000394 ) ) ;
#1359 = CARTESIAN_POINT ( 'NONE',  ( 0.8342180693833743943, -0.02848123183422884841, -1.540213644084482025 ) ) ;
#1360 = CARTESIAN_POINT ( 'NONE',  ( 0.7197916666666690499, -0.03443492261192355325, 1.519881011839518292 ) ) ;
#1361 = CARTESIAN_POINT ( 'NONE',  ( 0.04687500000000016653, 0.000000000000000000, -1.500000000000000444 ) ) ;
#1362 = VECTOR ( 'NONE', #2311, 39.37007874015748143 ) ;
#1363 = EDGE_CURVE ( 'NONE', #52, #3664, #575, .T. ) ;
#1364 = CARTESIAN_POINT ( 'NONE',  ( 0.6333333333333355242, 0.02295661507461572298, 1.460237976320964304 ) ) ;
#1365 = AXIS2_PLACEMENT_3D ( 'NONE', #3429, #2012, #3146 ) ;
#1366 = CARTESIAN_POINT ( 'NONE',  ( 0.6104166666666664964, -0.04849742261192779152, 1.528000000000000247 ) ) ;
#1367 =( BOUNDED_CURVE ( )  B_SPLINE_CURVE ( 2, ( #2496, #3205, #3163, #4222, #359, #2515, #1871 ),
 .UNSPECIFIED., .F., .F. ) 
 B_SPLINE_CURVE_WITH_KNOTS ( ( 3, 2, 2, 3 ),
 ( 0.09090909090909092549, 0.1060606060606059942, 0.1212121212121210767, 0.1363636363636361315 ),
 .UNSPECIFIED. ) 
 CURVE ( )  GEOMETRIC_REPRESENTATION_ITEM ( )  RATIONAL_B_SPLINE_CURVE ( ( 0.9999999999999998890, 0.8660254037844388186, 1.000000000000000000, 0.8660254037844387076, 1.000000000000000000, 0.8660254037844407060, 0.9999999999999980016 ) ) 
 REPRESENTATION_ITEM ( '' )  );
#1368 = CARTESIAN_POINT ( 'NONE',  ( 0.8248056942922140644, -0.03638303406918173138, 1.480783572251378688 ) ) ;
#1370 = ORIENTED_EDGE ( 'NONE', *, *, #4488, .F. ) ;
#1369 = CARTESIAN_POINT ( 'NONE',  ( 0.8416666666666683394, 0.02295661507461568829, -1.460237976320963860 ) ) ;
#1371 = CARTESIAN_POINT ( 'NONE',  ( 0.6059895833333368564, -0.03311286507461777551, -1.442646835306588660 ) ) ;
#1372 = CARTESIAN_POINT ( 'NONE',  ( 0.7218750000000020428, -0.04591323014923139739, -1.499999999999999778 ) ) ;
#1373 = CARTESIAN_POINT ( 'NONE',  ( 0.8093750000000022871, 0.04591323014923139739, 1.500000000000000444 ) ) ;
#1374 = CARTESIAN_POINT ( 'NONE',  ( 0.7229166666666683172, -0.03443492261192355325, -1.480118988160481930 ) ) ;
#1375 = CARTESIAN_POINT ( 'NONE',  ( 0.8272369606872427283, 0.005982787214843355607, -1.542193290074089340 ) ) ;
#1376 = CARTESIAN_POINT ( 'NONE',  ( 0.6395833333333350579, 0.03443492261192353937, -1.480118988160481708 ) ) ;
#1377 = EDGE_CURVE ( 'NONE', #4519, #1560, #1637, .T. ) ;
#1378 = CARTESIAN_POINT ( 'NONE',  ( 0.7354166666666687169, 0.03443492261192356713, 1.480118988160482596 ) ) ;
#1379 = ADVANCED_FACE ( 'NONE', ( #977, #599 ), #930, .T. ) ;
#1380 = CARTESIAN_POINT ( 'NONE',  ( 0.6687499999999998446, 0.000000000000000000, 1.444000000000001283 ) ) ;
#1381 = CARTESIAN_POINT ( 'NONE',  ( 0.7614583333333356796, 0.03443492261192353937, 1.519881011839518514 ) ) ;
#1382 = VERTEX_POINT ( 'NONE', #2743 ) ;
#1383 = CARTESIAN_POINT ( 'NONE',  ( 0.7179687500000005995, 0.000000000000000000, 1.442646835306589326 ) ) ;
#1384 = CYLINDRICAL_SURFACE ( 'NONE', #4360, 0.05599999999999880074 ) ;
#1385 = CARTESIAN_POINT ( 'NONE',  ( 0.8322963625047082870, -0.03445713476073793136, -1.532492623250346409 ) ) ;
#1386 = CARTESIAN_POINT ( 'NONE',  ( 0.6677083333333356796, -0.02295661507461571257, 1.539762023679036584 ) ) ;
#1387 = CARTESIAN_POINT ( 'NONE',  ( 0.6312499999999998668, -6.858022075225068789E-18, 1.555999999999999384 ) ) ;
#1388 = CARTESIAN_POINT ( 'NONE',  ( 0.6437500000000021538, -4.869443502615268820E-18, 1.539762023679036362 ) ) ;
#1389 = CYLINDRICAL_SURFACE ( 'NONE', #3849, 0.05599999999999880074 ) ;
#1390 = CARTESIAN_POINT ( 'NONE',  ( 0.6062499999999998446, -6.858022075225068789E-18, 1.555999999999999384 ) ) ;
#1391 = CARTESIAN_POINT ( 'NONE',  ( 0.6770833333333353687, -0.03443492261192354631, 1.480118988160482152 ) ) ;
#1393 = EDGE_LOOP ( 'NONE', ( #3392, #2899, #622, #2273 ) ) ;
#1392 = CARTESIAN_POINT ( 'NONE',  ( 0.8375000000000016875, 0.04591323014923139739, -1.499999999999999778 ) ) ;
#1394 = CARTESIAN_POINT ( 'NONE',  ( 0.6414062500000033973, 0.000000000000000000, -1.557353164693410896 ) ) ;
#1395 = CARTESIAN_POINT ( 'NONE',  ( 0.7427083333333353021, -0.02295661507461571257, -1.460237976320963860 ) ) ;
#1396 =( BOUNDED_CURVE ( )  B_SPLINE_CURVE ( 2, ( #1686, #3099, #3076, #4180, #2749, #4206, #4156 ),
 .UNSPECIFIED., .F., .F. ) 
 B_SPLINE_CURVE_WITH_KNOTS ( ( 3, 2, 2, 3 ),
 ( 0.5000000000000001110, 0.5151515151515151381, 0.5303030303030302761, 0.5454545454545453032 ),
 .UNSPECIFIED. ) 
 CURVE ( )  GEOMETRIC_REPRESENTATION_ITEM ( )  RATIONAL_B_SPLINE_CURVE ( ( 0.9999999999999990008, 0.8660254037844397068, 1.000000000000000000, 0.8660254037844387076, 1.000000000000000000, 0.8660254037844397068, 0.9999999999999990008 ) ) 
 REPRESENTATION_ITEM ( '' )  );
#1397 = CARTESIAN_POINT ( 'NONE',  ( 0.8406250000000025091, -4.869443502615268820E-18, 1.539762023679036362 ) ) ;
#1398 = CARTESIAN_POINT ( 'NONE',  ( 0.6250000000000016653, -0.04591323014923139739, -1.499999999999999778 ) ) ;
#1399 = CARTESIAN_POINT ( 'NONE',  ( 0.8104166666666683394, 0.03443492261192356713, -1.519881011839517626 ) ) ;
#1400 = CARTESIAN_POINT ( 'NONE',  ( 0.7354166666666682728, 0.03443492261192356713, -1.519881011839517626 ) ) ;
#1401 = CARTESIAN_POINT ( 'NONE',  ( 0.7187500000000021094, -4.869443502615268820E-18, 1.539762023679036362 ) ) ;
#1402 = CARTESIAN_POINT ( 'NONE',  ( 0.8437500000000005551, 0.000000000000000000, 1.500000000000000444 ) ) ;
#1403 = AXIS2_PLACEMENT_3D ( 'NONE', #4196, #2471, #1426 ) ;
#1404 = CARTESIAN_POINT ( 'NONE',  ( 0.7489583333333357240, -0.03443492261192354631, 1.480118988160482152 ) ) ;
#1405 = ORIENTED_EDGE ( 'NONE', *, *, #2159, .T. ) ;
#1406 = CARTESIAN_POINT ( 'NONE',  ( 0.6742187500000007550, 0.06622573014923550938, 1.500000000000000444 ) ) ;
#1407 = CYLINDRICAL_SURFACE ( 'NONE', #1757, 0.07812500000000006939 ) ;
#1408 = DIRECTION ( 'NONE',  ( 0.000000000000000000, 0.000000000000000000, -1.000000000000000000 ) ) ;
#1409 = AXIS2_PLACEMENT_3D ( 'NONE', #4314, #2534, #3226 ) ;
#1410 = CARTESIAN_POINT ( 'NONE',  ( 0.6697916666666690055, -0.03443492261192355325, 1.519881011839518292 ) ) ;
#1411 = CARTESIAN_POINT ( 'NONE',  ( 0.7427083333333379667, 0.03233161507461868034, -1.556000000000000050 ) ) ;
#1412 = CARTESIAN_POINT ( 'NONE',  ( 0.8330729166666706043, -0.04966929761192663551, 1.528676582346705892 ) ) ;
#1413 = CARTESIAN_POINT ( 'NONE',  ( 0.7281250000000046851, -6.858022075225057234E-18, 1.555999999999999162 ) ) ;
#1414 = CARTESIAN_POINT ( 'NONE',  ( 0.6656250000000044631, 0.000000000000000000, -1.555999999999999162 ) ) ;
#1415 = CARTESIAN_POINT ( 'NONE',  ( 0.7562500000000020872, 0.000000000000000000, 1.460237976320964304 ) ) ;
#1417 = ORIENTED_EDGE ( 'NONE', *, *, #3285, .F. ) ;
#1416 = VERTEX_POINT ( 'NONE', #4174 ) ;
#1418 = DATE_AND_TIME ( #2828, #3479 ) ;
#1419 = CARTESIAN_POINT ( 'NONE',  ( 0.6927083333333352577, -0.02295661507461571257, -1.460237976320963860 ) ) ;
#1420 = CARTESIAN_POINT ( 'NONE',  ( 0.8135416666666689389, 0.02295661507461568829, 1.539762023679036584 ) ) ;
#1421 = CARTESIAN_POINT ( 'NONE',  ( 0.7531250000000019318, 0.000000000000000000, -1.539762023679035918 ) ) ;
#1422 = CARTESIAN_POINT ( 'NONE',  ( 0.8145833333333349913, 0.03443492261192353937, -1.480118988160481708 ) ) ;
#1423 = CARTESIAN_POINT ( 'NONE',  ( 0.8289062500000035083, -7.023736956275672060E-18, -1.442646835306588882 ) ) ;
#1424 = ADVANCED_FACE ( 'NONE', ( #4489 ), #3819, .F. ) ;
#1425 = CARTESIAN_POINT ( 'NONE',  ( 0.7729166666666688057, -0.03443492261192355325, 1.519881011839518292 ) ) ;
#1426 = DIRECTION ( 'NONE',  ( 1.000000000000000000, 0.000000000000000000, 0.000000000000000000 ) ) ;
#1427 = CARTESIAN_POINT ( 'NONE',  ( 0.6906250000000023759, -4.869443502615268820E-18, 1.539762023679036362 ) ) ;
#1428 = VERTEX_POINT ( 'NONE', #2357 ) ;
#1429 = CARTESIAN_POINT ( 'NONE',  ( 0.6492187500000005107, 0.06622573014923550938, 1.500000000000000444 ) ) ;
#1430 = CARTESIAN_POINT ( 'NONE',  ( 0.8156250000000044853, 0.000000000000000000, 1.444000000000001283 ) ) ;
#1431 = CARTESIAN_POINT ( 'NONE',  ( 0.6510416666666689611, -0.02295661507461569523, 1.460237976320964304 ) ) ;
#1432 = CARTESIAN_POINT ( 'NONE',  ( 0.7489583333333379445, 0.04849742261192769438, 1.528000000000000025 ) ) ;
#1433 = CARTESIAN_POINT ( 'NONE',  ( 0.8205729166666705376, 0.04966929761192666326, 1.471323417653294996 ) ) ;
#1434 = CARTESIAN_POINT ( 'NONE',  ( 0.04687500000000016653, 9.567553118338701938E-18, 1.421875000000000222 ) ) ;
#1435 = EDGE_CURVE ( 'NONE', #4417, #3816, #242, .T. ) ;
#1436 = VECTOR ( 'NONE', #2580, 39.37007874015748143 ) ;
#1437 = CARTESIAN_POINT ( 'NONE',  ( 0.6312499999999992006, -6.858022075225118093E-18, -1.444000000000000172 ) ) ;
#1438 = CARTESIAN_POINT ( 'NONE',  ( 0.6625000000000019762, 0.04591323014923139739, 1.500000000000000444 ) ) ;
#1439 = ORIENTED_EDGE ( 'NONE', *, *, #2458, .F. ) ;
#1440 = CARTESIAN_POINT ( 'NONE',  ( 0.5937500000000007772, 6.858022075225043367E-18, 1.555999999999999162 ) ) ;
#1441 = CARTESIAN_POINT ( 'NONE',  ( 0.7989583333333357684, -0.03443492261192354631, 1.480118988160482152 ) ) ;
#1442 = CARTESIAN_POINT ( 'NONE',  ( 0.8010416666666686503, -0.02295661507461569523, -1.539762023679035918 ) ) ;
#1443 = CARTESIAN_POINT ( 'NONE',  ( 0.7437500000000016875, -4.869443502615268820E-18, -1.460237976320963860 ) ) ;
#1444 = CARTESIAN_POINT ( 'NONE',  ( 0.8039062500000034861, -7.023736956275672060E-18, -1.442646835306588882 ) ) ;
#1445 = EDGE_CURVE ( 'NONE', #3747, #4003, #1367, .T. ) ;
#1446 = CARTESIAN_POINT ( 'NONE',  ( 0.5950520833333335924, 0.03311286507461778245, -1.557353164693410674 ) ) ;
#1447 = FACE_OUTER_BOUND ( 'NONE', #2642, .T. ) ;
#1448 = CYLINDRICAL_SURFACE ( 'NONE', #2882, 0.05599999999999880074 ) ;
#1449 = EDGE_LOOP ( 'NONE', ( #3743, #3688, #646, #2306 ) ) ;
#1450 = CARTESIAN_POINT ( 'NONE',  ( 0.6408854166666672070, -0.03311286507461774081, 1.442646835306589548 ) ) ;
#1451 = CYLINDRICAL_SURFACE ( 'NONE', #3818, 0.05599999999999880074 ) ;
#1452 = CARTESIAN_POINT ( 'NONE',  ( 0.6968750000000023537, -0.04591323014923139739, 1.500000000000000444 ) ) ;
#1453 = CARTESIAN_POINT ( 'NONE',  ( 0.6697916666666712260, 0.04849742261192773601, 1.472000000000000863 ) ) ;
#1454 = CARTESIAN_POINT ( 'NONE',  ( 0.7601562500000038636, -0.06622573014923550938, 1.500000000000000444 ) ) ;
#1455 = CARTESIAN_POINT ( 'NONE',  ( 0.6177083333333378556, 0.03233161507461908973, -1.555999999999999162 ) ) ;
#1456 = ADVANCED_FACE ( 'NONE', ( #2100 ), #1407, .T. ) ;
#1457 = CARTESIAN_POINT ( 'NONE',  ( 0.5937500000000007772, 0.000000000000000000, -1.555999999999999162 ) ) ;
#1458 = CARTESIAN_POINT ( 'NONE',  ( 0.6583333333333353243, 0.02295661507461571951, 1.460237976320964304 ) ) ;
#1459 = VERTEX_POINT ( 'NONE', #1430 ) ;
#1460 = EDGE_CURVE ( 'NONE', #554, #2226, #706, .T. ) ;
#1461 =( BOUNDED_CURVE ( )  B_SPLINE_CURVE ( 2, ( #292, #651, #700, #3869, #2550, #2453, #4582 ),
 .UNSPECIFIED., .F., .T. ) 
 B_SPLINE_CURVE_WITH_KNOTS ( ( 3, 2, 2, 3 ),
 ( 0.8181818181818183433, 0.8333333333333333703, 0.8484848484848485084, 0.8636363636363635354 ),
 .UNSPECIFIED. ) 
 CURVE ( )  GEOMETRIC_REPRESENTATION_ITEM ( )  RATIONAL_B_SPLINE_CURVE ( ( 0.9999999999999990008, 0.8660254037844397068, 1.000000000000000000, 0.8660254037844387076, 1.000000000000000000, 0.8660254037844397068, 0.9999999999999990008 ) ) 
 REPRESENTATION_ITEM ( '' )  );
#1462 = FACE_OUTER_BOUND ( 'NONE', #828, .T. ) ;
#1463 = CARTESIAN_POINT ( 'NONE',  ( 0.6843750000000025091, 0.04591323014923139739, 1.500000000000000444 ) ) ;
#1464 = CARTESIAN_POINT ( 'NONE',  ( 0.7406250000000019762, -4.869443502615268820E-18, -1.460237976320963860 ) ) ;
#1465 = CARTESIAN_POINT ( 'NONE',  ( 0.6510416666666709595, 0.03233161507461863177, -1.444000000000000394 ) ) ;
#1466 = CARTESIAN_POINT ( 'NONE',  ( 0.5812500000000017097, 0.000000000000000000, -1.539762023679035918 ) ) ;
#1467 = CARTESIAN_POINT ( 'NONE',  ( 0.6575520833333335924, -0.03311286507461777551, -1.442646835306588660 ) ) ;
#1468 = CARTESIAN_POINT ( 'NONE',  ( 0.6260416666666689389, -0.02295661507461569176, 1.460237976320964304 ) ) ;
#1469 = EDGE_LOOP ( 'NONE', ( #3889, #4473, #3006, #1331, #2740 ) ) ;
#1470 = CARTESIAN_POINT ( 'NONE',  ( 0.6200520833333339477, 0.03311286507461778245, 1.442646835306589548 ) ) ;
#1471 = CARTESIAN_POINT ( 'NONE',  ( 0.7437499999999998002, 0.000000000000000000, 1.444000000000001283 ) ) ;
#1472 = CARTESIAN_POINT ( 'NONE',  ( 0.6874999999999996669, -0.06466323014923702761, 1.500000000000000222 ) ) ;
#1473 = AXIS2_PLACEMENT_3D ( 'NONE', #3361, #163, #846 ) ;
#1474 = CARTESIAN_POINT ( 'NONE',  ( 0.7351562500000039524, -0.06622573014923550938, 1.500000000000000444 ) ) ;
#1475 = EDGE_CURVE ( 'NONE', #2930, #151, #2927, .T. ) ;
#1476 = SECURITY_CLASSIFICATION ( '', '', #325 ) ;
#1477 = CARTESIAN_POINT ( 'NONE',  ( 0.7000000000000020650, -0.04591323014923139739, 1.500000000000000444 ) ) ;
#1478 = ORIENTED_EDGE ( 'NONE', *, *, #4088, .F. ) ;
#1479 = APPLICATION_PROTOCOL_DEFINITION ( 'international standard', 'config_control_design', 1994, #3295 ) ;
#1480 = CARTESIAN_POINT ( 'NONE',  ( 0.5822916666666686503, 0.03443492261192356713, -1.519881011839517626 ) ) ;
#1481 = CARTESIAN_POINT ( 'NONE',  ( 0.6989583333333356796, -0.03443492261192354631, 1.480118988160482152 ) ) ;
#1482 = EDGE_CURVE ( 'NONE', #3016, #1082, #3248, .T. ) ;
#1483 = CARTESIAN_POINT ( 'NONE',  ( 0.7927083333333353465, -0.02295661507461571257, -1.460237976320963860 ) ) ;
#1484 = CARTESIAN_POINT ( 'NONE',  ( 0.8083333333333351245, 0.02295661507461571951, -1.539762023679035918 ) ) ;
#1485 = CARTESIAN_POINT ( 'NONE',  ( 0.8351562500000033751, -0.06622573014923550938, -1.499999999999999778 ) ) ;
#1486 = CARTESIAN_POINT ( 'NONE',  ( 0.7138020833333335036, -0.04966929761192663551, -1.528676582346705226 ) ) ;
#1487 = DIRECTION ( 'NONE',  ( 1.000000000000000000, -0.000000000000000000, -0.000000000000000000 ) ) ;
#1488 = CARTESIAN_POINT ( 'NONE',  ( 0.8298207461985404043, -0.03986443825276172331, -1.520645677284016895 ) ) ;
#1489 = CARTESIAN_POINT ( 'NONE',  ( 0.6197916666666690721, -0.03443492261192355325, 1.519881011839518292 ) ) ;
#1490 = VERTEX_POINT ( 'NONE', #4271 ) ;
#1491 = ORIENTED_EDGE ( 'NONE', *, *, #1445, .F. ) ;
#1492 = DIRECTION ( 'NONE',  ( 0.000000000000000000, 0.000000000000000000, -1.000000000000000000 ) ) ;
#1493 = CARTESIAN_POINT ( 'NONE',  ( 0.7343750000000019984, 0.04591323014923139739, -1.499999999999999778 ) ) ;
#1494 = CARTESIAN_POINT ( 'NONE',  ( 0.6080729166666705154, -0.04966929761192663551, 1.528676582346705892 ) ) ;
#1495 = CARTESIAN_POINT ( 'NONE',  ( 0.6572916666666711594, -0.04849742261192818704, -1.471999999999999975 ) ) ;
#1496 = CARTESIAN_POINT ( 'NONE',  ( 0.8255393682416326540, -0.02114004756505427282, -1.534988296425735532 ) ) ;
#1497 = ORIENTED_EDGE ( 'NONE', *, *, #580, .T. ) ;
#1498 = ADVANCED_FACE ( 'NONE', ( #1175 ), #1384, .F. ) ;
#1499 = DIRECTION ( 'NONE',  ( 0.000000000000000000, 0.000000000000000000, -1.000000000000000000 ) ) ;
#1500 = CARTESIAN_POINT ( 'NONE',  ( 0.6114583333333357684, 0.03443492261192353937, 1.519881011839518514 ) ) ;
#1501 = CARTESIAN_POINT ( 'NONE',  ( 0.5854166666666683616, 0.03443492261192356713, -1.519881011839517626 ) ) ;
#1502 = CARTESIAN_POINT ( 'NONE',  ( 0.6375000000000016209, 0.04591323014923139739, -1.499999999999999778 ) ) ;
#1503 = VERTEX_POINT ( 'NONE', #2452 ) ;
#1504 = CARTESIAN_POINT ( 'NONE',  ( 0.5979166666666683172, -0.03443492261192355325, -1.480118988160481930 ) ) ;
#1505 = CARTESIAN_POINT ( 'NONE',  ( 0.6596354166666668073, -0.04966929761192663551, -1.471323417653294330 ) ) ;
#1506 = FACE_OUTER_BOUND ( 'NONE', #409, .T. ) ;
#1507 = ADVANCED_FACE ( 'NONE', ( #744 ), #1451, .F. ) ;
#1508 = DIRECTION ( 'NONE',  ( 0.000000000000000000, 0.000000000000000000, -1.000000000000000000 ) ) ;
#1509 = CARTESIAN_POINT ( 'NONE',  ( 0.5906250000000023981, -4.869443502615268820E-18, 1.539762023679036362 ) ) ;
#1510 = VERTEX_POINT ( 'NONE', #2790 ) ;
#1511 =( BOUNDED_CURVE ( )  B_SPLINE_CURVE ( 2, ( #4516, #2725, #656, #4565, #1987, #2084, #607 ),
 .UNSPECIFIED., .F., .F. ) 
 B_SPLINE_CURVE_WITH_KNOTS ( ( 3, 2, 2, 3 ),
 ( 0.7272727272727271819, 0.7424242424242424310, 0.7575757575757576801, 0.7727272727272729291 ),
 .UNSPECIFIED. ) 
 CURVE ( )  GEOMETRIC_REPRESENTATION_ITEM ( )  RATIONAL_B_SPLINE_CURVE ( ( 1.000000000000000888, 0.8660254037844377084, 1.000000000000000000, 0.8660254037844387076, 1.000000000000000000, 0.8660254037844367092, 1.000000000000001998 ) ) 
 REPRESENTATION_ITEM ( '' )  );
#1512 = EDGE_CURVE ( 'NONE', #1265, #2131, #2469, .T. ) ;
#1513 = ORIENTED_EDGE ( 'NONE', *, *, #2972, .F. ) ;
#1514 = DIRECTION ( 'NONE',  ( -0.000000000000000000, -1.000000000000000000, -0.000000000000000000 ) ) ;
#1515 = CARTESIAN_POINT ( 'NONE',  ( 0.7843750000000019318, 0.04591323014923139739, -1.499999999999999778 ) ) ;
#1516 = APPROVAL ( #729, 'UNSPECIFIED' ) ;
#1517 = CARTESIAN_POINT ( 'NONE',  ( 0.6351562500000038636, -0.06622573014923550938, 1.500000000000000444 ) ) ;
#1518 = FACE_OUTER_BOUND ( 'NONE', #1541, .T. ) ;
#1519 = CARTESIAN_POINT ( 'NONE',  ( 0.5968750000000044853, 0.06466323014923756884, -1.499999999999999778 ) ) ;
#1520 = EDGE_LOOP ( 'NONE', ( #1670, #1203, #1940, #1975, #718 ) ) ;
#1521 = CARTESIAN_POINT ( 'NONE',  ( 0.7562500000000020872, 0.000000000000000000, 1.460237976320964304 ) ) ;
#1522 = CARTESIAN_POINT ( 'NONE',  ( 0.6177083333333357462, -0.02295661507461571257, 1.539762023679036584 ) ) ;
#1523 = CARTESIAN_POINT ( 'NONE',  ( 0.6343750000000019096, 0.04591323014923139739, -1.499999999999999778 ) ) ;
#1524 = CARTESIAN_POINT ( 'NONE',  ( 0.6125000000000017097, 0.04591323014923139739, -1.499999999999999778 ) ) ;
#1525 = CARTESIAN_POINT ( 'NONE',  ( 0.6893229166666701158, -0.03311286507461774081, -1.557353164693410674 ) ) ;
#1526 = CARTESIAN_POINT ( 'NONE',  ( 0.7166666666666662300, -0.03233161507461864564, 1.444000000000001060 ) ) ;
#1527 = CARTESIAN_POINT ( 'NONE',  ( 0.6950520833333334592, 0.03311286507461778245, -1.557353164693410674 ) ) ;
#1528 = DIRECTION ( 'NONE',  ( 0.000000000000000000, 0.000000000000000000, -1.000000000000000000 ) ) ;
#1529 = CARTESIAN_POINT ( 'NONE',  ( 0.8291666666666662744, 0.03233161507461820156, 1.556000000000000050 ) ) ;
#1530 = CYLINDRICAL_SURFACE ( 'NONE', #4230, 0.05599999999999880074 ) ;
#1531 = CARTESIAN_POINT ( 'NONE',  ( 0.6281250000000023759, 0.000000000000000000, 1.460237976320964304 ) ) ;
#1532 = ORIENTED_EDGE ( 'NONE', *, *, #466, .F. ) ;
#1533 = DIRECTION ( 'NONE',  ( -1.748382715945125304E-15, 0.000000000000000000, 1.000000000000000000 ) ) ;
#1534 =( BOUNDED_CURVE ( )  B_SPLINE_CURVE ( 2, ( #2127, #3919, #3644, #3191, #1877, #1455, #344 ),
 .UNSPECIFIED., .F., .F. ) 
 B_SPLINE_CURVE_WITH_KNOTS ( ( 3, 2, 2, 3 ),
 ( 0.8636363636363635354, 0.8787878787878786735, 0.8939393939393937005, 0.9090909090909088386 ),
 .UNSPECIFIED. ) 
 CURVE ( )  GEOMETRIC_REPRESENTATION_ITEM ( )  RATIONAL_B_SPLINE_CURVE ( ( 1.000000000000000888, 0.8660254037844377084, 1.000000000000000000, 0.8660254037844387076, 1.000000000000000000, 0.8660254037844407060, 0.9999999999999980016 ) ) 
 REPRESENTATION_ITEM ( '' )  );
#1535 = ORIENTED_EDGE ( 'NONE', *, *, #862, .F. ) ;
#1536 = CARTESIAN_POINT ( 'NONE',  ( 0.6031250000000044631, -6.858022075225123486E-18, -1.444000000000000172 ) ) ;
#1537 = CARTESIAN_POINT ( 'NONE',  ( 0.8406250000000020650, -4.869443502615268820E-18, -1.460237976320963860 ) ) ;
#1538 = CARTESIAN_POINT ( 'NONE',  ( 0.5997395833333372117, 0.04966929761192662163, 1.528676582346705892 ) ) ;
#1539 = CARTESIAN_POINT ( 'NONE',  ( 0.5937500000000008882, -0.02046678278664891548, 1.535629275915886494 ) ) ;
#1540 = CARTESIAN_POINT ( 'NONE',  ( 0.6166666666666688057, 0.02295661507461568829, 1.539762023679036584 ) ) ;
#1541 = EDGE_LOOP ( 'NONE', ( #70, #3213, #3172, #741 ) ) ;
#1542 = DATE_AND_TIME ( #1266, #1705 ) ;
#1543 = CARTESIAN_POINT ( 'NONE',  ( 0.7541666666666687613, -0.02295661507461569176, 1.460237976320964304 ) ) ;
#1544 = VECTOR ( 'NONE', #2223, 39.37007874015748143 ) ;
#1545 = CARTESIAN_POINT ( 'NONE',  ( 0.5822916666666689833, 0.03443492261192356713, 1.480118988160482596 ) ) ;
#1546 = CARTESIAN_POINT ( 'NONE',  ( 0.7072916666666685392, 0.03443492261192356713, -1.519881011839517626 ) ) ;
#1547 = CARTESIAN_POINT ( 'NONE',  ( 0.7333333333333349469, 0.02295661507461571951, -1.539762023679035918 ) ) ;
#1548 = ORIENTED_EDGE ( 'NONE', *, *, #231, .T. ) ;
#1549 = CARTESIAN_POINT ( 'NONE',  ( 0.6851562500000034639, -0.06622573014923550938, -1.499999999999999778 ) ) ;
#1550 = CARTESIAN_POINT ( 'NONE',  ( 0.8429687500000001554, 0.000000000000000000, -1.557353164693410896 ) ) ;
#1551 = CARTESIAN_POINT ( 'NONE',  ( 0.7843750000000019318, 0.04591323014923139739, -1.499999999999999778 ) ) ;
#1552 = CARTESIAN_POINT ( 'NONE',  ( 0.6864583333333379445, -0.04849742261192770826, 1.472000000000000863 ) ) ;
#1553 = CARTESIAN_POINT ( 'NONE',  ( 0.8562500000000020650, 0.000000000000000000, 1.460237976320964304 ) ) ;
#1554 = CARTESIAN_POINT ( 'NONE',  ( 0.5937500000000004441, -0.04623421646483304864, 1.486203529223110831 ) ) ;
#1555 = CARTESIAN_POINT ( 'NONE',  ( 0.7812499999999992228, -6.858022075225118093E-18, -1.444000000000000172 ) ) ;
#1556 = ORIENTED_EDGE ( 'NONE', *, *, #669, .F. ) ;
#1557 = ADVANCED_FACE ( 'NONE', ( #4016 ), #3187, .F. ) ;
#1558 = CARTESIAN_POINT ( 'NONE',  ( 0.8437500000000001110, 0.000000000000000000, -1.499999999999999778 ) ) ;
#1559 = CARTESIAN_POINT ( 'NONE',  ( 0.8218750000000025757, -0.04591323014923139739, 1.500000000000000444 ) ) ;
#1560 = VERTEX_POINT ( 'NONE', #3410 ) ;
#1561 = CARTESIAN_POINT ( 'NONE',  ( 0.8348347322407192461, -6.097646424831791893E-18, -1.450208938372457679 ) ) ;
#1562 = CARTESIAN_POINT ( 'NONE',  ( 0.7864583333333352577, 0.03443492261192353937, -1.480118988160481708 ) ) ;
#1563 = CARTESIAN_POINT ( 'NONE',  ( 0.6768229166666706043, 0.03311286507461773387, 1.557353164693411340 ) ) ;
#1564 = CARTESIAN_POINT ( 'NONE',  ( 0.5937500000000005551, 0.03923523907587229964, -1.539957427528191980 ) ) ;
#1565 = CARTESIAN_POINT ( 'NONE',  ( 0.6031250000000044631, -6.858022075225123486E-18, -1.444000000000000172 ) ) ;
#1566 = ORIENTED_EDGE ( 'NONE', *, *, #3158, .T. ) ;
#1567 = SHAPE_DEFINITION_REPRESENTATION ( #116, #2921 ) ;
#1568 = CARTESIAN_POINT ( 'NONE',  ( 0.7458333333333354576, -0.02295661507461571257, 1.539762023679036584 ) ) ;
#1569 = EDGE_CURVE ( 'NONE', #1459, #3645, #3765, .T. ) ;
#1570 = CARTESIAN_POINT ( 'NONE',  ( 0.6291666666666664298, 0.03233161507461836809, 1.555999999999999384 ) ) ;
#1571 = CARTESIAN_POINT ( 'NONE',  ( 0.6843750000000019540, 0.04591323014923139739, -1.499999999999999778 ) ) ;
#1572 = CARTESIAN_POINT ( 'NONE',  ( 0.6166666666666683616, 0.02295661507461568829, -1.460237976320963860 ) ) ;
#1573 = CARTESIAN_POINT ( 'NONE',  ( 0.7289062500000035305, -7.023736956275672060E-18, -1.442646835306588882 ) ) ;
#1574 = CARTESIAN_POINT ( 'NONE',  ( 0.7906250000000044631, 0.000000000000000000, -1.555999999999999162 ) ) ;
#1575 = AXIS2_PLACEMENT_3D ( 'NONE', #2928, #885, #832 ) ;
#1576 = CARTESIAN_POINT ( 'NONE',  ( 0.8385416666666686281, 0.02295661507461568829, -1.460237976320963860 ) ) ;
#1577 = CARTESIAN_POINT ( 'NONE',  ( 0.6958333333333324155, 0.03233161507461857626, -1.555999999999999828 ) ) ;
#1578 = CARTESIAN_POINT ( 'NONE',  ( 0.04687500000000014572, 0.000000000000000000, -1.578125000000000444 ) ) ;
#1579 = CARTESIAN_POINT ( 'NONE',  ( 0.7937499999999998446, 0.000000000000000000, 1.444000000000001283 ) ) ;
#1580 = CARTESIAN_POINT ( 'NONE',  ( 0.8541666666666684060, -0.02295661507461569176, -1.539762023679035918 ) ) ;
#1581 = AXIS2_PLACEMENT_3D ( 'NONE', #4029, #1590, #2999 ) ;
#1582 = ORIENTED_EDGE ( 'NONE', *, *, #2738, .F. ) ;
#1583 = CIRCLE ( 'NONE', #1575, 0.07812500000000013878 ) ;
#1584 = CARTESIAN_POINT ( 'NONE',  ( 0.8010416666666690944, -0.02295661507461569176, 1.460237976320964304 ) ) ;
#1585 = ORIENTED_EDGE ( 'NONE', *, *, #4630, .T. ) ;
#1586 = DIRECTION ( 'NONE',  ( 1.000000000000000000, -0.000000000000000000, -0.000000000000000000 ) ) ;
#1587 = CARTESIAN_POINT ( 'NONE',  ( 0.8218750000000020206, -0.04591323014923139739, -1.499999999999999778 ) ) ;
#1588 = CARTESIAN_POINT ( 'NONE',  ( 0.7143229166666704710, -0.03311286507461774081, 1.442646835306589548 ) ) ;
#1589 = CARTESIAN_POINT ( 'NONE',  ( 0.7041666666666688279, -0.02295661507461569176, 1.460237976320964304 ) ) ;
#1590 = DIRECTION ( 'NONE',  ( 1.000000000000000000, 0.000000000000000000, 0.000000000000000000 ) ) ;
#1591 = CARTESIAN_POINT ( 'NONE',  ( 0.7208333333333328818, 0.03233161507461840972, 1.444000000000001060 ) ) ;
#1592 = ORIENTED_EDGE ( 'NONE', *, *, #3463, .F. ) ;
#1593 = CARTESIAN_POINT ( 'NONE',  ( 0.7625000000000020650, 0.04591323014923139739, 1.500000000000000444 ) ) ;
#1594 = DIRECTION ( 'NONE',  ( -1.000000000000000000, -0.000000000000000000, -0.000000000000000000 ) ) ;
#1595 = CARTESIAN_POINT ( 'NONE',  ( 0.6864583333333352799, 0.03443492261192353937, -1.480118988160481708 ) ) ;
#1596 = CARTESIAN_POINT ( 'NONE',  ( 0.6708333333333350579, -0.02295661507461571257, -1.460237976320963860 ) ) ;
#1597 = VERTEX_POINT ( 'NONE', #1574 ) ;
#1598 = CARTESIAN_POINT ( 'NONE',  ( 0.7601562500000035305, -0.06622573014923550938, -1.499999999999999778 ) ) ;
#1599 = CARTESIAN_POINT ( 'NONE',  ( 0.7908854166666668961, -0.03311286507461774081, -1.557353164693410674 ) ) ;
#1600 = CARTESIAN_POINT ( 'NONE',  ( 0.8406250000000020650, -4.869443502615268820E-18, -1.460237976320963860 ) ) ;
#1601 = CARTESIAN_POINT ( 'NONE',  ( 0.8333333333333327042, -0.03233161507461836115, -1.443999999999999950 ) ) ;
#1602 = CARTESIAN_POINT ( 'NONE',  ( 0.7781250000000045075, -6.858022075225123486E-18, -1.444000000000000172 ) ) ;
#1603 = CARTESIAN_POINT ( 'NONE',  ( 0.5937500000000005551, -0.02233572416000066674, 1.451638768281142466 ) ) ;
#1604 = CARTESIAN_POINT ( 'NONE',  ( 0.7770833333333350135, -0.03443492261192354631, -1.519881011839518070 ) ) ;
#1605 = ORIENTED_EDGE ( 'NONE', *, *, #172, .F. ) ;
#1606 = CARTESIAN_POINT ( 'NONE',  ( 0.7531250000000045963, -6.858022075225123486E-18, -1.444000000000000172 ) ) ;
#1607 = CARTESIAN_POINT ( 'NONE',  ( 0.5992187500000005773, 0.06622573014923550938, 1.500000000000000444 ) ) ;
#1608 = ORIENTED_EDGE ( 'NONE', *, *, #679, .F. ) ;
#1609 = CARTESIAN_POINT ( 'NONE',  ( 0.8200520833333339032, 0.03311286507461778245, 1.442646835306589548 ) ) ;
#1610 = CARTESIAN_POINT ( 'NONE',  ( 0.5968750000000019318, -0.04591323014923139739, -1.499999999999999778 ) ) ;
#1611 = CARTESIAN_POINT ( 'NONE',  ( 0.7479166666666657859, 0.04849742261192815929, -1.527999999999999581 ) ) ;
#1612 = CARTESIAN_POINT ( 'NONE',  ( 0.6541666666666686725, -0.02295661507461569176, 1.460237976320964304 ) ) ;
#1613 = CYLINDRICAL_SURFACE ( 'NONE', #4193, 0.05599999999999880074 ) ;
#1614 = CARTESIAN_POINT ( 'NONE',  ( 0.8093750000000025091, 0.04591323014923139739, 1.500000000000000444 ) ) ;
#1615 = ORIENTED_EDGE ( 'NONE', *, *, #791, .F. ) ;
#1616 = ADVANCED_FACE ( 'NONE', ( #1221 ), #733, .F. ) ;
#1617 = CARTESIAN_POINT ( 'NONE',  ( 0.7604166666666687391, 0.03443492261192356713, 1.480118988160482596 ) ) ;
#1618 = CARTESIAN_POINT ( 'NONE',  ( 0.6208333333333331261, 0.03233161507461840972, 1.444000000000001060 ) ) ;
#1619 = CIRCLE ( 'NONE', #3924, 0.07812500000000008327 ) ;
#1620 = CARTESIAN_POINT ( 'NONE',  ( 0.6677083333333353465, -0.02295661507461571257, -1.460237976320963860 ) ) ;
#1621 = CARTESIAN_POINT ( 'NONE',  ( 0.8248056942922133983, -0.03971876548456544642, 1.501854237156976080 ) ) ;
#1622 = ORIENTED_EDGE ( 'NONE', *, *, #4276, .F. ) ;
#1623 = CARTESIAN_POINT ( 'NONE',  ( 0.7809895833333367898, -0.03311286507461777551, -1.442646835306588660 ) ) ;
#1624 = AXIS2_PLACEMENT_3D ( 'NONE', #1226, #1179, #4453 ) ;
#1625 = CARTESIAN_POINT ( 'NONE',  ( 0.7867187500000002442, -0.06622573014923550938, -1.499999999999999778 ) ) ;
#1626 = CARTESIAN_POINT ( 'NONE',  ( 0.7927083333333352355, -0.02295661507461571257, -1.460237976320963860 ) ) ;
#1627 = CARTESIAN_POINT ( 'NONE',  ( 0.8410436706131602103, -0.03493653634386955503, -1.543765722069828206 ) ) ;
#1628 = CARTESIAN_POINT ( 'NONE',  ( 0.6864583333333379445, -0.04849742261192818704, -1.527999999999999581 ) ) ;
#1629 = FACE_OUTER_BOUND ( 'NONE', #1853, .T. ) ;
#1630 = CARTESIAN_POINT ( 'NONE',  ( 0.7895833333333349691, 0.03443492261192353937, -1.480118988160481708 ) ) ;
#1631 = EDGE_CURVE ( 'NONE', #3056, #494, #1832, .T. ) ;
#1632 = DIRECTION ( 'NONE',  ( 1.000000000000000000, -0.000000000000000000, -0.000000000000000000 ) ) ;
#1633 = CARTESIAN_POINT ( 'NONE',  ( 0.8135416666666689389, 0.02295661507461568829, 1.539762023679036584 ) ) ;
#1634 = ORIENTED_EDGE ( 'NONE', *, *, #308, .T. ) ;
#1635 = CARTESIAN_POINT ( 'NONE',  ( 0.7742187500000005107, 0.06622573014923550938, 1.500000000000000444 ) ) ;
#1636 = CARTESIAN_POINT ( 'NONE',  ( 0.6614583333333353687, 0.03443492261192353937, -1.480118988160481708 ) ) ;
#1637 = LINE ( 'NONE', #1706, #2889 ) ;
#1638 = CARTESIAN_POINT ( 'NONE',  ( 0.7083333333333354798, 0.02295661507461572298, 1.460237976320964304 ) ) ;
#1639 = CARTESIAN_POINT ( 'NONE',  ( 0.7343750000000023315, 0.04591323014923139739, 1.500000000000000444 ) ) ;
#1640 = FACE_OUTER_BOUND ( 'NONE', #2345, .T. ) ;
#1641 = CARTESIAN_POINT ( 'NONE',  ( 0.6375000000000021760, 0.04591323014923139739, 1.500000000000000444 ) ) ;
#1642 = EDGE_CURVE ( 'NONE', #4092, #1355, #754, .T. ) ;
#1643 = CARTESIAN_POINT ( 'NONE',  ( 0.5968750000000019318, -0.04591323014923139739, -1.499999999999999778 ) ) ;
#1644 = CARTESIAN_POINT ( 'NONE',  ( 0.8104166666666687835, 0.03443492261192356713, 1.480118988160482596 ) ) ;
#1646 = ORIENTED_EDGE ( 'NONE', *, *, #2269, .F. ) ;
#1645 = CARTESIAN_POINT ( 'NONE',  ( 0.8333333333333350357, 0.02295661507461572298, -1.539762023679035918 ) ) ;
#1647 = CARTESIAN_POINT ( 'NONE',  ( 0.6080729166666701824, -0.04966929761192663551, -1.471323417653294330 ) ) ;
#1648 = CARTESIAN_POINT ( 'NONE',  ( 0.8242187500000001110, 0.06622573014923550938, -1.499999999999999778 ) ) ;
#1649 = CARTESIAN_POINT ( 'NONE',  ( 0.7552083333333351467, 0.02295661507461572298, -1.539762023679035918 ) ) ;
#1650 = CARTESIAN_POINT ( 'NONE',  ( 0.7041666666666657193, 0.03233161507461921463, -1.444000000000001283 ) ) ;
#1651 = CARTESIAN_POINT ( 'NONE',  ( 0.6000000000000016431, -0.04591323014923139739, -1.499999999999999778 ) ) ;
#1652 = LINE ( 'NONE', #3133, #2209 ) ;
#1653 = CARTESIAN_POINT ( 'NONE',  ( 0.6281250000000047073, -6.858022075225057234E-18, 1.555999999999999162 ) ) ;
#1654 = CARTESIAN_POINT ( 'NONE',  ( 0.6072916666666711150, -0.04849742261192818704, -1.471999999999999975 ) ) ;
#1655 = CARTESIAN_POINT ( 'NONE',  ( 0.8447916666666690499, -0.03443492261192355325, 1.519881011839518292 ) ) ;
#1656 = VERTEX_POINT ( 'NONE', #1843 ) ;
#1657 = CARTESIAN_POINT ( 'NONE',  ( 0.6020833333333325266, 0.04849742261192812459, -1.471999999999999975 ) ) ;
#1658 = CARTESIAN_POINT ( 'NONE',  ( 0.6697916666666686725, -0.03443492261192355325, -1.480118988160481930 ) ) ;
#1659 = EDGE_CURVE ( 'NONE', #1772, #3016, #732, .T. ) ;
#1660 = EDGE_CURVE ( 'NONE', #2474, #1597, #4252, .T. ) ;
#1661 = CARTESIAN_POINT ( 'NONE',  ( 0.5914062500000039080, 0.000000000000000000, 1.442646835306589326 ) ) ;
#1662 = CARTESIAN_POINT ( 'NONE',  ( 0.6333333333333355242, 0.02295661507461572298, 1.460237976320964304 ) ) ;
#1663 = VERTEX_POINT ( 'NONE', #4323 ) ;
#1664 =( BOUNDED_CURVE ( )  B_SPLINE_CURVE ( 2, ( #4636, #2865, #4299, #2129, #3565, #3942, #749 ),
 .UNSPECIFIED., .F., .F. ) 
 B_SPLINE_CURVE_WITH_KNOTS ( ( 3, 2, 2, 3 ),
 ( 0.4999999999999998335, 0.5151515151515150270, 0.5303030303030302761, 0.5454545454545455252 ),
 .UNSPECIFIED. ) 
 CURVE ( )  GEOMETRIC_REPRESENTATION_ITEM ( )  RATIONAL_B_SPLINE_CURVE ( ( 1.000000000000001554, 0.8660254037844373753, 1.000000000000000000, 0.8660254037844387076, 1.000000000000000000, 0.8660254037844377084, 1.000000000000000888 ) ) 
 REPRESENTATION_ITEM ( '' )  );
#1665 = CARTESIAN_POINT ( 'NONE',  ( 0.6416666666666687169, 0.02295661507461568829, 1.539762023679036584 ) ) ;
#1666 = DIRECTION ( 'NONE',  ( 1.000000000000000000, -0.000000000000000000, -0.000000000000000000 ) ) ;
#1667 = CARTESIAN_POINT ( 'NONE',  ( 0.8312499999999999334, -6.858022075225068789E-18, 1.555999999999999384 ) ) ;
#1668 = CARTESIAN_POINT ( 'NONE',  ( 0.7833333333333355464, 0.02295661507461571951, 1.460237976320964304 ) ) ;
#1670 = ORIENTED_EDGE ( 'NONE', *, *, #4242, .F. ) ;
#1669 = CARTESIAN_POINT ( 'NONE',  ( 0.7625000000000016209, 0.04591323014923139739, -1.499999999999999778 ) ) ;
#1671 = CARTESIAN_POINT ( 'NONE',  ( 0.6184895833333369231, 0.03311286507461778245, -1.557353164693410674 ) ) ;
#1672 = CARTESIAN_POINT ( 'NONE',  ( 0.6677083333333353465, -0.02295661507461571257, -1.460237976320963860 ) ) ;
#1673 = CARTESIAN_POINT ( 'NONE',  ( 0.5937500000000016653, -4.869443502615268820E-18, -1.460237976320963860 ) ) ;
#1674 = CARTESIAN_POINT ( 'NONE',  ( 0.7135416666666711816, -0.03233161507461866646, 1.444000000000001727 ) ) ;
#1675 = CARTESIAN_POINT ( 'NONE',  ( 0.7145833333333351245, 0.03443492261192353937, -1.480118988160481708 ) ) ;
#1676 = CARTESIAN_POINT ( 'NONE',  ( 0.7572916666666713592, -0.04849742261192770826, 1.527999999999999581 ) ) ;
#1677 = CARTESIAN_POINT ( 'NONE',  ( 0.7677083333333356574, -0.02295661507461571257, 1.539762023679036584 ) ) ;
#1678 = ORIENTED_EDGE ( 'NONE', *, *, #4178, .F. ) ;
#1679 = CARTESIAN_POINT ( 'NONE',  ( 2.219626494852213988E-16, 9.567553118338708101E-18, 1.375000000000000444 ) ) ;
#1680 = CARTESIAN_POINT ( 'NONE',  ( 0.6864583333333352799, 0.03443492261192353937, -1.480118988160481708 ) ) ;
#1681 = CARTESIAN_POINT ( 'NONE',  ( 0.6562499999999992228, -6.858022075225118093E-18, -1.444000000000000172 ) ) ;
#1682 = CARTESIAN_POINT ( 'NONE',  ( 0.6395833333333355020, 0.03443492261192353937, 1.519881011839518514 ) ) ;
#1683 = CARTESIAN_POINT ( 'NONE',  ( 0.8342180693833738392, -0.02848123183423047211, 1.459786355915521527 ) ) ;
#1684 = CARTESIAN_POINT ( 'NONE',  ( 0.6958333333333330817, 0.03233161507461840972, 1.444000000000001060 ) ) ;
#1685 = CARTESIAN_POINT ( 'NONE',  ( 0.6145833333333354798, 0.03443492261192353937, 1.519881011839518514 ) ) ;
#1686 = CARTESIAN_POINT ( 'NONE',  ( 0.7281250000000046851, -6.858022075225057234E-18, 1.555999999999999162 ) ) ;
#1687 = CYLINDRICAL_SURFACE ( 'NONE', #1805, 0.05599999999999880074 ) ;
#1688 =( BOUNDED_CURVE ( )  B_SPLINE_CURVE ( 2, ( #137, #3414, #162, #3360, #872, #2987, #2966 ),
 .UNSPECIFIED., .F., .F. ) 
 B_SPLINE_CURVE_WITH_KNOTS ( ( 3, 2, 2, 3 ),
 ( 0.6818181818181818787, 0.6969696969696970168, 0.7121212121212120438, 0.7272727272727271819 ),
 .UNSPECIFIED. ) 
 CURVE ( )  GEOMETRIC_REPRESENTATION_ITEM ( )  RATIONAL_B_SPLINE_CURVE ( ( 1.000000000000000000, 0.8660254037844387076, 1.000000000000000000, 0.8660254037844387076, 1.000000000000000000, 0.8660254037844397068, 0.9999999999999990008 ) ) 
 REPRESENTATION_ITEM ( '' )  );
#1689 = CARTESIAN_POINT ( 'NONE',  ( 0.7958333333333355020, -0.02295661507461571257, 1.539762023679036584 ) ) ;
#1691 = ORIENTED_EDGE ( 'NONE', *, *, #3676, .T. ) ;
#1690 = CARTESIAN_POINT ( 'NONE',  ( 0.7375000000000017097, 0.04591323014923139739, -1.499999999999999778 ) ) ;
#1692 = CARTESIAN_POINT ( 'NONE',  ( 0.5937500000000007772, 0.05125647418938310274, -1.504618291721727452 ) ) ;
#1693 = CARTESIAN_POINT ( 'NONE',  ( 0.6322916666666685837, 0.03443492261192356713, -1.519881011839517626 ) ) ;
#1694 = CARTESIAN_POINT ( 'NONE',  ( 0.7656250000000024425, -4.869443502615268820E-18, 1.539762023679036362 ) ) ;
#1695 = CARTESIAN_POINT ( 'NONE',  ( 0.6437500000000017097, -4.869443502615268820E-18, -1.460237976320963860 ) ) ;
#1696 = CARTESIAN_POINT ( 'NONE',  ( 0.5937500000000007772, 6.858022075225043367E-18, -1.444000000000001505 ) ) ;
#1697 = CARTESIAN_POINT ( 'NONE',  ( 0.7187500000000017764, -4.869443502615268820E-18, -1.460237976320963860 ) ) ;
#1698 = CIRCLE ( 'NONE', #1247, 0.04687500000000002776 ) ;
#1699 = CARTESIAN_POINT ( 'NONE',  ( 0.8000000000000021538, -0.04591323014923139739, 1.500000000000000444 ) ) ;
#1700 = CARTESIAN_POINT ( 'NONE',  ( 0.6635416666666690277, 0.02295661507461568829, 1.539762023679036584 ) ) ;
#1701 = ADVANCED_FACE ( 'NONE', ( #2216, #1 ), #2175, .F. ) ;
#1702 = ORIENTED_EDGE ( 'NONE', *, *, #2611, .F. ) ;
#1703 = CARTESIAN_POINT ( 'NONE',  ( 0.6825520833333339477, -0.03311286507461777551, 1.557353164693411340 ) ) ;
#1704 = CARTESIAN_POINT ( 'NONE',  ( 0.7135416666666687391, 0.02295661507461568829, -1.460237976320963860 ) ) ;
#1705 = LOCAL_TIME ( 9, 17, 47.00000000000000000, #4418 ) ;
#1706 = CARTESIAN_POINT ( 'NONE',  ( 0.5937500000000007772, 6.858022075225043367E-18, -1.444000000000001505 ) ) ;
#1707 = DIRECTION ( 'NONE',  ( 0.000000000000000000, 0.000000000000000000, -1.000000000000000000 ) ) ;
#1708 = CARTESIAN_POINT ( 'NONE',  ( 0.7593750000000023537, 0.04591323014923139739, 1.500000000000000444 ) ) ;
#1709 = LINE ( 'NONE', #4492, #3511 ) ;
#1710 = CARTESIAN_POINT ( 'NONE',  ( 0.6291666666666687613, -0.02295661507461569176, 1.460237976320964304 ) ) ;
#1711 = CARTESIAN_POINT ( 'NONE',  ( 0.5937500000000007772, 0.04217939635808955201, 1.463755862887850867 ) ) ;
#1712 = CARTESIAN_POINT ( 'NONE',  ( 0.6145833333333331483, -0.04849742261192779152, 1.472000000000000863 ) ) ;
#1713 = CARTESIAN_POINT ( 'NONE',  ( 0.8083333333333354576, 0.02295661507461571951, 1.460237976320964304 ) ) ;
#1715 = ORIENTED_EDGE ( 'NONE', *, *, #244, .F. ) ;
#1714 = CARTESIAN_POINT ( 'NONE',  ( 0.7333333333333350579, 0.02295661507461572298, -1.539762023679035918 ) ) ;
#1716 = CARTESIAN_POINT ( 'NONE',  ( 0.6372395833333367454, -0.04966929761192663551, -1.528676582346705226 ) ) ;
#1717 = EDGE_CURVE ( 'NONE', #3645, #494, #369, .T. ) ;
#1718 = CARTESIAN_POINT ( 'NONE',  ( 0.7114583333333354132, 0.03443492261192353937, -1.480118988160481708 ) ) ;
#1719 = CARTESIAN_POINT ( 'NONE',  ( 0.7427083333333357462, -0.02295661507461571257, 1.539762023679036584 ) ) ;
#1720 = CARTESIAN_POINT ( 'NONE',  ( 0.6625000000000017542, 0.04591323014923139739, -1.499999999999999778 ) ) ;
#1721 = CARTESIAN_POINT ( 'NONE',  ( 0.7031250000000046629, -6.858022075225057234E-18, 1.555999999999999162 ) ) ;
#1722 = CARTESIAN_POINT ( 'NONE',  ( 0.6541666666666683394, -0.02295661507461569176, -1.539762023679035918 ) ) ;
#1723 = CARTESIAN_POINT ( 'NONE',  ( 0.8312500000000020428, 0.000000000000000000, 1.460237976320964304 ) ) ;
#1724 = CARTESIAN_POINT ( 'NONE',  ( 0.8408283820371944550, 0.003156321474966670721, -1.555999999999999162 ) ) ;
#1725 = CARTESIAN_POINT ( 'NONE',  ( 0.7260416666666689167, -0.02295661507461569176, 1.460237976320964304 ) ) ;
#1726 = ORIENTED_EDGE ( 'NONE', *, *, #519, .F. ) ;
#1727 = CARTESIAN_POINT ( 'NONE',  ( 0.7638020833333338810, -0.04966929761192663551, 1.471323417653294996 ) ) ;
#1728 = CARTESIAN_POINT ( 'NONE',  ( 0.5843750000000020872, 0.04591323014923139739, -1.499999999999999778 ) ) ;
#1729 = CARTESIAN_POINT ( 'NONE',  ( 0.6499999999999995781, 0.06466323014923702761, 1.500000000000000222 ) ) ;
#1730 = CARTESIAN_POINT ( 'NONE',  ( 0.8335814240181018686, -0.03063306498783028783, -1.537785931848523857 ) ) ;
#1731 = CARTESIAN_POINT ( 'NONE',  ( 0.7322916666666690055, 0.03443492261192356713, 1.480118988160482596 ) ) ;
#1732 = CARTESIAN_POINT ( 'NONE',  ( 0.6937499999999997558, 0.000000000000000000, 1.444000000000001283 ) ) ;
#1733 = CARTESIAN_POINT ( 'NONE',  ( 0.6208333333333354576, -0.02295661507461571257, 1.539762023679036584 ) ) ;
#1734 = AXIS2_PLACEMENT_3D ( 'NONE', #4263, #63, #712 ) ;
#1735 = CARTESIAN_POINT ( 'NONE',  ( 0.6249999999999991118, 0.06466323014923751333, -1.499999999999999778 ) ) ;
#1736 = DIRECTION ( 'NONE',  ( 0.000000000000000000, 0.000000000000000000, -1.000000000000000000 ) ) ;
#1737 = CARTESIAN_POINT ( 'NONE',  ( 0.7416666666666688057, 0.02295661507461568829, 1.539762023679036584 ) ) ;
#1739 = ORIENTED_EDGE ( 'NONE', *, *, #172, .T. ) ;
#1738 = CARTESIAN_POINT ( 'NONE',  ( 0.8291666666666683838, -0.02295661507461569176, -1.539762023679035918 ) ) ;
#1740 = CARTESIAN_POINT ( 'NONE',  ( 0.6268229166666702268, 0.03311286507461773387, -1.442646835306588660 ) ) ;
#1741 = CARTESIAN_POINT ( 'NONE',  ( 0.6843750000000018430, 0.04591323014923139739, -1.499999999999999778 ) ) ;
#1742 = CARTESIAN_POINT ( 'NONE',  ( 0.7906250000000024647, -4.869443502615268820E-18, 1.539762023679036362 ) ) ;
#1743 = CARTESIAN_POINT ( 'NONE',  ( 0.6458333333333350357, -0.02295661507461571257, -1.460237976320963860 ) ) ;
#1744 = CARTESIAN_POINT ( 'NONE',  ( 0.5937500000000007772, 6.858022075225043367E-18, 1.555999999999999162 ) ) ;
#1745 = CARTESIAN_POINT ( 'NONE',  ( 0.7479166666666683394, -0.03443492261192355325, -1.480118988160481930 ) ) ;
#1746 = CARTESIAN_POINT ( 'NONE',  ( 0.8041666666666688057, -0.02295661507461569176, 1.460237976320964304 ) ) ;
#1747 = CARTESIAN_POINT ( 'NONE',  ( 0.8052083333333377446, -0.03233161507461904116, -1.444000000000000394 ) ) ;
#1748 = CC_DESIGN_PERSON_AND_ORGANIZATION_ASSIGNMENT ( #2561, #3253, ( #2557 ) ) ;
#1749 = CARTESIAN_POINT ( 'NONE',  ( 0.7468750000000023981, -0.04591323014923139739, 1.500000000000000444 ) ) ;
#1750 = ORIENTED_EDGE ( 'NONE', *, *, #882, .F. ) ;
#1751 = CARTESIAN_POINT ( 'NONE',  ( 0.6804687500000006217, -7.023736956275672060E-18, 1.557353164693411340 ) ) ;
#1752 = CARTESIAN_POINT ( 'NONE',  ( 0.6645833333333324155, -0.04849742261192814541, -1.527999999999999581 ) ) ;
#1753 = CARTESIAN_POINT ( 'NONE',  ( 0.6552083333333356130, 0.02295661507461571951, 1.460237976320964304 ) ) ;
#1754 = CARTESIAN_POINT ( 'NONE',  ( 0.7510416666666711594, 0.03233161507461885381, 1.555999999999998717 ) ) ;
#1755 = CARTESIAN_POINT ( 'NONE',  ( 0.8018229166666706043, 0.03311286507461773387, 1.557353164693411340 ) ) ;
#1756 = FACE_OUTER_BOUND ( 'NONE', #2155, .T. ) ;
#1757 = AXIS2_PLACEMENT_3D ( 'NONE', #1074, #672, #3914 ) ;
#1758 = CARTESIAN_POINT ( 'NONE',  ( 0.7812499999999998890, -6.858022075225068789E-18, 1.555999999999999384 ) ) ;
#1759 = CARTESIAN_POINT ( 'NONE',  ( 0.7500000000000021094, -0.04591323014923139739, 1.500000000000000444 ) ) ;
#1761 = ORIENTED_EDGE ( 'NONE', *, *, #2140, .T. ) ;
#1760 = VERTEX_POINT ( 'NONE', #2848 ) ;
#1762 = ADVANCED_FACE ( 'NONE', ( #4283 ), #1127, .F. ) ;
#1763 = CARTESIAN_POINT ( 'NONE',  ( 0.7031250000000018874, 0.000000000000000000, -1.539762023679035918 ) ) ;
#1764 = CARTESIAN_POINT ( 'NONE',  ( 0.8052083333333356352, 0.02295661507461572298, 1.460237976320964304 ) ) ;
#1765 = CARTESIAN_POINT ( 'NONE',  ( 0.8197916666666686947, -0.03443492261192355325, -1.480118988160481930 ) ) ;
#1766 = CARTESIAN_POINT ( 'NONE',  ( 0.8125000000000015543, 0.04591323014923139739, -1.499999999999999778 ) ) ;
#1767 = CARTESIAN_POINT ( 'NONE',  ( 0.6666666666666684060, 0.02295661507461568829, -1.460237976320963860 ) ) ;
#1768 = CARTESIAN_POINT ( 'NONE',  ( 0.7145833333333353465, 0.03443492261192353937, 1.519881011839518514 ) ) ;
#1769 = CARTESIAN_POINT ( 'NONE',  ( 0.6666666666666661856, -0.03233161507461864564, 1.444000000000001060 ) ) ;
#1770 = VECTOR ( 'NONE', #1823, 39.37007874015748143 ) ;
#1771 = CARTESIAN_POINT ( 'NONE',  ( 0.7156250000000023981, -4.869443502615268820E-18, 1.539762023679036362 ) ) ;
#1772 = VERTEX_POINT ( 'NONE', #2504 ) ;
#1773 = CARTESIAN_POINT ( 'NONE',  ( 0.6554687500000005995, -7.023736956275672060E-18, 1.557353164693411340 ) ) ;
#1774 = CARTESIAN_POINT ( 'NONE',  ( 0.6062499999999991784, -6.858022075225118093E-18, -1.444000000000000172 ) ) ;
#1775 = EDGE_CURVE ( 'NONE', #4279, #3489, #4150, .T. ) ;
#1776 = CARTESIAN_POINT ( 'NONE',  ( 0.6739583333333356574, -0.03443492261192354631, 1.480118988160482152 ) ) ;
#1777 = CARTESIAN_POINT ( 'NONE',  ( 0.8226562500000037526, 0.06622573014923550938, 1.500000000000000444 ) ) ;
#1778 = CARTESIAN_POINT ( 'NONE',  ( 0.7260416666666713592, 0.03233161507461831952, 1.555999999999999384 ) ) ;
#1779 = VECTOR ( 'NONE', #907, 39.37007874015748143 ) ;
#1780 = DIRECTION ( 'NONE',  ( 1.000000000000000000, -0.000000000000000000, -0.000000000000000000 ) ) ;
#1781 = CARTESIAN_POINT ( 'NONE',  ( 0.6437500000000021538, -4.869443502615268820E-18, 1.539762023679036362 ) ) ;
#1782 = EDGE_LOOP ( 'NONE', ( #2063, #4320, #2993, #974 ) ) ;
#1783 =( BOUNDED_CURVE ( )  B_SPLINE_CURVE ( 2, ( #136, #1577, #208, #3683, #3713, #1650, #186 ),
 .UNSPECIFIED., .F., .F. ) 
 B_SPLINE_CURVE_WITH_KNOTS ( ( 3, 2, 2, 3 ),
 ( 0.4545454545454544193, 0.4696969696969695018, 0.4848484848484845289, 0.4999999999999996114 ),
 .UNSPECIFIED. ) 
 CURVE ( )  GEOMETRIC_REPRESENTATION_ITEM ( )  RATIONAL_B_SPLINE_CURVE ( ( 1.000000000000001554, 0.8660254037844373753, 1.000000000000000000, 0.8660254037844387076, 1.000000000000000000, 0.8660254037844421493, 0.9999999999999965583 ) ) 
 REPRESENTATION_ITEM ( '' )  );
#1784 = CARTESIAN_POINT ( 'NONE',  ( 0.5843750000000020872, 0.04591323014923139739, -1.499999999999999778 ) ) ;
#1785 = CARTESIAN_POINT ( 'NONE',  ( 0.8239583333333357906, -0.03443492261192354631, 1.480118988160482152 ) ) ;
#1786 = DIRECTION ( 'NONE',  ( 0.000000000000000000, 0.000000000000000000, -1.000000000000000000 ) ) ;
#1787 = CARTESIAN_POINT ( 'NONE',  ( 0.7625000000000016209, 0.04591323014923139739, -1.499999999999999778 ) ) ;
#1788 = CARTESIAN_POINT ( 'NONE',  ( 0.8372395833333368120, -0.04966929761192663551, -1.528676582346705226 ) ) ;
#1789 = CARTESIAN_POINT ( 'NONE',  ( 0.7958333333333355020, -0.02295661507461571257, 1.539762023679036584 ) ) ;
#1790 = CARTESIAN_POINT ( 'NONE',  ( 0.8156250000000044853, 0.000000000000000000, -1.555999999999999162 ) ) ;
#1791 = CARTESIAN_POINT ( 'NONE',  ( 0.8336052717962398884, 0.02369174904914726418, 1.544073017042668639 ) ) ;
#1792 = ORIENTED_EDGE ( 'NONE', *, *, #1979, .F. ) ;
#1793 = CARTESIAN_POINT ( 'NONE',  ( 0.6679687500000005551, 0.000000000000000000, 1.442646835306589326 ) ) ;
#1794 = CARTESIAN_POINT ( 'NONE',  ( 0.7124999999999996891, -0.06466323014923702761, 1.500000000000000222 ) ) ;
#1795 = ADVANCED_FACE ( 'NONE', ( #1462 ), #3925, .T. ) ;
#1796 = CARTESIAN_POINT ( 'NONE',  ( 0.7260416666666690277, -0.02295661507461569523, 1.460237976320964304 ) ) ;
#1797 = DIRECTION ( 'NONE',  ( 0.000000000000000000, 0.000000000000000000, -1.000000000000000000 ) ) ;
#1798 = CARTESIAN_POINT ( 'NONE',  ( 0.7726562500000037081, 0.06622573014923550938, 1.500000000000000444 ) ) ;
#1799 = LINE ( 'NONE', #804, #406 ) ;
#1800 = CC_DESIGN_PERSON_AND_ORGANIZATION_ASSIGNMENT ( #3173, #3214, ( #1476 ) ) ;
#1801 = CARTESIAN_POINT ( 'NONE',  ( 0.8093750000000045075, -0.06466323014923693047, 1.500000000000000444 ) ) ;
#1802 = CARTESIAN_POINT ( 'NONE',  ( 0.6875000000000021094, 0.04591323014923139739, 1.500000000000000444 ) ) ;
#1803 = ORIENTED_EDGE ( 'NONE', *, *, #2532, .F. ) ;
#1804 = PERSON_AND_ORGANIZATION_ROLE ( 'design_supplier' ) ;
#1805 = AXIS2_PLACEMENT_3D ( 'NONE', #936, #225, #1736 ) ;
#1806 = CARTESIAN_POINT ( 'NONE',  ( 0.8410436706131770856, 0.006292652610736905634, -1.555645327954111812 ) ) ;
#1807 = CARTESIAN_POINT ( 'NONE',  ( 0.6802083333333356352, 0.02295661507461572298, 1.460237976320964304 ) ) ;
#1808 = CARTESIAN_POINT ( 'NONE',  ( 0.7885416666666685837, 0.02295661507461568829, -1.460237976320963860 ) ) ;
#1809 = CARTESIAN_POINT ( 'NONE',  ( 0.7895833333333349691, 0.03443492261192353937, -1.480118988160481708 ) ) ;
#1810 = CARTESIAN_POINT ( 'NONE',  ( 0.6250000000000016653, -0.04591323014923139739, -1.499999999999999778 ) ) ;
#1811 =( BOUNDED_CURVE ( )  B_SPLINE_CURVE ( 2, ( #2299, #514, #824, #2324, #4019, #3684, #2662 ),
 .UNSPECIFIED., .F., .F. ) 
 B_SPLINE_CURVE_WITH_KNOTS ( ( 3, 2, 2, 3 ),
 ( 0.5909090909090910504, 0.6060606060606061884, 0.6212121212121212155, 0.6363636363636362425 ),
 .UNSPECIFIED. ) 
 CURVE ( )  GEOMETRIC_REPRESENTATION_ITEM ( )  RATIONAL_B_SPLINE_CURVE ( ( 0.9999999999999980016, 0.8660254037844407060, 1.000000000000000000, 0.8660254037844387076, 1.000000000000000000, 0.8660254037844397068, 0.9999999999999990008 ) ) 
 REPRESENTATION_ITEM ( '' )  );
#1812 = CARTESIAN_POINT ( 'NONE',  ( 0.7075520833333336368, -0.03311286507461777551, -1.442646835306588660 ) ) ;
#1813 = DIRECTION ( 'NONE',  ( 1.000000000000000000, -0.000000000000000000, -0.000000000000000000 ) ) ;
#1814 = CARTESIAN_POINT ( 'NONE',  ( 0.6156250000000024203, -4.869443502615268820E-18, 1.539762023679036362 ) ) ;
#1815 = ORIENTED_EDGE ( 'NONE', *, *, #3786, .T. ) ;
#1816 = CARTESIAN_POINT ( 'NONE',  ( 0.6221354166666672736, 0.04966929761192666326, 1.471323417653294996 ) ) ;
#1817 = EDGE_CURVE ( 'NONE', #3316, #1082, #1985, .T. ) ;
#1818 = CARTESIAN_POINT ( 'NONE',  ( 0.6885416666666690499, 0.02295661507461568829, 1.539762023679036584 ) ) ;
#1819 = DIRECTION ( 'NONE',  ( 1.000000000000000000, 0.000000000000000000, 0.000000000000000000 ) ) ;
#1820 = CARTESIAN_POINT ( 'NONE',  ( 0.8414062500000039080, 0.000000000000000000, 1.442646835306589326 ) ) ;
#1821 = CARTESIAN_POINT ( 'NONE',  ( 0.7291666666666686281, -0.02295661507461569523, 1.460237976320964304 ) ) ;
#1822 = ORIENTED_EDGE ( 'NONE', *, *, #2181, .T. ) ;
#1823 = DIRECTION ( 'NONE',  ( 1.000000000000000000, -0.000000000000000000, -0.000000000000000000 ) ) ;
#1824 = CARTESIAN_POINT ( 'NONE',  ( 0.7052083333333355464, 0.02295661507461572298, 1.460237976320964304 ) ) ;
#1825 = CARTESIAN_POINT ( 'NONE',  ( 0.6031250000000046851, -6.858022075225057234E-18, 1.555999999999999162 ) ) ;
#1826 = CARTESIAN_POINT ( 'NONE',  ( 0.6166666666666683616, 0.02295661507461568829, -1.460237976320963860 ) ) ;
#1827 = CARTESIAN_POINT ( 'NONE',  ( 0.7096354166666668517, -0.04966929761192663551, -1.471323417653294330 ) ) ;
#1828 = CARTESIAN_POINT ( 'NONE',  ( 0.8269100497880150780, -1.813805529494795056E-13, 1.458133620825162513 ) ) ;
#1829 = CARTESIAN_POINT ( 'NONE',  ( 0.6854166666666657859, -0.04849742261192814541, -1.471999999999999975 ) ) ;
#1830 = LINE ( 'NONE', #3599, #798 ) ;
#1831 = ORIENTED_EDGE ( 'NONE', *, *, #2117, .T. ) ;
#1832 =( BOUNDED_CURVE ( )  B_SPLINE_CURVE ( 2, ( #710, #2541, #435, #771, #2562, #4367, #2869 ),
 .UNSPECIFIED., .F., .F. ) 
 B_SPLINE_CURVE_WITH_KNOTS ( ( 3, 2, 2, 3 ),
 ( 0.009701389331019147355, 0.01515151515151511377, 0.03030303030303016162, 0.04545454545454521295 ),
 .UNSPECIFIED. ) 
 CURVE ( )  GEOMETRIC_REPRESENTATION_ITEM ( )  RATIONAL_B_SPLINE_CURVE ( ( 0.9382864135693984586, 0.9518082251957529216, 1.000000000000000000, 0.8660254037844388186, 1.000000000000000000, 0.8660254037844409281, 0.9999999999999978906 ) ) 
 REPRESENTATION_ITEM ( '' )  );
#1833 = ADVANCED_FACE ( 'NONE', ( #4444 ), #813, .F. ) ;
#1834 = ORIENTED_EDGE ( 'NONE', *, *, #3262, .T. ) ;
#1835 = CARTESIAN_POINT ( 'NONE',  ( 0.5937500000000007772, 0.000000000000000000, -1.555999999999999162 ) ) ;
#1836 = AXIS2_PLACEMENT_3D ( 'NONE', #1154, #2569, #2224 ) ;
#1837 = CARTESIAN_POINT ( 'NONE',  ( 0.7476562500000039080, 0.06622573014923550938, 1.500000000000000444 ) ) ;
#1838 = CARTESIAN_POINT ( 'NONE',  ( 0.6791666666666659191, 0.03233161507461860401, -1.444000000000000394 ) ) ;
#1839 = CARTESIAN_POINT ( 'NONE',  ( 0.7229166666666664298, 0.04849742261192781928, 1.472000000000000863 ) ) ;
#1840 = ORIENTED_EDGE ( 'NONE', *, *, #4118, .F. ) ;
#1841 =( NAMED_UNIT ( * ) SI_UNIT ( $, .STERADIAN. ) SOLID_ANGLE_UNIT ( ) );
#1842 = EDGE_CURVE ( 'NONE', #3645, #3291, #3411, .T. ) ;
#1843 = CARTESIAN_POINT ( 'NONE',  ( 0.7406250000000046407, 0.000000000000000000, 1.444000000000001283 ) ) ;
#1844 = CARTESIAN_POINT ( 'NONE',  ( 0.6510416666666689611, -0.02295661507461569176, 1.460237976320964304 ) ) ;
#1845 = CARTESIAN_POINT ( 'NONE',  ( 0.7687499999999990452, 0.000000000000000000, -1.555999999999999384 ) ) ;
#1846 = CARTESIAN_POINT ( 'NONE',  ( 0.6562500000000016653, 0.000000000000000000, -1.539762023679035918 ) ) ;
#1847 = CARTESIAN_POINT ( 'NONE',  ( 0.8643229166666701602, -0.03311286507461774081, -1.557353164693410674 ) ) ;
#1848 = EDGE_CURVE ( 'NONE', #4079, #762, #2784, .T. ) ;
#1849 = CARTESIAN_POINT ( 'NONE',  ( 0.6221354166666668295, 0.04966929761192666326, -1.528676582346705226 ) ) ;
#1850 = CARTESIAN_POINT ( 'NONE',  ( 0.6822916666666712926, -0.04849742261192770826, 1.527999999999999581 ) ) ;
#1851 = CARTESIAN_POINT ( 'NONE',  ( 0.6614583333333379223, -0.04849742261192770826, 1.472000000000000863 ) ) ;
#1852 = CARTESIAN_POINT ( 'NONE',  ( 0.8296904354594114572, 0.04035239121084475272, 1.479981154164372592 ) ) ;
#1853 = EDGE_LOOP ( 'NONE', ( #2560, #1345, #4259, #2888 ) ) ;
#1854 =( BOUNDED_CURVE ( )  B_SPLINE_CURVE ( 2, ( #3896, #722, #1453, #361, #2150, #13, #3916 ),
 .UNSPECIFIED., .F., .T. ) 
 B_SPLINE_CURVE_WITH_KNOTS ( ( 3, 2, 2, 3 ),
 ( 0.2727272727272725406, 0.2878787878787877341, 0.3030303030303029277, 0.3181818181818182323 ),
 .UNSPECIFIED. ) 
 CURVE ( )  GEOMETRIC_REPRESENTATION_ITEM ( )  RATIONAL_B_SPLINE_CURVE ( ( 1.000000000000001554, 0.8660254037844373753, 1.000000000000000000, 0.8660254037844387076, 1.000000000000000000, 0.8660254037844387076, 1.000000000000000000 ) ) 
 REPRESENTATION_ITEM ( '' )  );
#1855 = ORIENTED_EDGE ( 'NONE', *, *, #967, .T. ) ;
#1856 = CYLINDRICAL_SURFACE ( 'NONE', #3622, 0.07812500000000006939 ) ;
#1857 = CARTESIAN_POINT ( 'NONE',  ( 0.7927083333333352355, -0.02295661507461571257, -1.460237976320963860 ) ) ;
#1858 = CARTESIAN_POINT ( 'NONE',  ( 0.6809895833333372561, -0.03311286507461777551, 1.557353164693411340 ) ) ;
#1859 = CARTESIAN_POINT ( 'NONE',  ( 0.6343750000000045741, -0.06466323014923693047, 1.500000000000000444 ) ) ;
#1860 = CARTESIAN_POINT ( 'NONE',  ( 0.7604166666666666297, -0.04849742261192779152, 1.528000000000000247 ) ) ;
#1861 = ORIENTED_EDGE ( 'NONE', *, *, #383, .T. ) ;
#1862 = APPROVAL_DATE_TIME ( #1542, #4635 ) ;
#1863 = CARTESIAN_POINT ( 'NONE',  ( 0.8312500000000020428, 0.000000000000000000, 1.460237976320964304 ) ) ;
#1864 = VECTOR ( 'NONE', #2383, 39.37007874015748143 ) ;
#1865 = CARTESIAN_POINT ( 'NONE',  ( 0.6072916666666686725, 0.03443492261192356713, -1.519881011839517626 ) ) ;
#1866 = CARTESIAN_POINT ( 'NONE',  ( 0.6697916666666690055, -0.03443492261192355325, 1.519881011839518292 ) ) ;
#1867 = CARTESIAN_POINT ( 'NONE',  ( 0.6781250000000019762, 0.000000000000000000, -1.539762023679035918 ) ) ;
#1868 = CARTESIAN_POINT ( 'NONE',  ( 0.7312500000000016209, 0.000000000000000000, -1.539762023679035918 ) ) ;
#1869 = CARTESIAN_POINT ( 'NONE',  ( 0.6104166666666683838, 0.03443492261192356713, -1.519881011839517626 ) ) ;
#1870 = B_SPLINE_CURVE_WITH_KNOTS ( 'NONE', 3,
 ( #432, #3094, #2312, #1958, #197, #2008, #3121, #1683, #980, #175, #4537, #2031, #2382, #1337, #4176, #3373 ),
 .UNSPECIFIED., .F., .F.,
 ( 4, 2, 2, 2, 2, 2, 2, 4 ),
 ( 0.0003764786906457240649, 0.0006276982518524885099, 0.0008789178130592530634, 0.001130137374266017508, 0.001381356935472782387, 0.001632576496679546615, 0.001883796057886310844, 0.002386235180299861851 ),
 .UNSPECIFIED. ) ;
#1871 = CARTESIAN_POINT ( 'NONE',  ( 0.8281250000000045519, -6.858022075225123486E-18, -1.444000000000000172 ) ) ;
#1872 = CARTESIAN_POINT ( 'NONE',  ( 0.7200520833333333703, 0.03311286507461778245, -1.557353164693410674 ) ) ;
#1873 = CARTESIAN_POINT ( 'NONE',  ( 0.8266043949813050018, -0.005593780061163259806, 1.458439275631903564 ) ) ;
#1874 = CARTESIAN_POINT ( 'NONE',  ( 0.5937500000000006661, -0.04134032768454327933, 1.514480998180142146 ) ) ;
#1875 = CARTESIAN_POINT ( 'NONE',  ( 0.8293929566213342763, 0.03700793178043935289, 1.474833395390984014 ) ) ;
#1876 = ORIENTED_EDGE ( 'NONE', *, *, #1512, .F. ) ;
#1877 = CARTESIAN_POINT ( 'NONE',  ( 0.6197916666666711816, 0.04849742261192820092, -1.527999999999999581 ) ) ;
#1878 = ORIENTED_EDGE ( 'NONE', *, *, #3262, .F. ) ;
#1879 = CARTESIAN_POINT ( 'NONE',  ( 0.8405321213827888771, -0.04318916837224249378, -1.536523407291553900 ) ) ;
#1880 = CARTESIAN_POINT ( 'NONE',  ( 0.7968750000000018874, -0.04591323014923139739, -1.499999999999999778 ) ) ;
#1881 = CARTESIAN_POINT ( 'NONE',  ( 0.6268229166666705598, 0.03311286507461773387, 1.557353164693411340 ) ) ;
#1882 = CARTESIAN_POINT ( 'NONE',  ( 0.04687500000000009021, 9.567553118338708101E-18, -1.421875000000000222 ) ) ;
#1883 = CARTESIAN_POINT ( 'NONE',  ( 0.6312500000000020872, 0.000000000000000000, 1.460237976320964304 ) ) ;
#1884 = VERTEX_POINT ( 'NONE', #4394 ) ;
#1885 = CARTESIAN_POINT ( 'NONE',  ( 0.7437500000000021316, -4.869443502615268820E-18, 1.539762023679036362 ) ) ;
#1886 = CARTESIAN_POINT ( 'NONE',  ( 0.8406250000000046185, 0.000000000000000000, 1.444000000000001283 ) ) ;
#1887 = CARTESIAN_POINT ( 'NONE',  ( 0.6239583333333357240, -0.03443492261192354631, 1.480118988160482152 ) ) ;
#1888 = EDGE_CURVE ( 'NONE', #530, #1909, #87, .T. ) ;
#1889 = CARTESIAN_POINT ( 'NONE',  ( 0.7322916666666685614, 0.03443492261192356713, -1.519881011839517626 ) ) ;
#1890 = CARTESIAN_POINT ( 'NONE',  ( 0.7125000000000017986, 0.04591323014923139739, -1.499999999999999778 ) ) ;
#1891 = CARTESIAN_POINT ( 'NONE',  ( 0.7164062500000034639, 0.000000000000000000, -1.557353164693410896 ) ) ;
#1892 = CARTESIAN_POINT ( 'NONE',  ( 0.8200520833333335702, 0.03311286507461778245, -1.557353164693410674 ) ) ;
#1893 = CARTESIAN_POINT ( 'NONE',  ( 0.6013020833333335702, 0.04966929761192662163, -1.471323417653294330 ) ) ;
#1894 = CARTESIAN_POINT ( 'NONE',  ( 0.6802083333333379667, -0.03233161507461849299, 1.555999999999999162 ) ) ;
#1895 = CARTESIAN_POINT ( 'NONE',  ( 0.6531250000000045075, -6.858022075225123486E-18, -1.444000000000000172 ) ) ;
#1896 = CARTESIAN_POINT ( 'NONE',  ( 0.5937500000000005551, -0.02992184104509180986, 1.457512462748185245 ) ) ;
#1897 = CARTESIAN_POINT ( 'NONE',  ( 0.7937500000000017319, -4.869443502615268820E-18, -1.460237976320963860 ) ) ;
#1898 = ORIENTED_EDGE ( 'NONE', *, *, #3546, .F. ) ;
#1899 = DIRECTION ( 'NONE',  ( 0.000000000000000000, 0.000000000000000000, -1.000000000000000000 ) ) ;
#1900 = CARTESIAN_POINT ( 'NONE',  ( 0.8093750000000022871, 0.04591323014923139739, 1.500000000000000444 ) ) ;
#1901 = VERTEX_POINT ( 'NONE', #2958 ) ;
#1902 = DIRECTION ( 'NONE',  ( -1.000000000000000000, 0.000000000000000000, 0.000000000000000000 ) ) ;
#1903 = CARTESIAN_POINT ( 'NONE',  ( 0.7614583333333353465, 0.03443492261192353937, -1.480118988160481708 ) ) ;
#1904 = EDGE_CURVE ( 'NONE', #1245, #3056, #855, .T. ) ;
#1905 = CARTESIAN_POINT ( 'NONE',  ( 0.6247395833333372339, 0.04966929761192662163, 1.528676582346705892 ) ) ;
#1906 = CIRCLE ( 'NONE', #2511, 0.05870632938682311674 ) ;
#1907 = CARTESIAN_POINT ( 'NONE',  ( 0.5937500000000007772, 6.858022075225043367E-18, -1.444000000000001505 ) ) ;
#1908 = CARTESIAN_POINT ( 'NONE',  ( 0.7645833333333331705, -0.04849742261192779152, 1.472000000000000863 ) ) ;
#1909 = VERTEX_POINT ( 'NONE', #836 ) ;
#1910 = CARTESIAN_POINT ( 'NONE',  ( 0.7750000000000021316, -0.04591323014923139739, 1.500000000000000444 ) ) ;
#1911 = AXIS2_PLACEMENT_3D ( 'NONE', #1011, #2434, #608 ) ;
#1912 = CARTESIAN_POINT ( 'NONE',  ( 0.8281250000000046629, -6.858022075225057234E-18, 1.555999999999999162 ) ) ;
#1913 = CARTESIAN_POINT ( 'NONE',  ( 0.8520833333333354132, -0.03443492261192354631, 1.480118988160482152 ) ) ;
#1914 = CARTESIAN_POINT ( 'NONE',  ( 0.6072916666666686725, 0.03443492261192356713, -1.519881011839517626 ) ) ;
#1915 = CARTESIAN_POINT ( 'NONE',  ( 0.7020833333333350579, -0.03443492261192354631, -1.519881011839518070 ) ) ;
#1916 = CARTESIAN_POINT ( 'NONE',  ( 0.6914062500000034417, 0.000000000000000000, -1.557353164693410896 ) ) ;
#1917 = CARTESIAN_POINT ( 'NONE',  ( 0.8325520833333335258, -0.03311286507461777551, -1.442646835306588660 ) ) ;
#1918 = CARTESIAN_POINT ( 'NONE',  ( 0.5783854166666668739, 0.03311286507461773387, -1.442646835306588660 ) ) ;
#1919 = CARTESIAN_POINT ( 'NONE',  ( 0.7312499999999998446, -6.858022075225068789E-18, 1.555999999999999384 ) ) ;
#1920 = CARTESIAN_POINT ( 'NONE',  ( 0.8270833333333331705, 0.04849742261192777765, 1.528000000000000247 ) ) ;
#1921 = CARTESIAN_POINT ( 'NONE',  ( 0.7979166666666664964, 0.04849742261192781928, 1.472000000000000863 ) ) ;
#1922 = CARTESIAN_POINT ( 'NONE',  ( 0.8187500000000017542, -4.869443502615268820E-18, -1.460237976320963860 ) ) ;
#1923 = EDGE_LOOP ( 'NONE', ( #2533, #3515, #1231, #951 ) ) ;
#1924 =( BOUNDED_CURVE ( )  B_SPLINE_CURVE ( 2, ( #4376, #3284, #2965, #2896, #112, #3617, #67 ),
 .UNSPECIFIED., .F., .F. ) 
 B_SPLINE_CURVE_WITH_KNOTS ( ( 3, 2, 2, 3 ),
 ( 0.09090909090909092549, 0.1060606060606059942, 0.1212121212121210767, 0.1363636363636361315 ),
 .UNSPECIFIED. ) 
 CURVE ( )  GEOMETRIC_REPRESENTATION_ITEM ( )  RATIONAL_B_SPLINE_CURVE ( ( 0.9999999999999998890, 0.8660254037844389297, 1.000000000000000000, 0.8660254037844388186, 1.000000000000000000, 0.8660254037844408170, 0.9999999999999980016 ) ) 
 REPRESENTATION_ITEM ( '' )  );
#1925 = DIRECTION ( 'NONE',  ( -1.000000000000000000, 0.000000000000000000, -1.028460421144192724E-15 ) ) ;
#1926 = CARTESIAN_POINT ( 'NONE',  ( 0.8531250000000023537, 0.000000000000000000, 1.460237976320964304 ) ) ;
#1927 = EDGE_LOOP ( 'NONE', ( #4578, #2943, #3235, #1050 ) ) ;
#1928 = CARTESIAN_POINT ( 'NONE',  ( 0.8054687500000006217, -7.023736956275672060E-18, 1.557353164693411340 ) ) ;
#1929 = CARTESIAN_POINT ( 'NONE',  ( 0.8427083333333355020, -0.02295661507461571257, -1.460237976320963860 ) ) ;
#1930 = EDGE_CURVE ( 'NONE', #1490, #1935, #1619, .T. ) ;
#1931 = CARTESIAN_POINT ( 'NONE',  ( 0.6580729166666705598, -0.04966929761192663551, 1.528676582346705892 ) ) ;
#1932 = CARTESIAN_POINT ( 'NONE',  ( 0.5895833333333354576, 0.03443492261192353937, 1.519881011839518514 ) ) ;
#1933 = DIRECTION ( 'NONE',  ( 0.000000000000000000, 0.000000000000000000, -1.000000000000000000 ) ) ;
#1934 = CARTESIAN_POINT ( 'NONE',  ( 0.7687499999999998224, 0.000000000000000000, 1.444000000000001283 ) ) ;
#1935 = VERTEX_POINT ( 'NONE', #480 ) ;
#1936 = CARTESIAN_POINT ( 'NONE',  ( 0.7187500000000021094, -4.869443502615268820E-18, 1.539762023679036362 ) ) ;
#1937 = CARTESIAN_POINT ( 'NONE',  ( 0.5937500000000007772, 0.000000000000000000, 1.444000000000001505 ) ) ;
#1938 = CARTESIAN_POINT ( 'NONE',  ( 0.7343750000000019984, 0.04591323014923139739, -1.499999999999999778 ) ) ;
#1939 = CARTESIAN_POINT ( 'NONE',  ( 0.7041666666666683838, -0.02295661507461569523, -1.539762023679035918 ) ) ;
#1940 = ORIENTED_EDGE ( 'NONE', *, *, #2297, .T. ) ;
#1941 = CARTESIAN_POINT ( 'NONE',  ( 0.6705729166666701824, 0.04966929761192666326, -1.528676582346705226 ) ) ;
#1942 = CARTESIAN_POINT ( 'NONE',  ( 0.8510416666666686947, -0.02295661507461569176, -1.539762023679035918 ) ) ;
#1943 = CARTESIAN_POINT ( 'NONE',  ( 0.5937500000000007772, 0.000000000000000000, 1.500000000000000444 ) ) ;
#1944 = DIRECTION ( 'NONE',  ( 1.000000000000000000, -0.000000000000000000, -0.000000000000000000 ) ) ;
#1945 = CYLINDRICAL_SURFACE ( 'NONE', #1624, 0.05599999999999880074 ) ;
#1946 = CARTESIAN_POINT ( 'NONE',  ( 0.8354166666666683616, 0.03443492261192356713, -1.519881011839517626 ) ) ;
#1947 = ORIENTED_EDGE ( 'NONE', *, *, #2458, .T. ) ;
#1948 = AXIS2_PLACEMENT_3D ( 'NONE', #1037, #2824, #2459 ) ;
#1949 = CARTESIAN_POINT ( 'NONE',  ( 0.7552083333333379223, -0.03233161507461807666, 1.556000000000000050 ) ) ;
#1950 = CARTESIAN_POINT ( 'NONE',  ( 0.7739583333333357462, -0.03443492261192354631, 1.480118988160482152 ) ) ;
#1951 = EDGE_CURVE ( 'NONE', #4447, #4009, #908, .T. ) ;
#1952 = EDGE_LOOP ( 'NONE', ( #2009, #2922, #3524, #401 ) ) ;
#1953 = CARTESIAN_POINT ( 'NONE',  ( 0.7867187500000006883, -0.06622573014923550938, 1.500000000000000444 ) ) ;
#1954 = CARTESIAN_POINT ( 'NONE',  ( 0.8197916666666686947, -0.03443492261192355325, -1.480118988160481930 ) ) ;
#1955 = CARTESIAN_POINT ( 'NONE',  ( 0.6101562500000038414, -0.06622573014923550938, 1.500000000000000444 ) ) ;
#1956 = CARTESIAN_POINT ( 'NONE',  ( 0.6104166666666687169, 0.03443492261192356713, 1.480118988160482596 ) ) ;
#1957 = CARTESIAN_POINT ( 'NONE',  ( 0.6322916666666712482, -0.04849742261192770826, 1.527999999999999581 ) ) ;
#1958 = CARTESIAN_POINT ( 'NONE',  ( 0.8378928992162777423, -0.01258822654046042044, 1.448571308826934967 ) ) ;
#1959 = EDGE_LOOP ( 'NONE', ( #3992, #1370, #2539, #1622, #2651, #1831, #3602 ) ) ;
#1960 = CARTESIAN_POINT ( 'NONE',  ( 0.7666666666666687169, 0.02295661507461568829, 1.539762023679036584 ) ) ;
#1961 = CARTESIAN_POINT ( 'NONE',  ( 0.8370326975266697556, -0.03999051696552792523, 1.534972651209249861 ) ) ;
#1962 = CARTESIAN_POINT ( 'NONE',  ( 0.6802083333333353021, 0.02295661507461571951, -1.539762023679035918 ) ) ;
#1963 = CARTESIAN_POINT ( 'NONE',  ( 0.8437500000000001110, 7.189451837326321554E-18, -1.441293670613176703 ) ) ;
#1964 = VERTEX_POINT ( 'NONE', #4469 ) ;
#1965 = CARTESIAN_POINT ( 'NONE',  ( 0.7497395833333367898, 0.04966929761192662163, -1.471323417653294330 ) ) ;
#1966 = EDGE_CURVE ( 'NONE', #3757, #3650, #2955, .T. ) ;
#1967 = CARTESIAN_POINT ( 'NONE',  ( 0.7950520833333335480, 0.03311286507461778245, -1.557353164693410674 ) ) ;
#1968 = CARTESIAN_POINT ( 'NONE',  ( 0.8468750000000021538, -0.04591323014923139739, -1.499999999999999778 ) ) ;
#1969 = CARTESIAN_POINT ( 'NONE',  ( 0.8187499999999998668, 0.000000000000000000, 1.444000000000001283 ) ) ;
#1970 = CARTESIAN_POINT ( 'NONE',  ( 0.5937500000000006661, -0.03891705207117377580, 1.468581974853684580 ) ) ;
#1971 = CARTESIAN_POINT ( 'NONE',  ( 0.8312500000000017097, 0.000000000000000000, -1.539762023679035918 ) ) ;
#1972 = ORIENTED_EDGE ( 'NONE', *, *, #2304, .T. ) ;
#1973 = CARTESIAN_POINT ( 'NONE',  ( 0.7635416666666713370, -0.03233161507461859013, 1.444000000000001060 ) ) ;
#1974 = CARTESIAN_POINT ( 'NONE',  ( 0.6117187500000005329, -0.06622573014923550938, 1.500000000000000444 ) ) ;
#1975 = ORIENTED_EDGE ( 'NONE', *, *, #3400, .F. ) ;
#1976 = CARTESIAN_POINT ( 'NONE',  ( 0.7846354166666672514, -0.04966929761192663551, 1.528676582346705892 ) ) ;
#1977 = CARTESIAN_POINT ( 'NONE',  ( 0.6656250000000020206, -4.869443502615268820E-18, -1.460237976320963860 ) ) ;
#1978 = CARTESIAN_POINT ( 'NONE',  ( 0.5937500000000007772, 0.000000000000000000, 1.500000000000000444 ) ) ;
#1979 = EDGE_CURVE ( 'NONE', #324, #1656, #1396, .T. ) ;
#1980 = CARTESIAN_POINT ( 'NONE',  ( 0.6229166666666687835, -0.03443492261192355325, 1.519881011839518292 ) ) ;
#1981 = CARTESIAN_POINT ( 'NONE',  ( 0.8243613148436161886, -0.03221466067263657751, 1.476273381675525798 ) ) ;
#1982 = DIRECTION ( 'NONE',  ( 1.000000000000000000, -0.000000000000000000, -0.000000000000000000 ) ) ;
#1983 =( BOUNDED_CURVE ( )  B_SPLINE_CURVE ( 2, ( #275, #3404, #1712, #3125, #1366, #2773, #1390 ),
 .UNSPECIFIED., .F., .F. ) 
 B_SPLINE_CURVE_WITH_KNOTS ( ( 3, 2, 2, 3 ),
 ( 0.8181818181818183433, 0.8333333333333333703, 0.8484848484848485084, 0.8636363636363635354 ),
 .UNSPECIFIED. ) 
 CURVE ( )  GEOMETRIC_REPRESENTATION_ITEM ( )  RATIONAL_B_SPLINE_CURVE ( ( 0.9999999999999990008, 0.8660254037844398178, 1.000000000000000000, 0.8660254037844388186, 1.000000000000000000, 0.8660254037844398178, 0.9999999999999990008 ) ) 
 REPRESENTATION_ITEM ( '' )  );
#1984 = CARTESIAN_POINT ( 'NONE',  ( 0.7000000000000021760, -0.04591323014923139739, 1.500000000000000444 ) ) ;
#1985 = LINE ( 'NONE', #1937, #723 ) ;
#1986 = VECTOR ( 'NONE', #3597, 39.37007874015748854 ) ;
#1987 = CARTESIAN_POINT ( 'NONE',  ( 0.7989583333333378778, 0.04849742261192769438, 1.528000000000000025 ) ) ;
#1988 = CARTESIAN_POINT ( 'NONE',  ( 0.5937500000000007772, 0.000000000000000000, 1.500000000000000444 ) ) ;
#1990 = ORIENTED_EDGE ( 'NONE', *, *, #1435, .T. ) ;
#1989 = CARTESIAN_POINT ( 'NONE',  ( 0.7958333333333350579, -0.02295661507461571257, -1.460237976320963860 ) ) ;
#1991 = CARTESIAN_POINT ( 'NONE',  ( 0.6143229166666701602, -0.03311286507461774081, -1.557353164693410674 ) ) ;
#1992 = ADVANCED_FACE ( 'NONE', ( #2722 ), #2059, .F. ) ;
#1993 = VECTOR ( 'NONE', #1279, 39.37007874015748143 ) ;
#1994 = CARTESIAN_POINT ( 'NONE',  ( 0.7513020833333335924, 0.04966929761192662163, -1.471323417653294330 ) ) ;
#1995 = CARTESIAN_POINT ( 'NONE',  ( 0.7614583333333353465, 0.03443492261192353937, -1.480118988160481708 ) ) ;
#1996 = CARTESIAN_POINT ( 'NONE',  ( 0.6239583333333380555, 0.04849742261192769438, 1.528000000000000025 ) ) ;
#1997 = APPROVAL_PERSON_ORGANIZATION ( #2540, #1516, #3569 ) ;
#1998 = ADVANCED_FACE ( 'NONE', ( #1756 ), #4540, .F. ) ;
#1999 = FACE_OUTER_BOUND ( 'NONE', #3288, .T. ) ;
#2000 = CARTESIAN_POINT ( 'NONE',  ( 0.5937500000000007772, 0.000000000000000000, -1.555999999999999162 ) ) ;
#2001 = CARTESIAN_POINT ( 'NONE',  ( 0.7895833333333325266, -0.04849742261192814541, -1.527999999999999581 ) ) ;
#2002 = CARTESIAN_POINT ( 'NONE',  ( 0.6052083333333380111, -0.03233161507461907586, -1.444000000000001060 ) ) ;
#2003 = CARTESIAN_POINT ( 'NONE',  ( 0.7885416666666691388, 0.02295661507461568829, 1.539762023679036584 ) ) ;
#2004 = ORIENTED_EDGE ( 'NONE', *, *, #3623, .F. ) ;
#2005 = CARTESIAN_POINT ( 'NONE',  ( 0.8429687500000005995, 0.000000000000000000, 1.442646835306589326 ) ) ;
#2006 = CARTESIAN_POINT ( 'NONE',  ( 0.6531250000000019540, 0.000000000000000000, -1.539762023679035918 ) ) ;
#2007 = CARTESIAN_POINT ( 'NONE',  ( 0.6625000000000019762, 0.04591323014923139739, 1.500000000000000444 ) ) ;
#2008 = CARTESIAN_POINT ( 'NONE',  ( 0.8361128690799761731, -0.02105254927376930263, 1.453362639629784958 ) ) ;
#2009 = ORIENTED_EDGE ( 'NONE', *, *, #617, .F. ) ;
#2010 = CARTESIAN_POINT ( 'NONE',  ( 0.6625000000000019762, 0.04591323014923139739, 1.500000000000000444 ) ) ;
#2011 = CARTESIAN_POINT ( 'NONE',  ( 0.7854166666666665408, -0.04849742261192779152, 1.528000000000000247 ) ) ;
#2012 = DIRECTION ( 'NONE',  ( 1.000000000000000000, -0.000000000000000000, -0.000000000000000000 ) ) ;
#2013 =( BOUNDED_CURVE ( )  B_SPLINE_CURVE ( 2, ( #725, #447, #4634, #3290, #2864, #1778, #1413 ),
 .UNSPECIFIED., .F., .F. ) 
 B_SPLINE_CURVE_WITH_KNOTS ( ( 3, 2, 2, 3 ),
 ( 0.4545454545454544193, 0.4696969696969696684, 0.4848484848484848619, 0.5000000000000001110 ),
 .UNSPECIFIED. ) 
 CURVE ( )  GEOMETRIC_REPRESENTATION_ITEM ( )  RATIONAL_B_SPLINE_CURVE ( ( 1.000000000000001554, 0.8660254037844373753, 1.000000000000000000, 0.8660254037844387076, 1.000000000000000000, 0.8660254037844377084, 1.000000000000000888 ) ) 
 REPRESENTATION_ITEM ( '' )  );
#2014 = CYLINDRICAL_SURFACE ( 'NONE', #2648, 0.05599999999999880074 ) ;
#2016 = EDGE_LOOP ( 'NONE', ( #1878, #4171, #27, #4410 ) ) ;
#2015 = CARTESIAN_POINT ( 'NONE',  ( 0.7583333333333349691, 0.02295661507461572298, -1.539762023679035918 ) ) ;
#2017 = CARTESIAN_POINT ( 'NONE',  ( 0.5937500000000007772, 0.04988747060614843326, -1.495167898555851860 ) ) ;
#2018 = CARTESIAN_POINT ( 'NONE',  ( 0.7283854166666668961, 0.03311286507461773387, -1.442646835306588660 ) ) ;
#2019 = CARTESIAN_POINT ( 'NONE',  ( 0.6385416666666686725, 0.02295661507461568829, -1.460237976320963860 ) ) ;
#2020 = CARTESIAN_POINT ( 'NONE',  ( 0.7249999999999989786, 0.06466323014923751333, -1.499999999999999778 ) ) ;
#2021 = CARTESIAN_POINT ( 'NONE',  ( 0.5958333333333351023, -0.02295661507461571257, -1.460237976320963860 ) ) ;
#2022 = CARTESIAN_POINT ( 'NONE',  ( 0.8437500000000001110, 0.000000000000000000, -1.499999999999999778 ) ) ;
#2023 = CARTESIAN_POINT ( 'NONE',  ( 0.7562500000000016431, 0.000000000000000000, -1.539762023679035918 ) ) ;
#2024 = CARTESIAN_POINT ( 'NONE',  ( 0.6937499999999997558, 0.000000000000000000, 1.444000000000001283 ) ) ;
#2025 = CARTESIAN_POINT ( 'NONE',  ( 0.6656250000000024647, -4.869443502615268820E-18, 1.539762023679036362 ) ) ;
#2026 = ORIENTED_EDGE ( 'NONE', *, *, #1460, .T. ) ;
#2027 = CARTESIAN_POINT ( 'NONE',  ( 0.5937500000000007772, 0.000000000000000000, 1.500000000000000444 ) ) ;
#2028 = CARTESIAN_POINT ( 'NONE',  ( 0.6031250000000020206, 0.000000000000000000, -1.539762023679035918 ) ) ;
#2029 = DIRECTION ( 'NONE',  ( 1.000000000000000000, -0.000000000000000000, -0.000000000000000000 ) ) ;
#2030 = CARTESIAN_POINT ( 'NONE',  ( 0.6750000000000020428, -0.04591323014923139739, 1.500000000000000444 ) ) ;
#2031 = CARTESIAN_POINT ( 'NONE',  ( 0.8304082982452103412, -0.03879807767281001629, 1.476276413660257747 ) ) ;
#2032 = CARTESIAN_POINT ( 'NONE',  ( 0.5937500000000007772, 0.000000000000000000, 1.500000000000000444 ) ) ;
#2033 = CARTESIAN_POINT ( 'NONE',  ( 0.6062500000000020650, 0.000000000000000000, 1.460237976320964304 ) ) ;
#2034 = CARTESIAN_POINT ( 'NONE',  ( 0.5937500000000007772, 0.000000000000000000, -1.500000000000000444 ) ) ;
#2035 = CARTESIAN_POINT ( 'NONE',  ( 0.5989583333333352577, -0.03443492261192354631, -1.519881011839518070 ) ) ;
#2036 = CARTESIAN_POINT ( 'NONE',  ( 0.8248056942922131762, -0.03638303407016847679, -1.519216427746744369 ) ) ;
#2038 = ORIENTED_EDGE ( 'NONE', *, *, #2384, .T. ) ;
#2037 = CARTESIAN_POINT ( 'NONE',  ( 0.7458333333333351245, -0.02295661507461571257, -1.460237976320963860 ) ) ;
#2039 = CARTESIAN_POINT ( 'NONE',  ( 0.7156250000000045075, 0.000000000000000000, -1.555999999999999162 ) ) ;
#2040 = CARTESIAN_POINT ( 'NONE',  ( 0.6968750000000019096, -0.04591323014923139739, -1.499999999999999778 ) ) ;
#2041 = EDGE_CURVE ( 'NONE', #3962, #301, #4253, .T. ) ;
#2042 = CARTESIAN_POINT ( 'NONE',  ( 0.7208333333333349913, -0.02295661507461571257, -1.460237976320963860 ) ) ;
#2043 = CARTESIAN_POINT ( 'NONE',  ( 0.7864583333333378112, -0.04849742261192818704, -1.527999999999999581 ) ) ;
#2044 = CARTESIAN_POINT ( 'NONE',  ( 0.6770833333333350357, -0.03443492261192354631, -1.519881011839518070 ) ) ;
#2045 = B_SPLINE_CURVE_WITH_KNOTS ( 'NONE', 3,
 ( #50, #378, #3934, #2919, #2143, #1875, #1852, #2164, #3556, #356, #740, #3264, #69, #1791, #3039, #2351 ),
 .UNSPECIFIED., .F., .F.,
 ( 4, 2, 2, 2, 2, 2, 2, 4 ),
 ( 0.0008575942892956138746, 0.001316211190010687813, 0.001774828090725761752, 0.002233444991440835907, 0.002692061892155909845, 0.003150678792870983784, 0.003609295693586057723, 0.004526529495016205600 ),
 .UNSPECIFIED. ) ;
#2046 = CARTESIAN_POINT ( 'NONE',  ( 0.8125000000000021094, 0.04591323014923139739, 1.500000000000000444 ) ) ;
#2047 = CARTESIAN_POINT ( 'NONE',  ( 0.6093750000000045519, -0.06466323014923756884, -1.499999999999999778 ) ) ;
#2048 = CARTESIAN_POINT ( 'NONE',  ( 0.6718750000000023315, -0.04591323014923139739, 1.500000000000000444 ) ) ;
#2049 = ORIENTED_EDGE ( 'NONE', *, *, #2818, .T. ) ;
#2050 = CARTESIAN_POINT ( 'NONE',  ( 0.7658854166666672070, -0.03311286507461774081, 1.442646835306589548 ) ) ;
#2051 = CARTESIAN_POINT ( 'NONE',  ( 0.6635416666666686947, 0.02295661507461568829, -1.460237976320963860 ) ) ;
#2052 = ADVANCED_FACE ( 'NONE', ( #3145 ), #1389, .F. ) ;
#2053 = CARTESIAN_POINT ( 'NONE',  ( 0.5934895833333373449, 0.03311286507461778245, 1.442646835306589548 ) ) ;
#2054 = DIRECTION ( 'NONE',  ( 1.000000000000000000, -0.000000000000000000, -0.000000000000000000 ) ) ;
#2055 = EDGE_CURVE ( 'NONE', #3912, #1428, #3737, .T. ) ;
#2056 = CARTESIAN_POINT ( 'NONE',  ( 0.7697916666666690944, -0.03443492261192355325, 1.519881011839518292 ) ) ;
#2057 = ORIENTED_EDGE ( 'NONE', *, *, #2951, .F. ) ;
#2058 = CARTESIAN_POINT ( 'NONE',  ( 0.5937500000000021094, -4.869443502615268820E-18, 1.539762023679036362 ) ) ;
#2059 = CYLINDRICAL_SURFACE ( 'NONE', #2723, 0.05599999999999880074 ) ;
#2060 = DIRECTION ( 'NONE',  ( 0.000000000000000000, -8.881784197001266523E-15, -1.000000000000000000 ) ) ;
#2061 = CARTESIAN_POINT ( 'NONE',  ( 0.5958333333333349913, -0.02295661507461590339, -1.460237976320964082 ) ) ;
#2063 = ORIENTED_EDGE ( 'NONE', *, *, #1717, .F. ) ;
#2062 = CARTESIAN_POINT ( 'NONE',  ( 0.7354166666666682728, 0.03443492261192356713, -1.519881011839517626 ) ) ;
#2064 = CARTESIAN_POINT ( 'NONE',  ( 0.5937500000000031086, 0.03186400711741453617, -1.467597223668432704 ) ) ;
#2065 = AXIS2_PLACEMENT_3D ( 'NONE', #4144, #4093, #2689 ) ;
#2066 = CARTESIAN_POINT ( 'NONE',  ( 0.6177083333333353021, -0.02295661507461571257, -1.460237976320963860 ) ) ;
#2067 = CARTESIAN_POINT ( 'NONE',  ( 0.7677083333333356574, -0.02295661507461571257, 1.539762023679036584 ) ) ;
#2068 = CARTESIAN_POINT ( 'NONE',  ( 0.7020833333333350579, -0.03443492261192354631, -1.519881011839518070 ) ) ;
#2069 = CARTESIAN_POINT ( 'NONE',  ( 0.5937500000000007772, 0.000000000000000000, 1.444000000000001505 ) ) ;
#2070 = CARTESIAN_POINT ( 'NONE',  ( 0.7520833333333349913, -0.03443492261192354631, -1.519881011839518070 ) ) ;
#2071 = CARTESIAN_POINT ( 'NONE',  ( 0.8104166666666687835, 0.03443492261192356713, 1.480118988160482596 ) ) ;
#2072 = CARTESIAN_POINT ( 'NONE',  ( 0.6468750000000046407, 0.06466323014923693047, 1.500000000000000444 ) ) ;
#2073 = CARTESIAN_POINT ( 'NONE',  ( 0.6781250000000023093, 0.000000000000000000, 1.460237976320964304 ) ) ;
#2074 = VERTEX_POINT ( 'NONE', #655 ) ;
#2075 = CARTESIAN_POINT ( 'NONE',  ( 0.7075520833333339699, -0.03311286507461777551, 1.557353164693411340 ) ) ;
#2076 = CARTESIAN_POINT ( 'NONE',  ( 0.5885416666666686281, 0.02295661507461568829, -1.460237976320963860 ) ) ;
#2077 = CARTESIAN_POINT ( 'NONE',  ( 0.5937500000000007772, 0.000000000000000000, 1.444000000000001505 ) ) ;
#2078 = CARTESIAN_POINT ( 'NONE',  ( 0.6635416666666712482, -0.03233161507461866646, 1.444000000000001727 ) ) ;
#2079 = CARTESIAN_POINT ( 'NONE',  ( 0.7072916666666689833, 0.03443492261192356713, 1.480118988160482596 ) ) ;
#2080 = ORIENTED_EDGE ( 'NONE', *, *, #4028, .F. ) ;
#2081 = CARTESIAN_POINT ( 'NONE',  ( 0.6854166666666687835, 0.03443492261192356713, 1.480118988160482596 ) ) ;
#2082 = CARTESIAN_POINT ( 'NONE',  ( 0.6229166666666657859, 0.04849742261192815929, -1.527999999999999581 ) ) ;
#2083 =( BOUNDED_CURVE ( )  B_SPLINE_CURVE ( 2, ( #1565, #4344, #1214, #1519, #2977, #2908, #2624 ),
 .UNSPECIFIED., .F., .F. ) 
 B_SPLINE_CURVE_WITH_KNOTS ( ( 3, 2, 2, 3 ),
 ( 0.9545454545454543638, 0.9696969696969696129, 0.9848484848484848619, 0.9888330863232472900 ),
 .UNSPECIFIED. ) 
 CURVE ( )  GEOMETRIC_REPRESENTATION_ITEM ( )  RATIONAL_B_SPLINE_CURVE ( ( 1.000000000000001998, 0.8660254037844367092, 1.000000000000000000, 0.8660254037844387076, 1.000000000000000000, 0.9647668653383589810, 0.9480652107207107049 ) ) 
 REPRESENTATION_ITEM ( '' )  );
#2084 = CARTESIAN_POINT ( 'NONE',  ( 0.8010416666666714258, 0.03233161507461817380, 1.556000000000000050 ) ) ;
#2085 = CARTESIAN_POINT ( 'NONE',  ( 0.6708333333333353909, -0.02295661507461571257, 1.539762023679036584 ) ) ;
#2087 = ORIENTED_EDGE ( 'NONE', *, *, #2951, .T. ) ;
#2086 = CARTESIAN_POINT ( 'NONE',  ( 0.7270833333333349691, -0.03443492261192354631, -1.519881011839518070 ) ) ;
#2088 = CARTESIAN_POINT ( 'NONE',  ( 0.6437499999999991562, 0.000000000000000000, -1.555999999999999384 ) ) ;
#2089 = CC_DESIGN_PERSON_AND_ORGANIZATION_ASSIGNMENT ( #3526, #2132, ( #4074 ) ) ;
#2090 = CARTESIAN_POINT ( 'NONE',  ( 0.7260416666666686947, -0.02295661507461569176, -1.539762023679035918 ) ) ;
#2091 = CARTESIAN_POINT ( 'NONE',  ( 0.8197916666666691388, -0.03443492261192355325, 1.519881011839518292 ) ) ;
#2092 = CARTESIAN_POINT ( 'NONE',  ( 0.7000000000000016209, -0.04591323014923139739, -1.499999999999999778 ) ) ;
#2093 = CARTESIAN_POINT ( 'NONE',  ( 0.7885416666666711372, -0.03233161507461884687, -1.555999999999999162 ) ) ;
#2094 = CARTESIAN_POINT ( 'NONE',  ( 0.7395833333333349247, 0.03443492261192353937, -1.480118988160481708 ) ) ;
#2095 = CARTESIAN_POINT ( 'NONE',  ( 0.7395833333333354798, 0.03443492261192353937, 1.519881011839518514 ) ) ;
#2096 = CARTESIAN_POINT ( 'NONE',  ( 0.8072916666666711816, -0.04849742261192818704, -1.471999999999999975 ) ) ;
#2097 = CARTESIAN_POINT ( 'NONE',  ( 0.6447916666666690944, -0.03443492261192355325, 1.519881011839518292 ) ) ;
#2098 = ORIENTED_EDGE ( 'NONE', *, *, #3846, .F. ) ;
#2099 = CARTESIAN_POINT ( 'NONE',  ( 0.7096354166666672958, -0.04966929761192663551, 1.528676582346705892 ) ) ;
#2100 = FACE_OUTER_BOUND ( 'NONE', #2837, .T. ) ;
#2101 = TOROIDAL_SURFACE ( 'NONE', #680, 0.1250000000000000278, 0.07812500000000008327 ) ;
#2102 = EDGE_CURVE ( 'NONE', #2131, #1560, #576, .T. ) ;
#2103 = CARTESIAN_POINT ( 'NONE',  ( 0.8395519289272211916, -0.003229025641669434118, -1.554508258314111879 ) ) ;
#2104 = CARTESIAN_POINT ( 'NONE',  ( 0.6635416666666691388, 0.02295661507461568829, 1.539762023679036584 ) ) ;
#2105 = CARTESIAN_POINT ( 'NONE',  ( 0.7468750000000043965, 0.06466323014923756884, -1.499999999999999778 ) ) ;
#2106 = CARTESIAN_POINT ( 'NONE',  ( 0.8434895833333372339, 0.03311286507461778245, 1.442646835306589548 ) ) ;
#2107 = CARTESIAN_POINT ( 'NONE',  ( 0.7874999999999997558, -0.06466323014923702761, 1.500000000000000222 ) ) ;
#2108 = CARTESIAN_POINT ( 'NONE',  ( 0.7666666666666687169, 0.02295661507461568829, 1.539762023679036584 ) ) ;
#2110 = EDGE_LOOP ( 'NONE', ( #94, #3142, #472, #140 ) ) ;
#2109 = VERTEX_POINT ( 'NONE', #320 ) ;
#2111 = APPROVAL_STATUS ( 'not_yet_approved' ) ;
#2112 = CARTESIAN_POINT ( 'NONE',  ( 0.6760416666666685392, -0.02295661507461569176, -1.539762023679035918 ) ) ;
#2113 = CARTESIAN_POINT ( 'NONE',  ( 0.7322916666666690055, 0.03443492261192356713, 1.480118988160482596 ) ) ;
#2114 = CARTESIAN_POINT ( 'NONE',  ( 0.7187500000000017764, -4.869443502615268820E-18, -1.460237976320963860 ) ) ;
#2115 = CARTESIAN_POINT ( 'NONE',  ( 0.7479166666666683394, -0.03443492261192355325, -1.480118988160481930 ) ) ;
#2116 = CARTESIAN_POINT ( 'NONE',  ( 0.6729166666666683838, -0.03443492261192355325, -1.480118988160481930 ) ) ;
#2117 = EDGE_CURVE ( 'NONE', #3323, #2799, #3168, .T. ) ;
#2118 = CARTESIAN_POINT ( 'NONE',  ( 0.8187500000000021982, -4.869443502615268820E-18, 1.539762023679036362 ) ) ;
#2119 = CARTESIAN_POINT ( 'NONE',  ( 0.6510416666666712926, 0.03233161507461840972, 1.555999999999999162 ) ) ;
#2120 = CARTESIAN_POINT ( 'NONE',  ( 0.7093750000000024203, 0.04591323014923139739, 1.500000000000000444 ) ) ;
#2121 = ORIENTED_EDGE ( 'NONE', *, *, #4331, .T. ) ;
#2122 = CARTESIAN_POINT ( 'NONE',  ( 0.6700520833333337700, 0.03311286507461778245, 1.442646835306589548 ) ) ;
#2123 = CARTESIAN_POINT ( 'NONE',  ( 0.6166666666666656971, -0.03233161507461895789, -1.555999999999998717 ) ) ;
#2124 = CARTESIAN_POINT ( 'NONE',  ( 0.6260416666666691610, -0.02295661507461569523, 1.460237976320964304 ) ) ;
#2125 = CARTESIAN_POINT ( 'NONE',  ( 0.8437500000000005551, 0.000000000000000000, 1.500000000000000444 ) ) ;
#2126 = CARTESIAN_POINT ( 'NONE',  ( 0.7997395833333371673, 0.04966929761192662163, 1.528676582346705892 ) ) ;
#2127 = CARTESIAN_POINT ( 'NONE',  ( 0.6281250000000044853, -6.858022075225123486E-18, -1.444000000000000172 ) ) ;
#2128 = AXIS2_PLACEMENT_3D ( 'NONE', #3581, #290, #3711 ) ;
#2129 = CARTESIAN_POINT ( 'NONE',  ( 0.7218750000000045963, 0.06466323014923756884, -1.499999999999999778 ) ) ;
#2130 = CARTESIAN_POINT ( 'NONE',  ( 0.6791666666666686947, -0.02295661507461569523, 1.460237976320964304 ) ) ;
#2131 = VERTEX_POINT ( 'NONE', #1204 ) ;
#2132 = PERSON_AND_ORGANIZATION_ROLE ( 'creator' ) ;
#2133 = CARTESIAN_POINT ( 'NONE',  ( 0.5906250000000019540, -4.869443502615268820E-18, -1.460237976320963860 ) ) ;
#2134 = CARTESIAN_POINT ( 'NONE',  ( 0.7572916666666690277, 0.03443492261192356713, 1.480118988160482596 ) ) ;
#2135 = CARTESIAN_POINT ( 'NONE',  ( 0.5833333333333350357, 0.02295661507461572298, -1.539762023679035918 ) ) ;
#2136 = CARTESIAN_POINT ( 'NONE',  ( 0.8020833333333350357, -0.03443492261192354631, -1.519881011839518070 ) ) ;
#2137 = CARTESIAN_POINT ( 'NONE',  ( 0.6270833333333349913, -0.03443492261192354631, -1.519881011839518070 ) ) ;
#2138 =( BOUNDED_CURVE ( )  B_SPLINE_CURVE ( 2, ( #1437, #3522, #2481, #4256, #705, #1080, #4077 ),
 .UNSPECIFIED., .F., .F. ) 
 B_SPLINE_CURVE_WITH_KNOTS ( ( 3, 2, 2, 3 ),
 ( 0.2272727272727273207, 0.2424242424242424032, 0.2575757575757574580, 0.2727272727272725406 ),
 .UNSPECIFIED. ) 
 CURVE ( )  GEOMETRIC_REPRESENTATION_ITEM ( )  RATIONAL_B_SPLINE_CURVE ( ( 0.9999999999999996669, 0.8660254037844389297, 1.000000000000000000, 0.8660254037844387076, 1.000000000000000000, 0.8660254037844401509, 0.9999999999999985567 ) ) 
 REPRESENTATION_ITEM ( '' )  );
#2139 = CARTESIAN_POINT ( 'NONE',  ( 0.7916666666666688501, 0.02295661507461568829, 1.539762023679036584 ) ) ;
#2140 = EDGE_CURVE ( 'NONE', #4519, #3363, #1534, .T. ) ;
#2141 = CARTESIAN_POINT ( 'NONE',  ( 0.6583333333333332149, -0.03233161507461867340, 1.555999999999998940 ) ) ;
#2142 = CONICAL_SURFACE ( 'NONE', #4455, 0.05870632938682311674, 0.7853981633974500554 ) ;
#2143 = CARTESIAN_POINT ( 'NONE',  ( 0.8287073454491076241, 0.02846952515014807700, 1.466353477584127374 ) ) ;
#2144 = VERTEX_POINT ( 'NONE', #2618 ) ;
#2145 = CARTESIAN_POINT ( 'NONE',  ( 0.7367187500000006439, -0.06622573014923550938, 1.500000000000000444 ) ) ;
#2146 = DIRECTION ( 'NONE',  ( 0.000000000000000000, 0.000000000000000000, -1.000000000000000000 ) ) ;
#2147 = AXIS2_PLACEMENT_3D ( 'NONE', #1943, #3359, #2708 ) ;
#2148 = CC_DESIGN_APPROVAL ( #1516, ( #4074 ) ) ;
#2149 = CARTESIAN_POINT ( 'NONE',  ( 0.6406250000000024425, -4.869443502615268820E-18, 1.539762023679036362 ) ) ;
#2150 = CARTESIAN_POINT ( 'NONE',  ( 0.6739583333333379889, 0.04849742261192769438, 1.528000000000000025 ) ) ;
#2151 = CARTESIAN_POINT ( 'NONE',  ( 0.8476562500000038858, 0.06622573014923550938, 1.500000000000000444 ) ) ;
#2152 = CYLINDRICAL_SURFACE ( 'NONE', #2363, 0.07812500000000013878 ) ;
#2153 = CARTESIAN_POINT ( 'NONE',  ( 0.7729166666666664742, 0.04849742261192781928, 1.472000000000000863 ) ) ;
#2154 = CARTESIAN_POINT ( 'NONE',  ( 0.7645833333333353909, 0.03443492261192353937, 1.519881011839518514 ) ) ;
#2155 = EDGE_LOOP ( 'NONE', ( #2265, #4327, #3693, #1556 ) ) ;
#2156 = COORDINATED_UNIVERSAL_TIME_OFFSET ( 6, 0, .BEHIND. ) ;
#2157 = CARTESIAN_POINT ( 'NONE',  ( 0.7968750000000044409, 0.06466323014923756884, -1.499999999999999778 ) ) ;
#2158 = CARTESIAN_POINT ( 'NONE',  ( 0.6093750000000024425, 0.04591323014923139739, 1.500000000000000444 ) ) ;
#2159 = EDGE_CURVE ( 'NONE', #1884, #324, #2013, .T. ) ;
#2160 = CARTESIAN_POINT ( 'NONE',  ( 0.7447916666666686281, -0.03443492261192355325, -1.480118988160481930 ) ) ;
#2161 = CARTESIAN_POINT ( 'NONE',  ( 0.8248056942922129542, -0.03971876548456539091, -1.498145762843022810 ) ) ;
#2162 = CARTESIAN_POINT ( 'NONE',  ( 0.6083333333333349469, 0.02295661507461572298, -1.539762023679035918 ) ) ;
#2163 = CARTESIAN_POINT ( 'NONE',  ( 0.7033854166666669849, 0.03311286507461773387, -1.442646835306588660 ) ) ;
#2164 = CARTESIAN_POINT ( 'NONE',  ( 0.8303552874767127223, 0.04482696576289582624, 1.491088108109455579 ) ) ;
#2165 = ORIENTED_EDGE ( 'NONE', *, *, #3210, .F. ) ;
#2166 =( BOUNDED_CURVE ( )  B_SPLINE_CURVE ( 2, ( #1758, #1104, #3228, #2537, #2153, #407, #2171 ),
 .UNSPECIFIED., .F., .F. ) 
 B_SPLINE_CURVE_WITH_KNOTS ( ( 3, 2, 2, 3 ),
 ( 0.2272727272727270709, 0.2424242424242423199, 0.2575757575757575690, 0.2727272727272727626 ),
 .UNSPECIFIED. ) 
 CURVE ( )  GEOMETRIC_REPRESENTATION_ITEM ( )  RATIONAL_B_SPLINE_CURVE ( ( 1.000000000000001776, 0.8660254037844371533, 1.000000000000000000, 0.8660254037844388186, 1.000000000000000000, 0.8660254037844382635, 1.000000000000000444 ) ) 
 REPRESENTATION_ITEM ( '' )  );
#2167 = CARTESIAN_POINT ( 'NONE',  ( 0.6367187500000006661, -0.06622573014923550938, 1.500000000000000444 ) ) ;
#2168 = DIRECTION ( 'NONE',  ( 0.000000000000000000, 0.000000000000000000, -1.000000000000000000 ) ) ;
#2169 = CARTESIAN_POINT ( 'NONE',  ( 0.6572916666666689389, 0.03443492261192356713, 1.480118988160482596 ) ) ;
#2170 = CARTESIAN_POINT ( 'NONE',  ( 0.7434895833333372561, 0.03311286507461778245, 1.442646835306589548 ) ) ;
#2171 = CARTESIAN_POINT ( 'NONE',  ( 0.7687499999999998224, 0.000000000000000000, 1.444000000000001283 ) ) ;
#2172 = CARTESIAN_POINT ( 'NONE',  ( 0.7270833333333354132, -0.03443492261192354631, 1.480118988160482152 ) ) ;
#2173 = VERTEX_POINT ( 'NONE', #1434 ) ;
#2174 = APPLICATION_PROTOCOL_DEFINITION ( 'international standard', 'config_control_design', 1994, #3215 ) ;
#2175 = PLANE ( 'NONE',  #261 ) ;
#2176 = CARTESIAN_POINT ( 'NONE',  ( 0.6781250000000023093, 0.000000000000000000, 1.460237976320964304 ) ) ;
#2177 = CARTESIAN_POINT ( 'NONE',  ( 0.7677083333333354354, -0.02295661507461571257, -1.460237976320963860 ) ) ;
#2178 = CARTESIAN_POINT ( 'NONE',  ( 0.8187500000000017542, -4.869443502615268820E-18, -1.460237976320963860 ) ) ;
#2179 = CARTESIAN_POINT ( 'NONE',  ( 0.8497395833333367676, 0.04966929761192662163, -1.471323417653294330 ) ) ;
#2180 = EDGE_CURVE ( 'NONE', #1510, #1157, #4002, .T. ) ;
#2181 = EDGE_CURVE ( 'NONE', #2969, #2764, #4608, .T. ) ;
#2182 = CARTESIAN_POINT ( 'NONE',  ( 0.6908854166666668073, -0.03311286507461774081, -1.557353164693410674 ) ) ;
#2183 = CARTESIAN_POINT ( 'NONE',  ( 0.5937500000000007772, 0.000000000000000000, 1.500000000000000444 ) ) ;
#2184 = CARTESIAN_POINT ( 'NONE',  ( 0.5802083333333356574, 0.02295661507461572298, 1.460237976320964304 ) ) ;
#2185 = ORIENTED_EDGE ( 'NONE', *, *, #1335, .T. ) ;
#2186 = ORIENTED_EDGE ( 'NONE', *, *, #2997, .T. ) ;
#2187 = CARTESIAN_POINT ( 'NONE',  ( 0.7416666666666663632, -0.03233161507461859013, 1.444000000000001283 ) ) ;
#2188 = CARTESIAN_POINT ( 'NONE',  ( 0.6374999999999997335, -0.06466323014923702761, 1.500000000000000222 ) ) ;
#2189 = ADVANCED_FACE ( 'NONE', ( #3898 ), #4373, .T. ) ;
#2190 = CARTESIAN_POINT ( 'NONE',  ( 0.7872395833333372117, -0.04966929761192663551, 1.471323417653294996 ) ) ;
#2191 = ADVANCED_FACE ( 'NONE', ( #3665 ), #2152, .T. ) ;
#2192 = LINE ( 'NONE', #3272, #4302 ) ;
#2193 = ORIENTED_EDGE ( 'NONE', *, *, #3788, .F. ) ;
#2194 = PERSON_AND_ORGANIZATION_ROLE ( 'design_owner' ) ;
#2195 = AXIS2_PLACEMENT_3D ( 'NONE', #1288, #649, #4124 ) ;
#2196 = CARTESIAN_POINT ( 'NONE',  ( 0.6052083333333352355, 0.02295661507461572298, -1.539762023679035918 ) ) ;
#2197 = CARTESIAN_POINT ( 'NONE',  ( 0.6260416666666689389, -0.02295661507461569176, 1.460237976320964304 ) ) ;
#2198 = CARTESIAN_POINT ( 'NONE',  ( 0.7760416666666686281, -0.02295661507461569523, -1.539762023679035918 ) ) ;
#2199 = CARTESIAN_POINT ( 'NONE',  ( 0.7729166666666683616, -0.03443492261192355325, -1.480118988160481930 ) ) ;
#2200 = CARTESIAN_POINT ( 'NONE',  ( 0.6020833333333349691, -0.03443492261192354631, -1.519881011839518070 ) ) ;
#2201 = AXIS2_PLACEMENT_3D ( 'NONE', #1260, #3447, #3046 ) ;
#2202 = CARTESIAN_POINT ( 'NONE',  ( 0.6429687500000000888, 0.000000000000000000, -1.557353164693410896 ) ) ;
#2203 = CARTESIAN_POINT ( 'NONE',  ( 0.8304082982452101191, -0.03879807767281011344, -1.523723586339744029 ) ) ;
#2204 = PLANE ( 'NONE',  #2371 ) ;
#2205 = EDGE_LOOP ( 'NONE', ( #596, #1582 ) ) ;
#2206 = ORIENTED_EDGE ( 'NONE', *, *, #4088, .T. ) ;
#2207 = CARTESIAN_POINT ( 'NONE',  ( 0.7333333333333333925, -0.03233161507461874973, 1.555999999999999162 ) ) ;
#2208 = CARTESIAN_POINT ( 'NONE',  ( 0.7260416666666686947, -0.02295661507461569176, -1.539762023679035918 ) ) ;
#2209 = VECTOR ( 'NONE', #4551, 39.37007874015748143 ) ;
#2210 = CARTESIAN_POINT ( 'NONE',  ( 0.6205729166666704710, 0.04966929761192666326, 1.471323417653294996 ) ) ;
#2211 = AXIS2_PLACEMENT_3D ( 'NONE', #660, #2777, #4569 ) ;
#2212 = CARTESIAN_POINT ( 'NONE',  ( 0.7499999999999996669, 0.06466323014923702761, 1.500000000000000222 ) ) ;
#2213 = CARTESIAN_POINT ( 'NONE',  ( 0.6250000000000021094, -0.04591323014923139739, 1.500000000000000444 ) ) ;
#2214 = ORIENTED_EDGE ( 'NONE', *, *, #2140, .F. ) ;
#2215 = CARTESIAN_POINT ( 'NONE',  ( 0.7270833333333354132, -0.03443492261192354631, 1.480118988160482152 ) ) ;
#2216 = FACE_BOUND ( 'NONE', #2220, .T. ) ;
#2217 = CARTESIAN_POINT ( 'NONE',  ( 0.5947916666666690499, -0.03443492261192355325, 1.519881011839518292 ) ) ;
#2218 = CARTESIAN_POINT ( 'NONE',  ( 0.6427083333333353243, -0.02295661507461571257, -1.460237976320963860 ) ) ;
#2219 = CARTESIAN_POINT ( 'NONE',  ( 0.6916666666666683172, 0.02295661507461568829, -1.460237976320963860 ) ) ;
#2220 = EDGE_LOOP ( 'NONE', ( #1898, #348 ) ) ;
#2221 = CARTESIAN_POINT ( 'NONE',  ( 0.5833333333333350357, 0.02295661507461572298, -1.539762023679035918 ) ) ;
#2222 = CARTESIAN_POINT ( 'NONE',  ( 0.6971354166666667851, 0.04966929761192666326, -1.528676582346705226 ) ) ;
#2223 = DIRECTION ( 'NONE',  ( 1.000000000000000000, -0.000000000000000000, -0.000000000000000000 ) ) ;
#2224 = DIRECTION ( 'NONE',  ( 0.000000000000000000, 0.000000000000000000, -1.000000000000000000 ) ) ;
#2225 = CARTESIAN_POINT ( 'NONE',  ( 0.6062499999999998446, -6.858022075225068789E-18, 1.555999999999999384 ) ) ;
#2226 = VERTEX_POINT ( 'NONE', #2945 ) ;
#2227 = CARTESIAN_POINT ( 'NONE',  ( 0.7656250000000046629, 0.000000000000000000, 1.444000000000001283 ) ) ;
#2228 = ORIENTED_EDGE ( 'NONE', *, *, #2874, .F. ) ;
#2229 = CARTESIAN_POINT ( 'NONE',  ( -0.07812499999999986122, 0.000000000000000000, 1.374999999999999334 ) ) ;
#2230 = CARTESIAN_POINT ( 'NONE',  ( 0.8322916666666686503, 0.03443492261192356713, -1.519881011839517626 ) ) ;
#2231 = CARTESIAN_POINT ( 'NONE',  ( 0.6414062500000038414, 0.000000000000000000, 1.442646835306589326 ) ) ;
#2232 = EDGE_CURVE ( 'NONE', #4246, #602, #2626, .T. ) ;
#2233 = CARTESIAN_POINT ( 'NONE',  ( 0.7187499999999991118, 0.000000000000000000, -1.555999999999999384 ) ) ;
#2234 = CARTESIAN_POINT ( 'NONE',  ( 0.6083333333333353909, 0.02295661507461571951, 1.460237976320964304 ) ) ;
#2235 = ORIENTED_EDGE ( 'NONE', *, *, #1097, .T. ) ;
#2236 = CARTESIAN_POINT ( 'NONE',  ( 0.7895833333333354132, 0.03443492261192353937, 1.519881011839518514 ) ) ;
#2237 = CARTESIAN_POINT ( 'NONE',  ( 0.8385358980417912944, -0.05433658590658909521, 1.505392010400493863 ) ) ;
#2238 = CARTESIAN_POINT ( 'NONE',  ( 0.6593750000000022649, 0.04591323014923139739, 1.500000000000000444 ) ) ;
#2239 = CARTESIAN_POINT ( 'NONE',  ( 0.6531250000000019540, 0.000000000000000000, -1.539762023679035918 ) ) ;
#2240 = CARTESIAN_POINT ( 'NONE',  ( 0.6291666666666683172, -0.02295661507461569523, -1.539762023679035918 ) ) ;
#2241 = EDGE_LOOP ( 'NONE', ( #3974, #1013, #586, #4146 ) ) ;
#2242 = CARTESIAN_POINT ( 'NONE',  ( 0.6955729166666700936, 0.04966929761192666326, -1.528676582346705226 ) ) ;
#2243 = CARTESIAN_POINT ( 'NONE',  ( 0.7450520833333335036, 0.03311286507461778245, -1.557353164693410674 ) ) ;
#2244 = CARTESIAN_POINT ( 'NONE',  ( 0.6283854166666668073, 0.03311286507461773387, -1.442646835306588660 ) ) ;
#2245 = CARTESIAN_POINT ( 'NONE',  ( 0.7645833333333323933, -0.04849742261192814541, -1.527999999999999581 ) ) ;
#2246 = EDGE_CURVE ( 'NONE', #324, #3116, #1799, .T. ) ;
#2247 = CARTESIAN_POINT ( 'NONE',  ( 0.5937500000000007772, 0.000000000000000000, 1.500000000000000444 ) ) ;
#2248 = CARTESIAN_POINT ( 'NONE',  ( 0.7062499999999990452, -6.858022075225118093E-18, -1.444000000000000172 ) ) ;
#2249 = CARTESIAN_POINT ( 'NONE',  ( 0.8395833333333350135, 0.03443492261192353937, -1.480118988160481708 ) ) ;
#2250 = ORIENTED_EDGE ( 'NONE', *, *, #3072, .F. ) ;
#2251 =( BOUNDED_CURVE ( )  B_SPLINE_CURVE ( 2, ( #3164, #4605, #2817, #3263, #3140, #4332, #49 ),
 .UNSPECIFIED., .F., .F. ) 
 B_SPLINE_CURVE_WITH_KNOTS ( ( 3, 2, 2, 3 ),
 ( 0.04545454545454546275, 0.06060606060606049672, 0.07575757575757563478, 0.09090909090909067569 ),
 .UNSPECIFIED. ) 
 CURVE ( )  GEOMETRIC_REPRESENTATION_ITEM ( )  RATIONAL_B_SPLINE_CURVE ( ( 0.9999999999999995559, 0.8660254037844391517, 1.000000000000000000, 0.8660254037844387076, 1.000000000000000000, 0.8660254037844410391, 0.9999999999999976685 ) ) 
 REPRESENTATION_ITEM ( '' )  );
#2252 = DIRECTION ( 'NONE',  ( 1.000000000000000000, -0.000000000000000000, -0.000000000000000000 ) ) ;
#2253 = EDGE_LOOP ( 'NONE', ( #4312, #4072, #117, #3399 ) ) ;
#2254 = CARTESIAN_POINT ( 'NONE',  ( 0.7697916666666686503, -0.03443492261192355325, -1.480118988160481930 ) ) ;
#2255 = CARTESIAN_POINT ( 'NONE',  ( 0.6955729166666706487, 0.04966929761192666326, 1.471323417653294996 ) ) ;
#2256 = ADVANCED_FACE ( 'NONE', ( #4384 ), #2275, .F. ) ;
#2257 = LINE ( 'NONE', #1907, #2840 ) ;
#2258 = CARTESIAN_POINT ( 'NONE',  ( 0.6125000000000021538, 0.04591323014923139739, 1.500000000000000444 ) ) ;
#2259 = ORIENTED_EDGE ( 'NONE', *, *, #45, .F. ) ;
#2260 = CARTESIAN_POINT ( 'NONE',  ( 0.7958333333333355020, -0.02295661507461571257, 1.539762023679036584 ) ) ;
#2261 = CARTESIAN_POINT ( 'NONE',  ( 0.8400934484673268088, -0.04923361754694089570, 1.473079168251447246 ) ) ;
#2262 = CARTESIAN_POINT ( 'NONE',  ( 0.8541666666666687391, -0.02295661507461569176, 1.460237976320964304 ) ) ;
#2263 = CARTESIAN_POINT ( 'NONE',  ( 0.6093750000000019984, 0.04591323014923139739, -1.499999999999999778 ) ) ;
#2264 = CARTESIAN_POINT ( 'NONE',  ( 0.7145833333333351245, 0.03443492261192353937, -1.480118988160481708 ) ) ;
#2265 = ORIENTED_EDGE ( 'NONE', *, *, #4383, .T. ) ;
#2266 = CARTESIAN_POINT ( 'NONE',  ( 0.7664062500000035083, 0.000000000000000000, -1.557353164693410896 ) ) ;
#2267 = CARTESIAN_POINT ( 'NONE',  ( 0.8263020833333334370, 0.04966929761192662163, -1.471323417653294330 ) ) ;
#2268 = CARTESIAN_POINT ( 'NONE',  ( 0.5742187500000002220, 0.06622573014923550938, -1.499999999999999778 ) ) ;
#2269 = EDGE_CURVE ( 'NONE', #2867, #4357, #3547, .T. ) ;
#2270 = CARTESIAN_POINT ( 'NONE',  ( 0.8458333333333354354, -0.02295661507461571257, 1.539762023679036584 ) ) ;
#2271 = CARTESIAN_POINT ( 'NONE',  ( 0.7166666666666657859, -0.03233161507461888157, -1.555999999999998940 ) ) ;
#2272 = CARTESIAN_POINT ( 'NONE',  ( 0.8416666666666683394, 0.02295661507461568829, -1.460237976320963860 ) ) ;
#2273 = ORIENTED_EDGE ( 'NONE', *, *, #1311, .T. ) ;
#2274 = ADVANCED_FACE ( 'NONE', ( #1182 ), #2596, .F. ) ;
#2275 = CYLINDRICAL_SURFACE ( 'NONE', #3687, 0.05599999999999880074 ) ;
#2276 = CARTESIAN_POINT ( 'NONE',  ( 0.5971354166666672514, 0.04966929761192666326, 1.471323417653294996 ) ) ;
#2277 = ORIENTED_EDGE ( 'NONE', *, *, #3417, .F. ) ;
#2278 = CARTESIAN_POINT ( 'NONE',  ( 0.8370326975266659808, -0.03999051696546956219, -1.465027348790695516 ) ) ;
#2279 = CARTESIAN_POINT ( 'NONE',  ( 0.8239583333333353465, -0.03443492261192354631, -1.519881011839518070 ) ) ;
#2280 = CARTESIAN_POINT ( 'NONE',  ( 0.6976562500000038636, 0.06622573014923550938, 1.500000000000000444 ) ) ;
#2281 = AXIS2_PLACEMENT_3D ( 'NONE', #3946, #1594, #506 ) ;
#2282 =( BOUNDED_SURFACE ( )  B_SPLINE_SURFACE ( 1, 2, ( 
 ( #1553, #4403, #1200, #4042, #845, #2270, #4204, #2605, #1167, #3375, #2931, #3704, #1863, #3002, #2315, #3324, #505, #4080, #3350, #3673, #1191, #4010, #4443, #3651, #2956, #434, #4392, #4032, #2583, #2260, #835, #2287, #2236, #177, #811, #3728, #4366, #102, #479, #1910, #531, #1240, #3276, #1960, #129, #1593, #1617, #3300, #1521, #1543, #2979, #456, #1216, #1568, #1885, #2677, #1267, #3029, #4468, #4419, #2628, #790, #2215, #3631, #4054, #860, #1936, #152, #79, #2652, #888, #2771, #4205, #3050, #3097, #1984, #2339, #2385, #2361, #1008, #3473, #3451, #2081, #2431, #3754, #3123, #3850, #273, #247, #654, #3075, #3496, #983, #2010, #3144, #4493, #1293, #4179, #1340, #3800, #630, #1314, #1388, #1665, #555, #1641, #4563, #1364, #2721, #1710, #2748, #295, #604, #1733, #222, #3401, #1685, #4129, #581, #4585, #2033, #4514, #4539, #2409, #199, #3823, #2058, #3775, #2699, #4106, #912, #934, #3427 ),
 ( #4155, #958, #2519, #1101, #2499, #3959, #405, #4228, #724, #2151, #3190, #2106, #1820, #1056, #1078, #4633, #1412, #384, #2479, #343, #2456, #1777, #1433, #3167, #4274, #2844, #4295, #4251, #766, #2821, #4317, #1755, #2126, #3917, #3563, #2536, #3227, #3872, #2190, #362, #3584, #3605, #703, #3520, #3540, #1798, #4609, #3208, #15, #3897, #55, #1454, #2863, #3941, #2794, #3247, #1122, #1837, #748, #2170, #32, #319, #1035, #1474, #2885, #677, #147, #429, #475, #3981, #4341, #4388, #4361, #1588, #856, #831, #4075, #4437, #1142, #500, #1234, #2280, #2255, #2645, #452, #883, #2975, #4006, #525, #1858, #3270, #1563, #3320, #1187, #2623, #3294, #3370, #3648, #2556, #3627, #1931, #3342, #98, #3698, #124, #2996, #2600, #2309, #2231, #785, #3669, #1517, #2579, #3723, #4027, #1881, #1905, #4413, #2210, #1211, #4050, #1161, #75, #1955, #1494, #2906, #2926, #808, #1538, #2950, #551, #2053, #1661 ) ),
 .UNSPECIFIED., .F., .F., .F. ) 
 B_SPLINE_SURFACE_WITH_KNOTS ( ( 2, 2 ),
 ( 3, 2, 2, 2, 2, 2, 2, 2, 2, 2, 2, 2, 2, 2, 2, 2, 2, 2, 2, 2, 2, 2, 2, 2, 2, 2, 2, 2, 2, 2, 2, 2, 2, 2, 2, 2, 2, 2, 2, 2, 2, 2, 2, 2, 2, 2, 2, 2, 2, 2, 2, 2, 2, 2, 2, 2, 2, 2, 2, 2, 2, 2, 2, 2, 2, 2, 3 ),
 ( 0.000000000000000000, 1.000000000000000000 ),
 ( 0.000000000000000000, 0.01515151515151515194, 0.03030303030303030387, 0.04545454545454545581, 0.06060606060606060774, 0.07575757575757575968, 0.09090909090909091161, 0.1060606060606060635, 0.1212121212121212155, 0.1363636363636363535, 0.1515151515151515194, 0.1666666666666666574, 0.1818181818181818232, 0.1969696969696969613, 0.2121212121212121271, 0.2272727272727272652, 0.2424242424242424310, 0.2575757575757575690, 0.2727272727272727071, 0.2878787878787879007, 0.3030303030303030387, 0.3181818181818181768, 0.3333333333333333148, 0.3484848484848485084, 0.3636363636363636465, 0.3787878787878787845, 0.3939393939393939226, 0.4090909090909091161, 0.4242424242424242542, 0.4393939393939393923, 0.4545454545454545303, 0.4696969696969697239, 0.4848484848484848619, 0.5000000000000000000, 0.5151515151515151381, 0.5303030303030302761, 0.5454545454545454142, 0.5606060606060605522, 0.5757575757575758013, 0.5909090909090909394, 0.6060606060606060774, 0.6212121212121212155, 0.6363636363636363535, 0.6515151515151514916, 0.6666666666666666297, 0.6818181818181817677, 0.6969696969696970168, 0.7121212121212121549, 0.7272727272727272929, 0.7424242424242424310, 0.7575757575757575690, 0.7727272727272727071, 0.7878787878787878451, 0.8030303030303029832, 0.8181818181818182323, 0.8333333333333333703, 0.8484848484848485084, 0.8636363636363636465, 0.8787878787878787845, 0.8939393939393939226, 0.9090909090909090606, 0.9242424242424241987, 0.9393939393939394478, 0.9545454545454545858, 0.9696969696969697239, 0.9848484848484848619, 1.000000000000000000 ),
 .UNSPECIFIED. ) 
 GEOMETRIC_REPRESENTATION_ITEM ( )  RATIONAL_B_SPLINE_SURFACE ( (
 ( 1.000000000000000000, 0.8660254037844387076, 1.000000000000000000, 0.8660254037844387076, 1.000000000000000000, 0.8660254037844387076, 1.000000000000000000, 0.8660254037844387076, 1.000000000000000000, 0.8660254037844387076, 1.000000000000000000, 0.8660254037844387076, 1.000000000000000000, 0.8660254037844387076, 1.000000000000000000, 0.8660254037844387076, 1.000000000000000000, 0.8660254037844387076, 1.000000000000000000, 0.8660254037844387076, 1.000000000000000000, 0.8660254037844387076, 1.000000000000000000, 0.8660254037844387076, 1.000000000000000000, 0.8660254037844387076, 1.000000000000000000, 0.8660254037844387076, 1.000000000000000000, 0.8660254037844387076, 1.000000000000000000, 0.8660254037844387076, 1.000000000000000000, 0.8660254037844387076, 1.000000000000000000, 0.8660254037844387076, 1.000000000000000000, 0.8660254037844387076, 1.000000000000000000, 0.8660254037844387076, 1.000000000000000000, 0.8660254037844387076, 1.000000000000000000, 0.8660254037844387076, 1.000000000000000000, 0.8660254037844387076, 1.000000000000000000, 0.8660254037844387076, 1.000000000000000000, 0.8660254037844387076, 1.000000000000000000, 0.8660254037844387076, 1.000000000000000000, 0.8660254037844387076, 1.000000000000000000, 0.8660254037844387076, 1.000000000000000000, 0.8660254037844387076, 1.000000000000000000, 0.8660254037844387076, 1.000000000000000000, 0.8660254037844387076, 1.000000000000000000, 0.8660254037844387076, 1.000000000000000000, 0.8660254037844387076, 1.000000000000000000, 0.8660254037844387076, 1.000000000000000000, 0.8660254037844387076, 1.000000000000000000, 0.8660254037844387076, 1.000000000000000000, 0.8660254037844387076, 1.000000000000000000, 0.8660254037844387076, 1.000000000000000000, 0.8660254037844387076, 1.000000000000000000, 0.8660254037844387076, 1.000000000000000000, 0.8660254037844387076, 1.000000000000000000, 0.8660254037844387076, 1.000000000000000000, 0.8660254037844387076, 1.000000000000000000, 0.8660254037844387076, 1.000000000000000000, 0.8660254037844387076, 1.000000000000000000, 0.8660254037844387076, 1.000000000000000000, 0.8660254037844387076, 1.000000000000000000, 0.8660254037844387076, 1.000000000000000000, 0.8660254037844387076, 1.000000000000000000, 0.8660254037844387076, 1.000000000000000000, 0.8660254037844387076, 1.000000000000000000, 0.8660254037844387076, 1.000000000000000000, 0.8660254037844387076, 1.000000000000000000, 0.8660254037844387076, 1.000000000000000000, 0.8660254037844387076, 1.000000000000000000, 0.8660254037844387076, 1.000000000000000000, 0.8660254037844387076, 1.000000000000000000, 0.8660254037844387076, 1.000000000000000000, 0.8660254037844387076, 1.000000000000000000, 0.8660254037844387076, 1.000000000000000000, 0.8660254037844387076, 1.000000000000000000, 0.8660254037844387076, 1.000000000000000000, 0.8660254037844387076, 1.000000000000000000, 0.8660254037844387076, 1.000000000000000000, 0.8660254037844387076, 1.000000000000000000, 0.8660254037844387076, 1.000000000000000000),
 ( 1.000000000000000000, 0.8660254037844387076, 1.000000000000000000, 0.8660254037844387076, 1.000000000000000000, 0.8660254037844387076, 1.000000000000000000, 0.8660254037844387076, 1.000000000000000000, 0.8660254037844387076, 1.000000000000000000, 0.8660254037844387076, 1.000000000000000000, 0.8660254037844387076, 1.000000000000000000, 0.8660254037844387076, 1.000000000000000000, 0.8660254037844387076, 1.000000000000000000, 0.8660254037844387076, 1.000000000000000000, 0.8660254037844387076, 1.000000000000000000, 0.8660254037844387076, 1.000000000000000000, 0.8660254037844387076, 1.000000000000000000, 0.8660254037844387076, 1.000000000000000000, 0.8660254037844387076, 1.000000000000000000, 0.8660254037844387076, 1.000000000000000000, 0.8660254037844387076, 1.000000000000000000, 0.8660254037844387076, 1.000000000000000000, 0.8660254037844387076, 1.000000000000000000, 0.8660254037844387076, 1.000000000000000000, 0.8660254037844387076, 1.000000000000000000, 0.8660254037844387076, 1.000000000000000000, 0.8660254037844387076, 1.000000000000000000, 0.8660254037844387076, 1.000000000000000000, 0.8660254037844387076, 1.000000000000000000, 0.8660254037844387076, 1.000000000000000000, 0.8660254037844387076, 1.000000000000000000, 0.8660254037844387076, 1.000000000000000000, 0.8660254037844387076, 1.000000000000000000, 0.8660254037844387076, 1.000000000000000000, 0.8660254037844387076, 1.000000000000000000, 0.8660254037844387076, 1.000000000000000000, 0.8660254037844387076, 1.000000000000000000, 0.8660254037844387076, 1.000000000000000000, 0.8660254037844387076, 1.000000000000000000, 0.8660254037844387076, 1.000000000000000000, 0.8660254037844387076, 1.000000000000000000, 0.8660254037844387076, 1.000000000000000000, 0.8660254037844387076, 1.000000000000000000, 0.8660254037844387076, 1.000000000000000000, 0.8660254037844387076, 1.000000000000000000, 0.8660254037844387076, 1.000000000000000000, 0.8660254037844387076, 1.000000000000000000, 0.8660254037844387076, 1.000000000000000000, 0.8660254037844387076, 1.000000000000000000, 0.8660254037844387076, 1.000000000000000000, 0.8660254037844387076, 1.000000000000000000, 0.8660254037844387076, 1.000000000000000000, 0.8660254037844387076, 1.000000000000000000, 0.8660254037844387076, 1.000000000000000000, 0.8660254037844387076, 1.000000000000000000, 0.8660254037844387076, 1.000000000000000000, 0.8660254037844387076, 1.000000000000000000, 0.8660254037844387076, 1.000000000000000000, 0.8660254037844387076, 1.000000000000000000, 0.8660254037844387076, 1.000000000000000000, 0.8660254037844387076, 1.000000000000000000, 0.8660254037844387076, 1.000000000000000000, 0.8660254037844387076, 1.000000000000000000, 0.8660254037844387076, 1.000000000000000000, 0.8660254037844387076, 1.000000000000000000, 0.8660254037844387076, 1.000000000000000000, 0.8660254037844387076, 1.000000000000000000, 0.8660254037844387076, 1.000000000000000000, 0.8660254037844387076, 1.000000000000000000, 0.8660254037844387076, 1.000000000000000000) ) ) 
 REPRESENTATION_ITEM ( '' )  SURFACE ( )  );
#2283 = VECTOR ( 'NONE', #4004, 39.37007874015748143 ) ;
#2284 = LINE ( 'NONE', #1882, #1362 ) ;
#2285 = CARTESIAN_POINT ( 'NONE',  ( 0.6270833333333354354, -0.03443492261192354631, 1.480118988160482152 ) ) ;
#2286 = ORIENTED_EDGE ( 'NONE', *, *, #1311, .F. ) ;
#2287 = CARTESIAN_POINT ( 'NONE',  ( 0.7916666666666688501, 0.02295661507461568829, 1.539762023679036584 ) ) ;
#2288 = AXIS2_PLACEMENT_3D ( 'NONE', #3267, #1514, #783 ) ;
#2289 = CARTESIAN_POINT ( 'NONE',  ( 0.8390891746864095335, -0.05481363316609613040, 1.494119152555661412 ) ) ;
#2290 = CARTESIAN_POINT ( 'NONE',  ( 0.6239583333333352799, -0.03443492261192354631, -1.519881011839518070 ) ) ;
#2291 = CARTESIAN_POINT ( 'NONE',  ( 0.7083333333333349247, 0.02295661507461571951, -1.539762023679035918 ) ) ;
#2292 = ORIENTED_EDGE ( 'NONE', *, *, #2532, .T. ) ;
#2293 = CARTESIAN_POINT ( 'NONE',  ( 0.7205729166666701158, 0.04966929761192666326, -1.528676582346705226 ) ) ;
#2294 = VECTOR ( 'NONE', #445, 39.37007874015748143 ) ;
#2295 = CARTESIAN_POINT ( 'NONE',  ( 0.7763020833333335036, 0.04966929761192662163, -1.471323417653294330 ) ) ;
#2296 = CARTESIAN_POINT ( 'NONE',  ( 0.5700520833333335702, 0.03311286507461778245, -1.557353164693410674 ) ) ;
#2297 = EDGE_CURVE ( 'NONE', #536, #1760, #1906, .T. ) ;
#2298 = CARTESIAN_POINT ( 'NONE',  ( 0.7010416666666713370, 0.03233161507461793788, -1.443999999999998618 ) ) ;
#2299 = CARTESIAN_POINT ( 'NONE',  ( 0.7312499999999991784, -6.858022075225118093E-18, -1.444000000000000172 ) ) ;
#2300 = DIRECTION ( 'NONE',  ( 0.000000000000000000, 0.000000000000000000, -1.000000000000000000 ) ) ;
#2301 = CARTESIAN_POINT ( 'NONE',  ( 0.8166666666666684282, 0.02295661507461568829, -1.460237976320963860 ) ) ;
#2302 = ORIENTED_EDGE ( 'NONE', *, *, #1888, .F. ) ;
#2303 = DIRECTION ( 'NONE',  ( 1.000000000000000000, -0.000000000000000000, -0.000000000000000000 ) ) ;
#2304 = EDGE_CURVE ( 'NONE', #1025, #120, #567, .T. ) ;
#2305 = CARTESIAN_POINT ( 'NONE',  ( 0.7781250000000023981, 0.000000000000000000, 1.460237976320964304 ) ) ;
#2306 = ORIENTED_EDGE ( 'NONE', *, *, #4470, .F. ) ;
#2307 = CARTESIAN_POINT ( 'NONE',  ( 0.7281250000000045741, -6.858022075225123486E-18, -1.444000000000000172 ) ) ;
#2308 = CARTESIAN_POINT ( 'NONE',  ( 0.7552083333333351467, 0.02295661507461572298, -1.539762023679035918 ) ) ;
#2309 = CARTESIAN_POINT ( 'NONE',  ( 0.6434895833333372783, 0.03311286507461778245, 1.442646835306589548 ) ) ;
#2310 = CARTESIAN_POINT ( 'NONE',  ( 0.7020833333333353909, -0.03443492261192354631, 1.480118988160482152 ) ) ;
#2311 = DIRECTION ( 'NONE',  ( 1.000000000000000000, 0.000000000000000000, 1.028460421144192724E-15 ) ) ;
#2312 = CARTESIAN_POINT ( 'NONE',  ( 0.8390099581864655098, -0.006461590672269473291, 1.446325603872120391 ) ) ;
#2313 = EDGE_LOOP ( 'NONE', ( #165, #3588, #782, #2752 ) ) ;
#2314 =( BOUNDED_CURVE ( )  B_SPLINE_CURVE ( 2, ( #2892, #4305, #2914, #3257, #1765, #2543, #4349, #4325, #1111, #1147, #2506, #2564, #40, #1442, #3990, #2487, #3550, #1483, #756, #1808, #1130, #773, #3966, #3, #795, #2198, #2850, #735, #3927, #2177, #3611, #4285, #2525, #3529, #3949, #3177, #1421, #3218, #1086, #2831, #2160, #21, #1464, #2934, #1218, #1938, #1889, #4370, #3707, #1243, #534, #3327, #3031, #154, #2630, #2587, #4082, #3677, #1546, #3303, #3731, #2655, #4471, #3635, #437, #482, #460, #890, #1595, #1571, #179, #1962, #1867, #2317, #3378, #3004, #2980, #1620, #1194, #1270, #507, #4013, #105, #2679, #2239, #4445, #3353, #4108, #131, #2218, #3279, #815, #83, #1523, #3654, #4035, #2608, #4056, #2290, #2960, #4422, #4396, #1171, #863, #838, #2263, #1914, #3802, #1317, #3101, #2035, #1643, #4542, #632, #583 ),
 .UNSPECIFIED., .F., .F. ) 
 B_SPLINE_CURVE_WITH_KNOTS ( ( 3, 2, 2, 2, 2, 2, 2, 2, 2, 2, 2, 2, 2, 2, 2, 2, 2, 2, 2, 2, 2, 2, 2, 2, 2, 2, 2, 2, 2, 2, 2, 2, 2, 2, 2, 2, 2, 2, 2, 2, 2, 2, 2, 2, 2, 2, 2, 2, 2, 2, 2, 2, 2, 2, 2, 2, 2, 3 ),
 ( 0.1027747642284311674, 0.1060606060606060635, 0.1212121212121212155, 0.1363636363636363535, 0.1515151515151515194, 0.1666666666666666574, 0.1818181818181818232, 0.1969696969696969613, 0.2121212121212121271, 0.2272727272727272652, 0.2424242424242424310, 0.2575757575757575690, 0.2727272727272727071, 0.2878787878787879007, 0.3030303030303030387, 0.3181818181818181768, 0.3333333333333333148, 0.3484848484848485084, 0.3636363636363636465, 0.3787878787878787845, 0.3939393939393939226, 0.4090909090909091161, 0.4242424242424242542, 0.4393939393939393923, 0.4545454545454545303, 0.4696969696969697239, 0.4848484848484848619, 0.5000000000000000000, 0.5151515151515151381, 0.5303030303030302761, 0.5454545454545454142, 0.5606060606060605522, 0.5757575757575758013, 0.5909090909090908283, 0.6060606060606060774, 0.6212121212121212155, 0.6363636363636363535, 0.6515151515151514916, 0.6666666666666666297, 0.6818181818181817677, 0.6969696969696970168, 0.7121212121212121549, 0.7272727272727272929, 0.7424242424242423199, 0.7575757575757575690, 0.7727272727272727071, 0.7878787878787878451, 0.8030303030303029832, 0.8181818181818182323, 0.8333333333333333703, 0.8484848484848485084, 0.8636363636363635354, 0.8787878787878787845, 0.8939393939393939226, 0.9090909090909090606, 0.9242424242424241987, 0.9393939393939394478, 0.9433785408684794982 ),
 .UNSPECIFIED. ) 
 CURVE ( )  GEOMETRIC_REPRESENTATION_ITEM ( )  RATIONAL_B_SPLINE_CURVE ( ( 0.9544928785362669643, 0.9709455240422071309, 1.000000000000000000, 0.8660254037844387076, 1.000000000000000000, 0.8660254037844387076, 1.000000000000000000, 0.8660254037844387076, 1.000000000000000000, 0.8660254037844387076, 1.000000000000000000, 0.8660254037844387076, 1.000000000000000000, 0.8660254037844387076, 1.000000000000000000, 0.8660254037844387076, 1.000000000000000000, 0.8660254037844387076, 1.000000000000000000, 0.8660254037844387076, 1.000000000000000000, 0.8660254037844387076, 1.000000000000000000, 0.8660254037844387076, 1.000000000000000000, 0.8660254037844387076, 1.000000000000000000, 0.8660254037844387076, 1.000000000000000000, 0.8660254037844387076, 1.000000000000000000, 0.8660254037844387076, 1.000000000000000000, 0.8660254037844387076, 1.000000000000000000, 0.8660254037844387076, 1.000000000000000000, 0.8660254037844387076, 1.000000000000000000, 0.8660254037844387076, 1.000000000000000000, 0.8660254037844387076, 1.000000000000000000, 0.8660254037844387076, 1.000000000000000000, 0.8660254037844387076, 1.000000000000000000, 0.8660254037844387076, 1.000000000000000000, 0.8660254037844387076, 1.000000000000000000, 0.8660254037844387076, 1.000000000000000000, 0.8660254037844387076, 1.000000000000000000, 0.8660254037844387076, 1.000000000000000000, 0.8660254037844387076, 1.000000000000000000, 0.8660254037844387076, 1.000000000000000000, 0.8660254037844387076, 1.000000000000000000, 0.8660254037844387076, 1.000000000000000000, 0.8660254037844387076, 1.000000000000000000, 0.8660254037844387076, 1.000000000000000000, 0.8660254037844387076, 1.000000000000000000, 0.8660254037844387076, 1.000000000000000000, 0.8660254037844387076, 1.000000000000000000, 0.8660254037844387076, 1.000000000000000000, 0.8660254037844387076, 1.000000000000000000, 0.8660254037844387076, 1.000000000000000000, 0.8660254037844387076, 1.000000000000000000, 0.8660254037844387076, 1.000000000000000000, 0.8660254037844387076, 1.000000000000000000, 0.8660254037844387076, 1.000000000000000000, 0.8660254037844387076, 1.000000000000000000, 0.8660254037844387076, 1.000000000000000000, 0.8660254037844387076, 1.000000000000000000, 0.8660254037844387076, 1.000000000000000000, 0.8660254037844387076, 1.000000000000000000, 0.8660254037844387076, 1.000000000000000000, 0.8660254037844387076, 1.000000000000000000, 0.8660254037844387076, 1.000000000000000000, 0.8660254037844387076, 1.000000000000000000, 0.8660254037844387076, 1.000000000000000000, 0.8660254037844387076, 1.000000000000000000, 0.8660254037844387076, 1.000000000000000000, 0.9647668653403254080, 0.9480652107225749914 ) ) 
 REPRESENTATION_ITEM ( '' )  );
#2315 = CARTESIAN_POINT ( 'NONE',  ( 0.8270833333333355020, -0.03443492261192354631, 1.480118988160482152 ) ) ;
#2316 = CARTESIAN_POINT ( 'NONE',  ( 0.8124999999999992228, -0.06466323014923751333, -1.499999999999999778 ) ) ;
#2317 = CARTESIAN_POINT ( 'NONE',  ( 0.6760416666666687613, -0.02295661507461569523, -1.539762023679035918 ) ) ;
#2318 = CARTESIAN_POINT ( 'NONE',  ( 0.6583333333333351023, 0.02295661507461571951, -1.539762023679035918 ) ) ;
#2319 = EDGE_LOOP ( 'NONE', ( #3149, #4441, #2026, #4161 ) ) ;
#2320 = CARTESIAN_POINT ( 'NONE',  ( 0.6539062500000034639, -7.023736956275672060E-18, -1.442646835306588882 ) ) ;
#2321 = CARTESIAN_POINT ( 'NONE',  ( 0.7700520833333334147, 0.03311286507461778245, -1.557353164693410674 ) ) ;
#2322 = CARTESIAN_POINT ( 'NONE',  ( 0.8031250000000019762, 0.000000000000000000, -1.539762023679035918 ) ) ;
#2323 = CYLINDRICAL_SURFACE ( 'NONE', #1328, 0.05599999999999880074 ) ;
#2324 = CARTESIAN_POINT ( 'NONE',  ( 0.7374999999999991562, -0.06466323014923751333, -1.499999999999999778 ) ) ;
#2325 = CARTESIAN_POINT ( 'NONE',  ( 0.8410436706131761975, 0.000000000000000000, 1.444000000000001505 ) ) ;
#2326 = CARTESIAN_POINT ( 'NONE',  ( 0.7937499999999991784, 0.000000000000000000, -1.555999999999999384 ) ) ;
#2327 = ORIENTED_EDGE ( 'NONE', *, *, #3786, .F. ) ;
#2328 = ADVANCED_FACE ( 'NONE', ( #4432 ), #3418, .T. ) ;
#2329 = CYLINDRICAL_SURFACE ( 'NONE', #33, 0.05599999999999880074 ) ;
#2330 = CARTESIAN_POINT ( 'NONE',  ( 0.8427083333333357240, -0.02295661507461571257, 1.539762023679036584 ) ) ;
#2331 = ORIENTED_EDGE ( 'NONE', *, *, #4597, .F. ) ;
#2332 = CARTESIAN_POINT ( 'NONE',  ( 0.7783854166666672736, 0.03311286507461773387, 1.557353164693411340 ) ) ;
#2333 = CARTESIAN_POINT ( 'NONE',  ( 0.6343750000000019096, 0.04591323014923139739, -1.499999999999999778 ) ) ;
#2334 = CARTESIAN_POINT ( 'NONE',  ( 0.6062499999999991784, -6.858022075225118093E-18, -1.444000000000000172 ) ) ;
#2335 = EDGE_CURVE ( 'NONE', #1597, #72, #3017, .T. ) ;
#2336 = CARTESIAN_POINT ( 'NONE',  ( 0.6083333333333353909, 0.02295661507461572298, 1.460237976320964304 ) ) ;
#2337 = CARTESIAN_POINT ( 'NONE',  ( 0.7406250000000024203, -4.869443502615268820E-18, 1.539762023679036362 ) ) ;
#2338 = CARTESIAN_POINT ( 'NONE',  ( 0.5937500000000007772, 2.174793678477597644E-14, -1.555999999999999162 ) ) ;
#2339 = CARTESIAN_POINT ( 'NONE',  ( 0.6979166666666687391, -0.03443492261192355325, 1.519881011839518292 ) ) ;
#2340 = ADVANCED_FACE ( 'NONE', ( #949 ), #3744, .F. ) ;
#2341 = CARTESIAN_POINT ( 'NONE',  ( 0.8145833333333325488, -0.04849742261192814541, -1.527999999999999581 ) ) ;
#2342 = CARTESIAN_POINT ( 'NONE',  ( 0.8410436706131757534, 0.000000000000000000, -1.499999999999999778 ) ) ;
#2343 =( BOUNDED_CURVE ( )  B_SPLINE_CURVE ( 2, ( #3670, #476, #4389, #2212, #3345, #149, #174 ),
 .UNSPECIFIED., .F., .F. ) 
 B_SPLINE_CURVE_WITH_KNOTS ( ( 3, 2, 2, 3 ),
 ( 0.3181818181818180102, 0.3333333333333332038, 0.3484848484848485084, 0.3636363636363637020 ),
 .UNSPECIFIED. ) 
 CURVE ( )  GEOMETRIC_REPRESENTATION_ITEM ( )  RATIONAL_B_SPLINE_CURVE ( ( 1.000000000000001554, 0.8660254037844374864, 1.000000000000000000, 0.8660254037844388186, 1.000000000000000000, 0.8660254037844382635, 1.000000000000000444 ) ) 
 REPRESENTATION_ITEM ( '' )  );
#2344 = CARTESIAN_POINT ( 'NONE',  ( 0.7708333333333354798, -0.02295661507461571257, 1.539762023679036584 ) ) ;
#2345 = EDGE_LOOP ( 'NONE', ( #3171, #892, #3079, #58 ) ) ;
#2346 = CARTESIAN_POINT ( 'NONE',  ( 0.7184895833333369008, 0.03311286507461778245, -1.557353164693410674 ) ) ;
#2347 = CARTESIAN_POINT ( 'NONE',  ( 0.7554687500000002442, -7.023736956275672060E-18, -1.442646835306588882 ) ) ;
#2348 = CARTESIAN_POINT ( 'NONE',  ( 0.7718750000000019762, -0.04591323014923139739, -1.499999999999999778 ) ) ;
#2349 = CARTESIAN_POINT ( 'NONE',  ( 0.6156250000000045297, 0.000000000000000000, 1.444000000000001283 ) ) ;
#2350 = DIRECTION ( 'NONE',  ( 1.000000000000000000, -0.000000000000000000, -0.000000000000000000 ) ) ;
#2351 = CARTESIAN_POINT ( 'NONE',  ( 0.8348347322407193571, -6.097646424831841197E-18, 1.549791061627542543 ) ) ;
#2352 = PLANE ( 'NONE',  #1096 ) ;
#2353 = CARTESIAN_POINT ( 'NONE',  ( 0.7989583333333357684, -0.03443492261192354631, 1.480118988160482152 ) ) ;
#2354 = ORIENTED_EDGE ( 'NONE', *, *, #2523, .F. ) ;
#2355 = CARTESIAN_POINT ( 'NONE',  ( 0.5937500000000007772, 6.858022075225043367E-18, 1.555999999999999162 ) ) ;
#2356 = CARTESIAN_POINT ( 'NONE',  ( 0.6593750000000020428, 0.04591323014923139739, -1.499999999999999778 ) ) ;
#2357 = CARTESIAN_POINT ( 'NONE',  ( 0.7031250000000046629, -6.858022075225057234E-18, 1.555999999999999162 ) ) ;
#2358 = CARTESIAN_POINT ( 'NONE',  ( 0.6062500000000020650, 0.000000000000000000, 1.460237976320964304 ) ) ;
#2359 = CARTESIAN_POINT ( 'NONE',  ( 0.7677083333333356574, -0.02295661507461571257, 1.539762023679036584 ) ) ;
#2360 = CARTESIAN_POINT ( 'NONE',  ( 0.6999999999999996225, 0.06466323014923702761, 1.500000000000000222 ) ) ;
#2361 = CARTESIAN_POINT ( 'NONE',  ( 0.6937500000000020872, -4.869443502615268820E-18, 1.539762023679036362 ) ) ;
#2362 = CARTESIAN_POINT ( 'NONE',  ( 0.5937500000000007772, 0.000000000000000000, -1.500000000000000444 ) ) ;
#2363 = AXIS2_PLACEMENT_3D ( 'NONE', #1102, #4275, #4045 ) ;
#2364 = CARTESIAN_POINT ( 'NONE',  ( 0.6562499999999992228, -6.858022075225118093E-18, -1.444000000000000172 ) ) ;
#2366 = ORIENTED_EDGE ( 'NONE', *, *, #4242, .T. ) ;
#2365 = CARTESIAN_POINT ( 'NONE',  ( 0.8104166666666683394, 0.03443492261192356713, -1.519881011839517626 ) ) ;
#2367 = CARTESIAN_POINT ( 'NONE',  ( 0.5934895833333367898, 0.03311286507461778245, -1.557353164693410674 ) ) ;
#2368 = CARTESIAN_POINT ( 'NONE',  ( 0.7263020833333334592, 0.04966929761192662163, -1.471323417653294330 ) ) ;
#2369 = CARTESIAN_POINT ( 'NONE',  ( 0.7572916666666685837, 0.03443492261192356713, -1.519881011839517626 ) ) ;
#2370 = CARTESIAN_POINT ( 'NONE',  ( 0.8410436706131765305, -0.03493653634370223748, 1.456234277930039678 ) ) ;
#2371 = AXIS2_PLACEMENT_3D ( 'NONE', #2942, #779, #3577 ) ;
#2372 = CARTESIAN_POINT ( 'NONE',  ( 0.7125000000000016875, 0.04591323014923139739, -1.499999999999999778 ) ) ;
#2373 = CARTESIAN_POINT ( 'NONE',  ( 0.7583333333333349691, 0.02295661507461572298, -1.539762023679035918 ) ) ;
#2374 = DIRECTION ( 'NONE',  ( 0.000000000000000000, 0.000000000000000000, 1.000000000000000000 ) ) ;
#2375 = CARTESIAN_POINT ( 'NONE',  ( 0.8177083333333359239, -0.02295661507461571257, 1.539762023679036584 ) ) ;
#2376 = ORIENTED_EDGE ( 'NONE', *, *, #1904, .T. ) ;
#2377 = CARTESIAN_POINT ( 'NONE',  ( 0.8033854166666671848, 0.03311286507461773387, 1.557353164693411340 ) ) ;
#2378 = CARTESIAN_POINT ( 'NONE',  ( 0.7052083333333352133, 0.02295661507461572298, -1.539762023679035918 ) ) ;
#2379 = B_SPLINE_CURVE_WITH_KNOTS ( 'NONE', 3,
 ( #3715, #3386, #1874, #2637, #1554, #3741, #1970, #4043, #1896, #1603, #2988, #3334, #492, #3998 ),
 .UNSPECIFIED., .F., .F.,
 ( 4, 2, 2, 2, 2, 2, 4 ),
 ( 0.000000000000000000, 0.0007247331451200809656, 0.001449466290240161931, 0.001811832862800212118, 0.002174199435360262087, 0.002536566007920312490, 0.002898932580480362460 ),
 .UNSPECIFIED. ) ;
#2380 = DIRECTION ( 'NONE',  ( 1.000000000000000000, -0.000000000000000000, -0.000000000000000000 ) ) ;
#2381 = CARTESIAN_POINT ( 'NONE',  ( 0.7104166666666686947, 0.03443492261192356713, 1.480118988160482596 ) ) ;
#2382 = CARTESIAN_POINT ( 'NONE',  ( 0.8298207461985410704, -0.03986443825276200781, 1.479354322715983105 ) ) ;
#2383 = DIRECTION ( 'NONE',  ( -1.000000000000000000, -0.000000000000000000, -0.000000000000000000 ) ) ;
#2384 = EDGE_CURVE ( 'NONE', #3363, #4135, #4223, .T. ) ;
#2385 = CARTESIAN_POINT ( 'NONE',  ( 0.6958333333333354132, -0.02295661507461571257, 1.539762023679036584 ) ) ;
#2386 = CARTESIAN_POINT ( 'NONE',  ( 0.5937500000000007772, 0.04194219606442399495, 1.522219956662302476 ) ) ;
#2387 = DIRECTION ( 'NONE',  ( -1.000000000000000000, 0.000000000000000000, 0.000000000000000000 ) ) ;
#2388 = CARTESIAN_POINT ( 'NONE',  ( 0.8248056942922129542, -0.04021223762850972133, -1.508716203784053134 ) ) ;
#2390 = VERTEX_POINT ( 'NONE', #2024 ) ;
#2389 = CARTESIAN_POINT ( 'NONE',  ( 0.7666666666666683838, 0.02295661507461568829, -1.460237976320963860 ) ) ;
#2391 = CARTESIAN_POINT ( 'NONE',  ( 0.7052083333333379889, -0.03233161507461963097, -1.444000000000001949 ) ) ;
#2392 = DESIGN_CONTEXT ( 'detailed design', #3215, 'design' ) ;
#2393 = CARTESIAN_POINT ( 'NONE',  ( 0.7343750000000019984, 0.04591323014923139739, -1.499999999999999778 ) ) ;
#2394 = CARTESIAN_POINT ( 'NONE',  ( 0.7302083333333355686, 0.02295661507461572298, 1.460237976320964304 ) ) ;
#2395 = CARTESIAN_POINT ( 'NONE',  ( 0.7166666666666683394, 0.02295661507461568829, -1.460237976320963860 ) ) ;
#2396 = CARTESIAN_POINT ( 'NONE',  ( 0.8326302674161364381, 0.03643833116206774553, -1.468805330726099090 ) ) ;
#2397 = CARTESIAN_POINT ( 'NONE',  ( 0.7083333333333349247, 0.02295661507461572298, -1.539762023679035918 ) ) ;
#2398 = CARTESIAN_POINT ( 'NONE',  ( 0.8250000000000020650, -0.04591323014923139739, 1.500000000000000444 ) ) ;
#2399 = EDGE_CURVE ( 'NONE', #52, #4246, #3441, .T. ) ;
#2400 = FACE_OUTER_BOUND ( 'NONE', #3432, .T. ) ;
#2401 = CARTESIAN_POINT ( 'NONE',  ( 0.6927083333333358128, -0.02295661507461571257, 1.539762023679036584 ) ) ;
#2402 = ORIENTED_EDGE ( 'NONE', *, *, #1642, .T. ) ;
#2403 = CARTESIAN_POINT ( 'NONE',  ( 0.5937500000000007772, 2.174793678477597644E-14, -1.555999999999999162 ) ) ;
#2404 = CARTESIAN_POINT ( 'NONE',  ( 0.7156250000000020650, -4.869443502615268820E-18, -1.460237976320963860 ) ) ;
#2405 = VECTOR ( 'NONE', #3234, 39.37007874015748143 ) ;
#2406 = CARTESIAN_POINT ( 'NONE',  ( 0.6656250000000044631, 0.000000000000000000, -1.555999999999999162 ) ) ;
#2407 = CARTESIAN_POINT ( 'NONE',  ( 0.6812499999999991340, -6.858022075225118093E-18, -1.444000000000000172 ) ) ;
#2408 = CARTESIAN_POINT ( 'NONE',  ( 0.8135416666666689389, 0.02295661507461568829, 1.539762023679036584 ) ) ;
#2409 = CARTESIAN_POINT ( 'NONE',  ( 0.6000000000000020872, -0.04591323014923139739, 1.500000000000000444 ) ) ;
#2410 = CARTESIAN_POINT ( 'NONE',  ( 0.6968750000000047962, 0.06466323014923693047, 1.500000000000000444 ) ) ;
#2411 =( BOUNDED_CURVE ( )  B_SPLINE_CURVE ( 2, ( #1721, #969, #4503, #3763, #2419, #1674, #3063 ),
 .UNSPECIFIED., .F., .F. ) 
 B_SPLINE_CURVE_WITH_KNOTS ( ( 3, 2, 2, 3 ),
 ( 0.4090909090909091717, 0.4242424242424241987, 0.4393939393939393923, 0.4545454545454544193 ),
 .UNSPECIFIED. ) 
 CURVE ( )  GEOMETRIC_REPRESENTATION_ITEM ( )  RATIONAL_B_SPLINE_CURVE ( ( 0.9999999999999990008, 0.8660254037844397068, 1.000000000000000000, 0.8660254037844387076, 1.000000000000000000, 0.8660254037844401509, 0.9999999999999985567 ) ) 
 REPRESENTATION_ITEM ( '' )  );
#2412 = CARTESIAN_POINT ( 'NONE',  ( 0.7531250000000045963, -6.858022075225123486E-18, -1.444000000000000172 ) ) ;
#2413 = DIRECTION ( 'NONE',  ( 0.7071067811865462405, 8.659560562354947649E-17, 0.7071067811865486830 ) ) ;
#2415 = VERTEX_POINT ( 'NONE', #3086 ) ;
#2414 = CARTESIAN_POINT ( 'NONE',  ( 0.7750000000000017986, -0.04591323014923139739, -1.499999999999999778 ) ) ;
#2416 = CARTESIAN_POINT ( 'NONE',  ( 0.7302083333333353465, 0.02295661507461572298, -1.539762023679035918 ) ) ;
#2417 = CARTESIAN_POINT ( 'NONE',  ( 0.7885416666666691388, 0.02295661507461568829, 1.539762023679036584 ) ) ;
#2418 = CARTESIAN_POINT ( 'NONE',  ( 0.6770833333333350357, -0.03443492261192354631, -1.519881011839518070 ) ) ;
#2419 = CARTESIAN_POINT ( 'NONE',  ( 0.7114583333333379667, -0.04849742261192770826, 1.472000000000000863 ) ) ;
#2420 = CARTESIAN_POINT ( 'NONE',  ( 0.6520833333333350135, -0.03443492261192354631, -1.519881011839518070 ) ) ;
#2421 = CARTESIAN_POINT ( 'NONE',  ( 0.7333333333333352799, 0.02295661507461572298, 1.460237976320964304 ) ) ;
#2422 = CARTESIAN_POINT ( 'NONE',  ( 0.8437500000000002220, 9.567553118338771272E-18, -1.421874999999999334 ) ) ;
#2423 = CARTESIAN_POINT ( 'NONE',  ( 0.7302083333333355686, 0.02295661507461572298, 1.460237976320964304 ) ) ;
#2424 = ORIENTED_EDGE ( 'NONE', *, *, #4125, .T. ) ;
#2425 = CARTESIAN_POINT ( 'NONE',  ( 0.7200520833333339255, 0.03311286507461778245, 1.442646835306589548 ) ) ;
#2426 = CARTESIAN_POINT ( 'NONE',  ( 0.6135416666666686503, 0.02295661507461568829, -1.460237976320963860 ) ) ;
#2427 = CARTESIAN_POINT ( 'NONE',  ( 0.6541666666666658969, 0.03233161507461873585, -1.444000000000000172 ) ) ;
#2428 = DIRECTION ( 'NONE',  ( -0.000000000000000000, -1.000000000000000000, -0.000000000000000000 ) ) ;
#2429 = CARTESIAN_POINT ( 'NONE',  ( 0.7156250000000023981, -4.869443502615268820E-18, 1.539762023679036362 ) ) ;
#2430 = DIRECTION ( 'NONE',  ( 1.000000000000000000, 0.000000000000000000, 1.028460421144192724E-15 ) ) ;
#2431 = CARTESIAN_POINT ( 'NONE',  ( 0.6833333333333354576, 0.02295661507461572298, 1.460237976320964304 ) ) ;
#2432 = CARTESIAN_POINT ( 'NONE',  ( 0.6208333333333324600, 0.03233161507461856932, -1.555999999999999828 ) ) ;
#2433 = DIRECTION ( 'NONE',  ( 1.000000000000000000, -0.000000000000000000, -0.000000000000000000 ) ) ;
#2434 = DIRECTION ( 'NONE',  ( 1.000000000000000000, -0.000000000000000000, -0.000000000000000000 ) ) ;
#2436 = ORIENTED_EDGE ( 'NONE', *, *, #1659, .T. ) ;
#2435 = CARTESIAN_POINT ( 'NONE',  ( 0.7875000000000016431, 0.04591323014923139739, -1.499999999999999778 ) ) ;
#2437 = CARTESIAN_POINT ( 'NONE',  ( 0.6309895833333368786, -0.03311286507461777551, -1.442646835306588660 ) ) ;
#2438 = CONICAL_SURFACE ( 'NONE', #2646, 0.05870632938682311674, 0.7853981633974500554 ) ;
#2439 = CARTESIAN_POINT ( 'NONE',  ( 0.7135416666666687391, 0.02295661507461568829, -1.460237976320963860 ) ) ;
#2440 = CARTESIAN_POINT ( 'NONE',  ( 0.7822916666666690499, 0.03443492261192356713, 1.480118988160482596 ) ) ;
#2441 = CARTESIAN_POINT ( 'NONE',  ( 0.7041666666666683838, -0.02295661507461569176, -1.539762023679035918 ) ) ;
#2442 = CARTESIAN_POINT ( 'NONE',  ( 0.8293929566213334992, 0.03700793178043927656, -1.525166604609016208 ) ) ;
#2443 = CARTESIAN_POINT ( 'NONE',  ( 0.7375000000000017097, 0.04591323014923139739, -1.499999999999999778 ) ) ;
#2444 = AXIS2_PLACEMENT_3D ( 'NONE', #1116, #1487, #1134 ) ;
#2445 = EDGE_CURVE ( 'NONE', #1663, #2144, #486, .T. ) ;
#2446 = CARTESIAN_POINT ( 'NONE',  ( 0.7770833333333354576, -0.03443492261192354631, 1.480118988160482152 ) ) ;
#2447 = ORGANIZATION ( 'UNSPECIFIED', 'UNSPECIFIED', '' ) ;
#2448 = CARTESIAN_POINT ( 'NONE',  ( 0.8135416666666713814, -0.03233161507461881218, -1.555999999999999384 ) ) ;
#2449 = CARTESIAN_POINT ( 'NONE',  ( 0.7239583333333357018, -0.03443492261192354631, 1.480118988160482152 ) ) ;
#2450 = ORIENTED_EDGE ( 'NONE', *, *, #1460, .F. ) ;
#2451 = CARTESIAN_POINT ( 'NONE',  ( 0.6867187500000005995, -0.06622573014923550938, 1.500000000000000444 ) ) ;
#2452 = CARTESIAN_POINT ( 'NONE',  ( 0.8312499999999990452, -6.858022075225118093E-18, -1.444000000000000172 ) ) ;
#2453 = CARTESIAN_POINT ( 'NONE',  ( 0.6302083333333378112, -0.03233161507461893708, -1.443999999999999950 ) ) ;
#2454 = CARTESIAN_POINT ( 'NONE',  ( 0.7093750000000024203, 0.04591323014923139739, 1.500000000000000444 ) ) ;
#2455 = CARTESIAN_POINT ( 'NONE',  ( 0.6937499999999997558, 0.000000000000000000, 1.444000000000001283 ) ) ;
#2456 = CARTESIAN_POINT ( 'NONE',  ( 0.8247395833333371895, 0.04966929761192662163, 1.528676582346705892 ) ) ;
#2457 = CARTESIAN_POINT ( 'NONE',  ( 0.6270833333333325488, 0.04849742261192812459, -1.471999999999999975 ) ) ;
#2458 = EDGE_CURVE ( 'NONE', #3291, #571, #3918, .T. ) ;
#2459 = DIRECTION ( 'NONE',  ( 0.000000000000000000, 0.000000000000000000, -1.000000000000000000 ) ) ;
#2460 = CARTESIAN_POINT ( 'NONE',  ( 0.7520833333333354354, -0.03443492261192354631, 1.480118988160482152 ) ) ;
#2462 = EDGE_LOOP ( 'NONE', ( #4269, #448, #2657, #4258 ) ) ;
#2461 = CARTESIAN_POINT ( 'NONE',  ( 0.8041666666666683616, -0.02295661507461569176, -1.539762023679035918 ) ) ;
#2463 = CARTESIAN_POINT ( 'NONE',  ( 0.6455729166666700491, 0.04966929761192666326, -1.528676582346705226 ) ) ;
#2464 = CARTESIAN_POINT ( 'NONE',  ( 0.6802083333333351911, 0.02295661507461572298, -1.539762023679035918 ) ) ;
#2465 = CARTESIAN_POINT ( 'NONE',  ( 0.8385416666666689611, 0.02295661507461568829, 1.539762023679036584 ) ) ;
#2466 = CARTESIAN_POINT ( 'NONE',  ( 0.6541666666666683394, -0.02295661507461569176, -1.539762023679035918 ) ) ;
#2467 = CARTESIAN_POINT ( 'NONE',  ( 0.7541666666666683172, -0.02295661507461569523, -1.539762023679035918 ) ) ;
#2468 = CARTESIAN_POINT ( 'NONE',  ( 0.7166666666666683394, 0.02295661507461568829, -1.460237976320963860 ) ) ;
#2469 =( BOUNDED_CURVE ( )  B_SPLINE_CURVE ( 2, ( #1774, #2858, #699, #3492, #3891, #2123, #339 ),
 .UNSPECIFIED., .F., .F. ) 
 B_SPLINE_CURVE_WITH_KNOTS ( ( 3, 2, 2, 3 ),
 ( 0.1363636363636363813, 0.1515151515151514638, 0.1666666666666665186, 0.1818181818181816012 ),
 .UNSPECIFIED. ) 
 CURVE ( )  GEOMETRIC_REPRESENTATION_ITEM ( )  RATIONAL_B_SPLINE_CURVE ( ( 0.9999999999999996669, 0.8660254037844389297, 1.000000000000000000, 0.8660254037844387076, 1.000000000000000000, 0.8660254037844401509, 0.9999999999999985567 ) ) 
 REPRESENTATION_ITEM ( '' )  );
#2470 = CARTESIAN_POINT ( 'NONE',  ( 0.7625000000000020650, 0.04591323014923139739, 1.500000000000000444 ) ) ;
#2471 = DIRECTION ( 'NONE',  ( 0.000000000000000000, 0.000000000000000000, 1.000000000000000000 ) ) ;
#2472 = CARTESIAN_POINT ( 'NONE',  ( 0.7281250000000023537, 0.000000000000000000, 1.460237976320964304 ) ) ;
#2473 = ADVANCED_FACE ( 'NONE', ( #2640 ), #2329, .F. ) ;
#2474 = VERTEX_POINT ( 'NONE', #924 ) ;
#2475 = CARTESIAN_POINT ( 'NONE',  ( 0.7283854166666673402, 0.03311286507461773387, 1.557353164693411340 ) ) ;
#2476 = CARTESIAN_POINT ( 'NONE',  ( 0.6937499999999990896, 0.000000000000000000, -1.555999999999999384 ) ) ;
#2477 = CARTESIAN_POINT ( 'NONE',  ( 0.6010416666666690277, -0.02295661507461569523, 1.460237976320964304 ) ) ;
#2478 = CARTESIAN_POINT ( 'NONE',  ( -0.1562499999999999445, 0.000000000000000000, 1.374999999999999334 ) ) ;
#2479 = CARTESIAN_POINT ( 'NONE',  ( 0.8289062500000039524, -7.023736956275672060E-18, 1.557353164693411340 ) ) ;
#2480 = DIRECTION ( 'NONE',  ( 0.000000000000000000, 0.000000000000000000, -1.000000000000000000 ) ) ;
#2481 = CARTESIAN_POINT ( 'NONE',  ( 0.6354166666666658525, -0.04849742261192814541, -1.471999999999999975 ) ) ;
#2482 = CARTESIAN_POINT ( 'NONE',  ( 0.6854166666666687835, 0.03443492261192356713, 1.480118988160482596 ) ) ;
#2483 = EDGE_LOOP ( 'NONE', ( #769, #1646, #1548, #3600 ) ) ;
#2484 = ADVANCED_FACE ( 'NONE', ( #2400 ), #2352, .T. ) ;
#2485 = CARTESIAN_POINT ( 'NONE',  ( 0.6447916666666686503, -0.03443492261192355325, -1.480118988160481930 ) ) ;
#2486 = CARTESIAN_POINT ( 'NONE',  ( 0.8468750000000023759, -0.04591323014923139739, 1.500000000000000444 ) ) ;
#2487 = CARTESIAN_POINT ( 'NONE',  ( 0.7968750000000019984, -0.04591323014923139739, -1.499999999999999778 ) ) ;
#2488 = CARTESIAN_POINT ( 'NONE',  ( 0.6468750000000045297, 0.06466323014923756884, -1.499999999999999778 ) ) ;
#2489 = CARTESIAN_POINT ( 'NONE',  ( 0.6187500000000016875, -4.869443502615268820E-18, -1.460237976320963860 ) ) ;
#2490 = CARTESIAN_POINT ( 'NONE',  ( 0.8229166666666688501, -0.03443492261192355325, 1.519881011839518292 ) ) ;
#2491 = CARTESIAN_POINT ( 'NONE',  ( 0.8410436706131770856, 0.006292652610736905634, -1.555645327954111812 ) ) ;
#2492 = CARTESIAN_POINT ( 'NONE',  ( 0.7593750000000023537, 0.04591323014923139739, 1.500000000000000444 ) ) ;
#2493 = ORIENTED_EDGE ( 'NONE', *, *, #4541, .T. ) ;
#2494 =( BOUNDED_CURVE ( )  B_SPLINE_CURVE ( 2, ( #1055, #3604, #3562, #2188, #1099, #2518, #1387 ),
 .UNSPECIFIED., .F., .F. ) 
 B_SPLINE_CURVE_WITH_KNOTS ( ( 3, 2, 2, 3 ),
 ( 0.7272727272727274039, 0.7424242424242424310, 0.7575757575757575690, 0.7727272727272725961 ),
 .UNSPECIFIED. ) 
 CURVE ( )  GEOMETRIC_REPRESENTATION_ITEM ( )  RATIONAL_B_SPLINE_CURVE ( ( 0.9999999999999990008, 0.8660254037844398178, 1.000000000000000000, 0.8660254037844388186, 1.000000000000000000, 0.8660254037844398178, 0.9999999999999990008 ) ) 
 REPRESENTATION_ITEM ( '' )  );
#2495 = CARTESIAN_POINT ( 'NONE',  ( 0.7721354166666671848, 0.04966929761192666326, 1.471323417653294996 ) ) ;
#2496 = CARTESIAN_POINT ( 'NONE',  ( 0.8406250000000045075, 0.000000000000000000, -1.555999999999999162 ) ) ;
#2497 = CARTESIAN_POINT ( 'NONE',  ( 0.6385416666666691166, 0.02295661507461568829, 1.539762023679036584 ) ) ;
#2498 = CARTESIAN_POINT ( 'NONE',  ( 0.5937500000000007772, 0.000000000000000000, 1.500000000000000444 ) ) ;
#2499 = CARTESIAN_POINT ( 'NONE',  ( 0.8580729166666706265, -0.04966929761192663551, 1.528676582346705892 ) ) ;
#2500 = DIRECTION ( 'NONE',  ( 1.000000000000000000, 0.000000000000000000, 0.000000000000000000 ) ) ;
#2501 = CARTESIAN_POINT ( 'NONE',  ( 0.5937500000000007772, 0.000000000000000000, -1.555999999999999162 ) ) ;
#2502 = CARTESIAN_POINT ( 'NONE',  ( 0.6375000000000021760, 0.04591323014923139739, 1.500000000000000444 ) ) ;
#2503 = EDGE_LOOP ( 'NONE', ( #497, #4456, #446, #3339 ) ) ;
#2504 = CARTESIAN_POINT ( 'NONE',  ( 0.6531250000000046185, -6.858022075225057234E-18, 1.555999999999999162 ) ) ;
#2505 = CARTESIAN_POINT ( 'NONE',  ( 0.7031250000000023315, 0.000000000000000000, 1.460237976320964304 ) ) ;
#2506 = CARTESIAN_POINT ( 'NONE',  ( 0.8072916666666686281, 0.03443492261192356713, -1.519881011839517626 ) ) ;
#2507 = CARTESIAN_POINT ( 'NONE',  ( 0.7770833333333350135, -0.03443492261192354631, -1.519881011839518070 ) ) ;
#2508 = CARTESIAN_POINT ( 'NONE',  ( 0.8455729166666701158, 0.04966929761192666326, -1.528676582346705226 ) ) ;
#2509 = CARTESIAN_POINT ( 'NONE',  ( 0.6367187500000001110, -0.06622573014923550938, -1.499999999999999778 ) ) ;
#2510 = LINE ( 'NONE', #2762, #1023 ) ;
#2511 = AXIS2_PLACEMENT_3D ( 'NONE', #1558, #2970, #2480 ) ;
#2512 = CARTESIAN_POINT ( 'NONE',  ( 0.6322916666666691388, 0.03443492261192356713, 1.480118988160482596 ) ) ;
#2513 = EDGE_LOOP ( 'NONE', ( #2038, #3298, #2973, #3630 ) ) ;
#2514 = CARTESIAN_POINT ( 'NONE',  ( 0.6575520833333340365, -0.03311286507461777551, 1.557353164693411340 ) ) ;
#2515 = CARTESIAN_POINT ( 'NONE',  ( 0.8302083333333379889, -0.03233161507461907586, -1.444000000000001060 ) ) ;
#2516 = CONICAL_SURFACE ( 'NONE', #2949, 0.05870632938682311674, 0.7853981633974500554 ) ;
#2517 = CARTESIAN_POINT ( 'NONE',  ( 0.6197916666666690721, -0.03443492261192355325, 1.519881011839518292 ) ) ;
#2518 = CARTESIAN_POINT ( 'NONE',  ( 0.6333333333333330817, -0.03233161507461867340, 1.555999999999998940 ) ) ;
#2519 = CARTESIAN_POINT ( 'NONE',  ( 0.8622395833333372783, -0.04966929761192663551, 1.471323417653294996 ) ) ;
#2520 = CARTESIAN_POINT ( 'NONE',  ( 0.6395833333333355020, 0.03443492261192353937, 1.519881011839518514 ) ) ;
#2521 = ORIENTED_EDGE ( 'NONE', *, *, #730, .T. ) ;
#2522 = APPROVAL_DATE_TIME ( #1418, #2957 ) ;
#2523 = EDGE_CURVE ( 'NONE', #3962, #425, #546, .T. ) ;
#2524 = CARTESIAN_POINT ( 'NONE',  ( 0.7072916666666689833, 0.03443492261192356713, 1.480118988160482596 ) ) ;
#2525 = CARTESIAN_POINT ( 'NONE',  ( 0.7614583333333353465, 0.03443492261192353937, -1.480118988160481708 ) ) ;
#2526 = CARTESIAN_POINT ( 'NONE',  ( 0.6489583333333378556, 0.04849742261192817316, -1.471999999999999975 ) ) ;
#2527 = CARTESIAN_POINT ( 'NONE',  ( 0.8330729166666701602, -0.04966929761192663551, -1.471323417653294330 ) ) ;
#2528 = CARTESIAN_POINT ( 'NONE',  ( 0.6763020833333334147, 0.04966929761192662163, -1.471323417653294330 ) ) ;
#2529 = CARTESIAN_POINT ( 'NONE',  ( 0.7208333333333323267, 0.03233161507461864564, -1.555999999999999384 ) ) ;
#2530 = CARTESIAN_POINT ( 'NONE',  ( 0.6031250000000023537, 0.000000000000000000, 1.460237976320964304 ) ) ;
#2531 = VERTEX_POINT ( 'NONE', #1606 ) ;
#2532 = EDGE_CURVE ( 'NONE', #3316, #1772, #1205, .T. ) ;
#2533 = ORIENTED_EDGE ( 'NONE', *, *, #331, .F. ) ;
#2534 = DIRECTION ( 'NONE',  ( 0.000000000000000000, 0.000000000000000000, 1.000000000000000000 ) ) ;
#2535 = CARTESIAN_POINT ( 'NONE',  ( 0.5937500000000005551, -0.02233572415998492586, -1.548361231718866859 ) ) ;
#2536 = CARTESIAN_POINT ( 'NONE',  ( 0.7934895833333371895, 0.03311286507461778245, 1.442646835306589548 ) ) ;
#2537 = CARTESIAN_POINT ( 'NONE',  ( 0.7749999999999996891, 0.06466323014923702761, 1.500000000000000222 ) ) ;
#2538 = CARTESIAN_POINT ( 'NONE',  ( 0.8281250000000045519, -6.858022075225123486E-18, -1.444000000000000172 ) ) ;
#2539 = ORIENTED_EDGE ( 'NONE', *, *, #2180, .T. ) ;
#2540 = PERSON_AND_ORGANIZATION ( #3987, #2447 ) ;
#2541 = CARTESIAN_POINT ( 'NONE',  ( 0.8402651857824886550, -0.04320652879022066073, 1.462835903083351985 ) ) ;
#2542 = CARTESIAN_POINT ( 'NONE',  ( 0.6739583333333356574, -0.03443492261192354631, 1.480118988160482152 ) ) ;
#2543 = CARTESIAN_POINT ( 'NONE',  ( 0.8177083333333353687, -0.02295661507461571257, -1.460237976320963860 ) ) ;
#2544 = CARTESIAN_POINT ( 'NONE',  ( 0.7750000000000015765, -0.04591323014923139739, -1.499999999999999778 ) ) ;
#2545 = ORIENTED_EDGE ( 'NONE', *, *, #3932, .T. ) ;
#2546 = CARTESIAN_POINT ( 'NONE',  ( 0.6125000000000017097, 0.04591323014923139739, -1.499999999999999778 ) ) ;
#2547 = CARTESIAN_POINT ( 'NONE',  ( 0.6617187500000001332, -0.06622573014923550938, -1.499999999999999778 ) ) ;
#2548 = CARTESIAN_POINT ( 'NONE',  ( 0.8437500000000001110, 0.000000000000000000, -1.558706329386822853 ) ) ;
#2549 =( BOUNDED_CURVE ( )  B_SPLINE_CURVE ( 2, ( #3576, #376, #823, #465, #2245, #3308, #1199 ),
 .UNSPECIFIED., .F., .F. ) 
 B_SPLINE_CURVE_WITH_KNOTS ( ( 3, 2, 2, 3 ),
 ( 0.6818181818181818787, 0.6969696969696967948, 0.7121212121212117108, 0.7272727272727266268 ),
 .UNSPECIFIED. ) 
 CURVE ( )  GEOMETRIC_REPRESENTATION_ITEM ( )  RATIONAL_B_SPLINE_CURVE ( ( 1.000000000000000000, 0.8660254037844387076, 1.000000000000000000, 0.8660254037844387076, 1.000000000000000000, 0.8660254037844445918, 0.9999999999999941158 ) ) 
 REPRESENTATION_ITEM ( '' )  );
#2550 = CARTESIAN_POINT ( 'NONE',  ( 0.6322916666666711372, -0.04849742261192818704, -1.471999999999999975 ) ) ;
#2551 = FACE_OUTER_BOUND ( 'NONE', #2016, .T. ) ;
#2552 = ORIENTED_EDGE ( 'NONE', *, *, #1315, .T. ) ;
#2553 = ORIENTED_EDGE ( 'NONE', *, *, #334, .F. ) ;
#2554 = CARTESIAN_POINT ( 'NONE',  ( 0.5942998583802103774, -0.03172526176646651291, 1.524574282095129796 ) ) ;
#2555 = CARTESIAN_POINT ( 'NONE',  ( 0.7468750000000019540, -0.04591323014923139739, -1.499999999999999778 ) ) ;
#2556 = CARTESIAN_POINT ( 'NONE',  ( 0.6622395833333372117, -0.04966929761192663551, 1.471323417653294996 ) ) ;
#2557 = PRODUCT_DEFINITION ( 'UNKNOWN', '', #4074, #2392 ) ;
#2558 = CARTESIAN_POINT ( 'NONE',  ( 0.6729166666666667185, 0.04849742261192781928, 1.472000000000000863 ) ) ;
#2559 = CARTESIAN_POINT ( 'NONE',  ( 0.8266043949813043357, -0.005593780061163167866, -1.541560724368096658 ) ) ;
#2560 = ORIENTED_EDGE ( 'NONE', *, *, #2399, .F. ) ;
#2561 = PERSON_AND_ORGANIZATION ( #3987, #2447 ) ;
#2562 = CARTESIAN_POINT ( 'NONE',  ( 0.8354166666666665853, -0.04849742261192779152, 1.528000000000000247 ) ) ;
#2563 = CARTESIAN_POINT ( 'NONE',  ( 0.6302083333333359239, 0.02295661507461572298, 1.460237976320964304 ) ) ;
#2564 = CARTESIAN_POINT ( 'NONE',  ( 0.8052083333333353021, 0.02295661507461571951, -1.539762023679035918 ) ) ;
#2565 = CARTESIAN_POINT ( 'NONE',  ( 0.6791666666666683616, -0.02295661507461569523, -1.539762023679035918 ) ) ;
#2566 = CARTESIAN_POINT ( 'NONE',  ( 0.7914062500000034195, 0.000000000000000000, -1.557353164693410896 ) ) ;
#2567 = CARTESIAN_POINT ( 'NONE',  ( 0.6117187500000001998, -0.06622573014923550938, -1.499999999999999778 ) ) ;
#2568 = CARTESIAN_POINT ( 'NONE',  ( 0.8262565222053092073, -0.01116558495001927775, 1.459937426187380760 ) ) ;
#2569 = DIRECTION ( 'NONE',  ( -0.000000000000000000, -1.000000000000000000, -0.000000000000000000 ) ) ;
#2570 = CARTESIAN_POINT ( 'NONE',  ( 0.6302083333333359239, 0.02295661507461572298, 1.460237976320964304 ) ) ;
#2571 = EDGE_LOOP ( 'NONE', ( #3613, #1834, #1156, #263, #2292, #2920, #3985, #1040, #107, #3456, #1405, #4556, #1634, #879, #3019, #2235, #144, #215, #252, #402, #1947, #989, #2206, #2545, #4291 ) ) ;
#2572 = EDGE_CURVE ( 'NONE', #4047, #3757, #4289, .T. ) ;
#2573 =( BOUNDED_CURVE ( )  B_SPLINE_CURVE ( 2, ( #3286, #90, #4404, #801, #1921, #2615, #1579 ),
 .UNSPECIFIED., .F., .T. ) 
 B_SPLINE_CURVE_WITH_KNOTS ( ( 3, 2, 2, 3 ),
 ( 0.1363636363636361315, 0.1515151515151513806, 0.1666666666666666019, 0.1818181818181818510 ),
 .UNSPECIFIED. ) 
 CURVE ( )  GEOMETRIC_REPRESENTATION_ITEM ( )  RATIONAL_B_SPLINE_CURVE ( ( 1.000000000000001998, 0.8660254037844368202, 1.000000000000000000, 0.8660254037844388186, 1.000000000000000000, 0.8660254037844385966, 1.000000000000000222 ) ) 
 REPRESENTATION_ITEM ( '' )  );
#2574 = CARTESIAN_POINT ( 'NONE',  ( 0.7697916666666713148, 0.04849742261192773601, 1.472000000000000863 ) ) ;
#2575 = VERTEX_POINT ( 'NONE', #3183 ) ;
#2576 = FACE_OUTER_BOUND ( 'NONE', #2313, .T. ) ;
#2577 = CARTESIAN_POINT ( 'NONE',  ( 0.8135416666666687169, 0.02295661507461568829, -1.460237976320963860 ) ) ;
#2578 = AXIS2_PLACEMENT_3D ( 'NONE', #3641, #444, #2300 ) ;
#2579 = CARTESIAN_POINT ( 'NONE',  ( 0.6330729166666705376, -0.04966929761192663551, 1.528676582346705892 ) ) ;
#2580 = DIRECTION ( 'NONE',  ( 1.000000000000000000, -0.000000000000000000, -0.000000000000000000 ) ) ;
#2581 = CARTESIAN_POINT ( 'NONE',  ( 0.8248056942922133983, -0.02920074319221206693, -1.526987684674212087 ) ) ;
#2582 = ORIENTED_EDGE ( 'NONE', *, *, #2818, .F. ) ;
#2583 = CARTESIAN_POINT ( 'NONE',  ( 0.7979166666666688279, -0.03443492261192355325, 1.519881011839518292 ) ) ;
#2584 = EDGE_CURVE ( 'NONE', #3525, #3016, #3112, .T. ) ;
#2585 = DIRECTION ( 'NONE',  ( -1.000000000000000000, -0.000000000000000000, -0.000000000000000000 ) ) ;
#2586 = CARTESIAN_POINT ( 'NONE',  ( 0.6718750000000023315, -0.04591323014923139739, 1.500000000000000444 ) ) ;
#2587 = CARTESIAN_POINT ( 'NONE',  ( 0.7135416666666687391, 0.02295661507461568829, -1.460237976320963860 ) ) ;
#2588 = CARTESIAN_POINT ( 'NONE',  ( 0.6062500000000017319, 0.000000000000000000, -1.539762023679035918 ) ) ;
#2589 = CARTESIAN_POINT ( 'NONE',  ( 0.6997395833333367454, 0.04966929761192662163, -1.471323417653294330 ) ) ;
#2590 = DIRECTION ( 'NONE',  ( 1.000000000000000000, -0.000000000000000000, -0.000000000000000000 ) ) ;
#2591 = CARTESIAN_POINT ( 'NONE',  ( 0.7054687500000001998, -7.023736956275672060E-18, -1.442646835306588882 ) ) ;
#2592 = CARTESIAN_POINT ( 'NONE',  ( 0.6822916666666712926, -0.04849742261192818704, -1.471999999999999975 ) ) ;
#2593 = CARTESIAN_POINT ( 'NONE',  ( 0.8437500000000001110, 0.000000000000000000, -1.558706329386822853 ) ) ;
#2594 = CARTESIAN_POINT ( 'NONE',  ( 0.5937500000000007772, 0.000000000000000000, 1.500000000000000444 ) ) ;
#2595 = ORIENTED_EDGE ( 'NONE', *, *, #1904, .F. ) ;
#2596 = CYLINDRICAL_SURFACE ( 'NONE', #4067, 0.05599999999999880074 ) ;
#2597 = ORIENTED_EDGE ( 'NONE', *, *, #687, .T. ) ;
#2598 = CARTESIAN_POINT ( 'NONE',  ( 0.8407078311808718896, 0.004187092468304156635, 1.444454544755549463 ) ) ;
#2599 = CARTESIAN_POINT ( 'NONE',  ( 0.8302083333333353243, 0.02295661507461572298, -1.539762023679035918 ) ) ;
#2600 = CARTESIAN_POINT ( 'NONE',  ( 0.6455729166666706043, 0.04966929761192666326, 1.471323417653294996 ) ) ;
#2601 =( BOUNDED_CURVE ( )  B_SPLINE_CURVE ( 2, ( #4428, #2636, #1628, #3385, #2592, #3037, #4479 ),
 .UNSPECIFIED., .F., .F. ) 
 B_SPLINE_CURVE_WITH_KNOTS ( ( 3, 2, 2, 3 ),
 ( 0.6363636363636360205, 0.6515151515151512696, 0.6666666666666664076, 0.6818181818181816567 ),
 .UNSPECIFIED. ) 
 CURVE ( )  GEOMETRIC_REPRESENTATION_ITEM ( )  RATIONAL_B_SPLINE_CURVE ( ( 1.000000000000002887, 0.8660254037844357100, 1.000000000000000000, 0.8660254037844387076, 1.000000000000000000, 0.8660254037844397068, 0.9999999999999990008 ) ) 
 REPRESENTATION_ITEM ( '' )  );
#2602 = CARTESIAN_POINT ( 'NONE',  ( 0.5937500000000016653, -4.869443502615268820E-18, -1.460237976320963860 ) ) ;
#2603 = CARTESIAN_POINT ( 'NONE',  ( 0.5937500000000021094, -4.869443502615268820E-18, 1.539762023679036362 ) ) ;
#2604 = ORIENTED_EDGE ( 'NONE', *, *, #2246, .T. ) ;
#2605 = CARTESIAN_POINT ( 'NONE',  ( 0.8416666666666687835, 0.02295661507461568829, 1.539762023679036584 ) ) ;
#2606 = CARTESIAN_POINT ( 'NONE',  ( 0.8374919283981255846, -0.04684083651716918623, 1.526016835470842548 ) ) ;
#2607 = CARTESIAN_POINT ( 'NONE',  ( 0.5885416666666690721, 0.02295661507461568829, 1.539762023679036584 ) ) ;
#2608 = CARTESIAN_POINT ( 'NONE',  ( 0.6281250000000019318, 0.000000000000000000, -1.539762023679035918 ) ) ;
#2609 = CARTESIAN_POINT ( 'NONE',  ( 0.6500000000000016875, -0.04591323014923139739, -1.499999999999999778 ) ) ;
#2610 = CARTESIAN_POINT ( 'NONE',  ( 0.7309895833333368564, -0.03311286507461777551, -1.442646835306588660 ) ) ;
#2611 = EDGE_CURVE ( 'NONE', #4279, #3747, #3585, .T. ) ;
#2612 = CARTESIAN_POINT ( 'NONE',  ( 0.8304687500000001998, -7.023736956275672060E-18, -1.442646835306588882 ) ) ;
#2613 = CARTESIAN_POINT ( 'NONE',  ( 0.7989583333333353243, -0.03443492261192354631, -1.519881011839518070 ) ) ;
#2614 = LINE ( 'NONE', #398, #4457 ) ;
#2615 = CARTESIAN_POINT ( 'NONE',  ( 0.7958333333333332815, 0.03233161507461852074, 1.444000000000001060 ) ) ;
#2616 = CARTESIAN_POINT ( 'NONE',  ( 0.7854166666666683172, 0.03443492261192356713, -1.519881011839517626 ) ) ;
#2617 = ORIENTED_EDGE ( 'NONE', *, *, #4255, .T. ) ;
#2618 = CARTESIAN_POINT ( 'NONE',  ( 0.8410436706131602103, -0.03493653634386955503, -1.543765722069828206 ) ) ;
#2619 = CARTESIAN_POINT ( 'NONE',  ( 0.8468750000000023759, -0.04591323014923139739, 1.500000000000000444 ) ) ;
#2620 = VERTEX_POINT ( 'NONE', #3863 ) ;
#2621 = CARTESIAN_POINT ( 'NONE',  ( 0.5937500000000007772, 6.858022075225043367E-18, -1.444000000000001505 ) ) ;
#2622 = CARTESIAN_POINT ( 'NONE',  ( 0.8489583333333353687, -0.03443492261192354631, -1.519881011839518070 ) ) ;
#2623 = CARTESIAN_POINT ( 'NONE',  ( 0.6705729166666705154, 0.04966929761192666326, 1.471323417653294996 ) ) ;
#2624 = CARTESIAN_POINT ( 'NONE',  ( 0.5937500000000005551, 0.03923523907587230658, -1.539957427528191980 ) ) ;
#2625 = VERTEX_POINT ( 'NONE', #3933 ) ;
#2626 =( BOUNDED_CURVE ( )  B_SPLINE_CURVE ( 2, ( #2227, #93, #2574, #1079, #4408, #704, #850 ),
 .UNSPECIFIED., .F., .F. ) 
 B_SPLINE_CURVE_WITH_KNOTS ( ( 3, 2, 2, 3 ),
 ( 0.6363636363636362425, 0.6515151515151513806, 0.6666666666666667407, 0.6818181818181818787 ),
 .UNSPECIFIED. ) 
 CURVE ( )  GEOMETRIC_REPRESENTATION_ITEM ( )  RATIONAL_B_SPLINE_CURVE ( ( 1.000000000000000888, 0.8660254037844377084, 1.000000000000000000, 0.8660254037844387076, 1.000000000000000000, 0.8660254037844387076, 1.000000000000000000 ) ) 
 REPRESENTATION_ITEM ( '' )  );
#2627 = EDGE_CURVE ( 'NONE', #1106, #1901, #4316, .T. ) ;
#2628 = CARTESIAN_POINT ( 'NONE',  ( 0.7312500000000020650, 0.000000000000000000, 1.460237976320964304 ) ) ;
#2629 = CARTESIAN_POINT ( 'NONE',  ( 0.5999999999999998668, 0.06466323014923702761, 1.500000000000000222 ) ) ;
#2630 = CARTESIAN_POINT ( 'NONE',  ( 0.7156250000000020650, -4.869443502615268820E-18, -1.460237976320963860 ) ) ;
#2631 = CARTESIAN_POINT ( 'NONE',  ( 0.6833333333333349024, 0.02295661507461571951, -1.539762023679035918 ) ) ;
#2632 = CARTESIAN_POINT ( 'NONE',  ( 0.7705729166666700491, 0.04966929761192666326, -1.528676582346705226 ) ) ;
#2633 = CARTESIAN_POINT ( 'NONE',  ( 0.8367187500000001776, -0.06622573014923550938, -1.499999999999999778 ) ) ;
#2634 = CARTESIAN_POINT ( 'NONE',  ( 0.5721354166666667851, 0.04966929761192666326, -1.528676582346705226 ) ) ;
#2635 = CARTESIAN_POINT ( 'NONE',  ( 0.6656250000000045741, 0.000000000000000000, 1.444000000000001283 ) ) ;
#2636 = CARTESIAN_POINT ( 'NONE',  ( 0.6885416666666712704, -0.03233161507461836809, -1.556000000000000272 ) ) ;
#2637 = CARTESIAN_POINT ( 'NONE',  ( 0.5937500000000007772, -0.04661907669099023266, 1.496213897045755470 ) ) ;
#2638 = CARTESIAN_POINT ( 'NONE',  ( 0.7812500000000016653, 0.000000000000000000, -1.539762023679035918 ) ) ;
#2639 = VERTEX_POINT ( 'NONE', #3513 ) ;
#2640 = FACE_OUTER_BOUND ( 'NONE', #3407, .T. ) ;
#2641 = CARTESIAN_POINT ( 'NONE',  ( 0.8072916666666690721, 0.03443492261192356713, 1.480118988160482596 ) ) ;
#2642 = EDGE_LOOP ( 'NONE', ( #78, #2582, #2954, #1478 ) ) ;
#2643 = CARTESIAN_POINT ( 'NONE',  ( 0.8117187500000005995, -0.06622573014923550938, 1.500000000000000444 ) ) ;
#2644 = CARTESIAN_POINT ( 'NONE',  ( 0.7822916666666686059, 0.03443492261192356713, -1.519881011839517626 ) ) ;
#2645 = CARTESIAN_POINT ( 'NONE',  ( 0.6934895833333371007, 0.03311286507461778245, 1.442646835306589548 ) ) ;
#2646 = AXIS2_PLACEMENT_3D ( 'NONE', #3886, #695, #3533 ) ;
#2647 = CARTESIAN_POINT ( 'NONE',  ( 0.6125000000000021538, 0.04591323014923139739, 1.500000000000000444 ) ) ;
#2648 = AXIS2_PLACEMENT_3D ( 'NONE', #1988, #937, #4496 ) ;
#2649 = CARTESIAN_POINT ( 'NONE',  ( 0.5937500000000007772, 0.000000000000000000, 1.500000000000000444 ) ) ;
#2650 = CARTESIAN_POINT ( 'NONE',  ( 0.7718750000000024203, -0.04591323014923139739, 1.500000000000000444 ) ) ;
#2651 = ORIENTED_EDGE ( 'NONE', *, *, #1089, .F. ) ;
#2652 = CARTESIAN_POINT ( 'NONE',  ( 0.7125000000000021316, 0.04591323014923139739, 1.500000000000000444 ) ) ;
#2653 = CARTESIAN_POINT ( 'NONE',  ( 0.8343750000000046407, -0.06466323014923693047, 1.500000000000000444 ) ) ;
#2654 = EDGE_CURVE ( 'NONE', #3380, #2474, #2696, .T. ) ;
#2655 = CARTESIAN_POINT ( 'NONE',  ( 0.7010416666666686725, -0.02295661507461569523, -1.539762023679035918 ) ) ;
#2656 = CARTESIAN_POINT ( 'NONE',  ( 0.7270833333333349691, -0.03443492261192354631, -1.519881011839518070 ) ) ;
#2657 = ORIENTED_EDGE ( 'NONE', *, *, #37, .T. ) ;
#2658 = CARTESIAN_POINT ( 'NONE',  ( 0.7434895833333367010, 0.03311286507461778245, -1.557353164693410674 ) ) ;
#2659 = CARTESIAN_POINT ( 'NONE',  ( 0.7596354166666668961, -0.04966929761192663551, -1.471323417653294330 ) ) ;
#2660 = CARTESIAN_POINT ( 'NONE',  ( 0.8427083333333355020, -0.02295661507461571257, -1.460237976320963860 ) ) ;
#2661 = CARTESIAN_POINT ( 'NONE',  ( 0.7791666666666657859, 0.03233161507461846523, -1.443999999999999950 ) ) ;
#2662 = CARTESIAN_POINT ( 'NONE',  ( 0.7437499999999991340, 0.000000000000000000, -1.555999999999999384 ) ) ;
#2663 = DIRECTION ( 'NONE',  ( 1.000000000000000000, -0.000000000000000000, -0.000000000000000000 ) ) ;
#2664 = CARTESIAN_POINT ( 'NONE',  ( 0.8270833333333350579, -0.03443492261192354631, -1.519881011839518070 ) ) ;
#2665 = VERTEX_POINT ( 'NONE', #4554 ) ;
#2666 = ADVANCED_FACE ( 'NONE', ( #3159 ), #2142, .F. ) ;
#2667 = CARTESIAN_POINT ( 'NONE',  ( 0.8410436706131768636, 0.006292652610733563689, 1.444354672045889298 ) ) ;
#2668 = CARTESIAN_POINT ( 'NONE',  ( 0.8114583333333356130, 0.03443492261192353937, 1.519881011839518514 ) ) ;
#2669 = ORIENTED_EDGE ( 'NONE', *, *, #4102, .T. ) ;
#2670 = CARTESIAN_POINT ( 'NONE',  ( 0.5947916666666686059, -0.03443492261192355325, -1.480118988160481930 ) ) ;
#2671 = EDGE_CURVE ( 'NONE', #4092, #2074, #3313, .T. ) ;
#2672 = CARTESIAN_POINT ( 'NONE',  ( 0.04687500000000016653, 0.000000000000000000, 1.578125000000000444 ) ) ;
#2673 = CARTESIAN_POINT ( 'NONE',  ( 0.5937500000000021094, -4.869443502615268820E-18, 1.539762023679036362 ) ) ;
#2674 = DIRECTION ( 'NONE',  ( 1.000000000000000000, -0.000000000000000000, -0.000000000000000000 ) ) ;
#2675 = CARTESIAN_POINT ( 'NONE',  ( 0.7531250000000023759, 0.000000000000000000, 1.460237976320964304 ) ) ;
#2676 = CARTESIAN_POINT ( 'NONE',  ( 0.5937500000000007772, 0.000000000000000000, 1.444000000000001505 ) ) ;
#2677 = CARTESIAN_POINT ( 'NONE',  ( 0.7416666666666686947, 0.02295661507461568829, 1.539762023679036584 ) ) ;
#2678 = CARTESIAN_POINT ( 'NONE',  ( 0.8348347322407193571, -6.097646424831841197E-18, 1.549791061627542543 ) ) ;
#2679 = CARTESIAN_POINT ( 'NONE',  ( 0.6552083333333353909, 0.02295661507461571951, -1.539762023679035918 ) ) ;
#2680 = CARTESIAN_POINT ( 'NONE',  ( 0.8145833333333353243, 0.03443492261192353937, 1.519881011839518514 ) ) ;
#2681 = EDGE_LOOP ( 'NONE', ( #1840, #4345, #927, #1990 ) ) ;
#2682 = CARTESIAN_POINT ( 'NONE',  ( 0.7643229166666701824, -0.03311286507461774081, -1.557353164693410674 ) ) ;
#2683 = CARTESIAN_POINT ( 'NONE',  ( 0.7971354166666668739, 0.04966929761192666326, -1.528676582346705226 ) ) ;
#2684 = CARTESIAN_POINT ( 'NONE',  ( 0.7739583333333353021, -0.03443492261192354631, -1.519881011839518070 ) ) ;
#2685 = CARTESIAN_POINT ( 'NONE',  ( 0.8437500000000005551, 0.000000000000000000, 1.500000000000000444 ) ) ;
#2686 = DIRECTION ( 'NONE',  ( 1.000000000000000000, -0.000000000000000000, -0.000000000000000000 ) ) ;
#2687 = CARTESIAN_POINT ( 'NONE',  ( 0.6687499999999998446, 0.000000000000000000, 1.444000000000001283 ) ) ;
#2688 = CARTESIAN_POINT ( 'NONE',  ( 0.7708333333333350357, -0.02295661507461571257, -1.460237976320963860 ) ) ;
#2689 = DIRECTION ( 'NONE',  ( 9.834652777191331809E-16, 0.000000000000000000, -1.000000000000000000 ) ) ;
#2690 = CARTESIAN_POINT ( 'NONE',  ( 0.6033854166666673402, 0.03311286507461773387, 1.557353164693411340 ) ) ;
#2691 = ORIENTED_EDGE ( 'NONE', *, *, #730, .F. ) ;
#2692 = CARTESIAN_POINT ( 'NONE',  ( 0.8075520833333339477, -0.03311286507461777551, 1.557353164693411340 ) ) ;
#2693 = CARTESIAN_POINT ( 'NONE',  ( 0.6968750000000019096, -0.04591323014923139739, -1.499999999999999778 ) ) ;
#2694 = CARTESIAN_POINT ( 'NONE',  ( 0.6718750000000046629, 0.06466323014923756884, -1.499999999999999778 ) ) ;
#2695 = CARTESIAN_POINT ( 'NONE',  ( 0.6812500000000020206, 0.000000000000000000, 1.460237976320964304 ) ) ;
#2696 =( BOUNDED_CURVE ( )  B_SPLINE_CURVE ( 2, ( #1790, #2448, #667, #3114, #2096, #1747, #644 ),
 .UNSPECIFIED., .F., .F. ) 
 B_SPLINE_CURVE_WITH_KNOTS ( ( 3, 2, 2, 3 ),
 ( 0.1818181818181818510, 0.1969696969696969058, 0.2121212121212120161, 0.2272727272727270709 ),
 .UNSPECIFIED. ) 
 CURVE ( )  GEOMETRIC_REPRESENTATION_ITEM ( )  RATIONAL_B_SPLINE_CURVE ( ( 0.9999999999999996669, 0.8660254037844389297, 1.000000000000000000, 0.8660254037844387076, 1.000000000000000000, 0.8660254037844404840, 0.9999999999999982236 ) ) 
 REPRESENTATION_ITEM ( '' )  );
#2697 = CARTESIAN_POINT ( 'NONE',  ( 0.8177083333333359239, -0.02295661507461571257, 1.539762023679036584 ) ) ;
#2698 = FACE_OUTER_BOUND ( 'NONE', #3578, .T. ) ;
#2699 = CARTESIAN_POINT ( 'NONE',  ( 0.5895833333333354576, 0.03443492261192353937, 1.519881011839518514 ) ) ;
#2700 = CARTESIAN_POINT ( 'NONE',  ( 0.8437500000000005551, 0.000000000000000000, 1.441293670613177369 ) ) ;
#2701 = CARTESIAN_POINT ( 'NONE',  ( 0.8052083333333381887, -0.03233161507461876361, 1.555999999999998940 ) ) ;
#2702 = CARTESIAN_POINT ( 'NONE',  ( 0.8000000000000021538, -0.04591323014923139739, 1.500000000000000444 ) ) ;
#2704 = ORIENTED_EDGE ( 'NONE', *, *, #2041, .T. ) ;
#2703 = CARTESIAN_POINT ( 'NONE',  ( 0.7687500000000017097, -4.869443502615268820E-18, -1.460237976320963860 ) ) ;
#2705 = CARTESIAN_POINT ( 'NONE',  ( 0.5937500000000007772, 0.04992137690567947234, -1.518874386448703095 ) ) ;
#2706 = CARTESIAN_POINT ( 'NONE',  ( 0.7929687500000002220, 0.000000000000000000, -1.557353164693410896 ) ) ;
#2707 = CARTESIAN_POINT ( 'NONE',  ( 0.7656250000000019984, -4.869443502615268820E-18, -1.460237976320963860 ) ) ;
#2708 = DIRECTION ( 'NONE',  ( 0.000000000000000000, 0.000000000000000000, -1.000000000000000000 ) ) ;
#2709 = CARTESIAN_POINT ( 'NONE',  ( 0.6291666666666683172, -0.02295661507461569176, -1.539762023679035918 ) ) ;
#2710 = CARTESIAN_POINT ( 'NONE',  ( 0.8317291363416485783, 0.04457826414103024243, -1.484893048528046933 ) ) ;
#2711 = CARTESIAN_POINT ( 'NONE',  ( 0.7104166666666682506, 0.03443492261192356713, -1.519881011839517626 ) ) ;
#2712 = CARTESIAN_POINT ( 'NONE',  ( 0.6447916666666714258, 0.04849742261192773601, 1.472000000000000863 ) ) ;
#2713 = CARTESIAN_POINT ( 'NONE',  ( 0.8489583333333357018, -0.03443492261192354631, 1.480118988160482152 ) ) ;
#2714 = EDGE_CURVE ( 'NONE', #1935, #1490, #2801, .T. ) ;
#2715 = ORIENTED_EDGE ( 'NONE', *, *, #4281, .F. ) ;
#2716 = CARTESIAN_POINT ( 'NONE',  ( 0.7950520833333339921, 0.03311286507461778245, 1.442646835306589548 ) ) ;
#2717 = CARTESIAN_POINT ( 'NONE',  ( 0.6302083333333352577, 0.02295661507461572298, -1.539762023679035918 ) ) ;
#2718 = CARTESIAN_POINT ( 'NONE',  ( 0.6000000000000020872, -0.04591323014923139739, 1.500000000000000444 ) ) ;
#2719 = CARTESIAN_POINT ( 'NONE',  ( 0.7760416666666690721, -0.02295661507461569523, 1.460237976320964304 ) ) ;
#2720 = CARTESIAN_POINT ( 'NONE',  ( 0.5937500000000007772, -0.03323558044139741929, -1.539096502202134120 ) ) ;
#2721 = CARTESIAN_POINT ( 'NONE',  ( 0.6312500000000020872, 0.000000000000000000, 1.460237976320964304 ) ) ;
#2722 = FACE_OUTER_BOUND ( 'NONE', #4601, .T. ) ;
#2723 = AXIS2_PLACEMENT_3D ( 'NONE', #2362, #631, #1036 ) ;
#2724 =( BOUNDED_CURVE ( )  B_SPLINE_CURVE ( 2, ( #2161, #3967, #3906, #394, #2178, #4306, #1422, #1766, #1399, #1484, #3950, #4264, #2136, #372, #3178, #2872, #736, #41, #1809, #22, #2832, #3551, #2806, #2893, #2507, #2544, #2199, #3612, #3219, #3197, #4240, #1787, #4595, #416, #1045, #2467, #3883, #3928, #2115, #4, #1443, #2851, #4286, #1087, #3573, #1547, #1868, #3708, #2656, #106, #3304, #4083, #508, #483, #2264, #1890, #3328, #2291, #3258, #1939, #1915, #3280, #1148, #4423, #3655, #2219, #4446, #3991, #3354, #2631, #891, #2565, #155, #839, #3678, #1596, #1219, #461, #2935, #64, #2961, #2318, #1846, #4057, #3005, #2609, #1244, #438, #796, #864, #3732, #1502, #2915, #3636, #132, #2240, #4350, #4397, #1195, #84, #4036, #1572, #2981, #1524, #4371, #1172, #2588, #4014, #816, #3379, #3803, #2061, #250 ),
 .UNSPECIFIED., .F., .F. ) 
 B_SPLINE_CURVE_WITH_KNOTS ( ( 3, 2, 2, 2, 2, 2, 2, 2, 2, 2, 2, 2, 2, 2, 2, 2, 2, 2, 2, 2, 2, 2, 2, 2, 2, 2, 2, 2, 2, 2, 2, 2, 2, 2, 2, 2, 2, 2, 2, 2, 2, 2, 2, 2, 2, 2, 2, 2, 2, 2, 2, 2, 2, 2, 2, 2, 3 ),
 ( 0.1142959576803650734, 0.1212121212121212155, 0.1363636363636363535, 0.1515151515151515194, 0.1666666666666666297, 0.1818181818181818232, 0.1969696969696969613, 0.2121212121212120993, 0.2272727272727272374, 0.2424242424242424032, 0.2575757575757575690, 0.2727272727272726516, 0.2878787878787878451, 0.3030303030303029832, 0.3181818181818181213, 0.3333333333333332593, 0.3484848484848483974, 0.3636363636363635909, 0.3787878787878787845, 0.3939393939393939226, 0.4090909090909090606, 0.4242424242424240877, 0.4393939393939393367, 0.4545454545454544748, 0.4696969696969697239, 0.4848484848484847509, 0.4999999999999998890, 0.5151515151515151381, 0.5303030303030301651, 0.5454545454545453032, 0.5606060606060604412, 0.5757575757575756903, 0.5909090909090908283, 0.6060606060606059664, 0.6212121212121211045, 0.6363636363636362425, 0.6515151515151512696, 0.6666666666666665186, 0.6818181818181816567, 0.6969696969696969058, 0.7121212121212119328, 0.7272727272727271819, 0.7424242424242422089, 0.7575757575757574580, 0.7727272727272725961, 0.7878787878787876231, 0.8030303030303028722, 0.8181818181818180102, 0.8333333333333331483, 0.8484848484848483974, 0.8636363636363634244, 0.8787878787878785625, 0.8939393939393937005, 0.9090909090909088386, 0.9242424242424239766, 0.9393939393939392257, 0.9545454545454543638 ),
 .UNSPECIFIED. ) 
 CURVE ( )  GEOMETRIC_REPRESENTATION_ITEM ( )  RATIONAL_B_SPLINE_CURVE ( ( 0.9335205031524571595, 0.9388450457091639390, 1.000000000000000000, 0.8660254037844387076, 1.000000000000000000, 0.8660254037844387076, 1.000000000000000000, 0.8660254037844387076, 1.000000000000000000, 0.8660254037844387076, 1.000000000000000000, 0.8660254037844387076, 1.000000000000000000, 0.8660254037844387076, 1.000000000000000000, 0.8660254037844387076, 1.000000000000000000, 0.8660254037844387076, 1.000000000000000000, 0.8660254037844387076, 1.000000000000000000, 0.8660254037844387076, 1.000000000000000000, 0.8660254037844387076, 1.000000000000000000, 0.8660254037844387076, 1.000000000000000000, 0.8660254037844387076, 1.000000000000000000, 0.8660254037844387076, 1.000000000000000000, 0.8660254037844387076, 1.000000000000000000, 0.8660254037844387076, 1.000000000000000000, 0.8660254037844387076, 1.000000000000000000, 0.8660254037844387076, 1.000000000000000000, 0.8660254037844387076, 1.000000000000000000, 0.8660254037844387076, 1.000000000000000000, 0.8660254037844387076, 1.000000000000000000, 0.8660254037844387076, 1.000000000000000000, 0.8660254037844387076, 1.000000000000000000, 0.8660254037844387076, 1.000000000000000000, 0.8660254037844387076, 1.000000000000000000, 0.8660254037844387076, 1.000000000000000000, 0.8660254037844387076, 1.000000000000000000, 0.8660254037844387076, 1.000000000000000000, 0.8660254037844387076, 1.000000000000000000, 0.8660254037844387076, 1.000000000000000000, 0.8660254037844387076, 1.000000000000000000, 0.8660254037844387076, 1.000000000000000000, 0.8660254037844387076, 1.000000000000000000, 0.8660254037844387076, 1.000000000000000000, 0.8660254037844387076, 1.000000000000000000, 0.8660254037844387076, 1.000000000000000000, 0.8660254037844387076, 1.000000000000000000, 0.8660254037844387076, 1.000000000000000000, 0.8660254037844387076, 1.000000000000000000, 0.8660254037844387076, 1.000000000000000000, 0.8660254037844387076, 1.000000000000000000, 0.8660254037844387076, 1.000000000000000000, 0.8660254037844387076, 1.000000000000000000, 0.8660254037844387076, 1.000000000000000000, 0.8660254037844387076, 1.000000000000000000, 0.8660254037844387076, 1.000000000000000000, 0.8660254037844387076, 1.000000000000000000, 0.8660254037844387076, 1.000000000000000000, 0.8660254037844387076, 1.000000000000000000, 0.8660254037844387076, 1.000000000000000000, 0.8660254037844387076, 1.000000000000000000, 0.8660254037844387076, 1.000000000000000000, 0.8660254037844387076, 1.000000000000000000, 0.8660254037844387076, 1.000000000000000000, 0.8660254037844407060, 0.9999999999999980016 ) ) 
 REPRESENTATION_ITEM ( '' )  );
#2725 = CARTESIAN_POINT ( 'NONE',  ( 0.7927083333333379001, 0.03233161507461836115, 1.444000000000001283 ) ) ;
#2726 = CARTESIAN_POINT ( 'NONE',  ( 0.7937500000000021760, -4.869443502615268820E-18, 1.539762023679036362 ) ) ;
#2728 = VERTEX_POINT ( 'NONE', #1048 ) ;
#2727 = CARTESIAN_POINT ( 'NONE',  ( 0.7541666666666683172, -0.02295661507461569176, -1.539762023679035918 ) ) ;
#2729 = VECTOR ( 'NONE', #2413, 39.37007874015748854 ) ;
#2730 = ADVANCED_FACE ( 'NONE', ( #1447 ), #2438, .F. ) ;
#2731 = CARTESIAN_POINT ( 'NONE',  ( 0.6885416666666686059, 0.02295661507461568829, -1.460237976320963860 ) ) ;
#2732 = CARTESIAN_POINT ( 'NONE',  ( 0.6989583333333379001, 0.04849742261192817316, -1.471999999999999975 ) ) ;
#2733 = CARTESIAN_POINT ( 'NONE',  ( 0.6166666666666683616, 0.02295661507461568829, -1.460237976320963860 ) ) ;
#2734 = CYLINDRICAL_SURFACE ( 'NONE', #4069, 0.05599999999999880074 ) ;
#2735 = CARTESIAN_POINT ( 'NONE',  ( 0.6833333333333349024, 0.02295661507461572298, -1.539762023679035918 ) ) ;
#2736 = CARTESIAN_POINT ( 'NONE',  ( 0.7520833333333354354, -0.03443492261192354631, 1.480118988160482152 ) ) ;
#2737 = CARTESIAN_POINT ( 'NONE',  ( 0.8408283820371944550, 0.003156321474964982401, 1.444000000000001283 ) ) ;
#2738 = EDGE_CURVE ( 'NONE', #2764, #2969, #3023, .T. ) ;
#2739 = CARTESIAN_POINT ( 'NONE',  ( 0.7406250000000024203, -4.869443502615268820E-18, 1.539762023679036362 ) ) ;
#2740 = ORIENTED_EDGE ( 'NONE', *, *, #2754, .F. ) ;
#2741 = CARTESIAN_POINT ( 'NONE',  ( 0.6041666666666658525, 0.03233161507461870809, -1.443999999999999950 ) ) ;
#2742 = CARTESIAN_POINT ( 'NONE',  ( 0.6947916666666686947, -0.03443492261192355325, -1.480118988160481930 ) ) ;
#2743 = CARTESIAN_POINT ( 'NONE',  ( 0.6406250000000044409, 0.000000000000000000, -1.555999999999999162 ) ) ;
#2744 = AXIS2_PLACEMENT_3D ( 'NONE', #1978, #3469, #4510 ) ;
#2745 = CARTESIAN_POINT ( 'NONE',  ( 0.6187500000000021316, -4.869443502615268820E-18, 1.539762023679036362 ) ) ;
#2746 = CARTESIAN_POINT ( 'NONE',  ( 0.7864583333333357018, 0.03443492261192353937, 1.519881011839518514 ) ) ;
#2747 = ORIENTED_EDGE ( 'NONE', *, *, #4041, .F. ) ;
#2748 = CARTESIAN_POINT ( 'NONE',  ( 0.6270833333333354354, -0.03443492261192354631, 1.480118988160482152 ) ) ;
#2749 = CARTESIAN_POINT ( 'NONE',  ( 0.7364583333333379889, -0.04849742261192770826, 1.472000000000000863 ) ) ;
#2750 = DIRECTION ( 'NONE',  ( 2.185478394931406630E-16, 0.000000000000000000, 1.000000000000000000 ) ) ;
#2752 = ORIENTED_EDGE ( 'NONE', *, *, #3498, .F. ) ;
#2751 = CARTESIAN_POINT ( 'NONE',  ( 0.8250000000000017319, -0.04591323014923139739, -1.499999999999999778 ) ) ;
#2753 = CARTESIAN_POINT ( 'NONE',  ( 0.8187499999999992006, 0.000000000000000000, -1.555999999999999384 ) ) ;
#2754 = EDGE_CURVE ( 'NONE', #3291, #3323, #7, .T. ) ;
#2755 =( BOUNDED_CURVE ( )  B_SPLINE_CURVE ( 2, ( #1003, #1310, #4149, #266, #3771, #2427, #1681 ),
 .UNSPECIFIED., .F., .F. ) 
 B_SPLINE_CURVE_WITH_KNOTS ( ( 3, 2, 2, 3 ),
 ( 0.2727272727272725406, 0.2878787878787877341, 0.3030303030303029277, 0.3181818181818182323 ),
 .UNSPECIFIED. ) 
 CURVE ( )  GEOMETRIC_REPRESENTATION_ITEM ( )  RATIONAL_B_SPLINE_CURVE ( ( 1.000000000000001554, 0.8660254037844373753, 1.000000000000000000, 0.8660254037844387076, 1.000000000000000000, 0.8660254037844387076, 1.000000000000000000 ) ) 
 REPRESENTATION_ITEM ( '' )  );
#2756 = CARTESIAN_POINT ( 'NONE',  ( 0.6260416666666686059, -0.02295661507461569176, -1.539762023679035918 ) ) ;
#2757 = CARTESIAN_POINT ( 'NONE',  ( 0.7489583333333357240, -0.03443492261192354631, 1.480118988160482152 ) ) ;
#2758 = CARTESIAN_POINT ( 'NONE',  ( 0.6750000000000017097, -0.04591323014923139739, -1.499999999999999778 ) ) ;
#2759 = CARTESIAN_POINT ( 'NONE',  ( 0.8283393530416044426, 0.02333541896029772342, -1.536963938511784589 ) ) ;
#2760 = CARTESIAN_POINT ( 'NONE',  ( 0.6937500000000017542, -4.869443502615268820E-18, -1.460237976320963860 ) ) ;
#2761 = CARTESIAN_POINT ( 'NONE',  ( 0.7479166666666687835, -0.03443492261192355325, 1.519881011839518292 ) ) ;
#2762 = CARTESIAN_POINT ( 'NONE',  ( 0.5937500000000007772, 0.000000000000000000, 1.444000000000001505 ) ) ;
#2763 = CARTESIAN_POINT ( 'NONE',  ( 0.6510416666666689611, -0.02295661507461569176, 1.460237976320964304 ) ) ;
#2764 = VERTEX_POINT ( 'NONE', #2422 ) ;
#2765 = CARTESIAN_POINT ( 'NONE',  ( 0.7533854166666671404, 0.03311286507461773387, 1.557353164693411340 ) ) ;
#2766 = CARTESIAN_POINT ( 'NONE',  ( 0.6260416666666686059, -0.02295661507461569176, -1.539762023679035918 ) ) ;
#2767 = LINE ( 'NONE', #2077, #1779 ) ;
#2768 = CARTESIAN_POINT ( 'NONE',  ( 0.8248056942922133983, -0.03971876548456544642, 1.501854237156976524 ) ) ;
#2769 = CARTESIAN_POINT ( 'NONE',  ( 0.6781250000000023093, 0.000000000000000000, 1.460237976320964304 ) ) ;
#2770 = DIRECTION ( 'NONE',  ( 9.834652777191331809E-16, 0.000000000000000000, -1.000000000000000000 ) ) ;
#2771 = CARTESIAN_POINT ( 'NONE',  ( 0.7083333333333354798, 0.02295661507461572298, 1.460237976320964304 ) ) ;
#2772 = CARTESIAN_POINT ( 'NONE',  ( 0.6187499999999991340, 0.000000000000000000, -1.555999999999999384 ) ) ;
#2773 = CARTESIAN_POINT ( 'NONE',  ( 0.6083333333333330595, -0.03233161507461867340, 1.555999999999998940 ) ) ;
#2774 = CARTESIAN_POINT ( 'NONE',  ( 0.8020833333333354798, -0.03443492261192354631, 1.480118988160482152 ) ) ;
#2776 = ORIENTED_EDGE ( 'NONE', *, *, #3210, .T. ) ;
#2775 = CARTESIAN_POINT ( 'NONE',  ( 0.8270833333333350579, -0.03443492261192354631, -1.519881011839518070 ) ) ;
#2777 = DIRECTION ( 'NONE',  ( 1.000000000000000000, -0.000000000000000000, -0.000000000000000000 ) ) ;
#2778 = EDGE_CURVE ( 'NONE', #1656, #3608, #2510, .T. ) ;
#2779 = CARTESIAN_POINT ( 'NONE',  ( 0.7156250000000020650, -4.869443502615268820E-18, -1.460237976320963860 ) ) ;
#2780 = CARTESIAN_POINT ( 'NONE',  ( 0.8072916666666690721, 0.03443492261192356713, 1.480118988160482596 ) ) ;
#2781 = CARTESIAN_POINT ( 'NONE',  ( 0.6520833333333350135, -0.03443492261192354631, -1.519881011839518070 ) ) ;
#2782 = CARTESIAN_POINT ( 'NONE',  ( 0.8281250000000046629, -6.858022075225057234E-18, 1.555999999999999162 ) ) ;
#2783 = CARTESIAN_POINT ( 'NONE',  ( 0.6500000000000016875, -0.04591323014923139739, -1.499999999999999778 ) ) ;
#2784 =( BOUNDED_CURVE ( )  B_SPLINE_CURVE ( 2, ( #103, #1570, #3030, #200, #4033, #1618, #3730 ),
 .UNSPECIFIED., .F., .F. ) 
 B_SPLINE_CURVE_WITH_KNOTS ( ( 3, 2, 2, 3 ),
 ( 0.7727272727272725961, 0.7878787878787878451, 0.8030303030303029832, 0.8181818181818183433 ),
 .UNSPECIFIED. ) 
 CURVE ( )  GEOMETRIC_REPRESENTATION_ITEM ( )  RATIONAL_B_SPLINE_CURVE ( ( 1.000000000000000888, 0.8660254037844378194, 1.000000000000000000, 0.8660254037844388186, 1.000000000000000000, 0.8660254037844378194, 1.000000000000000888 ) ) 
 REPRESENTATION_ITEM ( '' )  );
#2785 = CARTESIAN_POINT ( 'NONE',  ( 0.7791666666666687835, -0.02295661507461569176, 1.460237976320964304 ) ) ;
#2786 = CARTESIAN_POINT ( 'NONE',  ( 0.7760416666666711816, 0.03233161507461856238, -1.443999999999999950 ) ) ;
#2787 = CARTESIAN_POINT ( 'NONE',  ( 0.7218750000000022649, -0.04591323014923139739, 1.500000000000000444 ) ) ;
#2788 = ORIENTED_EDGE ( 'NONE', *, *, #3788, .T. ) ;
#2789 = CARTESIAN_POINT ( 'NONE',  ( 0.7325520833333339921, -0.03311286507461777551, 1.557353164693411340 ) ) ;
#2790 = CARTESIAN_POINT ( 'NONE',  ( 0.8269100497880150780, -1.813805529494795056E-13, 1.458133620825162513 ) ) ;
#2791 = CARTESIAN_POINT ( 'NONE',  ( 0.8316509073172710931, -0.03611356167299555747, -1.529634357023797353 ) ) ;
#2792 = CARTESIAN_POINT ( 'NONE',  ( 0.6156250000000024203, -4.869443502615268820E-18, 1.539762023679036362 ) ) ;
#2793 = DIRECTION ( 'NONE',  ( 1.000000000000000000, -0.000000000000000000, -0.000000000000000000 ) ) ;
#2794 = CARTESIAN_POINT ( 'NONE',  ( 0.7539062500000038858, -7.023736956275672060E-18, 1.557353164693411340 ) ) ;
#2795 = CARTESIAN_POINT ( 'NONE',  ( 0.5937500000000007772, 0.000000000000000000, -1.500000000000000444 ) ) ;
#2796 = CARTESIAN_POINT ( 'NONE',  ( 0.8062499999999992450, -6.858022075225118093E-18, -1.444000000000000172 ) ) ;
#2797 = CARTESIAN_POINT ( 'NONE',  ( 0.6666666666666688501, 0.02295661507461568829, 1.539762023679036584 ) ) ;
#2799 = VERTEX_POINT ( 'NONE', #777 ) ;
#2798 = CARTESIAN_POINT ( 'NONE',  ( 0.8187500000000017542, -4.869443502615268820E-18, -1.460237976320963860 ) ) ;
#2800 = CARTESIAN_POINT ( 'NONE',  ( 0.6351562500000035305, -0.06622573014923550938, -1.499999999999999778 ) ) ;
#2801 = CIRCLE ( 'NONE', #1403, 0.07812500000000008327 ) ;
#2802 = CARTESIAN_POINT ( 'NONE',  ( 0.6656250000000020206, -4.869443502615268820E-18, -1.460237976320963860 ) ) ;
#2803 = EDGE_CURVE ( 'NONE', #544, #3489, #25, .T. ) ;
#2804 = CARTESIAN_POINT ( 'NONE',  ( 0.8031250000000024203, 0.000000000000000000, 1.460237976320964304 ) ) ;
#2805 = CARTESIAN_POINT ( 'NONE',  ( 0.6208333333333350135, -0.02295661507461571257, -1.460237976320963860 ) ) ;
#2806 = CARTESIAN_POINT ( 'NONE',  ( 0.7812500000000016653, 0.000000000000000000, -1.539762023679035918 ) ) ;
#2807 = CARTESIAN_POINT ( 'NONE',  ( 0.7208333333333349913, -0.02295661507461571257, -1.460237976320963860 ) ) ;
#2808 = AXIS2_PLACEMENT_3D ( 'NONE', #627, #2054, #1707 ) ;
#2809 = CARTESIAN_POINT ( 'NONE',  ( 0.7250000000000021982, -0.04591323014923139739, 1.500000000000000444 ) ) ;
#2810 = LOCAL_TIME ( 9, 17, 47.00000000000000000, #4260 ) ;
#2811 = CARTESIAN_POINT ( 'NONE',  ( 0.8437500000000001110, 0.000000000000000000, -1.499999999999999778 ) ) ;
#2812 = CARTESIAN_POINT ( 'NONE',  ( 0.6885416666666691610, 0.02295661507461568829, 1.539762023679036584 ) ) ;
#2813 = ORIENTED_EDGE ( 'NONE', *, *, #3343, .F. ) ;
#2814 = CARTESIAN_POINT ( 'NONE',  ( 0.7263020833333340143, 0.04966929761192662163, 1.528676582346705892 ) ) ;
#2815 = ADVANCED_FACE ( 'NONE', ( #3971 ), #3660, .F. ) ;
#2816 = CARTESIAN_POINT ( 'NONE',  ( 0.6666666666666656305, -0.03233161507461902034, -1.555999999999998940 ) ) ;
#2817 = CARTESIAN_POINT ( 'NONE',  ( 0.6072916666666713370, -0.04849742261192770826, 1.527999999999999581 ) ) ;
#2818 = EDGE_CURVE ( 'NONE', #2625, #1510, #3040, .T. ) ;
#2819 = CARTESIAN_POINT ( 'NONE',  ( 0.6447916666666690944, -0.03443492261192355325, 1.519881011839518292 ) ) ;
#2820 = CARTESIAN_POINT ( 'NONE',  ( 0.7406250000000045297, 0.000000000000000000, -1.555999999999999162 ) ) ;
#2821 = CARTESIAN_POINT ( 'NONE',  ( 0.8059895833333372561, -0.03311286507461777551, 1.557353164693411340 ) ) ;
#2822 = DIRECTION ( 'NONE',  ( -0.000000000000000000, -1.000000000000000000, -0.000000000000000000 ) ) ;
#2823 = EDGE_CURVE ( 'NONE', #3363, #2131, #3996, .T. ) ;
#2824 = DIRECTION ( 'NONE',  ( 1.000000000000000000, -0.000000000000000000, -0.000000000000000000 ) ) ;
#2825 = CARTESIAN_POINT ( 'NONE',  ( 0.7125000000000020206, 0.04591323014923139739, 1.500000000000000444 ) ) ;
#2827 = EDGE_LOOP ( 'NONE', ( #3312, #3828, #2493, #3374 ) ) ;
#2826 = ORIENTED_EDGE ( 'NONE', *, *, #926, .F. ) ;
#2828 = CALENDAR_DATE ( 2026, 16, 1 ) ;
#2829 = CARTESIAN_POINT ( 'NONE',  ( 0.6510416666666686281, -0.02295661507461569176, -1.539762023679035918 ) ) ;
#2830 = CARTESIAN_POINT ( 'NONE',  ( 0.8281250000000023315, 0.000000000000000000, 1.460237976320964304 ) ) ;
#2831 = CARTESIAN_POINT ( 'NONE',  ( 0.7468750000000019540, -0.04591323014923139739, -1.499999999999999778 ) ) ;
#2832 = CARTESIAN_POINT ( 'NONE',  ( 0.7854166666666683172, 0.03443492261192356713, -1.519881011839517626 ) ) ;
#2833 = CARTESIAN_POINT ( 'NONE',  ( 0.7955729166666700714, 0.04966929761192666326, -1.528676582346705226 ) ) ;
#2834 = CARTESIAN_POINT ( 'NONE',  ( 0.8395833333333353465, 0.03443492261192353937, 1.519881011839518514 ) ) ;
#2835 = CARTESIAN_POINT ( 'NONE',  ( 0.6531250000000046185, -6.858022075225057234E-18, 1.555999999999999162 ) ) ;
#2836 = CARTESIAN_POINT ( 'NONE',  ( 0.6843750000000025091, 0.04591323014923139739, 1.500000000000000444 ) ) ;
#2837 = EDGE_LOOP ( 'NONE', ( #2715, #3477, #1320, #1072 ) ) ;
#2838 = CARTESIAN_POINT ( 'NONE',  ( 0.6471354166666671848, 0.04966929761192666326, 1.471323417653294996 ) ) ;
#2839 = CARTESIAN_POINT ( 'NONE',  ( 0.6562499999999998890, -6.858022075225068789E-18, 1.555999999999999384 ) ) ;
#2840 = VECTOR ( 'NONE', #4007, 39.37007874015748143 ) ;
#2841 = CARTESIAN_POINT ( 'NONE',  ( 0.6593750000000022649, 0.04591323014923139739, 1.500000000000000444 ) ) ;
#2842 = CARTESIAN_POINT ( 'NONE',  ( 0.7531250000000045963, -6.858022075225057234E-18, 1.555999999999999162 ) ) ;
#2843 = VECTOR ( 'NONE', #31, 39.37007874015748143 ) ;
#2844 = CARTESIAN_POINT ( 'NONE',  ( 0.8143229166666704488, -0.03311286507461774081, 1.442646835306589548 ) ) ;
#2845 = CARTESIAN_POINT ( 'NONE',  ( 0.6937500000000020872, -4.869443502615268820E-18, 1.539762023679036362 ) ) ;
#2846 = EDGE_LOOP ( 'NONE', ( #3033, #3043, #2424, #3185 ) ) ;
#2847 = CARTESIAN_POINT ( 'NONE',  ( 0.5937500000000016653, -4.869443502615268820E-18, -1.460237976320963860 ) ) ;
#2848 = CARTESIAN_POINT ( 'NONE',  ( 0.8437500000000001110, 0.000000000000000000, -1.558706329386822853 ) ) ;
#2849 = CARTESIAN_POINT ( 'NONE',  ( 0.6406250000000024425, -4.869443502615268820E-18, 1.539762023679036362 ) ) ;
#2850 = CARTESIAN_POINT ( 'NONE',  ( 0.7739583333333353021, -0.03443492261192354631, -1.519881011839518070 ) ) ;
#2851 = CARTESIAN_POINT ( 'NONE',  ( 0.7416666666666683616, 0.02295661507461568829, -1.460237976320963860 ) ) ;
#2852 = CARTESIAN_POINT ( 'NONE',  ( 0.8664062500000034861, 0.000000000000000000, -1.557353164693410896 ) ) ;
#2853 = CARTESIAN_POINT ( 'NONE',  ( 0.5929687500000001554, 0.000000000000000000, -1.557353164693410896 ) ) ;
#2854 = CARTESIAN_POINT ( 'NONE',  ( 0.5937500000000007772, 0.000000000000000000, 1.444000000000001505 ) ) ;
#2855 = CARTESIAN_POINT ( 'NONE',  ( 0.6010416666666690277, -0.02295661507461569176, 1.460237976320964304 ) ) ;
#2856 = ORIENTED_EDGE ( 'NONE', *, *, #1951, .F. ) ;
#2857 = CARTESIAN_POINT ( 'NONE',  ( 0.7346354166666673180, -0.04966929761192663551, 1.528676582346705892 ) ) ;
#2858 = CARTESIAN_POINT ( 'NONE',  ( 0.6083333333333323933, -0.03233161507461881218, -1.444000000000000394 ) ) ;
#2859 = EDGE_CURVE ( 'NONE', #2639, #2728, #1924, .T. ) ;
#2860 = CARTESIAN_POINT ( 'NONE',  ( 0.6427083333333357684, -0.02295661507461571257, 1.539762023679036584 ) ) ;
#2861 = CARTESIAN_POINT ( 'NONE',  ( 0.5937500000000008882, -0.01821454275412140791, -1.550722880180517071 ) ) ;
#2862 = MANIFOLD_SOLID_BREP ( 'LPattern1', #3729 ) ;
#2863 = CARTESIAN_POINT ( 'NONE',  ( 0.7580729166666705376, -0.04966929761192663551, 1.528676582346705892 ) ) ;
#2864 = CARTESIAN_POINT ( 'NONE',  ( 0.7239583333333379223, 0.04849742261192769438, 1.528000000000000025 ) ) ;
#2865 = CARTESIAN_POINT ( 'NONE',  ( 0.7260416666666712482, 0.03233161507461856238, -1.443999999999999950 ) ) ;
#2866 = CARTESIAN_POINT ( 'NONE',  ( 0.6562500000000019984, 0.000000000000000000, 1.460237976320964304 ) ) ;
#2867 = VERTEX_POINT ( 'NONE', #4330 ) ;
#2868 = LENGTH_MEASURE_WITH_UNIT ( LENGTH_MEASURE( 0.02539999999999999897 ), #1062 );
#2869 = CARTESIAN_POINT ( 'NONE',  ( 0.8312499999999999334, -6.858022075225068789E-18, 1.555999999999999384 ) ) ;
#2870 = CARTESIAN_POINT ( 'NONE',  ( 0.6427083333333356574, -0.02295661507461571257, 1.539762023679036584 ) ) ;
#2871 = DIRECTION ( 'NONE',  ( 1.000000000000000000, -0.000000000000000000, -0.000000000000000000 ) ) ;
#2872 = CARTESIAN_POINT ( 'NONE',  ( 0.7958333333333350579, -0.02295661507461571257, -1.460237976320963860 ) ) ;
#2873 = CARTESIAN_POINT ( 'NONE',  ( 0.5937500000000016653, -4.869443502615268820E-18, -1.460237976320963860 ) ) ;
#2874 = EDGE_CURVE ( 'NONE', #3502, #3912, #792, .T. ) ;
#2875 = AXIS2_PLACEMENT_3D ( 'NONE', #1084, #3216, #1499 ) ;
#2876 = CARTESIAN_POINT ( 'NONE',  ( 0.7221354166666668073, 0.04966929761192666326, -1.528676582346705226 ) ) ;
#2877 = CARTESIAN_POINT ( 'NONE',  ( 0.8255393682416327650, -0.02114004756505459895, 1.465011703574265800 ) ) ;
#2878 =( BOUNDED_CURVE ( )  B_SPLINE_CURVE ( 2, ( #3471, #1981, #4127, #578, #3048, #2697, #3425, #2408, #4466, #1614, #3449, #601, #3798, #271, #910, #245, #1313, #1264, #3773, #1291, #2746, #3821, #4512, #3073, #932, #2719, #628, #2650, #2056, #2359, #3027, #220, #4153, #1708, #1237, #4078, #2675, #956, #886, #3726, #529, #4103, #2337, #3752, #3398, #1639, #1731, #3206, #3518, #1796, #652, #3582, #1360, #1033, #2429, #4561, #3847, #2454, #2079, #3494, #3165, #3870, #674, #1452, #3915, #4631, #340, #1818, #293, #4272, #12, #701, #2769, #3188, #1776, #3895, #1410, #1386, #316, #2104, #721, #2841, #2169, #1753, #1076, #1431, #3141, #4606, #2819, #2860, #2149, #2497, #3561, #4203, #4583, #360, #4294, #2124, #1005, #1098, #2517, #3538, #2792, #3939, #4249, #4225, #1054, #381, #746, #2477, #829, #2947, #4048, #2554, #1208 ),
 .UNSPECIFIED., .F., .F. ) 
 B_SPLINE_CURVE_WITH_KNOTS ( ( 3, 2, 2, 2, 2, 2, 2, 2, 2, 2, 2, 2, 2, 2, 2, 2, 2, 2, 2, 2, 2, 2, 2, 2, 2, 2, 2, 2, 2, 2, 2, 2, 2, 2, 2, 2, 2, 2, 2, 2, 2, 2, 2, 2, 2, 2, 2, 2, 2, 2, 2, 2, 2, 2, 2, 2, 2, 3 ),
 ( 0.1027747642284317364, 0.1060606060606060635, 0.1212121212121212155, 0.1363636363636363535, 0.1515151515151515194, 0.1666666666666666574, 0.1818181818181818232, 0.1969696969696969613, 0.2121212121212121271, 0.2272727272727272652, 0.2424242424242424310, 0.2575757575757575690, 0.2727272727272727071, 0.2878787878787879007, 0.3030303030303030387, 0.3181818181818181768, 0.3333333333333333148, 0.3484848484848485084, 0.3636363636363636465, 0.3787878787878787845, 0.3939393939393939226, 0.4090909090909091161, 0.4242424242424242542, 0.4393939393939393923, 0.4545454545454545303, 0.4696969696969697239, 0.4848484848484848619, 0.5000000000000000000, 0.5151515151515151381, 0.5303030303030302761, 0.5454545454545454142, 0.5606060606060605522, 0.5757575757575758013, 0.5909090909090909394, 0.6060606060606061884, 0.6212121212121213265, 0.6363636363636364646, 0.6515151515151516026, 0.6666666666666667407, 0.6818181818181818787, 0.6969696969696970168, 0.7121212121212121549, 0.7272727272727272929, 0.7424242424242424310, 0.7575757575757575690, 0.7727272727272727071, 0.7878787878787878451, 0.8030303030303029832, 0.8181818181818183433, 0.8333333333333334814, 0.8484848484848486194, 0.8636363636363637575, 0.8787878787878788955, 0.8939393939393940336, 0.9090909090909091717, 0.9242424242424243097, 0.9393939393939394478, 0.9433785408684809415 ),
 .UNSPECIFIED. ) 
 CURVE ( )  GEOMETRIC_REPRESENTATION_ITEM ( )  RATIONAL_B_SPLINE_CURVE ( ( 0.9544928785362725154, 0.9709455240422121269, 1.000000000000000000, 0.8660254037844387076, 1.000000000000000000, 0.8660254037844387076, 1.000000000000000000, 0.8660254037844387076, 1.000000000000000000, 0.8660254037844387076, 1.000000000000000000, 0.8660254037844387076, 1.000000000000000000, 0.8660254037844387076, 1.000000000000000000, 0.8660254037844387076, 1.000000000000000000, 0.8660254037844387076, 1.000000000000000000, 0.8660254037844387076, 1.000000000000000000, 0.8660254037844387076, 1.000000000000000000, 0.8660254037844387076, 1.000000000000000000, 0.8660254037844387076, 1.000000000000000000, 0.8660254037844387076, 1.000000000000000000, 0.8660254037844387076, 1.000000000000000000, 0.8660254037844387076, 1.000000000000000000, 0.8660254037844387076, 1.000000000000000000, 0.8660254037844387076, 1.000000000000000000, 0.8660254037844387076, 1.000000000000000000, 0.8660254037844387076, 1.000000000000000000, 0.8660254037844387076, 1.000000000000000000, 0.8660254037844387076, 1.000000000000000000, 0.8660254037844387076, 1.000000000000000000, 0.8660254037844387076, 1.000000000000000000, 0.8660254037844387076, 1.000000000000000000, 0.8660254037844387076, 1.000000000000000000, 0.8660254037844387076, 1.000000000000000000, 0.8660254037844387076, 1.000000000000000000, 0.8660254037844387076, 1.000000000000000000, 0.8660254037844387076, 1.000000000000000000, 0.8660254037844387076, 1.000000000000000000, 0.8660254037844387076, 1.000000000000000000, 0.8660254037844387076, 1.000000000000000000, 0.8660254037844387076, 1.000000000000000000, 0.8660254037844387076, 1.000000000000000000, 0.8660254037844387076, 1.000000000000000000, 0.8660254037844387076, 1.000000000000000000, 0.8660254037844387076, 1.000000000000000000, 0.8660254037844387076, 1.000000000000000000, 0.8660254037844387076, 1.000000000000000000, 0.8660254037844387076, 1.000000000000000000, 0.8660254037844387076, 1.000000000000000000, 0.8660254037844387076, 1.000000000000000000, 0.8660254037844387076, 1.000000000000000000, 0.8660254037844387076, 1.000000000000000000, 0.8660254037844387076, 1.000000000000000000, 0.8660254037844387076, 1.000000000000000000, 0.8660254037844387076, 1.000000000000000000, 0.8660254037844387076, 1.000000000000000000, 0.8660254037844387076, 1.000000000000000000, 0.8660254037844387076, 1.000000000000000000, 0.8660254037844387076, 1.000000000000000000, 0.8660254037844387076, 1.000000000000000000, 0.8660254037844387076, 1.000000000000000000, 0.8660254037844387076, 1.000000000000000000, 0.8660254037844387076, 1.000000000000000000, 0.9647668653403126404, 0.9480652107225628900 ) ) 
 REPRESENTATION_ITEM ( '' )  );
#2879 = DIRECTION ( 'NONE',  ( 1.000000000000000000, -0.000000000000000000, -0.000000000000000000 ) ) ;
#2880 = VERTEX_POINT ( 'NONE', #4018 ) ;
#2881 = CARTESIAN_POINT ( 'NONE',  ( 0.6179687500000005107, 0.000000000000000000, 1.442646835306589326 ) ) ;
#2882 = AXIS2_PLACEMENT_3D ( 'NONE', #4311, #4290, #1117 ) ;
#2883 = CARTESIAN_POINT ( 'NONE',  ( 0.8353363146168786280, -0.01091697734393970616, -1.449707355996299185 ) ) ;
#2884 = CYLINDRICAL_SURFACE ( 'NONE', #826, 0.05599999999999880074 ) ;
#2885 = CARTESIAN_POINT ( 'NONE',  ( 0.7330729166666705154, -0.04966929761192663551, 1.528676582346705892 ) ) ;
#2886 = CARTESIAN_POINT ( 'NONE',  ( 0.8041666666666660301, 0.03233161507461846523, -1.443999999999999950 ) ) ;
#2887 = CARTESIAN_POINT ( 'NONE',  ( 0.6895833333333354354, 0.03443492261192353937, 1.519881011839518514 ) ) ;
#2888 = ORIENTED_EDGE ( 'NONE', *, *, #3638, .F. ) ;
#2889 = VECTOR ( 'NONE', #2380, 39.37007874015748143 ) ;
#2890 = CARTESIAN_POINT ( 'NONE',  ( 0.8407078311808729998, 0.004187092468308246246, -1.555545455244452535 ) ) ;
#2891 = CARTESIAN_POINT ( 'NONE',  ( 0.6927083333333358128, -0.02295661507461571257, 1.539762023679036584 ) ) ;
#2892 = CARTESIAN_POINT ( 'NONE',  ( 0.8248056942922133983, -0.02920074319221206693, -1.526987684674212087 ) ) ;
#2893 = CARTESIAN_POINT ( 'NONE',  ( 0.7791666666666684504, -0.02295661507461569523, -1.539762023679035918 ) ) ;
#2894 = CARTESIAN_POINT ( 'NONE',  ( 0.5854166666666683616, 0.03443492261192356713, -1.519881011839517626 ) ) ;
#2895 = CARTESIAN_POINT ( 'NONE',  ( 0.6846354166666668295, -0.04966929761192663551, -1.471323417653294330 ) ) ;
#2896 = CARTESIAN_POINT ( 'NONE',  ( 0.8124999999999998890, -0.06466323014923702761, 1.500000000000000222 ) ) ;
#2897 = CARTESIAN_POINT ( 'NONE',  ( 0.6572916666666712704, -0.04849742261192770826, 1.527999999999999581 ) ) ;
#2898 = CARTESIAN_POINT ( 'NONE',  ( 0.6093750000000024425, 0.04591323014923139739, 1.500000000000000444 ) ) ;
#2899 = ORIENTED_EDGE ( 'NONE', *, *, #3759, .T. ) ;
#2900 = CC_DESIGN_DATE_AND_TIME_ASSIGNMENT ( #3945, #1126, ( #2557 ) ) ;
#2901 =( BOUNDED_CURVE ( )  B_SPLINE_CURVE ( 2, ( #2039, #611, #990, #587, #3057, #2391, #3856 ),
 .UNSPECIFIED., .F., .F. ) 
 B_SPLINE_CURVE_WITH_KNOTS ( ( 3, 2, 2, 3 ),
 ( 0.5454545454545455252, 0.5606060606060604412, 0.5757575757575753572, 0.5909090909090902732 ),
 .UNSPECIFIED. ) 
 CURVE ( )  GEOMETRIC_REPRESENTATION_ITEM ( )  RATIONAL_B_SPLINE_CURVE ( ( 0.9999999999999990008, 0.8660254037844397068, 1.000000000000000000, 0.8660254037844387076, 1.000000000000000000, 0.8660254037844445918, 0.9999999999999941158 ) ) 
 REPRESENTATION_ITEM ( '' )  );
#2902 = ORIENTED_EDGE ( 'NONE', *, *, #875, .F. ) ;
#2903 = CARTESIAN_POINT ( 'NONE',  ( 0.8403773927962840951, 0.002089561747714395804, 1.444666277816923028 ) ) ;
#2904 = CARTESIAN_POINT ( 'NONE',  ( 0.7322916666666685614, 0.03443492261192356713, -1.519881011839517626 ) ) ;
#2905 = AXIS2_PLACEMENT_3D ( 'NONE', #2032, #1006, #3074 ) ;
#2906 = CARTESIAN_POINT ( 'NONE',  ( 0.6059895833333371895, -0.03311286507461777551, 1.557353164693411340 ) ) ;
#2907 = LINE ( 'NONE', #4342, #4336 ) ;
#2908 = CARTESIAN_POINT ( 'NONE',  ( 0.5942998583801843981, 0.04468119312171950352, -1.534609903370383943 ) ) ;
#2909 = ORIENTED_EDGE ( 'NONE', *, *, #3623, .T. ) ;
#2910 = CARTESIAN_POINT ( 'NONE',  ( 0.5937500000000009992, -0.02046678278665125042, -1.464370724084115061 ) ) ;
#2911 = CARTESIAN_POINT ( 'NONE',  ( 0.6093750000000019984, 0.04591323014923139739, -1.499999999999999778 ) ) ;
#2912 = CARTESIAN_POINT ( 'NONE',  ( 0.6072916666666690055, 0.03443492261192356713, 1.480118988160482596 ) ) ;
#2913 = ADVANCED_FACE ( 'NONE', ( #1506 ), #4040, .F. ) ;
#2914 = CARTESIAN_POINT ( 'NONE',  ( 0.8239583333333353465, -0.03443492261192354631, -1.519881011839518070 ) ) ;
#2915 = CARTESIAN_POINT ( 'NONE',  ( 0.6354166666666682950, 0.03443492261192356713, -1.519881011839517626 ) ) ;
#2916 = CARTESIAN_POINT ( 'NONE',  ( 0.8247395833333367454, 0.04966929761192662163, -1.471323417653294330 ) ) ;
#2917 = CARTESIAN_POINT ( 'NONE',  ( 0.7013020833333335480, 0.04966929761192662163, -1.471323417653294330 ) ) ;
#2918 = DIRECTION ( 'NONE',  ( 0.000000000000000000, 0.000000000000000000, -1.000000000000000000 ) ) ;
#2919 = CARTESIAN_POINT ( 'NONE',  ( 0.8283393530416044426, 0.02333541896029794546, 1.463036061488215855 ) ) ;
#2920 = ORIENTED_EDGE ( 'NONE', *, *, #3249, .T. ) ;
#2921 = ADVANCED_BREP_SHAPE_REPRESENTATION ( '1726A44_Threaded-Hole-Mount Round Pull Handle', ( #2862, #871 ), #4001 ) ;
#2922 = ORIENTED_EDGE ( 'NONE', *, *, #4322, .T. ) ;
#2923 = CARTESIAN_POINT ( 'NONE',  ( 0.8374919283981206997, -0.04684083651711224566, -1.473983164529073742 ) ) ;
#2924 = CARTESIAN_POINT ( 'NONE',  ( 0.8031250000000019762, 0.000000000000000000, -1.539762023679035918 ) ) ;
#2925 = ADVANCED_FACE ( 'NONE', ( #800 ), #3640, .F. ) ;
#2926 = CARTESIAN_POINT ( 'NONE',  ( 0.6039062500000038636, -7.023736956275672060E-18, 1.557353164693411340 ) ) ;
#2927 =( BOUNDED_CURVE ( )  B_SPLINE_CURVE ( 2, ( #3868, #1526, #1028, #1794, #4581, #1095, #440 ),
 .UNSPECIFIED., .F., .F. ) 
 B_SPLINE_CURVE_WITH_KNOTS ( ( 3, 2, 2, 3 ),
 ( 0.4545454545454546413, 0.4696969696969697239, 0.4848484848484848064, 0.4999999999999998335 ),
 .UNSPECIFIED. ) 
 CURVE ( )  GEOMETRIC_REPRESENTATION_ITEM ( )  RATIONAL_B_SPLINE_CURVE ( ( 0.9999999999999990008, 0.8660254037844398178, 1.000000000000000000, 0.8660254037844388186, 1.000000000000000000, 0.8660254037844402619, 0.9999999999999985567 ) ) 
 REPRESENTATION_ITEM ( '' )  );
#2928 = CARTESIAN_POINT ( 'NONE',  ( 0.8437500000000005551, 0.000000000000000000, 1.500000000000000444 ) ) ;
#2929 = DIRECTION ( 'NONE',  ( 1.000000000000000000, -0.000000000000000000, -0.000000000000000000 ) ) ;
#2930 = VERTEX_POINT ( 'NONE', #1177 ) ;
#2931 = CARTESIAN_POINT ( 'NONE',  ( 0.8354166666666686947, 0.03443492261192356713, 1.480118988160482596 ) ) ;
#2932 = CARTESIAN_POINT ( 'NONE',  ( 0.5927083333333352799, -0.02295661507461571257, -1.460237976320963860 ) ) ;
#2933 = CARTESIAN_POINT ( 'NONE',  ( 0.6156250000000024203, -4.869443502615268820E-18, 1.539762023679036362 ) ) ;
#2934 = CARTESIAN_POINT ( 'NONE',  ( 0.7385416666666686503, 0.02295661507461568829, -1.460237976320963860 ) ) ;
#2935 = CARTESIAN_POINT ( 'NONE',  ( 0.6645833333333350801, 0.03443492261192353937, -1.480118988160481708 ) ) ;
#2936 = CARTESIAN_POINT ( 'NONE',  ( 0.7518229166666702268, 0.03311286507461773387, -1.442646835306588660 ) ) ;
#2937 = CARTESIAN_POINT ( 'NONE',  ( 0.6541666666666665630, 0.03233161507461836809, 1.555999999999999384 ) ) ;
#2938 = CARTESIAN_POINT ( 'NONE',  ( 0.6513020833333336146, 0.04966929761192662163, -1.471323417653294330 ) ) ;
#2939 = CARTESIAN_POINT ( 'NONE',  ( 0.6843750000000045075, -0.06466323014923693047, 1.500000000000000444 ) ) ;
#2940 = CARTESIAN_POINT ( 'NONE',  ( 0.8177083333333377002, 0.03233161507461878442, -1.555999999999999162 ) ) ;
#2941 = DIRECTION ( 'NONE',  ( 1.000000000000000000, -0.000000000000000000, -0.000000000000000000 ) ) ;
#2942 = CARTESIAN_POINT ( 'NONE',  ( 0.5937500000000007772, 0.000000000000000000, -1.500000000000000444 ) ) ;
#2943 = ORIENTED_EDGE ( 'NONE', *, *, #3012, .T. ) ;
#2944 = VECTOR ( 'NONE', #1632, 39.37007874015748143 ) ;
#2945 = CARTESIAN_POINT ( 'NONE',  ( 0.6687499999999990674, 0.000000000000000000, -1.555999999999999384 ) ) ;
#2946 = ORIENTED_EDGE ( 'NONE', *, *, #143, .T. ) ;
#2947 = CARTESIAN_POINT ( 'NONE',  ( 0.5968750000000023759, -0.04591323014923139739, 1.500000000000000444 ) ) ;
#2948 = FACE_OUTER_BOUND ( 'NONE', #4385, .T. ) ;
#2949 = AXIS2_PLACEMENT_3D ( 'NONE', #2685, #563, #4522 ) ;
#2950 = CARTESIAN_POINT ( 'NONE',  ( 0.5976562500000039968, 0.06622573014923550938, 1.500000000000000444 ) ) ;
#2951 = EDGE_CURVE ( 'NONE', #3816, #395, #2549, .T. ) ;
#2952 = CARTESIAN_POINT ( 'NONE',  ( 0.5937500000000007772, -0.02785843759302079892, 1.528371217491112821 ) ) ;
#2953 = CARTESIAN_POINT ( 'NONE',  ( 0.6145833333333354798, 0.03443492261192353937, 1.519881011839518514 ) ) ;
#2954 = ORIENTED_EDGE ( 'NONE', *, *, #3908, .F. ) ;
#2955 =( BOUNDED_CURVE ( )  B_SPLINE_CURVE ( 2, ( #3051, #4494, #4011, #2107, #2011, #582, #1316 ),
 .UNSPECIFIED., .F., .F. ) 
 B_SPLINE_CURVE_WITH_KNOTS ( ( 3, 2, 2, 3 ),
 ( 0.1818181818181818510, 0.1969696969696969058, 0.2121212121212120161, 0.2272727272727270709 ),
 .UNSPECIFIED. ) 
 CURVE ( )  GEOMETRIC_REPRESENTATION_ITEM ( )  RATIONAL_B_SPLINE_CURVE ( ( 0.9999999999999996669, 0.8660254037844390407, 1.000000000000000000, 0.8660254037844388186, 1.000000000000000000, 0.8660254037844405950, 0.9999999999999982236 ) ) 
 REPRESENTATION_ITEM ( '' )  );
#2956 = CARTESIAN_POINT ( 'NONE',  ( 0.8062500000000021316, 0.000000000000000000, 1.460237976320964304 ) ) ;
#2957 = APPROVAL ( #2111, 'UNSPECIFIED' ) ;
#2958 = CARTESIAN_POINT ( 'NONE',  ( 0.7656250000000044409, 0.000000000000000000, -1.555999999999999162 ) ) ;
#2959 = CARTESIAN_POINT ( 'NONE',  ( 0.5781250000000024425, 0.000000000000000000, 1.460237976320964304 ) ) ;
#2960 = CARTESIAN_POINT ( 'NONE',  ( 0.6218750000000019540, -0.04591323014923139739, -1.499999999999999778 ) ) ;
#2961 = CARTESIAN_POINT ( 'NONE',  ( 0.6604166666666684282, 0.03443492261192356713, -1.519881011839517626 ) ) ;
#2962 = CARTESIAN_POINT ( 'NONE',  ( 0.7539062500000035527, -7.023736956275672060E-18, -1.442646835306588882 ) ) ;
#2963 = CARTESIAN_POINT ( 'NONE',  ( 0.8075520833333336146, -0.03311286507461777551, -1.442646835306588660 ) ) ;
#2964 = CARTESIAN_POINT ( 'NONE',  ( 0.7760416666666686281, -0.02295661507461569176, -1.539762023679035918 ) ) ;
#2965 = CARTESIAN_POINT ( 'NONE',  ( 0.8145833333333332149, -0.04849742261192779152, 1.472000000000000863 ) ) ;
#2966 = CARTESIAN_POINT ( 'NONE',  ( 0.7906250000000045741, 0.000000000000000000, 1.444000000000001283 ) ) ;
#2967 = CARTESIAN_POINT ( 'NONE',  ( 0.7145833333333324600, -0.04849742261192814541, -1.527999999999999581 ) ) ;
#2968 = CARTESIAN_POINT ( 'NONE',  ( 0.7666666666666683838, 0.02295661507461568829, -1.460237976320963860 ) ) ;
#2969 = VERTEX_POINT ( 'NONE', #4402 ) ;
#2970 = DIRECTION ( 'NONE',  ( 1.000000000000000000, 0.000000000000000000, 0.000000000000000000 ) ) ;
#2971 = CARTESIAN_POINT ( 'NONE',  ( 0.6013020833333340143, 0.04966929761192662163, 1.528676582346705892 ) ) ;
#2972 = EDGE_CURVE ( 'NONE', #425, #4447, #2614, .T. ) ;
#2973 = ORIENTED_EDGE ( 'NONE', *, *, #1512, .T. ) ;
#2974 = CARTESIAN_POINT ( 'NONE',  ( 0.8359182043710953192, -0.02185204661242120400, -1.452775270204099689 ) ) ;
#2975 = CARTESIAN_POINT ( 'NONE',  ( 0.6872395833333372339, -0.04966929761192663551, 1.471323417653294996 ) ) ;
#2976 = CARTESIAN_POINT ( 'NONE',  ( 0.6385416666666710039, -0.03233161507461866646, 1.444000000000001727 ) ) ;
#2977 = CARTESIAN_POINT ( 'NONE',  ( 0.5947916666666711594, 0.04849742261192820092, -1.527999999999999581 ) ) ;
#2978 = ORIENTED_EDGE ( 'NONE', *, *, #1775, .T. ) ;
#2979 = CARTESIAN_POINT ( 'NONE',  ( 0.7520833333333354354, -0.03443492261192354631, 1.480118988160482152 ) ) ;
#2980 = CARTESIAN_POINT ( 'NONE',  ( 0.6697916666666686725, -0.03443492261192355325, -1.480118988160481930 ) ) ;
#2981 = CARTESIAN_POINT ( 'NONE',  ( 0.6145833333333350357, 0.03443492261192353937, -1.480118988160481708 ) ) ;
#2982 = CARTESIAN_POINT ( 'NONE',  ( 0.6664062500000034195, 0.000000000000000000, -1.557353164693410896 ) ) ;
#2983 = VECTOR ( 'NONE', #3960, 39.37007874015748143 ) ;
#2984 = CARTESIAN_POINT ( 'NONE',  ( 0.7533854166666669183, 0.03311286507461773387, -1.442646835306588660 ) ) ;
#2985 = CARTESIAN_POINT ( 'NONE',  ( 0.8239583333333353465, -0.03443492261192354631, -1.519881011839518070 ) ) ;
#2986 = CARTESIAN_POINT ( 'NONE',  ( 0.7031250000000046629, -6.858022075225123486E-18, -1.444000000000000172 ) ) ;
#2987 = CARTESIAN_POINT ( 'NONE',  ( 0.7885416666666711372, -0.03233161507461859013, 1.444000000000001060 ) ) ;
#2988 = CARTESIAN_POINT ( 'NONE',  ( 0.5937500000000009992, -0.01821454275413863719, 1.449277119819491366 ) ) ;
#2989 = CARTESIAN_POINT ( 'NONE',  ( 0.6281250000000044853, -6.858022075225123486E-18, -1.444000000000000172 ) ) ;
#2990 = ORIENTED_EDGE ( 'NONE', *, *, #1377, .F. ) ;
#2991 = CARTESIAN_POINT ( 'NONE',  ( 0.5942998583802115986, 0.04468119312193063325, 1.465390096629983097 ) ) ;
#2992 = CARTESIAN_POINT ( 'NONE',  ( 0.5763020833333339921, 0.04966929761192662163, 1.528676582346705892 ) ) ;
#2993 = ORIENTED_EDGE ( 'NONE', *, *, #125, .T. ) ;
#2994 = CARTESIAN_POINT ( 'NONE',  ( 0.8138020833333339255, -0.04966929761192663551, 1.471323417653294996 ) ) ;
#2995 = CARTESIAN_POINT ( 'NONE',  ( 0.8156250000000020428, -4.869443502615268820E-18, -1.460237976320963860 ) ) ;
#2996 = CARTESIAN_POINT ( 'NONE',  ( 0.6476562500000039302, 0.06622573014923550938, 1.500000000000000444 ) ) ;
#2997 = EDGE_CURVE ( 'NONE', #825, #4210, #3510, .T. ) ;
#2998 = CARTESIAN_POINT ( 'NONE',  ( 0.6729166666666687169, -0.03443492261192355325, 1.519881011839518292 ) ) ;
#2999 = DIRECTION ( 'NONE',  ( 0.000000000000000000, 0.000000000000000000, -1.000000000000000000 ) ) ;
#3000 = CARTESIAN_POINT ( 'NONE',  ( 0.7187499999999997780, 0.000000000000000000, 1.444000000000001283 ) ) ;
#3001 = VERTEX_POINT ( 'NONE', #2635 ) ;
#3002 = CARTESIAN_POINT ( 'NONE',  ( 0.8291666666666687169, -0.02295661507461569176, 1.460237976320964304 ) ) ;
#3003 = CARTESIAN_POINT ( 'NONE',  ( 0.8302083333333379889, -0.03233161507461876361, 1.555999999999998940 ) ) ;
#3004 = CARTESIAN_POINT ( 'NONE',  ( 0.6718750000000018874, -0.04591323014923139739, -1.499999999999999778 ) ) ;
#3005 = CARTESIAN_POINT ( 'NONE',  ( 0.6520833333333350135, -0.03443492261192354631, -1.519881011839518070 ) ) ;
#3006 = ORIENTED_EDGE ( 'NONE', *, *, #1631, .F. ) ;
#3007 = CARTESIAN_POINT ( 'NONE',  ( 0.6684895833333368564, 0.03311286507461778245, -1.557353164693410674 ) ) ;
#3008 = EDGE_CURVE ( 'NONE', #395, #4334, #4475, .T. ) ;
#3009 = CARTESIAN_POINT ( 'NONE',  ( 0.7658854166666667629, -0.03311286507461774081, -1.557353164693410674 ) ) ;
#3010 = CARTESIAN_POINT ( 'NONE',  ( 0.8302083333333353243, 0.02295661507461572298, -1.539762023679035918 ) ) ;
#3011 = CARTESIAN_POINT ( 'NONE',  ( 0.6906250000000045963, 0.000000000000000000, -1.555999999999999162 ) ) ;
#3012 = EDGE_CURVE ( 'NONE', #2575, #4095, #3377, .T. ) ;
#3013 = DIRECTION ( 'NONE',  ( 0.000000000000000000, 0.000000000000000000, -1.000000000000000000 ) ) ;
#3014 = FACE_OUTER_BOUND ( 'NONE', #3544, .T. ) ;
#3015 = CARTESIAN_POINT ( 'NONE',  ( 0.8250000000000017319, -0.04591323014923139739, -1.499999999999999778 ) ) ;
#3016 = VERTEX_POINT ( 'NONE', #844 ) ;
#3017 = LINE ( 'NONE', #3791, #2944 ) ;
#3018 = CARTESIAN_POINT ( 'NONE',  ( 0.6096354166666672070, -0.04966929761192663551, 1.528676582346705892 ) ) ;
#3019 = ORIENTED_EDGE ( 'NONE', *, *, #2232, .T. ) ;
#3020 = CARTESIAN_POINT ( 'NONE',  ( 0.8179687500000005773, 0.000000000000000000, 1.442646835306589326 ) ) ;
#3021 = CARTESIAN_POINT ( 'NONE',  ( 0.6572916666666687169, 0.03443492261192356713, -1.519881011839517626 ) ) ;
#3022 = CARTESIAN_POINT ( 'NONE',  ( 0.7499999999999991118, 0.06466323014923751333, -1.499999999999999778 ) ) ;
#3023 = CIRCLE ( 'NONE', #1242, 0.07812500000000013878 ) ;
#3024 = CARTESIAN_POINT ( 'NONE',  ( 0.5812500000000020428, 0.000000000000000000, 1.460237976320964304 ) ) ;
#3025 = CONICAL_SURFACE ( 'NONE', #2808, 0.05870632938682311674, 0.7853981633974500554 ) ;
#3026 = CARTESIAN_POINT ( 'NONE',  ( 0.6437499999999998224, 0.000000000000000000, 1.444000000000001283 ) ) ;
#3027 = CARTESIAN_POINT ( 'NONE',  ( 0.7656250000000024425, -4.869443502615268820E-18, 1.539762023679036362 ) ) ;
#3028 = ORIENTED_EDGE ( 'NONE', *, *, #430, .T. ) ;
#3029 = CARTESIAN_POINT ( 'NONE',  ( 0.7375000000000019318, 0.04591323014923139739, 1.500000000000000444 ) ) ;
#3030 = CARTESIAN_POINT ( 'NONE',  ( 0.6270833333333332149, 0.04849742261192777765, 1.528000000000000247 ) ) ;
#3031 = CARTESIAN_POINT ( 'NONE',  ( 0.7197916666666686059, -0.03443492261192355325, -1.480118988160481930 ) ) ;
#3032 = CARTESIAN_POINT ( 'NONE',  ( 0.8208333333333355242, -0.02295661507461571257, 1.539762023679036584 ) ) ;
#3033 = ORIENTED_EDGE ( 'NONE', *, *, #2246, .F. ) ;
#3034 = CARTESIAN_POINT ( 'NONE',  ( 0.7684895833333368342, 0.03311286507461778245, -1.557353164693410674 ) ) ;
#3035 = CARTESIAN_POINT ( 'NONE',  ( 0.8408854166666668295, -0.03311286507461774081, -1.557353164693410674 ) ) ;
#3036 = CARTESIAN_POINT ( 'NONE',  ( 0.7822916666666686059, 0.03443492261192356713, -1.519881011839517626 ) ) ;
#3037 = CARTESIAN_POINT ( 'NONE',  ( 0.6802083333333378556, -0.03233161507461893708, -1.443999999999999950 ) ) ;
#3038 = CARTESIAN_POINT ( 'NONE',  ( 0.8400530853067590398, 1.066549531403667445E-12, -1.555009414693581782 ) ) ;
#3039 = CARTESIAN_POINT ( 'NONE',  ( 0.8342815295138191756, 0.01204049807814734988, 1.549237858900641696 ) ) ;
#3040 = B_SPLINE_CURVE_WITH_KNOTS ( 'NONE', 3,
 ( #1153, #3261, #2877, #2568, #1873, #1828 ),
 .UNSPECIFIED., .F., .F.,
 ( 4, 2, 4 ),
 ( 1.829830076504975271E-17, 0.0004287971446478160988, 0.0008575942892956138746 ),
 .UNSPECIFIED. ) ;
#3041 = DIRECTION ( 'NONE',  ( 0.000000000000000000, 0.000000000000000000, -1.000000000000000000 ) ) ;
#3042 = CARTESIAN_POINT ( 'NONE',  ( 0.5888020833333338366, -0.04966929761192663551, 1.471323417653294996 ) ) ;
#3043 = ORIENTED_EDGE ( 'NONE', *, *, #2159, .F. ) ;
#3044 = CARTESIAN_POINT ( 'NONE',  ( 0.8325520833333340809, -0.03311286507461777551, 1.557353164693411340 ) ) ;
#3045 = CARTESIAN_POINT ( 'NONE',  ( 0.7218750000000020428, -0.04591323014923139739, -1.499999999999999778 ) ) ;
#3046 = DIRECTION ( 'NONE',  ( 0.000000000000000000, 0.000000000000000000, -1.000000000000000000 ) ) ;
#3047 = CARTESIAN_POINT ( 'NONE',  ( 0.6166666666666688057, 0.02295661507461568829, 1.539762023679036584 ) ) ;
#3048 = CARTESIAN_POINT ( 'NONE',  ( 0.8197916666666691388, -0.03443492261192355325, 1.519881011839518292 ) ) ;
#3049 = CARTESIAN_POINT ( 'NONE',  ( 0.7531250000000045963, -6.858022075225057234E-18, 1.555999999999999162 ) ) ;
#3050 = CARTESIAN_POINT ( 'NONE',  ( 0.7041666666666688279, -0.02295661507461569176, 1.460237976320964304 ) ) ;
#3051 = CARTESIAN_POINT ( 'NONE',  ( 0.7937499999999998446, 0.000000000000000000, 1.444000000000001283 ) ) ;
#3052 =( BOUNDED_CURVE ( )  B_SPLINE_CURVE ( 2, ( #1555, #4504, #3064, #4117, #2001, #189, #2326 ),
 .UNSPECIFIED., .F., .F. ) 
 B_SPLINE_CURVE_WITH_KNOTS ( ( 3, 2, 2, 3 ),
 ( 0.7727272727272729291, 0.7878787878787879562, 0.8030303030303029832, 0.8181818181818180102 ),
 .UNSPECIFIED. ) 
 CURVE ( )  GEOMETRIC_REPRESENTATION_ITEM ( )  RATIONAL_B_SPLINE_CURVE ( ( 0.9999999999999980016, 0.8660254037844407060, 1.000000000000000000, 0.8660254037844387076, 1.000000000000000000, 0.8660254037844397068, 0.9999999999999990008 ) ) 
 REPRESENTATION_ITEM ( '' )  );
#3053 = CARTESIAN_POINT ( 'NONE',  ( 0.7552083333333379223, -0.03233161507461900647, -1.444000000000000838 ) ) ;
#3054 = CARTESIAN_POINT ( 'NONE',  ( 0.8229166666666688501, -0.03443492261192355325, 1.519881011839518292 ) ) ;
#3056 = VERTEX_POINT ( 'NONE', #2370 ) ;
#3055 = CARTESIAN_POINT ( 'NONE',  ( 0.7916666666666682950, 0.02295661507461568829, -1.460237976320963860 ) ) ;
#3057 = CARTESIAN_POINT ( 'NONE',  ( 0.7072916666666713148, -0.04849742261192818704, -1.471999999999999975 ) ) ;
#3058 = CARTESIAN_POINT ( 'NONE',  ( 0.8096354166666669405, -0.04966929761192663551, -1.471323417653294330 ) ) ;
#3059 = CARTESIAN_POINT ( 'NONE',  ( 0.7531250000000019318, 0.000000000000000000, -1.539762023679035918 ) ) ;
#3060 = ADVANCED_FACE ( 'NONE', ( #3082 ), #2516, .F. ) ;
#3061 = CARTESIAN_POINT ( 'NONE',  ( 0.8312499999999990452, -6.858022075225118093E-18, -1.444000000000000172 ) ) ;
#3062 = CARTESIAN_POINT ( 'NONE',  ( 0.5979166666666683172, -0.03443492261192355325, -1.480118988160481930 ) ) ;
#3063 = CARTESIAN_POINT ( 'NONE',  ( 0.7156250000000046185, 0.000000000000000000, 1.444000000000001283 ) ) ;
#3064 = CARTESIAN_POINT ( 'NONE',  ( 0.7854166666666658747, -0.04849742261192814541, -1.471999999999999975 ) ) ;
#3065 = CARTESIAN_POINT ( 'NONE',  ( 0.6010416666666713592, 0.03233161507461838891, 1.555999999999999384 ) ) ;
#3066 = CARTESIAN_POINT ( 'NONE',  ( 0.6138020833333338588, -0.04966929761192663551, 1.471323417653294996 ) ) ;
#3067 = EDGE_LOOP ( 'NONE', ( #1750, #455, #2617, #1822 ) ) ;
#3068 = FACE_OUTER_BOUND ( 'NONE', #1257, .T. ) ;
#3069 = CARTESIAN_POINT ( 'NONE',  ( 0.6489583333333353021, -0.03443492261192354631, -1.519881011839518070 ) ) ;
#3070 = DIRECTION ( 'NONE',  ( 0.000000000000000000, 0.000000000000000000, -1.000000000000000000 ) ) ;
#3071 = CARTESIAN_POINT ( 'NONE',  ( 0.6041666666666687391, -0.02295661507461569176, 1.460237976320964304 ) ) ;
#3072 = EDGE_CURVE ( 'NONE', #3624, #4507, #978, .T. ) ;
#3073 = CARTESIAN_POINT ( 'NONE',  ( 0.7802083333333357240, 0.02295661507461571951, 1.460237976320964304 ) ) ;
#3074 = DIRECTION ( 'NONE',  ( 0.000000000000000000, 0.000000000000000000, -1.000000000000000000 ) ) ;
#3075 = CARTESIAN_POINT ( 'NONE',  ( 0.6687500000000021760, -4.869443502615268820E-18, 1.539762023679036362 ) ) ;
#3076 = CARTESIAN_POINT ( 'NONE',  ( 0.7322916666666713370, -0.04849742261192770826, 1.527999999999999581 ) ) ;
#3077 = CARTESIAN_POINT ( 'NONE',  ( 0.7812500000000021094, 0.000000000000000000, 1.460237976320964304 ) ) ;
#3079 = ORIENTED_EDGE ( 'NONE', *, *, #1475, .F. ) ;
#3078 = CARTESIAN_POINT ( 'NONE',  ( 0.7562500000000016431, 0.000000000000000000, -1.539762023679035918 ) ) ;
#3080 = CARTESIAN_POINT ( 'NONE',  ( 0.6164062500000035971, 0.000000000000000000, -1.557353164693410896 ) ) ;
#3081 = CARTESIAN_POINT ( 'NONE',  ( 0.6489583333333353021, -0.03443492261192354631, -1.519881011839518070 ) ) ;
#3082 = FACE_OUTER_BOUND ( 'NONE', #1959, .T. ) ;
#3083 = CARTESIAN_POINT ( 'NONE',  ( 0.6062500000000017319, 0.000000000000000000, -1.539762023679035918 ) ) ;
#3084 = CARTESIAN_POINT ( 'NONE',  ( 0.8296904354594110131, 0.04035239121084473884, -1.520018845835627852 ) ) ;
#3085 = CARTESIAN_POINT ( 'NONE',  ( 0.7229166666666683172, -0.03443492261192355325, -1.480118988160481930 ) ) ;
#3086 = CARTESIAN_POINT ( 'NONE',  ( 0.6812499999999999112, -6.858022075225068789E-18, 1.555999999999999384 ) ) ;
#3087 = CARTESIAN_POINT ( 'NONE',  ( 0.7072916666666689833, 0.03443492261192356713, 1.480118988160482596 ) ) ;
#3088 = VERTEX_POINT ( 'NONE', #161 ) ;
#3089 = CARTESIAN_POINT ( 'NONE',  ( 0.7322916666666712260, -0.04849742261192818704, -1.471999999999999975 ) ) ;
#3090 = CARTESIAN_POINT ( 'NONE',  ( 0.7239583333333352577, -0.03443492261192354631, -1.519881011839518070 ) ) ;
#3091 = LINE ( 'NONE', #954, #1184 ) ;
#3092 = EDGE_CURVE ( 'NONE', #4625, #780, #1783, .T. ) ;
#3093 = CARTESIAN_POINT ( 'NONE',  ( 0.6604166666666686503, 0.03443492261192356713, 1.480118988160482596 ) ) ;
#3094 = CARTESIAN_POINT ( 'NONE',  ( 0.8395519289272213026, -0.003229025641675300519, 1.445491741685889897 ) ) ;
#3095 = CARTESIAN_POINT ( 'NONE',  ( 0.7156250000000045075, 0.000000000000000000, -1.555999999999999162 ) ) ;
#3096 = B_SPLINE_CURVE_WITH_KNOTS ( 'NONE', 3,
 ( #3405, #3826, #1368, #3430 ),
 .UNSPECIFIED., .F., .F.,
 ( 4, 4 ),
 ( 0.000000000000000000, 0.0008038350504432374005 ),
 .UNSPECIFIED. ) ;
#3097 = CARTESIAN_POINT ( 'NONE',  ( 0.7020833333333353909, -0.03443492261192354631, 1.480118988160482152 ) ) ;
#3098 = ADVANCED_FACE ( 'NONE', ( #513 ), #590, .F. ) ;
#3099 = CARTESIAN_POINT ( 'NONE',  ( 0.7302083333333379001, -0.03233161507461862483, 1.555999999999998940 ) ) ;
#3100 = AXIS2_PLACEMENT_3D ( 'NONE', #1402, #4244, #3486 ) ;
#3101 = CARTESIAN_POINT ( 'NONE',  ( 0.6010416666666685837, -0.02295661507461569523, -1.539762023679035918 ) ) ;
#3102 = CARTESIAN_POINT ( 'NONE',  ( 0.8248056942922129542, -0.03971876548456539091, -1.498145762843022810 ) ) ;
#3104 = EDGE_LOOP ( 'NONE', ( #1439, #848, #238 ) ) ;
#3103 = CARTESIAN_POINT ( 'NONE',  ( 0.7791666666666684504, -0.02295661507461569176, -1.539762023679035918 ) ) ;
#3105 = CARTESIAN_POINT ( 'NONE',  ( 0.5937500000000006661, 0.04851880182939793257, -1.490535958116706139 ) ) ;
#3106 = CARTESIAN_POINT ( 'NONE',  ( 0.6281250000000019318, 0.000000000000000000, -1.539762023679035918 ) ) ;
#3107 = CARTESIAN_POINT ( 'NONE',  ( 0.7343750000000023315, 0.04591323014923139739, 1.500000000000000444 ) ) ;
#3108 = AXIS2_PLACEMENT_3D ( 'NONE', #1185, #449, #95 ) ;
#3109 = CARTESIAN_POINT ( 'NONE',  ( 0.7250000000000016431, -0.04591323014923139739, -1.499999999999999778 ) ) ;
#3110 = DIRECTION ( 'NONE',  ( 1.000000000000000000, -0.000000000000000000, -0.000000000000000000 ) ) ;
#3111 = CARTESIAN_POINT ( 'NONE',  ( 0.6583333333333351023, 0.02295661507461572298, -1.539762023679035918 ) ) ;
#3112 =( BOUNDED_CURVE ( )  B_SPLINE_CURVE ( 2, ( #1380, #1769, #335, #716, #260, #2141, #1070 ),
 .UNSPECIFIED., .F., .F. ) 
 B_SPLINE_CURVE_WITH_KNOTS ( ( 3, 2, 2, 3 ),
 ( 0.6363636363636364646, 0.6515151515151514916, 0.6666666666666666297, 0.6818181818181816567 ),
 .UNSPECIFIED. ) 
 CURVE ( )  GEOMETRIC_REPRESENTATION_ITEM ( )  RATIONAL_B_SPLINE_CURVE ( ( 0.9999999999999990008, 0.8660254037844398178, 1.000000000000000000, 0.8660254037844388186, 1.000000000000000000, 0.8660254037844398178, 0.9999999999999990008 ) ) 
 REPRESENTATION_ITEM ( '' )  );
#3113 = CARTESIAN_POINT ( 'NONE',  ( 0.8062500000000021316, 0.000000000000000000, 1.460237976320964304 ) ) ;
#3114 = CARTESIAN_POINT ( 'NONE',  ( 0.8093750000000045075, -0.06466323014923756884, -1.499999999999999778 ) ) ;
#3115 = CARTESIAN_POINT ( 'NONE',  ( 0.6572916666666689389, 0.03443492261192356713, 1.480118988160482596 ) ) ;
#3116 = VERTEX_POINT ( 'NONE', #1919 ) ;
#3117 = CARTESIAN_POINT ( 'NONE',  ( 0.7617187500000005551, -0.06622573014923550938, 1.500000000000000444 ) ) ;
#3118 = CARTESIAN_POINT ( 'NONE',  ( 0.6739583333333353243, -0.03443492261192354631, -1.519881011839518070 ) ) ;
#3119 = EDGE_CURVE ( 'NONE', #1503, #2144, #3864, .T. ) ;
#3120 = DIRECTION ( 'NONE',  ( -0.000000000000000000, -1.000000000000000000, -0.000000000000000000 ) ) ;
#3121 = CARTESIAN_POINT ( 'NONE',  ( 0.8354816619822724721, -0.02370337611421901788, 1.455364395634485275 ) ) ;
#3122 = EDGE_LOOP ( 'NONE', ( #3557, #1190, #2087, #1608 ) ) ;
#3123 = CARTESIAN_POINT ( 'NONE',  ( 0.6791666666666688057, -0.02295661507461569176, 1.460237976320964304 ) ) ;
#3124 = DIRECTION ( 'NONE',  ( 0.000000000000000000, 0.000000000000000000, -1.000000000000000000 ) ) ;
#3125 = CARTESIAN_POINT ( 'NONE',  ( 0.6124999999999997113, -0.06466323014923702761, 1.500000000000000222 ) ) ;
#3126 = CARTESIAN_POINT ( 'NONE',  ( 0.8041666666666688057, -0.02295661507461569523, 1.460237976320964304 ) ) ;
#3128 = ORIENTED_EDGE ( 'NONE', *, *, #4627, .T. ) ;
#3127 = CARTESIAN_POINT ( 'NONE',  ( 0.8000000000000017097, -0.04591323014923139739, -1.499999999999999778 ) ) ;
#3129 = CARTESIAN_POINT ( 'NONE',  ( 0.6205729166666702490, 0.04966929761192666326, -1.528676582346705226 ) ) ;
#3130 = CARTESIAN_POINT ( 'NONE',  ( 0.6989583333333353465, -0.03443492261192354631, -1.519881011839518070 ) ) ;
#3131 = CARTESIAN_POINT ( 'NONE',  ( 0.8447916666666690499, -0.03443492261192355325, 1.519881011839518292 ) ) ;
#3132 = CARTESIAN_POINT ( 'NONE',  ( 0.6312500000000016431, 0.000000000000000000, -1.539762023679035918 ) ) ;
#3133 = CARTESIAN_POINT ( 'NONE',  ( 0.5937500000000007772, 6.858022075225043367E-18, -1.444000000000001505 ) ) ;
#3134 = CARTESIAN_POINT ( 'NONE',  ( 0.6416666666666683838, 0.02295661507461568829, -1.460237976320963860 ) ) ;
#3135 = CARTESIAN_POINT ( 'NONE',  ( 0.7458333333333354576, -0.02295661507461571257, 1.539762023679036584 ) ) ;
#3136 = CARTESIAN_POINT ( 'NONE',  ( 0.7322916666666690055, 0.03443492261192356713, 1.480118988160482596 ) ) ;
#3137 = ORIENTED_EDGE ( 'NONE', *, *, #3092, .F. ) ;
#3138 = CARTESIAN_POINT ( 'NONE',  ( 0.7554687500000006883, -7.023736956275672060E-18, 1.557353164693411340 ) ) ;
#3139 = CARTESIAN_POINT ( 'NONE',  ( 0.5822916666666686503, 0.03443492261192356713, -1.519881011839517626 ) ) ;
#3140 = CARTESIAN_POINT ( 'NONE',  ( 0.6114583333333379889, -0.04849742261192770826, 1.472000000000000863 ) ) ;
#3141 = CARTESIAN_POINT ( 'NONE',  ( 0.6489583333333357462, -0.03443492261192354631, 1.480118988160482152 ) ) ;
#3142 = ORIENTED_EDGE ( 'NONE', *, *, #45, .T. ) ;
#3143 = ADVANCED_FACE ( 'NONE', ( #4478 ), #2323, .F. ) ;
#3144 = CARTESIAN_POINT ( 'NONE',  ( 0.6604166666666686503, 0.03443492261192356713, 1.480118988160482596 ) ) ;
#3145 = FACE_OUTER_BOUND ( 'NONE', #191, .T. ) ;
#3146 = DIRECTION ( 'NONE',  ( 0.000000000000000000, 0.000000000000000000, -1.000000000000000000 ) ) ;
#3147 = CARTESIAN_POINT ( 'NONE',  ( 0.7354166666666687169, 0.03443492261192356713, 1.480118988160482596 ) ) ;
#3149 = ORIENTED_EDGE ( 'NONE', *, *, #625, .T. ) ;
#3148 = CARTESIAN_POINT ( 'NONE',  ( 0.8229166666666684060, -0.03443492261192355325, -1.480118988160481930 ) ) ;
#3150 = CARTESIAN_POINT ( 'NONE',  ( 0.5997395833333368786, 0.04966929761192662163, -1.471323417653294330 ) ) ;
#3151 = CARTESIAN_POINT ( 'NONE',  ( 0.6822916666666686281, 0.03443492261192356713, -1.519881011839517626 ) ) ;
#3152 = CARTESIAN_POINT ( 'NONE',  ( 0.7781250000000023981, 0.000000000000000000, 1.460237976320964304 ) ) ;
#3153 = CARTESIAN_POINT ( 'NONE',  ( 0.6583333333333351023, 0.02295661507461572298, -1.539762023679035918 ) ) ;
#3154 = FACE_OUTER_BOUND ( 'NONE', #3336, .T. ) ;
#3155 = CARTESIAN_POINT ( 'NONE',  ( 0.7604166666666682950, 0.03443492261192356713, -1.519881011839517626 ) ) ;
#3156 = ADVANCED_FACE ( 'NONE', ( #944 ), #1150, .F. ) ;
#3157 = CARTESIAN_POINT ( 'NONE',  ( 0.7312500000000020650, 0.000000000000000000, 1.460237976320964304 ) ) ;
#3158 = EDGE_CURVE ( 'NONE', #1382, #4519, #1461, .T. ) ;
#3159 = FACE_OUTER_BOUND ( 'NONE', #3621, .T. ) ;
#3160 = CARTESIAN_POINT ( 'NONE',  ( 0.6864583333333357240, 0.03443492261192353937, 1.519881011839518514 ) ) ;
#3161 = ORIENTED_EDGE ( 'NONE', *, *, #443, .T. ) ;
#3162 = CARTESIAN_POINT ( 'NONE',  ( 0.6783854166666672958, 0.03311286507461773387, 1.557353164693411340 ) ) ;
#3163 = CARTESIAN_POINT ( 'NONE',  ( 0.8364583333333378556, -0.04849742261192818704, -1.527999999999999581 ) ) ;
#3164 = CARTESIAN_POINT ( 'NONE',  ( 0.6031250000000046851, -6.858022075225057234E-18, 1.555999999999999162 ) ) ;
#3165 = CARTESIAN_POINT ( 'NONE',  ( 0.7031250000000023315, 0.000000000000000000, 1.460237976320964304 ) ) ;
#3166 = CARTESIAN_POINT ( 'NONE',  ( 0.7489583333333377224, 0.04849742261192817316, -1.471999999999999975 ) ) ;
#3167 = CARTESIAN_POINT ( 'NONE',  ( 0.8184895833333371007, 0.03311286507461778245, 1.442646835306589548 ) ) ;
#3168 = LINE ( 'NONE', #2700, #3994 ) ;
#3169 = CARTESIAN_POINT ( 'NONE',  ( 0.6593750000000044853, -0.06466323014923756884, -1.499999999999999778 ) ) ;
#3170 = CARTESIAN_POINT ( 'NONE',  ( 0.7229166666666687613, -0.03443492261192355325, 1.519881011839518292 ) ) ;
#3172 = ORIENTED_EDGE ( 'NONE', *, *, #3638, .T. ) ;
#3171 = ORIENTED_EDGE ( 'NONE', *, *, #3580, .F. ) ;
#3173 = PERSON_AND_ORGANIZATION ( #3987, #2447 ) ;
#3174 = AXIS2_PLACEMENT_3D ( 'NONE', #3541, #4483, #2374 ) ;
#3175 = CARTESIAN_POINT ( 'NONE',  ( 0.6718750000000018874, -0.04591323014923139739, -1.499999999999999778 ) ) ;
#3176 = CARTESIAN_POINT ( 'NONE',  ( 0.8010416666666690944, -0.02295661507461569176, 1.460237976320964304 ) ) ;
#3177 = CARTESIAN_POINT ( 'NONE',  ( 0.7552083333333351467, 0.02295661507461571951, -1.539762023679035918 ) ) ;
#3178 = CARTESIAN_POINT ( 'NONE',  ( 0.7979166666666683838, -0.03443492261192355325, -1.480118988160481930 ) ) ;
#3179 = CARTESIAN_POINT ( 'NONE',  ( 0.7500000000000016653, -0.04591323014923139739, -1.499999999999999778 ) ) ;
#3180 = AXIS2_PLACEMENT_3D ( 'NONE', #946, #2350, #4480 ) ;
#3181 = CARTESIAN_POINT ( 'NONE',  ( 0.7125000000000021316, 0.04591323014923139739, 1.500000000000000444 ) ) ;
#3182 = CC_DESIGN_APPROVAL ( #4635, ( #1476 ) ) ;
#3183 = CARTESIAN_POINT ( 'NONE',  ( 0.7031250000000046629, -6.858022075225123486E-18, -1.444000000000000172 ) ) ;
#3184 = CARTESIAN_POINT ( 'NONE',  ( 0.6968750000000023537, -0.04591323014923139739, 1.500000000000000444 ) ) ;
#3185 = ORIENTED_EDGE ( 'NONE', *, *, #3982, .F. ) ;
#3186 = CARTESIAN_POINT ( 'NONE',  ( 0.6533854166666673846, 0.03311286507461773387, 1.557353164693411340 ) ) ;
#3187 = CYLINDRICAL_SURFACE ( 'NONE', #2128, 0.05599999999999880074 ) ;
#3188 = CARTESIAN_POINT ( 'NONE',  ( 0.6760416666666689833, -0.02295661507461569523, 1.460237976320964304 ) ) ;
#3189 = CARTESIAN_POINT ( 'NONE',  ( 0.7468750000000046185, 0.06466323014923693047, 1.500000000000000444 ) ) ;
#3190 = CARTESIAN_POINT ( 'NONE',  ( 0.8455729166666705598, 0.04966929761192666326, 1.471323417653294996 ) ) ;
#3191 = CARTESIAN_POINT ( 'NONE',  ( 0.6218750000000045075, 0.06466323014923756884, -1.499999999999999778 ) ) ;
#3192 = CARTESIAN_POINT ( 'NONE',  ( 0.6749999999999990452, 0.06466323014923751333, -1.499999999999999778 ) ) ;
#3193 = CARTESIAN_POINT ( 'NONE',  ( 0.7312500000000020650, 0.000000000000000000, 1.460237976320964304 ) ) ;
#3194 = ORIENTED_EDGE ( 'NONE', *, *, #4041, .T. ) ;
#3195 = CARTESIAN_POINT ( 'NONE',  ( 0.7906250000000044631, 0.000000000000000000, -1.555999999999999162 ) ) ;
#3196 = CARTESIAN_POINT ( 'NONE',  ( 0.7927083333333357906, -0.02295661507461571257, 1.539762023679036584 ) ) ;
#3197 = CARTESIAN_POINT ( 'NONE',  ( 0.7666666666666683838, 0.02295661507461568829, -1.460237976320963860 ) ) ;
#3198 = CARTESIAN_POINT ( 'NONE',  ( 0.8622395833333368342, -0.04966929761192663551, -1.528676582346705226 ) ) ;
#3199 = EDGE_CURVE ( 'NONE', #1355, #2867, #4610, .T. ) ;
#3200 = CARTESIAN_POINT ( 'NONE',  ( 0.7979166666666688279, -0.03443492261192355325, 1.519881011839518292 ) ) ;
#3201 = DIRECTION ( 'NONE',  ( -1.748382715945125304E-15, 0.000000000000000000, 1.000000000000000000 ) ) ;
#3202 = CARTESIAN_POINT ( 'NONE',  ( 0.6177083333333357462, -0.02295661507461571257, 1.539762023679036584 ) ) ;
#3203 = ORIENTED_EDGE ( 'NONE', *, *, #3119, .T. ) ;
#3204 = CARTESIAN_POINT ( 'NONE',  ( 0.6638020833333339032, -0.04966929761192663551, 1.471323417653294996 ) ) ;
#3205 = CARTESIAN_POINT ( 'NONE',  ( 0.8385416666666711816, -0.03233161507461879136, -1.555999999999999384 ) ) ;
#3206 = CARTESIAN_POINT ( 'NONE',  ( 0.7302083333333356796, 0.02295661507461571951, 1.460237976320964304 ) ) ;
#3207 = CARTESIAN_POINT ( 'NONE',  ( 0.6812499999999999112, -6.858022075225068789E-18, 1.555999999999999384 ) ) ;
#3208 = CARTESIAN_POINT ( 'NONE',  ( 0.7684895833333370563, 0.03311286507461778245, 1.442646835306589548 ) ) ;
#3209 = CARTESIAN_POINT ( 'NONE',  ( 0.8437500000000005551, 0.000000000000000000, 1.441293670613177369 ) ) ;
#3210 = EDGE_CURVE ( 'NONE', #3489, #3088, #4098, .T. ) ;
#3211 = CARTESIAN_POINT ( 'NONE',  ( 0.8156250000000044853, 0.000000000000000000, 1.444000000000001283 ) ) ;
#3212 = CARTESIAN_POINT ( 'NONE',  ( 0.7333333333333353909, 0.02295661507461571951, 1.460237976320964304 ) ) ;
#3213 = ORIENTED_EDGE ( 'NONE', *, *, #2232, .F. ) ;
#3214 = PERSON_AND_ORGANIZATION_ROLE ( 'classification_officer' ) ;
#3215 = APPLICATION_CONTEXT ( 'configuration controlled 3d designs of mechanical parts and assemblies' ) ;
#3216 = DIRECTION ( 'NONE',  ( 1.000000000000000000, -0.000000000000000000, -0.000000000000000000 ) ) ;
#3217 = CARTESIAN_POINT ( 'NONE',  ( 0.6968750000000023537, -0.04591323014923139739, 1.500000000000000444 ) ) ;
#3218 = CARTESIAN_POINT ( 'NONE',  ( 0.7510416666666686059, -0.02295661507461569523, -1.539762023679035918 ) ) ;
#3219 = CARTESIAN_POINT ( 'NONE',  ( 0.7687500000000017097, -4.869443502615268820E-18, -1.460237976320963860 ) ) ;
#3220 = CARTESIAN_POINT ( 'NONE',  ( 0.5958333333333351023, -0.02295661507461571257, -1.460237976320963860 ) ) ;
#3221 = CARTESIAN_POINT ( 'NONE',  ( 0.6804687500000001776, -7.023736956275672060E-18, -1.442646835306588882 ) ) ;
#3222 = CARTESIAN_POINT ( 'NONE',  ( 0.6781250000000046407, -6.858022075225057234E-18, 1.555999999999999162 ) ) ;
#3223 = CARTESIAN_POINT ( 'NONE',  ( 0.6114583333333357684, 0.03443492261192353937, 1.519881011839518514 ) ) ;
#3224 = ORIENTED_EDGE ( 'NONE', *, *, #1129, .F. ) ;
#3225 = CARTESIAN_POINT ( 'NONE',  ( 0.6388020833333338810, -0.04966929761192663551, 1.471323417653294996 ) ) ;
#3226 = DIRECTION ( 'NONE',  ( 1.000000000000000000, 0.000000000000000000, 0.000000000000000000 ) ) ;
#3227 = CARTESIAN_POINT ( 'NONE',  ( 0.7914062500000038636, 0.000000000000000000, 1.442646835306589326 ) ) ;
#3228 = CARTESIAN_POINT ( 'NONE',  ( 0.7770833333333331261, 0.04849742261192777765, 1.528000000000000247 ) ) ;
#3229 = CARTESIAN_POINT ( 'NONE',  ( 0.7104166666666686947, 0.03443492261192356713, 1.480118988160482596 ) ) ;
#3230 = VERTEX_POINT ( 'NONE', #269 ) ;
#3231 =( CONVERSION_BASED_UNIT ( 'INCH', #2868 ) LENGTH_UNIT ( ) NAMED_UNIT ( #333 ) );
#3232 = CARTESIAN_POINT ( 'NONE',  ( 0.5885416666666686281, 0.02295661507461568829, -1.460237976320963860 ) ) ;
#3233 = CARTESIAN_POINT ( 'NONE',  ( 0.7010416666666690055, -0.02295661507461569176, 1.460237976320964304 ) ) ;
#3234 = DIRECTION ( 'NONE',  ( 1.000000000000000000, -0.000000000000000000, -0.000000000000000000 ) ) ;
#3235 = ORIENTED_EDGE ( 'NONE', *, *, #4178, .T. ) ;
#3236 = CARTESIAN_POINT ( 'NONE',  ( 0.8518229166666699825, 0.03311286507461773387, -1.442646835306588660 ) ) ;
#3237 = AXIS2_PLACEMENT_3D ( 'NONE', #4526, #4505, #972 ) ;
#3238 = CARTESIAN_POINT ( 'NONE',  ( 0.6888020833333334814, -0.04966929761192663551, -1.528676582346705226 ) ) ;
#3239 = CARTESIAN_POINT ( 'NONE',  ( 0.6906250000000044853, 0.000000000000000000, 1.444000000000001283 ) ) ;
#3240 = AXIS2_PLACEMENT_3D ( 'NONE', #3517, #3120, #1408 ) ;
#3241 = FACE_OUTER_BOUND ( 'NONE', #198, .T. ) ;
#3242 = CARTESIAN_POINT ( 'NONE',  ( 0.7406250000000045297, 0.000000000000000000, -1.555999999999999162 ) ) ;
#3243 = VERTEX_POINT ( 'NONE', #2768 ) ;
#3244 = ORIENTED_EDGE ( 'NONE', *, *, #2445, .F. ) ;
#3245 = CARTESIAN_POINT ( 'NONE',  ( 0.7374999999999998224, -0.06466323014923702761, 1.500000000000000222 ) ) ;
#3246 = CARTESIAN_POINT ( 'NONE',  ( 0.5937500000000007772, 2.174793678477597644E-14, -1.555999999999999162 ) ) ;
#3247 = CARTESIAN_POINT ( 'NONE',  ( 0.7518229166666705598, 0.03311286507461773387, 1.557353164693411340 ) ) ;
#3248 =( BOUNDED_CURVE ( )  B_SPLINE_CURVE ( 2, ( #2839, #2937, #3282, #1729, #3937, #86, #4293 ),
 .UNSPECIFIED., .F., .F. ) 
 B_SPLINE_CURVE_WITH_KNOTS ( ( 3, 2, 2, 3 ),
 ( 0.6818181818181816567, 0.6969696969696970168, 0.7121212121212121549, 0.7272727272727274039 ),
 .UNSPECIFIED. ) 
 CURVE ( )  GEOMETRIC_REPRESENTATION_ITEM ( )  RATIONAL_B_SPLINE_CURVE ( ( 1.000000000000000888, 0.8660254037844378194, 1.000000000000000000, 0.8660254037844388186, 1.000000000000000000, 0.8660254037844378194, 1.000000000000000888 ) ) 
 REPRESENTATION_ITEM ( '' )  );
#3249 = EDGE_CURVE ( 'NONE', #1772, #3001, #1007, .T. ) ;
#3250 = FACE_OUTER_BOUND ( 'NONE', #684, .T. ) ;
#3251 = CARTESIAN_POINT ( 'NONE',  ( 0.8251648784138356785, -0.02562194584566558977, -1.531389152648826801 ) ) ;
#3252 = ORIENTED_EDGE ( 'NONE', *, *, #1475, .T. ) ;
#3253 = PERSON_AND_ORGANIZATION_ROLE ( 'creator' ) ;
#3254 = CARTESIAN_POINT ( 'NONE',  ( 0.7927083333333376780, 0.03233161507461874279, -1.555999999999999828 ) ) ;
#3255 = CARTESIAN_POINT ( 'NONE',  ( 0.6468750000000023093, -0.04591323014923139739, 1.500000000000000444 ) ) ;
#3256 = ADVANCED_FACE ( 'NONE', ( #4224 ), #568, .T. ) ;
#3257 = CARTESIAN_POINT ( 'NONE',  ( 0.8218750000000020206, -0.04591323014923139739, -1.499999999999999778 ) ) ;
#3258 = CARTESIAN_POINT ( 'NONE',  ( 0.7062500000000015987, 0.000000000000000000, -1.539762023679035918 ) ) ;
#3259 = CARTESIAN_POINT ( 'NONE',  ( 0.8601562500000035083, -0.06622573014923550938, -1.499999999999999778 ) ) ;
#3260 = CARTESIAN_POINT ( 'NONE',  ( 0.6200520833333333925, 0.03311286507461778245, -1.557353164693410674 ) ) ;
#3261 = CARTESIAN_POINT ( 'NONE',  ( 0.8251648784138354564, -0.02562194584566632183, 1.468610847351174531 ) ) ;
#3262 = EDGE_CURVE ( 'NONE', #425, #3624, #2251, .T. ) ;
#3263 = CARTESIAN_POINT ( 'NONE',  ( 0.6093750000000046629, -0.06466323014923693047, 1.500000000000000444 ) ) ;
#3264 = CARTESIAN_POINT ( 'NONE',  ( 0.8323345239313677535, 0.03986182434739406893, 1.526141321190393585 ) ) ;
#3265 = ORIENTED_EDGE ( 'NONE', *, *, #4488, .T. ) ;
#3266 = ORIENTED_EDGE ( 'NONE', *, *, #183, .T. ) ;
#3267 = CARTESIAN_POINT ( 'NONE',  ( 0.04687500000000016653, 0.000000000000000000, 1.375000000000000444 ) ) ;
#3268 = CARTESIAN_POINT ( 'NONE',  ( 0.8072916666666686281, 0.03443492261192356713, -1.519881011839517626 ) ) ;
#3269 = VECTOR ( 'NONE', #933, 39.37007874015748143 ) ;
#3270 = CARTESIAN_POINT ( 'NONE',  ( 0.6789062500000039302, -7.023736956275672060E-18, 1.557353164693411340 ) ) ;
#3271 = CARTESIAN_POINT ( 'NONE',  ( 0.6749999999999996003, 0.06466323014923702761, 1.500000000000000222 ) ) ;
#3272 = CARTESIAN_POINT ( 'NONE',  ( 0.5937500000000007772, 6.858022075225043367E-18, 1.555999999999999162 ) ) ;
#3273 = ORIENTED_EDGE ( 'NONE', *, *, #3400, .T. ) ;
#3274 = EDGE_CURVE ( 'NONE', #1490, #1144, #1698, .T. ) ;
#3275 =( BOUNDED_CURVE ( )  B_SPLINE_CURVE ( 2, ( #3714, #921, #3762, #467, #564, #2940, #4378 ),
 .UNSPECIFIED., .F., .F. ) 
 B_SPLINE_CURVE_WITH_KNOTS ( ( 3, 2, 2, 3 ),
 ( 0.1363636363636361315, 0.1515151515151513806, 0.1666666666666666019, 0.1818181818181818510 ),
 .UNSPECIFIED. ) 
 CURVE ( )  GEOMETRIC_REPRESENTATION_ITEM ( )  RATIONAL_B_SPLINE_CURVE ( ( 1.000000000000001998, 0.8660254037844367092, 1.000000000000000000, 0.8660254037844387076, 1.000000000000000000, 0.8660254037844384856, 1.000000000000000222 ) ) 
 REPRESENTATION_ITEM ( '' )  );
#3276 = CARTESIAN_POINT ( 'NONE',  ( 0.7687500000000021538, -4.869443502615268820E-18, 1.539762023679036362 ) ) ;
#3277 = CARTESIAN_POINT ( 'NONE',  ( 0.5947916666666686059, -0.03443492261192355325, -1.480118988160481930 ) ) ;
#3278 = CARTESIAN_POINT ( 'NONE',  ( 0.5927083333333357240, -0.02295661507461571257, 1.539762023679036584 ) ) ;
#3279 = CARTESIAN_POINT ( 'NONE',  ( 0.6406250000000019984, -4.869443502615268820E-18, -1.460237976320963860 ) ) ;
#3280 = CARTESIAN_POINT ( 'NONE',  ( 0.7000000000000017319, -0.04591323014923139739, -1.499999999999999778 ) ) ;
#3281 = CARTESIAN_POINT ( 'NONE',  ( 0.7018229166666701824, 0.03311286507461773387, -1.442646835306588660 ) ) ;
#3282 = CARTESIAN_POINT ( 'NONE',  ( 0.6520833333333332371, 0.04849742261192777765, 1.528000000000000247 ) ) ;
#3283 = CARTESIAN_POINT ( 'NONE',  ( 0.7158854166666667185, -0.03311286507461774081, -1.557353164693410674 ) ) ;
#3284 = CARTESIAN_POINT ( 'NONE',  ( 0.8166666666666664298, -0.03233161507461853462, 1.444000000000001283 ) ) ;
#3285 = EDGE_CURVE ( 'NONE', #840, #4625, #4197, .T. ) ;
#3286 = CARTESIAN_POINT ( 'NONE',  ( 0.8062499999999999112, -6.858022075225068789E-18, 1.555999999999999384 ) ) ;
#3287 = CARTESIAN_POINT ( 'NONE',  ( 0.5927083333333357240, -0.02295661507461571257, 1.539762023679036584 ) ) ;
#3288 = EDGE_LOOP ( 'NONE', ( #3594, #1726, #610, #2277 ) ) ;
#3289 = ADVANCED_FACE ( 'NONE', ( #3241 ), #3025, .F. ) ;
#3290 = CARTESIAN_POINT ( 'NONE',  ( 0.7218750000000045963, 0.06466323014923693047, 1.500000000000000444 ) ) ;
#3291 = VERTEX_POINT ( 'NONE', #515 ) ;
#3292 = CARTESIAN_POINT ( 'NONE',  ( 0.7656250000000046629, 0.000000000000000000, 1.444000000000001283 ) ) ;
#3293 = CARTESIAN_POINT ( 'NONE',  ( 0.7947916666666686725, -0.03443492261192355325, -1.480118988160481930 ) ) ;
#3294 = CARTESIAN_POINT ( 'NONE',  ( 0.6684895833333371895, 0.03311286507461778245, 1.442646835306589548 ) ) ;
#3295 = APPLICATION_CONTEXT ( 'configuration controlled 3d designs of mechanical parts and assemblies' ) ;
#3296 = CARTESIAN_POINT ( 'NONE',  ( 0.5937500000000007772, 0.000000000000000000, -1.500000000000000444 ) ) ;
#3297 = CARTESIAN_POINT ( 'NONE',  ( 0.6020833333333354132, -0.03443492261192354631, 1.480118988160482152 ) ) ;
#3298 = ORIENTED_EDGE ( 'NONE', *, *, #3560, .T. ) ;
#3299 = DATE_TIME_ROLE ( 'classification_date' ) ;
#3300 = CARTESIAN_POINT ( 'NONE',  ( 0.7583333333333354132, 0.02295661507461572298, 1.460237976320964304 ) ) ;
#3301 = CARTESIAN_POINT ( 'NONE',  ( 0.8364583333333379667, -0.04849742261192770826, 1.472000000000000863 ) ) ;
#3302 = CARTESIAN_POINT ( 'NONE',  ( 0.6385416666666690055, 0.02295661507461568829, 1.539762023679036584 ) ) ;
#3303 = CARTESIAN_POINT ( 'NONE',  ( 0.7052083333333352133, 0.02295661507461571951, -1.539762023679035918 ) ) ;
#3304 = CARTESIAN_POINT ( 'NONE',  ( 0.7229166666666683172, -0.03443492261192355325, -1.480118988160481930 ) ) ;
#3305 = CARTESIAN_POINT ( 'NONE',  ( 0.6934895833333367676, 0.03311286507461778245, -1.557353164693410674 ) ) ;
#3306 = CARTESIAN_POINT ( 'NONE',  ( 0.7408854166666668517, -0.03311286507461774081, -1.557353164693410674 ) ) ;
#3307 = CARTESIAN_POINT ( 'NONE',  ( 0.8281250000000019984, 0.000000000000000000, -1.539762023679035918 ) ) ;
#3308 = CARTESIAN_POINT ( 'NONE',  ( 0.7666666666666653862, -0.03233161507461957546, -1.555999999999997829 ) ) ;
#3309 = FACE_OUTER_BOUND ( 'NONE', #2571, .T. ) ;
#3310 = CARTESIAN_POINT ( 'NONE',  ( 0.7124999999999990230, -0.06466323014923751333, -1.499999999999999778 ) ) ;
#3311 = CARTESIAN_POINT ( 'NONE',  ( 0.7687500000000017097, -4.869443502615268820E-18, -1.460237976320963860 ) ) ;
#3312 = ORIENTED_EDGE ( 'NONE', *, *, #3689, .T. ) ;
#3313 = CIRCLE ( 'NONE', #3100, 0.07812500000000013878 ) ;
#3314 = DIRECTION ( 'NONE',  ( 1.000000000000000000, -0.000000000000000000, -0.000000000000000000 ) ) ;
#3315 = CARTESIAN_POINT ( 'NONE',  ( 0.8260416666666690055, -0.02295661507461569176, 1.460237976320964304 ) ) ;
#3316 = VERTEX_POINT ( 'NONE', #188 ) ;
#3317 = CARTESIAN_POINT ( 'NONE',  ( 0.7312499999999991784, -6.858022075225118093E-18, -1.444000000000000172 ) ) ;
#3318 = CARTESIAN_POINT ( 'NONE',  ( 0.7572916666666685837, 0.03443492261192356713, -1.519881011839517626 ) ) ;
#3319 = VECTOR ( 'NONE', #2941, 39.37007874015748143 ) ;
#3320 = CARTESIAN_POINT ( 'NONE',  ( 0.6747395833333372783, 0.04966929761192662163, 1.528676582346705892 ) ) ;
#3321 = APPROVAL_PERSON_ORGANIZATION ( #1239, #4635, #4053 ) ;
#3322 = LINE ( 'NONE', #857, #1436 ) ;
#3323 = VERTEX_POINT ( 'NONE', #2325 ) ;
#3324 = CARTESIAN_POINT ( 'NONE',  ( 0.8250000000000020650, -0.04591323014923139739, 1.500000000000000444 ) ) ;
#3325 = CARTESIAN_POINT ( 'NONE',  ( 0.6020833333333331927, 0.04849742261192777765, 1.528000000000000247 ) ) ;
#3326 = CARTESIAN_POINT ( 'NONE',  ( 0.8500000000000020872, -0.04591323014923139739, 1.500000000000000444 ) ) ;
#3327 = CARTESIAN_POINT ( 'NONE',  ( 0.7218750000000019318, -0.04591323014923139739, -1.499999999999999778 ) ) ;
#3328 = CARTESIAN_POINT ( 'NONE',  ( 0.7104166666666682506, 0.03443492261192356713, -1.519881011839517626 ) ) ;
#3329 = CARTESIAN_POINT ( 'NONE',  ( 0.6726562500000035083, 0.06622573014923550938, -1.499999999999999778 ) ) ;
#3330 = CARTESIAN_POINT ( 'NONE',  ( 0.7783854166666668295, 0.03311286507461773387, -1.442646835306588660 ) ) ;
#3331 = CARTESIAN_POINT ( 'NONE',  ( 0.8093750000000019540, 0.04591323014923139739, -1.499999999999999778 ) ) ;
#3332 = CARTESIAN_POINT ( 'NONE',  ( 0.7749999999999990230, 0.06466323014923751333, -1.499999999999999778 ) ) ;
#3333 = CARTESIAN_POINT ( 'NONE',  ( 0.8312499999999999334, -6.858022075225068789E-18, 1.555999999999999384 ) ) ;
#3334 = CARTESIAN_POINT ( 'NONE',  ( 0.5937500000000009992, -0.009393927176236467960, 1.445706741798667538 ) ) ;
#3335 = CARTESIAN_POINT ( 'NONE',  ( 0.7958333333333350579, -0.02295661507461571257, -1.460237976320963860 ) ) ;
#3336 = EDGE_LOOP ( 'NONE', ( #4382, #659, #1972, #2121 ) ) ;
#3337 = ADVANCED_FACE ( 'NONE', ( #4065 ), #138, .F. ) ;
#3338 = CARTESIAN_POINT ( 'NONE',  ( 0.7947916666666691166, -0.03443492261192355325, 1.519881011839518292 ) ) ;
#3339 = ORIENTED_EDGE ( 'NONE', *, *, #2572, .F. ) ;
#3340 = CARTESIAN_POINT ( 'NONE',  ( 0.7971354166666672070, 0.04966929761192666326, 1.471323417653294996 ) ) ;
#3341 = CARTESIAN_POINT ( 'NONE',  ( 0.7656250000000019984, -4.869443502615268820E-18, -1.460237976320963860 ) ) ;
#3342 = CARTESIAN_POINT ( 'NONE',  ( 0.6559895833333372339, -0.03311286507461777551, 1.557353164693411340 ) ) ;
#3343 = EDGE_CURVE ( 'NONE', #1382, #4568, #1201, .T. ) ;
#3344 = CARTESIAN_POINT ( 'NONE',  ( 0.6354166666666688501, 0.03443492261192356713, 1.480118988160482596 ) ) ;
#3345 = CARTESIAN_POINT ( 'NONE',  ( 0.7479166666666664520, 0.04849742261192781928, 1.472000000000000863 ) ) ;
#3346 =( BOUNDED_CURVE ( )  B_SPLINE_CURVE ( 2, ( #1471, #2187, #3957, #3245, #3976, #2207, #1308 ),
 .UNSPECIFIED., .F., .F. ) 
 B_SPLINE_CURVE_WITH_KNOTS ( ( 3, 2, 2, 3 ),
 ( 0.3636363636363637020, 0.3787878787878787845, 0.3939393939393938116, 0.4090909090909089496 ),
 .UNSPECIFIED. ) 
 CURVE ( )  GEOMETRIC_REPRESENTATION_ITEM ( )  RATIONAL_B_SPLINE_CURVE ( ( 0.9999999999999995559, 0.8660254037844392627, 1.000000000000000000, 0.8660254037844388186, 1.000000000000000000, 0.8660254037844402619, 0.9999999999999985567 ) ) 
 REPRESENTATION_ITEM ( '' )  );
#3347 = CARTESIAN_POINT ( 'NONE',  ( 0.7624999999999996225, -0.06466323014923702761, 1.500000000000000222 ) ) ;
#3348 = ORIENTED_EDGE ( 'NONE', *, *, #2335, .T. ) ;
#3349 = APPROVAL_STATUS ( 'not_yet_approved' ) ;
#3350 = CARTESIAN_POINT ( 'NONE',  ( 0.8187500000000021982, -4.869443502615268820E-18, 1.539762023679036362 ) ) ;
#3351 = EDGE_CURVE ( 'NONE', #2880, #4009, #2379, .T. ) ;
#3352 = CARTESIAN_POINT ( 'NONE',  ( 0.5937500000000007772, 0.000000000000000000, -1.500000000000000444 ) ) ;
#3353 = CARTESIAN_POINT ( 'NONE',  ( 0.6489583333333353021, -0.03443492261192354631, -1.519881011839518070 ) ) ;
#3354 = CARTESIAN_POINT ( 'NONE',  ( 0.6854166666666683394, 0.03443492261192356713, -1.519881011839517626 ) ) ;
#3355 = ORIENTED_EDGE ( 'NONE', *, *, #1482, .F. ) ;
#3356 = CARTESIAN_POINT ( 'NONE',  ( 0.7393229166666700491, -0.03311286507461774081, -1.557353164693410674 ) ) ;
#3357 = CARTESIAN_POINT ( 'NONE',  ( 0.7742187500000000666, 0.06622573014923550938, -1.499999999999999778 ) ) ;
#3358 = CARTESIAN_POINT ( 'NONE',  ( 0.5867187500000001776, -0.06622573014923550938, -1.499999999999999778 ) ) ;
#3359 = DIRECTION ( 'NONE',  ( 1.000000000000000000, -0.000000000000000000, -0.000000000000000000 ) ) ;
#3360 = CARTESIAN_POINT ( 'NONE',  ( 0.7843750000000045963, -0.06466323014923693047, 1.500000000000000444 ) ) ;
#3361 = CARTESIAN_POINT ( 'NONE',  ( 0.04687500000000016653, 0.000000000000000000, -1.500000000000000444 ) ) ;
#3362 = CARTESIAN_POINT ( 'NONE',  ( 0.8145833333333349913, 0.03443492261192353937, -1.480118988160481708 ) ) ;
#3363 = VERTEX_POINT ( 'NONE', #4379 ) ;
#3364 = VECTOR ( 'NONE', #2585, 39.37007874015748143 ) ;
#3365 = CARTESIAN_POINT ( 'NONE',  ( 0.7656250000000046629, 0.000000000000000000, 1.444000000000001283 ) ) ;
#3366 = CARTESIAN_POINT ( 'NONE',  ( 0.7718750000000023093, -0.04591323014923139739, 1.500000000000000444 ) ) ;
#3367 = ORIENTED_EDGE ( 'NONE', *, *, #4383, .F. ) ;
#3368 = LINE ( 'NONE', #2355, #194 ) ;
#3369 = CARTESIAN_POINT ( 'NONE',  ( 0.5989583333333352577, -0.03443492261192354631, -1.519881011839518070 ) ) ;
#3370 = CARTESIAN_POINT ( 'NONE',  ( 0.6664062500000038636, 0.000000000000000000, 1.442646835306589326 ) ) ;
#3371 = CARTESIAN_POINT ( 'NONE',  ( 0.5854166666666686947, 0.03443492261192356713, 1.480118988160482596 ) ) ;
#3372 = DIRECTION ( 'NONE',  ( 1.000000000000000000, -0.000000000000000000, -0.000000000000000000 ) ) ;
#3373 = CARTESIAN_POINT ( 'NONE',  ( 0.8248056942922133983, -0.03971876548456544642, 1.501854237156976524 ) ) ;
#3374 = ORIENTED_EDGE ( 'NONE', *, *, #2335, .F. ) ;
#3375 = CARTESIAN_POINT ( 'NONE',  ( 0.8375000000000021316, 0.04591323014923139739, 1.500000000000000444 ) ) ;
#3376 = CARTESIAN_POINT ( 'NONE',  ( 0.8410436706131765305, -0.03493653634370223748, 1.456234277930039678 ) ) ;
#3377 =( BOUNDED_CURVE ( )  B_SPLINE_CURVE ( 2, ( #2986, #2298, #2732, #4114, #4451, #232, #3011 ),
 .UNSPECIFIED., .F., .F. ) 
 B_SPLINE_CURVE_WITH_KNOTS ( ( 3, 2, 2, 3 ),
 ( 0.5909090909090902732, 0.6060606060606055223, 0.6212121212121207714, 0.6363636363636360205 ),
 .UNSPECIFIED. ) 
 CURVE ( )  GEOMETRIC_REPRESENTATION_ITEM ( )  RATIONAL_B_SPLINE_CURVE ( ( 1.000000000000005995, 0.8660254037844328234, 1.000000000000000000, 0.8660254037844387076, 1.000000000000000000, 0.8660254037844417052, 0.9999999999999970024 ) ) 
 REPRESENTATION_ITEM ( '' )  );
#3378 = CARTESIAN_POINT ( 'NONE',  ( 0.6739583333333353243, -0.03443492261192354631, -1.519881011839518070 ) ) ;
#3379 = CARTESIAN_POINT ( 'NONE',  ( 0.6000000000000016431, -0.04591323014923139739, -1.499999999999999778 ) ) ;
#3380 = VERTEX_POINT ( 'NONE', #898 ) ;
#3381 = CARTESIAN_POINT ( 'NONE',  ( 0.6872395833333367898, -0.04966929761192663551, -1.528676582346705226 ) ) ;
#3382 = CARTESIAN_POINT ( 'NONE',  ( 0.8346354166666668517, -0.04966929761192663551, -1.471323417653294330 ) ) ;
#3383 = CARTESIAN_POINT ( 'NONE',  ( 0.8531250000000020206, 0.000000000000000000, -1.539762023679035918 ) ) ;
#3384 = CARTESIAN_POINT ( 'NONE',  ( 0.7708333333333324822, 0.03233161507461795869, -1.556000000000000494 ) ) ;
#3385 = CARTESIAN_POINT ( 'NONE',  ( 0.6843750000000045075, -0.06466323014923756884, -1.499999999999999778 ) ) ;
#3386 = CARTESIAN_POINT ( 'NONE',  ( 0.5937500000000007772, -0.03578816565489064544, 1.522919182632451074 ) ) ;
#3387 = PRODUCT_RELATED_PRODUCT_CATEGORY ( 'detail', '', ( #4381 ) ) ;
#3388 = CARTESIAN_POINT ( 'NONE',  ( 0.7729166666666683616, -0.03443492261192355325, -1.480118988160481930 ) ) ;
#3389 = ORIENTED_EDGE ( 'NONE', *, *, #4604, .T. ) ;
#3390 = CARTESIAN_POINT ( 'NONE',  ( 0.6114583333333377668, -0.04849742261192818704, -1.527999999999999581 ) ) ;
#3391 = CARTESIAN_POINT ( 'NONE',  ( 0.8281250000000023315, 0.000000000000000000, 1.460237976320964304 ) ) ;
#3392 = ORIENTED_EDGE ( 'NONE', *, *, #385, .F. ) ;
#3393 = CARTESIAN_POINT ( 'NONE',  ( 0.7343750000000045519, -0.06466323014923756884, -1.499999999999999778 ) ) ;
#3394 = CARTESIAN_POINT ( 'NONE',  ( 0.6385416666666686725, 0.02295661507461568829, -1.460237976320963860 ) ) ;
#3395 = CARTESIAN_POINT ( 'NONE',  ( 0.6739583333333378778, 0.04849742261192817316, -1.471999999999999975 ) ) ;
#3396 = CARTESIAN_POINT ( 'NONE',  ( 0.6791666666666688057, -0.02295661507461569176, 1.460237976320964304 ) ) ;
#3397 = AXIS2_PLACEMENT_3D ( 'NONE', #2183, #422, #2918 ) ;
#3398 = CARTESIAN_POINT ( 'NONE',  ( 0.7364583333333357684, 0.03443492261192353937, 1.519881011839518514 ) ) ;
#3399 = ORIENTED_EDGE ( 'NONE', *, *, #1016, .F. ) ;
#3400 = EDGE_CURVE ( 'NONE', #1663, #1760, #114, .T. ) ;
#3401 = CARTESIAN_POINT ( 'NONE',  ( 0.6166666666666688057, 0.02295661507461568829, 1.539762023679036584 ) ) ;
#3402 = TOROIDAL_SURFACE ( 'NONE', #2288, 0.1249999999999996253, 0.07812500000000008327 ) ;
#3403 = CARTESIAN_POINT ( 'NONE',  ( 0.5958333333333336590, 0.03233161507462266326, 1.444000000000008166 ) ) ;
#3404 = CARTESIAN_POINT ( 'NONE',  ( 0.6166666666666663632, -0.03233161507461864564, 1.444000000000001060 ) ) ;
#3405 = CARTESIAN_POINT ( 'NONE',  ( 0.8248056942922133983, -0.03971876548456544642, 1.501854237156976524 ) ) ;
#3407 = EDGE_LOOP ( 'NONE', ( #2080, #2250, #1292, #1181 ) ) ;
#3406 = CARTESIAN_POINT ( 'NONE',  ( 0.7854166666666683172, 0.03443492261192356713, -1.519881011839517626 ) ) ;
#3408 = CARTESIAN_POINT ( 'NONE',  ( 0.8249999999999989564, 0.06466323014923751333, -1.499999999999999778 ) ) ;
#3409 = UNCERTAINTY_MEASURE_WITH_UNIT (LENGTH_MEASURE( 1.000000000000000082E-05 ), #3231, 'distance_accuracy_value', 'NONE');
#3410 = CARTESIAN_POINT ( 'NONE',  ( 0.6312499999999992006, -6.858022075225118093E-18, -1.444000000000000172 ) ) ;
#3411 =( BOUNDED_CURVE ( )  B_SPLINE_CURVE ( 2, ( #1912, #3003, #1241, #2653, #3301, #178, #1886 ),
 .UNSPECIFIED., .F., .F. ) 
 B_SPLINE_CURVE_WITH_KNOTS ( ( 3, 2, 2, 3 ),
 ( 0.8636363636363638685, 0.8787878787878788955, 0.8939393939393939226, 0.9090909090909089496 ),
 .UNSPECIFIED. ) 
 CURVE ( )  GEOMETRIC_REPRESENTATION_ITEM ( )  RATIONAL_B_SPLINE_CURVE ( ( 0.9999999999999980016, 0.8660254037844407060, 1.000000000000000000, 0.8660254037844387076, 1.000000000000000000, 0.8660254037844397068, 0.9999999999999990008 ) ) 
 REPRESENTATION_ITEM ( '' )  );
#3412 = CARTESIAN_POINT ( 'NONE',  ( 0.7593750000000020206, 0.04591323014923139739, -1.499999999999999778 ) ) ;
#3413 = CARTESIAN_POINT ( 'NONE',  ( 0.6260416666666712704, 0.03233161507461840972, 1.555999999999999162 ) ) ;
#3414 = CARTESIAN_POINT ( 'NONE',  ( 0.7802083333333380555, -0.03233161507461849299, 1.555999999999999162 ) ) ;
#3415 = LINE ( 'NONE', #2069, #1993 ) ;
#3416 = FACE_OUTER_BOUND ( 'NONE', #697, .T. ) ;
#3417 = EDGE_CURVE ( 'NONE', #2728, #3757, #2573, .T. ) ;
#3418 = CYLINDRICAL_SURFACE ( 'NONE', #2065, 0.07812500000000013878 ) ;
#3419 = CARTESIAN_POINT ( 'NONE',  ( 0.7843750000000023759, 0.04591323014923139739, 1.500000000000000444 ) ) ;
#3420 = ORIENTED_EDGE ( 'NONE', *, *, #331, .T. ) ;
#3421 = CARTESIAN_POINT ( 'NONE',  ( 0.7804687500000005995, -7.023736956275672060E-18, 1.557353164693411340 ) ) ;
#3422 = CARTESIAN_POINT ( 'NONE',  ( 0.6468750000000019762, -0.04591323014923139739, -1.499999999999999778 ) ) ;
#3423 = CARTESIAN_POINT ( 'NONE',  ( 0.7437499999999991340, 0.000000000000000000, -1.555999999999999384 ) ) ;
#3424 = CARTESIAN_POINT ( 'NONE',  ( 0.6520833333333354576, -0.03443492261192354631, 1.480118988160482152 ) ) ;
#3425 = CARTESIAN_POINT ( 'NONE',  ( 0.8156250000000024869, -4.869443502615268820E-18, 1.539762023679036362 ) ) ;
#3426 = CARTESIAN_POINT ( 'NONE',  ( 0.5937500000000008882, -0.04134032768454626305, -1.485519001819864071 ) ) ;
#3427 = CARTESIAN_POINT ( 'NONE',  ( 0.5812500000000020428, 0.000000000000000000, 1.460237976320964304 ) ) ;
#3428 = CARTESIAN_POINT ( 'NONE',  ( 0.5937499999999977796, 0.04469882459399764779, 1.467903628425188733 ) ) ;
#3429 = CARTESIAN_POINT ( 'NONE',  ( 0.5937500000000007772, 0.000000000000000000, -1.500000000000000444 ) ) ;
#3430 = CARTESIAN_POINT ( 'NONE',  ( 0.8248056942922133983, -0.02920074319221334716, 1.473012315325789467 ) ) ;
#3432 = EDGE_LOOP ( 'NONE', ( #3028, #2704, #1855, #4431 ) ) ;
#3431 = CARTESIAN_POINT ( 'NONE',  ( 0.8083333333333350135, 0.02295661507461572298, -1.539762023679035918 ) ) ;
#3433 = CARTESIAN_POINT ( 'NONE',  ( 0.6226562500000035749, 0.06622573014923550938, -1.499999999999999778 ) ) ;
#3434 = CARTESIAN_POINT ( 'NONE',  ( 0.7367187500000001998, -0.06622573014923550938, -1.499999999999999778 ) ) ;
#3435 = CARTESIAN_POINT ( 'NONE',  ( 0.6781250000000019762, 0.000000000000000000, -1.539762023679035918 ) ) ;
#3436 = CARTESIAN_POINT ( 'NONE',  ( 0.7729166666666656971, 0.04849742261192815929, -1.527999999999999581 ) ) ;
#3437 = CARTESIAN_POINT ( 'NONE',  ( 0.6104166666666683838, 0.03443492261192356713, -1.519881011839517626 ) ) ;
#3438 = CARTESIAN_POINT ( 'NONE',  ( 0.8342815295138188425, 0.01204049807814744355, -1.450762141099358526 ) ) ;
#3439 = VECTOR ( 'NONE', #2793, 39.37007874015748143 ) ;
#3440 = CARTESIAN_POINT ( 'NONE',  ( 0.7312500000000016209, 0.000000000000000000, -1.539762023679035918 ) ) ;
#3441 =( BOUNDED_CURVE ( )  B_SPLINE_CURVE ( 2, ( #236, #1949, #1676, #1281, #901, #1973, #3365 ),
 .UNSPECIFIED., .F., .T. ) 
 B_SPLINE_CURVE_WITH_KNOTS ( ( 3, 2, 2, 3 ),
 ( 0.5909090909090904953, 0.6060606060606058554, 0.6212121212121209934, 0.6363636363636362425 ),
 .UNSPECIFIED. ) 
 CURVE ( )  GEOMETRIC_REPRESENTATION_ITEM ( )  RATIONAL_B_SPLINE_CURVE ( ( 1.000000000000002887, 0.8660254037844357100, 1.000000000000000000, 0.8660254037844387076, 1.000000000000000000, 0.8660254037844397068, 0.9999999999999990008 ) ) 
 REPRESENTATION_ITEM ( '' )  );
#3442 = CARTESIAN_POINT ( 'NONE',  ( 0.7177083333333356130, -0.02295661507461571257, 1.539762023679036584 ) ) ;
#3443 = ORIENTED_EDGE ( 'NONE', *, *, #875, .T. ) ;
#3444 = CARTESIAN_POINT ( 'NONE',  ( 0.5958333333333326598, 0.03233161507461877054, -1.555999999999999162 ) ) ;
#3445 = CARTESIAN_POINT ( 'NONE',  ( 0.6010416666666685837, -0.02295661507461569176, -1.539762023679035918 ) ) ;
#3446 = ADVANCED_FACE ( 'NONE', ( #1629 ), #1945, .F. ) ;
#3447 = DIRECTION ( 'NONE',  ( 1.000000000000000000, 0.000000000000000000, 0.000000000000000000 ) ) ;
#3448 = CARTESIAN_POINT ( 'NONE',  ( 0.6708333333333353909, -0.02295661507461571257, 1.539762023679036584 ) ) ;
#3449 = CARTESIAN_POINT ( 'NONE',  ( 0.8072916666666690721, 0.03443492261192356713, 1.480118988160482596 ) ) ;
#3450 = CARTESIAN_POINT ( 'NONE',  ( 0.7937499999999991784, 0.000000000000000000, -1.555999999999999384 ) ) ;
#3451 = CARTESIAN_POINT ( 'NONE',  ( 0.6875000000000021094, 0.04591323014923139739, 1.500000000000000444 ) ) ;
#3452 = CARTESIAN_POINT ( 'NONE',  ( 0.6927083333333377002, 0.03233161507461766726, 1.443999999999999728 ) ) ;
#3453 = CARTESIAN_POINT ( 'NONE',  ( 0.7635416666666711150, -0.03233161507461884687, -1.555999999999999162 ) ) ;
#3454 = FACE_OUTER_BOUND ( 'NONE', #1952, .T. ) ;
#3456 = ORIENTED_EDGE ( 'NONE', *, *, #3580, .T. ) ;
#3455 = CARTESIAN_POINT ( 'NONE',  ( 0.7395833333333349247, 0.03443492261192353937, -1.480118988160481708 ) ) ;
#3457 = CARTESIAN_POINT ( 'NONE',  ( 0.6247395833333367898, 0.04966929761192662163, -1.471323417653294330 ) ) ;
#3458 = CARTESIAN_POINT ( 'NONE',  ( 0.7010416666666685614, -0.02295661507461569176, -1.539762023679035918 ) ) ;
#3459 = CARTESIAN_POINT ( 'NONE',  ( 0.8177083333333359239, -0.02295661507461571257, 1.539762023679036584 ) ) ;
#3460 = CARTESIAN_POINT ( 'NONE',  ( 0.7062500000000015987, 0.000000000000000000, -1.539762023679035918 ) ) ;
#3461 = CARTESIAN_POINT ( 'NONE',  ( 0.7802083333333378334, -0.03233161507461900647, -1.444000000000000838 ) ) ;
#3462 = CARTESIAN_POINT ( 'NONE',  ( 0.6604166666666684282, 0.03443492261192356713, -1.519881011839517626 ) ) ;
#3463 = EDGE_CURVE ( 'NONE', #1144, #1139, #1168, .T. ) ;
#3464 = CARTESIAN_POINT ( 'NONE',  ( 0.7583333333333354132, 0.02295661507461572298, 1.460237976320964304 ) ) ;
#3465 = CARTESIAN_POINT ( 'NONE',  ( 0.7114583333333356352, 0.03443492261192353937, 1.519881011839518514 ) ) ;
#3466 = ORIENTED_EDGE ( 'NONE', *, *, #1151, .T. ) ;
#3467 = CARTESIAN_POINT ( 'NONE',  ( 0.7471354166666672736, 0.04966929761192666326, 1.471323417653294996 ) ) ;
#3468 = CARTESIAN_POINT ( 'NONE',  ( 0.6239583333333352799, -0.03443492261192354631, -1.519881011839518070 ) ) ;
#3469 = DIRECTION ( 'NONE',  ( 1.000000000000000000, -0.000000000000000000, -0.000000000000000000 ) ) ;
#3470 = CARTESIAN_POINT ( 'NONE',  ( 0.8278313614000792908, -0.04186199287215064402, -1.510958273341832525 ) ) ;
#3471 = CARTESIAN_POINT ( 'NONE',  ( 0.8248056942922135093, -0.02920074319221334022, 1.473012315325789467 ) ) ;
#3472 = CYLINDRICAL_SURFACE ( 'NONE', #2905, 0.05599999999999880074 ) ;
#3473 = CARTESIAN_POINT ( 'NONE',  ( 0.6895833333333354354, 0.03443492261192353937, 1.519881011839518514 ) ) ;
#3474 = CARTESIAN_POINT ( 'NONE',  ( 0.5937500000000008882, 0.03923523907639504815, 1.460042572472467715 ) ) ;
#3475 = CARTESIAN_POINT ( 'NONE',  ( 0.04687500000000016653, 0.000000000000000000, -1.500000000000000444 ) ) ;
#3477 = ORIENTED_EDGE ( 'NONE', *, *, #1027, .T. ) ;
#3476 = CARTESIAN_POINT ( 'NONE',  ( 0.8166666666666684282, 0.02295661507461568829, -1.460237976320963860 ) ) ;
#3478 = CARTESIAN_POINT ( 'NONE',  ( 0.5937500000000031086, 0.01944990249765377044, -1.460581733236490543 ) ) ;
#3479 = LOCAL_TIME ( 9, 17, 47.00000000000000000, #2156 ) ;
#3480 = CARTESIAN_POINT ( 'NONE',  ( 0.6156250000000019762, -4.869443502615268820E-18, -1.460237976320963860 ) ) ;
#3481 = CARTESIAN_POINT ( 'NONE',  ( 0.7552083333333357018, 0.02295661507461572298, 1.460237976320964304 ) ) ;
#3482 = CARTESIAN_POINT ( 'NONE',  ( 0.6375000000000016209, 0.04591323014923139739, -1.499999999999999778 ) ) ;
#3483 = CARTESIAN_POINT ( 'NONE',  ( 0.7812499999999998890, -6.858022075225068789E-18, 1.555999999999999384 ) ) ;
#3484 = CARTESIAN_POINT ( 'NONE',  ( 0.6437500000000017097, -4.869443502615268820E-18, -1.460237976320963860 ) ) ;
#3485 = CARTESIAN_POINT ( 'NONE',  ( 0.7833333333333354354, 0.02295661507461572298, 1.460237976320964304 ) ) ;
#3486 = DIRECTION ( 'NONE',  ( 0.000000000000000000, 0.000000000000000000, -1.000000000000000000 ) ) ;
#3487 = CARTESIAN_POINT ( 'NONE',  ( 0.6677083333333356796, -0.02295661507461571257, 1.539762023679036584 ) ) ;
#3488 = ADVANCED_FACE ( 'NONE', ( #3014 ), #1530, .F. ) ;
#3489 = VERTEX_POINT ( 'NONE', #3038 ) ;
#3490 = CARTESIAN_POINT ( 'NONE',  ( 0.7429687500000006217, 0.000000000000000000, 1.442646835306589326 ) ) ;
#3491 = CARTESIAN_POINT ( 'NONE',  ( 0.5802083333333352133, 0.02295661507461572298, -1.539762023679035918 ) ) ;
#3492 = CARTESIAN_POINT ( 'NONE',  ( 0.6124999999999990452, -0.06466323014923751333, -1.499999999999999778 ) ) ;
#3493 = CARTESIAN_POINT ( 'NONE',  ( 0.6656250000000045741, 0.000000000000000000, 1.444000000000001283 ) ) ;
#3494 = CARTESIAN_POINT ( 'NONE',  ( 0.7052083333333355464, 0.02295661507461571951, 1.460237976320964304 ) ) ;
#3495 = DIRECTION ( 'NONE',  ( 0.000000000000000000, 0.000000000000000000, -1.000000000000000000 ) ) ;
#3496 = CARTESIAN_POINT ( 'NONE',  ( 0.6666666666666687391, 0.02295661507461568829, 1.539762023679036584 ) ) ;
#3497 = DIRECTION ( 'NONE',  ( 1.000000000000000000, -0.000000000000000000, -0.000000000000000000 ) ) ;
#3498 = EDGE_CURVE ( 'NONE', #2173, #4357, #3997, .T. ) ;
#3499 = CARTESIAN_POINT ( 'NONE',  ( 0.7781250000000047296, -6.858022075225057234E-18, 1.555999999999999162 ) ) ;
#3500 = CARTESIAN_POINT ( 'NONE',  ( 0.6687500000000021760, -4.869443502615268820E-18, 1.539762023679036362 ) ) ;
#3502 = VERTEX_POINT ( 'NONE', #4020 ) ;
#3501 = CARTESIAN_POINT ( 'NONE',  ( 0.7291666666666684060, -0.02295661507461569176, -1.539762023679035918 ) ) ;
#3503 = CARTESIAN_POINT ( 'NONE',  ( 0.6434895833333367232, 0.03311286507461778245, -1.557353164693410674 ) ) ;
#3504 = EDGE_CURVE ( 'NONE', #780, #825, #676, .T. ) ;
#3505 = CARTESIAN_POINT ( 'NONE',  ( 0.7197916666666686059, -0.03443492261192355325, -1.480118988160481930 ) ) ;
#3506 = CARTESIAN_POINT ( 'NONE',  ( 0.8489583333333357018, -0.03443492261192354631, 1.480118988160482152 ) ) ;
#3507 = CARTESIAN_POINT ( 'NONE',  ( 0.6958333333333349691, -0.02295661507461571257, -1.460237976320963860 ) ) ;
#3508 = CARTESIAN_POINT ( 'NONE',  ( 0.7843750000000044853, -0.06466323014923756884, -1.499999999999999778 ) ) ;
#3509 = CARTESIAN_POINT ( 'NONE',  ( 0.6812500000000016875, 0.000000000000000000, -1.539762023679035918 ) ) ;
#3510 =( BOUNDED_CURVE ( )  B_SPLINE_CURVE ( 2, ( #4310, #2529, #3953, #2020, #4427, #1223, #1323 ),
 .UNSPECIFIED., .F., .T. ) 
 B_SPLINE_CURVE_WITH_KNOTS ( ( 3, 2, 2, 3 ),
 ( 0.5454545454545453032, 0.5606060606060605522, 0.5757575757575758013, 0.5909090909090910504 ),
 .UNSPECIFIED. ) 
 CURVE ( )  GEOMETRIC_REPRESENTATION_ITEM ( )  RATIONAL_B_SPLINE_CURVE ( ( 1.000000000000000888, 0.8660254037844377084, 1.000000000000000000, 0.8660254037844387076, 1.000000000000000000, 0.8660254037844367092, 1.000000000000001998 ) ) 
 REPRESENTATION_ITEM ( '' )  );
#3511 = VECTOR ( 'NONE', #1982, 39.37007874015748143 ) ;
#3512 = CARTESIAN_POINT ( 'NONE',  ( 0.8083333333333354576, 0.02295661507461572298, 1.460237976320964304 ) ) ;
#3513 = CARTESIAN_POINT ( 'NONE',  ( 0.8187499999999998668, 0.000000000000000000, 1.444000000000001283 ) ) ;
#3514 = CARTESIAN_POINT ( 'NONE',  ( 0.6427083333333356574, -0.02295661507461571257, 1.539762023679036584 ) ) ;
#3515 = ORIENTED_EDGE ( 'NONE', *, *, #1162, .T. ) ;
#3516 = CARTESIAN_POINT ( 'NONE',  ( 0.7054687500000006439, -7.023736956275672060E-18, 1.557353164693411340 ) ) ;
#3517 = CARTESIAN_POINT ( 'NONE',  ( 0.04687500000000016653, 0.000000000000000000, 1.375000000000000444 ) ) ;
#3518 = CARTESIAN_POINT ( 'NONE',  ( 0.7281250000000023537, 0.000000000000000000, 1.460237976320964304 ) ) ;
#3519 = CARTESIAN_POINT ( 'NONE',  ( 0.6916666666666663188, -0.03233161507461864564, 1.444000000000001060 ) ) ;
#3520 = CARTESIAN_POINT ( 'NONE',  ( 0.7768229166666703600, 0.03311286507461773387, 1.557353164693411340 ) ) ;
#3521 = CARTESIAN_POINT ( 'NONE',  ( 0.6312499999999992006, -6.858022075225118093E-18, -1.444000000000000172 ) ) ;
#3522 = CARTESIAN_POINT ( 'NONE',  ( 0.6333333333333325266, -0.03233161507461881218, -1.444000000000000394 ) ) ;
#3523 = CARTESIAN_POINT ( 'NONE',  ( 0.6541666666666686725, -0.02295661507461569523, 1.460237976320964304 ) ) ;
#3525 = VERTEX_POINT ( 'NONE', #2687 ) ;
#3524 = ORIENTED_EDGE ( 'NONE', *, *, #2859, .F. ) ;
#3526 = PERSON_AND_ORGANIZATION ( #3987, #2447 ) ;
#3527 = CARTESIAN_POINT ( 'NONE',  ( 0.7385416666666686503, 0.02295661507461568829, -1.460237976320963860 ) ) ;
#3528 = CARTESIAN_POINT ( 'NONE',  ( 0.7281250000000023537, 0.000000000000000000, 1.460237976320964304 ) ) ;
#3529 = CARTESIAN_POINT ( 'NONE',  ( 0.7593750000000020206, 0.04591323014923139739, -1.499999999999999778 ) ) ;
#3530 = CARTESIAN_POINT ( 'NONE',  ( 0.5937500000000007772, 0.000000000000000000, -1.500000000000000444 ) ) ;
#3531 = CARTESIAN_POINT ( 'NONE',  ( 0.6687500000000017319, -4.869443502615268820E-18, -1.460237976320963860 ) ) ;
#3532 = CARTESIAN_POINT ( 'NONE',  ( 0.7895833333333354132, 0.03443492261192353937, 1.519881011839518514 ) ) ;
#3533 = DIRECTION ( 'NONE',  ( 0.000000000000000000, 0.000000000000000000, -1.000000000000000000 ) ) ;
#3534 = CARTESIAN_POINT ( 'NONE',  ( 0.7427083333333357462, -0.02295661507461571257, 1.539762023679036584 ) ) ;
#3535 = ORIENTED_EDGE ( 'NONE', *, *, #1817, .F. ) ;
#3536 = CARTESIAN_POINT ( 'NONE',  ( 0.6658854166666673402, -0.03311286507461774081, 1.442646835306589548 ) ) ;
#3537 = CARTESIAN_POINT ( 'NONE',  ( 0.6583333333333325488, -0.03233161507461877054, -1.444000000000000172 ) ) ;
#3538 = CARTESIAN_POINT ( 'NONE',  ( 0.6177083333333357462, -0.02295661507461571257, 1.539762023679036584 ) ) ;
#3539 = DIRECTION ( 'NONE',  ( 0.000000000000000000, 0.000000000000000000, -1.000000000000000000 ) ) ;
#3540 = CARTESIAN_POINT ( 'NONE',  ( 0.7747395833333371451, 0.04966929761192662163, 1.528676582346705892 ) ) ;
#3541 = CARTESIAN_POINT ( 'NONE',  ( 0.5937500000000007772, 0.000000000000000000, -1.500000000000000444 ) ) ;
#3542 = CARTESIAN_POINT ( 'NONE',  ( 0.7937499999999991784, 0.000000000000000000, -1.555999999999999384 ) ) ;
#3543 = CARTESIAN_POINT ( 'NONE',  ( 0.7437500000000021316, -4.869443502615268820E-18, 1.539762023679036362 ) ) ;
#3544 = EDGE_LOOP ( 'NONE', ( #3389, #1307, #367, #1615 ) ) ;
#3545 = DIRECTION ( 'NONE',  ( 0.000000000000000000, 0.000000000000000000, 1.000000000000000000 ) ) ;
#3546 = EDGE_CURVE ( 'NONE', #1760, #536, #1029, .T. ) ;
#3547 = CIRCLE ( 'NONE', #342, 0.07812500000000008327 ) ;
#3548 = CARTESIAN_POINT ( 'NONE',  ( 0.7989583333333377668, 0.04849742261192817316, -1.471999999999999975 ) ) ;
#3549 = CARTESIAN_POINT ( 'NONE',  ( 0.8427083333333357240, -0.02295661507461571257, 1.539762023679036584 ) ) ;
#3550 = CARTESIAN_POINT ( 'NONE',  ( 0.7947916666666686725, -0.03443492261192355325, -1.480118988160481930 ) ) ;
#3551 = CARTESIAN_POINT ( 'NONE',  ( 0.7833333333333349913, 0.02295661507461571951, -1.539762023679035918 ) ) ;
#3552 = CARTESIAN_POINT ( 'NONE',  ( 0.8309895833333369453, -0.03311286507461777551, -1.442646835306588660 ) ) ;
#3553 = AXIS2_PLACEMENT_3D ( 'NONE', #3530, #1131, #692 ) ;
#3554 = CARTESIAN_POINT ( 'NONE',  ( 0.7854166666666687613, 0.03443492261192356713, 1.480118988160482596 ) ) ;
#3555 = CARTESIAN_POINT ( 'NONE',  ( 0.7739583333333379667, 0.04849742261192817316, -1.471999999999999975 ) ) ;
#3556 = CARTESIAN_POINT ( 'NONE',  ( 0.8307094096480162060, 0.04596512632152586347, 1.497138222657301565 ) ) ;
#3557 = ORIENTED_EDGE ( 'NONE', *, *, #532, .T. ) ;
#3558 = CARTESIAN_POINT ( 'NONE',  ( 0.6992187500000004441, 0.06622573014923550938, 1.500000000000000444 ) ) ;
#3559 = CARTESIAN_POINT ( 'NONE',  ( 0.7562499999999992006, -6.858022075225118093E-18, -1.444000000000000172 ) ) ;
#3560 = EDGE_CURVE ( 'NONE', #4135, #1265, #592, .T. ) ;
#3561 = CARTESIAN_POINT ( 'NONE',  ( 0.6364583333333357906, 0.03443492261192353937, 1.519881011839518514 ) ) ;
#3562 = CARTESIAN_POINT ( 'NONE',  ( 0.6395833333333331705, -0.04849742261192779152, 1.472000000000000863 ) ) ;
#3563 = CARTESIAN_POINT ( 'NONE',  ( 0.7955729166666705154, 0.04966929761192666326, 1.471323417653294996 ) ) ;
#3564 = DIRECTION ( 'NONE',  ( 0.000000000000000000, 0.000000000000000000, -1.000000000000000000 ) ) ;
#3565 = CARTESIAN_POINT ( 'NONE',  ( 0.7197916666666711594, 0.04849742261192820092, -1.527999999999999581 ) ) ;
#3566 = EDGE_CURVE ( 'NONE', #2575, #780, #1652, .T. ) ;
#3567 = CARTESIAN_POINT ( 'NONE',  ( 0.7062500000000020428, 0.000000000000000000, 1.460237976320964304 ) ) ;
#3568 = VERTEX_POINT ( 'NONE', #4573 ) ;
#3569 = APPROVAL_ROLE ( '' ) ;
#3570 = DIRECTION ( 'NONE',  ( -1.028460421144192724E-15, 0.000000000000000000, 1.000000000000000000 ) ) ;
#3571 = CARTESIAN_POINT ( 'NONE',  ( 0.6552083333333356130, 0.02295661507461572298, 1.460237976320964304 ) ) ;
#3572 = CARTESIAN_POINT ( 'NONE',  ( 0.5916666666666682284, 0.02295661507461568829, -1.460237976320963860 ) ) ;
#3573 = CARTESIAN_POINT ( 'NONE',  ( 0.7354166666666682728, 0.03443492261192356713, -1.519881011839517626 ) ) ;
#3574 = CARTESIAN_POINT ( 'NONE',  ( 0.5875000000000016875, 0.04591323014923139739, -1.499999999999999778 ) ) ;
#3575 = CARTESIAN_POINT ( 'NONE',  ( 0.6492187500000001776, 0.06622573014923550938, -1.499999999999999778 ) ) ;
#3576 = CARTESIAN_POINT ( 'NONE',  ( 0.7562499999999992006, -6.858022075225118093E-18, -1.444000000000000172 ) ) ;
#3577 = DIRECTION ( 'NONE',  ( 0.000000000000000000, 0.000000000000000000, 1.000000000000000000 ) ) ;
#3578 = EDGE_LOOP ( 'NONE', ( #1592, #708, #3733, #834 ) ) ;
#3579 = CARTESIAN_POINT ( 'NONE',  ( 0.6242187500000005995, 0.06622573014923550938, 1.500000000000000444 ) ) ;
#3580 = EDGE_CURVE ( 'NONE', #1428, #1884, #2411, .T. ) ;
#3581 = CARTESIAN_POINT ( 'NONE',  ( 0.5937500000000007772, 0.000000000000000000, 1.500000000000000444 ) ) ;
#3582 = CARTESIAN_POINT ( 'NONE',  ( 0.7218750000000023759, -0.04591323014923139739, 1.500000000000000444 ) ) ;
#3583 = CARTESIAN_POINT ( 'NONE',  ( 0.6833333333333332371, -0.03233161507461881218, 1.555999999999998940 ) ) ;
#3584 = CARTESIAN_POINT ( 'NONE',  ( 0.7830729166666705598, -0.04966929761192663551, 1.528676582346705892 ) ) ;
#3585 =( BOUNDED_CURVE ( )  B_SPLINE_CURVE ( 2, ( #2491, #1724, #1022 ),
 .UNSPECIFIED., .F., .F. ) 
 B_SPLINE_CURVE_WITH_KNOTS ( ( 3, 3 ),
 ( 0.08922653535171340411, 0.09090909090909092549 ),
 .UNSPECIFIED. ) 
 CURVE ( )  GEOMETRIC_REPRESENTATION_ITEM ( )  RATIONAL_B_SPLINE_CURVE ( ( 0.9735488969786909585, 0.9851222997069466469, 1.000000000000000222 ) ) 
 REPRESENTATION_ITEM ( '' )  );
#3586 = CARTESIAN_POINT ( 'NONE',  ( 0.8062499999999992450, -6.858022075225118093E-18, -1.444000000000000172 ) ) ;
#3587 = CARTESIAN_POINT ( 'NONE',  ( 0.7145833333333353465, 0.03443492261192353937, 1.519881011839518514 ) ) ;
#3588 = ORIENTED_EDGE ( 'NONE', *, *, #3199, .T. ) ;
#3589 = CARTESIAN_POINT ( 'NONE',  ( 0.5937500000000026645, 0.009537848926566028576, -1.458738768024318455 ) ) ;
#3590 = CARTESIAN_POINT ( 'NONE',  ( 0.8437500000000004441, 0.000000000000000000, -1.499999999999999556 ) ) ;
#3591 = CARTESIAN_POINT ( 'NONE',  ( 0.6531250000000022871, 0.000000000000000000, 1.460237976320964304 ) ) ;
#3592 = CARTESIAN_POINT ( 'NONE',  ( 0.5937500000000007772, 0.000000000000000000, 1.500000000000000444 ) ) ;
#3593 = DIRECTION ( 'NONE',  ( 1.000000000000000000, -0.000000000000000000, -0.000000000000000000 ) ) ;
#3594 = ORIENTED_EDGE ( 'NONE', *, *, #4322, .F. ) ;
#3595 = CARTESIAN_POINT ( 'NONE',  ( 0.6145833333333350357, 0.03443492261192353937, -1.480118988160481708 ) ) ;
#3596 = CARTESIAN_POINT ( 'NONE',  ( 0.6742187500000000888, 0.06622573014923550938, -1.499999999999999778 ) ) ;
#3597 = DIRECTION ( 'NONE',  ( 0.7071067811865462405, 0.000000000000000000, -0.7071067811865486830 ) ) ;
#3598 = CARTESIAN_POINT ( 'NONE',  ( 0.6552083333333378334, -0.03233161507461853462, 1.555999999999998940 ) ) ;
#3599 = CARTESIAN_POINT ( 'NONE',  ( 0.8437500000000005551, 7.189451837326321554E-18, 1.558706329386823519 ) ) ;
#3600 = ORIENTED_EDGE ( 'NONE', *, *, #2714, .T. ) ;
#3601 = ADVANCED_FACE ( 'NONE', ( #1019 ), #995, .F. ) ;
#3602 = ORIENTED_EDGE ( 'NONE', *, *, #4192, .T. ) ;
#3603 = FACE_OUTER_BOUND ( 'NONE', #963, .T. ) ;
#3604 = CARTESIAN_POINT ( 'NONE',  ( 0.6416666666666663854, -0.03233161507461864564, 1.444000000000001060 ) ) ;
#3605 = CARTESIAN_POINT ( 'NONE',  ( 0.7809895833333373449, -0.03311286507461777551, 1.557353164693411340 ) ) ;
#3606 = CARTESIAN_POINT ( 'NONE',  ( 0.6812499999999991340, -6.858022075225118093E-18, -1.444000000000000172 ) ) ;
#3607 = CARTESIAN_POINT ( 'NONE',  ( 0.6187500000000021316, -4.869443502615268820E-18, 1.539762023679036362 ) ) ;
#3608 = VERTEX_POINT ( 'NONE', #1304 ) ;
#3609 = CARTESIAN_POINT ( 'NONE',  ( 0.5989583333333352577, -0.03443492261192354631, -1.519881011839518070 ) ) ;
#3610 = CARTESIAN_POINT ( 'NONE',  ( 0.6218750000000022871, -0.04591323014923139739, 1.500000000000000444 ) ) ;
#3611 = CARTESIAN_POINT ( 'NONE',  ( 0.7656250000000019984, -4.869443502615268820E-18, -1.460237976320963860 ) ) ;
#3612 = CARTESIAN_POINT ( 'NONE',  ( 0.7708333333333350357, -0.02295661507461571257, -1.460237976320963860 ) ) ;
#3613 = ORIENTED_EDGE ( 'NONE', *, *, #2523, .T. ) ;
#3614 = CARTESIAN_POINT ( 'NONE',  ( 0.8205729166666700936, 0.04966929761192666326, -1.528676582346705226 ) ) ;
#3615 = AXIS2_PLACEMENT_3D ( 'NONE', #2034, #3497, #985 ) ;
#3616 = CARTESIAN_POINT ( 'NONE',  ( 0.6325520833333334592, -0.03311286507461777551, -1.442646835306588660 ) ) ;
#3617 = CARTESIAN_POINT ( 'NONE',  ( 0.8083333333333332371, -0.03233161507461881218, 1.555999999999998940 ) ) ;
#3618 = AXIS2_PLACEMENT_3D ( 'NONE', #1030, #2428, #4354 ) ;
#3619 = CARTESIAN_POINT ( 'NONE',  ( 0.8263779518688191272, -0.04158535471097250802, -1.504413826615426109 ) ) ;
#3620 = CARTESIAN_POINT ( 'NONE',  ( 0.5885416666666690721, 0.02295661507461568829, 1.539762023679036584 ) ) ;
#3621 = EDGE_LOOP ( 'NONE', ( #3720, #2747, #2193, #2165 ) ) ;
#3622 = AXIS2_PLACEMENT_3D ( 'NONE', #2229, #403, #1902 ) ;
#3623 = EDGE_CURVE ( 'NONE', #544, #2665, #3706, .T. ) ;
#3624 = VERTEX_POINT ( 'NONE', #3834 ) ;
#3625 = DIRECTION ( 'NONE',  ( 1.000000000000000000, -0.000000000000000000, -0.000000000000000000 ) ) ;
#3626 = CARTESIAN_POINT ( 'NONE',  ( 0.7760416666666686281, -0.02295661507461569176, -1.539762023679035918 ) ) ;
#3627 = CARTESIAN_POINT ( 'NONE',  ( 0.6601562500000038858, -0.06622573014923550938, 1.500000000000000444 ) ) ;
#3628 = LINE ( 'NONE', #4415, #1287 ) ;
#3629 = CARTESIAN_POINT ( 'NONE',  ( 0.6312499999999998668, -6.858022075225068789E-18, 1.555999999999999384 ) ) ;
#3630 = ORIENTED_EDGE ( 'NONE', *, *, #2823, .F. ) ;
#3631 = CARTESIAN_POINT ( 'NONE',  ( 0.7250000000000021982, -0.04591323014923139739, 1.500000000000000444 ) ) ;
#3632 = EDGE_CURVE ( 'NONE', #602, #3650, #640, .T. ) ;
#3633 = CARTESIAN_POINT ( 'NONE',  ( 0.5802083333333352133, 0.02295661507461572298, -1.539762023679035918 ) ) ;
#3634 = CARTESIAN_POINT ( 'NONE',  ( 0.6614583333333358128, 0.03443492261192353937, 1.519881011839518514 ) ) ;
#3635 = CARTESIAN_POINT ( 'NONE',  ( 0.6968750000000020206, -0.04591323014923139739, -1.499999999999999778 ) ) ;
#3636 = CARTESIAN_POINT ( 'NONE',  ( 0.6333333333333349691, 0.02295661507461571951, -1.539762023679035918 ) ) ;
#3637 = CARTESIAN_POINT ( 'NONE',  ( 0.8580729166666701824, -0.04966929761192663551, -1.471323417653294330 ) ) ;
#3638 = EDGE_CURVE ( 'NONE', #4246, #3568, #3415, .T. ) ;
#3639 = CARTESIAN_POINT ( 'NONE',  ( 0.6783854166666669627, 0.03311286507461773387, -1.442646835306588660 ) ) ;
#3640 = CYLINDRICAL_SURFACE ( 'NONE', #267, 0.05599999999999880074 ) ;
#3641 = CARTESIAN_POINT ( 'NONE',  ( 0.5937500000000007772, 0.000000000000000000, 1.500000000000000444 ) ) ;
#3642 = CARTESIAN_POINT ( 'NONE',  ( 0.5781250000000024425, 0.000000000000000000, 1.460237976320964304 ) ) ;
#3643 = ORIENTED_EDGE ( 'NONE', *, *, #745, .F. ) ;
#3644 = CARTESIAN_POINT ( 'NONE',  ( 0.6239583333333378334, 0.04849742261192817316, -1.471999999999999975 ) ) ;
#3645 = VERTEX_POINT ( 'NONE', #2782 ) ;
#3646 = CARTESIAN_POINT ( 'NONE',  ( 0.8410436706131602103, -0.03493653634386955503, -1.543765722069828206 ) ) ;
#3647 = CARTESIAN_POINT ( 'NONE',  ( 0.8010416666666685392, -0.02295661507461569176, -1.539762023679035918 ) ) ;
#3648 = CARTESIAN_POINT ( 'NONE',  ( 0.6643229166666705376, -0.03311286507461774081, 1.442646835306589548 ) ) ;
#3649 = CARTESIAN_POINT ( 'NONE',  ( 0.7562499999999998668, -6.858022075225068789E-18, 1.555999999999999384 ) ) ;
#3650 = VERTEX_POINT ( 'NONE', #3483 ) ;
#3651 = CARTESIAN_POINT ( 'NONE',  ( 0.8083333333333354576, 0.02295661507461572298, 1.460237976320964304 ) ) ;
#3652 = DIRECTION ( 'NONE',  ( 0.000000000000000000, 0.000000000000000000, -1.000000000000000000 ) ) ;
#3653 = CARTESIAN_POINT ( 'NONE',  ( 0.6343750000000023537, 0.04591323014923139739, 1.500000000000000444 ) ) ;
#3654 = CARTESIAN_POINT ( 'NONE',  ( 0.6322916666666685837, 0.03443492261192356713, -1.519881011839517626 ) ) ;
#3655 = CARTESIAN_POINT ( 'NONE',  ( 0.6937500000000017542, -4.869443502615268820E-18, -1.460237976320963860 ) ) ;
#3656 = ORIENTED_EDGE ( 'NONE', *, *, #532, .F. ) ;
#3657 = CARTESIAN_POINT ( 'NONE',  ( 0.7747395833333369231, 0.04966929761192662163, -1.471323417653294330 ) ) ;
#3658 = CARTESIAN_POINT ( 'NONE',  ( 0.7429687500000001776, 0.000000000000000000, -1.557353164693410896 ) ) ;
#3659 = CARTESIAN_POINT ( 'NONE',  ( 0.6054687500000002220, -7.023736956275672060E-18, -1.442646835306588882 ) ) ;
#3660 = CYLINDRICAL_SURFACE ( 'NONE', #2444, 0.05599999999999880074 ) ;
#3661 = CARTESIAN_POINT ( 'NONE',  ( 0.8229166666666665186, 0.04849742261192781928, 1.472000000000000863 ) ) ;
#3662 = CARTESIAN_POINT ( 'NONE',  ( 0.7083333333333323711, -0.03233161507461829870, -1.443999999999999950 ) ) ;
#3663 = CARTESIAN_POINT ( 'NONE',  ( 0.8229166666666684060, -0.03443492261192355325, -1.480118988160481930 ) ) ;
#3664 = VERTEX_POINT ( 'NONE', #3860 ) ;
#3665 = FACE_OUTER_BOUND ( 'NONE', #2110, .T. ) ;
#3666 = ORIENTED_EDGE ( 'NONE', *, *, #4407, .F. ) ;
#3667 = CARTESIAN_POINT ( 'NONE',  ( 0.5937500000000007772, 0.000000000000000000, 1.444000000000001505 ) ) ;
#3668 = CARTESIAN_POINT ( 'NONE',  ( 0.8468750000000021538, -0.04591323014923139739, -1.499999999999999778 ) ) ;
#3669 = CARTESIAN_POINT ( 'NONE',  ( 0.6372395833333371895, -0.04966929761192663551, 1.471323417653294996 ) ) ;
#3670 = CARTESIAN_POINT ( 'NONE',  ( 0.7562499999999998668, -6.858022075225068789E-18, 1.555999999999999384 ) ) ;
#3671 = DIRECTION ( 'NONE',  ( 1.000000000000000000, -0.000000000000000000, -0.000000000000000000 ) ) ;
#3672 = ORIENTED_EDGE ( 'NONE', *, *, #1335, .F. ) ;
#3673 = CARTESIAN_POINT ( 'NONE',  ( 0.8166666666666686503, 0.02295661507461568829, 1.539762023679036584 ) ) ;
#3674 = DIRECTION ( 'NONE',  ( 1.000000000000000000, 0.000000000000000000, 0.000000000000000000 ) ) ;
#3675 = CARTESIAN_POINT ( 'NONE',  ( 0.8458333333333354354, -0.02295661507461571257, 1.539762023679036584 ) ) ;
#3676 = EDGE_CURVE ( 'NONE', #1416, #2226, #4116, .T. ) ;
#3677 = CARTESIAN_POINT ( 'NONE',  ( 0.7093750000000020872, 0.04591323014923139739, -1.499999999999999778 ) ) ;
#3678 = CARTESIAN_POINT ( 'NONE',  ( 0.6729166666666683838, -0.03443492261192355325, -1.480118988160481930 ) ) ;
#3679 = ORIENTED_EDGE ( 'NONE', *, *, #3012, .F. ) ;
#3680 = CARTESIAN_POINT ( 'NONE',  ( 0.6747395833333368342, 0.04966929761192662163, -1.471323417653294330 ) ) ;
#3681 = CARTESIAN_POINT ( 'NONE',  ( 0.7992187500000001998, 0.06622573014923550938, -1.499999999999999778 ) ) ;
#3682 = CARTESIAN_POINT ( 'NONE',  ( 0.5908854166666668295, -0.03311286507461774081, -1.557353164693410674 ) ) ;
#3683 = CARTESIAN_POINT ( 'NONE',  ( 0.6999999999999991784, 0.06466323014923751333, -1.499999999999999778 ) ) ;
#3684 = CARTESIAN_POINT ( 'NONE',  ( 0.7416666666666659191, -0.03233161507461888157, -1.555999999999998940 ) ) ;
#3685 = CARTESIAN_POINT ( 'NONE',  ( 0.7187499999999991118, 0.000000000000000000, -1.555999999999999384 ) ) ;
#3686 = CARTESIAN_POINT ( 'NONE',  ( 0.7979166666666683838, -0.03443492261192355325, -1.480118988160481930 ) ) ;
#3687 = AXIS2_PLACEMENT_3D ( 'NONE', #3691, #4254, #1899 ) ;
#3688 = ORIENTED_EDGE ( 'NONE', *, *, #1114, .T. ) ;
#3689 = EDGE_CURVE ( 'NONE', #1597, #1106, #3980, .T. ) ;
#3690 = AXIS2_PLACEMENT_3D ( 'NONE', #3475, #4566, #2750 ) ;
#3691 = CARTESIAN_POINT ( 'NONE',  ( 0.5937500000000007772, 0.000000000000000000, -1.500000000000000444 ) ) ;
#3692 = CARTESIAN_POINT ( 'NONE',  ( 0.5846354166666672958, -0.04966929761192663551, 1.528676582346705892 ) ) ;
#3693 = ORIENTED_EDGE ( 'NONE', *, *, #1129, .T. ) ;
#3694 = CARTESIAN_POINT ( 'NONE',  ( 0.8390891746864017620, -0.05481363316610094599, -1.505880847444178050 ) ) ;
#3695 = CARTESIAN_POINT ( 'NONE',  ( 0.8177083333333353687, -0.02295661507461571257, -1.460237976320963860 ) ) ;
#3696 = CIRCLE ( 'NONE', #3690, 0.07812500000000013878 ) ;
#3697 = ADVANCED_FACE ( 'NONE', ( #1325 ), #2734, .F. ) ;
#3698 = CARTESIAN_POINT ( 'NONE',  ( 0.6518229166666705821, 0.03311286507461773387, 1.557353164693411340 ) ) ;
#3699 = VECTOR ( 'NONE', #2879, 39.37007874015748143 ) ;
#3700 = CARTESIAN_POINT ( 'NONE',  ( 0.5916666666666687835, 0.02295661507461568829, 1.539762023679036584 ) ) ;
#3701 = CARTESIAN_POINT ( 'NONE',  ( 0.6791666666666665853, 0.03233161507461822237, 1.555999999999999828 ) ) ;
#3702 = CARTESIAN_POINT ( 'NONE',  ( 0.6062500000000020650, 0.000000000000000000, 1.460237976320964304 ) ) ;
#3703 = ORIENTED_EDGE ( 'NONE', *, *, #4442, .T. ) ;
#3704 = CARTESIAN_POINT ( 'NONE',  ( 0.8333333333333353687, 0.02295661507461572298, 1.460237976320964304 ) ) ;
#3705 = CARTESIAN_POINT ( 'NONE',  ( 0.6041666666666664076, 0.03233161507461836809, 1.555999999999999384 ) ) ;
#3706 = B_SPLINE_CURVE_WITH_KNOTS ( 'NONE', 3,
 ( #1350, #1375, #4189, #2759, #4166, #2442, #3084, #615, #257, #565, #2710, #306, #2396, #3789, #3438, #3810 ),
 .UNSPECIFIED., .F., .F.,
 ( 4, 2, 2, 2, 2, 2, 2, 4 ),
 ( 0.0008575942892955837338, 0.001316211190010659190, 0.001774828090725734647, 0.002233444991440809886, 0.002692061892155885559, 0.003150678792870960799, 0.003609295693586036472, 0.004526529495016186518 ),
 .UNSPECIFIED. ) ;
#3707 = CARTESIAN_POINT ( 'NONE',  ( 0.7281250000000019096, 0.000000000000000000, -1.539762023679035918 ) ) ;
#3708 = CARTESIAN_POINT ( 'NONE',  ( 0.7291666666666682950, -0.02295661507461569523, -1.539762023679035918 ) ) ;
#3709 = ORIENTED_EDGE ( 'NONE', *, *, #2584, .T. ) ;
#3710 = CARTESIAN_POINT ( 'NONE',  ( 0.7372395833333368342, -0.04966929761192663551, -1.528676582346705226 ) ) ;
#3711 = DIRECTION ( 'NONE',  ( 0.000000000000000000, 0.000000000000000000, -1.000000000000000000 ) ) ;
#3712 = CARTESIAN_POINT ( 'NONE',  ( 0.5679687500000001332, 0.000000000000000000, -1.557353164693410896 ) ) ;
#3713 = CARTESIAN_POINT ( 'NONE',  ( 0.7020833333333323933, 0.04849742261192812459, -1.471999999999999975 ) ) ;
#3714 = CARTESIAN_POINT ( 'NONE',  ( 0.8281250000000045519, -6.858022075225123486E-18, -1.444000000000000172 ) ) ;
#3715 = CARTESIAN_POINT ( 'NONE',  ( 0.5937500000000007772, -0.02785843759302079892, 1.528371217491112821 ) ) ;
#3716 = CARTESIAN_POINT ( 'NONE',  ( 0.8000000000000017097, -0.04591323014923139739, -1.499999999999999778 ) ) ;
#3717 = ORIENTED_EDGE ( 'NONE', *, *, #1445, .T. ) ;
#3718 = CARTESIAN_POINT ( 'NONE',  ( 0.5937500000000008882, 0.03923523907639504815, 1.460042572472467493 ) ) ;
#3719 = CARTESIAN_POINT ( 'NONE',  ( 0.7906250000000024647, -4.869443502615268820E-18, 1.539762023679036362 ) ) ;
#3720 = ORIENTED_EDGE ( 'NONE', *, *, #2803, .F. ) ;
#3721 = CARTESIAN_POINT ( 'NONE',  ( 0.7888020833333339032, -0.04966929761192663551, 1.471323417653294996 ) ) ;
#3722 = CARTESIAN_POINT ( 'NONE',  ( 0.7510416666666686059, -0.02295661507461569176, -1.539762023679035918 ) ) ;
#3723 = CARTESIAN_POINT ( 'NONE',  ( 0.6309895833333372117, -0.03311286507461777551, 1.557353164693411340 ) ) ;
#3724 = CARTESIAN_POINT ( 'NONE',  ( 0.6770833333333353687, -0.03443492261192354631, 1.480118988160482152 ) ) ;
#3725 = CARTESIAN_POINT ( 'NONE',  ( 0.6687499999999998446, 0.000000000000000000, 1.444000000000001283 ) ) ;
#3726 = CARTESIAN_POINT ( 'NONE',  ( 0.7468750000000023981, -0.04591323014923139739, 1.500000000000000444 ) ) ;
#3727 = ORIENTED_EDGE ( 'NONE', *, *, #4591, .F. ) ;
#3728 = CARTESIAN_POINT ( 'NONE',  ( 0.7833333333333354354, 0.02295661507461572298, 1.460237976320964304 ) ) ;
#3729 = CLOSED_SHELL ( 'NONE', ( #123, #4195, #489, #471, #1507, #941, #3488, #1998, #1762, #3948, #2256, #3843, #4282, #1833, #1992, #1075, #2925, #1424, #2274, #2052, #1498, #2815, #3930, #3289, #4482, #3337, #3143, #603, #29, #2913, #3446, #4335, #3893, #3098, #2473, #1557, #750, #3697, #268, #2340, #1032, #1160, #1290, #4529, #1276, #3060, #97, #1456, #2191, #2328, #2189, #4130, #3256, #1795, #1701, #1379, #2730, #2484, #3156, #1212, #4393, #3601, #2666, #4420, #1616, #374, #4547, #3746 ) ) ;
#3730 = CARTESIAN_POINT ( 'NONE',  ( 0.6187499999999998002, 0.000000000000000000, 1.444000000000001283 ) ) ;
#3731 = CARTESIAN_POINT ( 'NONE',  ( 0.7031250000000018874, 0.000000000000000000, -1.539762023679035918 ) ) ;
#3732 = CARTESIAN_POINT ( 'NONE',  ( 0.6395833333333350579, 0.03443492261192353937, -1.480118988160481708 ) ) ;
#3733 = ORIENTED_EDGE ( 'NONE', *, *, #2738, .T. ) ;
#3734 = CARTESIAN_POINT ( 'NONE',  ( 0.6518229166666701380, 0.03311286507461773387, -1.442646835306588660 ) ) ;
#3735 = VECTOR ( 'NONE', #4315, 39.37007874015748143 ) ;
#3736 = CARTESIAN_POINT ( 'NONE',  ( 0.7638020833333335480, -0.04966929761192663551, -1.528676582346705226 ) ) ;
#3737 =( BOUNDED_CURVE ( )  B_SPLINE_CURVE ( 2, ( #606, #3452, #1009, #2410, #4229, #3824, #1341 ),
 .UNSPECIFIED., .F., .F. ) 
 B_SPLINE_CURVE_WITH_KNOTS ( ( 3, 2, 2, 3 ),
 ( 0.3636363636363629803, 0.3787878787878783959, 0.3939393939393937560, 0.4090909090909091717 ),
 .UNSPECIFIED. ) 
 CURVE ( )  GEOMETRIC_REPRESENTATION_ITEM ( )  RATIONAL_B_SPLINE_CURVE ( ( 1.000000000000005995, 0.8660254037844328234, 1.000000000000000000, 0.8660254037844387076, 1.000000000000000000, 0.8660254037844377084, 1.000000000000000888 ) ) 
 REPRESENTATION_ITEM ( '' )  );
#3738 = CARTESIAN_POINT ( 'NONE',  ( 0.8010416666666685392, -0.02295661507461569176, -1.539762023679035918 ) ) ;
#3739 = CARTESIAN_POINT ( 'NONE',  ( 0.5937500000000007772, 0.000000000000000000, 1.500000000000000444 ) ) ;
#3740 = CARTESIAN_POINT ( 'NONE',  ( 0.8410436706131761975, 0.000000000000000000, 1.500000000000000444 ) ) ;
#3741 = CARTESIAN_POINT ( 'NONE',  ( 0.5937500000000005551, -0.04123401885021196756, 1.472789666457749780 ) ) ;
#3742 = CARTESIAN_POINT ( 'NONE',  ( 0.7875000000000016431, 0.04591323014923139739, -1.499999999999999778 ) ) ;
#3743 = ORIENTED_EDGE ( 'NONE', *, *, #2654, .T. ) ;
#3744 = CYLINDRICAL_SURFACE ( 'NONE', #1163, 0.05599999999999880074 ) ;
#3745 = CARTESIAN_POINT ( 'NONE',  ( 0.5721354166666672292, 0.04966929761192666326, 1.471323417653294996 ) ) ;
#3746 = ADVANCED_FACE ( 'NONE', ( #3154 ), #352, .F. ) ;
#3747 = VERTEX_POINT ( 'NONE', #713 ) ;
#3748 = CARTESIAN_POINT ( 'NONE',  ( 0.8367187500000007327, -0.06622573014923550938, 1.500000000000000444 ) ) ;
#3749 = CARTESIAN_POINT ( 'NONE',  ( 0.7031250000000018874, 0.000000000000000000, -1.539762023679035918 ) ) ;
#3750 = CARTESIAN_POINT ( 'NONE',  ( 0.6781250000000045297, -6.858022075225123486E-18, -1.444000000000000172 ) ) ;
#3751 = CARTESIAN_POINT ( 'NONE',  ( 0.6895833333333354354, 0.03443492261192353937, 1.519881011839518514 ) ) ;
#3752 = CARTESIAN_POINT ( 'NONE',  ( 0.7385416666666690944, 0.02295661507461568829, 1.539762023679036584 ) ) ;
#3753 = DIRECTION ( 'NONE',  ( 1.000000000000000000, -0.000000000000000000, -0.000000000000000000 ) ) ;
#3754 = CARTESIAN_POINT ( 'NONE',  ( 0.6812500000000020206, 0.000000000000000000, 1.460237976320964304 ) ) ;
#3755 = FACE_OUTER_BOUND ( 'NONE', #1272, .T. ) ;
#3756 = CARTESIAN_POINT ( 'NONE',  ( 0.8062500000000021316, 0.000000000000000000, 1.460237976320964304 ) ) ;
#3757 = VERTEX_POINT ( 'NONE', #329 ) ;
#3758 = CARTESIAN_POINT ( 'NONE',  ( 0.7101562500000034861, -0.06622573014923550938, -1.499999999999999778 ) ) ;
#3759 = EDGE_CURVE ( 'NONE', #1183, #1382, #158, .T. ) ;
#3760 = CARTESIAN_POINT ( 'NONE',  ( 0.8177083333333375892, 0.03233161507461781298, 1.444000000000000172 ) ) ;
#3761 = CARTESIAN_POINT ( 'NONE',  ( 0.7697916666666686503, -0.03443492261192355325, -1.480118988160481930 ) ) ;
#3762 = CARTESIAN_POINT ( 'NONE',  ( 0.8239583333333377890, 0.04849742261192817316, -1.471999999999999975 ) ) ;
#3763 = CARTESIAN_POINT ( 'NONE',  ( 0.7093750000000046407, -0.06466323014923693047, 1.500000000000000444 ) ) ;
#3764 = CARTESIAN_POINT ( 'NONE',  ( 0.8333333333333350357, 0.02295661507461572298, -1.539762023679035918 ) ) ;
#3765 =( BOUNDED_CURVE ( )  B_SPLINE_CURVE ( 2, ( #4476, #3760, #206, #4425, #4060, #487, #511 ),
 .UNSPECIFIED., .F., .F. ) 
 B_SPLINE_CURVE_WITH_KNOTS ( ( 3, 2, 2, 3 ),
 ( 0.8181818181818175661, 0.8333333333333330373, 0.8484848484848485084, 0.8636363636363638685 ),
 .UNSPECIFIED. ) 
 CURVE ( )  GEOMETRIC_REPRESENTATION_ITEM ( )  RATIONAL_B_SPLINE_CURVE ( ( 1.000000000000004885, 0.8660254037844338226, 1.000000000000000000, 0.8660254037844387076, 1.000000000000000000, 0.8660254037844367092, 1.000000000000001998 ) ) 
 REPRESENTATION_ITEM ( '' )  );
#3766 = CARTESIAN_POINT ( 'NONE',  ( 0.5937500000000007772, 0.000000000000000000, 1.500000000000000444 ) ) ;
#3767 = CARTESIAN_POINT ( 'NONE',  ( 0.5908854166666671626, -0.03311286507461774081, 1.442646835306589548 ) ) ;
#3768 = ORIENTED_EDGE ( 'NONE', *, *, #4630, .F. ) ;
#3769 = CARTESIAN_POINT ( 'NONE',  ( 0.6781250000000045297, -6.858022075225123486E-18, -1.444000000000000172 ) ) ;
#3770 = CARTESIAN_POINT ( 'NONE',  ( 0.6677083333333353465, -0.02295661507461571257, -1.460237976320963860 ) ) ;
#3771 = CARTESIAN_POINT ( 'NONE',  ( 0.6520833333333325710, 0.04849742261192812459, -1.471999999999999975 ) ) ;
#3772 = CARTESIAN_POINT ( 'NONE',  ( 0.6937500000000020872, -4.869443502615268820E-18, 1.539762023679036362 ) ) ;
#3773 = CARTESIAN_POINT ( 'NONE',  ( 0.7906250000000024647, -4.869443502615268820E-18, 1.539762023679036362 ) ) ;
#3774 = CARTESIAN_POINT ( 'NONE',  ( 0.5937500000000007772, -0.03578816565489376100, -1.477080817367553367 ) ) ;
#3775 = CARTESIAN_POINT ( 'NONE',  ( 0.5916666666666687835, 0.02295661507461568829, 1.539762023679036584 ) ) ;
#3776 = CC_DESIGN_SECURITY_CLASSIFICATION ( #1476, ( #4074 ) ) ;
#3777 = CARTESIAN_POINT ( 'NONE',  ( 0.5937500000000031086, 0.01944990249750992717, 1.539418266763537213 ) ) ;
#3778 = CARTESIAN_POINT ( 'NONE',  ( 0.8072916666666711816, -0.04849742261192770826, 1.527999999999999581 ) ) ;
#3779 = CARTESIAN_POINT ( 'NONE',  ( 0.8166666666666686503, 0.02295661507461568829, 1.539762023679036584 ) ) ;
#3781 = ORIENTED_EDGE ( 'NONE', *, *, #1848, .T. ) ;
#3780 = CARTESIAN_POINT ( 'NONE',  ( 0.7604166666666682950, 0.03443492261192356713, -1.519881011839517626 ) ) ;
#3782 = CARTESIAN_POINT ( 'NONE',  ( 0.5914062500000034639, 0.000000000000000000, -1.557353164693410896 ) ) ;
#3783 = CARTESIAN_POINT ( 'NONE',  ( 0.7304687500000002220, -7.023736956275672060E-18, -1.442646835306588882 ) ) ;
#3784 = CARTESIAN_POINT ( 'NONE',  ( 0.7510416666666686059, -0.02295661507461569176, -1.539762023679035918 ) ) ;
#3785 = CARTESIAN_POINT ( 'NONE',  ( 0.6197916666666711816, 0.04849742261192773601, 1.472000000000000863 ) ) ;
#3786 = EDGE_CURVE ( 'NONE', #3088, #865, #2724, .T. ) ;
#3787 = CARTESIAN_POINT ( 'NONE',  ( 0.6645833333333350801, 0.03443492261192353937, -1.480118988160481708 ) ) ;
#3788 = EDGE_CURVE ( 'NONE', #3088, #3230, #3938, .T. ) ;
#3789 = CARTESIAN_POINT ( 'NONE',  ( 0.8336052717962394443, 0.02369174904914746541, -1.455926982957332028 ) ) ;
#3790 = CARTESIAN_POINT ( 'NONE',  ( 0.7062500000000015987, 0.000000000000000000, -1.539762023679035918 ) ) ;
#3791 = CARTESIAN_POINT ( 'NONE',  ( 0.5937500000000007772, 0.000000000000000000, -1.555999999999999162 ) ) ;
#3792 = CARTESIAN_POINT ( 'NONE',  ( 0.8156250000000024869, -4.869443502615268820E-18, 1.539762023679036362 ) ) ;
#3793 = ORIENTED_EDGE ( 'NONE', *, *, #1659, .F. ) ;
#3794 = CARTESIAN_POINT ( 'NONE',  ( 0.8346354166666672958, -0.04966929761192663551, 1.528676582346705892 ) ) ;
#3795 = CARTESIAN_POINT ( 'NONE',  ( 0.6927083333333352577, -0.02295661507461571257, -1.460237976320963860 ) ) ;
#3796 = CYLINDRICAL_SURFACE ( 'NONE', #2744, 0.05599999999999880074 ) ;
#3797 = CARTESIAN_POINT ( 'NONE',  ( 0.6875000000000021094, 0.04591323014923139739, 1.500000000000000444 ) ) ;
#3798 = CARTESIAN_POINT ( 'NONE',  ( 0.8031250000000024203, 0.000000000000000000, 1.460237976320964304 ) ) ;
#3799 = DIRECTION ( 'NONE',  ( -0.000000000000000000, -1.000000000000000000, -0.000000000000000000 ) ) ;
#3800 = CARTESIAN_POINT ( 'NONE',  ( 0.6500000000000020206, -0.04591323014923139739, 1.500000000000000444 ) ) ;
#3801 = CARTESIAN_POINT ( 'NONE',  ( 0.5937500000000021094, -4.869443502615268820E-18, 1.539762023679036362 ) ) ;
#3802 = CARTESIAN_POINT ( 'NONE',  ( 0.6052083333333353465, 0.02295661507461571951, -1.539762023679035918 ) ) ;
#3803 = CARTESIAN_POINT ( 'NONE',  ( 0.5979166666666683172, -0.03443492261192355325, -1.480118988160481930 ) ) ;
#3805 = ORIENTED_EDGE ( 'NONE', *, *, #687, .F. ) ;
#3804 = CARTESIAN_POINT ( 'NONE',  ( 0.7979166666666683838, -0.03443492261192355325, -1.480118988160481930 ) ) ;
#3806 = CARTESIAN_POINT ( 'NONE',  ( 0.6937499999999990896, 0.000000000000000000, -1.555999999999999384 ) ) ;
#3807 = CARTESIAN_POINT ( 'NONE',  ( 0.7406250000000019762, -4.869443502615268820E-18, -1.460237976320963860 ) ) ;
#3808 = CARTESIAN_POINT ( 'NONE',  ( 0.8302083333333356574, 0.02295661507461572298, 1.460237976320964304 ) ) ;
#3809 = CARTESIAN_POINT ( 'NONE',  ( 0.6354166666666682950, 0.03443492261192356713, -1.519881011839517626 ) ) ;
#3810 = CARTESIAN_POINT ( 'NONE',  ( 0.8348347322407192461, -6.097646424831791893E-18, -1.450208938372457679 ) ) ;
#3811 = CIRCLE ( 'NONE', #4414, 0.2031250000000000278 ) ;
#3812 = CARTESIAN_POINT ( 'NONE',  ( 0.7000000000000016209, -0.04591323014923139739, -1.499999999999999778 ) ) ;
#3813 = CARTESIAN_POINT ( 'NONE',  ( 0.7666666666666687169, 0.02295661507461568829, 1.539762023679036584 ) ) ;
#3814 = DIRECTION ( 'NONE',  ( 1.000000000000000000, 0.000000000000000000, 0.000000000000000000 ) ) ;
#3815 = CARTESIAN_POINT ( 'NONE',  ( 0.7343750000000023315, 0.04591323014923139739, 1.500000000000000444 ) ) ;
#3816 = VERTEX_POINT ( 'NONE', #1296 ) ;
#3817 = CARTESIAN_POINT ( 'NONE',  ( 0.6760416666666685392, -0.02295661507461569176, -1.539762023679035918 ) ) ;
#3818 = AXIS2_PLACEMENT_3D ( 'NONE', #11, #4603, #2168 ) ;
#3819 = CYLINDRICAL_SURFACE ( 'NONE', #2195, 0.05599999999999880074 ) ;
#3820 = CARTESIAN_POINT ( 'NONE',  ( 0.6895833333333324378, -0.04849742261192814541, -1.527999999999999581 ) ) ;
#3821 = CARTESIAN_POINT ( 'NONE',  ( 0.7843750000000023759, 0.04591323014923139739, 1.500000000000000444 ) ) ;
#3822 = CARTESIAN_POINT ( 'NONE',  ( 0.5937500000000007772, -0.04661907669099048940, -1.503786102954254522 ) ) ;
#3823 = CARTESIAN_POINT ( 'NONE',  ( 0.5958333333333354354, -0.02295661507461571257, 1.539762023679036584 ) ) ;
#3824 = CARTESIAN_POINT ( 'NONE',  ( 0.7010416666666713370, 0.03233161507461831952, 1.555999999999999384 ) ) ;
#3825 = DIRECTION ( 'NONE',  ( -0.000000000000000000, -1.000000000000000000, -0.000000000000000000 ) ) ;
#3826 = CARTESIAN_POINT ( 'NONE',  ( 0.8248056942922133983, -0.04021223762851032502, 1.491283796215929547 ) ) ;
#3828 = ORIENTED_EDGE ( 'NONE', *, *, #4407, .T. ) ;
#3827 = CARTESIAN_POINT ( 'NONE',  ( 0.7479166666666683394, -0.03443492261192355325, -1.480118988160481930 ) ) ;
#3829 = CARTESIAN_POINT ( 'NONE',  ( 0.8270833333333323933, 0.04849742261192812459, -1.471999999999999975 ) ) ;
#3830 = CARTESIAN_POINT ( 'NONE',  ( 0.7322916666666685614, 0.03443492261192356713, -1.519881011839517626 ) ) ;
#3831 = EDGE_CURVE ( 'NONE', #1139, #1144, #3696, .T. ) ;
#3832 = CARTESIAN_POINT ( 'NONE',  ( 0.8322916666666689833, 0.03443492261192356713, 1.480118988160482596 ) ) ;
#3833 = CARTESIAN_POINT ( 'NONE',  ( 0.6708333333333350579, -0.02295661507461571257, -1.460237976320963860 ) ) ;
#3834 = CARTESIAN_POINT ( 'NONE',  ( 0.6156250000000045297, 0.000000000000000000, 1.444000000000001283 ) ) ;
#3835 = CARTESIAN_POINT ( 'NONE',  ( 0.6479166666666683616, -0.03443492261192355325, -1.480118988160481930 ) ) ;
#3836 =( BOUNDED_CURVE ( )  B_SPLINE_CURVE ( 2, ( #4461, #169, #216, #3393, #3089, #4531, #2307 ),
 .UNSPECIFIED., .F., .F. ) 
 B_SPLINE_CURVE_WITH_KNOTS ( ( 3, 2, 2, 3 ),
 ( 0.4545454545454546413, 0.4696969696969697239, 0.4848484848484848064, 0.4999999999999998335 ),
 .UNSPECIFIED. ) 
 CURVE ( )  GEOMETRIC_REPRESENTATION_ITEM ( )  RATIONAL_B_SPLINE_CURVE ( ( 0.9999999999999990008, 0.8660254037844397068, 1.000000000000000000, 0.8660254037844387076, 1.000000000000000000, 0.8660254037844401509, 0.9999999999999985567 ) ) 
 REPRESENTATION_ITEM ( '' )  );
#3837 = CARTESIAN_POINT ( 'NONE',  ( 0.8145833333333353243, 0.03443492261192353937, 1.519881011839518514 ) ) ;
#3838 = CARTESIAN_POINT ( 'NONE',  ( 0.7718750000000046407, 0.06466323014923756884, -1.499999999999999778 ) ) ;
#3839 = CARTESIAN_POINT ( 'NONE',  ( 0.6760416666666689833, -0.02295661507461569176, 1.460237976320964304 ) ) ;
#3840 = ORIENTED_EDGE ( 'NONE', *, *, #1141, .T. ) ;
#3841 = CARTESIAN_POINT ( 'NONE',  ( 0.7388020833333339699, -0.04966929761192663551, 1.471323417653294996 ) ) ;
#3842 = CARTESIAN_POINT ( 'NONE',  ( 0.6052083333333352355, 0.02295661507461572298, -1.539762023679035918 ) ) ;
#3843 = ADVANCED_FACE ( 'NONE', ( #180 ), #535, .F. ) ;
#3844 = CARTESIAN_POINT ( 'NONE',  ( 0.6697916666666712260, 0.04849742261192820092, -1.527999999999999581 ) ) ;
#3845 = CARTESIAN_POINT ( 'NONE',  ( 0.8378928992162782974, -0.01258822654045583557, -1.551428691173067032 ) ) ;
#3846 = EDGE_CURVE ( 'NONE', #2665, #536, #202, .T. ) ;
#3847 = CARTESIAN_POINT ( 'NONE',  ( 0.7114583333333356352, 0.03443492261192353937, 1.519881011839518514 ) ) ;
#3848 = ORIENTED_EDGE ( 'NONE', *, *, #819, .F. ) ;
#3849 = AXIS2_PLACEMENT_3D ( 'NONE', #2795, #1666, #3124 ) ;
#3850 = CARTESIAN_POINT ( 'NONE',  ( 0.6770833333333353687, -0.03443492261192354631, 1.480118988160482152 ) ) ;
#3851 = CARTESIAN_POINT ( 'NONE',  ( 0.5937500000000006661, 0.05125647418935193322, 1.495381708278832766 ) ) ;
#3852 = CARTESIAN_POINT ( 'NONE',  ( 0.8437500000000001110, 7.189451837326321554E-18, -1.441293670613176703 ) ) ;
#3853 = CARTESIAN_POINT ( 'NONE',  ( 0.7375000000000020428, 0.04591323014923139739, 1.500000000000000444 ) ) ;
#3855 = ORIENTED_EDGE ( 'NONE', *, *, #1631, .T. ) ;
#3854 = CARTESIAN_POINT ( 'NONE',  ( 0.7312500000000016209, 0.000000000000000000, -1.539762023679035918 ) ) ;
#3856 = CARTESIAN_POINT ( 'NONE',  ( 0.7031250000000046629, -6.858022075225123486E-18, -1.444000000000000172 ) ) ;
#3857 = CARTESIAN_POINT ( 'NONE',  ( 0.7281250000000019096, 0.000000000000000000, -1.539762023679035918 ) ) ;
#3858 = CARTESIAN_POINT ( 'NONE',  ( 0.7406250000000024203, -4.869443502615268820E-18, 1.539762023679036362 ) ) ;
#3859 = CARTESIAN_POINT ( 'NONE',  ( 0.7104166666666682506, 0.03443492261192356713, -1.519881011839517626 ) ) ;
#3860 = CARTESIAN_POINT ( 'NONE',  ( 0.7562499999999998668, -6.858022075225068789E-18, 1.555999999999999384 ) ) ;
#3861 = CARTESIAN_POINT ( 'NONE',  ( 0.6333333333333349691, 0.02295661507461572298, -1.539762023679035918 ) ) ;
#3862 = CARTESIAN_POINT ( 'NONE',  ( 0.7229166666666687613, -0.03443492261192355325, 1.519881011839518292 ) ) ;
#3863 = CARTESIAN_POINT ( 'NONE',  ( 0.8437500000000005551, 7.189451837326321554E-18, 1.558706329386823519 ) ) ;
#3864 =( BOUNDED_CURVE ( )  B_SPLINE_CURVE ( 2, ( #3061, #1601, #1302, #4089, #896, #4140, #1627 ),
 .UNSPECIFIED., .F., .F. ) 
 B_SPLINE_CURVE_WITH_KNOTS ( ( 3, 2, 2, 3 ),
 ( 0.9545454545454542528, 0.9696969696969695018, 0.9848484848484848619, 0.9902986106689265489 ),
 .UNSPECIFIED. ) 
 CURVE ( )  GEOMETRIC_REPRESENTATION_ITEM ( )  RATIONAL_B_SPLINE_CURVE ( ( 1.000000000000002887, 0.8660254037844357100, 1.000000000000000000, 0.8660254037844387076, 1.000000000000000000, 0.9518082251962330931, 0.9382864135696677987 ) ) 
 REPRESENTATION_ITEM ( '' )  );
#3865 = CARTESIAN_POINT ( 'NONE',  ( 0.6468750000000023093, -0.04591323014923139739, 1.500000000000000444 ) ) ;
#3866 = EDGE_LOOP ( 'NONE', ( #517, #3956, #176 ) ) ;
#3867 = CARTESIAN_POINT ( 'NONE',  ( 0.7492187500000003775, 0.06622573014923550938, 1.500000000000000444 ) ) ;
#3868 = CARTESIAN_POINT ( 'NONE',  ( 0.7187499999999997780, 0.000000000000000000, 1.444000000000001283 ) ) ;
#3869 = CARTESIAN_POINT ( 'NONE',  ( 0.6343750000000044631, -0.06466323014923756884, -1.499999999999999778 ) ) ;
#3870 = CARTESIAN_POINT ( 'NONE',  ( 0.7010416666666690055, -0.02295661507461569523, 1.460237976320964304 ) ) ;
#3871 = CARTESIAN_POINT ( 'NONE',  ( 0.5937500000000007772, 0.000000000000000000, -1.555999999999999162 ) ) ;
#3872 = CARTESIAN_POINT ( 'NONE',  ( 0.7893229166666705376, -0.03311286507461774081, 1.442646835306589548 ) ) ;
#3873 = CARTESIAN_POINT ( 'NONE',  ( 0.5937500000000011102, 0.03566524100425877419, 1.529317904119748439 ) ) ;
#3874 = CARTESIAN_POINT ( 'NONE',  ( 0.6187499999999998002, 0.000000000000000000, 1.444000000000001283 ) ) ;
#3875 = CARTESIAN_POINT ( 'NONE',  ( 0.6604166666666686503, 0.03443492261192356713, 1.480118988160482596 ) ) ;
#3877 = EDGE_LOOP ( 'NONE', ( #1513, #2354, #887, #2856 ) ) ;
#3876 = CARTESIAN_POINT ( 'NONE',  ( 0.8020833333333350357, -0.03443492261192354631, -1.519881011839518070 ) ) ;
#3878 = CARTESIAN_POINT ( 'NONE',  ( 0.6476562500000033751, 0.06622573014923550938, -1.499999999999999778 ) ) ;
#3879 = CC_DESIGN_DATE_AND_TIME_ASSIGNMENT ( #3986, #3299, ( #1476 ) ) ;
#3880 = CARTESIAN_POINT ( 'NONE',  ( 0.7447916666666686281, -0.03443492261192355325, -1.480118988160481930 ) ) ;
#3881 = CARTESIAN_POINT ( 'NONE',  ( 0.7697916666666690944, -0.03443492261192355325, 1.519881011839518292 ) ) ;
#3882 = CARTESIAN_POINT ( 'NONE',  ( 0.6083333333333349469, 0.02295661507461572298, -1.539762023679035918 ) ) ;
#3883 = CARTESIAN_POINT ( 'NONE',  ( 0.7520833333333349913, -0.03443492261192354631, -1.519881011839518070 ) ) ;
#3884 = CARTESIAN_POINT ( 'NONE',  ( 0.6895833333333349913, 0.03443492261192353937, -1.480118988160481708 ) ) ;
#3885 = CARTESIAN_POINT ( 'NONE',  ( 0.7166666666666688945, 0.02295661507461568829, 1.539762023679036584 ) ) ;
#3886 = CARTESIAN_POINT ( 'NONE',  ( 0.8437500000000005551, 0.000000000000000000, 1.500000000000000444 ) ) ;
#3887 = VECTOR ( 'NONE', #1780, 39.37007874015748143 ) ;
#3888 = CARTESIAN_POINT ( 'NONE',  ( 0.7510416666666690499, -0.02295661507461569176, 1.460237976320964304 ) ) ;
#3889 = ORIENTED_EDGE ( 'NONE', *, *, #1842, .F. ) ;
#3890 = CARTESIAN_POINT ( 'NONE',  ( 0.7033854166666673180, 0.03311286507461773387, 1.557353164693411340 ) ) ;
#3891 = CARTESIAN_POINT ( 'NONE',  ( 0.6145833333333324822, -0.04849742261192814541, -1.527999999999999581 ) ) ;
#3892 =( BOUNDED_CURVE ( )  B_SPLINE_CURVE ( 2, ( #2455, #3519, #382, #1472, #4632, #3583, #3207 ),
 .UNSPECIFIED., .F., .T. ) 
 B_SPLINE_CURVE_WITH_KNOTS ( ( 3, 2, 2, 3 ),
 ( 0.5454545454545455252, 0.5606060606060605522, 0.5757575757575756903, 0.5909090909090907173 ),
 .UNSPECIFIED. ) 
 CURVE ( )  GEOMETRIC_REPRESENTATION_ITEM ( )  RATIONAL_B_SPLINE_CURVE ( ( 0.9999999999999990008, 0.8660254037844398178, 1.000000000000000000, 0.8660254037844388186, 1.000000000000000000, 0.8660254037844408170, 0.9999999999999980016 ) ) 
 REPRESENTATION_ITEM ( '' )  );
#3893 = ADVANCED_FACE ( 'NONE', ( #3454 ), #2014, .F. ) ;
#3894 = CARTESIAN_POINT ( 'NONE',  ( 0.8390099581864661760, -0.006461590672263865798, -1.553674396127881163 ) ) ;
#3895 = CARTESIAN_POINT ( 'NONE',  ( 0.6718750000000023315, -0.04591323014923139739, 1.500000000000000444 ) ) ;
#3896 = CARTESIAN_POINT ( 'NONE',  ( 0.6656250000000045741, 0.000000000000000000, 1.444000000000001283 ) ) ;
#3897 = CARTESIAN_POINT ( 'NONE',  ( 0.7643229166666705154, -0.03311286507461774081, 1.442646835306589548 ) ) ;
#3898 = FACE_OUTER_BOUND ( 'NONE', #92, .T. ) ;
#3899 = CARTESIAN_POINT ( 'NONE',  ( 0.6770833333333323711, 0.04849742261192812459, -1.471999999999999975 ) ) ;
#3900 = CARTESIAN_POINT ( 'NONE',  ( 0.7583333333333354132, 0.02295661507461571951, 1.460237976320964304 ) ) ;
#3901 = ORIENTED_EDGE ( 'NONE', *, *, #2714, .F. ) ;
#3902 = CALENDAR_DATE ( 2026, 16, 1 ) ;
#3903 = CARTESIAN_POINT ( 'NONE',  ( 0.6427083333333353243, -0.02295661507461571257, -1.460237976320963860 ) ) ;
#3904 = CARTESIAN_POINT ( 'NONE',  ( 0.7593750000000023537, 0.04591323014923139739, 1.500000000000000444 ) ) ;
#3905 = CARTESIAN_POINT ( 'NONE',  ( 0.5937500000000007772, 6.858022075225043367E-18, -1.444000000000001505 ) ) ;
#3906 = CARTESIAN_POINT ( 'NONE',  ( 0.8229166666666684060, -0.03443492261192355325, -1.480118988160481930 ) ) ;
#3907 = CARTESIAN_POINT ( 'NONE',  ( 0.8476562500000033307, 0.06622573014923550938, -1.499999999999999778 ) ) ;
#3908 = EDGE_CURVE ( 'NONE', #3243, #2625, #3096, .T. ) ;
#3909 = CARTESIAN_POINT ( 'NONE',  ( 0.8437500000000022204, -4.869443502615268820E-18, 1.539762023679036362 ) ) ;
#3910 = DIRECTION ( 'NONE',  ( 1.000000000000000000, -0.000000000000000000, -0.000000000000000000 ) ) ;
#3911 = CARTESIAN_POINT ( 'NONE',  ( 0.5937500000000007772, 6.858022075225043367E-18, -1.444000000000001505 ) ) ;
#3912 = VERTEX_POINT ( 'NONE', #1318 ) ;
#3913 = CARTESIAN_POINT ( 'NONE',  ( 0.7408854166666671848, -0.03311286507461774081, 1.442646835306589548 ) ) ;
#3914 = DIRECTION ( 'NONE',  ( -1.000000000000000000, 0.000000000000000000, 0.000000000000000000 ) ) ;
#3915 = CARTESIAN_POINT ( 'NONE',  ( 0.6947916666666690277, -0.03443492261192355325, 1.519881011839518292 ) ) ;
#3916 = CARTESIAN_POINT ( 'NONE',  ( 0.6781250000000046407, -6.858022075225057234E-18, 1.555999999999999162 ) ) ;
#3917 = CARTESIAN_POINT ( 'NONE',  ( 0.7976562500000038414, 0.06622573014923550938, 1.500000000000000444 ) ) ;
#3918 =( BOUNDED_CURVE ( )  B_SPLINE_CURVE ( 2, ( #1329, #2737, #2667 ),
 .UNSPECIFIED., .F., .F. ) 
 B_SPLINE_CURVE_WITH_KNOTS ( ( 3, 3 ),
 ( 0.9090909090909089496, 0.9107734646482857910 ),
 .UNSPECIFIED. ) 
 CURVE ( )  GEOMETRIC_REPRESENTATION_ITEM ( )  RATIONAL_B_SPLINE_CURVE ( ( 1.000000000000000888, 0.9851222997069540854, 0.9735488969787020608 ) ) 
 REPRESENTATION_ITEM ( '' )  );
#3919 = CARTESIAN_POINT ( 'NONE',  ( 0.6260416666666711594, 0.03233161507461863177, -1.444000000000000394 ) ) ;
#3920 = CARTESIAN_POINT ( 'NONE',  ( 0.6708333333333326154, 0.03233161507461850687, -1.556000000000000050 ) ) ;
#3921 = CARTESIAN_POINT ( 'NONE',  ( 0.6645833333333355242, 0.03443492261192353937, 1.519881011839518514 ) ) ;
#3922 = ORIENTED_EDGE ( 'NONE', *, *, #594, .T. ) ;
#3923 = PERSON_AND_ORGANIZATION ( #3987, #2447 ) ;
#3924 = AXIS2_PLACEMENT_3D ( 'NONE', #4421, #1294, #3674 ) ;
#3925 = CYLINDRICAL_SURFACE ( 'NONE', #2281, 0.07812500000000013878 ) ;
#3926 = CARTESIAN_POINT ( 'NONE',  ( 0.6677083333333356796, -0.02295661507461571257, 1.539762023679036584 ) ) ;
#3927 = CARTESIAN_POINT ( 'NONE',  ( 0.7697916666666686503, -0.03443492261192355325, -1.480118988160481930 ) ) ;
#3928 = CARTESIAN_POINT ( 'NONE',  ( 0.7500000000000015543, -0.04591323014923139739, -1.499999999999999778 ) ) ;
#3929 = CARTESIAN_POINT ( 'NONE',  ( 0.8414062500000034639, 0.000000000000000000, -1.557353164693410896 ) ) ;
#3930 = ADVANCED_FACE ( 'NONE', ( #276 ), #867, .F. ) ;
#3931 = CARTESIAN_POINT ( 'NONE',  ( 0.5971354166666668073, 0.04966929761192666326, -1.528676582346705226 ) ) ;
#3932 = EDGE_CURVE ( 'NONE', #3243, #301, #820, .T. ) ;
#3933 = CARTESIAN_POINT ( 'NONE',  ( 0.8248056942922133983, -0.02920074319221334716, 1.473012315325789467 ) ) ;
#3934 = CARTESIAN_POINT ( 'NONE',  ( 0.8276008666951081283, 0.01204305048830681124, 1.458739385793418775 ) ) ;
#3935 = EDGE_LOOP ( 'NONE', ( #1532, #3194, #2909, #2366, #1118, #2331, #2302, #2691, #4052, #1228, #2057, #101, #3224, #903, #509, #3137, #1417, #3643, #2450, #2286, #228, #1060, #1876, #4199, #1605 ) ) ;
#3936 = CARTESIAN_POINT ( 'NONE',  ( 0.6263020833333339255, 0.04966929761192662163, 1.528676582346705892 ) ) ;
#3937 = CARTESIAN_POINT ( 'NONE',  ( 0.6479166666666664742, 0.04849742261192781928, 1.472000000000000863 ) ) ;
#3938 = B_SPLINE_CURVE_WITH_KNOTS ( 'NONE', 3,
 ( #3102, #2388, #2036, #558 ),
 .UNSPECIFIED., .F., .F.,
 ( 4, 4 ),
 ( 0.000000000000000000, 0.0008038350504419932785 ),
 .UNSPECIFIED. ) ;
#3939 = CARTESIAN_POINT ( 'NONE',  ( 0.6135416666666690944, 0.02295661507461568829, 1.539762023679036584 ) ) ;
#3940 = CARTESIAN_POINT ( 'NONE',  ( 0.5937500000000007772, 6.858022075225043367E-18, -1.444000000000001505 ) ) ;
#3941 = CARTESIAN_POINT ( 'NONE',  ( 0.7559895833333372117, -0.03311286507461777551, 1.557353164693411340 ) ) ;
#3942 = CARTESIAN_POINT ( 'NONE',  ( 0.7177083333333379445, 0.03233161507461868034, -1.556000000000000050 ) ) ;
#3943 = CARTESIAN_POINT ( 'NONE',  ( 0.7604166666666687391, 0.03443492261192356713, 1.480118988160482596 ) ) ;
#3944 = ORIENTED_EDGE ( 'NONE', *, *, #3285, .T. ) ;
#3945 = DATE_AND_TIME ( #770, #2810 ) ;
#3946 = CARTESIAN_POINT ( 'NONE',  ( 0.8437500000000005551, 0.000000000000000000, 1.500000000000000444 ) ) ;
#3947 = CARTESIAN_POINT ( 'NONE',  ( 0.6135416666666690944, 0.02295661507461568829, 1.539762023679036584 ) ) ;
#3948 = ADVANCED_FACE ( 'NONE', ( #77 ), #4440, .F. ) ;
#3949 = CARTESIAN_POINT ( 'NONE',  ( 0.7572916666666685837, 0.03443492261192356713, -1.519881011839517626 ) ) ;
#3950 = CARTESIAN_POINT ( 'NONE',  ( 0.8062500000000016875, 0.000000000000000000, -1.539762023679035918 ) ) ;
#3951 = CARTESIAN_POINT ( 'NONE',  ( 0.8101562500000035749, -0.06622573014923550938, -1.499999999999999778 ) ) ;
#3952 = CARTESIAN_POINT ( 'NONE',  ( 0.7117187500000000666, -0.06622573014923550938, -1.499999999999999778 ) ) ;
#3953 = CARTESIAN_POINT ( 'NONE',  ( 0.7229166666666657637, 0.04849742261192815929, -1.527999999999999581 ) ) ;
#3954 = CARTESIAN_POINT ( 'NONE',  ( 0.6239583333333357240, -0.03443492261192354631, 1.480118988160482152 ) ) ;
#3955 = ORIENTED_EDGE ( 'NONE', *, *, #1930, .F. ) ;
#3956 = ORIENTED_EDGE ( 'NONE', *, *, #187, .T. ) ;
#3957 = CARTESIAN_POINT ( 'NONE',  ( 0.7395833333333331483, -0.04849742261192779152, 1.472000000000000863 ) ) ;
#3958 = DIRECTION ( 'NONE',  ( 1.000000000000000000, -0.000000000000000000, -0.000000000000000000 ) ) ;
#3959 = CARTESIAN_POINT ( 'NONE',  ( 0.8559895833333373005, -0.03311286507461777551, 1.557353164693411340 ) ) ;
#3960 = DIRECTION ( 'NONE',  ( 1.000000000000000000, -0.000000000000000000, -0.000000000000000000 ) ) ;
#3961 = CARTESIAN_POINT ( 'NONE',  ( 0.5937500000000007772, 0.000000000000000000, 1.444000000000001505 ) ) ;
#3962 = VERTEX_POINT ( 'NONE', #4008 ) ;
#3963 = APPROVAL_ROLE ( '' ) ;
#3964 = CARTESIAN_POINT ( 'NONE',  ( 0.5781250000000019984, 0.000000000000000000, -1.539762023679035918 ) ) ;
#3965 = CARTESIAN_POINT ( 'NONE',  ( 0.6635416666666690277, 0.02295661507461568829, 1.539762023679036584 ) ) ;
#3966 = CARTESIAN_POINT ( 'NONE',  ( 0.7822916666666686059, 0.03443492261192356713, -1.519881011839517626 ) ) ;
#3967 = CARTESIAN_POINT ( 'NONE',  ( 0.8237938788696913539, -0.03926800010397742124, -1.488490123933636555 ) ) ;
#3968 = CARTESIAN_POINT ( 'NONE',  ( 0.6291666666666683172, -0.02295661507461569176, -1.539762023679035918 ) ) ;
#3969 = EDGE_CURVE ( 'NONE', #3568, #3664, #4343, .T. ) ;
#3970 = CARTESIAN_POINT ( 'NONE',  ( 0.6471354166666669627, 0.04966929761192666326, -1.528676582346705226 ) ) ;
#3971 = FACE_OUTER_BOUND ( 'NONE', #3866, .T. ) ;
#3972 = CARTESIAN_POINT ( 'NONE',  ( 0.8354816619822725832, -0.02370337611421662743, -1.544635604365518056 ) ) ;
#3973 = CARTESIAN_POINT ( 'NONE',  ( 0.7437499999999991340, 0.000000000000000000, -1.555999999999999384 ) ) ;
#3974 = ORIENTED_EDGE ( 'NONE', *, *, #3199, .F. ) ;
#3975 = ORIENTED_EDGE ( 'NONE', *, *, #1966, .T. ) ;
#3976 = CARTESIAN_POINT ( 'NONE',  ( 0.7354166666666664964, -0.04849742261192779152, 1.528000000000000247 ) ) ;
#3977 = CARTESIAN_POINT ( 'NONE',  ( 0.7302083333333353465, 0.02295661507461572298, -1.539762023679035918 ) ) ;
#3978 = EDGE_CURVE ( 'NONE', #4135, #1025, #2083, .T. ) ;
#3979 = B_SPLINE_CURVE_WITH_KNOTS ( 'NONE', 3,
 ( #2847, #389, #2910, #4280 ),
 .UNSPECIFIED., .F., .F.,
 ( 4, 4 ),
 ( 0.000000000000000000, 0.0007869248874787635904 ),
 .UNSPECIFIED. ) ;
#3980 =( BOUNDED_CURVE ( )  B_SPLINE_CURVE ( 2, ( #664, #2093, #2043, #3508, #4524, #3461, #234 ),
 .UNSPECIFIED., .F., .F. ) 
 B_SPLINE_CURVE_WITH_KNOTS ( ( 3, 2, 2, 3 ),
 ( 0.2727272727272727626, 0.2878787878787879007, 0.3030303030303029277, 0.3181818181818180102 ),
 .UNSPECIFIED. ) 
 CURVE ( )  GEOMETRIC_REPRESENTATION_ITEM ( )  RATIONAL_B_SPLINE_CURVE ( ( 0.9999999999999995559, 0.8660254037844391517, 1.000000000000000000, 0.8660254037844387076, 1.000000000000000000, 0.8660254037844401509, 0.9999999999999985567 ) ) 
 REPRESENTATION_ITEM ( '' )  );
#3981 = CARTESIAN_POINT ( 'NONE',  ( 0.7226562500000037748, 0.06622573014923550938, 1.500000000000000444 ) ) ;
#3982 = EDGE_CURVE ( 'NONE', #3116, #2930, #314, .T. ) ;
#3983 = CARTESIAN_POINT ( 'NONE',  ( 0.5937500000000021094, -0.01035934229929620642, 1.539762023679036362 ) ) ;
#3984 = CARTESIAN_POINT ( 'NONE',  ( 0.8269100497880147449, -1.813805529494792532E-13, -1.541866379174837709 ) ) ;
#3985 = ORIENTED_EDGE ( 'NONE', *, *, #291, .T. ) ;
#3986 = DATE_AND_TIME ( #4365, #4616 ) ;
#3987 = PERSON ( 'UNSPECIFIED', 'UNSPECIFIED', 'UNSPECIFIED', ('UNSPECIFIED'), ('UNSPECIFIED'), ('UNSPECIFIED') ) ;
#3988 = CARTESIAN_POINT ( 'NONE',  ( 0.6114583333333353243, 0.03443492261192353937, -1.480118988160481708 ) ) ;
#3989 = CARTESIAN_POINT ( 'NONE',  ( 0.5989583333333357018, -0.03443492261192354631, 1.480118988160482152 ) ) ;
#3990 = CARTESIAN_POINT ( 'NONE',  ( 0.7989583333333353243, -0.03443492261192354631, -1.519881011839518070 ) ) ;
#3991 = CARTESIAN_POINT ( 'NONE',  ( 0.6875000000000017764, 0.04591323014923139739, -1.499999999999999778 ) ) ;
#3992 = ORIENTED_EDGE ( 'NONE', *, *, #4442, .F. ) ;
#3993 = CARTESIAN_POINT ( 'NONE',  ( 0.8226562500000035305, 0.06622573014923550938, -1.499999999999999778 ) ) ;
#3994 = VECTOR ( 'NONE', #4131, 39.37007874015748854 ) ;
#3995 = CARTESIAN_POINT ( 'NONE',  ( 0.6096354166666668739, -0.04966929761192663551, -1.471323417653294330 ) ) ;
#3996 = LINE ( 'NONE', #760, #1544 ) ;
#3997 = CIRCLE ( 'NONE', #1836, 0.04687499999999947958 ) ;
#3998 = CARTESIAN_POINT ( 'NONE',  ( 0.5937500000000007772, 0.000000000000000000, 1.444000000000001505 ) ) ;
#3999 = DIRECTION ( 'NONE',  ( 0.7071067811865462405, 8.659560562354947649E-17, 0.7071067811865486830 ) ) ;
#4000 = EDGE_LOOP ( 'NONE', ( #3848, #2597, #433, #2186 ) ) ;
#4001 =( GEOMETRIC_REPRESENTATION_CONTEXT ( 3 ) GLOBAL_UNCERTAINTY_ASSIGNED_CONTEXT ( ( #3409 ) ) GLOBAL_UNIT_ASSIGNED_CONTEXT ( ( #3231, #4346, #1841 ) ) REPRESENTATION_CONTEXT ( 'NONE', 'WORKASPACE' ) );
#4002 = LINE ( 'NONE', #3209, #1100 ) ;
#4003 = VERTEX_POINT ( 'NONE', #2538 ) ;
#4004 = DIRECTION ( 'NONE',  ( 1.000000000000000000, -0.000000000000000000, -0.000000000000000000 ) ) ;
#4005 = CARTESIAN_POINT ( 'NONE',  ( 0.8385416666666686281, 0.02295661507461568829, -1.460237976320963860 ) ) ;
#4006 = CARTESIAN_POINT ( 'NONE',  ( 0.6851562500000037970, -0.06622573014923550938, 1.500000000000000444 ) ) ;
#4007 = DIRECTION ( 'NONE',  ( 1.000000000000000000, -0.000000000000000000, -0.000000000000000000 ) ) ;
#4008 = CARTESIAN_POINT ( 'NONE',  ( 0.5937500000000008882, 0.03923523907639504815, 1.460042572472467715 ) ) ;
#4009 = VERTEX_POINT ( 'NONE', #3961 ) ;
#4010 = CARTESIAN_POINT ( 'NONE',  ( 0.8125000000000021094, 0.04591323014923139739, 1.500000000000000444 ) ) ;
#4011 = CARTESIAN_POINT ( 'NONE',  ( 0.7895833333333331927, -0.04849742261192779152, 1.472000000000000863 ) ) ;
#4012 = CARTESIAN_POINT ( 'NONE',  ( 0.6656250000000024647, -4.869443502615268820E-18, 1.539762023679036362 ) ) ;
#4013 = CARTESIAN_POINT ( 'NONE',  ( 0.6593750000000020428, 0.04591323014923139739, -1.499999999999999778 ) ) ;
#4014 = CARTESIAN_POINT ( 'NONE',  ( 0.6041666666666682950, -0.02295661507461569523, -1.539762023679035918 ) ) ;
#4015 = CARTESIAN_POINT ( 'NONE',  ( 0.7122395833333368120, -0.04966929761192663551, -1.528676582346705226 ) ) ;
#4016 = FACE_OUTER_BOUND ( 'NONE', #817, .T. ) ;
#4017 = CARTESIAN_POINT ( 'NONE',  ( 0.6929687500000001332, 0.000000000000000000, -1.557353164693410896 ) ) ;
#4018 = CARTESIAN_POINT ( 'NONE',  ( 0.5937500000000007772, -0.02785843759302079892, 1.528371217491112821 ) ) ;
#4019 = CARTESIAN_POINT ( 'NONE',  ( 0.7395833333333324822, -0.04849742261192814541, -1.527999999999999581 ) ) ;
#4020 = CARTESIAN_POINT ( 'NONE',  ( 0.6781250000000046407, -6.858022075225057234E-18, 1.555999999999999162 ) ) ;
#4021 = CARTESIAN_POINT ( 'NONE',  ( 0.8458333333333351023, -0.02295661507461571257, -1.460237976320963860 ) ) ;
#4022 = EDGE_LOOP ( 'NONE', ( #1125, #3128, #1585, #1739 ) ) ;
#4023 = CARTESIAN_POINT ( 'NONE',  ( 0.5937500000000007772, 0.000000000000000000, -1.500000000000000444 ) ) ;
#4024 = ORIENTED_EDGE ( 'NONE', *, *, #2823, .T. ) ;
#4025 = CYLINDRICAL_SURFACE ( 'NONE', #419, 0.05599999999999880074 ) ;
#4026 = CARTESIAN_POINT ( 'NONE',  ( 0.7906250000000020206, -4.869443502615268820E-18, -1.460237976320963860 ) ) ;
#4027 = CARTESIAN_POINT ( 'NONE',  ( 0.6289062500000038858, -7.023736956275672060E-18, 1.557353164693411340 ) ) ;
#4028 = EDGE_CURVE ( 'NONE', #4507, #4079, #2192, .T. ) ;
#4029 = CARTESIAN_POINT ( 'NONE',  ( 0.04687500000000016653, 0.000000000000000000, 1.500000000000000444 ) ) ;
#4030 = CARTESIAN_POINT ( 'NONE',  ( 0.5937500000000007772, 0.000000000000000000, -1.500000000000000444 ) ) ;
#4031 = ORIENTED_EDGE ( 'NONE', *, *, #3158, .F. ) ;
#4032 = CARTESIAN_POINT ( 'NONE',  ( 0.8000000000000021538, -0.04591323014923139739, 1.500000000000000444 ) ) ;
#4033 = CARTESIAN_POINT ( 'NONE',  ( 0.6229166666666665630, 0.04849742261192781928, 1.472000000000000863 ) ) ;
#4034 = CARTESIAN_POINT ( 'NONE',  ( 0.8479166666666687613, -0.03443492261192355325, 1.519881011839518292 ) ) ;
#4035 = CARTESIAN_POINT ( 'NONE',  ( 0.6302083333333352577, 0.02295661507461571951, -1.539762023679035918 ) ) ;
#4036 = CARTESIAN_POINT ( 'NONE',  ( 0.6187500000000016875, -4.869443502615268820E-18, -1.460237976320963860 ) ) ;
#4037 = CARTESIAN_POINT ( 'NONE',  ( 0.6976562500000034195, 0.06622573014923550938, -1.499999999999999778 ) ) ;
#4038 = CARTESIAN_POINT ( 'NONE',  ( 0.7846354166666669183, -0.04966929761192663551, -1.471323417653294330 ) ) ;
#4039 = CARTESIAN_POINT ( 'NONE',  ( 0.7635416666666687835, 0.02295661507461568829, -1.460237976320963860 ) ) ;
#4040 = CYLINDRICAL_SURFACE ( 'NONE', #3397, 0.05599999999999880074 ) ;
#4041 = EDGE_CURVE ( 'NONE', #3230, #544, #411, .T. ) ;
#4042 = CARTESIAN_POINT ( 'NONE',  ( 0.8500000000000020872, -0.04591323014923139739, 1.500000000000000444 ) ) ;
#4043 = CARTESIAN_POINT ( 'NONE',  ( 0.5937500000000005551, -0.03323558044140844520, 1.460903497797877870 ) ) ;
#4044 = ORIENTED_EDGE ( 'NONE', *, *, #1162, .F. ) ;
#4045 = DIRECTION ( 'NONE',  ( 0.000000000000000000, 0.000000000000000000, 1.000000000000000000 ) ) ;
#4046 = CARTESIAN_POINT ( 'NONE',  ( 0.5929687500000005995, 0.000000000000000000, 1.442646835306589326 ) ) ;
#4047 = VERTEX_POINT ( 'NONE', #454 ) ;
#4048 = CARTESIAN_POINT ( 'NONE',  ( 0.5947916666666690499, -0.03443492261192355325, 1.519881011839518292 ) ) ;
#4049 = CARTESIAN_POINT ( 'NONE',  ( 0.8364583333333353021, 0.03443492261192353937, -1.480118988160481708 ) ) ;
#4050 = CARTESIAN_POINT ( 'NONE',  ( 0.6164062500000038192, 0.000000000000000000, 1.442646835306589326 ) ) ;
#4051 = CARTESIAN_POINT ( 'NONE',  ( 0.6281250000000047073, -6.858022075225057234E-18, 1.555999999999999162 ) ) ;
#4052 = ORIENTED_EDGE ( 'NONE', *, *, #4541, .F. ) ;
#4053 = APPROVAL_ROLE ( '' ) ;
#4054 = CARTESIAN_POINT ( 'NONE',  ( 0.7229166666666687613, -0.03443492261192355325, 1.519881011839518292 ) ) ;
#4055 = CARTESIAN_POINT ( 'NONE',  ( 0.5937500000000007772, 0.000000000000000000, 1.444000000000001505 ) ) ;
#4056 = CARTESIAN_POINT ( 'NONE',  ( 0.6260416666666686059, -0.02295661507461569523, -1.539762023679035918 ) ) ;
#4057 = CARTESIAN_POINT ( 'NONE',  ( 0.6541666666666683394, -0.02295661507461569523, -1.539762023679035918 ) ) ;
#4058 = ORIENTED_EDGE ( 'NONE', *, *, #3274, .F. ) ;
#4059 = CARTESIAN_POINT ( 'NONE',  ( 0.7476562500000033529, 0.06622573014923550938, -1.499999999999999778 ) ) ;
#4060 = CARTESIAN_POINT ( 'NONE',  ( 0.8239583333333379001, 0.04849742261192769438, 1.528000000000000025 ) ) ;
#4061 =( BOUNDED_CURVE ( )  B_SPLINE_CURVE ( 2, ( #246, #4104, #579, #2360, #294, #1684, #1732 ),
 .UNSPECIFIED., .F., .F. ) 
 B_SPLINE_CURVE_WITH_KNOTS ( ( 3, 2, 2, 3 ),
 ( 0.4999999999999998335, 0.5151515151515150270, 0.5303030303030302761, 0.5454545454545455252 ),
 .UNSPECIFIED. ) 
 CURVE ( )  GEOMETRIC_REPRESENTATION_ITEM ( )  RATIONAL_B_SPLINE_CURVE ( ( 1.000000000000001554, 0.8660254037844374864, 1.000000000000000000, 0.8660254037844388186, 1.000000000000000000, 0.8660254037844378194, 1.000000000000000888 ) ) 
 REPRESENTATION_ITEM ( '' )  );
#4062 = CARTESIAN_POINT ( 'NONE',  ( 0.8343750000000019762, 0.04591323014923139739, -1.499999999999999778 ) ) ;
#4063 = CARTESIAN_POINT ( 'NONE',  ( 0.7687499999999990452, 0.000000000000000000, -1.555999999999999384 ) ) ;
#4064 = DIRECTION ( 'NONE',  ( 1.000000000000000000, -0.000000000000000000, -0.000000000000000000 ) ) ;
#4065 = FACE_OUTER_BOUND ( 'NONE', #4364, .T. ) ;
#4066 = CARTESIAN_POINT ( 'NONE',  ( 0.8104166666666683394, 0.03443492261192356713, -1.519881011839517626 ) ) ;
#4067 = AXIS2_PLACEMENT_3D ( 'NONE', #4023, #3314, #118 ) ;
#4068 = EDGE_LOOP ( 'NONE', ( #2595, #3703, #3266, #4460, #3727 ) ) ;
#4069 = AXIS2_PLACEMENT_3D ( 'NONE', #1067, #3593, #757 ) ;
#4070 = CARTESIAN_POINT ( 'NONE',  ( 0.5947916666666712704, 0.04849742261192773601, 1.472000000000000863 ) ) ;
#4071 = CARTESIAN_POINT ( 'NONE',  ( 0.8052083333333356352, 0.02295661507461572298, 1.460237976320964304 ) ) ;
#4072 = ORIENTED_EDGE ( 'NONE', *, *, #308, .F. ) ;
#4073 = CARTESIAN_POINT ( 'NONE',  ( 0.7593750000000020206, 0.04591323014923139739, -1.499999999999999778 ) ) ;
#4074 = PRODUCT_DEFINITION_FORMATION_WITH_SPECIFIED_SOURCE ( 'ANY', '', #4381, .NOT_KNOWN. ) ;
#4075 = CARTESIAN_POINT ( 'NONE',  ( 0.7080729166666706043, -0.04966929761192663551, 1.528676582346705892 ) ) ;
#4076 = CARTESIAN_POINT ( 'NONE',  ( 0.6645833333333355242, 0.03443492261192353937, 1.519881011839518514 ) ) ;
#4077 = CARTESIAN_POINT ( 'NONE',  ( 0.6437499999999991562, 0.000000000000000000, -1.555999999999999384 ) ) ;
#4078 = CARTESIAN_POINT ( 'NONE',  ( 0.7552083333333357018, 0.02295661507461571951, 1.460237976320964304 ) ) ;
#4079 = VERTEX_POINT ( 'NONE', #3629 ) ;
#4080 = CARTESIAN_POINT ( 'NONE',  ( 0.8208333333333355242, -0.02295661507461571257, 1.539762023679036584 ) ) ;
#4081 = CARTESIAN_POINT ( 'NONE',  ( 0.8062499999999992450, -6.858022075225118093E-18, -1.444000000000000172 ) ) ;
#4082 = CARTESIAN_POINT ( 'NONE',  ( 0.7114583333333354132, 0.03443492261192353937, -1.480118988160481708 ) ) ;
#4083 = CARTESIAN_POINT ( 'NONE',  ( 0.7208333333333349913, -0.02295661507461571257, -1.460237976320963860 ) ) ;
#4084 = ORIENTED_EDGE ( 'NONE', *, *, #745, .T. ) ;
#4085 = CARTESIAN_POINT ( 'NONE',  ( 0.6580729166666701158, -0.04966929761192663551, -1.471323417653294330 ) ) ;
#4086 = CARTESIAN_POINT ( 'NONE',  ( 0.8179687500000001332, 0.000000000000000000, -1.557353164693410896 ) ) ;
#4087 = CARTESIAN_POINT ( 'NONE',  ( 0.8072916666666686281, 0.03443492261192356713, -1.519881011839517626 ) ) ;
#4088 = EDGE_CURVE ( 'NONE', #1157, #3243, #1870, .T. ) ;
#4089 = CARTESIAN_POINT ( 'NONE',  ( 0.8374999999999992450, -0.06466323014923751333, -1.499999999999999778 ) ) ;
#4090 = DIRECTION ( 'NONE',  ( 0.000000000000000000, 0.000000000000000000, -1.000000000000000000 ) ) ;
#4091 = CARTESIAN_POINT ( 'NONE',  ( 0.8437500000000017764, -4.869443502615268820E-18, -1.460237976320963860 ) ) ;
#4092 = VERTEX_POINT ( 'NONE', #4491 ) ;
#4093 = DIRECTION ( 'NONE',  ( 1.000000000000000000, 0.000000000000000000, 1.028460421144192724E-15 ) ) ;
#4094 = CARTESIAN_POINT ( 'NONE',  ( 0.7864583333333357018, 0.03443492261192353937, 1.519881011839518514 ) ) ;
#4095 = VERTEX_POINT ( 'NONE', #553 ) ;
#4096 = CARTESIAN_POINT ( 'NONE',  ( 0.6062499999999991784, -6.858022075225118093E-18, -1.444000000000000172 ) ) ;
#4097 = CARTESIAN_POINT ( 'NONE',  ( 0.7197916666666686059, -0.03443492261192355325, -1.480118988160481930 ) ) ;
#4098 = B_SPLINE_CURVE_WITH_KNOTS ( 'NONE', 3,
 ( #673, #2103, #3894, #3845, #423, #1004, #3972, #1359, #1730, #1385, #2791, #2203, #1488, #3470, #3619, #315 ),
 .UNSPECIFIED., .F., .F.,
 ( 4, 2, 2, 2, 2, 2, 2, 4 ),
 ( 0.0003764786906456080010, 0.0006276982518523945096, 0.0008789178130591810724, 0.001130137374265967418, 0.001381356935472754198, 0.001632576496679540544, 0.001883796057886327107, 0.002386235180299922133 ),
 .UNSPECIFIED. ) ;
#4099 = CARTESIAN_POINT ( 'NONE',  ( 0.7541666666666658747, 0.03233161507461873585, -1.444000000000000172 ) ) ;
#4100 = CARTESIAN_POINT ( 'NONE',  ( 0.6979166666666687391, -0.03443492261192355325, 1.519881011839518292 ) ) ;
#4101 = DIRECTION ( 'NONE',  ( 0.000000000000000000, 0.000000000000000000, -1.000000000000000000 ) ) ;
#4102 = EDGE_CURVE ( 'NONE', #2625, #2880, #2878, .T. ) ;
#4103 = CARTESIAN_POINT ( 'NONE',  ( 0.7427083333333357462, -0.02295661507461571257, 1.539762023679036584 ) ) ;
#4104 = CARTESIAN_POINT ( 'NONE',  ( 0.7041666666666663854, 0.03233161507461829176, 1.555999999999999828 ) ) ;
#4105 = AXIS2_PLACEMENT_3D ( 'NONE', #1361, #2430, #2770 ) ;
#4106 = CARTESIAN_POINT ( 'NONE',  ( 0.5875000000000021316, 0.04591323014923139739, 1.500000000000000444 ) ) ;
#4107 = CARTESIAN_POINT ( 'NONE',  ( 0.8353363146168797382, -0.01091697734395985150, 1.550292644003702147 ) ) ;
#4108 = CARTESIAN_POINT ( 'NONE',  ( 0.6468750000000019762, -0.04591323014923139739, -1.499999999999999778 ) ) ;
#4109 = CARTESIAN_POINT ( 'NONE',  ( 0.7916666666666688501, 0.02295661507461568829, 1.539762023679036584 ) ) ;
#4110 = ORIENTED_EDGE ( 'NONE', *, *, #3008, .T. ) ;
#4111 = CARTESIAN_POINT ( 'NONE',  ( 0.7580729166666702046, -0.04966929761192663551, -1.471323417653294330 ) ) ;
#4112 = CARTESIAN_POINT ( 'NONE',  ( 0.7888020833333335702, -0.04966929761192663551, -1.528676582346705226 ) ) ;
#4113 = CARTESIAN_POINT ( 'NONE',  ( 0.8322916666666686503, 0.03443492261192356713, -1.519881011839517626 ) ) ;
#4114 = CARTESIAN_POINT ( 'NONE',  ( 0.6968750000000044631, 0.06466323014923756884, -1.499999999999999778 ) ) ;
#4115 = DIRECTION ( 'NONE',  ( 0.000000000000000000, 0.000000000000000000, -1.000000000000000000 ) ) ;
#4116 = LINE ( 'NONE', #2000, #491 ) ;
#4117 = CARTESIAN_POINT ( 'NONE',  ( 0.7874999999999992006, -0.06466323014923751333, -1.499999999999999778 ) ) ;
#4118 = EDGE_CURVE ( 'NONE', #2531, #3816, #427, .T. ) ;
#4119 = CARTESIAN_POINT ( 'NONE',  ( 0.6031250000000044631, -6.858022075225123486E-18, -1.444000000000000172 ) ) ;
#4120 = CARTESIAN_POINT ( 'NONE',  ( 0.8364583333333356352, 0.03443492261192353937, 1.519881011839518514 ) ) ;
#4121 = ORIENTED_EDGE ( 'NONE', *, *, #1114, .F. ) ;
#4122 = CARTESIAN_POINT ( 'NONE',  ( 0.7812499999999992228, -6.858022075225118093E-18, -1.444000000000000172 ) ) ;
#4123 = CARTESIAN_POINT ( 'NONE',  ( 0.6322916666666685837, 0.03443492261192356713, -1.519881011839517626 ) ) ;
#4124 = DIRECTION ( 'NONE',  ( 0.000000000000000000, 0.000000000000000000, -1.000000000000000000 ) ) ;
#4125 = EDGE_CURVE ( 'NONE', #1884, #2930, #853, .T. ) ;
#4126 = CARTESIAN_POINT ( 'NONE',  ( 0.6583333333333353243, 0.02295661507461572298, 1.460237976320964304 ) ) ;
#4127 = CARTESIAN_POINT ( 'NONE',  ( 0.8239583333333357906, -0.03443492261192354631, 1.480118988160482152 ) ) ;
#4128 = FACE_OUTER_BOUND ( 'NONE', #379, .T. ) ;
#4129 = CARTESIAN_POINT ( 'NONE',  ( 0.6125000000000021538, 0.04591323014923139739, 1.500000000000000444 ) ) ;
#4130 = ADVANCED_FACE ( 'NONE', ( #1120 ), #1856, .T. ) ;
#4131 = DIRECTION ( 'NONE',  ( 0.7071067811865462405, 0.000000000000000000, -0.7071067811865486830 ) ) ;
#4132 = CARTESIAN_POINT ( 'NONE',  ( 0.04687500000000016653, 0.000000000000000000, -1.375000000000000444 ) ) ;
#4133 = CARTESIAN_POINT ( 'NONE',  ( 0.7895833333333354132, 0.03443492261192353937, 1.519881011839518514 ) ) ;
#4135 = VERTEX_POINT ( 'NONE', #1536 ) ;
#4134 = CARTESIAN_POINT ( 'NONE',  ( 0.7895833333333349691, 0.03443492261192353937, -1.480118988160481708 ) ) ;
#4136 = CARTESIAN_POINT ( 'NONE',  ( 0.5937500000000006661, 0.04194219606463057970, -1.477780043337981519 ) ) ;
#4137 = CC_DESIGN_PERSON_AND_ORGANIZATION_ASSIGNMENT ( #1107, #2194, ( #4381 ) ) ;
#4138 = CARTESIAN_POINT ( 'NONE',  ( 0.7471354166666668295, 0.04966929761192666326, -1.528676582346705226 ) ) ;
#4139 = CARTESIAN_POINT ( 'NONE',  ( 0.8177083333333353687, -0.02295661507461571257, -1.460237976320963860 ) ) ;
#4140 = CARTESIAN_POINT ( 'NONE',  ( 0.8402651857824808834, -0.04320652879027638005, -1.537164096916552758 ) ) ;
#4141 = CARTESIAN_POINT ( 'NONE',  ( 0.6020833333333349691, -0.03443492261192354631, -1.519881011839518070 ) ) ;
#4142 = DIRECTION ( 'NONE',  ( 1.000000000000000000, 0.000000000000000000, 0.000000000000000000 ) ) ;
#4143 = CARTESIAN_POINT ( 'NONE',  ( 0.6916666666666683172, 0.02295661507461568829, -1.460237976320963860 ) ) ;
#4144 = CARTESIAN_POINT ( 'NONE',  ( 0.04687500000000016653, 0.000000000000000000, -1.500000000000000444 ) ) ;
#4145 = CARTESIAN_POINT ( 'NONE',  ( 0.8197916666666691388, -0.03443492261192355325, 1.519881011839518292 ) ) ;
#4146 = ORIENTED_EDGE ( 'NONE', *, *, #4281, .T. ) ;
#4147 = CARTESIAN_POINT ( 'NONE',  ( 0.5999999999999993117, 0.06466323014923751333, -1.499999999999999778 ) ) ;
#4148 = CARTESIAN_POINT ( 'NONE',  ( 0.6281250000000019318, 0.000000000000000000, -1.539762023679035918 ) ) ;
#4149 = CARTESIAN_POINT ( 'NONE',  ( 0.6479166666666659191, 0.04849742261192815929, -1.527999999999999581 ) ) ;
#4150 = B_SPLINE_CURVE_WITH_KNOTS ( 'NONE', 3,
 ( #1806, #2890, #1109, #19 ),
 .UNSPECIFIED., .F., .F.,
 ( 4, 4 ),
 ( 0.0002139099026531061248, 0.0003764786906456080010 ),
 .UNSPECIFIED. ) ;
#4151 = CARTESIAN_POINT ( 'NONE',  ( 0.6479166666666688057, -0.03443492261192355325, 1.519881011839518292 ) ) ;
#4152 = AXIS2_PLACEMENT_3D ( 'NONE', #4030, #3671, #477 ) ;
#4153 = CARTESIAN_POINT ( 'NONE',  ( 0.7614583333333356796, 0.03443492261192353937, 1.519881011839518514 ) ) ;
#4154 = CARTESIAN_POINT ( 'NONE',  ( 0.5937500000000005551, -0.02992184104507930598, -1.542487537251825858 ) ) ;
#4155 = CARTESIAN_POINT ( 'NONE',  ( 0.8664062500000039302, 0.000000000000000000, 1.442646835306589326 ) ) ;
#4156 = CARTESIAN_POINT ( 'NONE',  ( 0.7406250000000046407, 0.000000000000000000, 1.444000000000001283 ) ) ;
#4157 = B_SPLINE_CURVE_WITH_KNOTS ( 'NONE', 3,
 ( #1561, #2883, #2974, #2278, #2923, #4358, #3694, #473, #1879, #3646 ),
 .UNSPECIFIED., .F., .F.,
 ( 4, 2, 2, 2, 4 ),
 ( 0.004526529495016186518, 0.005358174545272222609, 0.006189819595528259569, 0.007021464645784295661, 0.007853109696040331753 ),
 .UNSPECIFIED. ) ;
#4158 = CARTESIAN_POINT ( 'NONE',  ( 0.7614583333333377890, -0.04849742261192818704, -1.527999999999999581 ) ) ;
#4159 = DIRECTION ( 'NONE',  ( 1.000000000000000000, -0.000000000000000000, -0.000000000000000000 ) ) ;
#4161 = ORIENTED_EDGE ( 'NONE', *, *, #3676, .F. ) ;
#4160 = CARTESIAN_POINT ( 'NONE',  ( 0.7937500000000017319, -4.869443502615268820E-18, -1.460237976320963860 ) ) ;
#4162 = CARTESIAN_POINT ( 'NONE',  ( 0.5937500000000008882, 0.05126734994199177997, -1.509359492025083904 ) ) ;
#4163 = CARTESIAN_POINT ( 'NONE',  ( 0.6343750000000019096, 0.04591323014923139739, -1.499999999999999778 ) ) ;
#4164 = CARTESIAN_POINT ( 'NONE',  ( 0.7468750000000023981, -0.04591323014923139739, 1.500000000000000444 ) ) ;
#4165 = CARTESIAN_POINT ( 'NONE',  ( 0.6416666666666683838, 0.02295661507461568829, -1.460237976320963860 ) ) ;
#4166 = CARTESIAN_POINT ( 'NONE',  ( 0.8287073454491068469, 0.02846952515014794863, -1.533646522415872848 ) ) ;
#4167 = CARTESIAN_POINT ( 'NONE',  ( 0.7625000000000016209, 0.04591323014923139739, -1.499999999999999778 ) ) ;
#4168 = CARTESIAN_POINT ( 'NONE',  ( 0.7500000000000021094, -0.04591323014923139739, 1.500000000000000444 ) ) ;
#4169 = DIRECTION ( 'NONE',  ( 0.000000000000000000, 0.000000000000000000, -1.000000000000000000 ) ) ;
#4170 = CARTESIAN_POINT ( 'NONE',  ( 0.7531250000000023759, 0.000000000000000000, 1.460237976320964304 ) ) ;
#4171 = ORIENTED_EDGE ( 'NONE', *, *, #2972, .T. ) ;
#4172 = CARTESIAN_POINT ( 'NONE',  ( 0.8221354166666672292, 0.04966929761192666326, 1.471323417653294996 ) ) ;
#4173 = CARTESIAN_POINT ( 'NONE',  ( 0.6156250000000019762, -4.869443502615268820E-18, -1.460237976320963860 ) ) ;
#4174 = CARTESIAN_POINT ( 'NONE',  ( 0.6656250000000044631, 0.000000000000000000, -1.555999999999999162 ) ) ;
#4175 = CARTESIAN_POINT ( 'NONE',  ( 0.6145833333333354798, 0.03443492261192353937, 1.519881011839518514 ) ) ;
#4176 = CARTESIAN_POINT ( 'NONE',  ( 0.8263779518688197934, -0.04158535471097222352, 1.495586173384574558 ) ) ;
#4177 = CARTESIAN_POINT ( 'NONE',  ( 0.5937500000000007772, 0.000000000000000000, 1.444000000000001505 ) ) ;
#4178 = EDGE_CURVE ( 'NONE', #4095, #4625, #73, .T. ) ;
#4179 = CARTESIAN_POINT ( 'NONE',  ( 0.6541666666666686725, -0.02295661507461569176, 1.460237976320964304 ) ) ;
#4180 = CARTESIAN_POINT ( 'NONE',  ( 0.7343750000000046629, -0.06466323014923693047, 1.500000000000000444 ) ) ;
#4181 = CARTESIAN_POINT ( 'NONE',  ( 0.7593750000000046851, -0.06466323014923756884, -1.499999999999999778 ) ) ;
#4182 = CARTESIAN_POINT ( 'NONE',  ( 0.7750000000000021316, -0.04591323014923139739, 1.500000000000000444 ) ) ;
#4184 = ORIENTED_EDGE ( 'NONE', *, *, #2671, .T. ) ;
#4183 = CARTESIAN_POINT ( 'NONE',  ( 0.7770833333333350135, -0.03443492261192354631, -1.519881011839518070 ) ) ;
#4185 = CARTESIAN_POINT ( 'NONE',  ( 0.5937499999999978906, 0.04469882459362511939, -1.532096371575495830 ) ) ;
#4186 = CARTESIAN_POINT ( 'NONE',  ( 0.6239583333333352799, -0.03443492261192354631, -1.519881011839518070 ) ) ;
#4187 = CARTESIAN_POINT ( 'NONE',  ( 0.7947916666666691166, -0.03443492261192355325, 1.519881011839518292 ) ) ;
#4188 = CARTESIAN_POINT ( 'NONE',  ( 0.6895833333333349913, 0.03443492261192353937, -1.480118988160481708 ) ) ;
#4189 = CARTESIAN_POINT ( 'NONE',  ( 0.8276008666951075732, 0.01204305048830675746, -1.541260614206581891 ) ) ;
#4190 = VECTOR ( 'NONE', #2871, 39.37007874015748143 ) ;
#4191 = CARTESIAN_POINT ( 'NONE',  ( 0.6645833333333350801, 0.03443492261192353937, -1.480118988160481708 ) ) ;
#4192 = EDGE_CURVE ( 'NONE', #2799, #2620, #574, .T. ) ;
#4193 = AXIS2_PLACEMENT_3D ( 'NONE', #1263, #2674, #4101 ) ;
#4194 = CARTESIAN_POINT ( 'NONE',  ( 0.7437500000000021316, -4.869443502615268820E-18, 1.539762023679036362 ) ) ;
#4195 = ADVANCED_FACE ( 'NONE', ( #2576 ), #3402, .T. ) ;
#4196 = CARTESIAN_POINT ( 'NONE',  ( -0.07812499999999986122, 0.000000000000000000, -1.375000000000000444 ) ) ;
#4197 =( BOUNDED_CURVE ( )  B_SPLINE_CURVE ( 2, ( #2407, #399, #1829, #4248, #3820, #1053, #2476 ),
 .UNSPECIFIED., .F., .F. ) 
 B_SPLINE_CURVE_WITH_KNOTS ( ( 3, 2, 2, 3 ),
 ( 0.4090909090909091717, 0.4242424242424241987, 0.4393939393939393923, 0.4545454545454544193 ),
 .UNSPECIFIED. ) 
 CURVE ( )  GEOMETRIC_REPRESENTATION_ITEM ( )  RATIONAL_B_SPLINE_CURVE ( ( 0.9999999999999990008, 0.8660254037844397068, 1.000000000000000000, 0.8660254037844387076, 1.000000000000000000, 0.8660254037844401509, 0.9999999999999985567 ) ) 
 REPRESENTATION_ITEM ( '' )  );
#4198 = CARTESIAN_POINT ( 'NONE',  ( 0.7635416666666690055, 0.02295661507461568829, 1.539762023679036584 ) ) ;
#4199 = ORIENTED_EDGE ( 'NONE', *, *, #4331, .F. ) ;
#4200 = CARTESIAN_POINT ( 'NONE',  ( 0.7513020833333338144, 0.04966929761192662163, 1.528676582346705892 ) ) ;
#4201 = CARTESIAN_POINT ( 'NONE',  ( 0.7093750000000020872, 0.04591323014923139739, -1.499999999999999778 ) ) ;
#4202 = FACE_OUTER_BOUND ( 'NONE', #4068, .T. ) ;
#4203 = CARTESIAN_POINT ( 'NONE',  ( 0.6343750000000025757, 0.04591323014923139739, 1.500000000000000444 ) ) ;
#4204 = CARTESIAN_POINT ( 'NONE',  ( 0.8437500000000022204, -4.869443502615268820E-18, 1.539762023679036362 ) ) ;
#4205 = CARTESIAN_POINT ( 'NONE',  ( 0.7062500000000020428, 0.000000000000000000, 1.460237976320964304 ) ) ;
#4206 = CARTESIAN_POINT ( 'NONE',  ( 0.7385416666666715368, -0.03233161507461859013, 1.444000000000001060 ) ) ;
#4207 = CYLINDRICAL_SURFACE ( 'NONE', #984, 0.05599999999999880074 ) ;
#4208 = CARTESIAN_POINT ( 'NONE',  ( 0.7687500000000021538, -4.869443502615268820E-18, 1.539762023679036362 ) ) ;
#4210 = VERTEX_POINT ( 'NONE', #3317 ) ;
#4209 = CARTESIAN_POINT ( 'NONE',  ( 0.7708333333333350357, -0.02295661507461571257, -1.460237976320963860 ) ) ;
#4211 = CARTESIAN_POINT ( 'NONE',  ( 0.6393229166666701824, -0.03311286507461774081, -1.557353164693410674 ) ) ;
#4212 = CARTESIAN_POINT ( 'NONE',  ( 0.6531250000000019540, 0.000000000000000000, -1.539762023679035918 ) ) ;
#4213 = CARTESIAN_POINT ( 'NONE',  ( 0.7802083333333357240, 0.02295661507461572298, 1.460237976320964304 ) ) ;
#4214 = CARTESIAN_POINT ( 'NONE',  ( 0.6395833333333350579, 0.03443492261192353937, -1.480118988160481708 ) ) ;
#4215 = DIRECTION ( 'NONE',  ( 1.000000000000000000, -0.000000000000000000, -0.000000000000000000 ) ) ;
#4216 = CARTESIAN_POINT ( 'NONE',  ( 0.6375000000000016209, 0.04591323014923139739, -1.499999999999999778 ) ) ;
#4217 = CARTESIAN_POINT ( 'NONE',  ( 0.7270833333333354132, -0.03443492261192354631, 1.480118988160482152 ) ) ;
#4218 = CARTESIAN_POINT ( 'NONE',  ( 0.7656250000000044409, 0.000000000000000000, -1.555999999999999162 ) ) ;
#4219 = CARTESIAN_POINT ( 'NONE',  ( 0.7010416666666690055, -0.02295661507461569176, 1.460237976320964304 ) ) ;
#4220 = ORIENTED_EDGE ( 'NONE', *, *, #1482, .T. ) ;
#4221 = CARTESIAN_POINT ( 'NONE',  ( 0.6971354166666672292, 0.04966929761192666326, 1.471323417653294996 ) ) ;
#4222 = CARTESIAN_POINT ( 'NONE',  ( 0.8343750000000045297, -0.06466323014923756884, -1.499999999999999778 ) ) ;
#4223 =( BOUNDED_CURVE ( )  B_SPLINE_CURVE ( 2, ( #619, #212, #3390, #2047, #1654, #2002, #4119 ),
 .UNSPECIFIED., .F., .F. ) 
 B_SPLINE_CURVE_WITH_KNOTS ( ( 3, 2, 2, 3 ),
 ( 0.9090909090909088386, 0.9242424242424239766, 0.9393939393939392257, 0.9545454545454543638 ),
 .UNSPECIFIED. ) 
 CURVE ( )  GEOMETRIC_REPRESENTATION_ITEM ( )  RATIONAL_B_SPLINE_CURVE ( ( 1.000000000000001998, 0.8660254037844367092, 1.000000000000000000, 0.8660254037844387076, 1.000000000000000000, 0.8660254037844407060, 0.9999999999999980016 ) ) 
 REPRESENTATION_ITEM ( '' )  );
#4224 = FACE_OUTER_BOUND ( 'NONE', #2241, .T. ) ;
#4225 = CARTESIAN_POINT ( 'NONE',  ( 0.6093750000000024425, 0.04591323014923139739, 1.500000000000000444 ) ) ;
#4226 = CARTESIAN_POINT ( 'NONE',  ( 0.7510416666666713814, 0.03233161507461856238, -1.443999999999999950 ) ) ;
#4227 = CC_DESIGN_PERSON_AND_ORGANIZATION_ASSIGNMENT ( #368, #1804, ( #4074 ) ) ;
#4228 = CARTESIAN_POINT ( 'NONE',  ( 0.8518229166666705376, 0.03311286507461773387, 1.557353164693411340 ) ) ;
#4229 = CARTESIAN_POINT ( 'NONE',  ( 0.6989583333333380111, 0.04849742261192769438, 1.528000000000000025 ) ) ;
#4230 = AXIS2_PLACEMENT_3D ( 'NONE', #1252, #2663, #4090 ) ;
#4231 = CARTESIAN_POINT ( 'NONE',  ( 0.6729166666666657193, 0.04849742261192815929, -1.527999999999999581 ) ) ;
#4232 = CARTESIAN_POINT ( 'NONE',  ( 0.7208333333333355464, -0.02295661507461571257, 1.539762023679036584 ) ) ;
#4234 = VERTEX_POINT ( 'NONE', #121 ) ;
#4233 = CARTESIAN_POINT ( 'NONE',  ( 0.8062500000000016875, 0.000000000000000000, -1.539762023679035918 ) ) ;
#4235 = CARTESIAN_POINT ( 'NONE',  ( 0.6018229166666702046, 0.03311286507461773387, -1.442646835306588660 ) ) ;
#4236 = CC_DESIGN_APPROVAL ( #2957, ( #2557 ) ) ;
#4237 = CARTESIAN_POINT ( 'NONE',  ( 0.6739583333333353243, -0.03443492261192354631, -1.519881011839518070 ) ) ;
#4238 = CARTESIAN_POINT ( 'NONE',  ( 0.7385416666666690944, 0.02295661507461568829, 1.539762023679036584 ) ) ;
#4239 = CARTESIAN_POINT ( 'NONE',  ( 0.6187500000000016875, -4.869443502615268820E-18, -1.460237976320963860 ) ) ;
#4240 = CARTESIAN_POINT ( 'NONE',  ( 0.7645833333333350579, 0.03443492261192353937, -1.480118988160481708 ) ) ;
#4241 = CARTESIAN_POINT ( 'NONE',  ( 0.7333333333333350579, 0.02295661507461572298, -1.539762023679035918 ) ) ;
#4242 = EDGE_CURVE ( 'NONE', #2665, #2144, #4157, .T. ) ;
#4243 = CARTESIAN_POINT ( 'NONE',  ( 0.7291666666666686281, -0.02295661507461569176, 1.460237976320964304 ) ) ;
#4244 = DIRECTION ( 'NONE',  ( 1.000000000000000000, 0.000000000000000000, 0.000000000000000000 ) ) ;
#4245 = CARTESIAN_POINT ( 'NONE',  ( 0.6364583333333357906, 0.03443492261192353937, 1.519881011839518514 ) ) ;
#4246 = VERTEX_POINT ( 'NONE', #3292 ) ;
#4247 = CARTESIAN_POINT ( 'NONE',  ( 0.7158854166666672736, -0.03311286507461774081, 1.442646835306589548 ) ) ;
#4248 = CARTESIAN_POINT ( 'NONE',  ( 0.6874999999999991118, -0.06466323014923751333, -1.499999999999999778 ) ) ;
#4249 = CARTESIAN_POINT ( 'NONE',  ( 0.6114583333333357684, 0.03443492261192353937, 1.519881011839518514 ) ) ;
#4250 = CARTESIAN_POINT ( 'NONE',  ( 0.7406250000000046407, 0.000000000000000000, 1.444000000000001283 ) ) ;
#4251 = CARTESIAN_POINT ( 'NONE',  ( 0.8101562500000039080, -0.06622573014923550938, 1.500000000000000444 ) ) ;
#4252 =( BOUNDED_CURVE ( )  B_SPLINE_CURVE ( 2, ( #4303, #4347, #3548, #2157, #1145, #3254, #3195 ),
 .UNSPECIFIED., .F., .F. ) 
 B_SPLINE_CURVE_WITH_KNOTS ( ( 3, 2, 2, 3 ),
 ( 0.2272727272727270709, 0.2424242424242423199, 0.2575757575757575690, 0.2727272727272727626 ),
 .UNSPECIFIED. ) 
 CURVE ( )  GEOMETRIC_REPRESENTATION_ITEM ( )  RATIONAL_B_SPLINE_CURVE ( ( 1.000000000000001776, 0.8660254037844370423, 1.000000000000000000, 0.8660254037844387076, 1.000000000000000000, 0.8660254037844381525, 1.000000000000000444 ) ) 
 REPRESENTATION_ITEM ( '' )  );
#4253 = B_SPLINE_CURVE_WITH_KNOTS ( 'NONE', 3,
 ( #3474, #1711, #3428, #296, #224, #248, #3851, #959, #4515, #935, #2386, #3873, #274, #3777, #4564, #3801 ),
 .UNSPECIFIED., .F., .F.,
 ( 4, 2, 2, 2, 2, 2, 2, 4 ),
 ( 0.0002746896309847979387, 0.0006357118877012828823, 0.0009967341444177678800, 0.001357756401134252878, 0.001718778657850737659, 0.002079800914567222873, 0.002440823171283708088, 0.003162867684716666808 ),
 .UNSPECIFIED. ) ;
#4254 = DIRECTION ( 'NONE',  ( 1.000000000000000000, -0.000000000000000000, -0.000000000000000000 ) ) ;
#4255 = EDGE_CURVE ( 'NONE', #1139, #2969, #4386, .T. ) ;
#4256 = CARTESIAN_POINT ( 'NONE',  ( 0.6374999999999991784, -0.06466323014923751333, -1.499999999999999778 ) ) ;
#4257 = CARTESIAN_POINT ( 'NONE',  ( 0.6458333333333355908, -0.02295661507461571257, 1.539762023679036584 ) ) ;
#4259 = ORIENTED_EDGE ( 'NONE', *, *, #3969, .F. ) ;
#4258 = ORIENTED_EDGE ( 'NONE', *, *, #143, .F. ) ;
#4260 = COORDINATED_UNIVERSAL_TIME_OFFSET ( 6, 0, .BEHIND. ) ;
#4261 = CARTESIAN_POINT ( 'NONE',  ( 0.6572916666666687169, 0.03443492261192356713, -1.519881011839517626 ) ) ;
#4262 = CARTESIAN_POINT ( 'NONE',  ( 0.7968750000000024425, -0.04591323014923139739, 1.500000000000000444 ) ) ;
#4263 = CARTESIAN_POINT ( 'NONE',  ( 0.04687500000000016653, 0.000000000000000000, 1.500000000000000444 ) ) ;
#4264 = CARTESIAN_POINT ( 'NONE',  ( 0.8041666666666684726, -0.02295661507461569523, -1.539762023679035918 ) ) ;
#4265 = CARTESIAN_POINT ( 'NONE',  ( 0.7893229166666700936, -0.03311286507461774081, -1.557353164693410674 ) ) ;
#4266 = CARTESIAN_POINT ( 'NONE',  ( 0.7937500000000021760, -4.869443502615268820E-18, 1.539762023679036362 ) ) ;
#4267 = DIRECTION ( 'NONE',  ( -1.000000000000000000, 0.000000000000000000, -1.028460421144192724E-15 ) ) ;
#4268 = CARTESIAN_POINT ( 'NONE',  ( 0.6822916666666690721, 0.03443492261192356713, 1.480118988160482596 ) ) ;
#4269 = ORIENTED_EDGE ( 'NONE', *, *, #82, .F. ) ;
#4270 = CARTESIAN_POINT ( 'NONE',  ( 0.6450520833333338588, 0.03311286507461778245, 1.442646835306589548 ) ) ;
#4271 = CARTESIAN_POINT ( 'NONE',  ( 2.219626494852213988E-16, 9.567553118338708101E-18, -1.375000000000000444 ) ) ;
#4272 = CARTESIAN_POINT ( 'NONE',  ( 0.6843750000000023981, 0.04591323014923139739, 1.500000000000000444 ) ) ;
#4273 = LINE ( 'NONE', #3871, #2843 ) ;
#4274 = CARTESIAN_POINT ( 'NONE',  ( 0.8164062500000038858, 0.000000000000000000, 1.442646835306589326 ) ) ;
#4275 = DIRECTION ( 'NONE',  ( -1.000000000000000000, -0.000000000000000000, -0.000000000000000000 ) ) ;
#4276 = EDGE_CURVE ( 'NONE', #571, #1157, #4377, .T. ) ;
#4277 = CARTESIAN_POINT ( 'NONE',  ( 0.6614583333333378112, -0.04849742261192818704, -1.527999999999999581 ) ) ;
#4278 = CARTESIAN_POINT ( 'NONE',  ( 0.6916666666666687613, 0.02295661507461568829, 1.539762023679036584 ) ) ;
#4279 = VERTEX_POINT ( 'NONE', #498 ) ;
#4280 = CARTESIAN_POINT ( 'NONE',  ( 0.5937500000000006661, -0.02785843759302343223, -1.471628782508890509 ) ) ;
#4281 = EDGE_CURVE ( 'NONE', #4357, #2867, #270, .T. ) ;
#4282 = ADVANCED_FACE ( 'NONE', ( #3603 ), #4025, .F. ) ;
#4283 = FACE_OUTER_BOUND ( 'NONE', #3122, .T. ) ;
#4284 = CARTESIAN_POINT ( 'NONE',  ( 0.7135416666666689611, 0.02295661507461568829, 1.539762023679036584 ) ) ;
#4285 = CARTESIAN_POINT ( 'NONE',  ( 0.7635416666666685614, 0.02295661507461568829, -1.460237976320963860 ) ) ;
#4286 = CARTESIAN_POINT ( 'NONE',  ( 0.7395833333333349247, 0.03443492261192353937, -1.480118988160481708 ) ) ;
#4287 = CARTESIAN_POINT ( 'NONE',  ( 0.6062500000000017319, 0.000000000000000000, -1.539762023679035918 ) ) ;
#4288 = CARTESIAN_POINT ( 'NONE',  ( 0.6721354166666667629, 0.04966929761192666326, -1.528676582346705226 ) ) ;
#4289 = LINE ( 'NONE', #1353, #948 ) ;
#4290 = DIRECTION ( 'NONE',  ( 1.000000000000000000, -0.000000000000000000, -0.000000000000000000 ) ) ;
#4291 = ORIENTED_EDGE ( 'NONE', *, *, #2041, .F. ) ;
#4292 = CARTESIAN_POINT ( 'NONE',  ( 0.7679687500000005329, 0.000000000000000000, 1.442646835306589326 ) ) ;
#4293 = CARTESIAN_POINT ( 'NONE',  ( 0.6437499999999998224, 0.000000000000000000, 1.444000000000001283 ) ) ;
#4294 = CARTESIAN_POINT ( 'NONE',  ( 0.6281250000000023759, 0.000000000000000000, 1.460237976320964304 ) ) ;
#4295 = CARTESIAN_POINT ( 'NONE',  ( 0.8122395833333372339, -0.04966929761192663551, 1.471323417653294996 ) ) ;
#4296 = EDGE_CURVE ( 'NONE', #3608, #3116, #3346, .T. ) ;
#4297 = CARTESIAN_POINT ( 'NONE',  ( 0.04687500000000016653, 0.000000000000000000, -1.375000000000000444 ) ) ;
#4298 = AXIS2_PLACEMENT_3D ( 'NONE', #3352, #153, #3652 ) ;
#4299 = CARTESIAN_POINT ( 'NONE',  ( 0.7239583333333380333, 0.04849742261192817316, -1.471999999999999975 ) ) ;
#4300 = CARTESIAN_POINT ( 'NONE',  ( 0.6500000000000021316, -0.04591323014923139739, 1.500000000000000444 ) ) ;
#4301 = ORIENTED_EDGE ( 'NONE', *, *, #3982, .T. ) ;
#4302 = VECTOR ( 'NONE', #2929, 39.37007874015748143 ) ;
#4303 = CARTESIAN_POINT ( 'NONE',  ( 0.8031250000000045297, -6.858022075225123486E-18, -1.444000000000000172 ) ) ;
#4304 = CARTESIAN_POINT ( 'NONE',  ( 0.6885416666666691610, 0.02295661507461568829, 1.539762023679036584 ) ) ;
#4305 = CARTESIAN_POINT ( 'NONE',  ( 0.8243613148436157445, -0.03221466067263618199, -1.523726618324475091 ) ) ;
#4306 = CARTESIAN_POINT ( 'NONE',  ( 0.8166666666666684282, 0.02295661507461568829, -1.460237976320963860 ) ) ;
#4307 = CARTESIAN_POINT ( 'NONE',  ( 0.8559895833333368564, -0.03311286507461777551, -1.442646835306588660 ) ) ;
#4308 = CARTESIAN_POINT ( 'NONE',  ( 0.7242187500000000222, 0.06622573014923550938, -1.499999999999999778 ) ) ;
#4309 = AXIS2_PLACEMENT_3D ( 'NONE', #2594, #493, #847 ) ;
#4310 = CARTESIAN_POINT ( 'NONE',  ( 0.7187499999999991118, 0.000000000000000000, -1.555999999999999384 ) ) ;
#4311 = CARTESIAN_POINT ( 'NONE',  ( 0.5937500000000007772, 0.000000000000000000, 1.500000000000000444 ) ) ;
#4312 = ORIENTED_EDGE ( 'NONE', *, *, #1363, .F. ) ;
#4313 = CARTESIAN_POINT ( 'NONE',  ( 0.6158854166666671848, -0.03311286507461774081, 1.442646835306589548 ) ) ;
#4314 = CARTESIAN_POINT ( 'NONE',  ( -0.07812499999999986122, 0.000000000000000000, 1.375000000000000444 ) ) ;
#4315 = DIRECTION ( 'NONE',  ( -0.000000000000000000, -0.000000000000000000, -1.000000000000000000 ) ) ;
#4316 =( BOUNDED_CURVE ( )  B_SPLINE_CURVE ( 2, ( #4576, #2786, #3555, #3838, #355, #310, #4218 ),
 .UNSPECIFIED., .F., .F. ) 
 B_SPLINE_CURVE_WITH_KNOTS ( ( 3, 2, 2, 3 ),
 ( 0.3181818181818180102, 0.3333333333333332038, 0.3484848484848485084, 0.3636363636363637020 ),
 .UNSPECIFIED. ) 
 CURVE ( )  GEOMETRIC_REPRESENTATION_ITEM ( )  RATIONAL_B_SPLINE_CURVE ( ( 1.000000000000001554, 0.8660254037844373753, 1.000000000000000000, 0.8660254037844387076, 1.000000000000000000, 0.8660254037844381525, 1.000000000000000444 ) ) 
 REPRESENTATION_ITEM ( '' )  );
#4317 = CARTESIAN_POINT ( 'NONE',  ( 0.8039062500000039302, -7.023736956275672060E-18, 1.557353164693411340 ) ) ;
#4318 = CARTESIAN_POINT ( 'NONE',  ( 0.6687499999999990674, 0.000000000000000000, -1.555999999999999384 ) ) ;
#4319 = CARTESIAN_POINT ( 'NONE',  ( 0.6750000000000020428, -0.04591323014923139739, 1.500000000000000444 ) ) ;
#4320 = ORIENTED_EDGE ( 'NONE', *, *, #1569, .F. ) ;
#4321 = MECHANICAL_CONTEXT ( 'NONE', #3295, 'mechanical' ) ;
#4322 = EDGE_CURVE ( 'NONE', #1964, #2728, #3368, .T. ) ;
#4323 = CARTESIAN_POINT ( 'NONE',  ( 0.8410436706131757534, 0.000000000000000000, -1.555999999999998717 ) ) ;
#4324 = CARTESIAN_POINT ( 'NONE',  ( 0.6947916666666690277, -0.03443492261192355325, 1.519881011839518292 ) ) ;
#4325 = CARTESIAN_POINT ( 'NONE',  ( 0.8135416666666687169, 0.02295661507461568829, -1.460237976320963860 ) ) ;
#4326 = CARTESIAN_POINT ( 'NONE',  ( 0.6531250000000045075, -6.858022075225123486E-18, -1.444000000000000172 ) ) ;
#4327 = ORIENTED_EDGE ( 'NONE', *, *, #819, .T. ) ;
#4328 = CARTESIAN_POINT ( 'NONE',  ( 0.8184895833333368786, 0.03311286507461778245, -1.557353164693410674 ) ) ;
#4329 = CARTESIAN_POINT ( 'NONE',  ( 0.6679687500000001110, 0.000000000000000000, -1.557353164693410896 ) ) ;
#4330 = CARTESIAN_POINT ( 'NONE',  ( -0.1562499999999999445, 0.000000000000000000, 1.375000000000000444 ) ) ;
#4331 = EDGE_CURVE ( 'NONE', #120, #1265, #4629, .T. ) ;
#4332 = CARTESIAN_POINT ( 'NONE',  ( 0.6135416666666712038, -0.03233161507461878442, 1.444000000000001949 ) ) ;
#4333 = CARTESIAN_POINT ( 'NONE',  ( 0.6052083333333357906, 0.02295661507461572298, 1.460237976320964304 ) ) ;
#4334 = VERTEX_POINT ( 'NONE', #4122 ) ;
#4335 = ADVANCED_FACE ( 'NONE', ( #4508 ), #952, .F. ) ;
#4336 = VECTOR ( 'NONE', #787, 39.37007874015748143 ) ;
#4337 = ORIENTED_EDGE ( 'NONE', *, *, #3969, .T. ) ;
#4338 = CARTESIAN_POINT ( 'NONE',  ( 0.8400530853067588177, 1.060251407281157631E-12, 1.444990585306418218 ) ) ;
#4339 = CARTESIAN_POINT ( 'NONE',  ( 0.7989583333333353243, -0.03443492261192354631, -1.519881011839518070 ) ) ;
#4340 = CIRCLE ( 'NONE', #906, 0.05599999999999880074 ) ;
#4341 = CARTESIAN_POINT ( 'NONE',  ( 0.7205729166666704488, 0.04966929761192666326, 1.471323417653294996 ) ) ;
#4342 = CARTESIAN_POINT ( 'NONE',  ( 2.219626494852213988E-16, 9.567553118338708101E-18, 1.374999999999999334 ) ) ;
#4343 =( BOUNDED_CURVE ( )  B_SPLINE_CURVE ( 2, ( #1934, #127, #1908, #3347, #1860, #503, #3649 ),
 .UNSPECIFIED., .F., .F. ) 
 B_SPLINE_CURVE_WITH_KNOTS ( ( 3, 2, 2, 3 ),
 ( 0.2727272727272727626, 0.2878787878787879007, 0.3030303030303029277, 0.3181818181818180102 ),
 .UNSPECIFIED. ) 
 CURVE ( )  GEOMETRIC_REPRESENTATION_ITEM ( )  RATIONAL_B_SPLINE_CURVE ( ( 0.9999999999999995559, 0.8660254037844392627, 1.000000000000000000, 0.8660254037844388186, 1.000000000000000000, 0.8660254037844402619, 0.9999999999999985567 ) ) 
 REPRESENTATION_ITEM ( '' )  );
#4344 = CARTESIAN_POINT ( 'NONE',  ( 0.6010416666666711372, 0.03233161507461849299, -1.443999999999999950 ) ) ;
#4345 = ORIENTED_EDGE ( 'NONE', *, *, #334, .T. ) ;
#4346 =( NAMED_UNIT ( * ) PLANE_ANGLE_UNIT ( ) SI_UNIT ( $, .RADIAN. ) );
#4347 = CARTESIAN_POINT ( 'NONE',  ( 0.8010416666666710928, 0.03233161507461852074, -1.443999999999999950 ) ) ;
#4348 = CARTESIAN_POINT ( 'NONE',  ( 0.6906250000000023759, -4.869443502615268820E-18, 1.539762023679036362 ) ) ;
#4349 = CARTESIAN_POINT ( 'NONE',  ( 0.8156250000000020428, -4.869443502615268820E-18, -1.460237976320963860 ) ) ;
#4350 = CARTESIAN_POINT ( 'NONE',  ( 0.6270833333333349913, -0.03443492261192354631, -1.519881011839518070 ) ) ;
#4351 = CARTESIAN_POINT ( 'NONE',  ( 0.8080729166666701380, -0.04966929761192663551, -1.471323417653294330 ) ) ;
#4352 = CARTESIAN_POINT ( 'NONE',  ( 0.6158854166666668517, -0.03311286507461774081, -1.557353164693410674 ) ) ;
#4353 = DIRECTION ( 'NONE',  ( 1.000000000000000000, -0.000000000000000000, -0.000000000000000000 ) ) ;
#4354 = DIRECTION ( 'NONE',  ( 0.000000000000000000, 0.000000000000000000, -1.000000000000000000 ) ) ;
#4355 = CARTESIAN_POINT ( 'NONE',  ( 0.5822916666666689833, 0.03443492261192356713, 1.480118988160482596 ) ) ;
#4356 = ORIENTED_EDGE ( 'NONE', *, *, #3978, .F. ) ;
#4357 = VERTEX_POINT ( 'NONE', #1679 ) ;
#4358 = CARTESIAN_POINT ( 'NONE',  ( 0.8385358980417829677, -0.05433658590656269965, -1.494607989599360476 ) ) ;
#4359 = CARTESIAN_POINT ( 'NONE',  ( 0.7427083333333353021, -0.02295661507461571257, -1.460237976320963860 ) ) ;
#4360 = AXIS2_PLACEMENT_3D ( 'NONE', #720, #2590, #2146 ) ;
#4361 = CARTESIAN_POINT ( 'NONE',  ( 0.7164062500000039080, 0.000000000000000000, 1.442646835306589326 ) ) ;
#4362 = CARTESIAN_POINT ( 'NONE',  ( 0.6708333333333328374, 0.03233161507461840972, 1.444000000000001060 ) ) ;
#4363 = CARTESIAN_POINT ( 'NONE',  ( 0.6041666666666687391, -0.02295661507461569523, 1.460237976320964304 ) ) ;
#4364 = EDGE_LOOP ( 'NONE', ( #1535, #168, #9, #3535 ) ) ;
#4365 = CALENDAR_DATE ( 2026, 16, 1 ) ;
#4366 = CARTESIAN_POINT ( 'NONE',  ( 0.7812500000000021094, 0.000000000000000000, 1.460237976320964304 ) ) ;
#4367 = CARTESIAN_POINT ( 'NONE',  ( 0.8333333333333333703, -0.03233161507461884687, 1.555999999999998940 ) ) ;
#4368 =( BOUNDED_CURVE ( )  B_SPLINE_CURVE ( 2, ( #4250, #341, #675, #3189, #1432, #1754, #2842 ),
 .UNSPECIFIED., .F., .F. ) 
 B_SPLINE_CURVE_WITH_KNOTS ( ( 3, 2, 2, 3 ),
 ( 0.5454545454545453032, 0.5606060606060603302, 0.5757575757575754682, 0.5909090909090904953 ),
 .UNSPECIFIED. ) 
 CURVE ( )  GEOMETRIC_REPRESENTATION_ITEM ( )  RATIONAL_B_SPLINE_CURVE ( ( 1.000000000000000888, 0.8660254037844377084, 1.000000000000000000, 0.8660254037844387076, 1.000000000000000000, 0.8660254037844417052, 0.9999999999999970024 ) ) 
 REPRESENTATION_ITEM ( '' )  );
#4369 = CARTESIAN_POINT ( 'NONE',  ( 0.6822916666666690721, 0.03443492261192356713, 1.480118988160482596 ) ) ;
#4370 = CARTESIAN_POINT ( 'NONE',  ( 0.7302083333333352355, 0.02295661507461571951, -1.539762023679035918 ) ) ;
#4371 = CARTESIAN_POINT ( 'NONE',  ( 0.6104166666666683838, 0.03443492261192356713, -1.519881011839517626 ) ) ;
#4372 = CARTESIAN_POINT ( 'NONE',  ( 0.7351562500000033973, -0.06622573014923550938, -1.499999999999999778 ) ) ;
#4373 = TOROIDAL_SURFACE ( 'NONE', #786, 0.1250000000000000278, 0.07812500000000008327 ) ;
#4374 = CARTESIAN_POINT ( 'NONE',  ( 0.6562499999999992228, -6.858022075225118093E-18, -1.444000000000000172 ) ) ;
#4375 = CARTESIAN_POINT ( 'NONE',  ( 0.6408854166666667629, -0.03311286507461774081, -1.557353164693410674 ) ) ;
#4376 = CARTESIAN_POINT ( 'NONE',  ( 0.8187499999999998668, 0.000000000000000000, 1.444000000000001283 ) ) ;
#4377 = B_SPLINE_CURVE_WITH_KNOTS ( 'NONE', 3,
 ( #53, #2598, #2903, #4338 ),
 .UNSPECIFIED., .F., .F.,
 ( 4, 4 ),
 ( 0.0002139099026531496555, 0.0003764786906457240649 ),
 .UNSPECIFIED. ) ;
#4378 = CARTESIAN_POINT ( 'NONE',  ( 0.8156250000000044853, 0.000000000000000000, -1.555999999999999162 ) ) ;
#4379 = CARTESIAN_POINT ( 'NONE',  ( 0.6156250000000045297, 0.000000000000000000, -1.555999999999999162 ) ) ;
#4380 = CARTESIAN_POINT ( 'NONE',  ( 0.5968750000000023759, -0.04591323014923139739, 1.500000000000000444 ) ) ;
#4381 = PRODUCT ( '1726A44_Threaded-Hole-Mount Round Pull Handle', '1726A44_Threaded-Hole-Mount Round Pull Handle', '', ( #4321 ) ) ;
#4382 = ORIENTED_EDGE ( 'NONE', *, *, #3560, .F. ) ;
#4383 = EDGE_CURVE ( 'NONE', #4485, #4234, #3836, .T. ) ;
#4384 = FACE_OUTER_BOUND ( 'NONE', #1449, .T. ) ;
#4385 = EDGE_LOOP ( 'NONE', ( #2327, #2788, #635, #3768 ) ) ;
#4386 = LINE ( 'NONE', #4411, #1108 ) ;
#4387 = CARTESIAN_POINT ( 'NONE',  ( 0.8114583333333352799, 0.03443492261192353937, -1.480118988160481708 ) ) ;
#4388 = CARTESIAN_POINT ( 'NONE',  ( 0.7184895833333371229, 0.03311286507461778245, 1.442646835306589548 ) ) ;
#4389 = CARTESIAN_POINT ( 'NONE',  ( 0.7520833333333331039, 0.04849742261192777765, 1.528000000000000247 ) ) ;
#4390 = CARTESIAN_POINT ( 'NONE',  ( 0.6000000000000020872, -0.04591323014923139739, 1.500000000000000444 ) ) ;
#4391 = VERTEX_POINT ( 'NONE', #3769 ) ;
#4392 = CARTESIAN_POINT ( 'NONE',  ( 0.8020833333333354798, -0.03443492261192354631, 1.480118988160482152 ) ) ;
#4393 = ADVANCED_FACE ( 'NONE', ( #3068 ), #518, .F. ) ;
#4394 = CARTESIAN_POINT ( 'NONE',  ( 0.7156250000000046185, 0.000000000000000000, 1.444000000000001283 ) ) ;
#4395 = CARTESIAN_POINT ( 'NONE',  ( 0.5864583333333357462, 0.03443492261192353937, 1.519881011839518514 ) ) ;
#4396 = CARTESIAN_POINT ( 'NONE',  ( 0.6177083333333353021, -0.02295661507461571257, -1.460237976320963860 ) ) ;
#4397 = CARTESIAN_POINT ( 'NONE',  ( 0.6250000000000016653, -0.04591323014923139739, -1.499999999999999778 ) ) ;
#4398 = CARTESIAN_POINT ( 'NONE',  ( 0.7059895833333368342, -0.03311286507461777551, -1.442646835306588660 ) ) ;
#4399 = CARTESIAN_POINT ( 'NONE',  ( 0.7492187500000001554, 0.06622573014923550938, -1.499999999999999778 ) ) ;
#4400 =( BOUNDED_CURVE ( )  B_SPLINE_CURVE ( 2, ( #453, #3701, #1164, #3271, #2558, #4362, #3725 ),
 .UNSPECIFIED., .F., .F. ) 
 B_SPLINE_CURVE_WITH_KNOTS ( ( 3, 2, 2, 3 ),
 ( 0.5909090909090907173, 0.6060606060606059664, 0.6212121212121212155, 0.6363636363636364646 ),
 .UNSPECIFIED. ) 
 CURVE ( )  GEOMETRIC_REPRESENTATION_ITEM ( )  RATIONAL_B_SPLINE_CURVE ( ( 1.000000000000001998, 0.8660254037844368202, 1.000000000000000000, 0.8660254037844388186, 1.000000000000000000, 0.8660254037844378194, 1.000000000000000888 ) ) 
 REPRESENTATION_ITEM ( '' )  );
#4401 = CARTESIAN_POINT ( 'NONE',  ( 0.7489583333333352799, -0.03443492261192354631, -1.519881011839518070 ) ) ;
#4402 = CARTESIAN_POINT ( 'NONE',  ( 0.8437500000000005551, 0.000000000000000000, -1.578124999999999778 ) ) ;
#4403 = CARTESIAN_POINT ( 'NONE',  ( 0.8541666666666687391, -0.02295661507461569176, 1.460237976320964304 ) ) ;
#4404 = CARTESIAN_POINT ( 'NONE',  ( 0.8020833333333331483, 0.04849742261192777765, 1.528000000000000247 ) ) ;
#4405 = CARTESIAN_POINT ( 'NONE',  ( 0.7645833333333350579, 0.03443492261192353937, -1.480118988160481708 ) ) ;
#4406 = ORIENTED_EDGE ( 'NONE', *, *, #37, .F. ) ;
#4407 = EDGE_CURVE ( 'NONE', #1106, #4334, #761, .T. ) ;
#4408 = CARTESIAN_POINT ( 'NONE',  ( 0.7739583333333379667, 0.04849742261192769438, 1.528000000000000025 ) ) ;
#4409 = CARTESIAN_POINT ( 'NONE',  ( 0.8239583333333357906, -0.03443492261192354631, 1.480118988160482152 ) ) ;
#4410 = ORIENTED_EDGE ( 'NONE', *, *, #1224, .F. ) ;
#4411 = CARTESIAN_POINT ( 'NONE',  ( 0.04687500000000024286, 0.000000000000000000, -1.578125000000000444 ) ) ;
#4412 = CARTESIAN_POINT ( 'NONE',  ( 0.8281250000000019984, 0.000000000000000000, -1.539762023679035918 ) ) ;
#4413 = CARTESIAN_POINT ( 'NONE',  ( 0.6226562500000039080, 0.06622573014923550938, 1.500000000000000444 ) ) ;
#4414 = AXIS2_PLACEMENT_3D ( 'NONE', #4132, #3825, #1342 ) ;
#4415 = CARTESIAN_POINT ( 'NONE',  ( 0.5937500000000007772, 0.000000000000000000, -1.555999999999999162 ) ) ;
#4416 = CARTESIAN_POINT ( 'NONE',  ( 0.6208333333333354576, -0.02295661507461571257, 1.539762023679036584 ) ) ;
#4417 = VERTEX_POINT ( 'NONE', #3973 ) ;
#4418 = COORDINATED_UNIVERSAL_TIME_OFFSET ( 6, 0, .BEHIND. ) ;
#4419 = CARTESIAN_POINT ( 'NONE',  ( 0.7333333333333352799, 0.02295661507461572298, 1.460237976320964304 ) ) ;
#4420 = ADVANCED_FACE ( 'NONE', ( #400 ), #2204, .T. ) ;
#4421 = CARTESIAN_POINT ( 'NONE',  ( -0.07812499999999986122, 0.000000000000000000, -1.375000000000000444 ) ) ;
#4422 = CARTESIAN_POINT ( 'NONE',  ( 0.6197916666666686281, -0.03443492261192355325, -1.480118988160481930 ) ) ;
#4423 = CARTESIAN_POINT ( 'NONE',  ( 0.6958333333333351911, -0.02295661507461571257, -1.460237976320963860 ) ) ;
#4424 = CARTESIAN_POINT ( 'NONE',  ( 0.6643229166666700936, -0.03311286507461774081, -1.557353164693410674 ) ) ;
#4425 = CARTESIAN_POINT ( 'NONE',  ( 0.8218750000000045741, 0.06466323014923693047, 1.500000000000000444 ) ) ;
#4426 = CARTESIAN_POINT ( 'NONE',  ( 0.7885416666666685837, 0.02295661507461568829, -1.460237976320963860 ) ) ;
#4427 = CARTESIAN_POINT ( 'NONE',  ( 0.7270833333333324155, 0.04849742261192812459, -1.471999999999999975 ) ) ;
#4428 = CARTESIAN_POINT ( 'NONE',  ( 0.6906250000000045963, 0.000000000000000000, -1.555999999999999162 ) ) ;
#4429 = DIRECTION ( 'NONE',  ( 0.7071067811865462405, 0.000000000000000000, -0.7071067811865486830 ) ) ;
#4430 = CARTESIAN_POINT ( 'NONE',  ( 0.8125000000000015543, 0.04591323014923139739, -1.499999999999999778 ) ) ;
#4431 = ORIENTED_EDGE ( 'NONE', *, *, #3351, .T. ) ;
#4432 = FACE_OUTER_BOUND ( 'NONE', #3067, .T. ) ;
#4433 = CARTESIAN_POINT ( 'NONE',  ( 0.6054687500000005551, -7.023736956275672060E-18, 1.557353164693411340 ) ) ;
#4434 = ORIENTED_EDGE ( 'NONE', *, *, #3759, .F. ) ;
#4435 = CARTESIAN_POINT ( 'NONE',  ( 0.7929687500000005551, 0.000000000000000000, 1.442646835306589326 ) ) ;
#4436 = CARTESIAN_POINT ( 'NONE',  ( 0.7781250000000019540, 0.000000000000000000, -1.539762023679035918 ) ) ;
#4437 = CARTESIAN_POINT ( 'NONE',  ( 0.7059895833333372783, -0.03311286507461777551, 1.557353164693411340 ) ) ;
#4438 = CARTESIAN_POINT ( 'NONE',  ( 0.6562500000000019984, 0.000000000000000000, 1.460237976320964304 ) ) ;
#4439 = CYLINDRICAL_SURFACE ( 'NONE', #4495, 0.05599999999999880074 ) ;
#4440 = CYLINDRICAL_SURFACE ( 'NONE', #4152, 0.05599999999999880074 ) ;
#4441 = ORIENTED_EDGE ( 'NONE', *, *, #385, .T. ) ;
#4442 = EDGE_CURVE ( 'NONE', #1245, #2620, #1830, .T. ) ;
#4443 = CARTESIAN_POINT ( 'NONE',  ( 0.8104166666666687835, 0.03443492261192356713, 1.480118988160482596 ) ) ;
#4444 = FACE_OUTER_BOUND ( 'NONE', #1393, .T. ) ;
#4445 = CARTESIAN_POINT ( 'NONE',  ( 0.6510416666666686281, -0.02295661507461569523, -1.539762023679035918 ) ) ;
#4446 = CARTESIAN_POINT ( 'NONE',  ( 0.6895833333333349913, 0.03443492261192353937, -1.480118988160481708 ) ) ;
#4447 = VERTEX_POINT ( 'NONE', #2225 ) ;
#4448 = CARTESIAN_POINT ( 'NONE',  ( 0.6601562500000034417, -0.06622573014923550938, -1.499999999999999778 ) ) ;
#4449 = CARTESIAN_POINT ( 'NONE',  ( 0.8117187500000003775, -0.06622573014923550938, -1.499999999999999778 ) ) ;
#4450 = CARTESIAN_POINT ( 'NONE',  ( 0.8156250000000020428, -4.869443502615268820E-18, -1.460237976320963860 ) ) ;
#4451 = CARTESIAN_POINT ( 'NONE',  ( 0.6947916666666712482, 0.04849742261192820092, -1.527999999999999581 ) ) ;
#4452 = LINE ( 'NONE', #1251, #1135 ) ;
#4453 = DIRECTION ( 'NONE',  ( 0.000000000000000000, 0.000000000000000000, -1.000000000000000000 ) ) ;
#4454 = CARTESIAN_POINT ( 'NONE',  ( 0.8500000000000017542, -0.04591323014923139739, -1.499999999999999778 ) ) ;
#4455 = AXIS2_PLACEMENT_3D ( 'NONE', #2811, #4599, #285 ) ;
#4456 = ORIENTED_EDGE ( 'NONE', *, *, #3632, .T. ) ;
#4457 = VECTOR ( 'NONE', #1813, 39.37007874015748143 ) ;
#4458 = CARTESIAN_POINT ( 'NONE',  ( 0.6406250000000045519, 0.000000000000000000, 1.444000000000001283 ) ) ;
#4459 = CARTESIAN_POINT ( 'NONE',  ( 0.8302083333333356574, 0.02295661507461572298, 1.460237976320964304 ) ) ;
#4460 = ORIENTED_EDGE ( 'NONE', *, *, #2117, .F. ) ;
#4461 = CARTESIAN_POINT ( 'NONE',  ( 0.7406250000000045297, 0.000000000000000000, -1.555999999999999162 ) ) ;
#4462 = CARTESIAN_POINT ( 'NONE',  ( 0.6843750000000018430, 0.04591323014923139739, -1.499999999999999778 ) ) ;
#4463 = AXIS2_PLACEMENT_3D ( 'NONE', #2027, #1586, #239 ) ;
#4464 = CARTESIAN_POINT ( 'NONE',  ( 0.7520833333333325488, 0.04849742261192812459, -1.471999999999999975 ) ) ;
#4465 = FACE_OUTER_BOUND ( 'NONE', #1927, .T. ) ;
#4466 = CARTESIAN_POINT ( 'NONE',  ( 0.8114583333333356130, 0.03443492261192353937, 1.519881011839518514 ) ) ;
#4467 = ORIENTED_EDGE ( 'NONE', *, *, #4627, .F. ) ;
#4468 = CARTESIAN_POINT ( 'NONE',  ( 0.7354166666666687169, 0.03443492261192356713, 1.480118988160482596 ) ) ;
#4469 = CARTESIAN_POINT ( 'NONE',  ( 0.8031250000000047518, -6.858022075225057234E-18, 1.555999999999999162 ) ) ;
#4470 = EDGE_CURVE ( 'NONE', #3380, #1909, #717, .T. ) ;
#4471 = CARTESIAN_POINT ( 'NONE',  ( 0.6989583333333353465, -0.03443492261192354631, -1.519881011839518070 ) ) ;
#4472 = CARTESIAN_POINT ( 'NONE',  ( 0.8237938788696920200, -0.03926800010397764329, 1.511509876066363223 ) ) ;
#4473 = ORIENTED_EDGE ( 'NONE', *, *, #1717, .T. ) ;
#4474 = CARTESIAN_POINT ( 'NONE',  ( 0.7455729166666701380, 0.04966929761192666326, -1.528676582346705226 ) ) ;
#4475 =( BOUNDED_CURVE ( )  B_SPLINE_CURVE ( 2, ( #4063, #3384, #3436, #3332, #870, #2661, #1250 ),
 .UNSPECIFIED., .F., .F. ) 
 B_SPLINE_CURVE_WITH_KNOTS ( ( 3, 2, 2, 3 ),
 ( 0.7272727272727266268, 0.7424242424242420979, 0.7575757575757574580, 0.7727272727272729291 ),
 .UNSPECIFIED. ) 
 CURVE ( )  GEOMETRIC_REPRESENTATION_ITEM ( )  RATIONAL_B_SPLINE_CURVE ( ( 1.000000000000005995, 0.8660254037844328234, 1.000000000000000000, 0.8660254037844387076, 1.000000000000000000, 0.8660254037844367092, 1.000000000000001998 ) ) 
 REPRESENTATION_ITEM ( '' )  );
#4476 = CARTESIAN_POINT ( 'NONE',  ( 0.8156250000000044853, 0.000000000000000000, 1.444000000000001283 ) ) ;
#4477 = CARTESIAN_POINT ( 'NONE',  ( 0.7906250000000020206, -4.869443502615268820E-18, -1.460237976320963860 ) ) ;
#4478 = FACE_OUTER_BOUND ( 'NONE', #1284, .T. ) ;
#4479 = CARTESIAN_POINT ( 'NONE',  ( 0.6781250000000045297, -6.858022075225123486E-18, -1.444000000000000172 ) ) ;
#4480 = DIRECTION ( 'NONE',  ( 0.000000000000000000, 0.000000000000000000, -1.000000000000000000 ) ) ;
#4481 = CARTESIAN_POINT ( 'NONE',  ( 0.7791666666666684504, -0.02295661507461569176, -1.539762023679035918 ) ) ;
#4482 = ADVANCED_FACE ( 'NONE', ( #2551 ), #1448, .F. ) ;
#4483 = DIRECTION ( 'NONE',  ( -1.000000000000000000, -0.000000000000000000, -0.000000000000000000 ) ) ;
#4484 = CARTESIAN_POINT ( 'NONE',  ( 0.6075520833333339921, -0.03311286507461777551, 1.557353164693411340 ) ) ;
#4485 = VERTEX_POINT ( 'NONE', #3242 ) ;
#4486 = CARTESIAN_POINT ( 'NONE',  ( 0.8388020833333339477, -0.04966929761192663551, 1.471323417653294996 ) ) ;
#4487 = CARTESIAN_POINT ( 'NONE',  ( 0.6114583333333353243, 0.03443492261192353937, -1.480118988160481708 ) ) ;
#4488 = EDGE_CURVE ( 'NONE', #1510, #1245, #2045, .T. ) ;
#4489 = FACE_OUTER_BOUND ( 'NONE', #2681, .T. ) ;
#4490 = CARTESIAN_POINT ( 'NONE',  ( 0.6916666666666687613, 0.02295661507461568829, 1.539762023679036584 ) ) ;
#4491 = CARTESIAN_POINT ( 'NONE',  ( 0.8437500000000005551, 0.000000000000000000, 1.578125000000000444 ) ) ;
#4492 = CARTESIAN_POINT ( 'NONE',  ( 0.5937500000000007772, 6.858022075225043367E-18, 1.555999999999999162 ) ) ;
#4493 = CARTESIAN_POINT ( 'NONE',  ( 0.6583333333333353243, 0.02295661507461572298, 1.460237976320964304 ) ) ;
#4494 = CARTESIAN_POINT ( 'NONE',  ( 0.7916666666666666297, -0.03233161507461854850, 1.444000000000001060 ) ) ;
#4495 = AXIS2_PLACEMENT_3D ( 'NONE', #2649, #1188, #431 ) ;
#4496 = DIRECTION ( 'NONE',  ( 0.000000000000000000, 0.000000000000000000, -1.000000000000000000 ) ) ;
#4498 = EDGE_LOOP ( 'NONE', ( #3466, #3443, #3944, #1678 ) ) ;
#4497 = CARTESIAN_POINT ( 'NONE',  ( 0.8520833333333350801, -0.03443492261192354631, -1.519881011839518070 ) ) ;
#4499 = CARTESIAN_POINT ( 'NONE',  ( 0.5937500000000005551, 0.03923523907587229964, -1.539957427528191980 ) ) ;
#4500 = CARTESIAN_POINT ( 'NONE',  ( 0.7802083333333352799, 0.02295661507461572298, -1.539762023679035918 ) ) ;
#4501 = CARTESIAN_POINT ( 'NONE',  ( 0.6177083333333378556, 0.03233161507461818074, 1.444000000000001283 ) ) ;
#4502 = CARTESIAN_POINT ( 'NONE',  ( 0.7145833333333351245, 0.03443492261192353937, -1.480118988160481708 ) ) ;
#4503 = CARTESIAN_POINT ( 'NONE',  ( 0.7072916666666713148, -0.04849742261192770826, 1.527999999999999581 ) ) ;
#4504 = CARTESIAN_POINT ( 'NONE',  ( 0.7833333333333324378, -0.03233161507461904810, -1.444000000000001060 ) ) ;
#4505 = DIRECTION ( 'NONE',  ( -1.000000000000000000, 0.000000000000000000, 0.000000000000000000 ) ) ;
#4506 = CARTESIAN_POINT ( 'NONE',  ( 0.8385416666666689611, 0.02295661507461568829, 1.539762023679036584 ) ) ;
#4507 = VERTEX_POINT ( 'NONE', #1653 ) ;
#4508 = FACE_OUTER_BOUND ( 'NONE', #2503, .T. ) ;
#4509 = CARTESIAN_POINT ( 'NONE',  ( 0.7114583333333354132, 0.03443492261192353937, -1.480118988160481708 ) ) ;
#4510 = DIRECTION ( 'NONE',  ( 0.000000000000000000, 0.000000000000000000, -1.000000000000000000 ) ) ;
#4511 = CARTESIAN_POINT ( 'NONE',  ( 0.6020833333333354132, -0.03443492261192354631, 1.480118988160482152 ) ) ;
#4512 = CARTESIAN_POINT ( 'NONE',  ( 0.7822916666666690499, 0.03443492261192356713, 1.480118988160482596 ) ) ;
#4513 = CARTESIAN_POINT ( 'NONE',  ( 0.5937500000000008882, -0.03891705207116553933, -1.531418025146327855 ) ) ;
#4514 = CARTESIAN_POINT ( 'NONE',  ( 0.6041666666666687391, -0.02295661507461569176, 1.460237976320964304 ) ) ;
#4515 = CARTESIAN_POINT ( 'NONE',  ( 0.5937500000000007772, 0.04851880182924431240, 1.509464041883723517 ) ) ;
#4516 = CARTESIAN_POINT ( 'NONE',  ( 0.7906250000000045741, 0.000000000000000000, 1.444000000000001283 ) ) ;
#4517 = CARTESIAN_POINT ( 'NONE',  ( 0.7791666666666687835, -0.02295661507461569523, 1.460237976320964304 ) ) ;
#4519 = VERTEX_POINT ( 'NONE', #2989 ) ;
#4518 = CARTESIAN_POINT ( 'NONE',  ( 0.8145833333333349913, 0.03443492261192353937, -1.480118988160481708 ) ) ;
#4520 = CARTESIAN_POINT ( 'NONE',  ( 0.5955729166666701158, 0.04966929761192666326, -1.528676582346705226 ) ) ;
#4521 = CARTESIAN_POINT ( 'NONE',  ( 0.7052083333333352133, 0.02295661507461572298, -1.539762023679035918 ) ) ;
#4522 = DIRECTION ( 'NONE',  ( 0.000000000000000000, 0.000000000000000000, -1.000000000000000000 ) ) ;
#4523 = CARTESIAN_POINT ( 'NONE',  ( 0.6666666666666684060, 0.02295661507461568829, -1.460237976320963860 ) ) ;
#4524 = CARTESIAN_POINT ( 'NONE',  ( 0.7822916666666711594, -0.04849742261192818704, -1.471999999999999975 ) ) ;
#4525 = CARTESIAN_POINT ( 'NONE',  ( 0.6979166666666684060, -0.03443492261192355325, -1.480118988160481930 ) ) ;
#4526 = CARTESIAN_POINT ( 'NONE',  ( 0.8410436706131757534, 0.000000000000000000, -1.499999999999999778 ) ) ;
#4527 =( BOUNDED_CURVE ( )  B_SPLINE_CURVE ( 2, ( #702, #4226, #3166, #2105, #4607, #1411, #2820 ),
 .UNSPECIFIED., .F., .F. ) 
 B_SPLINE_CURVE_WITH_KNOTS ( ( 3, 2, 2, 3 ),
 ( 0.4090909090909089496, 0.4242424242424241987, 0.4393939393939393923, 0.4545454545454546413 ),
 .UNSPECIFIED. ) 
 CURVE ( )  GEOMETRIC_REPRESENTATION_ITEM ( )  RATIONAL_B_SPLINE_CURVE ( ( 1.000000000000001554, 0.8660254037844373753, 1.000000000000000000, 0.8660254037844387076, 1.000000000000000000, 0.8660254037844377084, 1.000000000000000888 ) ) 
 REPRESENTATION_ITEM ( '' )  );
#4528 = CARTESIAN_POINT ( 'NONE',  ( 0.6593750000000022649, 0.04591323014923139739, 1.500000000000000444 ) ) ;
#4529 = ADVANCED_FACE ( 'NONE', ( #1227 ), #873, .F. ) ;
#4530 = ORIENTED_EDGE ( 'NONE', *, *, #3932, .F. ) ;
#4531 = CARTESIAN_POINT ( 'NONE',  ( 0.7302083333333380111, -0.03233161507461900647, -1.444000000000000838 ) ) ;
#4532 = CARTESIAN_POINT ( 'NONE',  ( 0.6447916666666686503, -0.03443492261192355325, -1.480118988160481930 ) ) ;
#4533 = DIRECTION ( 'NONE',  ( 1.000000000000000000, -0.000000000000000000, -0.000000000000000000 ) ) ;
#4534 = VECTOR ( 'NONE', #793, 39.37007874015748143 ) ;
#4535 = CARTESIAN_POINT ( 'NONE',  ( 0.6312500000000020872, 0.000000000000000000, 1.460237976320964304 ) ) ;
#4536 = VECTOR ( 'NONE', #4215, 39.37007874015748143 ) ;
#4537 = CARTESIAN_POINT ( 'NONE',  ( 0.8316509073172710931, -0.03611356167299593217, 1.470365642976204423 ) ) ;
#4538 = LINE ( 'NONE', #981, #1864 ) ;
#4539 = CARTESIAN_POINT ( 'NONE',  ( 0.6020833333333354132, -0.03443492261192354631, 1.480118988160482152 ) ) ;
#4540 = CYLINDRICAL_SURFACE ( 'NONE', #3615, 0.05599999999999880074 ) ;
#4541 = EDGE_CURVE ( 'NONE', #4334, #72, #3052, .T. ) ;
#4542 = CARTESIAN_POINT ( 'NONE',  ( 0.5947916666666686059, -0.03443492261192355325, -1.480118988160481930 ) ) ;
#4543 = DIRECTION ( 'NONE',  ( 0.000000000000000000, 0.000000000000000000, -1.000000000000000000 ) ) ;
#4545 = ORIENTED_EDGE ( 'NONE', *, *, #926, .T. ) ;
#4544 = CARTESIAN_POINT ( 'NONE',  ( 0.7520833333333349913, -0.03443492261192354631, -1.519881011839518070 ) ) ;
#4546 = CARTESIAN_POINT ( 'NONE',  ( 0.5937500000000008882, 0.03566524100447057699, -1.470682095880438300 ) ) ;
#4547 = ADVANCED_FACE ( 'NONE', ( #3416 ), #457, .F. ) ;
#4548 = CARTESIAN_POINT ( 'NONE',  ( 0.7239583333333352577, -0.03443492261192354631, -1.519881011839518070 ) ) ;
#4549 = CARTESIAN_POINT ( 'NONE',  ( 0.8531250000000023537, 0.000000000000000000, 1.460237976320964304 ) ) ;
#4550 = CARTESIAN_POINT ( 'NONE',  ( 0.6979166666666684060, -0.03443492261192355325, -1.480118988160481930 ) ) ;
#4551 = DIRECTION ( 'NONE',  ( 1.000000000000000000, -0.000000000000000000, -0.000000000000000000 ) ) ;
#4552 = CARTESIAN_POINT ( 'NONE',  ( 0.7270833333333349691, -0.03443492261192354631, -1.519881011839518070 ) ) ;
#4553 = CARTESIAN_POINT ( 'NONE',  ( 0.8416666666666687835, 0.02295661507461568829, 1.539762023679036584 ) ) ;
#4554 = CARTESIAN_POINT ( 'NONE',  ( 0.8348347322407192461, -6.097646424831791893E-18, -1.450208938372457679 ) ) ;
#4555 = CARTESIAN_POINT ( 'NONE',  ( 0.6552083333333356130, 0.02295661507461572298, 1.460237976320964304 ) ) ;
#4556 = ORIENTED_EDGE ( 'NONE', *, *, #1979, .T. ) ;
#4557 = CARTESIAN_POINT ( 'NONE',  ( 0.7575520833333340143, -0.03311286507461777551, 1.557353164693411340 ) ) ;
#4558 = CARTESIAN_POINT ( 'NONE',  ( 0.6364583333333353465, 0.03443492261192353937, -1.480118988160481708 ) ) ;
#4559 = CARTESIAN_POINT ( 'NONE',  ( 0.5937500000000007772, 6.858022075225043367E-18, 1.555999999999999162 ) ) ;
#4560 = CARTESIAN_POINT ( 'NONE',  ( 0.6531250000000046185, -6.858022075225057234E-18, 1.555999999999999162 ) ) ;
#4561 = CARTESIAN_POINT ( 'NONE',  ( 0.7135416666666689611, 0.02295661507461568829, 1.539762023679036584 ) ) ;
#4562 = ORIENTED_EDGE ( 'NONE', *, *, #2584, .F. ) ;
#4563 = CARTESIAN_POINT ( 'NONE',  ( 0.6354166666666688501, 0.03443492261192356713, 1.480118988160482596 ) ) ;
#4564 = CARTESIAN_POINT ( 'NONE',  ( 0.5937500000000035527, 0.009537848926495486046, 1.541261231975671109 ) ) ;
#4565 = CARTESIAN_POINT ( 'NONE',  ( 0.7968750000000045519, 0.06466323014923693047, 1.500000000000000444 ) ) ;
#4566 = DIRECTION ( 'NONE',  ( -1.000000000000000000, 0.000000000000000000, 1.821231995776185340E-16 ) ) ;
#4568 = VERTEX_POINT ( 'NONE', #2088 ) ;
#4567 = CARTESIAN_POINT ( 'NONE',  ( 0.7645833333333350579, 0.03443492261192353937, -1.480118988160481708 ) ) ;
#4569 = DIRECTION ( 'NONE',  ( 0.000000000000000000, 0.000000000000000000, -1.000000000000000000 ) ) ;
#4570 = CARTESIAN_POINT ( 'NONE',  ( 0.6614583333333353687, 0.03443492261192353937, -1.480118988160481708 ) ) ;
#4571 = CARTESIAN_POINT ( 'NONE',  ( 0.8114583333333356130, 0.03443492261192353937, 1.519881011839518514 ) ) ;
#4572 = CARTESIAN_POINT ( 'NONE',  ( 0.6687500000000017319, -4.869443502615268820E-18, -1.460237976320963860 ) ) ;
#4573 = CARTESIAN_POINT ( 'NONE',  ( 0.7687499999999998224, 0.000000000000000000, 1.444000000000001283 ) ) ;
#4574 = CARTESIAN_POINT ( 'NONE',  ( 0.6562500000000016653, 0.000000000000000000, -1.539762023679035918 ) ) ;
#4575 = CARTESIAN_POINT ( 'NONE',  ( 0.8020833333333354798, -0.03443492261192354631, 1.480118988160482152 ) ) ;
#4576 = CARTESIAN_POINT ( 'NONE',  ( 0.7781250000000045075, -6.858022075225123486E-18, -1.444000000000000172 ) ) ;
#4577 = CARTESIAN_POINT ( 'NONE',  ( 0.7197916666666690499, -0.03443492261192355325, 1.519881011839518292 ) ) ;
#4578 = ORIENTED_EDGE ( 'NONE', *, *, #3566, .F. ) ;
#4579 = CARTESIAN_POINT ( 'NONE',  ( 0.7221354166666672514, 0.04966929761192666326, 1.471323417653294996 ) ) ;
#4580 = CARTESIAN_POINT ( 'NONE',  ( 0.5906250000000019540, -4.869443502615268820E-18, -1.460237976320963860 ) ) ;
#4581 = CARTESIAN_POINT ( 'NONE',  ( 0.7104166666666664742, -0.04849742261192779152, 1.528000000000000247 ) ) ;
#4582 = CARTESIAN_POINT ( 'NONE',  ( 0.6281250000000044853, -6.858022075225123486E-18, -1.444000000000000172 ) ) ;
#4583 = CARTESIAN_POINT ( 'NONE',  ( 0.6322916666666691388, 0.03443492261192356713, 1.480118988160482596 ) ) ;
#4584 = CARTESIAN_POINT ( 'NONE',  ( 0.7062499999999998224, -6.858022075225068789E-18, 1.555999999999999384 ) ) ;
#4585 = CARTESIAN_POINT ( 'NONE',  ( 0.6083333333333353909, 0.02295661507461572298, 1.460237976320964304 ) ) ;
#4586 = CARTESIAN_POINT ( 'NONE',  ( 0.7656250000000044409, 0.000000000000000000, -1.555999999999999162 ) ) ;
#4587 = CARTESIAN_POINT ( 'NONE',  ( 0.6979166666666687391, -0.03443492261192355325, 1.519881011839518292 ) ) ;
#4589 = ORIENTED_EDGE ( 'NONE', *, *, #1775, .F. ) ;
#4588 = CARTESIAN_POINT ( 'NONE',  ( 0.5781250000000019984, 0.000000000000000000, -1.539762023679035918 ) ) ;
#4590 = CARTESIAN_POINT ( 'NONE',  ( 0.6101562500000035083, -0.06622573014923550938, -1.499999999999999778 ) ) ;
#4591 = EDGE_CURVE ( 'NONE', #3056, #3323, #44, .T. ) ;
#4592 = CARTESIAN_POINT ( 'NONE',  ( 0.6697916666666686725, -0.03443492261192355325, -1.480118988160481930 ) ) ;
#4593 = CARTESIAN_POINT ( 'NONE',  ( 0.7718750000000023093, -0.04591323014923139739, 1.500000000000000444 ) ) ;
#4594 = CARTESIAN_POINT ( 'NONE',  ( 0.6270833333333349913, -0.03443492261192354631, -1.519881011839518070 ) ) ;
#4595 = CARTESIAN_POINT ( 'NONE',  ( 0.7604166666666682950, 0.03443492261192356713, -1.519881011839517626 ) ) ;
#4596 = CARTESIAN_POINT ( 'NONE',  ( 0.7416666666666684726, 0.02295661507461568829, -1.460237976320963860 ) ) ;
#4597 = EDGE_CURVE ( 'NONE', #1909, #1503, #14, .T. ) ;
#4598 = CARTESIAN_POINT ( 'NONE',  ( 0.7208333333333355464, -0.02295661507461571257, 1.539762023679036584 ) ) ;
#4599 = DIRECTION ( 'NONE',  ( 1.000000000000000000, -0.000000000000000000, -0.000000000000000000 ) ) ;
#4600 = CARTESIAN_POINT ( 'NONE',  ( 0.6385416666666690055, 0.02295661507461568829, 1.539762023679036584 ) ) ;
#4601 = EDGE_LOOP ( 'NONE', ( #2902, #2552, #1691, #4084 ) ) ;
#4602 = CARTESIAN_POINT ( 'NONE',  ( 0.6763020833333339699, 0.04966929761192662163, 1.528676582346705892 ) ) ;
#4603 = DIRECTION ( 'NONE',  ( 1.000000000000000000, -0.000000000000000000, -0.000000000000000000 ) ) ;
#4604 = EDGE_CURVE ( 'NONE', #156, #2575, #2901, .T. ) ;
#4605 = CARTESIAN_POINT ( 'NONE',  ( 0.6052083333333379001, -0.03233161507461854850, 1.555999999999999162 ) ) ;
#4606 = CARTESIAN_POINT ( 'NONE',  ( 0.6468750000000024203, -0.04591323014923139739, 1.500000000000000444 ) ) ;
#4607 = CARTESIAN_POINT ( 'NONE',  ( 0.7447916666666710706, 0.04849742261192820092, -1.527999999999999581 ) ) ;
#4608 = CIRCLE ( 'NONE', #861, 0.07812500000000013878 ) ;
#4609 = CARTESIAN_POINT ( 'NONE',  ( 0.7705729166666704932, 0.04966929761192666326, 1.471323417653294996 ) ) ;
#4610 = CIRCLE ( 'NONE', #3240, 0.2031249999999997502 ) ;
#4611 = CARTESIAN_POINT ( 'NONE',  ( 0.7999999999999991562, 0.06466323014923751333, -1.499999999999999778 ) ) ;
#4612 = CARTESIAN_POINT ( 'NONE',  ( 0.6520833333333354576, -0.03443492261192354631, 1.480118988160482152 ) ) ;
#4614 = ORIENTED_EDGE ( 'NONE', *, *, #2803, .T. ) ;
#4613 = ORIENTED_EDGE ( 'NONE', *, *, #526, .F. ) ;
#4615 = COORDINATED_UNIVERSAL_TIME_OFFSET ( 6, 0, .BEHIND. ) ;
#4616 = LOCAL_TIME ( 9, 17, 47.00000000000000000, #4615 ) ;
#4617 = CARTESIAN_POINT ( 'NONE',  ( 0.6593750000000020428, 0.04591323014923139739, -1.499999999999999778 ) ) ;
#4618 = CARTESIAN_POINT ( 'NONE',  ( 0.7614583333333356796, 0.03443492261192353937, 1.519881011839518514 ) ) ;
#4619 = CARTESIAN_POINT ( 'NONE',  ( 0.5937500000000007772, 6.858022075225043367E-18, 1.555999999999999162 ) ) ;
#4620 = CARTESIAN_POINT ( 'NONE',  ( 0.6406250000000044409, 0.000000000000000000, -1.555999999999999162 ) ) ;
#4621 = CARTESIAN_POINT ( 'NONE',  ( 0.6000000000000016431, -0.04591323014923139739, -1.499999999999999778 ) ) ;
#4622 = AXIS2_PLACEMENT_3D ( 'NONE', #2247, #4064, #4115 ) ;
#4623 = CARTESIAN_POINT ( 'NONE',  ( 0.7750000000000021316, -0.04591323014923139739, 1.500000000000000444 ) ) ;
#4624 = CARTESIAN_POINT ( 'NONE',  ( 0.6947916666666690277, -0.03443492261192355325, 1.519881011839518292 ) ) ;
#4625 = VERTEX_POINT ( 'NONE', #3806 ) ;
#4626 = CARTESIAN_POINT ( 'NONE',  ( 0.6513020833333339477, 0.04966929761192662163, 1.528676582346705892 ) ) ;
#4627 = EDGE_CURVE ( 'NONE', #1025, #865, #1269, .T. ) ;
#4628 = CARTESIAN_POINT ( 'NONE',  ( 0.6687499999999990674, 0.000000000000000000, -1.555999999999999384 ) ) ;
#4629 =( BOUNDED_CURVE ( )  B_SPLINE_CURVE ( 2, ( #2403, #3444, #1332, #4147, #1657, #2741, #4096 ),
 .UNSPECIFIED., .F., .F. ) 
 B_SPLINE_CURVE_WITH_KNOTS ( ( 3, 2, 2, 3 ),
 ( 0.09090909090909092549, 0.1060606060606060774, 0.1212121212121212294, 0.1363636363636363813 ),
 .UNSPECIFIED. ) 
 CURVE ( )  GEOMETRIC_REPRESENTATION_ITEM ( )  RATIONAL_B_SPLINE_CURVE ( ( 1.000000000000000000, 0.8660254037844385966, 1.000000000000000000, 0.8660254037844387076, 1.000000000000000000, 0.8660254037844384856, 1.000000000000000222 ) ) 
 REPRESENTATION_ITEM ( '' )  );
#4630 = EDGE_CURVE ( 'NONE', #865, #2109, #3979, .T. ) ;
#4631 = CARTESIAN_POINT ( 'NONE',  ( 0.6927083333333357018, -0.02295661507461571257, 1.539762023679036584 ) ) ;
#4632 = CARTESIAN_POINT ( 'NONE',  ( 0.6854166666666665630, -0.04849742261192779152, 1.528000000000000247 ) ) ;
#4633 = CARTESIAN_POINT ( 'NONE',  ( 0.8351562500000039302, -0.06622573014923550938, 1.500000000000000444 ) ) ;
#4634 = CARTESIAN_POINT ( 'NONE',  ( 0.7197916666666712704, 0.04849742261192773601, 1.472000000000000863 ) ) ;
#4635 = APPROVAL ( #3349, 'UNSPECIFIED' ) ;
#4636 = CARTESIAN_POINT ( 'NONE',  ( 0.7281250000000045741, -6.858022075225123486E-18, -1.444000000000000172 ) ) ;
#4637 = CARTESIAN_POINT ( 'NONE',  ( 0.7166666666666687835, 0.02295661507461568829, 1.539762023679036584 ) ) ;
#4638 = ORIENTED_EDGE ( 'NONE', *, *, #2627, .T. ) ;
ENDSEC;
END-ISO-10303-21;
