ISO-10303-21;
HEADER;
FILE_DESCRIPTION(('FreeCAD Model'),'2;1');
FILE_NAME('Open CASCADE Shape Model','2026-08-29T23:18:23',(''),(''),
  'Open CASCADE STEP processor 7.8','FreeCAD','Unknown');
FILE_SCHEMA(('AUTOMOTIVE_DESIGN { 1 0 10303 214 1 1 1 1 }'));
ENDSEC;
DATA;
#1 = APPLICATION_PROTOCOL_DEFINITION('international standard',
  'automotive_design',2000,#2);
#2 = APPLICATION_CONTEXT(
  'core data for automotive mechanical design processes');
#3 = SHAPE_DEFINITION_REPRESENTATION(#4,#10);
#4 = PRODUCT_DEFINITION_SHAPE('','',#5);
#5 = PRODUCT_DEFINITION('design','',#6,#9);
#6 = PRODUCT_DEFINITION_FORMATION('','',#7);
#7 = PRODUCT('HW-C2-DCLMH-450-PRINTED-A','HW-C2-DCLMH-450-PRINTED-A','',
  (#8));
#8 = PRODUCT_CONTEXT('',#2,'mechanical');
#9 = PRODUCT_DEFINITION_CONTEXT('part definition',#2,'design');
#10 = ADVANCED_BREP_SHAPE_REPRESENTATION('',(#11,#15),#7612);
#11 = AXIS2_PLACEMENT_3D('',#12,#13,#14);
#12 = CARTESIAN_POINT('',(0.,0.,0.));
#13 = DIRECTION('',(0.,0.,1.));
#14 = DIRECTION('',(1.,0.,-0.));
#15 = MANIFOLD_SOLID_BREP('',#16);
#16 = CLOSED_SHELL('',(#17,#56,#85,#131,#187,#226,#281,#304,#327,#399,
    #1433,#1450,#1481,#1499,#1532,#1596,#1634,#1665,#1701,#1955,#1972,
    #1984,#2009,#2033,#2092,#2116,#2134,#2181,#2426,#2450,#2511,#2534,
    #2593,#2616,#2677,#2694,#2718,#2779,#2802,#2861,#2884,#2945,#2962,
    #2986,#3047,#3070,#3129,#3152,#3213,#3230,#3247,#3279,#3341,#3381,
    #3413,#3450,#3515,#3540,#3581,#3605,#3629,#3653,#3695,#3712,#3749,
    #3773,#3804,#3821,#3847,#3871,#3895,#3919,#3938,#3950,#3962,#3979,
    #3996,#4013,#4030,#4047,#4064,#4081,#4098,#4115,#4132,#4149,#4166,
    #4183,#4200,#4217,#4234,#4251,#4300,#4324,#4348,#4372,#4396,#4420,
    #4444,#4468,#4492,#4516,#4540,#4564,#4588,#4612,#4668,#4692,#4716,
    #4740,#4764,#4788,#4812,#4836,#4860,#4884,#4908,#4932,#4956,#4988,
    #5012,#5044,#5068,#5092,#5116,#5133,#5150,#5181,#5205,#5280,#5297,
    #5322,#5353,#5377,#5452,#5469,#5494,#5525,#5549,#5624,#5641,#5658,
    #5670,#5700,#5737,#5778,#5794,#5806,#5822,#5834,#5858,#6115,#6132,
    #6153,#6163,#6184,#6201,#6233,#6265,#6297,#6314,#6331,#6348,#6365,
    #6382,#6399,#6416,#6433,#6450,#6462,#6479,#6496,#6513,#6530,#6547,
    #6564,#6595,#6618,#6640,#6657,#6674,#6710,#6735,#6766,#6789,#6811,
    #6828,#6845,#6881,#6906,#6937,#6960,#6982,#6999,#7016,#7052,#7077,
    #7089,#7106,#7123,#7139,#7151,#7168,#7209,#7221,#7242,#7270,#7287,
    #7321,#7338,#7366,#7383,#7416,#7433,#7461,#7473,#7494,#7515,#7536,
    #7548,#7560,#7572,#7582,#7592,#7602));
#17 = ADVANCED_FACE('',(#18),#51,.T.);
#18 = FACE_BOUND('',#19,.T.);
#19 = EDGE_LOOP('',(#20,#29,#37,#45));
#20 = ORIENTED_EDGE('',*,*,#21,.T.);
#21 = EDGE_CURVE('',#22,#24,#26,.T.);
#22 = VERTEX_POINT('',#23);
#23 = CARTESIAN_POINT('',(-26.09999974996,64.900000750031,4.97273105142)
  );
#24 = VERTEX_POINT('',#25);
#25 = CARTESIAN_POINT('',(-26.10000025003,79.10000075003,4.972728303604)
  );
#26 = B_SPLINE_CURVE_WITH_KNOTS('',1,(#27,#28),.UNSPECIFIED.,.F.,.F.,(2,
    2),(0.,1.),.PIECEWISE_BEZIER_KNOTS.);
#27 = CARTESIAN_POINT('',(-26.1,64.900001,4.972729677509));
#28 = CARTESIAN_POINT('',(-26.1,79.1,4.972729677509));
#29 = ORIENTED_EDGE('',*,*,#30,.T.);
#30 = EDGE_CURVE('',#24,#31,#33,.T.);
#31 = VERTEX_POINT('',#32);
#32 = CARTESIAN_POINT('',(-26.1,79.100001,17.));
#33 = LINE('',#34,#35);
#34 = CARTESIAN_POINT('',(-26.1,79.100001,2.5));
#35 = VECTOR('',#36,1.);
#36 = DIRECTION('',(0.,0.,1.));
#37 = ORIENTED_EDGE('',*,*,#38,.F.);
#38 = EDGE_CURVE('',#39,#31,#41,.T.);
#39 = VERTEX_POINT('',#40);
#40 = CARTESIAN_POINT('',(-26.1,64.900001,17.));
#41 = LINE('',#42,#43);
#42 = CARTESIAN_POINT('',(-26.1,79.5500005,17.));
#43 = VECTOR('',#44,1.);
#44 = DIRECTION('',(0.,1.,0.));
#45 = ORIENTED_EDGE('',*,*,#46,.F.);
#46 = EDGE_CURVE('',#22,#39,#47,.T.);
#47 = LINE('',#48,#49);
#48 = CARTESIAN_POINT('',(-26.1,64.900001,2.5));
#49 = VECTOR('',#50,1.);
#50 = DIRECTION('',(0.,0.,1.));
#51 = PLANE('',#52);
#52 = AXIS2_PLACEMENT_3D('',#53,#54,#55);
#53 = CARTESIAN_POINT('',(-26.1,79.100001,2.5));
#54 = DIRECTION('',(1.,0.,0.));
#55 = DIRECTION('',(0.,-1.,0.));
#56 = ADVANCED_FACE('',(#57),#80,.F.);
#57 = FACE_BOUND('',#58,.F.);
#58 = EDGE_LOOP('',(#59,#69,#74,#75));
#59 = ORIENTED_EDGE('',*,*,#60,.F.);
#60 = EDGE_CURVE('',#61,#63,#65,.T.);
#61 = VERTEX_POINT('',#62);
#62 = CARTESIAN_POINT('',(-27.,64.,2.5));
#63 = VERTEX_POINT('',#64);
#64 = CARTESIAN_POINT('',(-27.,80.,2.5));
#65 = LINE('',#66,#67);
#66 = CARTESIAN_POINT('',(-27.,44.48369534275,2.5));
#67 = VECTOR('',#68,1.);
#68 = DIRECTION('',(0.,1.,0.));
#69 = ORIENTED_EDGE('',*,*,#70,.T.);
#70 = EDGE_CURVE('',#61,#22,#71,.T.);
#71 = B_SPLINE_CURVE_WITH_KNOTS('',1,(#72,#73),.UNSPECIFIED.,.F.,.F.,(2,
    2),(0.,1.),.PIECEWISE_BEZIER_KNOTS.);
#72 = CARTESIAN_POINT('',(-27.,64.,2.5));
#73 = CARTESIAN_POINT('',(-25.9080892972,65.091910702799,5.5));
#74 = ORIENTED_EDGE('',*,*,#21,.T.);
#75 = ORIENTED_EDGE('',*,*,#76,.F.);
#76 = EDGE_CURVE('',#63,#24,#77,.T.);
#77 = B_SPLINE_CURVE_WITH_KNOTS('',1,(#78,#79),.UNSPECIFIED.,.F.,.F.,(2,
    2),(0.,1.),.PIECEWISE_BEZIER_KNOTS.);
#78 = CARTESIAN_POINT('',(-27.,80.,2.5));
#79 = CARTESIAN_POINT('',(-25.9080892972,78.908089297201,5.5));
#80 = B_SPLINE_SURFACE_WITH_KNOTS('',1,1,(
    (#81,#82)
    ,(#83,#84)),.UNSPECIFIED.,.F.,.F.,.F.,(2,2),(2,2),(0.,16.),(0.,1.),
  .PIECEWISE_BEZIER_KNOTS.);
#81 = CARTESIAN_POINT('',(-27.,80.,2.5));
#82 = CARTESIAN_POINT('',(-25.9080892972,78.908089297201,5.5));
#83 = CARTESIAN_POINT('',(-27.,64.,2.5));
#84 = CARTESIAN_POINT('',(-25.9080892972,65.091910702799,5.5));
#85 = ADVANCED_FACE('',(#86),#126,.T.);
#86 = FACE_BOUND('',#87,.T.);
#87 = EDGE_LOOP('',(#88,#95,#96,#104,#112,#120));
#88 = ORIENTED_EDGE('',*,*,#89,.T.);
#89 = EDGE_CURVE('',#90,#22,#92,.T.);
#90 = VERTEX_POINT('',#91);
#91 = CARTESIAN_POINT('',(-20.90000025002,64.900000750028,4.972731051401
    ));
#92 = B_SPLINE_CURVE_WITH_KNOTS('',1,(#93,#94),.UNSPECIFIED.,.F.,.F.,(2,
    2),(0.,1.),.PIECEWISE_BEZIER_KNOTS.);
#93 = CARTESIAN_POINT('',(-20.900001,64.900001,4.972732424987));
#94 = CARTESIAN_POINT('',(-26.099999,64.900001,4.972732424987));
#95 = ORIENTED_EDGE('',*,*,#46,.T.);
#96 = ORIENTED_EDGE('',*,*,#97,.F.);
#97 = EDGE_CURVE('',#98,#39,#100,.T.);
#98 = VERTEX_POINT('',#99);
#99 = CARTESIAN_POINT('',(-25.9,64.900001,17.));
#100 = LINE('',#101,#102);
#101 = CARTESIAN_POINT('',(-32.05,64.900001,17.));
#102 = VECTOR('',#103,1.);
#103 = DIRECTION('',(-1.,0.,0.));
#104 = ORIENTED_EDGE('',*,*,#105,.F.);
#105 = EDGE_CURVE('',#106,#98,#108,.T.);
#106 = VERTEX_POINT('',#107);
#107 = CARTESIAN_POINT('',(-25.9,64.900001,34.));
#108 = LINE('',#109,#110);
#109 = CARTESIAN_POINT('',(-25.9,64.900001,17.36976049063));
#110 = VECTOR('',#111,1.);
#111 = DIRECTION('',(0.,0.,-1.));
#112 = ORIENTED_EDGE('',*,*,#113,.T.);
#113 = EDGE_CURVE('',#106,#114,#116,.T.);
#114 = VERTEX_POINT('',#115);
#115 = CARTESIAN_POINT('',(-20.9,64.900001,34.));
#116 = LINE('',#117,#118);
#117 = CARTESIAN_POINT('',(-26.1,64.900001,34.));
#118 = VECTOR('',#119,1.);
#119 = DIRECTION('',(1.,0.,0.));
#120 = ORIENTED_EDGE('',*,*,#121,.F.);
#121 = EDGE_CURVE('',#90,#114,#122,.T.);
#122 = LINE('',#123,#124);
#123 = CARTESIAN_POINT('',(-20.9,64.900001,2.5));
#124 = VECTOR('',#125,1.);
#125 = DIRECTION('',(0.,0.,1.));
#126 = PLANE('',#127);
#127 = AXIS2_PLACEMENT_3D('',#128,#129,#130);
#128 = CARTESIAN_POINT('',(-26.1,64.900001,2.5));
#129 = DIRECTION('',(0.,1.,0.));
#130 = DIRECTION('',(1.,0.,0.));
#131 = ADVANCED_FACE('',(#132),#182,.T.);
#132 = FACE_BOUND('',#133,.T.);
#133 = EDGE_LOOP('',(#134,#144,#152,#160,#166,#167,#168,#176));
#134 = ORIENTED_EDGE('',*,*,#135,.F.);
#135 = EDGE_CURVE('',#136,#138,#140,.T.);
#136 = VERTEX_POINT('',#137);
#137 = CARTESIAN_POINT('',(-37.,80.,17.));
#138 = VERTEX_POINT('',#139);
#139 = CARTESIAN_POINT('',(-25.9,80.,17.));
#140 = LINE('',#141,#142);
#141 = CARTESIAN_POINT('',(-38.,80.,17.));
#142 = VECTOR('',#143,1.);
#143 = DIRECTION('',(1.,0.,0.));
#144 = ORIENTED_EDGE('',*,*,#145,.T.);
#145 = EDGE_CURVE('',#136,#146,#148,.T.);
#146 = VERTEX_POINT('',#147);
#147 = CARTESIAN_POINT('',(-37.,60.,17.));
#148 = LINE('',#149,#150);
#149 = CARTESIAN_POINT('',(-37.,57.,17.));
#150 = VECTOR('',#151,1.);
#151 = DIRECTION('',(-0.,-1.,-0.));
#152 = ORIENTED_EDGE('',*,*,#153,.F.);
#153 = EDGE_CURVE('',#154,#146,#156,.T.);
#154 = VERTEX_POINT('',#155);
#155 = CARTESIAN_POINT('',(-25.9,60.,17.));
#156 = LINE('',#157,#158);
#157 = CARTESIAN_POINT('',(-21.,60.,17.));
#158 = VECTOR('',#159,1.);
#159 = DIRECTION('',(-1.,-0.,-0.));
#160 = ORIENTED_EDGE('',*,*,#161,.F.);
#161 = EDGE_CURVE('',#98,#154,#162,.T.);
#162 = LINE('',#163,#164);
#163 = CARTESIAN_POINT('',(-25.9,80.,17.));
#164 = VECTOR('',#165,1.);
#165 = DIRECTION('',(0.,-1.,0.));
#166 = ORIENTED_EDGE('',*,*,#97,.T.);
#167 = ORIENTED_EDGE('',*,*,#38,.T.);
#168 = ORIENTED_EDGE('',*,*,#169,.T.);
#169 = EDGE_CURVE('',#31,#170,#172,.T.);
#170 = VERTEX_POINT('',#171);
#171 = CARTESIAN_POINT('',(-25.9,79.100001,17.));
#172 = LINE('',#173,#174);
#173 = CARTESIAN_POINT('',(-29.45,79.100001,17.));
#174 = VECTOR('',#175,1.);
#175 = DIRECTION('',(1.,0.,0.));
#176 = ORIENTED_EDGE('',*,*,#177,.F.);
#177 = EDGE_CURVE('',#138,#170,#178,.T.);
#178 = LINE('',#179,#180);
#179 = CARTESIAN_POINT('',(-25.9,80.,17.));
#180 = VECTOR('',#181,1.);
#181 = DIRECTION('',(0.,-1.,0.));
#182 = PLANE('',#183);
#183 = AXIS2_PLACEMENT_3D('',#184,#185,#186);
#184 = CARTESIAN_POINT('',(-32.82577313687,56.153027215879,17.));
#185 = DIRECTION('',(0.,0.,1.));
#186 = DIRECTION('',(1.,0.,0.));
#187 = ADVANCED_FACE('',(#188),#221,.T.);
#188 = FACE_BOUND('',#189,.T.);
#189 = EDGE_LOOP('',(#190,#197,#205,#213,#219,#220));
#190 = ORIENTED_EDGE('',*,*,#191,.T.);
#191 = EDGE_CURVE('',#24,#192,#194,.T.);
#192 = VERTEX_POINT('',#193);
#193 = CARTESIAN_POINT('',(-20.89999974997,79.100000750028,
    4.972728303614));
#194 = B_SPLINE_CURVE_WITH_KNOTS('',1,(#195,#196),.UNSPECIFIED.,.F.,.F.,
  (2,2),(0.,1.),.PIECEWISE_BEZIER_KNOTS.);
#195 = CARTESIAN_POINT('',(-26.1,79.100001,4.972726930032));
#196 = CARTESIAN_POINT('',(-20.9,79.100001,4.972726930032));
#197 = ORIENTED_EDGE('',*,*,#198,.T.);
#198 = EDGE_CURVE('',#192,#199,#201,.T.);
#199 = VERTEX_POINT('',#200);
#200 = CARTESIAN_POINT('',(-20.9,79.100001,34.));
#201 = LINE('',#202,#203);
#202 = CARTESIAN_POINT('',(-20.9,79.100001,2.5));
#203 = VECTOR('',#204,1.);
#204 = DIRECTION('',(0.,0.,1.));
#205 = ORIENTED_EDGE('',*,*,#206,.T.);
#206 = EDGE_CURVE('',#199,#207,#209,.T.);
#207 = VERTEX_POINT('',#208);
#208 = CARTESIAN_POINT('',(-25.9,79.100001,34.));
#209 = LINE('',#210,#211);
#210 = CARTESIAN_POINT('',(-20.9,79.100001,34.));
#211 = VECTOR('',#212,1.);
#212 = DIRECTION('',(-1.,0.,0.));
#213 = ORIENTED_EDGE('',*,*,#214,.F.);
#214 = EDGE_CURVE('',#170,#207,#215,.T.);
#215 = LINE('',#216,#217);
#216 = CARTESIAN_POINT('',(-25.9,79.100001,17.36976049063));
#217 = VECTOR('',#218,1.);
#218 = DIRECTION('',(0.,0.,1.));
#219 = ORIENTED_EDGE('',*,*,#169,.F.);
#220 = ORIENTED_EDGE('',*,*,#30,.F.);
#221 = PLANE('',#222);
#222 = AXIS2_PLACEMENT_3D('',#223,#224,#225);
#223 = CARTESIAN_POINT('',(-20.9,79.100001,2.5));
#224 = DIRECTION('',(0.,-1.,0.));
#225 = DIRECTION('',(-1.,0.,0.));
#226 = ADVANCED_FACE('',(#227),#276,.F.);
#227 = FACE_BOUND('',#228,.F.);
#228 = EDGE_LOOP('',(#229,#239,#247,#255,#261,#262,#270));
#229 = ORIENTED_EDGE('',*,*,#230,.F.);
#230 = EDGE_CURVE('',#231,#233,#235,.T.);
#231 = VERTEX_POINT('',#232);
#232 = CARTESIAN_POINT('',(-27.,49.,13.));
#233 = VERTEX_POINT('',#234);
#234 = CARTESIAN_POINT('',(-27.,98.,13.));
#235 = LINE('',#236,#237);
#236 = CARTESIAN_POINT('',(-27.,49.,13.));
#237 = VECTOR('',#238,1.);
#238 = DIRECTION('',(0.,1.,0.));
#239 = ORIENTED_EDGE('',*,*,#240,.T.);
#240 = EDGE_CURVE('',#231,#241,#243,.T.);
#241 = VERTEX_POINT('',#242);
#242 = CARTESIAN_POINT('',(-27.,49.,2.5));
#243 = LINE('',#244,#245);
#244 = CARTESIAN_POINT('',(-27.,49.,13.));
#245 = VECTOR('',#246,1.);
#246 = DIRECTION('',(0.,0.,-1.));
#247 = ORIENTED_EDGE('',*,*,#248,.T.);
#248 = EDGE_CURVE('',#241,#249,#251,.T.);
#249 = VERTEX_POINT('',#250);
#250 = CARTESIAN_POINT('',(-27.,52.,2.5));
#251 = LINE('',#252,#253);
#252 = CARTESIAN_POINT('',(-27.,44.48369534275,2.5));
#253 = VECTOR('',#254,1.);
#254 = DIRECTION('',(0.,1.,0.));
#255 = ORIENTED_EDGE('',*,*,#256,.T.);
#256 = EDGE_CURVE('',#249,#61,#257,.T.);
#257 = LINE('',#258,#259);
#258 = CARTESIAN_POINT('',(-27.,44.48369534275,2.5));
#259 = VECTOR('',#260,1.);
#260 = DIRECTION('',(0.,1.,0.));
#261 = ORIENTED_EDGE('',*,*,#60,.T.);
#262 = ORIENTED_EDGE('',*,*,#263,.T.);
#263 = EDGE_CURVE('',#63,#264,#266,.T.);
#264 = VERTEX_POINT('',#265);
#265 = CARTESIAN_POINT('',(-27.,98.,2.5));
#266 = LINE('',#267,#268);
#267 = CARTESIAN_POINT('',(-27.,44.48369534275,2.5));
#268 = VECTOR('',#269,1.);
#269 = DIRECTION('',(0.,1.,0.));
#270 = ORIENTED_EDGE('',*,*,#271,.T.);
#271 = EDGE_CURVE('',#264,#233,#272,.T.);
#272 = LINE('',#273,#274);
#273 = CARTESIAN_POINT('',(-27.,98.,3.647058823529));
#274 = VECTOR('',#275,1.);
#275 = DIRECTION('',(0.,0.,1.));
#276 = PLANE('',#277);
#277 = AXIS2_PLACEMENT_3D('',#278,#279,#280);
#278 = CARTESIAN_POINT('',(-27.,73.205882352941,4.794117647059));
#279 = DIRECTION('',(1.,0.,0.));
#280 = DIRECTION('',(0.,0.,1.));
#281 = ADVANCED_FACE('',(#282),#299,.F.);
#282 = FACE_BOUND('',#283,.F.);
#283 = EDGE_LOOP('',(#284,#291,#297,#298));
#284 = ORIENTED_EDGE('',*,*,#285,.F.);
#285 = EDGE_CURVE('',#286,#192,#288,.T.);
#286 = VERTEX_POINT('',#287);
#287 = CARTESIAN_POINT('',(-20.,80.,2.5));
#288 = B_SPLINE_CURVE_WITH_KNOTS('',1,(#289,#290),.UNSPECIFIED.,.F.,.F.,
  (2,2),(0.,1.),.PIECEWISE_BEZIER_KNOTS.);
#289 = CARTESIAN_POINT('',(-20.,80.,2.5));
#290 = CARTESIAN_POINT('',(-21.09191070279,78.908089297201,5.5));
#291 = ORIENTED_EDGE('',*,*,#292,.T.);
#292 = EDGE_CURVE('',#286,#63,#293,.T.);
#293 = LINE('',#294,#295);
#294 = CARTESIAN_POINT('',(-20.,80.,2.5));
#295 = VECTOR('',#296,1.);
#296 = DIRECTION('',(-1.,0.,0.));
#297 = ORIENTED_EDGE('',*,*,#76,.T.);
#298 = ORIENTED_EDGE('',*,*,#191,.T.);
#299 = B_SPLINE_SURFACE_WITH_KNOTS('',1,1,(
    (#300,#301)
    ,(#302,#303)),.UNSPECIFIED.,.F.,.F.,.F.,(2,2),(2,2),(0.,7.),(0.,1.),
  .PIECEWISE_BEZIER_KNOTS.);
#300 = CARTESIAN_POINT('',(-20.,80.,2.5));
#301 = CARTESIAN_POINT('',(-21.09191070279,78.908089297201,5.5));
#302 = CARTESIAN_POINT('',(-27.,80.,2.5));
#303 = CARTESIAN_POINT('',(-25.9080892972,78.908089297201,5.5));
#304 = ADVANCED_FACE('',(#305),#322,.F.);
#305 = FACE_BOUND('',#306,.F.);
#306 = EDGE_LOOP('',(#307,#308,#316,#321));
#307 = ORIENTED_EDGE('',*,*,#70,.F.);
#308 = ORIENTED_EDGE('',*,*,#309,.T.);
#309 = EDGE_CURVE('',#61,#310,#312,.T.);
#310 = VERTEX_POINT('',#311);
#311 = CARTESIAN_POINT('',(-20.,64.,2.5));
#312 = LINE('',#313,#314);
#313 = CARTESIAN_POINT('',(-27.,64.,2.5));
#314 = VECTOR('',#315,1.);
#315 = DIRECTION('',(1.,0.,0.));
#316 = ORIENTED_EDGE('',*,*,#317,.T.);
#317 = EDGE_CURVE('',#310,#90,#318,.T.);
#318 = B_SPLINE_CURVE_WITH_KNOTS('',1,(#319,#320),.UNSPECIFIED.,.F.,.F.,
  (2,2),(0.,1.),.PIECEWISE_BEZIER_KNOTS.);
#319 = CARTESIAN_POINT('',(-20.,64.,2.5));
#320 = CARTESIAN_POINT('',(-21.09191070279,65.091910702799,5.5));
#321 = ORIENTED_EDGE('',*,*,#89,.T.);
#322 = B_SPLINE_SURFACE_WITH_KNOTS('',1,1,(
    (#323,#324)
    ,(#325,#326)),.UNSPECIFIED.,.F.,.F.,.F.,(2,2),(2,2),(0.,7.),(0.,1.),
  .PIECEWISE_BEZIER_KNOTS.);
#323 = CARTESIAN_POINT('',(-27.,64.,2.5));
#324 = CARTESIAN_POINT('',(-25.9080892972,65.091910702799,5.5));
#325 = CARTESIAN_POINT('',(-20.,64.,2.5));
#326 = CARTESIAN_POINT('',(-21.09191070279,65.091910702799,5.5));
#327 = ADVANCED_FACE('',(#328),#394,.T.);
#328 = FACE_BOUND('',#329,.T.);
#329 = EDGE_LOOP('',(#330,#335,#336,#344,#353,#361,#370,#378,#387,#393)
  );
#330 = ORIENTED_EDGE('',*,*,#331,.T.);
#331 = EDGE_CURVE('',#192,#90,#332,.T.);
#332 = B_SPLINE_CURVE_WITH_KNOTS('',1,(#333,#334),.UNSPECIFIED.,.F.,.F.,
  (2,2),(0.,1.),.PIECEWISE_BEZIER_KNOTS.);
#333 = CARTESIAN_POINT('',(-20.9,79.1,4.972729677509));
#334 = CARTESIAN_POINT('',(-20.9,64.900001,4.972729677509));
#335 = ORIENTED_EDGE('',*,*,#121,.T.);
#336 = ORIENTED_EDGE('',*,*,#337,.T.);
#337 = EDGE_CURVE('',#114,#338,#340,.T.);
#338 = VERTEX_POINT('',#339);
#339 = CARTESIAN_POINT('',(-20.9,69.127718676731,34.));
#340 = LINE('',#341,#342);
#341 = CARTESIAN_POINT('',(-20.9,64.900001,34.));
#342 = VECTOR('',#343,1.);
#343 = DIRECTION('',(0.,1.,0.));
#344 = ORIENTED_EDGE('',*,*,#345,.T.);
#345 = EDGE_CURVE('',#338,#346,#348,.T.);
#346 = VERTEX_POINT('',#347);
#347 = CARTESIAN_POINT('',(-20.9,68.5,32.));
#348 = CIRCLE('',#349,3.5);
#349 = AXIS2_PLACEMENT_3D('',#350,#351,#352);
#350 = CARTESIAN_POINT('',(-20.9,72.,32.));
#351 = DIRECTION('',(1.,0.,0.));
#352 = DIRECTION('',(0.,1.,0.));
#353 = ORIENTED_EDGE('',*,*,#354,.F.);
#354 = EDGE_CURVE('',#355,#346,#357,.T.);
#355 = VERTEX_POINT('',#356);
#356 = CARTESIAN_POINT('',(-20.9,68.5,26.999998787564));
#357 = LINE('',#358,#359);
#358 = CARTESIAN_POINT('',(-20.9,68.5,17.25));
#359 = VECTOR('',#360,1.);
#360 = DIRECTION('',(0.,1.705E-14,1.));
#361 = ORIENTED_EDGE('',*,*,#362,.T.);
#362 = EDGE_CURVE('',#355,#363,#365,.T.);
#363 = VERTEX_POINT('',#364);
#364 = CARTESIAN_POINT('',(-20.9,75.5,26.999998787564));
#365 = CIRCLE('',#366,3.5);
#366 = AXIS2_PLACEMENT_3D('',#367,#368,#369);
#367 = CARTESIAN_POINT('',(-20.9,72.,26.999998787564));
#368 = DIRECTION('',(1.,0.,0.));
#369 = DIRECTION('',(0.,1.,0.));
#370 = ORIENTED_EDGE('',*,*,#371,.T.);
#371 = EDGE_CURVE('',#363,#372,#374,.T.);
#372 = VERTEX_POINT('',#373);
#373 = CARTESIAN_POINT('',(-20.9,75.5,32.));
#374 = LINE('',#375,#376);
#375 = CARTESIAN_POINT('',(-20.9,75.5,17.25));
#376 = VECTOR('',#377,1.);
#377 = DIRECTION('',(0.,0.,1.));
#378 = ORIENTED_EDGE('',*,*,#379,.T.);
#379 = EDGE_CURVE('',#372,#380,#382,.T.);
#380 = VERTEX_POINT('',#381);
#381 = CARTESIAN_POINT('',(-20.9,74.87228132327,34.));
#382 = CIRCLE('',#383,3.5);
#383 = AXIS2_PLACEMENT_3D('',#384,#385,#386);
#384 = CARTESIAN_POINT('',(-20.9,72.,32.));
#385 = DIRECTION('',(1.,0.,0.));
#386 = DIRECTION('',(0.,1.,0.));
#387 = ORIENTED_EDGE('',*,*,#388,.T.);
#388 = EDGE_CURVE('',#380,#199,#389,.T.);
#389 = LINE('',#390,#391);
#390 = CARTESIAN_POINT('',(-20.9,64.900001,34.));
#391 = VECTOR('',#392,1.);
#392 = DIRECTION('',(0.,1.,0.));
#393 = ORIENTED_EDGE('',*,*,#198,.F.);
#394 = PLANE('',#395);
#395 = AXIS2_PLACEMENT_3D('',#396,#397,#398);
#396 = CARTESIAN_POINT('',(-20.9,64.900001,2.5));
#397 = DIRECTION('',(-1.,0.,0.));
#398 = DIRECTION('',(0.,1.,0.));
#399 = ADVANCED_FACE('',(#400,#1282,#1293,#1327,#1338,#1372,#1383,#1417)
  ,#1428,.T.);
#400 = FACE_BOUND('',#401,.T.);
#401 = EDGE_LOOP('',(#402,#412,#420,#428,#436,#444,#452,#460,#468,#476,
    #484,#492,#500,#508,#516,#524,#532,#540,#548,#556,#564,#572,#580,
    #588,#596,#604,#612,#620,#628,#636,#644,#652,#660,#668,#676,#684,
    #692,#700,#708,#716,#724,#732,#740,#748,#756,#764,#772,#780,#788,
    #796,#804,#812,#820,#828,#836,#844,#852,#858,#859,#860,#868,#876,
    #884,#892,#900,#908,#914,#915,#916,#924,#932,#940,#948,#956,#964,
    #972,#980,#988,#996,#1004,#1012,#1020,#1028,#1036,#1044,#1052,#1060,
    #1068,#1076,#1084,#1092,#1100,#1108,#1116,#1124,#1132,#1140,#1148,
    #1156,#1164,#1172,#1180,#1188,#1196,#1204,#1212,#1220,#1228,#1236,
    #1244,#1252,#1260,#1268,#1276));
#402 = ORIENTED_EDGE('',*,*,#403,.F.);
#403 = EDGE_CURVE('',#404,#406,#408,.T.);
#404 = VERTEX_POINT('',#405);
#405 = CARTESIAN_POINT('',(235.,-1.,34.));
#406 = VERTEX_POINT('',#407);
#407 = CARTESIAN_POINT('',(235.,-16.,34.));
#408 = LINE('',#409,#410);
#409 = CARTESIAN_POINT('',(235.,-1.,34.));
#410 = VECTOR('',#411,1.);
#411 = DIRECTION('',(0.,-1.,0.));
#412 = ORIENTED_EDGE('',*,*,#413,.T.);
#413 = EDGE_CURVE('',#404,#414,#416,.T.);
#414 = VERTEX_POINT('',#415);
#415 = CARTESIAN_POINT('',(234.,0.,34.));
#416 = LINE('',#417,#418);
#417 = CARTESIAN_POINT('',(235.,-1.,34.));
#418 = VECTOR('',#419,1.);
#419 = DIRECTION('',(-0.707106781187,0.707106781187,0.));
#420 = ORIENTED_EDGE('',*,*,#421,.T.);
#421 = EDGE_CURVE('',#414,#422,#424,.T.);
#422 = VERTEX_POINT('',#423);
#423 = CARTESIAN_POINT('',(229.,0.,34.));
#424 = LINE('',#425,#426);
#425 = CARTESIAN_POINT('',(234.,0.,34.));
#426 = VECTOR('',#427,1.);
#427 = DIRECTION('',(-1.,0.,0.));
#428 = ORIENTED_EDGE('',*,*,#429,.T.);
#429 = EDGE_CURVE('',#422,#430,#432,.T.);
#430 = VERTEX_POINT('',#431);
#431 = CARTESIAN_POINT('',(228.,1.,34.));
#432 = LINE('',#433,#434);
#433 = CARTESIAN_POINT('',(229.,0.,34.));
#434 = VECTOR('',#435,1.);
#435 = DIRECTION('',(-0.707106781187,0.707106781187,0.));
#436 = ORIENTED_EDGE('',*,*,#437,.F.);
#437 = EDGE_CURVE('',#438,#430,#440,.T.);
#438 = VERTEX_POINT('',#439);
#439 = CARTESIAN_POINT('',(228.,10.,34.));
#440 = LINE('',#441,#442);
#441 = CARTESIAN_POINT('',(228.,10.,34.));
#442 = VECTOR('',#443,1.);
#443 = DIRECTION('',(0.,-1.,0.));
#444 = ORIENTED_EDGE('',*,*,#445,.F.);
#445 = EDGE_CURVE('',#446,#438,#448,.T.);
#446 = VERTEX_POINT('',#447);
#447 = CARTESIAN_POINT('',(226.,14.,34.));
#448 = LINE('',#449,#450);
#449 = CARTESIAN_POINT('',(226.,14.,34.));
#450 = VECTOR('',#451,1.);
#451 = DIRECTION('',(0.4472135955,-0.894427191,0.));
#452 = ORIENTED_EDGE('',*,*,#453,.F.);
#453 = EDGE_CURVE('',#454,#446,#456,.T.);
#454 = VERTEX_POINT('',#455);
#455 = CARTESIAN_POINT('',(204.,14.,34.));
#456 = LINE('',#457,#458);
#457 = CARTESIAN_POINT('',(204.,14.,34.));
#458 = VECTOR('',#459,1.);
#459 = DIRECTION('',(1.,0.,0.));
#460 = ORIENTED_EDGE('',*,*,#461,.F.);
#461 = EDGE_CURVE('',#462,#454,#464,.T.);
#462 = VERTEX_POINT('',#463);
#463 = CARTESIAN_POINT('',(202.,12.,34.));
#464 = LINE('',#465,#466);
#465 = CARTESIAN_POINT('',(202.,12.,34.));
#466 = VECTOR('',#467,1.);
#467 = DIRECTION('',(0.707106781187,0.707106781187,0.));
#468 = ORIENTED_EDGE('',*,*,#469,.F.);
#469 = EDGE_CURVE('',#470,#462,#472,.T.);
#470 = VERTEX_POINT('',#471);
#471 = CARTESIAN_POINT('',(202.,2.,34.));
#472 = LINE('',#473,#474);
#473 = CARTESIAN_POINT('',(202.,2.,34.));
#474 = VECTOR('',#475,1.);
#475 = DIRECTION('',(0.,1.,0.));
#476 = ORIENTED_EDGE('',*,*,#477,.F.);
#477 = EDGE_CURVE('',#478,#470,#480,.T.);
#478 = VERTEX_POINT('',#479);
#479 = CARTESIAN_POINT('',(200.,0.,34.));
#480 = LINE('',#481,#482);
#481 = CARTESIAN_POINT('',(200.,0.,34.));
#482 = VECTOR('',#483,1.);
#483 = DIRECTION('',(0.707106781187,0.707106781187,0.));
#484 = ORIENTED_EDGE('',*,*,#485,.F.);
#485 = EDGE_CURVE('',#486,#478,#488,.T.);
#486 = VERTEX_POINT('',#487);
#487 = CARTESIAN_POINT('',(185.,0.,34.));
#488 = LINE('',#489,#490);
#489 = CARTESIAN_POINT('',(185.,0.,34.));
#490 = VECTOR('',#491,1.);
#491 = DIRECTION('',(1.,0.,0.));
#492 = ORIENTED_EDGE('',*,*,#493,.F.);
#493 = EDGE_CURVE('',#494,#486,#496,.T.);
#494 = VERTEX_POINT('',#495);
#495 = CARTESIAN_POINT('',(172.,13.,34.));
#496 = LINE('',#497,#498);
#497 = CARTESIAN_POINT('',(172.,13.,34.));
#498 = VECTOR('',#499,1.);
#499 = DIRECTION('',(0.707106781187,-0.707106781187,0.));
#500 = ORIENTED_EDGE('',*,*,#501,.F.);
#501 = EDGE_CURVE('',#502,#494,#504,.T.);
#502 = VERTEX_POINT('',#503);
#503 = CARTESIAN_POINT('',(164.,13.,34.));
#504 = LINE('',#505,#506);
#505 = CARTESIAN_POINT('',(164.,13.,34.));
#506 = VECTOR('',#507,1.);
#507 = DIRECTION('',(1.,0.,0.));
#508 = ORIENTED_EDGE('',*,*,#509,.F.);
#509 = EDGE_CURVE('',#510,#502,#512,.T.);
#510 = VERTEX_POINT('',#511);
#511 = CARTESIAN_POINT('',(162.,11.,34.));
#512 = LINE('',#513,#514);
#513 = CARTESIAN_POINT('',(162.,11.,34.));
#514 = VECTOR('',#515,1.);
#515 = DIRECTION('',(0.707106781187,0.707106781187,0.));
#516 = ORIENTED_EDGE('',*,*,#517,.F.);
#517 = EDGE_CURVE('',#518,#510,#520,.T.);
#518 = VERTEX_POINT('',#519);
#519 = CARTESIAN_POINT('',(162.,3.,34.));
#520 = LINE('',#521,#522);
#521 = CARTESIAN_POINT('',(162.,3.,34.));
#522 = VECTOR('',#523,1.);
#523 = DIRECTION('',(0.,1.,0.));
#524 = ORIENTED_EDGE('',*,*,#525,.F.);
#525 = EDGE_CURVE('',#526,#518,#528,.T.);
#526 = VERTEX_POINT('',#527);
#527 = CARTESIAN_POINT('',(159.,0.,34.));
#528 = LINE('',#529,#530);
#529 = CARTESIAN_POINT('',(159.,0.,34.));
#530 = VECTOR('',#531,1.);
#531 = DIRECTION('',(0.707106781187,0.707106781187,0.));
#532 = ORIENTED_EDGE('',*,*,#533,.F.);
#533 = EDGE_CURVE('',#534,#526,#536,.T.);
#534 = VERTEX_POINT('',#535);
#535 = CARTESIAN_POINT('',(144.,0.,34.));
#536 = LINE('',#537,#538);
#537 = CARTESIAN_POINT('',(144.,0.,34.));
#538 = VECTOR('',#539,1.);
#539 = DIRECTION('',(1.,0.,0.));
#540 = ORIENTED_EDGE('',*,*,#541,.F.);
#541 = EDGE_CURVE('',#542,#534,#544,.T.);
#542 = VERTEX_POINT('',#543);
#543 = CARTESIAN_POINT('',(142.,2.,34.));
#544 = LINE('',#545,#546);
#545 = CARTESIAN_POINT('',(142.,2.,34.));
#546 = VECTOR('',#547,1.);
#547 = DIRECTION('',(0.707106781187,-0.707106781187,0.));
#548 = ORIENTED_EDGE('',*,*,#549,.F.);
#549 = EDGE_CURVE('',#550,#542,#552,.T.);
#550 = VERTEX_POINT('',#551);
#551 = CARTESIAN_POINT('',(142.,15.,34.));
#552 = LINE('',#553,#554);
#553 = CARTESIAN_POINT('',(142.,15.,34.));
#554 = VECTOR('',#555,1.);
#555 = DIRECTION('',(0.,-1.,0.));
#556 = ORIENTED_EDGE('',*,*,#557,.F.);
#557 = EDGE_CURVE('',#558,#550,#560,.T.);
#558 = VERTEX_POINT('',#559);
#559 = CARTESIAN_POINT('',(140.,17.,34.));
#560 = LINE('',#561,#562);
#561 = CARTESIAN_POINT('',(140.,17.,34.));
#562 = VECTOR('',#563,1.);
#563 = DIRECTION('',(0.707106781187,-0.707106781187,0.));
#564 = ORIENTED_EDGE('',*,*,#565,.F.);
#565 = EDGE_CURVE('',#566,#558,#568,.T.);
#566 = VERTEX_POINT('',#567);
#567 = CARTESIAN_POINT('',(113.,17.,34.));
#568 = LINE('',#569,#570);
#569 = CARTESIAN_POINT('',(113.,17.,34.));
#570 = VECTOR('',#571,1.);
#571 = DIRECTION('',(1.,0.,0.));
#572 = ORIENTED_EDGE('',*,*,#573,.F.);
#573 = EDGE_CURVE('',#574,#566,#576,.T.);
#574 = VERTEX_POINT('',#575);
#575 = CARTESIAN_POINT('',(111.,15.,34.));
#576 = LINE('',#577,#578);
#577 = CARTESIAN_POINT('',(111.,15.,34.));
#578 = VECTOR('',#579,1.);
#579 = DIRECTION('',(0.707106781187,0.707106781187,0.));
#580 = ORIENTED_EDGE('',*,*,#581,.F.);
#581 = EDGE_CURVE('',#582,#574,#584,.T.);
#582 = VERTEX_POINT('',#583);
#583 = CARTESIAN_POINT('',(111.,3.,34.));
#584 = LINE('',#585,#586);
#585 = CARTESIAN_POINT('',(111.,3.,34.));
#586 = VECTOR('',#587,1.);
#587 = DIRECTION('',(0.,1.,0.));
#588 = ORIENTED_EDGE('',*,*,#589,.F.);
#589 = EDGE_CURVE('',#590,#582,#592,.T.);
#590 = VERTEX_POINT('',#591);
#591 = CARTESIAN_POINT('',(108.,0.,34.));
#592 = LINE('',#593,#594);
#593 = CARTESIAN_POINT('',(108.,0.,34.));
#594 = VECTOR('',#595,1.);
#595 = DIRECTION('',(0.707106781187,0.707106781187,0.));
#596 = ORIENTED_EDGE('',*,*,#597,.F.);
#597 = EDGE_CURVE('',#598,#590,#600,.T.);
#598 = VERTEX_POINT('',#599);
#599 = CARTESIAN_POINT('',(97.,0.,34.));
#600 = LINE('',#601,#602);
#601 = CARTESIAN_POINT('',(97.,0.,34.));
#602 = VECTOR('',#603,1.);
#603 = DIRECTION('',(1.,0.,0.));
#604 = ORIENTED_EDGE('',*,*,#605,.F.);
#605 = EDGE_CURVE('',#606,#598,#608,.T.);
#606 = VERTEX_POINT('',#607);
#607 = CARTESIAN_POINT('',(84.,13.,34.));
#608 = LINE('',#609,#610);
#609 = CARTESIAN_POINT('',(84.,13.,34.));
#610 = VECTOR('',#611,1.);
#611 = DIRECTION('',(0.707106781187,-0.707106781187,0.));
#612 = ORIENTED_EDGE('',*,*,#613,.F.);
#613 = EDGE_CURVE('',#614,#606,#616,.T.);
#614 = VERTEX_POINT('',#615);
#615 = CARTESIAN_POINT('',(75.,13.,34.));
#616 = LINE('',#617,#618);
#617 = CARTESIAN_POINT('',(75.,13.,34.));
#618 = VECTOR('',#619,1.);
#619 = DIRECTION('',(1.,0.,0.));
#620 = ORIENTED_EDGE('',*,*,#621,.F.);
#621 = EDGE_CURVE('',#622,#614,#624,.T.);
#622 = VERTEX_POINT('',#623);
#623 = CARTESIAN_POINT('',(73.,11.,34.));
#624 = LINE('',#625,#626);
#625 = CARTESIAN_POINT('',(73.,11.,34.));
#626 = VECTOR('',#627,1.);
#627 = DIRECTION('',(0.707106781187,0.707106781187,0.));
#628 = ORIENTED_EDGE('',*,*,#629,.F.);
#629 = EDGE_CURVE('',#630,#622,#632,.T.);
#630 = VERTEX_POINT('',#631);
#631 = CARTESIAN_POINT('',(73.,3.,34.));
#632 = LINE('',#633,#634);
#633 = CARTESIAN_POINT('',(73.,3.,34.));
#634 = VECTOR('',#635,1.);
#635 = DIRECTION('',(0.,1.,0.));
#636 = ORIENTED_EDGE('',*,*,#637,.F.);
#637 = EDGE_CURVE('',#638,#630,#640,.T.);
#638 = VERTEX_POINT('',#639);
#639 = CARTESIAN_POINT('',(70.,0.,34.));
#640 = LINE('',#641,#642);
#641 = CARTESIAN_POINT('',(70.,0.,34.));
#642 = VECTOR('',#643,1.);
#643 = DIRECTION('',(0.707106781187,0.707106781187,0.));
#644 = ORIENTED_EDGE('',*,*,#645,.F.);
#645 = EDGE_CURVE('',#646,#638,#648,.T.);
#646 = VERTEX_POINT('',#647);
#647 = CARTESIAN_POINT('',(54.,0.,34.));
#648 = LINE('',#649,#650);
#649 = CARTESIAN_POINT('',(54.,0.,34.));
#650 = VECTOR('',#651,1.);
#651 = DIRECTION('',(1.,0.,0.));
#652 = ORIENTED_EDGE('',*,*,#653,.F.);
#653 = EDGE_CURVE('',#654,#646,#656,.T.);
#654 = VERTEX_POINT('',#655);
#655 = CARTESIAN_POINT('',(52.,2.,34.));
#656 = LINE('',#657,#658);
#657 = CARTESIAN_POINT('',(52.,2.,34.));
#658 = VECTOR('',#659,1.);
#659 = DIRECTION('',(0.707106781187,-0.707106781187,0.));
#660 = ORIENTED_EDGE('',*,*,#661,.F.);
#661 = EDGE_CURVE('',#662,#654,#664,.T.);
#662 = VERTEX_POINT('',#663);
#663 = CARTESIAN_POINT('',(52.,10.,34.));
#664 = LINE('',#665,#666);
#665 = CARTESIAN_POINT('',(52.,10.,34.));
#666 = VECTOR('',#667,1.);
#667 = DIRECTION('',(0.,-1.,0.));
#668 = ORIENTED_EDGE('',*,*,#669,.F.);
#669 = EDGE_CURVE('',#670,#662,#672,.T.);
#670 = VERTEX_POINT('',#671);
#671 = CARTESIAN_POINT('',(47.,15.,34.));
#672 = LINE('',#673,#674);
#673 = CARTESIAN_POINT('',(47.,15.,34.));
#674 = VECTOR('',#675,1.);
#675 = DIRECTION('',(0.707106781187,-0.707106781187,0.));
#676 = ORIENTED_EDGE('',*,*,#677,.F.);
#677 = EDGE_CURVE('',#678,#670,#680,.T.);
#678 = VERTEX_POINT('',#679);
#679 = CARTESIAN_POINT('',(23.,15.,34.));
#680 = LINE('',#681,#682);
#681 = CARTESIAN_POINT('',(23.,15.,34.));
#682 = VECTOR('',#683,1.);
#683 = DIRECTION('',(1.,0.,0.));
#684 = ORIENTED_EDGE('',*,*,#685,.F.);
#685 = EDGE_CURVE('',#686,#678,#688,.T.);
#686 = VERTEX_POINT('',#687);
#687 = CARTESIAN_POINT('',(18.,10.,34.));
#688 = LINE('',#689,#690);
#689 = CARTESIAN_POINT('',(18.,10.,34.));
#690 = VECTOR('',#691,1.);
#691 = DIRECTION('',(0.707106781187,0.707106781187,0.));
#692 = ORIENTED_EDGE('',*,*,#693,.F.);
#693 = EDGE_CURVE('',#694,#686,#696,.T.);
#694 = VERTEX_POINT('',#695);
#695 = CARTESIAN_POINT('',(0.,10.,34.));
#696 = LINE('',#697,#698);
#697 = CARTESIAN_POINT('',(0.,10.,34.));
#698 = VECTOR('',#699,1.);
#699 = DIRECTION('',(1.,0.,0.));
#700 = ORIENTED_EDGE('',*,*,#701,.T.);
#701 = EDGE_CURVE('',#694,#702,#704,.T.);
#702 = VERTEX_POINT('',#703);
#703 = CARTESIAN_POINT('',(-7.,13.,34.));
#704 = LINE('',#705,#706);
#705 = CARTESIAN_POINT('',(0.,10.,34.));
#706 = VECTOR('',#707,1.);
#707 = DIRECTION('',(-0.919145030018,0.393919298579,0.));
#708 = ORIENTED_EDGE('',*,*,#709,.T.);
#709 = EDGE_CURVE('',#702,#710,#712,.T.);
#710 = VERTEX_POINT('',#711);
#711 = CARTESIAN_POINT('',(-15.,13.,34.));
#712 = LINE('',#713,#714);
#713 = CARTESIAN_POINT('',(-7.,13.,34.));
#714 = VECTOR('',#715,1.);
#715 = DIRECTION('',(-1.,0.,0.));
#716 = ORIENTED_EDGE('',*,*,#717,.T.);
#717 = EDGE_CURVE('',#710,#718,#720,.T.);
#718 = VERTEX_POINT('',#719);
#719 = CARTESIAN_POINT('',(-21.,10.,34.));
#720 = LINE('',#721,#722);
#721 = CARTESIAN_POINT('',(-15.,13.,34.));
#722 = VECTOR('',#723,1.);
#723 = DIRECTION('',(-0.894427191,-0.4472135955,0.));
#724 = ORIENTED_EDGE('',*,*,#725,.T.);
#725 = EDGE_CURVE('',#718,#726,#728,.T.);
#726 = VERTEX_POINT('',#727);
#727 = CARTESIAN_POINT('',(-25.,10.,34.));
#728 = LINE('',#729,#730);
#729 = CARTESIAN_POINT('',(-21.,10.,34.));
#730 = VECTOR('',#731,1.);
#731 = DIRECTION('',(-1.,0.,0.));
#732 = ORIENTED_EDGE('',*,*,#733,.T.);
#733 = EDGE_CURVE('',#726,#734,#736,.T.);
#734 = VERTEX_POINT('',#735);
#735 = CARTESIAN_POINT('',(-29.,12.,34.));
#736 = LINE('',#737,#738);
#737 = CARTESIAN_POINT('',(-25.,10.,34.));
#738 = VECTOR('',#739,1.);
#739 = DIRECTION('',(-0.894427191,0.4472135955,0.));
#740 = ORIENTED_EDGE('',*,*,#741,.T.);
#741 = EDGE_CURVE('',#734,#742,#744,.T.);
#742 = VERTEX_POINT('',#743);
#743 = CARTESIAN_POINT('',(-32.,16.,34.));
#744 = LINE('',#745,#746);
#745 = CARTESIAN_POINT('',(-29.,12.,34.));
#746 = VECTOR('',#747,1.);
#747 = DIRECTION('',(-0.6,0.8,0.));
#748 = ORIENTED_EDGE('',*,*,#749,.T.);
#749 = EDGE_CURVE('',#742,#750,#752,.T.);
#750 = VERTEX_POINT('',#751);
#751 = CARTESIAN_POINT('',(-32.5,20.,34.));
#752 = LINE('',#753,#754);
#753 = CARTESIAN_POINT('',(-32.,16.,34.));
#754 = VECTOR('',#755,1.);
#755 = DIRECTION('',(-0.124034734589,0.992277876714,0.));
#756 = ORIENTED_EDGE('',*,*,#757,.T.);
#757 = EDGE_CURVE('',#750,#758,#760,.T.);
#758 = VERTEX_POINT('',#759);
#759 = CARTESIAN_POINT('',(-31.,26.,34.));
#760 = LINE('',#761,#762);
#761 = CARTESIAN_POINT('',(-32.5,20.,34.));
#762 = VECTOR('',#763,1.);
#763 = DIRECTION('',(0.242535625036,0.970142500145,0.));
#764 = ORIENTED_EDGE('',*,*,#765,.T.);
#765 = EDGE_CURVE('',#758,#766,#768,.T.);
#766 = VERTEX_POINT('',#767);
#767 = CARTESIAN_POINT('',(-26.,29.,34.));
#768 = LINE('',#769,#770);
#769 = CARTESIAN_POINT('',(-31.,26.,34.));
#770 = VECTOR('',#771,1.);
#771 = DIRECTION('',(0.857492925713,0.514495755428,0.));
#772 = ORIENTED_EDGE('',*,*,#773,.T.);
#773 = EDGE_CURVE('',#766,#774,#776,.T.);
#774 = VERTEX_POINT('',#775);
#775 = CARTESIAN_POINT('',(-12.,30.,34.));
#776 = LINE('',#777,#778);
#777 = CARTESIAN_POINT('',(-26.,29.,34.));
#778 = VECTOR('',#779,1.);
#779 = DIRECTION('',(0.997458699831,7.124704998791E-02,0.));
#780 = ORIENTED_EDGE('',*,*,#781,.T.);
#781 = EDGE_CURVE('',#774,#782,#784,.T.);
#782 = VERTEX_POINT('',#783);
#783 = CARTESIAN_POINT('',(-12.,83.,34.));
#784 = LINE('',#785,#786);
#785 = CARTESIAN_POINT('',(-12.,30.,34.));
#786 = VECTOR('',#787,1.);
#787 = DIRECTION('',(0.,1.,0.));
#788 = ORIENTED_EDGE('',*,*,#789,.T.);
#789 = EDGE_CURVE('',#782,#790,#792,.T.);
#790 = VERTEX_POINT('',#791);
#791 = CARTESIAN_POINT('',(-13.,86.,34.));
#792 = LINE('',#793,#794);
#793 = CARTESIAN_POINT('',(-12.,83.,34.));
#794 = VECTOR('',#795,1.);
#795 = DIRECTION('',(-0.316227766017,0.948683298051,0.));
#796 = ORIENTED_EDGE('',*,*,#797,.T.);
#797 = EDGE_CURVE('',#790,#798,#800,.T.);
#798 = VERTEX_POINT('',#799);
#799 = CARTESIAN_POINT('',(-12.,92.,34.));
#800 = LINE('',#801,#802);
#801 = CARTESIAN_POINT('',(-13.,86.,34.));
#802 = VECTOR('',#803,1.);
#803 = DIRECTION('',(0.164398987305,0.986393923832,0.));
#804 = ORIENTED_EDGE('',*,*,#805,.T.);
#805 = EDGE_CURVE('',#798,#806,#808,.T.);
#806 = VERTEX_POINT('',#807);
#807 = CARTESIAN_POINT('',(-12.,93.,34.));
#808 = LINE('',#809,#810);
#809 = CARTESIAN_POINT('',(-12.,92.,34.));
#810 = VECTOR('',#811,1.);
#811 = DIRECTION('',(0.,1.,0.));
#812 = ORIENTED_EDGE('',*,*,#813,.T.);
#813 = EDGE_CURVE('',#806,#814,#816,.T.);
#814 = VERTEX_POINT('',#815);
#815 = CARTESIAN_POINT('',(-18.,98.,34.));
#816 = LINE('',#817,#818);
#817 = CARTESIAN_POINT('',(-12.,93.,34.));
#818 = VECTOR('',#819,1.);
#819 = DIRECTION('',(-0.768221279597,0.640184399664,0.));
#820 = ORIENTED_EDGE('',*,*,#821,.T.);
#821 = EDGE_CURVE('',#814,#822,#824,.T.);
#822 = VERTEX_POINT('',#823);
#823 = CARTESIAN_POINT('',(-34.,98.,34.));
#824 = LINE('',#825,#826);
#825 = CARTESIAN_POINT('',(-18.,98.,34.));
#826 = VECTOR('',#827,1.);
#827 = DIRECTION('',(-1.,0.,0.));
#828 = ORIENTED_EDGE('',*,*,#829,.F.);
#829 = EDGE_CURVE('',#830,#822,#832,.T.);
#830 = VERTEX_POINT('',#831);
#831 = CARTESIAN_POINT('',(-37.,95.,34.));
#832 = LINE('',#833,#834);
#833 = CARTESIAN_POINT('',(-37.,95.,34.));
#834 = VECTOR('',#835,1.);
#835 = DIRECTION('',(0.707106781187,0.707106781187,0.));
#836 = ORIENTED_EDGE('',*,*,#837,.F.);
#837 = EDGE_CURVE('',#838,#830,#840,.T.);
#838 = VERTEX_POINT('',#839);
#839 = CARTESIAN_POINT('',(-37.,82.,34.));
#840 = LINE('',#841,#842);
#841 = CARTESIAN_POINT('',(-37.,34.,34.));
#842 = VECTOR('',#843,1.);
#843 = DIRECTION('',(0.,1.,0.));
#844 = ORIENTED_EDGE('',*,*,#845,.F.);
#845 = EDGE_CURVE('',#846,#838,#848,.T.);
#846 = VERTEX_POINT('',#847);
#847 = CARTESIAN_POINT('',(-25.9,82.,34.));
#848 = LINE('',#849,#850);
#849 = CARTESIAN_POINT('',(16.359622143813,82.,34.));
#850 = VECTOR('',#851,1.);
#851 = DIRECTION('',(-1.,0.,0.));
#852 = ORIENTED_EDGE('',*,*,#853,.F.);
#853 = EDGE_CURVE('',#207,#846,#854,.T.);
#854 = LINE('',#855,#856);
#855 = CARTESIAN_POINT('',(-25.9,36.880754166279,34.));
#856 = VECTOR('',#857,1.);
#857 = DIRECTION('',(0.,1.,0.));
#858 = ORIENTED_EDGE('',*,*,#206,.F.);
#859 = ORIENTED_EDGE('',*,*,#388,.F.);
#860 = ORIENTED_EDGE('',*,*,#861,.T.);
#861 = EDGE_CURVE('',#380,#862,#864,.T.);
#862 = VERTEX_POINT('',#863);
#863 = CARTESIAN_POINT('',(-18.6,74.872281323269,34.));
#864 = LINE('',#865,#866);
#865 = CARTESIAN_POINT('',(-18.,74.872281323269,34.));
#866 = VECTOR('',#867,1.);
#867 = DIRECTION('',(1.,0.,0.));
#868 = ORIENTED_EDGE('',*,*,#869,.F.);
#869 = EDGE_CURVE('',#870,#862,#872,.T.);
#870 = VERTEX_POINT('',#871);
#871 = CARTESIAN_POINT('',(-18.6,77.100001,34.));
#872 = LINE('',#873,#874);
#873 = CARTESIAN_POINT('',(-18.6,46.430754666279,34.));
#874 = VECTOR('',#875,1.);
#875 = DIRECTION('',(0.,-1.,0.));
#876 = ORIENTED_EDGE('',*,*,#877,.F.);
#877 = EDGE_CURVE('',#878,#870,#880,.T.);
#878 = VERTEX_POINT('',#879);
#879 = CARTESIAN_POINT('',(-13.4,77.100001,34.));
#880 = LINE('',#881,#882);
#881 = CARTESIAN_POINT('',(28.659622143813,77.100001,34.));
#882 = VECTOR('',#883,1.);
#883 = DIRECTION('',(-1.,0.,0.));
#884 = ORIENTED_EDGE('',*,*,#885,.F.);
#885 = EDGE_CURVE('',#886,#878,#888,.T.);
#886 = VERTEX_POINT('',#887);
#887 = CARTESIAN_POINT('',(-13.4,66.900001,34.));
#888 = LINE('',#889,#890);
#889 = CARTESIAN_POINT('',(-13.4,41.330754666279,34.));
#890 = VECTOR('',#891,1.);
#891 = DIRECTION('',(0.,1.,0.));
#892 = ORIENTED_EDGE('',*,*,#893,.F.);
#893 = EDGE_CURVE('',#894,#886,#896,.T.);
#894 = VERTEX_POINT('',#895);
#895 = CARTESIAN_POINT('',(-18.6,66.900001,34.));
#896 = LINE('',#897,#898);
#897 = CARTESIAN_POINT('',(26.059622143813,66.900001,34.));
#898 = VECTOR('',#899,1.);
#899 = DIRECTION('',(1.,0.,0.));
#900 = ORIENTED_EDGE('',*,*,#901,.F.);
#901 = EDGE_CURVE('',#902,#894,#904,.T.);
#902 = VERTEX_POINT('',#903);
#903 = CARTESIAN_POINT('',(-18.6,69.127718676731,34.));
#904 = LINE('',#905,#906);
#905 = CARTESIAN_POINT('',(-18.6,46.430754666279,34.));
#906 = VECTOR('',#907,1.);
#907 = DIRECTION('',(0.,-1.,0.));
#908 = ORIENTED_EDGE('',*,*,#909,.F.);
#909 = EDGE_CURVE('',#338,#902,#910,.T.);
#910 = LINE('',#911,#912);
#911 = CARTESIAN_POINT('',(-18.,69.127718676731,34.));
#912 = VECTOR('',#913,1.);
#913 = DIRECTION('',(1.,0.,0.));
#914 = ORIENTED_EDGE('',*,*,#337,.F.);
#915 = ORIENTED_EDGE('',*,*,#113,.F.);
#916 = ORIENTED_EDGE('',*,*,#917,.F.);
#917 = EDGE_CURVE('',#918,#106,#920,.T.);
#918 = VERTEX_POINT('',#919);
#919 = CARTESIAN_POINT('',(-25.9,60.,34.));
#920 = LINE('',#921,#922);
#921 = CARTESIAN_POINT('',(-25.9,36.880754166279,34.));
#922 = VECTOR('',#923,1.);
#923 = DIRECTION('',(0.,1.,0.));
#924 = ORIENTED_EDGE('',*,*,#925,.F.);
#925 = EDGE_CURVE('',#926,#918,#928,.T.);
#926 = VERTEX_POINT('',#927);
#927 = CARTESIAN_POINT('',(-21.,60.,34.));
#928 = LINE('',#929,#930);
#929 = CARTESIAN_POINT('',(24.859622143813,60.,34.));
#930 = VECTOR('',#931,1.);
#931 = DIRECTION('',(-1.,0.,0.));
#932 = ORIENTED_EDGE('',*,*,#933,.F.);
#933 = EDGE_CURVE('',#934,#926,#936,.T.);
#934 = VERTEX_POINT('',#935);
#935 = CARTESIAN_POINT('',(-21.,56.,34.));
#936 = LINE('',#937,#938);
#937 = CARTESIAN_POINT('',(-21.,36.880754166279,34.));
#938 = VECTOR('',#939,1.);
#939 = DIRECTION('',(0.,1.,0.));
#940 = ORIENTED_EDGE('',*,*,#941,.F.);
#941 = EDGE_CURVE('',#942,#934,#944,.T.);
#942 = VERTEX_POINT('',#943);
#943 = CARTESIAN_POINT('',(-25.9,56.,34.));
#944 = LINE('',#945,#946);
#945 = CARTESIAN_POINT('',(24.859622143813,56.,34.));
#946 = VECTOR('',#947,1.);
#947 = DIRECTION('',(1.,0.,0.));
#948 = ORIENTED_EDGE('',*,*,#949,.F.);
#949 = EDGE_CURVE('',#950,#942,#952,.T.);
#950 = VERTEX_POINT('',#951);
#951 = CARTESIAN_POINT('',(-25.9,51.100001,34.));
#952 = LINE('',#953,#954);
#953 = CARTESIAN_POINT('',(-25.9,36.880754166279,34.));
#954 = VECTOR('',#955,1.);
#955 = DIRECTION('',(0.,1.,0.));
#956 = ORIENTED_EDGE('',*,*,#957,.F.);
#957 = EDGE_CURVE('',#958,#950,#960,.T.);
#958 = VERTEX_POINT('',#959);
#959 = CARTESIAN_POINT('',(-20.9,51.100001,34.));
#960 = LINE('',#961,#962);
#961 = CARTESIAN_POINT('',(-20.9,51.100001,34.));
#962 = VECTOR('',#963,1.);
#963 = DIRECTION('',(-1.,0.,0.));
#964 = ORIENTED_EDGE('',*,*,#965,.F.);
#965 = EDGE_CURVE('',#966,#958,#968,.T.);
#966 = VERTEX_POINT('',#967);
#967 = CARTESIAN_POINT('',(-20.9,46.872280929632,34.));
#968 = LINE('',#969,#970);
#969 = CARTESIAN_POINT('',(-20.9,36.900001,34.));
#970 = VECTOR('',#971,1.);
#971 = DIRECTION('',(0.,1.,0.));
#972 = ORIENTED_EDGE('',*,*,#973,.T.);
#973 = EDGE_CURVE('',#966,#974,#976,.T.);
#974 = VERTEX_POINT('',#975);
#975 = CARTESIAN_POINT('',(-18.6,46.872280929632,34.));
#976 = LINE('',#977,#978);
#977 = CARTESIAN_POINT('',(-18.,46.872280929632,34.));
#978 = VECTOR('',#979,1.);
#979 = DIRECTION('',(1.,0.,0.));
#980 = ORIENTED_EDGE('',*,*,#981,.F.);
#981 = EDGE_CURVE('',#982,#974,#984,.T.);
#982 = VERTEX_POINT('',#983);
#983 = CARTESIAN_POINT('',(-18.6,49.100001,34.));
#984 = LINE('',#985,#986);
#985 = CARTESIAN_POINT('',(-18.6,32.430754666279,34.));
#986 = VECTOR('',#987,1.);
#987 = DIRECTION('',(0.,-1.,0.));
#988 = ORIENTED_EDGE('',*,*,#989,.F.);
#989 = EDGE_CURVE('',#990,#982,#992,.T.);
#990 = VERTEX_POINT('',#991);
#991 = CARTESIAN_POINT('',(-13.4,49.100001,34.));
#992 = LINE('',#993,#994);
#993 = CARTESIAN_POINT('',(28.659622143813,49.100001,34.));
#994 = VECTOR('',#995,1.);
#995 = DIRECTION('',(-1.,0.,0.));
#996 = ORIENTED_EDGE('',*,*,#997,.F.);
#997 = EDGE_CURVE('',#998,#990,#1000,.T.);
#998 = VERTEX_POINT('',#999);
#999 = CARTESIAN_POINT('',(-13.4,38.900001,34.));
#1000 = LINE('',#1001,#1002);
#1001 = CARTESIAN_POINT('',(-13.4,27.330754666279,34.));
#1002 = VECTOR('',#1003,1.);
#1003 = DIRECTION('',(0.,1.,0.));
#1004 = ORIENTED_EDGE('',*,*,#1005,.F.);
#1005 = EDGE_CURVE('',#1006,#998,#1008,.T.);
#1006 = VERTEX_POINT('',#1007);
#1007 = CARTESIAN_POINT('',(-18.6,38.900001,34.));
#1008 = LINE('',#1009,#1010);
#1009 = CARTESIAN_POINT('',(26.059622143813,38.900001,34.));
#1010 = VECTOR('',#1011,1.);
#1011 = DIRECTION('',(1.,0.,0.));
#1012 = ORIENTED_EDGE('',*,*,#1013,.F.);
#1013 = EDGE_CURVE('',#1014,#1006,#1016,.T.);
#1014 = VERTEX_POINT('',#1015);
#1015 = CARTESIAN_POINT('',(-18.6,41.12771753447,34.));
#1016 = LINE('',#1017,#1018);
#1017 = CARTESIAN_POINT('',(-18.6,32.430754666279,34.));
#1018 = VECTOR('',#1019,1.);
#1019 = DIRECTION('',(0.,-1.,0.));
#1020 = ORIENTED_EDGE('',*,*,#1021,.F.);
#1021 = EDGE_CURVE('',#1022,#1014,#1024,.T.);
#1022 = VERTEX_POINT('',#1023);
#1023 = CARTESIAN_POINT('',(-20.9,41.12771753447,34.));
#1024 = LINE('',#1025,#1026);
#1025 = CARTESIAN_POINT('',(-18.,41.12771753447,34.));
#1026 = VECTOR('',#1027,1.);
#1027 = DIRECTION('',(1.,0.,0.));
#1028 = ORIENTED_EDGE('',*,*,#1029,.F.);
#1029 = EDGE_CURVE('',#1030,#1022,#1032,.T.);
#1030 = VERTEX_POINT('',#1031);
#1031 = CARTESIAN_POINT('',(-20.9,36.900001,34.));
#1032 = LINE('',#1033,#1034);
#1033 = CARTESIAN_POINT('',(-20.9,36.900001,34.));
#1034 = VECTOR('',#1035,1.);
#1035 = DIRECTION('',(0.,1.,0.));
#1036 = ORIENTED_EDGE('',*,*,#1037,.F.);
#1037 = EDGE_CURVE('',#1038,#1030,#1040,.T.);
#1038 = VERTEX_POINT('',#1039);
#1039 = CARTESIAN_POINT('',(-25.9,36.900001,34.));
#1040 = LINE('',#1041,#1042);
#1041 = CARTESIAN_POINT('',(-26.1,36.900001,34.));
#1042 = VECTOR('',#1043,1.);
#1043 = DIRECTION('',(1.,0.,0.));
#1044 = ORIENTED_EDGE('',*,*,#1045,.F.);
#1045 = EDGE_CURVE('',#1046,#1038,#1048,.T.);
#1046 = VERTEX_POINT('',#1047);
#1047 = CARTESIAN_POINT('',(-25.9,34.,34.));
#1048 = LINE('',#1049,#1050);
#1049 = CARTESIAN_POINT('',(-25.9,36.880754166279,34.));
#1050 = VECTOR('',#1051,1.);
#1051 = DIRECTION('',(0.,1.,0.));
#1052 = ORIENTED_EDGE('',*,*,#1053,.F.);
#1053 = EDGE_CURVE('',#1054,#1046,#1056,.T.);
#1054 = VERTEX_POINT('',#1055);
#1055 = CARTESIAN_POINT('',(-42.,34.,34.));
#1056 = LINE('',#1057,#1058);
#1057 = CARTESIAN_POINT('',(16.359622143813,34.,34.));
#1058 = VECTOR('',#1059,1.);
#1059 = DIRECTION('',(1.,0.,0.));
#1060 = ORIENTED_EDGE('',*,*,#1061,.F.);
#1061 = EDGE_CURVE('',#1062,#1054,#1064,.T.);
#1062 = VERTEX_POINT('',#1063);
#1063 = CARTESIAN_POINT('',(-42.,14.,34.));
#1064 = LINE('',#1065,#1066);
#1065 = CARTESIAN_POINT('',(-42.,14.,34.));
#1066 = VECTOR('',#1067,1.);
#1067 = DIRECTION('',(0.,1.,0.));
#1068 = ORIENTED_EDGE('',*,*,#1069,.F.);
#1069 = EDGE_CURVE('',#1070,#1062,#1072,.T.);
#1070 = VERTEX_POINT('',#1071);
#1071 = CARTESIAN_POINT('',(-37.,14.,34.));
#1072 = LINE('',#1073,#1074);
#1073 = CARTESIAN_POINT('',(-37.,14.,34.));
#1074 = VECTOR('',#1075,1.);
#1075 = DIRECTION('',(-1.,0.,0.));
#1076 = ORIENTED_EDGE('',*,*,#1077,.F.);
#1077 = EDGE_CURVE('',#1078,#1070,#1080,.T.);
#1078 = VERTEX_POINT('',#1079);
#1079 = CARTESIAN_POINT('',(-7.,-16.,34.));
#1080 = LINE('',#1081,#1082);
#1081 = CARTESIAN_POINT('',(-7.,-16.,34.));
#1082 = VECTOR('',#1083,1.);
#1083 = DIRECTION('',(-0.707106781187,0.707106781187,0.));
#1084 = ORIENTED_EDGE('',*,*,#1085,.T.);
#1085 = EDGE_CURVE('',#1078,#1086,#1088,.T.);
#1086 = VERTEX_POINT('',#1087);
#1087 = CARTESIAN_POINT('',(23.,-16.,34.));
#1088 = LINE('',#1089,#1090);
#1089 = CARTESIAN_POINT('',(-7.,-16.,34.));
#1090 = VECTOR('',#1091,1.);
#1091 = DIRECTION('',(1.,0.,0.));
#1092 = ORIENTED_EDGE('',*,*,#1093,.T.);
#1093 = EDGE_CURVE('',#1086,#1094,#1096,.T.);
#1094 = VERTEX_POINT('',#1095);
#1095 = CARTESIAN_POINT('',(23.,8.E-15,34.));
#1096 = LINE('',#1097,#1098);
#1097 = CARTESIAN_POINT('',(23.,7.880754166279,34.));
#1098 = VECTOR('',#1099,1.);
#1099 = DIRECTION('',(0.,1.,0.));
#1100 = ORIENTED_EDGE('',*,*,#1101,.F.);
#1101 = EDGE_CURVE('',#1102,#1094,#1104,.T.);
#1102 = VERTEX_POINT('',#1103);
#1103 = CARTESIAN_POINT('',(27.4,6.E-15,34.));
#1104 = LINE('',#1105,#1106);
#1105 = CARTESIAN_POINT('',(97.859622143813,5.66E-15,34.));
#1106 = VECTOR('',#1107,1.);
#1107 = DIRECTION('',(-1.,0.,0.));
#1108 = ORIENTED_EDGE('',*,*,#1109,.F.);
#1109 = EDGE_CURVE('',#1110,#1102,#1112,.T.);
#1110 = VERTEX_POINT('',#1111);
#1111 = CARTESIAN_POINT('',(27.4,5.1,34.));
#1112 = LINE('',#1113,#1114);
#1113 = CARTESIAN_POINT('',(27.4,5.1,34.));
#1114 = VECTOR('',#1115,1.);
#1115 = DIRECTION('',(0.,-1.,0.));
#1116 = ORIENTED_EDGE('',*,*,#1117,.F.);
#1117 = EDGE_CURVE('',#1118,#1110,#1120,.T.);
#1118 = VERTEX_POINT('',#1119);
#1119 = CARTESIAN_POINT('',(42.600001,5.1,34.));
#1120 = LINE('',#1121,#1122);
#1121 = CARTESIAN_POINT('',(42.600001,5.1,34.));
#1122 = VECTOR('',#1123,1.);
#1123 = DIRECTION('',(-1.,0.,0.));
#1124 = ORIENTED_EDGE('',*,*,#1125,.F.);
#1125 = EDGE_CURVE('',#1126,#1118,#1128,.T.);
#1126 = VERTEX_POINT('',#1127);
#1127 = CARTESIAN_POINT('',(42.600001,6.E-15,34.));
#1128 = LINE('',#1129,#1130);
#1129 = CARTESIAN_POINT('',(42.600001,-1.E-01,34.));
#1130 = VECTOR('',#1131,1.);
#1131 = DIRECTION('',(0.,1.,0.));
#1132 = ORIENTED_EDGE('',*,*,#1133,.F.);
#1133 = EDGE_CURVE('',#1134,#1126,#1136,.T.);
#1134 = VERTEX_POINT('',#1135);
#1135 = CARTESIAN_POINT('',(47.,8.E-15,34.));
#1136 = LINE('',#1137,#1138);
#1137 = CARTESIAN_POINT('',(97.859622143813,5.66E-15,34.));
#1138 = VECTOR('',#1139,1.);
#1139 = DIRECTION('',(-1.,0.,0.));
#1140 = ORIENTED_EDGE('',*,*,#1141,.T.);
#1141 = EDGE_CURVE('',#1134,#1142,#1144,.T.);
#1142 = VERTEX_POINT('',#1143);
#1143 = CARTESIAN_POINT('',(47.,-16.,34.));
#1144 = LINE('',#1145,#1146);
#1145 = CARTESIAN_POINT('',(47.,7.880754166279,34.));
#1146 = VECTOR('',#1147,1.);
#1147 = DIRECTION('',(0.,-1.,0.));
#1148 = ORIENTED_EDGE('',*,*,#1149,.T.);
#1149 = EDGE_CURVE('',#1142,#1150,#1152,.T.);
#1150 = VERTEX_POINT('',#1151);
#1151 = CARTESIAN_POINT('',(113.,-16.,34.));
#1152 = LINE('',#1153,#1154);
#1153 = CARTESIAN_POINT('',(-7.,-16.,34.));
#1154 = VECTOR('',#1155,1.);
#1155 = DIRECTION('',(1.,0.,0.));
#1156 = ORIENTED_EDGE('',*,*,#1157,.T.);
#1157 = EDGE_CURVE('',#1150,#1158,#1160,.T.);
#1158 = VERTEX_POINT('',#1159);
#1159 = CARTESIAN_POINT('',(113.,8.E-15,34.));
#1160 = LINE('',#1161,#1162);
#1161 = CARTESIAN_POINT('',(113.,7.880754166279,34.));
#1162 = VECTOR('',#1163,1.);
#1163 = DIRECTION('',(0.,1.,0.));
#1164 = ORIENTED_EDGE('',*,*,#1165,.F.);
#1165 = EDGE_CURVE('',#1166,#1158,#1168,.T.);
#1166 = VERTEX_POINT('',#1167);
#1167 = CARTESIAN_POINT('',(117.400002,6.E-15,34.));
#1168 = LINE('',#1169,#1170);
#1169 = CARTESIAN_POINT('',(97.859622143813,5.66E-15,34.));
#1170 = VECTOR('',#1171,1.);
#1171 = DIRECTION('',(-1.,0.,0.));
#1172 = ORIENTED_EDGE('',*,*,#1173,.F.);
#1173 = EDGE_CURVE('',#1174,#1166,#1176,.T.);
#1174 = VERTEX_POINT('',#1175);
#1175 = CARTESIAN_POINT('',(117.400002,5.1,34.));
#1176 = LINE('',#1177,#1178);
#1177 = CARTESIAN_POINT('',(117.400002,5.1,34.));
#1178 = VECTOR('',#1179,1.);
#1179 = DIRECTION('',(0.,-1.,0.));
#1180 = ORIENTED_EDGE('',*,*,#1181,.F.);
#1181 = EDGE_CURVE('',#1182,#1174,#1184,.T.);
#1182 = VERTEX_POINT('',#1183);
#1183 = CARTESIAN_POINT('',(132.600002,5.1,34.));
#1184 = LINE('',#1185,#1186);
#1185 = CARTESIAN_POINT('',(132.600002,5.1,34.));
#1186 = VECTOR('',#1187,1.);
#1187 = DIRECTION('',(-1.,0.,0.));
#1188 = ORIENTED_EDGE('',*,*,#1189,.F.);
#1189 = EDGE_CURVE('',#1190,#1182,#1192,.T.);
#1190 = VERTEX_POINT('',#1191);
#1191 = CARTESIAN_POINT('',(132.600002,6.E-15,34.));
#1192 = LINE('',#1193,#1194);
#1193 = CARTESIAN_POINT('',(132.600002,-1.E-01,34.));
#1194 = VECTOR('',#1195,1.);
#1195 = DIRECTION('',(0.,1.,0.));
#1196 = ORIENTED_EDGE('',*,*,#1197,.F.);
#1197 = EDGE_CURVE('',#1198,#1190,#1200,.T.);
#1198 = VERTEX_POINT('',#1199);
#1199 = CARTESIAN_POINT('',(137.,8.E-15,34.));
#1200 = LINE('',#1201,#1202);
#1201 = CARTESIAN_POINT('',(97.859622143813,5.66E-15,34.));
#1202 = VECTOR('',#1203,1.);
#1203 = DIRECTION('',(-1.,0.,0.));
#1204 = ORIENTED_EDGE('',*,*,#1205,.T.);
#1205 = EDGE_CURVE('',#1198,#1206,#1208,.T.);
#1206 = VERTEX_POINT('',#1207);
#1207 = CARTESIAN_POINT('',(137.,-16.,34.));
#1208 = LINE('',#1209,#1210);
#1209 = CARTESIAN_POINT('',(137.,7.880754166279,34.));
#1210 = VECTOR('',#1211,1.);
#1211 = DIRECTION('',(0.,-1.,0.));
#1212 = ORIENTED_EDGE('',*,*,#1213,.T.);
#1213 = EDGE_CURVE('',#1206,#1214,#1216,.T.);
#1214 = VERTEX_POINT('',#1215);
#1215 = CARTESIAN_POINT('',(203.,-16.,34.));
#1216 = LINE('',#1217,#1218);
#1217 = CARTESIAN_POINT('',(-7.,-16.,34.));
#1218 = VECTOR('',#1219,1.);
#1219 = DIRECTION('',(1.,0.,0.));
#1220 = ORIENTED_EDGE('',*,*,#1221,.T.);
#1221 = EDGE_CURVE('',#1214,#1222,#1224,.T.);
#1222 = VERTEX_POINT('',#1223);
#1223 = CARTESIAN_POINT('',(203.,8.E-15,34.));
#1224 = LINE('',#1225,#1226);
#1225 = CARTESIAN_POINT('',(203.,7.880754166279,34.));
#1226 = VECTOR('',#1227,1.);
#1227 = DIRECTION('',(0.,1.,0.));
#1228 = ORIENTED_EDGE('',*,*,#1229,.F.);
#1229 = EDGE_CURVE('',#1230,#1222,#1232,.T.);
#1230 = VERTEX_POINT('',#1231);
#1231 = CARTESIAN_POINT('',(207.400003,6.E-15,34.));
#1232 = LINE('',#1233,#1234);
#1233 = CARTESIAN_POINT('',(97.859622143813,5.66E-15,34.));
#1234 = VECTOR('',#1235,1.);
#1235 = DIRECTION('',(-1.,0.,0.));
#1236 = ORIENTED_EDGE('',*,*,#1237,.F.);
#1237 = EDGE_CURVE('',#1238,#1230,#1240,.T.);
#1238 = VERTEX_POINT('',#1239);
#1239 = CARTESIAN_POINT('',(207.400003,5.1,34.));
#1240 = LINE('',#1241,#1242);
#1241 = CARTESIAN_POINT('',(207.400003,5.1,34.));
#1242 = VECTOR('',#1243,1.);
#1243 = DIRECTION('',(0.,-1.,0.));
#1244 = ORIENTED_EDGE('',*,*,#1245,.F.);
#1245 = EDGE_CURVE('',#1246,#1238,#1248,.T.);
#1246 = VERTEX_POINT('',#1247);
#1247 = CARTESIAN_POINT('',(222.600003,5.1,34.));
#1248 = LINE('',#1249,#1250);
#1249 = CARTESIAN_POINT('',(222.600003,5.1,34.));
#1250 = VECTOR('',#1251,1.);
#1251 = DIRECTION('',(-1.,0.,0.));
#1252 = ORIENTED_EDGE('',*,*,#1253,.F.);
#1253 = EDGE_CURVE('',#1254,#1246,#1256,.T.);
#1254 = VERTEX_POINT('',#1255);
#1255 = CARTESIAN_POINT('',(222.600003,6.E-15,34.));
#1256 = LINE('',#1257,#1258);
#1257 = CARTESIAN_POINT('',(222.600003,-1.E-01,34.));
#1258 = VECTOR('',#1259,1.);
#1259 = DIRECTION('',(0.,1.,0.));
#1260 = ORIENTED_EDGE('',*,*,#1261,.F.);
#1261 = EDGE_CURVE('',#1262,#1254,#1264,.T.);
#1262 = VERTEX_POINT('',#1263);
#1263 = CARTESIAN_POINT('',(227.,8.E-15,34.));
#1264 = LINE('',#1265,#1266);
#1265 = CARTESIAN_POINT('',(97.859622143813,5.66E-15,34.));
#1266 = VECTOR('',#1267,1.);
#1267 = DIRECTION('',(-1.,0.,0.));
#1268 = ORIENTED_EDGE('',*,*,#1269,.T.);
#1269 = EDGE_CURVE('',#1262,#1270,#1272,.T.);
#1270 = VERTEX_POINT('',#1271);
#1271 = CARTESIAN_POINT('',(227.,-16.,34.));
#1272 = LINE('',#1273,#1274);
#1273 = CARTESIAN_POINT('',(227.,7.880754166279,34.));
#1274 = VECTOR('',#1275,1.);
#1275 = DIRECTION('',(0.,-1.,0.));
#1276 = ORIENTED_EDGE('',*,*,#1277,.T.);
#1277 = EDGE_CURVE('',#1270,#406,#1278,.T.);
#1278 = LINE('',#1279,#1280);
#1279 = CARTESIAN_POINT('',(-7.,-16.,34.));
#1280 = VECTOR('',#1281,1.);
#1281 = DIRECTION('',(1.,0.,0.));
#1282 = FACE_BOUND('',#1283,.T.);
#1283 = EDGE_LOOP('',(#1284));
#1284 = ORIENTED_EDGE('',*,*,#1285,.F.);
#1285 = EDGE_CURVE('',#1286,#1286,#1288,.T.);
#1286 = VERTEX_POINT('',#1287);
#1287 = CARTESIAN_POINT('',(-6.,6.,34.));
#1288 = CIRCLE('',#1289,4.);
#1289 = AXIS2_PLACEMENT_3D('',#1290,#1291,#1292);
#1290 = CARTESIAN_POINT('',(-10.,6.,34.));
#1291 = DIRECTION('',(0.,0.,1.));
#1292 = DIRECTION('',(1.,0.,0.));
#1293 = FACE_BOUND('',#1294,.T.);
#1294 = EDGE_LOOP('',(#1295,#1305,#1313,#1321));
#1295 = ORIENTED_EDGE('',*,*,#1296,.F.);
#1296 = EDGE_CURVE('',#1297,#1299,#1301,.T.);
#1297 = VERTEX_POINT('',#1298);
#1298 = CARTESIAN_POINT('',(29.9,12.6,34.));
#1299 = VERTEX_POINT('',#1300);
#1300 = CARTESIAN_POINT('',(29.9,7.4,34.));
#1301 = LINE('',#1302,#1303);
#1302 = CARTESIAN_POINT('',(29.9,14.180754166279,34.));
#1303 = VECTOR('',#1304,1.);
#1304 = DIRECTION('',(0.,-1.,0.));
#1305 = ORIENTED_EDGE('',*,*,#1306,.F.);
#1306 = EDGE_CURVE('',#1307,#1297,#1309,.T.);
#1307 = VERTEX_POINT('',#1308);
#1308 = CARTESIAN_POINT('',(40.100001,12.6,34.));
#1309 = LINE('',#1310,#1311);
#1310 = CARTESIAN_POINT('',(55.409622643813,12.6,34.));
#1311 = VECTOR('',#1312,1.);
#1312 = DIRECTION('',(-1.,0.,0.));
#1313 = ORIENTED_EDGE('',*,*,#1314,.F.);
#1314 = EDGE_CURVE('',#1315,#1307,#1317,.T.);
#1315 = VERTEX_POINT('',#1316);
#1316 = CARTESIAN_POINT('',(40.100001,7.4,34.));
#1317 = LINE('',#1318,#1319);
#1318 = CARTESIAN_POINT('',(40.100001,11.580754166279,34.));
#1319 = VECTOR('',#1320,1.);
#1320 = DIRECTION('',(0.,1.,0.));
#1321 = ORIENTED_EDGE('',*,*,#1322,.F.);
#1322 = EDGE_CURVE('',#1299,#1315,#1323,.T.);
#1323 = LINE('',#1324,#1325);
#1324 = CARTESIAN_POINT('',(50.309622143813,7.4,34.));
#1325 = VECTOR('',#1326,1.);
#1326 = DIRECTION('',(1.,0.,0.));
#1327 = FACE_BOUND('',#1328,.T.);
#1328 = EDGE_LOOP('',(#1329));
#1329 = ORIENTED_EDGE('',*,*,#1330,.F.);
#1330 = EDGE_CURVE('',#1331,#1331,#1333,.T.);
#1331 = VERTEX_POINT('',#1332);
#1332 = CARTESIAN_POINT('',(83.,6.,34.));
#1333 = CIRCLE('',#1334,3.);
#1334 = AXIS2_PLACEMENT_3D('',#1335,#1336,#1337);
#1335 = CARTESIAN_POINT('',(80.,6.,34.));
#1336 = DIRECTION('',(0.,0.,1.));
#1337 = DIRECTION('',(1.,0.,0.));
#1338 = FACE_BOUND('',#1339,.T.);
#1339 = EDGE_LOOP('',(#1340,#1350,#1358,#1366));
#1340 = ORIENTED_EDGE('',*,*,#1341,.F.);
#1341 = EDGE_CURVE('',#1342,#1344,#1346,.T.);
#1342 = VERTEX_POINT('',#1343);
#1343 = CARTESIAN_POINT('',(119.900002,12.1,34.));
#1344 = VERTEX_POINT('',#1345);
#1345 = CARTESIAN_POINT('',(119.900002,6.9,34.));
#1346 = LINE('',#1347,#1348);
#1347 = CARTESIAN_POINT('',(119.900002,13.930754166279,34.));
#1348 = VECTOR('',#1349,1.);
#1349 = DIRECTION('',(0.,-1.,0.));
#1350 = ORIENTED_EDGE('',*,*,#1351,.F.);
#1351 = EDGE_CURVE('',#1352,#1342,#1354,.T.);
#1352 = VERTEX_POINT('',#1353);
#1353 = CARTESIAN_POINT('',(130.100002,12.1,34.));
#1354 = LINE('',#1355,#1356);
#1355 = CARTESIAN_POINT('',(100.40962314381,12.1,34.));
#1356 = VECTOR('',#1357,1.);
#1357 = DIRECTION('',(-1.,0.,0.));
#1358 = ORIENTED_EDGE('',*,*,#1359,.F.);
#1359 = EDGE_CURVE('',#1360,#1352,#1362,.T.);
#1360 = VERTEX_POINT('',#1361);
#1361 = CARTESIAN_POINT('',(130.100002,6.9,34.));
#1362 = LINE('',#1363,#1364);
#1363 = CARTESIAN_POINT('',(130.100002,11.330754166279,34.));
#1364 = VECTOR('',#1365,1.);
#1365 = DIRECTION('',(0.,1.,0.));
#1366 = ORIENTED_EDGE('',*,*,#1367,.F.);
#1367 = EDGE_CURVE('',#1344,#1360,#1368,.T.);
#1368 = LINE('',#1369,#1370);
#1369 = CARTESIAN_POINT('',(95.309623143813,6.9,34.));
#1370 = VECTOR('',#1371,1.);
#1371 = DIRECTION('',(1.,0.,0.));
#1372 = FACE_BOUND('',#1373,.T.);
#1373 = EDGE_LOOP('',(#1374));
#1374 = ORIENTED_EDGE('',*,*,#1375,.F.);
#1375 = EDGE_CURVE('',#1376,#1376,#1378,.T.);
#1376 = VERTEX_POINT('',#1377);
#1377 = CARTESIAN_POINT('',(173.,6.,34.));
#1378 = CIRCLE('',#1379,3.);
#1379 = AXIS2_PLACEMENT_3D('',#1380,#1381,#1382);
#1380 = CARTESIAN_POINT('',(170.,6.,34.));
#1381 = DIRECTION('',(0.,0.,1.));
#1382 = DIRECTION('',(1.,0.,0.));
#1383 = FACE_BOUND('',#1384,.T.);
#1384 = EDGE_LOOP('',(#1385,#1395,#1403,#1411));
#1385 = ORIENTED_EDGE('',*,*,#1386,.F.);
#1386 = EDGE_CURVE('',#1387,#1389,#1391,.T.);
#1387 = VERTEX_POINT('',#1388);
#1388 = CARTESIAN_POINT('',(209.900003,12.1,34.));
#1389 = VERTEX_POINT('',#1390);
#1390 = CARTESIAN_POINT('',(209.900003,6.9,34.));
#1391 = LINE('',#1392,#1393);
#1392 = CARTESIAN_POINT('',(209.900003,13.930754166279,34.));
#1393 = VECTOR('',#1394,1.);
#1394 = DIRECTION('',(0.,-1.,0.));
#1395 = ORIENTED_EDGE('',*,*,#1396,.F.);
#1396 = EDGE_CURVE('',#1397,#1387,#1399,.T.);
#1397 = VERTEX_POINT('',#1398);
#1398 = CARTESIAN_POINT('',(220.100003,12.1,34.));
#1399 = LINE('',#1400,#1401);
#1400 = CARTESIAN_POINT('',(145.40962364381,12.1,34.));
#1401 = VECTOR('',#1402,1.);
#1402 = DIRECTION('',(-1.,0.,0.));
#1403 = ORIENTED_EDGE('',*,*,#1404,.F.);
#1404 = EDGE_CURVE('',#1405,#1397,#1407,.T.);
#1405 = VERTEX_POINT('',#1406);
#1406 = CARTESIAN_POINT('',(220.100003,6.9,34.));
#1407 = LINE('',#1408,#1409);
#1408 = CARTESIAN_POINT('',(220.100003,11.330754166279,34.));
#1409 = VECTOR('',#1410,1.);
#1410 = DIRECTION('',(0.,1.,0.));
#1411 = ORIENTED_EDGE('',*,*,#1412,.F.);
#1412 = EDGE_CURVE('',#1389,#1405,#1413,.T.);
#1413 = LINE('',#1414,#1415);
#1414 = CARTESIAN_POINT('',(140.30962364381,6.9,34.));
#1415 = VECTOR('',#1416,1.);
#1416 = DIRECTION('',(1.,0.,0.));
#1417 = FACE_BOUND('',#1418,.T.);
#1418 = EDGE_LOOP('',(#1419));
#1419 = ORIENTED_EDGE('',*,*,#1420,.F.);
#1420 = EDGE_CURVE('',#1421,#1421,#1423,.T.);
#1421 = VERTEX_POINT('',#1422);
#1422 = CARTESIAN_POINT('',(-16.,90.,34.));
#1423 = CIRCLE('',#1424,4.);
#1424 = AXIS2_PLACEMENT_3D('',#1425,#1426,#1427);
#1425 = CARTESIAN_POINT('',(-20.,90.,34.));
#1426 = DIRECTION('',(0.,0.,1.));
#1427 = DIRECTION('',(1.,0.,0.));
#1428 = PLANE('',#1429);
#1429 = AXIS2_PLACEMENT_3D('',#1430,#1431,#1432);
#1430 = CARTESIAN_POINT('',(70.719244287625,15.761508332559,34.));
#1431 = DIRECTION('',(0.,0.,1.));
#1432 = DIRECTION('',(1.,0.,0.));
#1433 = ADVANCED_FACE('',(#1434),#1445,.F.);
#1434 = FACE_BOUND('',#1435,.F.);
#1435 = EDGE_LOOP('',(#1436,#1437,#1438,#1439));
#1436 = ORIENTED_EDGE('',*,*,#161,.F.);
#1437 = ORIENTED_EDGE('',*,*,#105,.F.);
#1438 = ORIENTED_EDGE('',*,*,#917,.F.);
#1439 = ORIENTED_EDGE('',*,*,#1440,.F.);
#1440 = EDGE_CURVE('',#154,#918,#1441,.T.);
#1441 = LINE('',#1442,#1443);
#1442 = CARTESIAN_POINT('',(-25.9,60.,24.61976049063));
#1443 = VECTOR('',#1444,1.);
#1444 = DIRECTION('',(0.,0.,1.));
#1445 = PLANE('',#1446);
#1446 = AXIS2_PLACEMENT_3D('',#1447,#1448,#1449);
#1447 = CARTESIAN_POINT('',(-25.9,58.,32.23952098126));
#1448 = DIRECTION('',(1.,0.,0.));
#1449 = DIRECTION('',(0.,0.,1.));
#1450 = ADVANCED_FACE('',(#1451),#1476,.F.);
#1451 = FACE_BOUND('',#1452,.F.);
#1452 = EDGE_LOOP('',(#1453,#1461,#1469,#1475));
#1453 = ORIENTED_EDGE('',*,*,#1454,.F.);
#1454 = EDGE_CURVE('',#1455,#136,#1457,.T.);
#1455 = VERTEX_POINT('',#1456);
#1456 = CARTESIAN_POINT('',(-37.,82.,19.));
#1457 = LINE('',#1458,#1459);
#1458 = CARTESIAN_POINT('',(-37.,65.875,2.875));
#1459 = VECTOR('',#1460,1.);
#1460 = DIRECTION('',(-0.,-0.707106781187,-0.707106781187));
#1461 = ORIENTED_EDGE('',*,*,#1462,.T.);
#1462 = EDGE_CURVE('',#1455,#1463,#1465,.T.);
#1463 = VERTEX_POINT('',#1464);
#1464 = CARTESIAN_POINT('',(-25.9,82.,19.));
#1465 = LINE('',#1466,#1467);
#1466 = CARTESIAN_POINT('',(-38.,82.,19.));
#1467 = VECTOR('',#1468,1.);
#1468 = DIRECTION('',(1.,0.,0.));
#1469 = ORIENTED_EDGE('',*,*,#1470,.T.);
#1470 = EDGE_CURVE('',#1463,#138,#1471,.T.);
#1471 = LINE('',#1472,#1473);
#1472 = CARTESIAN_POINT('',(-25.9,82.,19.));
#1473 = VECTOR('',#1474,1.);
#1474 = DIRECTION('',(0.,-0.707106781187,-0.707106781187));
#1475 = ORIENTED_EDGE('',*,*,#135,.F.);
#1476 = PLANE('',#1477);
#1477 = AXIS2_PLACEMENT_3D('',#1478,#1479,#1480);
#1478 = CARTESIAN_POINT('',(-38.,82.,19.));
#1479 = DIRECTION('',(0.,0.707106781187,-0.707106781187));
#1480 = DIRECTION('',(0.,-0.707106781187,-0.707106781187));
#1481 = ADVANCED_FACE('',(#1482),#1494,.F.);
#1482 = FACE_BOUND('',#1483,.F.);
#1483 = EDGE_LOOP('',(#1484,#1490,#1491,#1492,#1493));
#1484 = ORIENTED_EDGE('',*,*,#1485,.F.);
#1485 = EDGE_CURVE('',#846,#1463,#1486,.T.);
#1486 = LINE('',#1487,#1488);
#1487 = CARTESIAN_POINT('',(-25.9,82.,47.));
#1488 = VECTOR('',#1489,1.);
#1489 = DIRECTION('',(0.,0.,-1.));
#1490 = ORIENTED_EDGE('',*,*,#853,.F.);
#1491 = ORIENTED_EDGE('',*,*,#214,.F.);
#1492 = ORIENTED_EDGE('',*,*,#177,.F.);
#1493 = ORIENTED_EDGE('',*,*,#1470,.F.);
#1494 = PLANE('',#1495);
#1495 = AXIS2_PLACEMENT_3D('',#1496,#1497,#1498);
#1496 = CARTESIAN_POINT('',(-25.9,58.,32.23952098126));
#1497 = DIRECTION('',(1.,0.,0.));
#1498 = DIRECTION('',(0.,0.,1.));
#1499 = ADVANCED_FACE('',(#1500),#1527,.T.);
#1500 = FACE_BOUND('',#1501,.T.);
#1501 = EDGE_LOOP('',(#1502,#1503,#1504,#1512,#1520,#1526));
#1502 = ORIENTED_EDGE('',*,*,#1440,.F.);
#1503 = ORIENTED_EDGE('',*,*,#153,.T.);
#1504 = ORIENTED_EDGE('',*,*,#1505,.T.);
#1505 = EDGE_CURVE('',#146,#1506,#1508,.T.);
#1506 = VERTEX_POINT('',#1507);
#1507 = CARTESIAN_POINT('',(-37.,60.,39.));
#1508 = LINE('',#1509,#1510);
#1509 = CARTESIAN_POINT('',(-37.,60.,17.));
#1510 = VECTOR('',#1511,1.);
#1511 = DIRECTION('',(0.,0.,1.));
#1512 = ORIENTED_EDGE('',*,*,#1513,.F.);
#1513 = EDGE_CURVE('',#1514,#1506,#1516,.T.);
#1514 = VERTEX_POINT('',#1515);
#1515 = CARTESIAN_POINT('',(-21.,60.,39.));
#1516 = LINE('',#1517,#1518);
#1517 = CARTESIAN_POINT('',(-21.,60.,39.));
#1518 = VECTOR('',#1519,1.);
#1519 = DIRECTION('',(-1.,-0.,-0.));
#1520 = ORIENTED_EDGE('',*,*,#1521,.F.);
#1521 = EDGE_CURVE('',#926,#1514,#1522,.T.);
#1522 = LINE('',#1523,#1524);
#1523 = CARTESIAN_POINT('',(-21.,60.,17.));
#1524 = VECTOR('',#1525,1.);
#1525 = DIRECTION('',(0.,0.,1.));
#1526 = ORIENTED_EDGE('',*,*,#925,.T.);
#1527 = PLANE('',#1528);
#1528 = AXIS2_PLACEMENT_3D('',#1529,#1530,#1531);
#1529 = CARTESIAN_POINT('',(-21.,60.,17.));
#1530 = DIRECTION('',(0.,1.,0.));
#1531 = DIRECTION('',(0.,0.,1.));
#1532 = ADVANCED_FACE('',(#1533),#1591,.T.);
#1533 = FACE_BOUND('',#1534,.T.);
#1534 = EDGE_LOOP('',(#1535,#1545,#1553,#1561,#1569,#1575,#1576,#1577,
    #1578,#1584,#1585));
#1535 = ORIENTED_EDGE('',*,*,#1536,.F.);
#1536 = EDGE_CURVE('',#1537,#1539,#1541,.T.);
#1537 = VERTEX_POINT('',#1538);
#1538 = CARTESIAN_POINT('',(-37.,54.,13.));
#1539 = VERTEX_POINT('',#1540);
#1540 = CARTESIAN_POINT('',(-37.,95.,13.));
#1541 = LINE('',#1542,#1543);
#1542 = CARTESIAN_POINT('',(-37.,41.5,13.));
#1543 = VECTOR('',#1544,1.);
#1544 = DIRECTION('',(0.,1.,0.));
#1545 = ORIENTED_EDGE('',*,*,#1546,.F.);
#1546 = EDGE_CURVE('',#1547,#1537,#1549,.T.);
#1547 = VERTEX_POINT('',#1548);
#1548 = CARTESIAN_POINT('',(-37.,54.,17.));
#1549 = LINE('',#1550,#1551);
#1550 = CARTESIAN_POINT('',(-37.,54.,17.));
#1551 = VECTOR('',#1552,1.);
#1552 = DIRECTION('',(-0.,-0.,-1.));
#1553 = ORIENTED_EDGE('',*,*,#1554,.F.);
#1554 = EDGE_CURVE('',#1555,#1547,#1557,.T.);
#1555 = VERTEX_POINT('',#1556);
#1556 = CARTESIAN_POINT('',(-37.,56.,17.));
#1557 = LINE('',#1558,#1559);
#1558 = CARTESIAN_POINT('',(-37.,57.,17.));
#1559 = VECTOR('',#1560,1.);
#1560 = DIRECTION('',(-0.,-1.,-0.));
#1561 = ORIENTED_EDGE('',*,*,#1562,.F.);
#1562 = EDGE_CURVE('',#1563,#1555,#1565,.T.);
#1563 = VERTEX_POINT('',#1564);
#1564 = CARTESIAN_POINT('',(-37.,56.,39.));
#1565 = LINE('',#1566,#1567);
#1566 = CARTESIAN_POINT('',(-37.,56.,39.));
#1567 = VECTOR('',#1568,1.);
#1568 = DIRECTION('',(0.,0.,-1.));
#1569 = ORIENTED_EDGE('',*,*,#1570,.F.);
#1570 = EDGE_CURVE('',#1506,#1563,#1571,.T.);
#1571 = LINE('',#1572,#1573);
#1572 = CARTESIAN_POINT('',(-37.,60.,39.));
#1573 = VECTOR('',#1574,1.);
#1574 = DIRECTION('',(0.,-1.,0.));
#1575 = ORIENTED_EDGE('',*,*,#1505,.F.);
#1576 = ORIENTED_EDGE('',*,*,#145,.F.);
#1577 = ORIENTED_EDGE('',*,*,#1454,.F.);
#1578 = ORIENTED_EDGE('',*,*,#1579,.F.);
#1579 = EDGE_CURVE('',#838,#1455,#1580,.T.);
#1580 = LINE('',#1581,#1582);
#1581 = CARTESIAN_POINT('',(-37.,82.,24.75));
#1582 = VECTOR('',#1583,1.);
#1583 = DIRECTION('',(0.,0.,-1.));
#1584 = ORIENTED_EDGE('',*,*,#837,.T.);
#1585 = ORIENTED_EDGE('',*,*,#1586,.F.);
#1586 = EDGE_CURVE('',#1539,#830,#1587,.T.);
#1587 = LINE('',#1588,#1589);
#1588 = CARTESIAN_POINT('',(-37.,95.,2.5));
#1589 = VECTOR('',#1590,1.);
#1590 = DIRECTION('',(0.,0.,1.));
#1591 = PLANE('',#1592);
#1592 = AXIS2_PLACEMENT_3D('',#1593,#1594,#1595);
#1593 = CARTESIAN_POINT('',(-37.,72.943819029145,22.411718150706));
#1594 = DIRECTION('',(-1.,-0.,-0.));
#1595 = DIRECTION('',(0.,0.,-1.));
#1596 = ADVANCED_FACE('',(#1597),#1629,.F.);
#1597 = FACE_BOUND('',#1598,.F.);
#1598 = EDGE_LOOP('',(#1599,#1607,#1613,#1614,#1622,#1628));
#1599 = ORIENTED_EDGE('',*,*,#1600,.F.);
#1600 = EDGE_CURVE('',#1601,#1537,#1603,.T.);
#1601 = VERTEX_POINT('',#1602);
#1602 = CARTESIAN_POINT('',(-37.,49.,13.));
#1603 = LINE('',#1604,#1605);
#1604 = CARTESIAN_POINT('',(-37.,41.5,13.));
#1605 = VECTOR('',#1606,1.);
#1606 = DIRECTION('',(0.,1.,0.));
#1607 = ORIENTED_EDGE('',*,*,#1608,.T.);
#1608 = EDGE_CURVE('',#1601,#231,#1609,.T.);
#1609 = LINE('',#1610,#1611);
#1610 = CARTESIAN_POINT('',(-38.,49.,13.));
#1611 = VECTOR('',#1612,1.);
#1612 = DIRECTION('',(1.,0.,0.));
#1613 = ORIENTED_EDGE('',*,*,#230,.T.);
#1614 = ORIENTED_EDGE('',*,*,#1615,.T.);
#1615 = EDGE_CURVE('',#233,#1616,#1618,.T.);
#1616 = VERTEX_POINT('',#1617);
#1617 = CARTESIAN_POINT('',(-34.,98.,13.));
#1618 = LINE('',#1619,#1620);
#1619 = CARTESIAN_POINT('',(-28.,98.,13.));
#1620 = VECTOR('',#1621,1.);
#1621 = DIRECTION('',(-1.,0.,0.));
#1622 = ORIENTED_EDGE('',*,*,#1623,.F.);
#1623 = EDGE_CURVE('',#1539,#1616,#1624,.T.);
#1624 = LINE('',#1625,#1626);
#1625 = CARTESIAN_POINT('',(-48.75,83.25,13.));
#1626 = VECTOR('',#1627,1.);
#1627 = DIRECTION('',(0.707106781187,0.707106781187,0.));
#1628 = ORIENTED_EDGE('',*,*,#1536,.F.);
#1629 = PLANE('',#1630);
#1630 = AXIS2_PLACEMENT_3D('',#1631,#1632,#1633);
#1631 = CARTESIAN_POINT('',(-38.,49.,13.));
#1632 = DIRECTION('',(0.,0.,1.));
#1633 = DIRECTION('',(0.,1.,0.));
#1634 = ADVANCED_FACE('',(#1635),#1660,.F.);
#1635 = FACE_BOUND('',#1636,.F.);
#1636 = EDGE_LOOP('',(#1637,#1645,#1651,#1652,#1658,#1659));
#1637 = ORIENTED_EDGE('',*,*,#1638,.F.);
#1638 = EDGE_CURVE('',#1639,#264,#1641,.T.);
#1639 = VERTEX_POINT('',#1640);
#1640 = CARTESIAN_POINT('',(-18.,98.,2.5));
#1641 = LINE('',#1642,#1643);
#1642 = CARTESIAN_POINT('',(-18.,98.,2.5));
#1643 = VECTOR('',#1644,1.);
#1644 = DIRECTION('',(-1.,0.,0.));
#1645 = ORIENTED_EDGE('',*,*,#1646,.T.);
#1646 = EDGE_CURVE('',#1639,#814,#1647,.T.);
#1647 = LINE('',#1648,#1649);
#1648 = CARTESIAN_POINT('',(-18.,98.,2.5));
#1649 = VECTOR('',#1650,1.);
#1650 = DIRECTION('',(0.,0.,1.));
#1651 = ORIENTED_EDGE('',*,*,#821,.T.);
#1652 = ORIENTED_EDGE('',*,*,#1653,.F.);
#1653 = EDGE_CURVE('',#1616,#822,#1654,.T.);
#1654 = LINE('',#1655,#1656);
#1655 = CARTESIAN_POINT('',(-34.,98.,2.5));
#1656 = VECTOR('',#1657,1.);
#1657 = DIRECTION('',(0.,0.,1.));
#1658 = ORIENTED_EDGE('',*,*,#1615,.F.);
#1659 = ORIENTED_EDGE('',*,*,#271,.F.);
#1660 = PLANE('',#1661);
#1661 = AXIS2_PLACEMENT_3D('',#1662,#1663,#1664);
#1662 = CARTESIAN_POINT('',(-18.,98.,2.5));
#1663 = DIRECTION('',(0.,-1.,0.));
#1664 = DIRECTION('',(-1.,0.,0.));
#1665 = ADVANCED_FACE('',(#1666),#1696,.F.);
#1666 = FACE_BOUND('',#1667,.F.);
#1667 = EDGE_LOOP('',(#1668,#1669,#1677,#1684,#1691));
#1668 = ORIENTED_EDGE('',*,*,#248,.F.);
#1669 = ORIENTED_EDGE('',*,*,#1670,.T.);
#1670 = EDGE_CURVE('',#241,#1671,#1673,.T.);
#1671 = VERTEX_POINT('',#1672);
#1672 = CARTESIAN_POINT('',(-27.,36.,2.5));
#1673 = LINE('',#1674,#1675);
#1674 = CARTESIAN_POINT('',(-27.,52.,2.5));
#1675 = VECTOR('',#1676,1.);
#1676 = DIRECTION('',(0.,-1.,0.));
#1677 = ORIENTED_EDGE('',*,*,#1678,.T.);
#1678 = EDGE_CURVE('',#1671,#1679,#1681,.T.);
#1679 = VERTEX_POINT('',#1680);
#1680 = CARTESIAN_POINT('',(-26.09999975,36.900000749994,4.972731051213)
  );
#1681 = B_SPLINE_CURVE_WITH_KNOTS('',1,(#1682,#1683),.UNSPECIFIED.,.F.,
  .F.,(2,2),(0.,1.),.PIECEWISE_BEZIER_KNOTS.);
#1682 = CARTESIAN_POINT('',(-27.,36.,2.5));
#1683 = CARTESIAN_POINT('',(-25.9080892972,37.091910702799,5.5));
#1684 = ORIENTED_EDGE('',*,*,#1685,.T.);
#1685 = EDGE_CURVE('',#1679,#1686,#1688,.T.);
#1686 = VERTEX_POINT('',#1687);
#1687 = CARTESIAN_POINT('',(-26.10000025,51.10000075,4.972728303772));
#1688 = B_SPLINE_CURVE_WITH_KNOTS('',1,(#1689,#1690),.UNSPECIFIED.,.F.,
  .F.,(2,2),(0.,1.),.PIECEWISE_BEZIER_KNOTS.);
#1689 = CARTESIAN_POINT('',(-26.1,36.900001,4.972729677509));
#1690 = CARTESIAN_POINT('',(-26.1,51.1,4.972729677509));
#1691 = ORIENTED_EDGE('',*,*,#1692,.F.);
#1692 = EDGE_CURVE('',#249,#1686,#1693,.T.);
#1693 = B_SPLINE_CURVE_WITH_KNOTS('',1,(#1694,#1695),.UNSPECIFIED.,.F.,
  .F.,(2,2),(0.,1.),.PIECEWISE_BEZIER_KNOTS.);
#1694 = CARTESIAN_POINT('',(-27.,52.,2.5));
#1695 = CARTESIAN_POINT('',(-25.9080892972,50.908089297201,5.5));
#1696 = B_SPLINE_SURFACE_WITH_KNOTS('',1,1,(
    (#1697,#1698)
    ,(#1699,#1700
    )),.UNSPECIFIED.,.F.,.F.,.F.,(2,2),(2,2),(0.,16.),(0.,1.),
  .PIECEWISE_BEZIER_KNOTS.);
#1697 = CARTESIAN_POINT('',(-27.,52.,2.5));
#1698 = CARTESIAN_POINT('',(-25.9080892972,50.908089297201,5.5));
#1699 = CARTESIAN_POINT('',(-27.,36.,2.5));
#1700 = CARTESIAN_POINT('',(-25.9080892972,37.091910702799,5.5));
#1701 = ADVANCED_FACE('',(#1702,#1928,#1939),#1950,.T.);
#1702 = FACE_BOUND('',#1703,.T.);
#1703 = EDGE_LOOP('',(#1704,#1714,#1722,#1730,#1738,#1746,#1754,#1760,
    #1761,#1769,#1777,#1783,#1784,#1785,#1791,#1792,#1793,#1794,#1802,
    #1810,#1818,#1826,#1834,#1842,#1850,#1858,#1866,#1874,#1882,#1890,
    #1898,#1906,#1914,#1922));
#1704 = ORIENTED_EDGE('',*,*,#1705,.T.);
#1705 = EDGE_CURVE('',#1706,#1708,#1710,.T.);
#1706 = VERTEX_POINT('',#1707);
#1707 = CARTESIAN_POINT('',(23.,15.,2.5));
#1708 = VERTEX_POINT('',#1709);
#1709 = CARTESIAN_POINT('',(24.,15.,2.5));
#1710 = LINE('',#1711,#1712);
#1711 = CARTESIAN_POINT('',(23.,15.,2.5));
#1712 = VECTOR('',#1713,1.);
#1713 = DIRECTION('',(1.,0.,0.));
#1714 = ORIENTED_EDGE('',*,*,#1715,.T.);
#1715 = EDGE_CURVE('',#1708,#1716,#1718,.T.);
#1716 = VERTEX_POINT('',#1717);
#1717 = CARTESIAN_POINT('',(24.,-11.,2.5));
#1718 = LINE('',#1719,#1720);
#1719 = CARTESIAN_POINT('',(24.,17.158758880278,2.5));
#1720 = VECTOR('',#1721,1.);
#1721 = DIRECTION('',(0.,-1.,0.));
#1722 = ORIENTED_EDGE('',*,*,#1723,.F.);
#1723 = EDGE_CURVE('',#1724,#1716,#1726,.T.);
#1724 = VERTEX_POINT('',#1725);
#1725 = CARTESIAN_POINT('',(-7.,-11.,2.5));
#1726 = LINE('',#1727,#1728);
#1727 = CARTESIAN_POINT('',(154.47000320416,-11.,2.5));
#1728 = VECTOR('',#1729,1.);
#1729 = DIRECTION('',(1.,0.,0.));
#1730 = ORIENTED_EDGE('',*,*,#1731,.F.);
#1731 = EDGE_CURVE('',#1732,#1724,#1734,.T.);
#1732 = VERTEX_POINT('',#1733);
#1733 = CARTESIAN_POINT('',(-7.,-16.,2.5));
#1734 = LINE('',#1735,#1736);
#1735 = CARTESIAN_POINT('',(-7.,0.658758880278,2.5));
#1736 = VECTOR('',#1737,1.);
#1737 = DIRECTION('',(0.,1.,0.));
#1738 = ORIENTED_EDGE('',*,*,#1739,.T.);
#1739 = EDGE_CURVE('',#1732,#1740,#1742,.T.);
#1740 = VERTEX_POINT('',#1741);
#1741 = CARTESIAN_POINT('',(-37.,14.,2.5));
#1742 = LINE('',#1743,#1744);
#1743 = CARTESIAN_POINT('',(-7.,-16.,2.5));
#1744 = VECTOR('',#1745,1.);
#1745 = DIRECTION('',(-0.707106781187,0.707106781187,0.));
#1746 = ORIENTED_EDGE('',*,*,#1747,.F.);
#1747 = EDGE_CURVE('',#1748,#1740,#1750,.T.);
#1748 = VERTEX_POINT('',#1749);
#1749 = CARTESIAN_POINT('',(-37.,49.,2.5));
#1750 = LINE('',#1751,#1752);
#1751 = CARTESIAN_POINT('',(-37.,13.158758880278,2.5));
#1752 = VECTOR('',#1753,1.);
#1753 = DIRECTION('',(0.,-1.,0.));
#1754 = ORIENTED_EDGE('',*,*,#1755,.F.);
#1755 = EDGE_CURVE('',#241,#1748,#1756,.T.);
#1756 = LINE('',#1757,#1758);
#1757 = CARTESIAN_POINT('',(16.359622143813,49.,2.5));
#1758 = VECTOR('',#1759,1.);
#1759 = DIRECTION('',(-1.,0.,0.));
#1760 = ORIENTED_EDGE('',*,*,#1670,.T.);
#1761 = ORIENTED_EDGE('',*,*,#1762,.T.);
#1762 = EDGE_CURVE('',#1671,#1763,#1765,.T.);
#1763 = VERTEX_POINT('',#1764);
#1764 = CARTESIAN_POINT('',(-20.,36.,2.5));
#1765 = LINE('',#1766,#1767);
#1766 = CARTESIAN_POINT('',(-27.,36.,2.5));
#1767 = VECTOR('',#1768,1.);
#1768 = DIRECTION('',(1.,0.,0.));
#1769 = ORIENTED_EDGE('',*,*,#1770,.T.);
#1770 = EDGE_CURVE('',#1763,#1771,#1773,.T.);
#1771 = VERTEX_POINT('',#1772);
#1772 = CARTESIAN_POINT('',(-20.,52.,2.5));
#1773 = LINE('',#1774,#1775);
#1774 = CARTESIAN_POINT('',(-20.,36.,2.5));
#1775 = VECTOR('',#1776,1.);
#1776 = DIRECTION('',(0.,1.,0.));
#1777 = ORIENTED_EDGE('',*,*,#1778,.T.);
#1778 = EDGE_CURVE('',#1771,#249,#1779,.T.);
#1779 = LINE('',#1780,#1781);
#1780 = CARTESIAN_POINT('',(-20.,52.,2.5));
#1781 = VECTOR('',#1782,1.);
#1782 = DIRECTION('',(-1.,0.,0.));
#1783 = ORIENTED_EDGE('',*,*,#256,.T.);
#1784 = ORIENTED_EDGE('',*,*,#309,.T.);
#1785 = ORIENTED_EDGE('',*,*,#1786,.T.);
#1786 = EDGE_CURVE('',#310,#286,#1787,.T.);
#1787 = LINE('',#1788,#1789);
#1788 = CARTESIAN_POINT('',(-20.,64.,2.5));
#1789 = VECTOR('',#1790,1.);
#1790 = DIRECTION('',(0.,1.,0.));
#1791 = ORIENTED_EDGE('',*,*,#292,.T.);
#1792 = ORIENTED_EDGE('',*,*,#263,.T.);
#1793 = ORIENTED_EDGE('',*,*,#1638,.F.);
#1794 = ORIENTED_EDGE('',*,*,#1795,.F.);
#1795 = EDGE_CURVE('',#1796,#1639,#1798,.T.);
#1796 = VERTEX_POINT('',#1797);
#1797 = CARTESIAN_POINT('',(-12.,93.,2.5));
#1798 = LINE('',#1799,#1800);
#1799 = CARTESIAN_POINT('',(-12.,93.,2.5));
#1800 = VECTOR('',#1801,1.);
#1801 = DIRECTION('',(-0.768221279597,0.640184399664,0.));
#1802 = ORIENTED_EDGE('',*,*,#1803,.F.);
#1803 = EDGE_CURVE('',#1804,#1796,#1806,.T.);
#1804 = VERTEX_POINT('',#1805);
#1805 = CARTESIAN_POINT('',(-12.,92.,2.5));
#1806 = LINE('',#1807,#1808);
#1807 = CARTESIAN_POINT('',(-12.,92.,2.5));
#1808 = VECTOR('',#1809,1.);
#1809 = DIRECTION('',(0.,1.,0.));
#1810 = ORIENTED_EDGE('',*,*,#1811,.F.);
#1811 = EDGE_CURVE('',#1812,#1804,#1814,.T.);
#1812 = VERTEX_POINT('',#1813);
#1813 = CARTESIAN_POINT('',(-13.,86.,2.5));
#1814 = LINE('',#1815,#1816);
#1815 = CARTESIAN_POINT('',(-13.,86.,2.5));
#1816 = VECTOR('',#1817,1.);
#1817 = DIRECTION('',(0.164398987305,0.986393923832,0.));
#1818 = ORIENTED_EDGE('',*,*,#1819,.F.);
#1819 = EDGE_CURVE('',#1820,#1812,#1822,.T.);
#1820 = VERTEX_POINT('',#1821);
#1821 = CARTESIAN_POINT('',(-12.,83.,2.5));
#1822 = LINE('',#1823,#1824);
#1823 = CARTESIAN_POINT('',(-12.,83.,2.5));
#1824 = VECTOR('',#1825,1.);
#1825 = DIRECTION('',(-0.316227766017,0.948683298051,0.));
#1826 = ORIENTED_EDGE('',*,*,#1827,.F.);
#1827 = EDGE_CURVE('',#1828,#1820,#1830,.T.);
#1828 = VERTEX_POINT('',#1829);
#1829 = CARTESIAN_POINT('',(-12.,30.,2.5));
#1830 = LINE('',#1831,#1832);
#1831 = CARTESIAN_POINT('',(-12.,30.,2.5));
#1832 = VECTOR('',#1833,1.);
#1833 = DIRECTION('',(0.,1.,0.));
#1834 = ORIENTED_EDGE('',*,*,#1835,.F.);
#1835 = EDGE_CURVE('',#1836,#1828,#1838,.T.);
#1836 = VERTEX_POINT('',#1837);
#1837 = CARTESIAN_POINT('',(-26.,29.,2.5));
#1838 = LINE('',#1839,#1840);
#1839 = CARTESIAN_POINT('',(-26.,29.,2.5));
#1840 = VECTOR('',#1841,1.);
#1841 = DIRECTION('',(0.997458699831,7.124704998791E-02,0.));
#1842 = ORIENTED_EDGE('',*,*,#1843,.F.);
#1843 = EDGE_CURVE('',#1844,#1836,#1846,.T.);
#1844 = VERTEX_POINT('',#1845);
#1845 = CARTESIAN_POINT('',(-31.,26.,2.5));
#1846 = LINE('',#1847,#1848);
#1847 = CARTESIAN_POINT('',(-31.,26.,2.5));
#1848 = VECTOR('',#1849,1.);
#1849 = DIRECTION('',(0.857492925713,0.514495755428,0.));
#1850 = ORIENTED_EDGE('',*,*,#1851,.F.);
#1851 = EDGE_CURVE('',#1852,#1844,#1854,.T.);
#1852 = VERTEX_POINT('',#1853);
#1853 = CARTESIAN_POINT('',(-32.5,20.,2.5));
#1854 = LINE('',#1855,#1856);
#1855 = CARTESIAN_POINT('',(-32.5,20.,2.5));
#1856 = VECTOR('',#1857,1.);
#1857 = DIRECTION('',(0.242535625036,0.970142500145,0.));
#1858 = ORIENTED_EDGE('',*,*,#1859,.F.);
#1859 = EDGE_CURVE('',#1860,#1852,#1862,.T.);
#1860 = VERTEX_POINT('',#1861);
#1861 = CARTESIAN_POINT('',(-32.,16.,2.5));
#1862 = LINE('',#1863,#1864);
#1863 = CARTESIAN_POINT('',(-32.,16.,2.5));
#1864 = VECTOR('',#1865,1.);
#1865 = DIRECTION('',(-0.124034734589,0.992277876714,0.));
#1866 = ORIENTED_EDGE('',*,*,#1867,.F.);
#1867 = EDGE_CURVE('',#1868,#1860,#1870,.T.);
#1868 = VERTEX_POINT('',#1869);
#1869 = CARTESIAN_POINT('',(-29.,12.,2.5));
#1870 = LINE('',#1871,#1872);
#1871 = CARTESIAN_POINT('',(-29.,12.,2.5));
#1872 = VECTOR('',#1873,1.);
#1873 = DIRECTION('',(-0.6,0.8,0.));
#1874 = ORIENTED_EDGE('',*,*,#1875,.F.);
#1875 = EDGE_CURVE('',#1876,#1868,#1878,.T.);
#1876 = VERTEX_POINT('',#1877);
#1877 = CARTESIAN_POINT('',(-25.,10.,2.5));
#1878 = LINE('',#1879,#1880);
#1879 = CARTESIAN_POINT('',(-25.,10.,2.5));
#1880 = VECTOR('',#1881,1.);
#1881 = DIRECTION('',(-0.894427191,0.4472135955,0.));
#1882 = ORIENTED_EDGE('',*,*,#1883,.F.);
#1883 = EDGE_CURVE('',#1884,#1876,#1886,.T.);
#1884 = VERTEX_POINT('',#1885);
#1885 = CARTESIAN_POINT('',(-21.,10.,2.5));
#1886 = LINE('',#1887,#1888);
#1887 = CARTESIAN_POINT('',(-21.,10.,2.5));
#1888 = VECTOR('',#1889,1.);
#1889 = DIRECTION('',(-1.,0.,0.));
#1890 = ORIENTED_EDGE('',*,*,#1891,.F.);
#1891 = EDGE_CURVE('',#1892,#1884,#1894,.T.);
#1892 = VERTEX_POINT('',#1893);
#1893 = CARTESIAN_POINT('',(-15.,13.,2.5));
#1894 = LINE('',#1895,#1896);
#1895 = CARTESIAN_POINT('',(-15.,13.,2.5));
#1896 = VECTOR('',#1897,1.);
#1897 = DIRECTION('',(-0.894427191,-0.4472135955,0.));
#1898 = ORIENTED_EDGE('',*,*,#1899,.F.);
#1899 = EDGE_CURVE('',#1900,#1892,#1902,.T.);
#1900 = VERTEX_POINT('',#1901);
#1901 = CARTESIAN_POINT('',(-7.,13.,2.5));
#1902 = LINE('',#1903,#1904);
#1903 = CARTESIAN_POINT('',(-7.,13.,2.5));
#1904 = VECTOR('',#1905,1.);
#1905 = DIRECTION('',(-1.,0.,0.));
#1906 = ORIENTED_EDGE('',*,*,#1907,.F.);
#1907 = EDGE_CURVE('',#1908,#1900,#1910,.T.);
#1908 = VERTEX_POINT('',#1909);
#1909 = CARTESIAN_POINT('',(0.,10.,2.5));
#1910 = LINE('',#1911,#1912);
#1911 = CARTESIAN_POINT('',(0.,10.,2.5));
#1912 = VECTOR('',#1913,1.);
#1913 = DIRECTION('',(-0.919145030018,0.393919298579,0.));
#1914 = ORIENTED_EDGE('',*,*,#1915,.T.);
#1915 = EDGE_CURVE('',#1908,#1916,#1918,.T.);
#1916 = VERTEX_POINT('',#1917);
#1917 = CARTESIAN_POINT('',(18.,10.,2.5));
#1918 = LINE('',#1919,#1920);
#1919 = CARTESIAN_POINT('',(0.,10.,2.5));
#1920 = VECTOR('',#1921,1.);
#1921 = DIRECTION('',(1.,0.,0.));
#1922 = ORIENTED_EDGE('',*,*,#1923,.T.);
#1923 = EDGE_CURVE('',#1916,#1706,#1924,.T.);
#1924 = LINE('',#1925,#1926);
#1925 = CARTESIAN_POINT('',(18.,10.,2.5));
#1926 = VECTOR('',#1927,1.);
#1927 = DIRECTION('',(0.707106781187,0.707106781187,0.));
#1928 = FACE_BOUND('',#1929,.T.);
#1929 = EDGE_LOOP('',(#1930));
#1930 = ORIENTED_EDGE('',*,*,#1931,.T.);
#1931 = EDGE_CURVE('',#1932,#1932,#1934,.T.);
#1932 = VERTEX_POINT('',#1933);
#1933 = CARTESIAN_POINT('',(-6.,6.,2.5));
#1934 = CIRCLE('',#1935,4.);
#1935 = AXIS2_PLACEMENT_3D('',#1936,#1937,#1938);
#1936 = CARTESIAN_POINT('',(-10.,6.,2.5));
#1937 = DIRECTION('',(0.,0.,1.));
#1938 = DIRECTION('',(1.,0.,0.));
#1939 = FACE_BOUND('',#1940,.T.);
#1940 = EDGE_LOOP('',(#1941));
#1941 = ORIENTED_EDGE('',*,*,#1942,.T.);
#1942 = EDGE_CURVE('',#1943,#1943,#1945,.T.);
#1943 = VERTEX_POINT('',#1944);
#1944 = CARTESIAN_POINT('',(-16.,90.,2.5));
#1945 = CIRCLE('',#1946,4.);
#1946 = AXIS2_PLACEMENT_3D('',#1947,#1948,#1949);
#1947 = CARTESIAN_POINT('',(-20.,90.,2.5));
#1948 = DIRECTION('',(0.,0.,1.));
#1949 = DIRECTION('',(1.,0.,0.));
#1950 = PLANE('',#1951);
#1951 = AXIS2_PLACEMENT_3D('',#1952,#1953,#1954);
#1952 = CARTESIAN_POINT('',(73.94000640832,12.317517760556,2.5));
#1953 = DIRECTION('',(-0.,-0.,-1.));
#1954 = DIRECTION('',(-1.,0.,0.));
#1955 = ADVANCED_FACE('',(#1956),#1967,.T.);
#1956 = FACE_BOUND('',#1957,.T.);
#1957 = EDGE_LOOP('',(#1958,#1964,#1965,#1966));
#1958 = ORIENTED_EDGE('',*,*,#1959,.F.);
#1959 = EDGE_CURVE('',#1601,#1748,#1960,.T.);
#1960 = LINE('',#1961,#1962);
#1961 = CARTESIAN_POINT('',(-37.,49.,7.75));
#1962 = VECTOR('',#1963,1.);
#1963 = DIRECTION('',(0.,0.,-1.));
#1964 = ORIENTED_EDGE('',*,*,#1608,.T.);
#1965 = ORIENTED_EDGE('',*,*,#240,.T.);
#1966 = ORIENTED_EDGE('',*,*,#1755,.T.);
#1967 = PLANE('',#1968);
#1968 = AXIS2_PLACEMENT_3D('',#1969,#1970,#1971);
#1969 = CARTESIAN_POINT('',(-38.,49.,13.));
#1970 = DIRECTION('',(0.,1.,0.));
#1971 = DIRECTION('',(0.,0.,-1.));
#1972 = ADVANCED_FACE('',(#1973),#1979,.F.);
#1973 = FACE_BOUND('',#1974,.F.);
#1974 = EDGE_LOOP('',(#1975,#1976,#1977,#1978));
#1975 = ORIENTED_EDGE('',*,*,#317,.F.);
#1976 = ORIENTED_EDGE('',*,*,#1786,.T.);
#1977 = ORIENTED_EDGE('',*,*,#285,.T.);
#1978 = ORIENTED_EDGE('',*,*,#331,.T.);
#1979 = B_SPLINE_SURFACE_WITH_KNOTS('',1,1,(
    (#1980,#1981)
    ,(#1982,#1983
    )),.UNSPECIFIED.,.F.,.F.,.F.,(2,2),(2,2),(0.,16.),(0.,1.),
  .PIECEWISE_BEZIER_KNOTS.);
#1980 = CARTESIAN_POINT('',(-20.,64.,2.5));
#1981 = CARTESIAN_POINT('',(-21.09191070279,65.091910702799,5.5));
#1982 = CARTESIAN_POINT('',(-20.,80.,2.5));
#1983 = CARTESIAN_POINT('',(-21.09191070279,78.908089297201,5.5));
#1984 = ADVANCED_FACE('',(#1985),#2004,.F.);
#1985 = FACE_BOUND('',#1986,.F.);
#1986 = EDGE_LOOP('',(#1987,#1996,#2002,#2003));
#1987 = ORIENTED_EDGE('',*,*,#1988,.F.);
#1988 = EDGE_CURVE('',#1989,#862,#1991,.T.);
#1989 = VERTEX_POINT('',#1990);
#1990 = CARTESIAN_POINT('',(-18.6,75.5,32.));
#1991 = CIRCLE('',#1992,3.5);
#1992 = AXIS2_PLACEMENT_3D('',#1993,#1994,#1995);
#1993 = CARTESIAN_POINT('',(-18.6,72.,32.));
#1994 = DIRECTION('',(1.,0.,0.));
#1995 = DIRECTION('',(0.,1.,0.));
#1996 = ORIENTED_EDGE('',*,*,#1997,.T.);
#1997 = EDGE_CURVE('',#1989,#372,#1998,.T.);
#1998 = LINE('',#1999,#2000);
#1999 = CARTESIAN_POINT('',(-18.,75.5,32.));
#2000 = VECTOR('',#2001,1.);
#2001 = DIRECTION('',(-1.,-0.,-0.));
#2002 = ORIENTED_EDGE('',*,*,#379,.T.);
#2003 = ORIENTED_EDGE('',*,*,#861,.T.);
#2004 = CYLINDRICAL_SURFACE('',#2005,3.5);
#2005 = AXIS2_PLACEMENT_3D('',#2006,#2007,#2008);
#2006 = CARTESIAN_POINT('',(-18.,72.,32.));
#2007 = DIRECTION('',(1.,0.,0.));
#2008 = DIRECTION('',(0.,1.,0.));
#2009 = ADVANCED_FACE('',(#2010),#2028,.T.);
#2010 = FACE_BOUND('',#2011,.T.);
#2011 = EDGE_LOOP('',(#2012,#2020,#2021,#2022));
#2012 = ORIENTED_EDGE('',*,*,#2013,.T.);
#2013 = EDGE_CURVE('',#2014,#1989,#2016,.T.);
#2014 = VERTEX_POINT('',#2015);
#2015 = CARTESIAN_POINT('',(-18.6,75.5,26.999998787564));
#2016 = LINE('',#2017,#2018);
#2017 = CARTESIAN_POINT('',(-18.6,75.5,36.5));
#2018 = VECTOR('',#2019,1.);
#2019 = DIRECTION('',(0.,0.,1.));
#2020 = ORIENTED_EDGE('',*,*,#1997,.T.);
#2021 = ORIENTED_EDGE('',*,*,#371,.F.);
#2022 = ORIENTED_EDGE('',*,*,#2023,.F.);
#2023 = EDGE_CURVE('',#2014,#363,#2024,.T.);
#2024 = LINE('',#2025,#2026);
#2025 = CARTESIAN_POINT('',(-18.,75.5,26.999998787564));
#2026 = VECTOR('',#2027,1.);
#2027 = DIRECTION('',(-1.,-0.,-0.));
#2028 = PLANE('',#2029);
#2029 = AXIS2_PLACEMENT_3D('',#2030,#2031,#2032);
#2030 = CARTESIAN_POINT('',(-18.,75.5,32.));
#2031 = DIRECTION('',(0.,-1.,0.));
#2032 = DIRECTION('',(0.,0.,-1.));
#2033 = ADVANCED_FACE('',(#2034),#2087,.F.);
#2034 = FACE_BOUND('',#2035,.F.);
#2035 = EDGE_LOOP('',(#2036,#2047,#2053,#2054,#2055,#2064,#2072,#2081));
#2036 = ORIENTED_EDGE('',*,*,#2037,.F.);
#2037 = EDGE_CURVE('',#2038,#2040,#2042,.T.);
#2038 = VERTEX_POINT('',#2039);
#2039 = CARTESIAN_POINT('',(-18.6,68.5,26.999998787564));
#2040 = VERTEX_POINT('',#2041);
#2041 = CARTESIAN_POINT('',(-18.6,69.656923751846,24.4));
#2042 = CIRCLE('',#2043,3.5);
#2043 = AXIS2_PLACEMENT_3D('',#2044,#2045,#2046);
#2044 = CARTESIAN_POINT('',(-18.6,72.,26.999998787564));
#2045 = DIRECTION('',(1.,0.,0.));
#2046 = DIRECTION('',(0.,1.,0.));
#2047 = ORIENTED_EDGE('',*,*,#2048,.T.);
#2048 = EDGE_CURVE('',#2038,#355,#2049,.T.);
#2049 = LINE('',#2050,#2051);
#2050 = CARTESIAN_POINT('',(-18.,68.5,26.999998787564));
#2051 = VECTOR('',#2052,1.);
#2052 = DIRECTION('',(-1.,-0.,-0.));
#2053 = ORIENTED_EDGE('',*,*,#362,.T.);
#2054 = ORIENTED_EDGE('',*,*,#2023,.F.);
#2055 = ORIENTED_EDGE('',*,*,#2056,.F.);
#2056 = EDGE_CURVE('',#2057,#2014,#2059,.T.);
#2057 = VERTEX_POINT('',#2058);
#2058 = CARTESIAN_POINT('',(-18.6,74.343076248154,24.4));
#2059 = CIRCLE('',#2060,3.5);
#2060 = AXIS2_PLACEMENT_3D('',#2061,#2062,#2063);
#2061 = CARTESIAN_POINT('',(-18.6,72.,26.999998787564));
#2062 = DIRECTION('',(1.,0.,0.));
#2063 = DIRECTION('',(0.,1.,0.));
#2064 = ORIENTED_EDGE('',*,*,#2065,.T.);
#2065 = EDGE_CURVE('',#2057,#2066,#2068,.T.);
#2066 = VERTEX_POINT('',#2067);
#2067 = CARTESIAN_POINT('',(-18.,74.343076248155,24.4));
#2068 = LINE('',#2069,#2070);
#2069 = CARTESIAN_POINT('',(-18.,74.343076248155,24.4));
#2070 = VECTOR('',#2071,1.);
#2071 = DIRECTION('',(1.,0.,0.));
#2072 = ORIENTED_EDGE('',*,*,#2073,.F.);
#2073 = EDGE_CURVE('',#2074,#2066,#2076,.T.);
#2074 = VERTEX_POINT('',#2075);
#2075 = CARTESIAN_POINT('',(-18.,69.656923751846,24.4));
#2076 = CIRCLE('',#2077,3.5);
#2077 = AXIS2_PLACEMENT_3D('',#2078,#2079,#2080);
#2078 = CARTESIAN_POINT('',(-18.,72.,26.999998787564));
#2079 = DIRECTION('',(1.,0.,0.));
#2080 = DIRECTION('',(0.,1.,0.));
#2081 = ORIENTED_EDGE('',*,*,#2082,.F.);
#2082 = EDGE_CURVE('',#2040,#2074,#2083,.T.);
#2083 = LINE('',#2084,#2085);
#2084 = CARTESIAN_POINT('',(-18.,69.656923751846,24.4));
#2085 = VECTOR('',#2086,1.);
#2086 = DIRECTION('',(1.,0.,0.));
#2087 = CYLINDRICAL_SURFACE('',#2088,3.5);
#2088 = AXIS2_PLACEMENT_3D('',#2089,#2090,#2091);
#2089 = CARTESIAN_POINT('',(-18.,72.,26.999998787564));
#2090 = DIRECTION('',(1.,0.,0.));
#2091 = DIRECTION('',(0.,1.,0.));
#2092 = ADVANCED_FACE('',(#2093),#2111,.F.);
#2093 = FACE_BOUND('',#2094,.F.);
#2094 = EDGE_LOOP('',(#2095,#2103,#2109,#2110));
#2095 = ORIENTED_EDGE('',*,*,#2096,.T.);
#2096 = EDGE_CURVE('',#2038,#2097,#2099,.T.);
#2097 = VERTEX_POINT('',#2098);
#2098 = CARTESIAN_POINT('',(-18.6,68.5,32.));
#2099 = LINE('',#2100,#2101);
#2100 = CARTESIAN_POINT('',(-18.6,68.500000000001,36.5));
#2101 = VECTOR('',#2102,1.);
#2102 = DIRECTION('',(0.,1.705E-14,1.));
#2103 = ORIENTED_EDGE('',*,*,#2104,.T.);
#2104 = EDGE_CURVE('',#2097,#346,#2105,.T.);
#2105 = LINE('',#2106,#2107);
#2106 = CARTESIAN_POINT('',(-18.,68.5,32.));
#2107 = VECTOR('',#2108,1.);
#2108 = DIRECTION('',(-1.,-0.,-0.));
#2109 = ORIENTED_EDGE('',*,*,#354,.F.);
#2110 = ORIENTED_EDGE('',*,*,#2048,.F.);
#2111 = PLANE('',#2112);
#2112 = AXIS2_PLACEMENT_3D('',#2113,#2114,#2115);
#2113 = CARTESIAN_POINT('',(-18.,68.5,32.));
#2114 = DIRECTION('',(0.,-1.,1.705E-14));
#2115 = DIRECTION('',(0.,-1.705E-14,-1.));
#2116 = ADVANCED_FACE('',(#2117),#2129,.F.);
#2117 = FACE_BOUND('',#2118,.F.);
#2118 = EDGE_LOOP('',(#2119,#2120,#2127,#2128));
#2119 = ORIENTED_EDGE('',*,*,#2104,.F.);
#2120 = ORIENTED_EDGE('',*,*,#2121,.F.);
#2121 = EDGE_CURVE('',#902,#2097,#2122,.T.);
#2122 = CIRCLE('',#2123,3.5);
#2123 = AXIS2_PLACEMENT_3D('',#2124,#2125,#2126);
#2124 = CARTESIAN_POINT('',(-18.6,72.,32.));
#2125 = DIRECTION('',(1.,0.,0.));
#2126 = DIRECTION('',(0.,1.,0.));
#2127 = ORIENTED_EDGE('',*,*,#909,.F.);
#2128 = ORIENTED_EDGE('',*,*,#345,.T.);
#2129 = CYLINDRICAL_SURFACE('',#2130,3.5);
#2130 = AXIS2_PLACEMENT_3D('',#2131,#2132,#2133);
#2131 = CARTESIAN_POINT('',(-18.,72.,32.));
#2132 = DIRECTION('',(1.,0.,0.));
#2133 = DIRECTION('',(0.,1.,0.));
#2134 = ADVANCED_FACE('',(#2135),#2176,.T.);
#2135 = FACE_BOUND('',#2136,.T.);
#2136 = EDGE_LOOP('',(#2137,#2147,#2153,#2154,#2162,#2170));
#2137 = ORIENTED_EDGE('',*,*,#2138,.F.);
#2138 = EDGE_CURVE('',#2139,#2141,#2143,.T.);
#2139 = VERTEX_POINT('',#2140);
#2140 = CARTESIAN_POINT('',(235.,-1.,2.5));
#2141 = VERTEX_POINT('',#2142);
#2142 = CARTESIAN_POINT('',(235.,-11.,2.5));
#2143 = LINE('',#2144,#2145);
#2144 = CARTESIAN_POINT('',(235.,-1.,2.5));
#2145 = VECTOR('',#2146,1.);
#2146 = DIRECTION('',(0.,-1.,0.));
#2147 = ORIENTED_EDGE('',*,*,#2148,.T.);
#2148 = EDGE_CURVE('',#2139,#404,#2149,.T.);
#2149 = LINE('',#2150,#2151);
#2150 = CARTESIAN_POINT('',(235.,-1.,2.5));
#2151 = VECTOR('',#2152,1.);
#2152 = DIRECTION('',(0.,0.,1.));
#2153 = ORIENTED_EDGE('',*,*,#403,.T.);
#2154 = ORIENTED_EDGE('',*,*,#2155,.F.);
#2155 = EDGE_CURVE('',#2156,#406,#2158,.T.);
#2156 = VERTEX_POINT('',#2157);
#2157 = CARTESIAN_POINT('',(235.,-16.,-16.));
#2158 = LINE('',#2159,#2160);
#2159 = CARTESIAN_POINT('',(235.,-16.,2.5));
#2160 = VECTOR('',#2161,1.);
#2161 = DIRECTION('',(0.,0.,1.));
#2162 = ORIENTED_EDGE('',*,*,#2163,.T.);
#2163 = EDGE_CURVE('',#2156,#2164,#2166,.T.);
#2164 = VERTEX_POINT('',#2165);
#2165 = CARTESIAN_POINT('',(235.,-11.,-16.));
#2166 = LINE('',#2167,#2168);
#2167 = CARTESIAN_POINT('',(235.,-5.693181818182,-16.));
#2168 = VECTOR('',#2169,1.);
#2169 = DIRECTION('',(0.,1.,-2.2E-16));
#2170 = ORIENTED_EDGE('',*,*,#2171,.F.);
#2171 = EDGE_CURVE('',#2141,#2164,#2172,.T.);
#2172 = LINE('',#2173,#2174);
#2173 = CARTESIAN_POINT('',(235.,-11.,17.));
#2174 = VECTOR('',#2175,1.);
#2175 = DIRECTION('',(-0.,-0.,-1.));
#2176 = PLANE('',#2177);
#2177 = AXIS2_PLACEMENT_3D('',#2178,#2179,#2180);
#2178 = CARTESIAN_POINT('',(235.,-11.38636363636,-10.61363636363));
#2179 = DIRECTION('',(1.,0.,0.));
#2180 = DIRECTION('',(0.,0.,1.));
#2181 = ADVANCED_FACE('',(#2182,#2355,#2366,#2377,#2388,#2399,#2410),
  #2421,.T.);
#2182 = FACE_BOUND('',#2183,.T.);
#2183 = EDGE_LOOP('',(#2184,#2192,#2200,#2208,#2216,#2224,#2232,#2240,
    #2248,#2256,#2264,#2272,#2278,#2279,#2280,#2288,#2296,#2302,#2303,
    #2311,#2319,#2325,#2326,#2334,#2342,#2348,#2349));
#2184 = ORIENTED_EDGE('',*,*,#2185,.T.);
#2185 = EDGE_CURVE('',#1732,#2186,#2188,.T.);
#2186 = VERTEX_POINT('',#2187);
#2187 = CARTESIAN_POINT('',(-7.,-16.,-61.));
#2188 = LINE('',#2189,#2190);
#2189 = CARTESIAN_POINT('',(-7.,-16.,17.));
#2190 = VECTOR('',#2191,1.);
#2191 = DIRECTION('',(-0.,-0.,-1.));
#2192 = ORIENTED_EDGE('',*,*,#2193,.T.);
#2193 = EDGE_CURVE('',#2186,#2194,#2196,.T.);
#2194 = VERTEX_POINT('',#2195);
#2195 = CARTESIAN_POINT('',(41.,-16.,-61.));
#2196 = LINE('',#2197,#2198);
#2197 = CARTESIAN_POINT('',(-7.,-16.,-61.));
#2198 = VECTOR('',#2199,1.);
#2199 = DIRECTION('',(1.,0.,0.));
#2200 = ORIENTED_EDGE('',*,*,#2201,.T.);
#2201 = EDGE_CURVE('',#2194,#2202,#2204,.T.);
#2202 = VERTEX_POINT('',#2203);
#2203 = CARTESIAN_POINT('',(41.,-16.,4.E-15));
#2204 = LINE('',#2205,#2206);
#2205 = CARTESIAN_POINT('',(41.,-16.,-6.75));
#2206 = VECTOR('',#2207,1.);
#2207 = DIRECTION('',(0.,0.,1.));
#2208 = ORIENTED_EDGE('',*,*,#2209,.T.);
#2209 = EDGE_CURVE('',#2202,#2210,#2212,.T.);
#2210 = VERTEX_POINT('',#2211);
#2211 = CARTESIAN_POINT('',(90.,-16.,4.E-15));
#2212 = LINE('',#2213,#2214);
#2213 = CARTESIAN_POINT('',(102.,-16.,3.55E-15));
#2214 = VECTOR('',#2215,1.);
#2215 = DIRECTION('',(1.,0.,0.));
#2216 = ORIENTED_EDGE('',*,*,#2217,.T.);
#2217 = EDGE_CURVE('',#2210,#2218,#2220,.T.);
#2218 = VERTEX_POINT('',#2219);
#2219 = CARTESIAN_POINT('',(90.,-16.,-61.));
#2220 = LINE('',#2221,#2222);
#2221 = CARTESIAN_POINT('',(90.,-16.,-37.25));
#2222 = VECTOR('',#2223,1.);
#2223 = DIRECTION('',(0.,0.,-1.));
#2224 = ORIENTED_EDGE('',*,*,#2225,.T.);
#2225 = EDGE_CURVE('',#2218,#2226,#2228,.T.);
#2226 = VERTEX_POINT('',#2227);
#2227 = CARTESIAN_POINT('',(131.,-16.,-61.));
#2228 = LINE('',#2229,#2230);
#2229 = CARTESIAN_POINT('',(-7.,-16.,-61.));
#2230 = VECTOR('',#2231,1.);
#2231 = DIRECTION('',(1.,0.,0.));
#2232 = ORIENTED_EDGE('',*,*,#2233,.T.);
#2233 = EDGE_CURVE('',#2226,#2234,#2236,.T.);
#2234 = VERTEX_POINT('',#2235);
#2235 = CARTESIAN_POINT('',(131.,-16.,4.E-15));
#2236 = LINE('',#2237,#2238);
#2237 = CARTESIAN_POINT('',(131.,-16.,-6.75));
#2238 = VECTOR('',#2239,1.);
#2239 = DIRECTION('',(0.,0.,1.));
#2240 = ORIENTED_EDGE('',*,*,#2241,.T.);
#2241 = EDGE_CURVE('',#2234,#2242,#2244,.T.);
#2242 = VERTEX_POINT('',#2243);
#2243 = CARTESIAN_POINT('',(180.,-16.,4.E-15));
#2244 = LINE('',#2245,#2246);
#2245 = CARTESIAN_POINT('',(147.,-16.,3.55E-15));
#2246 = VECTOR('',#2247,1.);
#2247 = DIRECTION('',(1.,0.,0.));
#2248 = ORIENTED_EDGE('',*,*,#2249,.T.);
#2249 = EDGE_CURVE('',#2242,#2250,#2252,.T.);
#2250 = VERTEX_POINT('',#2251);
#2251 = CARTESIAN_POINT('',(180.,-16.,-61.));
#2252 = LINE('',#2253,#2254);
#2253 = CARTESIAN_POINT('',(180.,-16.,-37.25));
#2254 = VECTOR('',#2255,1.);
#2255 = DIRECTION('',(0.,0.,-1.));
#2256 = ORIENTED_EDGE('',*,*,#2257,.T.);
#2257 = EDGE_CURVE('',#2250,#2258,#2260,.T.);
#2258 = VERTEX_POINT('',#2259);
#2259 = CARTESIAN_POINT('',(220.,-16.,-61.));
#2260 = LINE('',#2261,#2262);
#2261 = CARTESIAN_POINT('',(-7.,-16.,-61.));
#2262 = VECTOR('',#2263,1.);
#2263 = DIRECTION('',(1.,0.,0.));
#2264 = ORIENTED_EDGE('',*,*,#2265,.T.);
#2265 = EDGE_CURVE('',#2258,#2266,#2268,.T.);
#2266 = VERTEX_POINT('',#2267);
#2267 = CARTESIAN_POINT('',(220.,-16.,-16.));
#2268 = LINE('',#2269,#2270);
#2269 = CARTESIAN_POINT('',(220.,-16.,-14.75));
#2270 = VECTOR('',#2271,1.);
#2271 = DIRECTION('',(0.,0.,1.));
#2272 = ORIENTED_EDGE('',*,*,#2273,.T.);
#2273 = EDGE_CURVE('',#2266,#2156,#2274,.T.);
#2274 = LINE('',#2275,#2276);
#2275 = CARTESIAN_POINT('',(177.,-16.,-16.));
#2276 = VECTOR('',#2277,1.);
#2277 = DIRECTION('',(1.,0.,0.));
#2278 = ORIENTED_EDGE('',*,*,#2155,.T.);
#2279 = ORIENTED_EDGE('',*,*,#1277,.F.);
#2280 = ORIENTED_EDGE('',*,*,#2281,.T.);
#2281 = EDGE_CURVE('',#1270,#2282,#2284,.T.);
#2282 = VERTEX_POINT('',#2283);
#2283 = CARTESIAN_POINT('',(227.,-16.,13.));
#2284 = LINE('',#2285,#2286);
#2285 = CARTESIAN_POINT('',(227.,-16.,-0.25));
#2286 = VECTOR('',#2287,1.);
#2287 = DIRECTION('',(0.,0.,-1.));
#2288 = ORIENTED_EDGE('',*,*,#2289,.T.);
#2289 = EDGE_CURVE('',#2282,#2290,#2292,.T.);
#2290 = VERTEX_POINT('',#2291);
#2291 = CARTESIAN_POINT('',(203.,-16.,13.));
#2292 = LINE('',#2293,#2294);
#2293 = CARTESIAN_POINT('',(158.5,-16.,13.));
#2294 = VECTOR('',#2295,1.);
#2295 = DIRECTION('',(-1.,0.,0.));
#2296 = ORIENTED_EDGE('',*,*,#2297,.T.);
#2297 = EDGE_CURVE('',#2290,#1214,#2298,.T.);
#2298 = LINE('',#2299,#2300);
#2299 = CARTESIAN_POINT('',(203.,-16.,13.75));
#2300 = VECTOR('',#2301,1.);
#2301 = DIRECTION('',(0.,0.,1.));
#2302 = ORIENTED_EDGE('',*,*,#1213,.F.);
#2303 = ORIENTED_EDGE('',*,*,#2304,.T.);
#2304 = EDGE_CURVE('',#1206,#2305,#2307,.T.);
#2305 = VERTEX_POINT('',#2306);
#2306 = CARTESIAN_POINT('',(137.,-16.,13.));
#2307 = LINE('',#2308,#2309);
#2308 = CARTESIAN_POINT('',(137.,-16.,-0.25));
#2309 = VECTOR('',#2310,1.);
#2310 = DIRECTION('',(0.,0.,-1.));
#2311 = ORIENTED_EDGE('',*,*,#2312,.T.);
#2312 = EDGE_CURVE('',#2305,#2313,#2315,.T.);
#2313 = VERTEX_POINT('',#2314);
#2314 = CARTESIAN_POINT('',(113.,-16.,13.));
#2315 = LINE('',#2316,#2317);
#2316 = CARTESIAN_POINT('',(113.5,-16.,13.));
#2317 = VECTOR('',#2318,1.);
#2318 = DIRECTION('',(-1.,0.,0.));
#2319 = ORIENTED_EDGE('',*,*,#2320,.T.);
#2320 = EDGE_CURVE('',#2313,#1150,#2321,.T.);
#2321 = LINE('',#2322,#2323);
#2322 = CARTESIAN_POINT('',(113.,-16.,13.75));
#2323 = VECTOR('',#2324,1.);
#2324 = DIRECTION('',(0.,0.,1.));
#2325 = ORIENTED_EDGE('',*,*,#1149,.F.);
#2326 = ORIENTED_EDGE('',*,*,#2327,.T.);
#2327 = EDGE_CURVE('',#1142,#2328,#2330,.T.);
#2328 = VERTEX_POINT('',#2329);
#2329 = CARTESIAN_POINT('',(47.,-16.,13.));
#2330 = LINE('',#2331,#2332);
#2331 = CARTESIAN_POINT('',(47.,-16.,-0.25));
#2332 = VECTOR('',#2333,1.);
#2333 = DIRECTION('',(0.,0.,-1.));
#2334 = ORIENTED_EDGE('',*,*,#2335,.T.);
#2335 = EDGE_CURVE('',#2328,#2336,#2338,.T.);
#2336 = VERTEX_POINT('',#2337);
#2337 = CARTESIAN_POINT('',(23.,-16.,13.));
#2338 = LINE('',#2339,#2340);
#2339 = CARTESIAN_POINT('',(68.5,-16.,13.));
#2340 = VECTOR('',#2341,1.);
#2341 = DIRECTION('',(-1.,0.,0.));
#2342 = ORIENTED_EDGE('',*,*,#2343,.T.);
#2343 = EDGE_CURVE('',#2336,#1086,#2344,.T.);
#2344 = LINE('',#2345,#2346);
#2345 = CARTESIAN_POINT('',(23.,-16.,13.75));
#2346 = VECTOR('',#2347,1.);
#2347 = DIRECTION('',(0.,0.,1.));
#2348 = ORIENTED_EDGE('',*,*,#1085,.F.);
#2349 = ORIENTED_EDGE('',*,*,#2350,.F.);
#2350 = EDGE_CURVE('',#1732,#1078,#2351,.T.);
#2351 = LINE('',#2352,#2353);
#2352 = CARTESIAN_POINT('',(-7.,-16.,2.5));
#2353 = VECTOR('',#2354,1.);
#2354 = DIRECTION('',(0.,0.,1.));
#2355 = FACE_BOUND('',#2356,.T.);
#2356 = EDGE_LOOP('',(#2357));
#2357 = ORIENTED_EDGE('',*,*,#2358,.T.);
#2358 = EDGE_CURVE('',#2359,#2359,#2361,.T.);
#2359 = VERTEX_POINT('',#2360);
#2360 = CARTESIAN_POINT('',(37.875001,-16.,6.5));
#2361 = CIRCLE('',#2362,2.875);
#2362 = AXIS2_PLACEMENT_3D('',#2363,#2364,#2365);
#2363 = CARTESIAN_POINT('',(35.000001,-16.,6.5));
#2364 = DIRECTION('',(0.,1.,-2.2E-16));
#2365 = DIRECTION('',(1.,0.,0.));
#2366 = FACE_BOUND('',#2367,.T.);
#2367 = EDGE_LOOP('',(#2368));
#2368 = ORIENTED_EDGE('',*,*,#2369,.T.);
#2369 = EDGE_CURVE('',#2370,#2370,#2372,.T.);
#2370 = VERTEX_POINT('',#2371);
#2371 = CARTESIAN_POINT('',(36.303842,-16.,-13.5));
#2372 = CIRCLE('',#2373,1.303841);
#2373 = AXIS2_PLACEMENT_3D('',#2374,#2375,#2376);
#2374 = CARTESIAN_POINT('',(35.000001,-16.,-13.5));
#2375 = DIRECTION('',(0.,1.,-2.2E-16));
#2376 = DIRECTION('',(1.,0.,0.));
#2377 = FACE_BOUND('',#2378,.T.);
#2378 = EDGE_LOOP('',(#2379));
#2379 = ORIENTED_EDGE('',*,*,#2380,.T.);
#2380 = EDGE_CURVE('',#2381,#2381,#2383,.T.);
#2381 = VERTEX_POINT('',#2382);
#2382 = CARTESIAN_POINT('',(127.875001,-16.,6.5));
#2383 = CIRCLE('',#2384,2.875);
#2384 = AXIS2_PLACEMENT_3D('',#2385,#2386,#2387);
#2385 = CARTESIAN_POINT('',(125.000001,-16.,6.5));
#2386 = DIRECTION('',(0.,1.,-2.2E-16));
#2387 = DIRECTION('',(1.,0.,0.));
#2388 = FACE_BOUND('',#2389,.T.);
#2389 = EDGE_LOOP('',(#2390));
#2390 = ORIENTED_EDGE('',*,*,#2391,.T.);
#2391 = EDGE_CURVE('',#2392,#2392,#2394,.T.);
#2392 = VERTEX_POINT('',#2393);
#2393 = CARTESIAN_POINT('',(217.875001,-16.,6.5));
#2394 = CIRCLE('',#2395,2.875);
#2395 = AXIS2_PLACEMENT_3D('',#2396,#2397,#2398);
#2396 = CARTESIAN_POINT('',(215.000001,-16.,6.5));
#2397 = DIRECTION('',(0.,1.,-2.2E-16));
#2398 = DIRECTION('',(1.,0.,0.));
#2399 = FACE_BOUND('',#2400,.T.);
#2400 = EDGE_LOOP('',(#2401));
#2401 = ORIENTED_EDGE('',*,*,#2402,.T.);
#2402 = EDGE_CURVE('',#2403,#2403,#2405,.T.);
#2403 = VERTEX_POINT('',#2404);
#2404 = CARTESIAN_POINT('',(126.303842,-16.,-13.5));
#2405 = CIRCLE('',#2406,1.303841);
#2406 = AXIS2_PLACEMENT_3D('',#2407,#2408,#2409);
#2407 = CARTESIAN_POINT('',(125.000001,-16.,-13.5));
#2408 = DIRECTION('',(0.,1.,-2.2E-16));
#2409 = DIRECTION('',(1.,0.,0.));
#2410 = FACE_BOUND('',#2411,.T.);
#2411 = EDGE_LOOP('',(#2412));
#2412 = ORIENTED_EDGE('',*,*,#2413,.T.);
#2413 = EDGE_CURVE('',#2414,#2414,#2416,.T.);
#2414 = VERTEX_POINT('',#2415);
#2415 = CARTESIAN_POINT('',(216.303842,-16.,-13.5));
#2416 = CIRCLE('',#2417,1.303841);
#2417 = AXIS2_PLACEMENT_3D('',#2418,#2419,#2420);
#2418 = CARTESIAN_POINT('',(215.000001,-16.,-13.5));
#2419 = DIRECTION('',(0.,1.,-2.2E-16));
#2420 = DIRECTION('',(1.,0.,0.));
#2421 = PLANE('',#2422);
#2422 = AXIS2_PLACEMENT_3D('',#2423,#2424,#2425);
#2423 = CARTESIAN_POINT('',(114.,-16.,-13.5));
#2424 = DIRECTION('',(-0.,-1.,-0.));
#2425 = DIRECTION('',(0.,0.,-1.));
#2426 = ADVANCED_FACE('',(#2427),#2445,.T.);
#2427 = FACE_BOUND('',#2428,.T.);
#2428 = EDGE_LOOP('',(#2429,#2437,#2443,#2444));
#2429 = ORIENTED_EDGE('',*,*,#2430,.F.);
#2430 = EDGE_CURVE('',#2431,#1262,#2433,.T.);
#2431 = VERTEX_POINT('',#2432);
#2432 = CARTESIAN_POINT('',(227.,3.E-15,13.));
#2433 = LINE('',#2434,#2435);
#2434 = CARTESIAN_POINT('',(227.,0.,13.));
#2435 = VECTOR('',#2436,1.);
#2436 = DIRECTION('',(0.,0.,1.));
#2437 = ORIENTED_EDGE('',*,*,#2438,.T.);
#2438 = EDGE_CURVE('',#2431,#2282,#2439,.T.);
#2439 = LINE('',#2440,#2441);
#2440 = CARTESIAN_POINT('',(227.,2.89E-15,13.));
#2441 = VECTOR('',#2442,1.);
#2442 = DIRECTION('',(0.,-1.,2.2E-16));
#2443 = ORIENTED_EDGE('',*,*,#2281,.F.);
#2444 = ORIENTED_EDGE('',*,*,#1269,.F.);
#2445 = PLANE('',#2446);
#2446 = AXIS2_PLACEMENT_3D('',#2447,#2448,#2449);
#2447 = CARTESIAN_POINT('',(227.,2.89E-15,13.));
#2448 = DIRECTION('',(-1.,0.,0.));
#2449 = DIRECTION('',(0.,2.2E-16,1.));
#2450 = ADVANCED_FACE('',(#2451),#2506,.F.);
#2451 = FACE_BOUND('',#2452,.F.);
#2452 = EDGE_LOOP('',(#2453,#2454,#2455,#2463,#2500));
#2453 = ORIENTED_EDGE('',*,*,#1261,.F.);
#2454 = ORIENTED_EDGE('',*,*,#2430,.F.);
#2455 = ORIENTED_EDGE('',*,*,#2456,.F.);
#2456 = EDGE_CURVE('',#2457,#2431,#2459,.T.);
#2457 = VERTEX_POINT('',#2458);
#2458 = CARTESIAN_POINT('',(223.13602976573,3.E-15,13.));
#2459 = LINE('',#2460,#2461);
#2460 = CARTESIAN_POINT('',(203.,0.,13.));
#2461 = VECTOR('',#2462,1.);
#2462 = DIRECTION('',(1.,0.,0.));
#2463 = ORIENTED_EDGE('',*,*,#2464,.T.);
#2464 = EDGE_CURVE('',#2457,#2465,#2467,.T.);
#2465 = VERTEX_POINT('',#2466);
#2466 = CARTESIAN_POINT('',(222.600003,6.E-15,14.472721435077));
#2467 = B_SPLINE_CURVE_WITH_KNOTS('',6,(#2468,#2469,#2470,#2471,#2472,
    #2473,#2474,#2475,#2476,#2477,#2478,#2479,#2480,#2481,#2482,#2483,
    #2484,#2485,#2486,#2487,#2488,#2489,#2490,#2491,#2492,#2493,#2494,
    #2495,#2496,#2497,#2498,#2499),.UNSPECIFIED.,.F.,.F.,(7,5,5,5,5,5,7)
  ,(0.,0.492054051133,0.743592757572,0.87056636073,0.932669227718,
    0.963778241769,1.),.UNSPECIFIED.);
#2468 = CARTESIAN_POINT('',(223.13602976573,6.E-15,13.));
#2469 = CARTESIAN_POINT('',(223.09112609296,6.E-15,13.123371826986));
#2470 = CARTESIAN_POINT('',(223.04634919432,6.E-15,13.246395344909));
#2471 = CARTESIAN_POINT('',(223.00171068813,6.E-15,13.369038632715));
#2472 = CARTESIAN_POINT('',(222.95722406224,6.E-15,13.491264632801));
#2473 = CARTESIAN_POINT('',(222.91290467408,6.E-15,13.613031151018));
#2474 = CARTESIAN_POINT('',(222.84620791714,6.E-15,13.79627898467));
#2475 = CARTESIAN_POINT('',(222.82369431774,6.E-15,13.858134590657));
#2476 = CARTESIAN_POINT('',(222.80123127497,6.E-15,13.919851293429));
#2477 = CARTESIAN_POINT('',(222.77882127153,6.E-15,13.981422271847));
#2478 = CARTESIAN_POINT('',(222.75646695024,6.E-15,14.042840264834));
#2479 = CARTESIAN_POINT('',(222.72291645386,6.E-15,14.135019496048));
#2480 = CARTESIAN_POINT('',(222.71167669732,6.E-15,14.165900473341));
#2481 = CARTESIAN_POINT('',(222.70045220565,6.E-15,14.196739510749));
#2482 = CARTESIAN_POINT('',(222.68924335142,6.E-15,14.22753558463));
#2483 = CARTESIAN_POINT('',(222.67805051855,6.E-15,14.25828764021));
#2484 = CARTESIAN_POINT('',(222.66140771022,6.E-15,14.304013380281));
#2485 = CARTESIAN_POINT('',(222.65594524537,6.E-15,14.319021379103));
#2486 = CARTESIAN_POINT('',(222.65048675398,6.E-15,14.334018460945));
#2487 = CARTESIAN_POINT('',(222.64503228298,6.E-15,14.349004496862));
#2488 = CARTESIAN_POINT('',(222.63958187997,6.E-15,14.363979356072));
#2489 = CARTESIAN_POINT('',(222.63140740014,6.E-15,14.386438554802));
#2490 = CARTESIAN_POINT('',(222.6286792103,6.E-15,14.393934194801));
#2491 = CARTESIAN_POINT('',(222.62595102368,6.E-15,14.40142982593));
#2492 = CARTESIAN_POINT('',(222.62322284029,6.E-15,14.408925448171));
#2493 = CARTESIAN_POINT('',(222.62049466015,6.E-15,14.416421061506));
#2494 = CARTESIAN_POINT('',(222.61458993245,6.E-15,14.432644167544));
#2495 = CARTESIAN_POINT('',(222.61182710941,6.E-15,14.440234961465));
#2496 = CARTESIAN_POINT('',(222.60884644257,6.E-15,14.448424276284));
#2497 = CARTESIAN_POINT('',(222.60552936764,6.E-15,14.457537864749));
#2498 = CARTESIAN_POINT('',(222.60227550188,6.E-15,14.466477787466));
#2499 = CARTESIAN_POINT('',(222.600003,6.E-15,14.472721435077));
#2500 = ORIENTED_EDGE('',*,*,#2501,.F.);
#2501 = EDGE_CURVE('',#1254,#2465,#2502,.T.);
#2502 = LINE('',#2503,#2504);
#2503 = CARTESIAN_POINT('',(222.600003,6.E-15,14.75));
#2504 = VECTOR('',#2505,1.);
#2505 = DIRECTION('',(0.,0.,-1.));
#2506 = PLANE('',#2507);
#2507 = AXIS2_PLACEMENT_3D('',#2508,#2509,#2510);
#2508 = CARTESIAN_POINT('',(125.,6.E-15,27.));
#2509 = DIRECTION('',(0.,1.,0.));
#2510 = DIRECTION('',(0.,0.,1.));
#2511 = ADVANCED_FACE('',(#2512),#2529,.T.);
#2512 = FACE_BOUND('',#2513,.T.);
#2513 = EDGE_LOOP('',(#2514,#2522,#2527,#2528));
#2514 = ORIENTED_EDGE('',*,*,#2515,.F.);
#2515 = EDGE_CURVE('',#2516,#1246,#2518,.T.);
#2516 = VERTEX_POINT('',#2517);
#2517 = CARTESIAN_POINT('',(222.60000224995,5.100000749956,
    14.472725556533));
#2518 = LINE('',#2519,#2520);
#2519 = CARTESIAN_POINT('',(222.600003,5.1,2.5));
#2520 = VECTOR('',#2521,1.);
#2521 = DIRECTION('',(0.,0.,1.));
#2522 = ORIENTED_EDGE('',*,*,#2523,.T.);
#2523 = EDGE_CURVE('',#2516,#2465,#2524,.T.);
#2524 = B_SPLINE_CURVE_WITH_KNOTS('',1,(#2525,#2526),.UNSPECIFIED.,.F.,
  .F.,(2,2),(0.,1.),.PIECEWISE_BEZIER_KNOTS.);
#2525 = CARTESIAN_POINT('',(222.600003,5.1,14.472721435077));
#2526 = CARTESIAN_POINT('',(222.600003,-1.E-01,14.472721435077));
#2527 = ORIENTED_EDGE('',*,*,#2501,.F.);
#2528 = ORIENTED_EDGE('',*,*,#1253,.T.);
#2529 = PLANE('',#2530);
#2530 = AXIS2_PLACEMENT_3D('',#2531,#2532,#2533);
#2531 = CARTESIAN_POINT('',(222.600003,-1.E-01,2.5));
#2532 = DIRECTION('',(-1.,0.,0.));
#2533 = DIRECTION('',(0.,1.,0.));
#2534 = ADVANCED_FACE('',(#2535,#2552),#2588,.T.);
#2535 = FACE_BOUND('',#2536,.T.);
#2536 = EDGE_LOOP('',(#2537,#2544,#2545,#2546));
#2537 = ORIENTED_EDGE('',*,*,#2538,.T.);
#2538 = EDGE_CURVE('',#2539,#2516,#2541,.T.);
#2539 = VERTEX_POINT('',#2540);
#2540 = CARTESIAN_POINT('',(207.40000224999,5.099999250006,
    14.472733798691));
#2541 = B_SPLINE_CURVE_WITH_KNOTS('',1,(#2542,#2543),.UNSPECIFIED.,.F.,
  .F.,(2,2),(0.,1.),.PIECEWISE_BEZIER_KNOTS.);
#2542 = CARTESIAN_POINT('',(207.400003,5.1,14.472729677509));
#2543 = CARTESIAN_POINT('',(222.6,5.1,14.472729677509));
#2544 = ORIENTED_EDGE('',*,*,#2515,.T.);
#2545 = ORIENTED_EDGE('',*,*,#1245,.T.);
#2546 = ORIENTED_EDGE('',*,*,#2547,.F.);
#2547 = EDGE_CURVE('',#2539,#1238,#2548,.T.);
#2548 = LINE('',#2549,#2550);
#2549 = CARTESIAN_POINT('',(207.400003,5.1,2.5));
#2550 = VECTOR('',#2551,1.);
#2551 = DIRECTION('',(0.,0.,1.));
#2552 = FACE_BOUND('',#2553,.T.);
#2553 = EDGE_LOOP('',(#2554,#2565,#2573,#2582));
#2554 = ORIENTED_EDGE('',*,*,#2555,.F.);
#2555 = EDGE_CURVE('',#2556,#2558,#2560,.T.);
#2556 = VERTEX_POINT('',#2557);
#2557 = CARTESIAN_POINT('',(218.5,5.1,28.));
#2558 = VERTEX_POINT('',#2559);
#2559 = CARTESIAN_POINT('',(211.5,5.1,28.));
#2560 = CIRCLE('',#2561,3.5);
#2561 = AXIS2_PLACEMENT_3D('',#2562,#2563,#2564);
#2562 = CARTESIAN_POINT('',(215.,5.1,28.));
#2563 = DIRECTION('',(0.,-1.,2.2E-16));
#2564 = DIRECTION('',(1.,0.,0.));
#2565 = ORIENTED_EDGE('',*,*,#2566,.T.);
#2566 = EDGE_CURVE('',#2556,#2567,#2569,.T.);
#2567 = VERTEX_POINT('',#2568);
#2568 = CARTESIAN_POINT('',(218.5,5.1,22.999999));
#2569 = LINE('',#2570,#2571);
#2570 = CARTESIAN_POINT('',(218.5,5.1,15.25));
#2571 = VECTOR('',#2572,1.);
#2572 = DIRECTION('',(0.,0.,-1.));
#2573 = ORIENTED_EDGE('',*,*,#2574,.F.);
#2574 = EDGE_CURVE('',#2575,#2567,#2577,.T.);
#2575 = VERTEX_POINT('',#2576);
#2576 = CARTESIAN_POINT('',(211.5,5.1,22.999999));
#2577 = CIRCLE('',#2578,3.5);
#2578 = AXIS2_PLACEMENT_3D('',#2579,#2580,#2581);
#2579 = CARTESIAN_POINT('',(215.,5.1,22.999999));
#2580 = DIRECTION('',(0.,-1.,2.2E-16));
#2581 = DIRECTION('',(1.,0.,0.));
#2582 = ORIENTED_EDGE('',*,*,#2583,.F.);
#2583 = EDGE_CURVE('',#2558,#2575,#2584,.T.);
#2584 = LINE('',#2585,#2586);
#2585 = CARTESIAN_POINT('',(211.49999999999,5.1,15.25));
#2586 = VECTOR('',#2587,1.);
#2587 = DIRECTION('',(-3.411E-14,-0.,-1.));
#2588 = PLANE('',#2589);
#2589 = AXIS2_PLACEMENT_3D('',#2590,#2591,#2592);
#2590 = CARTESIAN_POINT('',(222.600003,5.1,2.5));
#2591 = DIRECTION('',(0.,-1.,0.));
#2592 = DIRECTION('',(-1.,0.,0.));
#2593 = ADVANCED_FACE('',(#2594),#2611,.T.);
#2594 = FACE_BOUND('',#2595,.T.);
#2595 = EDGE_LOOP('',(#2596,#2603,#2604,#2605));
#2596 = ORIENTED_EDGE('',*,*,#2597,.T.);
#2597 = EDGE_CURVE('',#2598,#2539,#2600,.T.);
#2598 = VERTEX_POINT('',#2599);
#2599 = CARTESIAN_POINT('',(207.400003,6.E-15,14.472737919941));
#2600 = B_SPLINE_CURVE_WITH_KNOTS('',1,(#2601,#2602),.UNSPECIFIED.,.F.,
  .F.,(2,2),(0.,1.),.PIECEWISE_BEZIER_KNOTS.);
#2601 = CARTESIAN_POINT('',(207.400003,-9.999700000001E-02,
    14.472737919941));
#2602 = CARTESIAN_POINT('',(207.400003,5.099997,14.472737919941));
#2603 = ORIENTED_EDGE('',*,*,#2547,.T.);
#2604 = ORIENTED_EDGE('',*,*,#1237,.T.);
#2605 = ORIENTED_EDGE('',*,*,#2606,.F.);
#2606 = EDGE_CURVE('',#2598,#1230,#2607,.T.);
#2607 = LINE('',#2608,#2609);
#2608 = CARTESIAN_POINT('',(207.400003,6.11E-15,14.75));
#2609 = VECTOR('',#2610,1.);
#2610 = DIRECTION('',(0.,0.,1.));
#2611 = PLANE('',#2612);
#2612 = AXIS2_PLACEMENT_3D('',#2613,#2614,#2615);
#2613 = CARTESIAN_POINT('',(207.400003,5.1,2.5));
#2614 = DIRECTION('',(1.,0.,0.));
#2615 = DIRECTION('',(0.,-1.,0.));
#2616 = ADVANCED_FACE('',(#2617),#2672,.F.);
#2617 = FACE_BOUND('',#2618,.F.);
#2618 = EDGE_LOOP('',(#2619,#2627,#2628,#2629,#2666));
#2619 = ORIENTED_EDGE('',*,*,#2620,.F.);
#2620 = EDGE_CURVE('',#1222,#2621,#2623,.T.);
#2621 = VERTEX_POINT('',#2622);
#2622 = CARTESIAN_POINT('',(203.,3.E-15,13.));
#2623 = LINE('',#2624,#2625);
#2624 = CARTESIAN_POINT('',(203.,0.,41.));
#2625 = VECTOR('',#2626,1.);
#2626 = DIRECTION('',(0.,0.,-1.));
#2627 = ORIENTED_EDGE('',*,*,#1229,.F.);
#2628 = ORIENTED_EDGE('',*,*,#2606,.F.);
#2629 = ORIENTED_EDGE('',*,*,#2630,.F.);
#2630 = EDGE_CURVE('',#2631,#2598,#2633,.T.);
#2631 = VERTEX_POINT('',#2632);
#2632 = CARTESIAN_POINT('',(206.86397023426,3.E-15,13.));
#2633 = B_SPLINE_CURVE_WITH_KNOTS('',6,(#2634,#2635,#2636,#2637,#2638,
    #2639,#2640,#2641,#2642,#2643,#2644,#2645,#2646,#2647,#2648,#2649,
    #2650,#2651,#2652,#2653,#2654,#2655,#2656,#2657,#2658,#2659,#2660,
    #2661,#2662,#2663,#2664,#2665),.UNSPECIFIED.,.F.,.F.,(7,5,5,5,5,5,7)
  ,(0.,0.492065525509,0.743610097665,0.870586661764,0.93269097695,
    0.963800716443,1.),.UNSPECIFIED.);
#2634 = CARTESIAN_POINT('',(206.86397023426,6.E-15,13.));
#2635 = CARTESIAN_POINT('',(206.90887390703,6.E-15,13.123371826985));
#2636 = CARTESIAN_POINT('',(206.95365080567,6.E-15,13.246395344909));
#2637 = CARTESIAN_POINT('',(206.99828931186,6.E-15,13.369038632715));
#2638 = CARTESIAN_POINT('',(207.04277593775,6.E-15,13.491264632801));
#2639 = CARTESIAN_POINT('',(207.08709532591,6.E-15,13.613031151018));
#2640 = CARTESIAN_POINT('',(207.15379208285,6.E-15,13.79627898467));
#2641 = CARTESIAN_POINT('',(207.17630568226,6.E-15,13.858134590657));
#2642 = CARTESIAN_POINT('',(207.19876872502,6.E-15,13.919851293429));
#2643 = CARTESIAN_POINT('',(207.22117872846,6.E-15,13.981422271847));
#2644 = CARTESIAN_POINT('',(207.24353304976,6.E-15,14.042840264834));
#2645 = CARTESIAN_POINT('',(207.27708354614,6.E-15,14.135019496048));
#2646 = CARTESIAN_POINT('',(207.28832330267,6.E-15,14.165900473341));
#2647 = CARTESIAN_POINT('',(207.29954779434,6.E-15,14.196739510749));
#2648 = CARTESIAN_POINT('',(207.31075664857,6.E-15,14.22753558463));
#2649 = CARTESIAN_POINT('',(207.32194948144,6.E-15,14.25828764021));
#2650 = CARTESIAN_POINT('',(207.33859228977,6.E-15,14.304013380281));
#2651 = CARTESIAN_POINT('',(207.34405475462,6.E-15,14.319021379103));
#2652 = CARTESIAN_POINT('',(207.34951324601,6.E-15,14.334018460945));
#2653 = CARTESIAN_POINT('',(207.35496771701,6.E-15,14.349004496862));
#2654 = CARTESIAN_POINT('',(207.36041812003,6.E-15,14.363979356072));
#2655 = CARTESIAN_POINT('',(207.36859259985,6.E-15,14.386438554802));
#2656 = CARTESIAN_POINT('',(207.37132078969,6.E-15,14.393934194801));
#2657 = CARTESIAN_POINT('',(207.37404897631,6.E-15,14.40142982593));
#2658 = CARTESIAN_POINT('',(207.3767771597,6.E-15,14.408925448171));
#2659 = CARTESIAN_POINT('',(207.37950533984,6.E-15,14.416421061506));
#2660 = CARTESIAN_POINT('',(207.38540802255,6.E-15,14.432638548964));
#2661 = CARTESIAN_POINT('',(207.38817461324,6.E-15,14.44023969441));
#2662 = CARTESIAN_POINT('',(207.39115602299,6.E-15,14.448431050392));
#2663 = CARTESIAN_POINT('',(207.39446907423,6.E-15,14.457533583857));
#2664 = CARTESIAN_POINT('',(207.39771973946,6.E-15,14.466464713182));
#2665 = CARTESIAN_POINT('',(207.400003,6.E-15,14.472737919941));
#2666 = ORIENTED_EDGE('',*,*,#2667,.F.);
#2667 = EDGE_CURVE('',#2621,#2631,#2668,.T.);
#2668 = LINE('',#2669,#2670);
#2669 = CARTESIAN_POINT('',(203.,0.,13.));
#2670 = VECTOR('',#2671,1.);
#2671 = DIRECTION('',(1.,0.,0.));
#2672 = PLANE('',#2673);
#2673 = AXIS2_PLACEMENT_3D('',#2674,#2675,#2676);
#2674 = CARTESIAN_POINT('',(125.,6.E-15,27.));
#2675 = DIRECTION('',(0.,1.,0.));
#2676 = DIRECTION('',(0.,0.,1.));
#2677 = ADVANCED_FACE('',(#2678),#2689,.T.);
#2678 = FACE_BOUND('',#2679,.T.);
#2679 = EDGE_LOOP('',(#2680,#2681,#2682,#2683));
#2680 = ORIENTED_EDGE('',*,*,#2620,.F.);
#2681 = ORIENTED_EDGE('',*,*,#1221,.F.);
#2682 = ORIENTED_EDGE('',*,*,#2297,.F.);
#2683 = ORIENTED_EDGE('',*,*,#2684,.F.);
#2684 = EDGE_CURVE('',#2621,#2290,#2685,.T.);
#2685 = LINE('',#2686,#2687);
#2686 = CARTESIAN_POINT('',(203.,2.89E-15,13.));
#2687 = VECTOR('',#2688,1.);
#2688 = DIRECTION('',(0.,-1.,2.2E-16));
#2689 = PLANE('',#2690);
#2690 = AXIS2_PLACEMENT_3D('',#2691,#2692,#2693);
#2691 = CARTESIAN_POINT('',(203.,9.1E-15,41.));
#2692 = DIRECTION('',(1.,0.,0.));
#2693 = DIRECTION('',(0.,-2.2E-16,-1.));
#2694 = ADVANCED_FACE('',(#2695),#2713,.T.);
#2695 = FACE_BOUND('',#2696,.T.);
#2696 = EDGE_LOOP('',(#2697,#2705,#2711,#2712));
#2697 = ORIENTED_EDGE('',*,*,#2698,.F.);
#2698 = EDGE_CURVE('',#2699,#1198,#2701,.T.);
#2699 = VERTEX_POINT('',#2700);
#2700 = CARTESIAN_POINT('',(137.,3.E-15,13.));
#2701 = LINE('',#2702,#2703);
#2702 = CARTESIAN_POINT('',(137.,0.,13.));
#2703 = VECTOR('',#2704,1.);
#2704 = DIRECTION('',(0.,0.,1.));
#2705 = ORIENTED_EDGE('',*,*,#2706,.T.);
#2706 = EDGE_CURVE('',#2699,#2305,#2707,.T.);
#2707 = LINE('',#2708,#2709);
#2708 = CARTESIAN_POINT('',(137.,2.89E-15,13.));
#2709 = VECTOR('',#2710,1.);
#2710 = DIRECTION('',(0.,-1.,2.2E-16));
#2711 = ORIENTED_EDGE('',*,*,#2304,.F.);
#2712 = ORIENTED_EDGE('',*,*,#1205,.F.);
#2713 = PLANE('',#2714);
#2714 = AXIS2_PLACEMENT_3D('',#2715,#2716,#2717);
#2715 = CARTESIAN_POINT('',(137.,2.89E-15,13.));
#2716 = DIRECTION('',(-1.,0.,0.));
#2717 = DIRECTION('',(0.,2.2E-16,1.));
#2718 = ADVANCED_FACE('',(#2719),#2774,.F.);
#2719 = FACE_BOUND('',#2720,.F.);
#2720 = EDGE_LOOP('',(#2721,#2722,#2723,#2731,#2768));
#2721 = ORIENTED_EDGE('',*,*,#1197,.F.);
#2722 = ORIENTED_EDGE('',*,*,#2698,.F.);
#2723 = ORIENTED_EDGE('',*,*,#2724,.F.);
#2724 = EDGE_CURVE('',#2725,#2699,#2727,.T.);
#2725 = VERTEX_POINT('',#2726);
#2726 = CARTESIAN_POINT('',(133.13602976573,3.E-15,13.));
#2727 = LINE('',#2728,#2729);
#2728 = CARTESIAN_POINT('',(113.,0.,13.));
#2729 = VECTOR('',#2730,1.);
#2730 = DIRECTION('',(1.,0.,0.));
#2731 = ORIENTED_EDGE('',*,*,#2732,.T.);
#2732 = EDGE_CURVE('',#2725,#2733,#2735,.T.);
#2733 = VERTEX_POINT('',#2734);
#2734 = CARTESIAN_POINT('',(132.600002,6.E-15,14.472724182554));
#2735 = B_SPLINE_CURVE_WITH_KNOTS('',6,(#2736,#2737,#2738,#2739,#2740,
    #2741,#2742,#2743,#2744,#2745,#2746,#2747,#2748,#2749,#2750,#2751,
    #2752,#2753,#2754,#2755,#2756,#2757,#2758,#2759,#2760,#2761,#2762,
    #2763,#2764,#2765,#2766,#2767),.UNSPECIFIED.,.F.,.F.,(7,5,5,5,5,5,7)
  ,(0.,0.492055963318,0.743595647268,0.870569743862,0.932672852189,
    0.963781987134,1.),.UNSPECIFIED.);
#2736 = CARTESIAN_POINT('',(133.13602976573,6.E-15,13.));
#2737 = CARTESIAN_POINT('',(133.09112609296,6.E-15,13.123371826986));
#2738 = CARTESIAN_POINT('',(133.04634919432,6.E-15,13.246395344909));
#2739 = CARTESIAN_POINT('',(133.00171068813,6.E-15,13.369038632715));
#2740 = CARTESIAN_POINT('',(132.95722406224,6.E-15,13.491264632801));
#2741 = CARTESIAN_POINT('',(132.91290467408,6.E-15,13.613031151018));
#2742 = CARTESIAN_POINT('',(132.84620791714,6.E-15,13.79627898467));
#2743 = CARTESIAN_POINT('',(132.82369431774,6.E-15,13.858134590657));
#2744 = CARTESIAN_POINT('',(132.80123127497,6.E-15,13.919851293429));
#2745 = CARTESIAN_POINT('',(132.77882127153,6.E-15,13.981422271847));
#2746 = CARTESIAN_POINT('',(132.75646695024,6.E-15,14.042840264834));
#2747 = CARTESIAN_POINT('',(132.72291645386,6.E-15,14.135019496048));
#2748 = CARTESIAN_POINT('',(132.71167669732,6.E-15,14.165900473341));
#2749 = CARTESIAN_POINT('',(132.70045220565,6.E-15,14.196739510749));
#2750 = CARTESIAN_POINT('',(132.68924335142,6.E-15,14.22753558463));
#2751 = CARTESIAN_POINT('',(132.67805051855,6.E-15,14.25828764021));
#2752 = CARTESIAN_POINT('',(132.66140771022,6.E-15,14.304013380281));
#2753 = CARTESIAN_POINT('',(132.65594524537,6.E-15,14.319021379103));
#2754 = CARTESIAN_POINT('',(132.65048675398,6.E-15,14.334018460945));
#2755 = CARTESIAN_POINT('',(132.64503228298,6.E-15,14.349004496862));
#2756 = CARTESIAN_POINT('',(132.63958187997,6.E-15,14.363979356072));
#2757 = CARTESIAN_POINT('',(132.63140740014,6.E-15,14.386438554802));
#2758 = CARTESIAN_POINT('',(132.6286792103,6.E-15,14.393934194801));
#2759 = CARTESIAN_POINT('',(132.62595102368,6.E-15,14.40142982593));
#2760 = CARTESIAN_POINT('',(132.62322284029,6.E-15,14.408925448171));
#2761 = CARTESIAN_POINT('',(132.62049466015,6.E-15,14.416421061506));
#2762 = CARTESIAN_POINT('',(132.61459027325,6.E-15,14.432643231199));
#2763 = CARTESIAN_POINT('',(132.61182682237,6.E-15,14.440235750096));
#2764 = CARTESIAN_POINT('',(132.60884603162,6.E-15,14.448425405371));
#2765 = CARTESIAN_POINT('',(132.60552962725,6.E-15,14.457537151494));
#2766 = CARTESIAN_POINT('',(132.60227629509,6.E-15,14.46647560815));
#2767 = CARTESIAN_POINT('',(132.600002,6.E-15,14.472724182554));
#2768 = ORIENTED_EDGE('',*,*,#2769,.F.);
#2769 = EDGE_CURVE('',#1190,#2733,#2770,.T.);
#2770 = LINE('',#2771,#2772);
#2771 = CARTESIAN_POINT('',(132.600002,6.E-15,14.75));
#2772 = VECTOR('',#2773,1.);
#2773 = DIRECTION('',(0.,0.,-1.));
#2774 = PLANE('',#2775);
#2775 = AXIS2_PLACEMENT_3D('',#2776,#2777,#2778);
#2776 = CARTESIAN_POINT('',(125.,6.E-15,27.));
#2777 = DIRECTION('',(0.,1.,0.));
#2778 = DIRECTION('',(0.,0.,1.));
#2779 = ADVANCED_FACE('',(#2780),#2797,.T.);
#2780 = FACE_BOUND('',#2781,.T.);
#2781 = EDGE_LOOP('',(#2782,#2790,#2795,#2796));
#2782 = ORIENTED_EDGE('',*,*,#2783,.F.);
#2783 = EDGE_CURVE('',#2784,#1182,#2786,.T.);
#2784 = VERTEX_POINT('',#2785);
#2785 = CARTESIAN_POINT('',(132.60000150005,5.100000500057,
    14.47272692972));
#2786 = LINE('',#2787,#2788);
#2787 = CARTESIAN_POINT('',(132.600002,5.1,2.5));
#2788 = VECTOR('',#2789,1.);
#2789 = DIRECTION('',(0.,0.,1.));
#2790 = ORIENTED_EDGE('',*,*,#2791,.T.);
#2791 = EDGE_CURVE('',#2784,#2733,#2792,.T.);
#2792 = B_SPLINE_CURVE_WITH_KNOTS('',1,(#2793,#2794),.UNSPECIFIED.,.F.,
  .F.,(2,2),(0.,1.),.PIECEWISE_BEZIER_KNOTS.);
#2793 = CARTESIAN_POINT('',(132.600002,5.1,14.472724182554));
#2794 = CARTESIAN_POINT('',(132.600002,-1.E-01,14.472724182554));
#2795 = ORIENTED_EDGE('',*,*,#2769,.F.);
#2796 = ORIENTED_EDGE('',*,*,#1189,.T.);
#2797 = PLANE('',#2798);
#2798 = AXIS2_PLACEMENT_3D('',#2799,#2800,#2801);
#2799 = CARTESIAN_POINT('',(132.600002,-1.E-01,2.5));
#2800 = DIRECTION('',(-1.,0.,0.));
#2801 = DIRECTION('',(0.,1.,0.));
#2802 = ADVANCED_FACE('',(#2803,#2820),#2856,.T.);
#2803 = FACE_BOUND('',#2804,.T.);
#2804 = EDGE_LOOP('',(#2805,#2812,#2813,#2814));
#2805 = ORIENTED_EDGE('',*,*,#2806,.T.);
#2806 = EDGE_CURVE('',#2807,#2784,#2809,.T.);
#2807 = VERTEX_POINT('',#2808);
#2808 = CARTESIAN_POINT('',(117.40000149996,5.099999500034,
    14.472732424797));
#2809 = B_SPLINE_CURVE_WITH_KNOTS('',1,(#2810,#2811),.UNSPECIFIED.,.F.,
  .F.,(2,2),(0.,1.),.PIECEWISE_BEZIER_KNOTS.);
#2810 = CARTESIAN_POINT('',(117.400002,5.1,14.472729677509));
#2811 = CARTESIAN_POINT('',(132.6,5.1,14.472729677509));
#2812 = ORIENTED_EDGE('',*,*,#2783,.T.);
#2813 = ORIENTED_EDGE('',*,*,#1181,.T.);
#2814 = ORIENTED_EDGE('',*,*,#2815,.F.);
#2815 = EDGE_CURVE('',#2807,#1174,#2816,.T.);
#2816 = LINE('',#2817,#2818);
#2817 = CARTESIAN_POINT('',(117.400002,5.1,2.5));
#2818 = VECTOR('',#2819,1.);
#2819 = DIRECTION('',(0.,0.,1.));
#2820 = FACE_BOUND('',#2821,.T.);
#2821 = EDGE_LOOP('',(#2822,#2833,#2841,#2850));
#2822 = ORIENTED_EDGE('',*,*,#2823,.F.);
#2823 = EDGE_CURVE('',#2824,#2826,#2828,.T.);
#2824 = VERTEX_POINT('',#2825);
#2825 = CARTESIAN_POINT('',(128.5,5.1,27.999998787564));
#2826 = VERTEX_POINT('',#2827);
#2827 = CARTESIAN_POINT('',(121.5,5.1,27.999998787564));
#2828 = CIRCLE('',#2829,3.5);
#2829 = AXIS2_PLACEMENT_3D('',#2830,#2831,#2832);
#2830 = CARTESIAN_POINT('',(125.,5.1,27.999998787564));
#2831 = DIRECTION('',(0.,-1.,2.2E-16));
#2832 = DIRECTION('',(1.,0.,0.));
#2833 = ORIENTED_EDGE('',*,*,#2834,.T.);
#2834 = EDGE_CURVE('',#2824,#2835,#2837,.T.);
#2835 = VERTEX_POINT('',#2836);
#2836 = CARTESIAN_POINT('',(128.5,5.1,22.999997924871));
#2837 = LINE('',#2838,#2839);
#2838 = CARTESIAN_POINT('',(128.5,5.1,15.249999393782));
#2839 = VECTOR('',#2840,1.);
#2840 = DIRECTION('',(0.,0.,-1.));
#2841 = ORIENTED_EDGE('',*,*,#2842,.F.);
#2842 = EDGE_CURVE('',#2843,#2835,#2845,.T.);
#2843 = VERTEX_POINT('',#2844);
#2844 = CARTESIAN_POINT('',(121.5,5.1,22.999997924872));
#2845 = CIRCLE('',#2846,3.5);
#2846 = AXIS2_PLACEMENT_3D('',#2847,#2848,#2849);
#2847 = CARTESIAN_POINT('',(125.,5.1,22.999997924871));
#2848 = DIRECTION('',(0.,-1.,2.2E-16));
#2849 = DIRECTION('',(1.,0.,0.));
#2850 = ORIENTED_EDGE('',*,*,#2851,.F.);
#2851 = EDGE_CURVE('',#2826,#2843,#2852,.T.);
#2852 = LINE('',#2853,#2854);
#2853 = CARTESIAN_POINT('',(121.5,5.1,15.249999393782));
#2854 = VECTOR('',#2855,1.);
#2855 = DIRECTION('',(-3.126E-14,-0.,-1.));
#2856 = PLANE('',#2857);
#2857 = AXIS2_PLACEMENT_3D('',#2858,#2859,#2860);
#2858 = CARTESIAN_POINT('',(132.600002,5.1,2.5));
#2859 = DIRECTION('',(0.,-1.,0.));
#2860 = DIRECTION('',(-1.,0.,0.));
#2861 = ADVANCED_FACE('',(#2862),#2879,.T.);
#2862 = FACE_BOUND('',#2863,.T.);
#2863 = EDGE_LOOP('',(#2864,#2871,#2872,#2873));
#2864 = ORIENTED_EDGE('',*,*,#2865,.T.);
#2865 = EDGE_CURVE('',#2866,#2807,#2868,.T.);
#2866 = VERTEX_POINT('',#2867);
#2867 = CARTESIAN_POINT('',(117.400002,6.E-15,14.472735172464));
#2868 = B_SPLINE_CURVE_WITH_KNOTS('',1,(#2869,#2870),.UNSPECIFIED.,.F.,
  .F.,(2,2),(0.,1.),.PIECEWISE_BEZIER_KNOTS.);
#2869 = CARTESIAN_POINT('',(117.400002,-9.9998E-02,14.472735172464));
#2870 = CARTESIAN_POINT('',(117.400002,5.099998,14.472735172464));
#2871 = ORIENTED_EDGE('',*,*,#2815,.T.);
#2872 = ORIENTED_EDGE('',*,*,#1173,.T.);
#2873 = ORIENTED_EDGE('',*,*,#2874,.F.);
#2874 = EDGE_CURVE('',#2866,#1166,#2875,.T.);
#2875 = LINE('',#2876,#2877);
#2876 = CARTESIAN_POINT('',(117.400002,6.11E-15,14.75));
#2877 = VECTOR('',#2878,1.);
#2878 = DIRECTION('',(0.,0.,1.));
#2879 = PLANE('',#2880);
#2880 = AXIS2_PLACEMENT_3D('',#2881,#2882,#2883);
#2881 = CARTESIAN_POINT('',(117.400002,5.1,2.5));
#2882 = DIRECTION('',(1.,0.,0.));
#2883 = DIRECTION('',(0.,-1.,0.));
#2884 = ADVANCED_FACE('',(#2885),#2940,.F.);
#2885 = FACE_BOUND('',#2886,.F.);
#2886 = EDGE_LOOP('',(#2887,#2895,#2896,#2897,#2934));
#2887 = ORIENTED_EDGE('',*,*,#2888,.F.);
#2888 = EDGE_CURVE('',#1158,#2889,#2891,.T.);
#2889 = VERTEX_POINT('',#2890);
#2890 = CARTESIAN_POINT('',(113.,3.E-15,13.));
#2891 = LINE('',#2892,#2893);
#2892 = CARTESIAN_POINT('',(113.,0.,41.));
#2893 = VECTOR('',#2894,1.);
#2894 = DIRECTION('',(0.,0.,-1.));
#2895 = ORIENTED_EDGE('',*,*,#1165,.F.);
#2896 = ORIENTED_EDGE('',*,*,#2874,.F.);
#2897 = ORIENTED_EDGE('',*,*,#2898,.F.);
#2898 = EDGE_CURVE('',#2899,#2866,#2901,.T.);
#2899 = VERTEX_POINT('',#2900);
#2900 = CARTESIAN_POINT('',(116.86397023426,3.E-15,13.));
#2901 = B_SPLINE_CURVE_WITH_KNOTS('',6,(#2902,#2903,#2904,#2905,#2906,
    #2907,#2908,#2909,#2910,#2911,#2912,#2913,#2914,#2915,#2916,#2917,
    #2918,#2919,#2920,#2921,#2922,#2923,#2924,#2925,#2926,#2927,#2928,
    #2929,#2930,#2931,#2932,#2933),.UNSPECIFIED.,.F.,.F.,(7,5,5,5,5,5,7)
  ,(0.,0.492063612903,0.743607207332,0.870583277887,0.93268735168,
    0.963796970253,1.),.UNSPECIFIED.);
#2902 = CARTESIAN_POINT('',(116.86397023426,6.E-15,13.));
#2903 = CARTESIAN_POINT('',(116.90887390703,6.E-15,13.123371826985));
#2904 = CARTESIAN_POINT('',(116.95365080567,6.E-15,13.246395344909));
#2905 = CARTESIAN_POINT('',(116.99828931186,6.E-15,13.369038632715));
#2906 = CARTESIAN_POINT('',(117.04277593775,6.E-15,13.491264632801));
#2907 = CARTESIAN_POINT('',(117.08709532591,6.E-15,13.613031151018));
#2908 = CARTESIAN_POINT('',(117.15379208285,6.E-15,13.79627898467));
#2909 = CARTESIAN_POINT('',(117.17630568226,6.E-15,13.858134590657));
#2910 = CARTESIAN_POINT('',(117.19876872502,6.E-15,13.919851293429));
#2911 = CARTESIAN_POINT('',(117.22117872846,6.E-15,13.981422271847));
#2912 = CARTESIAN_POINT('',(117.24353304976,6.E-15,14.042840264834));
#2913 = CARTESIAN_POINT('',(117.27708354614,6.E-15,14.135019496048));
#2914 = CARTESIAN_POINT('',(117.28832330267,6.E-15,14.165900473341));
#2915 = CARTESIAN_POINT('',(117.29954779434,6.E-15,14.196739510749));
#2916 = CARTESIAN_POINT('',(117.31075664857,6.E-15,14.22753558463));
#2917 = CARTESIAN_POINT('',(117.32194948144,6.E-15,14.25828764021));
#2918 = CARTESIAN_POINT('',(117.33859228977,6.E-15,14.304013380281));
#2919 = CARTESIAN_POINT('',(117.34405475462,6.E-15,14.319021379103));
#2920 = CARTESIAN_POINT('',(117.34951324601,6.E-15,14.334018460945));
#2921 = CARTESIAN_POINT('',(117.35496771701,6.E-15,14.349004496862));
#2922 = CARTESIAN_POINT('',(117.36041812003,6.E-15,14.363979356072));
#2923 = CARTESIAN_POINT('',(117.36859259985,6.E-15,14.386438554802));
#2924 = CARTESIAN_POINT('',(117.37132078969,6.E-15,14.393934194801));
#2925 = CARTESIAN_POINT('',(117.37404897631,6.E-15,14.40142982593));
#2926 = CARTESIAN_POINT('',(117.3767771597,6.E-15,14.408925448171));
#2927 = CARTESIAN_POINT('',(117.37950533984,6.E-15,14.416421061506));
#2928 = CARTESIAN_POINT('',(117.38540836341,6.E-15,14.432639485479));
#2929 = CARTESIAN_POINT('',(117.38817432606,6.E-15,14.440238905394));
#2930 = CARTESIAN_POINT('',(117.39115561209,6.E-15,14.448429921442));
#2931 = CARTESIAN_POINT('',(117.394469334,6.E-15,14.457534297565));
#2932 = CARTESIAN_POINT('',(117.39772053247,6.E-15,14.466466891962));
#2933 = CARTESIAN_POINT('',(117.400002,6.E-15,14.472735172464));
#2934 = ORIENTED_EDGE('',*,*,#2935,.F.);
#2935 = EDGE_CURVE('',#2889,#2899,#2936,.T.);
#2936 = LINE('',#2937,#2938);
#2937 = CARTESIAN_POINT('',(113.,0.,13.));
#2938 = VECTOR('',#2939,1.);
#2939 = DIRECTION('',(1.,0.,0.));
#2940 = PLANE('',#2941);
#2941 = AXIS2_PLACEMENT_3D('',#2942,#2943,#2944);
#2942 = CARTESIAN_POINT('',(125.,6.E-15,27.));
#2943 = DIRECTION('',(0.,1.,0.));
#2944 = DIRECTION('',(0.,0.,1.));
#2945 = ADVANCED_FACE('',(#2946),#2957,.T.);
#2946 = FACE_BOUND('',#2947,.T.);
#2947 = EDGE_LOOP('',(#2948,#2949,#2950,#2951));
#2948 = ORIENTED_EDGE('',*,*,#2888,.F.);
#2949 = ORIENTED_EDGE('',*,*,#1157,.F.);
#2950 = ORIENTED_EDGE('',*,*,#2320,.F.);
#2951 = ORIENTED_EDGE('',*,*,#2952,.F.);
#2952 = EDGE_CURVE('',#2889,#2313,#2953,.T.);
#2953 = LINE('',#2954,#2955);
#2954 = CARTESIAN_POINT('',(113.,2.89E-15,13.));
#2955 = VECTOR('',#2956,1.);
#2956 = DIRECTION('',(0.,-1.,2.2E-16));
#2957 = PLANE('',#2958);
#2958 = AXIS2_PLACEMENT_3D('',#2959,#2960,#2961);
#2959 = CARTESIAN_POINT('',(113.,9.1E-15,41.));
#2960 = DIRECTION('',(1.,0.,0.));
#2961 = DIRECTION('',(0.,-2.2E-16,-1.));
#2962 = ADVANCED_FACE('',(#2963),#2981,.T.);
#2963 = FACE_BOUND('',#2964,.T.);
#2964 = EDGE_LOOP('',(#2965,#2973,#2979,#2980));
#2965 = ORIENTED_EDGE('',*,*,#2966,.F.);
#2966 = EDGE_CURVE('',#2967,#1134,#2969,.T.);
#2967 = VERTEX_POINT('',#2968);
#2968 = CARTESIAN_POINT('',(47.,3.E-15,13.));
#2969 = LINE('',#2970,#2971);
#2970 = CARTESIAN_POINT('',(47.,0.,13.));
#2971 = VECTOR('',#2972,1.);
#2972 = DIRECTION('',(0.,0.,1.));
#2973 = ORIENTED_EDGE('',*,*,#2974,.T.);
#2974 = EDGE_CURVE('',#2967,#2328,#2975,.T.);
#2975 = LINE('',#2976,#2977);
#2976 = CARTESIAN_POINT('',(47.,2.89E-15,13.));
#2977 = VECTOR('',#2978,1.);
#2978 = DIRECTION('',(0.,-1.,2.2E-16));
#2979 = ORIENTED_EDGE('',*,*,#2327,.F.);
#2980 = ORIENTED_EDGE('',*,*,#1141,.F.);
#2981 = PLANE('',#2982);
#2982 = AXIS2_PLACEMENT_3D('',#2983,#2984,#2985);
#2983 = CARTESIAN_POINT('',(47.,2.89E-15,13.));
#2984 = DIRECTION('',(-1.,0.,0.));
#2985 = DIRECTION('',(0.,2.2E-16,1.));
#2986 = ADVANCED_FACE('',(#2987),#3042,.F.);
#2987 = FACE_BOUND('',#2988,.F.);
#2988 = EDGE_LOOP('',(#2989,#2990,#2991,#2999,#3036));
#2989 = ORIENTED_EDGE('',*,*,#1133,.F.);
#2990 = ORIENTED_EDGE('',*,*,#2966,.F.);
#2991 = ORIENTED_EDGE('',*,*,#2992,.F.);
#2992 = EDGE_CURVE('',#2993,#2967,#2995,.T.);
#2993 = VERTEX_POINT('',#2994);
#2994 = CARTESIAN_POINT('',(43.136029765734,3.E-15,13.));
#2995 = LINE('',#2996,#2997);
#2996 = CARTESIAN_POINT('',(23.,0.,13.));
#2997 = VECTOR('',#2998,1.);
#2998 = DIRECTION('',(1.,0.,0.));
#2999 = ORIENTED_EDGE('',*,*,#3000,.T.);
#3000 = EDGE_CURVE('',#2993,#3001,#3003,.T.);
#3001 = VERTEX_POINT('',#3002);
#3002 = CARTESIAN_POINT('',(42.600001,6.E-15,14.472726930032));
#3003 = B_SPLINE_CURVE_WITH_KNOTS('',6,(#3004,#3005,#3006,#3007,#3008,
    #3009,#3010,#3011,#3012,#3013,#3014,#3015,#3016,#3017,#3018,#3019,
    #3020,#3021,#3022,#3023,#3024,#3025,#3026,#3027,#3028,#3029,#3030,
    #3031,#3032,#3033,#3034,#3035),.UNSPECIFIED.,.F.,.F.,(7,5,5,5,5,5,7)
  ,(0.,0.492057875587,0.743598537093,0.870573127144,0.932676476822,
    0.963785732666,1.),.UNSPECIFIED.);
#3004 = CARTESIAN_POINT('',(43.136029765734,6.E-15,13.));
#3005 = CARTESIAN_POINT('',(43.091126092964,6.E-15,13.123371826986));
#3006 = CARTESIAN_POINT('',(43.046349194325,6.E-15,13.246395344909));
#3007 = CARTESIAN_POINT('',(43.001710688131,6.E-15,13.369038632715));
#3008 = CARTESIAN_POINT('',(42.957224062247,6.E-15,13.491264632801));
#3009 = CARTESIAN_POINT('',(42.912904674085,6.E-15,13.613031151018));
#3010 = CARTESIAN_POINT('',(42.846207917142,6.E-15,13.79627898467));
#3011 = CARTESIAN_POINT('',(42.82369431774,6.E-15,13.858134590657));
#3012 = CARTESIAN_POINT('',(42.801231274974,6.E-15,13.919851293429));
#3013 = CARTESIAN_POINT('',(42.778821271536,6.E-15,13.981422271847));
#3014 = CARTESIAN_POINT('',(42.75646695024,6.E-15,14.042840264834));
#3015 = CARTESIAN_POINT('',(42.72291645386,6.E-15,14.135019496048));
#3016 = CARTESIAN_POINT('',(42.711676697321,6.E-15,14.165900473341));
#3017 = CARTESIAN_POINT('',(42.700452205651,6.E-15,14.196739510749));
#3018 = CARTESIAN_POINT('',(42.689243351426,6.E-15,14.22753558463));
#3019 = CARTESIAN_POINT('',(42.678050518552,6.E-15,14.25828764021));
#3020 = CARTESIAN_POINT('',(42.661407710227,6.E-15,14.304013380281));
#3021 = CARTESIAN_POINT('',(42.655945245379,6.E-15,14.319021379103));
#3022 = CARTESIAN_POINT('',(42.650486753988,6.E-15,14.334018460945));
#3023 = CARTESIAN_POINT('',(42.645032282985,6.E-15,14.349004496862));
#3024 = CARTESIAN_POINT('',(42.63958187997,6.E-15,14.363979356072));
#3025 = CARTESIAN_POINT('',(42.631407400147,6.E-15,14.386438554802));
#3026 = CARTESIAN_POINT('',(42.628679210301,6.E-15,14.393934194801));
#3027 = CARTESIAN_POINT('',(42.625951023683,6.E-15,14.40142982593));
#3028 = CARTESIAN_POINT('',(42.623222840299,6.E-15,14.408925448171));
#3029 = CARTESIAN_POINT('',(42.620494660158,6.E-15,14.416421061506));
#3030 = CARTESIAN_POINT('',(42.614590614068,6.E-15,14.43264229482));
#3031 = CARTESIAN_POINT('',(42.611826535306,6.E-15,14.440236538805));
#3032 = CARTESIAN_POINT('',(42.60884562068,6.E-15,14.448426534429));
#3033 = CARTESIAN_POINT('',(42.60552988689,6.E-15,14.457536438148));
#3034 = CARTESIAN_POINT('',(42.602277088257,6.E-15,14.466473428942));
#3035 = CARTESIAN_POINT('',(42.600001,6.E-15,14.472726930032));
#3036 = ORIENTED_EDGE('',*,*,#3037,.F.);
#3037 = EDGE_CURVE('',#1126,#3001,#3038,.T.);
#3038 = LINE('',#3039,#3040);
#3039 = CARTESIAN_POINT('',(42.600001,6.E-15,14.75));
#3040 = VECTOR('',#3041,1.);
#3041 = DIRECTION('',(0.,0.,-1.));
#3042 = PLANE('',#3043);
#3043 = AXIS2_PLACEMENT_3D('',#3044,#3045,#3046);
#3044 = CARTESIAN_POINT('',(125.,6.E-15,27.));
#3045 = DIRECTION('',(0.,1.,0.));
#3046 = DIRECTION('',(0.,0.,1.));
#3047 = ADVANCED_FACE('',(#3048),#3065,.T.);
#3048 = FACE_BOUND('',#3049,.T.);
#3049 = EDGE_LOOP('',(#3050,#3058,#3063,#3064));
#3050 = ORIENTED_EDGE('',*,*,#3051,.F.);
#3051 = EDGE_CURVE('',#3052,#1118,#3054,.T.);
#3052 = VERTEX_POINT('',#3053);
#3053 = CARTESIAN_POINT('',(42.600000750008,5.100000250008,
    14.472728303729));
#3054 = LINE('',#3055,#3056);
#3055 = CARTESIAN_POINT('',(42.600001,5.1,2.5));
#3056 = VECTOR('',#3057,1.);
#3057 = DIRECTION('',(0.,0.,1.));
#3058 = ORIENTED_EDGE('',*,*,#3059,.T.);
#3059 = EDGE_CURVE('',#3052,#3001,#3060,.T.);
#3060 = B_SPLINE_CURVE_WITH_KNOTS('',1,(#3061,#3062),.UNSPECIFIED.,.F.,
  .F.,(2,2),(0.,1.),.PIECEWISE_BEZIER_KNOTS.);
#3061 = CARTESIAN_POINT('',(42.600001,5.1,14.472726930032));
#3062 = CARTESIAN_POINT('',(42.600001,-1.E-01,14.472726930032));
#3063 = ORIENTED_EDGE('',*,*,#3037,.F.);
#3064 = ORIENTED_EDGE('',*,*,#1125,.T.);
#3065 = PLANE('',#3066);
#3066 = AXIS2_PLACEMENT_3D('',#3067,#3068,#3069);
#3067 = CARTESIAN_POINT('',(42.600001,-1.E-01,2.5));
#3068 = DIRECTION('',(-1.,0.,0.));
#3069 = DIRECTION('',(0.,1.,0.));
#3070 = ADVANCED_FACE('',(#3071,#3088),#3124,.T.);
#3071 = FACE_BOUND('',#3072,.T.);
#3072 = EDGE_LOOP('',(#3073,#3080,#3081,#3082));
#3073 = ORIENTED_EDGE('',*,*,#3074,.T.);
#3074 = EDGE_CURVE('',#3075,#3052,#3077,.T.);
#3075 = VERTEX_POINT('',#3076);
#3076 = CARTESIAN_POINT('',(27.4,5.1,14.472729677509));
#3077 = B_SPLINE_CURVE_WITH_KNOTS('',1,(#3078,#3079),.UNSPECIFIED.,.F.,
  .F.,(2,2),(0.,1.),.PIECEWISE_BEZIER_KNOTS.);
#3078 = CARTESIAN_POINT('',(27.4,5.1,14.472729677509));
#3079 = CARTESIAN_POINT('',(42.6,5.1,14.472729677509));
#3080 = ORIENTED_EDGE('',*,*,#3051,.T.);
#3081 = ORIENTED_EDGE('',*,*,#1117,.T.);
#3082 = ORIENTED_EDGE('',*,*,#3083,.F.);
#3083 = EDGE_CURVE('',#3075,#1110,#3084,.T.);
#3084 = LINE('',#3085,#3086);
#3085 = CARTESIAN_POINT('',(27.4,5.1,2.5));
#3086 = VECTOR('',#3087,1.);
#3087 = DIRECTION('',(0.,0.,1.));
#3088 = FACE_BOUND('',#3089,.T.);
#3089 = EDGE_LOOP('',(#3090,#3101,#3109,#3118));
#3090 = ORIENTED_EDGE('',*,*,#3091,.F.);
#3091 = EDGE_CURVE('',#3092,#3094,#3096,.T.);
#3092 = VERTEX_POINT('',#3093);
#3093 = CARTESIAN_POINT('',(38.5,5.1,28.));
#3094 = VERTEX_POINT('',#3095);
#3095 = CARTESIAN_POINT('',(31.5,5.1,28.));
#3096 = CIRCLE('',#3097,3.5);
#3097 = AXIS2_PLACEMENT_3D('',#3098,#3099,#3100);
#3098 = CARTESIAN_POINT('',(35.,5.1,28.));
#3099 = DIRECTION('',(0.,-1.,2.2E-16));
#3100 = DIRECTION('',(1.,0.,0.));
#3101 = ORIENTED_EDGE('',*,*,#3102,.T.);
#3102 = EDGE_CURVE('',#3092,#3103,#3105,.T.);
#3103 = VERTEX_POINT('',#3104);
#3104 = CARTESIAN_POINT('',(38.5,5.1,22.999998787564));
#3105 = LINE('',#3106,#3107);
#3106 = CARTESIAN_POINT('',(38.5,5.1,15.25));
#3107 = VECTOR('',#3108,1.);
#3108 = DIRECTION('',(0.,0.,-1.));
#3109 = ORIENTED_EDGE('',*,*,#3110,.F.);
#3110 = EDGE_CURVE('',#3111,#3103,#3113,.T.);
#3111 = VERTEX_POINT('',#3112);
#3112 = CARTESIAN_POINT('',(31.5,5.1,22.999998787564));
#3113 = CIRCLE('',#3114,3.5);
#3114 = AXIS2_PLACEMENT_3D('',#3115,#3116,#3117);
#3115 = CARTESIAN_POINT('',(35.,5.1,22.999998787564));
#3116 = DIRECTION('',(0.,-1.,2.2E-16));
#3117 = DIRECTION('',(1.,0.,0.));
#3118 = ORIENTED_EDGE('',*,*,#3119,.F.);
#3119 = EDGE_CURVE('',#3094,#3111,#3120,.T.);
#3120 = LINE('',#3121,#3122);
#3121 = CARTESIAN_POINT('',(31.499999999999,5.1,15.250000000001));
#3122 = VECTOR('',#3123,1.);
#3123 = DIRECTION('',(-6.537E-14,-0.,-1.));
#3124 = PLANE('',#3125);
#3125 = AXIS2_PLACEMENT_3D('',#3126,#3127,#3128);
#3126 = CARTESIAN_POINT('',(42.600001,5.1,2.5));
#3127 = DIRECTION('',(0.,-1.,0.));
#3128 = DIRECTION('',(-1.,0.,0.));
#3129 = ADVANCED_FACE('',(#3130),#3147,.T.);
#3130 = FACE_BOUND('',#3131,.T.);
#3131 = EDGE_LOOP('',(#3132,#3139,#3140,#3141));
#3132 = ORIENTED_EDGE('',*,*,#3133,.T.);
#3133 = EDGE_CURVE('',#3134,#3075,#3136,.T.);
#3134 = VERTEX_POINT('',#3135);
#3135 = CARTESIAN_POINT('',(27.4,6.E-15,14.472729677509));
#3136 = B_SPLINE_CURVE_WITH_KNOTS('',1,(#3137,#3138),.UNSPECIFIED.,.F.,
  .F.,(2,2),(0.,1.),.PIECEWISE_BEZIER_KNOTS.);
#3137 = CARTESIAN_POINT('',(27.4,-0.1,14.472729677509));
#3138 = CARTESIAN_POINT('',(27.4,5.1,14.472729677509));
#3139 = ORIENTED_EDGE('',*,*,#3083,.T.);
#3140 = ORIENTED_EDGE('',*,*,#1109,.T.);
#3141 = ORIENTED_EDGE('',*,*,#3142,.F.);
#3142 = EDGE_CURVE('',#3134,#1102,#3143,.T.);
#3143 = LINE('',#3144,#3145);
#3144 = CARTESIAN_POINT('',(27.4,6.11E-15,14.75));
#3145 = VECTOR('',#3146,1.);
#3146 = DIRECTION('',(0.,0.,1.));
#3147 = PLANE('',#3148);
#3148 = AXIS2_PLACEMENT_3D('',#3149,#3150,#3151);
#3149 = CARTESIAN_POINT('',(27.4,5.1,2.5));
#3150 = DIRECTION('',(1.,0.,0.));
#3151 = DIRECTION('',(0.,-1.,0.));
#3152 = ADVANCED_FACE('',(#3153),#3208,.F.);
#3153 = FACE_BOUND('',#3154,.F.);
#3154 = EDGE_LOOP('',(#3155,#3163,#3164,#3165,#3202));
#3155 = ORIENTED_EDGE('',*,*,#3156,.F.);
#3156 = EDGE_CURVE('',#1094,#3157,#3159,.T.);
#3157 = VERTEX_POINT('',#3158);
#3158 = CARTESIAN_POINT('',(23.,3.E-15,13.));
#3159 = LINE('',#3160,#3161);
#3160 = CARTESIAN_POINT('',(23.,0.,41.));
#3161 = VECTOR('',#3162,1.);
#3162 = DIRECTION('',(0.,0.,-1.));
#3163 = ORIENTED_EDGE('',*,*,#1101,.F.);
#3164 = ORIENTED_EDGE('',*,*,#3142,.F.);
#3165 = ORIENTED_EDGE('',*,*,#3166,.F.);
#3166 = EDGE_CURVE('',#3167,#3134,#3169,.T.);
#3167 = VERTEX_POINT('',#3168);
#3168 = CARTESIAN_POINT('',(26.863970234266,3.E-15,13.));
#3169 = B_SPLINE_CURVE_WITH_KNOTS('',6,(#3170,#3171,#3172,#3173,#3174,
    #3175,#3176,#3177,#3178,#3179,#3180,#3181,#3182,#3183,#3184,#3185,
    #3186,#3187,#3188,#3189,#3190,#3191,#3192,#3193,#3194,#3195,#3196,
    #3197,#3198,#3199,#3200,#3201),.UNSPECIFIED.,.F.,.F.,(7,5,5,5,5,5,7)
  ,(0.,0.492059787942,0.743601427045,0.870576510576,0.932680101615,
    0.963789478363,1.),.UNSPECIFIED.);
#3170 = CARTESIAN_POINT('',(26.863970234266,6.E-15,13.));
#3171 = CARTESIAN_POINT('',(26.908873907036,6.E-15,13.123371826986));
#3172 = CARTESIAN_POINT('',(26.953650805675,6.E-15,13.246395344909));
#3173 = CARTESIAN_POINT('',(26.998289311869,6.E-15,13.369038632715));
#3174 = CARTESIAN_POINT('',(27.042775937753,6.E-15,13.491264632801));
#3175 = CARTESIAN_POINT('',(27.087095325915,6.E-15,13.613031151018));
#3176 = CARTESIAN_POINT('',(27.153792082858,6.E-15,13.79627898467));
#3177 = CARTESIAN_POINT('',(27.17630568226,6.E-15,13.858134590657));
#3178 = CARTESIAN_POINT('',(27.198768725026,6.E-15,13.919851293429));
#3179 = CARTESIAN_POINT('',(27.221178728464,6.E-15,13.981422271847));
#3180 = CARTESIAN_POINT('',(27.24353304976,6.E-15,14.042840264834));
#3181 = CARTESIAN_POINT('',(27.27708354614,6.E-15,14.135019496048));
#3182 = CARTESIAN_POINT('',(27.288323302679,6.E-15,14.165900473341));
#3183 = CARTESIAN_POINT('',(27.299547794349,6.E-15,14.196739510749));
#3184 = CARTESIAN_POINT('',(27.310756648574,6.E-15,14.22753558463));
#3185 = CARTESIAN_POINT('',(27.321949481448,6.E-15,14.25828764021));
#3186 = CARTESIAN_POINT('',(27.338592289773,6.E-15,14.304013380281));
#3187 = CARTESIAN_POINT('',(27.344054754621,6.E-15,14.319021379103));
#3188 = CARTESIAN_POINT('',(27.349513246012,6.E-15,14.334018460945));
#3189 = CARTESIAN_POINT('',(27.354967717015,6.E-15,14.349004496862));
#3190 = CARTESIAN_POINT('',(27.36041812003,6.E-15,14.363979356072));
#3191 = CARTESIAN_POINT('',(27.368592599853,6.E-15,14.386438554802));
#3192 = CARTESIAN_POINT('',(27.371320789699,6.E-15,14.393934194801));
#3193 = CARTESIAN_POINT('',(27.374048976317,6.E-15,14.40142982593));
#3194 = CARTESIAN_POINT('',(27.376777159701,6.E-15,14.408925448171));
#3195 = CARTESIAN_POINT('',(27.379505339842,6.E-15,14.416421061506));
#3196 = CARTESIAN_POINT('',(27.385409045105,6.E-15,14.432641358407));
#3197 = CARTESIAN_POINT('',(27.388173751789,6.E-15,14.440237327592));
#3198 = CARTESIAN_POINT('',(27.391154790254,6.E-15,14.448427663461));
#3199 = CARTESIAN_POINT('',(27.39446985344,6.E-15,14.457535724711));
#3200 = CARTESIAN_POINT('',(27.397722118616,6.E-15,14.466471249841));
#3201 = CARTESIAN_POINT('',(27.4,6.E-15,14.472729677509));
#3202 = ORIENTED_EDGE('',*,*,#3203,.F.);
#3203 = EDGE_CURVE('',#3157,#3167,#3204,.T.);
#3204 = LINE('',#3205,#3206);
#3205 = CARTESIAN_POINT('',(23.,0.,13.));
#3206 = VECTOR('',#3207,1.);
#3207 = DIRECTION('',(1.,0.,0.));
#3208 = PLANE('',#3209);
#3209 = AXIS2_PLACEMENT_3D('',#3210,#3211,#3212);
#3210 = CARTESIAN_POINT('',(125.,6.E-15,27.));
#3211 = DIRECTION('',(0.,1.,0.));
#3212 = DIRECTION('',(0.,0.,1.));
#3213 = ADVANCED_FACE('',(#3214),#3225,.T.);
#3214 = FACE_BOUND('',#3215,.T.);
#3215 = EDGE_LOOP('',(#3216,#3217,#3218,#3219));
#3216 = ORIENTED_EDGE('',*,*,#3156,.F.);
#3217 = ORIENTED_EDGE('',*,*,#1093,.F.);
#3218 = ORIENTED_EDGE('',*,*,#2343,.F.);
#3219 = ORIENTED_EDGE('',*,*,#3220,.F.);
#3220 = EDGE_CURVE('',#3157,#2336,#3221,.T.);
#3221 = LINE('',#3222,#3223);
#3222 = CARTESIAN_POINT('',(23.,2.89E-15,13.));
#3223 = VECTOR('',#3224,1.);
#3224 = DIRECTION('',(0.,-1.,2.2E-16));
#3225 = PLANE('',#3226);
#3226 = AXIS2_PLACEMENT_3D('',#3227,#3228,#3229);
#3227 = CARTESIAN_POINT('',(23.,9.1E-15,41.));
#3228 = DIRECTION('',(1.,0.,0.));
#3229 = DIRECTION('',(0.,-2.2E-16,-1.));
#3230 = ADVANCED_FACE('',(#3231),#3242,.T.);
#3231 = FACE_BOUND('',#3232,.T.);
#3232 = EDGE_LOOP('',(#3233,#3234,#3235,#3241));
#3233 = ORIENTED_EDGE('',*,*,#2350,.T.);
#3234 = ORIENTED_EDGE('',*,*,#1077,.T.);
#3235 = ORIENTED_EDGE('',*,*,#3236,.F.);
#3236 = EDGE_CURVE('',#1740,#1070,#3237,.T.);
#3237 = LINE('',#3238,#3239);
#3238 = CARTESIAN_POINT('',(-37.,14.,2.5));
#3239 = VECTOR('',#3240,1.);
#3240 = DIRECTION('',(0.,0.,1.));
#3241 = ORIENTED_EDGE('',*,*,#1739,.F.);
#3242 = PLANE('',#3243);
#3243 = AXIS2_PLACEMENT_3D('',#3244,#3245,#3246);
#3244 = CARTESIAN_POINT('',(-7.,-16.,2.5));
#3245 = DIRECTION('',(-0.707106781187,-0.707106781187,0.));
#3246 = DIRECTION('',(-0.707106781187,0.707106781187,0.));
#3247 = ADVANCED_FACE('',(#3248),#3274,.T.);
#3248 = FACE_BOUND('',#3249,.T.);
#3249 = EDGE_LOOP('',(#3250,#3258,#3259,#3260,#3268));
#3250 = ORIENTED_EDGE('',*,*,#3251,.F.);
#3251 = EDGE_CURVE('',#1740,#3252,#3254,.T.);
#3252 = VERTEX_POINT('',#3253);
#3253 = CARTESIAN_POINT('',(-37.,14.,-61.));
#3254 = LINE('',#3255,#3256);
#3255 = CARTESIAN_POINT('',(-37.,14.,17.));
#3256 = VECTOR('',#3257,1.);
#3257 = DIRECTION('',(-0.,-0.,-1.));
#3258 = ORIENTED_EDGE('',*,*,#3236,.T.);
#3259 = ORIENTED_EDGE('',*,*,#1069,.T.);
#3260 = ORIENTED_EDGE('',*,*,#3261,.F.);
#3261 = EDGE_CURVE('',#3262,#1062,#3264,.T.);
#3262 = VERTEX_POINT('',#3263);
#3263 = CARTESIAN_POINT('',(-42.,14.,-61.));
#3264 = LINE('',#3265,#3266);
#3265 = CARTESIAN_POINT('',(-42.,14.,2.5));
#3266 = VECTOR('',#3267,1.);
#3267 = DIRECTION('',(0.,0.,1.));
#3268 = ORIENTED_EDGE('',*,*,#3269,.T.);
#3269 = EDGE_CURVE('',#3262,#3252,#3270,.T.);
#3270 = LINE('',#3271,#3272);
#3271 = CARTESIAN_POINT('',(-42.,14.,-61.));
#3272 = VECTOR('',#3273,1.);
#3273 = DIRECTION('',(1.,0.,0.));
#3274 = PLANE('',#3275);
#3275 = AXIS2_PLACEMENT_3D('',#3276,#3277,#3278);
#3276 = CARTESIAN_POINT('',(-39.5,14.,-13.5));
#3277 = DIRECTION('',(-0.,-1.,-0.));
#3278 = DIRECTION('',(0.,0.,-1.));
#3279 = ADVANCED_FACE('',(#3280,#3314,#3325),#3336,.T.);
#3280 = FACE_BOUND('',#3281,.T.);
#3281 = EDGE_LOOP('',(#3282,#3290,#3298,#3306,#3312,#3313));
#3282 = ORIENTED_EDGE('',*,*,#3283,.F.);
#3283 = EDGE_CURVE('',#3284,#1054,#3286,.T.);
#3284 = VERTEX_POINT('',#3285);
#3285 = CARTESIAN_POINT('',(-42.,34.,17.));
#3286 = LINE('',#3287,#3288);
#3287 = CARTESIAN_POINT('',(-42.,34.,2.5));
#3288 = VECTOR('',#3289,1.);
#3289 = DIRECTION('',(0.,0.,1.));
#3290 = ORIENTED_EDGE('',*,*,#3291,.F.);
#3291 = EDGE_CURVE('',#3292,#3284,#3294,.T.);
#3292 = VERTEX_POINT('',#3293);
#3293 = CARTESIAN_POINT('',(-42.,49.,17.));
#3294 = LINE('',#3295,#3296);
#3295 = CARTESIAN_POINT('',(-42.,49.,17.));
#3296 = VECTOR('',#3297,1.);
#3297 = DIRECTION('',(0.,-1.,0.));
#3298 = ORIENTED_EDGE('',*,*,#3299,.T.);
#3299 = EDGE_CURVE('',#3292,#3300,#3302,.T.);
#3300 = VERTEX_POINT('',#3301);
#3301 = CARTESIAN_POINT('',(-42.,49.,-61.));
#3302 = LINE('',#3303,#3304);
#3303 = CARTESIAN_POINT('',(-42.,49.,17.));
#3304 = VECTOR('',#3305,1.);
#3305 = DIRECTION('',(-0.,-0.,-1.));
#3306 = ORIENTED_EDGE('',*,*,#3307,.T.);
#3307 = EDGE_CURVE('',#3300,#3262,#3308,.T.);
#3308 = LINE('',#3309,#3310);
#3309 = CARTESIAN_POINT('',(-42.,49.,-61.));
#3310 = VECTOR('',#3311,1.);
#3311 = DIRECTION('',(0.,-1.,0.));
#3312 = ORIENTED_EDGE('',*,*,#3261,.T.);
#3313 = ORIENTED_EDGE('',*,*,#1061,.T.);
#3314 = FACE_BOUND('',#3315,.T.);
#3315 = EDGE_LOOP('',(#3316));
#3316 = ORIENTED_EDGE('',*,*,#3317,.T.);
#3317 = EDGE_CURVE('',#3318,#3318,#3320,.T.);
#3318 = VERTEX_POINT('',#3319);
#3319 = CARTESIAN_POINT('',(-42.,45.300001,-8.5));
#3320 = CIRCLE('',#3321,1.3);
#3321 = AXIS2_PLACEMENT_3D('',#3322,#3323,#3324);
#3322 = CARTESIAN_POINT('',(-42.,44.000001,-8.5));
#3323 = DIRECTION('',(1.,0.,0.));
#3324 = DIRECTION('',(0.,1.,0.));
#3325 = FACE_BOUND('',#3326,.T.);
#3326 = EDGE_LOOP('',(#3327));
#3327 = ORIENTED_EDGE('',*,*,#3328,.T.);
#3328 = EDGE_CURVE('',#3329,#3329,#3331,.T.);
#3329 = VERTEX_POINT('',#3330);
#3330 = CARTESIAN_POINT('',(-42.,46.875,-28.));
#3331 = CIRCLE('',#3332,2.875);
#3332 = AXIS2_PLACEMENT_3D('',#3333,#3334,#3335);
#3333 = CARTESIAN_POINT('',(-42.,44.,-28.));
#3334 = DIRECTION('',(1.,0.,0.));
#3335 = DIRECTION('',(0.,1.,0.));
#3336 = PLANE('',#3337);
#3337 = AXIS2_PLACEMENT_3D('',#3338,#3339,#3340);
#3338 = CARTESIAN_POINT('',(-42.,30.519230769231,-14.48076923076));
#3339 = DIRECTION('',(-1.,-0.,-0.));
#3340 = DIRECTION('',(0.,0.,-1.));
#3341 = ADVANCED_FACE('',(#3342),#3376,.T.);
#3342 = FACE_BOUND('',#3343,.T.);
#3343 = EDGE_LOOP('',(#3344,#3352,#3353,#3354,#3362,#3370));
#3344 = ORIENTED_EDGE('',*,*,#3345,.F.);
#3345 = EDGE_CURVE('',#3284,#3346,#3348,.T.);
#3346 = VERTEX_POINT('',#3347);
#3347 = CARTESIAN_POINT('',(-37.,34.,17.));
#3348 = LINE('',#3349,#3350);
#3349 = CARTESIAN_POINT('',(27.573167418225,34.,17.));
#3350 = VECTOR('',#3351,1.);
#3351 = DIRECTION('',(1.,0.,0.));
#3352 = ORIENTED_EDGE('',*,*,#3283,.T.);
#3353 = ORIENTED_EDGE('',*,*,#1053,.T.);
#3354 = ORIENTED_EDGE('',*,*,#3355,.F.);
#3355 = EDGE_CURVE('',#3356,#1046,#3358,.T.);
#3356 = VERTEX_POINT('',#3357);
#3357 = CARTESIAN_POINT('',(-25.9,34.,19.));
#3358 = LINE('',#3359,#3360);
#3359 = CARTESIAN_POINT('',(-25.9,34.,19.));
#3360 = VECTOR('',#3361,1.);
#3361 = DIRECTION('',(0.,0.,1.));
#3362 = ORIENTED_EDGE('',*,*,#3363,.F.);
#3363 = EDGE_CURVE('',#3364,#3356,#3366,.T.);
#3364 = VERTEX_POINT('',#3365);
#3365 = CARTESIAN_POINT('',(-37.,34.,19.));
#3366 = LINE('',#3367,#3368);
#3367 = CARTESIAN_POINT('',(-38.,34.,19.));
#3368 = VECTOR('',#3369,1.);
#3369 = DIRECTION('',(1.,0.,0.));
#3370 = ORIENTED_EDGE('',*,*,#3371,.F.);
#3371 = EDGE_CURVE('',#3346,#3364,#3372,.T.);
#3372 = LINE('',#3373,#3374);
#3373 = CARTESIAN_POINT('',(-37.,34.,2.5));
#3374 = VECTOR('',#3375,1.);
#3375 = DIRECTION('',(0.,0.,1.));
#3376 = PLANE('',#3377);
#3377 = AXIS2_PLACEMENT_3D('',#3378,#3379,#3380);
#3378 = CARTESIAN_POINT('',(-35.87384453781,34.,20.173844537815));
#3379 = DIRECTION('',(0.,1.,0.));
#3380 = DIRECTION('',(0.,0.,1.));
#3381 = ADVANCED_FACE('',(#3382),#3408,.F.);
#3382 = FACE_BOUND('',#3383,.F.);
#3383 = EDGE_LOOP('',(#3384,#3385,#3386,#3394,#3402));
#3384 = ORIENTED_EDGE('',*,*,#1045,.F.);
#3385 = ORIENTED_EDGE('',*,*,#3355,.F.);
#3386 = ORIENTED_EDGE('',*,*,#3387,.F.);
#3387 = EDGE_CURVE('',#3388,#3356,#3390,.T.);
#3388 = VERTEX_POINT('',#3389);
#3389 = CARTESIAN_POINT('',(-25.9,36.,17.));
#3390 = LINE('',#3391,#3392);
#3391 = CARTESIAN_POINT('',(-25.9,36.,17.));
#3392 = VECTOR('',#3393,1.);
#3393 = DIRECTION('',(0.,-0.707106781187,0.707106781187));
#3394 = ORIENTED_EDGE('',*,*,#3395,.F.);
#3395 = EDGE_CURVE('',#3396,#3388,#3398,.T.);
#3396 = VERTEX_POINT('',#3397);
#3397 = CARTESIAN_POINT('',(-25.9,36.900001,17.));
#3398 = LINE('',#3399,#3400);
#3399 = CARTESIAN_POINT('',(-25.9,80.,17.));
#3400 = VECTOR('',#3401,1.);
#3401 = DIRECTION('',(0.,-1.,0.));
#3402 = ORIENTED_EDGE('',*,*,#3403,.F.);
#3403 = EDGE_CURVE('',#1038,#3396,#3404,.T.);
#3404 = LINE('',#3405,#3406);
#3405 = CARTESIAN_POINT('',(-25.9,36.900001,17.36976049063));
#3406 = VECTOR('',#3407,1.);
#3407 = DIRECTION('',(0.,0.,-1.));
#3408 = PLANE('',#3409);
#3409 = AXIS2_PLACEMENT_3D('',#3410,#3411,#3412);
#3410 = CARTESIAN_POINT('',(-25.9,58.,32.23952098126));
#3411 = DIRECTION('',(1.,0.,0.));
#3412 = DIRECTION('',(0.,0.,1.));
#3413 = ADVANCED_FACE('',(#3414),#3445,.T.);
#3414 = FACE_BOUND('',#3415,.T.);
#3415 = EDGE_LOOP('',(#3416,#3423,#3431,#3437,#3438,#3439));
#3416 = ORIENTED_EDGE('',*,*,#3417,.T.);
#3417 = EDGE_CURVE('',#3418,#1679,#3420,.T.);
#3418 = VERTEX_POINT('',#3419);
#3419 = CARTESIAN_POINT('',(-20.90000025,36.90000075,4.972731051248));
#3420 = B_SPLINE_CURVE_WITH_KNOTS('',1,(#3421,#3422),.UNSPECIFIED.,.F.,
  .F.,(2,2),(0.,1.),.PIECEWISE_BEZIER_KNOTS.);
#3421 = CARTESIAN_POINT('',(-20.900001,36.900001,4.972732424987));
#3422 = CARTESIAN_POINT('',(-26.099999,36.900001,4.972732424987));
#3423 = ORIENTED_EDGE('',*,*,#3424,.T.);
#3424 = EDGE_CURVE('',#1679,#3425,#3427,.T.);
#3425 = VERTEX_POINT('',#3426);
#3426 = CARTESIAN_POINT('',(-26.1,36.900001,17.));
#3427 = LINE('',#3428,#3429);
#3428 = CARTESIAN_POINT('',(-26.1,36.900001,2.5));
#3429 = VECTOR('',#3430,1.);
#3430 = DIRECTION('',(0.,0.,1.));
#3431 = ORIENTED_EDGE('',*,*,#3432,.F.);
#3432 = EDGE_CURVE('',#3396,#3425,#3433,.T.);
#3433 = LINE('',#3434,#3435);
#3434 = CARTESIAN_POINT('',(-32.05,36.900001,17.));
#3435 = VECTOR('',#3436,1.);
#3436 = DIRECTION('',(-1.,0.,0.));
#3437 = ORIENTED_EDGE('',*,*,#3403,.F.);
#3438 = ORIENTED_EDGE('',*,*,#1037,.T.);
#3439 = ORIENTED_EDGE('',*,*,#3440,.F.);
#3440 = EDGE_CURVE('',#3418,#1030,#3441,.T.);
#3441 = LINE('',#3442,#3443);
#3442 = CARTESIAN_POINT('',(-20.9,36.900001,2.5));
#3443 = VECTOR('',#3444,1.);
#3444 = DIRECTION('',(0.,0.,1.));
#3445 = PLANE('',#3446);
#3446 = AXIS2_PLACEMENT_3D('',#3447,#3448,#3449);
#3447 = CARTESIAN_POINT('',(-26.1,36.900001,2.5));
#3448 = DIRECTION('',(0.,1.,0.));
#3449 = DIRECTION('',(1.,0.,0.));
#3450 = ADVANCED_FACE('',(#3451),#3510,.T.);
#3451 = FACE_BOUND('',#3452,.T.);
#3452 = EDGE_LOOP('',(#3453,#3460,#3461,#3462,#3471,#3479,#3488,#3496,
    #3503,#3504));
#3453 = ORIENTED_EDGE('',*,*,#3454,.T.);
#3454 = EDGE_CURVE('',#3455,#3418,#3457,.T.);
#3455 = VERTEX_POINT('',#3456);
#3456 = CARTESIAN_POINT('',(-20.89999975002,51.100000749978,
    4.972728303889));
#3457 = B_SPLINE_CURVE_WITH_KNOTS('',1,(#3458,#3459),.UNSPECIFIED.,.F.,
  .F.,(2,2),(0.,1.),.PIECEWISE_BEZIER_KNOTS.);
#3458 = CARTESIAN_POINT('',(-20.9,51.1,4.972729677509));
#3459 = CARTESIAN_POINT('',(-20.9,36.900001,4.972729677509));
#3460 = ORIENTED_EDGE('',*,*,#3440,.T.);
#3461 = ORIENTED_EDGE('',*,*,#1029,.T.);
#3462 = ORIENTED_EDGE('',*,*,#3463,.T.);
#3463 = EDGE_CURVE('',#1022,#3464,#3466,.T.);
#3464 = VERTEX_POINT('',#3465);
#3465 = CARTESIAN_POINT('',(-20.9,40.499999232051,32.000000537564));
#3466 = CIRCLE('',#3467,3.5);
#3467 = AXIS2_PLACEMENT_3D('',#3468,#3469,#3470);
#3468 = CARTESIAN_POINT('',(-20.9,43.999999232051,32.000000537564));
#3469 = DIRECTION('',(1.,0.,0.));
#3470 = DIRECTION('',(0.,1.,0.));
#3471 = ORIENTED_EDGE('',*,*,#3472,.F.);
#3472 = EDGE_CURVE('',#3473,#3464,#3475,.T.);
#3473 = VERTEX_POINT('',#3474);
#3474 = CARTESIAN_POINT('',(-20.9,40.499999232051,26.999999462436));
#3475 = LINE('',#3476,#3477);
#3476 = CARTESIAN_POINT('',(-20.9,40.499999232051,17.250000268782));
#3477 = VECTOR('',#3478,1.);
#3478 = DIRECTION('',(0.,-7.11E-15,1.));
#3479 = ORIENTED_EDGE('',*,*,#3480,.T.);
#3480 = EDGE_CURVE('',#3473,#3481,#3483,.T.);
#3481 = VERTEX_POINT('',#3482);
#3482 = CARTESIAN_POINT('',(-20.9,47.499999232051,26.999999462436));
#3483 = CIRCLE('',#3484,3.5);
#3484 = AXIS2_PLACEMENT_3D('',#3485,#3486,#3487);
#3485 = CARTESIAN_POINT('',(-20.9,43.999999232051,26.999999462436));
#3486 = DIRECTION('',(1.,0.,0.));
#3487 = DIRECTION('',(0.,1.,0.));
#3488 = ORIENTED_EDGE('',*,*,#3489,.T.);
#3489 = EDGE_CURVE('',#3481,#3490,#3492,.T.);
#3490 = VERTEX_POINT('',#3491);
#3491 = CARTESIAN_POINT('',(-20.9,47.499999232051,32.000000537564));
#3492 = LINE('',#3493,#3494);
#3493 = CARTESIAN_POINT('',(-20.9,47.499999232051,17.250000268782));
#3494 = VECTOR('',#3495,1.);
#3495 = DIRECTION('',(0.,0.,1.));
#3496 = ORIENTED_EDGE('',*,*,#3497,.T.);
#3497 = EDGE_CURVE('',#3490,#966,#3498,.T.);
#3498 = CIRCLE('',#3499,3.5);
#3499 = AXIS2_PLACEMENT_3D('',#3500,#3501,#3502);
#3500 = CARTESIAN_POINT('',(-20.9,43.999999232051,32.000000537564));
#3501 = DIRECTION('',(1.,0.,0.));
#3502 = DIRECTION('',(0.,1.,0.));
#3503 = ORIENTED_EDGE('',*,*,#965,.T.);
#3504 = ORIENTED_EDGE('',*,*,#3505,.F.);
#3505 = EDGE_CURVE('',#3455,#958,#3506,.T.);
#3506 = LINE('',#3507,#3508);
#3507 = CARTESIAN_POINT('',(-20.9,51.100001,2.5));
#3508 = VECTOR('',#3509,1.);
#3509 = DIRECTION('',(0.,0.,1.));
#3510 = PLANE('',#3511);
#3511 = AXIS2_PLACEMENT_3D('',#3512,#3513,#3514);
#3512 = CARTESIAN_POINT('',(-20.9,36.900001,2.5));
#3513 = DIRECTION('',(-1.,0.,0.));
#3514 = DIRECTION('',(0.,1.,0.));
#3515 = ADVANCED_FACE('',(#3516),#3535,.F.);
#3516 = FACE_BOUND('',#3517,.F.);
#3517 = EDGE_LOOP('',(#3518,#3526,#3533,#3534));
#3518 = ORIENTED_EDGE('',*,*,#3519,.F.);
#3519 = EDGE_CURVE('',#3520,#3464,#3522,.T.);
#3520 = VERTEX_POINT('',#3521);
#3521 = CARTESIAN_POINT('',(-18.6,40.499999232051,32.000000537564));
#3522 = LINE('',#3523,#3524);
#3523 = CARTESIAN_POINT('',(-18.,40.499999232051,32.000000537564));
#3524 = VECTOR('',#3525,1.);
#3525 = DIRECTION('',(-1.,-0.,-0.));
#3526 = ORIENTED_EDGE('',*,*,#3527,.F.);
#3527 = EDGE_CURVE('',#1014,#3520,#3528,.T.);
#3528 = CIRCLE('',#3529,3.5);
#3529 = AXIS2_PLACEMENT_3D('',#3530,#3531,#3532);
#3530 = CARTESIAN_POINT('',(-18.6,43.999999232051,32.000000537564));
#3531 = DIRECTION('',(1.,0.,0.));
#3532 = DIRECTION('',(0.,1.,0.));
#3533 = ORIENTED_EDGE('',*,*,#1021,.F.);
#3534 = ORIENTED_EDGE('',*,*,#3463,.T.);
#3535 = CYLINDRICAL_SURFACE('',#3536,3.5);
#3536 = AXIS2_PLACEMENT_3D('',#3537,#3538,#3539);
#3537 = CARTESIAN_POINT('',(-18.,43.999999232051,32.000000537564));
#3538 = DIRECTION('',(1.,0.,0.));
#3539 = DIRECTION('',(0.,1.,0.));
#3540 = ADVANCED_FACE('',(#3541),#3576,.F.);
#3541 = FACE_BOUND('',#3542,.F.);
#3542 = EDGE_LOOP('',(#3543,#3544,#3545,#3553,#3562,#3570));
#3543 = ORIENTED_EDGE('',*,*,#1013,.F.);
#3544 = ORIENTED_EDGE('',*,*,#3527,.T.);
#3545 = ORIENTED_EDGE('',*,*,#3546,.F.);
#3546 = EDGE_CURVE('',#3547,#3520,#3549,.T.);
#3547 = VERTEX_POINT('',#3548);
#3548 = CARTESIAN_POINT('',(-18.6,40.499999232051,26.999999462436));
#3549 = LINE('',#3550,#3551);
#3550 = CARTESIAN_POINT('',(-18.6,40.499999232051,36.500000268782));
#3551 = VECTOR('',#3552,1.);
#3552 = DIRECTION('',(0.,-7.11E-15,1.));
#3553 = ORIENTED_EDGE('',*,*,#3554,.T.);
#3554 = EDGE_CURVE('',#3547,#3555,#3557,.T.);
#3555 = VERTEX_POINT('',#3556);
#3556 = CARTESIAN_POINT('',(-18.6,41.656923732769,24.4));
#3557 = CIRCLE('',#3558,3.5);
#3558 = AXIS2_PLACEMENT_3D('',#3559,#3560,#3561);
#3559 = CARTESIAN_POINT('',(-18.6,43.999999232051,26.999999462436));
#3560 = DIRECTION('',(1.,0.,0.));
#3561 = DIRECTION('',(0.,1.,0.));
#3562 = ORIENTED_EDGE('',*,*,#3563,.T.);
#3563 = EDGE_CURVE('',#3555,#3564,#3566,.T.);
#3564 = VERTEX_POINT('',#3565);
#3565 = CARTESIAN_POINT('',(-18.6,38.900001,24.4));
#3566 = LINE('',#3567,#3568);
#3567 = CARTESIAN_POINT('',(-18.6,49.100001,24.4));
#3568 = VECTOR('',#3569,1.);
#3569 = DIRECTION('',(0.,-1.,0.));
#3570 = ORIENTED_EDGE('',*,*,#3571,.F.);
#3571 = EDGE_CURVE('',#1006,#3564,#3572,.T.);
#3572 = LINE('',#3573,#3574);
#3573 = CARTESIAN_POINT('',(-18.6,38.900001,41.));
#3574 = VECTOR('',#3575,1.);
#3575 = DIRECTION('',(-0.,-0.,-1.));
#3576 = PLANE('',#3577);
#3577 = AXIS2_PLACEMENT_3D('',#3578,#3579,#3580);
#3578 = CARTESIAN_POINT('',(-18.6,49.100001,41.));
#3579 = DIRECTION('',(-1.,0.,0.));
#3580 = DIRECTION('',(0.,-1.,0.));
#3581 = ADVANCED_FACE('',(#3582),#3600,.F.);
#3582 = FACE_BOUND('',#3583,.F.);
#3583 = EDGE_LOOP('',(#3584,#3585,#3586,#3594));
#3584 = ORIENTED_EDGE('',*,*,#1005,.F.);
#3585 = ORIENTED_EDGE('',*,*,#3571,.T.);
#3586 = ORIENTED_EDGE('',*,*,#3587,.T.);
#3587 = EDGE_CURVE('',#3564,#3588,#3590,.T.);
#3588 = VERTEX_POINT('',#3589);
#3589 = CARTESIAN_POINT('',(-13.4,38.900001,24.4));
#3590 = LINE('',#3591,#3592);
#3591 = CARTESIAN_POINT('',(-18.6,38.900001,24.4));
#3592 = VECTOR('',#3593,1.);
#3593 = DIRECTION('',(1.,0.,0.));
#3594 = ORIENTED_EDGE('',*,*,#3595,.F.);
#3595 = EDGE_CURVE('',#998,#3588,#3596,.T.);
#3596 = LINE('',#3597,#3598);
#3597 = CARTESIAN_POINT('',(-13.4,38.900001,41.));
#3598 = VECTOR('',#3599,1.);
#3599 = DIRECTION('',(-0.,-0.,-1.));
#3600 = PLANE('',#3601);
#3601 = AXIS2_PLACEMENT_3D('',#3602,#3603,#3604);
#3602 = CARTESIAN_POINT('',(-18.6,38.900001,41.));
#3603 = DIRECTION('',(0.,-1.,0.));
#3604 = DIRECTION('',(1.,0.,0.));
#3605 = ADVANCED_FACE('',(#3606),#3624,.F.);
#3606 = FACE_BOUND('',#3607,.F.);
#3607 = EDGE_LOOP('',(#3608,#3609,#3610,#3618));
#3608 = ORIENTED_EDGE('',*,*,#997,.F.);
#3609 = ORIENTED_EDGE('',*,*,#3595,.T.);
#3610 = ORIENTED_EDGE('',*,*,#3611,.T.);
#3611 = EDGE_CURVE('',#3588,#3612,#3614,.T.);
#3612 = VERTEX_POINT('',#3613);
#3613 = CARTESIAN_POINT('',(-13.4,49.100001,24.4));
#3614 = LINE('',#3615,#3616);
#3615 = CARTESIAN_POINT('',(-13.4,38.900001,24.4));
#3616 = VECTOR('',#3617,1.);
#3617 = DIRECTION('',(0.,1.,0.));
#3618 = ORIENTED_EDGE('',*,*,#3619,.F.);
#3619 = EDGE_CURVE('',#990,#3612,#3620,.T.);
#3620 = LINE('',#3621,#3622);
#3621 = CARTESIAN_POINT('',(-13.4,49.100001,41.));
#3622 = VECTOR('',#3623,1.);
#3623 = DIRECTION('',(-0.,-0.,-1.));
#3624 = PLANE('',#3625);
#3625 = AXIS2_PLACEMENT_3D('',#3626,#3627,#3628);
#3626 = CARTESIAN_POINT('',(-13.4,38.900001,41.));
#3627 = DIRECTION('',(1.,0.,0.));
#3628 = DIRECTION('',(0.,1.,0.));
#3629 = ADVANCED_FACE('',(#3630),#3648,.F.);
#3630 = FACE_BOUND('',#3631,.F.);
#3631 = EDGE_LOOP('',(#3632,#3633,#3634,#3642));
#3632 = ORIENTED_EDGE('',*,*,#989,.F.);
#3633 = ORIENTED_EDGE('',*,*,#3619,.T.);
#3634 = ORIENTED_EDGE('',*,*,#3635,.T.);
#3635 = EDGE_CURVE('',#3612,#3636,#3638,.T.);
#3636 = VERTEX_POINT('',#3637);
#3637 = CARTESIAN_POINT('',(-18.6,49.100001,24.4));
#3638 = LINE('',#3639,#3640);
#3639 = CARTESIAN_POINT('',(-13.4,49.100001,24.4));
#3640 = VECTOR('',#3641,1.);
#3641 = DIRECTION('',(-1.,0.,0.));
#3642 = ORIENTED_EDGE('',*,*,#3643,.F.);
#3643 = EDGE_CURVE('',#982,#3636,#3644,.T.);
#3644 = LINE('',#3645,#3646);
#3645 = CARTESIAN_POINT('',(-18.6,49.100001,41.));
#3646 = VECTOR('',#3647,1.);
#3647 = DIRECTION('',(-0.,-0.,-1.));
#3648 = PLANE('',#3649);
#3649 = AXIS2_PLACEMENT_3D('',#3650,#3651,#3652);
#3650 = CARTESIAN_POINT('',(-13.4,49.100001,41.));
#3651 = DIRECTION('',(0.,1.,0.));
#3652 = DIRECTION('',(-1.,0.,0.));
#3653 = ADVANCED_FACE('',(#3654),#3690,.F.);
#3654 = FACE_BOUND('',#3655,.F.);
#3655 = EDGE_LOOP('',(#3656,#3657,#3658,#3666,#3675,#3683));
#3656 = ORIENTED_EDGE('',*,*,#981,.F.);
#3657 = ORIENTED_EDGE('',*,*,#3643,.T.);
#3658 = ORIENTED_EDGE('',*,*,#3659,.T.);
#3659 = EDGE_CURVE('',#3636,#3660,#3662,.T.);
#3660 = VERTEX_POINT('',#3661);
#3661 = CARTESIAN_POINT('',(-18.6,46.343074731332,24.4));
#3662 = LINE('',#3663,#3664);
#3663 = CARTESIAN_POINT('',(-18.6,49.100001,24.4));
#3664 = VECTOR('',#3665,1.);
#3665 = DIRECTION('',(0.,-1.,0.));
#3666 = ORIENTED_EDGE('',*,*,#3667,.T.);
#3667 = EDGE_CURVE('',#3660,#3668,#3670,.T.);
#3668 = VERTEX_POINT('',#3669);
#3669 = CARTESIAN_POINT('',(-18.6,47.499999232051,26.999999462436));
#3670 = CIRCLE('',#3671,3.5);
#3671 = AXIS2_PLACEMENT_3D('',#3672,#3673,#3674);
#3672 = CARTESIAN_POINT('',(-18.6,43.999999232051,26.999999462436));
#3673 = DIRECTION('',(1.,0.,0.));
#3674 = DIRECTION('',(0.,1.,0.));
#3675 = ORIENTED_EDGE('',*,*,#3676,.T.);
#3676 = EDGE_CURVE('',#3668,#3677,#3679,.T.);
#3677 = VERTEX_POINT('',#3678);
#3678 = CARTESIAN_POINT('',(-18.6,47.499999232051,32.000000537564));
#3679 = LINE('',#3680,#3681);
#3680 = CARTESIAN_POINT('',(-18.6,47.499999232051,36.500000268782));
#3681 = VECTOR('',#3682,1.);
#3682 = DIRECTION('',(0.,0.,1.));
#3683 = ORIENTED_EDGE('',*,*,#3684,.T.);
#3684 = EDGE_CURVE('',#3677,#974,#3685,.T.);
#3685 = CIRCLE('',#3686,3.5);
#3686 = AXIS2_PLACEMENT_3D('',#3687,#3688,#3689);
#3687 = CARTESIAN_POINT('',(-18.6,43.999999232051,32.000000537564));
#3688 = DIRECTION('',(1.,0.,0.));
#3689 = DIRECTION('',(0.,1.,0.));
#3690 = PLANE('',#3691);
#3691 = AXIS2_PLACEMENT_3D('',#3692,#3693,#3694);
#3692 = CARTESIAN_POINT('',(-18.6,49.100001,41.));
#3693 = DIRECTION('',(-1.,0.,0.));
#3694 = DIRECTION('',(0.,-1.,0.));
#3695 = ADVANCED_FACE('',(#3696),#3707,.F.);
#3696 = FACE_BOUND('',#3697,.F.);
#3697 = EDGE_LOOP('',(#3698,#3699,#3705,#3706));
#3698 = ORIENTED_EDGE('',*,*,#3684,.F.);
#3699 = ORIENTED_EDGE('',*,*,#3700,.T.);
#3700 = EDGE_CURVE('',#3677,#3490,#3701,.T.);
#3701 = LINE('',#3702,#3703);
#3702 = CARTESIAN_POINT('',(-18.,47.499999232051,32.000000537564));
#3703 = VECTOR('',#3704,1.);
#3704 = DIRECTION('',(-1.,-0.,-0.));
#3705 = ORIENTED_EDGE('',*,*,#3497,.T.);
#3706 = ORIENTED_EDGE('',*,*,#973,.T.);
#3707 = CYLINDRICAL_SURFACE('',#3708,3.5);
#3708 = AXIS2_PLACEMENT_3D('',#3709,#3710,#3711);
#3709 = CARTESIAN_POINT('',(-18.,43.999999232051,32.000000537564));
#3710 = DIRECTION('',(1.,0.,0.));
#3711 = DIRECTION('',(0.,1.,0.));
#3712 = ADVANCED_FACE('',(#3713),#3744,.T.);
#3713 = FACE_BOUND('',#3714,.T.);
#3714 = EDGE_LOOP('',(#3715,#3720,#3721,#3722,#3730,#3738));
#3715 = ORIENTED_EDGE('',*,*,#3716,.T.);
#3716 = EDGE_CURVE('',#1686,#3455,#3717,.T.);
#3717 = B_SPLINE_CURVE_WITH_KNOTS('',1,(#3718,#3719),.UNSPECIFIED.,.F.,
  .F.,(2,2),(0.,1.),.PIECEWISE_BEZIER_KNOTS.);
#3718 = CARTESIAN_POINT('',(-26.1,51.100001,4.972726930032));
#3719 = CARTESIAN_POINT('',(-20.9,51.100001,4.972726930032));
#3720 = ORIENTED_EDGE('',*,*,#3505,.T.);
#3721 = ORIENTED_EDGE('',*,*,#957,.T.);
#3722 = ORIENTED_EDGE('',*,*,#3723,.F.);
#3723 = EDGE_CURVE('',#3724,#950,#3726,.T.);
#3724 = VERTEX_POINT('',#3725);
#3725 = CARTESIAN_POINT('',(-25.9,51.100001,17.));
#3726 = LINE('',#3727,#3728);
#3727 = CARTESIAN_POINT('',(-25.9,51.100001,17.36976049063));
#3728 = VECTOR('',#3729,1.);
#3729 = DIRECTION('',(0.,0.,1.));
#3730 = ORIENTED_EDGE('',*,*,#3731,.F.);
#3731 = EDGE_CURVE('',#3732,#3724,#3734,.T.);
#3732 = VERTEX_POINT('',#3733);
#3733 = CARTESIAN_POINT('',(-26.1,51.100001,17.));
#3734 = LINE('',#3735,#3736);
#3735 = CARTESIAN_POINT('',(-29.45,51.100001,17.));
#3736 = VECTOR('',#3737,1.);
#3737 = DIRECTION('',(1.,0.,0.));
#3738 = ORIENTED_EDGE('',*,*,#3739,.F.);
#3739 = EDGE_CURVE('',#1686,#3732,#3740,.T.);
#3740 = LINE('',#3741,#3742);
#3741 = CARTESIAN_POINT('',(-26.1,51.100001,2.5));
#3742 = VECTOR('',#3743,1.);
#3743 = DIRECTION('',(0.,0.,1.));
#3744 = PLANE('',#3745);
#3745 = AXIS2_PLACEMENT_3D('',#3746,#3747,#3748);
#3746 = CARTESIAN_POINT('',(-20.9,51.100001,2.5));
#3747 = DIRECTION('',(0.,-1.,0.));
#3748 = DIRECTION('',(-1.,0.,0.));
#3749 = ADVANCED_FACE('',(#3750),#3768,.F.);
#3750 = FACE_BOUND('',#3751,.F.);
#3751 = EDGE_LOOP('',(#3752,#3760,#3766,#3767));
#3752 = ORIENTED_EDGE('',*,*,#3753,.F.);
#3753 = EDGE_CURVE('',#3754,#3724,#3756,.T.);
#3754 = VERTEX_POINT('',#3755);
#3755 = CARTESIAN_POINT('',(-25.9,56.,17.));
#3756 = LINE('',#3757,#3758);
#3757 = CARTESIAN_POINT('',(-25.9,80.,17.));
#3758 = VECTOR('',#3759,1.);
#3759 = DIRECTION('',(0.,-1.,0.));
#3760 = ORIENTED_EDGE('',*,*,#3761,.F.);
#3761 = EDGE_CURVE('',#942,#3754,#3762,.T.);
#3762 = LINE('',#3763,#3764);
#3763 = CARTESIAN_POINT('',(-25.9,56.,35.61976049063));
#3764 = VECTOR('',#3765,1.);
#3765 = DIRECTION('',(0.,0.,-1.));
#3766 = ORIENTED_EDGE('',*,*,#949,.F.);
#3767 = ORIENTED_EDGE('',*,*,#3723,.F.);
#3768 = PLANE('',#3769);
#3769 = AXIS2_PLACEMENT_3D('',#3770,#3771,#3772);
#3770 = CARTESIAN_POINT('',(-25.9,58.,32.23952098126));
#3771 = DIRECTION('',(1.,0.,0.));
#3772 = DIRECTION('',(0.,0.,1.));
#3773 = ADVANCED_FACE('',(#3774),#3799,.T.);
#3774 = FACE_BOUND('',#3775,.T.);
#3775 = EDGE_LOOP('',(#3776,#3784,#3790,#3791,#3797,#3798));
#3776 = ORIENTED_EDGE('',*,*,#3777,.F.);
#3777 = EDGE_CURVE('',#3778,#934,#3780,.T.);
#3778 = VERTEX_POINT('',#3779);
#3779 = CARTESIAN_POINT('',(-21.,56.,39.));
#3780 = LINE('',#3781,#3782);
#3781 = CARTESIAN_POINT('',(-21.,56.,39.));
#3782 = VECTOR('',#3783,1.);
#3783 = DIRECTION('',(0.,0.,-1.));
#3784 = ORIENTED_EDGE('',*,*,#3785,.T.);
#3785 = EDGE_CURVE('',#3778,#1563,#3786,.T.);
#3786 = LINE('',#3787,#3788);
#3787 = CARTESIAN_POINT('',(-21.,56.,39.));
#3788 = VECTOR('',#3789,1.);
#3789 = DIRECTION('',(-1.,-0.,-0.));
#3790 = ORIENTED_EDGE('',*,*,#1562,.T.);
#3791 = ORIENTED_EDGE('',*,*,#3792,.F.);
#3792 = EDGE_CURVE('',#3754,#1555,#3793,.T.);
#3793 = LINE('',#3794,#3795);
#3794 = CARTESIAN_POINT('',(-21.,56.,17.));
#3795 = VECTOR('',#3796,1.);
#3796 = DIRECTION('',(-1.,-0.,-0.));
#3797 = ORIENTED_EDGE('',*,*,#3761,.F.);
#3798 = ORIENTED_EDGE('',*,*,#941,.T.);
#3799 = PLANE('',#3800);
#3800 = AXIS2_PLACEMENT_3D('',#3801,#3802,#3803);
#3801 = CARTESIAN_POINT('',(-21.,56.,39.));
#3802 = DIRECTION('',(0.,-1.,0.));
#3803 = DIRECTION('',(0.,0.,-1.));
#3804 = ADVANCED_FACE('',(#3805),#3816,.T.);
#3805 = FACE_BOUND('',#3806,.T.);
#3806 = EDGE_LOOP('',(#3807,#3808,#3814,#3815));
#3807 = ORIENTED_EDGE('',*,*,#1521,.T.);
#3808 = ORIENTED_EDGE('',*,*,#3809,.T.);
#3809 = EDGE_CURVE('',#1514,#3778,#3810,.T.);
#3810 = LINE('',#3811,#3812);
#3811 = CARTESIAN_POINT('',(-21.,60.,39.));
#3812 = VECTOR('',#3813,1.);
#3813 = DIRECTION('',(0.,-1.,0.));
#3814 = ORIENTED_EDGE('',*,*,#3777,.T.);
#3815 = ORIENTED_EDGE('',*,*,#933,.T.);
#3816 = PLANE('',#3817);
#3817 = AXIS2_PLACEMENT_3D('',#3818,#3819,#3820);
#3818 = CARTESIAN_POINT('',(-21.,58.,28.));
#3819 = DIRECTION('',(1.,0.,0.));
#3820 = DIRECTION('',(0.,0.,1.));
#3821 = ADVANCED_FACE('',(#3822),#3842,.F.);
#3822 = FACE_BOUND('',#3823,.F.);
#3823 = EDGE_LOOP('',(#3824,#3825,#3826,#3827,#3828,#3836));
#3824 = ORIENTED_EDGE('',*,*,#901,.F.);
#3825 = ORIENTED_EDGE('',*,*,#2121,.T.);
#3826 = ORIENTED_EDGE('',*,*,#2096,.F.);
#3827 = ORIENTED_EDGE('',*,*,#2037,.T.);
#3828 = ORIENTED_EDGE('',*,*,#3829,.T.);
#3829 = EDGE_CURVE('',#2040,#3830,#3832,.T.);
#3830 = VERTEX_POINT('',#3831);
#3831 = CARTESIAN_POINT('',(-18.6,66.900001,24.4));
#3832 = LINE('',#3833,#3834);
#3833 = CARTESIAN_POINT('',(-18.6,77.100001,24.4));
#3834 = VECTOR('',#3835,1.);
#3835 = DIRECTION('',(0.,-1.,0.));
#3836 = ORIENTED_EDGE('',*,*,#3837,.F.);
#3837 = EDGE_CURVE('',#894,#3830,#3838,.T.);
#3838 = LINE('',#3839,#3840);
#3839 = CARTESIAN_POINT('',(-18.6,66.900001,41.));
#3840 = VECTOR('',#3841,1.);
#3841 = DIRECTION('',(-0.,-0.,-1.));
#3842 = PLANE('',#3843);
#3843 = AXIS2_PLACEMENT_3D('',#3844,#3845,#3846);
#3844 = CARTESIAN_POINT('',(-18.6,77.100001,41.));
#3845 = DIRECTION('',(-1.,0.,0.));
#3846 = DIRECTION('',(0.,-1.,0.));
#3847 = ADVANCED_FACE('',(#3848),#3866,.F.);
#3848 = FACE_BOUND('',#3849,.F.);
#3849 = EDGE_LOOP('',(#3850,#3851,#3852,#3860));
#3850 = ORIENTED_EDGE('',*,*,#893,.F.);
#3851 = ORIENTED_EDGE('',*,*,#3837,.T.);
#3852 = ORIENTED_EDGE('',*,*,#3853,.T.);
#3853 = EDGE_CURVE('',#3830,#3854,#3856,.T.);
#3854 = VERTEX_POINT('',#3855);
#3855 = CARTESIAN_POINT('',(-13.4,66.900001,24.4));
#3856 = LINE('',#3857,#3858);
#3857 = CARTESIAN_POINT('',(-18.6,66.900001,24.4));
#3858 = VECTOR('',#3859,1.);
#3859 = DIRECTION('',(1.,0.,0.));
#3860 = ORIENTED_EDGE('',*,*,#3861,.F.);
#3861 = EDGE_CURVE('',#886,#3854,#3862,.T.);
#3862 = LINE('',#3863,#3864);
#3863 = CARTESIAN_POINT('',(-13.4,66.900001,41.));
#3864 = VECTOR('',#3865,1.);
#3865 = DIRECTION('',(-0.,-0.,-1.));
#3866 = PLANE('',#3867);
#3867 = AXIS2_PLACEMENT_3D('',#3868,#3869,#3870);
#3868 = CARTESIAN_POINT('',(-18.6,66.900001,41.));
#3869 = DIRECTION('',(0.,-1.,0.));
#3870 = DIRECTION('',(1.,0.,0.));
#3871 = ADVANCED_FACE('',(#3872),#3890,.F.);
#3872 = FACE_BOUND('',#3873,.F.);
#3873 = EDGE_LOOP('',(#3874,#3875,#3876,#3884));
#3874 = ORIENTED_EDGE('',*,*,#885,.F.);
#3875 = ORIENTED_EDGE('',*,*,#3861,.T.);
#3876 = ORIENTED_EDGE('',*,*,#3877,.T.);
#3877 = EDGE_CURVE('',#3854,#3878,#3880,.T.);
#3878 = VERTEX_POINT('',#3879);
#3879 = CARTESIAN_POINT('',(-13.4,77.100001,24.4));
#3880 = LINE('',#3881,#3882);
#3881 = CARTESIAN_POINT('',(-13.4,66.900001,24.4));
#3882 = VECTOR('',#3883,1.);
#3883 = DIRECTION('',(0.,1.,0.));
#3884 = ORIENTED_EDGE('',*,*,#3885,.F.);
#3885 = EDGE_CURVE('',#878,#3878,#3886,.T.);
#3886 = LINE('',#3887,#3888);
#3887 = CARTESIAN_POINT('',(-13.4,77.100001,41.));
#3888 = VECTOR('',#3889,1.);
#3889 = DIRECTION('',(-0.,-0.,-1.));
#3890 = PLANE('',#3891);
#3891 = AXIS2_PLACEMENT_3D('',#3892,#3893,#3894);
#3892 = CARTESIAN_POINT('',(-13.4,66.900001,41.));
#3893 = DIRECTION('',(1.,0.,0.));
#3894 = DIRECTION('',(0.,1.,0.));
#3895 = ADVANCED_FACE('',(#3896),#3914,.F.);
#3896 = FACE_BOUND('',#3897,.F.);
#3897 = EDGE_LOOP('',(#3898,#3899,#3900,#3908));
#3898 = ORIENTED_EDGE('',*,*,#877,.F.);
#3899 = ORIENTED_EDGE('',*,*,#3885,.T.);
#3900 = ORIENTED_EDGE('',*,*,#3901,.T.);
#3901 = EDGE_CURVE('',#3878,#3902,#3904,.T.);
#3902 = VERTEX_POINT('',#3903);
#3903 = CARTESIAN_POINT('',(-18.6,77.100001,24.4));
#3904 = LINE('',#3905,#3906);
#3905 = CARTESIAN_POINT('',(-13.4,77.100001,24.4));
#3906 = VECTOR('',#3907,1.);
#3907 = DIRECTION('',(-1.,0.,0.));
#3908 = ORIENTED_EDGE('',*,*,#3909,.F.);
#3909 = EDGE_CURVE('',#870,#3902,#3910,.T.);
#3910 = LINE('',#3911,#3912);
#3911 = CARTESIAN_POINT('',(-18.6,77.100001,41.));
#3912 = VECTOR('',#3913,1.);
#3913 = DIRECTION('',(-0.,-0.,-1.));
#3914 = PLANE('',#3915);
#3915 = AXIS2_PLACEMENT_3D('',#3916,#3917,#3918);
#3916 = CARTESIAN_POINT('',(-13.4,77.100001,41.));
#3917 = DIRECTION('',(0.,1.,0.));
#3918 = DIRECTION('',(-1.,0.,0.));
#3919 = ADVANCED_FACE('',(#3920),#3933,.F.);
#3920 = FACE_BOUND('',#3921,.F.);
#3921 = EDGE_LOOP('',(#3922,#3923,#3924,#3930,#3931,#3932));
#3922 = ORIENTED_EDGE('',*,*,#869,.F.);
#3923 = ORIENTED_EDGE('',*,*,#3909,.T.);
#3924 = ORIENTED_EDGE('',*,*,#3925,.T.);
#3925 = EDGE_CURVE('',#3902,#2057,#3926,.T.);
#3926 = LINE('',#3927,#3928);
#3927 = CARTESIAN_POINT('',(-18.6,77.100001,24.4));
#3928 = VECTOR('',#3929,1.);
#3929 = DIRECTION('',(0.,-1.,0.));
#3930 = ORIENTED_EDGE('',*,*,#2056,.T.);
#3931 = ORIENTED_EDGE('',*,*,#2013,.T.);
#3932 = ORIENTED_EDGE('',*,*,#1988,.T.);
#3933 = PLANE('',#3934);
#3934 = AXIS2_PLACEMENT_3D('',#3935,#3936,#3937);
#3935 = CARTESIAN_POINT('',(-18.6,77.100001,41.));
#3936 = DIRECTION('',(-1.,0.,0.));
#3937 = DIRECTION('',(0.,-1.,0.));
#3938 = ADVANCED_FACE('',(#3939),#3945,.F.);
#3939 = FACE_BOUND('',#3940,.F.);
#3940 = EDGE_LOOP('',(#3941,#3942,#3943,#3944));
#3941 = ORIENTED_EDGE('',*,*,#845,.F.);
#3942 = ORIENTED_EDGE('',*,*,#1485,.T.);
#3943 = ORIENTED_EDGE('',*,*,#1462,.F.);
#3944 = ORIENTED_EDGE('',*,*,#1579,.F.);
#3945 = PLANE('',#3946);
#3946 = AXIS2_PLACEMENT_3D('',#3947,#3948,#3949);
#3947 = CARTESIAN_POINT('',(-38.,82.,47.));
#3948 = DIRECTION('',(0.,1.,0.));
#3949 = DIRECTION('',(0.,0.,-1.));
#3950 = ADVANCED_FACE('',(#3951),#3957,.T.);
#3951 = FACE_BOUND('',#3952,.T.);
#3952 = EDGE_LOOP('',(#3953,#3954,#3955,#3956));
#3953 = ORIENTED_EDGE('',*,*,#1623,.F.);
#3954 = ORIENTED_EDGE('',*,*,#1586,.T.);
#3955 = ORIENTED_EDGE('',*,*,#829,.T.);
#3956 = ORIENTED_EDGE('',*,*,#1653,.F.);
#3957 = PLANE('',#3958);
#3958 = AXIS2_PLACEMENT_3D('',#3959,#3960,#3961);
#3959 = CARTESIAN_POINT('',(-37.,95.,2.5));
#3960 = DIRECTION('',(-0.707106781187,0.707106781187,0.));
#3961 = DIRECTION('',(0.707106781187,0.707106781187,0.));
#3962 = ADVANCED_FACE('',(#3963),#3974,.F.);
#3963 = FACE_BOUND('',#3964,.F.);
#3964 = EDGE_LOOP('',(#3965,#3971,#3972,#3973));
#3965 = ORIENTED_EDGE('',*,*,#3966,.T.);
#3966 = EDGE_CURVE('',#1796,#806,#3967,.T.);
#3967 = LINE('',#3968,#3969);
#3968 = CARTESIAN_POINT('',(-12.,93.,2.5));
#3969 = VECTOR('',#3970,1.);
#3970 = DIRECTION('',(0.,0.,1.));
#3971 = ORIENTED_EDGE('',*,*,#813,.T.);
#3972 = ORIENTED_EDGE('',*,*,#1646,.F.);
#3973 = ORIENTED_EDGE('',*,*,#1795,.F.);
#3974 = PLANE('',#3975);
#3975 = AXIS2_PLACEMENT_3D('',#3976,#3977,#3978);
#3976 = CARTESIAN_POINT('',(-12.,93.,2.5));
#3977 = DIRECTION('',(-0.640184399664,-0.768221279597,0.));
#3978 = DIRECTION('',(-0.768221279597,0.640184399664,0.));
#3979 = ADVANCED_FACE('',(#3980),#3991,.F.);
#3980 = FACE_BOUND('',#3981,.F.);
#3981 = EDGE_LOOP('',(#3982,#3988,#3989,#3990));
#3982 = ORIENTED_EDGE('',*,*,#3983,.T.);
#3983 = EDGE_CURVE('',#1804,#798,#3984,.T.);
#3984 = LINE('',#3985,#3986);
#3985 = CARTESIAN_POINT('',(-12.,92.,2.5));
#3986 = VECTOR('',#3987,1.);
#3987 = DIRECTION('',(0.,0.,1.));
#3988 = ORIENTED_EDGE('',*,*,#805,.T.);
#3989 = ORIENTED_EDGE('',*,*,#3966,.F.);
#3990 = ORIENTED_EDGE('',*,*,#1803,.F.);
#3991 = PLANE('',#3992);
#3992 = AXIS2_PLACEMENT_3D('',#3993,#3994,#3995);
#3993 = CARTESIAN_POINT('',(-12.,92.,2.5));
#3994 = DIRECTION('',(-1.,0.,0.));
#3995 = DIRECTION('',(0.,1.,0.));
#3996 = ADVANCED_FACE('',(#3997),#4008,.F.);
#3997 = FACE_BOUND('',#3998,.F.);
#3998 = EDGE_LOOP('',(#3999,#4005,#4006,#4007));
#3999 = ORIENTED_EDGE('',*,*,#4000,.T.);
#4000 = EDGE_CURVE('',#1812,#790,#4001,.T.);
#4001 = LINE('',#4002,#4003);
#4002 = CARTESIAN_POINT('',(-13.,86.,2.5));
#4003 = VECTOR('',#4004,1.);
#4004 = DIRECTION('',(0.,0.,1.));
#4005 = ORIENTED_EDGE('',*,*,#797,.T.);
#4006 = ORIENTED_EDGE('',*,*,#3983,.F.);
#4007 = ORIENTED_EDGE('',*,*,#1811,.F.);
#4008 = PLANE('',#4009);
#4009 = AXIS2_PLACEMENT_3D('',#4010,#4011,#4012);
#4010 = CARTESIAN_POINT('',(-13.,86.,2.5));
#4011 = DIRECTION('',(-0.986393923832,0.164398987305,0.));
#4012 = DIRECTION('',(0.164398987305,0.986393923832,0.));
#4013 = ADVANCED_FACE('',(#4014),#4025,.F.);
#4014 = FACE_BOUND('',#4015,.F.);
#4015 = EDGE_LOOP('',(#4016,#4022,#4023,#4024));
#4016 = ORIENTED_EDGE('',*,*,#4017,.T.);
#4017 = EDGE_CURVE('',#1820,#782,#4018,.T.);
#4018 = LINE('',#4019,#4020);
#4019 = CARTESIAN_POINT('',(-12.,83.,2.5));
#4020 = VECTOR('',#4021,1.);
#4021 = DIRECTION('',(0.,0.,1.));
#4022 = ORIENTED_EDGE('',*,*,#789,.T.);
#4023 = ORIENTED_EDGE('',*,*,#4000,.F.);
#4024 = ORIENTED_EDGE('',*,*,#1819,.F.);
#4025 = PLANE('',#4026);
#4026 = AXIS2_PLACEMENT_3D('',#4027,#4028,#4029);
#4027 = CARTESIAN_POINT('',(-12.,83.,2.5));
#4028 = DIRECTION('',(-0.948683298051,-0.316227766017,0.));
#4029 = DIRECTION('',(-0.316227766017,0.948683298051,0.));
#4030 = ADVANCED_FACE('',(#4031),#4042,.F.);
#4031 = FACE_BOUND('',#4032,.F.);
#4032 = EDGE_LOOP('',(#4033,#4039,#4040,#4041));
#4033 = ORIENTED_EDGE('',*,*,#4034,.T.);
#4034 = EDGE_CURVE('',#1828,#774,#4035,.T.);
#4035 = LINE('',#4036,#4037);
#4036 = CARTESIAN_POINT('',(-12.,30.,2.5));
#4037 = VECTOR('',#4038,1.);
#4038 = DIRECTION('',(0.,0.,1.));
#4039 = ORIENTED_EDGE('',*,*,#781,.T.);
#4040 = ORIENTED_EDGE('',*,*,#4017,.F.);
#4041 = ORIENTED_EDGE('',*,*,#1827,.F.);
#4042 = PLANE('',#4043);
#4043 = AXIS2_PLACEMENT_3D('',#4044,#4045,#4046);
#4044 = CARTESIAN_POINT('',(-12.,30.,2.5));
#4045 = DIRECTION('',(-1.,0.,0.));
#4046 = DIRECTION('',(0.,1.,0.));
#4047 = ADVANCED_FACE('',(#4048),#4059,.F.);
#4048 = FACE_BOUND('',#4049,.F.);
#4049 = EDGE_LOOP('',(#4050,#4056,#4057,#4058));
#4050 = ORIENTED_EDGE('',*,*,#4051,.T.);
#4051 = EDGE_CURVE('',#1836,#766,#4052,.T.);
#4052 = LINE('',#4053,#4054);
#4053 = CARTESIAN_POINT('',(-26.,29.,2.5));
#4054 = VECTOR('',#4055,1.);
#4055 = DIRECTION('',(0.,0.,1.));
#4056 = ORIENTED_EDGE('',*,*,#773,.T.);
#4057 = ORIENTED_EDGE('',*,*,#4034,.F.);
#4058 = ORIENTED_EDGE('',*,*,#1835,.F.);
#4059 = PLANE('',#4060);
#4060 = AXIS2_PLACEMENT_3D('',#4061,#4062,#4063);
#4061 = CARTESIAN_POINT('',(-26.,29.,2.5));
#4062 = DIRECTION('',(-7.124704998791E-02,0.997458699831,0.));
#4063 = DIRECTION('',(0.997458699831,7.124704998791E-02,0.));
#4064 = ADVANCED_FACE('',(#4065),#4076,.F.);
#4065 = FACE_BOUND('',#4066,.F.);
#4066 = EDGE_LOOP('',(#4067,#4073,#4074,#4075));
#4067 = ORIENTED_EDGE('',*,*,#4068,.T.);
#4068 = EDGE_CURVE('',#1844,#758,#4069,.T.);
#4069 = LINE('',#4070,#4071);
#4070 = CARTESIAN_POINT('',(-31.,26.,2.5));
#4071 = VECTOR('',#4072,1.);
#4072 = DIRECTION('',(0.,0.,1.));
#4073 = ORIENTED_EDGE('',*,*,#765,.T.);
#4074 = ORIENTED_EDGE('',*,*,#4051,.F.);
#4075 = ORIENTED_EDGE('',*,*,#1843,.F.);
#4076 = PLANE('',#4077);
#4077 = AXIS2_PLACEMENT_3D('',#4078,#4079,#4080);
#4078 = CARTESIAN_POINT('',(-31.,26.,2.5));
#4079 = DIRECTION('',(-0.514495755428,0.857492925713,0.));
#4080 = DIRECTION('',(0.857492925713,0.514495755428,0.));
#4081 = ADVANCED_FACE('',(#4082),#4093,.F.);
#4082 = FACE_BOUND('',#4083,.F.);
#4083 = EDGE_LOOP('',(#4084,#4090,#4091,#4092));
#4084 = ORIENTED_EDGE('',*,*,#4085,.T.);
#4085 = EDGE_CURVE('',#1852,#750,#4086,.T.);
#4086 = LINE('',#4087,#4088);
#4087 = CARTESIAN_POINT('',(-32.5,20.,2.5));
#4088 = VECTOR('',#4089,1.);
#4089 = DIRECTION('',(0.,0.,1.));
#4090 = ORIENTED_EDGE('',*,*,#757,.T.);
#4091 = ORIENTED_EDGE('',*,*,#4068,.F.);
#4092 = ORIENTED_EDGE('',*,*,#1851,.F.);
#4093 = PLANE('',#4094);
#4094 = AXIS2_PLACEMENT_3D('',#4095,#4096,#4097);
#4095 = CARTESIAN_POINT('',(-32.5,20.,2.5));
#4096 = DIRECTION('',(-0.970142500145,0.242535625036,0.));
#4097 = DIRECTION('',(0.242535625036,0.970142500145,0.));
#4098 = ADVANCED_FACE('',(#4099),#4110,.F.);
#4099 = FACE_BOUND('',#4100,.F.);
#4100 = EDGE_LOOP('',(#4101,#4107,#4108,#4109));
#4101 = ORIENTED_EDGE('',*,*,#4102,.T.);
#4102 = EDGE_CURVE('',#1860,#742,#4103,.T.);
#4103 = LINE('',#4104,#4105);
#4104 = CARTESIAN_POINT('',(-32.,16.,2.5));
#4105 = VECTOR('',#4106,1.);
#4106 = DIRECTION('',(0.,0.,1.));
#4107 = ORIENTED_EDGE('',*,*,#749,.T.);
#4108 = ORIENTED_EDGE('',*,*,#4085,.F.);
#4109 = ORIENTED_EDGE('',*,*,#1859,.F.);
#4110 = PLANE('',#4111);
#4111 = AXIS2_PLACEMENT_3D('',#4112,#4113,#4114);
#4112 = CARTESIAN_POINT('',(-32.,16.,2.5));
#4113 = DIRECTION('',(-0.992277876714,-0.124034734589,0.));
#4114 = DIRECTION('',(-0.124034734589,0.992277876714,0.));
#4115 = ADVANCED_FACE('',(#4116),#4127,.F.);
#4116 = FACE_BOUND('',#4117,.F.);
#4117 = EDGE_LOOP('',(#4118,#4124,#4125,#4126));
#4118 = ORIENTED_EDGE('',*,*,#4119,.T.);
#4119 = EDGE_CURVE('',#1868,#734,#4120,.T.);
#4120 = LINE('',#4121,#4122);
#4121 = CARTESIAN_POINT('',(-29.,12.,2.5));
#4122 = VECTOR('',#4123,1.);
#4123 = DIRECTION('',(0.,0.,1.));
#4124 = ORIENTED_EDGE('',*,*,#741,.T.);
#4125 = ORIENTED_EDGE('',*,*,#4102,.F.);
#4126 = ORIENTED_EDGE('',*,*,#1867,.F.);
#4127 = PLANE('',#4128);
#4128 = AXIS2_PLACEMENT_3D('',#4129,#4130,#4131);
#4129 = CARTESIAN_POINT('',(-29.,12.,2.5));
#4130 = DIRECTION('',(-0.8,-0.6,0.));
#4131 = DIRECTION('',(-0.6,0.8,0.));
#4132 = ADVANCED_FACE('',(#4133),#4144,.F.);
#4133 = FACE_BOUND('',#4134,.F.);
#4134 = EDGE_LOOP('',(#4135,#4141,#4142,#4143));
#4135 = ORIENTED_EDGE('',*,*,#4136,.T.);
#4136 = EDGE_CURVE('',#1876,#726,#4137,.T.);
#4137 = LINE('',#4138,#4139);
#4138 = CARTESIAN_POINT('',(-25.,10.,2.5));
#4139 = VECTOR('',#4140,1.);
#4140 = DIRECTION('',(0.,0.,1.));
#4141 = ORIENTED_EDGE('',*,*,#733,.T.);
#4142 = ORIENTED_EDGE('',*,*,#4119,.F.);
#4143 = ORIENTED_EDGE('',*,*,#1875,.F.);
#4144 = PLANE('',#4145);
#4145 = AXIS2_PLACEMENT_3D('',#4146,#4147,#4148);
#4146 = CARTESIAN_POINT('',(-25.,10.,2.5));
#4147 = DIRECTION('',(-0.4472135955,-0.894427191,0.));
#4148 = DIRECTION('',(-0.894427191,0.4472135955,0.));
#4149 = ADVANCED_FACE('',(#4150),#4161,.F.);
#4150 = FACE_BOUND('',#4151,.F.);
#4151 = EDGE_LOOP('',(#4152,#4158,#4159,#4160));
#4152 = ORIENTED_EDGE('',*,*,#4153,.T.);
#4153 = EDGE_CURVE('',#1884,#718,#4154,.T.);
#4154 = LINE('',#4155,#4156);
#4155 = CARTESIAN_POINT('',(-21.,10.,2.5));
#4156 = VECTOR('',#4157,1.);
#4157 = DIRECTION('',(0.,0.,1.));
#4158 = ORIENTED_EDGE('',*,*,#725,.T.);
#4159 = ORIENTED_EDGE('',*,*,#4136,.F.);
#4160 = ORIENTED_EDGE('',*,*,#1883,.F.);
#4161 = PLANE('',#4162);
#4162 = AXIS2_PLACEMENT_3D('',#4163,#4164,#4165);
#4163 = CARTESIAN_POINT('',(-21.,10.,2.5));
#4164 = DIRECTION('',(0.,-1.,0.));
#4165 = DIRECTION('',(-1.,0.,0.));
#4166 = ADVANCED_FACE('',(#4167),#4178,.F.);
#4167 = FACE_BOUND('',#4168,.F.);
#4168 = EDGE_LOOP('',(#4169,#4175,#4176,#4177));
#4169 = ORIENTED_EDGE('',*,*,#4170,.T.);
#4170 = EDGE_CURVE('',#1892,#710,#4171,.T.);
#4171 = LINE('',#4172,#4173);
#4172 = CARTESIAN_POINT('',(-15.,13.,2.5));
#4173 = VECTOR('',#4174,1.);
#4174 = DIRECTION('',(0.,0.,1.));
#4175 = ORIENTED_EDGE('',*,*,#717,.T.);
#4176 = ORIENTED_EDGE('',*,*,#4153,.F.);
#4177 = ORIENTED_EDGE('',*,*,#1891,.F.);
#4178 = PLANE('',#4179);
#4179 = AXIS2_PLACEMENT_3D('',#4180,#4181,#4182);
#4180 = CARTESIAN_POINT('',(-15.,13.,2.5));
#4181 = DIRECTION('',(0.4472135955,-0.894427191,0.));
#4182 = DIRECTION('',(-0.894427191,-0.4472135955,0.));
#4183 = ADVANCED_FACE('',(#4184),#4195,.F.);
#4184 = FACE_BOUND('',#4185,.F.);
#4185 = EDGE_LOOP('',(#4186,#4192,#4193,#4194));
#4186 = ORIENTED_EDGE('',*,*,#4187,.T.);
#4187 = EDGE_CURVE('',#1900,#702,#4188,.T.);
#4188 = LINE('',#4189,#4190);
#4189 = CARTESIAN_POINT('',(-7.,13.,2.5));
#4190 = VECTOR('',#4191,1.);
#4191 = DIRECTION('',(0.,0.,1.));
#4192 = ORIENTED_EDGE('',*,*,#709,.T.);
#4193 = ORIENTED_EDGE('',*,*,#4170,.F.);
#4194 = ORIENTED_EDGE('',*,*,#1899,.F.);
#4195 = PLANE('',#4196);
#4196 = AXIS2_PLACEMENT_3D('',#4197,#4198,#4199);
#4197 = CARTESIAN_POINT('',(-7.,13.,2.5));
#4198 = DIRECTION('',(0.,-1.,0.));
#4199 = DIRECTION('',(-1.,0.,0.));
#4200 = ADVANCED_FACE('',(#4201),#4212,.F.);
#4201 = FACE_BOUND('',#4202,.F.);
#4202 = EDGE_LOOP('',(#4203,#4209,#4210,#4211));
#4203 = ORIENTED_EDGE('',*,*,#4204,.T.);
#4204 = EDGE_CURVE('',#1908,#694,#4205,.T.);
#4205 = LINE('',#4206,#4207);
#4206 = CARTESIAN_POINT('',(0.,10.,2.5));
#4207 = VECTOR('',#4208,1.);
#4208 = DIRECTION('',(0.,0.,1.));
#4209 = ORIENTED_EDGE('',*,*,#701,.T.);
#4210 = ORIENTED_EDGE('',*,*,#4187,.F.);
#4211 = ORIENTED_EDGE('',*,*,#1907,.F.);
#4212 = PLANE('',#4213);
#4213 = AXIS2_PLACEMENT_3D('',#4214,#4215,#4216);
#4214 = CARTESIAN_POINT('',(0.,10.,2.5));
#4215 = DIRECTION('',(-0.393919298579,-0.919145030018,0.));
#4216 = DIRECTION('',(-0.919145030018,0.393919298579,0.));
#4217 = ADVANCED_FACE('',(#4218),#4229,.T.);
#4218 = FACE_BOUND('',#4219,.T.);
#4219 = EDGE_LOOP('',(#4220,#4221,#4222,#4228));
#4220 = ORIENTED_EDGE('',*,*,#4204,.T.);
#4221 = ORIENTED_EDGE('',*,*,#693,.T.);
#4222 = ORIENTED_EDGE('',*,*,#4223,.F.);
#4223 = EDGE_CURVE('',#1916,#686,#4224,.T.);
#4224 = LINE('',#4225,#4226);
#4225 = CARTESIAN_POINT('',(18.,10.,2.5));
#4226 = VECTOR('',#4227,1.);
#4227 = DIRECTION('',(0.,0.,1.));
#4228 = ORIENTED_EDGE('',*,*,#1915,.F.);
#4229 = PLANE('',#4230);
#4230 = AXIS2_PLACEMENT_3D('',#4231,#4232,#4233);
#4231 = CARTESIAN_POINT('',(0.,10.,2.5));
#4232 = DIRECTION('',(0.,1.,0.));
#4233 = DIRECTION('',(1.,0.,0.));
#4234 = ADVANCED_FACE('',(#4235),#4246,.T.);
#4235 = FACE_BOUND('',#4236,.T.);
#4236 = EDGE_LOOP('',(#4237,#4238,#4239,#4245));
#4237 = ORIENTED_EDGE('',*,*,#4223,.T.);
#4238 = ORIENTED_EDGE('',*,*,#685,.T.);
#4239 = ORIENTED_EDGE('',*,*,#4240,.F.);
#4240 = EDGE_CURVE('',#1706,#678,#4241,.T.);
#4241 = LINE('',#4242,#4243);
#4242 = CARTESIAN_POINT('',(23.,15.,2.5));
#4243 = VECTOR('',#4244,1.);
#4244 = DIRECTION('',(0.,0.,1.));
#4245 = ORIENTED_EDGE('',*,*,#1923,.F.);
#4246 = PLANE('',#4247);
#4247 = AXIS2_PLACEMENT_3D('',#4248,#4249,#4250);
#4248 = CARTESIAN_POINT('',(18.,10.,2.5));
#4249 = DIRECTION('',(-0.707106781187,0.707106781187,0.));
#4250 = DIRECTION('',(0.707106781187,0.707106781187,0.));
#4251 = ADVANCED_FACE('',(#4252),#4295,.T.);
#4252 = FACE_BOUND('',#4253,.T.);
#4253 = EDGE_LOOP('',(#4254,#4255,#4256,#4257,#4265,#4273,#4281,#4289));
#4254 = ORIENTED_EDGE('',*,*,#1705,.F.);
#4255 = ORIENTED_EDGE('',*,*,#4240,.T.);
#4256 = ORIENTED_EDGE('',*,*,#677,.T.);
#4257 = ORIENTED_EDGE('',*,*,#4258,.F.);
#4258 = EDGE_CURVE('',#4259,#670,#4261,.T.);
#4259 = VERTEX_POINT('',#4260);
#4260 = CARTESIAN_POINT('',(47.,15.,2.5));
#4261 = LINE('',#4262,#4263);
#4262 = CARTESIAN_POINT('',(47.,15.,2.5));
#4263 = VECTOR('',#4264,1.);
#4264 = DIRECTION('',(0.,0.,1.));
#4265 = ORIENTED_EDGE('',*,*,#4266,.F.);
#4266 = EDGE_CURVE('',#4267,#4259,#4269,.T.);
#4267 = VERTEX_POINT('',#4268);
#4268 = CARTESIAN_POINT('',(46.,15.,2.5));
#4269 = LINE('',#4270,#4271);
#4270 = CARTESIAN_POINT('',(23.,15.,2.5));
#4271 = VECTOR('',#4272,1.);
#4272 = DIRECTION('',(1.,0.,0.));
#4273 = ORIENTED_EDGE('',*,*,#4274,.T.);
#4274 = EDGE_CURVE('',#4267,#4275,#4277,.T.);
#4275 = VERTEX_POINT('',#4276);
#4276 = CARTESIAN_POINT('',(46.,15.,12.));
#4277 = LINE('',#4278,#4279);
#4278 = CARTESIAN_POINT('',(46.,15.,1.25));
#4279 = VECTOR('',#4280,1.);
#4280 = DIRECTION('',(0.,0.,1.));
#4281 = ORIENTED_EDGE('',*,*,#4282,.F.);
#4282 = EDGE_CURVE('',#4283,#4275,#4285,.T.);
#4283 = VERTEX_POINT('',#4284);
#4284 = CARTESIAN_POINT('',(24.,15.,12.));
#4285 = LINE('',#4286,#4287);
#4286 = CARTESIAN_POINT('',(74.,15.,12.));
#4287 = VECTOR('',#4288,1.);
#4288 = DIRECTION('',(1.,0.,0.));
#4289 = ORIENTED_EDGE('',*,*,#4290,.T.);
#4290 = EDGE_CURVE('',#4283,#1708,#4291,.T.);
#4291 = LINE('',#4292,#4293);
#4292 = CARTESIAN_POINT('',(24.,15.,1.25));
#4293 = VECTOR('',#4294,1.);
#4294 = DIRECTION('',(0.,0.,-1.));
#4295 = PLANE('',#4296);
#4296 = AXIS2_PLACEMENT_3D('',#4297,#4298,#4299);
#4297 = CARTESIAN_POINT('',(23.,15.,2.5));
#4298 = DIRECTION('',(0.,1.,0.));
#4299 = DIRECTION('',(1.,0.,0.));
#4300 = ADVANCED_FACE('',(#4301),#4319,.T.);
#4301 = FACE_BOUND('',#4302,.T.);
#4302 = EDGE_LOOP('',(#4303,#4304,#4305,#4313));
#4303 = ORIENTED_EDGE('',*,*,#4258,.T.);
#4304 = ORIENTED_EDGE('',*,*,#669,.T.);
#4305 = ORIENTED_EDGE('',*,*,#4306,.F.);
#4306 = EDGE_CURVE('',#4307,#662,#4309,.T.);
#4307 = VERTEX_POINT('',#4308);
#4308 = CARTESIAN_POINT('',(52.,10.,2.5));
#4309 = LINE('',#4310,#4311);
#4310 = CARTESIAN_POINT('',(52.,10.,2.5));
#4311 = VECTOR('',#4312,1.);
#4312 = DIRECTION('',(0.,0.,1.));
#4313 = ORIENTED_EDGE('',*,*,#4314,.F.);
#4314 = EDGE_CURVE('',#4259,#4307,#4315,.T.);
#4315 = LINE('',#4316,#4317);
#4316 = CARTESIAN_POINT('',(47.,15.,2.5));
#4317 = VECTOR('',#4318,1.);
#4318 = DIRECTION('',(0.707106781187,-0.707106781187,0.));
#4319 = PLANE('',#4320);
#4320 = AXIS2_PLACEMENT_3D('',#4321,#4322,#4323);
#4321 = CARTESIAN_POINT('',(47.,15.,2.5));
#4322 = DIRECTION('',(0.707106781187,0.707106781187,0.));
#4323 = DIRECTION('',(0.707106781187,-0.707106781187,0.));
#4324 = ADVANCED_FACE('',(#4325),#4343,.T.);
#4325 = FACE_BOUND('',#4326,.T.);
#4326 = EDGE_LOOP('',(#4327,#4328,#4329,#4337));
#4327 = ORIENTED_EDGE('',*,*,#4306,.T.);
#4328 = ORIENTED_EDGE('',*,*,#661,.T.);
#4329 = ORIENTED_EDGE('',*,*,#4330,.F.);
#4330 = EDGE_CURVE('',#4331,#654,#4333,.T.);
#4331 = VERTEX_POINT('',#4332);
#4332 = CARTESIAN_POINT('',(52.,2.,2.5));
#4333 = LINE('',#4334,#4335);
#4334 = CARTESIAN_POINT('',(52.,2.,2.5));
#4335 = VECTOR('',#4336,1.);
#4336 = DIRECTION('',(0.,0.,1.));
#4337 = ORIENTED_EDGE('',*,*,#4338,.F.);
#4338 = EDGE_CURVE('',#4307,#4331,#4339,.T.);
#4339 = LINE('',#4340,#4341);
#4340 = CARTESIAN_POINT('',(52.,10.,2.5));
#4341 = VECTOR('',#4342,1.);
#4342 = DIRECTION('',(0.,-1.,0.));
#4343 = PLANE('',#4344);
#4344 = AXIS2_PLACEMENT_3D('',#4345,#4346,#4347);
#4345 = CARTESIAN_POINT('',(52.,10.,2.5));
#4346 = DIRECTION('',(1.,0.,0.));
#4347 = DIRECTION('',(0.,-1.,0.));
#4348 = ADVANCED_FACE('',(#4349),#4367,.T.);
#4349 = FACE_BOUND('',#4350,.T.);
#4350 = EDGE_LOOP('',(#4351,#4352,#4353,#4361));
#4351 = ORIENTED_EDGE('',*,*,#4330,.T.);
#4352 = ORIENTED_EDGE('',*,*,#653,.T.);
#4353 = ORIENTED_EDGE('',*,*,#4354,.F.);
#4354 = EDGE_CURVE('',#4355,#646,#4357,.T.);
#4355 = VERTEX_POINT('',#4356);
#4356 = CARTESIAN_POINT('',(54.,0.,2.5));
#4357 = LINE('',#4358,#4359);
#4358 = CARTESIAN_POINT('',(54.,0.,2.5));
#4359 = VECTOR('',#4360,1.);
#4360 = DIRECTION('',(0.,0.,1.));
#4361 = ORIENTED_EDGE('',*,*,#4362,.F.);
#4362 = EDGE_CURVE('',#4331,#4355,#4363,.T.);
#4363 = LINE('',#4364,#4365);
#4364 = CARTESIAN_POINT('',(52.,2.,2.5));
#4365 = VECTOR('',#4366,1.);
#4366 = DIRECTION('',(0.707106781187,-0.707106781187,0.));
#4367 = PLANE('',#4368);
#4368 = AXIS2_PLACEMENT_3D('',#4369,#4370,#4371);
#4369 = CARTESIAN_POINT('',(52.,2.,2.5));
#4370 = DIRECTION('',(0.707106781187,0.707106781187,0.));
#4371 = DIRECTION('',(0.707106781187,-0.707106781187,0.));
#4372 = ADVANCED_FACE('',(#4373),#4391,.T.);
#4373 = FACE_BOUND('',#4374,.T.);
#4374 = EDGE_LOOP('',(#4375,#4376,#4377,#4385));
#4375 = ORIENTED_EDGE('',*,*,#4354,.T.);
#4376 = ORIENTED_EDGE('',*,*,#645,.T.);
#4377 = ORIENTED_EDGE('',*,*,#4378,.F.);
#4378 = EDGE_CURVE('',#4379,#638,#4381,.T.);
#4379 = VERTEX_POINT('',#4380);
#4380 = CARTESIAN_POINT('',(70.,0.,2.5));
#4381 = LINE('',#4382,#4383);
#4382 = CARTESIAN_POINT('',(70.,0.,2.5));
#4383 = VECTOR('',#4384,1.);
#4384 = DIRECTION('',(0.,0.,1.));
#4385 = ORIENTED_EDGE('',*,*,#4386,.F.);
#4386 = EDGE_CURVE('',#4355,#4379,#4387,.T.);
#4387 = LINE('',#4388,#4389);
#4388 = CARTESIAN_POINT('',(54.,0.,2.5));
#4389 = VECTOR('',#4390,1.);
#4390 = DIRECTION('',(1.,0.,0.));
#4391 = PLANE('',#4392);
#4392 = AXIS2_PLACEMENT_3D('',#4393,#4394,#4395);
#4393 = CARTESIAN_POINT('',(54.,0.,2.5));
#4394 = DIRECTION('',(0.,1.,0.));
#4395 = DIRECTION('',(1.,0.,0.));
#4396 = ADVANCED_FACE('',(#4397),#4415,.T.);
#4397 = FACE_BOUND('',#4398,.T.);
#4398 = EDGE_LOOP('',(#4399,#4400,#4401,#4409));
#4399 = ORIENTED_EDGE('',*,*,#4378,.T.);
#4400 = ORIENTED_EDGE('',*,*,#637,.T.);
#4401 = ORIENTED_EDGE('',*,*,#4402,.F.);
#4402 = EDGE_CURVE('',#4403,#630,#4405,.T.);
#4403 = VERTEX_POINT('',#4404);
#4404 = CARTESIAN_POINT('',(73.,3.,2.5));
#4405 = LINE('',#4406,#4407);
#4406 = CARTESIAN_POINT('',(73.,3.,2.5));
#4407 = VECTOR('',#4408,1.);
#4408 = DIRECTION('',(0.,0.,1.));
#4409 = ORIENTED_EDGE('',*,*,#4410,.F.);
#4410 = EDGE_CURVE('',#4379,#4403,#4411,.T.);
#4411 = LINE('',#4412,#4413);
#4412 = CARTESIAN_POINT('',(70.,0.,2.5));
#4413 = VECTOR('',#4414,1.);
#4414 = DIRECTION('',(0.707106781187,0.707106781187,0.));
#4415 = PLANE('',#4416);
#4416 = AXIS2_PLACEMENT_3D('',#4417,#4418,#4419);
#4417 = CARTESIAN_POINT('',(70.,0.,2.5));
#4418 = DIRECTION('',(-0.707106781187,0.707106781187,0.));
#4419 = DIRECTION('',(0.707106781187,0.707106781187,0.));
#4420 = ADVANCED_FACE('',(#4421),#4439,.T.);
#4421 = FACE_BOUND('',#4422,.T.);
#4422 = EDGE_LOOP('',(#4423,#4424,#4425,#4433));
#4423 = ORIENTED_EDGE('',*,*,#4402,.T.);
#4424 = ORIENTED_EDGE('',*,*,#629,.T.);
#4425 = ORIENTED_EDGE('',*,*,#4426,.F.);
#4426 = EDGE_CURVE('',#4427,#622,#4429,.T.);
#4427 = VERTEX_POINT('',#4428);
#4428 = CARTESIAN_POINT('',(73.,11.,2.5));
#4429 = LINE('',#4430,#4431);
#4430 = CARTESIAN_POINT('',(73.,11.,2.5));
#4431 = VECTOR('',#4432,1.);
#4432 = DIRECTION('',(0.,0.,1.));
#4433 = ORIENTED_EDGE('',*,*,#4434,.F.);
#4434 = EDGE_CURVE('',#4403,#4427,#4435,.T.);
#4435 = LINE('',#4436,#4437);
#4436 = CARTESIAN_POINT('',(73.,3.,2.5));
#4437 = VECTOR('',#4438,1.);
#4438 = DIRECTION('',(0.,1.,0.));
#4439 = PLANE('',#4440);
#4440 = AXIS2_PLACEMENT_3D('',#4441,#4442,#4443);
#4441 = CARTESIAN_POINT('',(73.,3.,2.5));
#4442 = DIRECTION('',(-1.,0.,0.));
#4443 = DIRECTION('',(0.,1.,0.));
#4444 = ADVANCED_FACE('',(#4445),#4463,.T.);
#4445 = FACE_BOUND('',#4446,.T.);
#4446 = EDGE_LOOP('',(#4447,#4448,#4449,#4457));
#4447 = ORIENTED_EDGE('',*,*,#4426,.T.);
#4448 = ORIENTED_EDGE('',*,*,#621,.T.);
#4449 = ORIENTED_EDGE('',*,*,#4450,.F.);
#4450 = EDGE_CURVE('',#4451,#614,#4453,.T.);
#4451 = VERTEX_POINT('',#4452);
#4452 = CARTESIAN_POINT('',(75.,13.,2.5));
#4453 = LINE('',#4454,#4455);
#4454 = CARTESIAN_POINT('',(75.,13.,2.5));
#4455 = VECTOR('',#4456,1.);
#4456 = DIRECTION('',(0.,0.,1.));
#4457 = ORIENTED_EDGE('',*,*,#4458,.F.);
#4458 = EDGE_CURVE('',#4427,#4451,#4459,.T.);
#4459 = LINE('',#4460,#4461);
#4460 = CARTESIAN_POINT('',(73.,11.,2.5));
#4461 = VECTOR('',#4462,1.);
#4462 = DIRECTION('',(0.707106781187,0.707106781187,0.));
#4463 = PLANE('',#4464);
#4464 = AXIS2_PLACEMENT_3D('',#4465,#4466,#4467);
#4465 = CARTESIAN_POINT('',(73.,11.,2.5));
#4466 = DIRECTION('',(-0.707106781187,0.707106781187,0.));
#4467 = DIRECTION('',(0.707106781187,0.707106781187,0.));
#4468 = ADVANCED_FACE('',(#4469),#4487,.T.);
#4469 = FACE_BOUND('',#4470,.T.);
#4470 = EDGE_LOOP('',(#4471,#4472,#4473,#4481));
#4471 = ORIENTED_EDGE('',*,*,#4450,.T.);
#4472 = ORIENTED_EDGE('',*,*,#613,.T.);
#4473 = ORIENTED_EDGE('',*,*,#4474,.F.);
#4474 = EDGE_CURVE('',#4475,#606,#4477,.T.);
#4475 = VERTEX_POINT('',#4476);
#4476 = CARTESIAN_POINT('',(84.,13.,2.5));
#4477 = LINE('',#4478,#4479);
#4478 = CARTESIAN_POINT('',(84.,13.,2.5));
#4479 = VECTOR('',#4480,1.);
#4480 = DIRECTION('',(0.,0.,1.));
#4481 = ORIENTED_EDGE('',*,*,#4482,.F.);
#4482 = EDGE_CURVE('',#4451,#4475,#4483,.T.);
#4483 = LINE('',#4484,#4485);
#4484 = CARTESIAN_POINT('',(75.,13.,2.5));
#4485 = VECTOR('',#4486,1.);
#4486 = DIRECTION('',(1.,0.,0.));
#4487 = PLANE('',#4488);
#4488 = AXIS2_PLACEMENT_3D('',#4489,#4490,#4491);
#4489 = CARTESIAN_POINT('',(75.,13.,2.5));
#4490 = DIRECTION('',(0.,1.,0.));
#4491 = DIRECTION('',(1.,0.,0.));
#4492 = ADVANCED_FACE('',(#4493),#4511,.T.);
#4493 = FACE_BOUND('',#4494,.T.);
#4494 = EDGE_LOOP('',(#4495,#4496,#4497,#4505));
#4495 = ORIENTED_EDGE('',*,*,#4474,.T.);
#4496 = ORIENTED_EDGE('',*,*,#605,.T.);
#4497 = ORIENTED_EDGE('',*,*,#4498,.F.);
#4498 = EDGE_CURVE('',#4499,#598,#4501,.T.);
#4499 = VERTEX_POINT('',#4500);
#4500 = CARTESIAN_POINT('',(97.,0.,2.5));
#4501 = LINE('',#4502,#4503);
#4502 = CARTESIAN_POINT('',(97.,0.,2.5));
#4503 = VECTOR('',#4504,1.);
#4504 = DIRECTION('',(0.,0.,1.));
#4505 = ORIENTED_EDGE('',*,*,#4506,.F.);
#4506 = EDGE_CURVE('',#4475,#4499,#4507,.T.);
#4507 = LINE('',#4508,#4509);
#4508 = CARTESIAN_POINT('',(84.,13.,2.5));
#4509 = VECTOR('',#4510,1.);
#4510 = DIRECTION('',(0.707106781187,-0.707106781187,0.));
#4511 = PLANE('',#4512);
#4512 = AXIS2_PLACEMENT_3D('',#4513,#4514,#4515);
#4513 = CARTESIAN_POINT('',(84.,13.,2.5));
#4514 = DIRECTION('',(0.707106781187,0.707106781187,0.));
#4515 = DIRECTION('',(0.707106781187,-0.707106781187,0.));
#4516 = ADVANCED_FACE('',(#4517),#4535,.T.);
#4517 = FACE_BOUND('',#4518,.T.);
#4518 = EDGE_LOOP('',(#4519,#4520,#4521,#4529));
#4519 = ORIENTED_EDGE('',*,*,#4498,.T.);
#4520 = ORIENTED_EDGE('',*,*,#597,.T.);
#4521 = ORIENTED_EDGE('',*,*,#4522,.F.);
#4522 = EDGE_CURVE('',#4523,#590,#4525,.T.);
#4523 = VERTEX_POINT('',#4524);
#4524 = CARTESIAN_POINT('',(108.,0.,2.5));
#4525 = LINE('',#4526,#4527);
#4526 = CARTESIAN_POINT('',(108.,0.,2.5));
#4527 = VECTOR('',#4528,1.);
#4528 = DIRECTION('',(0.,0.,1.));
#4529 = ORIENTED_EDGE('',*,*,#4530,.F.);
#4530 = EDGE_CURVE('',#4499,#4523,#4531,.T.);
#4531 = LINE('',#4532,#4533);
#4532 = CARTESIAN_POINT('',(97.,0.,2.5));
#4533 = VECTOR('',#4534,1.);
#4534 = DIRECTION('',(1.,0.,0.));
#4535 = PLANE('',#4536);
#4536 = AXIS2_PLACEMENT_3D('',#4537,#4538,#4539);
#4537 = CARTESIAN_POINT('',(97.,0.,2.5));
#4538 = DIRECTION('',(0.,1.,0.));
#4539 = DIRECTION('',(1.,0.,0.));
#4540 = ADVANCED_FACE('',(#4541),#4559,.T.);
#4541 = FACE_BOUND('',#4542,.T.);
#4542 = EDGE_LOOP('',(#4543,#4544,#4545,#4553));
#4543 = ORIENTED_EDGE('',*,*,#4522,.T.);
#4544 = ORIENTED_EDGE('',*,*,#589,.T.);
#4545 = ORIENTED_EDGE('',*,*,#4546,.F.);
#4546 = EDGE_CURVE('',#4547,#582,#4549,.T.);
#4547 = VERTEX_POINT('',#4548);
#4548 = CARTESIAN_POINT('',(111.,3.,2.5));
#4549 = LINE('',#4550,#4551);
#4550 = CARTESIAN_POINT('',(111.,3.,2.5));
#4551 = VECTOR('',#4552,1.);
#4552 = DIRECTION('',(0.,0.,1.));
#4553 = ORIENTED_EDGE('',*,*,#4554,.F.);
#4554 = EDGE_CURVE('',#4523,#4547,#4555,.T.);
#4555 = LINE('',#4556,#4557);
#4556 = CARTESIAN_POINT('',(108.,0.,2.5));
#4557 = VECTOR('',#4558,1.);
#4558 = DIRECTION('',(0.707106781187,0.707106781187,0.));
#4559 = PLANE('',#4560);
#4560 = AXIS2_PLACEMENT_3D('',#4561,#4562,#4563);
#4561 = CARTESIAN_POINT('',(108.,0.,2.5));
#4562 = DIRECTION('',(-0.707106781187,0.707106781187,0.));
#4563 = DIRECTION('',(0.707106781187,0.707106781187,0.));
#4564 = ADVANCED_FACE('',(#4565),#4583,.T.);
#4565 = FACE_BOUND('',#4566,.T.);
#4566 = EDGE_LOOP('',(#4567,#4568,#4569,#4577));
#4567 = ORIENTED_EDGE('',*,*,#4546,.T.);
#4568 = ORIENTED_EDGE('',*,*,#581,.T.);
#4569 = ORIENTED_EDGE('',*,*,#4570,.F.);
#4570 = EDGE_CURVE('',#4571,#574,#4573,.T.);
#4571 = VERTEX_POINT('',#4572);
#4572 = CARTESIAN_POINT('',(111.,15.,2.5));
#4573 = LINE('',#4574,#4575);
#4574 = CARTESIAN_POINT('',(111.,15.,2.5));
#4575 = VECTOR('',#4576,1.);
#4576 = DIRECTION('',(0.,0.,1.));
#4577 = ORIENTED_EDGE('',*,*,#4578,.F.);
#4578 = EDGE_CURVE('',#4547,#4571,#4579,.T.);
#4579 = LINE('',#4580,#4581);
#4580 = CARTESIAN_POINT('',(111.,3.,2.5));
#4581 = VECTOR('',#4582,1.);
#4582 = DIRECTION('',(0.,1.,0.));
#4583 = PLANE('',#4584);
#4584 = AXIS2_PLACEMENT_3D('',#4585,#4586,#4587);
#4585 = CARTESIAN_POINT('',(111.,3.,2.5));
#4586 = DIRECTION('',(-1.,0.,0.));
#4587 = DIRECTION('',(0.,1.,0.));
#4588 = ADVANCED_FACE('',(#4589),#4607,.T.);
#4589 = FACE_BOUND('',#4590,.T.);
#4590 = EDGE_LOOP('',(#4591,#4592,#4593,#4601));
#4591 = ORIENTED_EDGE('',*,*,#4570,.T.);
#4592 = ORIENTED_EDGE('',*,*,#573,.T.);
#4593 = ORIENTED_EDGE('',*,*,#4594,.F.);
#4594 = EDGE_CURVE('',#4595,#566,#4597,.T.);
#4595 = VERTEX_POINT('',#4596);
#4596 = CARTESIAN_POINT('',(113.,17.,2.5));
#4597 = LINE('',#4598,#4599);
#4598 = CARTESIAN_POINT('',(113.,17.,2.5));
#4599 = VECTOR('',#4600,1.);
#4600 = DIRECTION('',(0.,0.,1.));
#4601 = ORIENTED_EDGE('',*,*,#4602,.F.);
#4602 = EDGE_CURVE('',#4571,#4595,#4603,.T.);
#4603 = LINE('',#4604,#4605);
#4604 = CARTESIAN_POINT('',(111.,15.,2.5));
#4605 = VECTOR('',#4606,1.);
#4606 = DIRECTION('',(0.707106781187,0.707106781187,0.));
#4607 = PLANE('',#4608);
#4608 = AXIS2_PLACEMENT_3D('',#4609,#4610,#4611);
#4609 = CARTESIAN_POINT('',(111.,15.,2.5));
#4610 = DIRECTION('',(-0.707106781187,0.707106781187,0.));
#4611 = DIRECTION('',(0.707106781187,0.707106781187,0.));
#4612 = ADVANCED_FACE('',(#4613),#4663,.T.);
#4613 = FACE_BOUND('',#4614,.T.);
#4614 = EDGE_LOOP('',(#4615,#4623,#4624,#4625,#4633,#4641,#4649,#4657));
#4615 = ORIENTED_EDGE('',*,*,#4616,.F.);
#4616 = EDGE_CURVE('',#4595,#4617,#4619,.T.);
#4617 = VERTEX_POINT('',#4618);
#4618 = CARTESIAN_POINT('',(114.,17.,2.5));
#4619 = LINE('',#4620,#4621);
#4620 = CARTESIAN_POINT('',(113.,17.,2.5));
#4621 = VECTOR('',#4622,1.);
#4622 = DIRECTION('',(1.,0.,0.));
#4623 = ORIENTED_EDGE('',*,*,#4594,.T.);
#4624 = ORIENTED_EDGE('',*,*,#565,.T.);
#4625 = ORIENTED_EDGE('',*,*,#4626,.F.);
#4626 = EDGE_CURVE('',#4627,#558,#4629,.T.);
#4627 = VERTEX_POINT('',#4628);
#4628 = CARTESIAN_POINT('',(140.,17.,2.5));
#4629 = LINE('',#4630,#4631);
#4630 = CARTESIAN_POINT('',(140.,17.,2.5));
#4631 = VECTOR('',#4632,1.);
#4632 = DIRECTION('',(0.,0.,1.));
#4633 = ORIENTED_EDGE('',*,*,#4634,.F.);
#4634 = EDGE_CURVE('',#4635,#4627,#4637,.T.);
#4635 = VERTEX_POINT('',#4636);
#4636 = CARTESIAN_POINT('',(136.,17.,2.5));
#4637 = LINE('',#4638,#4639);
#4638 = CARTESIAN_POINT('',(113.,17.,2.5));
#4639 = VECTOR('',#4640,1.);
#4640 = DIRECTION('',(1.,0.,0.));
#4641 = ORIENTED_EDGE('',*,*,#4642,.T.);
#4642 = EDGE_CURVE('',#4635,#4643,#4645,.T.);
#4643 = VERTEX_POINT('',#4644);
#4644 = CARTESIAN_POINT('',(136.,17.,12.));
#4645 = LINE('',#4646,#4647);
#4646 = CARTESIAN_POINT('',(136.,17.,1.25));
#4647 = VECTOR('',#4648,1.);
#4648 = DIRECTION('',(0.,0.,1.));
#4649 = ORIENTED_EDGE('',*,*,#4650,.F.);
#4650 = EDGE_CURVE('',#4651,#4643,#4653,.T.);
#4651 = VERTEX_POINT('',#4652);
#4652 = CARTESIAN_POINT('',(114.,17.,12.));
#4653 = LINE('',#4654,#4655);
#4654 = CARTESIAN_POINT('',(119.,17.,12.));
#4655 = VECTOR('',#4656,1.);
#4656 = DIRECTION('',(1.,0.,0.));
#4657 = ORIENTED_EDGE('',*,*,#4658,.T.);
#4658 = EDGE_CURVE('',#4651,#4617,#4659,.T.);
#4659 = LINE('',#4660,#4661);
#4660 = CARTESIAN_POINT('',(114.,17.,1.25));
#4661 = VECTOR('',#4662,1.);
#4662 = DIRECTION('',(0.,0.,-1.));
#4663 = PLANE('',#4664);
#4664 = AXIS2_PLACEMENT_3D('',#4665,#4666,#4667);
#4665 = CARTESIAN_POINT('',(113.,17.,2.5));
#4666 = DIRECTION('',(0.,1.,0.));
#4667 = DIRECTION('',(1.,0.,0.));
#4668 = ADVANCED_FACE('',(#4669),#4687,.T.);
#4669 = FACE_BOUND('',#4670,.T.);
#4670 = EDGE_LOOP('',(#4671,#4672,#4673,#4681));
#4671 = ORIENTED_EDGE('',*,*,#4626,.T.);
#4672 = ORIENTED_EDGE('',*,*,#557,.T.);
#4673 = ORIENTED_EDGE('',*,*,#4674,.F.);
#4674 = EDGE_CURVE('',#4675,#550,#4677,.T.);
#4675 = VERTEX_POINT('',#4676);
#4676 = CARTESIAN_POINT('',(142.,15.,2.5));
#4677 = LINE('',#4678,#4679);
#4678 = CARTESIAN_POINT('',(142.,15.,2.5));
#4679 = VECTOR('',#4680,1.);
#4680 = DIRECTION('',(0.,0.,1.));
#4681 = ORIENTED_EDGE('',*,*,#4682,.F.);
#4682 = EDGE_CURVE('',#4627,#4675,#4683,.T.);
#4683 = LINE('',#4684,#4685);
#4684 = CARTESIAN_POINT('',(140.,17.,2.5));
#4685 = VECTOR('',#4686,1.);
#4686 = DIRECTION('',(0.707106781187,-0.707106781187,0.));
#4687 = PLANE('',#4688);
#4688 = AXIS2_PLACEMENT_3D('',#4689,#4690,#4691);
#4689 = CARTESIAN_POINT('',(140.,17.,2.5));
#4690 = DIRECTION('',(0.707106781187,0.707106781187,0.));
#4691 = DIRECTION('',(0.707106781187,-0.707106781187,0.));
#4692 = ADVANCED_FACE('',(#4693),#4711,.T.);
#4693 = FACE_BOUND('',#4694,.T.);
#4694 = EDGE_LOOP('',(#4695,#4696,#4697,#4705));
#4695 = ORIENTED_EDGE('',*,*,#4674,.T.);
#4696 = ORIENTED_EDGE('',*,*,#549,.T.);
#4697 = ORIENTED_EDGE('',*,*,#4698,.F.);
#4698 = EDGE_CURVE('',#4699,#542,#4701,.T.);
#4699 = VERTEX_POINT('',#4700);
#4700 = CARTESIAN_POINT('',(142.,2.,2.5));
#4701 = LINE('',#4702,#4703);
#4702 = CARTESIAN_POINT('',(142.,2.,2.5));
#4703 = VECTOR('',#4704,1.);
#4704 = DIRECTION('',(0.,0.,1.));
#4705 = ORIENTED_EDGE('',*,*,#4706,.F.);
#4706 = EDGE_CURVE('',#4675,#4699,#4707,.T.);
#4707 = LINE('',#4708,#4709);
#4708 = CARTESIAN_POINT('',(142.,15.,2.5));
#4709 = VECTOR('',#4710,1.);
#4710 = DIRECTION('',(0.,-1.,0.));
#4711 = PLANE('',#4712);
#4712 = AXIS2_PLACEMENT_3D('',#4713,#4714,#4715);
#4713 = CARTESIAN_POINT('',(142.,15.,2.5));
#4714 = DIRECTION('',(1.,0.,0.));
#4715 = DIRECTION('',(0.,-1.,0.));
#4716 = ADVANCED_FACE('',(#4717),#4735,.T.);
#4717 = FACE_BOUND('',#4718,.T.);
#4718 = EDGE_LOOP('',(#4719,#4720,#4721,#4729));
#4719 = ORIENTED_EDGE('',*,*,#4698,.T.);
#4720 = ORIENTED_EDGE('',*,*,#541,.T.);
#4721 = ORIENTED_EDGE('',*,*,#4722,.F.);
#4722 = EDGE_CURVE('',#4723,#534,#4725,.T.);
#4723 = VERTEX_POINT('',#4724);
#4724 = CARTESIAN_POINT('',(144.,0.,2.5));
#4725 = LINE('',#4726,#4727);
#4726 = CARTESIAN_POINT('',(144.,0.,2.5));
#4727 = VECTOR('',#4728,1.);
#4728 = DIRECTION('',(0.,0.,1.));
#4729 = ORIENTED_EDGE('',*,*,#4730,.F.);
#4730 = EDGE_CURVE('',#4699,#4723,#4731,.T.);
#4731 = LINE('',#4732,#4733);
#4732 = CARTESIAN_POINT('',(142.,2.,2.5));
#4733 = VECTOR('',#4734,1.);
#4734 = DIRECTION('',(0.707106781187,-0.707106781187,0.));
#4735 = PLANE('',#4736);
#4736 = AXIS2_PLACEMENT_3D('',#4737,#4738,#4739);
#4737 = CARTESIAN_POINT('',(142.,2.,2.5));
#4738 = DIRECTION('',(0.707106781187,0.707106781187,0.));
#4739 = DIRECTION('',(0.707106781187,-0.707106781187,0.));
#4740 = ADVANCED_FACE('',(#4741),#4759,.T.);
#4741 = FACE_BOUND('',#4742,.T.);
#4742 = EDGE_LOOP('',(#4743,#4744,#4745,#4753));
#4743 = ORIENTED_EDGE('',*,*,#4722,.T.);
#4744 = ORIENTED_EDGE('',*,*,#533,.T.);
#4745 = ORIENTED_EDGE('',*,*,#4746,.F.);
#4746 = EDGE_CURVE('',#4747,#526,#4749,.T.);
#4747 = VERTEX_POINT('',#4748);
#4748 = CARTESIAN_POINT('',(159.,0.,2.5));
#4749 = LINE('',#4750,#4751);
#4750 = CARTESIAN_POINT('',(159.,0.,2.5));
#4751 = VECTOR('',#4752,1.);
#4752 = DIRECTION('',(0.,0.,1.));
#4753 = ORIENTED_EDGE('',*,*,#4754,.F.);
#4754 = EDGE_CURVE('',#4723,#4747,#4755,.T.);
#4755 = LINE('',#4756,#4757);
#4756 = CARTESIAN_POINT('',(144.,0.,2.5));
#4757 = VECTOR('',#4758,1.);
#4758 = DIRECTION('',(1.,0.,0.));
#4759 = PLANE('',#4760);
#4760 = AXIS2_PLACEMENT_3D('',#4761,#4762,#4763);
#4761 = CARTESIAN_POINT('',(144.,0.,2.5));
#4762 = DIRECTION('',(0.,1.,0.));
#4763 = DIRECTION('',(1.,0.,0.));
#4764 = ADVANCED_FACE('',(#4765),#4783,.T.);
#4765 = FACE_BOUND('',#4766,.T.);
#4766 = EDGE_LOOP('',(#4767,#4768,#4769,#4777));
#4767 = ORIENTED_EDGE('',*,*,#4746,.T.);
#4768 = ORIENTED_EDGE('',*,*,#525,.T.);
#4769 = ORIENTED_EDGE('',*,*,#4770,.F.);
#4770 = EDGE_CURVE('',#4771,#518,#4773,.T.);
#4771 = VERTEX_POINT('',#4772);
#4772 = CARTESIAN_POINT('',(162.,3.,2.5));
#4773 = LINE('',#4774,#4775);
#4774 = CARTESIAN_POINT('',(162.,3.,2.5));
#4775 = VECTOR('',#4776,1.);
#4776 = DIRECTION('',(0.,0.,1.));
#4777 = ORIENTED_EDGE('',*,*,#4778,.F.);
#4778 = EDGE_CURVE('',#4747,#4771,#4779,.T.);
#4779 = LINE('',#4780,#4781);
#4780 = CARTESIAN_POINT('',(159.,0.,2.5));
#4781 = VECTOR('',#4782,1.);
#4782 = DIRECTION('',(0.707106781187,0.707106781187,0.));
#4783 = PLANE('',#4784);
#4784 = AXIS2_PLACEMENT_3D('',#4785,#4786,#4787);
#4785 = CARTESIAN_POINT('',(159.,0.,2.5));
#4786 = DIRECTION('',(-0.707106781187,0.707106781187,0.));
#4787 = DIRECTION('',(0.707106781187,0.707106781187,0.));
#4788 = ADVANCED_FACE('',(#4789),#4807,.T.);
#4789 = FACE_BOUND('',#4790,.T.);
#4790 = EDGE_LOOP('',(#4791,#4792,#4793,#4801));
#4791 = ORIENTED_EDGE('',*,*,#4770,.T.);
#4792 = ORIENTED_EDGE('',*,*,#517,.T.);
#4793 = ORIENTED_EDGE('',*,*,#4794,.F.);
#4794 = EDGE_CURVE('',#4795,#510,#4797,.T.);
#4795 = VERTEX_POINT('',#4796);
#4796 = CARTESIAN_POINT('',(162.,11.,2.5));
#4797 = LINE('',#4798,#4799);
#4798 = CARTESIAN_POINT('',(162.,11.,2.5));
#4799 = VECTOR('',#4800,1.);
#4800 = DIRECTION('',(0.,0.,1.));
#4801 = ORIENTED_EDGE('',*,*,#4802,.F.);
#4802 = EDGE_CURVE('',#4771,#4795,#4803,.T.);
#4803 = LINE('',#4804,#4805);
#4804 = CARTESIAN_POINT('',(162.,3.,2.5));
#4805 = VECTOR('',#4806,1.);
#4806 = DIRECTION('',(0.,1.,0.));
#4807 = PLANE('',#4808);
#4808 = AXIS2_PLACEMENT_3D('',#4809,#4810,#4811);
#4809 = CARTESIAN_POINT('',(162.,3.,2.5));
#4810 = DIRECTION('',(-1.,0.,0.));
#4811 = DIRECTION('',(0.,1.,0.));
#4812 = ADVANCED_FACE('',(#4813),#4831,.T.);
#4813 = FACE_BOUND('',#4814,.T.);
#4814 = EDGE_LOOP('',(#4815,#4816,#4817,#4825));
#4815 = ORIENTED_EDGE('',*,*,#4794,.T.);
#4816 = ORIENTED_EDGE('',*,*,#509,.T.);
#4817 = ORIENTED_EDGE('',*,*,#4818,.F.);
#4818 = EDGE_CURVE('',#4819,#502,#4821,.T.);
#4819 = VERTEX_POINT('',#4820);
#4820 = CARTESIAN_POINT('',(164.,13.,2.5));
#4821 = LINE('',#4822,#4823);
#4822 = CARTESIAN_POINT('',(164.,13.,2.5));
#4823 = VECTOR('',#4824,1.);
#4824 = DIRECTION('',(0.,0.,1.));
#4825 = ORIENTED_EDGE('',*,*,#4826,.F.);
#4826 = EDGE_CURVE('',#4795,#4819,#4827,.T.);
#4827 = LINE('',#4828,#4829);
#4828 = CARTESIAN_POINT('',(162.,11.,2.5));
#4829 = VECTOR('',#4830,1.);
#4830 = DIRECTION('',(0.707106781187,0.707106781187,0.));
#4831 = PLANE('',#4832);
#4832 = AXIS2_PLACEMENT_3D('',#4833,#4834,#4835);
#4833 = CARTESIAN_POINT('',(162.,11.,2.5));
#4834 = DIRECTION('',(-0.707106781187,0.707106781187,0.));
#4835 = DIRECTION('',(0.707106781187,0.707106781187,0.));
#4836 = ADVANCED_FACE('',(#4837),#4855,.T.);
#4837 = FACE_BOUND('',#4838,.T.);
#4838 = EDGE_LOOP('',(#4839,#4840,#4841,#4849));
#4839 = ORIENTED_EDGE('',*,*,#4818,.T.);
#4840 = ORIENTED_EDGE('',*,*,#501,.T.);
#4841 = ORIENTED_EDGE('',*,*,#4842,.F.);
#4842 = EDGE_CURVE('',#4843,#494,#4845,.T.);
#4843 = VERTEX_POINT('',#4844);
#4844 = CARTESIAN_POINT('',(172.,13.,2.5));
#4845 = LINE('',#4846,#4847);
#4846 = CARTESIAN_POINT('',(172.,13.,2.5));
#4847 = VECTOR('',#4848,1.);
#4848 = DIRECTION('',(0.,0.,1.));
#4849 = ORIENTED_EDGE('',*,*,#4850,.F.);
#4850 = EDGE_CURVE('',#4819,#4843,#4851,.T.);
#4851 = LINE('',#4852,#4853);
#4852 = CARTESIAN_POINT('',(164.,13.,2.5));
#4853 = VECTOR('',#4854,1.);
#4854 = DIRECTION('',(1.,0.,0.));
#4855 = PLANE('',#4856);
#4856 = AXIS2_PLACEMENT_3D('',#4857,#4858,#4859);
#4857 = CARTESIAN_POINT('',(164.,13.,2.5));
#4858 = DIRECTION('',(0.,1.,0.));
#4859 = DIRECTION('',(1.,0.,0.));
#4860 = ADVANCED_FACE('',(#4861),#4879,.T.);
#4861 = FACE_BOUND('',#4862,.T.);
#4862 = EDGE_LOOP('',(#4863,#4864,#4865,#4873));
#4863 = ORIENTED_EDGE('',*,*,#4842,.T.);
#4864 = ORIENTED_EDGE('',*,*,#493,.T.);
#4865 = ORIENTED_EDGE('',*,*,#4866,.F.);
#4866 = EDGE_CURVE('',#4867,#486,#4869,.T.);
#4867 = VERTEX_POINT('',#4868);
#4868 = CARTESIAN_POINT('',(185.,0.,2.5));
#4869 = LINE('',#4870,#4871);
#4870 = CARTESIAN_POINT('',(185.,0.,2.5));
#4871 = VECTOR('',#4872,1.);
#4872 = DIRECTION('',(0.,0.,1.));
#4873 = ORIENTED_EDGE('',*,*,#4874,.F.);
#4874 = EDGE_CURVE('',#4843,#4867,#4875,.T.);
#4875 = LINE('',#4876,#4877);
#4876 = CARTESIAN_POINT('',(172.,13.,2.5));
#4877 = VECTOR('',#4878,1.);
#4878 = DIRECTION('',(0.707106781187,-0.707106781187,0.));
#4879 = PLANE('',#4880);
#4880 = AXIS2_PLACEMENT_3D('',#4881,#4882,#4883);
#4881 = CARTESIAN_POINT('',(172.,13.,2.5));
#4882 = DIRECTION('',(0.707106781187,0.707106781187,0.));
#4883 = DIRECTION('',(0.707106781187,-0.707106781187,0.));
#4884 = ADVANCED_FACE('',(#4885),#4903,.T.);
#4885 = FACE_BOUND('',#4886,.T.);
#4886 = EDGE_LOOP('',(#4887,#4888,#4889,#4897));
#4887 = ORIENTED_EDGE('',*,*,#4866,.T.);
#4888 = ORIENTED_EDGE('',*,*,#485,.T.);
#4889 = ORIENTED_EDGE('',*,*,#4890,.F.);
#4890 = EDGE_CURVE('',#4891,#478,#4893,.T.);
#4891 = VERTEX_POINT('',#4892);
#4892 = CARTESIAN_POINT('',(200.,0.,2.5));
#4893 = LINE('',#4894,#4895);
#4894 = CARTESIAN_POINT('',(200.,0.,2.5));
#4895 = VECTOR('',#4896,1.);
#4896 = DIRECTION('',(0.,0.,1.));
#4897 = ORIENTED_EDGE('',*,*,#4898,.F.);
#4898 = EDGE_CURVE('',#4867,#4891,#4899,.T.);
#4899 = LINE('',#4900,#4901);
#4900 = CARTESIAN_POINT('',(185.,0.,2.5));
#4901 = VECTOR('',#4902,1.);
#4902 = DIRECTION('',(1.,0.,0.));
#4903 = PLANE('',#4904);
#4904 = AXIS2_PLACEMENT_3D('',#4905,#4906,#4907);
#4905 = CARTESIAN_POINT('',(185.,0.,2.5));
#4906 = DIRECTION('',(0.,1.,0.));
#4907 = DIRECTION('',(1.,0.,0.));
#4908 = ADVANCED_FACE('',(#4909),#4927,.T.);
#4909 = FACE_BOUND('',#4910,.T.);
#4910 = EDGE_LOOP('',(#4911,#4912,#4913,#4921));
#4911 = ORIENTED_EDGE('',*,*,#4890,.T.);
#4912 = ORIENTED_EDGE('',*,*,#477,.T.);
#4913 = ORIENTED_EDGE('',*,*,#4914,.F.);
#4914 = EDGE_CURVE('',#4915,#470,#4917,.T.);
#4915 = VERTEX_POINT('',#4916);
#4916 = CARTESIAN_POINT('',(202.,2.,2.5));
#4917 = LINE('',#4918,#4919);
#4918 = CARTESIAN_POINT('',(202.,2.,2.5));
#4919 = VECTOR('',#4920,1.);
#4920 = DIRECTION('',(0.,0.,1.));
#4921 = ORIENTED_EDGE('',*,*,#4922,.F.);
#4922 = EDGE_CURVE('',#4891,#4915,#4923,.T.);
#4923 = LINE('',#4924,#4925);
#4924 = CARTESIAN_POINT('',(200.,0.,2.5));
#4925 = VECTOR('',#4926,1.);
#4926 = DIRECTION('',(0.707106781187,0.707106781187,0.));
#4927 = PLANE('',#4928);
#4928 = AXIS2_PLACEMENT_3D('',#4929,#4930,#4931);
#4929 = CARTESIAN_POINT('',(200.,0.,2.5));
#4930 = DIRECTION('',(-0.707106781187,0.707106781187,0.));
#4931 = DIRECTION('',(0.707106781187,0.707106781187,0.));
#4932 = ADVANCED_FACE('',(#4933),#4951,.T.);
#4933 = FACE_BOUND('',#4934,.T.);
#4934 = EDGE_LOOP('',(#4935,#4936,#4937,#4945));
#4935 = ORIENTED_EDGE('',*,*,#4914,.T.);
#4936 = ORIENTED_EDGE('',*,*,#469,.T.);
#4937 = ORIENTED_EDGE('',*,*,#4938,.F.);
#4938 = EDGE_CURVE('',#4939,#462,#4941,.T.);
#4939 = VERTEX_POINT('',#4940);
#4940 = CARTESIAN_POINT('',(202.,12.,2.5));
#4941 = LINE('',#4942,#4943);
#4942 = CARTESIAN_POINT('',(202.,12.,2.5));
#4943 = VECTOR('',#4944,1.);
#4944 = DIRECTION('',(0.,0.,1.));
#4945 = ORIENTED_EDGE('',*,*,#4946,.F.);
#4946 = EDGE_CURVE('',#4915,#4939,#4947,.T.);
#4947 = LINE('',#4948,#4949);
#4948 = CARTESIAN_POINT('',(202.,2.,2.5));
#4949 = VECTOR('',#4950,1.);
#4950 = DIRECTION('',(0.,1.,0.));
#4951 = PLANE('',#4952);
#4952 = AXIS2_PLACEMENT_3D('',#4953,#4954,#4955);
#4953 = CARTESIAN_POINT('',(202.,2.,2.5));
#4954 = DIRECTION('',(-1.,0.,0.));
#4955 = DIRECTION('',(0.,1.,0.));
#4956 = ADVANCED_FACE('',(#4957),#4983,.T.);
#4957 = FACE_BOUND('',#4958,.T.);
#4958 = EDGE_LOOP('',(#4959,#4960,#4961,#4969,#4977));
#4959 = ORIENTED_EDGE('',*,*,#4938,.T.);
#4960 = ORIENTED_EDGE('',*,*,#461,.T.);
#4961 = ORIENTED_EDGE('',*,*,#4962,.F.);
#4962 = EDGE_CURVE('',#4963,#454,#4965,.T.);
#4963 = VERTEX_POINT('',#4964);
#4964 = CARTESIAN_POINT('',(204.,14.,12.));
#4965 = LINE('',#4966,#4967);
#4966 = CARTESIAN_POINT('',(204.,14.,2.5));
#4967 = VECTOR('',#4968,1.);
#4968 = DIRECTION('',(0.,0.,1.));
#4969 = ORIENTED_EDGE('',*,*,#4970,.F.);
#4970 = EDGE_CURVE('',#4971,#4963,#4973,.T.);
#4971 = VERTEX_POINT('',#4972);
#4972 = CARTESIAN_POINT('',(204.,14.,2.5));
#4973 = LINE('',#4974,#4975);
#4974 = CARTESIAN_POINT('',(204.,14.,2.5));
#4975 = VECTOR('',#4976,1.);
#4976 = DIRECTION('',(0.,0.,1.));
#4977 = ORIENTED_EDGE('',*,*,#4978,.F.);
#4978 = EDGE_CURVE('',#4939,#4971,#4979,.T.);
#4979 = LINE('',#4980,#4981);
#4980 = CARTESIAN_POINT('',(202.,12.,2.5));
#4981 = VECTOR('',#4982,1.);
#4982 = DIRECTION('',(0.707106781187,0.707106781187,0.));
#4983 = PLANE('',#4984);
#4984 = AXIS2_PLACEMENT_3D('',#4985,#4986,#4987);
#4985 = CARTESIAN_POINT('',(202.,12.,2.5));
#4986 = DIRECTION('',(-0.707106781187,0.707106781187,0.));
#4987 = DIRECTION('',(0.707106781187,0.707106781187,0.));
#4988 = ADVANCED_FACE('',(#4989),#5007,.T.);
#4989 = FACE_BOUND('',#4990,.T.);
#4990 = EDGE_LOOP('',(#4991,#4999,#5000,#5001));
#4991 = ORIENTED_EDGE('',*,*,#4992,.F.);
#4992 = EDGE_CURVE('',#4963,#4993,#4995,.T.);
#4993 = VERTEX_POINT('',#4994);
#4994 = CARTESIAN_POINT('',(226.,14.,12.));
#4995 = LINE('',#4996,#4997);
#4996 = CARTESIAN_POINT('',(164.5,14.,12.));
#4997 = VECTOR('',#4998,1.);
#4998 = DIRECTION('',(1.,0.,0.));
#4999 = ORIENTED_EDGE('',*,*,#4962,.T.);
#5000 = ORIENTED_EDGE('',*,*,#453,.T.);
#5001 = ORIENTED_EDGE('',*,*,#5002,.F.);
#5002 = EDGE_CURVE('',#4993,#446,#5003,.T.);
#5003 = LINE('',#5004,#5005);
#5004 = CARTESIAN_POINT('',(226.,14.,2.5));
#5005 = VECTOR('',#5006,1.);
#5006 = DIRECTION('',(0.,0.,1.));
#5007 = PLANE('',#5008);
#5008 = AXIS2_PLACEMENT_3D('',#5009,#5010,#5011);
#5009 = CARTESIAN_POINT('',(204.,14.,2.5));
#5010 = DIRECTION('',(0.,1.,0.));
#5011 = DIRECTION('',(1.,0.,0.));
#5012 = ADVANCED_FACE('',(#5013),#5039,.T.);
#5013 = FACE_BOUND('',#5014,.T.);
#5014 = EDGE_LOOP('',(#5015,#5023,#5024,#5025,#5033));
#5015 = ORIENTED_EDGE('',*,*,#5016,.T.);
#5016 = EDGE_CURVE('',#5017,#4993,#5019,.T.);
#5017 = VERTEX_POINT('',#5018);
#5018 = CARTESIAN_POINT('',(226.,14.,2.5));
#5019 = LINE('',#5020,#5021);
#5020 = CARTESIAN_POINT('',(226.,14.,2.5));
#5021 = VECTOR('',#5022,1.);
#5022 = DIRECTION('',(0.,0.,1.));
#5023 = ORIENTED_EDGE('',*,*,#5002,.T.);
#5024 = ORIENTED_EDGE('',*,*,#445,.T.);
#5025 = ORIENTED_EDGE('',*,*,#5026,.F.);
#5026 = EDGE_CURVE('',#5027,#438,#5029,.T.);
#5027 = VERTEX_POINT('',#5028);
#5028 = CARTESIAN_POINT('',(228.,10.,2.5));
#5029 = LINE('',#5030,#5031);
#5030 = CARTESIAN_POINT('',(228.,10.,2.5));
#5031 = VECTOR('',#5032,1.);
#5032 = DIRECTION('',(0.,0.,1.));
#5033 = ORIENTED_EDGE('',*,*,#5034,.F.);
#5034 = EDGE_CURVE('',#5017,#5027,#5035,.T.);
#5035 = LINE('',#5036,#5037);
#5036 = CARTESIAN_POINT('',(226.,14.,2.5));
#5037 = VECTOR('',#5038,1.);
#5038 = DIRECTION('',(0.4472135955,-0.894427191,0.));
#5039 = PLANE('',#5040);
#5040 = AXIS2_PLACEMENT_3D('',#5041,#5042,#5043);
#5041 = CARTESIAN_POINT('',(226.,14.,2.5));
#5042 = DIRECTION('',(0.894427191,0.4472135955,0.));
#5043 = DIRECTION('',(0.4472135955,-0.894427191,0.));
#5044 = ADVANCED_FACE('',(#5045),#5063,.T.);
#5045 = FACE_BOUND('',#5046,.T.);
#5046 = EDGE_LOOP('',(#5047,#5048,#5049,#5057));
#5047 = ORIENTED_EDGE('',*,*,#5026,.T.);
#5048 = ORIENTED_EDGE('',*,*,#437,.T.);
#5049 = ORIENTED_EDGE('',*,*,#5050,.F.);
#5050 = EDGE_CURVE('',#5051,#430,#5053,.T.);
#5051 = VERTEX_POINT('',#5052);
#5052 = CARTESIAN_POINT('',(228.,1.,2.5));
#5053 = LINE('',#5054,#5055);
#5054 = CARTESIAN_POINT('',(228.,1.,2.5));
#5055 = VECTOR('',#5056,1.);
#5056 = DIRECTION('',(0.,0.,1.));
#5057 = ORIENTED_EDGE('',*,*,#5058,.F.);
#5058 = EDGE_CURVE('',#5027,#5051,#5059,.T.);
#5059 = LINE('',#5060,#5061);
#5060 = CARTESIAN_POINT('',(228.,10.,2.5));
#5061 = VECTOR('',#5062,1.);
#5062 = DIRECTION('',(0.,-1.,0.));
#5063 = PLANE('',#5064);
#5064 = AXIS2_PLACEMENT_3D('',#5065,#5066,#5067);
#5065 = CARTESIAN_POINT('',(228.,10.,2.5));
#5066 = DIRECTION('',(1.,0.,0.));
#5067 = DIRECTION('',(0.,-1.,0.));
#5068 = ADVANCED_FACE('',(#5069),#5087,.F.);
#5069 = FACE_BOUND('',#5070,.F.);
#5070 = EDGE_LOOP('',(#5071,#5079,#5080,#5081));
#5071 = ORIENTED_EDGE('',*,*,#5072,.T.);
#5072 = EDGE_CURVE('',#5073,#422,#5075,.T.);
#5073 = VERTEX_POINT('',#5074);
#5074 = CARTESIAN_POINT('',(229.,0.,2.5));
#5075 = LINE('',#5076,#5077);
#5076 = CARTESIAN_POINT('',(229.,0.,2.5));
#5077 = VECTOR('',#5078,1.);
#5078 = DIRECTION('',(0.,0.,1.));
#5079 = ORIENTED_EDGE('',*,*,#429,.T.);
#5080 = ORIENTED_EDGE('',*,*,#5050,.F.);
#5081 = ORIENTED_EDGE('',*,*,#5082,.F.);
#5082 = EDGE_CURVE('',#5073,#5051,#5083,.T.);
#5083 = LINE('',#5084,#5085);
#5084 = CARTESIAN_POINT('',(229.,0.,2.5));
#5085 = VECTOR('',#5086,1.);
#5086 = DIRECTION('',(-0.707106781187,0.707106781187,0.));
#5087 = PLANE('',#5088);
#5088 = AXIS2_PLACEMENT_3D('',#5089,#5090,#5091);
#5089 = CARTESIAN_POINT('',(229.,0.,2.5));
#5090 = DIRECTION('',(-0.707106781187,-0.707106781187,0.));
#5091 = DIRECTION('',(-0.707106781187,0.707106781187,0.));
#5092 = ADVANCED_FACE('',(#5093),#5111,.F.);
#5093 = FACE_BOUND('',#5094,.F.);
#5094 = EDGE_LOOP('',(#5095,#5103,#5104,#5105));
#5095 = ORIENTED_EDGE('',*,*,#5096,.T.);
#5096 = EDGE_CURVE('',#5097,#414,#5099,.T.);
#5097 = VERTEX_POINT('',#5098);
#5098 = CARTESIAN_POINT('',(234.,0.,2.5));
#5099 = LINE('',#5100,#5101);
#5100 = CARTESIAN_POINT('',(234.,0.,2.5));
#5101 = VECTOR('',#5102,1.);
#5102 = DIRECTION('',(0.,0.,1.));
#5103 = ORIENTED_EDGE('',*,*,#421,.T.);
#5104 = ORIENTED_EDGE('',*,*,#5072,.F.);
#5105 = ORIENTED_EDGE('',*,*,#5106,.F.);
#5106 = EDGE_CURVE('',#5097,#5073,#5107,.T.);
#5107 = LINE('',#5108,#5109);
#5108 = CARTESIAN_POINT('',(234.,0.,2.5));
#5109 = VECTOR('',#5110,1.);
#5110 = DIRECTION('',(-1.,0.,0.));
#5111 = PLANE('',#5112);
#5112 = AXIS2_PLACEMENT_3D('',#5113,#5114,#5115);
#5113 = CARTESIAN_POINT('',(234.,0.,2.5));
#5114 = DIRECTION('',(0.,-1.,0.));
#5115 = DIRECTION('',(-1.,0.,0.));
#5116 = ADVANCED_FACE('',(#5117),#5128,.F.);
#5117 = FACE_BOUND('',#5118,.F.);
#5118 = EDGE_LOOP('',(#5119,#5120,#5121,#5122));
#5119 = ORIENTED_EDGE('',*,*,#2148,.T.);
#5120 = ORIENTED_EDGE('',*,*,#413,.T.);
#5121 = ORIENTED_EDGE('',*,*,#5096,.F.);
#5122 = ORIENTED_EDGE('',*,*,#5123,.F.);
#5123 = EDGE_CURVE('',#2139,#5097,#5124,.T.);
#5124 = LINE('',#5125,#5126);
#5125 = CARTESIAN_POINT('',(235.,-1.,2.5));
#5126 = VECTOR('',#5127,1.);
#5127 = DIRECTION('',(-0.707106781187,0.707106781187,0.));
#5128 = PLANE('',#5129);
#5129 = AXIS2_PLACEMENT_3D('',#5130,#5131,#5132);
#5130 = CARTESIAN_POINT('',(235.,-1.,2.5));
#5131 = DIRECTION('',(-0.707106781187,-0.707106781187,0.));
#5132 = DIRECTION('',(-0.707106781187,0.707106781187,0.));
#5133 = ADVANCED_FACE('',(#5134),#5145,.F.);
#5134 = FACE_BOUND('',#5135,.T.);
#5135 = EDGE_LOOP('',(#5136,#5142,#5143,#5144));
#5136 = ORIENTED_EDGE('',*,*,#5137,.T.);
#5137 = EDGE_CURVE('',#1932,#1286,#5138,.T.);
#5138 = LINE('',#5139,#5140);
#5139 = CARTESIAN_POINT('',(-6.,6.,2.5));
#5140 = VECTOR('',#5141,1.);
#5141 = DIRECTION('',(0.,0.,1.));
#5142 = ORIENTED_EDGE('',*,*,#1285,.T.);
#5143 = ORIENTED_EDGE('',*,*,#5137,.F.);
#5144 = ORIENTED_EDGE('',*,*,#1931,.F.);
#5145 = CYLINDRICAL_SURFACE('',#5146,4.);
#5146 = AXIS2_PLACEMENT_3D('',#5147,#5148,#5149);
#5147 = CARTESIAN_POINT('',(-10.,6.,2.5));
#5148 = DIRECTION('',(-0.,-0.,-1.));
#5149 = DIRECTION('',(1.,0.,0.));
#5150 = ADVANCED_FACE('',(#5151),#5176,.F.);
#5151 = FACE_BOUND('',#5152,.F.);
#5152 = EDGE_LOOP('',(#5153,#5154,#5162,#5170));
#5153 = ORIENTED_EDGE('',*,*,#1296,.F.);
#5154 = ORIENTED_EDGE('',*,*,#5155,.T.);
#5155 = EDGE_CURVE('',#1297,#5156,#5158,.T.);
#5156 = VERTEX_POINT('',#5157);
#5157 = CARTESIAN_POINT('',(29.9,12.6,20.));
#5158 = LINE('',#5159,#5160);
#5159 = CARTESIAN_POINT('',(29.9,12.6,39.));
#5160 = VECTOR('',#5161,1.);
#5161 = DIRECTION('',(-0.,-0.,-1.));
#5162 = ORIENTED_EDGE('',*,*,#5163,.T.);
#5163 = EDGE_CURVE('',#5156,#5164,#5166,.T.);
#5164 = VERTEX_POINT('',#5165);
#5165 = CARTESIAN_POINT('',(29.9,7.4,20.));
#5166 = LINE('',#5167,#5168);
#5167 = CARTESIAN_POINT('',(29.9,12.6,20.));
#5168 = VECTOR('',#5169,1.);
#5169 = DIRECTION('',(0.,-1.,0.));
#5170 = ORIENTED_EDGE('',*,*,#5171,.F.);
#5171 = EDGE_CURVE('',#1299,#5164,#5172,.T.);
#5172 = LINE('',#5173,#5174);
#5173 = CARTESIAN_POINT('',(29.9,7.4,39.));
#5174 = VECTOR('',#5175,1.);
#5175 = DIRECTION('',(-0.,-0.,-1.));
#5176 = PLANE('',#5177);
#5177 = AXIS2_PLACEMENT_3D('',#5178,#5179,#5180);
#5178 = CARTESIAN_POINT('',(29.9,12.6,39.));
#5179 = DIRECTION('',(-1.,0.,0.));
#5180 = DIRECTION('',(0.,-1.,0.));
#5181 = ADVANCED_FACE('',(#5182),#5200,.F.);
#5182 = FACE_BOUND('',#5183,.F.);
#5183 = EDGE_LOOP('',(#5184,#5185,#5193,#5199));
#5184 = ORIENTED_EDGE('',*,*,#1306,.F.);
#5185 = ORIENTED_EDGE('',*,*,#5186,.T.);
#5186 = EDGE_CURVE('',#1307,#5187,#5189,.T.);
#5187 = VERTEX_POINT('',#5188);
#5188 = CARTESIAN_POINT('',(40.100001,12.6,20.));
#5189 = LINE('',#5190,#5191);
#5190 = CARTESIAN_POINT('',(40.100001,12.6,39.));
#5191 = VECTOR('',#5192,1.);
#5192 = DIRECTION('',(-0.,-0.,-1.));
#5193 = ORIENTED_EDGE('',*,*,#5194,.T.);
#5194 = EDGE_CURVE('',#5187,#5156,#5195,.T.);
#5195 = LINE('',#5196,#5197);
#5196 = CARTESIAN_POINT('',(40.100001,12.6,20.));
#5197 = VECTOR('',#5198,1.);
#5198 = DIRECTION('',(-1.,0.,0.));
#5199 = ORIENTED_EDGE('',*,*,#5155,.F.);
#5200 = PLANE('',#5201);
#5201 = AXIS2_PLACEMENT_3D('',#5202,#5203,#5204);
#5202 = CARTESIAN_POINT('',(40.100001,12.6,39.));
#5203 = DIRECTION('',(0.,1.,0.));
#5204 = DIRECTION('',(-1.,0.,0.));
#5205 = ADVANCED_FACE('',(#5206),#5275,.F.);
#5206 = FACE_BOUND('',#5207,.F.);
#5207 = EDGE_LOOP('',(#5208,#5209,#5210,#5218,#5227,#5235,#5244,#5252,
    #5261,#5269));
#5208 = ORIENTED_EDGE('',*,*,#1322,.F.);
#5209 = ORIENTED_EDGE('',*,*,#5171,.T.);
#5210 = ORIENTED_EDGE('',*,*,#5211,.T.);
#5211 = EDGE_CURVE('',#5164,#5212,#5214,.T.);
#5212 = VERTEX_POINT('',#5213);
#5213 = CARTESIAN_POINT('',(33.197222344654,7.4,20.));
#5214 = LINE('',#5215,#5216);
#5215 = CARTESIAN_POINT('',(29.9,7.4,20.));
#5216 = VECTOR('',#5217,1.);
#5217 = DIRECTION('',(1.,0.,0.));
#5218 = ORIENTED_EDGE('',*,*,#5219,.F.);
#5219 = EDGE_CURVE('',#5220,#5212,#5222,.T.);
#5220 = VERTEX_POINT('',#5221);
#5221 = CARTESIAN_POINT('',(31.5,7.4,22.999998787564));
#5222 = CIRCLE('',#5223,3.5);
#5223 = AXIS2_PLACEMENT_3D('',#5224,#5225,#5226);
#5224 = CARTESIAN_POINT('',(35.,7.4,22.999998787564));
#5225 = DIRECTION('',(0.,-1.,2.2E-16));
#5226 = DIRECTION('',(1.,0.,0.));
#5227 = ORIENTED_EDGE('',*,*,#5228,.T.);
#5228 = EDGE_CURVE('',#5220,#5229,#5231,.T.);
#5229 = VERTEX_POINT('',#5230);
#5230 = CARTESIAN_POINT('',(31.5,7.4,28.));
#5231 = LINE('',#5232,#5233);
#5232 = CARTESIAN_POINT('',(31.5,7.4,33.5));
#5233 = VECTOR('',#5234,1.);
#5234 = DIRECTION('',(6.537E-14,0.,1.));
#5235 = ORIENTED_EDGE('',*,*,#5236,.F.);
#5236 = EDGE_CURVE('',#5237,#5229,#5239,.T.);
#5237 = VERTEX_POINT('',#5238);
#5238 = CARTESIAN_POINT('',(38.5,7.4,28.));
#5239 = CIRCLE('',#5240,3.5);
#5240 = AXIS2_PLACEMENT_3D('',#5241,#5242,#5243);
#5241 = CARTESIAN_POINT('',(35.,7.4,28.));
#5242 = DIRECTION('',(0.,-1.,2.2E-16));
#5243 = DIRECTION('',(1.,0.,0.));
#5244 = ORIENTED_EDGE('',*,*,#5245,.F.);
#5245 = EDGE_CURVE('',#5246,#5237,#5248,.T.);
#5246 = VERTEX_POINT('',#5247);
#5247 = CARTESIAN_POINT('',(38.5,7.4,22.999998787564));
#5248 = LINE('',#5249,#5250);
#5249 = CARTESIAN_POINT('',(38.5,7.4,33.5));
#5250 = VECTOR('',#5251,1.);
#5251 = DIRECTION('',(0.,0.,1.));
#5252 = ORIENTED_EDGE('',*,*,#5253,.F.);
#5253 = EDGE_CURVE('',#5254,#5246,#5256,.T.);
#5254 = VERTEX_POINT('',#5255);
#5255 = CARTESIAN_POINT('',(36.802777655346,7.4,20.));
#5256 = CIRCLE('',#5257,3.5);
#5257 = AXIS2_PLACEMENT_3D('',#5258,#5259,#5260);
#5258 = CARTESIAN_POINT('',(35.,7.4,22.999998787564));
#5259 = DIRECTION('',(0.,-1.,2.2E-16));
#5260 = DIRECTION('',(1.,0.,0.));
#5261 = ORIENTED_EDGE('',*,*,#5262,.T.);
#5262 = EDGE_CURVE('',#5254,#5263,#5265,.T.);
#5263 = VERTEX_POINT('',#5264);
#5264 = CARTESIAN_POINT('',(40.100001,7.4,20.));
#5265 = LINE('',#5266,#5267);
#5266 = CARTESIAN_POINT('',(29.9,7.4,20.));
#5267 = VECTOR('',#5268,1.);
#5268 = DIRECTION('',(1.,0.,0.));
#5269 = ORIENTED_EDGE('',*,*,#5270,.F.);
#5270 = EDGE_CURVE('',#1315,#5263,#5271,.T.);
#5271 = LINE('',#5272,#5273);
#5272 = CARTESIAN_POINT('',(40.100001,7.4,39.));
#5273 = VECTOR('',#5274,1.);
#5274 = DIRECTION('',(-0.,-0.,-1.));
#5275 = PLANE('',#5276);
#5276 = AXIS2_PLACEMENT_3D('',#5277,#5278,#5279);
#5277 = CARTESIAN_POINT('',(29.9,7.4,39.));
#5278 = DIRECTION('',(0.,-1.,0.));
#5279 = DIRECTION('',(1.,0.,0.));
#5280 = ADVANCED_FACE('',(#5281),#5292,.F.);
#5281 = FACE_BOUND('',#5282,.F.);
#5282 = EDGE_LOOP('',(#5283,#5284,#5285,#5291));
#5283 = ORIENTED_EDGE('',*,*,#1314,.F.);
#5284 = ORIENTED_EDGE('',*,*,#5270,.T.);
#5285 = ORIENTED_EDGE('',*,*,#5286,.T.);
#5286 = EDGE_CURVE('',#5263,#5187,#5287,.T.);
#5287 = LINE('',#5288,#5289);
#5288 = CARTESIAN_POINT('',(40.100001,7.4,20.));
#5289 = VECTOR('',#5290,1.);
#5290 = DIRECTION('',(0.,1.,0.));
#5291 = ORIENTED_EDGE('',*,*,#5186,.F.);
#5292 = PLANE('',#5293);
#5293 = AXIS2_PLACEMENT_3D('',#5294,#5295,#5296);
#5294 = CARTESIAN_POINT('',(40.100001,7.4,39.));
#5295 = DIRECTION('',(1.,0.,0.));
#5296 = DIRECTION('',(0.,1.,0.));
#5297 = ADVANCED_FACE('',(#5298),#5317,.F.);
#5298 = FACE_BOUND('',#5299,.T.);
#5299 = EDGE_LOOP('',(#5300,#5308,#5309,#5310));
#5300 = ORIENTED_EDGE('',*,*,#5301,.T.);
#5301 = EDGE_CURVE('',#5302,#1331,#5304,.T.);
#5302 = VERTEX_POINT('',#5303);
#5303 = CARTESIAN_POINT('',(83.,6.,2.5));
#5304 = LINE('',#5305,#5306);
#5305 = CARTESIAN_POINT('',(83.,6.,2.5));
#5306 = VECTOR('',#5307,1.);
#5307 = DIRECTION('',(0.,0.,1.));
#5308 = ORIENTED_EDGE('',*,*,#1330,.T.);
#5309 = ORIENTED_EDGE('',*,*,#5301,.F.);
#5310 = ORIENTED_EDGE('',*,*,#5311,.F.);
#5311 = EDGE_CURVE('',#5302,#5302,#5312,.T.);
#5312 = CIRCLE('',#5313,3.);
#5313 = AXIS2_PLACEMENT_3D('',#5314,#5315,#5316);
#5314 = CARTESIAN_POINT('',(80.,6.,2.5));
#5315 = DIRECTION('',(0.,0.,1.));
#5316 = DIRECTION('',(1.,0.,0.));
#5317 = CYLINDRICAL_SURFACE('',#5318,3.);
#5318 = AXIS2_PLACEMENT_3D('',#5319,#5320,#5321);
#5319 = CARTESIAN_POINT('',(80.,6.,2.5));
#5320 = DIRECTION('',(-0.,-0.,-1.));
#5321 = DIRECTION('',(1.,0.,0.));
#5322 = ADVANCED_FACE('',(#5323),#5348,.F.);
#5323 = FACE_BOUND('',#5324,.F.);
#5324 = EDGE_LOOP('',(#5325,#5326,#5334,#5342));
#5325 = ORIENTED_EDGE('',*,*,#1341,.F.);
#5326 = ORIENTED_EDGE('',*,*,#5327,.T.);
#5327 = EDGE_CURVE('',#1342,#5328,#5330,.T.);
#5328 = VERTEX_POINT('',#5329);
#5329 = CARTESIAN_POINT('',(119.900002,12.1,20.));
#5330 = LINE('',#5331,#5332);
#5331 = CARTESIAN_POINT('',(119.900002,12.1,39.));
#5332 = VECTOR('',#5333,1.);
#5333 = DIRECTION('',(-0.,-0.,-1.));
#5334 = ORIENTED_EDGE('',*,*,#5335,.T.);
#5335 = EDGE_CURVE('',#5328,#5336,#5338,.T.);
#5336 = VERTEX_POINT('',#5337);
#5337 = CARTESIAN_POINT('',(119.900002,6.9,20.));
#5338 = LINE('',#5339,#5340);
#5339 = CARTESIAN_POINT('',(119.900002,12.1,20.));
#5340 = VECTOR('',#5341,1.);
#5341 = DIRECTION('',(0.,-1.,0.));
#5342 = ORIENTED_EDGE('',*,*,#5343,.F.);
#5343 = EDGE_CURVE('',#1344,#5336,#5344,.T.);
#5344 = LINE('',#5345,#5346);
#5345 = CARTESIAN_POINT('',(119.900002,6.9,39.));
#5346 = VECTOR('',#5347,1.);
#5347 = DIRECTION('',(-0.,-0.,-1.));
#5348 = PLANE('',#5349);
#5349 = AXIS2_PLACEMENT_3D('',#5350,#5351,#5352);
#5350 = CARTESIAN_POINT('',(119.900002,12.1,39.));
#5351 = DIRECTION('',(-1.,0.,0.));
#5352 = DIRECTION('',(0.,-1.,0.));
#5353 = ADVANCED_FACE('',(#5354),#5372,.F.);
#5354 = FACE_BOUND('',#5355,.F.);
#5355 = EDGE_LOOP('',(#5356,#5357,#5365,#5371));
#5356 = ORIENTED_EDGE('',*,*,#1351,.F.);
#5357 = ORIENTED_EDGE('',*,*,#5358,.T.);
#5358 = EDGE_CURVE('',#1352,#5359,#5361,.T.);
#5359 = VERTEX_POINT('',#5360);
#5360 = CARTESIAN_POINT('',(130.100002,12.1,20.));
#5361 = LINE('',#5362,#5363);
#5362 = CARTESIAN_POINT('',(130.100002,12.1,39.));
#5363 = VECTOR('',#5364,1.);
#5364 = DIRECTION('',(-0.,-0.,-1.));
#5365 = ORIENTED_EDGE('',*,*,#5366,.T.);
#5366 = EDGE_CURVE('',#5359,#5328,#5367,.T.);
#5367 = LINE('',#5368,#5369);
#5368 = CARTESIAN_POINT('',(130.100002,12.1,20.));
#5369 = VECTOR('',#5370,1.);
#5370 = DIRECTION('',(-1.,0.,0.));
#5371 = ORIENTED_EDGE('',*,*,#5327,.F.);
#5372 = PLANE('',#5373);
#5373 = AXIS2_PLACEMENT_3D('',#5374,#5375,#5376);
#5374 = CARTESIAN_POINT('',(130.100002,12.1,39.));
#5375 = DIRECTION('',(0.,1.,0.));
#5376 = DIRECTION('',(-1.,0.,0.));
#5377 = ADVANCED_FACE('',(#5378),#5447,.F.);
#5378 = FACE_BOUND('',#5379,.F.);
#5379 = EDGE_LOOP('',(#5380,#5381,#5382,#5390,#5399,#5407,#5416,#5424,
    #5433,#5441));
#5380 = ORIENTED_EDGE('',*,*,#1367,.F.);
#5381 = ORIENTED_EDGE('',*,*,#5343,.T.);
#5382 = ORIENTED_EDGE('',*,*,#5383,.T.);
#5383 = EDGE_CURVE('',#5336,#5384,#5386,.T.);
#5384 = VERTEX_POINT('',#5385);
#5385 = CARTESIAN_POINT('',(123.19722090905,6.9,20.));
#5386 = LINE('',#5387,#5388);
#5387 = CARTESIAN_POINT('',(119.900002,6.9,20.));
#5388 = VECTOR('',#5389,1.);
#5389 = DIRECTION('',(1.,0.,0.));
#5390 = ORIENTED_EDGE('',*,*,#5391,.F.);
#5391 = EDGE_CURVE('',#5392,#5384,#5394,.T.);
#5392 = VERTEX_POINT('',#5393);
#5393 = CARTESIAN_POINT('',(121.5,6.9,22.999997924872));
#5394 = CIRCLE('',#5395,3.5);
#5395 = AXIS2_PLACEMENT_3D('',#5396,#5397,#5398);
#5396 = CARTESIAN_POINT('',(125.,6.9,22.999997924871));
#5397 = DIRECTION('',(0.,-1.,2.2E-16));
#5398 = DIRECTION('',(1.,0.,0.));
#5399 = ORIENTED_EDGE('',*,*,#5400,.T.);
#5400 = EDGE_CURVE('',#5392,#5401,#5403,.T.);
#5401 = VERTEX_POINT('',#5402);
#5402 = CARTESIAN_POINT('',(121.5,6.9,27.999998787564));
#5403 = LINE('',#5404,#5405);
#5404 = CARTESIAN_POINT('',(121.5,6.9,33.499999393782));
#5405 = VECTOR('',#5406,1.);
#5406 = DIRECTION('',(3.126E-14,0.,1.));
#5407 = ORIENTED_EDGE('',*,*,#5408,.F.);
#5408 = EDGE_CURVE('',#5409,#5401,#5411,.T.);
#5409 = VERTEX_POINT('',#5410);
#5410 = CARTESIAN_POINT('',(128.5,6.9,27.999998787564));
#5411 = CIRCLE('',#5412,3.5);
#5412 = AXIS2_PLACEMENT_3D('',#5413,#5414,#5415);
#5413 = CARTESIAN_POINT('',(125.,6.9,27.999998787564));
#5414 = DIRECTION('',(0.,-1.,2.2E-16));
#5415 = DIRECTION('',(1.,0.,0.));
#5416 = ORIENTED_EDGE('',*,*,#5417,.F.);
#5417 = EDGE_CURVE('',#5418,#5409,#5420,.T.);
#5418 = VERTEX_POINT('',#5419);
#5419 = CARTESIAN_POINT('',(128.5,6.9,22.999997924871));
#5420 = LINE('',#5421,#5422);
#5421 = CARTESIAN_POINT('',(128.5,6.9,33.499999393782));
#5422 = VECTOR('',#5423,1.);
#5423 = DIRECTION('',(0.,0.,1.));
#5424 = ORIENTED_EDGE('',*,*,#5425,.F.);
#5425 = EDGE_CURVE('',#5426,#5418,#5428,.T.);
#5426 = VERTEX_POINT('',#5427);
#5427 = CARTESIAN_POINT('',(126.80277909095,6.9,20.));
#5428 = CIRCLE('',#5429,3.5);
#5429 = AXIS2_PLACEMENT_3D('',#5430,#5431,#5432);
#5430 = CARTESIAN_POINT('',(125.,6.9,22.999997924871));
#5431 = DIRECTION('',(0.,-1.,2.2E-16));
#5432 = DIRECTION('',(1.,0.,0.));
#5433 = ORIENTED_EDGE('',*,*,#5434,.T.);
#5434 = EDGE_CURVE('',#5426,#5435,#5437,.T.);
#5435 = VERTEX_POINT('',#5436);
#5436 = CARTESIAN_POINT('',(130.100002,6.9,20.));
#5437 = LINE('',#5438,#5439);
#5438 = CARTESIAN_POINT('',(119.900002,6.9,20.));
#5439 = VECTOR('',#5440,1.);
#5440 = DIRECTION('',(1.,0.,0.));
#5441 = ORIENTED_EDGE('',*,*,#5442,.F.);
#5442 = EDGE_CURVE('',#1360,#5435,#5443,.T.);
#5443 = LINE('',#5444,#5445);
#5444 = CARTESIAN_POINT('',(130.100002,6.9,39.));
#5445 = VECTOR('',#5446,1.);
#5446 = DIRECTION('',(-0.,-0.,-1.));
#5447 = PLANE('',#5448);
#5448 = AXIS2_PLACEMENT_3D('',#5449,#5450,#5451);
#5449 = CARTESIAN_POINT('',(119.900002,6.9,39.));
#5450 = DIRECTION('',(0.,-1.,0.));
#5451 = DIRECTION('',(1.,0.,0.));
#5452 = ADVANCED_FACE('',(#5453),#5464,.F.);
#5453 = FACE_BOUND('',#5454,.F.);
#5454 = EDGE_LOOP('',(#5455,#5456,#5457,#5463));
#5455 = ORIENTED_EDGE('',*,*,#1359,.F.);
#5456 = ORIENTED_EDGE('',*,*,#5442,.T.);
#5457 = ORIENTED_EDGE('',*,*,#5458,.T.);
#5458 = EDGE_CURVE('',#5435,#5359,#5459,.T.);
#5459 = LINE('',#5460,#5461);
#5460 = CARTESIAN_POINT('',(130.100002,6.9,20.));
#5461 = VECTOR('',#5462,1.);
#5462 = DIRECTION('',(0.,1.,0.));
#5463 = ORIENTED_EDGE('',*,*,#5358,.F.);
#5464 = PLANE('',#5465);
#5465 = AXIS2_PLACEMENT_3D('',#5466,#5467,#5468);
#5466 = CARTESIAN_POINT('',(130.100002,6.9,39.));
#5467 = DIRECTION('',(1.,0.,0.));
#5468 = DIRECTION('',(0.,1.,0.));
#5469 = ADVANCED_FACE('',(#5470),#5489,.F.);
#5470 = FACE_BOUND('',#5471,.T.);
#5471 = EDGE_LOOP('',(#5472,#5480,#5481,#5482));
#5472 = ORIENTED_EDGE('',*,*,#5473,.T.);
#5473 = EDGE_CURVE('',#5474,#1376,#5476,.T.);
#5474 = VERTEX_POINT('',#5475);
#5475 = CARTESIAN_POINT('',(173.,6.,2.5));
#5476 = LINE('',#5477,#5478);
#5477 = CARTESIAN_POINT('',(173.,6.,2.5));
#5478 = VECTOR('',#5479,1.);
#5479 = DIRECTION('',(0.,0.,1.));
#5480 = ORIENTED_EDGE('',*,*,#1375,.T.);
#5481 = ORIENTED_EDGE('',*,*,#5473,.F.);
#5482 = ORIENTED_EDGE('',*,*,#5483,.F.);
#5483 = EDGE_CURVE('',#5474,#5474,#5484,.T.);
#5484 = CIRCLE('',#5485,3.);
#5485 = AXIS2_PLACEMENT_3D('',#5486,#5487,#5488);
#5486 = CARTESIAN_POINT('',(170.,6.,2.5));
#5487 = DIRECTION('',(0.,0.,1.));
#5488 = DIRECTION('',(1.,0.,0.));
#5489 = CYLINDRICAL_SURFACE('',#5490,3.);
#5490 = AXIS2_PLACEMENT_3D('',#5491,#5492,#5493);
#5491 = CARTESIAN_POINT('',(170.,6.,2.5));
#5492 = DIRECTION('',(-0.,-0.,-1.));
#5493 = DIRECTION('',(1.,0.,0.));
#5494 = ADVANCED_FACE('',(#5495),#5520,.F.);
#5495 = FACE_BOUND('',#5496,.F.);
#5496 = EDGE_LOOP('',(#5497,#5498,#5506,#5514));
#5497 = ORIENTED_EDGE('',*,*,#1386,.F.);
#5498 = ORIENTED_EDGE('',*,*,#5499,.T.);
#5499 = EDGE_CURVE('',#1387,#5500,#5502,.T.);
#5500 = VERTEX_POINT('',#5501);
#5501 = CARTESIAN_POINT('',(209.900003,12.1,20.));
#5502 = LINE('',#5503,#5504);
#5503 = CARTESIAN_POINT('',(209.900003,12.1,39.));
#5504 = VECTOR('',#5505,1.);
#5505 = DIRECTION('',(-0.,-0.,-1.));
#5506 = ORIENTED_EDGE('',*,*,#5507,.T.);
#5507 = EDGE_CURVE('',#5500,#5508,#5510,.T.);
#5508 = VERTEX_POINT('',#5509);
#5509 = CARTESIAN_POINT('',(209.900003,6.9,20.));
#5510 = LINE('',#5511,#5512);
#5511 = CARTESIAN_POINT('',(209.900003,12.1,20.));
#5512 = VECTOR('',#5513,1.);
#5513 = DIRECTION('',(0.,-1.,0.));
#5514 = ORIENTED_EDGE('',*,*,#5515,.F.);
#5515 = EDGE_CURVE('',#1389,#5508,#5516,.T.);
#5516 = LINE('',#5517,#5518);
#5517 = CARTESIAN_POINT('',(209.900003,6.9,39.));
#5518 = VECTOR('',#5519,1.);
#5519 = DIRECTION('',(-0.,-0.,-1.));
#5520 = PLANE('',#5521);
#5521 = AXIS2_PLACEMENT_3D('',#5522,#5523,#5524);
#5522 = CARTESIAN_POINT('',(209.900003,12.1,39.));
#5523 = DIRECTION('',(-1.,0.,0.));
#5524 = DIRECTION('',(0.,-1.,0.));
#5525 = ADVANCED_FACE('',(#5526),#5544,.F.);
#5526 = FACE_BOUND('',#5527,.F.);
#5527 = EDGE_LOOP('',(#5528,#5529,#5537,#5543));
#5528 = ORIENTED_EDGE('',*,*,#1396,.F.);
#5529 = ORIENTED_EDGE('',*,*,#5530,.T.);
#5530 = EDGE_CURVE('',#1397,#5531,#5533,.T.);
#5531 = VERTEX_POINT('',#5532);
#5532 = CARTESIAN_POINT('',(220.100003,12.1,20.));
#5533 = LINE('',#5534,#5535);
#5534 = CARTESIAN_POINT('',(220.100003,12.1,39.));
#5535 = VECTOR('',#5536,1.);
#5536 = DIRECTION('',(-0.,-0.,-1.));
#5537 = ORIENTED_EDGE('',*,*,#5538,.T.);
#5538 = EDGE_CURVE('',#5531,#5500,#5539,.T.);
#5539 = LINE('',#5540,#5541);
#5540 = CARTESIAN_POINT('',(220.100003,12.1,20.));
#5541 = VECTOR('',#5542,1.);
#5542 = DIRECTION('',(-1.,0.,0.));
#5543 = ORIENTED_EDGE('',*,*,#5499,.F.);
#5544 = PLANE('',#5545);
#5545 = AXIS2_PLACEMENT_3D('',#5546,#5547,#5548);
#5546 = CARTESIAN_POINT('',(220.100003,12.1,39.));
#5547 = DIRECTION('',(0.,1.,0.));
#5548 = DIRECTION('',(-1.,0.,0.));
#5549 = ADVANCED_FACE('',(#5550),#5619,.F.);
#5550 = FACE_BOUND('',#5551,.F.);
#5551 = EDGE_LOOP('',(#5552,#5553,#5554,#5562,#5571,#5579,#5588,#5596,
    #5605,#5613));
#5552 = ORIENTED_EDGE('',*,*,#1412,.F.);
#5553 = ORIENTED_EDGE('',*,*,#5515,.T.);
#5554 = ORIENTED_EDGE('',*,*,#5555,.T.);
#5555 = EDGE_CURVE('',#5508,#5556,#5558,.T.);
#5556 = VERTEX_POINT('',#5557);
#5557 = CARTESIAN_POINT('',(213.19722269816,6.9,20.));
#5558 = LINE('',#5559,#5560);
#5559 = CARTESIAN_POINT('',(209.900003,6.9,20.));
#5560 = VECTOR('',#5561,1.);
#5561 = DIRECTION('',(1.,0.,0.));
#5562 = ORIENTED_EDGE('',*,*,#5563,.F.);
#5563 = EDGE_CURVE('',#5564,#5556,#5566,.T.);
#5564 = VERTEX_POINT('',#5565);
#5565 = CARTESIAN_POINT('',(211.5,6.9,22.999999));
#5566 = CIRCLE('',#5567,3.5);
#5567 = AXIS2_PLACEMENT_3D('',#5568,#5569,#5570);
#5568 = CARTESIAN_POINT('',(215.,6.9,22.999999));
#5569 = DIRECTION('',(0.,-1.,2.2E-16));
#5570 = DIRECTION('',(1.,0.,0.));
#5571 = ORIENTED_EDGE('',*,*,#5572,.T.);
#5572 = EDGE_CURVE('',#5564,#5573,#5575,.T.);
#5573 = VERTEX_POINT('',#5574);
#5574 = CARTESIAN_POINT('',(211.5,6.9,28.));
#5575 = LINE('',#5576,#5577);
#5576 = CARTESIAN_POINT('',(211.5,6.9,33.5));
#5577 = VECTOR('',#5578,1.);
#5578 = DIRECTION('',(3.411E-14,0.,1.));
#5579 = ORIENTED_EDGE('',*,*,#5580,.F.);
#5580 = EDGE_CURVE('',#5581,#5573,#5583,.T.);
#5581 = VERTEX_POINT('',#5582);
#5582 = CARTESIAN_POINT('',(218.5,6.9,28.));
#5583 = CIRCLE('',#5584,3.5);
#5584 = AXIS2_PLACEMENT_3D('',#5585,#5586,#5587);
#5585 = CARTESIAN_POINT('',(215.,6.9,28.));
#5586 = DIRECTION('',(0.,-1.,2.2E-16));
#5587 = DIRECTION('',(1.,0.,0.));
#5588 = ORIENTED_EDGE('',*,*,#5589,.F.);
#5589 = EDGE_CURVE('',#5590,#5581,#5592,.T.);
#5590 = VERTEX_POINT('',#5591);
#5591 = CARTESIAN_POINT('',(218.5,6.9,22.999999));
#5592 = LINE('',#5593,#5594);
#5593 = CARTESIAN_POINT('',(218.5,6.9,33.5));
#5594 = VECTOR('',#5595,1.);
#5595 = DIRECTION('',(0.,0.,1.));
#5596 = ORIENTED_EDGE('',*,*,#5597,.F.);
#5597 = EDGE_CURVE('',#5598,#5590,#5600,.T.);
#5598 = VERTEX_POINT('',#5599);
#5599 = CARTESIAN_POINT('',(216.80277730183,6.9,20.));
#5600 = CIRCLE('',#5601,3.5);
#5601 = AXIS2_PLACEMENT_3D('',#5602,#5603,#5604);
#5602 = CARTESIAN_POINT('',(215.,6.9,22.999999));
#5603 = DIRECTION('',(0.,-1.,2.2E-16));
#5604 = DIRECTION('',(1.,0.,0.));
#5605 = ORIENTED_EDGE('',*,*,#5606,.T.);
#5606 = EDGE_CURVE('',#5598,#5607,#5609,.T.);
#5607 = VERTEX_POINT('',#5608);
#5608 = CARTESIAN_POINT('',(220.100003,6.9,20.));
#5609 = LINE('',#5610,#5611);
#5610 = CARTESIAN_POINT('',(209.900003,6.9,20.));
#5611 = VECTOR('',#5612,1.);
#5612 = DIRECTION('',(1.,0.,0.));
#5613 = ORIENTED_EDGE('',*,*,#5614,.F.);
#5614 = EDGE_CURVE('',#1405,#5607,#5615,.T.);
#5615 = LINE('',#5616,#5617);
#5616 = CARTESIAN_POINT('',(220.100003,6.9,39.));
#5617 = VECTOR('',#5618,1.);
#5618 = DIRECTION('',(-0.,-0.,-1.));
#5619 = PLANE('',#5620);
#5620 = AXIS2_PLACEMENT_3D('',#5621,#5622,#5623);
#5621 = CARTESIAN_POINT('',(209.900003,6.9,39.));
#5622 = DIRECTION('',(0.,-1.,0.));
#5623 = DIRECTION('',(1.,0.,0.));
#5624 = ADVANCED_FACE('',(#5625),#5636,.F.);
#5625 = FACE_BOUND('',#5626,.F.);
#5626 = EDGE_LOOP('',(#5627,#5628,#5629,#5635));
#5627 = ORIENTED_EDGE('',*,*,#1404,.F.);
#5628 = ORIENTED_EDGE('',*,*,#5614,.T.);
#5629 = ORIENTED_EDGE('',*,*,#5630,.T.);
#5630 = EDGE_CURVE('',#5607,#5531,#5631,.T.);
#5631 = LINE('',#5632,#5633);
#5632 = CARTESIAN_POINT('',(220.100003,6.9,20.));
#5633 = VECTOR('',#5634,1.);
#5634 = DIRECTION('',(0.,1.,0.));
#5635 = ORIENTED_EDGE('',*,*,#5530,.F.);
#5636 = PLANE('',#5637);
#5637 = AXIS2_PLACEMENT_3D('',#5638,#5639,#5640);
#5638 = CARTESIAN_POINT('',(220.100003,6.9,39.));
#5639 = DIRECTION('',(1.,0.,0.));
#5640 = DIRECTION('',(0.,1.,0.));
#5641 = ADVANCED_FACE('',(#5642),#5653,.F.);
#5642 = FACE_BOUND('',#5643,.T.);
#5643 = EDGE_LOOP('',(#5644,#5650,#5651,#5652));
#5644 = ORIENTED_EDGE('',*,*,#5645,.T.);
#5645 = EDGE_CURVE('',#1943,#1421,#5646,.T.);
#5646 = LINE('',#5647,#5648);
#5647 = CARTESIAN_POINT('',(-16.,90.,2.5));
#5648 = VECTOR('',#5649,1.);
#5649 = DIRECTION('',(0.,0.,1.));
#5650 = ORIENTED_EDGE('',*,*,#1420,.T.);
#5651 = ORIENTED_EDGE('',*,*,#5645,.F.);
#5652 = ORIENTED_EDGE('',*,*,#1942,.F.);
#5653 = CYLINDRICAL_SURFACE('',#5654,4.);
#5654 = AXIS2_PLACEMENT_3D('',#5655,#5656,#5657);
#5655 = CARTESIAN_POINT('',(-20.,90.,2.5));
#5656 = DIRECTION('',(-0.,-0.,-1.));
#5657 = DIRECTION('',(1.,0.,0.));
#5658 = ADVANCED_FACE('',(#5659),#5665,.T.);
#5659 = FACE_BOUND('',#5660,.T.);
#5660 = EDGE_LOOP('',(#5661,#5662,#5663,#5664));
#5661 = ORIENTED_EDGE('',*,*,#1513,.T.);
#5662 = ORIENTED_EDGE('',*,*,#1570,.T.);
#5663 = ORIENTED_EDGE('',*,*,#3785,.F.);
#5664 = ORIENTED_EDGE('',*,*,#3809,.F.);
#5665 = PLANE('',#5666);
#5666 = AXIS2_PLACEMENT_3D('',#5667,#5668,#5669);
#5667 = CARTESIAN_POINT('',(-21.,60.,39.));
#5668 = DIRECTION('',(0.,0.,1.));
#5669 = DIRECTION('',(0.,-1.,0.));
#5670 = ADVANCED_FACE('',(#5671),#5695,.F.);
#5671 = FACE_BOUND('',#5672,.F.);
#5672 = EDGE_LOOP('',(#5673,#5674,#5682,#5688,#5689));
#5673 = ORIENTED_EDGE('',*,*,#3299,.T.);
#5674 = ORIENTED_EDGE('',*,*,#5675,.T.);
#5675 = EDGE_CURVE('',#3300,#5676,#5678,.T.);
#5676 = VERTEX_POINT('',#5677);
#5677 = CARTESIAN_POINT('',(-37.,54.,-61.));
#5678 = LINE('',#5679,#5680);
#5679 = CARTESIAN_POINT('',(-42.,49.,-61.));
#5680 = VECTOR('',#5681,1.);
#5681 = DIRECTION('',(0.707106781187,0.707106781187,0.));
#5682 = ORIENTED_EDGE('',*,*,#5683,.F.);
#5683 = EDGE_CURVE('',#1537,#5676,#5684,.T.);
#5684 = LINE('',#5685,#5686);
#5685 = CARTESIAN_POINT('',(-37.,54.,17.));
#5686 = VECTOR('',#5687,1.);
#5687 = DIRECTION('',(-0.,-0.,-1.));
#5688 = ORIENTED_EDGE('',*,*,#1546,.F.);
#5689 = ORIENTED_EDGE('',*,*,#5690,.F.);
#5690 = EDGE_CURVE('',#3292,#1547,#5691,.T.);
#5691 = LINE('',#5692,#5693);
#5692 = CARTESIAN_POINT('',(-42.,49.,17.));
#5693 = VECTOR('',#5694,1.);
#5694 = DIRECTION('',(0.707106781187,0.707106781187,0.));
#5695 = PLANE('',#5696);
#5696 = AXIS2_PLACEMENT_3D('',#5697,#5698,#5699);
#5697 = CARTESIAN_POINT('',(-42.,49.,17.));
#5698 = DIRECTION('',(0.707106781187,-0.707106781187,0.));
#5699 = DIRECTION('',(0.707106781187,0.707106781187,0.));
#5700 = ADVANCED_FACE('',(#5701),#5732,.T.);
#5701 = FACE_BOUND('',#5702,.T.);
#5702 = EDGE_LOOP('',(#5703,#5704,#5705,#5706,#5707,#5708,#5716,#5722,
    #5723,#5724,#5730,#5731));
#5703 = ORIENTED_EDGE('',*,*,#3792,.T.);
#5704 = ORIENTED_EDGE('',*,*,#1554,.T.);
#5705 = ORIENTED_EDGE('',*,*,#5690,.F.);
#5706 = ORIENTED_EDGE('',*,*,#3291,.T.);
#5707 = ORIENTED_EDGE('',*,*,#3345,.T.);
#5708 = ORIENTED_EDGE('',*,*,#5709,.T.);
#5709 = EDGE_CURVE('',#3346,#5710,#5712,.T.);
#5710 = VERTEX_POINT('',#5711);
#5711 = CARTESIAN_POINT('',(-37.,36.,17.));
#5712 = LINE('',#5713,#5714);
#5713 = CARTESIAN_POINT('',(-37.,14.,17.));
#5714 = VECTOR('',#5715,1.);
#5715 = DIRECTION('',(0.,1.,0.));
#5716 = ORIENTED_EDGE('',*,*,#5717,.T.);
#5717 = EDGE_CURVE('',#5710,#3388,#5718,.T.);
#5718 = LINE('',#5719,#5720);
#5719 = CARTESIAN_POINT('',(-38.,36.,17.));
#5720 = VECTOR('',#5721,1.);
#5721 = DIRECTION('',(1.,0.,0.));
#5722 = ORIENTED_EDGE('',*,*,#3395,.F.);
#5723 = ORIENTED_EDGE('',*,*,#3432,.T.);
#5724 = ORIENTED_EDGE('',*,*,#5725,.T.);
#5725 = EDGE_CURVE('',#3425,#3732,#5726,.T.);
#5726 = LINE('',#5727,#5728);
#5727 = CARTESIAN_POINT('',(-26.1,65.5500005,17.));
#5728 = VECTOR('',#5729,1.);
#5729 = DIRECTION('',(0.,1.,0.));
#5730 = ORIENTED_EDGE('',*,*,#3731,.T.);
#5731 = ORIENTED_EDGE('',*,*,#3753,.F.);
#5732 = PLANE('',#5733);
#5733 = AXIS2_PLACEMENT_3D('',#5734,#5735,#5736);
#5734 = CARTESIAN_POINT('',(-32.82577313687,56.153027215879,17.));
#5735 = DIRECTION('',(0.,0.,1.));
#5736 = DIRECTION('',(1.,0.,0.));
#5737 = ADVANCED_FACE('',(#5738,#5751,#5762),#5773,.T.);
#5738 = FACE_BOUND('',#5739,.T.);
#5739 = EDGE_LOOP('',(#5740,#5741,#5742,#5748,#5749,#5750));
#5740 = ORIENTED_EDGE('',*,*,#1747,.T.);
#5741 = ORIENTED_EDGE('',*,*,#3251,.T.);
#5742 = ORIENTED_EDGE('',*,*,#5743,.T.);
#5743 = EDGE_CURVE('',#3252,#5676,#5744,.T.);
#5744 = LINE('',#5745,#5746);
#5745 = CARTESIAN_POINT('',(-37.,14.,-61.));
#5746 = VECTOR('',#5747,1.);
#5747 = DIRECTION('',(0.,1.,0.));
#5748 = ORIENTED_EDGE('',*,*,#5683,.F.);
#5749 = ORIENTED_EDGE('',*,*,#1600,.F.);
#5750 = ORIENTED_EDGE('',*,*,#1959,.T.);
#5751 = FACE_BOUND('',#5752,.T.);
#5752 = EDGE_LOOP('',(#5753));
#5753 = ORIENTED_EDGE('',*,*,#5754,.F.);
#5754 = EDGE_CURVE('',#5755,#5755,#5757,.T.);
#5755 = VERTEX_POINT('',#5756);
#5756 = CARTESIAN_POINT('',(-37.,46.875,-28.));
#5757 = CIRCLE('',#5758,2.875);
#5758 = AXIS2_PLACEMENT_3D('',#5759,#5760,#5761);
#5759 = CARTESIAN_POINT('',(-37.,44.,-28.));
#5760 = DIRECTION('',(1.,0.,0.));
#5761 = DIRECTION('',(0.,1.,0.));
#5762 = FACE_BOUND('',#5763,.T.);
#5763 = EDGE_LOOP('',(#5764));
#5764 = ORIENTED_EDGE('',*,*,#5765,.F.);
#5765 = EDGE_CURVE('',#5766,#5766,#5768,.T.);
#5766 = VERTEX_POINT('',#5767);
#5767 = CARTESIAN_POINT('',(-37.,45.300001,-8.5));
#5768 = CIRCLE('',#5769,1.3);
#5769 = AXIS2_PLACEMENT_3D('',#5770,#5771,#5772);
#5770 = CARTESIAN_POINT('',(-37.,44.000001,-8.5));
#5771 = DIRECTION('',(1.,0.,0.));
#5772 = DIRECTION('',(0.,1.,0.));
#5773 = PLANE('',#5774);
#5774 = AXIS2_PLACEMENT_3D('',#5775,#5776,#5777);
#5775 = CARTESIAN_POINT('',(-37.,14.,17.));
#5776 = DIRECTION('',(1.,0.,0.));
#5777 = DIRECTION('',(0.,1.,0.));
#5778 = ADVANCED_FACE('',(#5779),#5789,.F.);
#5779 = FACE_BOUND('',#5780,.F.);
#5780 = EDGE_LOOP('',(#5781,#5786,#5787,#5788));
#5781 = ORIENTED_EDGE('',*,*,#5782,.F.);
#5782 = EDGE_CURVE('',#1771,#3455,#5783,.T.);
#5783 = B_SPLINE_CURVE_WITH_KNOTS('',1,(#5784,#5785),.UNSPECIFIED.,.F.,
  .F.,(2,2),(0.,1.),.PIECEWISE_BEZIER_KNOTS.);
#5784 = CARTESIAN_POINT('',(-20.,52.,2.5));
#5785 = CARTESIAN_POINT('',(-21.09191070279,50.908089297201,5.5));
#5786 = ORIENTED_EDGE('',*,*,#1778,.T.);
#5787 = ORIENTED_EDGE('',*,*,#1692,.T.);
#5788 = ORIENTED_EDGE('',*,*,#3716,.T.);
#5789 = B_SPLINE_SURFACE_WITH_KNOTS('',1,1,(
    (#5790,#5791)
    ,(#5792,#5793
    )),.UNSPECIFIED.,.F.,.F.,.F.,(2,2),(2,2),(0.,7.),(0.,1.),
  .PIECEWISE_BEZIER_KNOTS.);
#5790 = CARTESIAN_POINT('',(-20.,52.,2.5));
#5791 = CARTESIAN_POINT('',(-21.09191070279,50.908089297201,5.5));
#5792 = CARTESIAN_POINT('',(-27.,52.,2.5));
#5793 = CARTESIAN_POINT('',(-25.9080892972,50.908089297201,5.5));
#5794 = ADVANCED_FACE('',(#5795),#5801,.T.);
#5795 = FACE_BOUND('',#5796,.T.);
#5796 = EDGE_LOOP('',(#5797,#5798,#5799,#5800));
#5797 = ORIENTED_EDGE('',*,*,#1685,.T.);
#5798 = ORIENTED_EDGE('',*,*,#3739,.T.);
#5799 = ORIENTED_EDGE('',*,*,#5725,.F.);
#5800 = ORIENTED_EDGE('',*,*,#3424,.F.);
#5801 = PLANE('',#5802);
#5802 = AXIS2_PLACEMENT_3D('',#5803,#5804,#5805);
#5803 = CARTESIAN_POINT('',(-26.1,51.100001,2.5));
#5804 = DIRECTION('',(1.,0.,0.));
#5805 = DIRECTION('',(0.,-1.,0.));
#5806 = ADVANCED_FACE('',(#5807),#5817,.F.);
#5807 = FACE_BOUND('',#5808,.F.);
#5808 = EDGE_LOOP('',(#5809,#5810,#5811,#5816));
#5809 = ORIENTED_EDGE('',*,*,#1678,.F.);
#5810 = ORIENTED_EDGE('',*,*,#1762,.T.);
#5811 = ORIENTED_EDGE('',*,*,#5812,.T.);
#5812 = EDGE_CURVE('',#1763,#3418,#5813,.T.);
#5813 = B_SPLINE_CURVE_WITH_KNOTS('',1,(#5814,#5815),.UNSPECIFIED.,.F.,
  .F.,(2,2),(0.,1.),.PIECEWISE_BEZIER_KNOTS.);
#5814 = CARTESIAN_POINT('',(-20.,36.,2.5));
#5815 = CARTESIAN_POINT('',(-21.09191070279,37.091910702799,5.5));
#5816 = ORIENTED_EDGE('',*,*,#3417,.T.);
#5817 = B_SPLINE_SURFACE_WITH_KNOTS('',1,1,(
    (#5818,#5819)
    ,(#5820,#5821
    )),.UNSPECIFIED.,.F.,.F.,.F.,(2,2),(2,2),(0.,7.),(0.,1.),
  .PIECEWISE_BEZIER_KNOTS.);
#5818 = CARTESIAN_POINT('',(-27.,36.,2.5));
#5819 = CARTESIAN_POINT('',(-25.9080892972,37.091910702799,5.5));
#5820 = CARTESIAN_POINT('',(-20.,36.,2.5));
#5821 = CARTESIAN_POINT('',(-21.09191070279,37.091910702799,5.5));
#5822 = ADVANCED_FACE('',(#5823),#5829,.F.);
#5823 = FACE_BOUND('',#5824,.F.);
#5824 = EDGE_LOOP('',(#5825,#5826,#5827,#5828));
#5825 = ORIENTED_EDGE('',*,*,#5812,.F.);
#5826 = ORIENTED_EDGE('',*,*,#1770,.T.);
#5827 = ORIENTED_EDGE('',*,*,#5782,.T.);
#5828 = ORIENTED_EDGE('',*,*,#3454,.T.);
#5829 = B_SPLINE_SURFACE_WITH_KNOTS('',1,1,(
    (#5830,#5831)
    ,(#5832,#5833
    )),.UNSPECIFIED.,.F.,.F.,.F.,(2,2),(2,2),(0.,16.),(0.,1.),
  .PIECEWISE_BEZIER_KNOTS.);
#5830 = CARTESIAN_POINT('',(-20.,36.,2.5));
#5831 = CARTESIAN_POINT('',(-21.09191070279,37.091910702799,5.5));
#5832 = CARTESIAN_POINT('',(-20.,52.,2.5));
#5833 = CARTESIAN_POINT('',(-21.09191070279,50.908089297201,5.5));
#5834 = ADVANCED_FACE('',(#5835),#5853,.T.);
#5835 = FACE_BOUND('',#5836,.T.);
#5836 = EDGE_LOOP('',(#5837,#5838,#5846,#5852));
#5837 = ORIENTED_EDGE('',*,*,#1731,.T.);
#5838 = ORIENTED_EDGE('',*,*,#5839,.T.);
#5839 = EDGE_CURVE('',#1724,#5840,#5842,.T.);
#5840 = VERTEX_POINT('',#5841);
#5841 = CARTESIAN_POINT('',(-7.,-11.,-61.));
#5842 = LINE('',#5843,#5844);
#5843 = CARTESIAN_POINT('',(-7.,-11.,17.));
#5844 = VECTOR('',#5845,1.);
#5845 = DIRECTION('',(-0.,-0.,-1.));
#5846 = ORIENTED_EDGE('',*,*,#5847,.T.);
#5847 = EDGE_CURVE('',#5840,#2186,#5848,.T.);
#5848 = LINE('',#5849,#5850);
#5849 = CARTESIAN_POINT('',(-7.,-11.,-61.));
#5850 = VECTOR('',#5851,1.);
#5851 = DIRECTION('',(0.,-1.,0.));
#5852 = ORIENTED_EDGE('',*,*,#2185,.F.);
#5853 = PLANE('',#5854);
#5854 = AXIS2_PLACEMENT_3D('',#5855,#5856,#5857);
#5855 = CARTESIAN_POINT('',(-7.,-11.,17.));
#5856 = DIRECTION('',(-1.,0.,0.));
#5857 = DIRECTION('',(0.,-1.,0.));
#5858 = ADVANCED_FACE('',(#5859,#6044,#6055,#6066,#6077,#6088,#6099),
  #6110,.T.);
#5859 = FACE_BOUND('',#5860,.T.);
#5860 = EDGE_LOOP('',(#5861,#5862,#5863,#5871,#5879,#5887,#5895,#5903,
    #5911,#5919,#5927,#5935,#5943,#5951,#5957,#5958,#5966,#5974,#5982,
    #5990,#5998,#6006,#6014,#6022,#6030,#6038));
#5861 = ORIENTED_EDGE('',*,*,#5839,.F.);
#5862 = ORIENTED_EDGE('',*,*,#1723,.T.);
#5863 = ORIENTED_EDGE('',*,*,#5864,.T.);
#5864 = EDGE_CURVE('',#1716,#5865,#5867,.T.);
#5865 = VERTEX_POINT('',#5866);
#5866 = CARTESIAN_POINT('',(24.,-11.,12.));
#5867 = LINE('',#5868,#5869);
#5868 = CARTESIAN_POINT('',(24.,-11.,0.));
#5869 = VECTOR('',#5870,1.);
#5870 = DIRECTION('',(0.,0.,1.));
#5871 = ORIENTED_EDGE('',*,*,#5872,.T.);
#5872 = EDGE_CURVE('',#5865,#5873,#5875,.T.);
#5873 = VERTEX_POINT('',#5874);
#5874 = CARTESIAN_POINT('',(46.,-11.,12.));
#5875 = LINE('',#5876,#5877);
#5876 = CARTESIAN_POINT('',(24.,-11.,12.));
#5877 = VECTOR('',#5878,1.);
#5878 = DIRECTION('',(1.,0.,0.));
#5879 = ORIENTED_EDGE('',*,*,#5880,.F.);
#5880 = EDGE_CURVE('',#5881,#5873,#5883,.T.);
#5881 = VERTEX_POINT('',#5882);
#5882 = CARTESIAN_POINT('',(46.,-11.,2.5));
#5883 = LINE('',#5884,#5885);
#5884 = CARTESIAN_POINT('',(46.,-11.,0.));
#5885 = VECTOR('',#5886,1.);
#5886 = DIRECTION('',(0.,0.,1.));
#5887 = ORIENTED_EDGE('',*,*,#5888,.T.);
#5888 = EDGE_CURVE('',#5881,#5889,#5891,.T.);
#5889 = VERTEX_POINT('',#5890);
#5890 = CARTESIAN_POINT('',(114.,-11.,2.5));
#5891 = LINE('',#5892,#5893);
#5892 = CARTESIAN_POINT('',(154.47000320416,-11.,2.5));
#5893 = VECTOR('',#5894,1.);
#5894 = DIRECTION('',(1.,0.,0.));
#5895 = ORIENTED_EDGE('',*,*,#5896,.T.);
#5896 = EDGE_CURVE('',#5889,#5897,#5899,.T.);
#5897 = VERTEX_POINT('',#5898);
#5898 = CARTESIAN_POINT('',(114.,-11.,12.));
#5899 = LINE('',#5900,#5901);
#5900 = CARTESIAN_POINT('',(114.,-11.,0.));
#5901 = VECTOR('',#5902,1.);
#5902 = DIRECTION('',(0.,0.,1.));
#5903 = ORIENTED_EDGE('',*,*,#5904,.T.);
#5904 = EDGE_CURVE('',#5897,#5905,#5907,.T.);
#5905 = VERTEX_POINT('',#5906);
#5906 = CARTESIAN_POINT('',(136.,-11.,12.));
#5907 = LINE('',#5908,#5909);
#5908 = CARTESIAN_POINT('',(114.,-11.,12.));
#5909 = VECTOR('',#5910,1.);
#5910 = DIRECTION('',(1.,0.,0.));
#5911 = ORIENTED_EDGE('',*,*,#5912,.F.);
#5912 = EDGE_CURVE('',#5913,#5905,#5915,.T.);
#5913 = VERTEX_POINT('',#5914);
#5914 = CARTESIAN_POINT('',(136.,-11.,2.5));
#5915 = LINE('',#5916,#5917);
#5916 = CARTESIAN_POINT('',(136.,-11.,0.));
#5917 = VECTOR('',#5918,1.);
#5918 = DIRECTION('',(0.,0.,1.));
#5919 = ORIENTED_EDGE('',*,*,#5920,.T.);
#5920 = EDGE_CURVE('',#5913,#5921,#5923,.T.);
#5921 = VERTEX_POINT('',#5922);
#5922 = CARTESIAN_POINT('',(204.,-11.,2.5));
#5923 = LINE('',#5924,#5925);
#5924 = CARTESIAN_POINT('',(154.47000320416,-11.,2.5));
#5925 = VECTOR('',#5926,1.);
#5926 = DIRECTION('',(1.,0.,0.));
#5927 = ORIENTED_EDGE('',*,*,#5928,.T.);
#5928 = EDGE_CURVE('',#5921,#5929,#5931,.T.);
#5929 = VERTEX_POINT('',#5930);
#5930 = CARTESIAN_POINT('',(204.,-11.,12.));
#5931 = LINE('',#5932,#5933);
#5932 = CARTESIAN_POINT('',(204.,-11.,0.));
#5933 = VECTOR('',#5934,1.);
#5934 = DIRECTION('',(0.,0.,1.));
#5935 = ORIENTED_EDGE('',*,*,#5936,.T.);
#5936 = EDGE_CURVE('',#5929,#5937,#5939,.T.);
#5937 = VERTEX_POINT('',#5938);
#5938 = CARTESIAN_POINT('',(226.,-11.,12.));
#5939 = LINE('',#5940,#5941);
#5940 = CARTESIAN_POINT('',(204.,-11.,12.));
#5941 = VECTOR('',#5942,1.);
#5942 = DIRECTION('',(1.,0.,0.));
#5943 = ORIENTED_EDGE('',*,*,#5944,.F.);
#5944 = EDGE_CURVE('',#5945,#5937,#5947,.T.);
#5945 = VERTEX_POINT('',#5946);
#5946 = CARTESIAN_POINT('',(226.,-11.,2.5));
#5947 = LINE('',#5948,#5949);
#5948 = CARTESIAN_POINT('',(226.,-11.,0.));
#5949 = VECTOR('',#5950,1.);
#5950 = DIRECTION('',(0.,0.,1.));
#5951 = ORIENTED_EDGE('',*,*,#5952,.T.);
#5952 = EDGE_CURVE('',#5945,#2141,#5953,.T.);
#5953 = LINE('',#5954,#5955);
#5954 = CARTESIAN_POINT('',(154.47000320416,-11.,2.5));
#5955 = VECTOR('',#5956,1.);
#5956 = DIRECTION('',(1.,0.,0.));
#5957 = ORIENTED_EDGE('',*,*,#2171,.T.);
#5958 = ORIENTED_EDGE('',*,*,#5959,.T.);
#5959 = EDGE_CURVE('',#2164,#5960,#5962,.T.);
#5960 = VERTEX_POINT('',#5961);
#5961 = CARTESIAN_POINT('',(220.,-11.,-16.));
#5962 = LINE('',#5963,#5964);
#5963 = CARTESIAN_POINT('',(177.46931137724,-11.,-16.));
#5964 = VECTOR('',#5965,1.);
#5965 = DIRECTION('',(-1.,0.,0.));
#5966 = ORIENTED_EDGE('',*,*,#5967,.T.);
#5967 = EDGE_CURVE('',#5960,#5968,#5970,.T.);
#5968 = VERTEX_POINT('',#5969);
#5969 = CARTESIAN_POINT('',(220.,-11.,-61.));
#5970 = LINE('',#5971,#5972);
#5971 = CARTESIAN_POINT('',(220.,-11.,-20.59842814371));
#5972 = VECTOR('',#5973,1.);
#5973 = DIRECTION('',(0.,0.,-1.));
#5974 = ORIENTED_EDGE('',*,*,#5975,.T.);
#5975 = EDGE_CURVE('',#5968,#5976,#5978,.T.);
#5976 = VERTEX_POINT('',#5977);
#5977 = CARTESIAN_POINT('',(180.,-11.,-61.));
#5978 = LINE('',#5979,#5980);
#5979 = CARTESIAN_POINT('',(235.,-11.,-61.));
#5980 = VECTOR('',#5981,1.);
#5981 = DIRECTION('',(-1.,0.,0.));
#5982 = ORIENTED_EDGE('',*,*,#5983,.T.);
#5983 = EDGE_CURVE('',#5976,#5984,#5986,.T.);
#5984 = VERTEX_POINT('',#5985);
#5985 = CARTESIAN_POINT('',(180.,-11.,2.E-15));
#5986 = LINE('',#5987,#5988);
#5987 = CARTESIAN_POINT('',(180.,-11.,-43.09842814371));
#5988 = VECTOR('',#5989,1.);
#5989 = DIRECTION('',(0.,0.,1.));
#5990 = ORIENTED_EDGE('',*,*,#5991,.T.);
#5991 = EDGE_CURVE('',#5984,#5992,#5994,.T.);
#5992 = VERTEX_POINT('',#5993);
#5993 = CARTESIAN_POINT('',(131.,-11.,2.E-15));
#5994 = LINE('',#5995,#5996);
#5995 = CARTESIAN_POINT('',(147.46931137724,-11.,3.E-15));
#5996 = VECTOR('',#5997,1.);
#5997 = DIRECTION('',(-1.,0.,0.));
#5998 = ORIENTED_EDGE('',*,*,#5999,.T.);
#5999 = EDGE_CURVE('',#5992,#6000,#6002,.T.);
#6000 = VERTEX_POINT('',#6001);
#6001 = CARTESIAN_POINT('',(131.,-11.,-61.));
#6002 = LINE('',#6003,#6004);
#6003 = CARTESIAN_POINT('',(131.,-11.,-12.59842814371));
#6004 = VECTOR('',#6005,1.);
#6005 = DIRECTION('',(0.,0.,-1.));
#6006 = ORIENTED_EDGE('',*,*,#6007,.T.);
#6007 = EDGE_CURVE('',#6000,#6008,#6010,.T.);
#6008 = VERTEX_POINT('',#6009);
#6009 = CARTESIAN_POINT('',(90.,-11.,-61.));
#6010 = LINE('',#6011,#6012);
#6011 = CARTESIAN_POINT('',(235.,-11.,-61.));
#6012 = VECTOR('',#6013,1.);
#6013 = DIRECTION('',(-1.,0.,0.));
#6014 = ORIENTED_EDGE('',*,*,#6015,.T.);
#6015 = EDGE_CURVE('',#6008,#6016,#6018,.T.);
#6016 = VERTEX_POINT('',#6017);
#6017 = CARTESIAN_POINT('',(90.,-11.,2.E-15));
#6018 = LINE('',#6019,#6020);
#6019 = CARTESIAN_POINT('',(90.,-11.,-43.09842814371));
#6020 = VECTOR('',#6021,1.);
#6021 = DIRECTION('',(0.,0.,1.));
#6022 = ORIENTED_EDGE('',*,*,#6023,.T.);
#6023 = EDGE_CURVE('',#6016,#6024,#6026,.T.);
#6024 = VERTEX_POINT('',#6025);
#6025 = CARTESIAN_POINT('',(41.,-11.,2.E-15));
#6026 = LINE('',#6027,#6028);
#6027 = CARTESIAN_POINT('',(102.46931137724,-11.,3.E-15));
#6028 = VECTOR('',#6029,1.);
#6029 = DIRECTION('',(-1.,0.,0.));
#6030 = ORIENTED_EDGE('',*,*,#6031,.T.);
#6031 = EDGE_CURVE('',#6024,#6032,#6034,.T.);
#6032 = VERTEX_POINT('',#6033);
#6033 = CARTESIAN_POINT('',(41.,-11.,-61.));
#6034 = LINE('',#6035,#6036);
#6035 = CARTESIAN_POINT('',(41.,-11.,-12.59842814371));
#6036 = VECTOR('',#6037,1.);
#6037 = DIRECTION('',(0.,0.,-1.));
#6038 = ORIENTED_EDGE('',*,*,#6039,.T.);
#6039 = EDGE_CURVE('',#6032,#5840,#6040,.T.);
#6040 = LINE('',#6041,#6042);
#6041 = CARTESIAN_POINT('',(235.,-11.,-61.));
#6042 = VECTOR('',#6043,1.);
#6043 = DIRECTION('',(-1.,0.,0.));
#6044 = FACE_BOUND('',#6045,.T.);
#6045 = EDGE_LOOP('',(#6046));
#6046 = ORIENTED_EDGE('',*,*,#6047,.F.);
#6047 = EDGE_CURVE('',#6048,#6048,#6050,.T.);
#6048 = VERTEX_POINT('',#6049);
#6049 = CARTESIAN_POINT('',(36.303842,-11.,-13.5));
#6050 = CIRCLE('',#6051,1.303841);
#6051 = AXIS2_PLACEMENT_3D('',#6052,#6053,#6054);
#6052 = CARTESIAN_POINT('',(35.000001,-11.,-13.5));
#6053 = DIRECTION('',(0.,1.,-2.2E-16));
#6054 = DIRECTION('',(1.,0.,0.));
#6055 = FACE_BOUND('',#6056,.T.);
#6056 = EDGE_LOOP('',(#6057));
#6057 = ORIENTED_EDGE('',*,*,#6058,.F.);
#6058 = EDGE_CURVE('',#6059,#6059,#6061,.T.);
#6059 = VERTEX_POINT('',#6060);
#6060 = CARTESIAN_POINT('',(37.875001,-11.,6.5));
#6061 = CIRCLE('',#6062,2.875);
#6062 = AXIS2_PLACEMENT_3D('',#6063,#6064,#6065);
#6063 = CARTESIAN_POINT('',(35.000001,-11.,6.5));
#6064 = DIRECTION('',(0.,1.,-2.2E-16));
#6065 = DIRECTION('',(1.,0.,0.));
#6066 = FACE_BOUND('',#6067,.T.);
#6067 = EDGE_LOOP('',(#6068));
#6068 = ORIENTED_EDGE('',*,*,#6069,.F.);
#6069 = EDGE_CURVE('',#6070,#6070,#6072,.T.);
#6070 = VERTEX_POINT('',#6071);
#6071 = CARTESIAN_POINT('',(126.303842,-11.,-13.5));
#6072 = CIRCLE('',#6073,1.303841);
#6073 = AXIS2_PLACEMENT_3D('',#6074,#6075,#6076);
#6074 = CARTESIAN_POINT('',(125.000001,-11.,-13.5));
#6075 = DIRECTION('',(0.,1.,-2.2E-16));
#6076 = DIRECTION('',(1.,0.,0.));
#6077 = FACE_BOUND('',#6078,.T.);
#6078 = EDGE_LOOP('',(#6079));
#6079 = ORIENTED_EDGE('',*,*,#6080,.F.);
#6080 = EDGE_CURVE('',#6081,#6081,#6083,.T.);
#6081 = VERTEX_POINT('',#6082);
#6082 = CARTESIAN_POINT('',(216.303842,-11.,-13.5));
#6083 = CIRCLE('',#6084,1.303841);
#6084 = AXIS2_PLACEMENT_3D('',#6085,#6086,#6087);
#6085 = CARTESIAN_POINT('',(215.000001,-11.,-13.5));
#6086 = DIRECTION('',(0.,1.,-2.2E-16));
#6087 = DIRECTION('',(1.,0.,0.));
#6088 = FACE_BOUND('',#6089,.T.);
#6089 = EDGE_LOOP('',(#6090));
#6090 = ORIENTED_EDGE('',*,*,#6091,.F.);
#6091 = EDGE_CURVE('',#6092,#6092,#6094,.T.);
#6092 = VERTEX_POINT('',#6093);
#6093 = CARTESIAN_POINT('',(127.875001,-11.,6.5));
#6094 = CIRCLE('',#6095,2.875);
#6095 = AXIS2_PLACEMENT_3D('',#6096,#6097,#6098);
#6096 = CARTESIAN_POINT('',(125.000001,-11.,6.5));
#6097 = DIRECTION('',(0.,1.,-2.2E-16));
#6098 = DIRECTION('',(1.,0.,0.));
#6099 = FACE_BOUND('',#6100,.T.);
#6100 = EDGE_LOOP('',(#6101));
#6101 = ORIENTED_EDGE('',*,*,#6102,.F.);
#6102 = EDGE_CURVE('',#6103,#6103,#6105,.T.);
#6103 = VERTEX_POINT('',#6104);
#6104 = CARTESIAN_POINT('',(217.875001,-11.,6.5));
#6105 = CIRCLE('',#6106,2.875);
#6106 = AXIS2_PLACEMENT_3D('',#6107,#6108,#6109);
#6107 = CARTESIAN_POINT('',(215.000001,-11.,6.5));
#6108 = DIRECTION('',(0.,1.,-2.2E-16));
#6109 = DIRECTION('',(1.,0.,0.));
#6110 = PLANE('',#6111);
#6111 = AXIS2_PLACEMENT_3D('',#6112,#6113,#6114);
#6112 = CARTESIAN_POINT('',(114.93862275449,-11.,-25.19685628742));
#6113 = DIRECTION('',(0.,1.,0.));
#6114 = DIRECTION('',(0.,0.,1.));
#6115 = ADVANCED_FACE('',(#6116),#6127,.T.);
#6116 = FACE_BOUND('',#6117,.T.);
#6117 = EDGE_LOOP('',(#6118,#6119,#6125,#6126));
#6118 = ORIENTED_EDGE('',*,*,#4290,.F.);
#6119 = ORIENTED_EDGE('',*,*,#6120,.T.);
#6120 = EDGE_CURVE('',#4283,#5865,#6121,.T.);
#6121 = LINE('',#6122,#6123);
#6122 = CARTESIAN_POINT('',(24.,22.,12.));
#6123 = VECTOR('',#6124,1.);
#6124 = DIRECTION('',(0.,-1.,0.));
#6125 = ORIENTED_EDGE('',*,*,#5864,.F.);
#6126 = ORIENTED_EDGE('',*,*,#1715,.F.);
#6127 = PLANE('',#6128);
#6128 = AXIS2_PLACEMENT_3D('',#6129,#6130,#6131);
#6129 = CARTESIAN_POINT('',(24.,22.,0.));
#6130 = DIRECTION('',(1.,0.,0.));
#6131 = DIRECTION('',(0.,-1.,0.));
#6132 = ADVANCED_FACE('',(#6133),#6148,.T.);
#6133 = FACE_BOUND('',#6134,.T.);
#6134 = EDGE_LOOP('',(#6135,#6136,#6137,#6138,#6144,#6145,#6146,#6147));
#6135 = ORIENTED_EDGE('',*,*,#3901,.T.);
#6136 = ORIENTED_EDGE('',*,*,#3925,.T.);
#6137 = ORIENTED_EDGE('',*,*,#2065,.T.);
#6138 = ORIENTED_EDGE('',*,*,#6139,.F.);
#6139 = EDGE_CURVE('',#2074,#2066,#6140,.T.);
#6140 = LINE('',#6141,#6142);
#6141 = CARTESIAN_POINT('',(-18.,58.000000339018,24.4));
#6142 = VECTOR('',#6143,1.);
#6143 = DIRECTION('',(0.,1.,0.));
#6144 = ORIENTED_EDGE('',*,*,#2082,.F.);
#6145 = ORIENTED_EDGE('',*,*,#3829,.T.);
#6146 = ORIENTED_EDGE('',*,*,#3853,.T.);
#6147 = ORIENTED_EDGE('',*,*,#3877,.T.);
#6148 = PLANE('',#6149);
#6149 = AXIS2_PLACEMENT_3D('',#6150,#6151,#6152);
#6150 = CARTESIAN_POINT('',(-16.,58.000001,24.4));
#6151 = DIRECTION('',(0.,0.,1.));
#6152 = DIRECTION('',(1.,0.,0.));
#6153 = ADVANCED_FACE('',(#6154),#6158,.F.);
#6154 = FACE_BOUND('',#6155,.F.);
#6155 = EDGE_LOOP('',(#6156,#6157));
#6156 = ORIENTED_EDGE('',*,*,#2073,.T.);
#6157 = ORIENTED_EDGE('',*,*,#6139,.F.);
#6158 = PLANE('',#6159);
#6159 = AXIS2_PLACEMENT_3D('',#6160,#6161,#6162);
#6160 = CARTESIAN_POINT('',(-18.,57.999999678035,29.499999696891));
#6161 = DIRECTION('',(1.,0.,0.));
#6162 = DIRECTION('',(0.,0.,1.));
#6163 = ADVANCED_FACE('',(#6164),#6179,.T.);
#6164 = FACE_BOUND('',#6165,.T.);
#6165 = EDGE_LOOP('',(#6166,#6167,#6168,#6169,#6175,#6176,#6177,#6178));
#6166 = ORIENTED_EDGE('',*,*,#5123,.F.);
#6167 = ORIENTED_EDGE('',*,*,#2138,.T.);
#6168 = ORIENTED_EDGE('',*,*,#5952,.F.);
#6169 = ORIENTED_EDGE('',*,*,#6170,.T.);
#6170 = EDGE_CURVE('',#5945,#5017,#6171,.T.);
#6171 = LINE('',#6172,#6173);
#6172 = CARTESIAN_POINT('',(226.,0.658758880278,2.5));
#6173 = VECTOR('',#6174,1.);
#6174 = DIRECTION('',(0.,1.,0.));
#6175 = ORIENTED_EDGE('',*,*,#5034,.T.);
#6176 = ORIENTED_EDGE('',*,*,#5058,.T.);
#6177 = ORIENTED_EDGE('',*,*,#5082,.F.);
#6178 = ORIENTED_EDGE('',*,*,#5106,.F.);
#6179 = PLANE('',#6180);
#6180 = AXIS2_PLACEMENT_3D('',#6181,#6182,#6183);
#6181 = CARTESIAN_POINT('',(73.94000640832,12.317517760556,2.5));
#6182 = DIRECTION('',(-0.,-0.,-1.));
#6183 = DIRECTION('',(-1.,0.,0.));
#6184 = ADVANCED_FACE('',(#6185),#6196,.T.);
#6185 = FACE_BOUND('',#6186,.T.);
#6186 = EDGE_LOOP('',(#6187,#6193,#6194,#6195));
#6187 = ORIENTED_EDGE('',*,*,#6188,.F.);
#6188 = EDGE_CURVE('',#5960,#2266,#6189,.T.);
#6189 = LINE('',#6190,#6191);
#6190 = CARTESIAN_POINT('',(220.,-3.55E-15,-16.));
#6191 = VECTOR('',#6192,1.);
#6192 = DIRECTION('',(0.,-1.,2.2E-16));
#6193 = ORIENTED_EDGE('',*,*,#5959,.F.);
#6194 = ORIENTED_EDGE('',*,*,#2163,.F.);
#6195 = ORIENTED_EDGE('',*,*,#2273,.F.);
#6196 = PLANE('',#6197);
#6197 = AXIS2_PLACEMENT_3D('',#6198,#6199,#6200);
#6198 = CARTESIAN_POINT('',(240.,-3.55E-15,-16.));
#6199 = DIRECTION('',(-0.,-2.2E-16,-1.));
#6200 = DIRECTION('',(-1.,0.,0.));
#6201 = ADVANCED_FACE('',(#6202),#6228,.T.);
#6202 = FACE_BOUND('',#6203,.T.);
#6203 = EDGE_LOOP('',(#6204,#6205,#6206,#6207,#6208,#6209,#6216,#6223));
#6204 = ORIENTED_EDGE('',*,*,#3203,.F.);
#6205 = ORIENTED_EDGE('',*,*,#3220,.T.);
#6206 = ORIENTED_EDGE('',*,*,#2335,.F.);
#6207 = ORIENTED_EDGE('',*,*,#2974,.F.);
#6208 = ORIENTED_EDGE('',*,*,#2992,.F.);
#6209 = ORIENTED_EDGE('',*,*,#6210,.T.);
#6210 = EDGE_CURVE('',#2993,#6211,#6213,.T.);
#6211 = VERTEX_POINT('',#6212);
#6212 = CARTESIAN_POINT('',(43.136029765734,-0.636029765734,13.));
#6213 = B_SPLINE_CURVE_WITH_KNOTS('',1,(#6214,#6215),.UNSPECIFIED.,.F.,
  .F.,(2,2),(0.,1.),.PIECEWISE_BEZIER_KNOTS.);
#6214 = CARTESIAN_POINT('',(43.136029765734,2.89E-15,13.));
#6215 = CARTESIAN_POINT('',(43.136029765734,-0.636029765734,13.));
#6216 = ORIENTED_EDGE('',*,*,#6217,.T.);
#6217 = EDGE_CURVE('',#6211,#6218,#6220,.T.);
#6218 = VERTEX_POINT('',#6219);
#6219 = CARTESIAN_POINT('',(26.863970234266,-0.636029765734,13.));
#6220 = B_SPLINE_CURVE_WITH_KNOTS('',1,(#6221,#6222),.UNSPECIFIED.,.F.,
  .F.,(2,2),(0.,1.),.PIECEWISE_BEZIER_KNOTS.);
#6221 = CARTESIAN_POINT('',(43.136029765734,-0.636029765734,13.));
#6222 = CARTESIAN_POINT('',(26.863970234266,-0.636029765734,13.));
#6223 = ORIENTED_EDGE('',*,*,#6224,.T.);
#6224 = EDGE_CURVE('',#6218,#3167,#6225,.T.);
#6225 = B_SPLINE_CURVE_WITH_KNOTS('',1,(#6226,#6227),.UNSPECIFIED.,.F.,
  .F.,(2,2),(0.,1.),.PIECEWISE_BEZIER_KNOTS.);
#6226 = CARTESIAN_POINT('',(26.863970234266,-0.636029765734,13.));
#6227 = CARTESIAN_POINT('',(26.863970234266,2.89E-15,13.));
#6228 = PLANE('',#6229);
#6229 = AXIS2_PLACEMENT_3D('',#6230,#6231,#6232);
#6230 = CARTESIAN_POINT('',(23.,2.89E-15,13.));
#6231 = DIRECTION('',(0.,2.2E-16,1.));
#6232 = DIRECTION('',(1.,0.,0.));
#6233 = ADVANCED_FACE('',(#6234),#6260,.T.);
#6234 = FACE_BOUND('',#6235,.T.);
#6235 = EDGE_LOOP('',(#6236,#6237,#6238,#6239,#6240,#6241,#6248,#6255));
#6236 = ORIENTED_EDGE('',*,*,#2935,.F.);
#6237 = ORIENTED_EDGE('',*,*,#2952,.T.);
#6238 = ORIENTED_EDGE('',*,*,#2312,.F.);
#6239 = ORIENTED_EDGE('',*,*,#2706,.F.);
#6240 = ORIENTED_EDGE('',*,*,#2724,.F.);
#6241 = ORIENTED_EDGE('',*,*,#6242,.T.);
#6242 = EDGE_CURVE('',#2725,#6243,#6245,.T.);
#6243 = VERTEX_POINT('',#6244);
#6244 = CARTESIAN_POINT('',(133.13602976573,-0.636029765734,13.));
#6245 = B_SPLINE_CURVE_WITH_KNOTS('',1,(#6246,#6247),.UNSPECIFIED.,.F.,
  .F.,(2,2),(0.,1.),.PIECEWISE_BEZIER_KNOTS.);
#6246 = CARTESIAN_POINT('',(133.13602976573,2.89E-15,13.));
#6247 = CARTESIAN_POINT('',(133.13602976573,-0.636029765734,13.));
#6248 = ORIENTED_EDGE('',*,*,#6249,.T.);
#6249 = EDGE_CURVE('',#6243,#6250,#6252,.T.);
#6250 = VERTEX_POINT('',#6251);
#6251 = CARTESIAN_POINT('',(116.86397023426,-0.636029765734,13.));
#6252 = B_SPLINE_CURVE_WITH_KNOTS('',1,(#6253,#6254),.UNSPECIFIED.,.F.,
  .F.,(2,2),(0.,1.),.PIECEWISE_BEZIER_KNOTS.);
#6253 = CARTESIAN_POINT('',(133.13602976573,-0.636029765734,13.));
#6254 = CARTESIAN_POINT('',(116.86397023426,-0.636029765734,13.));
#6255 = ORIENTED_EDGE('',*,*,#6256,.T.);
#6256 = EDGE_CURVE('',#6250,#2899,#6257,.T.);
#6257 = B_SPLINE_CURVE_WITH_KNOTS('',1,(#6258,#6259),.UNSPECIFIED.,.F.,
  .F.,(2,2),(0.,1.),.PIECEWISE_BEZIER_KNOTS.);
#6258 = CARTESIAN_POINT('',(116.86397023426,-0.636029765734,13.));
#6259 = CARTESIAN_POINT('',(116.86397023426,2.89E-15,13.));
#6260 = PLANE('',#6261);
#6261 = AXIS2_PLACEMENT_3D('',#6262,#6263,#6264);
#6262 = CARTESIAN_POINT('',(113.,2.89E-15,13.));
#6263 = DIRECTION('',(0.,2.2E-16,1.));
#6264 = DIRECTION('',(1.,0.,0.));
#6265 = ADVANCED_FACE('',(#6266),#6292,.T.);
#6266 = FACE_BOUND('',#6267,.T.);
#6267 = EDGE_LOOP('',(#6268,#6269,#6270,#6271,#6272,#6273,#6280,#6287));
#6268 = ORIENTED_EDGE('',*,*,#2667,.F.);
#6269 = ORIENTED_EDGE('',*,*,#2684,.T.);
#6270 = ORIENTED_EDGE('',*,*,#2289,.F.);
#6271 = ORIENTED_EDGE('',*,*,#2438,.F.);
#6272 = ORIENTED_EDGE('',*,*,#2456,.F.);
#6273 = ORIENTED_EDGE('',*,*,#6274,.T.);
#6274 = EDGE_CURVE('',#2457,#6275,#6277,.T.);
#6275 = VERTEX_POINT('',#6276);
#6276 = CARTESIAN_POINT('',(223.13602976573,-0.636029765734,13.));
#6277 = B_SPLINE_CURVE_WITH_KNOTS('',1,(#6278,#6279),.UNSPECIFIED.,.F.,
  .F.,(2,2),(0.,1.),.PIECEWISE_BEZIER_KNOTS.);
#6278 = CARTESIAN_POINT('',(223.13602976573,2.89E-15,13.));
#6279 = CARTESIAN_POINT('',(223.13602976573,-0.636029765734,13.));
#6280 = ORIENTED_EDGE('',*,*,#6281,.T.);
#6281 = EDGE_CURVE('',#6275,#6282,#6284,.T.);
#6282 = VERTEX_POINT('',#6283);
#6283 = CARTESIAN_POINT('',(206.86397023426,-0.636029765734,13.));
#6284 = B_SPLINE_CURVE_WITH_KNOTS('',1,(#6285,#6286),.UNSPECIFIED.,.F.,
  .F.,(2,2),(0.,1.),.PIECEWISE_BEZIER_KNOTS.);
#6285 = CARTESIAN_POINT('',(223.13602976573,-0.636029765734,13.));
#6286 = CARTESIAN_POINT('',(206.86397023426,-0.636029765734,13.));
#6287 = ORIENTED_EDGE('',*,*,#6288,.T.);
#6288 = EDGE_CURVE('',#6282,#2631,#6289,.T.);
#6289 = B_SPLINE_CURVE_WITH_KNOTS('',1,(#6290,#6291),.UNSPECIFIED.,.F.,
  .F.,(2,2),(0.,1.),.PIECEWISE_BEZIER_KNOTS.);
#6290 = CARTESIAN_POINT('',(206.86397023426,-0.636029765734,13.));
#6291 = CARTESIAN_POINT('',(206.86397023426,2.89E-15,13.));
#6292 = PLANE('',#6293);
#6293 = AXIS2_PLACEMENT_3D('',#6294,#6295,#6296);
#6294 = CARTESIAN_POINT('',(203.,2.89E-15,13.));
#6295 = DIRECTION('',(0.,2.2E-16,1.));
#6296 = DIRECTION('',(1.,0.,0.));
#6297 = ADVANCED_FACE('',(#6298),#6309,.T.);
#6298 = FACE_BOUND('',#6299,.T.);
#6299 = EDGE_LOOP('',(#6300,#6301,#6302,#6303));
#6300 = ORIENTED_EDGE('',*,*,#5967,.F.);
#6301 = ORIENTED_EDGE('',*,*,#6188,.T.);
#6302 = ORIENTED_EDGE('',*,*,#2265,.F.);
#6303 = ORIENTED_EDGE('',*,*,#6304,.T.);
#6304 = EDGE_CURVE('',#2258,#5968,#6305,.T.);
#6305 = LINE('',#6306,#6307);
#6306 = CARTESIAN_POINT('',(220.,-3.246022919274,-61.));
#6307 = VECTOR('',#6308,1.);
#6308 = DIRECTION('',(0.,1.,0.));
#6309 = PLANE('',#6310);
#6310 = AXIS2_PLACEMENT_3D('',#6311,#6312,#6313);
#6311 = CARTESIAN_POINT('',(220.,-3.55E-15,-16.));
#6312 = DIRECTION('',(1.,0.,0.));
#6313 = DIRECTION('',(0.,-2.2E-16,-1.));
#6314 = ADVANCED_FACE('',(#6315),#6326,.F.);
#6315 = FACE_BOUND('',#6316,.F.);
#6316 = EDGE_LOOP('',(#6317,#6318,#6324,#6325));
#6317 = ORIENTED_EDGE('',*,*,#5975,.T.);
#6318 = ORIENTED_EDGE('',*,*,#6319,.T.);
#6319 = EDGE_CURVE('',#5976,#2250,#6320,.T.);
#6320 = LINE('',#6321,#6322);
#6321 = CARTESIAN_POINT('',(180.,-1.354E-14,-61.));
#6322 = VECTOR('',#6323,1.);
#6323 = DIRECTION('',(0.,-1.,2.2E-16));
#6324 = ORIENTED_EDGE('',*,*,#2257,.T.);
#6325 = ORIENTED_EDGE('',*,*,#6304,.T.);
#6326 = PLANE('',#6327);
#6327 = AXIS2_PLACEMENT_3D('',#6328,#6329,#6330);
#6328 = CARTESIAN_POINT('',(91.020179374264,-6.492045838548,-61.));
#6329 = DIRECTION('',(0.,0.,1.));
#6330 = DIRECTION('',(1.,0.,0.));
#6331 = ADVANCED_FACE('',(#6332),#6343,.T.);
#6332 = FACE_BOUND('',#6333,.T.);
#6333 = EDGE_LOOP('',(#6334,#6335,#6336,#6337));
#6334 = ORIENTED_EDGE('',*,*,#5983,.F.);
#6335 = ORIENTED_EDGE('',*,*,#6319,.T.);
#6336 = ORIENTED_EDGE('',*,*,#2249,.F.);
#6337 = ORIENTED_EDGE('',*,*,#6338,.F.);
#6338 = EDGE_CURVE('',#5984,#2242,#6339,.T.);
#6339 = LINE('',#6340,#6341);
#6340 = CARTESIAN_POINT('',(180.,0.,0.));
#6341 = VECTOR('',#6342,1.);
#6342 = DIRECTION('',(0.,-1.,2.2E-16));
#6343 = PLANE('',#6344);
#6344 = AXIS2_PLACEMENT_3D('',#6345,#6346,#6347);
#6345 = CARTESIAN_POINT('',(180.,-1.354E-14,-61.));
#6346 = DIRECTION('',(-1.,0.,0.));
#6347 = DIRECTION('',(0.,2.2E-16,1.));
#6348 = ADVANCED_FACE('',(#6349),#6360,.T.);
#6349 = FACE_BOUND('',#6350,.T.);
#6350 = EDGE_LOOP('',(#6351,#6352,#6353,#6354));
#6351 = ORIENTED_EDGE('',*,*,#5991,.F.);
#6352 = ORIENTED_EDGE('',*,*,#6338,.T.);
#6353 = ORIENTED_EDGE('',*,*,#2241,.F.);
#6354 = ORIENTED_EDGE('',*,*,#6355,.F.);
#6355 = EDGE_CURVE('',#5992,#2234,#6356,.T.);
#6356 = LINE('',#6357,#6358);
#6357 = CARTESIAN_POINT('',(131.,0.,0.));
#6358 = VECTOR('',#6359,1.);
#6359 = DIRECTION('',(0.,-1.,2.2E-16));
#6360 = PLANE('',#6361);
#6361 = AXIS2_PLACEMENT_3D('',#6362,#6363,#6364);
#6362 = CARTESIAN_POINT('',(180.,0.,0.));
#6363 = DIRECTION('',(-0.,-2.2E-16,-1.));
#6364 = DIRECTION('',(-1.,0.,0.));
#6365 = ADVANCED_FACE('',(#6366),#6377,.T.);
#6366 = FACE_BOUND('',#6367,.T.);
#6367 = EDGE_LOOP('',(#6368,#6369,#6370,#6371));
#6368 = ORIENTED_EDGE('',*,*,#5999,.F.);
#6369 = ORIENTED_EDGE('',*,*,#6355,.T.);
#6370 = ORIENTED_EDGE('',*,*,#2233,.F.);
#6371 = ORIENTED_EDGE('',*,*,#6372,.F.);
#6372 = EDGE_CURVE('',#6000,#2226,#6373,.T.);
#6373 = LINE('',#6374,#6375);
#6374 = CARTESIAN_POINT('',(131.,-1.354E-14,-61.));
#6375 = VECTOR('',#6376,1.);
#6376 = DIRECTION('',(0.,-1.,2.2E-16));
#6377 = PLANE('',#6378);
#6378 = AXIS2_PLACEMENT_3D('',#6379,#6380,#6381);
#6379 = CARTESIAN_POINT('',(131.,0.,0.));
#6380 = DIRECTION('',(1.,0.,0.));
#6381 = DIRECTION('',(0.,-2.2E-16,-1.));
#6382 = ADVANCED_FACE('',(#6383),#6394,.F.);
#6383 = FACE_BOUND('',#6384,.F.);
#6384 = EDGE_LOOP('',(#6385,#6386,#6392,#6393));
#6385 = ORIENTED_EDGE('',*,*,#6007,.T.);
#6386 = ORIENTED_EDGE('',*,*,#6387,.T.);
#6387 = EDGE_CURVE('',#6008,#2218,#6388,.T.);
#6388 = LINE('',#6389,#6390);
#6389 = CARTESIAN_POINT('',(90.,-1.354E-14,-61.));
#6390 = VECTOR('',#6391,1.);
#6391 = DIRECTION('',(0.,-1.,2.2E-16));
#6392 = ORIENTED_EDGE('',*,*,#2225,.T.);
#6393 = ORIENTED_EDGE('',*,*,#6372,.F.);
#6394 = PLANE('',#6395);
#6395 = AXIS2_PLACEMENT_3D('',#6396,#6397,#6398);
#6396 = CARTESIAN_POINT('',(91.020179374264,-6.492045838548,-61.));
#6397 = DIRECTION('',(0.,0.,1.));
#6398 = DIRECTION('',(1.,0.,0.));
#6399 = ADVANCED_FACE('',(#6400),#6411,.T.);
#6400 = FACE_BOUND('',#6401,.T.);
#6401 = EDGE_LOOP('',(#6402,#6403,#6404,#6405));
#6402 = ORIENTED_EDGE('',*,*,#6015,.F.);
#6403 = ORIENTED_EDGE('',*,*,#6387,.T.);
#6404 = ORIENTED_EDGE('',*,*,#2217,.F.);
#6405 = ORIENTED_EDGE('',*,*,#6406,.F.);
#6406 = EDGE_CURVE('',#6016,#2210,#6407,.T.);
#6407 = LINE('',#6408,#6409);
#6408 = CARTESIAN_POINT('',(90.,0.,0.));
#6409 = VECTOR('',#6410,1.);
#6410 = DIRECTION('',(0.,-1.,2.2E-16));
#6411 = PLANE('',#6412);
#6412 = AXIS2_PLACEMENT_3D('',#6413,#6414,#6415);
#6413 = CARTESIAN_POINT('',(90.,-1.354E-14,-61.));
#6414 = DIRECTION('',(-1.,0.,0.));
#6415 = DIRECTION('',(0.,2.2E-16,1.));
#6416 = ADVANCED_FACE('',(#6417),#6428,.T.);
#6417 = FACE_BOUND('',#6418,.T.);
#6418 = EDGE_LOOP('',(#6419,#6420,#6421,#6422));
#6419 = ORIENTED_EDGE('',*,*,#6023,.F.);
#6420 = ORIENTED_EDGE('',*,*,#6406,.T.);
#6421 = ORIENTED_EDGE('',*,*,#2209,.F.);
#6422 = ORIENTED_EDGE('',*,*,#6423,.F.);
#6423 = EDGE_CURVE('',#6024,#2202,#6424,.T.);
#6424 = LINE('',#6425,#6426);
#6425 = CARTESIAN_POINT('',(41.,0.,0.));
#6426 = VECTOR('',#6427,1.);
#6427 = DIRECTION('',(0.,-1.,2.2E-16));
#6428 = PLANE('',#6429);
#6429 = AXIS2_PLACEMENT_3D('',#6430,#6431,#6432);
#6430 = CARTESIAN_POINT('',(90.,0.,0.));
#6431 = DIRECTION('',(-0.,-2.2E-16,-1.));
#6432 = DIRECTION('',(-1.,0.,0.));
#6433 = ADVANCED_FACE('',(#6434),#6445,.T.);
#6434 = FACE_BOUND('',#6435,.T.);
#6435 = EDGE_LOOP('',(#6436,#6437,#6438,#6439));
#6436 = ORIENTED_EDGE('',*,*,#6031,.F.);
#6437 = ORIENTED_EDGE('',*,*,#6423,.T.);
#6438 = ORIENTED_EDGE('',*,*,#2201,.F.);
#6439 = ORIENTED_EDGE('',*,*,#6440,.F.);
#6440 = EDGE_CURVE('',#6032,#2194,#6441,.T.);
#6441 = LINE('',#6442,#6443);
#6442 = CARTESIAN_POINT('',(41.,-1.354E-14,-61.));
#6443 = VECTOR('',#6444,1.);
#6444 = DIRECTION('',(0.,-1.,2.2E-16));
#6445 = PLANE('',#6446);
#6446 = AXIS2_PLACEMENT_3D('',#6447,#6448,#6449);
#6447 = CARTESIAN_POINT('',(41.,0.,0.));
#6448 = DIRECTION('',(1.,0.,0.));
#6449 = DIRECTION('',(0.,-2.2E-16,-1.));
#6450 = ADVANCED_FACE('',(#6451),#6457,.F.);
#6451 = FACE_BOUND('',#6452,.F.);
#6452 = EDGE_LOOP('',(#6453,#6454,#6455,#6456));
#6453 = ORIENTED_EDGE('',*,*,#6039,.T.);
#6454 = ORIENTED_EDGE('',*,*,#5847,.T.);
#6455 = ORIENTED_EDGE('',*,*,#2193,.T.);
#6456 = ORIENTED_EDGE('',*,*,#6440,.F.);
#6457 = PLANE('',#6458);
#6458 = AXIS2_PLACEMENT_3D('',#6459,#6460,#6461);
#6459 = CARTESIAN_POINT('',(91.020179374264,-6.492045838548,-61.));
#6460 = DIRECTION('',(0.,0.,1.));
#6461 = DIRECTION('',(1.,0.,0.));
#6462 = ADVANCED_FACE('',(#6463),#6474,.F.);
#6463 = FACE_BOUND('',#6464,.T.);
#6464 = EDGE_LOOP('',(#6465,#6466,#6472,#6473));
#6465 = ORIENTED_EDGE('',*,*,#6058,.T.);
#6466 = ORIENTED_EDGE('',*,*,#6467,.T.);
#6467 = EDGE_CURVE('',#6059,#2359,#6468,.T.);
#6468 = LINE('',#6469,#6470);
#6469 = CARTESIAN_POINT('',(37.875001,1.44E-15,6.5));
#6470 = VECTOR('',#6471,1.);
#6471 = DIRECTION('',(0.,-1.,2.2E-16));
#6472 = ORIENTED_EDGE('',*,*,#2358,.F.);
#6473 = ORIENTED_EDGE('',*,*,#6467,.F.);
#6474 = CYLINDRICAL_SURFACE('',#6475,2.875);
#6475 = AXIS2_PLACEMENT_3D('',#6476,#6477,#6478);
#6476 = CARTESIAN_POINT('',(35.000001,1.44E-15,6.5));
#6477 = DIRECTION('',(0.,1.,-2.2E-16));
#6478 = DIRECTION('',(1.,0.,0.));
#6479 = ADVANCED_FACE('',(#6480),#6491,.F.);
#6480 = FACE_BOUND('',#6481,.T.);
#6481 = EDGE_LOOP('',(#6482,#6483,#6489,#6490));
#6482 = ORIENTED_EDGE('',*,*,#6047,.T.);
#6483 = ORIENTED_EDGE('',*,*,#6484,.T.);
#6484 = EDGE_CURVE('',#6048,#2370,#6485,.T.);
#6485 = LINE('',#6486,#6487);
#6486 = CARTESIAN_POINT('',(36.303842,-3.E-15,-13.5));
#6487 = VECTOR('',#6488,1.);
#6488 = DIRECTION('',(0.,-1.,2.2E-16));
#6489 = ORIENTED_EDGE('',*,*,#2369,.F.);
#6490 = ORIENTED_EDGE('',*,*,#6484,.F.);
#6491 = CYLINDRICAL_SURFACE('',#6492,1.303841);
#6492 = AXIS2_PLACEMENT_3D('',#6493,#6494,#6495);
#6493 = CARTESIAN_POINT('',(35.000001,-3.E-15,-13.5));
#6494 = DIRECTION('',(0.,1.,-2.2E-16));
#6495 = DIRECTION('',(1.,0.,0.));
#6496 = ADVANCED_FACE('',(#6497),#6508,.F.);
#6497 = FACE_BOUND('',#6498,.T.);
#6498 = EDGE_LOOP('',(#6499,#6500,#6506,#6507));
#6499 = ORIENTED_EDGE('',*,*,#6091,.T.);
#6500 = ORIENTED_EDGE('',*,*,#6501,.T.);
#6501 = EDGE_CURVE('',#6092,#2381,#6502,.T.);
#6502 = LINE('',#6503,#6504);
#6503 = CARTESIAN_POINT('',(127.875001,1.44E-15,6.5));
#6504 = VECTOR('',#6505,1.);
#6505 = DIRECTION('',(0.,-1.,2.2E-16));
#6506 = ORIENTED_EDGE('',*,*,#2380,.F.);
#6507 = ORIENTED_EDGE('',*,*,#6501,.F.);
#6508 = CYLINDRICAL_SURFACE('',#6509,2.875);
#6509 = AXIS2_PLACEMENT_3D('',#6510,#6511,#6512);
#6510 = CARTESIAN_POINT('',(125.000001,1.44E-15,6.5));
#6511 = DIRECTION('',(0.,1.,-2.2E-16));
#6512 = DIRECTION('',(1.,0.,0.));
#6513 = ADVANCED_FACE('',(#6514),#6525,.F.);
#6514 = FACE_BOUND('',#6515,.T.);
#6515 = EDGE_LOOP('',(#6516,#6517,#6523,#6524));
#6516 = ORIENTED_EDGE('',*,*,#6102,.T.);
#6517 = ORIENTED_EDGE('',*,*,#6518,.T.);
#6518 = EDGE_CURVE('',#6103,#2392,#6519,.T.);
#6519 = LINE('',#6520,#6521);
#6520 = CARTESIAN_POINT('',(217.875001,1.44E-15,6.5));
#6521 = VECTOR('',#6522,1.);
#6522 = DIRECTION('',(0.,-1.,2.2E-16));
#6523 = ORIENTED_EDGE('',*,*,#2391,.F.);
#6524 = ORIENTED_EDGE('',*,*,#6518,.F.);
#6525 = CYLINDRICAL_SURFACE('',#6526,2.875);
#6526 = AXIS2_PLACEMENT_3D('',#6527,#6528,#6529);
#6527 = CARTESIAN_POINT('',(215.000001,1.44E-15,6.5));
#6528 = DIRECTION('',(0.,1.,-2.2E-16));
#6529 = DIRECTION('',(1.,0.,0.));
#6530 = ADVANCED_FACE('',(#6531),#6542,.F.);
#6531 = FACE_BOUND('',#6532,.T.);
#6532 = EDGE_LOOP('',(#6533,#6534,#6540,#6541));
#6533 = ORIENTED_EDGE('',*,*,#6069,.T.);
#6534 = ORIENTED_EDGE('',*,*,#6535,.T.);
#6535 = EDGE_CURVE('',#6070,#2403,#6536,.T.);
#6536 = LINE('',#6537,#6538);
#6537 = CARTESIAN_POINT('',(126.303842,-3.E-15,-13.5));
#6538 = VECTOR('',#6539,1.);
#6539 = DIRECTION('',(0.,-1.,2.2E-16));
#6540 = ORIENTED_EDGE('',*,*,#2402,.F.);
#6541 = ORIENTED_EDGE('',*,*,#6535,.F.);
#6542 = CYLINDRICAL_SURFACE('',#6543,1.303841);
#6543 = AXIS2_PLACEMENT_3D('',#6544,#6545,#6546);
#6544 = CARTESIAN_POINT('',(125.000001,-3.E-15,-13.5));
#6545 = DIRECTION('',(0.,1.,-2.2E-16));
#6546 = DIRECTION('',(1.,0.,0.));
#6547 = ADVANCED_FACE('',(#6548),#6559,.F.);
#6548 = FACE_BOUND('',#6549,.T.);
#6549 = EDGE_LOOP('',(#6550,#6551,#6557,#6558));
#6550 = ORIENTED_EDGE('',*,*,#6080,.T.);
#6551 = ORIENTED_EDGE('',*,*,#6552,.T.);
#6552 = EDGE_CURVE('',#6081,#2414,#6553,.T.);
#6553 = LINE('',#6554,#6555);
#6554 = CARTESIAN_POINT('',(216.303842,-3.E-15,-13.5));
#6555 = VECTOR('',#6556,1.);
#6556 = DIRECTION('',(0.,-1.,2.2E-16));
#6557 = ORIENTED_EDGE('',*,*,#2413,.F.);
#6558 = ORIENTED_EDGE('',*,*,#6552,.F.);
#6559 = CYLINDRICAL_SURFACE('',#6560,1.303841);
#6560 = AXIS2_PLACEMENT_3D('',#6561,#6562,#6563);
#6561 = CARTESIAN_POINT('',(215.000001,-3.E-15,-13.5));
#6562 = DIRECTION('',(0.,1.,-2.2E-16));
#6563 = DIRECTION('',(1.,0.,0.));
#6564 = ADVANCED_FACE('',(#6565),#6590,.F.);
#6565 = FACE_BOUND('',#6566,.F.);
#6566 = EDGE_LOOP('',(#6567,#6574,#6582,#6587,#6588,#6589));
#6567 = ORIENTED_EDGE('',*,*,#6568,.F.);
#6568 = EDGE_CURVE('',#6569,#6275,#6571,.T.);
#6569 = VERTEX_POINT('',#6570);
#6570 = CARTESIAN_POINT('',(223.5,-1.,12.));
#6571 = B_SPLINE_CURVE_WITH_KNOTS('',1,(#6572,#6573),.UNSPECIFIED.,.F.,
  .F.,(2,2),(0.,1.),.PIECEWISE_BEZIER_KNOTS.);
#6572 = CARTESIAN_POINT('',(223.5,-1.,12.));
#6573 = CARTESIAN_POINT('',(221.68014882866,0.819851171331,17.));
#6574 = ORIENTED_EDGE('',*,*,#6575,.T.);
#6575 = EDGE_CURVE('',#6569,#6576,#6578,.T.);
#6576 = VERTEX_POINT('',#6577);
#6577 = CARTESIAN_POINT('',(223.5,6.,12.));
#6578 = LINE('',#6579,#6580);
#6579 = CARTESIAN_POINT('',(223.5,-1.,12.));
#6580 = VECTOR('',#6581,1.);
#6581 = DIRECTION('',(0.,1.,0.));
#6582 = ORIENTED_EDGE('',*,*,#6583,.T.);
#6583 = EDGE_CURVE('',#6576,#2516,#6584,.T.);
#6584 = B_SPLINE_CURVE_WITH_KNOTS('',1,(#6585,#6586),.UNSPECIFIED.,.F.,
  .F.,(2,2),(0.,1.),.PIECEWISE_BEZIER_KNOTS.);
#6585 = CARTESIAN_POINT('',(223.5,6.,12.));
#6586 = CARTESIAN_POINT('',(221.68014882866,4.180148828669,17.));
#6587 = ORIENTED_EDGE('',*,*,#2523,.T.);
#6588 = ORIENTED_EDGE('',*,*,#2464,.F.);
#6589 = ORIENTED_EDGE('',*,*,#6274,.T.);
#6590 = B_SPLINE_SURFACE_WITH_KNOTS('',1,1,(
    (#6591,#6592)
    ,(#6593,#6594
    )),.UNSPECIFIED.,.F.,.F.,.F.,(2,2),(2,2),(0.,7.),(0.,1.),
  .PIECEWISE_BEZIER_KNOTS.);
#6591 = CARTESIAN_POINT('',(223.5,-1.,12.));
#6592 = CARTESIAN_POINT('',(221.68014882866,0.819851171331,17.));
#6593 = CARTESIAN_POINT('',(223.5,6.,12.));
#6594 = CARTESIAN_POINT('',(221.68014882866,4.180148828669,17.));
#6595 = ADVANCED_FACE('',(#6596),#6613,.F.);
#6596 = FACE_BOUND('',#6597,.F.);
#6597 = EDGE_LOOP('',(#6598,#6599,#6607,#6612));
#6598 = ORIENTED_EDGE('',*,*,#6583,.F.);
#6599 = ORIENTED_EDGE('',*,*,#6600,.T.);
#6600 = EDGE_CURVE('',#6576,#6601,#6603,.T.);
#6601 = VERTEX_POINT('',#6602);
#6602 = CARTESIAN_POINT('',(206.5,6.,12.));
#6603 = LINE('',#6604,#6605);
#6604 = CARTESIAN_POINT('',(223.5,6.,12.));
#6605 = VECTOR('',#6606,1.);
#6606 = DIRECTION('',(-1.,0.,0.));
#6607 = ORIENTED_EDGE('',*,*,#6608,.T.);
#6608 = EDGE_CURVE('',#6601,#2539,#6609,.T.);
#6609 = B_SPLINE_CURVE_WITH_KNOTS('',1,(#6610,#6611),.UNSPECIFIED.,.F.,
  .F.,(2,2),(0.,1.),.PIECEWISE_BEZIER_KNOTS.);
#6610 = CARTESIAN_POINT('',(206.5,6.,12.));
#6611 = CARTESIAN_POINT('',(208.31985117133,4.180148828669,17.));
#6612 = ORIENTED_EDGE('',*,*,#2538,.T.);
#6613 = B_SPLINE_SURFACE_WITH_KNOTS('',1,1,(
    (#6614,#6615)
    ,(#6616,#6617
    )),.UNSPECIFIED.,.F.,.F.,.F.,(2,2),(2,2),(0.,17.),(0.,1.),
  .PIECEWISE_BEZIER_KNOTS.);
#6614 = CARTESIAN_POINT('',(223.5,6.,12.));
#6615 = CARTESIAN_POINT('',(221.68014882866,4.180148828669,17.));
#6616 = CARTESIAN_POINT('',(206.5,6.,12.));
#6617 = CARTESIAN_POINT('',(208.31985117133,4.180148828669,17.));
#6618 = ADVANCED_FACE('',(#6619),#6635,.F.);
#6619 = FACE_BOUND('',#6620,.F.);
#6620 = EDGE_LOOP('',(#6621,#6622,#6628,#6629));
#6621 = ORIENTED_EDGE('',*,*,#2555,.F.);
#6622 = ORIENTED_EDGE('',*,*,#6623,.T.);
#6623 = EDGE_CURVE('',#2556,#5581,#6624,.T.);
#6624 = LINE('',#6625,#6626);
#6625 = CARTESIAN_POINT('',(218.5,6.22E-15,28.));
#6626 = VECTOR('',#6627,1.);
#6627 = DIRECTION('',(0.,1.,-2.2E-16));
#6628 = ORIENTED_EDGE('',*,*,#5580,.T.);
#6629 = ORIENTED_EDGE('',*,*,#6630,.F.);
#6630 = EDGE_CURVE('',#2558,#5573,#6631,.T.);
#6631 = LINE('',#6632,#6633);
#6632 = CARTESIAN_POINT('',(211.5,6.22E-15,28.));
#6633 = VECTOR('',#6634,1.);
#6634 = DIRECTION('',(0.,1.,-2.2E-16));
#6635 = CYLINDRICAL_SURFACE('',#6636,3.5);
#6636 = AXIS2_PLACEMENT_3D('',#6637,#6638,#6639);
#6637 = CARTESIAN_POINT('',(215.,6.22E-15,28.));
#6638 = DIRECTION('',(0.,-1.,2.2E-16));
#6639 = DIRECTION('',(1.,0.,0.));
#6640 = ADVANCED_FACE('',(#6641),#6652,.T.);
#6641 = FACE_BOUND('',#6642,.T.);
#6642 = EDGE_LOOP('',(#6643,#6644,#6645,#6646));
#6643 = ORIENTED_EDGE('',*,*,#2566,.F.);
#6644 = ORIENTED_EDGE('',*,*,#6623,.T.);
#6645 = ORIENTED_EDGE('',*,*,#5589,.F.);
#6646 = ORIENTED_EDGE('',*,*,#6647,.F.);
#6647 = EDGE_CURVE('',#2567,#5590,#6648,.T.);
#6648 = LINE('',#6649,#6650);
#6649 = CARTESIAN_POINT('',(218.5,5.11E-15,22.999999));
#6650 = VECTOR('',#6651,1.);
#6651 = DIRECTION('',(0.,1.,-2.2E-16));
#6652 = PLANE('',#6653);
#6653 = AXIS2_PLACEMENT_3D('',#6654,#6655,#6656);
#6654 = CARTESIAN_POINT('',(218.5,6.22E-15,28.));
#6655 = DIRECTION('',(-1.,0.,0.));
#6656 = DIRECTION('',(-0.,-2.2E-16,-1.));
#6657 = ADVANCED_FACE('',(#6658),#6669,.F.);
#6658 = FACE_BOUND('',#6659,.F.);
#6659 = EDGE_LOOP('',(#6660,#6661,#6662,#6663));
#6660 = ORIENTED_EDGE('',*,*,#2583,.F.);
#6661 = ORIENTED_EDGE('',*,*,#6630,.T.);
#6662 = ORIENTED_EDGE('',*,*,#5572,.F.);
#6663 = ORIENTED_EDGE('',*,*,#6664,.F.);
#6664 = EDGE_CURVE('',#2575,#5564,#6665,.T.);
#6665 = LINE('',#6666,#6667);
#6666 = CARTESIAN_POINT('',(211.5,5.11E-15,22.999999));
#6667 = VECTOR('',#6668,1.);
#6668 = DIRECTION('',(0.,1.,-2.2E-16));
#6669 = PLANE('',#6670);
#6670 = AXIS2_PLACEMENT_3D('',#6671,#6672,#6673);
#6671 = CARTESIAN_POINT('',(211.5,6.22E-15,28.));
#6672 = DIRECTION('',(-1.,0.,3.411E-14));
#6673 = DIRECTION('',(-3.411E-14,-2.2E-16,-1.));
#6674 = ADVANCED_FACE('',(#6675),#6705,.F.);
#6675 = FACE_BOUND('',#6676,.F.);
#6676 = EDGE_LOOP('',(#6677,#6678,#6679,#6680,#6688,#6697,#6703,#6704));
#6677 = ORIENTED_EDGE('',*,*,#2574,.F.);
#6678 = ORIENTED_EDGE('',*,*,#6664,.T.);
#6679 = ORIENTED_EDGE('',*,*,#5563,.T.);
#6680 = ORIENTED_EDGE('',*,*,#6681,.F.);
#6681 = EDGE_CURVE('',#6682,#5556,#6684,.T.);
#6682 = VERTEX_POINT('',#6683);
#6683 = CARTESIAN_POINT('',(213.19722269816,10.,20.));
#6684 = LINE('',#6685,#6686);
#6685 = CARTESIAN_POINT('',(213.19722269816,5.11E-15,20.));
#6686 = VECTOR('',#6687,1.);
#6687 = DIRECTION('',(0.,-1.,2.2E-16));
#6688 = ORIENTED_EDGE('',*,*,#6689,.T.);
#6689 = EDGE_CURVE('',#6682,#6690,#6692,.T.);
#6690 = VERTEX_POINT('',#6691);
#6691 = CARTESIAN_POINT('',(216.80277730183,10.,20.));
#6692 = CIRCLE('',#6693,3.5);
#6693 = AXIS2_PLACEMENT_3D('',#6694,#6695,#6696);
#6694 = CARTESIAN_POINT('',(215.,10.,22.999999));
#6695 = DIRECTION('',(0.,-1.,0.));
#6696 = DIRECTION('',(1.,0.,0.));
#6697 = ORIENTED_EDGE('',*,*,#6698,.T.);
#6698 = EDGE_CURVE('',#6690,#5598,#6699,.T.);
#6699 = LINE('',#6700,#6701);
#6700 = CARTESIAN_POINT('',(216.80277730183,5.11E-15,20.));
#6701 = VECTOR('',#6702,1.);
#6702 = DIRECTION('',(0.,-1.,2.2E-16));
#6703 = ORIENTED_EDGE('',*,*,#5597,.T.);
#6704 = ORIENTED_EDGE('',*,*,#6647,.F.);
#6705 = CYLINDRICAL_SURFACE('',#6706,3.5);
#6706 = AXIS2_PLACEMENT_3D('',#6707,#6708,#6709);
#6707 = CARTESIAN_POINT('',(215.,5.11E-15,22.999999));
#6708 = DIRECTION('',(0.,-1.,2.2E-16));
#6709 = DIRECTION('',(1.,0.,0.));
#6710 = ADVANCED_FACE('',(#6711),#6730,.F.);
#6711 = FACE_BOUND('',#6712,.F.);
#6712 = EDGE_LOOP('',(#6713,#6714,#6722,#6727,#6728,#6729));
#6713 = ORIENTED_EDGE('',*,*,#6608,.F.);
#6714 = ORIENTED_EDGE('',*,*,#6715,.T.);
#6715 = EDGE_CURVE('',#6601,#6716,#6718,.T.);
#6716 = VERTEX_POINT('',#6717);
#6717 = CARTESIAN_POINT('',(206.5,-1.,12.));
#6718 = LINE('',#6719,#6720);
#6719 = CARTESIAN_POINT('',(206.5,6.,12.));
#6720 = VECTOR('',#6721,1.);
#6721 = DIRECTION('',(0.,-1.,0.));
#6722 = ORIENTED_EDGE('',*,*,#6723,.T.);
#6723 = EDGE_CURVE('',#6716,#6282,#6724,.T.);
#6724 = B_SPLINE_CURVE_WITH_KNOTS('',1,(#6725,#6726),.UNSPECIFIED.,.F.,
  .F.,(2,2),(0.,1.),.PIECEWISE_BEZIER_KNOTS.);
#6725 = CARTESIAN_POINT('',(206.5,-1.,12.));
#6726 = CARTESIAN_POINT('',(208.31985117133,0.819851171331,17.));
#6727 = ORIENTED_EDGE('',*,*,#6288,.T.);
#6728 = ORIENTED_EDGE('',*,*,#2630,.T.);
#6729 = ORIENTED_EDGE('',*,*,#2597,.T.);
#6730 = B_SPLINE_SURFACE_WITH_KNOTS('',1,1,(
    (#6731,#6732)
    ,(#6733,#6734
    )),.UNSPECIFIED.,.F.,.F.,.F.,(2,2),(2,2),(0.,7.),(0.,1.),
  .PIECEWISE_BEZIER_KNOTS.);
#6731 = CARTESIAN_POINT('',(206.5,6.,12.));
#6732 = CARTESIAN_POINT('',(208.31985117133,4.180148828669,17.));
#6733 = CARTESIAN_POINT('',(206.5,-1.,12.));
#6734 = CARTESIAN_POINT('',(208.31985117133,0.819851171331,17.));
#6735 = ADVANCED_FACE('',(#6736),#6761,.F.);
#6736 = FACE_BOUND('',#6737,.F.);
#6737 = EDGE_LOOP('',(#6738,#6745,#6753,#6758,#6759,#6760));
#6738 = ORIENTED_EDGE('',*,*,#6739,.F.);
#6739 = EDGE_CURVE('',#6740,#6243,#6742,.T.);
#6740 = VERTEX_POINT('',#6741);
#6741 = CARTESIAN_POINT('',(133.5,-1.,12.));
#6742 = B_SPLINE_CURVE_WITH_KNOTS('',1,(#6743,#6744),.UNSPECIFIED.,.F.,
  .F.,(2,2),(0.,1.),.PIECEWISE_BEZIER_KNOTS.);
#6743 = CARTESIAN_POINT('',(133.5,-1.,12.));
#6744 = CARTESIAN_POINT('',(131.68014882866,0.819851171331,17.));
#6745 = ORIENTED_EDGE('',*,*,#6746,.T.);
#6746 = EDGE_CURVE('',#6740,#6747,#6749,.T.);
#6747 = VERTEX_POINT('',#6748);
#6748 = CARTESIAN_POINT('',(133.5,6.,12.));
#6749 = LINE('',#6750,#6751);
#6750 = CARTESIAN_POINT('',(133.5,-1.,12.));
#6751 = VECTOR('',#6752,1.);
#6752 = DIRECTION('',(0.,1.,0.));
#6753 = ORIENTED_EDGE('',*,*,#6754,.T.);
#6754 = EDGE_CURVE('',#6747,#2784,#6755,.T.);
#6755 = B_SPLINE_CURVE_WITH_KNOTS('',1,(#6756,#6757),.UNSPECIFIED.,.F.,
  .F.,(2,2),(0.,1.),.PIECEWISE_BEZIER_KNOTS.);
#6756 = CARTESIAN_POINT('',(133.5,6.,12.));
#6757 = CARTESIAN_POINT('',(131.68014882866,4.180148828669,17.));
#6758 = ORIENTED_EDGE('',*,*,#2791,.T.);
#6759 = ORIENTED_EDGE('',*,*,#2732,.F.);
#6760 = ORIENTED_EDGE('',*,*,#6242,.T.);
#6761 = B_SPLINE_SURFACE_WITH_KNOTS('',1,1,(
    (#6762,#6763)
    ,(#6764,#6765
    )),.UNSPECIFIED.,.F.,.F.,.F.,(2,2),(2,2),(0.,7.),(0.,1.),
  .PIECEWISE_BEZIER_KNOTS.);
#6762 = CARTESIAN_POINT('',(133.5,-1.,12.));
#6763 = CARTESIAN_POINT('',(131.68014882866,0.819851171331,17.));
#6764 = CARTESIAN_POINT('',(133.5,6.,12.));
#6765 = CARTESIAN_POINT('',(131.68014882866,4.180148828669,17.));
#6766 = ADVANCED_FACE('',(#6767),#6784,.F.);
#6767 = FACE_BOUND('',#6768,.F.);
#6768 = EDGE_LOOP('',(#6769,#6770,#6778,#6783));
#6769 = ORIENTED_EDGE('',*,*,#6754,.F.);
#6770 = ORIENTED_EDGE('',*,*,#6771,.T.);
#6771 = EDGE_CURVE('',#6747,#6772,#6774,.T.);
#6772 = VERTEX_POINT('',#6773);
#6773 = CARTESIAN_POINT('',(116.5,6.,12.));
#6774 = LINE('',#6775,#6776);
#6775 = CARTESIAN_POINT('',(133.5,6.,12.));
#6776 = VECTOR('',#6777,1.);
#6777 = DIRECTION('',(-1.,0.,0.));
#6778 = ORIENTED_EDGE('',*,*,#6779,.T.);
#6779 = EDGE_CURVE('',#6772,#2807,#6780,.T.);
#6780 = B_SPLINE_CURVE_WITH_KNOTS('',1,(#6781,#6782),.UNSPECIFIED.,.F.,
  .F.,(2,2),(0.,1.),.PIECEWISE_BEZIER_KNOTS.);
#6781 = CARTESIAN_POINT('',(116.5,6.,12.));
#6782 = CARTESIAN_POINT('',(118.31985117133,4.180148828669,17.));
#6783 = ORIENTED_EDGE('',*,*,#2806,.T.);
#6784 = B_SPLINE_SURFACE_WITH_KNOTS('',1,1,(
    (#6785,#6786)
    ,(#6787,#6788
    )),.UNSPECIFIED.,.F.,.F.,.F.,(2,2),(2,2),(0.,17.),(0.,1.),
  .PIECEWISE_BEZIER_KNOTS.);
#6785 = CARTESIAN_POINT('',(133.5,6.,12.));
#6786 = CARTESIAN_POINT('',(131.68014882866,4.180148828669,17.));
#6787 = CARTESIAN_POINT('',(116.5,6.,12.));
#6788 = CARTESIAN_POINT('',(118.31985117133,4.180148828669,17.));
#6789 = ADVANCED_FACE('',(#6790),#6806,.F.);
#6790 = FACE_BOUND('',#6791,.F.);
#6791 = EDGE_LOOP('',(#6792,#6793,#6799,#6800));
#6792 = ORIENTED_EDGE('',*,*,#2823,.F.);
#6793 = ORIENTED_EDGE('',*,*,#6794,.T.);
#6794 = EDGE_CURVE('',#2824,#5409,#6795,.T.);
#6795 = LINE('',#6796,#6797);
#6796 = CARTESIAN_POINT('',(128.5,6.22E-15,27.999998787564));
#6797 = VECTOR('',#6798,1.);
#6798 = DIRECTION('',(0.,1.,-2.2E-16));
#6799 = ORIENTED_EDGE('',*,*,#5408,.T.);
#6800 = ORIENTED_EDGE('',*,*,#6801,.F.);
#6801 = EDGE_CURVE('',#2826,#5401,#6802,.T.);
#6802 = LINE('',#6803,#6804);
#6803 = CARTESIAN_POINT('',(121.5,6.22E-15,27.999998787564));
#6804 = VECTOR('',#6805,1.);
#6805 = DIRECTION('',(0.,1.,-2.2E-16));
#6806 = CYLINDRICAL_SURFACE('',#6807,3.5);
#6807 = AXIS2_PLACEMENT_3D('',#6808,#6809,#6810);
#6808 = CARTESIAN_POINT('',(125.,6.22E-15,27.999998787564));
#6809 = DIRECTION('',(0.,-1.,2.2E-16));
#6810 = DIRECTION('',(1.,0.,0.));
#6811 = ADVANCED_FACE('',(#6812),#6823,.T.);
#6812 = FACE_BOUND('',#6813,.T.);
#6813 = EDGE_LOOP('',(#6814,#6815,#6816,#6817));
#6814 = ORIENTED_EDGE('',*,*,#2834,.F.);
#6815 = ORIENTED_EDGE('',*,*,#6794,.T.);
#6816 = ORIENTED_EDGE('',*,*,#5417,.F.);
#6817 = ORIENTED_EDGE('',*,*,#6818,.F.);
#6818 = EDGE_CURVE('',#2835,#5418,#6819,.T.);
#6819 = LINE('',#6820,#6821);
#6820 = CARTESIAN_POINT('',(128.5,5.11E-15,22.999997924871));
#6821 = VECTOR('',#6822,1.);
#6822 = DIRECTION('',(0.,1.,-2.2E-16));
#6823 = PLANE('',#6824);
#6824 = AXIS2_PLACEMENT_3D('',#6825,#6826,#6827);
#6825 = CARTESIAN_POINT('',(128.5,6.22E-15,27.999998787564));
#6826 = DIRECTION('',(-1.,0.,0.));
#6827 = DIRECTION('',(-0.,-2.2E-16,-1.));
#6828 = ADVANCED_FACE('',(#6829),#6840,.F.);
#6829 = FACE_BOUND('',#6830,.F.);
#6830 = EDGE_LOOP('',(#6831,#6832,#6833,#6834));
#6831 = ORIENTED_EDGE('',*,*,#2851,.F.);
#6832 = ORIENTED_EDGE('',*,*,#6801,.T.);
#6833 = ORIENTED_EDGE('',*,*,#5400,.F.);
#6834 = ORIENTED_EDGE('',*,*,#6835,.F.);
#6835 = EDGE_CURVE('',#2843,#5392,#6836,.T.);
#6836 = LINE('',#6837,#6838);
#6837 = CARTESIAN_POINT('',(121.5,5.11E-15,22.999997924872));
#6838 = VECTOR('',#6839,1.);
#6839 = DIRECTION('',(0.,1.,-2.2E-16));
#6840 = PLANE('',#6841);
#6841 = AXIS2_PLACEMENT_3D('',#6842,#6843,#6844);
#6842 = CARTESIAN_POINT('',(121.5,6.22E-15,27.999998787564));
#6843 = DIRECTION('',(-1.,0.,3.126E-14));
#6844 = DIRECTION('',(-3.126E-14,-2.2E-16,-1.));
#6845 = ADVANCED_FACE('',(#6846),#6876,.F.);
#6846 = FACE_BOUND('',#6847,.F.);
#6847 = EDGE_LOOP('',(#6848,#6849,#6850,#6851,#6859,#6868,#6874,#6875));
#6848 = ORIENTED_EDGE('',*,*,#2842,.F.);
#6849 = ORIENTED_EDGE('',*,*,#6835,.T.);
#6850 = ORIENTED_EDGE('',*,*,#5391,.T.);
#6851 = ORIENTED_EDGE('',*,*,#6852,.F.);
#6852 = EDGE_CURVE('',#6853,#5384,#6855,.T.);
#6853 = VERTEX_POINT('',#6854);
#6854 = CARTESIAN_POINT('',(123.19722090905,10.,20.));
#6855 = LINE('',#6856,#6857);
#6856 = CARTESIAN_POINT('',(123.19722090905,5.11E-15,20.));
#6857 = VECTOR('',#6858,1.);
#6858 = DIRECTION('',(0.,-1.,2.2E-16));
#6859 = ORIENTED_EDGE('',*,*,#6860,.T.);
#6860 = EDGE_CURVE('',#6853,#6861,#6863,.T.);
#6861 = VERTEX_POINT('',#6862);
#6862 = CARTESIAN_POINT('',(126.80277909095,10.,20.));
#6863 = CIRCLE('',#6864,3.5);
#6864 = AXIS2_PLACEMENT_3D('',#6865,#6866,#6867);
#6865 = CARTESIAN_POINT('',(125.,10.,22.999997924871));
#6866 = DIRECTION('',(0.,-1.,0.));
#6867 = DIRECTION('',(1.,0.,0.));
#6868 = ORIENTED_EDGE('',*,*,#6869,.T.);
#6869 = EDGE_CURVE('',#6861,#5426,#6870,.T.);
#6870 = LINE('',#6871,#6872);
#6871 = CARTESIAN_POINT('',(126.80277909095,5.11E-15,20.));
#6872 = VECTOR('',#6873,1.);
#6873 = DIRECTION('',(0.,-1.,2.2E-16));
#6874 = ORIENTED_EDGE('',*,*,#5425,.T.);
#6875 = ORIENTED_EDGE('',*,*,#6818,.F.);
#6876 = CYLINDRICAL_SURFACE('',#6877,3.5);
#6877 = AXIS2_PLACEMENT_3D('',#6878,#6879,#6880);
#6878 = CARTESIAN_POINT('',(125.,5.11E-15,22.999997924871));
#6879 = DIRECTION('',(0.,-1.,2.2E-16));
#6880 = DIRECTION('',(1.,0.,0.));
#6881 = ADVANCED_FACE('',(#6882),#6901,.F.);
#6882 = FACE_BOUND('',#6883,.F.);
#6883 = EDGE_LOOP('',(#6884,#6885,#6893,#6898,#6899,#6900));
#6884 = ORIENTED_EDGE('',*,*,#6779,.F.);
#6885 = ORIENTED_EDGE('',*,*,#6886,.T.);
#6886 = EDGE_CURVE('',#6772,#6887,#6889,.T.);
#6887 = VERTEX_POINT('',#6888);
#6888 = CARTESIAN_POINT('',(116.5,-1.,12.));
#6889 = LINE('',#6890,#6891);
#6890 = CARTESIAN_POINT('',(116.5,6.,12.));
#6891 = VECTOR('',#6892,1.);
#6892 = DIRECTION('',(0.,-1.,0.));
#6893 = ORIENTED_EDGE('',*,*,#6894,.T.);
#6894 = EDGE_CURVE('',#6887,#6250,#6895,.T.);
#6895 = B_SPLINE_CURVE_WITH_KNOTS('',1,(#6896,#6897),.UNSPECIFIED.,.F.,
  .F.,(2,2),(0.,1.),.PIECEWISE_BEZIER_KNOTS.);
#6896 = CARTESIAN_POINT('',(116.5,-1.,12.));
#6897 = CARTESIAN_POINT('',(118.31985117133,0.819851171331,17.));
#6898 = ORIENTED_EDGE('',*,*,#6256,.T.);
#6899 = ORIENTED_EDGE('',*,*,#2898,.T.);
#6900 = ORIENTED_EDGE('',*,*,#2865,.T.);
#6901 = B_SPLINE_SURFACE_WITH_KNOTS('',1,1,(
    (#6902,#6903)
    ,(#6904,#6905
    )),.UNSPECIFIED.,.F.,.F.,.F.,(2,2),(2,2),(0.,7.),(0.,1.),
  .PIECEWISE_BEZIER_KNOTS.);
#6902 = CARTESIAN_POINT('',(116.5,6.,12.));
#6903 = CARTESIAN_POINT('',(118.31985117133,4.180148828669,17.));
#6904 = CARTESIAN_POINT('',(116.5,-1.,12.));
#6905 = CARTESIAN_POINT('',(118.31985117133,0.819851171331,17.));
#6906 = ADVANCED_FACE('',(#6907),#6932,.F.);
#6907 = FACE_BOUND('',#6908,.F.);
#6908 = EDGE_LOOP('',(#6909,#6916,#6924,#6929,#6930,#6931));
#6909 = ORIENTED_EDGE('',*,*,#6910,.F.);
#6910 = EDGE_CURVE('',#6911,#6211,#6913,.T.);
#6911 = VERTEX_POINT('',#6912);
#6912 = CARTESIAN_POINT('',(43.5,-1.,12.));
#6913 = B_SPLINE_CURVE_WITH_KNOTS('',1,(#6914,#6915),.UNSPECIFIED.,.F.,
  .F.,(2,2),(0.,1.),.PIECEWISE_BEZIER_KNOTS.);
#6914 = CARTESIAN_POINT('',(43.5,-1.,12.));
#6915 = CARTESIAN_POINT('',(41.680148828669,0.819851171331,17.));
#6916 = ORIENTED_EDGE('',*,*,#6917,.T.);
#6917 = EDGE_CURVE('',#6911,#6918,#6920,.T.);
#6918 = VERTEX_POINT('',#6919);
#6919 = CARTESIAN_POINT('',(43.5,6.,12.));
#6920 = LINE('',#6921,#6922);
#6921 = CARTESIAN_POINT('',(43.5,-1.,12.));
#6922 = VECTOR('',#6923,1.);
#6923 = DIRECTION('',(0.,1.,0.));
#6924 = ORIENTED_EDGE('',*,*,#6925,.T.);
#6925 = EDGE_CURVE('',#6918,#3052,#6926,.T.);
#6926 = B_SPLINE_CURVE_WITH_KNOTS('',1,(#6927,#6928),.UNSPECIFIED.,.F.,
  .F.,(2,2),(0.,1.),.PIECEWISE_BEZIER_KNOTS.);
#6927 = CARTESIAN_POINT('',(43.5,6.,12.));
#6928 = CARTESIAN_POINT('',(41.680148828669,4.180148828669,17.));
#6929 = ORIENTED_EDGE('',*,*,#3059,.T.);
#6930 = ORIENTED_EDGE('',*,*,#3000,.F.);
#6931 = ORIENTED_EDGE('',*,*,#6210,.T.);
#6932 = B_SPLINE_SURFACE_WITH_KNOTS('',1,1,(
    (#6933,#6934)
    ,(#6935,#6936
    )),.UNSPECIFIED.,.F.,.F.,.F.,(2,2),(2,2),(0.,7.),(0.,1.),
  .PIECEWISE_BEZIER_KNOTS.);
#6933 = CARTESIAN_POINT('',(43.5,-1.,12.));
#6934 = CARTESIAN_POINT('',(41.680148828669,0.819851171331,17.));
#6935 = CARTESIAN_POINT('',(43.5,6.,12.));
#6936 = CARTESIAN_POINT('',(41.680148828669,4.180148828669,17.));
#6937 = ADVANCED_FACE('',(#6938),#6955,.F.);
#6938 = FACE_BOUND('',#6939,.F.);
#6939 = EDGE_LOOP('',(#6940,#6941,#6949,#6954));
#6940 = ORIENTED_EDGE('',*,*,#6925,.F.);
#6941 = ORIENTED_EDGE('',*,*,#6942,.T.);
#6942 = EDGE_CURVE('',#6918,#6943,#6945,.T.);
#6943 = VERTEX_POINT('',#6944);
#6944 = CARTESIAN_POINT('',(26.5,6.,12.));
#6945 = LINE('',#6946,#6947);
#6946 = CARTESIAN_POINT('',(43.5,6.,12.));
#6947 = VECTOR('',#6948,1.);
#6948 = DIRECTION('',(-1.,0.,0.));
#6949 = ORIENTED_EDGE('',*,*,#6950,.T.);
#6950 = EDGE_CURVE('',#6943,#3075,#6951,.T.);
#6951 = B_SPLINE_CURVE_WITH_KNOTS('',1,(#6952,#6953),.UNSPECIFIED.,.F.,
  .F.,(2,2),(0.,1.),.PIECEWISE_BEZIER_KNOTS.);
#6952 = CARTESIAN_POINT('',(26.5,6.,12.));
#6953 = CARTESIAN_POINT('',(28.319851171331,4.180148828669,17.));
#6954 = ORIENTED_EDGE('',*,*,#3074,.T.);
#6955 = B_SPLINE_SURFACE_WITH_KNOTS('',1,1,(
    (#6956,#6957)
    ,(#6958,#6959
    )),.UNSPECIFIED.,.F.,.F.,.F.,(2,2),(2,2),(0.,17.),(0.,1.),
  .PIECEWISE_BEZIER_KNOTS.);
#6956 = CARTESIAN_POINT('',(43.5,6.,12.));
#6957 = CARTESIAN_POINT('',(41.680148828669,4.180148828669,17.));
#6958 = CARTESIAN_POINT('',(26.5,6.,12.));
#6959 = CARTESIAN_POINT('',(28.319851171331,4.180148828669,17.));
#6960 = ADVANCED_FACE('',(#6961),#6977,.F.);
#6961 = FACE_BOUND('',#6962,.F.);
#6962 = EDGE_LOOP('',(#6963,#6964,#6970,#6971));
#6963 = ORIENTED_EDGE('',*,*,#3091,.F.);
#6964 = ORIENTED_EDGE('',*,*,#6965,.T.);
#6965 = EDGE_CURVE('',#3092,#5237,#6966,.T.);
#6966 = LINE('',#6967,#6968);
#6967 = CARTESIAN_POINT('',(38.5,6.22E-15,28.));
#6968 = VECTOR('',#6969,1.);
#6969 = DIRECTION('',(0.,1.,-2.2E-16));
#6970 = ORIENTED_EDGE('',*,*,#5236,.T.);
#6971 = ORIENTED_EDGE('',*,*,#6972,.F.);
#6972 = EDGE_CURVE('',#3094,#5229,#6973,.T.);
#6973 = LINE('',#6974,#6975);
#6974 = CARTESIAN_POINT('',(31.5,6.22E-15,28.));
#6975 = VECTOR('',#6976,1.);
#6976 = DIRECTION('',(0.,1.,-2.2E-16));
#6977 = CYLINDRICAL_SURFACE('',#6978,3.5);
#6978 = AXIS2_PLACEMENT_3D('',#6979,#6980,#6981);
#6979 = CARTESIAN_POINT('',(35.,6.22E-15,28.));
#6980 = DIRECTION('',(0.,-1.,2.2E-16));
#6981 = DIRECTION('',(1.,0.,0.));
#6982 = ADVANCED_FACE('',(#6983),#6994,.T.);
#6983 = FACE_BOUND('',#6984,.T.);
#6984 = EDGE_LOOP('',(#6985,#6986,#6987,#6988));
#6985 = ORIENTED_EDGE('',*,*,#3102,.F.);
#6986 = ORIENTED_EDGE('',*,*,#6965,.T.);
#6987 = ORIENTED_EDGE('',*,*,#5245,.F.);
#6988 = ORIENTED_EDGE('',*,*,#6989,.F.);
#6989 = EDGE_CURVE('',#3103,#5246,#6990,.T.);
#6990 = LINE('',#6991,#6992);
#6991 = CARTESIAN_POINT('',(38.5,5.11E-15,22.999998787564));
#6992 = VECTOR('',#6993,1.);
#6993 = DIRECTION('',(0.,1.,-2.2E-16));
#6994 = PLANE('',#6995);
#6995 = AXIS2_PLACEMENT_3D('',#6996,#6997,#6998);
#6996 = CARTESIAN_POINT('',(38.5,6.22E-15,28.));
#6997 = DIRECTION('',(-1.,0.,0.));
#6998 = DIRECTION('',(-0.,-2.2E-16,-1.));
#6999 = ADVANCED_FACE('',(#7000),#7011,.F.);
#7000 = FACE_BOUND('',#7001,.F.);
#7001 = EDGE_LOOP('',(#7002,#7003,#7004,#7005));
#7002 = ORIENTED_EDGE('',*,*,#3119,.F.);
#7003 = ORIENTED_EDGE('',*,*,#6972,.T.);
#7004 = ORIENTED_EDGE('',*,*,#5228,.F.);
#7005 = ORIENTED_EDGE('',*,*,#7006,.F.);
#7006 = EDGE_CURVE('',#3111,#5220,#7007,.T.);
#7007 = LINE('',#7008,#7009);
#7008 = CARTESIAN_POINT('',(31.5,5.11E-15,22.999998787564));
#7009 = VECTOR('',#7010,1.);
#7010 = DIRECTION('',(0.,1.,-2.2E-16));
#7011 = PLANE('',#7012);
#7012 = AXIS2_PLACEMENT_3D('',#7013,#7014,#7015);
#7013 = CARTESIAN_POINT('',(31.5,6.22E-15,28.));
#7014 = DIRECTION('',(-1.,0.,6.537E-14));
#7015 = DIRECTION('',(-6.537E-14,-2.2E-16,-1.));
#7016 = ADVANCED_FACE('',(#7017),#7047,.F.);
#7017 = FACE_BOUND('',#7018,.F.);
#7018 = EDGE_LOOP('',(#7019,#7020,#7021,#7022,#7030,#7039,#7045,#7046));
#7019 = ORIENTED_EDGE('',*,*,#3110,.F.);
#7020 = ORIENTED_EDGE('',*,*,#7006,.T.);
#7021 = ORIENTED_EDGE('',*,*,#5219,.T.);
#7022 = ORIENTED_EDGE('',*,*,#7023,.F.);
#7023 = EDGE_CURVE('',#7024,#5212,#7026,.T.);
#7024 = VERTEX_POINT('',#7025);
#7025 = CARTESIAN_POINT('',(33.197222344654,10.,20.));
#7026 = LINE('',#7027,#7028);
#7027 = CARTESIAN_POINT('',(33.197222344654,5.11E-15,20.));
#7028 = VECTOR('',#7029,1.);
#7029 = DIRECTION('',(0.,-1.,2.2E-16));
#7030 = ORIENTED_EDGE('',*,*,#7031,.T.);
#7031 = EDGE_CURVE('',#7024,#7032,#7034,.T.);
#7032 = VERTEX_POINT('',#7033);
#7033 = CARTESIAN_POINT('',(36.802777655346,10.,20.));
#7034 = CIRCLE('',#7035,3.5);
#7035 = AXIS2_PLACEMENT_3D('',#7036,#7037,#7038);
#7036 = CARTESIAN_POINT('',(35.,10.,22.999998787564));
#7037 = DIRECTION('',(0.,-1.,0.));
#7038 = DIRECTION('',(1.,0.,0.));
#7039 = ORIENTED_EDGE('',*,*,#7040,.T.);
#7040 = EDGE_CURVE('',#7032,#5254,#7041,.T.);
#7041 = LINE('',#7042,#7043);
#7042 = CARTESIAN_POINT('',(36.802777655346,5.11E-15,20.));
#7043 = VECTOR('',#7044,1.);
#7044 = DIRECTION('',(0.,-1.,2.2E-16));
#7045 = ORIENTED_EDGE('',*,*,#5253,.T.);
#7046 = ORIENTED_EDGE('',*,*,#6989,.F.);
#7047 = CYLINDRICAL_SURFACE('',#7048,3.5);
#7048 = AXIS2_PLACEMENT_3D('',#7049,#7050,#7051);
#7049 = CARTESIAN_POINT('',(35.,5.11E-15,22.999998787564));
#7050 = DIRECTION('',(0.,-1.,2.2E-16));
#7051 = DIRECTION('',(1.,0.,0.));
#7052 = ADVANCED_FACE('',(#7053),#7072,.F.);
#7053 = FACE_BOUND('',#7054,.F.);
#7054 = EDGE_LOOP('',(#7055,#7056,#7064,#7069,#7070,#7071));
#7055 = ORIENTED_EDGE('',*,*,#6950,.F.);
#7056 = ORIENTED_EDGE('',*,*,#7057,.T.);
#7057 = EDGE_CURVE('',#6943,#7058,#7060,.T.);
#7058 = VERTEX_POINT('',#7059);
#7059 = CARTESIAN_POINT('',(26.5,-1.,12.));
#7060 = LINE('',#7061,#7062);
#7061 = CARTESIAN_POINT('',(26.5,6.,12.));
#7062 = VECTOR('',#7063,1.);
#7063 = DIRECTION('',(0.,-1.,0.));
#7064 = ORIENTED_EDGE('',*,*,#7065,.T.);
#7065 = EDGE_CURVE('',#7058,#6218,#7066,.T.);
#7066 = B_SPLINE_CURVE_WITH_KNOTS('',1,(#7067,#7068),.UNSPECIFIED.,.F.,
  .F.,(2,2),(0.,1.),.PIECEWISE_BEZIER_KNOTS.);
#7067 = CARTESIAN_POINT('',(26.5,-1.,12.));
#7068 = CARTESIAN_POINT('',(28.319851171331,0.819851171331,17.));
#7069 = ORIENTED_EDGE('',*,*,#6224,.T.);
#7070 = ORIENTED_EDGE('',*,*,#3166,.T.);
#7071 = ORIENTED_EDGE('',*,*,#3133,.T.);
#7072 = B_SPLINE_SURFACE_WITH_KNOTS('',1,1,(
    (#7073,#7074)
    ,(#7075,#7076
    )),.UNSPECIFIED.,.F.,.F.,.F.,(2,2),(2,2),(0.,7.),(0.,1.),
  .PIECEWISE_BEZIER_KNOTS.);
#7073 = CARTESIAN_POINT('',(26.5,6.,12.));
#7074 = CARTESIAN_POINT('',(28.319851171331,4.180148828669,17.));
#7075 = CARTESIAN_POINT('',(26.5,-1.,12.));
#7076 = CARTESIAN_POINT('',(28.319851171331,0.819851171331,17.));
#7077 = ADVANCED_FACE('',(#7078),#7084,.F.);
#7078 = FACE_BOUND('',#7079,.F.);
#7079 = EDGE_LOOP('',(#7080,#7081,#7082,#7083));
#7080 = ORIENTED_EDGE('',*,*,#3307,.T.);
#7081 = ORIENTED_EDGE('',*,*,#3269,.T.);
#7082 = ORIENTED_EDGE('',*,*,#5743,.T.);
#7083 = ORIENTED_EDGE('',*,*,#5675,.F.);
#7084 = PLANE('',#7085);
#7085 = AXIS2_PLACEMENT_3D('',#7086,#7087,#7088);
#7086 = CARTESIAN_POINT('',(91.020179374264,-6.492045838548,-61.));
#7087 = DIRECTION('',(0.,0.,1.));
#7088 = DIRECTION('',(1.,0.,0.));
#7089 = ADVANCED_FACE('',(#7090),#7101,.F.);
#7090 = FACE_BOUND('',#7091,.F.);
#7091 = EDGE_LOOP('',(#7092,#7093,#7099,#7100));
#7092 = ORIENTED_EDGE('',*,*,#5765,.F.);
#7093 = ORIENTED_EDGE('',*,*,#7094,.T.);
#7094 = EDGE_CURVE('',#5766,#3318,#7095,.T.);
#7095 = LINE('',#7096,#7097);
#7096 = CARTESIAN_POINT('',(0.,45.300001,-8.5));
#7097 = VECTOR('',#7098,1.);
#7098 = DIRECTION('',(-1.,-0.,-0.));
#7099 = ORIENTED_EDGE('',*,*,#3317,.T.);
#7100 = ORIENTED_EDGE('',*,*,#7094,.F.);
#7101 = CYLINDRICAL_SURFACE('',#7102,1.3);
#7102 = AXIS2_PLACEMENT_3D('',#7103,#7104,#7105);
#7103 = CARTESIAN_POINT('',(0.,44.000001,-8.5));
#7104 = DIRECTION('',(1.,0.,0.));
#7105 = DIRECTION('',(0.,1.,0.));
#7106 = ADVANCED_FACE('',(#7107),#7118,.F.);
#7107 = FACE_BOUND('',#7108,.F.);
#7108 = EDGE_LOOP('',(#7109,#7110,#7116,#7117));
#7109 = ORIENTED_EDGE('',*,*,#5754,.F.);
#7110 = ORIENTED_EDGE('',*,*,#7111,.T.);
#7111 = EDGE_CURVE('',#5755,#3329,#7112,.T.);
#7112 = LINE('',#7113,#7114);
#7113 = CARTESIAN_POINT('',(0.,46.875,-28.));
#7114 = VECTOR('',#7115,1.);
#7115 = DIRECTION('',(-1.,-0.,-0.));
#7116 = ORIENTED_EDGE('',*,*,#3328,.T.);
#7117 = ORIENTED_EDGE('',*,*,#7111,.F.);
#7118 = CYLINDRICAL_SURFACE('',#7119,2.875);
#7119 = AXIS2_PLACEMENT_3D('',#7120,#7121,#7122);
#7120 = CARTESIAN_POINT('',(0.,44.,-28.));
#7121 = DIRECTION('',(1.,0.,0.));
#7122 = DIRECTION('',(0.,1.,0.));
#7123 = ADVANCED_FACE('',(#7124),#7134,.T.);
#7124 = FACE_BOUND('',#7125,.T.);
#7125 = EDGE_LOOP('',(#7126,#7127,#7128));
#7126 = ORIENTED_EDGE('',*,*,#5709,.F.);
#7127 = ORIENTED_EDGE('',*,*,#3371,.T.);
#7128 = ORIENTED_EDGE('',*,*,#7129,.F.);
#7129 = EDGE_CURVE('',#5710,#3364,#7130,.T.);
#7130 = LINE('',#7131,#7132);
#7131 = CARTESIAN_POINT('',(-37.,39.125,13.875));
#7132 = VECTOR('',#7133,1.);
#7133 = DIRECTION('',(0.,-0.707106781187,0.707106781187));
#7134 = PLANE('',#7135);
#7135 = AXIS2_PLACEMENT_3D('',#7136,#7137,#7138);
#7136 = CARTESIAN_POINT('',(-37.,34.,2.5));
#7137 = DIRECTION('',(-1.,0.,0.));
#7138 = DIRECTION('',(0.,1.,0.));
#7139 = ADVANCED_FACE('',(#7140),#7146,.F.);
#7140 = FACE_BOUND('',#7141,.F.);
#7141 = EDGE_LOOP('',(#7142,#7143,#7144,#7145));
#7142 = ORIENTED_EDGE('',*,*,#7129,.F.);
#7143 = ORIENTED_EDGE('',*,*,#5717,.T.);
#7144 = ORIENTED_EDGE('',*,*,#3387,.T.);
#7145 = ORIENTED_EDGE('',*,*,#3363,.F.);
#7146 = PLANE('',#7147);
#7147 = AXIS2_PLACEMENT_3D('',#7148,#7149,#7150);
#7148 = CARTESIAN_POINT('',(-38.,36.,17.));
#7149 = DIRECTION('',(0.,-0.707106781187,-0.707106781187));
#7150 = DIRECTION('',(0.,-0.707106781187,0.707106781187));
#7151 = ADVANCED_FACE('',(#7152),#7163,.T.);
#7152 = FACE_BOUND('',#7153,.T.);
#7153 = EDGE_LOOP('',(#7154,#7155,#7156,#7157));
#7154 = ORIENTED_EDGE('',*,*,#3676,.T.);
#7155 = ORIENTED_EDGE('',*,*,#3700,.T.);
#7156 = ORIENTED_EDGE('',*,*,#3489,.F.);
#7157 = ORIENTED_EDGE('',*,*,#7158,.F.);
#7158 = EDGE_CURVE('',#3668,#3481,#7159,.T.);
#7159 = LINE('',#7160,#7161);
#7160 = CARTESIAN_POINT('',(-18.,47.499999232051,26.999999462436));
#7161 = VECTOR('',#7162,1.);
#7162 = DIRECTION('',(-1.,-0.,-0.));
#7163 = PLANE('',#7164);
#7164 = AXIS2_PLACEMENT_3D('',#7165,#7166,#7167);
#7165 = CARTESIAN_POINT('',(-18.,47.499999232051,32.000000537564));
#7166 = DIRECTION('',(0.,-1.,0.));
#7167 = DIRECTION('',(0.,0.,-1.));
#7168 = ADVANCED_FACE('',(#7169),#7204,.F.);
#7169 = FACE_BOUND('',#7170,.F.);
#7170 = EDGE_LOOP('',(#7171,#7172,#7178,#7179,#7180,#7181,#7189,#7198));
#7171 = ORIENTED_EDGE('',*,*,#3554,.F.);
#7172 = ORIENTED_EDGE('',*,*,#7173,.T.);
#7173 = EDGE_CURVE('',#3547,#3473,#7174,.T.);
#7174 = LINE('',#7175,#7176);
#7175 = CARTESIAN_POINT('',(-18.,40.499999232051,26.999999462436));
#7176 = VECTOR('',#7177,1.);
#7177 = DIRECTION('',(-1.,-0.,-0.));
#7178 = ORIENTED_EDGE('',*,*,#3480,.T.);
#7179 = ORIENTED_EDGE('',*,*,#7158,.F.);
#7180 = ORIENTED_EDGE('',*,*,#3667,.F.);
#7181 = ORIENTED_EDGE('',*,*,#7182,.T.);
#7182 = EDGE_CURVE('',#3660,#7183,#7185,.T.);
#7183 = VERTEX_POINT('',#7184);
#7184 = CARTESIAN_POINT('',(-18.,46.343074731333,24.4));
#7185 = LINE('',#7186,#7187);
#7186 = CARTESIAN_POINT('',(-18.,46.343074731333,24.4));
#7187 = VECTOR('',#7188,1.);
#7188 = DIRECTION('',(1.,0.,0.));
#7189 = ORIENTED_EDGE('',*,*,#7190,.F.);
#7190 = EDGE_CURVE('',#7191,#7183,#7193,.T.);
#7191 = VERTEX_POINT('',#7192);
#7192 = CARTESIAN_POINT('',(-18.,41.656923732769,24.4));
#7193 = CIRCLE('',#7194,3.5);
#7194 = AXIS2_PLACEMENT_3D('',#7195,#7196,#7197);
#7195 = CARTESIAN_POINT('',(-18.,43.999999232051,26.999999462436));
#7196 = DIRECTION('',(1.,0.,0.));
#7197 = DIRECTION('',(0.,1.,0.));
#7198 = ORIENTED_EDGE('',*,*,#7199,.F.);
#7199 = EDGE_CURVE('',#3555,#7191,#7200,.T.);
#7200 = LINE('',#7201,#7202);
#7201 = CARTESIAN_POINT('',(-18.,41.656923732769,24.4));
#7202 = VECTOR('',#7203,1.);
#7203 = DIRECTION('',(1.,0.,0.));
#7204 = CYLINDRICAL_SURFACE('',#7205,3.5);
#7205 = AXIS2_PLACEMENT_3D('',#7206,#7207,#7208);
#7206 = CARTESIAN_POINT('',(-18.,43.999999232051,26.999999462436));
#7207 = DIRECTION('',(1.,0.,0.));
#7208 = DIRECTION('',(0.,1.,0.));
#7209 = ADVANCED_FACE('',(#7210),#7216,.F.);
#7210 = FACE_BOUND('',#7211,.F.);
#7211 = EDGE_LOOP('',(#7212,#7213,#7214,#7215));
#7212 = ORIENTED_EDGE('',*,*,#3546,.T.);
#7213 = ORIENTED_EDGE('',*,*,#3519,.T.);
#7214 = ORIENTED_EDGE('',*,*,#3472,.F.);
#7215 = ORIENTED_EDGE('',*,*,#7173,.F.);
#7216 = PLANE('',#7217);
#7217 = AXIS2_PLACEMENT_3D('',#7218,#7219,#7220);
#7218 = CARTESIAN_POINT('',(-18.,40.499999232051,32.000000537564));
#7219 = DIRECTION('',(0.,-1.,-7.11E-15));
#7220 = DIRECTION('',(0.,7.11E-15,-1.));
#7221 = ADVANCED_FACE('',(#7222),#7237,.T.);
#7222 = FACE_BOUND('',#7223,.T.);
#7223 = EDGE_LOOP('',(#7224,#7225,#7226,#7227,#7233,#7234,#7235,#7236));
#7224 = ORIENTED_EDGE('',*,*,#3635,.T.);
#7225 = ORIENTED_EDGE('',*,*,#3659,.T.);
#7226 = ORIENTED_EDGE('',*,*,#7182,.T.);
#7227 = ORIENTED_EDGE('',*,*,#7228,.F.);
#7228 = EDGE_CURVE('',#7191,#7183,#7229,.T.);
#7229 = LINE('',#7230,#7231);
#7230 = CARTESIAN_POINT('',(-18.,58.000000339018,24.4));
#7231 = VECTOR('',#7232,1.);
#7232 = DIRECTION('',(0.,1.,0.));
#7233 = ORIENTED_EDGE('',*,*,#7199,.F.);
#7234 = ORIENTED_EDGE('',*,*,#3563,.T.);
#7235 = ORIENTED_EDGE('',*,*,#3587,.T.);
#7236 = ORIENTED_EDGE('',*,*,#3611,.T.);
#7237 = PLANE('',#7238);
#7238 = AXIS2_PLACEMENT_3D('',#7239,#7240,#7241);
#7239 = CARTESIAN_POINT('',(-16.,58.000001,24.4));
#7240 = DIRECTION('',(0.,0.,1.));
#7241 = DIRECTION('',(1.,0.,0.));
#7242 = ADVANCED_FACE('',(#7243,#7254),#7265,.F.);
#7243 = FACE_BOUND('',#7244,.F.);
#7244 = EDGE_LOOP('',(#7245,#7246,#7247,#7253));
#7245 = ORIENTED_EDGE('',*,*,#6120,.T.);
#7246 = ORIENTED_EDGE('',*,*,#5872,.T.);
#7247 = ORIENTED_EDGE('',*,*,#7248,.T.);
#7248 = EDGE_CURVE('',#5873,#4275,#7249,.T.);
#7249 = LINE('',#7250,#7251);
#7250 = CARTESIAN_POINT('',(46.,-11.,12.));
#7251 = VECTOR('',#7252,1.);
#7252 = DIRECTION('',(0.,1.,0.));
#7253 = ORIENTED_EDGE('',*,*,#4282,.F.);
#7254 = FACE_BOUND('',#7255,.F.);
#7255 = EDGE_LOOP('',(#7256,#7257,#7258,#7259));
#7256 = ORIENTED_EDGE('',*,*,#7057,.F.);
#7257 = ORIENTED_EDGE('',*,*,#6942,.F.);
#7258 = ORIENTED_EDGE('',*,*,#6917,.F.);
#7259 = ORIENTED_EDGE('',*,*,#7260,.F.);
#7260 = EDGE_CURVE('',#7058,#6911,#7261,.T.);
#7261 = LINE('',#7262,#7263);
#7262 = CARTESIAN_POINT('',(26.5,-1.,12.));
#7263 = VECTOR('',#7264,1.);
#7264 = DIRECTION('',(1.,0.,0.));
#7265 = PLANE('',#7266);
#7266 = AXIS2_PLACEMENT_3D('',#7267,#7268,#7269);
#7267 = CARTESIAN_POINT('',(125.,5.5,12.));
#7268 = DIRECTION('',(0.,0.,1.));
#7269 = DIRECTION('',(1.,0.,0.));
#7270 = ADVANCED_FACE('',(#7271),#7282,.T.);
#7271 = FACE_BOUND('',#7272,.T.);
#7272 = EDGE_LOOP('',(#7273,#7279,#7280,#7281));
#7273 = ORIENTED_EDGE('',*,*,#7274,.F.);
#7274 = EDGE_CURVE('',#5881,#4267,#7275,.T.);
#7275 = LINE('',#7276,#7277);
#7276 = CARTESIAN_POINT('',(46.,0.658758880278,2.5));
#7277 = VECTOR('',#7278,1.);
#7278 = DIRECTION('',(0.,1.,0.));
#7279 = ORIENTED_EDGE('',*,*,#5880,.T.);
#7280 = ORIENTED_EDGE('',*,*,#7248,.T.);
#7281 = ORIENTED_EDGE('',*,*,#4274,.F.);
#7282 = PLANE('',#7283);
#7283 = AXIS2_PLACEMENT_3D('',#7284,#7285,#7286);
#7284 = CARTESIAN_POINT('',(46.,-11.,0.));
#7285 = DIRECTION('',(-1.,0.,0.));
#7286 = DIRECTION('',(0.,1.,0.));
#7287 = ADVANCED_FACE('',(#7288,#7313),#7316,.T.);
#7288 = FACE_BOUND('',#7289,.T.);
#7289 = EDGE_LOOP('',(#7290,#7296,#7297,#7298,#7299,#7300,#7301,#7302,
    #7303,#7304,#7305,#7306,#7307,#7308,#7309,#7310,#7311,#7312));
#7290 = ORIENTED_EDGE('',*,*,#7291,.T.);
#7291 = EDGE_CURVE('',#4617,#5889,#7292,.T.);
#7292 = LINE('',#7293,#7294);
#7293 = CARTESIAN_POINT('',(114.,17.158758880278,2.5));
#7294 = VECTOR('',#7295,1.);
#7295 = DIRECTION('',(0.,-1.,0.));
#7296 = ORIENTED_EDGE('',*,*,#5888,.F.);
#7297 = ORIENTED_EDGE('',*,*,#7274,.T.);
#7298 = ORIENTED_EDGE('',*,*,#4266,.T.);
#7299 = ORIENTED_EDGE('',*,*,#4314,.T.);
#7300 = ORIENTED_EDGE('',*,*,#4338,.T.);
#7301 = ORIENTED_EDGE('',*,*,#4362,.T.);
#7302 = ORIENTED_EDGE('',*,*,#4386,.T.);
#7303 = ORIENTED_EDGE('',*,*,#4410,.T.);
#7304 = ORIENTED_EDGE('',*,*,#4434,.T.);
#7305 = ORIENTED_EDGE('',*,*,#4458,.T.);
#7306 = ORIENTED_EDGE('',*,*,#4482,.T.);
#7307 = ORIENTED_EDGE('',*,*,#4506,.T.);
#7308 = ORIENTED_EDGE('',*,*,#4530,.T.);
#7309 = ORIENTED_EDGE('',*,*,#4554,.T.);
#7310 = ORIENTED_EDGE('',*,*,#4578,.T.);
#7311 = ORIENTED_EDGE('',*,*,#4602,.T.);
#7312 = ORIENTED_EDGE('',*,*,#4616,.T.);
#7313 = FACE_BOUND('',#7314,.T.);
#7314 = EDGE_LOOP('',(#7315));
#7315 = ORIENTED_EDGE('',*,*,#5311,.T.);
#7316 = PLANE('',#7317);
#7317 = AXIS2_PLACEMENT_3D('',#7318,#7319,#7320);
#7318 = CARTESIAN_POINT('',(73.94000640832,12.317517760556,2.5));
#7319 = DIRECTION('',(-0.,-0.,-1.));
#7320 = DIRECTION('',(-1.,0.,0.));
#7321 = ADVANCED_FACE('',(#7322),#7333,.T.);
#7322 = FACE_BOUND('',#7323,.T.);
#7323 = EDGE_LOOP('',(#7324,#7325,#7331,#7332));
#7324 = ORIENTED_EDGE('',*,*,#4658,.F.);
#7325 = ORIENTED_EDGE('',*,*,#7326,.T.);
#7326 = EDGE_CURVE('',#4651,#5897,#7327,.T.);
#7327 = LINE('',#7328,#7329);
#7328 = CARTESIAN_POINT('',(114.,22.,12.));
#7329 = VECTOR('',#7330,1.);
#7330 = DIRECTION('',(0.,-1.,0.));
#7331 = ORIENTED_EDGE('',*,*,#5896,.F.);
#7332 = ORIENTED_EDGE('',*,*,#7291,.F.);
#7333 = PLANE('',#7334);
#7334 = AXIS2_PLACEMENT_3D('',#7335,#7336,#7337);
#7335 = CARTESIAN_POINT('',(114.,22.,0.));
#7336 = DIRECTION('',(1.,0.,0.));
#7337 = DIRECTION('',(0.,-1.,0.));
#7338 = ADVANCED_FACE('',(#7339,#7350),#7361,.F.);
#7339 = FACE_BOUND('',#7340,.F.);
#7340 = EDGE_LOOP('',(#7341,#7342,#7343,#7349));
#7341 = ORIENTED_EDGE('',*,*,#7326,.T.);
#7342 = ORIENTED_EDGE('',*,*,#5904,.T.);
#7343 = ORIENTED_EDGE('',*,*,#7344,.T.);
#7344 = EDGE_CURVE('',#5905,#4643,#7345,.T.);
#7345 = LINE('',#7346,#7347);
#7346 = CARTESIAN_POINT('',(136.,-11.,12.));
#7347 = VECTOR('',#7348,1.);
#7348 = DIRECTION('',(0.,1.,0.));
#7349 = ORIENTED_EDGE('',*,*,#4650,.F.);
#7350 = FACE_BOUND('',#7351,.F.);
#7351 = EDGE_LOOP('',(#7352,#7353,#7354,#7355));
#7352 = ORIENTED_EDGE('',*,*,#6886,.F.);
#7353 = ORIENTED_EDGE('',*,*,#6771,.F.);
#7354 = ORIENTED_EDGE('',*,*,#6746,.F.);
#7355 = ORIENTED_EDGE('',*,*,#7356,.F.);
#7356 = EDGE_CURVE('',#6887,#6740,#7357,.T.);
#7357 = LINE('',#7358,#7359);
#7358 = CARTESIAN_POINT('',(116.5,-1.,12.));
#7359 = VECTOR('',#7360,1.);
#7360 = DIRECTION('',(1.,0.,0.));
#7361 = PLANE('',#7362);
#7362 = AXIS2_PLACEMENT_3D('',#7363,#7364,#7365);
#7363 = CARTESIAN_POINT('',(125.,5.5,12.));
#7364 = DIRECTION('',(0.,0.,1.));
#7365 = DIRECTION('',(1.,0.,0.));
#7366 = ADVANCED_FACE('',(#7367),#7378,.T.);
#7367 = FACE_BOUND('',#7368,.T.);
#7368 = EDGE_LOOP('',(#7369,#7375,#7376,#7377));
#7369 = ORIENTED_EDGE('',*,*,#7370,.F.);
#7370 = EDGE_CURVE('',#5913,#4635,#7371,.T.);
#7371 = LINE('',#7372,#7373);
#7372 = CARTESIAN_POINT('',(136.,0.658758880278,2.5));
#7373 = VECTOR('',#7374,1.);
#7374 = DIRECTION('',(0.,1.,0.));
#7375 = ORIENTED_EDGE('',*,*,#5912,.T.);
#7376 = ORIENTED_EDGE('',*,*,#7344,.T.);
#7377 = ORIENTED_EDGE('',*,*,#4642,.F.);
#7378 = PLANE('',#7379);
#7379 = AXIS2_PLACEMENT_3D('',#7380,#7381,#7382);
#7380 = CARTESIAN_POINT('',(136.,-11.,0.));
#7381 = DIRECTION('',(-1.,0.,0.));
#7382 = DIRECTION('',(0.,1.,0.));
#7383 = ADVANCED_FACE('',(#7384,#7408),#7411,.T.);
#7384 = FACE_BOUND('',#7385,.T.);
#7385 = EDGE_LOOP('',(#7386,#7392,#7393,#7394,#7395,#7396,#7397,#7398,
    #7399,#7400,#7401,#7402,#7403,#7404,#7405,#7406,#7407));
#7386 = ORIENTED_EDGE('',*,*,#7387,.T.);
#7387 = EDGE_CURVE('',#4971,#5921,#7388,.T.);
#7388 = LINE('',#7389,#7390);
#7389 = CARTESIAN_POINT('',(204.,17.158758880278,2.5));
#7390 = VECTOR('',#7391,1.);
#7391 = DIRECTION('',(0.,-1.,0.));
#7392 = ORIENTED_EDGE('',*,*,#5920,.F.);
#7393 = ORIENTED_EDGE('',*,*,#7370,.T.);
#7394 = ORIENTED_EDGE('',*,*,#4634,.T.);
#7395 = ORIENTED_EDGE('',*,*,#4682,.T.);
#7396 = ORIENTED_EDGE('',*,*,#4706,.T.);
#7397 = ORIENTED_EDGE('',*,*,#4730,.T.);
#7398 = ORIENTED_EDGE('',*,*,#4754,.T.);
#7399 = ORIENTED_EDGE('',*,*,#4778,.T.);
#7400 = ORIENTED_EDGE('',*,*,#4802,.T.);
#7401 = ORIENTED_EDGE('',*,*,#4826,.T.);
#7402 = ORIENTED_EDGE('',*,*,#4850,.T.);
#7403 = ORIENTED_EDGE('',*,*,#4874,.T.);
#7404 = ORIENTED_EDGE('',*,*,#4898,.T.);
#7405 = ORIENTED_EDGE('',*,*,#4922,.T.);
#7406 = ORIENTED_EDGE('',*,*,#4946,.T.);
#7407 = ORIENTED_EDGE('',*,*,#4978,.T.);
#7408 = FACE_BOUND('',#7409,.T.);
#7409 = EDGE_LOOP('',(#7410));
#7410 = ORIENTED_EDGE('',*,*,#5483,.T.);
#7411 = PLANE('',#7412);
#7412 = AXIS2_PLACEMENT_3D('',#7413,#7414,#7415);
#7413 = CARTESIAN_POINT('',(73.94000640832,12.317517760556,2.5));
#7414 = DIRECTION('',(-0.,-0.,-1.));
#7415 = DIRECTION('',(-1.,0.,0.));
#7416 = ADVANCED_FACE('',(#7417),#7428,.T.);
#7417 = FACE_BOUND('',#7418,.T.);
#7418 = EDGE_LOOP('',(#7419,#7420,#7426,#7427));
#7419 = ORIENTED_EDGE('',*,*,#4970,.T.);
#7420 = ORIENTED_EDGE('',*,*,#7421,.T.);
#7421 = EDGE_CURVE('',#4963,#5929,#7422,.T.);
#7422 = LINE('',#7423,#7424);
#7423 = CARTESIAN_POINT('',(204.,22.,12.));
#7424 = VECTOR('',#7425,1.);
#7425 = DIRECTION('',(0.,-1.,0.));
#7426 = ORIENTED_EDGE('',*,*,#5928,.F.);
#7427 = ORIENTED_EDGE('',*,*,#7387,.F.);
#7428 = PLANE('',#7429);
#7429 = AXIS2_PLACEMENT_3D('',#7430,#7431,#7432);
#7430 = CARTESIAN_POINT('',(204.,22.,0.));
#7431 = DIRECTION('',(1.,0.,0.));
#7432 = DIRECTION('',(0.,-1.,0.));
#7433 = ADVANCED_FACE('',(#7434,#7445),#7456,.F.);
#7434 = FACE_BOUND('',#7435,.F.);
#7435 = EDGE_LOOP('',(#7436,#7437,#7438,#7444));
#7436 = ORIENTED_EDGE('',*,*,#7421,.T.);
#7437 = ORIENTED_EDGE('',*,*,#5936,.T.);
#7438 = ORIENTED_EDGE('',*,*,#7439,.T.);
#7439 = EDGE_CURVE('',#5937,#4993,#7440,.T.);
#7440 = LINE('',#7441,#7442);
#7441 = CARTESIAN_POINT('',(226.,-11.,12.));
#7442 = VECTOR('',#7443,1.);
#7443 = DIRECTION('',(0.,1.,0.));
#7444 = ORIENTED_EDGE('',*,*,#4992,.F.);
#7445 = FACE_BOUND('',#7446,.F.);
#7446 = EDGE_LOOP('',(#7447,#7448,#7449,#7450));
#7447 = ORIENTED_EDGE('',*,*,#6715,.F.);
#7448 = ORIENTED_EDGE('',*,*,#6600,.F.);
#7449 = ORIENTED_EDGE('',*,*,#6575,.F.);
#7450 = ORIENTED_EDGE('',*,*,#7451,.F.);
#7451 = EDGE_CURVE('',#6716,#6569,#7452,.T.);
#7452 = LINE('',#7453,#7454);
#7453 = CARTESIAN_POINT('',(206.5,-1.,12.));
#7454 = VECTOR('',#7455,1.);
#7455 = DIRECTION('',(1.,0.,0.));
#7456 = PLANE('',#7457);
#7457 = AXIS2_PLACEMENT_3D('',#7458,#7459,#7460);
#7458 = CARTESIAN_POINT('',(125.,5.5,12.));
#7459 = DIRECTION('',(0.,0.,1.));
#7460 = DIRECTION('',(1.,0.,0.));
#7461 = ADVANCED_FACE('',(#7462),#7468,.T.);
#7462 = FACE_BOUND('',#7463,.T.);
#7463 = EDGE_LOOP('',(#7464,#7465,#7466,#7467));
#7464 = ORIENTED_EDGE('',*,*,#6170,.F.);
#7465 = ORIENTED_EDGE('',*,*,#5944,.T.);
#7466 = ORIENTED_EDGE('',*,*,#7439,.T.);
#7467 = ORIENTED_EDGE('',*,*,#5016,.F.);
#7468 = PLANE('',#7469);
#7469 = AXIS2_PLACEMENT_3D('',#7470,#7471,#7472);
#7470 = CARTESIAN_POINT('',(226.,-11.,0.));
#7471 = DIRECTION('',(-1.,0.,0.));
#7472 = DIRECTION('',(0.,1.,0.));
#7473 = ADVANCED_FACE('',(#7474),#7489,.T.);
#7474 = FACE_BOUND('',#7475,.T.);
#7475 = EDGE_LOOP('',(#7476,#7477,#7478,#7479,#7480,#7486,#7487,#7488));
#7476 = ORIENTED_EDGE('',*,*,#5194,.T.);
#7477 = ORIENTED_EDGE('',*,*,#5163,.T.);
#7478 = ORIENTED_EDGE('',*,*,#5211,.T.);
#7479 = ORIENTED_EDGE('',*,*,#7023,.F.);
#7480 = ORIENTED_EDGE('',*,*,#7481,.T.);
#7481 = EDGE_CURVE('',#7024,#7032,#7482,.T.);
#7482 = LINE('',#7483,#7484);
#7483 = CARTESIAN_POINT('',(124.99999973705,10.,20.));
#7484 = VECTOR('',#7485,1.);
#7485 = DIRECTION('',(1.,0.,0.));
#7486 = ORIENTED_EDGE('',*,*,#7040,.T.);
#7487 = ORIENTED_EDGE('',*,*,#5262,.T.);
#7488 = ORIENTED_EDGE('',*,*,#5286,.T.);
#7489 = PLANE('',#7490);
#7490 = AXIS2_PLACEMENT_3D('',#7491,#7492,#7493);
#7491 = CARTESIAN_POINT('',(124.99999988528,9.666666673882,20.));
#7492 = DIRECTION('',(0.,0.,1.));
#7493 = DIRECTION('',(1.,0.,0.));
#7494 = ADVANCED_FACE('',(#7495),#7510,.T.);
#7495 = FACE_BOUND('',#7496,.T.);
#7496 = EDGE_LOOP('',(#7497,#7498,#7499,#7500,#7501,#7507,#7508,#7509));
#7497 = ORIENTED_EDGE('',*,*,#5366,.T.);
#7498 = ORIENTED_EDGE('',*,*,#5335,.T.);
#7499 = ORIENTED_EDGE('',*,*,#5383,.T.);
#7500 = ORIENTED_EDGE('',*,*,#6852,.F.);
#7501 = ORIENTED_EDGE('',*,*,#7502,.T.);
#7502 = EDGE_CURVE('',#6853,#6861,#7503,.T.);
#7503 = LINE('',#7504,#7505);
#7504 = CARTESIAN_POINT('',(124.99999973705,10.,20.));
#7505 = VECTOR('',#7506,1.);
#7506 = DIRECTION('',(1.,0.,0.));
#7507 = ORIENTED_EDGE('',*,*,#6869,.T.);
#7508 = ORIENTED_EDGE('',*,*,#5434,.T.);
#7509 = ORIENTED_EDGE('',*,*,#5458,.T.);
#7510 = PLANE('',#7511);
#7511 = AXIS2_PLACEMENT_3D('',#7512,#7513,#7514);
#7512 = CARTESIAN_POINT('',(124.99999988528,9.666666673882,20.));
#7513 = DIRECTION('',(0.,0.,1.));
#7514 = DIRECTION('',(1.,0.,0.));
#7515 = ADVANCED_FACE('',(#7516),#7531,.T.);
#7516 = FACE_BOUND('',#7517,.T.);
#7517 = EDGE_LOOP('',(#7518,#7519,#7520,#7521,#7522,#7528,#7529,#7530));
#7518 = ORIENTED_EDGE('',*,*,#5538,.T.);
#7519 = ORIENTED_EDGE('',*,*,#5507,.T.);
#7520 = ORIENTED_EDGE('',*,*,#5555,.T.);
#7521 = ORIENTED_EDGE('',*,*,#6681,.F.);
#7522 = ORIENTED_EDGE('',*,*,#7523,.T.);
#7523 = EDGE_CURVE('',#6682,#6690,#7524,.T.);
#7524 = LINE('',#7525,#7526);
#7525 = CARTESIAN_POINT('',(124.99999973705,10.,20.));
#7526 = VECTOR('',#7527,1.);
#7527 = DIRECTION('',(1.,0.,0.));
#7528 = ORIENTED_EDGE('',*,*,#6698,.T.);
#7529 = ORIENTED_EDGE('',*,*,#5606,.T.);
#7530 = ORIENTED_EDGE('',*,*,#5630,.T.);
#7531 = PLANE('',#7532);
#7532 = AXIS2_PLACEMENT_3D('',#7533,#7534,#7535);
#7533 = CARTESIAN_POINT('',(124.99999988528,9.666666673882,20.));
#7534 = DIRECTION('',(0.,0.,1.));
#7535 = DIRECTION('',(1.,0.,0.));
#7536 = ADVANCED_FACE('',(#7537),#7543,.F.);
#7537 = FACE_BOUND('',#7538,.F.);
#7538 = EDGE_LOOP('',(#7539,#7540,#7541,#7542));
#7539 = ORIENTED_EDGE('',*,*,#7065,.F.);
#7540 = ORIENTED_EDGE('',*,*,#7260,.T.);
#7541 = ORIENTED_EDGE('',*,*,#6910,.T.);
#7542 = ORIENTED_EDGE('',*,*,#6217,.T.);
#7543 = B_SPLINE_SURFACE_WITH_KNOTS('',1,1,(
    (#7544,#7545)
    ,(#7546,#7547
    )),.UNSPECIFIED.,.F.,.F.,.F.,(2,2),(2,2),(0.,17.),(0.,1.),
  .PIECEWISE_BEZIER_KNOTS.);
#7544 = CARTESIAN_POINT('',(26.5,-1.,12.));
#7545 = CARTESIAN_POINT('',(28.319851171331,0.819851171331,17.));
#7546 = CARTESIAN_POINT('',(43.5,-1.,12.));
#7547 = CARTESIAN_POINT('',(41.680148828669,0.819851171331,17.));
#7548 = ADVANCED_FACE('',(#7549),#7555,.F.);
#7549 = FACE_BOUND('',#7550,.F.);
#7550 = EDGE_LOOP('',(#7551,#7552,#7553,#7554));
#7551 = ORIENTED_EDGE('',*,*,#6894,.F.);
#7552 = ORIENTED_EDGE('',*,*,#7356,.T.);
#7553 = ORIENTED_EDGE('',*,*,#6739,.T.);
#7554 = ORIENTED_EDGE('',*,*,#6249,.T.);
#7555 = B_SPLINE_SURFACE_WITH_KNOTS('',1,1,(
    (#7556,#7557)
    ,(#7558,#7559
    )),.UNSPECIFIED.,.F.,.F.,.F.,(2,2),(2,2),(0.,17.),(0.,1.),
  .PIECEWISE_BEZIER_KNOTS.);
#7556 = CARTESIAN_POINT('',(116.5,-1.,12.));
#7557 = CARTESIAN_POINT('',(118.31985117133,0.819851171331,17.));
#7558 = CARTESIAN_POINT('',(133.5,-1.,12.));
#7559 = CARTESIAN_POINT('',(131.68014882866,0.819851171331,17.));
#7560 = ADVANCED_FACE('',(#7561),#7567,.F.);
#7561 = FACE_BOUND('',#7562,.F.);
#7562 = EDGE_LOOP('',(#7563,#7564,#7565,#7566));
#7563 = ORIENTED_EDGE('',*,*,#6723,.F.);
#7564 = ORIENTED_EDGE('',*,*,#7451,.T.);
#7565 = ORIENTED_EDGE('',*,*,#6568,.T.);
#7566 = ORIENTED_EDGE('',*,*,#6281,.T.);
#7567 = B_SPLINE_SURFACE_WITH_KNOTS('',1,1,(
    (#7568,#7569)
    ,(#7570,#7571
    )),.UNSPECIFIED.,.F.,.F.,.F.,(2,2),(2,2),(0.,17.),(0.,1.),
  .PIECEWISE_BEZIER_KNOTS.);
#7568 = CARTESIAN_POINT('',(206.5,-1.,12.));
#7569 = CARTESIAN_POINT('',(208.31985117133,0.819851171331,17.));
#7570 = CARTESIAN_POINT('',(223.5,-1.,12.));
#7571 = CARTESIAN_POINT('',(221.68014882866,0.819851171331,17.));
#7572 = ADVANCED_FACE('',(#7573),#7577,.F.);
#7573 = FACE_BOUND('',#7574,.F.);
#7574 = EDGE_LOOP('',(#7575,#7576));
#7575 = ORIENTED_EDGE('',*,*,#7523,.T.);
#7576 = ORIENTED_EDGE('',*,*,#6689,.F.);
#7577 = PLANE('',#7578);
#7578 = AXIS2_PLACEMENT_3D('',#7579,#7580,#7581);
#7579 = CARTESIAN_POINT('',(124.99999958883,10.,25.499999083333));
#7580 = DIRECTION('',(0.,1.,0.));
#7581 = DIRECTION('',(0.,0.,1.));
#7582 = ADVANCED_FACE('',(#7583),#7587,.F.);
#7583 = FACE_BOUND('',#7584,.F.);
#7584 = EDGE_LOOP('',(#7585,#7586));
#7585 = ORIENTED_EDGE('',*,*,#7502,.T.);
#7586 = ORIENTED_EDGE('',*,*,#6860,.F.);
#7587 = PLANE('',#7588);
#7588 = AXIS2_PLACEMENT_3D('',#7589,#7590,#7591);
#7589 = CARTESIAN_POINT('',(124.99999958883,10.,25.499999083333));
#7590 = DIRECTION('',(0.,1.,0.));
#7591 = DIRECTION('',(0.,0.,1.));
#7592 = ADVANCED_FACE('',(#7593),#7597,.F.);
#7593 = FACE_BOUND('',#7594,.F.);
#7594 = EDGE_LOOP('',(#7595,#7596));
#7595 = ORIENTED_EDGE('',*,*,#7481,.T.);
#7596 = ORIENTED_EDGE('',*,*,#7031,.F.);
#7597 = PLANE('',#7598);
#7598 = AXIS2_PLACEMENT_3D('',#7599,#7600,#7601);
#7599 = CARTESIAN_POINT('',(124.99999958883,10.,25.499999083333));
#7600 = DIRECTION('',(0.,1.,0.));
#7601 = DIRECTION('',(0.,0.,1.));
#7602 = ADVANCED_FACE('',(#7603),#7607,.F.);
#7603 = FACE_BOUND('',#7604,.F.);
#7604 = EDGE_LOOP('',(#7605,#7606));
#7605 = ORIENTED_EDGE('',*,*,#7190,.T.);
#7606 = ORIENTED_EDGE('',*,*,#7228,.F.);
#7607 = PLANE('',#7608);
#7608 = AXIS2_PLACEMENT_3D('',#7609,#7610,#7611);
#7609 = CARTESIAN_POINT('',(-18.,57.999999678035,29.499999696891));
#7610 = DIRECTION('',(1.,0.,0.));
#7611 = DIRECTION('',(0.,0.,1.));
#7612 = ( GEOMETRIC_REPRESENTATION_CONTEXT(3) 
GLOBAL_UNCERTAINTY_ASSIGNED_CONTEXT((#7616)) 
GLOBAL_UNIT_ASSIGNED_CONTEXT((#7613,#7614,#7615)) REPRESENTATION_CONTEXT
('Context #1','3D Context with UNIT and UNCERTAINTY') );
#7613 = ( LENGTH_UNIT() NAMED_UNIT(*) SI_UNIT(.MILLI.,.METRE.) );
#7614 = ( NAMED_UNIT(*) PLANE_ANGLE_UNIT() SI_UNIT($,.RADIAN.) );
#7615 = ( NAMED_UNIT(*) SI_UNIT($,.STERADIAN.) SOLID_ANGLE_UNIT() );
#7616 = UNCERTAINTY_MEASURE_WITH_UNIT(LENGTH_MEASURE(2.E-04),#7613,
  'distance_accuracy_value','confusion accuracy');
#7617 = PRODUCT_RELATED_PRODUCT_CATEGORY('part',$,(#7));
ENDSEC;
END-ISO-10303-21;
