ISO-10303-21;
HEADER;
FILE_DESCRIPTION(('FreeCAD Model'),'2;1');
FILE_NAME('Open CASCADE Shape Model','2026-08-23T15:00:50',(''),(''),
  'Open CASCADE STEP processor 7.8','FreeCAD','Unknown');
FILE_SCHEMA(('AUTOMOTIVE_DESIGN { 1 0 10303 214 1 1 1 1 }'));
ENDSEC;
DATA;
#1 = APPLICATION_PROTOCOL_DEFINITION('international standard',
  'automotive_design',2000,#2);
#2 = APPLICATION_CONTEXT(
  'core data for automotive mechanical design processes');
#3 = SHAPE_DEFINITION_REPRESENTATION(#4,#10);
#4 = PRODUCT_DEFINITION_SHAPE('','',#5);
#5 = PRODUCT_DEFINITION('design','',#6,#9);
#6 = PRODUCT_DEFINITION_FORMATION('','',#7);
#7 = PRODUCT('HW-C2-DCLMH-200-PRINTED-B','HW-C2-DCLMH-200-PRINTED-B','',
  (#8));
#8 = PRODUCT_CONTEXT('',#2,'mechanical');
#9 = PRODUCT_DEFINITION_CONTEXT('part definition',#2,'design');
#10 = ADVANCED_BREP_SHAPE_REPRESENTATION('',(#11,#15),#7484);
#11 = AXIS2_PLACEMENT_3D('',#12,#13,#14);
#12 = CARTESIAN_POINT('',(0.,0.,0.));
#13 = DIRECTION('',(0.,0.,1.));
#14 = DIRECTION('',(1.,0.,-0.));
#15 = MANIFOLD_SOLID_BREP('',#16);
#16 = CLOSED_SHELL('',(#17,#56,#85,#131,#187,#226,#281,#304,#327,#384,
    #1399,#1416,#1447,#1465,#1482,#1539,#1577,#1608,#1644,#1898,#1915,
    #1927,#1958,#2017,#2042,#2059,#2083,#2107,#2144,#2203,#2240,#2272,
    #2312,#2374,#2404,#2421,#2652,#2676,#2737,#2760,#2819,#2842,#2903,
    #2920,#2944,#3005,#3028,#3087,#3110,#3171,#3188,#3212,#3273,#3296,
    #3355,#3378,#3439,#3456,#3496,#3520,#3544,#3568,#3592,#3624,#3648,
    #3680,#3704,#3728,#3752,#3776,#3800,#3824,#3848,#3872,#3896,#3920,
    #3944,#3968,#4024,#4048,#4072,#4096,#4120,#4144,#4168,#4192,#4216,
    #4240,#4264,#4288,#4312,#4336,#4383,#4400,#4417,#4434,#4451,#4468,
    #4485,#4502,#4519,#4536,#4553,#4570,#4587,#4627,#4651,#4675,#4692,
    #4709,#4726,#4743,#4755,#4767,#4779,#4821,#4845,#4869,#4886,#4968,
    #4992,#5016,#5033,#5050,#5067,#5098,#5122,#5146,#5214,#5245,#5269,
    #5293,#5361,#5392,#5416,#5440,#5508,#5533,#5558,#5588,#5625,#5666,
    #5682,#5694,#5710,#5722,#5746,#5987,#6004,#6025,#6035,#6057,#6098,
    #6115,#6127,#6144,#6155,#6167,#6184,#6201,#6233,#6265,#6297,#6314,
    #6331,#6348,#6365,#6382,#6399,#6416,#6433,#6445,#6462,#6479,#6496,
    #6513,#6530,#6547,#6578,#6601,#6623,#6640,#6657,#6693,#6718,#6749,
    #6772,#6794,#6811,#6828,#6864,#6889,#6920,#6943,#6965,#6982,#6999,
    #7035,#7060,#7081,#7098,#7126,#7143,#7176,#7215,#7232,#7260,#7272,
    #7300,#7312,#7324,#7345,#7366,#7387,#7408,#7418,#7430,#7442,#7454,
    #7464,#7474));
#17 = ADVANCED_FACE('',(#18),#51,.T.);
#18 = FACE_BOUND('',#19,.T.);
#19 = EDGE_LOOP('',(#20,#29,#37,#45));
#20 = ORIENTED_EDGE('',*,*,#21,.T.);
#21 = EDGE_CURVE('',#22,#24,#26,.T.);
#22 = VERTEX_POINT('',#23);
#23 = CARTESIAN_POINT('',(-26.09999975,64.900000749996,4.972731051224));
#24 = VERTEX_POINT('',#25);
#25 = CARTESIAN_POINT('',(-26.10000025003,79.100000750033,4.972728303588
    ));
#26 = B_SPLINE_CURVE_WITH_KNOTS('',1,(#27,#28),.UNSPECIFIED.,.F.,.F.,(2,
    2),(0.,1.),.PIECEWISE_BEZIER_KNOTS.);
#27 = CARTESIAN_POINT('',(-26.1,64.900001,4.972729677509));
#28 = CARTESIAN_POINT('',(-26.1,79.1,4.972729677509));
#29 = ORIENTED_EDGE('',*,*,#30,.T.);
#30 = EDGE_CURVE('',#24,#31,#33,.T.);
#31 = VERTEX_POINT('',#32);
#32 = CARTESIAN_POINT('',(-26.1,79.100001,17.));
#33 = LINE('',#34,#35);
#34 = CARTESIAN_POINT('',(-26.1,79.100001,2.5));
#35 = VECTOR('',#36,1.);
#36 = DIRECTION('',(0.,0.,1.));
#37 = ORIENTED_EDGE('',*,*,#38,.F.);
#38 = EDGE_CURVE('',#39,#31,#41,.T.);
#39 = VERTEX_POINT('',#40);
#40 = CARTESIAN_POINT('',(-26.1,64.900001,17.));
#41 = LINE('',#42,#43);
#42 = CARTESIAN_POINT('',(-26.1,79.5500005,17.));
#43 = VECTOR('',#44,1.);
#44 = DIRECTION('',(0.,1.,0.));
#45 = ORIENTED_EDGE('',*,*,#46,.F.);
#46 = EDGE_CURVE('',#22,#39,#47,.T.);
#47 = LINE('',#48,#49);
#48 = CARTESIAN_POINT('',(-26.1,64.900001,2.5));
#49 = VECTOR('',#50,1.);
#50 = DIRECTION('',(0.,0.,1.));
#51 = PLANE('',#52);
#52 = AXIS2_PLACEMENT_3D('',#53,#54,#55);
#53 = CARTESIAN_POINT('',(-26.1,79.100001,2.5));
#54 = DIRECTION('',(1.,0.,0.));
#55 = DIRECTION('',(0.,-1.,0.));
#56 = ADVANCED_FACE('',(#57),#80,.F.);
#57 = FACE_BOUND('',#58,.F.);
#58 = EDGE_LOOP('',(#59,#69,#74,#75));
#59 = ORIENTED_EDGE('',*,*,#60,.F.);
#60 = EDGE_CURVE('',#61,#63,#65,.T.);
#61 = VERTEX_POINT('',#62);
#62 = CARTESIAN_POINT('',(-27.,64.,2.5));
#63 = VERTEX_POINT('',#64);
#64 = CARTESIAN_POINT('',(-27.,80.,2.5));
#65 = LINE('',#66,#67);
#66 = CARTESIAN_POINT('',(-27.,44.48369534275,2.5));
#67 = VECTOR('',#68,1.);
#68 = DIRECTION('',(0.,1.,0.));
#69 = ORIENTED_EDGE('',*,*,#70,.T.);
#70 = EDGE_CURVE('',#61,#22,#71,.T.);
#71 = B_SPLINE_CURVE_WITH_KNOTS('',1,(#72,#73),.UNSPECIFIED.,.F.,.F.,(2,
    2),(0.,1.),.PIECEWISE_BEZIER_KNOTS.);
#72 = CARTESIAN_POINT('',(-27.,64.,2.5));
#73 = CARTESIAN_POINT('',(-25.9080892972,65.091910702799,5.5));
#74 = ORIENTED_EDGE('',*,*,#21,.T.);
#75 = ORIENTED_EDGE('',*,*,#76,.F.);
#76 = EDGE_CURVE('',#63,#24,#77,.T.);
#77 = B_SPLINE_CURVE_WITH_KNOTS('',1,(#78,#79),.UNSPECIFIED.,.F.,.F.,(2,
    2),(0.,1.),.PIECEWISE_BEZIER_KNOTS.);
#78 = CARTESIAN_POINT('',(-27.,80.,2.5));
#79 = CARTESIAN_POINT('',(-25.9080892972,78.908089297201,5.5));
#80 = B_SPLINE_SURFACE_WITH_KNOTS('',1,1,(
    (#81,#82)
    ,(#83,#84)),.UNSPECIFIED.,.F.,.F.,.F.,(2,2),(2,2),(0.,16.),(0.,1.),
  .PIECEWISE_BEZIER_KNOTS.);
#81 = CARTESIAN_POINT('',(-27.,80.,2.5));
#82 = CARTESIAN_POINT('',(-25.9080892972,78.908089297201,5.5));
#83 = CARTESIAN_POINT('',(-27.,64.,2.5));
#84 = CARTESIAN_POINT('',(-25.9080892972,65.091910702799,5.5));
#85 = ADVANCED_FACE('',(#86),#126,.T.);
#86 = FACE_BOUND('',#87,.T.);
#87 = EDGE_LOOP('',(#88,#95,#96,#104,#112,#120));
#88 = ORIENTED_EDGE('',*,*,#89,.T.);
#89 = EDGE_CURVE('',#90,#22,#92,.T.);
#90 = VERTEX_POINT('',#91);
#91 = CARTESIAN_POINT('',(-20.90000024999,64.900000749996,4.972731051224
    ));
#92 = B_SPLINE_CURVE_WITH_KNOTS('',1,(#93,#94),.UNSPECIFIED.,.F.,.F.,(2,
    2),(0.,1.),.PIECEWISE_BEZIER_KNOTS.);
#93 = CARTESIAN_POINT('',(-20.900001,64.900001,4.972732424987));
#94 = CARTESIAN_POINT('',(-26.099999,64.900001,4.972732424987));
#95 = ORIENTED_EDGE('',*,*,#46,.T.);
#96 = ORIENTED_EDGE('',*,*,#97,.F.);
#97 = EDGE_CURVE('',#98,#39,#100,.T.);
#98 = VERTEX_POINT('',#99);
#99 = CARTESIAN_POINT('',(-25.9,64.900001,17.));
#100 = LINE('',#101,#102);
#101 = CARTESIAN_POINT('',(-32.05,64.900001,17.));
#102 = VECTOR('',#103,1.);
#103 = DIRECTION('',(-1.,0.,0.));
#104 = ORIENTED_EDGE('',*,*,#105,.F.);
#105 = EDGE_CURVE('',#106,#98,#108,.T.);
#106 = VERTEX_POINT('',#107);
#107 = CARTESIAN_POINT('',(-25.9,64.900001,39.));
#108 = LINE('',#109,#110);
#109 = CARTESIAN_POINT('',(-25.9,64.900001,17.36976049063));
#110 = VECTOR('',#111,1.);
#111 = DIRECTION('',(0.,0.,-1.));
#112 = ORIENTED_EDGE('',*,*,#113,.T.);
#113 = EDGE_CURVE('',#106,#114,#116,.T.);
#114 = VERTEX_POINT('',#115);
#115 = CARTESIAN_POINT('',(-20.9,64.900001,39.));
#116 = LINE('',#117,#118);
#117 = CARTESIAN_POINT('',(-26.1,64.900001,39.));
#118 = VECTOR('',#119,1.);
#119 = DIRECTION('',(1.,0.,0.));
#120 = ORIENTED_EDGE('',*,*,#121,.F.);
#121 = EDGE_CURVE('',#90,#114,#122,.T.);
#122 = LINE('',#123,#124);
#123 = CARTESIAN_POINT('',(-20.9,64.900001,2.5));
#124 = VECTOR('',#125,1.);
#125 = DIRECTION('',(0.,0.,1.));
#126 = PLANE('',#127);
#127 = AXIS2_PLACEMENT_3D('',#128,#129,#130);
#128 = CARTESIAN_POINT('',(-26.1,64.900001,2.5));
#129 = DIRECTION('',(0.,1.,0.));
#130 = DIRECTION('',(1.,0.,0.));
#131 = ADVANCED_FACE('',(#132),#182,.T.);
#132 = FACE_BOUND('',#133,.T.);
#133 = EDGE_LOOP('',(#134,#144,#152,#160,#166,#167,#168,#176));
#134 = ORIENTED_EDGE('',*,*,#135,.F.);
#135 = EDGE_CURVE('',#136,#138,#140,.T.);
#136 = VERTEX_POINT('',#137);
#137 = CARTESIAN_POINT('',(-37.,80.,17.));
#138 = VERTEX_POINT('',#139);
#139 = CARTESIAN_POINT('',(-25.9,80.,17.));
#140 = LINE('',#141,#142);
#141 = CARTESIAN_POINT('',(-38.,80.,17.));
#142 = VECTOR('',#143,1.);
#143 = DIRECTION('',(1.,0.,0.));
#144 = ORIENTED_EDGE('',*,*,#145,.T.);
#145 = EDGE_CURVE('',#136,#146,#148,.T.);
#146 = VERTEX_POINT('',#147);
#147 = CARTESIAN_POINT('',(-37.,60.,17.));
#148 = LINE('',#149,#150);
#149 = CARTESIAN_POINT('',(-37.,57.,17.));
#150 = VECTOR('',#151,1.);
#151 = DIRECTION('',(-0.,-1.,-0.));
#152 = ORIENTED_EDGE('',*,*,#153,.F.);
#153 = EDGE_CURVE('',#154,#146,#156,.T.);
#154 = VERTEX_POINT('',#155);
#155 = CARTESIAN_POINT('',(-25.9,60.,17.));
#156 = LINE('',#157,#158);
#157 = CARTESIAN_POINT('',(0.,60.,17.));
#158 = VECTOR('',#159,1.);
#159 = DIRECTION('',(-1.,-0.,-0.));
#160 = ORIENTED_EDGE('',*,*,#161,.F.);
#161 = EDGE_CURVE('',#98,#154,#162,.T.);
#162 = LINE('',#163,#164);
#163 = CARTESIAN_POINT('',(-25.9,80.,17.));
#164 = VECTOR('',#165,1.);
#165 = DIRECTION('',(0.,-1.,0.));
#166 = ORIENTED_EDGE('',*,*,#97,.T.);
#167 = ORIENTED_EDGE('',*,*,#38,.T.);
#168 = ORIENTED_EDGE('',*,*,#169,.T.);
#169 = EDGE_CURVE('',#31,#170,#172,.T.);
#170 = VERTEX_POINT('',#171);
#171 = CARTESIAN_POINT('',(-25.9,79.100001,17.));
#172 = LINE('',#173,#174);
#173 = CARTESIAN_POINT('',(-29.45,79.100001,17.));
#174 = VECTOR('',#175,1.);
#175 = DIRECTION('',(1.,0.,0.));
#176 = ORIENTED_EDGE('',*,*,#177,.F.);
#177 = EDGE_CURVE('',#138,#170,#178,.T.);
#178 = LINE('',#179,#180);
#179 = CARTESIAN_POINT('',(-25.9,80.,17.));
#180 = VECTOR('',#181,1.);
#181 = DIRECTION('',(0.,-1.,0.));
#182 = PLANE('',#183);
#183 = AXIS2_PLACEMENT_3D('',#184,#185,#186);
#184 = CARTESIAN_POINT('',(-32.82577313687,56.153027215879,17.));
#185 = DIRECTION('',(0.,0.,1.));
#186 = DIRECTION('',(1.,0.,0.));
#187 = ADVANCED_FACE('',(#188),#221,.T.);
#188 = FACE_BOUND('',#189,.T.);
#189 = EDGE_LOOP('',(#190,#197,#205,#213,#219,#220));
#190 = ORIENTED_EDGE('',*,*,#191,.T.);
#191 = EDGE_CURVE('',#24,#192,#194,.T.);
#192 = VERTEX_POINT('',#193);
#193 = CARTESIAN_POINT('',(-20.89999974996,79.100000750033,
    4.972728303588));
#194 = B_SPLINE_CURVE_WITH_KNOTS('',1,(#195,#196),.UNSPECIFIED.,.F.,.F.,
  (2,2),(0.,1.),.PIECEWISE_BEZIER_KNOTS.);
#195 = CARTESIAN_POINT('',(-26.1,79.100001,4.972726930032));
#196 = CARTESIAN_POINT('',(-20.9,79.100001,4.972726930032));
#197 = ORIENTED_EDGE('',*,*,#198,.T.);
#198 = EDGE_CURVE('',#192,#199,#201,.T.);
#199 = VERTEX_POINT('',#200);
#200 = CARTESIAN_POINT('',(-20.9,79.100001,39.));
#201 = LINE('',#202,#203);
#202 = CARTESIAN_POINT('',(-20.9,79.100001,2.5));
#203 = VECTOR('',#204,1.);
#204 = DIRECTION('',(0.,0.,1.));
#205 = ORIENTED_EDGE('',*,*,#206,.T.);
#206 = EDGE_CURVE('',#199,#207,#209,.T.);
#207 = VERTEX_POINT('',#208);
#208 = CARTESIAN_POINT('',(-25.9,79.100001,39.));
#209 = LINE('',#210,#211);
#210 = CARTESIAN_POINT('',(-20.9,79.100001,39.));
#211 = VECTOR('',#212,1.);
#212 = DIRECTION('',(-1.,0.,0.));
#213 = ORIENTED_EDGE('',*,*,#214,.F.);
#214 = EDGE_CURVE('',#170,#207,#215,.T.);
#215 = LINE('',#216,#217);
#216 = CARTESIAN_POINT('',(-25.9,79.100001,17.36976049063));
#217 = VECTOR('',#218,1.);
#218 = DIRECTION('',(0.,0.,1.));
#219 = ORIENTED_EDGE('',*,*,#169,.F.);
#220 = ORIENTED_EDGE('',*,*,#30,.F.);
#221 = PLANE('',#222);
#222 = AXIS2_PLACEMENT_3D('',#223,#224,#225);
#223 = CARTESIAN_POINT('',(-20.9,79.100001,2.5));
#224 = DIRECTION('',(0.,-1.,0.));
#225 = DIRECTION('',(-1.,0.,0.));
#226 = ADVANCED_FACE('',(#227),#276,.F.);
#227 = FACE_BOUND('',#228,.F.);
#228 = EDGE_LOOP('',(#229,#239,#247,#255,#261,#262,#270));
#229 = ORIENTED_EDGE('',*,*,#230,.F.);
#230 = EDGE_CURVE('',#231,#233,#235,.T.);
#231 = VERTEX_POINT('',#232);
#232 = CARTESIAN_POINT('',(-27.,49.,13.));
#233 = VERTEX_POINT('',#234);
#234 = CARTESIAN_POINT('',(-27.,98.,13.));
#235 = LINE('',#236,#237);
#236 = CARTESIAN_POINT('',(-27.,49.,13.));
#237 = VECTOR('',#238,1.);
#238 = DIRECTION('',(0.,1.,0.));
#239 = ORIENTED_EDGE('',*,*,#240,.T.);
#240 = EDGE_CURVE('',#231,#241,#243,.T.);
#241 = VERTEX_POINT('',#242);
#242 = CARTESIAN_POINT('',(-27.,49.,2.5));
#243 = LINE('',#244,#245);
#244 = CARTESIAN_POINT('',(-27.,49.,13.));
#245 = VECTOR('',#246,1.);
#246 = DIRECTION('',(0.,0.,-1.));
#247 = ORIENTED_EDGE('',*,*,#248,.T.);
#248 = EDGE_CURVE('',#241,#249,#251,.T.);
#249 = VERTEX_POINT('',#250);
#250 = CARTESIAN_POINT('',(-27.,52.,2.5));
#251 = LINE('',#252,#253);
#252 = CARTESIAN_POINT('',(-27.,44.48369534275,2.5));
#253 = VECTOR('',#254,1.);
#254 = DIRECTION('',(0.,1.,0.));
#255 = ORIENTED_EDGE('',*,*,#256,.T.);
#256 = EDGE_CURVE('',#249,#61,#257,.T.);
#257 = LINE('',#258,#259);
#258 = CARTESIAN_POINT('',(-27.,44.48369534275,2.5));
#259 = VECTOR('',#260,1.);
#260 = DIRECTION('',(0.,1.,0.));
#261 = ORIENTED_EDGE('',*,*,#60,.T.);
#262 = ORIENTED_EDGE('',*,*,#263,.T.);
#263 = EDGE_CURVE('',#63,#264,#266,.T.);
#264 = VERTEX_POINT('',#265);
#265 = CARTESIAN_POINT('',(-27.,98.,2.5));
#266 = LINE('',#267,#268);
#267 = CARTESIAN_POINT('',(-27.,44.48369534275,2.5));
#268 = VECTOR('',#269,1.);
#269 = DIRECTION('',(0.,1.,0.));
#270 = ORIENTED_EDGE('',*,*,#271,.T.);
#271 = EDGE_CURVE('',#264,#233,#272,.T.);
#272 = LINE('',#273,#274);
#273 = CARTESIAN_POINT('',(-27.,98.,3.647058823529));
#274 = VECTOR('',#275,1.);
#275 = DIRECTION('',(0.,0.,1.));
#276 = PLANE('',#277);
#277 = AXIS2_PLACEMENT_3D('',#278,#279,#280);
#278 = CARTESIAN_POINT('',(-27.,73.205882352941,4.794117647059));
#279 = DIRECTION('',(1.,0.,0.));
#280 = DIRECTION('',(0.,0.,1.));
#281 = ADVANCED_FACE('',(#282),#299,.F.);
#282 = FACE_BOUND('',#283,.F.);
#283 = EDGE_LOOP('',(#284,#291,#297,#298));
#284 = ORIENTED_EDGE('',*,*,#285,.F.);
#285 = EDGE_CURVE('',#286,#192,#288,.T.);
#286 = VERTEX_POINT('',#287);
#287 = CARTESIAN_POINT('',(-20.,80.,2.5));
#288 = B_SPLINE_CURVE_WITH_KNOTS('',1,(#289,#290),.UNSPECIFIED.,.F.,.F.,
  (2,2),(0.,1.),.PIECEWISE_BEZIER_KNOTS.);
#289 = CARTESIAN_POINT('',(-20.,80.,2.5));
#290 = CARTESIAN_POINT('',(-21.09191070279,78.908089297201,5.5));
#291 = ORIENTED_EDGE('',*,*,#292,.T.);
#292 = EDGE_CURVE('',#286,#63,#293,.T.);
#293 = LINE('',#294,#295);
#294 = CARTESIAN_POINT('',(-20.,80.,2.5));
#295 = VECTOR('',#296,1.);
#296 = DIRECTION('',(-1.,0.,0.));
#297 = ORIENTED_EDGE('',*,*,#76,.T.);
#298 = ORIENTED_EDGE('',*,*,#191,.T.);
#299 = B_SPLINE_SURFACE_WITH_KNOTS('',1,1,(
    (#300,#301)
    ,(#302,#303)),.UNSPECIFIED.,.F.,.F.,.F.,(2,2),(2,2),(0.,7.),(0.,1.),
  .PIECEWISE_BEZIER_KNOTS.);
#300 = CARTESIAN_POINT('',(-20.,80.,2.5));
#301 = CARTESIAN_POINT('',(-21.09191070279,78.908089297201,5.5));
#302 = CARTESIAN_POINT('',(-27.,80.,2.5));
#303 = CARTESIAN_POINT('',(-25.9080892972,78.908089297201,5.5));
#304 = ADVANCED_FACE('',(#305),#322,.F.);
#305 = FACE_BOUND('',#306,.F.);
#306 = EDGE_LOOP('',(#307,#308,#316,#321));
#307 = ORIENTED_EDGE('',*,*,#70,.F.);
#308 = ORIENTED_EDGE('',*,*,#309,.T.);
#309 = EDGE_CURVE('',#61,#310,#312,.T.);
#310 = VERTEX_POINT('',#311);
#311 = CARTESIAN_POINT('',(-20.,64.,2.5));
#312 = LINE('',#313,#314);
#313 = CARTESIAN_POINT('',(-27.,64.,2.5));
#314 = VECTOR('',#315,1.);
#315 = DIRECTION('',(1.,0.,0.));
#316 = ORIENTED_EDGE('',*,*,#317,.T.);
#317 = EDGE_CURVE('',#310,#90,#318,.T.);
#318 = B_SPLINE_CURVE_WITH_KNOTS('',1,(#319,#320),.UNSPECIFIED.,.F.,.F.,
  (2,2),(0.,1.),.PIECEWISE_BEZIER_KNOTS.);
#319 = CARTESIAN_POINT('',(-20.,64.,2.5));
#320 = CARTESIAN_POINT('',(-21.09191070279,65.091910702799,5.5));
#321 = ORIENTED_EDGE('',*,*,#89,.T.);
#322 = B_SPLINE_SURFACE_WITH_KNOTS('',1,1,(
    (#323,#324)
    ,(#325,#326)),.UNSPECIFIED.,.F.,.F.,.F.,(2,2),(2,2),(0.,7.),(0.,1.),
  .PIECEWISE_BEZIER_KNOTS.);
#323 = CARTESIAN_POINT('',(-27.,64.,2.5));
#324 = CARTESIAN_POINT('',(-25.9080892972,65.091910702799,5.5));
#325 = CARTESIAN_POINT('',(-20.,64.,2.5));
#326 = CARTESIAN_POINT('',(-21.09191070279,65.091910702799,5.5));
#327 = ADVANCED_FACE('',(#328,#343),#379,.T.);
#328 = FACE_BOUND('',#329,.T.);
#329 = EDGE_LOOP('',(#330,#335,#336,#342));
#330 = ORIENTED_EDGE('',*,*,#331,.T.);
#331 = EDGE_CURVE('',#192,#90,#332,.T.);
#332 = B_SPLINE_CURVE_WITH_KNOTS('',1,(#333,#334),.UNSPECIFIED.,.F.,.F.,
  (2,2),(0.,1.),.PIECEWISE_BEZIER_KNOTS.);
#333 = CARTESIAN_POINT('',(-20.9,79.1,4.972729677509));
#334 = CARTESIAN_POINT('',(-20.9,64.900001,4.972729677509));
#335 = ORIENTED_EDGE('',*,*,#121,.T.);
#336 = ORIENTED_EDGE('',*,*,#337,.T.);
#337 = EDGE_CURVE('',#114,#199,#338,.T.);
#338 = LINE('',#339,#340);
#339 = CARTESIAN_POINT('',(-20.9,64.900001,39.));
#340 = VECTOR('',#341,1.);
#341 = DIRECTION('',(0.,1.,0.));
#342 = ORIENTED_EDGE('',*,*,#198,.F.);
#343 = FACE_BOUND('',#344,.T.);
#344 = EDGE_LOOP('',(#345,#355,#364,#372));
#345 = ORIENTED_EDGE('',*,*,#346,.T.);
#346 = EDGE_CURVE('',#347,#349,#351,.T.);
#347 = VERTEX_POINT('',#348);
#348 = CARTESIAN_POINT('',(-20.9,75.5,26.999998787564));
#349 = VERTEX_POINT('',#350);
#350 = CARTESIAN_POINT('',(-20.9,75.5,32.));
#351 = LINE('',#352,#353);
#352 = CARTESIAN_POINT('',(-20.9,75.5,17.25));
#353 = VECTOR('',#354,1.);
#354 = DIRECTION('',(0.,0.,1.));
#355 = ORIENTED_EDGE('',*,*,#356,.T.);
#356 = EDGE_CURVE('',#349,#357,#359,.T.);
#357 = VERTEX_POINT('',#358);
#358 = CARTESIAN_POINT('',(-20.9,68.5,32.));
#359 = CIRCLE('',#360,3.5);
#360 = AXIS2_PLACEMENT_3D('',#361,#362,#363);
#361 = CARTESIAN_POINT('',(-20.9,72.,32.));
#362 = DIRECTION('',(1.,0.,0.));
#363 = DIRECTION('',(0.,1.,0.));
#364 = ORIENTED_EDGE('',*,*,#365,.F.);
#365 = EDGE_CURVE('',#366,#357,#368,.T.);
#366 = VERTEX_POINT('',#367);
#367 = CARTESIAN_POINT('',(-20.9,68.5,26.999998787564));
#368 = LINE('',#369,#370);
#369 = CARTESIAN_POINT('',(-20.9,68.5,17.25));
#370 = VECTOR('',#371,1.);
#371 = DIRECTION('',(0.,1.705E-14,1.));
#372 = ORIENTED_EDGE('',*,*,#373,.T.);
#373 = EDGE_CURVE('',#366,#347,#374,.T.);
#374 = CIRCLE('',#375,3.5);
#375 = AXIS2_PLACEMENT_3D('',#376,#377,#378);
#376 = CARTESIAN_POINT('',(-20.9,72.,26.999998787564));
#377 = DIRECTION('',(1.,0.,0.));
#378 = DIRECTION('',(0.,1.,0.));
#379 = PLANE('',#380);
#380 = AXIS2_PLACEMENT_3D('',#381,#382,#383);
#381 = CARTESIAN_POINT('',(-20.9,64.900001,2.5));
#382 = DIRECTION('',(-1.,0.,0.));
#383 = DIRECTION('',(0.,1.,0.));
#384 = ADVANCED_FACE('',(#385,#1180,#1214,#1248,#1259,#1270,#1304,#1338,
    #1372,#1383),#1394,.T.);
#385 = FACE_BOUND('',#386,.T.);
#386 = EDGE_LOOP('',(#387,#395,#403,#411,#419,#427,#435,#443,#451,#459,
    #467,#475,#483,#491,#499,#507,#515,#523,#531,#539,#547,#555,#563,
    #571,#579,#587,#595,#603,#611,#619,#627,#635,#643,#651,#659,#667,
    #675,#683,#691,#699,#707,#715,#723,#731,#739,#747,#755,#763,#771,
    #779,#787,#795,#803,#811,#819,#827,#835,#843,#851,#859,#867,#875,
    #883,#891,#899,#907,#915,#923,#931,#939,#947,#955,#963,#971,#979,
    #987,#995,#1003,#1011,#1019,#1027,#1035,#1043,#1051,#1059,#1067,
    #1075,#1083,#1091,#1099,#1107,#1115,#1123,#1131,#1139,#1147,#1155,
    #1163,#1171,#1177,#1178,#1179));
#387 = ORIENTED_EDGE('',*,*,#388,.F.);
#388 = EDGE_CURVE('',#389,#106,#391,.T.);
#389 = VERTEX_POINT('',#390);
#390 = CARTESIAN_POINT('',(-25.9,60.,39.));
#391 = LINE('',#392,#393);
#392 = CARTESIAN_POINT('',(-25.9,36.880754166279,39.));
#393 = VECTOR('',#394,1.);
#394 = DIRECTION('',(0.,1.,0.));
#395 = ORIENTED_EDGE('',*,*,#396,.T.);
#396 = EDGE_CURVE('',#389,#397,#399,.T.);
#397 = VERTEX_POINT('',#398);
#398 = CARTESIAN_POINT('',(-37.,60.,39.));
#399 = LINE('',#400,#401);
#400 = CARTESIAN_POINT('',(0.,60.,39.));
#401 = VECTOR('',#402,1.);
#402 = DIRECTION('',(-1.,-0.,-0.));
#403 = ORIENTED_EDGE('',*,*,#404,.T.);
#404 = EDGE_CURVE('',#397,#405,#407,.T.);
#405 = VERTEX_POINT('',#406);
#406 = CARTESIAN_POINT('',(-37.,56.,39.));
#407 = LINE('',#408,#409);
#408 = CARTESIAN_POINT('',(-37.,60.,39.));
#409 = VECTOR('',#410,1.);
#410 = DIRECTION('',(0.,-1.,0.));
#411 = ORIENTED_EDGE('',*,*,#412,.F.);
#412 = EDGE_CURVE('',#413,#405,#415,.T.);
#413 = VERTEX_POINT('',#414);
#414 = CARTESIAN_POINT('',(-25.9,56.,39.));
#415 = LINE('',#416,#417);
#416 = CARTESIAN_POINT('',(0.,56.,39.));
#417 = VECTOR('',#418,1.);
#418 = DIRECTION('',(-1.,-0.,-0.));
#419 = ORIENTED_EDGE('',*,*,#420,.F.);
#420 = EDGE_CURVE('',#421,#413,#423,.T.);
#421 = VERTEX_POINT('',#422);
#422 = CARTESIAN_POINT('',(-25.9,51.100001,39.));
#423 = LINE('',#424,#425);
#424 = CARTESIAN_POINT('',(-25.9,36.880754166279,39.));
#425 = VECTOR('',#426,1.);
#426 = DIRECTION('',(0.,1.,0.));
#427 = ORIENTED_EDGE('',*,*,#428,.F.);
#428 = EDGE_CURVE('',#429,#421,#431,.T.);
#429 = VERTEX_POINT('',#430);
#430 = CARTESIAN_POINT('',(-20.9,51.100001,39.));
#431 = LINE('',#432,#433);
#432 = CARTESIAN_POINT('',(-20.9,51.100001,39.));
#433 = VECTOR('',#434,1.);
#434 = DIRECTION('',(-1.,0.,0.));
#435 = ORIENTED_EDGE('',*,*,#436,.F.);
#436 = EDGE_CURVE('',#437,#429,#439,.T.);
#437 = VERTEX_POINT('',#438);
#438 = CARTESIAN_POINT('',(-20.9,36.900001,39.));
#439 = LINE('',#440,#441);
#440 = CARTESIAN_POINT('',(-20.9,36.900001,39.));
#441 = VECTOR('',#442,1.);
#442 = DIRECTION('',(0.,1.,0.));
#443 = ORIENTED_EDGE('',*,*,#444,.F.);
#444 = EDGE_CURVE('',#445,#437,#447,.T.);
#445 = VERTEX_POINT('',#446);
#446 = CARTESIAN_POINT('',(-25.9,36.900001,39.));
#447 = LINE('',#448,#449);
#448 = CARTESIAN_POINT('',(-26.1,36.900001,39.));
#449 = VECTOR('',#450,1.);
#450 = DIRECTION('',(1.,0.,0.));
#451 = ORIENTED_EDGE('',*,*,#452,.F.);
#452 = EDGE_CURVE('',#453,#445,#455,.T.);
#453 = VERTEX_POINT('',#454);
#454 = CARTESIAN_POINT('',(-25.9,34.,39.));
#455 = LINE('',#456,#457);
#456 = CARTESIAN_POINT('',(-25.9,36.880754166279,39.));
#457 = VECTOR('',#458,1.);
#458 = DIRECTION('',(0.,1.,0.));
#459 = ORIENTED_EDGE('',*,*,#460,.F.);
#460 = EDGE_CURVE('',#461,#453,#463,.T.);
#461 = VERTEX_POINT('',#462);
#462 = CARTESIAN_POINT('',(-42.,34.,39.));
#463 = LINE('',#464,#465);
#464 = CARTESIAN_POINT('',(16.359622143813,34.,39.));
#465 = VECTOR('',#466,1.);
#466 = DIRECTION('',(1.,0.,0.));
#467 = ORIENTED_EDGE('',*,*,#468,.F.);
#468 = EDGE_CURVE('',#469,#461,#471,.T.);
#469 = VERTEX_POINT('',#470);
#470 = CARTESIAN_POINT('',(-42.,14.,39.));
#471 = LINE('',#472,#473);
#472 = CARTESIAN_POINT('',(-42.,14.,39.));
#473 = VECTOR('',#474,1.);
#474 = DIRECTION('',(0.,1.,0.));
#475 = ORIENTED_EDGE('',*,*,#476,.F.);
#476 = EDGE_CURVE('',#477,#469,#479,.T.);
#477 = VERTEX_POINT('',#478);
#478 = CARTESIAN_POINT('',(-37.,14.,39.));
#479 = LINE('',#480,#481);
#480 = CARTESIAN_POINT('',(-37.,14.,39.));
#481 = VECTOR('',#482,1.);
#482 = DIRECTION('',(-1.,0.,0.));
#483 = ORIENTED_EDGE('',*,*,#484,.F.);
#484 = EDGE_CURVE('',#485,#477,#487,.T.);
#485 = VERTEX_POINT('',#486);
#486 = CARTESIAN_POINT('',(-7.,-16.,39.));
#487 = LINE('',#488,#489);
#488 = CARTESIAN_POINT('',(-7.,-16.,39.));
#489 = VECTOR('',#490,1.);
#490 = DIRECTION('',(-0.707106781187,0.707106781187,0.));
#491 = ORIENTED_EDGE('',*,*,#492,.T.);
#492 = EDGE_CURVE('',#485,#493,#495,.T.);
#493 = VERTEX_POINT('',#494);
#494 = CARTESIAN_POINT('',(23.,-16.,39.));
#495 = LINE('',#496,#497);
#496 = CARTESIAN_POINT('',(-7.,-16.,39.));
#497 = VECTOR('',#498,1.);
#498 = DIRECTION('',(1.,0.,0.));
#499 = ORIENTED_EDGE('',*,*,#500,.T.);
#500 = EDGE_CURVE('',#493,#501,#503,.T.);
#501 = VERTEX_POINT('',#502);
#502 = CARTESIAN_POINT('',(23.,9.E-15,39.));
#503 = LINE('',#504,#505);
#504 = CARTESIAN_POINT('',(23.,7.880754166279,39.));
#505 = VECTOR('',#506,1.);
#506 = DIRECTION('',(0.,1.,0.));
#507 = ORIENTED_EDGE('',*,*,#508,.F.);
#508 = EDGE_CURVE('',#509,#501,#511,.T.);
#509 = VERTEX_POINT('',#510);
#510 = CARTESIAN_POINT('',(27.4,6.E-15,39.));
#511 = LINE('',#512,#513);
#512 = CARTESIAN_POINT('',(97.859622143813,5.66E-15,39.));
#513 = VECTOR('',#514,1.);
#514 = DIRECTION('',(-1.,0.,0.));
#515 = ORIENTED_EDGE('',*,*,#516,.F.);
#516 = EDGE_CURVE('',#517,#509,#519,.T.);
#517 = VERTEX_POINT('',#518);
#518 = CARTESIAN_POINT('',(27.4,5.1,39.));
#519 = LINE('',#520,#521);
#520 = CARTESIAN_POINT('',(27.4,5.1,39.));
#521 = VECTOR('',#522,1.);
#522 = DIRECTION('',(0.,-1.,0.));
#523 = ORIENTED_EDGE('',*,*,#524,.F.);
#524 = EDGE_CURVE('',#525,#517,#527,.T.);
#525 = VERTEX_POINT('',#526);
#526 = CARTESIAN_POINT('',(42.600001,5.1,39.));
#527 = LINE('',#528,#529);
#528 = CARTESIAN_POINT('',(42.600001,5.1,39.));
#529 = VECTOR('',#530,1.);
#530 = DIRECTION('',(-1.,0.,0.));
#531 = ORIENTED_EDGE('',*,*,#532,.F.);
#532 = EDGE_CURVE('',#533,#525,#535,.T.);
#533 = VERTEX_POINT('',#534);
#534 = CARTESIAN_POINT('',(42.600001,6.E-15,39.));
#535 = LINE('',#536,#537);
#536 = CARTESIAN_POINT('',(42.600001,-1.E-01,39.));
#537 = VECTOR('',#538,1.);
#538 = DIRECTION('',(0.,1.,0.));
#539 = ORIENTED_EDGE('',*,*,#540,.F.);
#540 = EDGE_CURVE('',#541,#533,#543,.T.);
#541 = VERTEX_POINT('',#542);
#542 = CARTESIAN_POINT('',(47.,9.E-15,39.));
#543 = LINE('',#544,#545);
#544 = CARTESIAN_POINT('',(97.859622143813,5.66E-15,39.));
#545 = VECTOR('',#546,1.);
#546 = DIRECTION('',(-1.,0.,0.));
#547 = ORIENTED_EDGE('',*,*,#548,.T.);
#548 = EDGE_CURVE('',#541,#549,#551,.T.);
#549 = VERTEX_POINT('',#550);
#550 = CARTESIAN_POINT('',(47.,-16.,39.));
#551 = LINE('',#552,#553);
#552 = CARTESIAN_POINT('',(47.,7.880754166279,39.));
#553 = VECTOR('',#554,1.);
#554 = DIRECTION('',(0.,-1.,0.));
#555 = ORIENTED_EDGE('',*,*,#556,.T.);
#556 = EDGE_CURVE('',#549,#557,#559,.T.);
#557 = VERTEX_POINT('',#558);
#558 = CARTESIAN_POINT('',(113.,-16.,39.));
#559 = LINE('',#560,#561);
#560 = CARTESIAN_POINT('',(-7.,-16.,39.));
#561 = VECTOR('',#562,1.);
#562 = DIRECTION('',(1.,0.,0.));
#563 = ORIENTED_EDGE('',*,*,#564,.T.);
#564 = EDGE_CURVE('',#557,#565,#567,.T.);
#565 = VERTEX_POINT('',#566);
#566 = CARTESIAN_POINT('',(113.,9.E-15,39.));
#567 = LINE('',#568,#569);
#568 = CARTESIAN_POINT('',(113.,7.880754166279,39.));
#569 = VECTOR('',#570,1.);
#570 = DIRECTION('',(0.,1.,0.));
#571 = ORIENTED_EDGE('',*,*,#572,.F.);
#572 = EDGE_CURVE('',#573,#565,#575,.T.);
#573 = VERTEX_POINT('',#574);
#574 = CARTESIAN_POINT('',(117.400002,6.E-15,39.));
#575 = LINE('',#576,#577);
#576 = CARTESIAN_POINT('',(97.859622143813,5.66E-15,39.));
#577 = VECTOR('',#578,1.);
#578 = DIRECTION('',(-1.,0.,0.));
#579 = ORIENTED_EDGE('',*,*,#580,.F.);
#580 = EDGE_CURVE('',#581,#573,#583,.T.);
#581 = VERTEX_POINT('',#582);
#582 = CARTESIAN_POINT('',(117.400002,5.1,39.));
#583 = LINE('',#584,#585);
#584 = CARTESIAN_POINT('',(117.400002,5.1,39.));
#585 = VECTOR('',#586,1.);
#586 = DIRECTION('',(0.,-1.,0.));
#587 = ORIENTED_EDGE('',*,*,#588,.F.);
#588 = EDGE_CURVE('',#589,#581,#591,.T.);
#589 = VERTEX_POINT('',#590);
#590 = CARTESIAN_POINT('',(132.600002,5.1,39.));
#591 = LINE('',#592,#593);
#592 = CARTESIAN_POINT('',(132.600002,5.1,39.));
#593 = VECTOR('',#594,1.);
#594 = DIRECTION('',(-1.,0.,0.));
#595 = ORIENTED_EDGE('',*,*,#596,.F.);
#596 = EDGE_CURVE('',#597,#589,#599,.T.);
#597 = VERTEX_POINT('',#598);
#598 = CARTESIAN_POINT('',(132.600002,6.E-15,39.));
#599 = LINE('',#600,#601);
#600 = CARTESIAN_POINT('',(132.600002,-1.E-01,39.));
#601 = VECTOR('',#602,1.);
#602 = DIRECTION('',(0.,1.,0.));
#603 = ORIENTED_EDGE('',*,*,#604,.F.);
#604 = EDGE_CURVE('',#605,#597,#607,.T.);
#605 = VERTEX_POINT('',#606);
#606 = CARTESIAN_POINT('',(137.,9.E-15,39.));
#607 = LINE('',#608,#609);
#608 = CARTESIAN_POINT('',(97.859622143813,5.66E-15,39.));
#609 = VECTOR('',#610,1.);
#610 = DIRECTION('',(-1.,0.,0.));
#611 = ORIENTED_EDGE('',*,*,#612,.T.);
#612 = EDGE_CURVE('',#605,#613,#615,.T.);
#613 = VERTEX_POINT('',#614);
#614 = CARTESIAN_POINT('',(137.,-16.,39.));
#615 = LINE('',#616,#617);
#616 = CARTESIAN_POINT('',(137.,7.880754166279,39.));
#617 = VECTOR('',#618,1.);
#618 = DIRECTION('',(0.,-1.,0.));
#619 = ORIENTED_EDGE('',*,*,#620,.T.);
#620 = EDGE_CURVE('',#613,#621,#623,.T.);
#621 = VERTEX_POINT('',#622);
#622 = CARTESIAN_POINT('',(203.,-16.,39.));
#623 = LINE('',#624,#625);
#624 = CARTESIAN_POINT('',(-7.,-16.,39.));
#625 = VECTOR('',#626,1.);
#626 = DIRECTION('',(1.,0.,0.));
#627 = ORIENTED_EDGE('',*,*,#628,.T.);
#628 = EDGE_CURVE('',#621,#629,#631,.T.);
#629 = VERTEX_POINT('',#630);
#630 = CARTESIAN_POINT('',(203.,9.E-15,39.));
#631 = LINE('',#632,#633);
#632 = CARTESIAN_POINT('',(203.,7.880754166279,39.));
#633 = VECTOR('',#634,1.);
#634 = DIRECTION('',(0.,1.,0.));
#635 = ORIENTED_EDGE('',*,*,#636,.F.);
#636 = EDGE_CURVE('',#637,#629,#639,.T.);
#637 = VERTEX_POINT('',#638);
#638 = CARTESIAN_POINT('',(207.400003,6.E-15,39.));
#639 = LINE('',#640,#641);
#640 = CARTESIAN_POINT('',(97.859622143813,5.66E-15,39.));
#641 = VECTOR('',#642,1.);
#642 = DIRECTION('',(-1.,0.,0.));
#643 = ORIENTED_EDGE('',*,*,#644,.F.);
#644 = EDGE_CURVE('',#645,#637,#647,.T.);
#645 = VERTEX_POINT('',#646);
#646 = CARTESIAN_POINT('',(207.400003,5.1,39.));
#647 = LINE('',#648,#649);
#648 = CARTESIAN_POINT('',(207.400003,5.1,39.));
#649 = VECTOR('',#650,1.);
#650 = DIRECTION('',(0.,-1.,0.));
#651 = ORIENTED_EDGE('',*,*,#652,.F.);
#652 = EDGE_CURVE('',#653,#645,#655,.T.);
#653 = VERTEX_POINT('',#654);
#654 = CARTESIAN_POINT('',(222.600003,5.1,39.));
#655 = LINE('',#656,#657);
#656 = CARTESIAN_POINT('',(222.600003,5.1,39.));
#657 = VECTOR('',#658,1.);
#658 = DIRECTION('',(-1.,0.,0.));
#659 = ORIENTED_EDGE('',*,*,#660,.F.);
#660 = EDGE_CURVE('',#661,#653,#663,.T.);
#661 = VERTEX_POINT('',#662);
#662 = CARTESIAN_POINT('',(222.600003,6.E-15,39.));
#663 = LINE('',#664,#665);
#664 = CARTESIAN_POINT('',(222.600003,-1.E-01,39.));
#665 = VECTOR('',#666,1.);
#666 = DIRECTION('',(0.,1.,0.));
#667 = ORIENTED_EDGE('',*,*,#668,.F.);
#668 = EDGE_CURVE('',#669,#661,#671,.T.);
#669 = VERTEX_POINT('',#670);
#670 = CARTESIAN_POINT('',(227.,9.E-15,39.));
#671 = LINE('',#672,#673);
#672 = CARTESIAN_POINT('',(97.859622143813,5.66E-15,39.));
#673 = VECTOR('',#674,1.);
#674 = DIRECTION('',(-1.,0.,0.));
#675 = ORIENTED_EDGE('',*,*,#676,.T.);
#676 = EDGE_CURVE('',#669,#677,#679,.T.);
#677 = VERTEX_POINT('',#678);
#678 = CARTESIAN_POINT('',(227.,-16.,39.));
#679 = LINE('',#680,#681);
#680 = CARTESIAN_POINT('',(227.,7.880754166279,39.));
#681 = VECTOR('',#682,1.);
#682 = DIRECTION('',(0.,-1.,0.));
#683 = ORIENTED_EDGE('',*,*,#684,.T.);
#684 = EDGE_CURVE('',#677,#685,#687,.T.);
#685 = VERTEX_POINT('',#686);
#686 = CARTESIAN_POINT('',(235.,-16.,39.));
#687 = LINE('',#688,#689);
#688 = CARTESIAN_POINT('',(-7.,-16.,39.));
#689 = VECTOR('',#690,1.);
#690 = DIRECTION('',(1.,0.,0.));
#691 = ORIENTED_EDGE('',*,*,#692,.F.);
#692 = EDGE_CURVE('',#693,#685,#695,.T.);
#693 = VERTEX_POINT('',#694);
#694 = CARTESIAN_POINT('',(235.,-1.,39.));
#695 = LINE('',#696,#697);
#696 = CARTESIAN_POINT('',(235.,-1.,39.));
#697 = VECTOR('',#698,1.);
#698 = DIRECTION('',(0.,-1.,0.));
#699 = ORIENTED_EDGE('',*,*,#700,.T.);
#700 = EDGE_CURVE('',#693,#701,#703,.T.);
#701 = VERTEX_POINT('',#702);
#702 = CARTESIAN_POINT('',(234.,0.,39.));
#703 = LINE('',#704,#705);
#704 = CARTESIAN_POINT('',(235.,-1.,39.));
#705 = VECTOR('',#706,1.);
#706 = DIRECTION('',(-0.707106781187,0.707106781187,0.));
#707 = ORIENTED_EDGE('',*,*,#708,.T.);
#708 = EDGE_CURVE('',#701,#709,#711,.T.);
#709 = VERTEX_POINT('',#710);
#710 = CARTESIAN_POINT('',(229.,0.,39.));
#711 = LINE('',#712,#713);
#712 = CARTESIAN_POINT('',(234.,0.,39.));
#713 = VECTOR('',#714,1.);
#714 = DIRECTION('',(-1.,0.,0.));
#715 = ORIENTED_EDGE('',*,*,#716,.T.);
#716 = EDGE_CURVE('',#709,#717,#719,.T.);
#717 = VERTEX_POINT('',#718);
#718 = CARTESIAN_POINT('',(228.,1.,39.));
#719 = LINE('',#720,#721);
#720 = CARTESIAN_POINT('',(229.,0.,39.));
#721 = VECTOR('',#722,1.);
#722 = DIRECTION('',(-0.707106781187,0.707106781187,0.));
#723 = ORIENTED_EDGE('',*,*,#724,.F.);
#724 = EDGE_CURVE('',#725,#717,#727,.T.);
#725 = VERTEX_POINT('',#726);
#726 = CARTESIAN_POINT('',(228.,10.,39.));
#727 = LINE('',#728,#729);
#728 = CARTESIAN_POINT('',(228.,10.,39.));
#729 = VECTOR('',#730,1.);
#730 = DIRECTION('',(0.,-1.,0.));
#731 = ORIENTED_EDGE('',*,*,#732,.F.);
#732 = EDGE_CURVE('',#733,#725,#735,.T.);
#733 = VERTEX_POINT('',#734);
#734 = CARTESIAN_POINT('',(226.,14.,39.));
#735 = LINE('',#736,#737);
#736 = CARTESIAN_POINT('',(226.,14.,39.));
#737 = VECTOR('',#738,1.);
#738 = DIRECTION('',(0.4472135955,-0.894427191,0.));
#739 = ORIENTED_EDGE('',*,*,#740,.F.);
#740 = EDGE_CURVE('',#741,#733,#743,.T.);
#741 = VERTEX_POINT('',#742);
#742 = CARTESIAN_POINT('',(204.,14.,39.));
#743 = LINE('',#744,#745);
#744 = CARTESIAN_POINT('',(204.,14.,39.));
#745 = VECTOR('',#746,1.);
#746 = DIRECTION('',(1.,0.,0.));
#747 = ORIENTED_EDGE('',*,*,#748,.F.);
#748 = EDGE_CURVE('',#749,#741,#751,.T.);
#749 = VERTEX_POINT('',#750);
#750 = CARTESIAN_POINT('',(202.,12.,39.));
#751 = LINE('',#752,#753);
#752 = CARTESIAN_POINT('',(202.,12.,39.));
#753 = VECTOR('',#754,1.);
#754 = DIRECTION('',(0.707106781187,0.707106781187,0.));
#755 = ORIENTED_EDGE('',*,*,#756,.F.);
#756 = EDGE_CURVE('',#757,#749,#759,.T.);
#757 = VERTEX_POINT('',#758);
#758 = CARTESIAN_POINT('',(202.,2.,39.));
#759 = LINE('',#760,#761);
#760 = CARTESIAN_POINT('',(202.,2.,39.));
#761 = VECTOR('',#762,1.);
#762 = DIRECTION('',(0.,1.,0.));
#763 = ORIENTED_EDGE('',*,*,#764,.F.);
#764 = EDGE_CURVE('',#765,#757,#767,.T.);
#765 = VERTEX_POINT('',#766);
#766 = CARTESIAN_POINT('',(200.,0.,39.));
#767 = LINE('',#768,#769);
#768 = CARTESIAN_POINT('',(200.,0.,39.));
#769 = VECTOR('',#770,1.);
#770 = DIRECTION('',(0.707106781187,0.707106781187,0.));
#771 = ORIENTED_EDGE('',*,*,#772,.F.);
#772 = EDGE_CURVE('',#773,#765,#775,.T.);
#773 = VERTEX_POINT('',#774);
#774 = CARTESIAN_POINT('',(185.,0.,39.));
#775 = LINE('',#776,#777);
#776 = CARTESIAN_POINT('',(185.,0.,39.));
#777 = VECTOR('',#778,1.);
#778 = DIRECTION('',(1.,0.,0.));
#779 = ORIENTED_EDGE('',*,*,#780,.F.);
#780 = EDGE_CURVE('',#781,#773,#783,.T.);
#781 = VERTEX_POINT('',#782);
#782 = CARTESIAN_POINT('',(172.,13.,39.));
#783 = LINE('',#784,#785);
#784 = CARTESIAN_POINT('',(172.,13.,39.));
#785 = VECTOR('',#786,1.);
#786 = DIRECTION('',(0.707106781187,-0.707106781187,0.));
#787 = ORIENTED_EDGE('',*,*,#788,.F.);
#788 = EDGE_CURVE('',#789,#781,#791,.T.);
#789 = VERTEX_POINT('',#790);
#790 = CARTESIAN_POINT('',(164.,13.,39.));
#791 = LINE('',#792,#793);
#792 = CARTESIAN_POINT('',(164.,13.,39.));
#793 = VECTOR('',#794,1.);
#794 = DIRECTION('',(1.,0.,0.));
#795 = ORIENTED_EDGE('',*,*,#796,.F.);
#796 = EDGE_CURVE('',#797,#789,#799,.T.);
#797 = VERTEX_POINT('',#798);
#798 = CARTESIAN_POINT('',(162.,11.,39.));
#799 = LINE('',#800,#801);
#800 = CARTESIAN_POINT('',(162.,11.,39.));
#801 = VECTOR('',#802,1.);
#802 = DIRECTION('',(0.707106781187,0.707106781187,0.));
#803 = ORIENTED_EDGE('',*,*,#804,.F.);
#804 = EDGE_CURVE('',#805,#797,#807,.T.);
#805 = VERTEX_POINT('',#806);
#806 = CARTESIAN_POINT('',(162.,3.,39.));
#807 = LINE('',#808,#809);
#808 = CARTESIAN_POINT('',(162.,3.,39.));
#809 = VECTOR('',#810,1.);
#810 = DIRECTION('',(0.,1.,0.));
#811 = ORIENTED_EDGE('',*,*,#812,.F.);
#812 = EDGE_CURVE('',#813,#805,#815,.T.);
#813 = VERTEX_POINT('',#814);
#814 = CARTESIAN_POINT('',(159.,0.,39.));
#815 = LINE('',#816,#817);
#816 = CARTESIAN_POINT('',(159.,0.,39.));
#817 = VECTOR('',#818,1.);
#818 = DIRECTION('',(0.707106781187,0.707106781187,0.));
#819 = ORIENTED_EDGE('',*,*,#820,.F.);
#820 = EDGE_CURVE('',#821,#813,#823,.T.);
#821 = VERTEX_POINT('',#822);
#822 = CARTESIAN_POINT('',(144.,0.,39.));
#823 = LINE('',#824,#825);
#824 = CARTESIAN_POINT('',(144.,0.,39.));
#825 = VECTOR('',#826,1.);
#826 = DIRECTION('',(1.,0.,0.));
#827 = ORIENTED_EDGE('',*,*,#828,.F.);
#828 = EDGE_CURVE('',#829,#821,#831,.T.);
#829 = VERTEX_POINT('',#830);
#830 = CARTESIAN_POINT('',(142.,2.,39.));
#831 = LINE('',#832,#833);
#832 = CARTESIAN_POINT('',(142.,2.,39.));
#833 = VECTOR('',#834,1.);
#834 = DIRECTION('',(0.707106781187,-0.707106781187,0.));
#835 = ORIENTED_EDGE('',*,*,#836,.F.);
#836 = EDGE_CURVE('',#837,#829,#839,.T.);
#837 = VERTEX_POINT('',#838);
#838 = CARTESIAN_POINT('',(142.,15.,39.));
#839 = LINE('',#840,#841);
#840 = CARTESIAN_POINT('',(142.,15.,39.));
#841 = VECTOR('',#842,1.);
#842 = DIRECTION('',(0.,-1.,0.));
#843 = ORIENTED_EDGE('',*,*,#844,.F.);
#844 = EDGE_CURVE('',#845,#837,#847,.T.);
#845 = VERTEX_POINT('',#846);
#846 = CARTESIAN_POINT('',(140.,17.,39.));
#847 = LINE('',#848,#849);
#848 = CARTESIAN_POINT('',(140.,17.,39.));
#849 = VECTOR('',#850,1.);
#850 = DIRECTION('',(0.707106781187,-0.707106781187,0.));
#851 = ORIENTED_EDGE('',*,*,#852,.F.);
#852 = EDGE_CURVE('',#853,#845,#855,.T.);
#853 = VERTEX_POINT('',#854);
#854 = CARTESIAN_POINT('',(113.,17.,39.));
#855 = LINE('',#856,#857);
#856 = CARTESIAN_POINT('',(113.,17.,39.));
#857 = VECTOR('',#858,1.);
#858 = DIRECTION('',(1.,0.,0.));
#859 = ORIENTED_EDGE('',*,*,#860,.F.);
#860 = EDGE_CURVE('',#861,#853,#863,.T.);
#861 = VERTEX_POINT('',#862);
#862 = CARTESIAN_POINT('',(111.,15.,39.));
#863 = LINE('',#864,#865);
#864 = CARTESIAN_POINT('',(111.,15.,39.));
#865 = VECTOR('',#866,1.);
#866 = DIRECTION('',(0.707106781187,0.707106781187,0.));
#867 = ORIENTED_EDGE('',*,*,#868,.F.);
#868 = EDGE_CURVE('',#869,#861,#871,.T.);
#869 = VERTEX_POINT('',#870);
#870 = CARTESIAN_POINT('',(111.,3.,39.));
#871 = LINE('',#872,#873);
#872 = CARTESIAN_POINT('',(111.,3.,39.));
#873 = VECTOR('',#874,1.);
#874 = DIRECTION('',(0.,1.,0.));
#875 = ORIENTED_EDGE('',*,*,#876,.F.);
#876 = EDGE_CURVE('',#877,#869,#879,.T.);
#877 = VERTEX_POINT('',#878);
#878 = CARTESIAN_POINT('',(108.,0.,39.));
#879 = LINE('',#880,#881);
#880 = CARTESIAN_POINT('',(108.,0.,39.));
#881 = VECTOR('',#882,1.);
#882 = DIRECTION('',(0.707106781187,0.707106781187,0.));
#883 = ORIENTED_EDGE('',*,*,#884,.F.);
#884 = EDGE_CURVE('',#885,#877,#887,.T.);
#885 = VERTEX_POINT('',#886);
#886 = CARTESIAN_POINT('',(97.,0.,39.));
#887 = LINE('',#888,#889);
#888 = CARTESIAN_POINT('',(97.,0.,39.));
#889 = VECTOR('',#890,1.);
#890 = DIRECTION('',(1.,0.,0.));
#891 = ORIENTED_EDGE('',*,*,#892,.F.);
#892 = EDGE_CURVE('',#893,#885,#895,.T.);
#893 = VERTEX_POINT('',#894);
#894 = CARTESIAN_POINT('',(84.,13.,39.));
#895 = LINE('',#896,#897);
#896 = CARTESIAN_POINT('',(84.,13.,39.));
#897 = VECTOR('',#898,1.);
#898 = DIRECTION('',(0.707106781187,-0.707106781187,0.));
#899 = ORIENTED_EDGE('',*,*,#900,.F.);
#900 = EDGE_CURVE('',#901,#893,#903,.T.);
#901 = VERTEX_POINT('',#902);
#902 = CARTESIAN_POINT('',(75.,13.,39.));
#903 = LINE('',#904,#905);
#904 = CARTESIAN_POINT('',(75.,13.,39.));
#905 = VECTOR('',#906,1.);
#906 = DIRECTION('',(1.,0.,0.));
#907 = ORIENTED_EDGE('',*,*,#908,.F.);
#908 = EDGE_CURVE('',#909,#901,#911,.T.);
#909 = VERTEX_POINT('',#910);
#910 = CARTESIAN_POINT('',(73.,11.,39.));
#911 = LINE('',#912,#913);
#912 = CARTESIAN_POINT('',(73.,11.,39.));
#913 = VECTOR('',#914,1.);
#914 = DIRECTION('',(0.707106781187,0.707106781187,0.));
#915 = ORIENTED_EDGE('',*,*,#916,.F.);
#916 = EDGE_CURVE('',#917,#909,#919,.T.);
#917 = VERTEX_POINT('',#918);
#918 = CARTESIAN_POINT('',(73.,3.,39.));
#919 = LINE('',#920,#921);
#920 = CARTESIAN_POINT('',(73.,3.,39.));
#921 = VECTOR('',#922,1.);
#922 = DIRECTION('',(0.,1.,0.));
#923 = ORIENTED_EDGE('',*,*,#924,.F.);
#924 = EDGE_CURVE('',#925,#917,#927,.T.);
#925 = VERTEX_POINT('',#926);
#926 = CARTESIAN_POINT('',(70.,0.,39.));
#927 = LINE('',#928,#929);
#928 = CARTESIAN_POINT('',(70.,0.,39.));
#929 = VECTOR('',#930,1.);
#930 = DIRECTION('',(0.707106781187,0.707106781187,0.));
#931 = ORIENTED_EDGE('',*,*,#932,.F.);
#932 = EDGE_CURVE('',#933,#925,#935,.T.);
#933 = VERTEX_POINT('',#934);
#934 = CARTESIAN_POINT('',(54.,0.,39.));
#935 = LINE('',#936,#937);
#936 = CARTESIAN_POINT('',(54.,0.,39.));
#937 = VECTOR('',#938,1.);
#938 = DIRECTION('',(1.,0.,0.));
#939 = ORIENTED_EDGE('',*,*,#940,.F.);
#940 = EDGE_CURVE('',#941,#933,#943,.T.);
#941 = VERTEX_POINT('',#942);
#942 = CARTESIAN_POINT('',(52.,2.,39.));
#943 = LINE('',#944,#945);
#944 = CARTESIAN_POINT('',(52.,2.,39.));
#945 = VECTOR('',#946,1.);
#946 = DIRECTION('',(0.707106781187,-0.707106781187,0.));
#947 = ORIENTED_EDGE('',*,*,#948,.F.);
#948 = EDGE_CURVE('',#949,#941,#951,.T.);
#949 = VERTEX_POINT('',#950);
#950 = CARTESIAN_POINT('',(52.,10.,39.));
#951 = LINE('',#952,#953);
#952 = CARTESIAN_POINT('',(52.,10.,39.));
#953 = VECTOR('',#954,1.);
#954 = DIRECTION('',(0.,-1.,0.));
#955 = ORIENTED_EDGE('',*,*,#956,.F.);
#956 = EDGE_CURVE('',#957,#949,#959,.T.);
#957 = VERTEX_POINT('',#958);
#958 = CARTESIAN_POINT('',(47.,15.,39.));
#959 = LINE('',#960,#961);
#960 = CARTESIAN_POINT('',(47.,15.,39.));
#961 = VECTOR('',#962,1.);
#962 = DIRECTION('',(0.707106781187,-0.707106781187,0.));
#963 = ORIENTED_EDGE('',*,*,#964,.F.);
#964 = EDGE_CURVE('',#965,#957,#967,.T.);
#965 = VERTEX_POINT('',#966);
#966 = CARTESIAN_POINT('',(23.,15.,39.));
#967 = LINE('',#968,#969);
#968 = CARTESIAN_POINT('',(23.,15.,39.));
#969 = VECTOR('',#970,1.);
#970 = DIRECTION('',(1.,0.,0.));
#971 = ORIENTED_EDGE('',*,*,#972,.F.);
#972 = EDGE_CURVE('',#973,#965,#975,.T.);
#973 = VERTEX_POINT('',#974);
#974 = CARTESIAN_POINT('',(18.,10.,39.));
#975 = LINE('',#976,#977);
#976 = CARTESIAN_POINT('',(18.,10.,39.));
#977 = VECTOR('',#978,1.);
#978 = DIRECTION('',(0.707106781187,0.707106781187,0.));
#979 = ORIENTED_EDGE('',*,*,#980,.F.);
#980 = EDGE_CURVE('',#981,#973,#983,.T.);
#981 = VERTEX_POINT('',#982);
#982 = CARTESIAN_POINT('',(0.,10.,39.));
#983 = LINE('',#984,#985);
#984 = CARTESIAN_POINT('',(0.,10.,39.));
#985 = VECTOR('',#986,1.);
#986 = DIRECTION('',(1.,0.,0.));
#987 = ORIENTED_EDGE('',*,*,#988,.T.);
#988 = EDGE_CURVE('',#981,#989,#991,.T.);
#989 = VERTEX_POINT('',#990);
#990 = CARTESIAN_POINT('',(-7.,13.,39.));
#991 = LINE('',#992,#993);
#992 = CARTESIAN_POINT('',(0.,10.,39.));
#993 = VECTOR('',#994,1.);
#994 = DIRECTION('',(-0.919145030018,0.393919298579,0.));
#995 = ORIENTED_EDGE('',*,*,#996,.T.);
#996 = EDGE_CURVE('',#989,#997,#999,.T.);
#997 = VERTEX_POINT('',#998);
#998 = CARTESIAN_POINT('',(-15.,13.,39.));
#999 = LINE('',#1000,#1001);
#1000 = CARTESIAN_POINT('',(-7.,13.,39.));
#1001 = VECTOR('',#1002,1.);
#1002 = DIRECTION('',(-1.,0.,0.));
#1003 = ORIENTED_EDGE('',*,*,#1004,.T.);
#1004 = EDGE_CURVE('',#997,#1005,#1007,.T.);
#1005 = VERTEX_POINT('',#1006);
#1006 = CARTESIAN_POINT('',(-21.,10.,39.));
#1007 = LINE('',#1008,#1009);
#1008 = CARTESIAN_POINT('',(-15.,13.,39.));
#1009 = VECTOR('',#1010,1.);
#1010 = DIRECTION('',(-0.894427191,-0.4472135955,0.));
#1011 = ORIENTED_EDGE('',*,*,#1012,.T.);
#1012 = EDGE_CURVE('',#1005,#1013,#1015,.T.);
#1013 = VERTEX_POINT('',#1014);
#1014 = CARTESIAN_POINT('',(-25.,10.,39.));
#1015 = LINE('',#1016,#1017);
#1016 = CARTESIAN_POINT('',(-21.,10.,39.));
#1017 = VECTOR('',#1018,1.);
#1018 = DIRECTION('',(-1.,0.,0.));
#1019 = ORIENTED_EDGE('',*,*,#1020,.T.);
#1020 = EDGE_CURVE('',#1013,#1021,#1023,.T.);
#1021 = VERTEX_POINT('',#1022);
#1022 = CARTESIAN_POINT('',(-29.,12.,39.));
#1023 = LINE('',#1024,#1025);
#1024 = CARTESIAN_POINT('',(-25.,10.,39.));
#1025 = VECTOR('',#1026,1.);
#1026 = DIRECTION('',(-0.894427191,0.4472135955,0.));
#1027 = ORIENTED_EDGE('',*,*,#1028,.T.);
#1028 = EDGE_CURVE('',#1021,#1029,#1031,.T.);
#1029 = VERTEX_POINT('',#1030);
#1030 = CARTESIAN_POINT('',(-32.,16.,39.));
#1031 = LINE('',#1032,#1033);
#1032 = CARTESIAN_POINT('',(-29.,12.,39.));
#1033 = VECTOR('',#1034,1.);
#1034 = DIRECTION('',(-0.6,0.8,0.));
#1035 = ORIENTED_EDGE('',*,*,#1036,.T.);
#1036 = EDGE_CURVE('',#1029,#1037,#1039,.T.);
#1037 = VERTEX_POINT('',#1038);
#1038 = CARTESIAN_POINT('',(-32.5,20.,39.));
#1039 = LINE('',#1040,#1041);
#1040 = CARTESIAN_POINT('',(-32.,16.,39.));
#1041 = VECTOR('',#1042,1.);
#1042 = DIRECTION('',(-0.124034734589,0.992277876714,0.));
#1043 = ORIENTED_EDGE('',*,*,#1044,.T.);
#1044 = EDGE_CURVE('',#1037,#1045,#1047,.T.);
#1045 = VERTEX_POINT('',#1046);
#1046 = CARTESIAN_POINT('',(-31.,26.,39.));
#1047 = LINE('',#1048,#1049);
#1048 = CARTESIAN_POINT('',(-32.5,20.,39.));
#1049 = VECTOR('',#1050,1.);
#1050 = DIRECTION('',(0.242535625036,0.970142500145,0.));
#1051 = ORIENTED_EDGE('',*,*,#1052,.T.);
#1052 = EDGE_CURVE('',#1045,#1053,#1055,.T.);
#1053 = VERTEX_POINT('',#1054);
#1054 = CARTESIAN_POINT('',(-26.,29.,39.));
#1055 = LINE('',#1056,#1057);
#1056 = CARTESIAN_POINT('',(-31.,26.,39.));
#1057 = VECTOR('',#1058,1.);
#1058 = DIRECTION('',(0.857492925713,0.514495755428,0.));
#1059 = ORIENTED_EDGE('',*,*,#1060,.T.);
#1060 = EDGE_CURVE('',#1053,#1061,#1063,.T.);
#1061 = VERTEX_POINT('',#1062);
#1062 = CARTESIAN_POINT('',(-12.,30.,39.));
#1063 = LINE('',#1064,#1065);
#1064 = CARTESIAN_POINT('',(-26.,29.,39.));
#1065 = VECTOR('',#1066,1.);
#1066 = DIRECTION('',(0.997458699831,7.124704998791E-02,0.));
#1067 = ORIENTED_EDGE('',*,*,#1068,.T.);
#1068 = EDGE_CURVE('',#1061,#1069,#1071,.T.);
#1069 = VERTEX_POINT('',#1070);
#1070 = CARTESIAN_POINT('',(-12.,56.,39.));
#1071 = LINE('',#1072,#1073);
#1072 = CARTESIAN_POINT('',(-12.,30.,39.));
#1073 = VECTOR('',#1074,1.);
#1074 = DIRECTION('',(0.,1.,0.));
#1075 = ORIENTED_EDGE('',*,*,#1076,.F.);
#1076 = EDGE_CURVE('',#1077,#1069,#1079,.T.);
#1077 = VERTEX_POINT('',#1078);
#1078 = CARTESIAN_POINT('',(0.,56.,39.));
#1079 = LINE('',#1080,#1081);
#1080 = CARTESIAN_POINT('',(0.,56.,39.));
#1081 = VECTOR('',#1082,1.);
#1082 = DIRECTION('',(-1.,-0.,-0.));
#1083 = ORIENTED_EDGE('',*,*,#1084,.F.);
#1084 = EDGE_CURVE('',#1085,#1077,#1087,.T.);
#1085 = VERTEX_POINT('',#1086);
#1086 = CARTESIAN_POINT('',(0.,60.,39.));
#1087 = LINE('',#1088,#1089);
#1088 = CARTESIAN_POINT('',(0.,60.,39.));
#1089 = VECTOR('',#1090,1.);
#1090 = DIRECTION('',(0.,-1.,0.));
#1091 = ORIENTED_EDGE('',*,*,#1092,.T.);
#1092 = EDGE_CURVE('',#1085,#1093,#1095,.T.);
#1093 = VERTEX_POINT('',#1094);
#1094 = CARTESIAN_POINT('',(-12.,60.,39.));
#1095 = LINE('',#1096,#1097);
#1096 = CARTESIAN_POINT('',(0.,60.,39.));
#1097 = VECTOR('',#1098,1.);
#1098 = DIRECTION('',(-1.,-0.,-0.));
#1099 = ORIENTED_EDGE('',*,*,#1100,.T.);
#1100 = EDGE_CURVE('',#1093,#1101,#1103,.T.);
#1101 = VERTEX_POINT('',#1102);
#1102 = CARTESIAN_POINT('',(-12.,83.,39.));
#1103 = LINE('',#1104,#1105);
#1104 = CARTESIAN_POINT('',(-12.,30.,39.));
#1105 = VECTOR('',#1106,1.);
#1106 = DIRECTION('',(0.,1.,0.));
#1107 = ORIENTED_EDGE('',*,*,#1108,.T.);
#1108 = EDGE_CURVE('',#1101,#1109,#1111,.T.);
#1109 = VERTEX_POINT('',#1110);
#1110 = CARTESIAN_POINT('',(-13.,86.,39.));
#1111 = LINE('',#1112,#1113);
#1112 = CARTESIAN_POINT('',(-12.,83.,39.));
#1113 = VECTOR('',#1114,1.);
#1114 = DIRECTION('',(-0.316227766017,0.948683298051,0.));
#1115 = ORIENTED_EDGE('',*,*,#1116,.T.);
#1116 = EDGE_CURVE('',#1109,#1117,#1119,.T.);
#1117 = VERTEX_POINT('',#1118);
#1118 = CARTESIAN_POINT('',(-12.,92.,39.));
#1119 = LINE('',#1120,#1121);
#1120 = CARTESIAN_POINT('',(-13.,86.,39.));
#1121 = VECTOR('',#1122,1.);
#1122 = DIRECTION('',(0.164398987305,0.986393923832,0.));
#1123 = ORIENTED_EDGE('',*,*,#1124,.T.);
#1124 = EDGE_CURVE('',#1117,#1125,#1127,.T.);
#1125 = VERTEX_POINT('',#1126);
#1126 = CARTESIAN_POINT('',(-12.,93.,39.));
#1127 = LINE('',#1128,#1129);
#1128 = CARTESIAN_POINT('',(-12.,92.,39.));
#1129 = VECTOR('',#1130,1.);
#1130 = DIRECTION('',(0.,1.,0.));
#1131 = ORIENTED_EDGE('',*,*,#1132,.T.);
#1132 = EDGE_CURVE('',#1125,#1133,#1135,.T.);
#1133 = VERTEX_POINT('',#1134);
#1134 = CARTESIAN_POINT('',(-18.,98.,39.));
#1135 = LINE('',#1136,#1137);
#1136 = CARTESIAN_POINT('',(-12.,93.,39.));
#1137 = VECTOR('',#1138,1.);
#1138 = DIRECTION('',(-0.768221279597,0.640184399664,0.));
#1139 = ORIENTED_EDGE('',*,*,#1140,.T.);
#1140 = EDGE_CURVE('',#1133,#1141,#1143,.T.);
#1141 = VERTEX_POINT('',#1142);
#1142 = CARTESIAN_POINT('',(-34.,98.,39.));
#1143 = LINE('',#1144,#1145);
#1144 = CARTESIAN_POINT('',(-18.,98.,39.));
#1145 = VECTOR('',#1146,1.);
#1146 = DIRECTION('',(-1.,0.,0.));
#1147 = ORIENTED_EDGE('',*,*,#1148,.F.);
#1148 = EDGE_CURVE('',#1149,#1141,#1151,.T.);
#1149 = VERTEX_POINT('',#1150);
#1150 = CARTESIAN_POINT('',(-37.,95.,39.));
#1151 = LINE('',#1152,#1153);
#1152 = CARTESIAN_POINT('',(-37.,95.,39.));
#1153 = VECTOR('',#1154,1.);
#1154 = DIRECTION('',(0.707106781187,0.707106781187,0.));
#1155 = ORIENTED_EDGE('',*,*,#1156,.F.);
#1156 = EDGE_CURVE('',#1157,#1149,#1159,.T.);
#1157 = VERTEX_POINT('',#1158);
#1158 = CARTESIAN_POINT('',(-37.,82.,39.));
#1159 = LINE('',#1160,#1161);
#1160 = CARTESIAN_POINT('',(-37.,34.,39.));
#1161 = VECTOR('',#1162,1.);
#1162 = DIRECTION('',(0.,1.,0.));
#1163 = ORIENTED_EDGE('',*,*,#1164,.F.);
#1164 = EDGE_CURVE('',#1165,#1157,#1167,.T.);
#1165 = VERTEX_POINT('',#1166);
#1166 = CARTESIAN_POINT('',(-25.9,82.,39.));
#1167 = LINE('',#1168,#1169);
#1168 = CARTESIAN_POINT('',(16.359622143813,82.,39.));
#1169 = VECTOR('',#1170,1.);
#1170 = DIRECTION('',(-1.,0.,0.));
#1171 = ORIENTED_EDGE('',*,*,#1172,.F.);
#1172 = EDGE_CURVE('',#207,#1165,#1173,.T.);
#1173 = LINE('',#1174,#1175);
#1174 = CARTESIAN_POINT('',(-25.9,36.880754166279,39.));
#1175 = VECTOR('',#1176,1.);
#1176 = DIRECTION('',(0.,1.,0.));
#1177 = ORIENTED_EDGE('',*,*,#206,.F.);
#1178 = ORIENTED_EDGE('',*,*,#337,.F.);
#1179 = ORIENTED_EDGE('',*,*,#113,.F.);
#1180 = FACE_BOUND('',#1181,.T.);
#1181 = EDGE_LOOP('',(#1182,#1192,#1200,#1208));
#1182 = ORIENTED_EDGE('',*,*,#1183,.F.);
#1183 = EDGE_CURVE('',#1184,#1186,#1188,.T.);
#1184 = VERTEX_POINT('',#1185);
#1185 = CARTESIAN_POINT('',(-18.6,77.100001,39.));
#1186 = VERTEX_POINT('',#1187);
#1187 = CARTESIAN_POINT('',(-18.6,66.900001,39.));
#1188 = LINE('',#1189,#1190);
#1189 = CARTESIAN_POINT('',(-18.6,46.430754666279,39.));
#1190 = VECTOR('',#1191,1.);
#1191 = DIRECTION('',(0.,-1.,0.));
#1192 = ORIENTED_EDGE('',*,*,#1193,.F.);
#1193 = EDGE_CURVE('',#1194,#1184,#1196,.T.);
#1194 = VERTEX_POINT('',#1195);
#1195 = CARTESIAN_POINT('',(-13.4,77.100001,39.));
#1196 = LINE('',#1197,#1198);
#1197 = CARTESIAN_POINT('',(28.659622143813,77.100001,39.));
#1198 = VECTOR('',#1199,1.);
#1199 = DIRECTION('',(-1.,0.,0.));
#1200 = ORIENTED_EDGE('',*,*,#1201,.F.);
#1201 = EDGE_CURVE('',#1202,#1194,#1204,.T.);
#1202 = VERTEX_POINT('',#1203);
#1203 = CARTESIAN_POINT('',(-13.4,66.900001,39.));
#1204 = LINE('',#1205,#1206);
#1205 = CARTESIAN_POINT('',(-13.4,41.330754666279,39.));
#1206 = VECTOR('',#1207,1.);
#1207 = DIRECTION('',(0.,1.,0.));
#1208 = ORIENTED_EDGE('',*,*,#1209,.F.);
#1209 = EDGE_CURVE('',#1186,#1202,#1210,.T.);
#1210 = LINE('',#1211,#1212);
#1211 = CARTESIAN_POINT('',(26.059622143813,66.900001,39.));
#1212 = VECTOR('',#1213,1.);
#1213 = DIRECTION('',(1.,0.,0.));
#1214 = FACE_BOUND('',#1215,.T.);
#1215 = EDGE_LOOP('',(#1216,#1226,#1234,#1242));
#1216 = ORIENTED_EDGE('',*,*,#1217,.F.);
#1217 = EDGE_CURVE('',#1218,#1220,#1222,.T.);
#1218 = VERTEX_POINT('',#1219);
#1219 = CARTESIAN_POINT('',(-18.6,49.100001,39.));
#1220 = VERTEX_POINT('',#1221);
#1221 = CARTESIAN_POINT('',(-18.6,38.900001,39.));
#1222 = LINE('',#1223,#1224);
#1223 = CARTESIAN_POINT('',(-18.6,32.430754666279,39.));
#1224 = VECTOR('',#1225,1.);
#1225 = DIRECTION('',(0.,-1.,0.));
#1226 = ORIENTED_EDGE('',*,*,#1227,.F.);
#1227 = EDGE_CURVE('',#1228,#1218,#1230,.T.);
#1228 = VERTEX_POINT('',#1229);
#1229 = CARTESIAN_POINT('',(-13.4,49.100001,39.));
#1230 = LINE('',#1231,#1232);
#1231 = CARTESIAN_POINT('',(28.659622143813,49.100001,39.));
#1232 = VECTOR('',#1233,1.);
#1233 = DIRECTION('',(-1.,0.,0.));
#1234 = ORIENTED_EDGE('',*,*,#1235,.F.);
#1235 = EDGE_CURVE('',#1236,#1228,#1238,.T.);
#1236 = VERTEX_POINT('',#1237);
#1237 = CARTESIAN_POINT('',(-13.4,38.900001,39.));
#1238 = LINE('',#1239,#1240);
#1239 = CARTESIAN_POINT('',(-13.4,27.330754666279,39.));
#1240 = VECTOR('',#1241,1.);
#1241 = DIRECTION('',(0.,1.,0.));
#1242 = ORIENTED_EDGE('',*,*,#1243,.F.);
#1243 = EDGE_CURVE('',#1220,#1236,#1244,.T.);
#1244 = LINE('',#1245,#1246);
#1245 = CARTESIAN_POINT('',(26.059622143813,38.900001,39.));
#1246 = VECTOR('',#1247,1.);
#1247 = DIRECTION('',(1.,0.,0.));
#1248 = FACE_BOUND('',#1249,.T.);
#1249 = EDGE_LOOP('',(#1250));
#1250 = ORIENTED_EDGE('',*,*,#1251,.F.);
#1251 = EDGE_CURVE('',#1252,#1252,#1254,.T.);
#1252 = VERTEX_POINT('',#1253);
#1253 = CARTESIAN_POINT('',(-6.,6.,39.));
#1254 = CIRCLE('',#1255,4.);
#1255 = AXIS2_PLACEMENT_3D('',#1256,#1257,#1258);
#1256 = CARTESIAN_POINT('',(-10.,6.,39.));
#1257 = DIRECTION('',(0.,0.,1.));
#1258 = DIRECTION('',(1.,0.,0.));
#1259 = FACE_BOUND('',#1260,.T.);
#1260 = EDGE_LOOP('',(#1261));
#1261 = ORIENTED_EDGE('',*,*,#1262,.F.);
#1262 = EDGE_CURVE('',#1263,#1263,#1265,.T.);
#1263 = VERTEX_POINT('',#1264);
#1264 = CARTESIAN_POINT('',(-16.,90.,39.));
#1265 = CIRCLE('',#1266,4.);
#1266 = AXIS2_PLACEMENT_3D('',#1267,#1268,#1269);
#1267 = CARTESIAN_POINT('',(-20.,90.,39.));
#1268 = DIRECTION('',(0.,0.,1.));
#1269 = DIRECTION('',(1.,0.,0.));
#1270 = FACE_BOUND('',#1271,.T.);
#1271 = EDGE_LOOP('',(#1272,#1282,#1290,#1298));
#1272 = ORIENTED_EDGE('',*,*,#1273,.F.);
#1273 = EDGE_CURVE('',#1274,#1276,#1278,.T.);
#1274 = VERTEX_POINT('',#1275);
#1275 = CARTESIAN_POINT('',(29.9,12.6,39.));
#1276 = VERTEX_POINT('',#1277);
#1277 = CARTESIAN_POINT('',(29.9,7.4,39.));
#1278 = LINE('',#1279,#1280);
#1279 = CARTESIAN_POINT('',(29.9,12.6,39.));
#1280 = VECTOR('',#1281,1.);
#1281 = DIRECTION('',(0.,-1.,0.));
#1282 = ORIENTED_EDGE('',*,*,#1283,.F.);
#1283 = EDGE_CURVE('',#1284,#1274,#1286,.T.);
#1284 = VERTEX_POINT('',#1285);
#1285 = CARTESIAN_POINT('',(40.100001,12.6,39.));
#1286 = LINE('',#1287,#1288);
#1287 = CARTESIAN_POINT('',(40.100001,12.6,39.));
#1288 = VECTOR('',#1289,1.);
#1289 = DIRECTION('',(-1.,0.,0.));
#1290 = ORIENTED_EDGE('',*,*,#1291,.F.);
#1291 = EDGE_CURVE('',#1292,#1284,#1294,.T.);
#1292 = VERTEX_POINT('',#1293);
#1293 = CARTESIAN_POINT('',(40.100001,7.4,39.));
#1294 = LINE('',#1295,#1296);
#1295 = CARTESIAN_POINT('',(40.100001,7.4,39.));
#1296 = VECTOR('',#1297,1.);
#1297 = DIRECTION('',(0.,1.,0.));
#1298 = ORIENTED_EDGE('',*,*,#1299,.F.);
#1299 = EDGE_CURVE('',#1276,#1292,#1300,.T.);
#1300 = LINE('',#1301,#1302);
#1301 = CARTESIAN_POINT('',(29.9,7.4,39.));
#1302 = VECTOR('',#1303,1.);
#1303 = DIRECTION('',(1.,0.,0.));
#1304 = FACE_BOUND('',#1305,.T.);
#1305 = EDGE_LOOP('',(#1306,#1316,#1324,#1332));
#1306 = ORIENTED_EDGE('',*,*,#1307,.F.);
#1307 = EDGE_CURVE('',#1308,#1310,#1312,.T.);
#1308 = VERTEX_POINT('',#1309);
#1309 = CARTESIAN_POINT('',(119.900002,12.1,39.));
#1310 = VERTEX_POINT('',#1311);
#1311 = CARTESIAN_POINT('',(119.900002,6.9,39.));
#1312 = LINE('',#1313,#1314);
#1313 = CARTESIAN_POINT('',(119.900002,12.1,39.));
#1314 = VECTOR('',#1315,1.);
#1315 = DIRECTION('',(0.,-1.,0.));
#1316 = ORIENTED_EDGE('',*,*,#1317,.F.);
#1317 = EDGE_CURVE('',#1318,#1308,#1320,.T.);
#1318 = VERTEX_POINT('',#1319);
#1319 = CARTESIAN_POINT('',(130.100002,12.1,39.));
#1320 = LINE('',#1321,#1322);
#1321 = CARTESIAN_POINT('',(130.100002,12.1,39.));
#1322 = VECTOR('',#1323,1.);
#1323 = DIRECTION('',(-1.,0.,0.));
#1324 = ORIENTED_EDGE('',*,*,#1325,.F.);
#1325 = EDGE_CURVE('',#1326,#1318,#1328,.T.);
#1326 = VERTEX_POINT('',#1327);
#1327 = CARTESIAN_POINT('',(130.100002,6.9,39.));
#1328 = LINE('',#1329,#1330);
#1329 = CARTESIAN_POINT('',(130.100002,6.9,39.));
#1330 = VECTOR('',#1331,1.);
#1331 = DIRECTION('',(0.,1.,0.));
#1332 = ORIENTED_EDGE('',*,*,#1333,.F.);
#1333 = EDGE_CURVE('',#1310,#1326,#1334,.T.);
#1334 = LINE('',#1335,#1336);
#1335 = CARTESIAN_POINT('',(119.900002,6.9,39.));
#1336 = VECTOR('',#1337,1.);
#1337 = DIRECTION('',(1.,0.,0.));
#1338 = FACE_BOUND('',#1339,.T.);
#1339 = EDGE_LOOP('',(#1340,#1350,#1358,#1366));
#1340 = ORIENTED_EDGE('',*,*,#1341,.F.);
#1341 = EDGE_CURVE('',#1342,#1344,#1346,.T.);
#1342 = VERTEX_POINT('',#1343);
#1343 = CARTESIAN_POINT('',(209.900003,12.1,39.));
#1344 = VERTEX_POINT('',#1345);
#1345 = CARTESIAN_POINT('',(209.900003,6.9,39.));
#1346 = LINE('',#1347,#1348);
#1347 = CARTESIAN_POINT('',(209.900003,12.1,39.));
#1348 = VECTOR('',#1349,1.);
#1349 = DIRECTION('',(0.,-1.,0.));
#1350 = ORIENTED_EDGE('',*,*,#1351,.F.);
#1351 = EDGE_CURVE('',#1352,#1342,#1354,.T.);
#1352 = VERTEX_POINT('',#1353);
#1353 = CARTESIAN_POINT('',(220.100003,12.1,39.));
#1354 = LINE('',#1355,#1356);
#1355 = CARTESIAN_POINT('',(220.100003,12.1,39.));
#1356 = VECTOR('',#1357,1.);
#1357 = DIRECTION('',(-1.,0.,0.));
#1358 = ORIENTED_EDGE('',*,*,#1359,.F.);
#1359 = EDGE_CURVE('',#1360,#1352,#1362,.T.);
#1360 = VERTEX_POINT('',#1361);
#1361 = CARTESIAN_POINT('',(220.100003,6.9,39.));
#1362 = LINE('',#1363,#1364);
#1363 = CARTESIAN_POINT('',(220.100003,6.9,39.));
#1364 = VECTOR('',#1365,1.);
#1365 = DIRECTION('',(0.,1.,0.));
#1366 = ORIENTED_EDGE('',*,*,#1367,.F.);
#1367 = EDGE_CURVE('',#1344,#1360,#1368,.T.);
#1368 = LINE('',#1369,#1370);
#1369 = CARTESIAN_POINT('',(209.900003,6.9,39.));
#1370 = VECTOR('',#1371,1.);
#1371 = DIRECTION('',(1.,0.,0.));
#1372 = FACE_BOUND('',#1373,.T.);
#1373 = EDGE_LOOP('',(#1374));
#1374 = ORIENTED_EDGE('',*,*,#1375,.F.);
#1375 = EDGE_CURVE('',#1376,#1376,#1378,.T.);
#1376 = VERTEX_POINT('',#1377);
#1377 = CARTESIAN_POINT('',(83.,6.,39.));
#1378 = CIRCLE('',#1379,3.);
#1379 = AXIS2_PLACEMENT_3D('',#1380,#1381,#1382);
#1380 = CARTESIAN_POINT('',(80.,6.,39.));
#1381 = DIRECTION('',(0.,0.,1.));
#1382 = DIRECTION('',(1.,0.,0.));
#1383 = FACE_BOUND('',#1384,.T.);
#1384 = EDGE_LOOP('',(#1385));
#1385 = ORIENTED_EDGE('',*,*,#1386,.F.);
#1386 = EDGE_CURVE('',#1387,#1387,#1389,.T.);
#1387 = VERTEX_POINT('',#1388);
#1388 = CARTESIAN_POINT('',(173.,6.,39.));
#1389 = CIRCLE('',#1390,3.);
#1390 = AXIS2_PLACEMENT_3D('',#1391,#1392,#1393);
#1391 = CARTESIAN_POINT('',(170.,6.,39.));
#1392 = DIRECTION('',(0.,0.,1.));
#1393 = DIRECTION('',(1.,0.,0.));
#1394 = PLANE('',#1395);
#1395 = AXIS2_PLACEMENT_3D('',#1396,#1397,#1398);
#1396 = CARTESIAN_POINT('',(72.390653737541,15.526418934136,39.));
#1397 = DIRECTION('',(0.,0.,1.));
#1398 = DIRECTION('',(1.,0.,0.));
#1399 = ADVANCED_FACE('',(#1400),#1411,.F.);
#1400 = FACE_BOUND('',#1401,.F.);
#1401 = EDGE_LOOP('',(#1402,#1403,#1404,#1405));
#1402 = ORIENTED_EDGE('',*,*,#161,.F.);
#1403 = ORIENTED_EDGE('',*,*,#105,.F.);
#1404 = ORIENTED_EDGE('',*,*,#388,.F.);
#1405 = ORIENTED_EDGE('',*,*,#1406,.F.);
#1406 = EDGE_CURVE('',#154,#389,#1407,.T.);
#1407 = LINE('',#1408,#1409);
#1408 = CARTESIAN_POINT('',(-25.9,60.,24.61976049063));
#1409 = VECTOR('',#1410,1.);
#1410 = DIRECTION('',(0.,0.,1.));
#1411 = PLANE('',#1412);
#1412 = AXIS2_PLACEMENT_3D('',#1413,#1414,#1415);
#1413 = CARTESIAN_POINT('',(-25.9,58.,32.23952098126));
#1414 = DIRECTION('',(1.,0.,0.));
#1415 = DIRECTION('',(0.,0.,1.));
#1416 = ADVANCED_FACE('',(#1417),#1442,.F.);
#1417 = FACE_BOUND('',#1418,.F.);
#1418 = EDGE_LOOP('',(#1419,#1427,#1435,#1441));
#1419 = ORIENTED_EDGE('',*,*,#1420,.F.);
#1420 = EDGE_CURVE('',#1421,#136,#1423,.T.);
#1421 = VERTEX_POINT('',#1422);
#1422 = CARTESIAN_POINT('',(-37.,82.,19.));
#1423 = LINE('',#1424,#1425);
#1424 = CARTESIAN_POINT('',(-37.,65.875,2.875));
#1425 = VECTOR('',#1426,1.);
#1426 = DIRECTION('',(-0.,-0.707106781187,-0.707106781187));
#1427 = ORIENTED_EDGE('',*,*,#1428,.T.);
#1428 = EDGE_CURVE('',#1421,#1429,#1431,.T.);
#1429 = VERTEX_POINT('',#1430);
#1430 = CARTESIAN_POINT('',(-25.9,82.,19.));
#1431 = LINE('',#1432,#1433);
#1432 = CARTESIAN_POINT('',(-38.,82.,19.));
#1433 = VECTOR('',#1434,1.);
#1434 = DIRECTION('',(1.,0.,0.));
#1435 = ORIENTED_EDGE('',*,*,#1436,.T.);
#1436 = EDGE_CURVE('',#1429,#138,#1437,.T.);
#1437 = LINE('',#1438,#1439);
#1438 = CARTESIAN_POINT('',(-25.9,82.,19.));
#1439 = VECTOR('',#1440,1.);
#1440 = DIRECTION('',(0.,-0.707106781187,-0.707106781187));
#1441 = ORIENTED_EDGE('',*,*,#135,.F.);
#1442 = PLANE('',#1443);
#1443 = AXIS2_PLACEMENT_3D('',#1444,#1445,#1446);
#1444 = CARTESIAN_POINT('',(-38.,82.,19.));
#1445 = DIRECTION('',(0.,0.707106781187,-0.707106781187));
#1446 = DIRECTION('',(0.,-0.707106781187,-0.707106781187));
#1447 = ADVANCED_FACE('',(#1448),#1460,.F.);
#1448 = FACE_BOUND('',#1449,.F.);
#1449 = EDGE_LOOP('',(#1450,#1456,#1457,#1458,#1459));
#1450 = ORIENTED_EDGE('',*,*,#1451,.F.);
#1451 = EDGE_CURVE('',#1165,#1429,#1452,.T.);
#1452 = LINE('',#1453,#1454);
#1453 = CARTESIAN_POINT('',(-25.9,82.,47.));
#1454 = VECTOR('',#1455,1.);
#1455 = DIRECTION('',(0.,0.,-1.));
#1456 = ORIENTED_EDGE('',*,*,#1172,.F.);
#1457 = ORIENTED_EDGE('',*,*,#214,.F.);
#1458 = ORIENTED_EDGE('',*,*,#177,.F.);
#1459 = ORIENTED_EDGE('',*,*,#1436,.F.);
#1460 = PLANE('',#1461);
#1461 = AXIS2_PLACEMENT_3D('',#1462,#1463,#1464);
#1462 = CARTESIAN_POINT('',(-25.9,58.,32.23952098126));
#1463 = DIRECTION('',(1.,0.,0.));
#1464 = DIRECTION('',(0.,0.,1.));
#1465 = ADVANCED_FACE('',(#1466),#1477,.T.);
#1466 = FACE_BOUND('',#1467,.T.);
#1467 = EDGE_LOOP('',(#1468,#1469,#1470,#1476));
#1468 = ORIENTED_EDGE('',*,*,#1406,.F.);
#1469 = ORIENTED_EDGE('',*,*,#153,.T.);
#1470 = ORIENTED_EDGE('',*,*,#1471,.T.);
#1471 = EDGE_CURVE('',#146,#397,#1472,.T.);
#1472 = LINE('',#1473,#1474);
#1473 = CARTESIAN_POINT('',(-37.,60.,17.));
#1474 = VECTOR('',#1475,1.);
#1475 = DIRECTION('',(0.,0.,1.));
#1476 = ORIENTED_EDGE('',*,*,#396,.F.);
#1477 = PLANE('',#1478);
#1478 = AXIS2_PLACEMENT_3D('',#1479,#1480,#1481);
#1479 = CARTESIAN_POINT('',(0.,60.,17.));
#1480 = DIRECTION('',(0.,1.,0.));
#1481 = DIRECTION('',(0.,0.,1.));
#1482 = ADVANCED_FACE('',(#1483),#1534,.T.);
#1483 = FACE_BOUND('',#1484,.T.);
#1484 = EDGE_LOOP('',(#1485,#1495,#1503,#1511,#1517,#1518,#1519,#1520,
    #1521,#1527,#1528));
#1485 = ORIENTED_EDGE('',*,*,#1486,.F.);
#1486 = EDGE_CURVE('',#1487,#1489,#1491,.T.);
#1487 = VERTEX_POINT('',#1488);
#1488 = CARTESIAN_POINT('',(-37.,54.,13.));
#1489 = VERTEX_POINT('',#1490);
#1490 = CARTESIAN_POINT('',(-37.,95.,13.));
#1491 = LINE('',#1492,#1493);
#1492 = CARTESIAN_POINT('',(-37.,41.5,13.));
#1493 = VECTOR('',#1494,1.);
#1494 = DIRECTION('',(0.,1.,0.));
#1495 = ORIENTED_EDGE('',*,*,#1496,.F.);
#1496 = EDGE_CURVE('',#1497,#1487,#1499,.T.);
#1497 = VERTEX_POINT('',#1498);
#1498 = CARTESIAN_POINT('',(-37.,54.,17.));
#1499 = LINE('',#1500,#1501);
#1500 = CARTESIAN_POINT('',(-37.,54.,17.));
#1501 = VECTOR('',#1502,1.);
#1502 = DIRECTION('',(-0.,-0.,-1.));
#1503 = ORIENTED_EDGE('',*,*,#1504,.F.);
#1504 = EDGE_CURVE('',#1505,#1497,#1507,.T.);
#1505 = VERTEX_POINT('',#1506);
#1506 = CARTESIAN_POINT('',(-37.,56.,17.));
#1507 = LINE('',#1508,#1509);
#1508 = CARTESIAN_POINT('',(-37.,57.,17.));
#1509 = VECTOR('',#1510,1.);
#1510 = DIRECTION('',(-0.,-1.,-0.));
#1511 = ORIENTED_EDGE('',*,*,#1512,.F.);
#1512 = EDGE_CURVE('',#405,#1505,#1513,.T.);
#1513 = LINE('',#1514,#1515);
#1514 = CARTESIAN_POINT('',(-37.,56.,39.));
#1515 = VECTOR('',#1516,1.);
#1516 = DIRECTION('',(0.,0.,-1.));
#1517 = ORIENTED_EDGE('',*,*,#404,.F.);
#1518 = ORIENTED_EDGE('',*,*,#1471,.F.);
#1519 = ORIENTED_EDGE('',*,*,#145,.F.);
#1520 = ORIENTED_EDGE('',*,*,#1420,.F.);
#1521 = ORIENTED_EDGE('',*,*,#1522,.F.);
#1522 = EDGE_CURVE('',#1157,#1421,#1523,.T.);
#1523 = LINE('',#1524,#1525);
#1524 = CARTESIAN_POINT('',(-37.,82.,24.75));
#1525 = VECTOR('',#1526,1.);
#1526 = DIRECTION('',(0.,0.,-1.));
#1527 = ORIENTED_EDGE('',*,*,#1156,.T.);
#1528 = ORIENTED_EDGE('',*,*,#1529,.F.);
#1529 = EDGE_CURVE('',#1489,#1149,#1530,.T.);
#1530 = LINE('',#1531,#1532);
#1531 = CARTESIAN_POINT('',(-37.,95.,2.5));
#1532 = VECTOR('',#1533,1.);
#1533 = DIRECTION('',(0.,0.,1.));
#1534 = PLANE('',#1535);
#1535 = AXIS2_PLACEMENT_3D('',#1536,#1537,#1538);
#1536 = CARTESIAN_POINT('',(-37.,73.823552068895,23.576026524878));
#1537 = DIRECTION('',(-1.,-0.,-0.));
#1538 = DIRECTION('',(0.,0.,-1.));
#1539 = ADVANCED_FACE('',(#1540),#1572,.F.);
#1540 = FACE_BOUND('',#1541,.F.);
#1541 = EDGE_LOOP('',(#1542,#1550,#1556,#1557,#1565,#1571));
#1542 = ORIENTED_EDGE('',*,*,#1543,.F.);
#1543 = EDGE_CURVE('',#1544,#1487,#1546,.T.);
#1544 = VERTEX_POINT('',#1545);
#1545 = CARTESIAN_POINT('',(-37.,49.,13.));
#1546 = LINE('',#1547,#1548);
#1547 = CARTESIAN_POINT('',(-37.,41.5,13.));
#1548 = VECTOR('',#1549,1.);
#1549 = DIRECTION('',(0.,1.,0.));
#1550 = ORIENTED_EDGE('',*,*,#1551,.T.);
#1551 = EDGE_CURVE('',#1544,#231,#1552,.T.);
#1552 = LINE('',#1553,#1554);
#1553 = CARTESIAN_POINT('',(-38.,49.,13.));
#1554 = VECTOR('',#1555,1.);
#1555 = DIRECTION('',(1.,0.,0.));
#1556 = ORIENTED_EDGE('',*,*,#230,.T.);
#1557 = ORIENTED_EDGE('',*,*,#1558,.T.);
#1558 = EDGE_CURVE('',#233,#1559,#1561,.T.);
#1559 = VERTEX_POINT('',#1560);
#1560 = CARTESIAN_POINT('',(-34.,98.,13.));
#1561 = LINE('',#1562,#1563);
#1562 = CARTESIAN_POINT('',(-28.,98.,13.));
#1563 = VECTOR('',#1564,1.);
#1564 = DIRECTION('',(-1.,0.,0.));
#1565 = ORIENTED_EDGE('',*,*,#1566,.F.);
#1566 = EDGE_CURVE('',#1489,#1559,#1567,.T.);
#1567 = LINE('',#1568,#1569);
#1568 = CARTESIAN_POINT('',(-48.75,83.25,13.));
#1569 = VECTOR('',#1570,1.);
#1570 = DIRECTION('',(0.707106781187,0.707106781187,0.));
#1571 = ORIENTED_EDGE('',*,*,#1486,.F.);
#1572 = PLANE('',#1573);
#1573 = AXIS2_PLACEMENT_3D('',#1574,#1575,#1576);
#1574 = CARTESIAN_POINT('',(-38.,49.,13.));
#1575 = DIRECTION('',(0.,0.,1.));
#1576 = DIRECTION('',(0.,1.,0.));
#1577 = ADVANCED_FACE('',(#1578),#1603,.F.);
#1578 = FACE_BOUND('',#1579,.F.);
#1579 = EDGE_LOOP('',(#1580,#1588,#1594,#1595,#1601,#1602));
#1580 = ORIENTED_EDGE('',*,*,#1581,.F.);
#1581 = EDGE_CURVE('',#1582,#264,#1584,.T.);
#1582 = VERTEX_POINT('',#1583);
#1583 = CARTESIAN_POINT('',(-18.,98.,2.5));
#1584 = LINE('',#1585,#1586);
#1585 = CARTESIAN_POINT('',(-18.,98.,2.5));
#1586 = VECTOR('',#1587,1.);
#1587 = DIRECTION('',(-1.,0.,0.));
#1588 = ORIENTED_EDGE('',*,*,#1589,.T.);
#1589 = EDGE_CURVE('',#1582,#1133,#1590,.T.);
#1590 = LINE('',#1591,#1592);
#1591 = CARTESIAN_POINT('',(-18.,98.,2.5));
#1592 = VECTOR('',#1593,1.);
#1593 = DIRECTION('',(0.,0.,1.));
#1594 = ORIENTED_EDGE('',*,*,#1140,.T.);
#1595 = ORIENTED_EDGE('',*,*,#1596,.F.);
#1596 = EDGE_CURVE('',#1559,#1141,#1597,.T.);
#1597 = LINE('',#1598,#1599);
#1598 = CARTESIAN_POINT('',(-34.,98.,2.5));
#1599 = VECTOR('',#1600,1.);
#1600 = DIRECTION('',(0.,0.,1.));
#1601 = ORIENTED_EDGE('',*,*,#1558,.F.);
#1602 = ORIENTED_EDGE('',*,*,#271,.F.);
#1603 = PLANE('',#1604);
#1604 = AXIS2_PLACEMENT_3D('',#1605,#1606,#1607);
#1605 = CARTESIAN_POINT('',(-18.,98.,2.5));
#1606 = DIRECTION('',(0.,-1.,0.));
#1607 = DIRECTION('',(-1.,0.,0.));
#1608 = ADVANCED_FACE('',(#1609),#1639,.F.);
#1609 = FACE_BOUND('',#1610,.F.);
#1610 = EDGE_LOOP('',(#1611,#1612,#1620,#1627,#1634));
#1611 = ORIENTED_EDGE('',*,*,#248,.F.);
#1612 = ORIENTED_EDGE('',*,*,#1613,.T.);
#1613 = EDGE_CURVE('',#241,#1614,#1616,.T.);
#1614 = VERTEX_POINT('',#1615);
#1615 = CARTESIAN_POINT('',(-27.,36.,2.5));
#1616 = LINE('',#1617,#1618);
#1617 = CARTESIAN_POINT('',(-27.,52.,2.5));
#1618 = VECTOR('',#1619,1.);
#1619 = DIRECTION('',(0.,-1.,0.));
#1620 = ORIENTED_EDGE('',*,*,#1621,.T.);
#1621 = EDGE_CURVE('',#1614,#1622,#1624,.T.);
#1622 = VERTEX_POINT('',#1623);
#1623 = CARTESIAN_POINT('',(-26.09999975,36.900000749998,4.972731051238)
  );
#1624 = B_SPLINE_CURVE_WITH_KNOTS('',1,(#1625,#1626),.UNSPECIFIED.,.F.,
  .F.,(2,2),(0.,1.),.PIECEWISE_BEZIER_KNOTS.);
#1625 = CARTESIAN_POINT('',(-27.,36.,2.5));
#1626 = CARTESIAN_POINT('',(-25.9080892972,37.091910702799,5.5));
#1627 = ORIENTED_EDGE('',*,*,#1628,.T.);
#1628 = EDGE_CURVE('',#1622,#1629,#1631,.T.);
#1629 = VERTEX_POINT('',#1630);
#1630 = CARTESIAN_POINT('',(-26.10000024999,51.100000749994,
    4.972728303802));
#1631 = B_SPLINE_CURVE_WITH_KNOTS('',1,(#1632,#1633),.UNSPECIFIED.,.F.,
  .F.,(2,2),(0.,1.),.PIECEWISE_BEZIER_KNOTS.);
#1632 = CARTESIAN_POINT('',(-26.1,36.900001,4.972729677509));
#1633 = CARTESIAN_POINT('',(-26.1,51.1,4.972729677509));
#1634 = ORIENTED_EDGE('',*,*,#1635,.F.);
#1635 = EDGE_CURVE('',#249,#1629,#1636,.T.);
#1636 = B_SPLINE_CURVE_WITH_KNOTS('',1,(#1637,#1638),.UNSPECIFIED.,.F.,
  .F.,(2,2),(0.,1.),.PIECEWISE_BEZIER_KNOTS.);
#1637 = CARTESIAN_POINT('',(-27.,52.,2.5));
#1638 = CARTESIAN_POINT('',(-25.9080892972,50.908089297201,5.5));
#1639 = B_SPLINE_SURFACE_WITH_KNOTS('',1,1,(
    (#1640,#1641)
    ,(#1642,#1643
    )),.UNSPECIFIED.,.F.,.F.,.F.,(2,2),(2,2),(0.,16.),(0.,1.),
  .PIECEWISE_BEZIER_KNOTS.);
#1640 = CARTESIAN_POINT('',(-27.,52.,2.5));
#1641 = CARTESIAN_POINT('',(-25.9080892972,50.908089297201,5.5));
#1642 = CARTESIAN_POINT('',(-27.,36.,2.5));
#1643 = CARTESIAN_POINT('',(-25.9080892972,37.091910702799,5.5));
#1644 = ADVANCED_FACE('',(#1645,#1871,#1882),#1893,.T.);
#1645 = FACE_BOUND('',#1646,.T.);
#1646 = EDGE_LOOP('',(#1647,#1657,#1665,#1673,#1681,#1689,#1697,#1703,
    #1704,#1712,#1720,#1726,#1727,#1728,#1734,#1735,#1736,#1737,#1745,
    #1753,#1761,#1769,#1777,#1785,#1793,#1801,#1809,#1817,#1825,#1833,
    #1841,#1849,#1857,#1865));
#1647 = ORIENTED_EDGE('',*,*,#1648,.T.);
#1648 = EDGE_CURVE('',#1649,#1651,#1653,.T.);
#1649 = VERTEX_POINT('',#1650);
#1650 = CARTESIAN_POINT('',(23.,15.,2.5));
#1651 = VERTEX_POINT('',#1652);
#1652 = CARTESIAN_POINT('',(24.,15.,2.5));
#1653 = LINE('',#1654,#1655);
#1654 = CARTESIAN_POINT('',(23.,15.,2.5));
#1655 = VECTOR('',#1656,1.);
#1656 = DIRECTION('',(1.,0.,0.));
#1657 = ORIENTED_EDGE('',*,*,#1658,.T.);
#1658 = EDGE_CURVE('',#1651,#1659,#1661,.T.);
#1659 = VERTEX_POINT('',#1660);
#1660 = CARTESIAN_POINT('',(24.,-11.,2.5));
#1661 = LINE('',#1662,#1663);
#1662 = CARTESIAN_POINT('',(24.,17.158758880278,2.5));
#1663 = VECTOR('',#1664,1.);
#1664 = DIRECTION('',(0.,-1.,0.));
#1665 = ORIENTED_EDGE('',*,*,#1666,.F.);
#1666 = EDGE_CURVE('',#1667,#1659,#1669,.T.);
#1667 = VERTEX_POINT('',#1668);
#1668 = CARTESIAN_POINT('',(-7.,-11.,2.5));
#1669 = LINE('',#1670,#1671);
#1670 = CARTESIAN_POINT('',(154.47000320416,-11.,2.5));
#1671 = VECTOR('',#1672,1.);
#1672 = DIRECTION('',(1.,0.,0.));
#1673 = ORIENTED_EDGE('',*,*,#1674,.F.);
#1674 = EDGE_CURVE('',#1675,#1667,#1677,.T.);
#1675 = VERTEX_POINT('',#1676);
#1676 = CARTESIAN_POINT('',(-7.,-16.,2.5));
#1677 = LINE('',#1678,#1679);
#1678 = CARTESIAN_POINT('',(-7.,0.658758880278,2.5));
#1679 = VECTOR('',#1680,1.);
#1680 = DIRECTION('',(0.,1.,0.));
#1681 = ORIENTED_EDGE('',*,*,#1682,.T.);
#1682 = EDGE_CURVE('',#1675,#1683,#1685,.T.);
#1683 = VERTEX_POINT('',#1684);
#1684 = CARTESIAN_POINT('',(-37.,14.,2.5));
#1685 = LINE('',#1686,#1687);
#1686 = CARTESIAN_POINT('',(-7.,-16.,2.5));
#1687 = VECTOR('',#1688,1.);
#1688 = DIRECTION('',(-0.707106781187,0.707106781187,0.));
#1689 = ORIENTED_EDGE('',*,*,#1690,.F.);
#1690 = EDGE_CURVE('',#1691,#1683,#1693,.T.);
#1691 = VERTEX_POINT('',#1692);
#1692 = CARTESIAN_POINT('',(-37.,49.,2.5));
#1693 = LINE('',#1694,#1695);
#1694 = CARTESIAN_POINT('',(-37.,13.158758880278,2.5));
#1695 = VECTOR('',#1696,1.);
#1696 = DIRECTION('',(0.,-1.,0.));
#1697 = ORIENTED_EDGE('',*,*,#1698,.F.);
#1698 = EDGE_CURVE('',#241,#1691,#1699,.T.);
#1699 = LINE('',#1700,#1701);
#1700 = CARTESIAN_POINT('',(16.359622143813,49.,2.5));
#1701 = VECTOR('',#1702,1.);
#1702 = DIRECTION('',(-1.,0.,0.));
#1703 = ORIENTED_EDGE('',*,*,#1613,.T.);
#1704 = ORIENTED_EDGE('',*,*,#1705,.T.);
#1705 = EDGE_CURVE('',#1614,#1706,#1708,.T.);
#1706 = VERTEX_POINT('',#1707);
#1707 = CARTESIAN_POINT('',(-20.,36.,2.5));
#1708 = LINE('',#1709,#1710);
#1709 = CARTESIAN_POINT('',(-27.,36.,2.5));
#1710 = VECTOR('',#1711,1.);
#1711 = DIRECTION('',(1.,0.,0.));
#1712 = ORIENTED_EDGE('',*,*,#1713,.T.);
#1713 = EDGE_CURVE('',#1706,#1714,#1716,.T.);
#1714 = VERTEX_POINT('',#1715);
#1715 = CARTESIAN_POINT('',(-20.,52.,2.5));
#1716 = LINE('',#1717,#1718);
#1717 = CARTESIAN_POINT('',(-20.,36.,2.5));
#1718 = VECTOR('',#1719,1.);
#1719 = DIRECTION('',(0.,1.,0.));
#1720 = ORIENTED_EDGE('',*,*,#1721,.T.);
#1721 = EDGE_CURVE('',#1714,#249,#1722,.T.);
#1722 = LINE('',#1723,#1724);
#1723 = CARTESIAN_POINT('',(-20.,52.,2.5));
#1724 = VECTOR('',#1725,1.);
#1725 = DIRECTION('',(-1.,0.,0.));
#1726 = ORIENTED_EDGE('',*,*,#256,.T.);
#1727 = ORIENTED_EDGE('',*,*,#309,.T.);
#1728 = ORIENTED_EDGE('',*,*,#1729,.T.);
#1729 = EDGE_CURVE('',#310,#286,#1730,.T.);
#1730 = LINE('',#1731,#1732);
#1731 = CARTESIAN_POINT('',(-20.,64.,2.5));
#1732 = VECTOR('',#1733,1.);
#1733 = DIRECTION('',(0.,1.,0.));
#1734 = ORIENTED_EDGE('',*,*,#292,.T.);
#1735 = ORIENTED_EDGE('',*,*,#263,.T.);
#1736 = ORIENTED_EDGE('',*,*,#1581,.F.);
#1737 = ORIENTED_EDGE('',*,*,#1738,.F.);
#1738 = EDGE_CURVE('',#1739,#1582,#1741,.T.);
#1739 = VERTEX_POINT('',#1740);
#1740 = CARTESIAN_POINT('',(-12.,93.,2.5));
#1741 = LINE('',#1742,#1743);
#1742 = CARTESIAN_POINT('',(-12.,93.,2.5));
#1743 = VECTOR('',#1744,1.);
#1744 = DIRECTION('',(-0.768221279597,0.640184399664,0.));
#1745 = ORIENTED_EDGE('',*,*,#1746,.F.);
#1746 = EDGE_CURVE('',#1747,#1739,#1749,.T.);
#1747 = VERTEX_POINT('',#1748);
#1748 = CARTESIAN_POINT('',(-12.,92.,2.5));
#1749 = LINE('',#1750,#1751);
#1750 = CARTESIAN_POINT('',(-12.,92.,2.5));
#1751 = VECTOR('',#1752,1.);
#1752 = DIRECTION('',(0.,1.,0.));
#1753 = ORIENTED_EDGE('',*,*,#1754,.F.);
#1754 = EDGE_CURVE('',#1755,#1747,#1757,.T.);
#1755 = VERTEX_POINT('',#1756);
#1756 = CARTESIAN_POINT('',(-13.,86.,2.5));
#1757 = LINE('',#1758,#1759);
#1758 = CARTESIAN_POINT('',(-13.,86.,2.5));
#1759 = VECTOR('',#1760,1.);
#1760 = DIRECTION('',(0.164398987305,0.986393923832,0.));
#1761 = ORIENTED_EDGE('',*,*,#1762,.F.);
#1762 = EDGE_CURVE('',#1763,#1755,#1765,.T.);
#1763 = VERTEX_POINT('',#1764);
#1764 = CARTESIAN_POINT('',(-12.,83.,2.5));
#1765 = LINE('',#1766,#1767);
#1766 = CARTESIAN_POINT('',(-12.,83.,2.5));
#1767 = VECTOR('',#1768,1.);
#1768 = DIRECTION('',(-0.316227766017,0.948683298051,0.));
#1769 = ORIENTED_EDGE('',*,*,#1770,.F.);
#1770 = EDGE_CURVE('',#1771,#1763,#1773,.T.);
#1771 = VERTEX_POINT('',#1772);
#1772 = CARTESIAN_POINT('',(-12.,30.,2.5));
#1773 = LINE('',#1774,#1775);
#1774 = CARTESIAN_POINT('',(-12.,30.,2.5));
#1775 = VECTOR('',#1776,1.);
#1776 = DIRECTION('',(0.,1.,0.));
#1777 = ORIENTED_EDGE('',*,*,#1778,.F.);
#1778 = EDGE_CURVE('',#1779,#1771,#1781,.T.);
#1779 = VERTEX_POINT('',#1780);
#1780 = CARTESIAN_POINT('',(-26.,29.,2.5));
#1781 = LINE('',#1782,#1783);
#1782 = CARTESIAN_POINT('',(-26.,29.,2.5));
#1783 = VECTOR('',#1784,1.);
#1784 = DIRECTION('',(0.997458699831,7.124704998791E-02,0.));
#1785 = ORIENTED_EDGE('',*,*,#1786,.F.);
#1786 = EDGE_CURVE('',#1787,#1779,#1789,.T.);
#1787 = VERTEX_POINT('',#1788);
#1788 = CARTESIAN_POINT('',(-31.,26.,2.5));
#1789 = LINE('',#1790,#1791);
#1790 = CARTESIAN_POINT('',(-31.,26.,2.5));
#1791 = VECTOR('',#1792,1.);
#1792 = DIRECTION('',(0.857492925713,0.514495755428,0.));
#1793 = ORIENTED_EDGE('',*,*,#1794,.F.);
#1794 = EDGE_CURVE('',#1795,#1787,#1797,.T.);
#1795 = VERTEX_POINT('',#1796);
#1796 = CARTESIAN_POINT('',(-32.5,20.,2.5));
#1797 = LINE('',#1798,#1799);
#1798 = CARTESIAN_POINT('',(-32.5,20.,2.5));
#1799 = VECTOR('',#1800,1.);
#1800 = DIRECTION('',(0.242535625036,0.970142500145,0.));
#1801 = ORIENTED_EDGE('',*,*,#1802,.F.);
#1802 = EDGE_CURVE('',#1803,#1795,#1805,.T.);
#1803 = VERTEX_POINT('',#1804);
#1804 = CARTESIAN_POINT('',(-32.,16.,2.5));
#1805 = LINE('',#1806,#1807);
#1806 = CARTESIAN_POINT('',(-32.,16.,2.5));
#1807 = VECTOR('',#1808,1.);
#1808 = DIRECTION('',(-0.124034734589,0.992277876714,0.));
#1809 = ORIENTED_EDGE('',*,*,#1810,.F.);
#1810 = EDGE_CURVE('',#1811,#1803,#1813,.T.);
#1811 = VERTEX_POINT('',#1812);
#1812 = CARTESIAN_POINT('',(-29.,12.,2.5));
#1813 = LINE('',#1814,#1815);
#1814 = CARTESIAN_POINT('',(-29.,12.,2.5));
#1815 = VECTOR('',#1816,1.);
#1816 = DIRECTION('',(-0.6,0.8,0.));
#1817 = ORIENTED_EDGE('',*,*,#1818,.F.);
#1818 = EDGE_CURVE('',#1819,#1811,#1821,.T.);
#1819 = VERTEX_POINT('',#1820);
#1820 = CARTESIAN_POINT('',(-25.,10.,2.5));
#1821 = LINE('',#1822,#1823);
#1822 = CARTESIAN_POINT('',(-25.,10.,2.5));
#1823 = VECTOR('',#1824,1.);
#1824 = DIRECTION('',(-0.894427191,0.4472135955,0.));
#1825 = ORIENTED_EDGE('',*,*,#1826,.F.);
#1826 = EDGE_CURVE('',#1827,#1819,#1829,.T.);
#1827 = VERTEX_POINT('',#1828);
#1828 = CARTESIAN_POINT('',(-21.,10.,2.5));
#1829 = LINE('',#1830,#1831);
#1830 = CARTESIAN_POINT('',(-21.,10.,2.5));
#1831 = VECTOR('',#1832,1.);
#1832 = DIRECTION('',(-1.,0.,0.));
#1833 = ORIENTED_EDGE('',*,*,#1834,.F.);
#1834 = EDGE_CURVE('',#1835,#1827,#1837,.T.);
#1835 = VERTEX_POINT('',#1836);
#1836 = CARTESIAN_POINT('',(-15.,13.,2.5));
#1837 = LINE('',#1838,#1839);
#1838 = CARTESIAN_POINT('',(-15.,13.,2.5));
#1839 = VECTOR('',#1840,1.);
#1840 = DIRECTION('',(-0.894427191,-0.4472135955,0.));
#1841 = ORIENTED_EDGE('',*,*,#1842,.F.);
#1842 = EDGE_CURVE('',#1843,#1835,#1845,.T.);
#1843 = VERTEX_POINT('',#1844);
#1844 = CARTESIAN_POINT('',(-7.,13.,2.5));
#1845 = LINE('',#1846,#1847);
#1846 = CARTESIAN_POINT('',(-7.,13.,2.5));
#1847 = VECTOR('',#1848,1.);
#1848 = DIRECTION('',(-1.,0.,0.));
#1849 = ORIENTED_EDGE('',*,*,#1850,.F.);
#1850 = EDGE_CURVE('',#1851,#1843,#1853,.T.);
#1851 = VERTEX_POINT('',#1852);
#1852 = CARTESIAN_POINT('',(0.,10.,2.5));
#1853 = LINE('',#1854,#1855);
#1854 = CARTESIAN_POINT('',(0.,10.,2.5));
#1855 = VECTOR('',#1856,1.);
#1856 = DIRECTION('',(-0.919145030018,0.393919298579,0.));
#1857 = ORIENTED_EDGE('',*,*,#1858,.T.);
#1858 = EDGE_CURVE('',#1851,#1859,#1861,.T.);
#1859 = VERTEX_POINT('',#1860);
#1860 = CARTESIAN_POINT('',(18.,10.,2.5));
#1861 = LINE('',#1862,#1863);
#1862 = CARTESIAN_POINT('',(0.,10.,2.5));
#1863 = VECTOR('',#1864,1.);
#1864 = DIRECTION('',(1.,0.,0.));
#1865 = ORIENTED_EDGE('',*,*,#1866,.T.);
#1866 = EDGE_CURVE('',#1859,#1649,#1867,.T.);
#1867 = LINE('',#1868,#1869);
#1868 = CARTESIAN_POINT('',(18.,10.,2.5));
#1869 = VECTOR('',#1870,1.);
#1870 = DIRECTION('',(0.707106781187,0.707106781187,0.));
#1871 = FACE_BOUND('',#1872,.T.);
#1872 = EDGE_LOOP('',(#1873));
#1873 = ORIENTED_EDGE('',*,*,#1874,.T.);
#1874 = EDGE_CURVE('',#1875,#1875,#1877,.T.);
#1875 = VERTEX_POINT('',#1876);
#1876 = CARTESIAN_POINT('',(-6.,6.,2.5));
#1877 = CIRCLE('',#1878,4.);
#1878 = AXIS2_PLACEMENT_3D('',#1879,#1880,#1881);
#1879 = CARTESIAN_POINT('',(-10.,6.,2.5));
#1880 = DIRECTION('',(0.,0.,1.));
#1881 = DIRECTION('',(1.,0.,0.));
#1882 = FACE_BOUND('',#1883,.T.);
#1883 = EDGE_LOOP('',(#1884));
#1884 = ORIENTED_EDGE('',*,*,#1885,.T.);
#1885 = EDGE_CURVE('',#1886,#1886,#1888,.T.);
#1886 = VERTEX_POINT('',#1887);
#1887 = CARTESIAN_POINT('',(-16.,90.,2.5));
#1888 = CIRCLE('',#1889,4.);
#1889 = AXIS2_PLACEMENT_3D('',#1890,#1891,#1892);
#1890 = CARTESIAN_POINT('',(-20.,90.,2.5));
#1891 = DIRECTION('',(0.,0.,1.));
#1892 = DIRECTION('',(1.,0.,0.));
#1893 = PLANE('',#1894);
#1894 = AXIS2_PLACEMENT_3D('',#1895,#1896,#1897);
#1895 = CARTESIAN_POINT('',(73.94000640832,12.317517760556,2.5));
#1896 = DIRECTION('',(-0.,-0.,-1.));
#1897 = DIRECTION('',(-1.,0.,0.));
#1898 = ADVANCED_FACE('',(#1899),#1910,.T.);
#1899 = FACE_BOUND('',#1900,.T.);
#1900 = EDGE_LOOP('',(#1901,#1907,#1908,#1909));
#1901 = ORIENTED_EDGE('',*,*,#1902,.F.);
#1902 = EDGE_CURVE('',#1544,#1691,#1903,.T.);
#1903 = LINE('',#1904,#1905);
#1904 = CARTESIAN_POINT('',(-37.,49.,7.75));
#1905 = VECTOR('',#1906,1.);
#1906 = DIRECTION('',(0.,0.,-1.));
#1907 = ORIENTED_EDGE('',*,*,#1551,.T.);
#1908 = ORIENTED_EDGE('',*,*,#240,.T.);
#1909 = ORIENTED_EDGE('',*,*,#1698,.T.);
#1910 = PLANE('',#1911);
#1911 = AXIS2_PLACEMENT_3D('',#1912,#1913,#1914);
#1912 = CARTESIAN_POINT('',(-38.,49.,13.));
#1913 = DIRECTION('',(0.,1.,0.));
#1914 = DIRECTION('',(0.,0.,-1.));
#1915 = ADVANCED_FACE('',(#1916),#1922,.F.);
#1916 = FACE_BOUND('',#1917,.F.);
#1917 = EDGE_LOOP('',(#1918,#1919,#1920,#1921));
#1918 = ORIENTED_EDGE('',*,*,#317,.F.);
#1919 = ORIENTED_EDGE('',*,*,#1729,.T.);
#1920 = ORIENTED_EDGE('',*,*,#285,.T.);
#1921 = ORIENTED_EDGE('',*,*,#331,.T.);
#1922 = B_SPLINE_SURFACE_WITH_KNOTS('',1,1,(
    (#1923,#1924)
    ,(#1925,#1926
    )),.UNSPECIFIED.,.F.,.F.,.F.,(2,2),(2,2),(0.,16.),(0.,1.),
  .PIECEWISE_BEZIER_KNOTS.);
#1923 = CARTESIAN_POINT('',(-20.,64.,2.5));
#1924 = CARTESIAN_POINT('',(-21.09191070279,65.091910702799,5.5));
#1925 = CARTESIAN_POINT('',(-20.,80.,2.5));
#1926 = CARTESIAN_POINT('',(-21.09191070279,78.908089297201,5.5));
#1927 = ADVANCED_FACE('',(#1928),#1953,.T.);
#1928 = FACE_BOUND('',#1929,.T.);
#1929 = EDGE_LOOP('',(#1930,#1940,#1946,#1947));
#1930 = ORIENTED_EDGE('',*,*,#1931,.T.);
#1931 = EDGE_CURVE('',#1932,#1934,#1936,.T.);
#1932 = VERTEX_POINT('',#1933);
#1933 = CARTESIAN_POINT('',(-18.6,75.5,26.999998787564));
#1934 = VERTEX_POINT('',#1935);
#1935 = CARTESIAN_POINT('',(-18.6,75.5,32.));
#1936 = LINE('',#1937,#1938);
#1937 = CARTESIAN_POINT('',(-18.6,75.5,36.5));
#1938 = VECTOR('',#1939,1.);
#1939 = DIRECTION('',(0.,0.,1.));
#1940 = ORIENTED_EDGE('',*,*,#1941,.T.);
#1941 = EDGE_CURVE('',#1934,#349,#1942,.T.);
#1942 = LINE('',#1943,#1944);
#1943 = CARTESIAN_POINT('',(-18.,75.5,32.));
#1944 = VECTOR('',#1945,1.);
#1945 = DIRECTION('',(-1.,-0.,-0.));
#1946 = ORIENTED_EDGE('',*,*,#346,.F.);
#1947 = ORIENTED_EDGE('',*,*,#1948,.F.);
#1948 = EDGE_CURVE('',#1932,#347,#1949,.T.);
#1949 = LINE('',#1950,#1951);
#1950 = CARTESIAN_POINT('',(-18.,75.5,26.999998787564));
#1951 = VECTOR('',#1952,1.);
#1952 = DIRECTION('',(-1.,-0.,-0.));
#1953 = PLANE('',#1954);
#1954 = AXIS2_PLACEMENT_3D('',#1955,#1956,#1957);
#1955 = CARTESIAN_POINT('',(-18.,75.5,32.));
#1956 = DIRECTION('',(0.,-1.,0.));
#1957 = DIRECTION('',(0.,0.,-1.));
#1958 = ADVANCED_FACE('',(#1959),#2012,.F.);
#1959 = FACE_BOUND('',#1960,.F.);
#1960 = EDGE_LOOP('',(#1961,#1972,#1978,#1979,#1980,#1989,#1997,#2006));
#1961 = ORIENTED_EDGE('',*,*,#1962,.F.);
#1962 = EDGE_CURVE('',#1963,#1965,#1967,.T.);
#1963 = VERTEX_POINT('',#1964);
#1964 = CARTESIAN_POINT('',(-18.6,68.5,26.999998787564));
#1965 = VERTEX_POINT('',#1966);
#1966 = CARTESIAN_POINT('',(-18.6,69.656923751846,24.4));
#1967 = CIRCLE('',#1968,3.5);
#1968 = AXIS2_PLACEMENT_3D('',#1969,#1970,#1971);
#1969 = CARTESIAN_POINT('',(-18.6,72.,26.999998787564));
#1970 = DIRECTION('',(1.,0.,0.));
#1971 = DIRECTION('',(0.,1.,0.));
#1972 = ORIENTED_EDGE('',*,*,#1973,.T.);
#1973 = EDGE_CURVE('',#1963,#366,#1974,.T.);
#1974 = LINE('',#1975,#1976);
#1975 = CARTESIAN_POINT('',(-18.,68.5,26.999998787564));
#1976 = VECTOR('',#1977,1.);
#1977 = DIRECTION('',(-1.,-0.,-0.));
#1978 = ORIENTED_EDGE('',*,*,#373,.T.);
#1979 = ORIENTED_EDGE('',*,*,#1948,.F.);
#1980 = ORIENTED_EDGE('',*,*,#1981,.F.);
#1981 = EDGE_CURVE('',#1982,#1932,#1984,.T.);
#1982 = VERTEX_POINT('',#1983);
#1983 = CARTESIAN_POINT('',(-18.6,74.343076248154,24.4));
#1984 = CIRCLE('',#1985,3.5);
#1985 = AXIS2_PLACEMENT_3D('',#1986,#1987,#1988);
#1986 = CARTESIAN_POINT('',(-18.6,72.,26.999998787564));
#1987 = DIRECTION('',(1.,0.,0.));
#1988 = DIRECTION('',(0.,1.,0.));
#1989 = ORIENTED_EDGE('',*,*,#1990,.T.);
#1990 = EDGE_CURVE('',#1982,#1991,#1993,.T.);
#1991 = VERTEX_POINT('',#1992);
#1992 = CARTESIAN_POINT('',(-18.,74.343076248155,24.4));
#1993 = LINE('',#1994,#1995);
#1994 = CARTESIAN_POINT('',(-18.,74.343076248155,24.4));
#1995 = VECTOR('',#1996,1.);
#1996 = DIRECTION('',(1.,0.,0.));
#1997 = ORIENTED_EDGE('',*,*,#1998,.F.);
#1998 = EDGE_CURVE('',#1999,#1991,#2001,.T.);
#1999 = VERTEX_POINT('',#2000);
#2000 = CARTESIAN_POINT('',(-18.,69.656923751846,24.4));
#2001 = CIRCLE('',#2002,3.5);
#2002 = AXIS2_PLACEMENT_3D('',#2003,#2004,#2005);
#2003 = CARTESIAN_POINT('',(-18.,72.,26.999998787564));
#2004 = DIRECTION('',(1.,0.,0.));
#2005 = DIRECTION('',(0.,1.,0.));
#2006 = ORIENTED_EDGE('',*,*,#2007,.F.);
#2007 = EDGE_CURVE('',#1965,#1999,#2008,.T.);
#2008 = LINE('',#2009,#2010);
#2009 = CARTESIAN_POINT('',(-18.,69.656923751846,24.4));
#2010 = VECTOR('',#2011,1.);
#2011 = DIRECTION('',(1.,0.,0.));
#2012 = CYLINDRICAL_SURFACE('',#2013,3.5);
#2013 = AXIS2_PLACEMENT_3D('',#2014,#2015,#2016);
#2014 = CARTESIAN_POINT('',(-18.,72.,26.999998787564));
#2015 = DIRECTION('',(1.,0.,0.));
#2016 = DIRECTION('',(0.,1.,0.));
#2017 = ADVANCED_FACE('',(#2018),#2037,.F.);
#2018 = FACE_BOUND('',#2019,.F.);
#2019 = EDGE_LOOP('',(#2020,#2029,#2030,#2031));
#2020 = ORIENTED_EDGE('',*,*,#2021,.F.);
#2021 = EDGE_CURVE('',#1934,#2022,#2024,.T.);
#2022 = VERTEX_POINT('',#2023);
#2023 = CARTESIAN_POINT('',(-18.6,68.5,32.));
#2024 = CIRCLE('',#2025,3.5);
#2025 = AXIS2_PLACEMENT_3D('',#2026,#2027,#2028);
#2026 = CARTESIAN_POINT('',(-18.6,72.,32.));
#2027 = DIRECTION('',(1.,0.,0.));
#2028 = DIRECTION('',(0.,1.,0.));
#2029 = ORIENTED_EDGE('',*,*,#1941,.T.);
#2030 = ORIENTED_EDGE('',*,*,#356,.T.);
#2031 = ORIENTED_EDGE('',*,*,#2032,.F.);
#2032 = EDGE_CURVE('',#2022,#357,#2033,.T.);
#2033 = LINE('',#2034,#2035);
#2034 = CARTESIAN_POINT('',(-18.,68.5,32.));
#2035 = VECTOR('',#2036,1.);
#2036 = DIRECTION('',(-1.,-0.,-0.));
#2037 = CYLINDRICAL_SURFACE('',#2038,3.5);
#2038 = AXIS2_PLACEMENT_3D('',#2039,#2040,#2041);
#2039 = CARTESIAN_POINT('',(-18.,72.,32.));
#2040 = DIRECTION('',(1.,0.,0.));
#2041 = DIRECTION('',(0.,1.,0.));
#2042 = ADVANCED_FACE('',(#2043),#2054,.F.);
#2043 = FACE_BOUND('',#2044,.F.);
#2044 = EDGE_LOOP('',(#2045,#2051,#2052,#2053));
#2045 = ORIENTED_EDGE('',*,*,#2046,.T.);
#2046 = EDGE_CURVE('',#1963,#2022,#2047,.T.);
#2047 = LINE('',#2048,#2049);
#2048 = CARTESIAN_POINT('',(-18.6,68.500000000001,36.5));
#2049 = VECTOR('',#2050,1.);
#2050 = DIRECTION('',(0.,1.705E-14,1.));
#2051 = ORIENTED_EDGE('',*,*,#2032,.T.);
#2052 = ORIENTED_EDGE('',*,*,#365,.F.);
#2053 = ORIENTED_EDGE('',*,*,#1973,.F.);
#2054 = PLANE('',#2055);
#2055 = AXIS2_PLACEMENT_3D('',#2056,#2057,#2058);
#2056 = CARTESIAN_POINT('',(-18.,68.5,32.));
#2057 = DIRECTION('',(0.,-1.,1.705E-14));
#2058 = DIRECTION('',(0.,-1.705E-14,-1.));
#2059 = ADVANCED_FACE('',(#2060),#2078,.T.);
#2060 = FACE_BOUND('',#2061,.T.);
#2061 = EDGE_LOOP('',(#2062,#2070,#2071,#2072));
#2062 = ORIENTED_EDGE('',*,*,#2063,.F.);
#2063 = EDGE_CURVE('',#413,#2064,#2066,.T.);
#2064 = VERTEX_POINT('',#2065);
#2065 = CARTESIAN_POINT('',(-25.9,56.,17.));
#2066 = LINE('',#2067,#2068);
#2067 = CARTESIAN_POINT('',(-25.9,56.,35.61976049063));
#2068 = VECTOR('',#2069,1.);
#2069 = DIRECTION('',(0.,0.,-1.));
#2070 = ORIENTED_EDGE('',*,*,#412,.T.);
#2071 = ORIENTED_EDGE('',*,*,#1512,.T.);
#2072 = ORIENTED_EDGE('',*,*,#2073,.F.);
#2073 = EDGE_CURVE('',#2064,#1505,#2074,.T.);
#2074 = LINE('',#2075,#2076);
#2075 = CARTESIAN_POINT('',(0.,56.,17.));
#2076 = VECTOR('',#2077,1.);
#2077 = DIRECTION('',(-1.,-0.,-0.));
#2078 = PLANE('',#2079);
#2079 = AXIS2_PLACEMENT_3D('',#2080,#2081,#2082);
#2080 = CARTESIAN_POINT('',(0.,56.,39.));
#2081 = DIRECTION('',(0.,-1.,0.));
#2082 = DIRECTION('',(0.,0.,-1.));
#2083 = ADVANCED_FACE('',(#2084),#2102,.F.);
#2084 = FACE_BOUND('',#2085,.F.);
#2085 = EDGE_LOOP('',(#2086,#2094,#2095,#2096));
#2086 = ORIENTED_EDGE('',*,*,#2087,.F.);
#2087 = EDGE_CURVE('',#2064,#2088,#2090,.T.);
#2088 = VERTEX_POINT('',#2089);
#2089 = CARTESIAN_POINT('',(-25.9,51.100001,17.));
#2090 = LINE('',#2091,#2092);
#2091 = CARTESIAN_POINT('',(-25.9,80.,17.));
#2092 = VECTOR('',#2093,1.);
#2093 = DIRECTION('',(0.,-1.,0.));
#2094 = ORIENTED_EDGE('',*,*,#2063,.F.);
#2095 = ORIENTED_EDGE('',*,*,#420,.F.);
#2096 = ORIENTED_EDGE('',*,*,#2097,.F.);
#2097 = EDGE_CURVE('',#2088,#421,#2098,.T.);
#2098 = LINE('',#2099,#2100);
#2099 = CARTESIAN_POINT('',(-25.9,51.100001,17.36976049063));
#2100 = VECTOR('',#2101,1.);
#2101 = DIRECTION('',(0.,0.,1.));
#2102 = PLANE('',#2103);
#2103 = AXIS2_PLACEMENT_3D('',#2104,#2105,#2106);
#2104 = CARTESIAN_POINT('',(-25.9,58.,32.23952098126));
#2105 = DIRECTION('',(1.,0.,0.));
#2106 = DIRECTION('',(0.,0.,1.));
#2107 = ADVANCED_FACE('',(#2108),#2139,.T.);
#2108 = FACE_BOUND('',#2109,.T.);
#2109 = EDGE_LOOP('',(#2110,#2117,#2123,#2124,#2125,#2133));
#2110 = ORIENTED_EDGE('',*,*,#2111,.T.);
#2111 = EDGE_CURVE('',#1629,#2112,#2114,.T.);
#2112 = VERTEX_POINT('',#2113);
#2113 = CARTESIAN_POINT('',(-20.89999975,51.100000749996,4.972728303791)
  );
#2114 = B_SPLINE_CURVE_WITH_KNOTS('',1,(#2115,#2116),.UNSPECIFIED.,.F.,
  .F.,(2,2),(0.,1.),.PIECEWISE_BEZIER_KNOTS.);
#2115 = CARTESIAN_POINT('',(-26.1,51.100001,4.972726930032));
#2116 = CARTESIAN_POINT('',(-20.9,51.100001,4.972726930032));
#2117 = ORIENTED_EDGE('',*,*,#2118,.T.);
#2118 = EDGE_CURVE('',#2112,#429,#2119,.T.);
#2119 = LINE('',#2120,#2121);
#2120 = CARTESIAN_POINT('',(-20.9,51.100001,2.5));
#2121 = VECTOR('',#2122,1.);
#2122 = DIRECTION('',(0.,0.,1.));
#2123 = ORIENTED_EDGE('',*,*,#428,.T.);
#2124 = ORIENTED_EDGE('',*,*,#2097,.F.);
#2125 = ORIENTED_EDGE('',*,*,#2126,.F.);
#2126 = EDGE_CURVE('',#2127,#2088,#2129,.T.);
#2127 = VERTEX_POINT('',#2128);
#2128 = CARTESIAN_POINT('',(-26.1,51.100001,17.));
#2129 = LINE('',#2130,#2131);
#2130 = CARTESIAN_POINT('',(-29.45,51.100001,17.));
#2131 = VECTOR('',#2132,1.);
#2132 = DIRECTION('',(1.,0.,0.));
#2133 = ORIENTED_EDGE('',*,*,#2134,.F.);
#2134 = EDGE_CURVE('',#1629,#2127,#2135,.T.);
#2135 = LINE('',#2136,#2137);
#2136 = CARTESIAN_POINT('',(-26.1,51.100001,2.5));
#2137 = VECTOR('',#2138,1.);
#2138 = DIRECTION('',(0.,0.,1.));
#2139 = PLANE('',#2140);
#2140 = AXIS2_PLACEMENT_3D('',#2141,#2142,#2143);
#2141 = CARTESIAN_POINT('',(-20.9,51.100001,2.5));
#2142 = DIRECTION('',(0.,-1.,0.));
#2143 = DIRECTION('',(-1.,0.,0.));
#2144 = ADVANCED_FACE('',(#2145,#2162),#2198,.T.);
#2145 = FACE_BOUND('',#2146,.T.);
#2146 = EDGE_LOOP('',(#2147,#2154,#2160,#2161));
#2147 = ORIENTED_EDGE('',*,*,#2148,.T.);
#2148 = EDGE_CURVE('',#2112,#2149,#2151,.T.);
#2149 = VERTEX_POINT('',#2150);
#2150 = CARTESIAN_POINT('',(-20.90000025001,36.900000750016,
    4.972731051338));
#2151 = B_SPLINE_CURVE_WITH_KNOTS('',1,(#2152,#2153),.UNSPECIFIED.,.F.,
  .F.,(2,2),(0.,1.),.PIECEWISE_BEZIER_KNOTS.);
#2152 = CARTESIAN_POINT('',(-20.9,51.1,4.972729677509));
#2153 = CARTESIAN_POINT('',(-20.9,36.900001,4.972729677509));
#2154 = ORIENTED_EDGE('',*,*,#2155,.T.);
#2155 = EDGE_CURVE('',#2149,#437,#2156,.T.);
#2156 = LINE('',#2157,#2158);
#2157 = CARTESIAN_POINT('',(-20.9,36.900001,2.5));
#2158 = VECTOR('',#2159,1.);
#2159 = DIRECTION('',(0.,0.,1.));
#2160 = ORIENTED_EDGE('',*,*,#436,.T.);
#2161 = ORIENTED_EDGE('',*,*,#2118,.F.);
#2162 = FACE_BOUND('',#2163,.T.);
#2163 = EDGE_LOOP('',(#2164,#2174,#2183,#2191));
#2164 = ORIENTED_EDGE('',*,*,#2165,.T.);
#2165 = EDGE_CURVE('',#2166,#2168,#2170,.T.);
#2166 = VERTEX_POINT('',#2167);
#2167 = CARTESIAN_POINT('',(-20.9,47.499999232051,26.999999462436));
#2168 = VERTEX_POINT('',#2169);
#2169 = CARTESIAN_POINT('',(-20.9,47.499999232051,32.000000537564));
#2170 = LINE('',#2171,#2172);
#2171 = CARTESIAN_POINT('',(-20.9,47.499999232051,17.250000268782));
#2172 = VECTOR('',#2173,1.);
#2173 = DIRECTION('',(0.,0.,1.));
#2174 = ORIENTED_EDGE('',*,*,#2175,.T.);
#2175 = EDGE_CURVE('',#2168,#2176,#2178,.T.);
#2176 = VERTEX_POINT('',#2177);
#2177 = CARTESIAN_POINT('',(-20.9,40.499999232051,32.000000537564));
#2178 = CIRCLE('',#2179,3.5);
#2179 = AXIS2_PLACEMENT_3D('',#2180,#2181,#2182);
#2180 = CARTESIAN_POINT('',(-20.9,43.999999232051,32.000000537564));
#2181 = DIRECTION('',(1.,0.,0.));
#2182 = DIRECTION('',(0.,1.,0.));
#2183 = ORIENTED_EDGE('',*,*,#2184,.F.);
#2184 = EDGE_CURVE('',#2185,#2176,#2187,.T.);
#2185 = VERTEX_POINT('',#2186);
#2186 = CARTESIAN_POINT('',(-20.9,40.499999232051,26.999999462436));
#2187 = LINE('',#2188,#2189);
#2188 = CARTESIAN_POINT('',(-20.9,40.499999232051,17.250000268782));
#2189 = VECTOR('',#2190,1.);
#2190 = DIRECTION('',(0.,-7.11E-15,1.));
#2191 = ORIENTED_EDGE('',*,*,#2192,.T.);
#2192 = EDGE_CURVE('',#2185,#2166,#2193,.T.);
#2193 = CIRCLE('',#2194,3.5);
#2194 = AXIS2_PLACEMENT_3D('',#2195,#2196,#2197);
#2195 = CARTESIAN_POINT('',(-20.9,43.999999232051,26.999999462436));
#2196 = DIRECTION('',(1.,0.,0.));
#2197 = DIRECTION('',(0.,1.,0.));
#2198 = PLANE('',#2199);
#2199 = AXIS2_PLACEMENT_3D('',#2200,#2201,#2202);
#2200 = CARTESIAN_POINT('',(-20.9,36.900001,2.5));
#2201 = DIRECTION('',(-1.,0.,0.));
#2202 = DIRECTION('',(0.,1.,0.));
#2203 = ADVANCED_FACE('',(#2204),#2235,.T.);
#2204 = FACE_BOUND('',#2205,.T.);
#2205 = EDGE_LOOP('',(#2206,#2211,#2219,#2227,#2233,#2234));
#2206 = ORIENTED_EDGE('',*,*,#2207,.T.);
#2207 = EDGE_CURVE('',#2149,#1622,#2208,.T.);
#2208 = B_SPLINE_CURVE_WITH_KNOTS('',1,(#2209,#2210),.UNSPECIFIED.,.F.,
  .F.,(2,2),(0.,1.),.PIECEWISE_BEZIER_KNOTS.);
#2209 = CARTESIAN_POINT('',(-20.900001,36.900001,4.972732424987));
#2210 = CARTESIAN_POINT('',(-26.099999,36.900001,4.972732424987));
#2211 = ORIENTED_EDGE('',*,*,#2212,.T.);
#2212 = EDGE_CURVE('',#1622,#2213,#2215,.T.);
#2213 = VERTEX_POINT('',#2214);
#2214 = CARTESIAN_POINT('',(-26.1,36.900001,17.));
#2215 = LINE('',#2216,#2217);
#2216 = CARTESIAN_POINT('',(-26.1,36.900001,2.5));
#2217 = VECTOR('',#2218,1.);
#2218 = DIRECTION('',(0.,0.,1.));
#2219 = ORIENTED_EDGE('',*,*,#2220,.F.);
#2220 = EDGE_CURVE('',#2221,#2213,#2223,.T.);
#2221 = VERTEX_POINT('',#2222);
#2222 = CARTESIAN_POINT('',(-25.9,36.900001,17.));
#2223 = LINE('',#2224,#2225);
#2224 = CARTESIAN_POINT('',(-32.05,36.900001,17.));
#2225 = VECTOR('',#2226,1.);
#2226 = DIRECTION('',(-1.,0.,0.));
#2227 = ORIENTED_EDGE('',*,*,#2228,.F.);
#2228 = EDGE_CURVE('',#445,#2221,#2229,.T.);
#2229 = LINE('',#2230,#2231);
#2230 = CARTESIAN_POINT('',(-25.9,36.900001,17.36976049063));
#2231 = VECTOR('',#2232,1.);
#2232 = DIRECTION('',(0.,0.,-1.));
#2233 = ORIENTED_EDGE('',*,*,#444,.T.);
#2234 = ORIENTED_EDGE('',*,*,#2155,.F.);
#2235 = PLANE('',#2236);
#2236 = AXIS2_PLACEMENT_3D('',#2237,#2238,#2239);
#2237 = CARTESIAN_POINT('',(-26.1,36.900001,2.5));
#2238 = DIRECTION('',(0.,1.,0.));
#2239 = DIRECTION('',(1.,0.,0.));
#2240 = ADVANCED_FACE('',(#2241),#2267,.F.);
#2241 = FACE_BOUND('',#2242,.F.);
#2242 = EDGE_LOOP('',(#2243,#2244,#2252,#2260,#2266));
#2243 = ORIENTED_EDGE('',*,*,#452,.F.);
#2244 = ORIENTED_EDGE('',*,*,#2245,.F.);
#2245 = EDGE_CURVE('',#2246,#453,#2248,.T.);
#2246 = VERTEX_POINT('',#2247);
#2247 = CARTESIAN_POINT('',(-25.9,34.,19.));
#2248 = LINE('',#2249,#2250);
#2249 = CARTESIAN_POINT('',(-25.9,34.,19.));
#2250 = VECTOR('',#2251,1.);
#2251 = DIRECTION('',(0.,0.,1.));
#2252 = ORIENTED_EDGE('',*,*,#2253,.F.);
#2253 = EDGE_CURVE('',#2254,#2246,#2256,.T.);
#2254 = VERTEX_POINT('',#2255);
#2255 = CARTESIAN_POINT('',(-25.9,36.,17.));
#2256 = LINE('',#2257,#2258);
#2257 = CARTESIAN_POINT('',(-25.9,36.,17.));
#2258 = VECTOR('',#2259,1.);
#2259 = DIRECTION('',(0.,-0.707106781187,0.707106781187));
#2260 = ORIENTED_EDGE('',*,*,#2261,.F.);
#2261 = EDGE_CURVE('',#2221,#2254,#2262,.T.);
#2262 = LINE('',#2263,#2264);
#2263 = CARTESIAN_POINT('',(-25.9,80.,17.));
#2264 = VECTOR('',#2265,1.);
#2265 = DIRECTION('',(0.,-1.,0.));
#2266 = ORIENTED_EDGE('',*,*,#2228,.F.);
#2267 = PLANE('',#2268);
#2268 = AXIS2_PLACEMENT_3D('',#2269,#2270,#2271);
#2269 = CARTESIAN_POINT('',(-25.9,58.,32.23952098126));
#2270 = DIRECTION('',(1.,0.,0.));
#2271 = DIRECTION('',(0.,0.,1.));
#2272 = ADVANCED_FACE('',(#2273),#2307,.T.);
#2273 = FACE_BOUND('',#2274,.T.);
#2274 = EDGE_LOOP('',(#2275,#2285,#2291,#2292,#2293,#2301));
#2275 = ORIENTED_EDGE('',*,*,#2276,.F.);
#2276 = EDGE_CURVE('',#2277,#2279,#2281,.T.);
#2277 = VERTEX_POINT('',#2278);
#2278 = CARTESIAN_POINT('',(-42.,34.,17.));
#2279 = VERTEX_POINT('',#2280);
#2280 = CARTESIAN_POINT('',(-37.,34.,17.));
#2281 = LINE('',#2282,#2283);
#2282 = CARTESIAN_POINT('',(27.664604896258,34.,17.));
#2283 = VECTOR('',#2284,1.);
#2284 = DIRECTION('',(1.,0.,0.));
#2285 = ORIENTED_EDGE('',*,*,#2286,.T.);
#2286 = EDGE_CURVE('',#2277,#461,#2287,.T.);
#2287 = LINE('',#2288,#2289);
#2288 = CARTESIAN_POINT('',(-42.,34.,2.5));
#2289 = VECTOR('',#2290,1.);
#2290 = DIRECTION('',(0.,0.,1.));
#2291 = ORIENTED_EDGE('',*,*,#460,.T.);
#2292 = ORIENTED_EDGE('',*,*,#2245,.F.);
#2293 = ORIENTED_EDGE('',*,*,#2294,.F.);
#2294 = EDGE_CURVE('',#2295,#2246,#2297,.T.);
#2295 = VERTEX_POINT('',#2296);
#2296 = CARTESIAN_POINT('',(-37.,34.,19.));
#2297 = LINE('',#2298,#2299);
#2298 = CARTESIAN_POINT('',(-38.,34.,19.));
#2299 = VECTOR('',#2300,1.);
#2300 = DIRECTION('',(1.,0.,0.));
#2301 = ORIENTED_EDGE('',*,*,#2302,.F.);
#2302 = EDGE_CURVE('',#2279,#2295,#2303,.T.);
#2303 = LINE('',#2304,#2305);
#2304 = CARTESIAN_POINT('',(-37.,34.,2.5));
#2305 = VECTOR('',#2306,1.);
#2306 = DIRECTION('',(0.,0.,1.));
#2307 = PLANE('',#2308);
#2308 = AXIS2_PLACEMENT_3D('',#2309,#2310,#2311);
#2309 = CARTESIAN_POINT('',(-35.69096958174,34.,22.490969581749));
#2310 = DIRECTION('',(0.,1.,0.));
#2311 = DIRECTION('',(0.,0.,1.));
#2312 = ADVANCED_FACE('',(#2313,#2347,#2358),#2369,.T.);
#2313 = FACE_BOUND('',#2314,.T.);
#2314 = EDGE_LOOP('',(#2315,#2316,#2324,#2332,#2340,#2346));
#2315 = ORIENTED_EDGE('',*,*,#2286,.F.);
#2316 = ORIENTED_EDGE('',*,*,#2317,.F.);
#2317 = EDGE_CURVE('',#2318,#2277,#2320,.T.);
#2318 = VERTEX_POINT('',#2319);
#2319 = CARTESIAN_POINT('',(-42.,49.,17.));
#2320 = LINE('',#2321,#2322);
#2321 = CARTESIAN_POINT('',(-42.,49.,17.));
#2322 = VECTOR('',#2323,1.);
#2323 = DIRECTION('',(0.,-1.,0.));
#2324 = ORIENTED_EDGE('',*,*,#2325,.T.);
#2325 = EDGE_CURVE('',#2318,#2326,#2328,.T.);
#2326 = VERTEX_POINT('',#2327);
#2327 = CARTESIAN_POINT('',(-42.,49.,-61.));
#2328 = LINE('',#2329,#2330);
#2329 = CARTESIAN_POINT('',(-42.,49.,17.));
#2330 = VECTOR('',#2331,1.);
#2331 = DIRECTION('',(-0.,-0.,-1.));
#2332 = ORIENTED_EDGE('',*,*,#2333,.T.);
#2333 = EDGE_CURVE('',#2326,#2334,#2336,.T.);
#2334 = VERTEX_POINT('',#2335);
#2335 = CARTESIAN_POINT('',(-42.,14.,-61.));
#2336 = LINE('',#2337,#2338);
#2337 = CARTESIAN_POINT('',(-42.,49.,-61.));
#2338 = VECTOR('',#2339,1.);
#2339 = DIRECTION('',(0.,-1.,0.));
#2340 = ORIENTED_EDGE('',*,*,#2341,.T.);
#2341 = EDGE_CURVE('',#2334,#469,#2342,.T.);
#2342 = LINE('',#2343,#2344);
#2343 = CARTESIAN_POINT('',(-42.,14.,2.5));
#2344 = VECTOR('',#2345,1.);
#2345 = DIRECTION('',(0.,0.,1.));
#2346 = ORIENTED_EDGE('',*,*,#468,.T.);
#2347 = FACE_BOUND('',#2348,.T.);
#2348 = EDGE_LOOP('',(#2349));
#2349 = ORIENTED_EDGE('',*,*,#2350,.T.);
#2350 = EDGE_CURVE('',#2351,#2351,#2353,.T.);
#2351 = VERTEX_POINT('',#2352);
#2352 = CARTESIAN_POINT('',(-42.,45.300001,-8.5));
#2353 = CIRCLE('',#2354,1.3);
#2354 = AXIS2_PLACEMENT_3D('',#2355,#2356,#2357);
#2355 = CARTESIAN_POINT('',(-42.,44.000001,-8.5));
#2356 = DIRECTION('',(1.,0.,0.));
#2357 = DIRECTION('',(0.,1.,0.));
#2358 = FACE_BOUND('',#2359,.T.);
#2359 = EDGE_LOOP('',(#2360));
#2360 = ORIENTED_EDGE('',*,*,#2361,.T.);
#2361 = EDGE_CURVE('',#2362,#2362,#2364,.T.);
#2362 = VERTEX_POINT('',#2363);
#2363 = CARTESIAN_POINT('',(-42.,46.875,-28.));
#2364 = CIRCLE('',#2365,2.875);
#2365 = AXIS2_PLACEMENT_3D('',#2366,#2367,#2368);
#2366 = CARTESIAN_POINT('',(-42.,44.,-28.));
#2367 = DIRECTION('',(1.,0.,0.));
#2368 = DIRECTION('',(0.,1.,0.));
#2369 = PLANE('',#2370);
#2370 = AXIS2_PLACEMENT_3D('',#2371,#2372,#2373);
#2371 = CARTESIAN_POINT('',(-42.,30.277777777778,-12.22222222222));
#2372 = DIRECTION('',(-1.,-0.,-0.));
#2373 = DIRECTION('',(0.,0.,-1.));
#2374 = ADVANCED_FACE('',(#2375),#2399,.T.);
#2375 = FACE_BOUND('',#2376,.T.);
#2376 = EDGE_LOOP('',(#2377,#2385,#2391,#2392,#2393));
#2377 = ORIENTED_EDGE('',*,*,#2378,.F.);
#2378 = EDGE_CURVE('',#1683,#2379,#2381,.T.);
#2379 = VERTEX_POINT('',#2380);
#2380 = CARTESIAN_POINT('',(-37.,14.,-61.));
#2381 = LINE('',#2382,#2383);
#2382 = CARTESIAN_POINT('',(-37.,14.,17.));
#2383 = VECTOR('',#2384,1.);
#2384 = DIRECTION('',(-0.,-0.,-1.));
#2385 = ORIENTED_EDGE('',*,*,#2386,.T.);
#2386 = EDGE_CURVE('',#1683,#477,#2387,.T.);
#2387 = LINE('',#2388,#2389);
#2388 = CARTESIAN_POINT('',(-37.,14.,2.5));
#2389 = VECTOR('',#2390,1.);
#2390 = DIRECTION('',(0.,0.,1.));
#2391 = ORIENTED_EDGE('',*,*,#476,.T.);
#2392 = ORIENTED_EDGE('',*,*,#2341,.F.);
#2393 = ORIENTED_EDGE('',*,*,#2394,.T.);
#2394 = EDGE_CURVE('',#2334,#2379,#2395,.T.);
#2395 = LINE('',#2396,#2397);
#2396 = CARTESIAN_POINT('',(-42.,14.,-61.));
#2397 = VECTOR('',#2398,1.);
#2398 = DIRECTION('',(1.,0.,0.));
#2399 = PLANE('',#2400);
#2400 = AXIS2_PLACEMENT_3D('',#2401,#2402,#2403);
#2401 = CARTESIAN_POINT('',(-39.5,14.,-11.));
#2402 = DIRECTION('',(-0.,-1.,-0.));
#2403 = DIRECTION('',(0.,0.,-1.));
#2404 = ADVANCED_FACE('',(#2405),#2416,.T.);
#2405 = FACE_BOUND('',#2406,.T.);
#2406 = EDGE_LOOP('',(#2407,#2413,#2414,#2415));
#2407 = ORIENTED_EDGE('',*,*,#2408,.T.);
#2408 = EDGE_CURVE('',#1675,#485,#2409,.T.);
#2409 = LINE('',#2410,#2411);
#2410 = CARTESIAN_POINT('',(-7.,-16.,2.5));
#2411 = VECTOR('',#2412,1.);
#2412 = DIRECTION('',(0.,0.,1.));
#2413 = ORIENTED_EDGE('',*,*,#484,.T.);
#2414 = ORIENTED_EDGE('',*,*,#2386,.F.);
#2415 = ORIENTED_EDGE('',*,*,#1682,.F.);
#2416 = PLANE('',#2417);
#2417 = AXIS2_PLACEMENT_3D('',#2418,#2419,#2420);
#2418 = CARTESIAN_POINT('',(-7.,-16.,2.5));
#2419 = DIRECTION('',(-0.707106781187,-0.707106781187,0.));
#2420 = DIRECTION('',(-0.707106781187,0.707106781187,0.));
#2421 = ADVANCED_FACE('',(#2422,#2581,#2592,#2603,#2614,#2625,#2636),
  #2647,.T.);
#2422 = FACE_BOUND('',#2423,.T.);
#2423 = EDGE_LOOP('',(#2424,#2432,#2440,#2448,#2456,#2464,#2472,#2480,
    #2488,#2496,#2504,#2510,#2511,#2519,#2527,#2533,#2534,#2542,#2550,
    #2556,#2557,#2565,#2573,#2579,#2580));
#2424 = ORIENTED_EDGE('',*,*,#2425,.T.);
#2425 = EDGE_CURVE('',#1675,#2426,#2428,.T.);
#2426 = VERTEX_POINT('',#2427);
#2427 = CARTESIAN_POINT('',(-7.,-16.,-61.));
#2428 = LINE('',#2429,#2430);
#2429 = CARTESIAN_POINT('',(-7.,-16.,17.));
#2430 = VECTOR('',#2431,1.);
#2431 = DIRECTION('',(-0.,-0.,-1.));
#2432 = ORIENTED_EDGE('',*,*,#2433,.T.);
#2433 = EDGE_CURVE('',#2426,#2434,#2436,.T.);
#2434 = VERTEX_POINT('',#2435);
#2435 = CARTESIAN_POINT('',(44.,-16.,-61.));
#2436 = LINE('',#2437,#2438);
#2437 = CARTESIAN_POINT('',(-7.,-16.,-61.));
#2438 = VECTOR('',#2439,1.);
#2439 = DIRECTION('',(1.,0.,0.));
#2440 = ORIENTED_EDGE('',*,*,#2441,.T.);
#2441 = EDGE_CURVE('',#2434,#2442,#2444,.T.);
#2442 = VERTEX_POINT('',#2443);
#2443 = CARTESIAN_POINT('',(44.,-16.,4.E-15));
#2444 = LINE('',#2445,#2446);
#2445 = CARTESIAN_POINT('',(44.,-16.,-5.5));
#2446 = VECTOR('',#2447,1.);
#2447 = DIRECTION('',(0.,0.,1.));
#2448 = ORIENTED_EDGE('',*,*,#2449,.T.);
#2449 = EDGE_CURVE('',#2442,#2450,#2452,.T.);
#2450 = VERTEX_POINT('',#2451);
#2451 = CARTESIAN_POINT('',(90.,-16.,4.E-15));
#2452 = LINE('',#2453,#2454);
#2453 = CARTESIAN_POINT('',(102.,-16.,3.55E-15));
#2454 = VECTOR('',#2455,1.);
#2455 = DIRECTION('',(1.,0.,0.));
#2456 = ORIENTED_EDGE('',*,*,#2457,.T.);
#2457 = EDGE_CURVE('',#2450,#2458,#2460,.T.);
#2458 = VERTEX_POINT('',#2459);
#2459 = CARTESIAN_POINT('',(90.,-16.,-61.));
#2460 = LINE('',#2461,#2462);
#2461 = CARTESIAN_POINT('',(90.,-16.,-36.));
#2462 = VECTOR('',#2463,1.);
#2463 = DIRECTION('',(0.,0.,-1.));
#2464 = ORIENTED_EDGE('',*,*,#2465,.T.);
#2465 = EDGE_CURVE('',#2458,#2466,#2468,.T.);
#2466 = VERTEX_POINT('',#2467);
#2467 = CARTESIAN_POINT('',(134.,-16.,-61.));
#2468 = LINE('',#2469,#2470);
#2469 = CARTESIAN_POINT('',(-7.,-16.,-61.));
#2470 = VECTOR('',#2471,1.);
#2471 = DIRECTION('',(1.,0.,0.));
#2472 = ORIENTED_EDGE('',*,*,#2473,.T.);
#2473 = EDGE_CURVE('',#2466,#2474,#2476,.T.);
#2474 = VERTEX_POINT('',#2475);
#2475 = CARTESIAN_POINT('',(134.,-16.,4.E-15));
#2476 = LINE('',#2477,#2478);
#2477 = CARTESIAN_POINT('',(134.,-16.,-5.5));
#2478 = VECTOR('',#2479,1.);
#2479 = DIRECTION('',(0.,0.,1.));
#2480 = ORIENTED_EDGE('',*,*,#2481,.T.);
#2481 = EDGE_CURVE('',#2474,#2482,#2484,.T.);
#2482 = VERTEX_POINT('',#2483);
#2483 = CARTESIAN_POINT('',(180.,-16.,4.E-15));
#2484 = LINE('',#2485,#2486);
#2485 = CARTESIAN_POINT('',(147.,-16.,3.55E-15));
#2486 = VECTOR('',#2487,1.);
#2487 = DIRECTION('',(1.,0.,0.));
#2488 = ORIENTED_EDGE('',*,*,#2489,.T.);
#2489 = EDGE_CURVE('',#2482,#2490,#2492,.T.);
#2490 = VERTEX_POINT('',#2491);
#2491 = CARTESIAN_POINT('',(180.,-16.,-61.));
#2492 = LINE('',#2493,#2494);
#2493 = CARTESIAN_POINT('',(180.,-16.,-36.));
#2494 = VECTOR('',#2495,1.);
#2495 = DIRECTION('',(0.,0.,-1.));
#2496 = ORIENTED_EDGE('',*,*,#2497,.T.);
#2497 = EDGE_CURVE('',#2490,#2498,#2500,.T.);
#2498 = VERTEX_POINT('',#2499);
#2499 = CARTESIAN_POINT('',(235.,-16.,-61.));
#2500 = LINE('',#2501,#2502);
#2501 = CARTESIAN_POINT('',(-7.,-16.,-61.));
#2502 = VECTOR('',#2503,1.);
#2503 = DIRECTION('',(1.,0.,0.));
#2504 = ORIENTED_EDGE('',*,*,#2505,.T.);
#2505 = EDGE_CURVE('',#2498,#685,#2506,.T.);
#2506 = LINE('',#2507,#2508);
#2507 = CARTESIAN_POINT('',(235.,-16.,2.5));
#2508 = VECTOR('',#2509,1.);
#2509 = DIRECTION('',(0.,0.,1.));
#2510 = ORIENTED_EDGE('',*,*,#684,.F.);
#2511 = ORIENTED_EDGE('',*,*,#2512,.T.);
#2512 = EDGE_CURVE('',#677,#2513,#2515,.T.);
#2513 = VERTEX_POINT('',#2514);
#2514 = CARTESIAN_POINT('',(227.,-16.,13.));
#2515 = LINE('',#2516,#2517);
#2516 = CARTESIAN_POINT('',(227.,-16.,1.));
#2517 = VECTOR('',#2518,1.);
#2518 = DIRECTION('',(0.,0.,-1.));
#2519 = ORIENTED_EDGE('',*,*,#2520,.T.);
#2520 = EDGE_CURVE('',#2513,#2521,#2523,.T.);
#2521 = VERTEX_POINT('',#2522);
#2522 = CARTESIAN_POINT('',(203.,-16.,13.));
#2523 = LINE('',#2524,#2525);
#2524 = CARTESIAN_POINT('',(158.5,-16.,13.));
#2525 = VECTOR('',#2526,1.);
#2526 = DIRECTION('',(-1.,0.,0.));
#2527 = ORIENTED_EDGE('',*,*,#2528,.T.);
#2528 = EDGE_CURVE('',#2521,#621,#2529,.T.);
#2529 = LINE('',#2530,#2531);
#2530 = CARTESIAN_POINT('',(203.,-16.,15.));
#2531 = VECTOR('',#2532,1.);
#2532 = DIRECTION('',(0.,0.,1.));
#2533 = ORIENTED_EDGE('',*,*,#620,.F.);
#2534 = ORIENTED_EDGE('',*,*,#2535,.T.);
#2535 = EDGE_CURVE('',#613,#2536,#2538,.T.);
#2536 = VERTEX_POINT('',#2537);
#2537 = CARTESIAN_POINT('',(137.,-16.,13.));
#2538 = LINE('',#2539,#2540);
#2539 = CARTESIAN_POINT('',(137.,-16.,1.));
#2540 = VECTOR('',#2541,1.);
#2541 = DIRECTION('',(0.,0.,-1.));
#2542 = ORIENTED_EDGE('',*,*,#2543,.T.);
#2543 = EDGE_CURVE('',#2536,#2544,#2546,.T.);
#2544 = VERTEX_POINT('',#2545);
#2545 = CARTESIAN_POINT('',(113.,-16.,13.));
#2546 = LINE('',#2547,#2548);
#2547 = CARTESIAN_POINT('',(113.5,-16.,13.));
#2548 = VECTOR('',#2549,1.);
#2549 = DIRECTION('',(-1.,0.,0.));
#2550 = ORIENTED_EDGE('',*,*,#2551,.T.);
#2551 = EDGE_CURVE('',#2544,#557,#2552,.T.);
#2552 = LINE('',#2553,#2554);
#2553 = CARTESIAN_POINT('',(113.,-16.,15.));
#2554 = VECTOR('',#2555,1.);
#2555 = DIRECTION('',(0.,0.,1.));
#2556 = ORIENTED_EDGE('',*,*,#556,.F.);
#2557 = ORIENTED_EDGE('',*,*,#2558,.T.);
#2558 = EDGE_CURVE('',#549,#2559,#2561,.T.);
#2559 = VERTEX_POINT('',#2560);
#2560 = CARTESIAN_POINT('',(47.,-16.,13.));
#2561 = LINE('',#2562,#2563);
#2562 = CARTESIAN_POINT('',(47.,-16.,1.));
#2563 = VECTOR('',#2564,1.);
#2564 = DIRECTION('',(0.,0.,-1.));
#2565 = ORIENTED_EDGE('',*,*,#2566,.T.);
#2566 = EDGE_CURVE('',#2559,#2567,#2569,.T.);
#2567 = VERTEX_POINT('',#2568);
#2568 = CARTESIAN_POINT('',(23.,-16.,13.));
#2569 = LINE('',#2570,#2571);
#2570 = CARTESIAN_POINT('',(68.5,-16.,13.));
#2571 = VECTOR('',#2572,1.);
#2572 = DIRECTION('',(-1.,0.,0.));
#2573 = ORIENTED_EDGE('',*,*,#2574,.T.);
#2574 = EDGE_CURVE('',#2567,#493,#2575,.T.);
#2575 = LINE('',#2576,#2577);
#2576 = CARTESIAN_POINT('',(23.,-16.,15.));
#2577 = VECTOR('',#2578,1.);
#2578 = DIRECTION('',(0.,0.,1.));
#2579 = ORIENTED_EDGE('',*,*,#492,.F.);
#2580 = ORIENTED_EDGE('',*,*,#2408,.F.);
#2581 = FACE_BOUND('',#2582,.T.);
#2582 = EDGE_LOOP('',(#2583));
#2583 = ORIENTED_EDGE('',*,*,#2584,.T.);
#2584 = EDGE_CURVE('',#2585,#2585,#2587,.T.);
#2585 = VERTEX_POINT('',#2586);
#2586 = CARTESIAN_POINT('',(37.875001,-16.,6.5));
#2587 = CIRCLE('',#2588,2.875);
#2588 = AXIS2_PLACEMENT_3D('',#2589,#2590,#2591);
#2589 = CARTESIAN_POINT('',(35.000001,-16.,6.5));
#2590 = DIRECTION('',(0.,1.,-2.2E-16));
#2591 = DIRECTION('',(1.,0.,0.));
#2592 = FACE_BOUND('',#2593,.T.);
#2593 = EDGE_LOOP('',(#2594));
#2594 = ORIENTED_EDGE('',*,*,#2595,.T.);
#2595 = EDGE_CURVE('',#2596,#2596,#2598,.T.);
#2596 = VERTEX_POINT('',#2597);
#2597 = CARTESIAN_POINT('',(36.303842,-16.,-13.5));
#2598 = CIRCLE('',#2599,1.303841);
#2599 = AXIS2_PLACEMENT_3D('',#2600,#2601,#2602);
#2600 = CARTESIAN_POINT('',(35.000001,-16.,-13.5));
#2601 = DIRECTION('',(0.,1.,-2.2E-16));
#2602 = DIRECTION('',(1.,0.,0.));
#2603 = FACE_BOUND('',#2604,.T.);
#2604 = EDGE_LOOP('',(#2605));
#2605 = ORIENTED_EDGE('',*,*,#2606,.T.);
#2606 = EDGE_CURVE('',#2607,#2607,#2609,.T.);
#2607 = VERTEX_POINT('',#2608);
#2608 = CARTESIAN_POINT('',(127.875001,-16.,6.5));
#2609 = CIRCLE('',#2610,2.875);
#2610 = AXIS2_PLACEMENT_3D('',#2611,#2612,#2613);
#2611 = CARTESIAN_POINT('',(125.000001,-16.,6.5));
#2612 = DIRECTION('',(0.,1.,-2.2E-16));
#2613 = DIRECTION('',(1.,0.,0.));
#2614 = FACE_BOUND('',#2615,.T.);
#2615 = EDGE_LOOP('',(#2616));
#2616 = ORIENTED_EDGE('',*,*,#2617,.T.);
#2617 = EDGE_CURVE('',#2618,#2618,#2620,.T.);
#2618 = VERTEX_POINT('',#2619);
#2619 = CARTESIAN_POINT('',(217.875001,-16.,6.5));
#2620 = CIRCLE('',#2621,2.875);
#2621 = AXIS2_PLACEMENT_3D('',#2622,#2623,#2624);
#2622 = CARTESIAN_POINT('',(215.000001,-16.,6.5));
#2623 = DIRECTION('',(0.,1.,-2.2E-16));
#2624 = DIRECTION('',(1.,0.,0.));
#2625 = FACE_BOUND('',#2626,.T.);
#2626 = EDGE_LOOP('',(#2627));
#2627 = ORIENTED_EDGE('',*,*,#2628,.T.);
#2628 = EDGE_CURVE('',#2629,#2629,#2631,.T.);
#2629 = VERTEX_POINT('',#2630);
#2630 = CARTESIAN_POINT('',(126.303842,-16.,-13.5));
#2631 = CIRCLE('',#2632,1.303841);
#2632 = AXIS2_PLACEMENT_3D('',#2633,#2634,#2635);
#2633 = CARTESIAN_POINT('',(125.000001,-16.,-13.5));
#2634 = DIRECTION('',(0.,1.,-2.2E-16));
#2635 = DIRECTION('',(1.,0.,0.));
#2636 = FACE_BOUND('',#2637,.T.);
#2637 = EDGE_LOOP('',(#2638));
#2638 = ORIENTED_EDGE('',*,*,#2639,.T.);
#2639 = EDGE_CURVE('',#2640,#2640,#2642,.T.);
#2640 = VERTEX_POINT('',#2641);
#2641 = CARTESIAN_POINT('',(216.303842,-16.,-13.5));
#2642 = CIRCLE('',#2643,1.303841);
#2643 = AXIS2_PLACEMENT_3D('',#2644,#2645,#2646);
#2644 = CARTESIAN_POINT('',(215.000001,-16.,-13.5));
#2645 = DIRECTION('',(0.,1.,-2.2E-16));
#2646 = DIRECTION('',(1.,0.,0.));
#2647 = PLANE('',#2648);
#2648 = AXIS2_PLACEMENT_3D('',#2649,#2650,#2651);
#2649 = CARTESIAN_POINT('',(114.,-16.,-11.));
#2650 = DIRECTION('',(-0.,-1.,-0.));
#2651 = DIRECTION('',(0.,0.,-1.));
#2652 = ADVANCED_FACE('',(#2653),#2671,.T.);
#2653 = FACE_BOUND('',#2654,.T.);
#2654 = EDGE_LOOP('',(#2655,#2663,#2664,#2665));
#2655 = ORIENTED_EDGE('',*,*,#2656,.F.);
#2656 = EDGE_CURVE('',#501,#2657,#2659,.T.);
#2657 = VERTEX_POINT('',#2658);
#2658 = CARTESIAN_POINT('',(23.,3.E-15,13.));
#2659 = LINE('',#2660,#2661);
#2660 = CARTESIAN_POINT('',(23.,0.,41.));
#2661 = VECTOR('',#2662,1.);
#2662 = DIRECTION('',(0.,0.,-1.));
#2663 = ORIENTED_EDGE('',*,*,#500,.F.);
#2664 = ORIENTED_EDGE('',*,*,#2574,.F.);
#2665 = ORIENTED_EDGE('',*,*,#2666,.F.);
#2666 = EDGE_CURVE('',#2657,#2567,#2667,.T.);
#2667 = LINE('',#2668,#2669);
#2668 = CARTESIAN_POINT('',(23.,2.89E-15,13.));
#2669 = VECTOR('',#2670,1.);
#2670 = DIRECTION('',(0.,-1.,2.2E-16));
#2671 = PLANE('',#2672);
#2672 = AXIS2_PLACEMENT_3D('',#2673,#2674,#2675);
#2673 = CARTESIAN_POINT('',(23.,9.1E-15,41.));
#2674 = DIRECTION('',(1.,0.,0.));
#2675 = DIRECTION('',(0.,-2.2E-16,-1.));
#2676 = ADVANCED_FACE('',(#2677),#2732,.F.);
#2677 = FACE_BOUND('',#2678,.F.);
#2678 = EDGE_LOOP('',(#2679,#2680,#2681,#2689,#2726));
#2679 = ORIENTED_EDGE('',*,*,#2656,.F.);
#2680 = ORIENTED_EDGE('',*,*,#508,.F.);
#2681 = ORIENTED_EDGE('',*,*,#2682,.F.);
#2682 = EDGE_CURVE('',#2683,#509,#2685,.T.);
#2683 = VERTEX_POINT('',#2684);
#2684 = CARTESIAN_POINT('',(27.4,6.E-15,14.472729677509));
#2685 = LINE('',#2686,#2687);
#2686 = CARTESIAN_POINT('',(27.4,6.11E-15,14.75));
#2687 = VECTOR('',#2688,1.);
#2688 = DIRECTION('',(0.,0.,1.));
#2689 = ORIENTED_EDGE('',*,*,#2690,.F.);
#2690 = EDGE_CURVE('',#2691,#2683,#2693,.T.);
#2691 = VERTEX_POINT('',#2692);
#2692 = CARTESIAN_POINT('',(26.863970234266,3.E-15,13.));
#2693 = B_SPLINE_CURVE_WITH_KNOTS('',6,(#2694,#2695,#2696,#2697,#2698,
    #2699,#2700,#2701,#2702,#2703,#2704,#2705,#2706,#2707,#2708,#2709,
    #2710,#2711,#2712,#2713,#2714,#2715,#2716,#2717,#2718,#2719,#2720,
    #2721,#2722,#2723,#2724,#2725),.UNSPECIFIED.,.F.,.F.,(7,5,5,5,5,5,7)
  ,(0.,0.492059787942,0.743601427045,0.870576510576,0.932680101615,
    0.963789478363,1.),.UNSPECIFIED.);
#2694 = CARTESIAN_POINT('',(26.863970234266,6.E-15,13.));
#2695 = CARTESIAN_POINT('',(26.908873907036,6.E-15,13.123371826986));
#2696 = CARTESIAN_POINT('',(26.953650805675,6.E-15,13.246395344909));
#2697 = CARTESIAN_POINT('',(26.998289311869,6.E-15,13.369038632715));
#2698 = CARTESIAN_POINT('',(27.042775937753,6.E-15,13.491264632801));
#2699 = CARTESIAN_POINT('',(27.087095325915,6.E-15,13.613031151018));
#2700 = CARTESIAN_POINT('',(27.153792082858,6.E-15,13.79627898467));
#2701 = CARTESIAN_POINT('',(27.17630568226,6.E-15,13.858134590657));
#2702 = CARTESIAN_POINT('',(27.198768725026,6.E-15,13.919851293429));
#2703 = CARTESIAN_POINT('',(27.221178728464,6.E-15,13.981422271847));
#2704 = CARTESIAN_POINT('',(27.24353304976,6.E-15,14.042840264834));
#2705 = CARTESIAN_POINT('',(27.27708354614,6.E-15,14.135019496048));
#2706 = CARTESIAN_POINT('',(27.288323302679,6.E-15,14.165900473341));
#2707 = CARTESIAN_POINT('',(27.299547794349,6.E-15,14.196739510749));
#2708 = CARTESIAN_POINT('',(27.310756648574,6.E-15,14.22753558463));
#2709 = CARTESIAN_POINT('',(27.321949481448,6.E-15,14.25828764021));
#2710 = CARTESIAN_POINT('',(27.338592289773,6.E-15,14.304013380281));
#2711 = CARTESIAN_POINT('',(27.344054754621,6.E-15,14.319021379103));
#2712 = CARTESIAN_POINT('',(27.349513246012,6.E-15,14.334018460945));
#2713 = CARTESIAN_POINT('',(27.354967717015,6.E-15,14.349004496862));
#2714 = CARTESIAN_POINT('',(27.36041812003,6.E-15,14.363979356072));
#2715 = CARTESIAN_POINT('',(27.368592599853,6.E-15,14.386438554802));
#2716 = CARTESIAN_POINT('',(27.371320789699,6.E-15,14.393934194801));
#2717 = CARTESIAN_POINT('',(27.374048976317,6.E-15,14.40142982593));
#2718 = CARTESIAN_POINT('',(27.376777159701,6.E-15,14.408925448171));
#2719 = CARTESIAN_POINT('',(27.379505339842,6.E-15,14.416421061506));
#2720 = CARTESIAN_POINT('',(27.385409045105,6.E-15,14.432641358407));
#2721 = CARTESIAN_POINT('',(27.388173751789,6.E-15,14.440237327592));
#2722 = CARTESIAN_POINT('',(27.391154790254,6.E-15,14.448427663461));
#2723 = CARTESIAN_POINT('',(27.39446985344,6.E-15,14.457535724711));
#2724 = CARTESIAN_POINT('',(27.397722118616,6.E-15,14.466471249841));
#2725 = CARTESIAN_POINT('',(27.4,6.E-15,14.472729677509));
#2726 = ORIENTED_EDGE('',*,*,#2727,.F.);
#2727 = EDGE_CURVE('',#2657,#2691,#2728,.T.);
#2728 = LINE('',#2729,#2730);
#2729 = CARTESIAN_POINT('',(23.,0.,13.));
#2730 = VECTOR('',#2731,1.);
#2731 = DIRECTION('',(1.,0.,0.));
#2732 = PLANE('',#2733);
#2733 = AXIS2_PLACEMENT_3D('',#2734,#2735,#2736);
#2734 = CARTESIAN_POINT('',(125.,6.E-15,27.));
#2735 = DIRECTION('',(0.,1.,0.));
#2736 = DIRECTION('',(0.,0.,1.));
#2737 = ADVANCED_FACE('',(#2738),#2755,.T.);
#2738 = FACE_BOUND('',#2739,.T.);
#2739 = EDGE_LOOP('',(#2740,#2747,#2753,#2754));
#2740 = ORIENTED_EDGE('',*,*,#2741,.T.);
#2741 = EDGE_CURVE('',#2683,#2742,#2744,.T.);
#2742 = VERTEX_POINT('',#2743);
#2743 = CARTESIAN_POINT('',(27.4,5.1,14.472729677509));
#2744 = B_SPLINE_CURVE_WITH_KNOTS('',1,(#2745,#2746),.UNSPECIFIED.,.F.,
  .F.,(2,2),(0.,1.),.PIECEWISE_BEZIER_KNOTS.);
#2745 = CARTESIAN_POINT('',(27.4,-0.1,14.472729677509));
#2746 = CARTESIAN_POINT('',(27.4,5.1,14.472729677509));
#2747 = ORIENTED_EDGE('',*,*,#2748,.T.);
#2748 = EDGE_CURVE('',#2742,#517,#2749,.T.);
#2749 = LINE('',#2750,#2751);
#2750 = CARTESIAN_POINT('',(27.4,5.1,2.5));
#2751 = VECTOR('',#2752,1.);
#2752 = DIRECTION('',(0.,0.,1.));
#2753 = ORIENTED_EDGE('',*,*,#516,.T.);
#2754 = ORIENTED_EDGE('',*,*,#2682,.F.);
#2755 = PLANE('',#2756);
#2756 = AXIS2_PLACEMENT_3D('',#2757,#2758,#2759);
#2757 = CARTESIAN_POINT('',(27.4,5.1,2.5));
#2758 = DIRECTION('',(1.,0.,0.));
#2759 = DIRECTION('',(0.,-1.,0.));
#2760 = ADVANCED_FACE('',(#2761,#2778),#2814,.T.);
#2761 = FACE_BOUND('',#2762,.T.);
#2762 = EDGE_LOOP('',(#2763,#2770,#2776,#2777));
#2763 = ORIENTED_EDGE('',*,*,#2764,.T.);
#2764 = EDGE_CURVE('',#2742,#2765,#2767,.T.);
#2765 = VERTEX_POINT('',#2766);
#2766 = CARTESIAN_POINT('',(42.600000750009,5.100000250009,
    14.472728303721));
#2767 = B_SPLINE_CURVE_WITH_KNOTS('',1,(#2768,#2769),.UNSPECIFIED.,.F.,
  .F.,(2,2),(0.,1.),.PIECEWISE_BEZIER_KNOTS.);
#2768 = CARTESIAN_POINT('',(27.4,5.1,14.472729677509));
#2769 = CARTESIAN_POINT('',(42.6,5.1,14.472729677509));
#2770 = ORIENTED_EDGE('',*,*,#2771,.T.);
#2771 = EDGE_CURVE('',#2765,#525,#2772,.T.);
#2772 = LINE('',#2773,#2774);
#2773 = CARTESIAN_POINT('',(42.600001,5.1,2.5));
#2774 = VECTOR('',#2775,1.);
#2775 = DIRECTION('',(0.,0.,1.));
#2776 = ORIENTED_EDGE('',*,*,#524,.T.);
#2777 = ORIENTED_EDGE('',*,*,#2748,.F.);
#2778 = FACE_BOUND('',#2779,.T.);
#2779 = EDGE_LOOP('',(#2780,#2791,#2799,#2808));
#2780 = ORIENTED_EDGE('',*,*,#2781,.F.);
#2781 = EDGE_CURVE('',#2782,#2784,#2786,.T.);
#2782 = VERTEX_POINT('',#2783);
#2783 = CARTESIAN_POINT('',(38.5,5.1,28.));
#2784 = VERTEX_POINT('',#2785);
#2785 = CARTESIAN_POINT('',(31.5,5.1,28.));
#2786 = CIRCLE('',#2787,3.5);
#2787 = AXIS2_PLACEMENT_3D('',#2788,#2789,#2790);
#2788 = CARTESIAN_POINT('',(35.,5.1,28.));
#2789 = DIRECTION('',(0.,-1.,2.2E-16));
#2790 = DIRECTION('',(1.,0.,0.));
#2791 = ORIENTED_EDGE('',*,*,#2792,.T.);
#2792 = EDGE_CURVE('',#2782,#2793,#2795,.T.);
#2793 = VERTEX_POINT('',#2794);
#2794 = CARTESIAN_POINT('',(38.5,5.1,22.999998787564));
#2795 = LINE('',#2796,#2797);
#2796 = CARTESIAN_POINT('',(38.5,5.1,15.25));
#2797 = VECTOR('',#2798,1.);
#2798 = DIRECTION('',(0.,0.,-1.));
#2799 = ORIENTED_EDGE('',*,*,#2800,.F.);
#2800 = EDGE_CURVE('',#2801,#2793,#2803,.T.);
#2801 = VERTEX_POINT('',#2802);
#2802 = CARTESIAN_POINT('',(31.5,5.1,22.999998787564));
#2803 = CIRCLE('',#2804,3.5);
#2804 = AXIS2_PLACEMENT_3D('',#2805,#2806,#2807);
#2805 = CARTESIAN_POINT('',(35.,5.1,22.999998787564));
#2806 = DIRECTION('',(0.,-1.,2.2E-16));
#2807 = DIRECTION('',(1.,0.,0.));
#2808 = ORIENTED_EDGE('',*,*,#2809,.F.);
#2809 = EDGE_CURVE('',#2784,#2801,#2810,.T.);
#2810 = LINE('',#2811,#2812);
#2811 = CARTESIAN_POINT('',(31.499999999999,5.1,15.250000000001));
#2812 = VECTOR('',#2813,1.);
#2813 = DIRECTION('',(-6.537E-14,-0.,-1.));
#2814 = PLANE('',#2815);
#2815 = AXIS2_PLACEMENT_3D('',#2816,#2817,#2818);
#2816 = CARTESIAN_POINT('',(42.600001,5.1,2.5));
#2817 = DIRECTION('',(0.,-1.,0.));
#2818 = DIRECTION('',(-1.,0.,0.));
#2819 = ADVANCED_FACE('',(#2820),#2837,.T.);
#2820 = FACE_BOUND('',#2821,.T.);
#2821 = EDGE_LOOP('',(#2822,#2823,#2830,#2836));
#2822 = ORIENTED_EDGE('',*,*,#2771,.F.);
#2823 = ORIENTED_EDGE('',*,*,#2824,.T.);
#2824 = EDGE_CURVE('',#2765,#2825,#2827,.T.);
#2825 = VERTEX_POINT('',#2826);
#2826 = CARTESIAN_POINT('',(42.600001,6.E-15,14.472726930032));
#2827 = B_SPLINE_CURVE_WITH_KNOTS('',1,(#2828,#2829),.UNSPECIFIED.,.F.,
  .F.,(2,2),(0.,1.),.PIECEWISE_BEZIER_KNOTS.);
#2828 = CARTESIAN_POINT('',(42.600001,5.1,14.472726930032));
#2829 = CARTESIAN_POINT('',(42.600001,-1.E-01,14.472726930032));
#2830 = ORIENTED_EDGE('',*,*,#2831,.F.);
#2831 = EDGE_CURVE('',#533,#2825,#2832,.T.);
#2832 = LINE('',#2833,#2834);
#2833 = CARTESIAN_POINT('',(42.600001,6.E-15,14.75));
#2834 = VECTOR('',#2835,1.);
#2835 = DIRECTION('',(0.,0.,-1.));
#2836 = ORIENTED_EDGE('',*,*,#532,.T.);
#2837 = PLANE('',#2838);
#2838 = AXIS2_PLACEMENT_3D('',#2839,#2840,#2841);
#2839 = CARTESIAN_POINT('',(42.600001,-1.E-01,2.5));
#2840 = DIRECTION('',(-1.,0.,0.));
#2841 = DIRECTION('',(0.,1.,0.));
#2842 = ADVANCED_FACE('',(#2843),#2898,.F.);
#2843 = FACE_BOUND('',#2844,.F.);
#2844 = EDGE_LOOP('',(#2845,#2846,#2854,#2862,#2897));
#2845 = ORIENTED_EDGE('',*,*,#540,.F.);
#2846 = ORIENTED_EDGE('',*,*,#2847,.F.);
#2847 = EDGE_CURVE('',#2848,#541,#2850,.T.);
#2848 = VERTEX_POINT('',#2849);
#2849 = CARTESIAN_POINT('',(47.,3.E-15,13.));
#2850 = LINE('',#2851,#2852);
#2851 = CARTESIAN_POINT('',(47.,0.,13.));
#2852 = VECTOR('',#2853,1.);
#2853 = DIRECTION('',(0.,0.,1.));
#2854 = ORIENTED_EDGE('',*,*,#2855,.F.);
#2855 = EDGE_CURVE('',#2856,#2848,#2858,.T.);
#2856 = VERTEX_POINT('',#2857);
#2857 = CARTESIAN_POINT('',(43.136029765734,3.E-15,13.));
#2858 = LINE('',#2859,#2860);
#2859 = CARTESIAN_POINT('',(23.,0.,13.));
#2860 = VECTOR('',#2861,1.);
#2861 = DIRECTION('',(1.,0.,0.));
#2862 = ORIENTED_EDGE('',*,*,#2863,.T.);
#2863 = EDGE_CURVE('',#2856,#2825,#2864,.T.);
#2864 = B_SPLINE_CURVE_WITH_KNOTS('',6,(#2865,#2866,#2867,#2868,#2869,
    #2870,#2871,#2872,#2873,#2874,#2875,#2876,#2877,#2878,#2879,#2880,
    #2881,#2882,#2883,#2884,#2885,#2886,#2887,#2888,#2889,#2890,#2891,
    #2892,#2893,#2894,#2895,#2896),.UNSPECIFIED.,.F.,.F.,(7,5,5,5,5,5,7)
  ,(0.,0.492057875587,0.743598537093,0.870573127144,0.932676476822,
    0.963785732666,1.),.UNSPECIFIED.);
#2865 = CARTESIAN_POINT('',(43.136029765734,6.E-15,13.));
#2866 = CARTESIAN_POINT('',(43.091126092964,6.E-15,13.123371826986));
#2867 = CARTESIAN_POINT('',(43.046349194325,6.E-15,13.246395344909));
#2868 = CARTESIAN_POINT('',(43.001710688131,6.E-15,13.369038632715));
#2869 = CARTESIAN_POINT('',(42.957224062247,6.E-15,13.491264632801));
#2870 = CARTESIAN_POINT('',(42.912904674085,6.E-15,13.613031151018));
#2871 = CARTESIAN_POINT('',(42.846207917142,6.E-15,13.79627898467));
#2872 = CARTESIAN_POINT('',(42.82369431774,6.E-15,13.858134590657));
#2873 = CARTESIAN_POINT('',(42.801231274974,6.E-15,13.919851293429));
#2874 = CARTESIAN_POINT('',(42.778821271536,6.E-15,13.981422271847));
#2875 = CARTESIAN_POINT('',(42.75646695024,6.E-15,14.042840264834));
#2876 = CARTESIAN_POINT('',(42.72291645386,6.E-15,14.135019496048));
#2877 = CARTESIAN_POINT('',(42.711676697321,6.E-15,14.165900473341));
#2878 = CARTESIAN_POINT('',(42.700452205651,6.E-15,14.196739510749));
#2879 = CARTESIAN_POINT('',(42.689243351426,6.E-15,14.22753558463));
#2880 = CARTESIAN_POINT('',(42.678050518552,6.E-15,14.25828764021));
#2881 = CARTESIAN_POINT('',(42.661407710227,6.E-15,14.304013380281));
#2882 = CARTESIAN_POINT('',(42.655945245379,6.E-15,14.319021379103));
#2883 = CARTESIAN_POINT('',(42.650486753988,6.E-15,14.334018460945));
#2884 = CARTESIAN_POINT('',(42.645032282985,6.E-15,14.349004496862));
#2885 = CARTESIAN_POINT('',(42.63958187997,6.E-15,14.363979356072));
#2886 = CARTESIAN_POINT('',(42.631407400147,6.E-15,14.386438554802));
#2887 = CARTESIAN_POINT('',(42.628679210301,6.E-15,14.393934194801));
#2888 = CARTESIAN_POINT('',(42.625951023683,6.E-15,14.40142982593));
#2889 = CARTESIAN_POINT('',(42.623222840299,6.E-15,14.408925448171));
#2890 = CARTESIAN_POINT('',(42.620494660158,6.E-15,14.416421061506));
#2891 = CARTESIAN_POINT('',(42.614590614068,6.E-15,14.43264229482));
#2892 = CARTESIAN_POINT('',(42.611826535306,6.E-15,14.440236538805));
#2893 = CARTESIAN_POINT('',(42.60884562068,6.E-15,14.448426534429));
#2894 = CARTESIAN_POINT('',(42.60552988689,6.E-15,14.457536438148));
#2895 = CARTESIAN_POINT('',(42.602277088257,6.E-15,14.466473428942));
#2896 = CARTESIAN_POINT('',(42.600001,6.E-15,14.472726930032));
#2897 = ORIENTED_EDGE('',*,*,#2831,.F.);
#2898 = PLANE('',#2899);
#2899 = AXIS2_PLACEMENT_3D('',#2900,#2901,#2902);
#2900 = CARTESIAN_POINT('',(125.,6.E-15,27.));
#2901 = DIRECTION('',(0.,1.,0.));
#2902 = DIRECTION('',(0.,0.,1.));
#2903 = ADVANCED_FACE('',(#2904),#2915,.T.);
#2904 = FACE_BOUND('',#2905,.T.);
#2905 = EDGE_LOOP('',(#2906,#2907,#2913,#2914));
#2906 = ORIENTED_EDGE('',*,*,#2847,.F.);
#2907 = ORIENTED_EDGE('',*,*,#2908,.T.);
#2908 = EDGE_CURVE('',#2848,#2559,#2909,.T.);
#2909 = LINE('',#2910,#2911);
#2910 = CARTESIAN_POINT('',(47.,2.89E-15,13.));
#2911 = VECTOR('',#2912,1.);
#2912 = DIRECTION('',(0.,-1.,2.2E-16));
#2913 = ORIENTED_EDGE('',*,*,#2558,.F.);
#2914 = ORIENTED_EDGE('',*,*,#548,.F.);
#2915 = PLANE('',#2916);
#2916 = AXIS2_PLACEMENT_3D('',#2917,#2918,#2919);
#2917 = CARTESIAN_POINT('',(47.,2.89E-15,13.));
#2918 = DIRECTION('',(-1.,0.,0.));
#2919 = DIRECTION('',(0.,2.2E-16,1.));
#2920 = ADVANCED_FACE('',(#2921),#2939,.T.);
#2921 = FACE_BOUND('',#2922,.T.);
#2922 = EDGE_LOOP('',(#2923,#2931,#2932,#2933));
#2923 = ORIENTED_EDGE('',*,*,#2924,.F.);
#2924 = EDGE_CURVE('',#565,#2925,#2927,.T.);
#2925 = VERTEX_POINT('',#2926);
#2926 = CARTESIAN_POINT('',(113.,3.E-15,13.));
#2927 = LINE('',#2928,#2929);
#2928 = CARTESIAN_POINT('',(113.,0.,41.));
#2929 = VECTOR('',#2930,1.);
#2930 = DIRECTION('',(0.,0.,-1.));
#2931 = ORIENTED_EDGE('',*,*,#564,.F.);
#2932 = ORIENTED_EDGE('',*,*,#2551,.F.);
#2933 = ORIENTED_EDGE('',*,*,#2934,.F.);
#2934 = EDGE_CURVE('',#2925,#2544,#2935,.T.);
#2935 = LINE('',#2936,#2937);
#2936 = CARTESIAN_POINT('',(113.,2.89E-15,13.));
#2937 = VECTOR('',#2938,1.);
#2938 = DIRECTION('',(0.,-1.,2.2E-16));
#2939 = PLANE('',#2940);
#2940 = AXIS2_PLACEMENT_3D('',#2941,#2942,#2943);
#2941 = CARTESIAN_POINT('',(113.,9.1E-15,41.));
#2942 = DIRECTION('',(1.,0.,0.));
#2943 = DIRECTION('',(0.,-2.2E-16,-1.));
#2944 = ADVANCED_FACE('',(#2945),#3000,.F.);
#2945 = FACE_BOUND('',#2946,.F.);
#2946 = EDGE_LOOP('',(#2947,#2948,#2949,#2957,#2994));
#2947 = ORIENTED_EDGE('',*,*,#2924,.F.);
#2948 = ORIENTED_EDGE('',*,*,#572,.F.);
#2949 = ORIENTED_EDGE('',*,*,#2950,.F.);
#2950 = EDGE_CURVE('',#2951,#573,#2953,.T.);
#2951 = VERTEX_POINT('',#2952);
#2952 = CARTESIAN_POINT('',(117.400002,6.E-15,14.472735172464));
#2953 = LINE('',#2954,#2955);
#2954 = CARTESIAN_POINT('',(117.400002,6.11E-15,14.75));
#2955 = VECTOR('',#2956,1.);
#2956 = DIRECTION('',(0.,0.,1.));
#2957 = ORIENTED_EDGE('',*,*,#2958,.F.);
#2958 = EDGE_CURVE('',#2959,#2951,#2961,.T.);
#2959 = VERTEX_POINT('',#2960);
#2960 = CARTESIAN_POINT('',(116.86397023426,3.E-15,13.));
#2961 = B_SPLINE_CURVE_WITH_KNOTS('',6,(#2962,#2963,#2964,#2965,#2966,
    #2967,#2968,#2969,#2970,#2971,#2972,#2973,#2974,#2975,#2976,#2977,
    #2978,#2979,#2980,#2981,#2982,#2983,#2984,#2985,#2986,#2987,#2988,
    #2989,#2990,#2991,#2992,#2993),.UNSPECIFIED.,.F.,.F.,(7,5,5,5,5,5,7)
  ,(0.,0.492063612903,0.743607207332,0.870583277887,0.93268735168,
    0.963796970253,1.),.UNSPECIFIED.);
#2962 = CARTESIAN_POINT('',(116.86397023426,6.E-15,13.));
#2963 = CARTESIAN_POINT('',(116.90887390703,6.E-15,13.123371826985));
#2964 = CARTESIAN_POINT('',(116.95365080567,6.E-15,13.246395344909));
#2965 = CARTESIAN_POINT('',(116.99828931186,6.E-15,13.369038632715));
#2966 = CARTESIAN_POINT('',(117.04277593775,6.E-15,13.491264632801));
#2967 = CARTESIAN_POINT('',(117.08709532591,6.E-15,13.613031151018));
#2968 = CARTESIAN_POINT('',(117.15379208285,6.E-15,13.79627898467));
#2969 = CARTESIAN_POINT('',(117.17630568226,6.E-15,13.858134590657));
#2970 = CARTESIAN_POINT('',(117.19876872502,6.E-15,13.919851293429));
#2971 = CARTESIAN_POINT('',(117.22117872846,6.E-15,13.981422271847));
#2972 = CARTESIAN_POINT('',(117.24353304976,6.E-15,14.042840264834));
#2973 = CARTESIAN_POINT('',(117.27708354614,6.E-15,14.135019496048));
#2974 = CARTESIAN_POINT('',(117.28832330267,6.E-15,14.165900473341));
#2975 = CARTESIAN_POINT('',(117.29954779434,6.E-15,14.196739510749));
#2976 = CARTESIAN_POINT('',(117.31075664857,6.E-15,14.22753558463));
#2977 = CARTESIAN_POINT('',(117.32194948144,6.E-15,14.25828764021));
#2978 = CARTESIAN_POINT('',(117.33859228977,6.E-15,14.304013380281));
#2979 = CARTESIAN_POINT('',(117.34405475462,6.E-15,14.319021379103));
#2980 = CARTESIAN_POINT('',(117.34951324601,6.E-15,14.334018460945));
#2981 = CARTESIAN_POINT('',(117.35496771701,6.E-15,14.349004496862));
#2982 = CARTESIAN_POINT('',(117.36041812003,6.E-15,14.363979356072));
#2983 = CARTESIAN_POINT('',(117.36859259985,6.E-15,14.386438554802));
#2984 = CARTESIAN_POINT('',(117.37132078969,6.E-15,14.393934194801));
#2985 = CARTESIAN_POINT('',(117.37404897631,6.E-15,14.40142982593));
#2986 = CARTESIAN_POINT('',(117.3767771597,6.E-15,14.408925448171));
#2987 = CARTESIAN_POINT('',(117.37950533984,6.E-15,14.416421061506));
#2988 = CARTESIAN_POINT('',(117.38540836341,6.E-15,14.432639485479));
#2989 = CARTESIAN_POINT('',(117.38817432606,6.E-15,14.440238905394));
#2990 = CARTESIAN_POINT('',(117.39115561209,6.E-15,14.448429921442));
#2991 = CARTESIAN_POINT('',(117.394469334,6.E-15,14.457534297565));
#2992 = CARTESIAN_POINT('',(117.39772053247,6.E-15,14.466466891962));
#2993 = CARTESIAN_POINT('',(117.400002,6.E-15,14.472735172464));
#2994 = ORIENTED_EDGE('',*,*,#2995,.F.);
#2995 = EDGE_CURVE('',#2925,#2959,#2996,.T.);
#2996 = LINE('',#2997,#2998);
#2997 = CARTESIAN_POINT('',(113.,0.,13.));
#2998 = VECTOR('',#2999,1.);
#2999 = DIRECTION('',(1.,0.,0.));
#3000 = PLANE('',#3001);
#3001 = AXIS2_PLACEMENT_3D('',#3002,#3003,#3004);
#3002 = CARTESIAN_POINT('',(125.,6.E-15,27.));
#3003 = DIRECTION('',(0.,1.,0.));
#3004 = DIRECTION('',(0.,0.,1.));
#3005 = ADVANCED_FACE('',(#3006),#3023,.T.);
#3006 = FACE_BOUND('',#3007,.T.);
#3007 = EDGE_LOOP('',(#3008,#3015,#3021,#3022));
#3008 = ORIENTED_EDGE('',*,*,#3009,.T.);
#3009 = EDGE_CURVE('',#2951,#3010,#3012,.T.);
#3010 = VERTEX_POINT('',#3011);
#3011 = CARTESIAN_POINT('',(117.40000149998,5.09999950002,
    14.472732424877));
#3012 = B_SPLINE_CURVE_WITH_KNOTS('',1,(#3013,#3014),.UNSPECIFIED.,.F.,
  .F.,(2,2),(0.,1.),.PIECEWISE_BEZIER_KNOTS.);
#3013 = CARTESIAN_POINT('',(117.400002,-9.9998E-02,14.472735172464));
#3014 = CARTESIAN_POINT('',(117.400002,5.099998,14.472735172464));
#3015 = ORIENTED_EDGE('',*,*,#3016,.T.);
#3016 = EDGE_CURVE('',#3010,#581,#3017,.T.);
#3017 = LINE('',#3018,#3019);
#3018 = CARTESIAN_POINT('',(117.400002,5.1,2.5));
#3019 = VECTOR('',#3020,1.);
#3020 = DIRECTION('',(0.,0.,1.));
#3021 = ORIENTED_EDGE('',*,*,#580,.T.);
#3022 = ORIENTED_EDGE('',*,*,#2950,.F.);
#3023 = PLANE('',#3024);
#3024 = AXIS2_PLACEMENT_3D('',#3025,#3026,#3027);
#3025 = CARTESIAN_POINT('',(117.400002,5.1,2.5));
#3026 = DIRECTION('',(1.,0.,0.));
#3027 = DIRECTION('',(0.,-1.,0.));
#3028 = ADVANCED_FACE('',(#3029,#3046),#3082,.T.);
#3029 = FACE_BOUND('',#3030,.T.);
#3030 = EDGE_LOOP('',(#3031,#3038,#3044,#3045));
#3031 = ORIENTED_EDGE('',*,*,#3032,.T.);
#3032 = EDGE_CURVE('',#3010,#3033,#3035,.T.);
#3033 = VERTEX_POINT('',#3034);
#3034 = CARTESIAN_POINT('',(132.6000015,5.100000500007,14.472726929993)
  );
#3035 = B_SPLINE_CURVE_WITH_KNOTS('',1,(#3036,#3037),.UNSPECIFIED.,.F.,
  .F.,(2,2),(0.,1.),.PIECEWISE_BEZIER_KNOTS.);
#3036 = CARTESIAN_POINT('',(117.400002,5.1,14.472729677509));
#3037 = CARTESIAN_POINT('',(132.6,5.1,14.472729677509));
#3038 = ORIENTED_EDGE('',*,*,#3039,.T.);
#3039 = EDGE_CURVE('',#3033,#589,#3040,.T.);
#3040 = LINE('',#3041,#3042);
#3041 = CARTESIAN_POINT('',(132.600002,5.1,2.5));
#3042 = VECTOR('',#3043,1.);
#3043 = DIRECTION('',(0.,0.,1.));
#3044 = ORIENTED_EDGE('',*,*,#588,.T.);
#3045 = ORIENTED_EDGE('',*,*,#3016,.F.);
#3046 = FACE_BOUND('',#3047,.T.);
#3047 = EDGE_LOOP('',(#3048,#3059,#3067,#3076));
#3048 = ORIENTED_EDGE('',*,*,#3049,.F.);
#3049 = EDGE_CURVE('',#3050,#3052,#3054,.T.);
#3050 = VERTEX_POINT('',#3051);
#3051 = CARTESIAN_POINT('',(128.5,5.1,27.999998787564));
#3052 = VERTEX_POINT('',#3053);
#3053 = CARTESIAN_POINT('',(121.5,5.1,27.999998787564));
#3054 = CIRCLE('',#3055,3.5);
#3055 = AXIS2_PLACEMENT_3D('',#3056,#3057,#3058);
#3056 = CARTESIAN_POINT('',(125.,5.1,27.999998787564));
#3057 = DIRECTION('',(0.,-1.,2.2E-16));
#3058 = DIRECTION('',(1.,0.,0.));
#3059 = ORIENTED_EDGE('',*,*,#3060,.T.);
#3060 = EDGE_CURVE('',#3050,#3061,#3063,.T.);
#3061 = VERTEX_POINT('',#3062);
#3062 = CARTESIAN_POINT('',(128.5,5.1,22.999997924871));
#3063 = LINE('',#3064,#3065);
#3064 = CARTESIAN_POINT('',(128.5,5.1,15.249999393782));
#3065 = VECTOR('',#3066,1.);
#3066 = DIRECTION('',(0.,0.,-1.));
#3067 = ORIENTED_EDGE('',*,*,#3068,.F.);
#3068 = EDGE_CURVE('',#3069,#3061,#3071,.T.);
#3069 = VERTEX_POINT('',#3070);
#3070 = CARTESIAN_POINT('',(121.5,5.1,22.999997924872));
#3071 = CIRCLE('',#3072,3.5);
#3072 = AXIS2_PLACEMENT_3D('',#3073,#3074,#3075);
#3073 = CARTESIAN_POINT('',(125.,5.1,22.999997924871));
#3074 = DIRECTION('',(0.,-1.,2.2E-16));
#3075 = DIRECTION('',(1.,0.,0.));
#3076 = ORIENTED_EDGE('',*,*,#3077,.F.);
#3077 = EDGE_CURVE('',#3052,#3069,#3078,.T.);
#3078 = LINE('',#3079,#3080);
#3079 = CARTESIAN_POINT('',(121.5,5.1,15.249999393782));
#3080 = VECTOR('',#3081,1.);
#3081 = DIRECTION('',(1.137E-14,0.,-1.));
#3082 = PLANE('',#3083);
#3083 = AXIS2_PLACEMENT_3D('',#3084,#3085,#3086);
#3084 = CARTESIAN_POINT('',(132.600002,5.1,2.5));
#3085 = DIRECTION('',(0.,-1.,0.));
#3086 = DIRECTION('',(-1.,0.,0.));
#3087 = ADVANCED_FACE('',(#3088),#3105,.T.);
#3088 = FACE_BOUND('',#3089,.T.);
#3089 = EDGE_LOOP('',(#3090,#3091,#3098,#3104));
#3090 = ORIENTED_EDGE('',*,*,#3039,.F.);
#3091 = ORIENTED_EDGE('',*,*,#3092,.T.);
#3092 = EDGE_CURVE('',#3033,#3093,#3095,.T.);
#3093 = VERTEX_POINT('',#3094);
#3094 = CARTESIAN_POINT('',(132.600002,6.E-15,14.472724182554));
#3095 = B_SPLINE_CURVE_WITH_KNOTS('',1,(#3096,#3097),.UNSPECIFIED.,.F.,
  .F.,(2,2),(0.,1.),.PIECEWISE_BEZIER_KNOTS.);
#3096 = CARTESIAN_POINT('',(132.600002,5.1,14.472724182554));
#3097 = CARTESIAN_POINT('',(132.600002,-1.E-01,14.472724182554));
#3098 = ORIENTED_EDGE('',*,*,#3099,.F.);
#3099 = EDGE_CURVE('',#597,#3093,#3100,.T.);
#3100 = LINE('',#3101,#3102);
#3101 = CARTESIAN_POINT('',(132.600002,6.E-15,14.75));
#3102 = VECTOR('',#3103,1.);
#3103 = DIRECTION('',(0.,0.,-1.));
#3104 = ORIENTED_EDGE('',*,*,#596,.T.);
#3105 = PLANE('',#3106);
#3106 = AXIS2_PLACEMENT_3D('',#3107,#3108,#3109);
#3107 = CARTESIAN_POINT('',(132.600002,-1.E-01,2.5));
#3108 = DIRECTION('',(-1.,0.,0.));
#3109 = DIRECTION('',(0.,1.,0.));
#3110 = ADVANCED_FACE('',(#3111),#3166,.F.);
#3111 = FACE_BOUND('',#3112,.F.);
#3112 = EDGE_LOOP('',(#3113,#3114,#3122,#3130,#3165));
#3113 = ORIENTED_EDGE('',*,*,#604,.F.);
#3114 = ORIENTED_EDGE('',*,*,#3115,.F.);
#3115 = EDGE_CURVE('',#3116,#605,#3118,.T.);
#3116 = VERTEX_POINT('',#3117);
#3117 = CARTESIAN_POINT('',(137.,3.E-15,13.));
#3118 = LINE('',#3119,#3120);
#3119 = CARTESIAN_POINT('',(137.,0.,13.));
#3120 = VECTOR('',#3121,1.);
#3121 = DIRECTION('',(0.,0.,1.));
#3122 = ORIENTED_EDGE('',*,*,#3123,.F.);
#3123 = EDGE_CURVE('',#3124,#3116,#3126,.T.);
#3124 = VERTEX_POINT('',#3125);
#3125 = CARTESIAN_POINT('',(133.13602976573,3.E-15,13.));
#3126 = LINE('',#3127,#3128);
#3127 = CARTESIAN_POINT('',(113.,0.,13.));
#3128 = VECTOR('',#3129,1.);
#3129 = DIRECTION('',(1.,0.,0.));
#3130 = ORIENTED_EDGE('',*,*,#3131,.T.);
#3131 = EDGE_CURVE('',#3124,#3093,#3132,.T.);
#3132 = B_SPLINE_CURVE_WITH_KNOTS('',6,(#3133,#3134,#3135,#3136,#3137,
    #3138,#3139,#3140,#3141,#3142,#3143,#3144,#3145,#3146,#3147,#3148,
    #3149,#3150,#3151,#3152,#3153,#3154,#3155,#3156,#3157,#3158,#3159,
    #3160,#3161,#3162,#3163,#3164),.UNSPECIFIED.,.F.,.F.,(7,5,5,5,5,5,7)
  ,(0.,0.492055963318,0.743595647268,0.870569743862,0.932672852189,
    0.963781987134,1.),.UNSPECIFIED.);
#3133 = CARTESIAN_POINT('',(133.13602976573,6.E-15,13.));
#3134 = CARTESIAN_POINT('',(133.09112609296,6.E-15,13.123371826986));
#3135 = CARTESIAN_POINT('',(133.04634919432,6.E-15,13.246395344909));
#3136 = CARTESIAN_POINT('',(133.00171068813,6.E-15,13.369038632715));
#3137 = CARTESIAN_POINT('',(132.95722406224,6.E-15,13.491264632801));
#3138 = CARTESIAN_POINT('',(132.91290467408,6.E-15,13.613031151018));
#3139 = CARTESIAN_POINT('',(132.84620791714,6.E-15,13.79627898467));
#3140 = CARTESIAN_POINT('',(132.82369431774,6.E-15,13.858134590657));
#3141 = CARTESIAN_POINT('',(132.80123127497,6.E-15,13.919851293429));
#3142 = CARTESIAN_POINT('',(132.77882127153,6.E-15,13.981422271847));
#3143 = CARTESIAN_POINT('',(132.75646695024,6.E-15,14.042840264834));
#3144 = CARTESIAN_POINT('',(132.72291645386,6.E-15,14.135019496048));
#3145 = CARTESIAN_POINT('',(132.71167669732,6.E-15,14.165900473341));
#3146 = CARTESIAN_POINT('',(132.70045220565,6.E-15,14.196739510749));
#3147 = CARTESIAN_POINT('',(132.68924335142,6.E-15,14.22753558463));
#3148 = CARTESIAN_POINT('',(132.67805051855,6.E-15,14.25828764021));
#3149 = CARTESIAN_POINT('',(132.66140771022,6.E-15,14.304013380281));
#3150 = CARTESIAN_POINT('',(132.65594524537,6.E-15,14.319021379103));
#3151 = CARTESIAN_POINT('',(132.65048675398,6.E-15,14.334018460945));
#3152 = CARTESIAN_POINT('',(132.64503228298,6.E-15,14.349004496862));
#3153 = CARTESIAN_POINT('',(132.63958187997,6.E-15,14.363979356072));
#3154 = CARTESIAN_POINT('',(132.63140740014,6.E-15,14.386438554802));
#3155 = CARTESIAN_POINT('',(132.6286792103,6.E-15,14.393934194801));
#3156 = CARTESIAN_POINT('',(132.62595102368,6.E-15,14.40142982593));
#3157 = CARTESIAN_POINT('',(132.62322284029,6.E-15,14.408925448171));
#3158 = CARTESIAN_POINT('',(132.62049466015,6.E-15,14.416421061506));
#3159 = CARTESIAN_POINT('',(132.61459027325,6.E-15,14.432643231199));
#3160 = CARTESIAN_POINT('',(132.61182682237,6.E-15,14.440235750096));
#3161 = CARTESIAN_POINT('',(132.60884603162,6.E-15,14.448425405371));
#3162 = CARTESIAN_POINT('',(132.60552962725,6.E-15,14.457537151494));
#3163 = CARTESIAN_POINT('',(132.60227629509,6.E-15,14.46647560815));
#3164 = CARTESIAN_POINT('',(132.600002,6.E-15,14.472724182554));
#3165 = ORIENTED_EDGE('',*,*,#3099,.F.);
#3166 = PLANE('',#3167);
#3167 = AXIS2_PLACEMENT_3D('',#3168,#3169,#3170);
#3168 = CARTESIAN_POINT('',(125.,6.E-15,27.));
#3169 = DIRECTION('',(0.,1.,0.));
#3170 = DIRECTION('',(0.,0.,1.));
#3171 = ADVANCED_FACE('',(#3172),#3183,.T.);
#3172 = FACE_BOUND('',#3173,.T.);
#3173 = EDGE_LOOP('',(#3174,#3175,#3181,#3182));
#3174 = ORIENTED_EDGE('',*,*,#3115,.F.);
#3175 = ORIENTED_EDGE('',*,*,#3176,.T.);
#3176 = EDGE_CURVE('',#3116,#2536,#3177,.T.);
#3177 = LINE('',#3178,#3179);
#3178 = CARTESIAN_POINT('',(137.,2.89E-15,13.));
#3179 = VECTOR('',#3180,1.);
#3180 = DIRECTION('',(0.,-1.,2.2E-16));
#3181 = ORIENTED_EDGE('',*,*,#2535,.F.);
#3182 = ORIENTED_EDGE('',*,*,#612,.F.);
#3183 = PLANE('',#3184);
#3184 = AXIS2_PLACEMENT_3D('',#3185,#3186,#3187);
#3185 = CARTESIAN_POINT('',(137.,2.89E-15,13.));
#3186 = DIRECTION('',(-1.,0.,0.));
#3187 = DIRECTION('',(0.,2.2E-16,1.));
#3188 = ADVANCED_FACE('',(#3189),#3207,.T.);
#3189 = FACE_BOUND('',#3190,.T.);
#3190 = EDGE_LOOP('',(#3191,#3199,#3200,#3201));
#3191 = ORIENTED_EDGE('',*,*,#3192,.F.);
#3192 = EDGE_CURVE('',#629,#3193,#3195,.T.);
#3193 = VERTEX_POINT('',#3194);
#3194 = CARTESIAN_POINT('',(203.,3.E-15,13.));
#3195 = LINE('',#3196,#3197);
#3196 = CARTESIAN_POINT('',(203.,0.,41.));
#3197 = VECTOR('',#3198,1.);
#3198 = DIRECTION('',(0.,0.,-1.));
#3199 = ORIENTED_EDGE('',*,*,#628,.F.);
#3200 = ORIENTED_EDGE('',*,*,#2528,.F.);
#3201 = ORIENTED_EDGE('',*,*,#3202,.F.);
#3202 = EDGE_CURVE('',#3193,#2521,#3203,.T.);
#3203 = LINE('',#3204,#3205);
#3204 = CARTESIAN_POINT('',(203.,2.89E-15,13.));
#3205 = VECTOR('',#3206,1.);
#3206 = DIRECTION('',(0.,-1.,2.2E-16));
#3207 = PLANE('',#3208);
#3208 = AXIS2_PLACEMENT_3D('',#3209,#3210,#3211);
#3209 = CARTESIAN_POINT('',(203.,9.1E-15,41.));
#3210 = DIRECTION('',(1.,0.,0.));
#3211 = DIRECTION('',(0.,-2.2E-16,-1.));
#3212 = ADVANCED_FACE('',(#3213),#3268,.F.);
#3213 = FACE_BOUND('',#3214,.F.);
#3214 = EDGE_LOOP('',(#3215,#3216,#3217,#3225,#3262));
#3215 = ORIENTED_EDGE('',*,*,#3192,.F.);
#3216 = ORIENTED_EDGE('',*,*,#636,.F.);
#3217 = ORIENTED_EDGE('',*,*,#3218,.F.);
#3218 = EDGE_CURVE('',#3219,#637,#3221,.T.);
#3219 = VERTEX_POINT('',#3220);
#3220 = CARTESIAN_POINT('',(207.400003,6.E-15,14.472737919941));
#3221 = LINE('',#3222,#3223);
#3222 = CARTESIAN_POINT('',(207.400003,6.11E-15,14.75));
#3223 = VECTOR('',#3224,1.);
#3224 = DIRECTION('',(0.,0.,1.));
#3225 = ORIENTED_EDGE('',*,*,#3226,.F.);
#3226 = EDGE_CURVE('',#3227,#3219,#3229,.T.);
#3227 = VERTEX_POINT('',#3228);
#3228 = CARTESIAN_POINT('',(206.86397023426,3.E-15,13.));
#3229 = B_SPLINE_CURVE_WITH_KNOTS('',6,(#3230,#3231,#3232,#3233,#3234,
    #3235,#3236,#3237,#3238,#3239,#3240,#3241,#3242,#3243,#3244,#3245,
    #3246,#3247,#3248,#3249,#3250,#3251,#3252,#3253,#3254,#3255,#3256,
    #3257,#3258,#3259,#3260,#3261),.UNSPECIFIED.,.F.,.F.,(7,5,5,5,5,5,7)
  ,(0.,0.492065525509,0.743610097665,0.870586661764,0.93269097695,
    0.963800716443,1.),.UNSPECIFIED.);
#3230 = CARTESIAN_POINT('',(206.86397023426,6.E-15,13.));
#3231 = CARTESIAN_POINT('',(206.90887390703,6.E-15,13.123371826985));
#3232 = CARTESIAN_POINT('',(206.95365080567,6.E-15,13.246395344909));
#3233 = CARTESIAN_POINT('',(206.99828931186,6.E-15,13.369038632715));
#3234 = CARTESIAN_POINT('',(207.04277593775,6.E-15,13.491264632801));
#3235 = CARTESIAN_POINT('',(207.08709532591,6.E-15,13.613031151018));
#3236 = CARTESIAN_POINT('',(207.15379208285,6.E-15,13.79627898467));
#3237 = CARTESIAN_POINT('',(207.17630568226,6.E-15,13.858134590657));
#3238 = CARTESIAN_POINT('',(207.19876872502,6.E-15,13.919851293429));
#3239 = CARTESIAN_POINT('',(207.22117872846,6.E-15,13.981422271847));
#3240 = CARTESIAN_POINT('',(207.24353304976,6.E-15,14.042840264834));
#3241 = CARTESIAN_POINT('',(207.27708354614,6.E-15,14.135019496048));
#3242 = CARTESIAN_POINT('',(207.28832330267,6.E-15,14.165900473341));
#3243 = CARTESIAN_POINT('',(207.29954779434,6.E-15,14.196739510749));
#3244 = CARTESIAN_POINT('',(207.31075664857,6.E-15,14.22753558463));
#3245 = CARTESIAN_POINT('',(207.32194948144,6.E-15,14.25828764021));
#3246 = CARTESIAN_POINT('',(207.33859228977,6.E-15,14.304013380281));
#3247 = CARTESIAN_POINT('',(207.34405475462,6.E-15,14.319021379103));
#3248 = CARTESIAN_POINT('',(207.34951324601,6.E-15,14.334018460945));
#3249 = CARTESIAN_POINT('',(207.35496771701,6.E-15,14.349004496862));
#3250 = CARTESIAN_POINT('',(207.36041812003,6.E-15,14.363979356072));
#3251 = CARTESIAN_POINT('',(207.36859259985,6.E-15,14.386438554802));
#3252 = CARTESIAN_POINT('',(207.37132078969,6.E-15,14.393934194801));
#3253 = CARTESIAN_POINT('',(207.37404897631,6.E-15,14.40142982593));
#3254 = CARTESIAN_POINT('',(207.3767771597,6.E-15,14.408925448171));
#3255 = CARTESIAN_POINT('',(207.37950533984,6.E-15,14.416421061506));
#3256 = CARTESIAN_POINT('',(207.38540802255,6.E-15,14.432638548964));
#3257 = CARTESIAN_POINT('',(207.38817461324,6.E-15,14.44023969441));
#3258 = CARTESIAN_POINT('',(207.39115602299,6.E-15,14.448431050392));
#3259 = CARTESIAN_POINT('',(207.39446907423,6.E-15,14.457533583857));
#3260 = CARTESIAN_POINT('',(207.39771973946,6.E-15,14.466464713182));
#3261 = CARTESIAN_POINT('',(207.400003,6.E-15,14.472737919941));
#3262 = ORIENTED_EDGE('',*,*,#3263,.F.);
#3263 = EDGE_CURVE('',#3193,#3227,#3264,.T.);
#3264 = LINE('',#3265,#3266);
#3265 = CARTESIAN_POINT('',(203.,0.,13.));
#3266 = VECTOR('',#3267,1.);
#3267 = DIRECTION('',(1.,0.,0.));
#3268 = PLANE('',#3269);
#3269 = AXIS2_PLACEMENT_3D('',#3270,#3271,#3272);
#3270 = CARTESIAN_POINT('',(125.,6.E-15,27.));
#3271 = DIRECTION('',(0.,1.,0.));
#3272 = DIRECTION('',(0.,0.,1.));
#3273 = ADVANCED_FACE('',(#3274),#3291,.T.);
#3274 = FACE_BOUND('',#3275,.T.);
#3275 = EDGE_LOOP('',(#3276,#3283,#3289,#3290));
#3276 = ORIENTED_EDGE('',*,*,#3277,.T.);
#3277 = EDGE_CURVE('',#3219,#3278,#3280,.T.);
#3278 = VERTEX_POINT('',#3279);
#3279 = CARTESIAN_POINT('',(207.40000224999,5.099999250008,
    14.47273379868));
#3280 = B_SPLINE_CURVE_WITH_KNOTS('',1,(#3281,#3282),.UNSPECIFIED.,.F.,
  .F.,(2,2),(0.,1.),.PIECEWISE_BEZIER_KNOTS.);
#3281 = CARTESIAN_POINT('',(207.400003,-9.999700000001E-02,
    14.472737919941));
#3282 = CARTESIAN_POINT('',(207.400003,5.099997,14.472737919941));
#3283 = ORIENTED_EDGE('',*,*,#3284,.T.);
#3284 = EDGE_CURVE('',#3278,#645,#3285,.T.);
#3285 = LINE('',#3286,#3287);
#3286 = CARTESIAN_POINT('',(207.400003,5.1,2.5));
#3287 = VECTOR('',#3288,1.);
#3288 = DIRECTION('',(0.,0.,1.));
#3289 = ORIENTED_EDGE('',*,*,#644,.T.);
#3290 = ORIENTED_EDGE('',*,*,#3218,.F.);
#3291 = PLANE('',#3292);
#3292 = AXIS2_PLACEMENT_3D('',#3293,#3294,#3295);
#3293 = CARTESIAN_POINT('',(207.400003,5.1,2.5));
#3294 = DIRECTION('',(1.,0.,0.));
#3295 = DIRECTION('',(0.,-1.,0.));
#3296 = ADVANCED_FACE('',(#3297,#3314),#3350,.T.);
#3297 = FACE_BOUND('',#3298,.T.);
#3298 = EDGE_LOOP('',(#3299,#3306,#3312,#3313));
#3299 = ORIENTED_EDGE('',*,*,#3300,.T.);
#3300 = EDGE_CURVE('',#3278,#3301,#3303,.T.);
#3301 = VERTEX_POINT('',#3302);
#3302 = CARTESIAN_POINT('',(222.60000225,5.100000750002,14.472725556283)
  );
#3303 = B_SPLINE_CURVE_WITH_KNOTS('',1,(#3304,#3305),.UNSPECIFIED.,.F.,
  .F.,(2,2),(0.,1.),.PIECEWISE_BEZIER_KNOTS.);
#3304 = CARTESIAN_POINT('',(207.400003,5.1,14.472729677509));
#3305 = CARTESIAN_POINT('',(222.6,5.1,14.472729677509));
#3306 = ORIENTED_EDGE('',*,*,#3307,.T.);
#3307 = EDGE_CURVE('',#3301,#653,#3308,.T.);
#3308 = LINE('',#3309,#3310);
#3309 = CARTESIAN_POINT('',(222.600003,5.1,2.5));
#3310 = VECTOR('',#3311,1.);
#3311 = DIRECTION('',(0.,0.,1.));
#3312 = ORIENTED_EDGE('',*,*,#652,.T.);
#3313 = ORIENTED_EDGE('',*,*,#3284,.F.);
#3314 = FACE_BOUND('',#3315,.T.);
#3315 = EDGE_LOOP('',(#3316,#3327,#3335,#3344));
#3316 = ORIENTED_EDGE('',*,*,#3317,.F.);
#3317 = EDGE_CURVE('',#3318,#3320,#3322,.T.);
#3318 = VERTEX_POINT('',#3319);
#3319 = CARTESIAN_POINT('',(218.5,5.1,28.));
#3320 = VERTEX_POINT('',#3321);
#3321 = CARTESIAN_POINT('',(211.5,5.1,28.));
#3322 = CIRCLE('',#3323,3.5);
#3323 = AXIS2_PLACEMENT_3D('',#3324,#3325,#3326);
#3324 = CARTESIAN_POINT('',(215.,5.1,28.));
#3325 = DIRECTION('',(0.,-1.,2.2E-16));
#3326 = DIRECTION('',(1.,0.,0.));
#3327 = ORIENTED_EDGE('',*,*,#3328,.T.);
#3328 = EDGE_CURVE('',#3318,#3329,#3331,.T.);
#3329 = VERTEX_POINT('',#3330);
#3330 = CARTESIAN_POINT('',(218.5,5.1,22.999999));
#3331 = LINE('',#3332,#3333);
#3332 = CARTESIAN_POINT('',(218.5,5.1,15.25));
#3333 = VECTOR('',#3334,1.);
#3334 = DIRECTION('',(0.,0.,-1.));
#3335 = ORIENTED_EDGE('',*,*,#3336,.F.);
#3336 = EDGE_CURVE('',#3337,#3329,#3339,.T.);
#3337 = VERTEX_POINT('',#3338);
#3338 = CARTESIAN_POINT('',(211.5,5.1,22.999999));
#3339 = CIRCLE('',#3340,3.5);
#3340 = AXIS2_PLACEMENT_3D('',#3341,#3342,#3343);
#3341 = CARTESIAN_POINT('',(215.,5.1,22.999999));
#3342 = DIRECTION('',(0.,-1.,2.2E-16));
#3343 = DIRECTION('',(1.,0.,0.));
#3344 = ORIENTED_EDGE('',*,*,#3345,.F.);
#3345 = EDGE_CURVE('',#3320,#3337,#3346,.T.);
#3346 = LINE('',#3347,#3348);
#3347 = CARTESIAN_POINT('',(211.5,5.1,15.25));
#3348 = VECTOR('',#3349,1.);
#3349 = DIRECTION('',(1.137E-14,0.,-1.));
#3350 = PLANE('',#3351);
#3351 = AXIS2_PLACEMENT_3D('',#3352,#3353,#3354);
#3352 = CARTESIAN_POINT('',(222.600003,5.1,2.5));
#3353 = DIRECTION('',(0.,-1.,0.));
#3354 = DIRECTION('',(-1.,0.,0.));
#3355 = ADVANCED_FACE('',(#3356),#3373,.T.);
#3356 = FACE_BOUND('',#3357,.T.);
#3357 = EDGE_LOOP('',(#3358,#3359,#3366,#3372));
#3358 = ORIENTED_EDGE('',*,*,#3307,.F.);
#3359 = ORIENTED_EDGE('',*,*,#3360,.T.);
#3360 = EDGE_CURVE('',#3301,#3361,#3363,.T.);
#3361 = VERTEX_POINT('',#3362);
#3362 = CARTESIAN_POINT('',(222.600003,6.E-15,14.472721435077));
#3363 = B_SPLINE_CURVE_WITH_KNOTS('',1,(#3364,#3365),.UNSPECIFIED.,.F.,
  .F.,(2,2),(0.,1.),.PIECEWISE_BEZIER_KNOTS.);
#3364 = CARTESIAN_POINT('',(222.600003,5.1,14.472721435077));
#3365 = CARTESIAN_POINT('',(222.600003,-1.E-01,14.472721435077));
#3366 = ORIENTED_EDGE('',*,*,#3367,.F.);
#3367 = EDGE_CURVE('',#661,#3361,#3368,.T.);
#3368 = LINE('',#3369,#3370);
#3369 = CARTESIAN_POINT('',(222.600003,6.E-15,14.75));
#3370 = VECTOR('',#3371,1.);
#3371 = DIRECTION('',(0.,0.,-1.));
#3372 = ORIENTED_EDGE('',*,*,#660,.T.);
#3373 = PLANE('',#3374);
#3374 = AXIS2_PLACEMENT_3D('',#3375,#3376,#3377);
#3375 = CARTESIAN_POINT('',(222.600003,-1.E-01,2.5));
#3376 = DIRECTION('',(-1.,0.,0.));
#3377 = DIRECTION('',(0.,1.,0.));
#3378 = ADVANCED_FACE('',(#3379),#3434,.F.);
#3379 = FACE_BOUND('',#3380,.F.);
#3380 = EDGE_LOOP('',(#3381,#3382,#3390,#3398,#3433));
#3381 = ORIENTED_EDGE('',*,*,#668,.F.);
#3382 = ORIENTED_EDGE('',*,*,#3383,.F.);
#3383 = EDGE_CURVE('',#3384,#669,#3386,.T.);
#3384 = VERTEX_POINT('',#3385);
#3385 = CARTESIAN_POINT('',(227.,3.E-15,13.));
#3386 = LINE('',#3387,#3388);
#3387 = CARTESIAN_POINT('',(227.,0.,13.));
#3388 = VECTOR('',#3389,1.);
#3389 = DIRECTION('',(0.,0.,1.));
#3390 = ORIENTED_EDGE('',*,*,#3391,.F.);
#3391 = EDGE_CURVE('',#3392,#3384,#3394,.T.);
#3392 = VERTEX_POINT('',#3393);
#3393 = CARTESIAN_POINT('',(223.13602976573,3.E-15,13.));
#3394 = LINE('',#3395,#3396);
#3395 = CARTESIAN_POINT('',(203.,0.,13.));
#3396 = VECTOR('',#3397,1.);
#3397 = DIRECTION('',(1.,0.,0.));
#3398 = ORIENTED_EDGE('',*,*,#3399,.T.);
#3399 = EDGE_CURVE('',#3392,#3361,#3400,.T.);
#3400 = B_SPLINE_CURVE_WITH_KNOTS('',6,(#3401,#3402,#3403,#3404,#3405,
    #3406,#3407,#3408,#3409,#3410,#3411,#3412,#3413,#3414,#3415,#3416,
    #3417,#3418,#3419,#3420,#3421,#3422,#3423,#3424,#3425,#3426,#3427,
    #3428,#3429,#3430,#3431,#3432),.UNSPECIFIED.,.F.,.F.,(7,5,5,5,5,5,7)
  ,(0.,0.492054051133,0.743592757572,0.87056636073,0.932669227718,
    0.963778241769,1.),.UNSPECIFIED.);
#3401 = CARTESIAN_POINT('',(223.13602976573,6.E-15,13.));
#3402 = CARTESIAN_POINT('',(223.09112609296,6.E-15,13.123371826986));
#3403 = CARTESIAN_POINT('',(223.04634919432,6.E-15,13.246395344909));
#3404 = CARTESIAN_POINT('',(223.00171068813,6.E-15,13.369038632715));
#3405 = CARTESIAN_POINT('',(222.95722406224,6.E-15,13.491264632801));
#3406 = CARTESIAN_POINT('',(222.91290467408,6.E-15,13.613031151018));
#3407 = CARTESIAN_POINT('',(222.84620791714,6.E-15,13.79627898467));
#3408 = CARTESIAN_POINT('',(222.82369431774,6.E-15,13.858134590657));
#3409 = CARTESIAN_POINT('',(222.80123127497,6.E-15,13.919851293429));
#3410 = CARTESIAN_POINT('',(222.77882127153,6.E-15,13.981422271847));
#3411 = CARTESIAN_POINT('',(222.75646695024,6.E-15,14.042840264834));
#3412 = CARTESIAN_POINT('',(222.72291645386,6.E-15,14.135019496048));
#3413 = CARTESIAN_POINT('',(222.71167669732,6.E-15,14.165900473341));
#3414 = CARTESIAN_POINT('',(222.70045220565,6.E-15,14.196739510749));
#3415 = CARTESIAN_POINT('',(222.68924335142,6.E-15,14.22753558463));
#3416 = CARTESIAN_POINT('',(222.67805051855,6.E-15,14.25828764021));
#3417 = CARTESIAN_POINT('',(222.66140771022,6.E-15,14.304013380281));
#3418 = CARTESIAN_POINT('',(222.65594524537,6.E-15,14.319021379103));
#3419 = CARTESIAN_POINT('',(222.65048675398,6.E-15,14.334018460945));
#3420 = CARTESIAN_POINT('',(222.64503228298,6.E-15,14.349004496862));
#3421 = CARTESIAN_POINT('',(222.63958187997,6.E-15,14.363979356072));
#3422 = CARTESIAN_POINT('',(222.63140740014,6.E-15,14.386438554802));
#3423 = CARTESIAN_POINT('',(222.6286792103,6.E-15,14.393934194801));
#3424 = CARTESIAN_POINT('',(222.62595102368,6.E-15,14.40142982593));
#3425 = CARTESIAN_POINT('',(222.62322284029,6.E-15,14.408925448171));
#3426 = CARTESIAN_POINT('',(222.62049466015,6.E-15,14.416421061506));
#3427 = CARTESIAN_POINT('',(222.61458993245,6.E-15,14.432644167544));
#3428 = CARTESIAN_POINT('',(222.61182710941,6.E-15,14.440234961465));
#3429 = CARTESIAN_POINT('',(222.60884644257,6.E-15,14.448424276284));
#3430 = CARTESIAN_POINT('',(222.60552936764,6.E-15,14.457537864749));
#3431 = CARTESIAN_POINT('',(222.60227550188,6.E-15,14.466477787466));
#3432 = CARTESIAN_POINT('',(222.600003,6.E-15,14.472721435077));
#3433 = ORIENTED_EDGE('',*,*,#3367,.F.);
#3434 = PLANE('',#3435);
#3435 = AXIS2_PLACEMENT_3D('',#3436,#3437,#3438);
#3436 = CARTESIAN_POINT('',(125.,6.E-15,27.));
#3437 = DIRECTION('',(0.,1.,0.));
#3438 = DIRECTION('',(0.,0.,1.));
#3439 = ADVANCED_FACE('',(#3440),#3451,.T.);
#3440 = FACE_BOUND('',#3441,.T.);
#3441 = EDGE_LOOP('',(#3442,#3443,#3449,#3450));
#3442 = ORIENTED_EDGE('',*,*,#3383,.F.);
#3443 = ORIENTED_EDGE('',*,*,#3444,.T.);
#3444 = EDGE_CURVE('',#3384,#2513,#3445,.T.);
#3445 = LINE('',#3446,#3447);
#3446 = CARTESIAN_POINT('',(227.,2.89E-15,13.));
#3447 = VECTOR('',#3448,1.);
#3448 = DIRECTION('',(0.,-1.,2.2E-16));
#3449 = ORIENTED_EDGE('',*,*,#2512,.F.);
#3450 = ORIENTED_EDGE('',*,*,#676,.F.);
#3451 = PLANE('',#3452);
#3452 = AXIS2_PLACEMENT_3D('',#3453,#3454,#3455);
#3453 = CARTESIAN_POINT('',(227.,2.89E-15,13.));
#3454 = DIRECTION('',(-1.,0.,0.));
#3455 = DIRECTION('',(0.,2.2E-16,1.));
#3456 = ADVANCED_FACE('',(#3457),#3491,.T.);
#3457 = FACE_BOUND('',#3458,.T.);
#3458 = EDGE_LOOP('',(#3459,#3469,#3475,#3476,#3477,#3485));
#3459 = ORIENTED_EDGE('',*,*,#3460,.F.);
#3460 = EDGE_CURVE('',#3461,#3463,#3465,.T.);
#3461 = VERTEX_POINT('',#3462);
#3462 = CARTESIAN_POINT('',(235.,-1.,2.5));
#3463 = VERTEX_POINT('',#3464);
#3464 = CARTESIAN_POINT('',(235.,-11.,2.5));
#3465 = LINE('',#3466,#3467);
#3466 = CARTESIAN_POINT('',(235.,-1.,2.5));
#3467 = VECTOR('',#3468,1.);
#3468 = DIRECTION('',(0.,-1.,0.));
#3469 = ORIENTED_EDGE('',*,*,#3470,.T.);
#3470 = EDGE_CURVE('',#3461,#693,#3471,.T.);
#3471 = LINE('',#3472,#3473);
#3472 = CARTESIAN_POINT('',(235.,-1.,2.5));
#3473 = VECTOR('',#3474,1.);
#3474 = DIRECTION('',(0.,0.,1.));
#3475 = ORIENTED_EDGE('',*,*,#692,.T.);
#3476 = ORIENTED_EDGE('',*,*,#2505,.F.);
#3477 = ORIENTED_EDGE('',*,*,#3478,.T.);
#3478 = EDGE_CURVE('',#2498,#3479,#3481,.T.);
#3479 = VERTEX_POINT('',#3480);
#3480 = CARTESIAN_POINT('',(235.,-11.,-61.));
#3481 = LINE('',#3482,#3483);
#3482 = CARTESIAN_POINT('',(235.,-16.,-61.));
#3483 = VECTOR('',#3484,1.);
#3484 = DIRECTION('',(0.,1.,0.));
#3485 = ORIENTED_EDGE('',*,*,#3486,.F.);
#3486 = EDGE_CURVE('',#3463,#3479,#3487,.T.);
#3487 = LINE('',#3488,#3489);
#3488 = CARTESIAN_POINT('',(235.,-11.,17.));
#3489 = VECTOR('',#3490,1.);
#3490 = DIRECTION('',(-0.,-0.,-1.));
#3491 = PLANE('',#3492);
#3492 = AXIS2_PLACEMENT_3D('',#3493,#3494,#3495);
#3493 = CARTESIAN_POINT('',(235.,-11.26086956521,-8.239130434783));
#3494 = DIRECTION('',(1.,0.,0.));
#3495 = DIRECTION('',(0.,0.,1.));
#3496 = ADVANCED_FACE('',(#3497),#3515,.F.);
#3497 = FACE_BOUND('',#3498,.F.);
#3498 = EDGE_LOOP('',(#3499,#3500,#3501,#3509));
#3499 = ORIENTED_EDGE('',*,*,#3470,.T.);
#3500 = ORIENTED_EDGE('',*,*,#700,.T.);
#3501 = ORIENTED_EDGE('',*,*,#3502,.F.);
#3502 = EDGE_CURVE('',#3503,#701,#3505,.T.);
#3503 = VERTEX_POINT('',#3504);
#3504 = CARTESIAN_POINT('',(234.,0.,2.5));
#3505 = LINE('',#3506,#3507);
#3506 = CARTESIAN_POINT('',(234.,0.,2.5));
#3507 = VECTOR('',#3508,1.);
#3508 = DIRECTION('',(0.,0.,1.));
#3509 = ORIENTED_EDGE('',*,*,#3510,.F.);
#3510 = EDGE_CURVE('',#3461,#3503,#3511,.T.);
#3511 = LINE('',#3512,#3513);
#3512 = CARTESIAN_POINT('',(235.,-1.,2.5));
#3513 = VECTOR('',#3514,1.);
#3514 = DIRECTION('',(-0.707106781187,0.707106781187,0.));
#3515 = PLANE('',#3516);
#3516 = AXIS2_PLACEMENT_3D('',#3517,#3518,#3519);
#3517 = CARTESIAN_POINT('',(235.,-1.,2.5));
#3518 = DIRECTION('',(-0.707106781187,-0.707106781187,0.));
#3519 = DIRECTION('',(-0.707106781187,0.707106781187,0.));
#3520 = ADVANCED_FACE('',(#3521),#3539,.F.);
#3521 = FACE_BOUND('',#3522,.F.);
#3522 = EDGE_LOOP('',(#3523,#3524,#3525,#3533));
#3523 = ORIENTED_EDGE('',*,*,#3502,.T.);
#3524 = ORIENTED_EDGE('',*,*,#708,.T.);
#3525 = ORIENTED_EDGE('',*,*,#3526,.F.);
#3526 = EDGE_CURVE('',#3527,#709,#3529,.T.);
#3527 = VERTEX_POINT('',#3528);
#3528 = CARTESIAN_POINT('',(229.,0.,2.5));
#3529 = LINE('',#3530,#3531);
#3530 = CARTESIAN_POINT('',(229.,0.,2.5));
#3531 = VECTOR('',#3532,1.);
#3532 = DIRECTION('',(0.,0.,1.));
#3533 = ORIENTED_EDGE('',*,*,#3534,.F.);
#3534 = EDGE_CURVE('',#3503,#3527,#3535,.T.);
#3535 = LINE('',#3536,#3537);
#3536 = CARTESIAN_POINT('',(234.,0.,2.5));
#3537 = VECTOR('',#3538,1.);
#3538 = DIRECTION('',(-1.,0.,0.));
#3539 = PLANE('',#3540);
#3540 = AXIS2_PLACEMENT_3D('',#3541,#3542,#3543);
#3541 = CARTESIAN_POINT('',(234.,0.,2.5));
#3542 = DIRECTION('',(0.,-1.,0.));
#3543 = DIRECTION('',(-1.,0.,0.));
#3544 = ADVANCED_FACE('',(#3545),#3563,.F.);
#3545 = FACE_BOUND('',#3546,.F.);
#3546 = EDGE_LOOP('',(#3547,#3548,#3549,#3557));
#3547 = ORIENTED_EDGE('',*,*,#3526,.T.);
#3548 = ORIENTED_EDGE('',*,*,#716,.T.);
#3549 = ORIENTED_EDGE('',*,*,#3550,.F.);
#3550 = EDGE_CURVE('',#3551,#717,#3553,.T.);
#3551 = VERTEX_POINT('',#3552);
#3552 = CARTESIAN_POINT('',(228.,1.,2.5));
#3553 = LINE('',#3554,#3555);
#3554 = CARTESIAN_POINT('',(228.,1.,2.5));
#3555 = VECTOR('',#3556,1.);
#3556 = DIRECTION('',(0.,0.,1.));
#3557 = ORIENTED_EDGE('',*,*,#3558,.F.);
#3558 = EDGE_CURVE('',#3527,#3551,#3559,.T.);
#3559 = LINE('',#3560,#3561);
#3560 = CARTESIAN_POINT('',(229.,0.,2.5));
#3561 = VECTOR('',#3562,1.);
#3562 = DIRECTION('',(-0.707106781187,0.707106781187,0.));
#3563 = PLANE('',#3564);
#3564 = AXIS2_PLACEMENT_3D('',#3565,#3566,#3567);
#3565 = CARTESIAN_POINT('',(229.,0.,2.5));
#3566 = DIRECTION('',(-0.707106781187,-0.707106781187,0.));
#3567 = DIRECTION('',(-0.707106781187,0.707106781187,0.));
#3568 = ADVANCED_FACE('',(#3569),#3587,.T.);
#3569 = FACE_BOUND('',#3570,.T.);
#3570 = EDGE_LOOP('',(#3571,#3579,#3580,#3581));
#3571 = ORIENTED_EDGE('',*,*,#3572,.T.);
#3572 = EDGE_CURVE('',#3573,#725,#3575,.T.);
#3573 = VERTEX_POINT('',#3574);
#3574 = CARTESIAN_POINT('',(228.,10.,2.5));
#3575 = LINE('',#3576,#3577);
#3576 = CARTESIAN_POINT('',(228.,10.,2.5));
#3577 = VECTOR('',#3578,1.);
#3578 = DIRECTION('',(0.,0.,1.));
#3579 = ORIENTED_EDGE('',*,*,#724,.T.);
#3580 = ORIENTED_EDGE('',*,*,#3550,.F.);
#3581 = ORIENTED_EDGE('',*,*,#3582,.F.);
#3582 = EDGE_CURVE('',#3573,#3551,#3583,.T.);
#3583 = LINE('',#3584,#3585);
#3584 = CARTESIAN_POINT('',(228.,10.,2.5));
#3585 = VECTOR('',#3586,1.);
#3586 = DIRECTION('',(0.,-1.,0.));
#3587 = PLANE('',#3588);
#3588 = AXIS2_PLACEMENT_3D('',#3589,#3590,#3591);
#3589 = CARTESIAN_POINT('',(228.,10.,2.5));
#3590 = DIRECTION('',(1.,0.,0.));
#3591 = DIRECTION('',(0.,-1.,0.));
#3592 = ADVANCED_FACE('',(#3593),#3619,.T.);
#3593 = FACE_BOUND('',#3594,.T.);
#3594 = EDGE_LOOP('',(#3595,#3605,#3611,#3612,#3613));
#3595 = ORIENTED_EDGE('',*,*,#3596,.T.);
#3596 = EDGE_CURVE('',#3597,#3599,#3601,.T.);
#3597 = VERTEX_POINT('',#3598);
#3598 = CARTESIAN_POINT('',(226.,14.,2.5));
#3599 = VERTEX_POINT('',#3600);
#3600 = CARTESIAN_POINT('',(226.,14.,12.));
#3601 = LINE('',#3602,#3603);
#3602 = CARTESIAN_POINT('',(226.,14.,2.5));
#3603 = VECTOR('',#3604,1.);
#3604 = DIRECTION('',(0.,0.,1.));
#3605 = ORIENTED_EDGE('',*,*,#3606,.T.);
#3606 = EDGE_CURVE('',#3599,#733,#3607,.T.);
#3607 = LINE('',#3608,#3609);
#3608 = CARTESIAN_POINT('',(226.,14.,2.5));
#3609 = VECTOR('',#3610,1.);
#3610 = DIRECTION('',(0.,0.,1.));
#3611 = ORIENTED_EDGE('',*,*,#732,.T.);
#3612 = ORIENTED_EDGE('',*,*,#3572,.F.);
#3613 = ORIENTED_EDGE('',*,*,#3614,.F.);
#3614 = EDGE_CURVE('',#3597,#3573,#3615,.T.);
#3615 = LINE('',#3616,#3617);
#3616 = CARTESIAN_POINT('',(226.,14.,2.5));
#3617 = VECTOR('',#3618,1.);
#3618 = DIRECTION('',(0.4472135955,-0.894427191,0.));
#3619 = PLANE('',#3620);
#3620 = AXIS2_PLACEMENT_3D('',#3621,#3622,#3623);
#3621 = CARTESIAN_POINT('',(226.,14.,2.5));
#3622 = DIRECTION('',(0.894427191,0.4472135955,0.));
#3623 = DIRECTION('',(0.4472135955,-0.894427191,0.));
#3624 = ADVANCED_FACE('',(#3625),#3643,.T.);
#3625 = FACE_BOUND('',#3626,.T.);
#3626 = EDGE_LOOP('',(#3627,#3635,#3641,#3642));
#3627 = ORIENTED_EDGE('',*,*,#3628,.F.);
#3628 = EDGE_CURVE('',#3629,#3599,#3631,.T.);
#3629 = VERTEX_POINT('',#3630);
#3630 = CARTESIAN_POINT('',(204.,14.,12.));
#3631 = LINE('',#3632,#3633);
#3632 = CARTESIAN_POINT('',(164.5,14.,12.));
#3633 = VECTOR('',#3634,1.);
#3634 = DIRECTION('',(1.,0.,0.));
#3635 = ORIENTED_EDGE('',*,*,#3636,.T.);
#3636 = EDGE_CURVE('',#3629,#741,#3637,.T.);
#3637 = LINE('',#3638,#3639);
#3638 = CARTESIAN_POINT('',(204.,14.,2.5));
#3639 = VECTOR('',#3640,1.);
#3640 = DIRECTION('',(0.,0.,1.));
#3641 = ORIENTED_EDGE('',*,*,#740,.T.);
#3642 = ORIENTED_EDGE('',*,*,#3606,.F.);
#3643 = PLANE('',#3644);
#3644 = AXIS2_PLACEMENT_3D('',#3645,#3646,#3647);
#3645 = CARTESIAN_POINT('',(204.,14.,2.5));
#3646 = DIRECTION('',(0.,1.,0.));
#3647 = DIRECTION('',(1.,0.,0.));
#3648 = ADVANCED_FACE('',(#3649),#3675,.T.);
#3649 = FACE_BOUND('',#3650,.T.);
#3650 = EDGE_LOOP('',(#3651,#3659,#3660,#3661,#3669));
#3651 = ORIENTED_EDGE('',*,*,#3652,.T.);
#3652 = EDGE_CURVE('',#3653,#749,#3655,.T.);
#3653 = VERTEX_POINT('',#3654);
#3654 = CARTESIAN_POINT('',(202.,12.,2.5));
#3655 = LINE('',#3656,#3657);
#3656 = CARTESIAN_POINT('',(202.,12.,2.5));
#3657 = VECTOR('',#3658,1.);
#3658 = DIRECTION('',(0.,0.,1.));
#3659 = ORIENTED_EDGE('',*,*,#748,.T.);
#3660 = ORIENTED_EDGE('',*,*,#3636,.F.);
#3661 = ORIENTED_EDGE('',*,*,#3662,.F.);
#3662 = EDGE_CURVE('',#3663,#3629,#3665,.T.);
#3663 = VERTEX_POINT('',#3664);
#3664 = CARTESIAN_POINT('',(204.,14.,2.5));
#3665 = LINE('',#3666,#3667);
#3666 = CARTESIAN_POINT('',(204.,14.,2.5));
#3667 = VECTOR('',#3668,1.);
#3668 = DIRECTION('',(0.,0.,1.));
#3669 = ORIENTED_EDGE('',*,*,#3670,.F.);
#3670 = EDGE_CURVE('',#3653,#3663,#3671,.T.);
#3671 = LINE('',#3672,#3673);
#3672 = CARTESIAN_POINT('',(202.,12.,2.5));
#3673 = VECTOR('',#3674,1.);
#3674 = DIRECTION('',(0.707106781187,0.707106781187,0.));
#3675 = PLANE('',#3676);
#3676 = AXIS2_PLACEMENT_3D('',#3677,#3678,#3679);
#3677 = CARTESIAN_POINT('',(202.,12.,2.5));
#3678 = DIRECTION('',(-0.707106781187,0.707106781187,0.));
#3679 = DIRECTION('',(0.707106781187,0.707106781187,0.));
#3680 = ADVANCED_FACE('',(#3681),#3699,.T.);
#3681 = FACE_BOUND('',#3682,.T.);
#3682 = EDGE_LOOP('',(#3683,#3691,#3692,#3693));
#3683 = ORIENTED_EDGE('',*,*,#3684,.T.);
#3684 = EDGE_CURVE('',#3685,#757,#3687,.T.);
#3685 = VERTEX_POINT('',#3686);
#3686 = CARTESIAN_POINT('',(202.,2.,2.5));
#3687 = LINE('',#3688,#3689);
#3688 = CARTESIAN_POINT('',(202.,2.,2.5));
#3689 = VECTOR('',#3690,1.);
#3690 = DIRECTION('',(0.,0.,1.));
#3691 = ORIENTED_EDGE('',*,*,#756,.T.);
#3692 = ORIENTED_EDGE('',*,*,#3652,.F.);
#3693 = ORIENTED_EDGE('',*,*,#3694,.F.);
#3694 = EDGE_CURVE('',#3685,#3653,#3695,.T.);
#3695 = LINE('',#3696,#3697);
#3696 = CARTESIAN_POINT('',(202.,2.,2.5));
#3697 = VECTOR('',#3698,1.);
#3698 = DIRECTION('',(0.,1.,0.));
#3699 = PLANE('',#3700);
#3700 = AXIS2_PLACEMENT_3D('',#3701,#3702,#3703);
#3701 = CARTESIAN_POINT('',(202.,2.,2.5));
#3702 = DIRECTION('',(-1.,0.,0.));
#3703 = DIRECTION('',(0.,1.,0.));
#3704 = ADVANCED_FACE('',(#3705),#3723,.T.);
#3705 = FACE_BOUND('',#3706,.T.);
#3706 = EDGE_LOOP('',(#3707,#3715,#3716,#3717));
#3707 = ORIENTED_EDGE('',*,*,#3708,.T.);
#3708 = EDGE_CURVE('',#3709,#765,#3711,.T.);
#3709 = VERTEX_POINT('',#3710);
#3710 = CARTESIAN_POINT('',(200.,0.,2.5));
#3711 = LINE('',#3712,#3713);
#3712 = CARTESIAN_POINT('',(200.,0.,2.5));
#3713 = VECTOR('',#3714,1.);
#3714 = DIRECTION('',(0.,0.,1.));
#3715 = ORIENTED_EDGE('',*,*,#764,.T.);
#3716 = ORIENTED_EDGE('',*,*,#3684,.F.);
#3717 = ORIENTED_EDGE('',*,*,#3718,.F.);
#3718 = EDGE_CURVE('',#3709,#3685,#3719,.T.);
#3719 = LINE('',#3720,#3721);
#3720 = CARTESIAN_POINT('',(200.,0.,2.5));
#3721 = VECTOR('',#3722,1.);
#3722 = DIRECTION('',(0.707106781187,0.707106781187,0.));
#3723 = PLANE('',#3724);
#3724 = AXIS2_PLACEMENT_3D('',#3725,#3726,#3727);
#3725 = CARTESIAN_POINT('',(200.,0.,2.5));
#3726 = DIRECTION('',(-0.707106781187,0.707106781187,0.));
#3727 = DIRECTION('',(0.707106781187,0.707106781187,0.));
#3728 = ADVANCED_FACE('',(#3729),#3747,.T.);
#3729 = FACE_BOUND('',#3730,.T.);
#3730 = EDGE_LOOP('',(#3731,#3739,#3740,#3741));
#3731 = ORIENTED_EDGE('',*,*,#3732,.T.);
#3732 = EDGE_CURVE('',#3733,#773,#3735,.T.);
#3733 = VERTEX_POINT('',#3734);
#3734 = CARTESIAN_POINT('',(185.,0.,2.5));
#3735 = LINE('',#3736,#3737);
#3736 = CARTESIAN_POINT('',(185.,0.,2.5));
#3737 = VECTOR('',#3738,1.);
#3738 = DIRECTION('',(0.,0.,1.));
#3739 = ORIENTED_EDGE('',*,*,#772,.T.);
#3740 = ORIENTED_EDGE('',*,*,#3708,.F.);
#3741 = ORIENTED_EDGE('',*,*,#3742,.F.);
#3742 = EDGE_CURVE('',#3733,#3709,#3743,.T.);
#3743 = LINE('',#3744,#3745);
#3744 = CARTESIAN_POINT('',(185.,0.,2.5));
#3745 = VECTOR('',#3746,1.);
#3746 = DIRECTION('',(1.,0.,0.));
#3747 = PLANE('',#3748);
#3748 = AXIS2_PLACEMENT_3D('',#3749,#3750,#3751);
#3749 = CARTESIAN_POINT('',(185.,0.,2.5));
#3750 = DIRECTION('',(0.,1.,0.));
#3751 = DIRECTION('',(1.,0.,0.));
#3752 = ADVANCED_FACE('',(#3753),#3771,.T.);
#3753 = FACE_BOUND('',#3754,.T.);
#3754 = EDGE_LOOP('',(#3755,#3763,#3764,#3765));
#3755 = ORIENTED_EDGE('',*,*,#3756,.T.);
#3756 = EDGE_CURVE('',#3757,#781,#3759,.T.);
#3757 = VERTEX_POINT('',#3758);
#3758 = CARTESIAN_POINT('',(172.,13.,2.5));
#3759 = LINE('',#3760,#3761);
#3760 = CARTESIAN_POINT('',(172.,13.,2.5));
#3761 = VECTOR('',#3762,1.);
#3762 = DIRECTION('',(0.,0.,1.));
#3763 = ORIENTED_EDGE('',*,*,#780,.T.);
#3764 = ORIENTED_EDGE('',*,*,#3732,.F.);
#3765 = ORIENTED_EDGE('',*,*,#3766,.F.);
#3766 = EDGE_CURVE('',#3757,#3733,#3767,.T.);
#3767 = LINE('',#3768,#3769);
#3768 = CARTESIAN_POINT('',(172.,13.,2.5));
#3769 = VECTOR('',#3770,1.);
#3770 = DIRECTION('',(0.707106781187,-0.707106781187,0.));
#3771 = PLANE('',#3772);
#3772 = AXIS2_PLACEMENT_3D('',#3773,#3774,#3775);
#3773 = CARTESIAN_POINT('',(172.,13.,2.5));
#3774 = DIRECTION('',(0.707106781187,0.707106781187,0.));
#3775 = DIRECTION('',(0.707106781187,-0.707106781187,0.));
#3776 = ADVANCED_FACE('',(#3777),#3795,.T.);
#3777 = FACE_BOUND('',#3778,.T.);
#3778 = EDGE_LOOP('',(#3779,#3787,#3788,#3789));
#3779 = ORIENTED_EDGE('',*,*,#3780,.T.);
#3780 = EDGE_CURVE('',#3781,#789,#3783,.T.);
#3781 = VERTEX_POINT('',#3782);
#3782 = CARTESIAN_POINT('',(164.,13.,2.5));
#3783 = LINE('',#3784,#3785);
#3784 = CARTESIAN_POINT('',(164.,13.,2.5));
#3785 = VECTOR('',#3786,1.);
#3786 = DIRECTION('',(0.,0.,1.));
#3787 = ORIENTED_EDGE('',*,*,#788,.T.);
#3788 = ORIENTED_EDGE('',*,*,#3756,.F.);
#3789 = ORIENTED_EDGE('',*,*,#3790,.F.);
#3790 = EDGE_CURVE('',#3781,#3757,#3791,.T.);
#3791 = LINE('',#3792,#3793);
#3792 = CARTESIAN_POINT('',(164.,13.,2.5));
#3793 = VECTOR('',#3794,1.);
#3794 = DIRECTION('',(1.,0.,0.));
#3795 = PLANE('',#3796);
#3796 = AXIS2_PLACEMENT_3D('',#3797,#3798,#3799);
#3797 = CARTESIAN_POINT('',(164.,13.,2.5));
#3798 = DIRECTION('',(0.,1.,0.));
#3799 = DIRECTION('',(1.,0.,0.));
#3800 = ADVANCED_FACE('',(#3801),#3819,.T.);
#3801 = FACE_BOUND('',#3802,.T.);
#3802 = EDGE_LOOP('',(#3803,#3811,#3812,#3813));
#3803 = ORIENTED_EDGE('',*,*,#3804,.T.);
#3804 = EDGE_CURVE('',#3805,#797,#3807,.T.);
#3805 = VERTEX_POINT('',#3806);
#3806 = CARTESIAN_POINT('',(162.,11.,2.5));
#3807 = LINE('',#3808,#3809);
#3808 = CARTESIAN_POINT('',(162.,11.,2.5));
#3809 = VECTOR('',#3810,1.);
#3810 = DIRECTION('',(0.,0.,1.));
#3811 = ORIENTED_EDGE('',*,*,#796,.T.);
#3812 = ORIENTED_EDGE('',*,*,#3780,.F.);
#3813 = ORIENTED_EDGE('',*,*,#3814,.F.);
#3814 = EDGE_CURVE('',#3805,#3781,#3815,.T.);
#3815 = LINE('',#3816,#3817);
#3816 = CARTESIAN_POINT('',(162.,11.,2.5));
#3817 = VECTOR('',#3818,1.);
#3818 = DIRECTION('',(0.707106781187,0.707106781187,0.));
#3819 = PLANE('',#3820);
#3820 = AXIS2_PLACEMENT_3D('',#3821,#3822,#3823);
#3821 = CARTESIAN_POINT('',(162.,11.,2.5));
#3822 = DIRECTION('',(-0.707106781187,0.707106781187,0.));
#3823 = DIRECTION('',(0.707106781187,0.707106781187,0.));
#3824 = ADVANCED_FACE('',(#3825),#3843,.T.);
#3825 = FACE_BOUND('',#3826,.T.);
#3826 = EDGE_LOOP('',(#3827,#3835,#3836,#3837));
#3827 = ORIENTED_EDGE('',*,*,#3828,.T.);
#3828 = EDGE_CURVE('',#3829,#805,#3831,.T.);
#3829 = VERTEX_POINT('',#3830);
#3830 = CARTESIAN_POINT('',(162.,3.,2.5));
#3831 = LINE('',#3832,#3833);
#3832 = CARTESIAN_POINT('',(162.,3.,2.5));
#3833 = VECTOR('',#3834,1.);
#3834 = DIRECTION('',(0.,0.,1.));
#3835 = ORIENTED_EDGE('',*,*,#804,.T.);
#3836 = ORIENTED_EDGE('',*,*,#3804,.F.);
#3837 = ORIENTED_EDGE('',*,*,#3838,.F.);
#3838 = EDGE_CURVE('',#3829,#3805,#3839,.T.);
#3839 = LINE('',#3840,#3841);
#3840 = CARTESIAN_POINT('',(162.,3.,2.5));
#3841 = VECTOR('',#3842,1.);
#3842 = DIRECTION('',(0.,1.,0.));
#3843 = PLANE('',#3844);
#3844 = AXIS2_PLACEMENT_3D('',#3845,#3846,#3847);
#3845 = CARTESIAN_POINT('',(162.,3.,2.5));
#3846 = DIRECTION('',(-1.,0.,0.));
#3847 = DIRECTION('',(0.,1.,0.));
#3848 = ADVANCED_FACE('',(#3849),#3867,.T.);
#3849 = FACE_BOUND('',#3850,.T.);
#3850 = EDGE_LOOP('',(#3851,#3859,#3860,#3861));
#3851 = ORIENTED_EDGE('',*,*,#3852,.T.);
#3852 = EDGE_CURVE('',#3853,#813,#3855,.T.);
#3853 = VERTEX_POINT('',#3854);
#3854 = CARTESIAN_POINT('',(159.,0.,2.5));
#3855 = LINE('',#3856,#3857);
#3856 = CARTESIAN_POINT('',(159.,0.,2.5));
#3857 = VECTOR('',#3858,1.);
#3858 = DIRECTION('',(0.,0.,1.));
#3859 = ORIENTED_EDGE('',*,*,#812,.T.);
#3860 = ORIENTED_EDGE('',*,*,#3828,.F.);
#3861 = ORIENTED_EDGE('',*,*,#3862,.F.);
#3862 = EDGE_CURVE('',#3853,#3829,#3863,.T.);
#3863 = LINE('',#3864,#3865);
#3864 = CARTESIAN_POINT('',(159.,0.,2.5));
#3865 = VECTOR('',#3866,1.);
#3866 = DIRECTION('',(0.707106781187,0.707106781187,0.));
#3867 = PLANE('',#3868);
#3868 = AXIS2_PLACEMENT_3D('',#3869,#3870,#3871);
#3869 = CARTESIAN_POINT('',(159.,0.,2.5));
#3870 = DIRECTION('',(-0.707106781187,0.707106781187,0.));
#3871 = DIRECTION('',(0.707106781187,0.707106781187,0.));
#3872 = ADVANCED_FACE('',(#3873),#3891,.T.);
#3873 = FACE_BOUND('',#3874,.T.);
#3874 = EDGE_LOOP('',(#3875,#3883,#3884,#3885));
#3875 = ORIENTED_EDGE('',*,*,#3876,.T.);
#3876 = EDGE_CURVE('',#3877,#821,#3879,.T.);
#3877 = VERTEX_POINT('',#3878);
#3878 = CARTESIAN_POINT('',(144.,0.,2.5));
#3879 = LINE('',#3880,#3881);
#3880 = CARTESIAN_POINT('',(144.,0.,2.5));
#3881 = VECTOR('',#3882,1.);
#3882 = DIRECTION('',(0.,0.,1.));
#3883 = ORIENTED_EDGE('',*,*,#820,.T.);
#3884 = ORIENTED_EDGE('',*,*,#3852,.F.);
#3885 = ORIENTED_EDGE('',*,*,#3886,.F.);
#3886 = EDGE_CURVE('',#3877,#3853,#3887,.T.);
#3887 = LINE('',#3888,#3889);
#3888 = CARTESIAN_POINT('',(144.,0.,2.5));
#3889 = VECTOR('',#3890,1.);
#3890 = DIRECTION('',(1.,0.,0.));
#3891 = PLANE('',#3892);
#3892 = AXIS2_PLACEMENT_3D('',#3893,#3894,#3895);
#3893 = CARTESIAN_POINT('',(144.,0.,2.5));
#3894 = DIRECTION('',(0.,1.,0.));
#3895 = DIRECTION('',(1.,0.,0.));
#3896 = ADVANCED_FACE('',(#3897),#3915,.T.);
#3897 = FACE_BOUND('',#3898,.T.);
#3898 = EDGE_LOOP('',(#3899,#3907,#3908,#3909));
#3899 = ORIENTED_EDGE('',*,*,#3900,.T.);
#3900 = EDGE_CURVE('',#3901,#829,#3903,.T.);
#3901 = VERTEX_POINT('',#3902);
#3902 = CARTESIAN_POINT('',(142.,2.,2.5));
#3903 = LINE('',#3904,#3905);
#3904 = CARTESIAN_POINT('',(142.,2.,2.5));
#3905 = VECTOR('',#3906,1.);
#3906 = DIRECTION('',(0.,0.,1.));
#3907 = ORIENTED_EDGE('',*,*,#828,.T.);
#3908 = ORIENTED_EDGE('',*,*,#3876,.F.);
#3909 = ORIENTED_EDGE('',*,*,#3910,.F.);
#3910 = EDGE_CURVE('',#3901,#3877,#3911,.T.);
#3911 = LINE('',#3912,#3913);
#3912 = CARTESIAN_POINT('',(142.,2.,2.5));
#3913 = VECTOR('',#3914,1.);
#3914 = DIRECTION('',(0.707106781187,-0.707106781187,0.));
#3915 = PLANE('',#3916);
#3916 = AXIS2_PLACEMENT_3D('',#3917,#3918,#3919);
#3917 = CARTESIAN_POINT('',(142.,2.,2.5));
#3918 = DIRECTION('',(0.707106781187,0.707106781187,0.));
#3919 = DIRECTION('',(0.707106781187,-0.707106781187,0.));
#3920 = ADVANCED_FACE('',(#3921),#3939,.T.);
#3921 = FACE_BOUND('',#3922,.T.);
#3922 = EDGE_LOOP('',(#3923,#3931,#3932,#3933));
#3923 = ORIENTED_EDGE('',*,*,#3924,.T.);
#3924 = EDGE_CURVE('',#3925,#837,#3927,.T.);
#3925 = VERTEX_POINT('',#3926);
#3926 = CARTESIAN_POINT('',(142.,15.,2.5));
#3927 = LINE('',#3928,#3929);
#3928 = CARTESIAN_POINT('',(142.,15.,2.5));
#3929 = VECTOR('',#3930,1.);
#3930 = DIRECTION('',(0.,0.,1.));
#3931 = ORIENTED_EDGE('',*,*,#836,.T.);
#3932 = ORIENTED_EDGE('',*,*,#3900,.F.);
#3933 = ORIENTED_EDGE('',*,*,#3934,.F.);
#3934 = EDGE_CURVE('',#3925,#3901,#3935,.T.);
#3935 = LINE('',#3936,#3937);
#3936 = CARTESIAN_POINT('',(142.,15.,2.5));
#3937 = VECTOR('',#3938,1.);
#3938 = DIRECTION('',(0.,-1.,0.));
#3939 = PLANE('',#3940);
#3940 = AXIS2_PLACEMENT_3D('',#3941,#3942,#3943);
#3941 = CARTESIAN_POINT('',(142.,15.,2.5));
#3942 = DIRECTION('',(1.,0.,0.));
#3943 = DIRECTION('',(0.,-1.,0.));
#3944 = ADVANCED_FACE('',(#3945),#3963,.T.);
#3945 = FACE_BOUND('',#3946,.T.);
#3946 = EDGE_LOOP('',(#3947,#3955,#3956,#3957));
#3947 = ORIENTED_EDGE('',*,*,#3948,.T.);
#3948 = EDGE_CURVE('',#3949,#845,#3951,.T.);
#3949 = VERTEX_POINT('',#3950);
#3950 = CARTESIAN_POINT('',(140.,17.,2.5));
#3951 = LINE('',#3952,#3953);
#3952 = CARTESIAN_POINT('',(140.,17.,2.5));
#3953 = VECTOR('',#3954,1.);
#3954 = DIRECTION('',(0.,0.,1.));
#3955 = ORIENTED_EDGE('',*,*,#844,.T.);
#3956 = ORIENTED_EDGE('',*,*,#3924,.F.);
#3957 = ORIENTED_EDGE('',*,*,#3958,.F.);
#3958 = EDGE_CURVE('',#3949,#3925,#3959,.T.);
#3959 = LINE('',#3960,#3961);
#3960 = CARTESIAN_POINT('',(140.,17.,2.5));
#3961 = VECTOR('',#3962,1.);
#3962 = DIRECTION('',(0.707106781187,-0.707106781187,0.));
#3963 = PLANE('',#3964);
#3964 = AXIS2_PLACEMENT_3D('',#3965,#3966,#3967);
#3965 = CARTESIAN_POINT('',(140.,17.,2.5));
#3966 = DIRECTION('',(0.707106781187,0.707106781187,0.));
#3967 = DIRECTION('',(0.707106781187,-0.707106781187,0.));
#3968 = ADVANCED_FACE('',(#3969),#4019,.T.);
#3969 = FACE_BOUND('',#3970,.T.);
#3970 = EDGE_LOOP('',(#3971,#3981,#3987,#3988,#3989,#3997,#4005,#4013));
#3971 = ORIENTED_EDGE('',*,*,#3972,.F.);
#3972 = EDGE_CURVE('',#3973,#3975,#3977,.T.);
#3973 = VERTEX_POINT('',#3974);
#3974 = CARTESIAN_POINT('',(113.,17.,2.5));
#3975 = VERTEX_POINT('',#3976);
#3976 = CARTESIAN_POINT('',(114.,17.,2.5));
#3977 = LINE('',#3978,#3979);
#3978 = CARTESIAN_POINT('',(113.,17.,2.5));
#3979 = VECTOR('',#3980,1.);
#3980 = DIRECTION('',(1.,0.,0.));
#3981 = ORIENTED_EDGE('',*,*,#3982,.T.);
#3982 = EDGE_CURVE('',#3973,#853,#3983,.T.);
#3983 = LINE('',#3984,#3985);
#3984 = CARTESIAN_POINT('',(113.,17.,2.5));
#3985 = VECTOR('',#3986,1.);
#3986 = DIRECTION('',(0.,0.,1.));
#3987 = ORIENTED_EDGE('',*,*,#852,.T.);
#3988 = ORIENTED_EDGE('',*,*,#3948,.F.);
#3989 = ORIENTED_EDGE('',*,*,#3990,.F.);
#3990 = EDGE_CURVE('',#3991,#3949,#3993,.T.);
#3991 = VERTEX_POINT('',#3992);
#3992 = CARTESIAN_POINT('',(136.,17.,2.5));
#3993 = LINE('',#3994,#3995);
#3994 = CARTESIAN_POINT('',(113.,17.,2.5));
#3995 = VECTOR('',#3996,1.);
#3996 = DIRECTION('',(1.,0.,0.));
#3997 = ORIENTED_EDGE('',*,*,#3998,.T.);
#3998 = EDGE_CURVE('',#3991,#3999,#4001,.T.);
#3999 = VERTEX_POINT('',#4000);
#4000 = CARTESIAN_POINT('',(136.,17.,12.));
#4001 = LINE('',#4002,#4003);
#4002 = CARTESIAN_POINT('',(136.,17.,1.25));
#4003 = VECTOR('',#4004,1.);
#4004 = DIRECTION('',(0.,0.,1.));
#4005 = ORIENTED_EDGE('',*,*,#4006,.F.);
#4006 = EDGE_CURVE('',#4007,#3999,#4009,.T.);
#4007 = VERTEX_POINT('',#4008);
#4008 = CARTESIAN_POINT('',(114.,17.,12.));
#4009 = LINE('',#4010,#4011);
#4010 = CARTESIAN_POINT('',(119.,17.,12.));
#4011 = VECTOR('',#4012,1.);
#4012 = DIRECTION('',(1.,0.,0.));
#4013 = ORIENTED_EDGE('',*,*,#4014,.T.);
#4014 = EDGE_CURVE('',#4007,#3975,#4015,.T.);
#4015 = LINE('',#4016,#4017);
#4016 = CARTESIAN_POINT('',(114.,17.,1.25));
#4017 = VECTOR('',#4018,1.);
#4018 = DIRECTION('',(0.,0.,-1.));
#4019 = PLANE('',#4020);
#4020 = AXIS2_PLACEMENT_3D('',#4021,#4022,#4023);
#4021 = CARTESIAN_POINT('',(113.,17.,2.5));
#4022 = DIRECTION('',(0.,1.,0.));
#4023 = DIRECTION('',(1.,0.,0.));
#4024 = ADVANCED_FACE('',(#4025),#4043,.T.);
#4025 = FACE_BOUND('',#4026,.T.);
#4026 = EDGE_LOOP('',(#4027,#4035,#4036,#4037));
#4027 = ORIENTED_EDGE('',*,*,#4028,.T.);
#4028 = EDGE_CURVE('',#4029,#861,#4031,.T.);
#4029 = VERTEX_POINT('',#4030);
#4030 = CARTESIAN_POINT('',(111.,15.,2.5));
#4031 = LINE('',#4032,#4033);
#4032 = CARTESIAN_POINT('',(111.,15.,2.5));
#4033 = VECTOR('',#4034,1.);
#4034 = DIRECTION('',(0.,0.,1.));
#4035 = ORIENTED_EDGE('',*,*,#860,.T.);
#4036 = ORIENTED_EDGE('',*,*,#3982,.F.);
#4037 = ORIENTED_EDGE('',*,*,#4038,.F.);
#4038 = EDGE_CURVE('',#4029,#3973,#4039,.T.);
#4039 = LINE('',#4040,#4041);
#4040 = CARTESIAN_POINT('',(111.,15.,2.5));
#4041 = VECTOR('',#4042,1.);
#4042 = DIRECTION('',(0.707106781187,0.707106781187,0.));
#4043 = PLANE('',#4044);
#4044 = AXIS2_PLACEMENT_3D('',#4045,#4046,#4047);
#4045 = CARTESIAN_POINT('',(111.,15.,2.5));
#4046 = DIRECTION('',(-0.707106781187,0.707106781187,0.));
#4047 = DIRECTION('',(0.707106781187,0.707106781187,0.));
#4048 = ADVANCED_FACE('',(#4049),#4067,.T.);
#4049 = FACE_BOUND('',#4050,.T.);
#4050 = EDGE_LOOP('',(#4051,#4059,#4060,#4061));
#4051 = ORIENTED_EDGE('',*,*,#4052,.T.);
#4052 = EDGE_CURVE('',#4053,#869,#4055,.T.);
#4053 = VERTEX_POINT('',#4054);
#4054 = CARTESIAN_POINT('',(111.,3.,2.5));
#4055 = LINE('',#4056,#4057);
#4056 = CARTESIAN_POINT('',(111.,3.,2.5));
#4057 = VECTOR('',#4058,1.);
#4058 = DIRECTION('',(0.,0.,1.));
#4059 = ORIENTED_EDGE('',*,*,#868,.T.);
#4060 = ORIENTED_EDGE('',*,*,#4028,.F.);
#4061 = ORIENTED_EDGE('',*,*,#4062,.F.);
#4062 = EDGE_CURVE('',#4053,#4029,#4063,.T.);
#4063 = LINE('',#4064,#4065);
#4064 = CARTESIAN_POINT('',(111.,3.,2.5));
#4065 = VECTOR('',#4066,1.);
#4066 = DIRECTION('',(0.,1.,0.));
#4067 = PLANE('',#4068);
#4068 = AXIS2_PLACEMENT_3D('',#4069,#4070,#4071);
#4069 = CARTESIAN_POINT('',(111.,3.,2.5));
#4070 = DIRECTION('',(-1.,0.,0.));
#4071 = DIRECTION('',(0.,1.,0.));
#4072 = ADVANCED_FACE('',(#4073),#4091,.T.);
#4073 = FACE_BOUND('',#4074,.T.);
#4074 = EDGE_LOOP('',(#4075,#4083,#4084,#4085));
#4075 = ORIENTED_EDGE('',*,*,#4076,.T.);
#4076 = EDGE_CURVE('',#4077,#877,#4079,.T.);
#4077 = VERTEX_POINT('',#4078);
#4078 = CARTESIAN_POINT('',(108.,0.,2.5));
#4079 = LINE('',#4080,#4081);
#4080 = CARTESIAN_POINT('',(108.,0.,2.5));
#4081 = VECTOR('',#4082,1.);
#4082 = DIRECTION('',(0.,0.,1.));
#4083 = ORIENTED_EDGE('',*,*,#876,.T.);
#4084 = ORIENTED_EDGE('',*,*,#4052,.F.);
#4085 = ORIENTED_EDGE('',*,*,#4086,.F.);
#4086 = EDGE_CURVE('',#4077,#4053,#4087,.T.);
#4087 = LINE('',#4088,#4089);
#4088 = CARTESIAN_POINT('',(108.,0.,2.5));
#4089 = VECTOR('',#4090,1.);
#4090 = DIRECTION('',(0.707106781187,0.707106781187,0.));
#4091 = PLANE('',#4092);
#4092 = AXIS2_PLACEMENT_3D('',#4093,#4094,#4095);
#4093 = CARTESIAN_POINT('',(108.,0.,2.5));
#4094 = DIRECTION('',(-0.707106781187,0.707106781187,0.));
#4095 = DIRECTION('',(0.707106781187,0.707106781187,0.));
#4096 = ADVANCED_FACE('',(#4097),#4115,.T.);
#4097 = FACE_BOUND('',#4098,.T.);
#4098 = EDGE_LOOP('',(#4099,#4107,#4108,#4109));
#4099 = ORIENTED_EDGE('',*,*,#4100,.T.);
#4100 = EDGE_CURVE('',#4101,#885,#4103,.T.);
#4101 = VERTEX_POINT('',#4102);
#4102 = CARTESIAN_POINT('',(97.,0.,2.5));
#4103 = LINE('',#4104,#4105);
#4104 = CARTESIAN_POINT('',(97.,0.,2.5));
#4105 = VECTOR('',#4106,1.);
#4106 = DIRECTION('',(0.,0.,1.));
#4107 = ORIENTED_EDGE('',*,*,#884,.T.);
#4108 = ORIENTED_EDGE('',*,*,#4076,.F.);
#4109 = ORIENTED_EDGE('',*,*,#4110,.F.);
#4110 = EDGE_CURVE('',#4101,#4077,#4111,.T.);
#4111 = LINE('',#4112,#4113);
#4112 = CARTESIAN_POINT('',(97.,0.,2.5));
#4113 = VECTOR('',#4114,1.);
#4114 = DIRECTION('',(1.,0.,0.));
#4115 = PLANE('',#4116);
#4116 = AXIS2_PLACEMENT_3D('',#4117,#4118,#4119);
#4117 = CARTESIAN_POINT('',(97.,0.,2.5));
#4118 = DIRECTION('',(0.,1.,0.));
#4119 = DIRECTION('',(1.,0.,0.));
#4120 = ADVANCED_FACE('',(#4121),#4139,.T.);
#4121 = FACE_BOUND('',#4122,.T.);
#4122 = EDGE_LOOP('',(#4123,#4131,#4132,#4133));
#4123 = ORIENTED_EDGE('',*,*,#4124,.T.);
#4124 = EDGE_CURVE('',#4125,#893,#4127,.T.);
#4125 = VERTEX_POINT('',#4126);
#4126 = CARTESIAN_POINT('',(84.,13.,2.5));
#4127 = LINE('',#4128,#4129);
#4128 = CARTESIAN_POINT('',(84.,13.,2.5));
#4129 = VECTOR('',#4130,1.);
#4130 = DIRECTION('',(0.,0.,1.));
#4131 = ORIENTED_EDGE('',*,*,#892,.T.);
#4132 = ORIENTED_EDGE('',*,*,#4100,.F.);
#4133 = ORIENTED_EDGE('',*,*,#4134,.F.);
#4134 = EDGE_CURVE('',#4125,#4101,#4135,.T.);
#4135 = LINE('',#4136,#4137);
#4136 = CARTESIAN_POINT('',(84.,13.,2.5));
#4137 = VECTOR('',#4138,1.);
#4138 = DIRECTION('',(0.707106781187,-0.707106781187,0.));
#4139 = PLANE('',#4140);
#4140 = AXIS2_PLACEMENT_3D('',#4141,#4142,#4143);
#4141 = CARTESIAN_POINT('',(84.,13.,2.5));
#4142 = DIRECTION('',(0.707106781187,0.707106781187,0.));
#4143 = DIRECTION('',(0.707106781187,-0.707106781187,0.));
#4144 = ADVANCED_FACE('',(#4145),#4163,.T.);
#4145 = FACE_BOUND('',#4146,.T.);
#4146 = EDGE_LOOP('',(#4147,#4155,#4156,#4157));
#4147 = ORIENTED_EDGE('',*,*,#4148,.T.);
#4148 = EDGE_CURVE('',#4149,#901,#4151,.T.);
#4149 = VERTEX_POINT('',#4150);
#4150 = CARTESIAN_POINT('',(75.,13.,2.5));
#4151 = LINE('',#4152,#4153);
#4152 = CARTESIAN_POINT('',(75.,13.,2.5));
#4153 = VECTOR('',#4154,1.);
#4154 = DIRECTION('',(0.,0.,1.));
#4155 = ORIENTED_EDGE('',*,*,#900,.T.);
#4156 = ORIENTED_EDGE('',*,*,#4124,.F.);
#4157 = ORIENTED_EDGE('',*,*,#4158,.F.);
#4158 = EDGE_CURVE('',#4149,#4125,#4159,.T.);
#4159 = LINE('',#4160,#4161);
#4160 = CARTESIAN_POINT('',(75.,13.,2.5));
#4161 = VECTOR('',#4162,1.);
#4162 = DIRECTION('',(1.,0.,0.));
#4163 = PLANE('',#4164);
#4164 = AXIS2_PLACEMENT_3D('',#4165,#4166,#4167);
#4165 = CARTESIAN_POINT('',(75.,13.,2.5));
#4166 = DIRECTION('',(0.,1.,0.));
#4167 = DIRECTION('',(1.,0.,0.));
#4168 = ADVANCED_FACE('',(#4169),#4187,.T.);
#4169 = FACE_BOUND('',#4170,.T.);
#4170 = EDGE_LOOP('',(#4171,#4179,#4180,#4181));
#4171 = ORIENTED_EDGE('',*,*,#4172,.T.);
#4172 = EDGE_CURVE('',#4173,#909,#4175,.T.);
#4173 = VERTEX_POINT('',#4174);
#4174 = CARTESIAN_POINT('',(73.,11.,2.5));
#4175 = LINE('',#4176,#4177);
#4176 = CARTESIAN_POINT('',(73.,11.,2.5));
#4177 = VECTOR('',#4178,1.);
#4178 = DIRECTION('',(0.,0.,1.));
#4179 = ORIENTED_EDGE('',*,*,#908,.T.);
#4180 = ORIENTED_EDGE('',*,*,#4148,.F.);
#4181 = ORIENTED_EDGE('',*,*,#4182,.F.);
#4182 = EDGE_CURVE('',#4173,#4149,#4183,.T.);
#4183 = LINE('',#4184,#4185);
#4184 = CARTESIAN_POINT('',(73.,11.,2.5));
#4185 = VECTOR('',#4186,1.);
#4186 = DIRECTION('',(0.707106781187,0.707106781187,0.));
#4187 = PLANE('',#4188);
#4188 = AXIS2_PLACEMENT_3D('',#4189,#4190,#4191);
#4189 = CARTESIAN_POINT('',(73.,11.,2.5));
#4190 = DIRECTION('',(-0.707106781187,0.707106781187,0.));
#4191 = DIRECTION('',(0.707106781187,0.707106781187,0.));
#4192 = ADVANCED_FACE('',(#4193),#4211,.T.);
#4193 = FACE_BOUND('',#4194,.T.);
#4194 = EDGE_LOOP('',(#4195,#4203,#4204,#4205));
#4195 = ORIENTED_EDGE('',*,*,#4196,.T.);
#4196 = EDGE_CURVE('',#4197,#917,#4199,.T.);
#4197 = VERTEX_POINT('',#4198);
#4198 = CARTESIAN_POINT('',(73.,3.,2.5));
#4199 = LINE('',#4200,#4201);
#4200 = CARTESIAN_POINT('',(73.,3.,2.5));
#4201 = VECTOR('',#4202,1.);
#4202 = DIRECTION('',(0.,0.,1.));
#4203 = ORIENTED_EDGE('',*,*,#916,.T.);
#4204 = ORIENTED_EDGE('',*,*,#4172,.F.);
#4205 = ORIENTED_EDGE('',*,*,#4206,.F.);
#4206 = EDGE_CURVE('',#4197,#4173,#4207,.T.);
#4207 = LINE('',#4208,#4209);
#4208 = CARTESIAN_POINT('',(73.,3.,2.5));
#4209 = VECTOR('',#4210,1.);
#4210 = DIRECTION('',(0.,1.,0.));
#4211 = PLANE('',#4212);
#4212 = AXIS2_PLACEMENT_3D('',#4213,#4214,#4215);
#4213 = CARTESIAN_POINT('',(73.,3.,2.5));
#4214 = DIRECTION('',(-1.,0.,0.));
#4215 = DIRECTION('',(0.,1.,0.));
#4216 = ADVANCED_FACE('',(#4217),#4235,.T.);
#4217 = FACE_BOUND('',#4218,.T.);
#4218 = EDGE_LOOP('',(#4219,#4227,#4228,#4229));
#4219 = ORIENTED_EDGE('',*,*,#4220,.T.);
#4220 = EDGE_CURVE('',#4221,#925,#4223,.T.);
#4221 = VERTEX_POINT('',#4222);
#4222 = CARTESIAN_POINT('',(70.,0.,2.5));
#4223 = LINE('',#4224,#4225);
#4224 = CARTESIAN_POINT('',(70.,0.,2.5));
#4225 = VECTOR('',#4226,1.);
#4226 = DIRECTION('',(0.,0.,1.));
#4227 = ORIENTED_EDGE('',*,*,#924,.T.);
#4228 = ORIENTED_EDGE('',*,*,#4196,.F.);
#4229 = ORIENTED_EDGE('',*,*,#4230,.F.);
#4230 = EDGE_CURVE('',#4221,#4197,#4231,.T.);
#4231 = LINE('',#4232,#4233);
#4232 = CARTESIAN_POINT('',(70.,0.,2.5));
#4233 = VECTOR('',#4234,1.);
#4234 = DIRECTION('',(0.707106781187,0.707106781187,0.));
#4235 = PLANE('',#4236);
#4236 = AXIS2_PLACEMENT_3D('',#4237,#4238,#4239);
#4237 = CARTESIAN_POINT('',(70.,0.,2.5));
#4238 = DIRECTION('',(-0.707106781187,0.707106781187,0.));
#4239 = DIRECTION('',(0.707106781187,0.707106781187,0.));
#4240 = ADVANCED_FACE('',(#4241),#4259,.T.);
#4241 = FACE_BOUND('',#4242,.T.);
#4242 = EDGE_LOOP('',(#4243,#4251,#4252,#4253));
#4243 = ORIENTED_EDGE('',*,*,#4244,.T.);
#4244 = EDGE_CURVE('',#4245,#933,#4247,.T.);
#4245 = VERTEX_POINT('',#4246);
#4246 = CARTESIAN_POINT('',(54.,0.,2.5));
#4247 = LINE('',#4248,#4249);
#4248 = CARTESIAN_POINT('',(54.,0.,2.5));
#4249 = VECTOR('',#4250,1.);
#4250 = DIRECTION('',(0.,0.,1.));
#4251 = ORIENTED_EDGE('',*,*,#932,.T.);
#4252 = ORIENTED_EDGE('',*,*,#4220,.F.);
#4253 = ORIENTED_EDGE('',*,*,#4254,.F.);
#4254 = EDGE_CURVE('',#4245,#4221,#4255,.T.);
#4255 = LINE('',#4256,#4257);
#4256 = CARTESIAN_POINT('',(54.,0.,2.5));
#4257 = VECTOR('',#4258,1.);
#4258 = DIRECTION('',(1.,0.,0.));
#4259 = PLANE('',#4260);
#4260 = AXIS2_PLACEMENT_3D('',#4261,#4262,#4263);
#4261 = CARTESIAN_POINT('',(54.,0.,2.5));
#4262 = DIRECTION('',(0.,1.,0.));
#4263 = DIRECTION('',(1.,0.,0.));
#4264 = ADVANCED_FACE('',(#4265),#4283,.T.);
#4265 = FACE_BOUND('',#4266,.T.);
#4266 = EDGE_LOOP('',(#4267,#4275,#4276,#4277));
#4267 = ORIENTED_EDGE('',*,*,#4268,.T.);
#4268 = EDGE_CURVE('',#4269,#941,#4271,.T.);
#4269 = VERTEX_POINT('',#4270);
#4270 = CARTESIAN_POINT('',(52.,2.,2.5));
#4271 = LINE('',#4272,#4273);
#4272 = CARTESIAN_POINT('',(52.,2.,2.5));
#4273 = VECTOR('',#4274,1.);
#4274 = DIRECTION('',(0.,0.,1.));
#4275 = ORIENTED_EDGE('',*,*,#940,.T.);
#4276 = ORIENTED_EDGE('',*,*,#4244,.F.);
#4277 = ORIENTED_EDGE('',*,*,#4278,.F.);
#4278 = EDGE_CURVE('',#4269,#4245,#4279,.T.);
#4279 = LINE('',#4280,#4281);
#4280 = CARTESIAN_POINT('',(52.,2.,2.5));
#4281 = VECTOR('',#4282,1.);
#4282 = DIRECTION('',(0.707106781187,-0.707106781187,0.));
#4283 = PLANE('',#4284);
#4284 = AXIS2_PLACEMENT_3D('',#4285,#4286,#4287);
#4285 = CARTESIAN_POINT('',(52.,2.,2.5));
#4286 = DIRECTION('',(0.707106781187,0.707106781187,0.));
#4287 = DIRECTION('',(0.707106781187,-0.707106781187,0.));
#4288 = ADVANCED_FACE('',(#4289),#4307,.T.);
#4289 = FACE_BOUND('',#4290,.T.);
#4290 = EDGE_LOOP('',(#4291,#4299,#4300,#4301));
#4291 = ORIENTED_EDGE('',*,*,#4292,.T.);
#4292 = EDGE_CURVE('',#4293,#949,#4295,.T.);
#4293 = VERTEX_POINT('',#4294);
#4294 = CARTESIAN_POINT('',(52.,10.,2.5));
#4295 = LINE('',#4296,#4297);
#4296 = CARTESIAN_POINT('',(52.,10.,2.5));
#4297 = VECTOR('',#4298,1.);
#4298 = DIRECTION('',(0.,0.,1.));
#4299 = ORIENTED_EDGE('',*,*,#948,.T.);
#4300 = ORIENTED_EDGE('',*,*,#4268,.F.);
#4301 = ORIENTED_EDGE('',*,*,#4302,.F.);
#4302 = EDGE_CURVE('',#4293,#4269,#4303,.T.);
#4303 = LINE('',#4304,#4305);
#4304 = CARTESIAN_POINT('',(52.,10.,2.5));
#4305 = VECTOR('',#4306,1.);
#4306 = DIRECTION('',(0.,-1.,0.));
#4307 = PLANE('',#4308);
#4308 = AXIS2_PLACEMENT_3D('',#4309,#4310,#4311);
#4309 = CARTESIAN_POINT('',(52.,10.,2.5));
#4310 = DIRECTION('',(1.,0.,0.));
#4311 = DIRECTION('',(0.,-1.,0.));
#4312 = ADVANCED_FACE('',(#4313),#4331,.T.);
#4313 = FACE_BOUND('',#4314,.T.);
#4314 = EDGE_LOOP('',(#4315,#4323,#4324,#4325));
#4315 = ORIENTED_EDGE('',*,*,#4316,.T.);
#4316 = EDGE_CURVE('',#4317,#957,#4319,.T.);
#4317 = VERTEX_POINT('',#4318);
#4318 = CARTESIAN_POINT('',(47.,15.,2.5));
#4319 = LINE('',#4320,#4321);
#4320 = CARTESIAN_POINT('',(47.,15.,2.5));
#4321 = VECTOR('',#4322,1.);
#4322 = DIRECTION('',(0.,0.,1.));
#4323 = ORIENTED_EDGE('',*,*,#956,.T.);
#4324 = ORIENTED_EDGE('',*,*,#4292,.F.);
#4325 = ORIENTED_EDGE('',*,*,#4326,.F.);
#4326 = EDGE_CURVE('',#4317,#4293,#4327,.T.);
#4327 = LINE('',#4328,#4329);
#4328 = CARTESIAN_POINT('',(47.,15.,2.5));
#4329 = VECTOR('',#4330,1.);
#4330 = DIRECTION('',(0.707106781187,-0.707106781187,0.));
#4331 = PLANE('',#4332);
#4332 = AXIS2_PLACEMENT_3D('',#4333,#4334,#4335);
#4333 = CARTESIAN_POINT('',(47.,15.,2.5));
#4334 = DIRECTION('',(0.707106781187,0.707106781187,0.));
#4335 = DIRECTION('',(0.707106781187,-0.707106781187,0.));
#4336 = ADVANCED_FACE('',(#4337),#4378,.T.);
#4337 = FACE_BOUND('',#4338,.T.);
#4338 = EDGE_LOOP('',(#4339,#4340,#4346,#4347,#4348,#4356,#4364,#4372));
#4339 = ORIENTED_EDGE('',*,*,#1648,.F.);
#4340 = ORIENTED_EDGE('',*,*,#4341,.T.);
#4341 = EDGE_CURVE('',#1649,#965,#4342,.T.);
#4342 = LINE('',#4343,#4344);
#4343 = CARTESIAN_POINT('',(23.,15.,2.5));
#4344 = VECTOR('',#4345,1.);
#4345 = DIRECTION('',(0.,0.,1.));
#4346 = ORIENTED_EDGE('',*,*,#964,.T.);
#4347 = ORIENTED_EDGE('',*,*,#4316,.F.);
#4348 = ORIENTED_EDGE('',*,*,#4349,.F.);
#4349 = EDGE_CURVE('',#4350,#4317,#4352,.T.);
#4350 = VERTEX_POINT('',#4351);
#4351 = CARTESIAN_POINT('',(46.,15.,2.5));
#4352 = LINE('',#4353,#4354);
#4353 = CARTESIAN_POINT('',(23.,15.,2.5));
#4354 = VECTOR('',#4355,1.);
#4355 = DIRECTION('',(1.,0.,0.));
#4356 = ORIENTED_EDGE('',*,*,#4357,.T.);
#4357 = EDGE_CURVE('',#4350,#4358,#4360,.T.);
#4358 = VERTEX_POINT('',#4359);
#4359 = CARTESIAN_POINT('',(46.,15.,12.));
#4360 = LINE('',#4361,#4362);
#4361 = CARTESIAN_POINT('',(46.,15.,1.25));
#4362 = VECTOR('',#4363,1.);
#4363 = DIRECTION('',(0.,0.,1.));
#4364 = ORIENTED_EDGE('',*,*,#4365,.F.);
#4365 = EDGE_CURVE('',#4366,#4358,#4368,.T.);
#4366 = VERTEX_POINT('',#4367);
#4367 = CARTESIAN_POINT('',(24.,15.,12.));
#4368 = LINE('',#4369,#4370);
#4369 = CARTESIAN_POINT('',(74.,15.,12.));
#4370 = VECTOR('',#4371,1.);
#4371 = DIRECTION('',(1.,0.,0.));
#4372 = ORIENTED_EDGE('',*,*,#4373,.T.);
#4373 = EDGE_CURVE('',#4366,#1651,#4374,.T.);
#4374 = LINE('',#4375,#4376);
#4375 = CARTESIAN_POINT('',(24.,15.,1.25));
#4376 = VECTOR('',#4377,1.);
#4377 = DIRECTION('',(0.,0.,-1.));
#4378 = PLANE('',#4379);
#4379 = AXIS2_PLACEMENT_3D('',#4380,#4381,#4382);
#4380 = CARTESIAN_POINT('',(23.,15.,2.5));
#4381 = DIRECTION('',(0.,1.,0.));
#4382 = DIRECTION('',(1.,0.,0.));
#4383 = ADVANCED_FACE('',(#4384),#4395,.T.);
#4384 = FACE_BOUND('',#4385,.T.);
#4385 = EDGE_LOOP('',(#4386,#4392,#4393,#4394));
#4386 = ORIENTED_EDGE('',*,*,#4387,.T.);
#4387 = EDGE_CURVE('',#1859,#973,#4388,.T.);
#4388 = LINE('',#4389,#4390);
#4389 = CARTESIAN_POINT('',(18.,10.,2.5));
#4390 = VECTOR('',#4391,1.);
#4391 = DIRECTION('',(0.,0.,1.));
#4392 = ORIENTED_EDGE('',*,*,#972,.T.);
#4393 = ORIENTED_EDGE('',*,*,#4341,.F.);
#4394 = ORIENTED_EDGE('',*,*,#1866,.F.);
#4395 = PLANE('',#4396);
#4396 = AXIS2_PLACEMENT_3D('',#4397,#4398,#4399);
#4397 = CARTESIAN_POINT('',(18.,10.,2.5));
#4398 = DIRECTION('',(-0.707106781187,0.707106781187,0.));
#4399 = DIRECTION('',(0.707106781187,0.707106781187,0.));
#4400 = ADVANCED_FACE('',(#4401),#4412,.T.);
#4401 = FACE_BOUND('',#4402,.T.);
#4402 = EDGE_LOOP('',(#4403,#4409,#4410,#4411));
#4403 = ORIENTED_EDGE('',*,*,#4404,.T.);
#4404 = EDGE_CURVE('',#1851,#981,#4405,.T.);
#4405 = LINE('',#4406,#4407);
#4406 = CARTESIAN_POINT('',(0.,10.,2.5));
#4407 = VECTOR('',#4408,1.);
#4408 = DIRECTION('',(0.,0.,1.));
#4409 = ORIENTED_EDGE('',*,*,#980,.T.);
#4410 = ORIENTED_EDGE('',*,*,#4387,.F.);
#4411 = ORIENTED_EDGE('',*,*,#1858,.F.);
#4412 = PLANE('',#4413);
#4413 = AXIS2_PLACEMENT_3D('',#4414,#4415,#4416);
#4414 = CARTESIAN_POINT('',(0.,10.,2.5));
#4415 = DIRECTION('',(0.,1.,0.));
#4416 = DIRECTION('',(1.,0.,0.));
#4417 = ADVANCED_FACE('',(#4418),#4429,.F.);
#4418 = FACE_BOUND('',#4419,.F.);
#4419 = EDGE_LOOP('',(#4420,#4421,#4422,#4428));
#4420 = ORIENTED_EDGE('',*,*,#4404,.T.);
#4421 = ORIENTED_EDGE('',*,*,#988,.T.);
#4422 = ORIENTED_EDGE('',*,*,#4423,.F.);
#4423 = EDGE_CURVE('',#1843,#989,#4424,.T.);
#4424 = LINE('',#4425,#4426);
#4425 = CARTESIAN_POINT('',(-7.,13.,2.5));
#4426 = VECTOR('',#4427,1.);
#4427 = DIRECTION('',(0.,0.,1.));
#4428 = ORIENTED_EDGE('',*,*,#1850,.F.);
#4429 = PLANE('',#4430);
#4430 = AXIS2_PLACEMENT_3D('',#4431,#4432,#4433);
#4431 = CARTESIAN_POINT('',(0.,10.,2.5));
#4432 = DIRECTION('',(-0.393919298579,-0.919145030018,0.));
#4433 = DIRECTION('',(-0.919145030018,0.393919298579,0.));
#4434 = ADVANCED_FACE('',(#4435),#4446,.F.);
#4435 = FACE_BOUND('',#4436,.F.);
#4436 = EDGE_LOOP('',(#4437,#4438,#4439,#4445));
#4437 = ORIENTED_EDGE('',*,*,#4423,.T.);
#4438 = ORIENTED_EDGE('',*,*,#996,.T.);
#4439 = ORIENTED_EDGE('',*,*,#4440,.F.);
#4440 = EDGE_CURVE('',#1835,#997,#4441,.T.);
#4441 = LINE('',#4442,#4443);
#4442 = CARTESIAN_POINT('',(-15.,13.,2.5));
#4443 = VECTOR('',#4444,1.);
#4444 = DIRECTION('',(0.,0.,1.));
#4445 = ORIENTED_EDGE('',*,*,#1842,.F.);
#4446 = PLANE('',#4447);
#4447 = AXIS2_PLACEMENT_3D('',#4448,#4449,#4450);
#4448 = CARTESIAN_POINT('',(-7.,13.,2.5));
#4449 = DIRECTION('',(0.,-1.,0.));
#4450 = DIRECTION('',(-1.,0.,0.));
#4451 = ADVANCED_FACE('',(#4452),#4463,.F.);
#4452 = FACE_BOUND('',#4453,.F.);
#4453 = EDGE_LOOP('',(#4454,#4455,#4456,#4462));
#4454 = ORIENTED_EDGE('',*,*,#4440,.T.);
#4455 = ORIENTED_EDGE('',*,*,#1004,.T.);
#4456 = ORIENTED_EDGE('',*,*,#4457,.F.);
#4457 = EDGE_CURVE('',#1827,#1005,#4458,.T.);
#4458 = LINE('',#4459,#4460);
#4459 = CARTESIAN_POINT('',(-21.,10.,2.5));
#4460 = VECTOR('',#4461,1.);
#4461 = DIRECTION('',(0.,0.,1.));
#4462 = ORIENTED_EDGE('',*,*,#1834,.F.);
#4463 = PLANE('',#4464);
#4464 = AXIS2_PLACEMENT_3D('',#4465,#4466,#4467);
#4465 = CARTESIAN_POINT('',(-15.,13.,2.5));
#4466 = DIRECTION('',(0.4472135955,-0.894427191,0.));
#4467 = DIRECTION('',(-0.894427191,-0.4472135955,0.));
#4468 = ADVANCED_FACE('',(#4469),#4480,.F.);
#4469 = FACE_BOUND('',#4470,.F.);
#4470 = EDGE_LOOP('',(#4471,#4472,#4473,#4479));
#4471 = ORIENTED_EDGE('',*,*,#4457,.T.);
#4472 = ORIENTED_EDGE('',*,*,#1012,.T.);
#4473 = ORIENTED_EDGE('',*,*,#4474,.F.);
#4474 = EDGE_CURVE('',#1819,#1013,#4475,.T.);
#4475 = LINE('',#4476,#4477);
#4476 = CARTESIAN_POINT('',(-25.,10.,2.5));
#4477 = VECTOR('',#4478,1.);
#4478 = DIRECTION('',(0.,0.,1.));
#4479 = ORIENTED_EDGE('',*,*,#1826,.F.);
#4480 = PLANE('',#4481);
#4481 = AXIS2_PLACEMENT_3D('',#4482,#4483,#4484);
#4482 = CARTESIAN_POINT('',(-21.,10.,2.5));
#4483 = DIRECTION('',(0.,-1.,0.));
#4484 = DIRECTION('',(-1.,0.,0.));
#4485 = ADVANCED_FACE('',(#4486),#4497,.F.);
#4486 = FACE_BOUND('',#4487,.F.);
#4487 = EDGE_LOOP('',(#4488,#4489,#4490,#4496));
#4488 = ORIENTED_EDGE('',*,*,#4474,.T.);
#4489 = ORIENTED_EDGE('',*,*,#1020,.T.);
#4490 = ORIENTED_EDGE('',*,*,#4491,.F.);
#4491 = EDGE_CURVE('',#1811,#1021,#4492,.T.);
#4492 = LINE('',#4493,#4494);
#4493 = CARTESIAN_POINT('',(-29.,12.,2.5));
#4494 = VECTOR('',#4495,1.);
#4495 = DIRECTION('',(0.,0.,1.));
#4496 = ORIENTED_EDGE('',*,*,#1818,.F.);
#4497 = PLANE('',#4498);
#4498 = AXIS2_PLACEMENT_3D('',#4499,#4500,#4501);
#4499 = CARTESIAN_POINT('',(-25.,10.,2.5));
#4500 = DIRECTION('',(-0.4472135955,-0.894427191,0.));
#4501 = DIRECTION('',(-0.894427191,0.4472135955,0.));
#4502 = ADVANCED_FACE('',(#4503),#4514,.F.);
#4503 = FACE_BOUND('',#4504,.F.);
#4504 = EDGE_LOOP('',(#4505,#4506,#4507,#4513));
#4505 = ORIENTED_EDGE('',*,*,#4491,.T.);
#4506 = ORIENTED_EDGE('',*,*,#1028,.T.);
#4507 = ORIENTED_EDGE('',*,*,#4508,.F.);
#4508 = EDGE_CURVE('',#1803,#1029,#4509,.T.);
#4509 = LINE('',#4510,#4511);
#4510 = CARTESIAN_POINT('',(-32.,16.,2.5));
#4511 = VECTOR('',#4512,1.);
#4512 = DIRECTION('',(0.,0.,1.));
#4513 = ORIENTED_EDGE('',*,*,#1810,.F.);
#4514 = PLANE('',#4515);
#4515 = AXIS2_PLACEMENT_3D('',#4516,#4517,#4518);
#4516 = CARTESIAN_POINT('',(-29.,12.,2.5));
#4517 = DIRECTION('',(-0.8,-0.6,0.));
#4518 = DIRECTION('',(-0.6,0.8,0.));
#4519 = ADVANCED_FACE('',(#4520),#4531,.F.);
#4520 = FACE_BOUND('',#4521,.F.);
#4521 = EDGE_LOOP('',(#4522,#4523,#4524,#4530));
#4522 = ORIENTED_EDGE('',*,*,#4508,.T.);
#4523 = ORIENTED_EDGE('',*,*,#1036,.T.);
#4524 = ORIENTED_EDGE('',*,*,#4525,.F.);
#4525 = EDGE_CURVE('',#1795,#1037,#4526,.T.);
#4526 = LINE('',#4527,#4528);
#4527 = CARTESIAN_POINT('',(-32.5,20.,2.5));
#4528 = VECTOR('',#4529,1.);
#4529 = DIRECTION('',(0.,0.,1.));
#4530 = ORIENTED_EDGE('',*,*,#1802,.F.);
#4531 = PLANE('',#4532);
#4532 = AXIS2_PLACEMENT_3D('',#4533,#4534,#4535);
#4533 = CARTESIAN_POINT('',(-32.,16.,2.5));
#4534 = DIRECTION('',(-0.992277876714,-0.124034734589,0.));
#4535 = DIRECTION('',(-0.124034734589,0.992277876714,0.));
#4536 = ADVANCED_FACE('',(#4537),#4548,.F.);
#4537 = FACE_BOUND('',#4538,.F.);
#4538 = EDGE_LOOP('',(#4539,#4540,#4541,#4547));
#4539 = ORIENTED_EDGE('',*,*,#4525,.T.);
#4540 = ORIENTED_EDGE('',*,*,#1044,.T.);
#4541 = ORIENTED_EDGE('',*,*,#4542,.F.);
#4542 = EDGE_CURVE('',#1787,#1045,#4543,.T.);
#4543 = LINE('',#4544,#4545);
#4544 = CARTESIAN_POINT('',(-31.,26.,2.5));
#4545 = VECTOR('',#4546,1.);
#4546 = DIRECTION('',(0.,0.,1.));
#4547 = ORIENTED_EDGE('',*,*,#1794,.F.);
#4548 = PLANE('',#4549);
#4549 = AXIS2_PLACEMENT_3D('',#4550,#4551,#4552);
#4550 = CARTESIAN_POINT('',(-32.5,20.,2.5));
#4551 = DIRECTION('',(-0.970142500145,0.242535625036,0.));
#4552 = DIRECTION('',(0.242535625036,0.970142500145,0.));
#4553 = ADVANCED_FACE('',(#4554),#4565,.F.);
#4554 = FACE_BOUND('',#4555,.F.);
#4555 = EDGE_LOOP('',(#4556,#4557,#4558,#4564));
#4556 = ORIENTED_EDGE('',*,*,#4542,.T.);
#4557 = ORIENTED_EDGE('',*,*,#1052,.T.);
#4558 = ORIENTED_EDGE('',*,*,#4559,.F.);
#4559 = EDGE_CURVE('',#1779,#1053,#4560,.T.);
#4560 = LINE('',#4561,#4562);
#4561 = CARTESIAN_POINT('',(-26.,29.,2.5));
#4562 = VECTOR('',#4563,1.);
#4563 = DIRECTION('',(0.,0.,1.));
#4564 = ORIENTED_EDGE('',*,*,#1786,.F.);
#4565 = PLANE('',#4566);
#4566 = AXIS2_PLACEMENT_3D('',#4567,#4568,#4569);
#4567 = CARTESIAN_POINT('',(-31.,26.,2.5));
#4568 = DIRECTION('',(-0.514495755428,0.857492925713,0.));
#4569 = DIRECTION('',(0.857492925713,0.514495755428,0.));
#4570 = ADVANCED_FACE('',(#4571),#4582,.F.);
#4571 = FACE_BOUND('',#4572,.F.);
#4572 = EDGE_LOOP('',(#4573,#4574,#4575,#4581));
#4573 = ORIENTED_EDGE('',*,*,#4559,.T.);
#4574 = ORIENTED_EDGE('',*,*,#1060,.T.);
#4575 = ORIENTED_EDGE('',*,*,#4576,.F.);
#4576 = EDGE_CURVE('',#1771,#1061,#4577,.T.);
#4577 = LINE('',#4578,#4579);
#4578 = CARTESIAN_POINT('',(-12.,30.,2.5));
#4579 = VECTOR('',#4580,1.);
#4580 = DIRECTION('',(0.,0.,1.));
#4581 = ORIENTED_EDGE('',*,*,#1778,.F.);
#4582 = PLANE('',#4583);
#4583 = AXIS2_PLACEMENT_3D('',#4584,#4585,#4586);
#4584 = CARTESIAN_POINT('',(-26.,29.,2.5));
#4585 = DIRECTION('',(-7.124704998791E-02,0.997458699831,0.));
#4586 = DIRECTION('',(0.997458699831,7.124704998791E-02,0.));
#4587 = ADVANCED_FACE('',(#4588),#4622,.F.);
#4588 = FACE_BOUND('',#4589,.F.);
#4589 = EDGE_LOOP('',(#4590,#4591,#4592,#4593,#4601,#4609,#4615,#4616));
#4590 = ORIENTED_EDGE('',*,*,#1770,.F.);
#4591 = ORIENTED_EDGE('',*,*,#4576,.T.);
#4592 = ORIENTED_EDGE('',*,*,#1068,.T.);
#4593 = ORIENTED_EDGE('',*,*,#4594,.F.);
#4594 = EDGE_CURVE('',#4595,#1069,#4597,.T.);
#4595 = VERTEX_POINT('',#4596);
#4596 = CARTESIAN_POINT('',(-12.,56.,17.));
#4597 = LINE('',#4598,#4599);
#4598 = CARTESIAN_POINT('',(-12.,56.,20.75));
#4599 = VECTOR('',#4600,1.);
#4600 = DIRECTION('',(0.,0.,1.));
#4601 = ORIENTED_EDGE('',*,*,#4602,.F.);
#4602 = EDGE_CURVE('',#4603,#4595,#4605,.T.);
#4603 = VERTEX_POINT('',#4604);
#4604 = CARTESIAN_POINT('',(-12.,60.,17.));
#4605 = LINE('',#4606,#4607);
#4606 = CARTESIAN_POINT('',(-12.,43.,17.));
#4607 = VECTOR('',#4608,1.);
#4608 = DIRECTION('',(-0.,-1.,-0.));
#4609 = ORIENTED_EDGE('',*,*,#4610,.F.);
#4610 = EDGE_CURVE('',#1093,#4603,#4611,.T.);
#4611 = LINE('',#4612,#4613);
#4612 = CARTESIAN_POINT('',(-12.,60.,9.75));
#4613 = VECTOR('',#4614,1.);
#4614 = DIRECTION('',(0.,0.,-1.));
#4615 = ORIENTED_EDGE('',*,*,#1100,.T.);
#4616 = ORIENTED_EDGE('',*,*,#4617,.F.);
#4617 = EDGE_CURVE('',#1763,#1101,#4618,.T.);
#4618 = LINE('',#4619,#4620);
#4619 = CARTESIAN_POINT('',(-12.,83.,2.5));
#4620 = VECTOR('',#4621,1.);
#4621 = DIRECTION('',(0.,0.,1.));
#4622 = PLANE('',#4623);
#4623 = AXIS2_PLACEMENT_3D('',#4624,#4625,#4626);
#4624 = CARTESIAN_POINT('',(-12.,30.,2.5));
#4625 = DIRECTION('',(-1.,0.,0.));
#4626 = DIRECTION('',(0.,1.,0.));
#4627 = ADVANCED_FACE('',(#4628),#4646,.T.);
#4628 = FACE_BOUND('',#4629,.T.);
#4629 = EDGE_LOOP('',(#4630,#4638,#4639,#4640));
#4630 = ORIENTED_EDGE('',*,*,#4631,.F.);
#4631 = EDGE_CURVE('',#1077,#4632,#4634,.T.);
#4632 = VERTEX_POINT('',#4633);
#4633 = CARTESIAN_POINT('',(0.,56.,17.));
#4634 = LINE('',#4635,#4636);
#4635 = CARTESIAN_POINT('',(0.,56.,39.));
#4636 = VECTOR('',#4637,1.);
#4637 = DIRECTION('',(0.,0.,-1.));
#4638 = ORIENTED_EDGE('',*,*,#1076,.T.);
#4639 = ORIENTED_EDGE('',*,*,#4594,.F.);
#4640 = ORIENTED_EDGE('',*,*,#4641,.F.);
#4641 = EDGE_CURVE('',#4632,#4595,#4642,.T.);
#4642 = LINE('',#4643,#4644);
#4643 = CARTESIAN_POINT('',(0.,56.,17.));
#4644 = VECTOR('',#4645,1.);
#4645 = DIRECTION('',(-1.,-0.,-0.));
#4646 = PLANE('',#4647);
#4647 = AXIS2_PLACEMENT_3D('',#4648,#4649,#4650);
#4648 = CARTESIAN_POINT('',(0.,56.,39.));
#4649 = DIRECTION('',(0.,-1.,0.));
#4650 = DIRECTION('',(0.,0.,-1.));
#4651 = ADVANCED_FACE('',(#4652),#4670,.T.);
#4652 = FACE_BOUND('',#4653,.T.);
#4653 = EDGE_LOOP('',(#4654,#4655,#4656,#4664));
#4654 = ORIENTED_EDGE('',*,*,#1084,.T.);
#4655 = ORIENTED_EDGE('',*,*,#4631,.T.);
#4656 = ORIENTED_EDGE('',*,*,#4657,.T.);
#4657 = EDGE_CURVE('',#4632,#4658,#4660,.T.);
#4658 = VERTEX_POINT('',#4659);
#4659 = CARTESIAN_POINT('',(0.,60.,17.));
#4660 = LINE('',#4661,#4662);
#4661 = CARTESIAN_POINT('',(0.,56.,17.));
#4662 = VECTOR('',#4663,1.);
#4663 = DIRECTION('',(0.,1.,0.));
#4664 = ORIENTED_EDGE('',*,*,#4665,.T.);
#4665 = EDGE_CURVE('',#4658,#1085,#4666,.T.);
#4666 = LINE('',#4667,#4668);
#4667 = CARTESIAN_POINT('',(0.,60.,17.));
#4668 = VECTOR('',#4669,1.);
#4669 = DIRECTION('',(0.,0.,1.));
#4670 = PLANE('',#4671);
#4671 = AXIS2_PLACEMENT_3D('',#4672,#4673,#4674);
#4672 = CARTESIAN_POINT('',(0.,58.,28.));
#4673 = DIRECTION('',(1.,0.,0.));
#4674 = DIRECTION('',(0.,0.,1.));
#4675 = ADVANCED_FACE('',(#4676),#4687,.T.);
#4676 = FACE_BOUND('',#4677,.T.);
#4677 = EDGE_LOOP('',(#4678,#4684,#4685,#4686));
#4678 = ORIENTED_EDGE('',*,*,#4679,.T.);
#4679 = EDGE_CURVE('',#4658,#4603,#4680,.T.);
#4680 = LINE('',#4681,#4682);
#4681 = CARTESIAN_POINT('',(0.,60.,17.));
#4682 = VECTOR('',#4683,1.);
#4683 = DIRECTION('',(-1.,-0.,-0.));
#4684 = ORIENTED_EDGE('',*,*,#4610,.F.);
#4685 = ORIENTED_EDGE('',*,*,#1092,.F.);
#4686 = ORIENTED_EDGE('',*,*,#4665,.F.);
#4687 = PLANE('',#4688);
#4688 = AXIS2_PLACEMENT_3D('',#4689,#4690,#4691);
#4689 = CARTESIAN_POINT('',(0.,60.,17.));
#4690 = DIRECTION('',(0.,1.,0.));
#4691 = DIRECTION('',(0.,0.,1.));
#4692 = ADVANCED_FACE('',(#4693),#4704,.F.);
#4693 = FACE_BOUND('',#4694,.F.);
#4694 = EDGE_LOOP('',(#4695,#4696,#4697,#4703));
#4695 = ORIENTED_EDGE('',*,*,#4617,.T.);
#4696 = ORIENTED_EDGE('',*,*,#1108,.T.);
#4697 = ORIENTED_EDGE('',*,*,#4698,.F.);
#4698 = EDGE_CURVE('',#1755,#1109,#4699,.T.);
#4699 = LINE('',#4700,#4701);
#4700 = CARTESIAN_POINT('',(-13.,86.,2.5));
#4701 = VECTOR('',#4702,1.);
#4702 = DIRECTION('',(0.,0.,1.));
#4703 = ORIENTED_EDGE('',*,*,#1762,.F.);
#4704 = PLANE('',#4705);
#4705 = AXIS2_PLACEMENT_3D('',#4706,#4707,#4708);
#4706 = CARTESIAN_POINT('',(-12.,83.,2.5));
#4707 = DIRECTION('',(-0.948683298051,-0.316227766017,0.));
#4708 = DIRECTION('',(-0.316227766017,0.948683298051,0.));
#4709 = ADVANCED_FACE('',(#4710),#4721,.F.);
#4710 = FACE_BOUND('',#4711,.F.);
#4711 = EDGE_LOOP('',(#4712,#4713,#4714,#4720));
#4712 = ORIENTED_EDGE('',*,*,#4698,.T.);
#4713 = ORIENTED_EDGE('',*,*,#1116,.T.);
#4714 = ORIENTED_EDGE('',*,*,#4715,.F.);
#4715 = EDGE_CURVE('',#1747,#1117,#4716,.T.);
#4716 = LINE('',#4717,#4718);
#4717 = CARTESIAN_POINT('',(-12.,92.,2.5));
#4718 = VECTOR('',#4719,1.);
#4719 = DIRECTION('',(0.,0.,1.));
#4720 = ORIENTED_EDGE('',*,*,#1754,.F.);
#4721 = PLANE('',#4722);
#4722 = AXIS2_PLACEMENT_3D('',#4723,#4724,#4725);
#4723 = CARTESIAN_POINT('',(-13.,86.,2.5));
#4724 = DIRECTION('',(-0.986393923832,0.164398987305,0.));
#4725 = DIRECTION('',(0.164398987305,0.986393923832,0.));
#4726 = ADVANCED_FACE('',(#4727),#4738,.F.);
#4727 = FACE_BOUND('',#4728,.F.);
#4728 = EDGE_LOOP('',(#4729,#4730,#4731,#4737));
#4729 = ORIENTED_EDGE('',*,*,#4715,.T.);
#4730 = ORIENTED_EDGE('',*,*,#1124,.T.);
#4731 = ORIENTED_EDGE('',*,*,#4732,.F.);
#4732 = EDGE_CURVE('',#1739,#1125,#4733,.T.);
#4733 = LINE('',#4734,#4735);
#4734 = CARTESIAN_POINT('',(-12.,93.,2.5));
#4735 = VECTOR('',#4736,1.);
#4736 = DIRECTION('',(0.,0.,1.));
#4737 = ORIENTED_EDGE('',*,*,#1746,.F.);
#4738 = PLANE('',#4739);
#4739 = AXIS2_PLACEMENT_3D('',#4740,#4741,#4742);
#4740 = CARTESIAN_POINT('',(-12.,92.,2.5));
#4741 = DIRECTION('',(-1.,0.,0.));
#4742 = DIRECTION('',(0.,1.,0.));
#4743 = ADVANCED_FACE('',(#4744),#4750,.F.);
#4744 = FACE_BOUND('',#4745,.F.);
#4745 = EDGE_LOOP('',(#4746,#4747,#4748,#4749));
#4746 = ORIENTED_EDGE('',*,*,#4732,.T.);
#4747 = ORIENTED_EDGE('',*,*,#1132,.T.);
#4748 = ORIENTED_EDGE('',*,*,#1589,.F.);
#4749 = ORIENTED_EDGE('',*,*,#1738,.F.);
#4750 = PLANE('',#4751);
#4751 = AXIS2_PLACEMENT_3D('',#4752,#4753,#4754);
#4752 = CARTESIAN_POINT('',(-12.,93.,2.5));
#4753 = DIRECTION('',(-0.640184399664,-0.768221279597,0.));
#4754 = DIRECTION('',(-0.768221279597,0.640184399664,0.));
#4755 = ADVANCED_FACE('',(#4756),#4762,.T.);
#4756 = FACE_BOUND('',#4757,.T.);
#4757 = EDGE_LOOP('',(#4758,#4759,#4760,#4761));
#4758 = ORIENTED_EDGE('',*,*,#1566,.F.);
#4759 = ORIENTED_EDGE('',*,*,#1529,.T.);
#4760 = ORIENTED_EDGE('',*,*,#1148,.T.);
#4761 = ORIENTED_EDGE('',*,*,#1596,.F.);
#4762 = PLANE('',#4763);
#4763 = AXIS2_PLACEMENT_3D('',#4764,#4765,#4766);
#4764 = CARTESIAN_POINT('',(-37.,95.,2.5));
#4765 = DIRECTION('',(-0.707106781187,0.707106781187,0.));
#4766 = DIRECTION('',(0.707106781187,0.707106781187,0.));
#4767 = ADVANCED_FACE('',(#4768),#4774,.F.);
#4768 = FACE_BOUND('',#4769,.F.);
#4769 = EDGE_LOOP('',(#4770,#4771,#4772,#4773));
#4770 = ORIENTED_EDGE('',*,*,#1164,.F.);
#4771 = ORIENTED_EDGE('',*,*,#1451,.T.);
#4772 = ORIENTED_EDGE('',*,*,#1428,.F.);
#4773 = ORIENTED_EDGE('',*,*,#1522,.F.);
#4774 = PLANE('',#4775);
#4775 = AXIS2_PLACEMENT_3D('',#4776,#4777,#4778);
#4776 = CARTESIAN_POINT('',(-38.,82.,47.));
#4777 = DIRECTION('',(0.,1.,0.));
#4778 = DIRECTION('',(0.,0.,-1.));
#4779 = ADVANCED_FACE('',(#4780),#4816,.F.);
#4780 = FACE_BOUND('',#4781,.F.);
#4781 = EDGE_LOOP('',(#4782,#4783,#4791,#4797,#4798,#4799,#4800,#4801,
    #4802,#4810));
#4782 = ORIENTED_EDGE('',*,*,#1183,.F.);
#4783 = ORIENTED_EDGE('',*,*,#4784,.T.);
#4784 = EDGE_CURVE('',#1184,#4785,#4787,.T.);
#4785 = VERTEX_POINT('',#4786);
#4786 = CARTESIAN_POINT('',(-18.6,77.100001,24.4));
#4787 = LINE('',#4788,#4789);
#4788 = CARTESIAN_POINT('',(-18.6,77.100001,41.));
#4789 = VECTOR('',#4790,1.);
#4790 = DIRECTION('',(-0.,-0.,-1.));
#4791 = ORIENTED_EDGE('',*,*,#4792,.T.);
#4792 = EDGE_CURVE('',#4785,#1982,#4793,.T.);
#4793 = LINE('',#4794,#4795);
#4794 = CARTESIAN_POINT('',(-18.6,77.100001,24.4));
#4795 = VECTOR('',#4796,1.);
#4796 = DIRECTION('',(0.,-1.,0.));
#4797 = ORIENTED_EDGE('',*,*,#1981,.T.);
#4798 = ORIENTED_EDGE('',*,*,#1931,.T.);
#4799 = ORIENTED_EDGE('',*,*,#2021,.T.);
#4800 = ORIENTED_EDGE('',*,*,#2046,.F.);
#4801 = ORIENTED_EDGE('',*,*,#1962,.T.);
#4802 = ORIENTED_EDGE('',*,*,#4803,.T.);
#4803 = EDGE_CURVE('',#1965,#4804,#4806,.T.);
#4804 = VERTEX_POINT('',#4805);
#4805 = CARTESIAN_POINT('',(-18.6,66.900001,24.4));
#4806 = LINE('',#4807,#4808);
#4807 = CARTESIAN_POINT('',(-18.6,77.100001,24.4));
#4808 = VECTOR('',#4809,1.);
#4809 = DIRECTION('',(0.,-1.,0.));
#4810 = ORIENTED_EDGE('',*,*,#4811,.F.);
#4811 = EDGE_CURVE('',#1186,#4804,#4812,.T.);
#4812 = LINE('',#4813,#4814);
#4813 = CARTESIAN_POINT('',(-18.6,66.900001,41.));
#4814 = VECTOR('',#4815,1.);
#4815 = DIRECTION('',(-0.,-0.,-1.));
#4816 = PLANE('',#4817);
#4817 = AXIS2_PLACEMENT_3D('',#4818,#4819,#4820);
#4818 = CARTESIAN_POINT('',(-18.6,77.100001,41.));
#4819 = DIRECTION('',(-1.,0.,0.));
#4820 = DIRECTION('',(0.,-1.,0.));
#4821 = ADVANCED_FACE('',(#4822),#4840,.F.);
#4822 = FACE_BOUND('',#4823,.F.);
#4823 = EDGE_LOOP('',(#4824,#4825,#4833,#4839));
#4824 = ORIENTED_EDGE('',*,*,#1193,.F.);
#4825 = ORIENTED_EDGE('',*,*,#4826,.T.);
#4826 = EDGE_CURVE('',#1194,#4827,#4829,.T.);
#4827 = VERTEX_POINT('',#4828);
#4828 = CARTESIAN_POINT('',(-13.4,77.100001,24.4));
#4829 = LINE('',#4830,#4831);
#4830 = CARTESIAN_POINT('',(-13.4,77.100001,41.));
#4831 = VECTOR('',#4832,1.);
#4832 = DIRECTION('',(-0.,-0.,-1.));
#4833 = ORIENTED_EDGE('',*,*,#4834,.T.);
#4834 = EDGE_CURVE('',#4827,#4785,#4835,.T.);
#4835 = LINE('',#4836,#4837);
#4836 = CARTESIAN_POINT('',(-13.4,77.100001,24.4));
#4837 = VECTOR('',#4838,1.);
#4838 = DIRECTION('',(-1.,0.,0.));
#4839 = ORIENTED_EDGE('',*,*,#4784,.F.);
#4840 = PLANE('',#4841);
#4841 = AXIS2_PLACEMENT_3D('',#4842,#4843,#4844);
#4842 = CARTESIAN_POINT('',(-13.4,77.100001,41.));
#4843 = DIRECTION('',(0.,1.,0.));
#4844 = DIRECTION('',(-1.,0.,0.));
#4845 = ADVANCED_FACE('',(#4846),#4864,.F.);
#4846 = FACE_BOUND('',#4847,.F.);
#4847 = EDGE_LOOP('',(#4848,#4849,#4857,#4863));
#4848 = ORIENTED_EDGE('',*,*,#1201,.F.);
#4849 = ORIENTED_EDGE('',*,*,#4850,.T.);
#4850 = EDGE_CURVE('',#1202,#4851,#4853,.T.);
#4851 = VERTEX_POINT('',#4852);
#4852 = CARTESIAN_POINT('',(-13.4,66.900001,24.4));
#4853 = LINE('',#4854,#4855);
#4854 = CARTESIAN_POINT('',(-13.4,66.900001,41.));
#4855 = VECTOR('',#4856,1.);
#4856 = DIRECTION('',(-0.,-0.,-1.));
#4857 = ORIENTED_EDGE('',*,*,#4858,.T.);
#4858 = EDGE_CURVE('',#4851,#4827,#4859,.T.);
#4859 = LINE('',#4860,#4861);
#4860 = CARTESIAN_POINT('',(-13.4,66.900001,24.4));
#4861 = VECTOR('',#4862,1.);
#4862 = DIRECTION('',(0.,1.,0.));
#4863 = ORIENTED_EDGE('',*,*,#4826,.F.);
#4864 = PLANE('',#4865);
#4865 = AXIS2_PLACEMENT_3D('',#4866,#4867,#4868);
#4866 = CARTESIAN_POINT('',(-13.4,66.900001,41.));
#4867 = DIRECTION('',(1.,0.,0.));
#4868 = DIRECTION('',(0.,1.,0.));
#4869 = ADVANCED_FACE('',(#4870),#4881,.F.);
#4870 = FACE_BOUND('',#4871,.F.);
#4871 = EDGE_LOOP('',(#4872,#4873,#4874,#4880));
#4872 = ORIENTED_EDGE('',*,*,#1209,.F.);
#4873 = ORIENTED_EDGE('',*,*,#4811,.T.);
#4874 = ORIENTED_EDGE('',*,*,#4875,.T.);
#4875 = EDGE_CURVE('',#4804,#4851,#4876,.T.);
#4876 = LINE('',#4877,#4878);
#4877 = CARTESIAN_POINT('',(-18.6,66.900001,24.4));
#4878 = VECTOR('',#4879,1.);
#4879 = DIRECTION('',(1.,0.,0.));
#4880 = ORIENTED_EDGE('',*,*,#4850,.F.);
#4881 = PLANE('',#4882);
#4882 = AXIS2_PLACEMENT_3D('',#4883,#4884,#4885);
#4883 = CARTESIAN_POINT('',(-18.6,66.900001,41.));
#4884 = DIRECTION('',(0.,-1.,0.));
#4885 = DIRECTION('',(1.,0.,0.));
#4886 = ADVANCED_FACE('',(#4887),#4963,.F.);
#4887 = FACE_BOUND('',#4888,.F.);
#4888 = EDGE_LOOP('',(#4889,#4890,#4898,#4906,#4915,#4923,#4932,#4940,
    #4949,#4957));
#4889 = ORIENTED_EDGE('',*,*,#1217,.F.);
#4890 = ORIENTED_EDGE('',*,*,#4891,.T.);
#4891 = EDGE_CURVE('',#1218,#4892,#4894,.T.);
#4892 = VERTEX_POINT('',#4893);
#4893 = CARTESIAN_POINT('',(-18.6,49.100001,24.4));
#4894 = LINE('',#4895,#4896);
#4895 = CARTESIAN_POINT('',(-18.6,49.100001,41.));
#4896 = VECTOR('',#4897,1.);
#4897 = DIRECTION('',(-0.,-0.,-1.));
#4898 = ORIENTED_EDGE('',*,*,#4899,.T.);
#4899 = EDGE_CURVE('',#4892,#4900,#4902,.T.);
#4900 = VERTEX_POINT('',#4901);
#4901 = CARTESIAN_POINT('',(-18.6,46.343074731332,24.4));
#4902 = LINE('',#4903,#4904);
#4903 = CARTESIAN_POINT('',(-18.6,49.100001,24.4));
#4904 = VECTOR('',#4905,1.);
#4905 = DIRECTION('',(0.,-1.,0.));
#4906 = ORIENTED_EDGE('',*,*,#4907,.T.);
#4907 = EDGE_CURVE('',#4900,#4908,#4910,.T.);
#4908 = VERTEX_POINT('',#4909);
#4909 = CARTESIAN_POINT('',(-18.6,47.499999232051,26.999999462436));
#4910 = CIRCLE('',#4911,3.5);
#4911 = AXIS2_PLACEMENT_3D('',#4912,#4913,#4914);
#4912 = CARTESIAN_POINT('',(-18.6,43.999999232051,26.999999462436));
#4913 = DIRECTION('',(1.,0.,0.));
#4914 = DIRECTION('',(0.,1.,0.));
#4915 = ORIENTED_EDGE('',*,*,#4916,.T.);
#4916 = EDGE_CURVE('',#4908,#4917,#4919,.T.);
#4917 = VERTEX_POINT('',#4918);
#4918 = CARTESIAN_POINT('',(-18.6,47.499999232051,32.000000537564));
#4919 = LINE('',#4920,#4921);
#4920 = CARTESIAN_POINT('',(-18.6,47.499999232051,36.500000268782));
#4921 = VECTOR('',#4922,1.);
#4922 = DIRECTION('',(0.,0.,1.));
#4923 = ORIENTED_EDGE('',*,*,#4924,.T.);
#4924 = EDGE_CURVE('',#4917,#4925,#4927,.T.);
#4925 = VERTEX_POINT('',#4926);
#4926 = CARTESIAN_POINT('',(-18.6,40.499999232051,32.000000537564));
#4927 = CIRCLE('',#4928,3.5);
#4928 = AXIS2_PLACEMENT_3D('',#4929,#4930,#4931);
#4929 = CARTESIAN_POINT('',(-18.6,43.999999232051,32.000000537564));
#4930 = DIRECTION('',(1.,0.,0.));
#4931 = DIRECTION('',(0.,1.,0.));
#4932 = ORIENTED_EDGE('',*,*,#4933,.F.);
#4933 = EDGE_CURVE('',#4934,#4925,#4936,.T.);
#4934 = VERTEX_POINT('',#4935);
#4935 = CARTESIAN_POINT('',(-18.6,40.499999232051,26.999999462436));
#4936 = LINE('',#4937,#4938);
#4937 = CARTESIAN_POINT('',(-18.6,40.499999232051,36.500000268782));
#4938 = VECTOR('',#4939,1.);
#4939 = DIRECTION('',(0.,-7.11E-15,1.));
#4940 = ORIENTED_EDGE('',*,*,#4941,.T.);
#4941 = EDGE_CURVE('',#4934,#4942,#4944,.T.);
#4942 = VERTEX_POINT('',#4943);
#4943 = CARTESIAN_POINT('',(-18.6,41.656923732769,24.4));
#4944 = CIRCLE('',#4945,3.5);
#4945 = AXIS2_PLACEMENT_3D('',#4946,#4947,#4948);
#4946 = CARTESIAN_POINT('',(-18.6,43.999999232051,26.999999462436));
#4947 = DIRECTION('',(1.,0.,0.));
#4948 = DIRECTION('',(0.,1.,0.));
#4949 = ORIENTED_EDGE('',*,*,#4950,.T.);
#4950 = EDGE_CURVE('',#4942,#4951,#4953,.T.);
#4951 = VERTEX_POINT('',#4952);
#4952 = CARTESIAN_POINT('',(-18.6,38.900001,24.4));
#4953 = LINE('',#4954,#4955);
#4954 = CARTESIAN_POINT('',(-18.6,49.100001,24.4));
#4955 = VECTOR('',#4956,1.);
#4956 = DIRECTION('',(0.,-1.,0.));
#4957 = ORIENTED_EDGE('',*,*,#4958,.F.);
#4958 = EDGE_CURVE('',#1220,#4951,#4959,.T.);
#4959 = LINE('',#4960,#4961);
#4960 = CARTESIAN_POINT('',(-18.6,38.900001,41.));
#4961 = VECTOR('',#4962,1.);
#4962 = DIRECTION('',(-0.,-0.,-1.));
#4963 = PLANE('',#4964);
#4964 = AXIS2_PLACEMENT_3D('',#4965,#4966,#4967);
#4965 = CARTESIAN_POINT('',(-18.6,49.100001,41.));
#4966 = DIRECTION('',(-1.,0.,0.));
#4967 = DIRECTION('',(0.,-1.,0.));
#4968 = ADVANCED_FACE('',(#4969),#4987,.F.);
#4969 = FACE_BOUND('',#4970,.F.);
#4970 = EDGE_LOOP('',(#4971,#4972,#4980,#4986));
#4971 = ORIENTED_EDGE('',*,*,#1227,.F.);
#4972 = ORIENTED_EDGE('',*,*,#4973,.T.);
#4973 = EDGE_CURVE('',#1228,#4974,#4976,.T.);
#4974 = VERTEX_POINT('',#4975);
#4975 = CARTESIAN_POINT('',(-13.4,49.100001,24.4));
#4976 = LINE('',#4977,#4978);
#4977 = CARTESIAN_POINT('',(-13.4,49.100001,41.));
#4978 = VECTOR('',#4979,1.);
#4979 = DIRECTION('',(-0.,-0.,-1.));
#4980 = ORIENTED_EDGE('',*,*,#4981,.T.);
#4981 = EDGE_CURVE('',#4974,#4892,#4982,.T.);
#4982 = LINE('',#4983,#4984);
#4983 = CARTESIAN_POINT('',(-13.4,49.100001,24.4));
#4984 = VECTOR('',#4985,1.);
#4985 = DIRECTION('',(-1.,0.,0.));
#4986 = ORIENTED_EDGE('',*,*,#4891,.F.);
#4987 = PLANE('',#4988);
#4988 = AXIS2_PLACEMENT_3D('',#4989,#4990,#4991);
#4989 = CARTESIAN_POINT('',(-13.4,49.100001,41.));
#4990 = DIRECTION('',(0.,1.,0.));
#4991 = DIRECTION('',(-1.,0.,0.));
#4992 = ADVANCED_FACE('',(#4993),#5011,.F.);
#4993 = FACE_BOUND('',#4994,.F.);
#4994 = EDGE_LOOP('',(#4995,#4996,#5004,#5010));
#4995 = ORIENTED_EDGE('',*,*,#1235,.F.);
#4996 = ORIENTED_EDGE('',*,*,#4997,.T.);
#4997 = EDGE_CURVE('',#1236,#4998,#5000,.T.);
#4998 = VERTEX_POINT('',#4999);
#4999 = CARTESIAN_POINT('',(-13.4,38.900001,24.4));
#5000 = LINE('',#5001,#5002);
#5001 = CARTESIAN_POINT('',(-13.4,38.900001,41.));
#5002 = VECTOR('',#5003,1.);
#5003 = DIRECTION('',(-0.,-0.,-1.));
#5004 = ORIENTED_EDGE('',*,*,#5005,.T.);
#5005 = EDGE_CURVE('',#4998,#4974,#5006,.T.);
#5006 = LINE('',#5007,#5008);
#5007 = CARTESIAN_POINT('',(-13.4,38.900001,24.4));
#5008 = VECTOR('',#5009,1.);
#5009 = DIRECTION('',(0.,1.,0.));
#5010 = ORIENTED_EDGE('',*,*,#4973,.F.);
#5011 = PLANE('',#5012);
#5012 = AXIS2_PLACEMENT_3D('',#5013,#5014,#5015);
#5013 = CARTESIAN_POINT('',(-13.4,38.900001,41.));
#5014 = DIRECTION('',(1.,0.,0.));
#5015 = DIRECTION('',(0.,1.,0.));
#5016 = ADVANCED_FACE('',(#5017),#5028,.F.);
#5017 = FACE_BOUND('',#5018,.F.);
#5018 = EDGE_LOOP('',(#5019,#5020,#5021,#5027));
#5019 = ORIENTED_EDGE('',*,*,#1243,.F.);
#5020 = ORIENTED_EDGE('',*,*,#4958,.T.);
#5021 = ORIENTED_EDGE('',*,*,#5022,.T.);
#5022 = EDGE_CURVE('',#4951,#4998,#5023,.T.);
#5023 = LINE('',#5024,#5025);
#5024 = CARTESIAN_POINT('',(-18.6,38.900001,24.4));
#5025 = VECTOR('',#5026,1.);
#5026 = DIRECTION('',(1.,0.,0.));
#5027 = ORIENTED_EDGE('',*,*,#4997,.F.);
#5028 = PLANE('',#5029);
#5029 = AXIS2_PLACEMENT_3D('',#5030,#5031,#5032);
#5030 = CARTESIAN_POINT('',(-18.6,38.900001,41.));
#5031 = DIRECTION('',(0.,-1.,0.));
#5032 = DIRECTION('',(1.,0.,0.));
#5033 = ADVANCED_FACE('',(#5034),#5045,.F.);
#5034 = FACE_BOUND('',#5035,.T.);
#5035 = EDGE_LOOP('',(#5036,#5042,#5043,#5044));
#5036 = ORIENTED_EDGE('',*,*,#5037,.T.);
#5037 = EDGE_CURVE('',#1875,#1252,#5038,.T.);
#5038 = LINE('',#5039,#5040);
#5039 = CARTESIAN_POINT('',(-6.,6.,2.5));
#5040 = VECTOR('',#5041,1.);
#5041 = DIRECTION('',(0.,0.,1.));
#5042 = ORIENTED_EDGE('',*,*,#1251,.T.);
#5043 = ORIENTED_EDGE('',*,*,#5037,.F.);
#5044 = ORIENTED_EDGE('',*,*,#1874,.F.);
#5045 = CYLINDRICAL_SURFACE('',#5046,4.);
#5046 = AXIS2_PLACEMENT_3D('',#5047,#5048,#5049);
#5047 = CARTESIAN_POINT('',(-10.,6.,2.5));
#5048 = DIRECTION('',(-0.,-0.,-1.));
#5049 = DIRECTION('',(1.,0.,0.));
#5050 = ADVANCED_FACE('',(#5051),#5062,.F.);
#5051 = FACE_BOUND('',#5052,.T.);
#5052 = EDGE_LOOP('',(#5053,#5059,#5060,#5061));
#5053 = ORIENTED_EDGE('',*,*,#5054,.T.);
#5054 = EDGE_CURVE('',#1886,#1263,#5055,.T.);
#5055 = LINE('',#5056,#5057);
#5056 = CARTESIAN_POINT('',(-16.,90.,2.5));
#5057 = VECTOR('',#5058,1.);
#5058 = DIRECTION('',(0.,0.,1.));
#5059 = ORIENTED_EDGE('',*,*,#1262,.T.);
#5060 = ORIENTED_EDGE('',*,*,#5054,.F.);
#5061 = ORIENTED_EDGE('',*,*,#1885,.F.);
#5062 = CYLINDRICAL_SURFACE('',#5063,4.);
#5063 = AXIS2_PLACEMENT_3D('',#5064,#5065,#5066);
#5064 = CARTESIAN_POINT('',(-20.,90.,2.5));
#5065 = DIRECTION('',(-0.,-0.,-1.));
#5066 = DIRECTION('',(1.,0.,0.));
#5067 = ADVANCED_FACE('',(#5068),#5093,.F.);
#5068 = FACE_BOUND('',#5069,.F.);
#5069 = EDGE_LOOP('',(#5070,#5078,#5086,#5092));
#5070 = ORIENTED_EDGE('',*,*,#5071,.T.);
#5071 = EDGE_CURVE('',#1274,#5072,#5074,.T.);
#5072 = VERTEX_POINT('',#5073);
#5073 = CARTESIAN_POINT('',(29.9,12.6,20.));
#5074 = LINE('',#5075,#5076);
#5075 = CARTESIAN_POINT('',(29.9,12.6,39.));
#5076 = VECTOR('',#5077,1.);
#5077 = DIRECTION('',(-0.,-0.,-1.));
#5078 = ORIENTED_EDGE('',*,*,#5079,.T.);
#5079 = EDGE_CURVE('',#5072,#5080,#5082,.T.);
#5080 = VERTEX_POINT('',#5081);
#5081 = CARTESIAN_POINT('',(29.9,7.4,20.));
#5082 = LINE('',#5083,#5084);
#5083 = CARTESIAN_POINT('',(29.9,12.6,20.));
#5084 = VECTOR('',#5085,1.);
#5085 = DIRECTION('',(0.,-1.,0.));
#5086 = ORIENTED_EDGE('',*,*,#5087,.F.);
#5087 = EDGE_CURVE('',#1276,#5080,#5088,.T.);
#5088 = LINE('',#5089,#5090);
#5089 = CARTESIAN_POINT('',(29.9,7.4,39.));
#5090 = VECTOR('',#5091,1.);
#5091 = DIRECTION('',(-0.,-0.,-1.));
#5092 = ORIENTED_EDGE('',*,*,#1273,.F.);
#5093 = PLANE('',#5094);
#5094 = AXIS2_PLACEMENT_3D('',#5095,#5096,#5097);
#5095 = CARTESIAN_POINT('',(29.9,12.6,39.));
#5096 = DIRECTION('',(-1.,0.,0.));
#5097 = DIRECTION('',(0.,-1.,0.));
#5098 = ADVANCED_FACE('',(#5099),#5117,.F.);
#5099 = FACE_BOUND('',#5100,.F.);
#5100 = EDGE_LOOP('',(#5101,#5109,#5115,#5116));
#5101 = ORIENTED_EDGE('',*,*,#5102,.T.);
#5102 = EDGE_CURVE('',#1284,#5103,#5105,.T.);
#5103 = VERTEX_POINT('',#5104);
#5104 = CARTESIAN_POINT('',(40.100001,12.6,20.));
#5105 = LINE('',#5106,#5107);
#5106 = CARTESIAN_POINT('',(40.100001,12.6,39.));
#5107 = VECTOR('',#5108,1.);
#5108 = DIRECTION('',(-0.,-0.,-1.));
#5109 = ORIENTED_EDGE('',*,*,#5110,.T.);
#5110 = EDGE_CURVE('',#5103,#5072,#5111,.T.);
#5111 = LINE('',#5112,#5113);
#5112 = CARTESIAN_POINT('',(40.100001,12.6,20.));
#5113 = VECTOR('',#5114,1.);
#5114 = DIRECTION('',(-1.,0.,0.));
#5115 = ORIENTED_EDGE('',*,*,#5071,.F.);
#5116 = ORIENTED_EDGE('',*,*,#1283,.F.);
#5117 = PLANE('',#5118);
#5118 = AXIS2_PLACEMENT_3D('',#5119,#5120,#5121);
#5119 = CARTESIAN_POINT('',(40.100001,12.6,39.));
#5120 = DIRECTION('',(0.,1.,0.));
#5121 = DIRECTION('',(-1.,0.,0.));
#5122 = ADVANCED_FACE('',(#5123),#5141,.F.);
#5123 = FACE_BOUND('',#5124,.F.);
#5124 = EDGE_LOOP('',(#5125,#5133,#5139,#5140));
#5125 = ORIENTED_EDGE('',*,*,#5126,.T.);
#5126 = EDGE_CURVE('',#1292,#5127,#5129,.T.);
#5127 = VERTEX_POINT('',#5128);
#5128 = CARTESIAN_POINT('',(40.100001,7.4,20.));
#5129 = LINE('',#5130,#5131);
#5130 = CARTESIAN_POINT('',(40.100001,7.4,39.));
#5131 = VECTOR('',#5132,1.);
#5132 = DIRECTION('',(-0.,-0.,-1.));
#5133 = ORIENTED_EDGE('',*,*,#5134,.T.);
#5134 = EDGE_CURVE('',#5127,#5103,#5135,.T.);
#5135 = LINE('',#5136,#5137);
#5136 = CARTESIAN_POINT('',(40.100001,7.4,20.));
#5137 = VECTOR('',#5138,1.);
#5138 = DIRECTION('',(0.,1.,0.));
#5139 = ORIENTED_EDGE('',*,*,#5102,.F.);
#5140 = ORIENTED_EDGE('',*,*,#1291,.F.);
#5141 = PLANE('',#5142);
#5142 = AXIS2_PLACEMENT_3D('',#5143,#5144,#5145);
#5143 = CARTESIAN_POINT('',(40.100001,7.4,39.));
#5144 = DIRECTION('',(1.,0.,0.));
#5145 = DIRECTION('',(0.,1.,0.));
#5146 = ADVANCED_FACE('',(#5147),#5209,.F.);
#5147 = FACE_BOUND('',#5148,.F.);
#5148 = EDGE_LOOP('',(#5149,#5150,#5151,#5159,#5168,#5176,#5185,#5193,
    #5202,#5208));
#5149 = ORIENTED_EDGE('',*,*,#1299,.F.);
#5150 = ORIENTED_EDGE('',*,*,#5087,.T.);
#5151 = ORIENTED_EDGE('',*,*,#5152,.T.);
#5152 = EDGE_CURVE('',#5080,#5153,#5155,.T.);
#5153 = VERTEX_POINT('',#5154);
#5154 = CARTESIAN_POINT('',(33.197222344654,7.4,20.));
#5155 = LINE('',#5156,#5157);
#5156 = CARTESIAN_POINT('',(29.9,7.4,20.));
#5157 = VECTOR('',#5158,1.);
#5158 = DIRECTION('',(1.,0.,0.));
#5159 = ORIENTED_EDGE('',*,*,#5160,.F.);
#5160 = EDGE_CURVE('',#5161,#5153,#5163,.T.);
#5161 = VERTEX_POINT('',#5162);
#5162 = CARTESIAN_POINT('',(31.5,7.4,22.999998787564));
#5163 = CIRCLE('',#5164,3.5);
#5164 = AXIS2_PLACEMENT_3D('',#5165,#5166,#5167);
#5165 = CARTESIAN_POINT('',(35.,7.4,22.999998787564));
#5166 = DIRECTION('',(0.,-1.,2.2E-16));
#5167 = DIRECTION('',(1.,0.,0.));
#5168 = ORIENTED_EDGE('',*,*,#5169,.T.);
#5169 = EDGE_CURVE('',#5161,#5170,#5172,.T.);
#5170 = VERTEX_POINT('',#5171);
#5171 = CARTESIAN_POINT('',(31.5,7.4,28.));
#5172 = LINE('',#5173,#5174);
#5173 = CARTESIAN_POINT('',(31.5,7.4,33.5));
#5174 = VECTOR('',#5175,1.);
#5175 = DIRECTION('',(6.537E-14,0.,1.));
#5176 = ORIENTED_EDGE('',*,*,#5177,.F.);
#5177 = EDGE_CURVE('',#5178,#5170,#5180,.T.);
#5178 = VERTEX_POINT('',#5179);
#5179 = CARTESIAN_POINT('',(38.5,7.4,28.));
#5180 = CIRCLE('',#5181,3.5);
#5181 = AXIS2_PLACEMENT_3D('',#5182,#5183,#5184);
#5182 = CARTESIAN_POINT('',(35.,7.4,28.));
#5183 = DIRECTION('',(0.,-1.,2.2E-16));
#5184 = DIRECTION('',(1.,0.,0.));
#5185 = ORIENTED_EDGE('',*,*,#5186,.F.);
#5186 = EDGE_CURVE('',#5187,#5178,#5189,.T.);
#5187 = VERTEX_POINT('',#5188);
#5188 = CARTESIAN_POINT('',(38.5,7.4,22.999998787564));
#5189 = LINE('',#5190,#5191);
#5190 = CARTESIAN_POINT('',(38.5,7.4,33.5));
#5191 = VECTOR('',#5192,1.);
#5192 = DIRECTION('',(0.,0.,1.));
#5193 = ORIENTED_EDGE('',*,*,#5194,.F.);
#5194 = EDGE_CURVE('',#5195,#5187,#5197,.T.);
#5195 = VERTEX_POINT('',#5196);
#5196 = CARTESIAN_POINT('',(36.802777655346,7.4,20.));
#5197 = CIRCLE('',#5198,3.5);
#5198 = AXIS2_PLACEMENT_3D('',#5199,#5200,#5201);
#5199 = CARTESIAN_POINT('',(35.,7.4,22.999998787564));
#5200 = DIRECTION('',(0.,-1.,2.2E-16));
#5201 = DIRECTION('',(1.,0.,0.));
#5202 = ORIENTED_EDGE('',*,*,#5203,.T.);
#5203 = EDGE_CURVE('',#5195,#5127,#5204,.T.);
#5204 = LINE('',#5205,#5206);
#5205 = CARTESIAN_POINT('',(29.9,7.4,20.));
#5206 = VECTOR('',#5207,1.);
#5207 = DIRECTION('',(1.,0.,0.));
#5208 = ORIENTED_EDGE('',*,*,#5126,.F.);
#5209 = PLANE('',#5210);
#5210 = AXIS2_PLACEMENT_3D('',#5211,#5212,#5213);
#5211 = CARTESIAN_POINT('',(29.9,7.4,39.));
#5212 = DIRECTION('',(0.,-1.,0.));
#5213 = DIRECTION('',(1.,0.,0.));
#5214 = ADVANCED_FACE('',(#5215),#5240,.F.);
#5215 = FACE_BOUND('',#5216,.F.);
#5216 = EDGE_LOOP('',(#5217,#5225,#5233,#5239));
#5217 = ORIENTED_EDGE('',*,*,#5218,.T.);
#5218 = EDGE_CURVE('',#1308,#5219,#5221,.T.);
#5219 = VERTEX_POINT('',#5220);
#5220 = CARTESIAN_POINT('',(119.900002,12.1,20.));
#5221 = LINE('',#5222,#5223);
#5222 = CARTESIAN_POINT('',(119.900002,12.1,39.));
#5223 = VECTOR('',#5224,1.);
#5224 = DIRECTION('',(-0.,-0.,-1.));
#5225 = ORIENTED_EDGE('',*,*,#5226,.T.);
#5226 = EDGE_CURVE('',#5219,#5227,#5229,.T.);
#5227 = VERTEX_POINT('',#5228);
#5228 = CARTESIAN_POINT('',(119.900002,6.9,20.));
#5229 = LINE('',#5230,#5231);
#5230 = CARTESIAN_POINT('',(119.900002,12.1,20.));
#5231 = VECTOR('',#5232,1.);
#5232 = DIRECTION('',(0.,-1.,0.));
#5233 = ORIENTED_EDGE('',*,*,#5234,.F.);
#5234 = EDGE_CURVE('',#1310,#5227,#5235,.T.);
#5235 = LINE('',#5236,#5237);
#5236 = CARTESIAN_POINT('',(119.900002,6.9,39.));
#5237 = VECTOR('',#5238,1.);
#5238 = DIRECTION('',(-0.,-0.,-1.));
#5239 = ORIENTED_EDGE('',*,*,#1307,.F.);
#5240 = PLANE('',#5241);
#5241 = AXIS2_PLACEMENT_3D('',#5242,#5243,#5244);
#5242 = CARTESIAN_POINT('',(119.900002,12.1,39.));
#5243 = DIRECTION('',(-1.,0.,0.));
#5244 = DIRECTION('',(0.,-1.,0.));
#5245 = ADVANCED_FACE('',(#5246),#5264,.F.);
#5246 = FACE_BOUND('',#5247,.F.);
#5247 = EDGE_LOOP('',(#5248,#5256,#5262,#5263));
#5248 = ORIENTED_EDGE('',*,*,#5249,.T.);
#5249 = EDGE_CURVE('',#1318,#5250,#5252,.T.);
#5250 = VERTEX_POINT('',#5251);
#5251 = CARTESIAN_POINT('',(130.100002,12.1,20.));
#5252 = LINE('',#5253,#5254);
#5253 = CARTESIAN_POINT('',(130.100002,12.1,39.));
#5254 = VECTOR('',#5255,1.);
#5255 = DIRECTION('',(-0.,-0.,-1.));
#5256 = ORIENTED_EDGE('',*,*,#5257,.T.);
#5257 = EDGE_CURVE('',#5250,#5219,#5258,.T.);
#5258 = LINE('',#5259,#5260);
#5259 = CARTESIAN_POINT('',(130.100002,12.1,20.));
#5260 = VECTOR('',#5261,1.);
#5261 = DIRECTION('',(-1.,0.,0.));
#5262 = ORIENTED_EDGE('',*,*,#5218,.F.);
#5263 = ORIENTED_EDGE('',*,*,#1317,.F.);
#5264 = PLANE('',#5265);
#5265 = AXIS2_PLACEMENT_3D('',#5266,#5267,#5268);
#5266 = CARTESIAN_POINT('',(130.100002,12.1,39.));
#5267 = DIRECTION('',(0.,1.,0.));
#5268 = DIRECTION('',(-1.,0.,0.));
#5269 = ADVANCED_FACE('',(#5270),#5288,.F.);
#5270 = FACE_BOUND('',#5271,.F.);
#5271 = EDGE_LOOP('',(#5272,#5280,#5286,#5287));
#5272 = ORIENTED_EDGE('',*,*,#5273,.T.);
#5273 = EDGE_CURVE('',#1326,#5274,#5276,.T.);
#5274 = VERTEX_POINT('',#5275);
#5275 = CARTESIAN_POINT('',(130.100002,6.9,20.));
#5276 = LINE('',#5277,#5278);
#5277 = CARTESIAN_POINT('',(130.100002,6.9,39.));
#5278 = VECTOR('',#5279,1.);
#5279 = DIRECTION('',(-0.,-0.,-1.));
#5280 = ORIENTED_EDGE('',*,*,#5281,.T.);
#5281 = EDGE_CURVE('',#5274,#5250,#5282,.T.);
#5282 = LINE('',#5283,#5284);
#5283 = CARTESIAN_POINT('',(130.100002,6.9,20.));
#5284 = VECTOR('',#5285,1.);
#5285 = DIRECTION('',(0.,1.,0.));
#5286 = ORIENTED_EDGE('',*,*,#5249,.F.);
#5287 = ORIENTED_EDGE('',*,*,#1325,.F.);
#5288 = PLANE('',#5289);
#5289 = AXIS2_PLACEMENT_3D('',#5290,#5291,#5292);
#5290 = CARTESIAN_POINT('',(130.100002,6.9,39.));
#5291 = DIRECTION('',(1.,0.,0.));
#5292 = DIRECTION('',(0.,1.,0.));
#5293 = ADVANCED_FACE('',(#5294),#5356,.F.);
#5294 = FACE_BOUND('',#5295,.F.);
#5295 = EDGE_LOOP('',(#5296,#5297,#5298,#5306,#5315,#5323,#5332,#5340,
    #5349,#5355));
#5296 = ORIENTED_EDGE('',*,*,#1333,.F.);
#5297 = ORIENTED_EDGE('',*,*,#5234,.T.);
#5298 = ORIENTED_EDGE('',*,*,#5299,.T.);
#5299 = EDGE_CURVE('',#5227,#5300,#5302,.T.);
#5300 = VERTEX_POINT('',#5301);
#5301 = CARTESIAN_POINT('',(123.19722090905,6.9,20.));
#5302 = LINE('',#5303,#5304);
#5303 = CARTESIAN_POINT('',(119.900002,6.9,20.));
#5304 = VECTOR('',#5305,1.);
#5305 = DIRECTION('',(1.,0.,0.));
#5306 = ORIENTED_EDGE('',*,*,#5307,.F.);
#5307 = EDGE_CURVE('',#5308,#5300,#5310,.T.);
#5308 = VERTEX_POINT('',#5309);
#5309 = CARTESIAN_POINT('',(121.5,6.9,22.999997924872));
#5310 = CIRCLE('',#5311,3.5);
#5311 = AXIS2_PLACEMENT_3D('',#5312,#5313,#5314);
#5312 = CARTESIAN_POINT('',(125.,6.9,22.999997924871));
#5313 = DIRECTION('',(0.,-1.,2.2E-16));
#5314 = DIRECTION('',(1.,0.,0.));
#5315 = ORIENTED_EDGE('',*,*,#5316,.T.);
#5316 = EDGE_CURVE('',#5308,#5317,#5319,.T.);
#5317 = VERTEX_POINT('',#5318);
#5318 = CARTESIAN_POINT('',(121.5,6.9,27.999998787564));
#5319 = LINE('',#5320,#5321);
#5320 = CARTESIAN_POINT('',(121.5,6.9,33.499999393782));
#5321 = VECTOR('',#5322,1.);
#5322 = DIRECTION('',(-1.137E-14,0.,1.));
#5323 = ORIENTED_EDGE('',*,*,#5324,.F.);
#5324 = EDGE_CURVE('',#5325,#5317,#5327,.T.);
#5325 = VERTEX_POINT('',#5326);
#5326 = CARTESIAN_POINT('',(128.5,6.9,27.999998787564));
#5327 = CIRCLE('',#5328,3.5);
#5328 = AXIS2_PLACEMENT_3D('',#5329,#5330,#5331);
#5329 = CARTESIAN_POINT('',(125.,6.9,27.999998787564));
#5330 = DIRECTION('',(0.,-1.,2.2E-16));
#5331 = DIRECTION('',(1.,0.,0.));
#5332 = ORIENTED_EDGE('',*,*,#5333,.F.);
#5333 = EDGE_CURVE('',#5334,#5325,#5336,.T.);
#5334 = VERTEX_POINT('',#5335);
#5335 = CARTESIAN_POINT('',(128.5,6.9,22.999997924871));
#5336 = LINE('',#5337,#5338);
#5337 = CARTESIAN_POINT('',(128.5,6.9,33.499999393782));
#5338 = VECTOR('',#5339,1.);
#5339 = DIRECTION('',(0.,0.,1.));
#5340 = ORIENTED_EDGE('',*,*,#5341,.F.);
#5341 = EDGE_CURVE('',#5342,#5334,#5344,.T.);
#5342 = VERTEX_POINT('',#5343);
#5343 = CARTESIAN_POINT('',(126.80277909095,6.9,20.));
#5344 = CIRCLE('',#5345,3.5);
#5345 = AXIS2_PLACEMENT_3D('',#5346,#5347,#5348);
#5346 = CARTESIAN_POINT('',(125.,6.9,22.999997924871));
#5347 = DIRECTION('',(0.,-1.,2.2E-16));
#5348 = DIRECTION('',(1.,0.,0.));
#5349 = ORIENTED_EDGE('',*,*,#5350,.T.);
#5350 = EDGE_CURVE('',#5342,#5274,#5351,.T.);
#5351 = LINE('',#5352,#5353);
#5352 = CARTESIAN_POINT('',(119.900002,6.9,20.));
#5353 = VECTOR('',#5354,1.);
#5354 = DIRECTION('',(1.,0.,0.));
#5355 = ORIENTED_EDGE('',*,*,#5273,.F.);
#5356 = PLANE('',#5357);
#5357 = AXIS2_PLACEMENT_3D('',#5358,#5359,#5360);
#5358 = CARTESIAN_POINT('',(119.900002,6.9,39.));
#5359 = DIRECTION('',(0.,-1.,0.));
#5360 = DIRECTION('',(1.,0.,0.));
#5361 = ADVANCED_FACE('',(#5362),#5387,.F.);
#5362 = FACE_BOUND('',#5363,.F.);
#5363 = EDGE_LOOP('',(#5364,#5372,#5380,#5386));
#5364 = ORIENTED_EDGE('',*,*,#5365,.T.);
#5365 = EDGE_CURVE('',#1342,#5366,#5368,.T.);
#5366 = VERTEX_POINT('',#5367);
#5367 = CARTESIAN_POINT('',(209.900003,12.1,20.));
#5368 = LINE('',#5369,#5370);
#5369 = CARTESIAN_POINT('',(209.900003,12.1,39.));
#5370 = VECTOR('',#5371,1.);
#5371 = DIRECTION('',(-0.,-0.,-1.));
#5372 = ORIENTED_EDGE('',*,*,#5373,.T.);
#5373 = EDGE_CURVE('',#5366,#5374,#5376,.T.);
#5374 = VERTEX_POINT('',#5375);
#5375 = CARTESIAN_POINT('',(209.900003,6.9,20.));
#5376 = LINE('',#5377,#5378);
#5377 = CARTESIAN_POINT('',(209.900003,12.1,20.));
#5378 = VECTOR('',#5379,1.);
#5379 = DIRECTION('',(0.,-1.,0.));
#5380 = ORIENTED_EDGE('',*,*,#5381,.F.);
#5381 = EDGE_CURVE('',#1344,#5374,#5382,.T.);
#5382 = LINE('',#5383,#5384);
#5383 = CARTESIAN_POINT('',(209.900003,6.9,39.));
#5384 = VECTOR('',#5385,1.);
#5385 = DIRECTION('',(-0.,-0.,-1.));
#5386 = ORIENTED_EDGE('',*,*,#1341,.F.);
#5387 = PLANE('',#5388);
#5388 = AXIS2_PLACEMENT_3D('',#5389,#5390,#5391);
#5389 = CARTESIAN_POINT('',(209.900003,12.1,39.));
#5390 = DIRECTION('',(-1.,0.,0.));
#5391 = DIRECTION('',(0.,-1.,0.));
#5392 = ADVANCED_FACE('',(#5393),#5411,.F.);
#5393 = FACE_BOUND('',#5394,.F.);
#5394 = EDGE_LOOP('',(#5395,#5403,#5409,#5410));
#5395 = ORIENTED_EDGE('',*,*,#5396,.T.);
#5396 = EDGE_CURVE('',#1352,#5397,#5399,.T.);
#5397 = VERTEX_POINT('',#5398);
#5398 = CARTESIAN_POINT('',(220.100003,12.1,20.));
#5399 = LINE('',#5400,#5401);
#5400 = CARTESIAN_POINT('',(220.100003,12.1,39.));
#5401 = VECTOR('',#5402,1.);
#5402 = DIRECTION('',(-0.,-0.,-1.));
#5403 = ORIENTED_EDGE('',*,*,#5404,.T.);
#5404 = EDGE_CURVE('',#5397,#5366,#5405,.T.);
#5405 = LINE('',#5406,#5407);
#5406 = CARTESIAN_POINT('',(220.100003,12.1,20.));
#5407 = VECTOR('',#5408,1.);
#5408 = DIRECTION('',(-1.,0.,0.));
#5409 = ORIENTED_EDGE('',*,*,#5365,.F.);
#5410 = ORIENTED_EDGE('',*,*,#1351,.F.);
#5411 = PLANE('',#5412);
#5412 = AXIS2_PLACEMENT_3D('',#5413,#5414,#5415);
#5413 = CARTESIAN_POINT('',(220.100003,12.1,39.));
#5414 = DIRECTION('',(0.,1.,0.));
#5415 = DIRECTION('',(-1.,0.,0.));
#5416 = ADVANCED_FACE('',(#5417),#5435,.F.);
#5417 = FACE_BOUND('',#5418,.F.);
#5418 = EDGE_LOOP('',(#5419,#5427,#5433,#5434));
#5419 = ORIENTED_EDGE('',*,*,#5420,.T.);
#5420 = EDGE_CURVE('',#1360,#5421,#5423,.T.);
#5421 = VERTEX_POINT('',#5422);
#5422 = CARTESIAN_POINT('',(220.100003,6.9,20.));
#5423 = LINE('',#5424,#5425);
#5424 = CARTESIAN_POINT('',(220.100003,6.9,39.));
#5425 = VECTOR('',#5426,1.);
#5426 = DIRECTION('',(-0.,-0.,-1.));
#5427 = ORIENTED_EDGE('',*,*,#5428,.T.);
#5428 = EDGE_CURVE('',#5421,#5397,#5429,.T.);
#5429 = LINE('',#5430,#5431);
#5430 = CARTESIAN_POINT('',(220.100003,6.9,20.));
#5431 = VECTOR('',#5432,1.);
#5432 = DIRECTION('',(0.,1.,0.));
#5433 = ORIENTED_EDGE('',*,*,#5396,.F.);
#5434 = ORIENTED_EDGE('',*,*,#1359,.F.);
#5435 = PLANE('',#5436);
#5436 = AXIS2_PLACEMENT_3D('',#5437,#5438,#5439);
#5437 = CARTESIAN_POINT('',(220.100003,6.9,39.));
#5438 = DIRECTION('',(1.,0.,0.));
#5439 = DIRECTION('',(0.,1.,0.));
#5440 = ADVANCED_FACE('',(#5441),#5503,.F.);
#5441 = FACE_BOUND('',#5442,.F.);
#5442 = EDGE_LOOP('',(#5443,#5444,#5445,#5453,#5462,#5470,#5479,#5487,
    #5496,#5502));
#5443 = ORIENTED_EDGE('',*,*,#1367,.F.);
#5444 = ORIENTED_EDGE('',*,*,#5381,.T.);
#5445 = ORIENTED_EDGE('',*,*,#5446,.T.);
#5446 = EDGE_CURVE('',#5374,#5447,#5449,.T.);
#5447 = VERTEX_POINT('',#5448);
#5448 = CARTESIAN_POINT('',(213.19722269816,6.9,20.));
#5449 = LINE('',#5450,#5451);
#5450 = CARTESIAN_POINT('',(209.900003,6.9,20.));
#5451 = VECTOR('',#5452,1.);
#5452 = DIRECTION('',(1.,0.,0.));
#5453 = ORIENTED_EDGE('',*,*,#5454,.F.);
#5454 = EDGE_CURVE('',#5455,#5447,#5457,.T.);
#5455 = VERTEX_POINT('',#5456);
#5456 = CARTESIAN_POINT('',(211.5,6.9,22.999999));
#5457 = CIRCLE('',#5458,3.5);
#5458 = AXIS2_PLACEMENT_3D('',#5459,#5460,#5461);
#5459 = CARTESIAN_POINT('',(215.,6.9,22.999999));
#5460 = DIRECTION('',(0.,-1.,2.2E-16));
#5461 = DIRECTION('',(1.,0.,0.));
#5462 = ORIENTED_EDGE('',*,*,#5463,.T.);
#5463 = EDGE_CURVE('',#5455,#5464,#5466,.T.);
#5464 = VERTEX_POINT('',#5465);
#5465 = CARTESIAN_POINT('',(211.5,6.9,28.));
#5466 = LINE('',#5467,#5468);
#5467 = CARTESIAN_POINT('',(211.5,6.9,33.5));
#5468 = VECTOR('',#5469,1.);
#5469 = DIRECTION('',(-1.137E-14,0.,1.));
#5470 = ORIENTED_EDGE('',*,*,#5471,.F.);
#5471 = EDGE_CURVE('',#5472,#5464,#5474,.T.);
#5472 = VERTEX_POINT('',#5473);
#5473 = CARTESIAN_POINT('',(218.5,6.9,28.));
#5474 = CIRCLE('',#5475,3.5);
#5475 = AXIS2_PLACEMENT_3D('',#5476,#5477,#5478);
#5476 = CARTESIAN_POINT('',(215.,6.9,28.));
#5477 = DIRECTION('',(0.,-1.,2.2E-16));
#5478 = DIRECTION('',(1.,0.,0.));
#5479 = ORIENTED_EDGE('',*,*,#5480,.F.);
#5480 = EDGE_CURVE('',#5481,#5472,#5483,.T.);
#5481 = VERTEX_POINT('',#5482);
#5482 = CARTESIAN_POINT('',(218.5,6.9,22.999999));
#5483 = LINE('',#5484,#5485);
#5484 = CARTESIAN_POINT('',(218.5,6.9,33.5));
#5485 = VECTOR('',#5486,1.);
#5486 = DIRECTION('',(0.,0.,1.));
#5487 = ORIENTED_EDGE('',*,*,#5488,.F.);
#5488 = EDGE_CURVE('',#5489,#5481,#5491,.T.);
#5489 = VERTEX_POINT('',#5490);
#5490 = CARTESIAN_POINT('',(216.80277730183,6.9,20.));
#5491 = CIRCLE('',#5492,3.5);
#5492 = AXIS2_PLACEMENT_3D('',#5493,#5494,#5495);
#5493 = CARTESIAN_POINT('',(215.,6.9,22.999999));
#5494 = DIRECTION('',(0.,-1.,2.2E-16));
#5495 = DIRECTION('',(1.,0.,0.));
#5496 = ORIENTED_EDGE('',*,*,#5497,.T.);
#5497 = EDGE_CURVE('',#5489,#5421,#5498,.T.);
#5498 = LINE('',#5499,#5500);
#5499 = CARTESIAN_POINT('',(209.900003,6.9,20.));
#5500 = VECTOR('',#5501,1.);
#5501 = DIRECTION('',(1.,0.,0.));
#5502 = ORIENTED_EDGE('',*,*,#5420,.F.);
#5503 = PLANE('',#5504);
#5504 = AXIS2_PLACEMENT_3D('',#5505,#5506,#5507);
#5505 = CARTESIAN_POINT('',(209.900003,6.9,39.));
#5506 = DIRECTION('',(0.,-1.,0.));
#5507 = DIRECTION('',(1.,0.,0.));
#5508 = ADVANCED_FACE('',(#5509),#5528,.F.);
#5509 = FACE_BOUND('',#5510,.T.);
#5510 = EDGE_LOOP('',(#5511,#5519,#5520,#5521));
#5511 = ORIENTED_EDGE('',*,*,#5512,.T.);
#5512 = EDGE_CURVE('',#5513,#1376,#5515,.T.);
#5513 = VERTEX_POINT('',#5514);
#5514 = CARTESIAN_POINT('',(83.,6.,2.5));
#5515 = LINE('',#5516,#5517);
#5516 = CARTESIAN_POINT('',(83.,6.,2.5));
#5517 = VECTOR('',#5518,1.);
#5518 = DIRECTION('',(0.,0.,1.));
#5519 = ORIENTED_EDGE('',*,*,#1375,.T.);
#5520 = ORIENTED_EDGE('',*,*,#5512,.F.);
#5521 = ORIENTED_EDGE('',*,*,#5522,.F.);
#5522 = EDGE_CURVE('',#5513,#5513,#5523,.T.);
#5523 = CIRCLE('',#5524,3.);
#5524 = AXIS2_PLACEMENT_3D('',#5525,#5526,#5527);
#5525 = CARTESIAN_POINT('',(80.,6.,2.5));
#5526 = DIRECTION('',(0.,0.,1.));
#5527 = DIRECTION('',(1.,0.,0.));
#5528 = CYLINDRICAL_SURFACE('',#5529,3.);
#5529 = AXIS2_PLACEMENT_3D('',#5530,#5531,#5532);
#5530 = CARTESIAN_POINT('',(80.,6.,2.5));
#5531 = DIRECTION('',(-0.,-0.,-1.));
#5532 = DIRECTION('',(1.,0.,0.));
#5533 = ADVANCED_FACE('',(#5534),#5553,.F.);
#5534 = FACE_BOUND('',#5535,.T.);
#5535 = EDGE_LOOP('',(#5536,#5544,#5545,#5546));
#5536 = ORIENTED_EDGE('',*,*,#5537,.T.);
#5537 = EDGE_CURVE('',#5538,#1387,#5540,.T.);
#5538 = VERTEX_POINT('',#5539);
#5539 = CARTESIAN_POINT('',(173.,6.,2.5));
#5540 = LINE('',#5541,#5542);
#5541 = CARTESIAN_POINT('',(173.,6.,2.5));
#5542 = VECTOR('',#5543,1.);
#5543 = DIRECTION('',(0.,0.,1.));
#5544 = ORIENTED_EDGE('',*,*,#1386,.T.);
#5545 = ORIENTED_EDGE('',*,*,#5537,.F.);
#5546 = ORIENTED_EDGE('',*,*,#5547,.F.);
#5547 = EDGE_CURVE('',#5538,#5538,#5548,.T.);
#5548 = CIRCLE('',#5549,3.);
#5549 = AXIS2_PLACEMENT_3D('',#5550,#5551,#5552);
#5550 = CARTESIAN_POINT('',(170.,6.,2.5));
#5551 = DIRECTION('',(0.,0.,1.));
#5552 = DIRECTION('',(1.,0.,0.));
#5553 = CYLINDRICAL_SURFACE('',#5554,3.);
#5554 = AXIS2_PLACEMENT_3D('',#5555,#5556,#5557);
#5555 = CARTESIAN_POINT('',(170.,6.,2.5));
#5556 = DIRECTION('',(-0.,-0.,-1.));
#5557 = DIRECTION('',(1.,0.,0.));
#5558 = ADVANCED_FACE('',(#5559),#5583,.F.);
#5559 = FACE_BOUND('',#5560,.F.);
#5560 = EDGE_LOOP('',(#5561,#5562,#5570,#5576,#5577));
#5561 = ORIENTED_EDGE('',*,*,#2325,.T.);
#5562 = ORIENTED_EDGE('',*,*,#5563,.T.);
#5563 = EDGE_CURVE('',#2326,#5564,#5566,.T.);
#5564 = VERTEX_POINT('',#5565);
#5565 = CARTESIAN_POINT('',(-37.,54.,-61.));
#5566 = LINE('',#5567,#5568);
#5567 = CARTESIAN_POINT('',(-42.,49.,-61.));
#5568 = VECTOR('',#5569,1.);
#5569 = DIRECTION('',(0.707106781187,0.707106781187,0.));
#5570 = ORIENTED_EDGE('',*,*,#5571,.F.);
#5571 = EDGE_CURVE('',#1487,#5564,#5572,.T.);
#5572 = LINE('',#5573,#5574);
#5573 = CARTESIAN_POINT('',(-37.,54.,17.));
#5574 = VECTOR('',#5575,1.);
#5575 = DIRECTION('',(-0.,-0.,-1.));
#5576 = ORIENTED_EDGE('',*,*,#1496,.F.);
#5577 = ORIENTED_EDGE('',*,*,#5578,.F.);
#5578 = EDGE_CURVE('',#2318,#1497,#5579,.T.);
#5579 = LINE('',#5580,#5581);
#5580 = CARTESIAN_POINT('',(-42.,49.,17.));
#5581 = VECTOR('',#5582,1.);
#5582 = DIRECTION('',(0.707106781187,0.707106781187,0.));
#5583 = PLANE('',#5584);
#5584 = AXIS2_PLACEMENT_3D('',#5585,#5586,#5587);
#5585 = CARTESIAN_POINT('',(-42.,49.,17.));
#5586 = DIRECTION('',(0.707106781187,-0.707106781187,0.));
#5587 = DIRECTION('',(0.707106781187,0.707106781187,0.));
#5588 = ADVANCED_FACE('',(#5589),#5620,.T.);
#5589 = FACE_BOUND('',#5590,.T.);
#5590 = EDGE_LOOP('',(#5591,#5592,#5593,#5594,#5595,#5596,#5604,#5610,
    #5611,#5612,#5618,#5619));
#5591 = ORIENTED_EDGE('',*,*,#2073,.T.);
#5592 = ORIENTED_EDGE('',*,*,#1504,.T.);
#5593 = ORIENTED_EDGE('',*,*,#5578,.F.);
#5594 = ORIENTED_EDGE('',*,*,#2317,.T.);
#5595 = ORIENTED_EDGE('',*,*,#2276,.T.);
#5596 = ORIENTED_EDGE('',*,*,#5597,.T.);
#5597 = EDGE_CURVE('',#2279,#5598,#5600,.T.);
#5598 = VERTEX_POINT('',#5599);
#5599 = CARTESIAN_POINT('',(-37.,36.,17.));
#5600 = LINE('',#5601,#5602);
#5601 = CARTESIAN_POINT('',(-37.,14.,17.));
#5602 = VECTOR('',#5603,1.);
#5603 = DIRECTION('',(0.,1.,0.));
#5604 = ORIENTED_EDGE('',*,*,#5605,.T.);
#5605 = EDGE_CURVE('',#5598,#2254,#5606,.T.);
#5606 = LINE('',#5607,#5608);
#5607 = CARTESIAN_POINT('',(-38.,36.,17.));
#5608 = VECTOR('',#5609,1.);
#5609 = DIRECTION('',(1.,0.,0.));
#5610 = ORIENTED_EDGE('',*,*,#2261,.F.);
#5611 = ORIENTED_EDGE('',*,*,#2220,.T.);
#5612 = ORIENTED_EDGE('',*,*,#5613,.T.);
#5613 = EDGE_CURVE('',#2213,#2127,#5614,.T.);
#5614 = LINE('',#5615,#5616);
#5615 = CARTESIAN_POINT('',(-26.1,65.5500005,17.));
#5616 = VECTOR('',#5617,1.);
#5617 = DIRECTION('',(0.,1.,0.));
#5618 = ORIENTED_EDGE('',*,*,#2126,.T.);
#5619 = ORIENTED_EDGE('',*,*,#2087,.F.);
#5620 = PLANE('',#5621);
#5621 = AXIS2_PLACEMENT_3D('',#5622,#5623,#5624);
#5622 = CARTESIAN_POINT('',(-32.82577313687,56.153027215879,17.));
#5623 = DIRECTION('',(0.,0.,1.));
#5624 = DIRECTION('',(1.,0.,0.));
#5625 = ADVANCED_FACE('',(#5626,#5639,#5650),#5661,.T.);
#5626 = FACE_BOUND('',#5627,.T.);
#5627 = EDGE_LOOP('',(#5628,#5629,#5630,#5636,#5637,#5638));
#5628 = ORIENTED_EDGE('',*,*,#1690,.T.);
#5629 = ORIENTED_EDGE('',*,*,#2378,.T.);
#5630 = ORIENTED_EDGE('',*,*,#5631,.T.);
#5631 = EDGE_CURVE('',#2379,#5564,#5632,.T.);
#5632 = LINE('',#5633,#5634);
#5633 = CARTESIAN_POINT('',(-37.,14.,-61.));
#5634 = VECTOR('',#5635,1.);
#5635 = DIRECTION('',(0.,1.,0.));
#5636 = ORIENTED_EDGE('',*,*,#5571,.F.);
#5637 = ORIENTED_EDGE('',*,*,#1543,.F.);
#5638 = ORIENTED_EDGE('',*,*,#1902,.T.);
#5639 = FACE_BOUND('',#5640,.T.);
#5640 = EDGE_LOOP('',(#5641));
#5641 = ORIENTED_EDGE('',*,*,#5642,.F.);
#5642 = EDGE_CURVE('',#5643,#5643,#5645,.T.);
#5643 = VERTEX_POINT('',#5644);
#5644 = CARTESIAN_POINT('',(-37.,46.875,-28.));
#5645 = CIRCLE('',#5646,2.875);
#5646 = AXIS2_PLACEMENT_3D('',#5647,#5648,#5649);
#5647 = CARTESIAN_POINT('',(-37.,44.,-28.));
#5648 = DIRECTION('',(1.,0.,0.));
#5649 = DIRECTION('',(0.,1.,0.));
#5650 = FACE_BOUND('',#5651,.T.);
#5651 = EDGE_LOOP('',(#5652));
#5652 = ORIENTED_EDGE('',*,*,#5653,.F.);
#5653 = EDGE_CURVE('',#5654,#5654,#5656,.T.);
#5654 = VERTEX_POINT('',#5655);
#5655 = CARTESIAN_POINT('',(-37.,45.300001,-8.5));
#5656 = CIRCLE('',#5657,1.3);
#5657 = AXIS2_PLACEMENT_3D('',#5658,#5659,#5660);
#5658 = CARTESIAN_POINT('',(-37.,44.000001,-8.5));
#5659 = DIRECTION('',(1.,0.,0.));
#5660 = DIRECTION('',(0.,1.,0.));
#5661 = PLANE('',#5662);
#5662 = AXIS2_PLACEMENT_3D('',#5663,#5664,#5665);
#5663 = CARTESIAN_POINT('',(-37.,14.,17.));
#5664 = DIRECTION('',(1.,0.,0.));
#5665 = DIRECTION('',(0.,1.,0.));
#5666 = ADVANCED_FACE('',(#5667),#5677,.F.);
#5667 = FACE_BOUND('',#5668,.F.);
#5668 = EDGE_LOOP('',(#5669,#5674,#5675,#5676));
#5669 = ORIENTED_EDGE('',*,*,#5670,.F.);
#5670 = EDGE_CURVE('',#1714,#2112,#5671,.T.);
#5671 = B_SPLINE_CURVE_WITH_KNOTS('',1,(#5672,#5673),.UNSPECIFIED.,.F.,
  .F.,(2,2),(0.,1.),.PIECEWISE_BEZIER_KNOTS.);
#5672 = CARTESIAN_POINT('',(-20.,52.,2.5));
#5673 = CARTESIAN_POINT('',(-21.09191070279,50.908089297201,5.5));
#5674 = ORIENTED_EDGE('',*,*,#1721,.T.);
#5675 = ORIENTED_EDGE('',*,*,#1635,.T.);
#5676 = ORIENTED_EDGE('',*,*,#2111,.T.);
#5677 = B_SPLINE_SURFACE_WITH_KNOTS('',1,1,(
    (#5678,#5679)
    ,(#5680,#5681
    )),.UNSPECIFIED.,.F.,.F.,.F.,(2,2),(2,2),(0.,7.),(0.,1.),
  .PIECEWISE_BEZIER_KNOTS.);
#5678 = CARTESIAN_POINT('',(-20.,52.,2.5));
#5679 = CARTESIAN_POINT('',(-21.09191070279,50.908089297201,5.5));
#5680 = CARTESIAN_POINT('',(-27.,52.,2.5));
#5681 = CARTESIAN_POINT('',(-25.9080892972,50.908089297201,5.5));
#5682 = ADVANCED_FACE('',(#5683),#5689,.T.);
#5683 = FACE_BOUND('',#5684,.T.);
#5684 = EDGE_LOOP('',(#5685,#5686,#5687,#5688));
#5685 = ORIENTED_EDGE('',*,*,#1628,.T.);
#5686 = ORIENTED_EDGE('',*,*,#2134,.T.);
#5687 = ORIENTED_EDGE('',*,*,#5613,.F.);
#5688 = ORIENTED_EDGE('',*,*,#2212,.F.);
#5689 = PLANE('',#5690);
#5690 = AXIS2_PLACEMENT_3D('',#5691,#5692,#5693);
#5691 = CARTESIAN_POINT('',(-26.1,51.100001,2.5));
#5692 = DIRECTION('',(1.,0.,0.));
#5693 = DIRECTION('',(0.,-1.,0.));
#5694 = ADVANCED_FACE('',(#5695),#5705,.F.);
#5695 = FACE_BOUND('',#5696,.F.);
#5696 = EDGE_LOOP('',(#5697,#5698,#5699,#5704));
#5697 = ORIENTED_EDGE('',*,*,#1621,.F.);
#5698 = ORIENTED_EDGE('',*,*,#1705,.T.);
#5699 = ORIENTED_EDGE('',*,*,#5700,.T.);
#5700 = EDGE_CURVE('',#1706,#2149,#5701,.T.);
#5701 = B_SPLINE_CURVE_WITH_KNOTS('',1,(#5702,#5703),.UNSPECIFIED.,.F.,
  .F.,(2,2),(0.,1.),.PIECEWISE_BEZIER_KNOTS.);
#5702 = CARTESIAN_POINT('',(-20.,36.,2.5));
#5703 = CARTESIAN_POINT('',(-21.09191070279,37.091910702799,5.5));
#5704 = ORIENTED_EDGE('',*,*,#2207,.T.);
#5705 = B_SPLINE_SURFACE_WITH_KNOTS('',1,1,(
    (#5706,#5707)
    ,(#5708,#5709
    )),.UNSPECIFIED.,.F.,.F.,.F.,(2,2),(2,2),(0.,7.),(0.,1.),
  .PIECEWISE_BEZIER_KNOTS.);
#5706 = CARTESIAN_POINT('',(-27.,36.,2.5));
#5707 = CARTESIAN_POINT('',(-25.9080892972,37.091910702799,5.5));
#5708 = CARTESIAN_POINT('',(-20.,36.,2.5));
#5709 = CARTESIAN_POINT('',(-21.09191070279,37.091910702799,5.5));
#5710 = ADVANCED_FACE('',(#5711),#5717,.F.);
#5711 = FACE_BOUND('',#5712,.F.);
#5712 = EDGE_LOOP('',(#5713,#5714,#5715,#5716));
#5713 = ORIENTED_EDGE('',*,*,#5700,.F.);
#5714 = ORIENTED_EDGE('',*,*,#1713,.T.);
#5715 = ORIENTED_EDGE('',*,*,#5670,.T.);
#5716 = ORIENTED_EDGE('',*,*,#2148,.T.);
#5717 = B_SPLINE_SURFACE_WITH_KNOTS('',1,1,(
    (#5718,#5719)
    ,(#5720,#5721
    )),.UNSPECIFIED.,.F.,.F.,.F.,(2,2),(2,2),(0.,16.),(0.,1.),
  .PIECEWISE_BEZIER_KNOTS.);
#5718 = CARTESIAN_POINT('',(-20.,36.,2.5));
#5719 = CARTESIAN_POINT('',(-21.09191070279,37.091910702799,5.5));
#5720 = CARTESIAN_POINT('',(-20.,52.,2.5));
#5721 = CARTESIAN_POINT('',(-21.09191070279,50.908089297201,5.5));
#5722 = ADVANCED_FACE('',(#5723),#5741,.T.);
#5723 = FACE_BOUND('',#5724,.T.);
#5724 = EDGE_LOOP('',(#5725,#5726,#5734,#5740));
#5725 = ORIENTED_EDGE('',*,*,#1674,.T.);
#5726 = ORIENTED_EDGE('',*,*,#5727,.T.);
#5727 = EDGE_CURVE('',#1667,#5728,#5730,.T.);
#5728 = VERTEX_POINT('',#5729);
#5729 = CARTESIAN_POINT('',(-7.,-11.,-61.));
#5730 = LINE('',#5731,#5732);
#5731 = CARTESIAN_POINT('',(-7.,-11.,17.));
#5732 = VECTOR('',#5733,1.);
#5733 = DIRECTION('',(-0.,-0.,-1.));
#5734 = ORIENTED_EDGE('',*,*,#5735,.T.);
#5735 = EDGE_CURVE('',#5728,#2426,#5736,.T.);
#5736 = LINE('',#5737,#5738);
#5737 = CARTESIAN_POINT('',(-7.,-11.,-61.));
#5738 = VECTOR('',#5739,1.);
#5739 = DIRECTION('',(0.,-1.,0.));
#5740 = ORIENTED_EDGE('',*,*,#2425,.F.);
#5741 = PLANE('',#5742);
#5742 = AXIS2_PLACEMENT_3D('',#5743,#5744,#5745);
#5743 = CARTESIAN_POINT('',(-7.,-11.,17.));
#5744 = DIRECTION('',(-1.,0.,0.));
#5745 = DIRECTION('',(0.,-1.,0.));
#5746 = ADVANCED_FACE('',(#5747,#5916,#5927,#5938,#5949,#5960,#5971),
  #5982,.T.);
#5747 = FACE_BOUND('',#5748,.T.);
#5748 = EDGE_LOOP('',(#5749,#5750,#5751,#5759,#5767,#5775,#5783,#5791,
    #5799,#5807,#5815,#5823,#5831,#5839,#5845,#5846,#5854,#5862,#5870,
    #5878,#5886,#5894,#5902,#5910));
#5749 = ORIENTED_EDGE('',*,*,#5727,.F.);
#5750 = ORIENTED_EDGE('',*,*,#1666,.T.);
#5751 = ORIENTED_EDGE('',*,*,#5752,.T.);
#5752 = EDGE_CURVE('',#1659,#5753,#5755,.T.);
#5753 = VERTEX_POINT('',#5754);
#5754 = CARTESIAN_POINT('',(24.,-11.,12.));
#5755 = LINE('',#5756,#5757);
#5756 = CARTESIAN_POINT('',(24.,-11.,0.));
#5757 = VECTOR('',#5758,1.);
#5758 = DIRECTION('',(0.,0.,1.));
#5759 = ORIENTED_EDGE('',*,*,#5760,.T.);
#5760 = EDGE_CURVE('',#5753,#5761,#5763,.T.);
#5761 = VERTEX_POINT('',#5762);
#5762 = CARTESIAN_POINT('',(46.,-11.,12.));
#5763 = LINE('',#5764,#5765);
#5764 = CARTESIAN_POINT('',(24.,-11.,12.));
#5765 = VECTOR('',#5766,1.);
#5766 = DIRECTION('',(1.,0.,0.));
#5767 = ORIENTED_EDGE('',*,*,#5768,.F.);
#5768 = EDGE_CURVE('',#5769,#5761,#5771,.T.);
#5769 = VERTEX_POINT('',#5770);
#5770 = CARTESIAN_POINT('',(46.,-11.,2.5));
#5771 = LINE('',#5772,#5773);
#5772 = CARTESIAN_POINT('',(46.,-11.,0.));
#5773 = VECTOR('',#5774,1.);
#5774 = DIRECTION('',(0.,0.,1.));
#5775 = ORIENTED_EDGE('',*,*,#5776,.T.);
#5776 = EDGE_CURVE('',#5769,#5777,#5779,.T.);
#5777 = VERTEX_POINT('',#5778);
#5778 = CARTESIAN_POINT('',(114.,-11.,2.5));
#5779 = LINE('',#5780,#5781);
#5780 = CARTESIAN_POINT('',(154.47000320416,-11.,2.5));
#5781 = VECTOR('',#5782,1.);
#5782 = DIRECTION('',(1.,0.,0.));
#5783 = ORIENTED_EDGE('',*,*,#5784,.T.);
#5784 = EDGE_CURVE('',#5777,#5785,#5787,.T.);
#5785 = VERTEX_POINT('',#5786);
#5786 = CARTESIAN_POINT('',(114.,-11.,12.));
#5787 = LINE('',#5788,#5789);
#5788 = CARTESIAN_POINT('',(114.,-11.,0.));
#5789 = VECTOR('',#5790,1.);
#5790 = DIRECTION('',(0.,0.,1.));
#5791 = ORIENTED_EDGE('',*,*,#5792,.T.);
#5792 = EDGE_CURVE('',#5785,#5793,#5795,.T.);
#5793 = VERTEX_POINT('',#5794);
#5794 = CARTESIAN_POINT('',(136.,-11.,12.));
#5795 = LINE('',#5796,#5797);
#5796 = CARTESIAN_POINT('',(114.,-11.,12.));
#5797 = VECTOR('',#5798,1.);
#5798 = DIRECTION('',(1.,0.,0.));
#5799 = ORIENTED_EDGE('',*,*,#5800,.F.);
#5800 = EDGE_CURVE('',#5801,#5793,#5803,.T.);
#5801 = VERTEX_POINT('',#5802);
#5802 = CARTESIAN_POINT('',(136.,-11.,2.5));
#5803 = LINE('',#5804,#5805);
#5804 = CARTESIAN_POINT('',(136.,-11.,0.));
#5805 = VECTOR('',#5806,1.);
#5806 = DIRECTION('',(0.,0.,1.));
#5807 = ORIENTED_EDGE('',*,*,#5808,.T.);
#5808 = EDGE_CURVE('',#5801,#5809,#5811,.T.);
#5809 = VERTEX_POINT('',#5810);
#5810 = CARTESIAN_POINT('',(204.,-11.,2.5));
#5811 = LINE('',#5812,#5813);
#5812 = CARTESIAN_POINT('',(154.47000320416,-11.,2.5));
#5813 = VECTOR('',#5814,1.);
#5814 = DIRECTION('',(1.,0.,0.));
#5815 = ORIENTED_EDGE('',*,*,#5816,.T.);
#5816 = EDGE_CURVE('',#5809,#5817,#5819,.T.);
#5817 = VERTEX_POINT('',#5818);
#5818 = CARTESIAN_POINT('',(204.,-11.,12.));
#5819 = LINE('',#5820,#5821);
#5820 = CARTESIAN_POINT('',(204.,-11.,0.));
#5821 = VECTOR('',#5822,1.);
#5822 = DIRECTION('',(0.,0.,1.));
#5823 = ORIENTED_EDGE('',*,*,#5824,.T.);
#5824 = EDGE_CURVE('',#5817,#5825,#5827,.T.);
#5825 = VERTEX_POINT('',#5826);
#5826 = CARTESIAN_POINT('',(226.,-11.,12.));
#5827 = LINE('',#5828,#5829);
#5828 = CARTESIAN_POINT('',(204.,-11.,12.));
#5829 = VECTOR('',#5830,1.);
#5830 = DIRECTION('',(1.,0.,0.));
#5831 = ORIENTED_EDGE('',*,*,#5832,.F.);
#5832 = EDGE_CURVE('',#5833,#5825,#5835,.T.);
#5833 = VERTEX_POINT('',#5834);
#5834 = CARTESIAN_POINT('',(226.,-11.,2.5));
#5835 = LINE('',#5836,#5837);
#5836 = CARTESIAN_POINT('',(226.,-11.,0.));
#5837 = VECTOR('',#5838,1.);
#5838 = DIRECTION('',(0.,0.,1.));
#5839 = ORIENTED_EDGE('',*,*,#5840,.T.);
#5840 = EDGE_CURVE('',#5833,#3463,#5841,.T.);
#5841 = LINE('',#5842,#5843);
#5842 = CARTESIAN_POINT('',(154.47000320416,-11.,2.5));
#5843 = VECTOR('',#5844,1.);
#5844 = DIRECTION('',(1.,0.,0.));
#5845 = ORIENTED_EDGE('',*,*,#3486,.T.);
#5846 = ORIENTED_EDGE('',*,*,#5847,.T.);
#5847 = EDGE_CURVE('',#3479,#5848,#5850,.T.);
#5848 = VERTEX_POINT('',#5849);
#5849 = CARTESIAN_POINT('',(180.,-11.,-61.));
#5850 = LINE('',#5851,#5852);
#5851 = CARTESIAN_POINT('',(235.,-11.,-61.));
#5852 = VECTOR('',#5853,1.);
#5853 = DIRECTION('',(-1.,0.,0.));
#5854 = ORIENTED_EDGE('',*,*,#5855,.T.);
#5855 = EDGE_CURVE('',#5848,#5856,#5858,.T.);
#5856 = VERTEX_POINT('',#5857);
#5857 = CARTESIAN_POINT('',(180.,-11.,2.E-15));
#5858 = LINE('',#5859,#5860);
#5859 = CARTESIAN_POINT('',(180.,-11.,-43.09842814371));
#5860 = VECTOR('',#5861,1.);
#5861 = DIRECTION('',(0.,0.,1.));
#5862 = ORIENTED_EDGE('',*,*,#5863,.T.);
#5863 = EDGE_CURVE('',#5856,#5864,#5866,.T.);
#5864 = VERTEX_POINT('',#5865);
#5865 = CARTESIAN_POINT('',(134.,-11.,2.E-15));
#5866 = LINE('',#5867,#5868);
#5867 = CARTESIAN_POINT('',(147.46931137724,-11.,3.E-15));
#5868 = VECTOR('',#5869,1.);
#5869 = DIRECTION('',(-1.,0.,0.));
#5870 = ORIENTED_EDGE('',*,*,#5871,.T.);
#5871 = EDGE_CURVE('',#5864,#5872,#5874,.T.);
#5872 = VERTEX_POINT('',#5873);
#5873 = CARTESIAN_POINT('',(134.,-11.,-61.));
#5874 = LINE('',#5875,#5876);
#5875 = CARTESIAN_POINT('',(134.,-11.,-12.59842814371));
#5876 = VECTOR('',#5877,1.);
#5877 = DIRECTION('',(0.,0.,-1.));
#5878 = ORIENTED_EDGE('',*,*,#5879,.T.);
#5879 = EDGE_CURVE('',#5872,#5880,#5882,.T.);
#5880 = VERTEX_POINT('',#5881);
#5881 = CARTESIAN_POINT('',(90.,-11.,-61.));
#5882 = LINE('',#5883,#5884);
#5883 = CARTESIAN_POINT('',(235.,-11.,-61.));
#5884 = VECTOR('',#5885,1.);
#5885 = DIRECTION('',(-1.,0.,0.));
#5886 = ORIENTED_EDGE('',*,*,#5887,.T.);
#5887 = EDGE_CURVE('',#5880,#5888,#5890,.T.);
#5888 = VERTEX_POINT('',#5889);
#5889 = CARTESIAN_POINT('',(90.,-11.,2.E-15));
#5890 = LINE('',#5891,#5892);
#5891 = CARTESIAN_POINT('',(90.,-11.,-43.09842814371));
#5892 = VECTOR('',#5893,1.);
#5893 = DIRECTION('',(0.,0.,1.));
#5894 = ORIENTED_EDGE('',*,*,#5895,.T.);
#5895 = EDGE_CURVE('',#5888,#5896,#5898,.T.);
#5896 = VERTEX_POINT('',#5897);
#5897 = CARTESIAN_POINT('',(44.,-11.,2.E-15));
#5898 = LINE('',#5899,#5900);
#5899 = CARTESIAN_POINT('',(102.46931137724,-11.,3.E-15));
#5900 = VECTOR('',#5901,1.);
#5901 = DIRECTION('',(-1.,0.,0.));
#5902 = ORIENTED_EDGE('',*,*,#5903,.T.);
#5903 = EDGE_CURVE('',#5896,#5904,#5906,.T.);
#5904 = VERTEX_POINT('',#5905);
#5905 = CARTESIAN_POINT('',(44.,-11.,-61.));
#5906 = LINE('',#5907,#5908);
#5907 = CARTESIAN_POINT('',(44.,-11.,-12.59842814371));
#5908 = VECTOR('',#5909,1.);
#5909 = DIRECTION('',(0.,0.,-1.));
#5910 = ORIENTED_EDGE('',*,*,#5911,.T.);
#5911 = EDGE_CURVE('',#5904,#5728,#5912,.T.);
#5912 = LINE('',#5913,#5914);
#5913 = CARTESIAN_POINT('',(235.,-11.,-61.));
#5914 = VECTOR('',#5915,1.);
#5915 = DIRECTION('',(-1.,0.,0.));
#5916 = FACE_BOUND('',#5917,.T.);
#5917 = EDGE_LOOP('',(#5918));
#5918 = ORIENTED_EDGE('',*,*,#5919,.F.);
#5919 = EDGE_CURVE('',#5920,#5920,#5922,.T.);
#5920 = VERTEX_POINT('',#5921);
#5921 = CARTESIAN_POINT('',(36.303842,-11.,-13.5));
#5922 = CIRCLE('',#5923,1.303841);
#5923 = AXIS2_PLACEMENT_3D('',#5924,#5925,#5926);
#5924 = CARTESIAN_POINT('',(35.000001,-11.,-13.5));
#5925 = DIRECTION('',(0.,1.,-2.2E-16));
#5926 = DIRECTION('',(1.,0.,0.));
#5927 = FACE_BOUND('',#5928,.T.);
#5928 = EDGE_LOOP('',(#5929));
#5929 = ORIENTED_EDGE('',*,*,#5930,.F.);
#5930 = EDGE_CURVE('',#5931,#5931,#5933,.T.);
#5931 = VERTEX_POINT('',#5932);
#5932 = CARTESIAN_POINT('',(37.875001,-11.,6.5));
#5933 = CIRCLE('',#5934,2.875);
#5934 = AXIS2_PLACEMENT_3D('',#5935,#5936,#5937);
#5935 = CARTESIAN_POINT('',(35.000001,-11.,6.5));
#5936 = DIRECTION('',(0.,1.,-2.2E-16));
#5937 = DIRECTION('',(1.,0.,0.));
#5938 = FACE_BOUND('',#5939,.T.);
#5939 = EDGE_LOOP('',(#5940));
#5940 = ORIENTED_EDGE('',*,*,#5941,.F.);
#5941 = EDGE_CURVE('',#5942,#5942,#5944,.T.);
#5942 = VERTEX_POINT('',#5943);
#5943 = CARTESIAN_POINT('',(126.303842,-11.,-13.5));
#5944 = CIRCLE('',#5945,1.303841);
#5945 = AXIS2_PLACEMENT_3D('',#5946,#5947,#5948);
#5946 = CARTESIAN_POINT('',(125.000001,-11.,-13.5));
#5947 = DIRECTION('',(0.,1.,-2.2E-16));
#5948 = DIRECTION('',(1.,0.,0.));
#5949 = FACE_BOUND('',#5950,.T.);
#5950 = EDGE_LOOP('',(#5951));
#5951 = ORIENTED_EDGE('',*,*,#5952,.F.);
#5952 = EDGE_CURVE('',#5953,#5953,#5955,.T.);
#5953 = VERTEX_POINT('',#5954);
#5954 = CARTESIAN_POINT('',(216.303842,-11.,-13.5));
#5955 = CIRCLE('',#5956,1.303841);
#5956 = AXIS2_PLACEMENT_3D('',#5957,#5958,#5959);
#5957 = CARTESIAN_POINT('',(215.000001,-11.,-13.5));
#5958 = DIRECTION('',(0.,1.,-2.2E-16));
#5959 = DIRECTION('',(1.,0.,0.));
#5960 = FACE_BOUND('',#5961,.T.);
#5961 = EDGE_LOOP('',(#5962));
#5962 = ORIENTED_EDGE('',*,*,#5963,.F.);
#5963 = EDGE_CURVE('',#5964,#5964,#5966,.T.);
#5964 = VERTEX_POINT('',#5965);
#5965 = CARTESIAN_POINT('',(127.875001,-11.,6.5));
#5966 = CIRCLE('',#5967,2.875);
#5967 = AXIS2_PLACEMENT_3D('',#5968,#5969,#5970);
#5968 = CARTESIAN_POINT('',(125.000001,-11.,6.5));
#5969 = DIRECTION('',(0.,1.,-2.2E-16));
#5970 = DIRECTION('',(1.,0.,0.));
#5971 = FACE_BOUND('',#5972,.T.);
#5972 = EDGE_LOOP('',(#5973));
#5973 = ORIENTED_EDGE('',*,*,#5974,.F.);
#5974 = EDGE_CURVE('',#5975,#5975,#5977,.T.);
#5975 = VERTEX_POINT('',#5976);
#5976 = CARTESIAN_POINT('',(217.875001,-11.,6.5));
#5977 = CIRCLE('',#5978,2.875);
#5978 = AXIS2_PLACEMENT_3D('',#5979,#5980,#5981);
#5979 = CARTESIAN_POINT('',(215.000001,-11.,6.5));
#5980 = DIRECTION('',(0.,1.,-2.2E-16));
#5981 = DIRECTION('',(1.,0.,0.));
#5982 = PLANE('',#5983);
#5983 = AXIS2_PLACEMENT_3D('',#5984,#5985,#5986);
#5984 = CARTESIAN_POINT('',(114.93862275449,-11.,-25.19685628742));
#5985 = DIRECTION('',(0.,1.,0.));
#5986 = DIRECTION('',(0.,0.,1.));
#5987 = ADVANCED_FACE('',(#5988),#5999,.T.);
#5988 = FACE_BOUND('',#5989,.T.);
#5989 = EDGE_LOOP('',(#5990,#5991,#5997,#5998));
#5990 = ORIENTED_EDGE('',*,*,#4373,.F.);
#5991 = ORIENTED_EDGE('',*,*,#5992,.T.);
#5992 = EDGE_CURVE('',#4366,#5753,#5993,.T.);
#5993 = LINE('',#5994,#5995);
#5994 = CARTESIAN_POINT('',(24.,22.,12.));
#5995 = VECTOR('',#5996,1.);
#5996 = DIRECTION('',(0.,-1.,0.));
#5997 = ORIENTED_EDGE('',*,*,#5752,.F.);
#5998 = ORIENTED_EDGE('',*,*,#1658,.F.);
#5999 = PLANE('',#6000);
#6000 = AXIS2_PLACEMENT_3D('',#6001,#6002,#6003);
#6001 = CARTESIAN_POINT('',(24.,22.,0.));
#6002 = DIRECTION('',(1.,0.,0.));
#6003 = DIRECTION('',(0.,-1.,0.));
#6004 = ADVANCED_FACE('',(#6005),#6020,.T.);
#6005 = FACE_BOUND('',#6006,.T.);
#6006 = EDGE_LOOP('',(#6007,#6008,#6009,#6010,#6016,#6017,#6018,#6019));
#6007 = ORIENTED_EDGE('',*,*,#4834,.T.);
#6008 = ORIENTED_EDGE('',*,*,#4792,.T.);
#6009 = ORIENTED_EDGE('',*,*,#1990,.T.);
#6010 = ORIENTED_EDGE('',*,*,#6011,.F.);
#6011 = EDGE_CURVE('',#1999,#1991,#6012,.T.);
#6012 = LINE('',#6013,#6014);
#6013 = CARTESIAN_POINT('',(-18.,58.000000339018,24.4));
#6014 = VECTOR('',#6015,1.);
#6015 = DIRECTION('',(0.,1.,0.));
#6016 = ORIENTED_EDGE('',*,*,#2007,.F.);
#6017 = ORIENTED_EDGE('',*,*,#4803,.T.);
#6018 = ORIENTED_EDGE('',*,*,#4875,.T.);
#6019 = ORIENTED_EDGE('',*,*,#4858,.T.);
#6020 = PLANE('',#6021);
#6021 = AXIS2_PLACEMENT_3D('',#6022,#6023,#6024);
#6022 = CARTESIAN_POINT('',(-16.,58.000001,24.4));
#6023 = DIRECTION('',(0.,0.,1.));
#6024 = DIRECTION('',(1.,0.,0.));
#6025 = ADVANCED_FACE('',(#6026),#6030,.F.);
#6026 = FACE_BOUND('',#6027,.F.);
#6027 = EDGE_LOOP('',(#6028,#6029));
#6028 = ORIENTED_EDGE('',*,*,#1998,.T.);
#6029 = ORIENTED_EDGE('',*,*,#6011,.F.);
#6030 = PLANE('',#6031);
#6031 = AXIS2_PLACEMENT_3D('',#6032,#6033,#6034);
#6032 = CARTESIAN_POINT('',(-18.,57.999999678035,29.499999696891));
#6033 = DIRECTION('',(1.,0.,0.));
#6034 = DIRECTION('',(0.,0.,1.));
#6035 = ADVANCED_FACE('',(#6036),#6052,.T.);
#6036 = FACE_BOUND('',#6037,.T.);
#6037 = EDGE_LOOP('',(#6038,#6039,#6045,#6046));
#6038 = ORIENTED_EDGE('',*,*,#4916,.T.);
#6039 = ORIENTED_EDGE('',*,*,#6040,.T.);
#6040 = EDGE_CURVE('',#4917,#2168,#6041,.T.);
#6041 = LINE('',#6042,#6043);
#6042 = CARTESIAN_POINT('',(-18.,47.499999232051,32.000000537564));
#6043 = VECTOR('',#6044,1.);
#6044 = DIRECTION('',(-1.,-0.,-0.));
#6045 = ORIENTED_EDGE('',*,*,#2165,.F.);
#6046 = ORIENTED_EDGE('',*,*,#6047,.F.);
#6047 = EDGE_CURVE('',#4908,#2166,#6048,.T.);
#6048 = LINE('',#6049,#6050);
#6049 = CARTESIAN_POINT('',(-18.,47.499999232051,26.999999462436));
#6050 = VECTOR('',#6051,1.);
#6051 = DIRECTION('',(-1.,-0.,-0.));
#6052 = PLANE('',#6053);
#6053 = AXIS2_PLACEMENT_3D('',#6054,#6055,#6056);
#6054 = CARTESIAN_POINT('',(-18.,47.499999232051,32.000000537564));
#6055 = DIRECTION('',(0.,-1.,0.));
#6056 = DIRECTION('',(0.,0.,-1.));
#6057 = ADVANCED_FACE('',(#6058),#6093,.F.);
#6058 = FACE_BOUND('',#6059,.F.);
#6059 = EDGE_LOOP('',(#6060,#6061,#6067,#6068,#6069,#6070,#6078,#6087));
#6060 = ORIENTED_EDGE('',*,*,#4941,.F.);
#6061 = ORIENTED_EDGE('',*,*,#6062,.T.);
#6062 = EDGE_CURVE('',#4934,#2185,#6063,.T.);
#6063 = LINE('',#6064,#6065);
#6064 = CARTESIAN_POINT('',(-18.,40.499999232051,26.999999462436));
#6065 = VECTOR('',#6066,1.);
#6066 = DIRECTION('',(-1.,-0.,-0.));
#6067 = ORIENTED_EDGE('',*,*,#2192,.T.);
#6068 = ORIENTED_EDGE('',*,*,#6047,.F.);
#6069 = ORIENTED_EDGE('',*,*,#4907,.F.);
#6070 = ORIENTED_EDGE('',*,*,#6071,.T.);
#6071 = EDGE_CURVE('',#4900,#6072,#6074,.T.);
#6072 = VERTEX_POINT('',#6073);
#6073 = CARTESIAN_POINT('',(-18.,46.343074731333,24.4));
#6074 = LINE('',#6075,#6076);
#6075 = CARTESIAN_POINT('',(-18.,46.343074731333,24.4));
#6076 = VECTOR('',#6077,1.);
#6077 = DIRECTION('',(1.,0.,0.));
#6078 = ORIENTED_EDGE('',*,*,#6079,.F.);
#6079 = EDGE_CURVE('',#6080,#6072,#6082,.T.);
#6080 = VERTEX_POINT('',#6081);
#6081 = CARTESIAN_POINT('',(-18.,41.656923732769,24.4));
#6082 = CIRCLE('',#6083,3.5);
#6083 = AXIS2_PLACEMENT_3D('',#6084,#6085,#6086);
#6084 = CARTESIAN_POINT('',(-18.,43.999999232051,26.999999462436));
#6085 = DIRECTION('',(1.,0.,0.));
#6086 = DIRECTION('',(0.,1.,0.));
#6087 = ORIENTED_EDGE('',*,*,#6088,.F.);
#6088 = EDGE_CURVE('',#4942,#6080,#6089,.T.);
#6089 = LINE('',#6090,#6091);
#6090 = CARTESIAN_POINT('',(-18.,41.656923732769,24.4));
#6091 = VECTOR('',#6092,1.);
#6092 = DIRECTION('',(1.,0.,0.));
#6093 = CYLINDRICAL_SURFACE('',#6094,3.5);
#6094 = AXIS2_PLACEMENT_3D('',#6095,#6096,#6097);
#6095 = CARTESIAN_POINT('',(-18.,43.999999232051,26.999999462436));
#6096 = DIRECTION('',(1.,0.,0.));
#6097 = DIRECTION('',(0.,1.,0.));
#6098 = ADVANCED_FACE('',(#6099),#6110,.F.);
#6099 = FACE_BOUND('',#6100,.F.);
#6100 = EDGE_LOOP('',(#6101,#6102,#6103,#6104));
#6101 = ORIENTED_EDGE('',*,*,#4924,.F.);
#6102 = ORIENTED_EDGE('',*,*,#6040,.T.);
#6103 = ORIENTED_EDGE('',*,*,#2175,.T.);
#6104 = ORIENTED_EDGE('',*,*,#6105,.F.);
#6105 = EDGE_CURVE('',#4925,#2176,#6106,.T.);
#6106 = LINE('',#6107,#6108);
#6107 = CARTESIAN_POINT('',(-18.,40.499999232051,32.000000537564));
#6108 = VECTOR('',#6109,1.);
#6109 = DIRECTION('',(-1.,-0.,-0.));
#6110 = CYLINDRICAL_SURFACE('',#6111,3.5);
#6111 = AXIS2_PLACEMENT_3D('',#6112,#6113,#6114);
#6112 = CARTESIAN_POINT('',(-18.,43.999999232051,32.000000537564));
#6113 = DIRECTION('',(1.,0.,0.));
#6114 = DIRECTION('',(0.,1.,0.));
#6115 = ADVANCED_FACE('',(#6116),#6122,.F.);
#6116 = FACE_BOUND('',#6117,.F.);
#6117 = EDGE_LOOP('',(#6118,#6119,#6120,#6121));
#6118 = ORIENTED_EDGE('',*,*,#4933,.T.);
#6119 = ORIENTED_EDGE('',*,*,#6105,.T.);
#6120 = ORIENTED_EDGE('',*,*,#2184,.F.);
#6121 = ORIENTED_EDGE('',*,*,#6062,.F.);
#6122 = PLANE('',#6123);
#6123 = AXIS2_PLACEMENT_3D('',#6124,#6125,#6126);
#6124 = CARTESIAN_POINT('',(-18.,40.499999232051,32.000000537564));
#6125 = DIRECTION('',(0.,-1.,-7.11E-15));
#6126 = DIRECTION('',(0.,7.11E-15,-1.));
#6127 = ADVANCED_FACE('',(#6128),#6139,.F.);
#6128 = FACE_BOUND('',#6129,.F.);
#6129 = EDGE_LOOP('',(#6130,#6136,#6137,#6138));
#6130 = ORIENTED_EDGE('',*,*,#6131,.F.);
#6131 = EDGE_CURVE('',#5598,#2295,#6132,.T.);
#6132 = LINE('',#6133,#6134);
#6133 = CARTESIAN_POINT('',(-37.,39.125,13.875));
#6134 = VECTOR('',#6135,1.);
#6135 = DIRECTION('',(0.,-0.707106781187,0.707106781187));
#6136 = ORIENTED_EDGE('',*,*,#5605,.T.);
#6137 = ORIENTED_EDGE('',*,*,#2253,.T.);
#6138 = ORIENTED_EDGE('',*,*,#2294,.F.);
#6139 = PLANE('',#6140);
#6140 = AXIS2_PLACEMENT_3D('',#6141,#6142,#6143);
#6141 = CARTESIAN_POINT('',(-38.,36.,17.));
#6142 = DIRECTION('',(0.,-0.707106781187,-0.707106781187));
#6143 = DIRECTION('',(0.,-0.707106781187,0.707106781187));
#6144 = ADVANCED_FACE('',(#6145),#6150,.T.);
#6145 = FACE_BOUND('',#6146,.T.);
#6146 = EDGE_LOOP('',(#6147,#6148,#6149));
#6147 = ORIENTED_EDGE('',*,*,#5597,.F.);
#6148 = ORIENTED_EDGE('',*,*,#2302,.T.);
#6149 = ORIENTED_EDGE('',*,*,#6131,.F.);
#6150 = PLANE('',#6151);
#6151 = AXIS2_PLACEMENT_3D('',#6152,#6153,#6154);
#6152 = CARTESIAN_POINT('',(-37.,34.,2.5));
#6153 = DIRECTION('',(-1.,0.,0.));
#6154 = DIRECTION('',(0.,1.,0.));
#6155 = ADVANCED_FACE('',(#6156),#6162,.F.);
#6156 = FACE_BOUND('',#6157,.F.);
#6157 = EDGE_LOOP('',(#6158,#6159,#6160,#6161));
#6158 = ORIENTED_EDGE('',*,*,#2333,.T.);
#6159 = ORIENTED_EDGE('',*,*,#2394,.T.);
#6160 = ORIENTED_EDGE('',*,*,#5631,.T.);
#6161 = ORIENTED_EDGE('',*,*,#5563,.F.);
#6162 = PLANE('',#6163);
#6163 = AXIS2_PLACEMENT_3D('',#6164,#6165,#6166);
#6164 = CARTESIAN_POINT('',(91.020179374264,-6.492045838548,-61.));
#6165 = DIRECTION('',(0.,0.,1.));
#6166 = DIRECTION('',(1.,0.,0.));
#6167 = ADVANCED_FACE('',(#6168),#6179,.F.);
#6168 = FACE_BOUND('',#6169,.F.);
#6169 = EDGE_LOOP('',(#6170,#6171,#6177,#6178));
#6170 = ORIENTED_EDGE('',*,*,#5653,.F.);
#6171 = ORIENTED_EDGE('',*,*,#6172,.T.);
#6172 = EDGE_CURVE('',#5654,#2351,#6173,.T.);
#6173 = LINE('',#6174,#6175);
#6174 = CARTESIAN_POINT('',(0.,45.300001,-8.5));
#6175 = VECTOR('',#6176,1.);
#6176 = DIRECTION('',(-1.,-0.,-0.));
#6177 = ORIENTED_EDGE('',*,*,#2350,.T.);
#6178 = ORIENTED_EDGE('',*,*,#6172,.F.);
#6179 = CYLINDRICAL_SURFACE('',#6180,1.3);
#6180 = AXIS2_PLACEMENT_3D('',#6181,#6182,#6183);
#6181 = CARTESIAN_POINT('',(0.,44.000001,-8.5));
#6182 = DIRECTION('',(1.,0.,0.));
#6183 = DIRECTION('',(0.,1.,0.));
#6184 = ADVANCED_FACE('',(#6185),#6196,.F.);
#6185 = FACE_BOUND('',#6186,.F.);
#6186 = EDGE_LOOP('',(#6187,#6188,#6194,#6195));
#6187 = ORIENTED_EDGE('',*,*,#5642,.F.);
#6188 = ORIENTED_EDGE('',*,*,#6189,.T.);
#6189 = EDGE_CURVE('',#5643,#2362,#6190,.T.);
#6190 = LINE('',#6191,#6192);
#6191 = CARTESIAN_POINT('',(0.,46.875,-28.));
#6192 = VECTOR('',#6193,1.);
#6193 = DIRECTION('',(-1.,-0.,-0.));
#6194 = ORIENTED_EDGE('',*,*,#2361,.T.);
#6195 = ORIENTED_EDGE('',*,*,#6189,.F.);
#6196 = CYLINDRICAL_SURFACE('',#6197,2.875);
#6197 = AXIS2_PLACEMENT_3D('',#6198,#6199,#6200);
#6198 = CARTESIAN_POINT('',(0.,44.,-28.));
#6199 = DIRECTION('',(1.,0.,0.));
#6200 = DIRECTION('',(0.,1.,0.));
#6201 = ADVANCED_FACE('',(#6202),#6228,.T.);
#6202 = FACE_BOUND('',#6203,.T.);
#6203 = EDGE_LOOP('',(#6204,#6205,#6206,#6207,#6208,#6209,#6216,#6223));
#6204 = ORIENTED_EDGE('',*,*,#2727,.F.);
#6205 = ORIENTED_EDGE('',*,*,#2666,.T.);
#6206 = ORIENTED_EDGE('',*,*,#2566,.F.);
#6207 = ORIENTED_EDGE('',*,*,#2908,.F.);
#6208 = ORIENTED_EDGE('',*,*,#2855,.F.);
#6209 = ORIENTED_EDGE('',*,*,#6210,.T.);
#6210 = EDGE_CURVE('',#2856,#6211,#6213,.T.);
#6211 = VERTEX_POINT('',#6212);
#6212 = CARTESIAN_POINT('',(43.136029765734,-0.636029765734,13.));
#6213 = B_SPLINE_CURVE_WITH_KNOTS('',1,(#6214,#6215),.UNSPECIFIED.,.F.,
  .F.,(2,2),(0.,1.),.PIECEWISE_BEZIER_KNOTS.);
#6214 = CARTESIAN_POINT('',(43.136029765734,2.89E-15,13.));
#6215 = CARTESIAN_POINT('',(43.136029765734,-0.636029765734,13.));
#6216 = ORIENTED_EDGE('',*,*,#6217,.T.);
#6217 = EDGE_CURVE('',#6211,#6218,#6220,.T.);
#6218 = VERTEX_POINT('',#6219);
#6219 = CARTESIAN_POINT('',(26.863970234266,-0.636029765734,13.));
#6220 = B_SPLINE_CURVE_WITH_KNOTS('',1,(#6221,#6222),.UNSPECIFIED.,.F.,
  .F.,(2,2),(0.,1.),.PIECEWISE_BEZIER_KNOTS.);
#6221 = CARTESIAN_POINT('',(43.136029765734,-0.636029765734,13.));
#6222 = CARTESIAN_POINT('',(26.863970234266,-0.636029765734,13.));
#6223 = ORIENTED_EDGE('',*,*,#6224,.T.);
#6224 = EDGE_CURVE('',#6218,#2691,#6225,.T.);
#6225 = B_SPLINE_CURVE_WITH_KNOTS('',1,(#6226,#6227),.UNSPECIFIED.,.F.,
  .F.,(2,2),(0.,1.),.PIECEWISE_BEZIER_KNOTS.);
#6226 = CARTESIAN_POINT('',(26.863970234266,-0.636029765734,13.));
#6227 = CARTESIAN_POINT('',(26.863970234266,2.89E-15,13.));
#6228 = PLANE('',#6229);
#6229 = AXIS2_PLACEMENT_3D('',#6230,#6231,#6232);
#6230 = CARTESIAN_POINT('',(23.,2.89E-15,13.));
#6231 = DIRECTION('',(0.,2.2E-16,1.));
#6232 = DIRECTION('',(1.,0.,0.));
#6233 = ADVANCED_FACE('',(#6234),#6260,.T.);
#6234 = FACE_BOUND('',#6235,.T.);
#6235 = EDGE_LOOP('',(#6236,#6237,#6238,#6239,#6240,#6241,#6248,#6255));
#6236 = ORIENTED_EDGE('',*,*,#2995,.F.);
#6237 = ORIENTED_EDGE('',*,*,#2934,.T.);
#6238 = ORIENTED_EDGE('',*,*,#2543,.F.);
#6239 = ORIENTED_EDGE('',*,*,#3176,.F.);
#6240 = ORIENTED_EDGE('',*,*,#3123,.F.);
#6241 = ORIENTED_EDGE('',*,*,#6242,.T.);
#6242 = EDGE_CURVE('',#3124,#6243,#6245,.T.);
#6243 = VERTEX_POINT('',#6244);
#6244 = CARTESIAN_POINT('',(133.13602976573,-0.636029765734,13.));
#6245 = B_SPLINE_CURVE_WITH_KNOTS('',1,(#6246,#6247),.UNSPECIFIED.,.F.,
  .F.,(2,2),(0.,1.),.PIECEWISE_BEZIER_KNOTS.);
#6246 = CARTESIAN_POINT('',(133.13602976573,2.89E-15,13.));
#6247 = CARTESIAN_POINT('',(133.13602976573,-0.636029765734,13.));
#6248 = ORIENTED_EDGE('',*,*,#6249,.T.);
#6249 = EDGE_CURVE('',#6243,#6250,#6252,.T.);
#6250 = VERTEX_POINT('',#6251);
#6251 = CARTESIAN_POINT('',(116.86397023426,-0.636029765734,13.));
#6252 = B_SPLINE_CURVE_WITH_KNOTS('',1,(#6253,#6254),.UNSPECIFIED.,.F.,
  .F.,(2,2),(0.,1.),.PIECEWISE_BEZIER_KNOTS.);
#6253 = CARTESIAN_POINT('',(133.13602976573,-0.636029765734,13.));
#6254 = CARTESIAN_POINT('',(116.86397023426,-0.636029765734,13.));
#6255 = ORIENTED_EDGE('',*,*,#6256,.T.);
#6256 = EDGE_CURVE('',#6250,#2959,#6257,.T.);
#6257 = B_SPLINE_CURVE_WITH_KNOTS('',1,(#6258,#6259),.UNSPECIFIED.,.F.,
  .F.,(2,2),(0.,1.),.PIECEWISE_BEZIER_KNOTS.);
#6258 = CARTESIAN_POINT('',(116.86397023426,-0.636029765734,13.));
#6259 = CARTESIAN_POINT('',(116.86397023426,2.89E-15,13.));
#6260 = PLANE('',#6261);
#6261 = AXIS2_PLACEMENT_3D('',#6262,#6263,#6264);
#6262 = CARTESIAN_POINT('',(113.,2.89E-15,13.));
#6263 = DIRECTION('',(0.,2.2E-16,1.));
#6264 = DIRECTION('',(1.,0.,0.));
#6265 = ADVANCED_FACE('',(#6266),#6292,.T.);
#6266 = FACE_BOUND('',#6267,.T.);
#6267 = EDGE_LOOP('',(#6268,#6269,#6270,#6271,#6272,#6273,#6280,#6287));
#6268 = ORIENTED_EDGE('',*,*,#3263,.F.);
#6269 = ORIENTED_EDGE('',*,*,#3202,.T.);
#6270 = ORIENTED_EDGE('',*,*,#2520,.F.);
#6271 = ORIENTED_EDGE('',*,*,#3444,.F.);
#6272 = ORIENTED_EDGE('',*,*,#3391,.F.);
#6273 = ORIENTED_EDGE('',*,*,#6274,.T.);
#6274 = EDGE_CURVE('',#3392,#6275,#6277,.T.);
#6275 = VERTEX_POINT('',#6276);
#6276 = CARTESIAN_POINT('',(223.13602976573,-0.636029765734,13.));
#6277 = B_SPLINE_CURVE_WITH_KNOTS('',1,(#6278,#6279),.UNSPECIFIED.,.F.,
  .F.,(2,2),(0.,1.),.PIECEWISE_BEZIER_KNOTS.);
#6278 = CARTESIAN_POINT('',(223.13602976573,2.89E-15,13.));
#6279 = CARTESIAN_POINT('',(223.13602976573,-0.636029765734,13.));
#6280 = ORIENTED_EDGE('',*,*,#6281,.T.);
#6281 = EDGE_CURVE('',#6275,#6282,#6284,.T.);
#6282 = VERTEX_POINT('',#6283);
#6283 = CARTESIAN_POINT('',(206.86397023426,-0.636029765734,13.));
#6284 = B_SPLINE_CURVE_WITH_KNOTS('',1,(#6285,#6286),.UNSPECIFIED.,.F.,
  .F.,(2,2),(0.,1.),.PIECEWISE_BEZIER_KNOTS.);
#6285 = CARTESIAN_POINT('',(223.13602976573,-0.636029765734,13.));
#6286 = CARTESIAN_POINT('',(206.86397023426,-0.636029765734,13.));
#6287 = ORIENTED_EDGE('',*,*,#6288,.T.);
#6288 = EDGE_CURVE('',#6282,#3227,#6289,.T.);
#6289 = B_SPLINE_CURVE_WITH_KNOTS('',1,(#6290,#6291),.UNSPECIFIED.,.F.,
  .F.,(2,2),(0.,1.),.PIECEWISE_BEZIER_KNOTS.);
#6290 = CARTESIAN_POINT('',(206.86397023426,-0.636029765734,13.));
#6291 = CARTESIAN_POINT('',(206.86397023426,2.89E-15,13.));
#6292 = PLANE('',#6293);
#6293 = AXIS2_PLACEMENT_3D('',#6294,#6295,#6296);
#6294 = CARTESIAN_POINT('',(203.,2.89E-15,13.));
#6295 = DIRECTION('',(0.,2.2E-16,1.));
#6296 = DIRECTION('',(1.,0.,0.));
#6297 = ADVANCED_FACE('',(#6298),#6309,.F.);
#6298 = FACE_BOUND('',#6299,.F.);
#6299 = EDGE_LOOP('',(#6300,#6301,#6307,#6308));
#6300 = ORIENTED_EDGE('',*,*,#5847,.T.);
#6301 = ORIENTED_EDGE('',*,*,#6302,.T.);
#6302 = EDGE_CURVE('',#5848,#2490,#6303,.T.);
#6303 = LINE('',#6304,#6305);
#6304 = CARTESIAN_POINT('',(180.,-1.354E-14,-61.));
#6305 = VECTOR('',#6306,1.);
#6306 = DIRECTION('',(0.,-1.,2.2E-16));
#6307 = ORIENTED_EDGE('',*,*,#2497,.T.);
#6308 = ORIENTED_EDGE('',*,*,#3478,.T.);
#6309 = PLANE('',#6310);
#6310 = AXIS2_PLACEMENT_3D('',#6311,#6312,#6313);
#6311 = CARTESIAN_POINT('',(91.020179374264,-6.492045838548,-61.));
#6312 = DIRECTION('',(0.,0.,1.));
#6313 = DIRECTION('',(1.,0.,0.));
#6314 = ADVANCED_FACE('',(#6315),#6326,.T.);
#6315 = FACE_BOUND('',#6316,.T.);
#6316 = EDGE_LOOP('',(#6317,#6318,#6319,#6320));
#6317 = ORIENTED_EDGE('',*,*,#5855,.F.);
#6318 = ORIENTED_EDGE('',*,*,#6302,.T.);
#6319 = ORIENTED_EDGE('',*,*,#2489,.F.);
#6320 = ORIENTED_EDGE('',*,*,#6321,.F.);
#6321 = EDGE_CURVE('',#5856,#2482,#6322,.T.);
#6322 = LINE('',#6323,#6324);
#6323 = CARTESIAN_POINT('',(180.,0.,0.));
#6324 = VECTOR('',#6325,1.);
#6325 = DIRECTION('',(0.,-1.,2.2E-16));
#6326 = PLANE('',#6327);
#6327 = AXIS2_PLACEMENT_3D('',#6328,#6329,#6330);
#6328 = CARTESIAN_POINT('',(180.,-1.354E-14,-61.));
#6329 = DIRECTION('',(-1.,0.,0.));
#6330 = DIRECTION('',(0.,2.2E-16,1.));
#6331 = ADVANCED_FACE('',(#6332),#6343,.T.);
#6332 = FACE_BOUND('',#6333,.T.);
#6333 = EDGE_LOOP('',(#6334,#6335,#6336,#6337));
#6334 = ORIENTED_EDGE('',*,*,#5863,.F.);
#6335 = ORIENTED_EDGE('',*,*,#6321,.T.);
#6336 = ORIENTED_EDGE('',*,*,#2481,.F.);
#6337 = ORIENTED_EDGE('',*,*,#6338,.F.);
#6338 = EDGE_CURVE('',#5864,#2474,#6339,.T.);
#6339 = LINE('',#6340,#6341);
#6340 = CARTESIAN_POINT('',(134.,0.,0.));
#6341 = VECTOR('',#6342,1.);
#6342 = DIRECTION('',(0.,-1.,2.2E-16));
#6343 = PLANE('',#6344);
#6344 = AXIS2_PLACEMENT_3D('',#6345,#6346,#6347);
#6345 = CARTESIAN_POINT('',(180.,0.,0.));
#6346 = DIRECTION('',(-0.,-2.2E-16,-1.));
#6347 = DIRECTION('',(-1.,0.,0.));
#6348 = ADVANCED_FACE('',(#6349),#6360,.T.);
#6349 = FACE_BOUND('',#6350,.T.);
#6350 = EDGE_LOOP('',(#6351,#6352,#6353,#6354));
#6351 = ORIENTED_EDGE('',*,*,#5871,.F.);
#6352 = ORIENTED_EDGE('',*,*,#6338,.T.);
#6353 = ORIENTED_EDGE('',*,*,#2473,.F.);
#6354 = ORIENTED_EDGE('',*,*,#6355,.F.);
#6355 = EDGE_CURVE('',#5872,#2466,#6356,.T.);
#6356 = LINE('',#6357,#6358);
#6357 = CARTESIAN_POINT('',(134.,-1.354E-14,-61.));
#6358 = VECTOR('',#6359,1.);
#6359 = DIRECTION('',(0.,-1.,2.2E-16));
#6360 = PLANE('',#6361);
#6361 = AXIS2_PLACEMENT_3D('',#6362,#6363,#6364);
#6362 = CARTESIAN_POINT('',(134.,0.,0.));
#6363 = DIRECTION('',(1.,0.,0.));
#6364 = DIRECTION('',(0.,-2.2E-16,-1.));
#6365 = ADVANCED_FACE('',(#6366),#6377,.F.);
#6366 = FACE_BOUND('',#6367,.F.);
#6367 = EDGE_LOOP('',(#6368,#6369,#6375,#6376));
#6368 = ORIENTED_EDGE('',*,*,#5879,.T.);
#6369 = ORIENTED_EDGE('',*,*,#6370,.T.);
#6370 = EDGE_CURVE('',#5880,#2458,#6371,.T.);
#6371 = LINE('',#6372,#6373);
#6372 = CARTESIAN_POINT('',(90.,-1.354E-14,-61.));
#6373 = VECTOR('',#6374,1.);
#6374 = DIRECTION('',(0.,-1.,2.2E-16));
#6375 = ORIENTED_EDGE('',*,*,#2465,.T.);
#6376 = ORIENTED_EDGE('',*,*,#6355,.F.);
#6377 = PLANE('',#6378);
#6378 = AXIS2_PLACEMENT_3D('',#6379,#6380,#6381);
#6379 = CARTESIAN_POINT('',(91.020179374264,-6.492045838548,-61.));
#6380 = DIRECTION('',(0.,0.,1.));
#6381 = DIRECTION('',(1.,0.,0.));
#6382 = ADVANCED_FACE('',(#6383),#6394,.T.);
#6383 = FACE_BOUND('',#6384,.T.);
#6384 = EDGE_LOOP('',(#6385,#6386,#6387,#6388));
#6385 = ORIENTED_EDGE('',*,*,#5887,.F.);
#6386 = ORIENTED_EDGE('',*,*,#6370,.T.);
#6387 = ORIENTED_EDGE('',*,*,#2457,.F.);
#6388 = ORIENTED_EDGE('',*,*,#6389,.F.);
#6389 = EDGE_CURVE('',#5888,#2450,#6390,.T.);
#6390 = LINE('',#6391,#6392);
#6391 = CARTESIAN_POINT('',(90.,0.,0.));
#6392 = VECTOR('',#6393,1.);
#6393 = DIRECTION('',(0.,-1.,2.2E-16));
#6394 = PLANE('',#6395);
#6395 = AXIS2_PLACEMENT_3D('',#6396,#6397,#6398);
#6396 = CARTESIAN_POINT('',(90.,-1.354E-14,-61.));
#6397 = DIRECTION('',(-1.,0.,0.));
#6398 = DIRECTION('',(0.,2.2E-16,1.));
#6399 = ADVANCED_FACE('',(#6400),#6411,.T.);
#6400 = FACE_BOUND('',#6401,.T.);
#6401 = EDGE_LOOP('',(#6402,#6403,#6404,#6405));
#6402 = ORIENTED_EDGE('',*,*,#5895,.F.);
#6403 = ORIENTED_EDGE('',*,*,#6389,.T.);
#6404 = ORIENTED_EDGE('',*,*,#2449,.F.);
#6405 = ORIENTED_EDGE('',*,*,#6406,.F.);
#6406 = EDGE_CURVE('',#5896,#2442,#6407,.T.);
#6407 = LINE('',#6408,#6409);
#6408 = CARTESIAN_POINT('',(44.,0.,0.));
#6409 = VECTOR('',#6410,1.);
#6410 = DIRECTION('',(0.,-1.,2.2E-16));
#6411 = PLANE('',#6412);
#6412 = AXIS2_PLACEMENT_3D('',#6413,#6414,#6415);
#6413 = CARTESIAN_POINT('',(90.,0.,0.));
#6414 = DIRECTION('',(-0.,-2.2E-16,-1.));
#6415 = DIRECTION('',(-1.,0.,0.));
#6416 = ADVANCED_FACE('',(#6417),#6428,.T.);
#6417 = FACE_BOUND('',#6418,.T.);
#6418 = EDGE_LOOP('',(#6419,#6420,#6421,#6422));
#6419 = ORIENTED_EDGE('',*,*,#5903,.F.);
#6420 = ORIENTED_EDGE('',*,*,#6406,.T.);
#6421 = ORIENTED_EDGE('',*,*,#2441,.F.);
#6422 = ORIENTED_EDGE('',*,*,#6423,.F.);
#6423 = EDGE_CURVE('',#5904,#2434,#6424,.T.);
#6424 = LINE('',#6425,#6426);
#6425 = CARTESIAN_POINT('',(44.,-1.354E-14,-61.));
#6426 = VECTOR('',#6427,1.);
#6427 = DIRECTION('',(0.,-1.,2.2E-16));
#6428 = PLANE('',#6429);
#6429 = AXIS2_PLACEMENT_3D('',#6430,#6431,#6432);
#6430 = CARTESIAN_POINT('',(44.,0.,0.));
#6431 = DIRECTION('',(1.,0.,0.));
#6432 = DIRECTION('',(0.,-2.2E-16,-1.));
#6433 = ADVANCED_FACE('',(#6434),#6440,.F.);
#6434 = FACE_BOUND('',#6435,.F.);
#6435 = EDGE_LOOP('',(#6436,#6437,#6438,#6439));
#6436 = ORIENTED_EDGE('',*,*,#5911,.T.);
#6437 = ORIENTED_EDGE('',*,*,#5735,.T.);
#6438 = ORIENTED_EDGE('',*,*,#2433,.T.);
#6439 = ORIENTED_EDGE('',*,*,#6423,.F.);
#6440 = PLANE('',#6441);
#6441 = AXIS2_PLACEMENT_3D('',#6442,#6443,#6444);
#6442 = CARTESIAN_POINT('',(91.020179374264,-6.492045838548,-61.));
#6443 = DIRECTION('',(0.,0.,1.));
#6444 = DIRECTION('',(1.,0.,0.));
#6445 = ADVANCED_FACE('',(#6446),#6457,.F.);
#6446 = FACE_BOUND('',#6447,.T.);
#6447 = EDGE_LOOP('',(#6448,#6449,#6455,#6456));
#6448 = ORIENTED_EDGE('',*,*,#5930,.T.);
#6449 = ORIENTED_EDGE('',*,*,#6450,.T.);
#6450 = EDGE_CURVE('',#5931,#2585,#6451,.T.);
#6451 = LINE('',#6452,#6453);
#6452 = CARTESIAN_POINT('',(37.875001,1.44E-15,6.5));
#6453 = VECTOR('',#6454,1.);
#6454 = DIRECTION('',(0.,-1.,2.2E-16));
#6455 = ORIENTED_EDGE('',*,*,#2584,.F.);
#6456 = ORIENTED_EDGE('',*,*,#6450,.F.);
#6457 = CYLINDRICAL_SURFACE('',#6458,2.875);
#6458 = AXIS2_PLACEMENT_3D('',#6459,#6460,#6461);
#6459 = CARTESIAN_POINT('',(35.000001,1.44E-15,6.5));
#6460 = DIRECTION('',(0.,1.,-2.2E-16));
#6461 = DIRECTION('',(1.,0.,0.));
#6462 = ADVANCED_FACE('',(#6463),#6474,.F.);
#6463 = FACE_BOUND('',#6464,.T.);
#6464 = EDGE_LOOP('',(#6465,#6466,#6472,#6473));
#6465 = ORIENTED_EDGE('',*,*,#5919,.T.);
#6466 = ORIENTED_EDGE('',*,*,#6467,.T.);
#6467 = EDGE_CURVE('',#5920,#2596,#6468,.T.);
#6468 = LINE('',#6469,#6470);
#6469 = CARTESIAN_POINT('',(36.303842,-3.E-15,-13.5));
#6470 = VECTOR('',#6471,1.);
#6471 = DIRECTION('',(0.,-1.,2.2E-16));
#6472 = ORIENTED_EDGE('',*,*,#2595,.F.);
#6473 = ORIENTED_EDGE('',*,*,#6467,.F.);
#6474 = CYLINDRICAL_SURFACE('',#6475,1.303841);
#6475 = AXIS2_PLACEMENT_3D('',#6476,#6477,#6478);
#6476 = CARTESIAN_POINT('',(35.000001,-3.E-15,-13.5));
#6477 = DIRECTION('',(0.,1.,-2.2E-16));
#6478 = DIRECTION('',(1.,0.,0.));
#6479 = ADVANCED_FACE('',(#6480),#6491,.F.);
#6480 = FACE_BOUND('',#6481,.T.);
#6481 = EDGE_LOOP('',(#6482,#6483,#6489,#6490));
#6482 = ORIENTED_EDGE('',*,*,#5963,.T.);
#6483 = ORIENTED_EDGE('',*,*,#6484,.T.);
#6484 = EDGE_CURVE('',#5964,#2607,#6485,.T.);
#6485 = LINE('',#6486,#6487);
#6486 = CARTESIAN_POINT('',(127.875001,1.44E-15,6.5));
#6487 = VECTOR('',#6488,1.);
#6488 = DIRECTION('',(0.,-1.,2.2E-16));
#6489 = ORIENTED_EDGE('',*,*,#2606,.F.);
#6490 = ORIENTED_EDGE('',*,*,#6484,.F.);
#6491 = CYLINDRICAL_SURFACE('',#6492,2.875);
#6492 = AXIS2_PLACEMENT_3D('',#6493,#6494,#6495);
#6493 = CARTESIAN_POINT('',(125.000001,1.44E-15,6.5));
#6494 = DIRECTION('',(0.,1.,-2.2E-16));
#6495 = DIRECTION('',(1.,0.,0.));
#6496 = ADVANCED_FACE('',(#6497),#6508,.F.);
#6497 = FACE_BOUND('',#6498,.T.);
#6498 = EDGE_LOOP('',(#6499,#6500,#6506,#6507));
#6499 = ORIENTED_EDGE('',*,*,#5974,.T.);
#6500 = ORIENTED_EDGE('',*,*,#6501,.T.);
#6501 = EDGE_CURVE('',#5975,#2618,#6502,.T.);
#6502 = LINE('',#6503,#6504);
#6503 = CARTESIAN_POINT('',(217.875001,1.44E-15,6.5));
#6504 = VECTOR('',#6505,1.);
#6505 = DIRECTION('',(0.,-1.,2.2E-16));
#6506 = ORIENTED_EDGE('',*,*,#2617,.F.);
#6507 = ORIENTED_EDGE('',*,*,#6501,.F.);
#6508 = CYLINDRICAL_SURFACE('',#6509,2.875);
#6509 = AXIS2_PLACEMENT_3D('',#6510,#6511,#6512);
#6510 = CARTESIAN_POINT('',(215.000001,1.44E-15,6.5));
#6511 = DIRECTION('',(0.,1.,-2.2E-16));
#6512 = DIRECTION('',(1.,0.,0.));
#6513 = ADVANCED_FACE('',(#6514),#6525,.F.);
#6514 = FACE_BOUND('',#6515,.T.);
#6515 = EDGE_LOOP('',(#6516,#6517,#6523,#6524));
#6516 = ORIENTED_EDGE('',*,*,#5941,.T.);
#6517 = ORIENTED_EDGE('',*,*,#6518,.T.);
#6518 = EDGE_CURVE('',#5942,#2629,#6519,.T.);
#6519 = LINE('',#6520,#6521);
#6520 = CARTESIAN_POINT('',(126.303842,-3.E-15,-13.5));
#6521 = VECTOR('',#6522,1.);
#6522 = DIRECTION('',(0.,-1.,2.2E-16));
#6523 = ORIENTED_EDGE('',*,*,#2628,.F.);
#6524 = ORIENTED_EDGE('',*,*,#6518,.F.);
#6525 = CYLINDRICAL_SURFACE('',#6526,1.303841);
#6526 = AXIS2_PLACEMENT_3D('',#6527,#6528,#6529);
#6527 = CARTESIAN_POINT('',(125.000001,-3.E-15,-13.5));
#6528 = DIRECTION('',(0.,1.,-2.2E-16));
#6529 = DIRECTION('',(1.,0.,0.));
#6530 = ADVANCED_FACE('',(#6531),#6542,.F.);
#6531 = FACE_BOUND('',#6532,.T.);
#6532 = EDGE_LOOP('',(#6533,#6534,#6540,#6541));
#6533 = ORIENTED_EDGE('',*,*,#5952,.T.);
#6534 = ORIENTED_EDGE('',*,*,#6535,.T.);
#6535 = EDGE_CURVE('',#5953,#2640,#6536,.T.);
#6536 = LINE('',#6537,#6538);
#6537 = CARTESIAN_POINT('',(216.303842,-3.E-15,-13.5));
#6538 = VECTOR('',#6539,1.);
#6539 = DIRECTION('',(0.,-1.,2.2E-16));
#6540 = ORIENTED_EDGE('',*,*,#2639,.F.);
#6541 = ORIENTED_EDGE('',*,*,#6535,.F.);
#6542 = CYLINDRICAL_SURFACE('',#6543,1.303841);
#6543 = AXIS2_PLACEMENT_3D('',#6544,#6545,#6546);
#6544 = CARTESIAN_POINT('',(215.000001,-3.E-15,-13.5));
#6545 = DIRECTION('',(0.,1.,-2.2E-16));
#6546 = DIRECTION('',(1.,0.,0.));
#6547 = ADVANCED_FACE('',(#6548),#6573,.F.);
#6548 = FACE_BOUND('',#6549,.F.);
#6549 = EDGE_LOOP('',(#6550,#6557,#6565,#6570,#6571,#6572));
#6550 = ORIENTED_EDGE('',*,*,#6551,.F.);
#6551 = EDGE_CURVE('',#6552,#2742,#6554,.T.);
#6552 = VERTEX_POINT('',#6553);
#6553 = CARTESIAN_POINT('',(26.5,6.,12.));
#6554 = B_SPLINE_CURVE_WITH_KNOTS('',1,(#6555,#6556),.UNSPECIFIED.,.F.,
  .F.,(2,2),(0.,1.),.PIECEWISE_BEZIER_KNOTS.);
#6555 = CARTESIAN_POINT('',(26.5,6.,12.));
#6556 = CARTESIAN_POINT('',(28.319851171331,4.180148828669,17.));
#6557 = ORIENTED_EDGE('',*,*,#6558,.T.);
#6558 = EDGE_CURVE('',#6552,#6559,#6561,.T.);
#6559 = VERTEX_POINT('',#6560);
#6560 = CARTESIAN_POINT('',(26.5,-1.,12.));
#6561 = LINE('',#6562,#6563);
#6562 = CARTESIAN_POINT('',(26.5,6.,12.));
#6563 = VECTOR('',#6564,1.);
#6564 = DIRECTION('',(0.,-1.,0.));
#6565 = ORIENTED_EDGE('',*,*,#6566,.T.);
#6566 = EDGE_CURVE('',#6559,#6218,#6567,.T.);
#6567 = B_SPLINE_CURVE_WITH_KNOTS('',1,(#6568,#6569),.UNSPECIFIED.,.F.,
  .F.,(2,2),(0.,1.),.PIECEWISE_BEZIER_KNOTS.);
#6568 = CARTESIAN_POINT('',(26.5,-1.,12.));
#6569 = CARTESIAN_POINT('',(28.319851171331,0.819851171331,17.));
#6570 = ORIENTED_EDGE('',*,*,#6224,.T.);
#6571 = ORIENTED_EDGE('',*,*,#2690,.T.);
#6572 = ORIENTED_EDGE('',*,*,#2741,.T.);
#6573 = B_SPLINE_SURFACE_WITH_KNOTS('',1,1,(
    (#6574,#6575)
    ,(#6576,#6577
    )),.UNSPECIFIED.,.F.,.F.,.F.,(2,2),(2,2),(0.,7.),(0.,1.),
  .PIECEWISE_BEZIER_KNOTS.);
#6574 = CARTESIAN_POINT('',(26.5,6.,12.));
#6575 = CARTESIAN_POINT('',(28.319851171331,4.180148828669,17.));
#6576 = CARTESIAN_POINT('',(26.5,-1.,12.));
#6577 = CARTESIAN_POINT('',(28.319851171331,0.819851171331,17.));
#6578 = ADVANCED_FACE('',(#6579),#6596,.F.);
#6579 = FACE_BOUND('',#6580,.F.);
#6580 = EDGE_LOOP('',(#6581,#6588,#6594,#6595));
#6581 = ORIENTED_EDGE('',*,*,#6582,.F.);
#6582 = EDGE_CURVE('',#6583,#2765,#6585,.T.);
#6583 = VERTEX_POINT('',#6584);
#6584 = CARTESIAN_POINT('',(43.5,6.,12.));
#6585 = B_SPLINE_CURVE_WITH_KNOTS('',1,(#6586,#6587),.UNSPECIFIED.,.F.,
  .F.,(2,2),(0.,1.),.PIECEWISE_BEZIER_KNOTS.);
#6586 = CARTESIAN_POINT('',(43.5,6.,12.));
#6587 = CARTESIAN_POINT('',(41.680148828669,4.180148828669,17.));
#6588 = ORIENTED_EDGE('',*,*,#6589,.T.);
#6589 = EDGE_CURVE('',#6583,#6552,#6590,.T.);
#6590 = LINE('',#6591,#6592);
#6591 = CARTESIAN_POINT('',(43.5,6.,12.));
#6592 = VECTOR('',#6593,1.);
#6593 = DIRECTION('',(-1.,0.,0.));
#6594 = ORIENTED_EDGE('',*,*,#6551,.T.);
#6595 = ORIENTED_EDGE('',*,*,#2764,.T.);
#6596 = B_SPLINE_SURFACE_WITH_KNOTS('',1,1,(
    (#6597,#6598)
    ,(#6599,#6600
    )),.UNSPECIFIED.,.F.,.F.,.F.,(2,2),(2,2),(0.,17.),(0.,1.),
  .PIECEWISE_BEZIER_KNOTS.);
#6597 = CARTESIAN_POINT('',(43.5,6.,12.));
#6598 = CARTESIAN_POINT('',(41.680148828669,4.180148828669,17.));
#6599 = CARTESIAN_POINT('',(26.5,6.,12.));
#6600 = CARTESIAN_POINT('',(28.319851171331,4.180148828669,17.));
#6601 = ADVANCED_FACE('',(#6602),#6618,.F.);
#6602 = FACE_BOUND('',#6603,.F.);
#6603 = EDGE_LOOP('',(#6604,#6605,#6611,#6612));
#6604 = ORIENTED_EDGE('',*,*,#2781,.F.);
#6605 = ORIENTED_EDGE('',*,*,#6606,.T.);
#6606 = EDGE_CURVE('',#2782,#5178,#6607,.T.);
#6607 = LINE('',#6608,#6609);
#6608 = CARTESIAN_POINT('',(38.5,6.22E-15,28.));
#6609 = VECTOR('',#6610,1.);
#6610 = DIRECTION('',(0.,1.,-2.2E-16));
#6611 = ORIENTED_EDGE('',*,*,#5177,.T.);
#6612 = ORIENTED_EDGE('',*,*,#6613,.F.);
#6613 = EDGE_CURVE('',#2784,#5170,#6614,.T.);
#6614 = LINE('',#6615,#6616);
#6615 = CARTESIAN_POINT('',(31.5,6.22E-15,28.));
#6616 = VECTOR('',#6617,1.);
#6617 = DIRECTION('',(0.,1.,-2.2E-16));
#6618 = CYLINDRICAL_SURFACE('',#6619,3.5);
#6619 = AXIS2_PLACEMENT_3D('',#6620,#6621,#6622);
#6620 = CARTESIAN_POINT('',(35.,6.22E-15,28.));
#6621 = DIRECTION('',(0.,-1.,2.2E-16));
#6622 = DIRECTION('',(1.,0.,0.));
#6623 = ADVANCED_FACE('',(#6624),#6635,.T.);
#6624 = FACE_BOUND('',#6625,.T.);
#6625 = EDGE_LOOP('',(#6626,#6627,#6628,#6629));
#6626 = ORIENTED_EDGE('',*,*,#2792,.F.);
#6627 = ORIENTED_EDGE('',*,*,#6606,.T.);
#6628 = ORIENTED_EDGE('',*,*,#5186,.F.);
#6629 = ORIENTED_EDGE('',*,*,#6630,.F.);
#6630 = EDGE_CURVE('',#2793,#5187,#6631,.T.);
#6631 = LINE('',#6632,#6633);
#6632 = CARTESIAN_POINT('',(38.5,5.11E-15,22.999998787564));
#6633 = VECTOR('',#6634,1.);
#6634 = DIRECTION('',(0.,1.,-2.2E-16));
#6635 = PLANE('',#6636);
#6636 = AXIS2_PLACEMENT_3D('',#6637,#6638,#6639);
#6637 = CARTESIAN_POINT('',(38.5,6.22E-15,28.));
#6638 = DIRECTION('',(-1.,0.,0.));
#6639 = DIRECTION('',(-0.,-2.2E-16,-1.));
#6640 = ADVANCED_FACE('',(#6641),#6652,.F.);
#6641 = FACE_BOUND('',#6642,.F.);
#6642 = EDGE_LOOP('',(#6643,#6644,#6645,#6646));
#6643 = ORIENTED_EDGE('',*,*,#2809,.F.);
#6644 = ORIENTED_EDGE('',*,*,#6613,.T.);
#6645 = ORIENTED_EDGE('',*,*,#5169,.F.);
#6646 = ORIENTED_EDGE('',*,*,#6647,.F.);
#6647 = EDGE_CURVE('',#2801,#5161,#6648,.T.);
#6648 = LINE('',#6649,#6650);
#6649 = CARTESIAN_POINT('',(31.5,5.11E-15,22.999998787564));
#6650 = VECTOR('',#6651,1.);
#6651 = DIRECTION('',(0.,1.,-2.2E-16));
#6652 = PLANE('',#6653);
#6653 = AXIS2_PLACEMENT_3D('',#6654,#6655,#6656);
#6654 = CARTESIAN_POINT('',(31.5,6.22E-15,28.));
#6655 = DIRECTION('',(-1.,0.,6.537E-14));
#6656 = DIRECTION('',(-6.537E-14,-2.2E-16,-1.));
#6657 = ADVANCED_FACE('',(#6658),#6688,.F.);
#6658 = FACE_BOUND('',#6659,.F.);
#6659 = EDGE_LOOP('',(#6660,#6661,#6662,#6663,#6671,#6680,#6686,#6687));
#6660 = ORIENTED_EDGE('',*,*,#2800,.F.);
#6661 = ORIENTED_EDGE('',*,*,#6647,.T.);
#6662 = ORIENTED_EDGE('',*,*,#5160,.T.);
#6663 = ORIENTED_EDGE('',*,*,#6664,.F.);
#6664 = EDGE_CURVE('',#6665,#5153,#6667,.T.);
#6665 = VERTEX_POINT('',#6666);
#6666 = CARTESIAN_POINT('',(33.197222344654,10.,20.));
#6667 = LINE('',#6668,#6669);
#6668 = CARTESIAN_POINT('',(33.197222344654,5.11E-15,20.));
#6669 = VECTOR('',#6670,1.);
#6670 = DIRECTION('',(0.,-1.,2.2E-16));
#6671 = ORIENTED_EDGE('',*,*,#6672,.T.);
#6672 = EDGE_CURVE('',#6665,#6673,#6675,.T.);
#6673 = VERTEX_POINT('',#6674);
#6674 = CARTESIAN_POINT('',(36.802777655346,10.,20.));
#6675 = CIRCLE('',#6676,3.5);
#6676 = AXIS2_PLACEMENT_3D('',#6677,#6678,#6679);
#6677 = CARTESIAN_POINT('',(35.,10.,22.999998787564));
#6678 = DIRECTION('',(0.,-1.,0.));
#6679 = DIRECTION('',(1.,0.,0.));
#6680 = ORIENTED_EDGE('',*,*,#6681,.T.);
#6681 = EDGE_CURVE('',#6673,#5195,#6682,.T.);
#6682 = LINE('',#6683,#6684);
#6683 = CARTESIAN_POINT('',(36.802777655346,5.11E-15,20.));
#6684 = VECTOR('',#6685,1.);
#6685 = DIRECTION('',(0.,-1.,2.2E-16));
#6686 = ORIENTED_EDGE('',*,*,#5194,.T.);
#6687 = ORIENTED_EDGE('',*,*,#6630,.F.);
#6688 = CYLINDRICAL_SURFACE('',#6689,3.5);
#6689 = AXIS2_PLACEMENT_3D('',#6690,#6691,#6692);
#6690 = CARTESIAN_POINT('',(35.,5.11E-15,22.999998787564));
#6691 = DIRECTION('',(0.,-1.,2.2E-16));
#6692 = DIRECTION('',(1.,0.,0.));
#6693 = ADVANCED_FACE('',(#6694),#6713,.F.);
#6694 = FACE_BOUND('',#6695,.F.);
#6695 = EDGE_LOOP('',(#6696,#6703,#6709,#6710,#6711,#6712));
#6696 = ORIENTED_EDGE('',*,*,#6697,.F.);
#6697 = EDGE_CURVE('',#6698,#6211,#6700,.T.);
#6698 = VERTEX_POINT('',#6699);
#6699 = CARTESIAN_POINT('',(43.5,-1.,12.));
#6700 = B_SPLINE_CURVE_WITH_KNOTS('',1,(#6701,#6702),.UNSPECIFIED.,.F.,
  .F.,(2,2),(0.,1.),.PIECEWISE_BEZIER_KNOTS.);
#6701 = CARTESIAN_POINT('',(43.5,-1.,12.));
#6702 = CARTESIAN_POINT('',(41.680148828669,0.819851171331,17.));
#6703 = ORIENTED_EDGE('',*,*,#6704,.T.);
#6704 = EDGE_CURVE('',#6698,#6583,#6705,.T.);
#6705 = LINE('',#6706,#6707);
#6706 = CARTESIAN_POINT('',(43.5,-1.,12.));
#6707 = VECTOR('',#6708,1.);
#6708 = DIRECTION('',(0.,1.,0.));
#6709 = ORIENTED_EDGE('',*,*,#6582,.T.);
#6710 = ORIENTED_EDGE('',*,*,#2824,.T.);
#6711 = ORIENTED_EDGE('',*,*,#2863,.F.);
#6712 = ORIENTED_EDGE('',*,*,#6210,.T.);
#6713 = B_SPLINE_SURFACE_WITH_KNOTS('',1,1,(
    (#6714,#6715)
    ,(#6716,#6717
    )),.UNSPECIFIED.,.F.,.F.,.F.,(2,2),(2,2),(0.,7.),(0.,1.),
  .PIECEWISE_BEZIER_KNOTS.);
#6714 = CARTESIAN_POINT('',(43.5,-1.,12.));
#6715 = CARTESIAN_POINT('',(41.680148828669,0.819851171331,17.));
#6716 = CARTESIAN_POINT('',(43.5,6.,12.));
#6717 = CARTESIAN_POINT('',(41.680148828669,4.180148828669,17.));
#6718 = ADVANCED_FACE('',(#6719),#6744,.F.);
#6719 = FACE_BOUND('',#6720,.F.);
#6720 = EDGE_LOOP('',(#6721,#6728,#6736,#6741,#6742,#6743));
#6721 = ORIENTED_EDGE('',*,*,#6722,.F.);
#6722 = EDGE_CURVE('',#6723,#3010,#6725,.T.);
#6723 = VERTEX_POINT('',#6724);
#6724 = CARTESIAN_POINT('',(116.5,6.,12.));
#6725 = B_SPLINE_CURVE_WITH_KNOTS('',1,(#6726,#6727),.UNSPECIFIED.,.F.,
  .F.,(2,2),(0.,1.),.PIECEWISE_BEZIER_KNOTS.);
#6726 = CARTESIAN_POINT('',(116.5,6.,12.));
#6727 = CARTESIAN_POINT('',(118.31985117133,4.180148828669,17.));
#6728 = ORIENTED_EDGE('',*,*,#6729,.T.);
#6729 = EDGE_CURVE('',#6723,#6730,#6732,.T.);
#6730 = VERTEX_POINT('',#6731);
#6731 = CARTESIAN_POINT('',(116.5,-1.,12.));
#6732 = LINE('',#6733,#6734);
#6733 = CARTESIAN_POINT('',(116.5,6.,12.));
#6734 = VECTOR('',#6735,1.);
#6735 = DIRECTION('',(0.,-1.,0.));
#6736 = ORIENTED_EDGE('',*,*,#6737,.T.);
#6737 = EDGE_CURVE('',#6730,#6250,#6738,.T.);
#6738 = B_SPLINE_CURVE_WITH_KNOTS('',1,(#6739,#6740),.UNSPECIFIED.,.F.,
  .F.,(2,2),(0.,1.),.PIECEWISE_BEZIER_KNOTS.);
#6739 = CARTESIAN_POINT('',(116.5,-1.,12.));
#6740 = CARTESIAN_POINT('',(118.31985117133,0.819851171331,17.));
#6741 = ORIENTED_EDGE('',*,*,#6256,.T.);
#6742 = ORIENTED_EDGE('',*,*,#2958,.T.);
#6743 = ORIENTED_EDGE('',*,*,#3009,.T.);
#6744 = B_SPLINE_SURFACE_WITH_KNOTS('',1,1,(
    (#6745,#6746)
    ,(#6747,#6748
    )),.UNSPECIFIED.,.F.,.F.,.F.,(2,2),(2,2),(0.,7.),(0.,1.),
  .PIECEWISE_BEZIER_KNOTS.);
#6745 = CARTESIAN_POINT('',(116.5,6.,12.));
#6746 = CARTESIAN_POINT('',(118.31985117133,4.180148828669,17.));
#6747 = CARTESIAN_POINT('',(116.5,-1.,12.));
#6748 = CARTESIAN_POINT('',(118.31985117133,0.819851171331,17.));
#6749 = ADVANCED_FACE('',(#6750),#6767,.F.);
#6750 = FACE_BOUND('',#6751,.F.);
#6751 = EDGE_LOOP('',(#6752,#6759,#6765,#6766));
#6752 = ORIENTED_EDGE('',*,*,#6753,.F.);
#6753 = EDGE_CURVE('',#6754,#3033,#6756,.T.);
#6754 = VERTEX_POINT('',#6755);
#6755 = CARTESIAN_POINT('',(133.5,6.,12.));
#6756 = B_SPLINE_CURVE_WITH_KNOTS('',1,(#6757,#6758),.UNSPECIFIED.,.F.,
  .F.,(2,2),(0.,1.),.PIECEWISE_BEZIER_KNOTS.);
#6757 = CARTESIAN_POINT('',(133.5,6.,12.));
#6758 = CARTESIAN_POINT('',(131.68014882866,4.180148828669,17.));
#6759 = ORIENTED_EDGE('',*,*,#6760,.T.);
#6760 = EDGE_CURVE('',#6754,#6723,#6761,.T.);
#6761 = LINE('',#6762,#6763);
#6762 = CARTESIAN_POINT('',(133.5,6.,12.));
#6763 = VECTOR('',#6764,1.);
#6764 = DIRECTION('',(-1.,0.,0.));
#6765 = ORIENTED_EDGE('',*,*,#6722,.T.);
#6766 = ORIENTED_EDGE('',*,*,#3032,.T.);
#6767 = B_SPLINE_SURFACE_WITH_KNOTS('',1,1,(
    (#6768,#6769)
    ,(#6770,#6771
    )),.UNSPECIFIED.,.F.,.F.,.F.,(2,2),(2,2),(0.,17.),(0.,1.),
  .PIECEWISE_BEZIER_KNOTS.);
#6768 = CARTESIAN_POINT('',(133.5,6.,12.));
#6769 = CARTESIAN_POINT('',(131.68014882866,4.180148828669,17.));
#6770 = CARTESIAN_POINT('',(116.5,6.,12.));
#6771 = CARTESIAN_POINT('',(118.31985117133,4.180148828669,17.));
#6772 = ADVANCED_FACE('',(#6773),#6789,.F.);
#6773 = FACE_BOUND('',#6774,.F.);
#6774 = EDGE_LOOP('',(#6775,#6776,#6782,#6783));
#6775 = ORIENTED_EDGE('',*,*,#3049,.F.);
#6776 = ORIENTED_EDGE('',*,*,#6777,.T.);
#6777 = EDGE_CURVE('',#3050,#5325,#6778,.T.);
#6778 = LINE('',#6779,#6780);
#6779 = CARTESIAN_POINT('',(128.5,6.22E-15,27.999998787564));
#6780 = VECTOR('',#6781,1.);
#6781 = DIRECTION('',(0.,1.,-2.2E-16));
#6782 = ORIENTED_EDGE('',*,*,#5324,.T.);
#6783 = ORIENTED_EDGE('',*,*,#6784,.F.);
#6784 = EDGE_CURVE('',#3052,#5317,#6785,.T.);
#6785 = LINE('',#6786,#6787);
#6786 = CARTESIAN_POINT('',(121.5,6.22E-15,27.999998787564));
#6787 = VECTOR('',#6788,1.);
#6788 = DIRECTION('',(0.,1.,-2.2E-16));
#6789 = CYLINDRICAL_SURFACE('',#6790,3.5);
#6790 = AXIS2_PLACEMENT_3D('',#6791,#6792,#6793);
#6791 = CARTESIAN_POINT('',(125.,6.22E-15,27.999998787564));
#6792 = DIRECTION('',(0.,-1.,2.2E-16));
#6793 = DIRECTION('',(1.,0.,0.));
#6794 = ADVANCED_FACE('',(#6795),#6806,.T.);
#6795 = FACE_BOUND('',#6796,.T.);
#6796 = EDGE_LOOP('',(#6797,#6798,#6799,#6800));
#6797 = ORIENTED_EDGE('',*,*,#3060,.F.);
#6798 = ORIENTED_EDGE('',*,*,#6777,.T.);
#6799 = ORIENTED_EDGE('',*,*,#5333,.F.);
#6800 = ORIENTED_EDGE('',*,*,#6801,.F.);
#6801 = EDGE_CURVE('',#3061,#5334,#6802,.T.);
#6802 = LINE('',#6803,#6804);
#6803 = CARTESIAN_POINT('',(128.5,5.11E-15,22.999997924871));
#6804 = VECTOR('',#6805,1.);
#6805 = DIRECTION('',(0.,1.,-2.2E-16));
#6806 = PLANE('',#6807);
#6807 = AXIS2_PLACEMENT_3D('',#6808,#6809,#6810);
#6808 = CARTESIAN_POINT('',(128.5,6.22E-15,27.999998787564));
#6809 = DIRECTION('',(-1.,0.,0.));
#6810 = DIRECTION('',(-0.,-2.2E-16,-1.));
#6811 = ADVANCED_FACE('',(#6812),#6823,.F.);
#6812 = FACE_BOUND('',#6813,.F.);
#6813 = EDGE_LOOP('',(#6814,#6815,#6816,#6817));
#6814 = ORIENTED_EDGE('',*,*,#3077,.F.);
#6815 = ORIENTED_EDGE('',*,*,#6784,.T.);
#6816 = ORIENTED_EDGE('',*,*,#5316,.F.);
#6817 = ORIENTED_EDGE('',*,*,#6818,.F.);
#6818 = EDGE_CURVE('',#3069,#5308,#6819,.T.);
#6819 = LINE('',#6820,#6821);
#6820 = CARTESIAN_POINT('',(121.5,5.11E-15,22.999997924872));
#6821 = VECTOR('',#6822,1.);
#6822 = DIRECTION('',(0.,1.,-2.2E-16));
#6823 = PLANE('',#6824);
#6824 = AXIS2_PLACEMENT_3D('',#6825,#6826,#6827);
#6825 = CARTESIAN_POINT('',(121.5,6.22E-15,27.999998787564));
#6826 = DIRECTION('',(-1.,-0.,-1.137E-14));
#6827 = DIRECTION('',(1.137E-14,-2.2E-16,-1.));
#6828 = ADVANCED_FACE('',(#6829),#6859,.F.);
#6829 = FACE_BOUND('',#6830,.F.);
#6830 = EDGE_LOOP('',(#6831,#6832,#6833,#6834,#6842,#6851,#6857,#6858));
#6831 = ORIENTED_EDGE('',*,*,#3068,.F.);
#6832 = ORIENTED_EDGE('',*,*,#6818,.T.);
#6833 = ORIENTED_EDGE('',*,*,#5307,.T.);
#6834 = ORIENTED_EDGE('',*,*,#6835,.F.);
#6835 = EDGE_CURVE('',#6836,#5300,#6838,.T.);
#6836 = VERTEX_POINT('',#6837);
#6837 = CARTESIAN_POINT('',(123.19722090905,10.,20.));
#6838 = LINE('',#6839,#6840);
#6839 = CARTESIAN_POINT('',(123.19722090905,5.11E-15,20.));
#6840 = VECTOR('',#6841,1.);
#6841 = DIRECTION('',(0.,-1.,2.2E-16));
#6842 = ORIENTED_EDGE('',*,*,#6843,.T.);
#6843 = EDGE_CURVE('',#6836,#6844,#6846,.T.);
#6844 = VERTEX_POINT('',#6845);
#6845 = CARTESIAN_POINT('',(126.80277909095,10.,20.));
#6846 = CIRCLE('',#6847,3.5);
#6847 = AXIS2_PLACEMENT_3D('',#6848,#6849,#6850);
#6848 = CARTESIAN_POINT('',(125.,10.,22.999997924871));
#6849 = DIRECTION('',(0.,-1.,0.));
#6850 = DIRECTION('',(1.,0.,0.));
#6851 = ORIENTED_EDGE('',*,*,#6852,.T.);
#6852 = EDGE_CURVE('',#6844,#5342,#6853,.T.);
#6853 = LINE('',#6854,#6855);
#6854 = CARTESIAN_POINT('',(126.80277909095,5.11E-15,20.));
#6855 = VECTOR('',#6856,1.);
#6856 = DIRECTION('',(0.,-1.,2.2E-16));
#6857 = ORIENTED_EDGE('',*,*,#5341,.T.);
#6858 = ORIENTED_EDGE('',*,*,#6801,.F.);
#6859 = CYLINDRICAL_SURFACE('',#6860,3.5);
#6860 = AXIS2_PLACEMENT_3D('',#6861,#6862,#6863);
#6861 = CARTESIAN_POINT('',(125.,5.11E-15,22.999997924871));
#6862 = DIRECTION('',(0.,-1.,2.2E-16));
#6863 = DIRECTION('',(1.,0.,0.));
#6864 = ADVANCED_FACE('',(#6865),#6884,.F.);
#6865 = FACE_BOUND('',#6866,.F.);
#6866 = EDGE_LOOP('',(#6867,#6874,#6880,#6881,#6882,#6883));
#6867 = ORIENTED_EDGE('',*,*,#6868,.F.);
#6868 = EDGE_CURVE('',#6869,#6243,#6871,.T.);
#6869 = VERTEX_POINT('',#6870);
#6870 = CARTESIAN_POINT('',(133.5,-1.,12.));
#6871 = B_SPLINE_CURVE_WITH_KNOTS('',1,(#6872,#6873),.UNSPECIFIED.,.F.,
  .F.,(2,2),(0.,1.),.PIECEWISE_BEZIER_KNOTS.);
#6872 = CARTESIAN_POINT('',(133.5,-1.,12.));
#6873 = CARTESIAN_POINT('',(131.68014882866,0.819851171331,17.));
#6874 = ORIENTED_EDGE('',*,*,#6875,.T.);
#6875 = EDGE_CURVE('',#6869,#6754,#6876,.T.);
#6876 = LINE('',#6877,#6878);
#6877 = CARTESIAN_POINT('',(133.5,-1.,12.));
#6878 = VECTOR('',#6879,1.);
#6879 = DIRECTION('',(0.,1.,0.));
#6880 = ORIENTED_EDGE('',*,*,#6753,.T.);
#6881 = ORIENTED_EDGE('',*,*,#3092,.T.);
#6882 = ORIENTED_EDGE('',*,*,#3131,.F.);
#6883 = ORIENTED_EDGE('',*,*,#6242,.T.);
#6884 = B_SPLINE_SURFACE_WITH_KNOTS('',1,1,(
    (#6885,#6886)
    ,(#6887,#6888
    )),.UNSPECIFIED.,.F.,.F.,.F.,(2,2),(2,2),(0.,7.),(0.,1.),
  .PIECEWISE_BEZIER_KNOTS.);
#6885 = CARTESIAN_POINT('',(133.5,-1.,12.));
#6886 = CARTESIAN_POINT('',(131.68014882866,0.819851171331,17.));
#6887 = CARTESIAN_POINT('',(133.5,6.,12.));
#6888 = CARTESIAN_POINT('',(131.68014882866,4.180148828669,17.));
#6889 = ADVANCED_FACE('',(#6890),#6915,.F.);
#6890 = FACE_BOUND('',#6891,.F.);
#6891 = EDGE_LOOP('',(#6892,#6899,#6907,#6912,#6913,#6914));
#6892 = ORIENTED_EDGE('',*,*,#6893,.F.);
#6893 = EDGE_CURVE('',#6894,#3278,#6896,.T.);
#6894 = VERTEX_POINT('',#6895);
#6895 = CARTESIAN_POINT('',(206.5,6.,12.));
#6896 = B_SPLINE_CURVE_WITH_KNOTS('',1,(#6897,#6898),.UNSPECIFIED.,.F.,
  .F.,(2,2),(0.,1.),.PIECEWISE_BEZIER_KNOTS.);
#6897 = CARTESIAN_POINT('',(206.5,6.,12.));
#6898 = CARTESIAN_POINT('',(208.31985117133,4.180148828669,17.));
#6899 = ORIENTED_EDGE('',*,*,#6900,.T.);
#6900 = EDGE_CURVE('',#6894,#6901,#6903,.T.);
#6901 = VERTEX_POINT('',#6902);
#6902 = CARTESIAN_POINT('',(206.5,-1.,12.));
#6903 = LINE('',#6904,#6905);
#6904 = CARTESIAN_POINT('',(206.5,6.,12.));
#6905 = VECTOR('',#6906,1.);
#6906 = DIRECTION('',(0.,-1.,0.));
#6907 = ORIENTED_EDGE('',*,*,#6908,.T.);
#6908 = EDGE_CURVE('',#6901,#6282,#6909,.T.);
#6909 = B_SPLINE_CURVE_WITH_KNOTS('',1,(#6910,#6911),.UNSPECIFIED.,.F.,
  .F.,(2,2),(0.,1.),.PIECEWISE_BEZIER_KNOTS.);
#6910 = CARTESIAN_POINT('',(206.5,-1.,12.));
#6911 = CARTESIAN_POINT('',(208.31985117133,0.819851171331,17.));
#6912 = ORIENTED_EDGE('',*,*,#6288,.T.);
#6913 = ORIENTED_EDGE('',*,*,#3226,.T.);
#6914 = ORIENTED_EDGE('',*,*,#3277,.T.);
#6915 = B_SPLINE_SURFACE_WITH_KNOTS('',1,1,(
    (#6916,#6917)
    ,(#6918,#6919
    )),.UNSPECIFIED.,.F.,.F.,.F.,(2,2),(2,2),(0.,7.),(0.,1.),
  .PIECEWISE_BEZIER_KNOTS.);
#6916 = CARTESIAN_POINT('',(206.5,6.,12.));
#6917 = CARTESIAN_POINT('',(208.31985117133,4.180148828669,17.));
#6918 = CARTESIAN_POINT('',(206.5,-1.,12.));
#6919 = CARTESIAN_POINT('',(208.31985117133,0.819851171331,17.));
#6920 = ADVANCED_FACE('',(#6921),#6938,.F.);
#6921 = FACE_BOUND('',#6922,.F.);
#6922 = EDGE_LOOP('',(#6923,#6930,#6936,#6937));
#6923 = ORIENTED_EDGE('',*,*,#6924,.F.);
#6924 = EDGE_CURVE('',#6925,#3301,#6927,.T.);
#6925 = VERTEX_POINT('',#6926);
#6926 = CARTESIAN_POINT('',(223.5,6.,12.));
#6927 = B_SPLINE_CURVE_WITH_KNOTS('',1,(#6928,#6929),.UNSPECIFIED.,.F.,
  .F.,(2,2),(0.,1.),.PIECEWISE_BEZIER_KNOTS.);
#6928 = CARTESIAN_POINT('',(223.5,6.,12.));
#6929 = CARTESIAN_POINT('',(221.68014882866,4.180148828669,17.));
#6930 = ORIENTED_EDGE('',*,*,#6931,.T.);
#6931 = EDGE_CURVE('',#6925,#6894,#6932,.T.);
#6932 = LINE('',#6933,#6934);
#6933 = CARTESIAN_POINT('',(223.5,6.,12.));
#6934 = VECTOR('',#6935,1.);
#6935 = DIRECTION('',(-1.,0.,0.));
#6936 = ORIENTED_EDGE('',*,*,#6893,.T.);
#6937 = ORIENTED_EDGE('',*,*,#3300,.T.);
#6938 = B_SPLINE_SURFACE_WITH_KNOTS('',1,1,(
    (#6939,#6940)
    ,(#6941,#6942
    )),.UNSPECIFIED.,.F.,.F.,.F.,(2,2),(2,2),(0.,17.),(0.,1.),
  .PIECEWISE_BEZIER_KNOTS.);
#6939 = CARTESIAN_POINT('',(223.5,6.,12.));
#6940 = CARTESIAN_POINT('',(221.68014882866,4.180148828669,17.));
#6941 = CARTESIAN_POINT('',(206.5,6.,12.));
#6942 = CARTESIAN_POINT('',(208.31985117133,4.180148828669,17.));
#6943 = ADVANCED_FACE('',(#6944),#6960,.F.);
#6944 = FACE_BOUND('',#6945,.F.);
#6945 = EDGE_LOOP('',(#6946,#6947,#6953,#6954));
#6946 = ORIENTED_EDGE('',*,*,#3317,.F.);
#6947 = ORIENTED_EDGE('',*,*,#6948,.T.);
#6948 = EDGE_CURVE('',#3318,#5472,#6949,.T.);
#6949 = LINE('',#6950,#6951);
#6950 = CARTESIAN_POINT('',(218.5,6.22E-15,28.));
#6951 = VECTOR('',#6952,1.);
#6952 = DIRECTION('',(0.,1.,-2.2E-16));
#6953 = ORIENTED_EDGE('',*,*,#5471,.T.);
#6954 = ORIENTED_EDGE('',*,*,#6955,.F.);
#6955 = EDGE_CURVE('',#3320,#5464,#6956,.T.);
#6956 = LINE('',#6957,#6958);
#6957 = CARTESIAN_POINT('',(211.5,6.22E-15,28.));
#6958 = VECTOR('',#6959,1.);
#6959 = DIRECTION('',(0.,1.,-2.2E-16));
#6960 = CYLINDRICAL_SURFACE('',#6961,3.5);
#6961 = AXIS2_PLACEMENT_3D('',#6962,#6963,#6964);
#6962 = CARTESIAN_POINT('',(215.,6.22E-15,28.));
#6963 = DIRECTION('',(0.,-1.,2.2E-16));
#6964 = DIRECTION('',(1.,0.,0.));
#6965 = ADVANCED_FACE('',(#6966),#6977,.T.);
#6966 = FACE_BOUND('',#6967,.T.);
#6967 = EDGE_LOOP('',(#6968,#6969,#6970,#6971));
#6968 = ORIENTED_EDGE('',*,*,#3328,.F.);
#6969 = ORIENTED_EDGE('',*,*,#6948,.T.);
#6970 = ORIENTED_EDGE('',*,*,#5480,.F.);
#6971 = ORIENTED_EDGE('',*,*,#6972,.F.);
#6972 = EDGE_CURVE('',#3329,#5481,#6973,.T.);
#6973 = LINE('',#6974,#6975);
#6974 = CARTESIAN_POINT('',(218.5,5.11E-15,22.999999));
#6975 = VECTOR('',#6976,1.);
#6976 = DIRECTION('',(0.,1.,-2.2E-16));
#6977 = PLANE('',#6978);
#6978 = AXIS2_PLACEMENT_3D('',#6979,#6980,#6981);
#6979 = CARTESIAN_POINT('',(218.5,6.22E-15,28.));
#6980 = DIRECTION('',(-1.,0.,0.));
#6981 = DIRECTION('',(-0.,-2.2E-16,-1.));
#6982 = ADVANCED_FACE('',(#6983),#6994,.F.);
#6983 = FACE_BOUND('',#6984,.F.);
#6984 = EDGE_LOOP('',(#6985,#6986,#6987,#6988));
#6985 = ORIENTED_EDGE('',*,*,#3345,.F.);
#6986 = ORIENTED_EDGE('',*,*,#6955,.T.);
#6987 = ORIENTED_EDGE('',*,*,#5463,.F.);
#6988 = ORIENTED_EDGE('',*,*,#6989,.F.);
#6989 = EDGE_CURVE('',#3337,#5455,#6990,.T.);
#6990 = LINE('',#6991,#6992);
#6991 = CARTESIAN_POINT('',(211.5,5.11E-15,22.999999));
#6992 = VECTOR('',#6993,1.);
#6993 = DIRECTION('',(0.,1.,-2.2E-16));
#6994 = PLANE('',#6995);
#6995 = AXIS2_PLACEMENT_3D('',#6996,#6997,#6998);
#6996 = CARTESIAN_POINT('',(211.5,6.22E-15,28.));
#6997 = DIRECTION('',(-1.,-0.,-1.137E-14));
#6998 = DIRECTION('',(1.137E-14,-2.2E-16,-1.));
#6999 = ADVANCED_FACE('',(#7000),#7030,.F.);
#7000 = FACE_BOUND('',#7001,.F.);
#7001 = EDGE_LOOP('',(#7002,#7003,#7004,#7005,#7013,#7022,#7028,#7029));
#7002 = ORIENTED_EDGE('',*,*,#3336,.F.);
#7003 = ORIENTED_EDGE('',*,*,#6989,.T.);
#7004 = ORIENTED_EDGE('',*,*,#5454,.T.);
#7005 = ORIENTED_EDGE('',*,*,#7006,.F.);
#7006 = EDGE_CURVE('',#7007,#5447,#7009,.T.);
#7007 = VERTEX_POINT('',#7008);
#7008 = CARTESIAN_POINT('',(213.19722269816,10.,20.));
#7009 = LINE('',#7010,#7011);
#7010 = CARTESIAN_POINT('',(213.19722269816,5.11E-15,20.));
#7011 = VECTOR('',#7012,1.);
#7012 = DIRECTION('',(0.,-1.,2.2E-16));
#7013 = ORIENTED_EDGE('',*,*,#7014,.T.);
#7014 = EDGE_CURVE('',#7007,#7015,#7017,.T.);
#7015 = VERTEX_POINT('',#7016);
#7016 = CARTESIAN_POINT('',(216.80277730183,10.,20.));
#7017 = CIRCLE('',#7018,3.5);
#7018 = AXIS2_PLACEMENT_3D('',#7019,#7020,#7021);
#7019 = CARTESIAN_POINT('',(215.,10.,22.999999));
#7020 = DIRECTION('',(0.,-1.,0.));
#7021 = DIRECTION('',(1.,0.,0.));
#7022 = ORIENTED_EDGE('',*,*,#7023,.T.);
#7023 = EDGE_CURVE('',#7015,#5489,#7024,.T.);
#7024 = LINE('',#7025,#7026);
#7025 = CARTESIAN_POINT('',(216.80277730183,5.11E-15,20.));
#7026 = VECTOR('',#7027,1.);
#7027 = DIRECTION('',(0.,-1.,2.2E-16));
#7028 = ORIENTED_EDGE('',*,*,#5488,.T.);
#7029 = ORIENTED_EDGE('',*,*,#6972,.F.);
#7030 = CYLINDRICAL_SURFACE('',#7031,3.5);
#7031 = AXIS2_PLACEMENT_3D('',#7032,#7033,#7034);
#7032 = CARTESIAN_POINT('',(215.,5.11E-15,22.999999));
#7033 = DIRECTION('',(0.,-1.,2.2E-16));
#7034 = DIRECTION('',(1.,0.,0.));
#7035 = ADVANCED_FACE('',(#7036),#7055,.F.);
#7036 = FACE_BOUND('',#7037,.F.);
#7037 = EDGE_LOOP('',(#7038,#7045,#7051,#7052,#7053,#7054));
#7038 = ORIENTED_EDGE('',*,*,#7039,.F.);
#7039 = EDGE_CURVE('',#7040,#6275,#7042,.T.);
#7040 = VERTEX_POINT('',#7041);
#7041 = CARTESIAN_POINT('',(223.5,-1.,12.));
#7042 = B_SPLINE_CURVE_WITH_KNOTS('',1,(#7043,#7044),.UNSPECIFIED.,.F.,
  .F.,(2,2),(0.,1.),.PIECEWISE_BEZIER_KNOTS.);
#7043 = CARTESIAN_POINT('',(223.5,-1.,12.));
#7044 = CARTESIAN_POINT('',(221.68014882866,0.819851171331,17.));
#7045 = ORIENTED_EDGE('',*,*,#7046,.T.);
#7046 = EDGE_CURVE('',#7040,#6925,#7047,.T.);
#7047 = LINE('',#7048,#7049);
#7048 = CARTESIAN_POINT('',(223.5,-1.,12.));
#7049 = VECTOR('',#7050,1.);
#7050 = DIRECTION('',(0.,1.,0.));
#7051 = ORIENTED_EDGE('',*,*,#6924,.T.);
#7052 = ORIENTED_EDGE('',*,*,#3360,.T.);
#7053 = ORIENTED_EDGE('',*,*,#3399,.F.);
#7054 = ORIENTED_EDGE('',*,*,#6274,.T.);
#7055 = B_SPLINE_SURFACE_WITH_KNOTS('',1,1,(
    (#7056,#7057)
    ,(#7058,#7059
    )),.UNSPECIFIED.,.F.,.F.,.F.,(2,2),(2,2),(0.,7.),(0.,1.),
  .PIECEWISE_BEZIER_KNOTS.);
#7056 = CARTESIAN_POINT('',(223.5,-1.,12.));
#7057 = CARTESIAN_POINT('',(221.68014882866,0.819851171331,17.));
#7058 = CARTESIAN_POINT('',(223.5,6.,12.));
#7059 = CARTESIAN_POINT('',(221.68014882866,4.180148828669,17.));
#7060 = ADVANCED_FACE('',(#7061),#7076,.T.);
#7061 = FACE_BOUND('',#7062,.T.);
#7062 = EDGE_LOOP('',(#7063,#7064,#7065,#7066,#7072,#7073,#7074,#7075));
#7063 = ORIENTED_EDGE('',*,*,#3510,.F.);
#7064 = ORIENTED_EDGE('',*,*,#3460,.T.);
#7065 = ORIENTED_EDGE('',*,*,#5840,.F.);
#7066 = ORIENTED_EDGE('',*,*,#7067,.T.);
#7067 = EDGE_CURVE('',#5833,#3597,#7068,.T.);
#7068 = LINE('',#7069,#7070);
#7069 = CARTESIAN_POINT('',(226.,0.658758880278,2.5));
#7070 = VECTOR('',#7071,1.);
#7071 = DIRECTION('',(0.,1.,0.));
#7072 = ORIENTED_EDGE('',*,*,#3614,.T.);
#7073 = ORIENTED_EDGE('',*,*,#3582,.T.);
#7074 = ORIENTED_EDGE('',*,*,#3558,.F.);
#7075 = ORIENTED_EDGE('',*,*,#3534,.F.);
#7076 = PLANE('',#7077);
#7077 = AXIS2_PLACEMENT_3D('',#7078,#7079,#7080);
#7078 = CARTESIAN_POINT('',(73.94000640832,12.317517760556,2.5));
#7079 = DIRECTION('',(-0.,-0.,-1.));
#7080 = DIRECTION('',(-1.,0.,0.));
#7081 = ADVANCED_FACE('',(#7082),#7093,.T.);
#7082 = FACE_BOUND('',#7083,.T.);
#7083 = EDGE_LOOP('',(#7084,#7085,#7086,#7092));
#7084 = ORIENTED_EDGE('',*,*,#7067,.F.);
#7085 = ORIENTED_EDGE('',*,*,#5832,.T.);
#7086 = ORIENTED_EDGE('',*,*,#7087,.T.);
#7087 = EDGE_CURVE('',#5825,#3599,#7088,.T.);
#7088 = LINE('',#7089,#7090);
#7089 = CARTESIAN_POINT('',(226.,-11.,12.));
#7090 = VECTOR('',#7091,1.);
#7091 = DIRECTION('',(0.,1.,0.));
#7092 = ORIENTED_EDGE('',*,*,#3596,.F.);
#7093 = PLANE('',#7094);
#7094 = AXIS2_PLACEMENT_3D('',#7095,#7096,#7097);
#7095 = CARTESIAN_POINT('',(226.,-11.,0.));
#7096 = DIRECTION('',(-1.,0.,0.));
#7097 = DIRECTION('',(0.,1.,0.));
#7098 = ADVANCED_FACE('',(#7099,#7110),#7121,.F.);
#7099 = FACE_BOUND('',#7100,.F.);
#7100 = EDGE_LOOP('',(#7101,#7107,#7108,#7109));
#7101 = ORIENTED_EDGE('',*,*,#7102,.T.);
#7102 = EDGE_CURVE('',#3629,#5817,#7103,.T.);
#7103 = LINE('',#7104,#7105);
#7104 = CARTESIAN_POINT('',(204.,22.,12.));
#7105 = VECTOR('',#7106,1.);
#7106 = DIRECTION('',(0.,-1.,0.));
#7107 = ORIENTED_EDGE('',*,*,#5824,.T.);
#7108 = ORIENTED_EDGE('',*,*,#7087,.T.);
#7109 = ORIENTED_EDGE('',*,*,#3628,.F.);
#7110 = FACE_BOUND('',#7111,.F.);
#7111 = EDGE_LOOP('',(#7112,#7113,#7114,#7115));
#7112 = ORIENTED_EDGE('',*,*,#6900,.F.);
#7113 = ORIENTED_EDGE('',*,*,#6931,.F.);
#7114 = ORIENTED_EDGE('',*,*,#7046,.F.);
#7115 = ORIENTED_EDGE('',*,*,#7116,.F.);
#7116 = EDGE_CURVE('',#6901,#7040,#7117,.T.);
#7117 = LINE('',#7118,#7119);
#7118 = CARTESIAN_POINT('',(206.5,-1.,12.));
#7119 = VECTOR('',#7120,1.);
#7120 = DIRECTION('',(1.,0.,0.));
#7121 = PLANE('',#7122);
#7122 = AXIS2_PLACEMENT_3D('',#7123,#7124,#7125);
#7123 = CARTESIAN_POINT('',(125.,5.5,12.));
#7124 = DIRECTION('',(0.,0.,1.));
#7125 = DIRECTION('',(1.,0.,0.));
#7126 = ADVANCED_FACE('',(#7127),#7138,.T.);
#7127 = FACE_BOUND('',#7128,.T.);
#7128 = EDGE_LOOP('',(#7129,#7130,#7131,#7132));
#7129 = ORIENTED_EDGE('',*,*,#3662,.T.);
#7130 = ORIENTED_EDGE('',*,*,#7102,.T.);
#7131 = ORIENTED_EDGE('',*,*,#5816,.F.);
#7132 = ORIENTED_EDGE('',*,*,#7133,.F.);
#7133 = EDGE_CURVE('',#3663,#5809,#7134,.T.);
#7134 = LINE('',#7135,#7136);
#7135 = CARTESIAN_POINT('',(204.,17.158758880278,2.5));
#7136 = VECTOR('',#7137,1.);
#7137 = DIRECTION('',(0.,-1.,0.));
#7138 = PLANE('',#7139);
#7139 = AXIS2_PLACEMENT_3D('',#7140,#7141,#7142);
#7140 = CARTESIAN_POINT('',(204.,22.,0.));
#7141 = DIRECTION('',(1.,0.,0.));
#7142 = DIRECTION('',(0.,-1.,0.));
#7143 = ADVANCED_FACE('',(#7144,#7168),#7171,.T.);
#7144 = FACE_BOUND('',#7145,.T.);
#7145 = EDGE_LOOP('',(#7146,#7147,#7148,#7154,#7155,#7156,#7157,#7158,
    #7159,#7160,#7161,#7162,#7163,#7164,#7165,#7166,#7167));
#7146 = ORIENTED_EDGE('',*,*,#7133,.T.);
#7147 = ORIENTED_EDGE('',*,*,#5808,.F.);
#7148 = ORIENTED_EDGE('',*,*,#7149,.T.);
#7149 = EDGE_CURVE('',#5801,#3991,#7150,.T.);
#7150 = LINE('',#7151,#7152);
#7151 = CARTESIAN_POINT('',(136.,0.658758880278,2.5));
#7152 = VECTOR('',#7153,1.);
#7153 = DIRECTION('',(0.,1.,0.));
#7154 = ORIENTED_EDGE('',*,*,#3990,.T.);
#7155 = ORIENTED_EDGE('',*,*,#3958,.T.);
#7156 = ORIENTED_EDGE('',*,*,#3934,.T.);
#7157 = ORIENTED_EDGE('',*,*,#3910,.T.);
#7158 = ORIENTED_EDGE('',*,*,#3886,.T.);
#7159 = ORIENTED_EDGE('',*,*,#3862,.T.);
#7160 = ORIENTED_EDGE('',*,*,#3838,.T.);
#7161 = ORIENTED_EDGE('',*,*,#3814,.T.);
#7162 = ORIENTED_EDGE('',*,*,#3790,.T.);
#7163 = ORIENTED_EDGE('',*,*,#3766,.T.);
#7164 = ORIENTED_EDGE('',*,*,#3742,.T.);
#7165 = ORIENTED_EDGE('',*,*,#3718,.T.);
#7166 = ORIENTED_EDGE('',*,*,#3694,.T.);
#7167 = ORIENTED_EDGE('',*,*,#3670,.T.);
#7168 = FACE_BOUND('',#7169,.T.);
#7169 = EDGE_LOOP('',(#7170));
#7170 = ORIENTED_EDGE('',*,*,#5547,.T.);
#7171 = PLANE('',#7172);
#7172 = AXIS2_PLACEMENT_3D('',#7173,#7174,#7175);
#7173 = CARTESIAN_POINT('',(73.94000640832,12.317517760556,2.5));
#7174 = DIRECTION('',(-0.,-0.,-1.));
#7175 = DIRECTION('',(-1.,0.,0.));
#7176 = ADVANCED_FACE('',(#7177,#7207),#7210,.T.);
#7177 = FACE_BOUND('',#7178,.T.);
#7178 = EDGE_LOOP('',(#7179,#7185,#7186,#7192,#7193,#7194,#7195,#7196,
    #7197,#7198,#7199,#7200,#7201,#7202,#7203,#7204,#7205,#7206));
#7179 = ORIENTED_EDGE('',*,*,#7180,.T.);
#7180 = EDGE_CURVE('',#3975,#5777,#7181,.T.);
#7181 = LINE('',#7182,#7183);
#7182 = CARTESIAN_POINT('',(114.,17.158758880278,2.5));
#7183 = VECTOR('',#7184,1.);
#7184 = DIRECTION('',(0.,-1.,0.));
#7185 = ORIENTED_EDGE('',*,*,#5776,.F.);
#7186 = ORIENTED_EDGE('',*,*,#7187,.T.);
#7187 = EDGE_CURVE('',#5769,#4350,#7188,.T.);
#7188 = LINE('',#7189,#7190);
#7189 = CARTESIAN_POINT('',(46.,0.658758880278,2.5));
#7190 = VECTOR('',#7191,1.);
#7191 = DIRECTION('',(0.,1.,0.));
#7192 = ORIENTED_EDGE('',*,*,#4349,.T.);
#7193 = ORIENTED_EDGE('',*,*,#4326,.T.);
#7194 = ORIENTED_EDGE('',*,*,#4302,.T.);
#7195 = ORIENTED_EDGE('',*,*,#4278,.T.);
#7196 = ORIENTED_EDGE('',*,*,#4254,.T.);
#7197 = ORIENTED_EDGE('',*,*,#4230,.T.);
#7198 = ORIENTED_EDGE('',*,*,#4206,.T.);
#7199 = ORIENTED_EDGE('',*,*,#4182,.T.);
#7200 = ORIENTED_EDGE('',*,*,#4158,.T.);
#7201 = ORIENTED_EDGE('',*,*,#4134,.T.);
#7202 = ORIENTED_EDGE('',*,*,#4110,.T.);
#7203 = ORIENTED_EDGE('',*,*,#4086,.T.);
#7204 = ORIENTED_EDGE('',*,*,#4062,.T.);
#7205 = ORIENTED_EDGE('',*,*,#4038,.T.);
#7206 = ORIENTED_EDGE('',*,*,#3972,.T.);
#7207 = FACE_BOUND('',#7208,.T.);
#7208 = EDGE_LOOP('',(#7209));
#7209 = ORIENTED_EDGE('',*,*,#5522,.T.);
#7210 = PLANE('',#7211);
#7211 = AXIS2_PLACEMENT_3D('',#7212,#7213,#7214);
#7212 = CARTESIAN_POINT('',(73.94000640832,12.317517760556,2.5));
#7213 = DIRECTION('',(-0.,-0.,-1.));
#7214 = DIRECTION('',(-1.,0.,0.));
#7215 = ADVANCED_FACE('',(#7216),#7227,.T.);
#7216 = FACE_BOUND('',#7217,.T.);
#7217 = EDGE_LOOP('',(#7218,#7219,#7225,#7226));
#7218 = ORIENTED_EDGE('',*,*,#4014,.F.);
#7219 = ORIENTED_EDGE('',*,*,#7220,.T.);
#7220 = EDGE_CURVE('',#4007,#5785,#7221,.T.);
#7221 = LINE('',#7222,#7223);
#7222 = CARTESIAN_POINT('',(114.,22.,12.));
#7223 = VECTOR('',#7224,1.);
#7224 = DIRECTION('',(0.,-1.,0.));
#7225 = ORIENTED_EDGE('',*,*,#5784,.F.);
#7226 = ORIENTED_EDGE('',*,*,#7180,.F.);
#7227 = PLANE('',#7228);
#7228 = AXIS2_PLACEMENT_3D('',#7229,#7230,#7231);
#7229 = CARTESIAN_POINT('',(114.,22.,0.));
#7230 = DIRECTION('',(1.,0.,0.));
#7231 = DIRECTION('',(0.,-1.,0.));
#7232 = ADVANCED_FACE('',(#7233,#7244),#7255,.F.);
#7233 = FACE_BOUND('',#7234,.F.);
#7234 = EDGE_LOOP('',(#7235,#7236,#7237,#7243));
#7235 = ORIENTED_EDGE('',*,*,#7220,.T.);
#7236 = ORIENTED_EDGE('',*,*,#5792,.T.);
#7237 = ORIENTED_EDGE('',*,*,#7238,.T.);
#7238 = EDGE_CURVE('',#5793,#3999,#7239,.T.);
#7239 = LINE('',#7240,#7241);
#7240 = CARTESIAN_POINT('',(136.,-11.,12.));
#7241 = VECTOR('',#7242,1.);
#7242 = DIRECTION('',(0.,1.,0.));
#7243 = ORIENTED_EDGE('',*,*,#4006,.F.);
#7244 = FACE_BOUND('',#7245,.F.);
#7245 = EDGE_LOOP('',(#7246,#7247,#7248,#7249));
#7246 = ORIENTED_EDGE('',*,*,#6729,.F.);
#7247 = ORIENTED_EDGE('',*,*,#6760,.F.);
#7248 = ORIENTED_EDGE('',*,*,#6875,.F.);
#7249 = ORIENTED_EDGE('',*,*,#7250,.F.);
#7250 = EDGE_CURVE('',#6730,#6869,#7251,.T.);
#7251 = LINE('',#7252,#7253);
#7252 = CARTESIAN_POINT('',(116.5,-1.,12.));
#7253 = VECTOR('',#7254,1.);
#7254 = DIRECTION('',(1.,0.,0.));
#7255 = PLANE('',#7256);
#7256 = AXIS2_PLACEMENT_3D('',#7257,#7258,#7259);
#7257 = CARTESIAN_POINT('',(125.,5.5,12.));
#7258 = DIRECTION('',(0.,0.,1.));
#7259 = DIRECTION('',(1.,0.,0.));
#7260 = ADVANCED_FACE('',(#7261),#7267,.T.);
#7261 = FACE_BOUND('',#7262,.T.);
#7262 = EDGE_LOOP('',(#7263,#7264,#7265,#7266));
#7263 = ORIENTED_EDGE('',*,*,#7149,.F.);
#7264 = ORIENTED_EDGE('',*,*,#5800,.T.);
#7265 = ORIENTED_EDGE('',*,*,#7238,.T.);
#7266 = ORIENTED_EDGE('',*,*,#3998,.F.);
#7267 = PLANE('',#7268);
#7268 = AXIS2_PLACEMENT_3D('',#7269,#7270,#7271);
#7269 = CARTESIAN_POINT('',(136.,-11.,0.));
#7270 = DIRECTION('',(-1.,0.,0.));
#7271 = DIRECTION('',(0.,1.,0.));
#7272 = ADVANCED_FACE('',(#7273,#7284),#7295,.F.);
#7273 = FACE_BOUND('',#7274,.F.);
#7274 = EDGE_LOOP('',(#7275,#7276,#7277,#7283));
#7275 = ORIENTED_EDGE('',*,*,#5992,.T.);
#7276 = ORIENTED_EDGE('',*,*,#5760,.T.);
#7277 = ORIENTED_EDGE('',*,*,#7278,.T.);
#7278 = EDGE_CURVE('',#5761,#4358,#7279,.T.);
#7279 = LINE('',#7280,#7281);
#7280 = CARTESIAN_POINT('',(46.,-11.,12.));
#7281 = VECTOR('',#7282,1.);
#7282 = DIRECTION('',(0.,1.,0.));
#7283 = ORIENTED_EDGE('',*,*,#4365,.F.);
#7284 = FACE_BOUND('',#7285,.F.);
#7285 = EDGE_LOOP('',(#7286,#7287,#7288,#7289));
#7286 = ORIENTED_EDGE('',*,*,#6558,.F.);
#7287 = ORIENTED_EDGE('',*,*,#6589,.F.);
#7288 = ORIENTED_EDGE('',*,*,#6704,.F.);
#7289 = ORIENTED_EDGE('',*,*,#7290,.F.);
#7290 = EDGE_CURVE('',#6559,#6698,#7291,.T.);
#7291 = LINE('',#7292,#7293);
#7292 = CARTESIAN_POINT('',(26.5,-1.,12.));
#7293 = VECTOR('',#7294,1.);
#7294 = DIRECTION('',(1.,0.,0.));
#7295 = PLANE('',#7296);
#7296 = AXIS2_PLACEMENT_3D('',#7297,#7298,#7299);
#7297 = CARTESIAN_POINT('',(125.,5.5,12.));
#7298 = DIRECTION('',(0.,0.,1.));
#7299 = DIRECTION('',(1.,0.,0.));
#7300 = ADVANCED_FACE('',(#7301),#7307,.T.);
#7301 = FACE_BOUND('',#7302,.T.);
#7302 = EDGE_LOOP('',(#7303,#7304,#7305,#7306));
#7303 = ORIENTED_EDGE('',*,*,#7187,.F.);
#7304 = ORIENTED_EDGE('',*,*,#5768,.T.);
#7305 = ORIENTED_EDGE('',*,*,#7278,.T.);
#7306 = ORIENTED_EDGE('',*,*,#4357,.F.);
#7307 = PLANE('',#7308);
#7308 = AXIS2_PLACEMENT_3D('',#7309,#7310,#7311);
#7309 = CARTESIAN_POINT('',(46.,-11.,0.));
#7310 = DIRECTION('',(-1.,0.,0.));
#7311 = DIRECTION('',(0.,1.,0.));
#7312 = ADVANCED_FACE('',(#7313),#7319,.T.);
#7313 = FACE_BOUND('',#7314,.T.);
#7314 = EDGE_LOOP('',(#7315,#7316,#7317,#7318));
#7315 = ORIENTED_EDGE('',*,*,#4641,.T.);
#7316 = ORIENTED_EDGE('',*,*,#4602,.F.);
#7317 = ORIENTED_EDGE('',*,*,#4679,.F.);
#7318 = ORIENTED_EDGE('',*,*,#4657,.F.);
#7319 = PLANE('',#7320);
#7320 = AXIS2_PLACEMENT_3D('',#7321,#7322,#7323);
#7321 = CARTESIAN_POINT('',(0.,56.,17.));
#7322 = DIRECTION('',(0.,0.,-1.));
#7323 = DIRECTION('',(0.,1.,0.));
#7324 = ADVANCED_FACE('',(#7325),#7340,.T.);
#7325 = FACE_BOUND('',#7326,.T.);
#7326 = EDGE_LOOP('',(#7327,#7328,#7329,#7330,#7336,#7337,#7338,#7339));
#7327 = ORIENTED_EDGE('',*,*,#4981,.T.);
#7328 = ORIENTED_EDGE('',*,*,#4899,.T.);
#7329 = ORIENTED_EDGE('',*,*,#6071,.T.);
#7330 = ORIENTED_EDGE('',*,*,#7331,.F.);
#7331 = EDGE_CURVE('',#6080,#6072,#7332,.T.);
#7332 = LINE('',#7333,#7334);
#7333 = CARTESIAN_POINT('',(-18.,58.000000339018,24.4));
#7334 = VECTOR('',#7335,1.);
#7335 = DIRECTION('',(0.,1.,0.));
#7336 = ORIENTED_EDGE('',*,*,#6088,.F.);
#7337 = ORIENTED_EDGE('',*,*,#4950,.T.);
#7338 = ORIENTED_EDGE('',*,*,#5022,.T.);
#7339 = ORIENTED_EDGE('',*,*,#5005,.T.);
#7340 = PLANE('',#7341);
#7341 = AXIS2_PLACEMENT_3D('',#7342,#7343,#7344);
#7342 = CARTESIAN_POINT('',(-16.,58.000001,24.4));
#7343 = DIRECTION('',(0.,0.,1.));
#7344 = DIRECTION('',(1.,0.,0.));
#7345 = ADVANCED_FACE('',(#7346),#7361,.T.);
#7346 = FACE_BOUND('',#7347,.T.);
#7347 = EDGE_LOOP('',(#7348,#7349,#7350,#7351,#7352,#7358,#7359,#7360));
#7348 = ORIENTED_EDGE('',*,*,#5110,.T.);
#7349 = ORIENTED_EDGE('',*,*,#5079,.T.);
#7350 = ORIENTED_EDGE('',*,*,#5152,.T.);
#7351 = ORIENTED_EDGE('',*,*,#6664,.F.);
#7352 = ORIENTED_EDGE('',*,*,#7353,.T.);
#7353 = EDGE_CURVE('',#6665,#6673,#7354,.T.);
#7354 = LINE('',#7355,#7356);
#7355 = CARTESIAN_POINT('',(124.99999973705,10.,20.));
#7356 = VECTOR('',#7357,1.);
#7357 = DIRECTION('',(1.,0.,0.));
#7358 = ORIENTED_EDGE('',*,*,#6681,.T.);
#7359 = ORIENTED_EDGE('',*,*,#5203,.T.);
#7360 = ORIENTED_EDGE('',*,*,#5134,.T.);
#7361 = PLANE('',#7362);
#7362 = AXIS2_PLACEMENT_3D('',#7363,#7364,#7365);
#7363 = CARTESIAN_POINT('',(124.99999988528,9.666666673882,20.));
#7364 = DIRECTION('',(0.,0.,1.));
#7365 = DIRECTION('',(1.,0.,0.));
#7366 = ADVANCED_FACE('',(#7367),#7382,.T.);
#7367 = FACE_BOUND('',#7368,.T.);
#7368 = EDGE_LOOP('',(#7369,#7370,#7371,#7372,#7373,#7379,#7380,#7381));
#7369 = ORIENTED_EDGE('',*,*,#5257,.T.);
#7370 = ORIENTED_EDGE('',*,*,#5226,.T.);
#7371 = ORIENTED_EDGE('',*,*,#5299,.T.);
#7372 = ORIENTED_EDGE('',*,*,#6835,.F.);
#7373 = ORIENTED_EDGE('',*,*,#7374,.T.);
#7374 = EDGE_CURVE('',#6836,#6844,#7375,.T.);
#7375 = LINE('',#7376,#7377);
#7376 = CARTESIAN_POINT('',(124.99999973705,10.,20.));
#7377 = VECTOR('',#7378,1.);
#7378 = DIRECTION('',(1.,0.,0.));
#7379 = ORIENTED_EDGE('',*,*,#6852,.T.);
#7380 = ORIENTED_EDGE('',*,*,#5350,.T.);
#7381 = ORIENTED_EDGE('',*,*,#5281,.T.);
#7382 = PLANE('',#7383);
#7383 = AXIS2_PLACEMENT_3D('',#7384,#7385,#7386);
#7384 = CARTESIAN_POINT('',(124.99999988528,9.666666673882,20.));
#7385 = DIRECTION('',(0.,0.,1.));
#7386 = DIRECTION('',(1.,0.,0.));
#7387 = ADVANCED_FACE('',(#7388),#7403,.T.);
#7388 = FACE_BOUND('',#7389,.T.);
#7389 = EDGE_LOOP('',(#7390,#7391,#7392,#7393,#7394,#7400,#7401,#7402));
#7390 = ORIENTED_EDGE('',*,*,#5404,.T.);
#7391 = ORIENTED_EDGE('',*,*,#5373,.T.);
#7392 = ORIENTED_EDGE('',*,*,#5446,.T.);
#7393 = ORIENTED_EDGE('',*,*,#7006,.F.);
#7394 = ORIENTED_EDGE('',*,*,#7395,.T.);
#7395 = EDGE_CURVE('',#7007,#7015,#7396,.T.);
#7396 = LINE('',#7397,#7398);
#7397 = CARTESIAN_POINT('',(124.99999973705,10.,20.));
#7398 = VECTOR('',#7399,1.);
#7399 = DIRECTION('',(1.,0.,0.));
#7400 = ORIENTED_EDGE('',*,*,#7023,.T.);
#7401 = ORIENTED_EDGE('',*,*,#5497,.T.);
#7402 = ORIENTED_EDGE('',*,*,#5428,.T.);
#7403 = PLANE('',#7404);
#7404 = AXIS2_PLACEMENT_3D('',#7405,#7406,#7407);
#7405 = CARTESIAN_POINT('',(124.99999988528,9.666666673882,20.));
#7406 = DIRECTION('',(0.,0.,1.));
#7407 = DIRECTION('',(1.,0.,0.));
#7408 = ADVANCED_FACE('',(#7409),#7413,.F.);
#7409 = FACE_BOUND('',#7410,.F.);
#7410 = EDGE_LOOP('',(#7411,#7412));
#7411 = ORIENTED_EDGE('',*,*,#6079,.T.);
#7412 = ORIENTED_EDGE('',*,*,#7331,.F.);
#7413 = PLANE('',#7414);
#7414 = AXIS2_PLACEMENT_3D('',#7415,#7416,#7417);
#7415 = CARTESIAN_POINT('',(-18.,57.999999678035,29.499999696891));
#7416 = DIRECTION('',(1.,0.,0.));
#7417 = DIRECTION('',(0.,0.,1.));
#7418 = ADVANCED_FACE('',(#7419),#7425,.F.);
#7419 = FACE_BOUND('',#7420,.F.);
#7420 = EDGE_LOOP('',(#7421,#7422,#7423,#7424));
#7421 = ORIENTED_EDGE('',*,*,#6566,.F.);
#7422 = ORIENTED_EDGE('',*,*,#7290,.T.);
#7423 = ORIENTED_EDGE('',*,*,#6697,.T.);
#7424 = ORIENTED_EDGE('',*,*,#6217,.T.);
#7425 = B_SPLINE_SURFACE_WITH_KNOTS('',1,1,(
    (#7426,#7427)
    ,(#7428,#7429
    )),.UNSPECIFIED.,.F.,.F.,.F.,(2,2),(2,2),(0.,17.),(0.,1.),
  .PIECEWISE_BEZIER_KNOTS.);
#7426 = CARTESIAN_POINT('',(26.5,-1.,12.));
#7427 = CARTESIAN_POINT('',(28.319851171331,0.819851171331,17.));
#7428 = CARTESIAN_POINT('',(43.5,-1.,12.));
#7429 = CARTESIAN_POINT('',(41.680148828669,0.819851171331,17.));
#7430 = ADVANCED_FACE('',(#7431),#7437,.F.);
#7431 = FACE_BOUND('',#7432,.F.);
#7432 = EDGE_LOOP('',(#7433,#7434,#7435,#7436));
#7433 = ORIENTED_EDGE('',*,*,#6737,.F.);
#7434 = ORIENTED_EDGE('',*,*,#7250,.T.);
#7435 = ORIENTED_EDGE('',*,*,#6868,.T.);
#7436 = ORIENTED_EDGE('',*,*,#6249,.T.);
#7437 = B_SPLINE_SURFACE_WITH_KNOTS('',1,1,(
    (#7438,#7439)
    ,(#7440,#7441
    )),.UNSPECIFIED.,.F.,.F.,.F.,(2,2),(2,2),(0.,17.),(0.,1.),
  .PIECEWISE_BEZIER_KNOTS.);
#7438 = CARTESIAN_POINT('',(116.5,-1.,12.));
#7439 = CARTESIAN_POINT('',(118.31985117133,0.819851171331,17.));
#7440 = CARTESIAN_POINT('',(133.5,-1.,12.));
#7441 = CARTESIAN_POINT('',(131.68014882866,0.819851171331,17.));
#7442 = ADVANCED_FACE('',(#7443),#7449,.F.);
#7443 = FACE_BOUND('',#7444,.F.);
#7444 = EDGE_LOOP('',(#7445,#7446,#7447,#7448));
#7445 = ORIENTED_EDGE('',*,*,#6908,.F.);
#7446 = ORIENTED_EDGE('',*,*,#7116,.T.);
#7447 = ORIENTED_EDGE('',*,*,#7039,.T.);
#7448 = ORIENTED_EDGE('',*,*,#6281,.T.);
#7449 = B_SPLINE_SURFACE_WITH_KNOTS('',1,1,(
    (#7450,#7451)
    ,(#7452,#7453
    )),.UNSPECIFIED.,.F.,.F.,.F.,(2,2),(2,2),(0.,17.),(0.,1.),
  .PIECEWISE_BEZIER_KNOTS.);
#7450 = CARTESIAN_POINT('',(206.5,-1.,12.));
#7451 = CARTESIAN_POINT('',(208.31985117133,0.819851171331,17.));
#7452 = CARTESIAN_POINT('',(223.5,-1.,12.));
#7453 = CARTESIAN_POINT('',(221.68014882866,0.819851171331,17.));
#7454 = ADVANCED_FACE('',(#7455),#7459,.F.);
#7455 = FACE_BOUND('',#7456,.F.);
#7456 = EDGE_LOOP('',(#7457,#7458));
#7457 = ORIENTED_EDGE('',*,*,#7353,.T.);
#7458 = ORIENTED_EDGE('',*,*,#6672,.F.);
#7459 = PLANE('',#7460);
#7460 = AXIS2_PLACEMENT_3D('',#7461,#7462,#7463);
#7461 = CARTESIAN_POINT('',(124.99999958883,10.,25.499999083333));
#7462 = DIRECTION('',(0.,1.,0.));
#7463 = DIRECTION('',(0.,0.,1.));
#7464 = ADVANCED_FACE('',(#7465),#7469,.F.);
#7465 = FACE_BOUND('',#7466,.F.);
#7466 = EDGE_LOOP('',(#7467,#7468));
#7467 = ORIENTED_EDGE('',*,*,#7374,.T.);
#7468 = ORIENTED_EDGE('',*,*,#6843,.F.);
#7469 = PLANE('',#7470);
#7470 = AXIS2_PLACEMENT_3D('',#7471,#7472,#7473);
#7471 = CARTESIAN_POINT('',(124.99999958883,10.,25.499999083333));
#7472 = DIRECTION('',(0.,1.,0.));
#7473 = DIRECTION('',(0.,0.,1.));
#7474 = ADVANCED_FACE('',(#7475),#7479,.F.);
#7475 = FACE_BOUND('',#7476,.F.);
#7476 = EDGE_LOOP('',(#7477,#7478));
#7477 = ORIENTED_EDGE('',*,*,#7395,.T.);
#7478 = ORIENTED_EDGE('',*,*,#7014,.F.);
#7479 = PLANE('',#7480);
#7480 = AXIS2_PLACEMENT_3D('',#7481,#7482,#7483);
#7481 = CARTESIAN_POINT('',(124.99999958883,10.,25.499999083333));
#7482 = DIRECTION('',(0.,1.,0.));
#7483 = DIRECTION('',(0.,0.,1.));
#7484 = ( GEOMETRIC_REPRESENTATION_CONTEXT(3) 
GLOBAL_UNCERTAINTY_ASSIGNED_CONTEXT((#7488)) 
GLOBAL_UNIT_ASSIGNED_CONTEXT((#7485,#7486,#7487)) REPRESENTATION_CONTEXT
('Context #1','3D Context with UNIT and UNCERTAINTY') );
#7485 = ( LENGTH_UNIT() NAMED_UNIT(*) SI_UNIT(.MILLI.,.METRE.) );
#7486 = ( NAMED_UNIT(*) PLANE_ANGLE_UNIT() SI_UNIT($,.RADIAN.) );
#7487 = ( NAMED_UNIT(*) SI_UNIT($,.STERADIAN.) SOLID_ANGLE_UNIT() );
#7488 = UNCERTAINTY_MEASURE_WITH_UNIT(LENGTH_MEASURE(5.E-04),#7485,
  'distance_accuracy_value','confusion accuracy');
#7489 = PRODUCT_RELATED_PRODUCT_CATEGORY('part',$,(#7));
ENDSEC;
END-ISO-10303-21;
