ISO-10303-21;
HEADER;
/* Generated by software containing ST-Developer
 * from STEP Tools, Inc. (www.steptools.com) 
 */

FILE_DESCRIPTION(
/* description */ (''),
/* implementation_level */ '2;1');

FILE_NAME(
/* name */ '180-12-6C.stp',
/* time_stamp */ '2026-01-29T13:08:36+02:00',
/* author */ ('Ryzen 5'),
/* organization */ (''),
/* preprocessor_version */ 'ST-DEVELOPER v20',
/* originating_system */ 'Autodesk Inventor 2025',
/* authorisation */ '');

FILE_SCHEMA (('AUTOMOTIVE_DESIGN { 1 0 10303 214 3 1 1 }'));
ENDSEC;

DATA;
#10=MECHANICAL_DESIGN_GEOMETRIC_PRESENTATION_REPRESENTATION('',(#776,#777,
#778,#779,#780,#781,#782,#783,#784,#785,#786,#787,#788,#789,#790,#791,#792,
#793,#794,#795,#796,#797,#798,#799,#800,#801,#802,#803,#804,#805,#806,#807,
#808,#809,#810,#811,#812,#813,#814,#815,#816,#817,#818,#819,#820,#821,#822,
#823,#824),#2023);
#11=SHAPE_REPRESENTATION_RELATIONSHIP('SRR','None',#2030,#12);
#12=ADVANCED_BREP_SHAPE_REPRESENTATION('',(#28,#29,#30,#31),#2022);
#13=TOROIDAL_SURFACE('',#969,24.6499999999998,4.75);
#14=TOROIDAL_SURFACE('',#976,24.5500000000001,4.75);
#15=TOROIDAL_SURFACE('',#983,24.65,4.75);
#16=B_SPLINE_CURVE_WITH_KNOTS('',3,(#1439,#1440,#1441,#1442,#1443,#1444,
#1445),.UNSPECIFIED.,.F.,.F.,(4,3,4),(0.,0.0625046991323283,0.128780476817392),
 .UNSPECIFIED.);
#17=B_SPLINE_CURVE_WITH_KNOTS('',3,(#1446,#1447,#1448,#1449,#1450,#1451,
#1452,#1453,#1454,#1455,#1456,#1457,#1458,#1459,#1460,#1461,#1462,#1463,
#1464,#1465,#1466,#1467,#1468,#1469,#1470,#1471,#1472,#1473,#1474,#1475,
#1476,#1477,#1478,#1479,#1480,#1481),.UNSPECIFIED.,.F.,.F.,(4,2,2,2,2,2,
2,2,2,2,2,2,2,2,2,2,2,4),(0.128780476817392,0.260708156506138,0.505833339556562,
0.704060165775641,0.865478174519861,1.01295818025509,1.168602148327,1.35880192054695,
1.56057466251741,1.81134762096567,2.06573960304517,2.27321076472033,2.44481874814581,
2.59614268587496,2.74580553726328,2.91689448981896,3.09678595686839,3.29846646586616),
 .UNSPECIFIED.);
#18=B_SPLINE_CURVE_WITH_KNOTS('',3,(#1498,#1499,#1500,#1501,#1502,#1503,
#1504,#1505,#1506,#1507,#1508,#1509,#1510,#1511,#1512,#1513,#1514,#1515,
#1516,#1517,#1518,#1519,#1520,#1521,#1522,#1523,#1524,#1525,#1526,#1527,
#1528,#1529,#1530,#1531,#1532,#1533),.UNSPECIFIED.,.F.,.F.,(4,2,2,2,2,2,
2,2,2,2,2,2,2,2,2,2,2,4),(0.,0.240428072531096,0.430893881229845,0.588946486434554,
0.73628492002162,0.894928441646403,1.08909217812454,1.29720083368802,1.55526619094275,
1.80154211046098,2.00233000031042,2.16926473658418,2.3191033839685,2.47027112023649,
2.64635243530269,2.82981681542774,3.05026234173274,3.13067758791606),
 .UNSPECIFIED.);
#19=B_SPLINE_CURVE_WITH_KNOTS('',3,(#1534,#1535,#1536,#1537,#1538,#1539,
#1540,#1541,#1542,#1543),.UNSPECIFIED.,.F.,.F.,(4,3,3,4),(3.13067758791606,
3.20750081075057,3.26996476784111,3.29918883223838),.UNSPECIFIED.);
#20=B_SPLINE_CURVE_WITH_KNOTS('',3,(#1588,#1589,#1590,#1591,#1592,#1593,
#1594,#1595,#1596,#1597,#1598,#1599,#1600,#1601,#1602,#1603,#1604,#1605,
#1606,#1607,#1608,#1609,#1610,#1611,#1612,#1613,#1614,#1615,#1616,#1617,
#1618,#1619,#1620,#1621,#1622,#1623),.UNSPECIFIED.,.F.,.F.,(4,2,2,2,2,2,
2,2,2,2,2,2,2,2,2,2,2,4),(0.,0.177306841378245,0.364230805250057,0.539684663168019,
0.718684699008611,0.901329649334492,1.07055698274752,1.24950204607045,1.46453682578377,
1.71885158430324,1.9342439629824,2.10606424310723,2.24950730007917,2.39952426519525,
2.58837366211561,2.79906888201459,3.03308645602831,3.04954651579249),
 .UNSPECIFIED.);
#21=B_SPLINE_CURVE_WITH_KNOTS('',3,(#1625,#1626,#1627,#1628),
 .UNSPECIFIED.,.F.,.F.,(4,4),(3.04954651579249,3.22702362210943),
 .UNSPECIFIED.);
#22=B_SPLINE_CURVE_WITH_KNOTS('',3,(#1808,#1809,#1810,#1811,#1812,#1813,
#1814,#1815,#1816,#1817,#1818,#1819,#1820,#1821,#1822,#1823,#1824,#1825,
#1826,#1827,#1828,#1829,#1830,#1831,#1832,#1833,#1834,#1835,#1836,#1837,
#1838,#1839,#1840,#1841,#1842,#1843),.UNSPECIFIED.,.F.,.F.,(4,2,2,2,2,2,
2,2,2,2,2,2,2,2,2,2,2,4),(0.14943510947622,0.228908059303702,0.416305390216457,
0.594253927441341,0.778868935255771,0.955210315957609,1.13696814319353,
1.32146793386882,1.49774970677791,1.69237545234212,1.94021067458935,2.1766723508012,
2.36661466500155,2.51841653648924,2.66106927951874,2.83450179418202,3.02393442295438,
3.225616214937),.UNSPECIFIED.);
#23=B_SPLINE_CURVE_WITH_KNOTS('',3,(#1844,#1845,#1846,#1847),
 .UNSPECIFIED.,.F.,.F.,(4,4),(0.,0.14943510947622),.UNSPECIFIED.);
#24=B_SPLINE_SURFACE_WITH_KNOTS('',4,1,((#1423,#1424),(#1425,#1426),(#1427,
#1428),(#1429,#1430),(#1431,#1432),(#1433,#1434),(#1435,#1436)),
 .UNSPECIFIED.,.F.,.F.,.F.,(5,1,1,5),(2,2),(-4.,-3.,-2.,-1.),(0.,5.),
 .UNSPECIFIED.);
#25=B_SPLINE_SURFACE_WITH_KNOTS('',4,1,((#1482,#1483),(#1484,#1485),(#1486,
#1487),(#1488,#1489),(#1490,#1491),(#1492,#1493),(#1494,#1495)),
 .UNSPECIFIED.,.F.,.F.,.F.,(5,1,1,5),(2,2),(-4.,-3.,-2.,-1.),(0.,5.),
 .UNSPECIFIED.);
#26=B_SPLINE_SURFACE_WITH_KNOTS('',3,1,((#1629,#1630),(#1631,#1632),(#1633,
#1634),(#1635,#1636),(#1637,#1638),(#1639,#1640),(#1641,#1642),(#1643,#1644),
(#1645,#1646),(#1647,#1648),(#1649,#1650),(#1651,#1652),(#1653,#1654),(#1655,
#1656),(#1657,#1658),(#1659,#1660),(#1661,#1662),(#1663,#1664),(#1665,#1666),
(#1667,#1668),(#1669,#1670),(#1671,#1672),(#1673,#1674),(#1675,#1676),(#1677,
#1678),(#1679,#1680),(#1681,#1682),(#1683,#1684),(#1685,#1686),(#1687,#1688),
(#1689,#1690),(#1691,#1692),(#1693,#1694),(#1695,#1696),(#1697,#1698),(#1699,
#1700),(#1701,#1702),(#1703,#1704),(#1705,#1706),(#1707,#1708),(#1709,#1710),
(#1711,#1712),(#1713,#1714),(#1715,#1716),(#1717,#1718),(#1719,#1720),(#1721,
#1722),(#1723,#1724),(#1725,#1726),(#1727,#1728),(#1729,#1730),(#1731,#1732),
(#1733,#1734),(#1735,#1736),(#1737,#1738),(#1739,#1740),(#1741,#1742),(#1743,
#1744),(#1745,#1746),(#1747,#1748),(#1749,#1750),(#1751,#1752),(#1753,#1754),
(#1755,#1756),(#1757,#1758),(#1759,#1760),(#1761,#1762),(#1763,#1764),(#1765,
#1766),(#1767,#1768),(#1769,#1770),(#1771,#1772),(#1773,#1774),(#1775,#1776),
(#1777,#1778),(#1779,#1780),(#1781,#1782),(#1783,#1784),(#1785,#1786),(#1787,
#1788),(#1789,#1790),(#1791,#1792),(#1793,#1794),(#1795,#1796),(#1797,#1798),
(#1799,#1800)),.UNSPECIFIED.,.F.,.F.,.F.,(4,1,1,1,1,1,1,1,1,1,1,1,1,1,1,
1,1,1,1,1,1,1,1,1,1,1,1,1,1,1,1,1,1,1,1,1,1,1,1,1,1,1,1,1,1,1,1,1,1,1,1,
1,1,1,1,1,1,1,1,1,1,1,1,1,1,1,1,1,1,1,1,1,1,1,1,1,1,1,1,1,1,1,1,4),(2,2),
(-4.,-3.9375,-3.890625,-3.875,-3.84375,-3.828125,-3.796875,-3.78125,-3.75,
-3.734375,-3.703125,-3.6875,-3.65625,-3.640625,-3.609375,-3.59375,-3.5625,
-3.546875,-3.515625,-3.5,-3.46875,-3.453125,-3.40625,-3.375,-3.3125,-3.28125,
-3.21875,-3.1875,-3.125,-3.09375,-3.03125,-3.,-2.9375,-2.90625,-2.84375,
-2.8125,-2.75,-2.71875,-2.625,-2.5625,-2.46875,-2.4375,-2.375,-2.34375,
-2.28125,-2.25,-2.1875,-2.15625,-2.09375,-2.0625,-2.,-1.96875,-1.90625,
-1.875,-1.828125,-1.8125,-1.78125,-1.765625,-1.734375,-1.71875,-1.6875,
-1.671875,-1.640625,-1.625,-1.59375,-1.578125,-1.546875,-1.53125,-1.5,-1.484375,
-1.453125,-1.4375,-1.40625,-1.390625,-1.359375,-1.34375,-1.3125,-1.296875,
-1.25,-1.21875,-1.15625,-1.125,-1.0625,-1.),(0.,5.),.UNSPECIFIED.);
#27=B_SPLINE_SURFACE_WITH_KNOTS('',3,1,((#1848,#1849),(#1850,#1851),(#1852,
#1853),(#1854,#1855),(#1856,#1857),(#1858,#1859),(#1860,#1861),(#1862,#1863),
(#1864,#1865),(#1866,#1867),(#1868,#1869),(#1870,#1871),(#1872,#1873),(#1874,
#1875),(#1876,#1877),(#1878,#1879),(#1880,#1881),(#1882,#1883),(#1884,#1885),
(#1886,#1887),(#1888,#1889),(#1890,#1891),(#1892,#1893),(#1894,#1895),(#1896,
#1897),(#1898,#1899),(#1900,#1901),(#1902,#1903),(#1904,#1905),(#1906,#1907),
(#1908,#1909),(#1910,#1911),(#1912,#1913),(#1914,#1915),(#1916,#1917),(#1918,
#1919),(#1920,#1921),(#1922,#1923),(#1924,#1925),(#1926,#1927),(#1928,#1929),
(#1930,#1931),(#1932,#1933),(#1934,#1935),(#1936,#1937),(#1938,#1939),(#1940,
#1941),(#1942,#1943),(#1944,#1945),(#1946,#1947),(#1948,#1949),(#1950,#1951),
(#1952,#1953),(#1954,#1955),(#1956,#1957),(#1958,#1959),(#1960,#1961),(#1962,
#1963),(#1964,#1965),(#1966,#1967),(#1968,#1969),(#1970,#1971),(#1972,#1973),
(#1974,#1975),(#1976,#1977),(#1978,#1979),(#1980,#1981),(#1982,#1983),(#1984,
#1985),(#1986,#1987),(#1988,#1989),(#1990,#1991),(#1992,#1993),(#1994,#1995),
(#1996,#1997),(#1998,#1999),(#2000,#2001),(#2002,#2003),(#2004,#2005),(#2006,
#2007),(#2008,#2009),(#2010,#2011),(#2012,#2013),(#2014,#2015),(#2016,#2017),
(#2018,#2019)),.UNSPECIFIED.,.F.,.F.,.F.,(4,1,1,1,1,1,1,1,1,1,1,1,1,1,1,
1,1,1,1,1,1,1,1,1,1,1,1,1,1,1,1,1,1,1,1,1,1,1,1,1,1,1,1,1,1,1,1,1,1,1,1,
1,1,1,1,1,1,1,1,1,1,1,1,1,1,1,1,1,1,1,1,1,1,1,1,1,1,1,1,1,1,1,1,4),(2,2),
(-4.,-3.9375,-3.890625,-3.875,-3.84375,-3.828125,-3.796875,-3.78125,-3.75,
-3.734375,-3.703125,-3.6875,-3.65625,-3.640625,-3.609375,-3.59375,-3.5625,
-3.546875,-3.515625,-3.5,-3.46875,-3.453125,-3.40625,-3.375,-3.3125,-3.28125,
-3.21875,-3.1875,-3.125,-3.09375,-3.03125,-3.,-2.9375,-2.90625,-2.84375,
-2.8125,-2.75,-2.71875,-2.625,-2.5625,-2.46875,-2.4375,-2.375,-2.34375,
-2.28125,-2.25,-2.1875,-2.15625,-2.09375,-2.0625,-2.,-1.96875,-1.90625,
-1.875,-1.828125,-1.8125,-1.78125,-1.765625,-1.734375,-1.71875,-1.6875,
-1.671875,-1.640625,-1.625,-1.59375,-1.578125,-1.546875,-1.53125,-1.5,-1.484375,
-1.453125,-1.4375,-1.40625,-1.390625,-1.359375,-1.34375,-1.3125,-1.296875,
-1.25,-1.21875,-1.15625,-1.125,-1.0625,-1.),(0.,5.),.UNSPECIFIED.);
#28=MANIFOLD_SOLID_BREP('Solid1',#872);
#29=MANIFOLD_SOLID_BREP('Solid2',#873);
#30=MANIFOLD_SOLID_BREP('Solid2',#874);
#31=MANIFOLD_SOLID_BREP('Solid2',#875);
#32=PLANE('',#913);
#33=PLANE('',#914);
#34=PLANE('',#930);
#35=PLANE('',#937);
#36=PLANE('',#938);
#37=PLANE('',#945);
#38=PLANE('',#952);
#39=PLANE('',#959);
#40=PLANE('',#960);
#41=PLANE('',#961);
#42=PLANE('',#962);
#43=PLANE('',#963);
#44=PLANE('',#964);
#45=PLANE('',#965);
#46=PLANE('',#988);
#47=PLANE('',#991);
#48=FACE_OUTER_BOUND('',#95,.T.);
#49=FACE_OUTER_BOUND('',#96,.T.);
#50=FACE_OUTER_BOUND('',#97,.T.);
#51=FACE_OUTER_BOUND('',#98,.T.);
#52=FACE_OUTER_BOUND('',#99,.T.);
#53=FACE_OUTER_BOUND('',#100,.T.);
#54=FACE_OUTER_BOUND('',#101,.T.);
#55=FACE_OUTER_BOUND('',#102,.T.);
#56=FACE_OUTER_BOUND('',#103,.T.);
#57=FACE_OUTER_BOUND('',#104,.T.);
#58=FACE_OUTER_BOUND('',#105,.T.);
#59=FACE_OUTER_BOUND('',#106,.T.);
#60=FACE_OUTER_BOUND('',#107,.T.);
#61=FACE_OUTER_BOUND('',#108,.T.);
#62=FACE_OUTER_BOUND('',#109,.T.);
#63=FACE_OUTER_BOUND('',#110,.T.);
#64=FACE_OUTER_BOUND('',#111,.T.);
#65=FACE_OUTER_BOUND('',#112,.T.);
#66=FACE_OUTER_BOUND('',#113,.T.);
#67=FACE_OUTER_BOUND('',#114,.T.);
#68=FACE_OUTER_BOUND('',#115,.T.);
#69=FACE_OUTER_BOUND('',#116,.T.);
#70=FACE_OUTER_BOUND('',#117,.T.);
#71=FACE_OUTER_BOUND('',#118,.T.);
#72=FACE_OUTER_BOUND('',#119,.T.);
#73=FACE_OUTER_BOUND('',#120,.T.);
#74=FACE_OUTER_BOUND('',#121,.T.);
#75=FACE_OUTER_BOUND('',#122,.T.);
#76=FACE_OUTER_BOUND('',#123,.T.);
#77=FACE_OUTER_BOUND('',#124,.T.);
#78=FACE_OUTER_BOUND('',#125,.T.);
#79=FACE_OUTER_BOUND('',#126,.T.);
#80=FACE_OUTER_BOUND('',#127,.T.);
#81=FACE_OUTER_BOUND('',#128,.T.);
#82=FACE_OUTER_BOUND('',#129,.T.);
#83=FACE_OUTER_BOUND('',#130,.T.);
#84=FACE_OUTER_BOUND('',#131,.T.);
#85=FACE_OUTER_BOUND('',#132,.T.);
#86=FACE_OUTER_BOUND('',#133,.T.);
#87=FACE_OUTER_BOUND('',#134,.T.);
#88=FACE_OUTER_BOUND('',#135,.T.);
#89=FACE_OUTER_BOUND('',#136,.T.);
#90=FACE_OUTER_BOUND('',#137,.T.);
#91=FACE_OUTER_BOUND('',#138,.T.);
#92=FACE_OUTER_BOUND('',#139,.T.);
#93=FACE_OUTER_BOUND('',#140,.T.);
#94=FACE_OUTER_BOUND('',#141,.T.);
#95=EDGE_LOOP('',(#510,#511,#512,#513));
#96=EDGE_LOOP('',(#514,#515,#516,#517));
#97=EDGE_LOOP('',(#518,#519,#520,#521));
#98=EDGE_LOOP('',(#522,#523,#524,#525));
#99=EDGE_LOOP('',(#526,#527,#528,#529));
#100=EDGE_LOOP('',(#530,#531,#532,#533));
#101=EDGE_LOOP('',(#534,#535,#536,#537,#538,#539,#540,#541,#542,#543,#544,
#545,#546,#547,#548,#549,#550,#551,#552,#553,#554,#555,#556,#557,#558,#559,
#560,#561,#562,#563));
#102=EDGE_LOOP('',(#564,#565,#566,#567));
#103=EDGE_LOOP('',(#568,#569,#570,#571));
#104=EDGE_LOOP('',(#572,#573,#574,#575));
#105=EDGE_LOOP('',(#576,#577,#578,#579));
#106=EDGE_LOOP('',(#580,#581,#582,#583));
#107=EDGE_LOOP('',(#584,#585,#586,#587));
#108=EDGE_LOOP('',(#588,#589,#590,#591));
#109=EDGE_LOOP('',(#592,#593,#594,#595));
#110=EDGE_LOOP('',(#596,#597,#598,#599));
#111=EDGE_LOOP('',(#600,#601,#602,#603));
#112=EDGE_LOOP('',(#604,#605,#606,#607));
#113=EDGE_LOOP('',(#608,#609,#610,#611));
#114=EDGE_LOOP('',(#612,#613,#614,#615));
#115=EDGE_LOOP('',(#616,#617,#618,#619));
#116=EDGE_LOOP('',(#620,#621,#622,#623));
#117=EDGE_LOOP('',(#624,#625,#626,#627));
#118=EDGE_LOOP('',(#628,#629,#630,#631));
#119=EDGE_LOOP('',(#632,#633,#634,#635));
#120=EDGE_LOOP('',(#636,#637,#638,#639));
#121=EDGE_LOOP('',(#640,#641,#642,#643));
#122=EDGE_LOOP('',(#644,#645,#646,#647));
#123=EDGE_LOOP('',(#648,#649,#650,#651));
#124=EDGE_LOOP('',(#652,#653,#654,#655));
#125=EDGE_LOOP('',(#656,#657,#658,#659));
#126=EDGE_LOOP('',(#660,#661,#662,#663,#664,#665,#666,#667,#668,#669,#670,
#671,#672,#673,#674,#675,#676,#677,#678,#679,#680,#681,#682,#683,#684,#685,
#686,#687,#688,#689));
#127=EDGE_LOOP('',(#690,#691));
#128=EDGE_LOOP('',(#692,#693));
#129=EDGE_LOOP('',(#694,#695,#696,#697,#698,#699));
#130=EDGE_LOOP('',(#700,#701,#702,#703,#704,#705));
#131=EDGE_LOOP('',(#706,#707,#708,#709,#710,#711));
#132=EDGE_LOOP('',(#712,#713,#714,#715,#716,#717));
#133=EDGE_LOOP('',(#718,#719,#720,#721,#722,#723));
#134=EDGE_LOOP('',(#724,#725,#726,#727,#728,#729));
#135=EDGE_LOOP('',(#730,#731,#732,#733,#734,#735));
#136=EDGE_LOOP('',(#736));
#137=EDGE_LOOP('',(#737,#738,#739,#740,#741));
#138=EDGE_LOOP('',(#742,#743));
#139=EDGE_LOOP('',(#744));
#140=EDGE_LOOP('',(#745,#746,#747,#748,#749));
#141=EDGE_LOOP('',(#750,#751));
#142=CIRCLE('',#899,4.75);
#143=CIRCLE('',#900,4.75);
#144=CIRCLE('',#902,4.75);
#145=CIRCLE('',#903,4.75);
#146=CIRCLE('',#905,4.75);
#147=CIRCLE('',#906,4.75);
#148=CIRCLE('',#908,4.75);
#149=CIRCLE('',#909,4.75);
#150=CIRCLE('',#911,5.);
#151=CIRCLE('',#912,5.);
#152=CIRCLE('',#915,10.3);
#153=CIRCLE('',#916,4.75);
#154=CIRCLE('',#917,10.3);
#155=CIRCLE('',#918,10.3);
#156=CIRCLE('',#919,4.75);
#157=CIRCLE('',#920,10.3);
#158=CIRCLE('',#921,10.3);
#159=CIRCLE('',#922,4.75);
#160=CIRCLE('',#923,10.3);
#161=CIRCLE('',#924,10.3);
#162=CIRCLE('',#925,4.75);
#163=CIRCLE('',#926,10.3);
#164=CIRCLE('',#927,5.);
#165=CIRCLE('',#929,5.);
#166=CIRCLE('',#932,10.3);
#167=CIRCLE('',#934,4.75);
#168=CIRCLE('',#936,10.3);
#169=CIRCLE('',#940,10.3);
#170=CIRCLE('',#942,4.75);
#171=CIRCLE('',#944,10.3);
#172=CIRCLE('',#947,10.3);
#173=CIRCLE('',#949,4.75);
#174=CIRCLE('',#951,10.3);
#175=CIRCLE('',#954,10.3);
#176=CIRCLE('',#956,4.75);
#177=CIRCLE('',#958,10.3);
#178=CIRCLE('',#967,4.75);
#179=CIRCLE('',#968,4.75);
#180=CIRCLE('',#970,19.8999999999998);
#181=CIRCLE('',#971,4.75);
#182=CIRCLE('',#972,4.75);
#183=CIRCLE('',#974,4.75);
#184=CIRCLE('',#975,4.75);
#185=CIRCLE('',#977,19.8000000000001);
#186=CIRCLE('',#978,4.75);
#187=CIRCLE('',#979,4.75);
#188=CIRCLE('',#981,4.75);
#189=CIRCLE('',#982,4.75);
#190=CIRCLE('',#984,19.9);
#191=CIRCLE('',#985,4.75);
#192=CIRCLE('',#986,4.75);
#193=CIRCLE('',#989,4.75);
#194=CIRCLE('',#992,4.75);
#195=LINE('',#1252,#255);
#196=LINE('',#1256,#256);
#197=LINE('',#1261,#257);
#198=LINE('',#1265,#258);
#199=LINE('',#1270,#259);
#200=LINE('',#1274,#260);
#201=LINE('',#1279,#261);
#202=LINE('',#1283,#262);
#203=LINE('',#1290,#263);
#204=LINE('',#1293,#264);
#205=LINE('',#1296,#265);
#206=LINE('',#1298,#266);
#207=LINE('',#1299,#267);
#208=LINE('',#1302,#268);
#209=LINE('',#1304,#269);
#210=LINE('',#1306,#270);
#211=LINE('',#1308,#271);
#212=LINE('',#1314,#272);
#213=LINE('',#1320,#273);
#214=LINE('',#1326,#274);
#215=LINE('',#1332,#275);
#216=LINE('',#1334,#276);
#217=LINE('',#1336,#277);
#218=LINE('',#1338,#278);
#219=LINE('',#1343,#279);
#220=LINE('',#1346,#280);
#221=LINE('',#1347,#281);
#222=LINE('',#1349,#282);
#223=LINE('',#1352,#283);
#224=LINE('',#1357,#284);
#225=LINE('',#1361,#285);
#226=LINE('',#1362,#286);
#227=LINE('',#1365,#287);
#228=LINE('',#1366,#288);
#229=LINE('',#1368,#289);
#230=LINE('',#1374,#290);
#231=LINE('',#1378,#291);
#232=LINE('',#1379,#292);
#233=LINE('',#1381,#293);
#234=LINE('',#1387,#294);
#235=LINE('',#1391,#295);
#236=LINE('',#1392,#296);
#237=LINE('',#1394,#297);
#238=LINE('',#1400,#298);
#239=LINE('',#1404,#299);
#240=LINE('',#1405,#300);
#241=LINE('',#1408,#301);
#242=LINE('',#1409,#302);
#243=LINE('',#1412,#303);
#244=LINE('',#1413,#304);
#245=LINE('',#1415,#305);
#246=LINE('',#1418,#306);
#247=LINE('',#1419,#307);
#248=LINE('',#1421,#308);
#249=LINE('',#1546,#309);
#250=LINE('',#1558,#310);
#251=LINE('',#1570,#311);
#252=LINE('',#1581,#312);
#253=LINE('',#1624,#313);
#254=LINE('',#1806,#314);
#255=VECTOR('',#998,4.75);
#256=VECTOR('',#1001,10.);
#257=VECTOR('',#1006,4.75);
#258=VECTOR('',#1009,10.);
#259=VECTOR('',#1014,4.75);
#260=VECTOR('',#1017,10.);
#261=VECTOR('',#1022,4.75);
#262=VECTOR('',#1025,10.);
#263=VECTOR('',#1032,10.);
#264=VECTOR('',#1035,10.);
#265=VECTOR('',#1038,10.);
#266=VECTOR('',#1039,10.);
#267=VECTOR('',#1040,10.);
#268=VECTOR('',#1043,10.);
#269=VECTOR('',#1044,10.);
#270=VECTOR('',#1045,10.);
#271=VECTOR('',#1046,10.);
#272=VECTOR('',#1053,10.);
#273=VECTOR('',#1060,10.);
#274=VECTOR('',#1067,10.);
#275=VECTOR('',#1074,10.);
#276=VECTOR('',#1075,10.);
#277=VECTOR('',#1076,10.);
#278=VECTOR('',#1077,10.);
#279=VECTOR('',#1084,10.);
#280=VECTOR('',#1087,10.);
#281=VECTOR('',#1088,10.);
#282=VECTOR('',#1091,10.);
#283=VECTOR('',#1094,10.);
#284=VECTOR('',#1101,10.);
#285=VECTOR('',#1106,10.);
#286=VECTOR('',#1107,10.);
#287=VECTOR('',#1110,10.);
#288=VECTOR('',#1111,10.);
#289=VECTOR('',#1114,10.);
#290=VECTOR('',#1123,10.);
#291=VECTOR('',#1128,10.);
#292=VECTOR('',#1129,10.);
#293=VECTOR('',#1132,10.);
#294=VECTOR('',#1141,10.);
#295=VECTOR('',#1146,10.);
#296=VECTOR('',#1147,10.);
#297=VECTOR('',#1150,10.);
#298=VECTOR('',#1159,10.);
#299=VECTOR('',#1164,10.);
#300=VECTOR('',#1165,10.);
#301=VECTOR('',#1168,10.);
#302=VECTOR('',#1169,10.);
#303=VECTOR('',#1172,10.);
#304=VECTOR('',#1173,10.);
#305=VECTOR('',#1176,10.);
#306=VECTOR('',#1179,10.);
#307=VECTOR('',#1180,10.);
#308=VECTOR('',#1183,10.);
#309=VECTOR('',#1188,4.75);
#310=VECTOR('',#1203,4.75);
#311=VECTOR('',#1218,4.75);
#312=VECTOR('',#1233,4.75);
#313=VECTOR('',#1240,4.75);
#314=VECTOR('',#1247,4.75);
#315=VERTEX_POINT('',#1250);
#316=VERTEX_POINT('',#1251);
#317=VERTEX_POINT('',#1253);
#318=VERTEX_POINT('',#1255);
#319=VERTEX_POINT('',#1259);
#320=VERTEX_POINT('',#1260);
#321=VERTEX_POINT('',#1262);
#322=VERTEX_POINT('',#1264);
#323=VERTEX_POINT('',#1268);
#324=VERTEX_POINT('',#1269);
#325=VERTEX_POINT('',#1271);
#326=VERTEX_POINT('',#1273);
#327=VERTEX_POINT('',#1277);
#328=VERTEX_POINT('',#1278);
#329=VERTEX_POINT('',#1280);
#330=VERTEX_POINT('',#1282);
#331=VERTEX_POINT('',#1286);
#332=VERTEX_POINT('',#1287);
#333=VERTEX_POINT('',#1289);
#334=VERTEX_POINT('',#1291);
#335=VERTEX_POINT('',#1295);
#336=VERTEX_POINT('',#1297);
#337=VERTEX_POINT('',#1301);
#338=VERTEX_POINT('',#1303);
#339=VERTEX_POINT('',#1305);
#340=VERTEX_POINT('',#1307);
#341=VERTEX_POINT('',#1311);
#342=VERTEX_POINT('',#1313);
#343=VERTEX_POINT('',#1317);
#344=VERTEX_POINT('',#1319);
#345=VERTEX_POINT('',#1323);
#346=VERTEX_POINT('',#1325);
#347=VERTEX_POINT('',#1329);
#348=VERTEX_POINT('',#1331);
#349=VERTEX_POINT('',#1333);
#350=VERTEX_POINT('',#1335);
#351=VERTEX_POINT('',#1337);
#352=VERTEX_POINT('',#1341);
#353=VERTEX_POINT('',#1345);
#354=VERTEX_POINT('',#1350);
#355=VERTEX_POINT('',#1356);
#356=VERTEX_POINT('',#1360);
#357=VERTEX_POINT('',#1364);
#358=VERTEX_POINT('',#1373);
#359=VERTEX_POINT('',#1377);
#360=VERTEX_POINT('',#1386);
#361=VERTEX_POINT('',#1390);
#362=VERTEX_POINT('',#1399);
#363=VERTEX_POINT('',#1403);
#364=VERTEX_POINT('',#1407);
#365=VERTEX_POINT('',#1411);
#366=VERTEX_POINT('',#1417);
#367=VERTEX_POINT('',#1437);
#368=VERTEX_POINT('',#1438);
#369=VERTEX_POINT('',#1496);
#370=VERTEX_POINT('',#1497);
#371=VERTEX_POINT('',#1545);
#372=VERTEX_POINT('',#1547);
#373=VERTEX_POINT('',#1551);
#374=VERTEX_POINT('',#1553);
#375=VERTEX_POINT('',#1557);
#376=VERTEX_POINT('',#1559);
#377=VERTEX_POINT('',#1563);
#378=VERTEX_POINT('',#1565);
#379=VERTEX_POINT('',#1569);
#380=VERTEX_POINT('',#1571);
#381=VERTEX_POINT('',#1575);
#382=VERTEX_POINT('',#1577);
#383=VERTEX_POINT('',#1583);
#384=VERTEX_POINT('',#1586);
#385=VERTEX_POINT('',#1587);
#386=VERTEX_POINT('',#1802);
#387=VERTEX_POINT('',#1805);
#388=VERTEX_POINT('',#1807);
#389=EDGE_CURVE('',#315,#316,#195,.T.);
#390=EDGE_CURVE('',#315,#317,#142,.T.);
#391=EDGE_CURVE('',#318,#317,#196,.T.);
#392=EDGE_CURVE('',#316,#318,#143,.T.);
#393=EDGE_CURVE('',#319,#320,#197,.T.);
#394=EDGE_CURVE('',#319,#321,#144,.T.);
#395=EDGE_CURVE('',#322,#321,#198,.T.);
#396=EDGE_CURVE('',#320,#322,#145,.T.);
#397=EDGE_CURVE('',#323,#324,#199,.T.);
#398=EDGE_CURVE('',#323,#325,#146,.T.);
#399=EDGE_CURVE('',#326,#325,#200,.T.);
#400=EDGE_CURVE('',#324,#326,#147,.T.);
#401=EDGE_CURVE('',#327,#328,#201,.T.);
#402=EDGE_CURVE('',#327,#329,#148,.T.);
#403=EDGE_CURVE('',#330,#329,#202,.T.);
#404=EDGE_CURVE('',#328,#330,#149,.T.);
#405=EDGE_CURVE('',#331,#332,#150,.T.);
#406=EDGE_CURVE('',#332,#333,#203,.T.);
#407=EDGE_CURVE('',#333,#334,#151,.T.);
#408=EDGE_CURVE('',#334,#331,#204,.T.);
#409=EDGE_CURVE('',#335,#332,#205,.T.);
#410=EDGE_CURVE('',#336,#335,#206,.T.);
#411=EDGE_CURVE('',#333,#336,#207,.T.);
#412=EDGE_CURVE('',#331,#337,#208,.T.);
#413=EDGE_CURVE('',#337,#338,#209,.T.);
#414=EDGE_CURVE('',#338,#339,#210,.T.);
#415=EDGE_CURVE('',#339,#340,#211,.T.);
#416=EDGE_CURVE('',#317,#340,#152,.T.);
#417=EDGE_CURVE('',#317,#315,#153,.T.);
#418=EDGE_CURVE('',#341,#317,#154,.T.);
#419=EDGE_CURVE('',#341,#342,#212,.T.);
#420=EDGE_CURVE('',#321,#342,#155,.T.);
#421=EDGE_CURVE('',#321,#319,#156,.T.);
#422=EDGE_CURVE('',#343,#321,#157,.T.);
#423=EDGE_CURVE('',#343,#344,#213,.T.);
#424=EDGE_CURVE('',#325,#344,#158,.T.);
#425=EDGE_CURVE('',#325,#323,#159,.T.);
#426=EDGE_CURVE('',#345,#325,#160,.T.);
#427=EDGE_CURVE('',#345,#346,#214,.T.);
#428=EDGE_CURVE('',#329,#346,#161,.T.);
#429=EDGE_CURVE('',#329,#327,#162,.T.);
#430=EDGE_CURVE('',#347,#329,#163,.T.);
#431=EDGE_CURVE('',#347,#348,#215,.T.);
#432=EDGE_CURVE('',#348,#349,#216,.T.);
#433=EDGE_CURVE('',#349,#350,#217,.T.);
#434=EDGE_CURVE('',#350,#351,#218,.T.);
#435=EDGE_CURVE('',#335,#351,#164,.T.);
#436=EDGE_CURVE('',#352,#336,#165,.T.);
#437=EDGE_CURVE('',#351,#352,#219,.T.);
#438=EDGE_CURVE('',#350,#353,#220,.T.);
#439=EDGE_CURVE('',#352,#353,#221,.T.);
#440=EDGE_CURVE('',#330,#329,#222,.T.);
#441=EDGE_CURVE('',#354,#330,#166,.T.);
#442=EDGE_CURVE('',#347,#354,#223,.T.);
#443=EDGE_CURVE('',#330,#328,#167,.T.);
#444=EDGE_CURVE('',#355,#346,#224,.T.);
#445=EDGE_CURVE('',#330,#355,#168,.T.);
#446=EDGE_CURVE('',#345,#356,#225,.T.);
#447=EDGE_CURVE('',#355,#356,#226,.T.);
#448=EDGE_CURVE('',#357,#354,#227,.T.);
#449=EDGE_CURVE('',#348,#357,#228,.T.);
#450=EDGE_CURVE('',#326,#325,#229,.T.);
#451=EDGE_CURVE('',#356,#326,#169,.T.);
#452=EDGE_CURVE('',#326,#324,#170,.T.);
#453=EDGE_CURVE('',#358,#344,#230,.T.);
#454=EDGE_CURVE('',#326,#358,#171,.T.);
#455=EDGE_CURVE('',#343,#359,#231,.T.);
#456=EDGE_CURVE('',#358,#359,#232,.T.);
#457=EDGE_CURVE('',#322,#321,#233,.T.);
#458=EDGE_CURVE('',#359,#322,#172,.T.);
#459=EDGE_CURVE('',#322,#320,#173,.T.);
#460=EDGE_CURVE('',#360,#342,#234,.T.);
#461=EDGE_CURVE('',#322,#360,#174,.T.);
#462=EDGE_CURVE('',#341,#361,#235,.T.);
#463=EDGE_CURVE('',#360,#361,#236,.T.);
#464=EDGE_CURVE('',#318,#317,#237,.T.);
#465=EDGE_CURVE('',#361,#318,#175,.T.);
#466=EDGE_CURVE('',#318,#316,#176,.T.);
#467=EDGE_CURVE('',#362,#340,#238,.T.);
#468=EDGE_CURVE('',#318,#362,#177,.T.);
#469=EDGE_CURVE('',#339,#363,#239,.T.);
#470=EDGE_CURVE('',#362,#363,#240,.T.);
#471=EDGE_CURVE('',#364,#334,#241,.T.);
#472=EDGE_CURVE('',#337,#364,#242,.T.);
#473=EDGE_CURVE('',#365,#364,#243,.T.);
#474=EDGE_CURVE('',#338,#365,#244,.T.);
#475=EDGE_CURVE('',#363,#365,#245,.T.);
#476=EDGE_CURVE('',#366,#357,#246,.T.);
#477=EDGE_CURVE('',#349,#366,#247,.T.);
#478=EDGE_CURVE('',#353,#366,#248,.T.);
#479=EDGE_CURVE('',#367,#368,#16,.T.);
#480=EDGE_CURVE('',#368,#367,#17,.T.);
#481=EDGE_CURVE('',#369,#370,#18,.T.);
#482=EDGE_CURVE('',#370,#369,#19,.T.);
#483=EDGE_CURVE('',#370,#371,#249,.T.);
#484=EDGE_CURVE('',#371,#372,#178,.T.);
#485=EDGE_CURVE('',#372,#371,#179,.T.);
#486=EDGE_CURVE('',#372,#373,#180,.T.);
#487=EDGE_CURVE('',#373,#374,#181,.T.);
#488=EDGE_CURVE('',#374,#373,#182,.T.);
#489=EDGE_CURVE('',#374,#375,#250,.T.);
#490=EDGE_CURVE('',#375,#376,#183,.T.);
#491=EDGE_CURVE('',#376,#375,#184,.T.);
#492=EDGE_CURVE('',#376,#377,#185,.T.);
#493=EDGE_CURVE('',#377,#378,#186,.T.);
#494=EDGE_CURVE('',#378,#377,#187,.T.);
#495=EDGE_CURVE('',#378,#379,#251,.T.);
#496=EDGE_CURVE('',#379,#380,#188,.T.);
#497=EDGE_CURVE('',#380,#379,#189,.T.);
#498=EDGE_CURVE('',#380,#381,#190,.T.);
#499=EDGE_CURVE('',#381,#382,#191,.T.);
#500=EDGE_CURVE('',#382,#381,#192,.T.);
#501=EDGE_CURVE('',#382,#368,#252,.T.);
#502=EDGE_CURVE('',#383,#383,#193,.T.);
#503=EDGE_CURVE('',#384,#385,#20,.T.);
#504=EDGE_CURVE('',#385,#383,#253,.T.);
#505=EDGE_CURVE('',#385,#384,#21,.T.);
#506=EDGE_CURVE('',#386,#386,#194,.T.);
#507=EDGE_CURVE('',#386,#387,#254,.T.);
#508=EDGE_CURVE('',#387,#388,#22,.T.);
#509=EDGE_CURVE('',#388,#387,#23,.T.);
#510=ORIENTED_EDGE('',*,*,#389,.F.);
#511=ORIENTED_EDGE('',*,*,#390,.T.);
#512=ORIENTED_EDGE('',*,*,#391,.F.);
#513=ORIENTED_EDGE('',*,*,#392,.F.);
#514=ORIENTED_EDGE('',*,*,#393,.F.);
#515=ORIENTED_EDGE('',*,*,#394,.T.);
#516=ORIENTED_EDGE('',*,*,#395,.F.);
#517=ORIENTED_EDGE('',*,*,#396,.F.);
#518=ORIENTED_EDGE('',*,*,#397,.F.);
#519=ORIENTED_EDGE('',*,*,#398,.T.);
#520=ORIENTED_EDGE('',*,*,#399,.F.);
#521=ORIENTED_EDGE('',*,*,#400,.F.);
#522=ORIENTED_EDGE('',*,*,#401,.F.);
#523=ORIENTED_EDGE('',*,*,#402,.T.);
#524=ORIENTED_EDGE('',*,*,#403,.F.);
#525=ORIENTED_EDGE('',*,*,#404,.F.);
#526=ORIENTED_EDGE('',*,*,#405,.T.);
#527=ORIENTED_EDGE('',*,*,#406,.T.);
#528=ORIENTED_EDGE('',*,*,#407,.T.);
#529=ORIENTED_EDGE('',*,*,#408,.T.);
#530=ORIENTED_EDGE('',*,*,#406,.F.);
#531=ORIENTED_EDGE('',*,*,#409,.F.);
#532=ORIENTED_EDGE('',*,*,#410,.F.);
#533=ORIENTED_EDGE('',*,*,#411,.F.);
#534=ORIENTED_EDGE('',*,*,#405,.F.);
#535=ORIENTED_EDGE('',*,*,#412,.T.);
#536=ORIENTED_EDGE('',*,*,#413,.T.);
#537=ORIENTED_EDGE('',*,*,#414,.T.);
#538=ORIENTED_EDGE('',*,*,#415,.T.);
#539=ORIENTED_EDGE('',*,*,#416,.F.);
#540=ORIENTED_EDGE('',*,*,#390,.F.);
#541=ORIENTED_EDGE('',*,*,#417,.F.);
#542=ORIENTED_EDGE('',*,*,#418,.F.);
#543=ORIENTED_EDGE('',*,*,#419,.T.);
#544=ORIENTED_EDGE('',*,*,#420,.F.);
#545=ORIENTED_EDGE('',*,*,#394,.F.);
#546=ORIENTED_EDGE('',*,*,#421,.F.);
#547=ORIENTED_EDGE('',*,*,#422,.F.);
#548=ORIENTED_EDGE('',*,*,#423,.T.);
#549=ORIENTED_EDGE('',*,*,#424,.F.);
#550=ORIENTED_EDGE('',*,*,#398,.F.);
#551=ORIENTED_EDGE('',*,*,#425,.F.);
#552=ORIENTED_EDGE('',*,*,#426,.F.);
#553=ORIENTED_EDGE('',*,*,#427,.T.);
#554=ORIENTED_EDGE('',*,*,#428,.F.);
#555=ORIENTED_EDGE('',*,*,#402,.F.);
#556=ORIENTED_EDGE('',*,*,#429,.F.);
#557=ORIENTED_EDGE('',*,*,#430,.F.);
#558=ORIENTED_EDGE('',*,*,#431,.T.);
#559=ORIENTED_EDGE('',*,*,#432,.T.);
#560=ORIENTED_EDGE('',*,*,#433,.T.);
#561=ORIENTED_EDGE('',*,*,#434,.T.);
#562=ORIENTED_EDGE('',*,*,#435,.F.);
#563=ORIENTED_EDGE('',*,*,#409,.T.);
#564=ORIENTED_EDGE('',*,*,#436,.T.);
#565=ORIENTED_EDGE('',*,*,#410,.T.);
#566=ORIENTED_EDGE('',*,*,#435,.T.);
#567=ORIENTED_EDGE('',*,*,#437,.T.);
#568=ORIENTED_EDGE('',*,*,#437,.F.);
#569=ORIENTED_EDGE('',*,*,#434,.F.);
#570=ORIENTED_EDGE('',*,*,#438,.T.);
#571=ORIENTED_EDGE('',*,*,#439,.F.);
#572=ORIENTED_EDGE('',*,*,#430,.T.);
#573=ORIENTED_EDGE('',*,*,#440,.F.);
#574=ORIENTED_EDGE('',*,*,#441,.F.);
#575=ORIENTED_EDGE('',*,*,#442,.F.);
#576=ORIENTED_EDGE('',*,*,#401,.T.);
#577=ORIENTED_EDGE('',*,*,#443,.F.);
#578=ORIENTED_EDGE('',*,*,#440,.T.);
#579=ORIENTED_EDGE('',*,*,#429,.T.);
#580=ORIENTED_EDGE('',*,*,#428,.T.);
#581=ORIENTED_EDGE('',*,*,#444,.F.);
#582=ORIENTED_EDGE('',*,*,#445,.F.);
#583=ORIENTED_EDGE('',*,*,#403,.T.);
#584=ORIENTED_EDGE('',*,*,#444,.T.);
#585=ORIENTED_EDGE('',*,*,#427,.F.);
#586=ORIENTED_EDGE('',*,*,#446,.T.);
#587=ORIENTED_EDGE('',*,*,#447,.F.);
#588=ORIENTED_EDGE('',*,*,#442,.T.);
#589=ORIENTED_EDGE('',*,*,#448,.F.);
#590=ORIENTED_EDGE('',*,*,#449,.F.);
#591=ORIENTED_EDGE('',*,*,#431,.F.);
#592=ORIENTED_EDGE('',*,*,#426,.T.);
#593=ORIENTED_EDGE('',*,*,#450,.F.);
#594=ORIENTED_EDGE('',*,*,#451,.F.);
#595=ORIENTED_EDGE('',*,*,#446,.F.);
#596=ORIENTED_EDGE('',*,*,#397,.T.);
#597=ORIENTED_EDGE('',*,*,#452,.F.);
#598=ORIENTED_EDGE('',*,*,#450,.T.);
#599=ORIENTED_EDGE('',*,*,#425,.T.);
#600=ORIENTED_EDGE('',*,*,#424,.T.);
#601=ORIENTED_EDGE('',*,*,#453,.F.);
#602=ORIENTED_EDGE('',*,*,#454,.F.);
#603=ORIENTED_EDGE('',*,*,#399,.T.);
#604=ORIENTED_EDGE('',*,*,#453,.T.);
#605=ORIENTED_EDGE('',*,*,#423,.F.);
#606=ORIENTED_EDGE('',*,*,#455,.T.);
#607=ORIENTED_EDGE('',*,*,#456,.F.);
#608=ORIENTED_EDGE('',*,*,#422,.T.);
#609=ORIENTED_EDGE('',*,*,#457,.F.);
#610=ORIENTED_EDGE('',*,*,#458,.F.);
#611=ORIENTED_EDGE('',*,*,#455,.F.);
#612=ORIENTED_EDGE('',*,*,#393,.T.);
#613=ORIENTED_EDGE('',*,*,#459,.F.);
#614=ORIENTED_EDGE('',*,*,#457,.T.);
#615=ORIENTED_EDGE('',*,*,#421,.T.);
#616=ORIENTED_EDGE('',*,*,#420,.T.);
#617=ORIENTED_EDGE('',*,*,#460,.F.);
#618=ORIENTED_EDGE('',*,*,#461,.F.);
#619=ORIENTED_EDGE('',*,*,#395,.T.);
#620=ORIENTED_EDGE('',*,*,#460,.T.);
#621=ORIENTED_EDGE('',*,*,#419,.F.);
#622=ORIENTED_EDGE('',*,*,#462,.T.);
#623=ORIENTED_EDGE('',*,*,#463,.F.);
#624=ORIENTED_EDGE('',*,*,#418,.T.);
#625=ORIENTED_EDGE('',*,*,#464,.F.);
#626=ORIENTED_EDGE('',*,*,#465,.F.);
#627=ORIENTED_EDGE('',*,*,#462,.F.);
#628=ORIENTED_EDGE('',*,*,#389,.T.);
#629=ORIENTED_EDGE('',*,*,#466,.F.);
#630=ORIENTED_EDGE('',*,*,#464,.T.);
#631=ORIENTED_EDGE('',*,*,#417,.T.);
#632=ORIENTED_EDGE('',*,*,#416,.T.);
#633=ORIENTED_EDGE('',*,*,#467,.F.);
#634=ORIENTED_EDGE('',*,*,#468,.F.);
#635=ORIENTED_EDGE('',*,*,#391,.T.);
#636=ORIENTED_EDGE('',*,*,#467,.T.);
#637=ORIENTED_EDGE('',*,*,#415,.F.);
#638=ORIENTED_EDGE('',*,*,#469,.T.);
#639=ORIENTED_EDGE('',*,*,#470,.F.);
#640=ORIENTED_EDGE('',*,*,#408,.F.);
#641=ORIENTED_EDGE('',*,*,#471,.F.);
#642=ORIENTED_EDGE('',*,*,#472,.F.);
#643=ORIENTED_EDGE('',*,*,#412,.F.);
#644=ORIENTED_EDGE('',*,*,#472,.T.);
#645=ORIENTED_EDGE('',*,*,#473,.F.);
#646=ORIENTED_EDGE('',*,*,#474,.F.);
#647=ORIENTED_EDGE('',*,*,#413,.F.);
#648=ORIENTED_EDGE('',*,*,#474,.T.);
#649=ORIENTED_EDGE('',*,*,#475,.F.);
#650=ORIENTED_EDGE('',*,*,#469,.F.);
#651=ORIENTED_EDGE('',*,*,#414,.F.);
#652=ORIENTED_EDGE('',*,*,#449,.T.);
#653=ORIENTED_EDGE('',*,*,#476,.F.);
#654=ORIENTED_EDGE('',*,*,#477,.F.);
#655=ORIENTED_EDGE('',*,*,#432,.F.);
#656=ORIENTED_EDGE('',*,*,#477,.T.);
#657=ORIENTED_EDGE('',*,*,#478,.F.);
#658=ORIENTED_EDGE('',*,*,#438,.F.);
#659=ORIENTED_EDGE('',*,*,#433,.F.);
#660=ORIENTED_EDGE('',*,*,#407,.F.);
#661=ORIENTED_EDGE('',*,*,#411,.T.);
#662=ORIENTED_EDGE('',*,*,#436,.F.);
#663=ORIENTED_EDGE('',*,*,#439,.T.);
#664=ORIENTED_EDGE('',*,*,#478,.T.);
#665=ORIENTED_EDGE('',*,*,#476,.T.);
#666=ORIENTED_EDGE('',*,*,#448,.T.);
#667=ORIENTED_EDGE('',*,*,#441,.T.);
#668=ORIENTED_EDGE('',*,*,#443,.T.);
#669=ORIENTED_EDGE('',*,*,#404,.T.);
#670=ORIENTED_EDGE('',*,*,#445,.T.);
#671=ORIENTED_EDGE('',*,*,#447,.T.);
#672=ORIENTED_EDGE('',*,*,#451,.T.);
#673=ORIENTED_EDGE('',*,*,#452,.T.);
#674=ORIENTED_EDGE('',*,*,#400,.T.);
#675=ORIENTED_EDGE('',*,*,#454,.T.);
#676=ORIENTED_EDGE('',*,*,#456,.T.);
#677=ORIENTED_EDGE('',*,*,#458,.T.);
#678=ORIENTED_EDGE('',*,*,#459,.T.);
#679=ORIENTED_EDGE('',*,*,#396,.T.);
#680=ORIENTED_EDGE('',*,*,#461,.T.);
#681=ORIENTED_EDGE('',*,*,#463,.T.);
#682=ORIENTED_EDGE('',*,*,#465,.T.);
#683=ORIENTED_EDGE('',*,*,#466,.T.);
#684=ORIENTED_EDGE('',*,*,#392,.T.);
#685=ORIENTED_EDGE('',*,*,#468,.T.);
#686=ORIENTED_EDGE('',*,*,#470,.T.);
#687=ORIENTED_EDGE('',*,*,#475,.T.);
#688=ORIENTED_EDGE('',*,*,#473,.T.);
#689=ORIENTED_EDGE('',*,*,#471,.T.);
#690=ORIENTED_EDGE('',*,*,#479,.F.);
#691=ORIENTED_EDGE('',*,*,#480,.F.);
#692=ORIENTED_EDGE('',*,*,#481,.F.);
#693=ORIENTED_EDGE('',*,*,#482,.F.);
#694=ORIENTED_EDGE('',*,*,#481,.T.);
#695=ORIENTED_EDGE('',*,*,#483,.T.);
#696=ORIENTED_EDGE('',*,*,#484,.T.);
#697=ORIENTED_EDGE('',*,*,#485,.T.);
#698=ORIENTED_EDGE('',*,*,#483,.F.);
#699=ORIENTED_EDGE('',*,*,#482,.T.);
#700=ORIENTED_EDGE('',*,*,#484,.F.);
#701=ORIENTED_EDGE('',*,*,#485,.F.);
#702=ORIENTED_EDGE('',*,*,#486,.T.);
#703=ORIENTED_EDGE('',*,*,#487,.T.);
#704=ORIENTED_EDGE('',*,*,#488,.T.);
#705=ORIENTED_EDGE('',*,*,#486,.F.);
#706=ORIENTED_EDGE('',*,*,#488,.F.);
#707=ORIENTED_EDGE('',*,*,#489,.T.);
#708=ORIENTED_EDGE('',*,*,#490,.T.);
#709=ORIENTED_EDGE('',*,*,#491,.T.);
#710=ORIENTED_EDGE('',*,*,#489,.F.);
#711=ORIENTED_EDGE('',*,*,#487,.F.);
#712=ORIENTED_EDGE('',*,*,#491,.F.);
#713=ORIENTED_EDGE('',*,*,#492,.T.);
#714=ORIENTED_EDGE('',*,*,#493,.T.);
#715=ORIENTED_EDGE('',*,*,#494,.T.);
#716=ORIENTED_EDGE('',*,*,#492,.F.);
#717=ORIENTED_EDGE('',*,*,#490,.F.);
#718=ORIENTED_EDGE('',*,*,#493,.F.);
#719=ORIENTED_EDGE('',*,*,#494,.F.);
#720=ORIENTED_EDGE('',*,*,#495,.T.);
#721=ORIENTED_EDGE('',*,*,#496,.T.);
#722=ORIENTED_EDGE('',*,*,#497,.T.);
#723=ORIENTED_EDGE('',*,*,#495,.F.);
#724=ORIENTED_EDGE('',*,*,#496,.F.);
#725=ORIENTED_EDGE('',*,*,#497,.F.);
#726=ORIENTED_EDGE('',*,*,#498,.T.);
#727=ORIENTED_EDGE('',*,*,#499,.T.);
#728=ORIENTED_EDGE('',*,*,#500,.T.);
#729=ORIENTED_EDGE('',*,*,#498,.F.);
#730=ORIENTED_EDGE('',*,*,#500,.F.);
#731=ORIENTED_EDGE('',*,*,#501,.T.);
#732=ORIENTED_EDGE('',*,*,#480,.T.);
#733=ORIENTED_EDGE('',*,*,#479,.T.);
#734=ORIENTED_EDGE('',*,*,#501,.F.);
#735=ORIENTED_EDGE('',*,*,#499,.F.);
#736=ORIENTED_EDGE('',*,*,#502,.F.);
#737=ORIENTED_EDGE('',*,*,#503,.T.);
#738=ORIENTED_EDGE('',*,*,#504,.T.);
#739=ORIENTED_EDGE('',*,*,#502,.T.);
#740=ORIENTED_EDGE('',*,*,#504,.F.);
#741=ORIENTED_EDGE('',*,*,#505,.T.);
#742=ORIENTED_EDGE('',*,*,#503,.F.);
#743=ORIENTED_EDGE('',*,*,#505,.F.);
#744=ORIENTED_EDGE('',*,*,#506,.T.);
#745=ORIENTED_EDGE('',*,*,#506,.F.);
#746=ORIENTED_EDGE('',*,*,#507,.T.);
#747=ORIENTED_EDGE('',*,*,#508,.T.);
#748=ORIENTED_EDGE('',*,*,#509,.T.);
#749=ORIENTED_EDGE('',*,*,#507,.F.);
#750=ORIENTED_EDGE('',*,*,#509,.F.);
#751=ORIENTED_EDGE('',*,*,#508,.F.);
#752=CYLINDRICAL_SURFACE('',#898,4.75);
#753=CYLINDRICAL_SURFACE('',#901,4.75);
#754=CYLINDRICAL_SURFACE('',#904,4.75);
#755=CYLINDRICAL_SURFACE('',#907,4.75);
#756=CYLINDRICAL_SURFACE('',#910,5.);
#757=CYLINDRICAL_SURFACE('',#928,5.);
#758=CYLINDRICAL_SURFACE('',#931,10.3);
#759=CYLINDRICAL_SURFACE('',#933,4.75);
#760=CYLINDRICAL_SURFACE('',#935,10.3);
#761=CYLINDRICAL_SURFACE('',#939,10.3);
#762=CYLINDRICAL_SURFACE('',#941,4.75);
#763=CYLINDRICAL_SURFACE('',#943,10.3);
#764=CYLINDRICAL_SURFACE('',#946,10.3);
#765=CYLINDRICAL_SURFACE('',#948,4.75);
#766=CYLINDRICAL_SURFACE('',#950,10.3);
#767=CYLINDRICAL_SURFACE('',#953,10.3);
#768=CYLINDRICAL_SURFACE('',#955,4.75);
#769=CYLINDRICAL_SURFACE('',#957,10.3);
#770=CYLINDRICAL_SURFACE('',#966,4.75);
#771=CYLINDRICAL_SURFACE('',#973,4.75);
#772=CYLINDRICAL_SURFACE('',#980,4.75);
#773=CYLINDRICAL_SURFACE('',#987,4.75);
#774=CYLINDRICAL_SURFACE('',#990,4.75);
#775=CYLINDRICAL_SURFACE('',#993,4.75);
#776=STYLED_ITEM('',(#2040),#825);
#777=STYLED_ITEM('',(#2040),#826);
#778=STYLED_ITEM('',(#2040),#827);
#779=STYLED_ITEM('',(#2040),#828);
#780=STYLED_ITEM('',(#2040),#830);
#781=STYLED_ITEM('',(#2040),#831);
#782=STYLED_ITEM('',(#2040),#833);
#783=STYLED_ITEM('',(#2040),#834);
#784=STYLED_ITEM('',(#2040),#835);
#785=STYLED_ITEM('',(#2040),#836);
#786=STYLED_ITEM('',(#2040),#837);
#787=STYLED_ITEM('',(#2040),#838);
#788=STYLED_ITEM('',(#2040),#839);
#789=STYLED_ITEM('',(#2040),#840);
#790=STYLED_ITEM('',(#2040),#841);
#791=STYLED_ITEM('',(#2040),#842);
#792=STYLED_ITEM('',(#2040),#843);
#793=STYLED_ITEM('',(#2040),#844);
#794=STYLED_ITEM('',(#2040),#845);
#795=STYLED_ITEM('',(#2040),#846);
#796=STYLED_ITEM('',(#2040),#847);
#797=STYLED_ITEM('',(#2040),#848);
#798=STYLED_ITEM('',(#2040),#849);
#799=STYLED_ITEM('',(#2040),#850);
#800=STYLED_ITEM('',(#2040),#851);
#801=STYLED_ITEM('',(#2040),#852);
#802=STYLED_ITEM('',(#2040),#853);
#803=STYLED_ITEM('',(#2040),#854);
#804=STYLED_ITEM('',(#2040),#855);
#805=STYLED_ITEM('',(#2040),#856);
#806=STYLED_ITEM('',(#2039),#28);
#807=STYLED_ITEM('',(#2041),#857);
#808=STYLED_ITEM('',(#2041),#858);
#809=STYLED_ITEM('',(#2041),#859);
#810=STYLED_ITEM('',(#2041),#860);
#811=STYLED_ITEM('',(#2041),#861);
#812=STYLED_ITEM('',(#2041),#862);
#813=STYLED_ITEM('',(#2041),#863);
#814=STYLED_ITEM('',(#2041),#864);
#815=STYLED_ITEM('',(#2041),#865);
#816=STYLED_ITEM('',(#2039),#29);
#817=STYLED_ITEM('',(#2041),#866);
#818=STYLED_ITEM('',(#2041),#867);
#819=STYLED_ITEM('',(#2041),#868);
#820=STYLED_ITEM('',(#2039),#30);
#821=STYLED_ITEM('',(#2041),#869);
#822=STYLED_ITEM('',(#2041),#870);
#823=STYLED_ITEM('',(#2041),#871);
#824=STYLED_ITEM('',(#2039),#31);
#825=ADVANCED_FACE('',(#48),#752,.F.);
#826=ADVANCED_FACE('',(#49),#753,.F.);
#827=ADVANCED_FACE('',(#50),#754,.F.);
#828=ADVANCED_FACE('',(#51),#755,.F.);
#829=ADVANCED_FACE('',(#52),#756,.T.);
#830=ADVANCED_FACE('',(#53),#32,.T.);
#831=ADVANCED_FACE('',(#54),#33,.T.);
#832=ADVANCED_FACE('',(#55),#757,.T.);
#833=ADVANCED_FACE('',(#56),#34,.T.);
#834=ADVANCED_FACE('',(#57),#758,.T.);
#835=ADVANCED_FACE('',(#58),#759,.F.);
#836=ADVANCED_FACE('',(#59),#760,.T.);
#837=ADVANCED_FACE('',(#60),#35,.T.);
#838=ADVANCED_FACE('',(#61),#36,.T.);
#839=ADVANCED_FACE('',(#62),#761,.T.);
#840=ADVANCED_FACE('',(#63),#762,.F.);
#841=ADVANCED_FACE('',(#64),#763,.T.);
#842=ADVANCED_FACE('',(#65),#37,.T.);
#843=ADVANCED_FACE('',(#66),#764,.T.);
#844=ADVANCED_FACE('',(#67),#765,.F.);
#845=ADVANCED_FACE('',(#68),#766,.T.);
#846=ADVANCED_FACE('',(#69),#38,.T.);
#847=ADVANCED_FACE('',(#70),#767,.T.);
#848=ADVANCED_FACE('',(#71),#768,.F.);
#849=ADVANCED_FACE('',(#72),#769,.T.);
#850=ADVANCED_FACE('',(#73),#39,.T.);
#851=ADVANCED_FACE('',(#74),#40,.T.);
#852=ADVANCED_FACE('',(#75),#41,.T.);
#853=ADVANCED_FACE('',(#76),#42,.T.);
#854=ADVANCED_FACE('',(#77),#43,.T.);
#855=ADVANCED_FACE('',(#78),#44,.T.);
#856=ADVANCED_FACE('',(#79),#45,.T.);
#857=ADVANCED_FACE('',(#80),#24,.F.);
#858=ADVANCED_FACE('',(#81),#25,.F.);
#859=ADVANCED_FACE('',(#82),#770,.T.);
#860=ADVANCED_FACE('',(#83),#13,.T.);
#861=ADVANCED_FACE('',(#84),#771,.T.);
#862=ADVANCED_FACE('',(#85),#14,.T.);
#863=ADVANCED_FACE('',(#86),#772,.T.);
#864=ADVANCED_FACE('',(#87),#15,.T.);
#865=ADVANCED_FACE('',(#88),#773,.T.);
#866=ADVANCED_FACE('',(#89),#46,.F.);
#867=ADVANCED_FACE('',(#90),#774,.T.);
#868=ADVANCED_FACE('',(#91),#26,.F.);
#869=ADVANCED_FACE('',(#92),#47,.T.);
#870=ADVANCED_FACE('',(#93),#775,.T.);
#871=ADVANCED_FACE('',(#94),#27,.F.);
#872=CLOSED_SHELL('',(#825,#826,#827,#828,#829,#830,#831,#832,#833,#834,
#835,#836,#837,#838,#839,#840,#841,#842,#843,#844,#845,#846,#847,#848,#849,
#850,#851,#852,#853,#854,#855,#856));
#873=CLOSED_SHELL('',(#857,#858,#859,#860,#861,#862,#863,#864,#865));
#874=CLOSED_SHELL('',(#866,#867,#868));
#875=CLOSED_SHELL('',(#869,#870,#871));
#876=DERIVED_UNIT_ELEMENT(#879,1.);
#877=DERIVED_UNIT_ELEMENT(#2025,-3.);
#878=DIMENSIONAL_EXPONENTS(0.,1.,0.,0.,0.,0.,0.);
#879=(
CONVERSION_BASED_UNIT('gram',#881)
MASS_UNIT()
NAMED_UNIT(#878)
);
#880=(
MASS_UNIT()
NAMED_UNIT(*)
SI_UNIT(.KILO.,.GRAM.)
);
#881=MASS_MEASURE_WITH_UNIT(MASS_MEASURE(0.001),#880);
#882=DERIVED_UNIT((#876,#877));
#883=MEASURE_REPRESENTATION_ITEM('density measure',
POSITIVE_RATIO_MEASURE(1.),#882);
#884=PROPERTY_DEFINITION_REPRESENTATION(#889,#886);
#885=PROPERTY_DEFINITION_REPRESENTATION(#890,#887);
#886=REPRESENTATION('material name',(#888),#2022);
#887=REPRESENTATION('density',(#883),#2022);
#888=DESCRIPTIVE_REPRESENTATION_ITEM('Generic','Generic');
#889=PROPERTY_DEFINITION('material property','material name',#2032);
#890=PROPERTY_DEFINITION('material property','density of part',#2032);
#891=DATE_TIME_ROLE('creation_date');
#892=APPLIED_DATE_AND_TIME_ASSIGNMENT(#893,#891,(#2032));
#893=DATE_AND_TIME(#894,#895);
#894=CALENDAR_DATE(2026,29,1);
#895=LOCAL_TIME(0,0,0.,#896);
#896=COORDINATED_UNIVERSAL_TIME_OFFSET(0,0,.BEHIND.);
#897=AXIS2_PLACEMENT_3D('',#1248,#994,#995);
#898=AXIS2_PLACEMENT_3D('',#1249,#996,#997);
#899=AXIS2_PLACEMENT_3D('',#1254,#999,#1000);
#900=AXIS2_PLACEMENT_3D('',#1257,#1002,#1003);
#901=AXIS2_PLACEMENT_3D('',#1258,#1004,#1005);
#902=AXIS2_PLACEMENT_3D('',#1263,#1007,#1008);
#903=AXIS2_PLACEMENT_3D('',#1266,#1010,#1011);
#904=AXIS2_PLACEMENT_3D('',#1267,#1012,#1013);
#905=AXIS2_PLACEMENT_3D('',#1272,#1015,#1016);
#906=AXIS2_PLACEMENT_3D('',#1275,#1018,#1019);
#907=AXIS2_PLACEMENT_3D('',#1276,#1020,#1021);
#908=AXIS2_PLACEMENT_3D('',#1281,#1023,#1024);
#909=AXIS2_PLACEMENT_3D('',#1284,#1026,#1027);
#910=AXIS2_PLACEMENT_3D('',#1285,#1028,#1029);
#911=AXIS2_PLACEMENT_3D('',#1288,#1030,#1031);
#912=AXIS2_PLACEMENT_3D('',#1292,#1033,#1034);
#913=AXIS2_PLACEMENT_3D('',#1294,#1036,#1037);
#914=AXIS2_PLACEMENT_3D('',#1300,#1041,#1042);
#915=AXIS2_PLACEMENT_3D('',#1309,#1047,#1048);
#916=AXIS2_PLACEMENT_3D('',#1310,#1049,#1050);
#917=AXIS2_PLACEMENT_3D('',#1312,#1051,#1052);
#918=AXIS2_PLACEMENT_3D('',#1315,#1054,#1055);
#919=AXIS2_PLACEMENT_3D('',#1316,#1056,#1057);
#920=AXIS2_PLACEMENT_3D('',#1318,#1058,#1059);
#921=AXIS2_PLACEMENT_3D('',#1321,#1061,#1062);
#922=AXIS2_PLACEMENT_3D('',#1322,#1063,#1064);
#923=AXIS2_PLACEMENT_3D('',#1324,#1065,#1066);
#924=AXIS2_PLACEMENT_3D('',#1327,#1068,#1069);
#925=AXIS2_PLACEMENT_3D('',#1328,#1070,#1071);
#926=AXIS2_PLACEMENT_3D('',#1330,#1072,#1073);
#927=AXIS2_PLACEMENT_3D('',#1339,#1078,#1079);
#928=AXIS2_PLACEMENT_3D('',#1340,#1080,#1081);
#929=AXIS2_PLACEMENT_3D('',#1342,#1082,#1083);
#930=AXIS2_PLACEMENT_3D('',#1344,#1085,#1086);
#931=AXIS2_PLACEMENT_3D('',#1348,#1089,#1090);
#932=AXIS2_PLACEMENT_3D('',#1351,#1092,#1093);
#933=AXIS2_PLACEMENT_3D('',#1353,#1095,#1096);
#934=AXIS2_PLACEMENT_3D('',#1354,#1097,#1098);
#935=AXIS2_PLACEMENT_3D('',#1355,#1099,#1100);
#936=AXIS2_PLACEMENT_3D('',#1358,#1102,#1103);
#937=AXIS2_PLACEMENT_3D('',#1359,#1104,#1105);
#938=AXIS2_PLACEMENT_3D('',#1363,#1108,#1109);
#939=AXIS2_PLACEMENT_3D('',#1367,#1112,#1113);
#940=AXIS2_PLACEMENT_3D('',#1369,#1115,#1116);
#941=AXIS2_PLACEMENT_3D('',#1370,#1117,#1118);
#942=AXIS2_PLACEMENT_3D('',#1371,#1119,#1120);
#943=AXIS2_PLACEMENT_3D('',#1372,#1121,#1122);
#944=AXIS2_PLACEMENT_3D('',#1375,#1124,#1125);
#945=AXIS2_PLACEMENT_3D('',#1376,#1126,#1127);
#946=AXIS2_PLACEMENT_3D('',#1380,#1130,#1131);
#947=AXIS2_PLACEMENT_3D('',#1382,#1133,#1134);
#948=AXIS2_PLACEMENT_3D('',#1383,#1135,#1136);
#949=AXIS2_PLACEMENT_3D('',#1384,#1137,#1138);
#950=AXIS2_PLACEMENT_3D('',#1385,#1139,#1140);
#951=AXIS2_PLACEMENT_3D('',#1388,#1142,#1143);
#952=AXIS2_PLACEMENT_3D('',#1389,#1144,#1145);
#953=AXIS2_PLACEMENT_3D('',#1393,#1148,#1149);
#954=AXIS2_PLACEMENT_3D('',#1395,#1151,#1152);
#955=AXIS2_PLACEMENT_3D('',#1396,#1153,#1154);
#956=AXIS2_PLACEMENT_3D('',#1397,#1155,#1156);
#957=AXIS2_PLACEMENT_3D('',#1398,#1157,#1158);
#958=AXIS2_PLACEMENT_3D('',#1401,#1160,#1161);
#959=AXIS2_PLACEMENT_3D('',#1402,#1162,#1163);
#960=AXIS2_PLACEMENT_3D('',#1406,#1166,#1167);
#961=AXIS2_PLACEMENT_3D('',#1410,#1170,#1171);
#962=AXIS2_PLACEMENT_3D('',#1414,#1174,#1175);
#963=AXIS2_PLACEMENT_3D('',#1416,#1177,#1178);
#964=AXIS2_PLACEMENT_3D('',#1420,#1181,#1182);
#965=AXIS2_PLACEMENT_3D('',#1422,#1184,#1185);
#966=AXIS2_PLACEMENT_3D('',#1544,#1186,#1187);
#967=AXIS2_PLACEMENT_3D('',#1548,#1189,#1190);
#968=AXIS2_PLACEMENT_3D('',#1549,#1191,#1192);
#969=AXIS2_PLACEMENT_3D('',#1550,#1193,#1194);
#970=AXIS2_PLACEMENT_3D('',#1552,#1195,#1196);
#971=AXIS2_PLACEMENT_3D('',#1554,#1197,#1198);
#972=AXIS2_PLACEMENT_3D('',#1555,#1199,#1200);
#973=AXIS2_PLACEMENT_3D('',#1556,#1201,#1202);
#974=AXIS2_PLACEMENT_3D('',#1560,#1204,#1205);
#975=AXIS2_PLACEMENT_3D('',#1561,#1206,#1207);
#976=AXIS2_PLACEMENT_3D('',#1562,#1208,#1209);
#977=AXIS2_PLACEMENT_3D('',#1564,#1210,#1211);
#978=AXIS2_PLACEMENT_3D('',#1566,#1212,#1213);
#979=AXIS2_PLACEMENT_3D('',#1567,#1214,#1215);
#980=AXIS2_PLACEMENT_3D('',#1568,#1216,#1217);
#981=AXIS2_PLACEMENT_3D('',#1572,#1219,#1220);
#982=AXIS2_PLACEMENT_3D('',#1573,#1221,#1222);
#983=AXIS2_PLACEMENT_3D('',#1574,#1223,#1224);
#984=AXIS2_PLACEMENT_3D('',#1576,#1225,#1226);
#985=AXIS2_PLACEMENT_3D('',#1578,#1227,#1228);
#986=AXIS2_PLACEMENT_3D('',#1579,#1229,#1230);
#987=AXIS2_PLACEMENT_3D('',#1580,#1231,#1232);
#988=AXIS2_PLACEMENT_3D('',#1582,#1234,#1235);
#989=AXIS2_PLACEMENT_3D('',#1584,#1236,#1237);
#990=AXIS2_PLACEMENT_3D('',#1585,#1238,#1239);
#991=AXIS2_PLACEMENT_3D('',#1801,#1241,#1242);
#992=AXIS2_PLACEMENT_3D('',#1803,#1243,#1244);
#993=AXIS2_PLACEMENT_3D('',#1804,#1245,#1246);
#994=DIRECTION('axis',(0.,0.,1.));
#995=DIRECTION('refdir',(1.,0.,0.));
#996=DIRECTION('center_axis',(-1.,0.,0.));
#997=DIRECTION('ref_axis',(0.,0.,1.));
#998=DIRECTION('',(1.,0.,0.));
#999=DIRECTION('center_axis',(-1.,0.,0.));
#1000=DIRECTION('ref_axis',(0.,0.,1.));
#1001=DIRECTION('',(-1.,0.,0.));
#1002=DIRECTION('center_axis',(-1.,0.,0.));
#1003=DIRECTION('ref_axis',(0.,0.,1.));
#1004=DIRECTION('center_axis',(-1.,0.,0.));
#1005=DIRECTION('ref_axis',(0.,0.,1.));
#1006=DIRECTION('',(1.,0.,0.));
#1007=DIRECTION('center_axis',(-1.,0.,0.));
#1008=DIRECTION('ref_axis',(0.,0.,1.));
#1009=DIRECTION('',(-1.,0.,0.));
#1010=DIRECTION('center_axis',(-1.,0.,0.));
#1011=DIRECTION('ref_axis',(0.,0.,1.));
#1012=DIRECTION('center_axis',(-1.,0.,0.));
#1013=DIRECTION('ref_axis',(0.,0.,1.));
#1014=DIRECTION('',(1.,0.,0.));
#1015=DIRECTION('center_axis',(-1.,0.,0.));
#1016=DIRECTION('ref_axis',(0.,0.,1.));
#1017=DIRECTION('',(-1.,0.,0.));
#1018=DIRECTION('center_axis',(-1.,0.,0.));
#1019=DIRECTION('ref_axis',(0.,0.,1.));
#1020=DIRECTION('center_axis',(-1.,0.,0.));
#1021=DIRECTION('ref_axis',(0.,0.,1.));
#1022=DIRECTION('',(1.,0.,0.));
#1023=DIRECTION('center_axis',(-1.,0.,0.));
#1024=DIRECTION('ref_axis',(0.,0.,1.));
#1025=DIRECTION('',(-1.,0.,0.));
#1026=DIRECTION('center_axis',(-1.,0.,0.));
#1027=DIRECTION('ref_axis',(0.,0.,1.));
#1028=DIRECTION('center_axis',(-1.,0.,0.));
#1029=DIRECTION('ref_axis',(0.,0.707106781186547,-0.707106781186547));
#1030=DIRECTION('center_axis',(1.,0.,0.));
#1031=DIRECTION('ref_axis',(0.,0.707106781186547,-0.707106781186547));
#1032=DIRECTION('',(1.,0.,0.));
#1033=DIRECTION('center_axis',(-1.,0.,0.));
#1034=DIRECTION('ref_axis',(0.,0.707106781186547,-0.707106781186547));
#1035=DIRECTION('',(-1.,0.,0.));
#1036=DIRECTION('center_axis',(0.,1.,1.80432385921813E-16));
#1037=DIRECTION('ref_axis',(0.,-1.80432385921813E-16,1.));
#1038=DIRECTION('',(0.,1.80432385921813E-16,-1.));
#1039=DIRECTION('',(-1.,0.,0.));
#1040=DIRECTION('',(0.,-1.80432385921813E-16,1.));
#1041=DIRECTION('center_axis',(-1.,0.,0.));
#1042=DIRECTION('ref_axis',(0.,0.,1.));
#1043=DIRECTION('',(0.,-1.,4.66235390918701E-16));
#1044=DIRECTION('',(0.,3.46944695195361E-16,1.));
#1045=DIRECTION('',(0.,1.,-2.75699547313881E-13));
#1046=DIRECTION('',(0.,-7.23665198017415E-17,1.));
#1047=DIRECTION('center_axis',(1.,0.,0.));
#1048=DIRECTION('ref_axis',(0.,0.,-1.));
#1049=DIRECTION('center_axis',(-1.,0.,0.));
#1050=DIRECTION('ref_axis',(0.,0.,1.));
#1051=DIRECTION('center_axis',(1.,0.,0.));
#1052=DIRECTION('ref_axis',(0.,0.,-1.));
#1053=DIRECTION('',(0.,-7.23665198017415E-17,1.));
#1054=DIRECTION('center_axis',(1.,0.,0.));
#1055=DIRECTION('ref_axis',(0.,0.,-1.));
#1056=DIRECTION('center_axis',(-1.,0.,0.));
#1057=DIRECTION('ref_axis',(0.,0.,1.));
#1058=DIRECTION('center_axis',(1.,0.,0.));
#1059=DIRECTION('ref_axis',(0.,0.,-1.));
#1060=DIRECTION('',(0.,-7.23665198017415E-17,1.));
#1061=DIRECTION('center_axis',(1.,0.,0.));
#1062=DIRECTION('ref_axis',(0.,0.,-1.));
#1063=DIRECTION('center_axis',(-1.,0.,0.));
#1064=DIRECTION('ref_axis',(0.,0.,1.));
#1065=DIRECTION('center_axis',(1.,0.,0.));
#1066=DIRECTION('ref_axis',(0.,0.,-1.));
#1067=DIRECTION('',(0.,-7.23665198017415E-17,1.));
#1068=DIRECTION('center_axis',(1.,0.,0.));
#1069=DIRECTION('ref_axis',(0.,0.,-1.));
#1070=DIRECTION('center_axis',(-1.,0.,0.));
#1071=DIRECTION('ref_axis',(0.,0.,1.));
#1072=DIRECTION('center_axis',(1.,0.,0.));
#1073=DIRECTION('ref_axis',(0.,0.,-1.));
#1074=DIRECTION('',(0.,-7.23665198017415E-17,1.));
#1075=DIRECTION('',(0.,-1.,-1.37289408723376E-13));
#1076=DIRECTION('',(0.,0.,1.));
#1077=DIRECTION('',(0.,1.,0.));
#1078=DIRECTION('center_axis',(1.,0.,0.));
#1079=DIRECTION('ref_axis',(0.,0.707106781186547,0.707106781186547));
#1080=DIRECTION('center_axis',(1.,0.,0.));
#1081=DIRECTION('ref_axis',(0.,0.707106781186547,0.707106781186547));
#1082=DIRECTION('center_axis',(-1.,0.,0.));
#1083=DIRECTION('ref_axis',(0.,0.707106781186547,0.707106781186547));
#1084=DIRECTION('',(1.,0.,0.));
#1085=DIRECTION('center_axis',(0.,0.,1.));
#1086=DIRECTION('ref_axis',(0.,-1.,0.));
#1087=DIRECTION('',(1.,0.,0.));
#1088=DIRECTION('',(0.,-1.,0.));
#1089=DIRECTION('center_axis',(-1.,0.,0.));
#1090=DIRECTION('ref_axis',(0.,0.,-1.));
#1091=DIRECTION('',(-1.,0.,0.));
#1092=DIRECTION('center_axis',(1.,0.,0.));
#1093=DIRECTION('ref_axis',(0.,0.,-1.));
#1094=DIRECTION('',(1.,0.,0.));
#1095=DIRECTION('center_axis',(-1.,0.,0.));
#1096=DIRECTION('ref_axis',(0.,0.,1.));
#1097=DIRECTION('center_axis',(-1.,0.,0.));
#1098=DIRECTION('ref_axis',(0.,0.,1.));
#1099=DIRECTION('center_axis',(-1.,0.,0.));
#1100=DIRECTION('ref_axis',(0.,0.,-1.));
#1101=DIRECTION('',(-1.,0.,0.));
#1102=DIRECTION('center_axis',(1.,0.,0.));
#1103=DIRECTION('ref_axis',(0.,0.,-1.));
#1104=DIRECTION('center_axis',(0.,-1.,-7.23665198017415E-17));
#1105=DIRECTION('ref_axis',(0.,7.23665198017415E-17,-1.));
#1106=DIRECTION('',(1.,0.,0.));
#1107=DIRECTION('',(0.,7.23665198017415E-17,-1.));
#1108=DIRECTION('center_axis',(0.,-1.,-7.23665198017415E-17));
#1109=DIRECTION('ref_axis',(0.,7.23665198017415E-17,-1.));
#1110=DIRECTION('',(0.,7.23665198017415E-17,-1.));
#1111=DIRECTION('',(1.,0.,0.));
#1112=DIRECTION('center_axis',(-1.,0.,0.));
#1113=DIRECTION('ref_axis',(0.,0.,-1.));
#1114=DIRECTION('',(-1.,0.,0.));
#1115=DIRECTION('center_axis',(1.,0.,0.));
#1116=DIRECTION('ref_axis',(0.,0.,-1.));
#1117=DIRECTION('center_axis',(-1.,0.,0.));
#1118=DIRECTION('ref_axis',(0.,0.,1.));
#1119=DIRECTION('center_axis',(-1.,0.,0.));
#1120=DIRECTION('ref_axis',(0.,0.,1.));
#1121=DIRECTION('center_axis',(-1.,0.,0.));
#1122=DIRECTION('ref_axis',(0.,0.,-1.));
#1123=DIRECTION('',(-1.,0.,0.));
#1124=DIRECTION('center_axis',(1.,0.,0.));
#1125=DIRECTION('ref_axis',(0.,0.,-1.));
#1126=DIRECTION('center_axis',(0.,-1.,-7.23665198017415E-17));
#1127=DIRECTION('ref_axis',(0.,7.23665198017415E-17,-1.));
#1128=DIRECTION('',(1.,0.,0.));
#1129=DIRECTION('',(0.,7.23665198017415E-17,-1.));
#1130=DIRECTION('center_axis',(-1.,0.,0.));
#1131=DIRECTION('ref_axis',(0.,0.,-1.));
#1132=DIRECTION('',(-1.,0.,0.));
#1133=DIRECTION('center_axis',(1.,0.,0.));
#1134=DIRECTION('ref_axis',(0.,0.,-1.));
#1135=DIRECTION('center_axis',(-1.,0.,0.));
#1136=DIRECTION('ref_axis',(0.,0.,1.));
#1137=DIRECTION('center_axis',(-1.,0.,0.));
#1138=DIRECTION('ref_axis',(0.,0.,1.));
#1139=DIRECTION('center_axis',(-1.,0.,0.));
#1140=DIRECTION('ref_axis',(0.,0.,-1.));
#1141=DIRECTION('',(-1.,0.,0.));
#1142=DIRECTION('center_axis',(1.,0.,0.));
#1143=DIRECTION('ref_axis',(0.,0.,-1.));
#1144=DIRECTION('center_axis',(0.,-1.,-7.23665198017415E-17));
#1145=DIRECTION('ref_axis',(0.,7.23665198017415E-17,-1.));
#1146=DIRECTION('',(1.,0.,0.));
#1147=DIRECTION('',(0.,7.23665198017415E-17,-1.));
#1148=DIRECTION('center_axis',(-1.,0.,0.));
#1149=DIRECTION('ref_axis',(0.,0.,-1.));
#1150=DIRECTION('',(-1.,0.,0.));
#1151=DIRECTION('center_axis',(1.,0.,0.));
#1152=DIRECTION('ref_axis',(0.,0.,-1.));
#1153=DIRECTION('center_axis',(-1.,0.,0.));
#1154=DIRECTION('ref_axis',(0.,0.,1.));
#1155=DIRECTION('center_axis',(-1.,0.,0.));
#1156=DIRECTION('ref_axis',(0.,0.,1.));
#1157=DIRECTION('center_axis',(-1.,0.,0.));
#1158=DIRECTION('ref_axis',(0.,0.,-1.));
#1159=DIRECTION('',(-1.,0.,0.));
#1160=DIRECTION('center_axis',(1.,0.,0.));
#1161=DIRECTION('ref_axis',(0.,0.,-1.));
#1162=DIRECTION('center_axis',(0.,-1.,-7.23665198017415E-17));
#1163=DIRECTION('ref_axis',(0.,7.23665198017415E-17,-1.));
#1164=DIRECTION('',(1.,0.,0.));
#1165=DIRECTION('',(0.,7.23665198017415E-17,-1.));
#1166=DIRECTION('center_axis',(0.,-4.66235390918701E-16,-1.));
#1167=DIRECTION('ref_axis',(0.,1.,-4.66235390918701E-16));
#1168=DIRECTION('',(0.,1.,-4.66235390918701E-16));
#1169=DIRECTION('',(1.,0.,0.));
#1170=DIRECTION('center_axis',(0.,-1.,3.46944695195361E-16));
#1171=DIRECTION('ref_axis',(0.,-3.46944695195361E-16,-1.));
#1172=DIRECTION('',(0.,-3.46944695195361E-16,-1.));
#1173=DIRECTION('',(1.,0.,0.));
#1174=DIRECTION('center_axis',(0.,2.75699547313881E-13,1.));
#1175=DIRECTION('ref_axis',(0.,-1.,2.75699547313881E-13));
#1176=DIRECTION('',(0.,-1.,2.75699547313881E-13));
#1177=DIRECTION('center_axis',(0.,1.37289408723376E-13,-1.));
#1178=DIRECTION('ref_axis',(0.,1.,1.37289408723376E-13));
#1179=DIRECTION('',(0.,1.,1.37289408723376E-13));
#1180=DIRECTION('',(1.,0.,0.));
#1181=DIRECTION('center_axis',(0.,-1.,0.));
#1182=DIRECTION('ref_axis',(0.,0.,-1.));
#1183=DIRECTION('',(0.,0.,-1.));
#1184=DIRECTION('center_axis',(1.,0.,0.));
#1185=DIRECTION('ref_axis',(0.,0.,-1.));
#1186=DIRECTION('center_axis',(1.,-1.10011777829198E-32,1.52020268669256E-16));
#1187=DIRECTION('ref_axis',(1.1852769744001E-32,-1.,-1.50334871310109E-16));
#1188=DIRECTION('',(-1.,1.10011777829198E-32,-1.52020268669256E-16));
#1189=DIRECTION('center_axis',(1.,-1.85474896831763E-32,2.55482415000334E-16));
#1190=DIRECTION('ref_axis',(1.98604262978948E-32,-1.,-1.50334871310109E-16));
#1191=DIRECTION('center_axis',(1.,-1.85474896831763E-32,2.55482415000334E-16));
#1192=DIRECTION('ref_axis',(1.98604262978948E-32,-1.,-1.50334871310109E-16));
#1193=DIRECTION('center_axis',(0.,1.,7.23665198017415E-17));
#1194=DIRECTION('ref_axis',(0.,-6.04203006598729E-17,1.));
#1195=DIRECTION('center_axis',(0.,-1.,-7.23665198017415E-17));
#1196=DIRECTION('ref_axis',(0.,-7.23665198017415E-17,1.));
#1197=DIRECTION('center_axis',(-1.,1.0312057086943E-32,-1.33017735085599E-16));
#1198=DIRECTION('ref_axis',(-1.0312057086943E-32,-1.,0.));
#1199=DIRECTION('center_axis',(-1.,1.0312057086943E-32,-1.33017735085599E-16));
#1200=DIRECTION('ref_axis',(-1.0312057086943E-32,-1.,0.));
#1201=DIRECTION('center_axis',(-1.,0.,0.));
#1202=DIRECTION('ref_axis',(0.,-1.,0.));
#1203=DIRECTION('',(1.,0.,0.));
#1204=DIRECTION('center_axis',(-1.,1.0312057086943E-32,-1.33017735085599E-16));
#1205=DIRECTION('ref_axis',(-1.0312057086943E-32,-1.,0.));
#1206=DIRECTION('center_axis',(-1.,1.0312057086943E-32,-1.33017735085599E-16));
#1207=DIRECTION('ref_axis',(-1.0312057086943E-32,-1.,0.));
#1208=DIRECTION('center_axis',(0.,-1.,-7.23665198017415E-17));
#1209=DIRECTION('ref_axis',(0.,6.06265132901107E-17,-1.));
#1210=DIRECTION('center_axis',(0.,1.,7.23665198017415E-17));
#1211=DIRECTION('ref_axis',(0.,7.23665198017415E-17,-1.));
#1212=DIRECTION('center_axis',(1.,-1.92335162100645E-32,2.55482415000334E-16));
#1213=DIRECTION('ref_axis',(1.91743997710066E-32,-1.,-1.50334871310109E-16));
#1214=DIRECTION('center_axis',(1.,-1.92335162100645E-32,2.55482415000334E-16));
#1215=DIRECTION('ref_axis',(1.91743997710066E-32,-1.,-1.50334871310109E-16));
#1216=DIRECTION('center_axis',(1.,0.,0.));
#1217=DIRECTION('ref_axis',(0.,-1.,-1.50334871310109E-16));
#1218=DIRECTION('',(-1.,0.,0.));
#1219=DIRECTION('center_axis',(1.,-1.92335162100645E-32,2.55482415000334E-16));
#1220=DIRECTION('ref_axis',(1.91743997710066E-32,-1.,-1.50334871310109E-16));
#1221=DIRECTION('center_axis',(1.,-1.92335162100645E-32,2.55482415000334E-16));
#1222=DIRECTION('ref_axis',(1.91743997710066E-32,-1.,-1.50334871310109E-16));
#1223=DIRECTION('center_axis',(0.,1.,7.23665198017415E-17));
#1224=DIRECTION('ref_axis',(0.,-6.04203006598726E-17,1.));
#1225=DIRECTION('center_axis',(0.,-1.,-7.23665198017415E-17));
#1226=DIRECTION('ref_axis',(0.,-7.23665198017415E-17,1.));
#1227=DIRECTION('center_axis',(-1.,9.62603056005478E-33,-1.33017735085599E-16));
#1228=DIRECTION('ref_axis',(-9.62603056005478E-33,-1.,0.));
#1229=DIRECTION('center_axis',(-1.,9.62603056005478E-33,-1.33017735085599E-16));
#1230=DIRECTION('ref_axis',(-9.62603056005478E-33,-1.,0.));
#1231=DIRECTION('center_axis',(-1.,0.,0.));
#1232=DIRECTION('ref_axis',(0.,-1.,0.));
#1233=DIRECTION('',(1.,0.,0.));
#1234=DIRECTION('center_axis',(-1.,9.62603056005478E-33,-1.33017735085599E-16));
#1235=DIRECTION('ref_axis',(-1.33017735085599E-16,0.,1.));
#1236=DIRECTION('center_axis',(-1.,9.62603056005478E-33,-1.33017735085599E-16));
#1237=DIRECTION('ref_axis',(-9.62603056005478E-33,-1.,0.));
#1238=DIRECTION('center_axis',(-1.,0.,0.));
#1239=DIRECTION('ref_axis',(0.,-1.,0.));
#1240=DIRECTION('',(1.,0.,0.));
#1241=DIRECTION('center_axis',(1.,-1.85474896831763E-32,2.55482415000334E-16));
#1242=DIRECTION('ref_axis',(2.55482415000334E-16,1.50334871310109E-16,-1.));
#1243=DIRECTION('center_axis',(1.,-1.85474896831763E-32,2.55482415000334E-16));
#1244=DIRECTION('ref_axis',(1.98604262978948E-32,-1.,-1.50334871310109E-16));
#1245=DIRECTION('center_axis',(1.,-1.10011777829198E-32,1.52020268669256E-16));
#1246=DIRECTION('ref_axis',(1.1852769744001E-32,-1.,-1.50334871310109E-16));
#1247=DIRECTION('',(-1.,1.10011777829198E-32,-1.52020268669256E-16));
#1248=CARTESIAN_POINT('',(0.,0.,0.));
#1249=CARTESIAN_POINT('Origin',(76.2,7.0999999999971,-73.85));
#1250=CARTESIAN_POINT('',(-76.2,7.09999999999709,-78.6));
#1251=CARTESIAN_POINT('',(76.2,7.09999999999709,-78.6));
#1252=CARTESIAN_POINT('',(76.2,7.09999999999709,-78.6));
#1253=CARTESIAN_POINT('',(-76.2,2.34999999999709,-73.85));
#1254=CARTESIAN_POINT('Origin',(-76.2,7.0999999999971,-73.85));
#1255=CARTESIAN_POINT('',(76.2,2.34999999999709,-73.85));
#1256=CARTESIAN_POINT('',(76.2,2.34999999999709,-73.85));
#1257=CARTESIAN_POINT('Origin',(76.2,7.0999999999971,-73.85));
#1258=CARTESIAN_POINT('Origin',(76.2,7.09999999999709,-24.55));
#1259=CARTESIAN_POINT('',(-76.2,7.09999999999709,-29.3));
#1260=CARTESIAN_POINT('',(76.2,7.09999999999709,-29.3));
#1261=CARTESIAN_POINT('',(76.2,7.09999999999709,-29.3));
#1262=CARTESIAN_POINT('',(-76.2,2.34999999999709,-24.55));
#1263=CARTESIAN_POINT('Origin',(-76.2,7.09999999999709,-24.55));
#1264=CARTESIAN_POINT('',(76.2,2.34999999999709,-24.55));
#1265=CARTESIAN_POINT('',(76.2,2.34999999999709,-24.55));
#1266=CARTESIAN_POINT('Origin',(76.2,7.09999999999709,-24.55));
#1267=CARTESIAN_POINT('Origin',(76.2,7.09999999999709,24.5500000000001));
#1268=CARTESIAN_POINT('',(-76.2,7.09999999999709,19.8000000000001));
#1269=CARTESIAN_POINT('',(76.2,7.09999999999709,19.8000000000001));
#1270=CARTESIAN_POINT('',(76.2,7.09999999999709,19.8000000000001));
#1271=CARTESIAN_POINT('',(-76.2,2.34999999999709,24.5500000000001));
#1272=CARTESIAN_POINT('Origin',(-76.2,7.09999999999709,24.5500000000001));
#1273=CARTESIAN_POINT('',(76.2,2.34999999999709,24.5500000000001));
#1274=CARTESIAN_POINT('',(76.2,2.34999999999709,24.5500000000001));
#1275=CARTESIAN_POINT('Origin',(76.2,7.09999999999709,24.5500000000001));
#1276=CARTESIAN_POINT('Origin',(76.2,7.09999999999708,73.8500000000001));
#1277=CARTESIAN_POINT('',(-76.2,7.09999999999708,69.1000000000001));
#1278=CARTESIAN_POINT('',(76.2,7.09999999999708,69.1000000000001));
#1279=CARTESIAN_POINT('',(76.2,7.09999999999708,69.1000000000001));
#1280=CARTESIAN_POINT('',(-76.2,2.34999999999708,73.8500000000001));
#1281=CARTESIAN_POINT('Origin',(-76.2,7.09999999999708,73.8500000000001));
#1282=CARTESIAN_POINT('',(76.2,2.34999999999708,73.8500000000001));
#1283=CARTESIAN_POINT('',(76.2,2.34999999999708,73.8500000000001));
#1284=CARTESIAN_POINT('Origin',(76.2,7.09999999999708,73.8500000000001));
#1285=CARTESIAN_POINT('Origin',(0.,14.05,-93.45));
#1286=CARTESIAN_POINT('',(-76.2,14.05,-98.45));
#1287=CARTESIAN_POINT('',(-76.2,19.05,-93.45));
#1288=CARTESIAN_POINT('Origin',(-76.2,14.05,-93.45));
#1289=CARTESIAN_POINT('',(76.2,19.05,-93.45));
#1290=CARTESIAN_POINT('',(0.,19.05,-93.45));
#1291=CARTESIAN_POINT('',(76.2,14.05,-98.45));
#1292=CARTESIAN_POINT('Origin',(76.2,14.05,-93.45));
#1293=CARTESIAN_POINT('',(0.,14.05,-98.45));
#1294=CARTESIAN_POINT('Origin',(0.,19.05,-98.45));
#1295=CARTESIAN_POINT('',(-76.2,19.05,93.45));
#1296=CARTESIAN_POINT('',(-76.2,19.05,-98.45));
#1297=CARTESIAN_POINT('',(76.2,19.05,93.45));
#1298=CARTESIAN_POINT('',(0.,19.05,93.45));
#1299=CARTESIAN_POINT('',(76.2,19.05,-98.45));
#1300=CARTESIAN_POINT('Origin',(-76.2,1.77635683940025E-14,0.));
#1301=CARTESIAN_POINT('',(-76.2,-19.05,-98.45));
#1302=CARTESIAN_POINT('',(-76.2,-19.05,-98.45));
#1303=CARTESIAN_POINT('',(-76.2,-19.05,-92.05));
#1304=CARTESIAN_POINT('',(-76.2,-19.05,-92.05));
#1305=CARTESIAN_POINT('',(-76.2,12.6499999999971,-92.0500000000087));
#1306=CARTESIAN_POINT('',(-76.2,12.6499999999971,-92.0500000000087));
#1307=CARTESIAN_POINT('',(-76.2,12.6499999999971,-84.1499999999999));
#1308=CARTESIAN_POINT('',(-76.2,12.6499999999971,92.0500000000087));
#1309=CARTESIAN_POINT('Origin',(-76.2,12.6499999999971,-73.85));
#1310=CARTESIAN_POINT('Origin',(-76.2,7.0999999999971,-73.85));
#1311=CARTESIAN_POINT('',(-76.2,12.6499999999971,-63.55));
#1312=CARTESIAN_POINT('Origin',(-76.2,12.6499999999971,-73.85));
#1313=CARTESIAN_POINT('',(-76.2,12.6499999999971,-34.85));
#1314=CARTESIAN_POINT('',(-76.2,12.6499999999971,92.0500000000087));
#1315=CARTESIAN_POINT('Origin',(-76.2,12.6499999999971,-24.55));
#1316=CARTESIAN_POINT('Origin',(-76.2,7.09999999999709,-24.55));
#1317=CARTESIAN_POINT('',(-76.2,12.6499999999971,-14.25));
#1318=CARTESIAN_POINT('Origin',(-76.2,12.6499999999971,-24.55));
#1319=CARTESIAN_POINT('',(-76.2,12.6499999999971,14.2500000000001));
#1320=CARTESIAN_POINT('',(-76.2,12.6499999999971,92.0500000000087));
#1321=CARTESIAN_POINT('Origin',(-76.2,12.6499999999971,24.5500000000001));
#1322=CARTESIAN_POINT('Origin',(-76.2,7.09999999999709,24.5500000000001));
#1323=CARTESIAN_POINT('',(-76.2,12.6499999999971,34.8500000000001));
#1324=CARTESIAN_POINT('Origin',(-76.2,12.6499999999971,24.5500000000001));
#1325=CARTESIAN_POINT('',(-76.2,12.6499999999971,63.5500000000001));
#1326=CARTESIAN_POINT('',(-76.2,12.6499999999971,92.0500000000087));
#1327=CARTESIAN_POINT('Origin',(-76.2,12.6499999999971,73.8500000000001));
#1328=CARTESIAN_POINT('Origin',(-76.2,7.09999999999708,73.8500000000001));
#1329=CARTESIAN_POINT('',(-76.2,12.6499999999971,84.1500000000001));
#1330=CARTESIAN_POINT('Origin',(-76.2,12.6499999999971,73.8500000000001));
#1331=CARTESIAN_POINT('',(-76.2,12.6499999999971,92.0500000000087));
#1332=CARTESIAN_POINT('',(-76.2,12.6499999999971,92.0500000000087));
#1333=CARTESIAN_POINT('',(-76.2,-19.05,92.0500000000044));
#1334=CARTESIAN_POINT('',(-76.2,-19.05,92.0500000000044));
#1335=CARTESIAN_POINT('',(-76.2,-19.05,98.45));
#1336=CARTESIAN_POINT('',(-76.2,-19.05,98.45));
#1337=CARTESIAN_POINT('',(-76.2,14.05,98.45));
#1338=CARTESIAN_POINT('',(-76.2,19.05,98.45));
#1339=CARTESIAN_POINT('Origin',(-76.2,14.05,93.45));
#1340=CARTESIAN_POINT('Origin',(0.,14.05,93.45));
#1341=CARTESIAN_POINT('',(76.2,14.05,98.45));
#1342=CARTESIAN_POINT('Origin',(76.2,14.05,93.45));
#1343=CARTESIAN_POINT('',(0.,14.05,98.45));
#1344=CARTESIAN_POINT('Origin',(0.,19.05,98.45));
#1345=CARTESIAN_POINT('',(76.2,-19.05,98.45));
#1346=CARTESIAN_POINT('',(0.,-19.05,98.45));
#1347=CARTESIAN_POINT('',(76.2,19.05,98.45));
#1348=CARTESIAN_POINT('Origin',(76.2,12.6499999999971,73.8500000000001));
#1349=CARTESIAN_POINT('',(76.2,2.34999999999708,73.8500000000001));
#1350=CARTESIAN_POINT('',(76.2,12.6499999999971,84.1500000000001));
#1351=CARTESIAN_POINT('Origin',(76.2,12.6499999999971,73.8500000000001));
#1352=CARTESIAN_POINT('',(76.2,12.6499999999971,84.15));
#1353=CARTESIAN_POINT('Origin',(76.2,7.09999999999708,73.8500000000001));
#1354=CARTESIAN_POINT('Origin',(76.2,7.09999999999708,73.8500000000001));
#1355=CARTESIAN_POINT('Origin',(76.2,12.6499999999971,73.8500000000001));
#1356=CARTESIAN_POINT('',(76.2,12.6499999999971,63.5500000000001));
#1357=CARTESIAN_POINT('',(76.2,12.6499999999971,63.55));
#1358=CARTESIAN_POINT('Origin',(76.2,12.6499999999971,73.8500000000001));
#1359=CARTESIAN_POINT('Origin',(0.,12.6499999999971,92.0500000000087));
#1360=CARTESIAN_POINT('',(76.2,12.6499999999971,34.8500000000001));
#1361=CARTESIAN_POINT('',(76.2,12.6499999999971,34.8500000000001));
#1362=CARTESIAN_POINT('',(76.2,12.6499999999971,92.0500000000087));
#1363=CARTESIAN_POINT('Origin',(0.,12.6499999999971,92.0500000000087));
#1364=CARTESIAN_POINT('',(76.2,12.6499999999971,92.0500000000087));
#1365=CARTESIAN_POINT('',(76.2,12.6499999999971,92.0500000000087));
#1366=CARTESIAN_POINT('',(0.,12.6499999999971,92.0500000000087));
#1367=CARTESIAN_POINT('Origin',(76.2,12.6499999999971,24.5500000000001));
#1368=CARTESIAN_POINT('',(76.2,2.34999999999709,24.5500000000001));
#1369=CARTESIAN_POINT('Origin',(76.2,12.6499999999971,24.5500000000001));
#1370=CARTESIAN_POINT('Origin',(76.2,7.09999999999709,24.5500000000001));
#1371=CARTESIAN_POINT('Origin',(76.2,7.09999999999709,24.5500000000001));
#1372=CARTESIAN_POINT('Origin',(76.2,12.6499999999971,24.5500000000001));
#1373=CARTESIAN_POINT('',(76.2,12.6499999999971,14.2500000000001));
#1374=CARTESIAN_POINT('',(76.2,12.6499999999971,14.2500000000001));
#1375=CARTESIAN_POINT('Origin',(76.2,12.6499999999971,24.5500000000001));
#1376=CARTESIAN_POINT('Origin',(0.,12.6499999999971,92.0500000000087));
#1377=CARTESIAN_POINT('',(76.2,12.6499999999971,-14.25));
#1378=CARTESIAN_POINT('',(76.2,12.6499999999971,-14.25));
#1379=CARTESIAN_POINT('',(76.2,12.6499999999971,92.0500000000087));
#1380=CARTESIAN_POINT('Origin',(76.2,12.6499999999971,-24.55));
#1381=CARTESIAN_POINT('',(76.2,2.34999999999709,-24.55));
#1382=CARTESIAN_POINT('Origin',(76.2,12.6499999999971,-24.55));
#1383=CARTESIAN_POINT('Origin',(76.2,7.09999999999709,-24.55));
#1384=CARTESIAN_POINT('Origin',(76.2,7.09999999999709,-24.55));
#1385=CARTESIAN_POINT('Origin',(76.2,12.6499999999971,-24.55));
#1386=CARTESIAN_POINT('',(76.2,12.6499999999971,-34.85));
#1387=CARTESIAN_POINT('',(76.2,12.6499999999971,-34.85));
#1388=CARTESIAN_POINT('Origin',(76.2,12.6499999999971,-24.55));
#1389=CARTESIAN_POINT('Origin',(0.,12.6499999999971,92.0500000000087));
#1390=CARTESIAN_POINT('',(76.2,12.6499999999971,-63.55));
#1391=CARTESIAN_POINT('',(76.2,12.6499999999971,-63.55));
#1392=CARTESIAN_POINT('',(76.2,12.6499999999971,92.0500000000087));
#1393=CARTESIAN_POINT('Origin',(76.2,12.6499999999971,-73.85));
#1394=CARTESIAN_POINT('',(76.2,2.34999999999709,-73.85));
#1395=CARTESIAN_POINT('Origin',(76.2,12.6499999999971,-73.85));
#1396=CARTESIAN_POINT('Origin',(76.2,7.0999999999971,-73.85));
#1397=CARTESIAN_POINT('Origin',(76.2,7.0999999999971,-73.85));
#1398=CARTESIAN_POINT('Origin',(76.2,12.6499999999971,-73.85));
#1399=CARTESIAN_POINT('',(76.2,12.6499999999971,-84.1499999999999));
#1400=CARTESIAN_POINT('',(76.2,12.6499999999971,-84.1499999999999));
#1401=CARTESIAN_POINT('Origin',(76.2,12.6499999999971,-73.85));
#1402=CARTESIAN_POINT('Origin',(0.,12.6499999999971,92.0500000000087));
#1403=CARTESIAN_POINT('',(76.2,12.6499999999971,-92.0500000000087));
#1404=CARTESIAN_POINT('',(0.,12.6499999999971,-92.0500000000087));
#1405=CARTESIAN_POINT('',(76.2,12.6499999999971,92.0500000000087));
#1406=CARTESIAN_POINT('Origin',(0.,-19.05,-98.45));
#1407=CARTESIAN_POINT('',(76.2,-19.05,-98.45));
#1408=CARTESIAN_POINT('',(76.2,-19.05,-98.45));
#1409=CARTESIAN_POINT('',(0.,-19.05,-98.45));
#1410=CARTESIAN_POINT('Origin',(0.,-19.05,-92.05));
#1411=CARTESIAN_POINT('',(76.2,-19.05,-92.05));
#1412=CARTESIAN_POINT('',(76.2,-19.05,-92.05));
#1413=CARTESIAN_POINT('',(0.,-19.05,-92.05));
#1414=CARTESIAN_POINT('Origin',(0.,12.6499999999971,-92.0500000000087));
#1415=CARTESIAN_POINT('',(76.2,12.6499999999971,-92.0500000000087));
#1416=CARTESIAN_POINT('Origin',(0.,-19.05,92.0500000000044));
#1417=CARTESIAN_POINT('',(76.2,-19.05,92.0500000000044));
#1418=CARTESIAN_POINT('',(76.2,-19.05,92.0500000000044));
#1419=CARTESIAN_POINT('',(0.,-19.05,92.0500000000044));
#1420=CARTESIAN_POINT('Origin',(0.,-19.05,98.45));
#1421=CARTESIAN_POINT('',(76.2,-19.05,98.45));
#1422=CARTESIAN_POINT('Origin',(76.2,1.77635683940025E-14,0.));
#1423=CARTESIAN_POINT('Ctrl Pts',(112.23544320588,19.05,-59.0331783040867));
#1424=CARTESIAN_POINT('Ctrl Pts',(112.23544320588,-30.95,-59.0331783040867));
#1425=CARTESIAN_POINT('Ctrl Pts',(120.205835500714,19.05,-58.2263716446238));
#1426=CARTESIAN_POINT('Ctrl Pts',(120.205835500714,-30.95,-58.2263716446238));
#1427=CARTESIAN_POINT('Ctrl Pts',(126.908030494247,19.05,-64.4663461884772));
#1428=CARTESIAN_POINT('Ctrl Pts',(126.908030494247,-30.95,-64.4663461884772));
#1429=CARTESIAN_POINT('Ctrl Pts',(118.472509209283,19.05,-74.7507486774206));
#1430=CARTESIAN_POINT('Ctrl Pts',(118.472509209283,-30.95,-74.7507486774206));
#1431=CARTESIAN_POINT('Ctrl Pts',(112.23544320588,19.05,-82.60849439931));
#1432=CARTESIAN_POINT('Ctrl Pts',(112.23544320588,-30.95,-82.60849439931));
#1433=CARTESIAN_POINT('Ctrl Pts',(113.0414201628,19.05,-92.4306765516718));
#1434=CARTESIAN_POINT('Ctrl Pts',(113.0414201628,-30.95,-92.4306765516718));
#1435=CARTESIAN_POINT('Ctrl Pts',(121.592496533859,19.05,-95.435108739453));
#1436=CARTESIAN_POINT('Ctrl Pts',(121.592496533859,-30.95,-95.435108739453));
#1437=CARTESIAN_POINT('',(119.943456839489,11.7311294388254,-72.793998048857));
#1438=CARTESIAN_POINT('',(119.210427203044,11.8499999999971,-73.8499999999994));
#1439=CARTESIAN_POINT('Ctrl Pts',(119.943456839489,11.7311294388254,-72.793998048857));
#1440=CARTESIAN_POINT('Ctrl Pts',(119.828017026016,11.7696859520501,-72.9630888381875));
#1441=CARTESIAN_POINT('Ctrl Pts',(119.710452540665,11.7988187995212,-73.1335699928683));
#1442=CARTESIAN_POINT('Ctrl Pts',(119.591622788895,11.8185922828245,-73.3046546279613));
#1443=CARTESIAN_POINT('Ctrl Pts',(119.465623714906,11.8395587541724,-73.4860612645527));
#1444=CARTESIAN_POINT('Ctrl Pts',(119.338204336506,11.8500024411111,-73.6681464411303));
#1445=CARTESIAN_POINT('Ctrl Pts',(119.210427203043,11.8499999999971,-73.8500000000003));
#1446=CARTESIAN_POINT('Ctrl Pts',(119.210427203044,11.8499999999971,-73.8499999999988));
#1447=CARTESIAN_POINT('Ctrl Pts',(118.956067326,11.8499999999971,-74.2120072513794));
#1448=CARTESIAN_POINT('Ctrl Pts',(118.70028710297,11.8086142313216,-74.5731577346752));
#1449=CARTESIAN_POINT('Ctrl Pts',(117.988978066095,11.5737580957935,-75.5826219444421));
#1450=CARTESIAN_POINT('Ctrl Pts',(117.543780971463,11.2777859228711,-76.223121592747));
#1451=CARTESIAN_POINT('Ctrl Pts',(116.859659731873,10.4678242152753,-77.250344932795));
#1452=CARTESIAN_POINT('Ctrl Pts',(116.601388977929,10.0109529792155,-77.6558722158423));
#1453=CARTESIAN_POINT('Ctrl Pts',(116.250521612539,9.02110019655973,-78.224281206925));
#1454=CARTESIAN_POINT('Ctrl Pts',(116.13990759323,8.52961839324939,-78.4108678666133));
#1455=CARTESIAN_POINT('Ctrl Pts',(116.025237325581,7.53066477919599,-78.6053253052308));
#1456=CARTESIAN_POINT('Ctrl Pts',(116.01411711798,7.04040614935764,-78.6246118474814));
#1457=CARTESIAN_POINT('Ctrl Pts',(116.081510522781,6.04436145032408,-78.5097395298698));
#1458=CARTESIAN_POINT('Ctrl Pts',(116.164147398014,5.55287438514423,-78.3687781093718));
#1459=CARTESIAN_POINT('Ctrl Pts',(116.448975574696,4.54434504770164,-77.900325518678));
#1460=CARTESIAN_POINT('Ctrl Pts',(116.668867766826,4.06399337199984,-77.5476917837392));
#1461=CARTESIAN_POINT('Ctrl Pts',(117.225966207808,3.24827157766498,-76.6952677408317));
#1462=CARTESIAN_POINT('Ctrl Pts',(117.563968296256,2.93165635843379,-76.1968683927127));
#1463=CARTESIAN_POINT('Ctrl Pts',(118.378991479196,2.44410031178714,-75.0247255927519));
#1464=CARTESIAN_POINT('Ctrl Pts',(118.872808162083,2.3251652354201,-74.3325397756223));
#1465=CARTESIAN_POINT('Ctrl Pts',(119.838305995004,2.38384615151421,-72.9536572483201));
#1466=CARTESIAN_POINT('Ctrl Pts',(120.318077361312,2.56627776908645,-72.2519947765282));
#1467=CARTESIAN_POINT('Ctrl Pts',(121.073001253411,3.20124799819167,-71.0705693787208));
#1468=CARTESIAN_POINT('Ctrl Pts',(121.366082916514,3.59507868019244,-70.5787180532387));
#1469=CARTESIAN_POINT('Ctrl Pts',(121.784612363259,4.51657943360744,-69.8278095158956));
#1470=CARTESIAN_POINT('Ctrl Pts',(121.925325816933,4.99744287715811,-69.5537976245699));
#1471=CARTESIAN_POINT('Ctrl Pts',(122.099676496343,5.99500101919885,-69.203831706765));
#1472=CARTESIAN_POINT('Ctrl Pts',(122.142409024622,6.48942883094358,-69.1127532223565));
#1473=CARTESIAN_POINT('Ctrl Pts',(122.153308175325,7.48726008155666,-69.0898701662124));
#1474=CARTESIAN_POINT('Ctrl Pts',(122.122208984237,7.98096625190099,-69.1565791342357));
#1475=CARTESIAN_POINT('Ctrl Pts',(121.974454701135,8.99121520482272,-69.4566191291936));
#1476=CARTESIAN_POINT('Ctrl Pts',(121.847860295289,9.4865844267798,-69.7076303255841));
#1477=CARTESIAN_POINT('Ctrl Pts',(121.486815607777,10.3791215098426,-70.3667188466922));
#1478=CARTESIAN_POINT('Ctrl Pts',(121.252270956397,10.7561642087071,-70.7712740077062));
#1479=CARTESIAN_POINT('Ctrl Pts',(120.669590845601,11.3829421366105,-71.7109917187404));
#1480=CARTESIAN_POINT('Ctrl Pts',(120.315960169646,11.6067145671849,-72.2483727552116));
#1481=CARTESIAN_POINT('Ctrl Pts',(119.943456839489,11.7311294388254,-72.793998048857));
#1482=CARTESIAN_POINT('Ctrl Pts',(112.23544320588,19.05,88.6668216959133));
#1483=CARTESIAN_POINT('Ctrl Pts',(112.23544320588,-30.95,88.6668216959133));
#1484=CARTESIAN_POINT('Ctrl Pts',(120.205835500714,19.05,89.4736283553762));
#1485=CARTESIAN_POINT('Ctrl Pts',(120.205835500714,-30.95,89.4736283553761));
#1486=CARTESIAN_POINT('Ctrl Pts',(126.908030494247,19.05,83.2336538115228));
#1487=CARTESIAN_POINT('Ctrl Pts',(126.908030494247,-30.95,83.2336538115228));
#1488=CARTESIAN_POINT('Ctrl Pts',(118.472509209283,19.05,72.9492513225794));
#1489=CARTESIAN_POINT('Ctrl Pts',(118.472509209283,-30.95,72.9492513225793));
#1490=CARTESIAN_POINT('Ctrl Pts',(112.23544320588,19.05,65.09150560069));
#1491=CARTESIAN_POINT('Ctrl Pts',(112.23544320588,-30.95,65.0915056006899));
#1492=CARTESIAN_POINT('Ctrl Pts',(113.0414201628,19.05,55.2693234483282));
#1493=CARTESIAN_POINT('Ctrl Pts',(113.0414201628,-30.95,55.2693234483282));
#1494=CARTESIAN_POINT('Ctrl Pts',(121.592496533859,19.05,52.264891260547));
#1495=CARTESIAN_POINT('Ctrl Pts',(121.592496533859,-30.95,52.264891260547));
#1496=CARTESIAN_POINT('',(118.245034321619,11.6482219366289,72.4802638154953));
#1497=CARTESIAN_POINT('',(119.210427203043,11.8499999999971,73.8499999999998));
#1498=CARTESIAN_POINT('Ctrl Pts',(118.245034321619,11.6482219366289,72.4802638154953));
#1499=CARTESIAN_POINT('Ctrl Pts',(117.797941036568,11.4564225176342,71.8433920333423));
#1500=CARTESIAN_POINT('Ctrl Pts',(117.375158617562,11.1257257982363,71.2286432145143));
#1501=CARTESIAN_POINT('Ctrl Pts',(116.742364646588,10.2703259258325,70.2673984044063));
#1502=CARTESIAN_POINT('Ctrl Pts',(116.510668209123,9.80619370008282,69.8990783811454));
#1503=CARTESIAN_POINT('Ctrl Pts',(116.200009810232,8.81436741962734,69.3914402407229));
#1504=CARTESIAN_POINT('Ctrl Pts',(116.105229088967,8.32279471198093,69.2305140273846));
#1505=CARTESIAN_POINT('Ctrl Pts',(116.017033960065,7.32560077038922,69.0804816492943));
#1506=CARTESIAN_POINT('Ctrl Pts',(116.018200928807,6.83536360677695,69.0825063675675));
#1507=CARTESIAN_POINT('Ctrl Pts',(116.111366129548,5.83786315044731,69.2409081145039));
#1508=CARTESIAN_POINT('Ctrl Pts',(116.209083051616,5.34628473074387,69.4066249754345));
#1509=CARTESIAN_POINT('Ctrl Pts',(116.529259644564,4.34818191397652,69.9289842670038));
#1510=CARTESIAN_POINT('Ctrl Pts',(116.769429198447,3.88075918544386,70.3097679608372));
#1511=CARTESIAN_POINT('Ctrl Pts',(117.368361427108,3.09841041783129,71.2167943807097));
#1512=CARTESIAN_POINT('Ctrl Pts',(117.729205929888,2.80358341334292,71.7432842138988));
#1513=CARTESIAN_POINT('Ctrl Pts',(118.585865826963,2.37779109613295,72.9677869794319));
#1514=CARTESIAN_POINT('Ctrl Pts',(119.098321834535,2.30035287283604,73.6852470736044));
#1515=CARTESIAN_POINT('Ctrl Pts',(120.05333136469,2.45726521483029,75.0599657976005));
#1516=CARTESIAN_POINT('Ctrl Pts',(120.504917929349,2.67876756026047,75.7312327844907));
#1517=CARTESIAN_POINT('Ctrl Pts',(121.205826501646,3.36941560902151,76.8489058537746));
#1518=CARTESIAN_POINT('Ctrl Pts',(121.4726075072,3.78099872083262,77.3068310391024));
#1519=CARTESIAN_POINT('Ctrl Pts',(121.848407470419,4.71884990072613,77.9938089817186));
#1520=CARTESIAN_POINT('Ctrl Pts',(121.972032645918,5.20187498660546,78.2386303824146));
#1521=CARTESIAN_POINT('Ctrl Pts',(122.12028678989,6.19758841903154,78.5393730330767));
#1522=CARTESIAN_POINT('Ctrl Pts',(122.152480454538,6.69135663468655,78.6083927323879));
#1523=CARTESIAN_POINT('Ctrl Pts',(122.143669845472,7.68915252432427,78.5898932109193));
#1524=CARTESIAN_POINT('Ctrl Pts',(122.102079145024,8.1835080349325,78.5011862942289));
#1525=CARTESIAN_POINT('Ctrl Pts',(121.927927579034,9.19632136349507,78.1512066936593));
#1526=CARTESIAN_POINT('Ctrl Pts',(121.783666281107,9.68976935357296,77.8699626074537));
#1527=CARTESIAN_POINT('Ctrl Pts',(121.384279058245,10.5602523417705,77.1545013893079));
#1528=CARTESIAN_POINT('Ctrl Pts',(121.130457602306,10.918317905893,76.7259741163375));
#1529=CARTESIAN_POINT('Ctrl Pts',(120.487823134428,11.5189364676167,75.7078777436111));
#1530=CARTESIAN_POINT('Ctrl Pts',(120.08647972922,11.7197668717246,75.1099847556817));
#1531=CARTESIAN_POINT('Ctrl Pts',(119.519426221344,11.8346612062456,74.290863024659));
#1532=CARTESIAN_POINT('Ctrl Pts',(119.36528196459,11.8499999999971,74.0703906812752));
#1533=CARTESIAN_POINT('Ctrl Pts',(119.210427203043,11.8499999999971,73.8499999999999));
#1534=CARTESIAN_POINT('Ctrl Pts',(119.210427203042,11.8499999999971,73.8499999999988));
#1535=CARTESIAN_POINT('Ctrl Pts',(119.062471468436,11.850001264081,73.6394280755531));
#1536=CARTESIAN_POINT('Ctrl Pts',(118.91387939154,11.836004349192,73.4289379274955));
#1537=CARTESIAN_POINT('Ctrl Pts',(118.766311296527,11.808034527785,73.2199309339195));
#1538=CARTESIAN_POINT('Ctrl Pts',(118.646325609716,11.7852926320439,73.0499900827464));
#1539=CARTESIAN_POINT('Ctrl Pts',(118.527018031392,11.7533131034935,72.8810285695308));
#1540=CARTESIAN_POINT('Ctrl Pts',(118.409245640321,11.7121095270932,72.7137889633187));
#1541=CARTESIAN_POINT('Ctrl Pts',(118.354145257618,11.692832234616,72.6355451047903));
#1542=CARTESIAN_POINT('Ctrl Pts',(118.299380261929,11.6715359073923,72.5576780755955));
#1543=CARTESIAN_POINT('Ctrl Pts',(118.245034321619,11.6482219366289,72.4802638154953));
#1544=CARTESIAN_POINT('Origin',(-82.5,7.09999999999708,73.8499999999998));
#1545=CARTESIAN_POINT('',(-82.5,11.8499999999971,73.8499999999998));
#1546=CARTESIAN_POINT('',(-82.5,11.8499999999971,73.8499999999998));
#1547=CARTESIAN_POINT('',(-82.5,7.09999999999708,69.0999999999998));
#1548=CARTESIAN_POINT('Origin',(-82.5,7.09999999999708,73.8499999999998));
#1549=CARTESIAN_POINT('Origin',(-82.5,7.09999999999708,73.8499999999998));
#1550=CARTESIAN_POINT('Origin',(-82.5,7.09999999999709,49.2));
#1551=CARTESIAN_POINT('',(-82.5,7.09999999999709,29.3000000000002));
#1552=CARTESIAN_POINT('Origin',(-82.5,7.09999999999708,49.2));
#1553=CARTESIAN_POINT('',(-82.5,11.8499999999971,24.5500000000002));
#1554=CARTESIAN_POINT('Origin',(-82.5,7.09999999999709,24.5500000000002));
#1555=CARTESIAN_POINT('Origin',(-82.5,7.09999999999709,24.5500000000002));
#1556=CARTESIAN_POINT('Origin',(82.6,7.09999999999709,24.5500000000002));
#1557=CARTESIAN_POINT('',(82.6,11.8499999999971,24.5500000000002));
#1558=CARTESIAN_POINT('',(82.6,11.8499999999971,24.5500000000002));
#1559=CARTESIAN_POINT('',(82.6,7.09999999999709,19.8000000000002));
#1560=CARTESIAN_POINT('Origin',(82.6,7.09999999999709,24.5500000000002));
#1561=CARTESIAN_POINT('Origin',(82.6,7.09999999999709,24.5500000000002));
#1562=CARTESIAN_POINT('Origin',(82.6,7.09999999999709,7.105427357601E-14));
#1563=CARTESIAN_POINT('',(82.6,7.09999999999709,-19.8000000000001));
#1564=CARTESIAN_POINT('Origin',(82.6,7.09999999999709,7.105427357601E-14));
#1565=CARTESIAN_POINT('',(82.6,11.8499999999971,-24.5500000000001));
#1566=CARTESIAN_POINT('Origin',(82.6,7.09999999999709,-24.5500000000001));
#1567=CARTESIAN_POINT('Origin',(82.6,7.09999999999709,-24.5500000000001));
#1568=CARTESIAN_POINT('Origin',(-82.5,7.09999999999709,-24.5500000000001));
#1569=CARTESIAN_POINT('',(-82.5,11.8499999999971,-24.5500000000001));
#1570=CARTESIAN_POINT('',(-82.5,11.8499999999971,-24.5500000000001));
#1571=CARTESIAN_POINT('',(-82.5,7.09999999999709,-29.3000000000001));
#1572=CARTESIAN_POINT('Origin',(-82.5,7.09999999999709,-24.5500000000001));
#1573=CARTESIAN_POINT('Origin',(-82.5,7.09999999999709,-24.5500000000001));
#1574=CARTESIAN_POINT('Origin',(-82.5,7.09999999999709,-49.2));
#1575=CARTESIAN_POINT('',(-82.5,7.09999999999709,-69.1));
#1576=CARTESIAN_POINT('Origin',(-82.5,7.09999999999709,-49.2));
#1577=CARTESIAN_POINT('',(-82.5,11.8499999999971,-73.85));
#1578=CARTESIAN_POINT('Origin',(-82.5,7.0999999999971,-73.85));
#1579=CARTESIAN_POINT('Origin',(-82.5,7.0999999999971,-73.85));
#1580=CARTESIAN_POINT('Origin',(151.2,7.0999999999971,-73.85));
#1581=CARTESIAN_POINT('',(151.2,11.8499999999971,-73.85));
#1582=CARTESIAN_POINT('Origin',(151.2,7.0999999999971,-73.85));
#1583=CARTESIAN_POINT('',(151.2,11.8499999999971,-73.85));
#1584=CARTESIAN_POINT('Origin',(151.2,7.0999999999971,-73.85));
#1585=CARTESIAN_POINT('Origin',(151.2,7.0999999999971,-73.85));
#1586=CARTESIAN_POINT('',(127.968857361331,11.5940210407442,-72.3117299049508));
#1587=CARTESIAN_POINT('',(127.138438276389,11.8499999999971,-73.8499999999997));
#1588=CARTESIAN_POINT('Ctrl Pts',(127.968857361331,11.5940210407442,-72.3117299049508));
#1589=CARTESIAN_POINT('Ctrl Pts',(128.220432988509,11.4208260162043,-71.8057445861568));
#1590=CARTESIAN_POINT('Ctrl Pts',(128.438605173819,11.1594775701995,-71.3203636601266));
#1591=CARTESIAN_POINT('Ctrl Pts',(128.808146177732,10.437919020912,-70.4189775593568));
#1592=CARTESIAN_POINT('Ctrl Pts',(128.949991754567,9.97832627796777,-70.0220595865698));
#1593=CARTESIAN_POINT('Ctrl Pts',(129.145837497926,8.945456534858,-69.4355324271759));
#1594=CARTESIAN_POINT('Ctrl Pts',(129.202835585229,8.39395878676638,-69.2427302786549));
#1595=CARTESIAN_POINT('Ctrl Pts',(129.255445689543,7.23166132674136,-69.0648394885519));
#1596=CARTESIAN_POINT('Ctrl Pts',(129.249594965114,6.63198730062203,-69.0860489075207));
#1597=CARTESIAN_POINT('Ctrl Pts',(129.17039849191,5.46315851023214,-69.3500569492062));
#1598=CARTESIAN_POINT('Ctrl Pts',(129.096128024218,4.90805969800686,-69.5941161159874));
#1599=CARTESIAN_POINT('Ctrl Pts',(128.870605877797,3.96136402517103,-70.2422415645535));
#1600=CARTESIAN_POINT('Ctrl Pts',(128.727597070007,3.57231863651018,-70.6247473782467));
#1601=CARTESIAN_POINT('Ctrl Pts',(128.354066366422,2.92703960688637,-71.5118854765811));
#1602=CARTESIAN_POINT('Ctrl Pts',(128.123817519809,2.68812940889592,-72.0101581038378));
#1603=CARTESIAN_POINT('Ctrl Pts',(127.546600309783,2.35897345382941,-73.1430492835579));
#1604=CARTESIAN_POINT('Ctrl Pts',(127.190160423601,2.31098134969921,-73.7757305286529));
#1605=CARTESIAN_POINT('Ctrl Pts',(126.382878222767,2.46246065078286,-75.108586889748));
#1606=CARTESIAN_POINT('Ctrl Pts',(125.92382290079,2.70957883374956,-75.8064104242488));
#1607=CARTESIAN_POINT('Ctrl Pts',(125.147834784129,3.44575199693446,-76.9478913503851));
#1608=CARTESIAN_POINT('Ctrl Pts',(124.817720550675,3.89488187407719,-77.418420040405));
#1609=CARTESIAN_POINT('Ctrl Pts',(124.347043625149,4.88849447493011,-78.0872415991241));
#1610=CARTESIAN_POINT('Ctrl Pts',(124.184973003155,5.38844494498421,-78.3163726139473));
#1611=CARTESIAN_POINT('Ctrl Pts',(124.006199894592,6.38731734427805,-78.5695772396529));
#1612=CARTESIAN_POINT('Ctrl Pts',(123.972283298776,6.85953859201165,-78.6176661911767));
#1613=CARTESIAN_POINT('Ctrl Pts',(124.0061333679,7.83085034725515,-78.5696934670733));
#1614=CARTESIAN_POINT('Ctrl Pts',(124.078031680805,8.31312280466149,-78.4678354644957));
#1615=CARTESIAN_POINT('Ctrl Pts',(124.348358001668,9.33548242164657,-78.0850043331557));
#1616=CARTESIAN_POINT('Ctrl Pts',(124.56969192426,9.83934366638462,-77.7720897950525));
#1617=CARTESIAN_POINT('Ctrl Pts',(125.130955077507,10.7379417483957,-76.9695414265489));
#1618=CARTESIAN_POINT('Ctrl Pts',(125.478664166598,11.1091957284414,-76.4675779705457));
#1619=CARTESIAN_POINT('Ctrl Pts',(126.239695156741,11.6648192120302,-75.3239637817969));
#1620=CARTESIAN_POINT('Ctrl Pts',(126.660412209553,11.8277211049192,-74.6649852474764));
#1621=CARTESIAN_POINT('Ctrl Pts',(127.083224957384,11.8492883372081,-73.9448769790009));
#1622=CARTESIAN_POINT('Ctrl Pts',(127.110895733403,11.8499999999971,-73.8974721657986));
#1623=CARTESIAN_POINT('Ctrl Pts',(127.138438276389,11.8499999999971,-73.8499999999996));
#1624=CARTESIAN_POINT('',(151.2,11.8499999999971,-73.85));
#1625=CARTESIAN_POINT('Ctrl Pts',(127.138438276389,11.8499999999971,-73.8499999999995));
#1626=CARTESIAN_POINT('Ctrl Pts',(127.435409909524,11.8499999999971,-73.3381414322107));
#1627=CARTESIAN_POINT('Ctrl Pts',(127.717040150081,11.7673823817104,-72.8182011133958));
#1628=CARTESIAN_POINT('Ctrl Pts',(127.968857361331,11.5940210407442,-72.3117299049508));
#1629=CARTESIAN_POINT('Ctrl Pts',(123.793307185353,19.05,-89.1712629333453));
#1630=CARTESIAN_POINT('Ctrl Pts',(123.793307185353,-30.95,-89.1712629333453));
#1631=CARTESIAN_POINT('Ctrl Pts',(123.275083491915,19.05,-88.989184341426));
#1632=CARTESIAN_POINT('Ctrl Pts',(123.275083491915,-30.95,-88.989184341426));
#1633=CARTESIAN_POINT('Ctrl Pts',(122.499466254095,19.05,-88.6691073343011));
#1634=CARTESIAN_POINT('Ctrl Pts',(122.499466254095,-30.95,-88.6691073343011));
#1635=CARTESIAN_POINT('Ctrl Pts',(121.846399028199,19.05,-88.3261803198157));
#1636=CARTESIAN_POINT('Ctrl Pts',(121.846399028199,-30.95,-88.3261803198157));
#1637=CARTESIAN_POINT('Ctrl Pts',(121.444869368734,19.05,-88.0863959205007));
#1638=CARTESIAN_POINT('Ctrl Pts',(121.444869368734,-30.95,-88.0863959205007));
#1639=CARTESIAN_POINT('Ctrl Pts',(121.219129773591,19.05,-87.9363894526485));
#1640=CARTESIAN_POINT('Ctrl Pts',(121.219129773591,-30.95,-87.9363894526485));
#1641=CARTESIAN_POINT('Ctrl Pts',(120.983515337598,19.05,-87.7635660187996));
#1642=CARTESIAN_POINT('Ctrl Pts',(120.983515337598,-30.95,-87.7635660187997));
#1643=CARTESIAN_POINT('Ctrl Pts',(120.829727353686,19.05,-87.6378052940796));
#1644=CARTESIAN_POINT('Ctrl Pts',(120.829727353686,-30.95,-87.6378052940796));
#1645=CARTESIAN_POINT('Ctrl Pts',(120.674242146479,19.05,-87.4973045862999));
#1646=CARTESIAN_POINT('Ctrl Pts',(120.674242146479,-30.95,-87.4973045862999));
#1647=CARTESIAN_POINT('Ctrl Pts',(120.576473295289,19.05,-87.3983838849501));
#1648=CARTESIAN_POINT('Ctrl Pts',(120.576473295289,-30.95,-87.3983838849501));
#1649=CARTESIAN_POINT('Ctrl Pts',(120.480680159199,19.05,-87.2909375701852));
#1650=CARTESIAN_POINT('Ctrl Pts',(120.480680159199,-30.95,-87.2909375701852));
#1651=CARTESIAN_POINT('Ctrl Pts',(120.422451135882,19.05,-87.2173059592795));
#1652=CARTESIAN_POINT('Ctrl Pts',(120.422451135882,-30.95,-87.2173059592795));
#1653=CARTESIAN_POINT('Ctrl Pts',(120.366401256007,19.05,-87.1382466535821));
#1654=CARTESIAN_POINT('Ctrl Pts',(120.366401256007,-30.95,-87.1382466535821));
#1655=CARTESIAN_POINT('Ctrl Pts',(120.332640800931,19.05,-87.0840653395237));
#1656=CARTESIAN_POINT('Ctrl Pts',(120.332640800931,-30.95,-87.0840653395237));
#1657=CARTESIAN_POINT('Ctrl Pts',(120.299420682987,19.05,-87.0239279865569));
#1658=CARTESIAN_POINT('Ctrl Pts',(120.299420682987,-30.95,-87.0239279865569));
#1659=CARTESIAN_POINT('Ctrl Pts',(120.278430198689,19.05,-86.980188857684));
#1660=CARTESIAN_POINT('Ctrl Pts',(120.278430198689,-30.95,-86.980188857684));
#1661=CARTESIAN_POINT('Ctrl Pts',(120.256171104047,19.05,-86.9267811958519));
#1662=CARTESIAN_POINT('Ctrl Pts',(120.256171104047,-30.95,-86.9267811958519));
#1663=CARTESIAN_POINT('Ctrl Pts',(120.240742602421,19.05,-86.883384824616));
#1664=CARTESIAN_POINT('Ctrl Pts',(120.240742602421,-30.95,-86.883384824616));
#1665=CARTESIAN_POINT('Ctrl Pts',(120.223227998398,19.05,-86.824555748599));
#1666=CARTESIAN_POINT('Ctrl Pts',(120.223227998398,-30.95,-86.824555748599));
#1667=CARTESIAN_POINT('Ctrl Pts',(120.210486710681,19.05,-86.7724912314228));
#1668=CARTESIAN_POINT('Ctrl Pts',(120.210486710681,-30.95,-86.7724912314228));
#1669=CARTESIAN_POINT('Ctrl Pts',(120.196264473261,19.05,-86.6984697952962));
#1670=CARTESIAN_POINT('Ctrl Pts',(120.196264473261,-30.95,-86.6984697952962));
#1671=CARTESIAN_POINT('Ctrl Pts',(120.186508008399,19.05,-86.6312694885728));
#1672=CARTESIAN_POINT('Ctrl Pts',(120.186508008399,-30.95,-86.6312694885728));
#1673=CARTESIAN_POINT('Ctrl Pts',(120.175282491858,19.05,-86.5167616436513));
#1674=CARTESIAN_POINT('Ctrl Pts',(120.175282491858,-30.95,-86.5167616436513));
#1675=CARTESIAN_POINT('Ctrl Pts',(120.169435268096,19.05,-86.3832538603751));
#1676=CARTESIAN_POINT('Ctrl Pts',(120.169435268096,-30.95,-86.3832538603751));
#1677=CARTESIAN_POINT('Ctrl Pts',(120.175160816112,19.05,-86.1462235920698));
#1678=CARTESIAN_POINT('Ctrl Pts',(120.175160816112,-30.95,-86.1462235920698));
#1679=CARTESIAN_POINT('Ctrl Pts',(120.198667387028,19.05,-85.8978787769511));
#1680=CARTESIAN_POINT('Ctrl Pts',(120.198667387028,-30.95,-85.8978787769512));
#1681=CARTESIAN_POINT('Ctrl Pts',(120.255620795706,19.05,-85.5472243165337));
#1682=CARTESIAN_POINT('Ctrl Pts',(120.255620795706,-30.95,-85.5472243165337));
#1683=CARTESIAN_POINT('Ctrl Pts',(120.324076461506,19.05,-85.2382723998608));
#1684=CARTESIAN_POINT('Ctrl Pts',(120.324076461506,-30.95,-85.2382723998608));
#1685=CARTESIAN_POINT('Ctrl Pts',(120.438628491377,19.05,-84.8252799933646));
#1686=CARTESIAN_POINT('Ctrl Pts',(120.438628491377,-30.95,-84.8252799933646));
#1687=CARTESIAN_POINT('Ctrl Pts',(120.55291397533,19.05,-84.4768405116403));
#1688=CARTESIAN_POINT('Ctrl Pts',(120.55291397533,-30.95,-84.4768405116403));
#1689=CARTESIAN_POINT('Ctrl Pts',(120.722281496667,19.05,-84.0257523498364));
#1690=CARTESIAN_POINT('Ctrl Pts',(120.722281496667,-30.95,-84.0257523498364));
#1691=CARTESIAN_POINT('Ctrl Pts',(120.878043947731,19.05,-83.6547240092723));
#1692=CARTESIAN_POINT('Ctrl Pts',(120.878043947731,-30.95,-83.6547240092723));
#1693=CARTESIAN_POINT('Ctrl Pts',(121.096033996352,19.05,-83.1825278127858));
#1694=CARTESIAN_POINT('Ctrl Pts',(121.096033996352,-30.95,-83.1825278127858));
#1695=CARTESIAN_POINT('Ctrl Pts',(121.288485028693,19.05,-82.7988548858417));
#1696=CARTESIAN_POINT('Ctrl Pts',(121.288485028693,-30.95,-82.7988548858417));
#1697=CARTESIAN_POINT('Ctrl Pts',(121.553316649739,19.05,-82.3076518452591));
#1698=CARTESIAN_POINT('Ctrl Pts',(121.553316649739,-30.95,-82.3076518452591));
#1699=CARTESIAN_POINT('Ctrl Pts',(121.785083452489,19.05,-81.9041122178475));
#1700=CARTESIAN_POINT('Ctrl Pts',(121.785083452489,-30.95,-81.9041122178475));
#1701=CARTESIAN_POINT('Ctrl Pts',(122.100173466067,19.05,-81.3839826840376));
#1702=CARTESIAN_POINT('Ctrl Pts',(122.100173466067,-30.95,-81.3839826840376));
#1703=CARTESIAN_POINT('Ctrl Pts',(122.372481918793,19.05,-80.9546157396766));
#1704=CARTESIAN_POINT('Ctrl Pts',(122.372481918793,-30.95,-80.9546157396766));
#1705=CARTESIAN_POINT('Ctrl Pts',(122.810265950466,19.05,-80.2889408472128));
#1706=CARTESIAN_POINT('Ctrl Pts',(122.810265950466,-30.95,-80.2889408472128));
#1707=CARTESIAN_POINT('Ctrl Pts',(123.285992218952,19.05,-79.5935735719149));
#1708=CARTESIAN_POINT('Ctrl Pts',(123.285992218952,-30.95,-79.593573571915));
#1709=CARTESIAN_POINT('Ctrl Pts',(123.974807839451,19.05,-78.6126536254684));
#1710=CARTESIAN_POINT('Ctrl Pts',(123.974807839451,-30.95,-78.6126536254684));
#1711=CARTESIAN_POINT('Ctrl Pts',(124.526191533104,19.05,-77.8345213496575));
#1712=CARTESIAN_POINT('Ctrl Pts',(124.526191533104,-30.95,-77.8345213496575));
#1713=CARTESIAN_POINT('Ctrl Pts',(125.096706578538,19.05,-77.0185712595916));
#1714=CARTESIAN_POINT('Ctrl Pts',(125.096706578538,-30.95,-77.0185712595916));
#1715=CARTESIAN_POINT('Ctrl Pts',(125.484979137491,19.05,-76.4548824300926));
#1716=CARTESIAN_POINT('Ctrl Pts',(125.484979137491,-30.95,-76.4548824300926));
#1717=CARTESIAN_POINT('Ctrl Pts',(125.97586894299,19.05,-75.7231082194942));
#1718=CARTESIAN_POINT('Ctrl Pts',(125.97586894299,-30.95,-75.7231082194943));
#1719=CARTESIAN_POINT('Ctrl Pts',(126.371145992184,19.05,-75.1147551882805));
#1720=CARTESIAN_POINT('Ctrl Pts',(126.371145992184,-30.95,-75.1147551882805));
#1721=CARTESIAN_POINT('Ctrl Pts',(126.863261162662,19.05,-74.3219085214912));
#1722=CARTESIAN_POINT('Ctrl Pts',(126.863261162662,-30.95,-74.3219085214912));
#1723=CARTESIAN_POINT('Ctrl Pts',(127.253120338397,19.05,-73.6599275923085));
#1724=CARTESIAN_POINT('Ctrl Pts',(127.253120338397,-30.95,-73.6599275923085));
#1725=CARTESIAN_POINT('Ctrl Pts',(127.729085364089,19.05,-72.7924378314876));
#1726=CARTESIAN_POINT('Ctrl Pts',(127.729085364089,-30.95,-72.7924378314876));
#1727=CARTESIAN_POINT('Ctrl Pts',(128.097822794095,19.05,-72.0638932698388));
#1728=CARTESIAN_POINT('Ctrl Pts',(128.097822794095,-30.95,-72.0638932698388));
#1729=CARTESIAN_POINT('Ctrl Pts',(128.534496324029,19.05,-71.1027667742607));
#1730=CARTESIAN_POINT('Ctrl Pts',(128.534496324029,-30.95,-71.1027667742607));
#1731=CARTESIAN_POINT('Ctrl Pts',(128.860089176297,19.05,-70.290171163976));
#1732=CARTESIAN_POINT('Ctrl Pts',(128.860089176297,-30.95,-70.290171163976));
#1733=CARTESIAN_POINT('Ctrl Pts',(129.223297803711,19.05,-69.2114743917274));
#1734=CARTESIAN_POINT('Ctrl Pts',(129.223297803711,-30.95,-69.2114743917274));
#1735=CARTESIAN_POINT('Ctrl Pts',(129.471408542055,19.05,-68.2961737045293));
#1736=CARTESIAN_POINT('Ctrl Pts',(129.471408542055,-30.95,-68.2961737045293));
#1737=CARTESIAN_POINT('Ctrl Pts',(129.683549025182,19.05,-67.20534890736));
#1738=CARTESIAN_POINT('Ctrl Pts',(129.683549025182,-30.95,-67.20534890736));
#1739=CARTESIAN_POINT('Ctrl Pts',(129.781531910969,19.05,-66.4442157700102));
#1740=CARTESIAN_POINT('Ctrl Pts',(129.781531910969,-30.95,-66.4442157700102));
#1741=CARTESIAN_POINT('Ctrl Pts',(129.836661263136,19.05,-65.6573935339447));
#1742=CARTESIAN_POINT('Ctrl Pts',(129.836661263136,-30.95,-65.6573935339447));
#1743=CARTESIAN_POINT('Ctrl Pts',(129.850537857042,19.05,-65.1204472299234));
#1744=CARTESIAN_POINT('Ctrl Pts',(129.850537857042,-30.95,-65.1204472299234));
#1745=CARTESIAN_POINT('Ctrl Pts',(129.835656124712,19.05,-64.4353439442426));
#1746=CARTESIAN_POINT('Ctrl Pts',(129.835656124712,-30.95,-64.4353439442426));
#1747=CARTESIAN_POINT('Ctrl Pts',(129.796484258273,19.05,-63.8769646601414));
#1748=CARTESIAN_POINT('Ctrl Pts',(129.796484258273,-30.95,-63.8769646601414));
#1749=CARTESIAN_POINT('Ctrl Pts',(129.709881137038,19.05,-63.1688370238358));
#1750=CARTESIAN_POINT('Ctrl Pts',(129.709881137038,-30.95,-63.1688370238358));
#1751=CARTESIAN_POINT('Ctrl Pts',(129.609110955855,19.05,-62.5955482546949));
#1752=CARTESIAN_POINT('Ctrl Pts',(129.609110955855,-30.95,-62.5955482546949));
#1753=CARTESIAN_POINT('Ctrl Pts',(129.440763634676,19.05,-61.8744153419795));
#1754=CARTESIAN_POINT('Ctrl Pts',(129.440763634676,-30.95,-61.8744153419795));
#1755=CARTESIAN_POINT('Ctrl Pts',(129.271118588135,19.05,-61.2957324681509));
#1756=CARTESIAN_POINT('Ctrl Pts',(129.271118588135,-30.95,-61.2957324681509));
#1757=CARTESIAN_POINT('Ctrl Pts',(129.01339123366,19.05,-60.5752199365284));
#1758=CARTESIAN_POINT('Ctrl Pts',(129.01339123366,-30.95,-60.5752199365284));
#1759=CARTESIAN_POINT('Ctrl Pts',(128.770150496015,19.05,-60.0033079385241));
#1760=CARTESIAN_POINT('Ctrl Pts',(128.770150496015,-30.95,-60.0033079385242));
#1761=CARTESIAN_POINT('Ctrl Pts',(128.419324862789,19.05,-59.2997350071248));
#1762=CARTESIAN_POINT('Ctrl Pts',(128.419324862789,-30.95,-59.2997350071248));
#1763=CARTESIAN_POINT('Ctrl Pts',(128.101402976925,19.05,-58.748283264729));
#1764=CARTESIAN_POINT('Ctrl Pts',(128.101402976925,-30.95,-58.748283264729));
#1765=CARTESIAN_POINT('Ctrl Pts',(127.658641093211,19.05,-58.078829767849));
#1766=CARTESIAN_POINT('Ctrl Pts',(127.658641093211,-30.95,-58.078829767849));
#1767=CARTESIAN_POINT('Ctrl Pts',(127.268967580294,19.05,-57.5613077525039));
#1768=CARTESIAN_POINT('Ctrl Pts',(127.268967580294,-30.95,-57.5613077525039));
#1769=CARTESIAN_POINT('Ctrl Pts',(126.740177157825,19.05,-56.9417078449506));
#1770=CARTESIAN_POINT('Ctrl Pts',(126.740177157825,-30.95,-56.9417078449506));
#1771=CARTESIAN_POINT('Ctrl Pts',(126.285084897075,19.05,-56.469535839004));
#1772=CARTESIAN_POINT('Ctrl Pts',(126.285084897075,-30.95,-56.469535839004));
#1773=CARTESIAN_POINT('Ctrl Pts',(125.67959062557,19.05,-55.9120814751741));
#1774=CARTESIAN_POINT('Ctrl Pts',(125.67959062557,-30.95,-55.9120814751741));
#1775=CARTESIAN_POINT('Ctrl Pts',(125.167371520419,19.05,-55.4933675332898));
#1776=CARTESIAN_POINT('Ctrl Pts',(125.167371520419,-30.95,-55.4933675332898));
#1777=CARTESIAN_POINT('Ctrl Pts',(124.495859264575,19.05,-55.0059054127272));
#1778=CARTESIAN_POINT('Ctrl Pts',(124.495859264575,-30.95,-55.0059054127272));
#1779=CARTESIAN_POINT('Ctrl Pts',(123.93503244566,19.05,-54.645129343228));
#1780=CARTESIAN_POINT('Ctrl Pts',(123.93503244566,-30.95,-54.645129343228));
#1781=CARTESIAN_POINT('Ctrl Pts',(123.207520422302,19.05,-54.2312410686168));
#1782=CARTESIAN_POINT('Ctrl Pts',(123.207520422302,-30.95,-54.2312410686168));
#1783=CARTESIAN_POINT('Ctrl Pts',(122.605405540496,19.05,-53.9298068583339));
#1784=CARTESIAN_POINT('Ctrl Pts',(122.605405540496,-30.95,-53.929806858334));
#1785=CARTESIAN_POINT('Ctrl Pts',(121.674718752912,19.05,-53.5218524502945));
#1786=CARTESIAN_POINT('Ctrl Pts',(121.674718752912,-30.95,-53.5218524502946));
#1787=CARTESIAN_POINT('Ctrl Pts',(120.708803866796,19.05,-53.1723606547163));
#1788=CARTESIAN_POINT('Ctrl Pts',(120.708803866796,-30.95,-53.1723606547163));
#1789=CARTESIAN_POINT('Ctrl Pts',(119.199236117999,19.05,-52.7546585811608));
#1790=CARTESIAN_POINT('Ctrl Pts',(119.199236117999,-30.95,-52.7546585811608));
#1791=CARTESIAN_POINT('Ctrl Pts',(117.794209004003,19.05,-52.494366110007));
#1792=CARTESIAN_POINT('Ctrl Pts',(117.794209004003,-30.95,-52.4943661100071));
#1793=CARTESIAN_POINT('Ctrl Pts',(115.957931114798,19.05,-52.3034297530158));
#1794=CARTESIAN_POINT('Ctrl Pts',(115.957931114798,-30.95,-52.3034297530158));
#1795=CARTESIAN_POINT('Ctrl Pts',(114.039001371033,19.05,-52.2458236948941));
#1796=CARTESIAN_POINT('Ctrl Pts',(114.039001371033,-30.95,-52.2458236948941));
#1797=CARTESIAN_POINT('Ctrl Pts',(112.408359524181,19.05,-52.3425199796578));
#1798=CARTESIAN_POINT('Ctrl Pts',(112.408359524181,-30.95,-52.3425199796578));
#1799=CARTESIAN_POINT('Ctrl Pts',(111.566801317324,19.05,-52.4277070997521));
#1800=CARTESIAN_POINT('Ctrl Pts',(111.566801317324,-30.95,-52.4277070997521));
#1801=CARTESIAN_POINT('Origin',(151.2,7.09999999999708,73.8499999999998));
#1802=CARTESIAN_POINT('',(151.2,11.8499999999971,73.8499999999998));
#1803=CARTESIAN_POINT('Origin',(151.2,7.09999999999708,73.8499999999998));
#1804=CARTESIAN_POINT('Origin',(-82.5,7.09999999999708,73.8499999999998));
#1805=CARTESIAN_POINT('',(127.138438276445,11.8499999999971,73.8500000000489));
#1806=CARTESIAN_POINT('',(-82.5,11.8499999999971,73.8499999999998));
#1807=CARTESIAN_POINT('',(126.366398885532,11.6779868201207,72.5832969271472));
#1808=CARTESIAN_POINT('Ctrl Pts',(127.138438276446,11.8499999999971,73.850000000098));
#1809=CARTESIAN_POINT('Ctrl Pts',(127.271603796999,11.8499999999923,74.0795233115004));
#1810=CARTESIAN_POINT('Ctrl Pts',(127.401756135601,11.8333674388257,74.3106288555859));
#1811=CARTESIAN_POINT('Ctrl Pts',(127.823912685516,11.7193027727639,75.0858286146379));
#1812=CARTESIAN_POINT('Ctrl Pts',(128.093383918948,11.5434206384083,75.6263318137151));
#1813=CARTESIAN_POINT('Ctrl Pts',(128.542368500944,10.999077893775,76.6182885876251));
#1814=CARTESIAN_POINT('Ctrl Pts',(128.720984307839,10.6466087440898,77.0617285991396));
#1815=CARTESIAN_POINT('Ctrl Pts',(129.00498135252,9.76080556964381,77.8298270235625));
#1816=CARTESIAN_POINT('Ctrl Pts',(129.103837980742,9.23449745731647,78.1370923431756));
#1817=CARTESIAN_POINT('Ctrl Pts',(129.225150362251,8.1068240556477,78.5285558641037));
#1818=CARTESIAN_POINT('Ctrl Pts',(129.250008146689,7.52266936994572,78.6173269333836));
#1819=CARTESIAN_POINT('Ctrl Pts',(129.238064444197,6.3330957357077,78.5764513695945));
#1820=CARTESIAN_POINT('Ctrl Pts',(129.199450668214,5.7400446469538,78.4404632549529));
#1821=CARTESIAN_POINT('Ctrl Pts',(129.044504365796,4.63394657133709,77.9550377990139));
#1822=CARTESIAN_POINT('Ctrl Pts',(128.928285741137,4.13667829594904,77.6092774901041));
#1823=CARTESIAN_POINT('Ctrl Pts',(128.610029535881,3.32266524070582,76.7850668927052));
#1824=CARTESIAN_POINT('Ctrl Pts',(128.415875984038,3.00996716385539,76.3251365735265));
#1825=CARTESIAN_POINT('Ctrl Pts',(127.929331348446,2.53492961562106,75.2917948820968));
#1826=CARTESIAN_POINT('Ctrl Pts',(127.633972183061,2.39682073855114,74.7233559285846));
#1827=CARTESIAN_POINT('Ctrl Pts',(126.909221012487,2.31321323901118,73.439757367473));
#1828=CARTESIAN_POINT('Ctrl Pts',(126.465463763867,2.43092199645779,72.727160247766));
#1829=CARTESIAN_POINT('Ctrl Pts',(125.626600368858,2.94728072096461,71.4476528510913));
#1830=CARTESIAN_POINT('Ctrl Pts',(125.225454174453,3.33639367227305,70.8663719996664));
#1831=CARTESIAN_POINT('Ctrl Pts',(124.614576249015,4.27152286637214,69.9915557697959));
#1832=CARTESIAN_POINT('Ctrl Pts',(124.384710543627,4.76916352199095,69.6664918353572));
#1833=CARTESIAN_POINT('Ctrl Pts',(124.09686090486,5.78805498965709,69.2588204830591));
#1834=CARTESIAN_POINT('Ctrl Pts',(124.016923390685,6.27294785486539,69.1455970709265));
#1835=CARTESIAN_POINT('Ctrl Pts',(123.96977896835,7.24617391882585,69.0787856098252));
#1836=CARTESIAN_POINT('Ctrl Pts',(123.996818127038,7.71720044766416,69.1171271487065));
#1837=CARTESIAN_POINT('Ctrl Pts',(124.161943262101,8.7262373330184,69.351017116616));
#1838=CARTESIAN_POINT('Ctrl Pts',(124.319432216446,9.23668263930726,69.5736769988522));
#1839=CARTESIAN_POINT('Ctrl Pts',(124.751566273224,10.1812142325818,70.1874301826441));
#1840=CARTESIAN_POINT('Ctrl Pts',(125.031379709236,10.5947223622167,70.5858781852418));
#1841=CARTESIAN_POINT('Ctrl Pts',(125.660824585124,11.2716630458185,71.5036128927119));
#1842=CARTESIAN_POINT('Ctrl Pts',(126.014814458572,11.5251801262689,72.0310388285663));
#1843=CARTESIAN_POINT('Ctrl Pts',(126.366398885532,11.6779868201207,72.5832969271472));
#1844=CARTESIAN_POINT('Ctrl Pts',(126.366398885532,11.6779868201207,72.5832969271472));
#1845=CARTESIAN_POINT('Ctrl Pts',(126.626903598508,11.7912081714384,72.9924897878874));
#1846=CARTESIAN_POINT('Ctrl Pts',(126.88804359265,11.850000000006,73.4184211894306));
#1847=CARTESIAN_POINT('Ctrl Pts',(127.138438276446,11.8499999999971,73.850000000098));
#1848=CARTESIAN_POINT('Ctrl Pts',(123.793307185353,19.05,58.5287370666547));
#1849=CARTESIAN_POINT('Ctrl Pts',(123.793307185353,-30.95,58.5287370666547));
#1850=CARTESIAN_POINT('Ctrl Pts',(123.275083491915,19.05,58.710815658574));
#1851=CARTESIAN_POINT('Ctrl Pts',(123.275083491915,-30.95,58.710815658574));
#1852=CARTESIAN_POINT('Ctrl Pts',(122.499466254095,19.05,59.0308926656989));
#1853=CARTESIAN_POINT('Ctrl Pts',(122.499466254095,-30.95,59.0308926656989));
#1854=CARTESIAN_POINT('Ctrl Pts',(121.846399028199,19.05,59.3738196801843));
#1855=CARTESIAN_POINT('Ctrl Pts',(121.846399028199,-30.95,59.3738196801843));
#1856=CARTESIAN_POINT('Ctrl Pts',(121.444869368734,19.05,59.6136040794993));
#1857=CARTESIAN_POINT('Ctrl Pts',(121.444869368734,-30.95,59.6136040794992));
#1858=CARTESIAN_POINT('Ctrl Pts',(121.219129773591,19.05,59.7636105473515));
#1859=CARTESIAN_POINT('Ctrl Pts',(121.219129773591,-30.95,59.7636105473515));
#1860=CARTESIAN_POINT('Ctrl Pts',(120.983515337598,19.05,59.9364339812004));
#1861=CARTESIAN_POINT('Ctrl Pts',(120.983515337598,-30.95,59.9364339812004));
#1862=CARTESIAN_POINT('Ctrl Pts',(120.829727353686,19.05,60.0621947059204));
#1863=CARTESIAN_POINT('Ctrl Pts',(120.829727353686,-30.95,60.0621947059204));
#1864=CARTESIAN_POINT('Ctrl Pts',(120.674242146479,19.05,60.2026954137001));
#1865=CARTESIAN_POINT('Ctrl Pts',(120.674242146479,-30.95,60.2026954137001));
#1866=CARTESIAN_POINT('Ctrl Pts',(120.576473295289,19.05,60.3016161150499));
#1867=CARTESIAN_POINT('Ctrl Pts',(120.576473295289,-30.95,60.3016161150499));
#1868=CARTESIAN_POINT('Ctrl Pts',(120.480680159199,19.05,60.4090624298148));
#1869=CARTESIAN_POINT('Ctrl Pts',(120.480680159199,-30.95,60.4090624298148));
#1870=CARTESIAN_POINT('Ctrl Pts',(120.422451135882,19.05,60.4826940407205));
#1871=CARTESIAN_POINT('Ctrl Pts',(120.422451135882,-30.95,60.4826940407205));
#1872=CARTESIAN_POINT('Ctrl Pts',(120.366401256007,19.05,60.5617533464179));
#1873=CARTESIAN_POINT('Ctrl Pts',(120.366401256007,-30.95,60.5617533464179));
#1874=CARTESIAN_POINT('Ctrl Pts',(120.332640800931,19.05,60.6159346604763));
#1875=CARTESIAN_POINT('Ctrl Pts',(120.332640800931,-30.95,60.6159346604763));
#1876=CARTESIAN_POINT('Ctrl Pts',(120.299420682987,19.05,60.6760720134431));
#1877=CARTESIAN_POINT('Ctrl Pts',(120.299420682987,-30.95,60.676072013443));
#1878=CARTESIAN_POINT('Ctrl Pts',(120.278430198689,19.05,60.719811142316));
#1879=CARTESIAN_POINT('Ctrl Pts',(120.278430198689,-30.95,60.719811142316));
#1880=CARTESIAN_POINT('Ctrl Pts',(120.256171104047,19.05,60.7732188041481));
#1881=CARTESIAN_POINT('Ctrl Pts',(120.256171104047,-30.95,60.7732188041481));
#1882=CARTESIAN_POINT('Ctrl Pts',(120.240742602421,19.05,60.816615175384));
#1883=CARTESIAN_POINT('Ctrl Pts',(120.240742602421,-30.95,60.816615175384));
#1884=CARTESIAN_POINT('Ctrl Pts',(120.223227998398,19.05,60.8754442514009));
#1885=CARTESIAN_POINT('Ctrl Pts',(120.223227998398,-30.95,60.8754442514009));
#1886=CARTESIAN_POINT('Ctrl Pts',(120.210486710681,19.05,60.9275087685772));
#1887=CARTESIAN_POINT('Ctrl Pts',(120.210486710681,-30.95,60.9275087685772));
#1888=CARTESIAN_POINT('Ctrl Pts',(120.196264473261,19.05,61.0015302047038));
#1889=CARTESIAN_POINT('Ctrl Pts',(120.196264473261,-30.95,61.0015302047038));
#1890=CARTESIAN_POINT('Ctrl Pts',(120.186508008399,19.05,61.0687305114272));
#1891=CARTESIAN_POINT('Ctrl Pts',(120.186508008399,-30.95,61.0687305114272));
#1892=CARTESIAN_POINT('Ctrl Pts',(120.175282491858,19.05,61.1832383563487));
#1893=CARTESIAN_POINT('Ctrl Pts',(120.175282491858,-30.95,61.1832383563487));
#1894=CARTESIAN_POINT('Ctrl Pts',(120.169435268096,19.05,61.3167461396249));
#1895=CARTESIAN_POINT('Ctrl Pts',(120.169435268096,-30.95,61.3167461396249));
#1896=CARTESIAN_POINT('Ctrl Pts',(120.175160816112,19.05,61.5537764079302));
#1897=CARTESIAN_POINT('Ctrl Pts',(120.175160816112,-30.95,61.5537764079302));
#1898=CARTESIAN_POINT('Ctrl Pts',(120.198667387028,19.05,61.8021212230489));
#1899=CARTESIAN_POINT('Ctrl Pts',(120.198667387028,-30.95,61.8021212230488));
#1900=CARTESIAN_POINT('Ctrl Pts',(120.255620795706,19.05,62.1527756834663));
#1901=CARTESIAN_POINT('Ctrl Pts',(120.255620795706,-30.95,62.1527756834663));
#1902=CARTESIAN_POINT('Ctrl Pts',(120.324076461506,19.05,62.4617276001392));
#1903=CARTESIAN_POINT('Ctrl Pts',(120.324076461506,-30.95,62.4617276001392));
#1904=CARTESIAN_POINT('Ctrl Pts',(120.438628491377,19.05,62.8747200066354));
#1905=CARTESIAN_POINT('Ctrl Pts',(120.438628491377,-30.95,62.8747200066354));
#1906=CARTESIAN_POINT('Ctrl Pts',(120.55291397533,19.05,63.2231594883597));
#1907=CARTESIAN_POINT('Ctrl Pts',(120.55291397533,-30.95,63.2231594883596));
#1908=CARTESIAN_POINT('Ctrl Pts',(120.722281496667,19.05,63.6742476501636));
#1909=CARTESIAN_POINT('Ctrl Pts',(120.722281496667,-30.95,63.6742476501636));
#1910=CARTESIAN_POINT('Ctrl Pts',(120.878043947731,19.05,64.0452759907277));
#1911=CARTESIAN_POINT('Ctrl Pts',(120.878043947731,-30.95,64.0452759907277));
#1912=CARTESIAN_POINT('Ctrl Pts',(121.096033996352,19.05,64.5174721872142));
#1913=CARTESIAN_POINT('Ctrl Pts',(121.096033996352,-30.95,64.5174721872142));
#1914=CARTESIAN_POINT('Ctrl Pts',(121.288485028693,19.05,64.9011451141583));
#1915=CARTESIAN_POINT('Ctrl Pts',(121.288485028693,-30.95,64.9011451141583));
#1916=CARTESIAN_POINT('Ctrl Pts',(121.553316649739,19.05,65.3923481547409));
#1917=CARTESIAN_POINT('Ctrl Pts',(121.553316649739,-30.95,65.3923481547409));
#1918=CARTESIAN_POINT('Ctrl Pts',(121.785083452489,19.05,65.7958877821525));
#1919=CARTESIAN_POINT('Ctrl Pts',(121.785083452489,-30.95,65.7958877821525));
#1920=CARTESIAN_POINT('Ctrl Pts',(122.100173466067,19.05,66.3160173159624));
#1921=CARTESIAN_POINT('Ctrl Pts',(122.100173466067,-30.95,66.3160173159624));
#1922=CARTESIAN_POINT('Ctrl Pts',(122.372481918793,19.05,66.7453842603234));
#1923=CARTESIAN_POINT('Ctrl Pts',(122.372481918793,-30.95,66.7453842603234));
#1924=CARTESIAN_POINT('Ctrl Pts',(122.810265950466,19.05,67.4110591527872));
#1925=CARTESIAN_POINT('Ctrl Pts',(122.810265950466,-30.95,67.4110591527872));
#1926=CARTESIAN_POINT('Ctrl Pts',(123.285992218952,19.05,68.106426428085));
#1927=CARTESIAN_POINT('Ctrl Pts',(123.285992218952,-30.95,68.106426428085));
#1928=CARTESIAN_POINT('Ctrl Pts',(123.974807839451,19.05,69.0873463745316));
#1929=CARTESIAN_POINT('Ctrl Pts',(123.974807839451,-30.95,69.0873463745316));
#1930=CARTESIAN_POINT('Ctrl Pts',(124.526191533104,19.05,69.8654786503425));
#1931=CARTESIAN_POINT('Ctrl Pts',(124.526191533104,-30.95,69.8654786503424));
#1932=CARTESIAN_POINT('Ctrl Pts',(125.096706578538,19.05,70.6814287404084));
#1933=CARTESIAN_POINT('Ctrl Pts',(125.096706578538,-30.95,70.6814287404084));
#1934=CARTESIAN_POINT('Ctrl Pts',(125.484979137491,19.05,71.2451175699074));
#1935=CARTESIAN_POINT('Ctrl Pts',(125.484979137491,-30.95,71.2451175699074));
#1936=CARTESIAN_POINT('Ctrl Pts',(125.97586894299,19.05,71.9768917805058));
#1937=CARTESIAN_POINT('Ctrl Pts',(125.97586894299,-30.95,71.9768917805058));
#1938=CARTESIAN_POINT('Ctrl Pts',(126.371145992184,19.05,72.5852448117195));
#1939=CARTESIAN_POINT('Ctrl Pts',(126.371145992184,-30.95,72.5852448117195));
#1940=CARTESIAN_POINT('Ctrl Pts',(126.863261162662,19.05,73.3780914785088));
#1941=CARTESIAN_POINT('Ctrl Pts',(126.863261162662,-30.95,73.3780914785088));
#1942=CARTESIAN_POINT('Ctrl Pts',(127.253120338397,19.05,74.0400724076915));
#1943=CARTESIAN_POINT('Ctrl Pts',(127.253120338397,-30.95,74.0400724076915));
#1944=CARTESIAN_POINT('Ctrl Pts',(127.729085364089,19.05,74.9075621685124));
#1945=CARTESIAN_POINT('Ctrl Pts',(127.729085364089,-30.95,74.9075621685124));
#1946=CARTESIAN_POINT('Ctrl Pts',(128.097822794095,19.05,75.6361067301612));
#1947=CARTESIAN_POINT('Ctrl Pts',(128.097822794095,-30.95,75.6361067301612));
#1948=CARTESIAN_POINT('Ctrl Pts',(128.534496324029,19.05,76.5972332257393));
#1949=CARTESIAN_POINT('Ctrl Pts',(128.534496324029,-30.95,76.5972332257393));
#1950=CARTESIAN_POINT('Ctrl Pts',(128.860089176297,19.05,77.409828836024));
#1951=CARTESIAN_POINT('Ctrl Pts',(128.860089176297,-30.95,77.409828836024));
#1952=CARTESIAN_POINT('Ctrl Pts',(129.223297803711,19.05,78.4885256082726));
#1953=CARTESIAN_POINT('Ctrl Pts',(129.223297803711,-30.95,78.4885256082726));
#1954=CARTESIAN_POINT('Ctrl Pts',(129.471408542055,19.05,79.4038262954707));
#1955=CARTESIAN_POINT('Ctrl Pts',(129.471408542055,-30.95,79.4038262954707));
#1956=CARTESIAN_POINT('Ctrl Pts',(129.683549025182,19.05,80.49465109264));
#1957=CARTESIAN_POINT('Ctrl Pts',(129.683549025182,-30.95,80.49465109264));
#1958=CARTESIAN_POINT('Ctrl Pts',(129.781531910969,19.05,81.2557842299898));
#1959=CARTESIAN_POINT('Ctrl Pts',(129.781531910969,-30.95,81.2557842299898));
#1960=CARTESIAN_POINT('Ctrl Pts',(129.836661263136,19.05,82.0426064660553));
#1961=CARTESIAN_POINT('Ctrl Pts',(129.836661263136,-30.95,82.0426064660553));
#1962=CARTESIAN_POINT('Ctrl Pts',(129.850537857042,19.05,82.5795527700766));
#1963=CARTESIAN_POINT('Ctrl Pts',(129.850537857042,-30.95,82.5795527700766));
#1964=CARTESIAN_POINT('Ctrl Pts',(129.835656124712,19.05,83.2646560557574));
#1965=CARTESIAN_POINT('Ctrl Pts',(129.835656124712,-30.95,83.2646560557574));
#1966=CARTESIAN_POINT('Ctrl Pts',(129.796484258273,19.05,83.8230353398586));
#1967=CARTESIAN_POINT('Ctrl Pts',(129.796484258273,-30.95,83.8230353398586));
#1968=CARTESIAN_POINT('Ctrl Pts',(129.709881137038,19.05,84.5311629761642));
#1969=CARTESIAN_POINT('Ctrl Pts',(129.709881137038,-30.95,84.5311629761642));
#1970=CARTESIAN_POINT('Ctrl Pts',(129.609110955855,19.05,85.1044517453051));
#1971=CARTESIAN_POINT('Ctrl Pts',(129.609110955855,-30.95,85.1044517453051));
#1972=CARTESIAN_POINT('Ctrl Pts',(129.440763634676,19.05,85.8255846580205));
#1973=CARTESIAN_POINT('Ctrl Pts',(129.440763634676,-30.95,85.8255846580204));
#1974=CARTESIAN_POINT('Ctrl Pts',(129.271118588135,19.05,86.4042675318491));
#1975=CARTESIAN_POINT('Ctrl Pts',(129.271118588135,-30.95,86.4042675318491));
#1976=CARTESIAN_POINT('Ctrl Pts',(129.01339123366,19.05,87.1247800634716));
#1977=CARTESIAN_POINT('Ctrl Pts',(129.01339123366,-30.95,87.1247800634716));
#1978=CARTESIAN_POINT('Ctrl Pts',(128.770150496015,19.05,87.6966920614758));
#1979=CARTESIAN_POINT('Ctrl Pts',(128.770150496015,-30.95,87.6966920614758));
#1980=CARTESIAN_POINT('Ctrl Pts',(128.419324862789,19.05,88.4002649928752));
#1981=CARTESIAN_POINT('Ctrl Pts',(128.419324862789,-30.95,88.4002649928752));
#1982=CARTESIAN_POINT('Ctrl Pts',(128.101402976925,19.05,88.951716735271));
#1983=CARTESIAN_POINT('Ctrl Pts',(128.101402976925,-30.95,88.9517167352709));
#1984=CARTESIAN_POINT('Ctrl Pts',(127.658641093211,19.05,89.621170232151));
#1985=CARTESIAN_POINT('Ctrl Pts',(127.658641093211,-30.95,89.621170232151));
#1986=CARTESIAN_POINT('Ctrl Pts',(127.268967580294,19.05,90.1386922474961));
#1987=CARTESIAN_POINT('Ctrl Pts',(127.268967580294,-30.95,90.1386922474961));
#1988=CARTESIAN_POINT('Ctrl Pts',(126.740177157825,19.05,90.7582921550494));
#1989=CARTESIAN_POINT('Ctrl Pts',(126.740177157825,-30.95,90.7582921550494));
#1990=CARTESIAN_POINT('Ctrl Pts',(126.285084897075,19.05,91.230464160996));
#1991=CARTESIAN_POINT('Ctrl Pts',(126.285084897075,-30.95,91.230464160996));
#1992=CARTESIAN_POINT('Ctrl Pts',(125.67959062557,19.05,91.7879185248259));
#1993=CARTESIAN_POINT('Ctrl Pts',(125.67959062557,-30.95,91.7879185248259));
#1994=CARTESIAN_POINT('Ctrl Pts',(125.167371520419,19.05,92.2066324667102));
#1995=CARTESIAN_POINT('Ctrl Pts',(125.167371520419,-30.95,92.2066324667102));
#1996=CARTESIAN_POINT('Ctrl Pts',(124.495859264575,19.05,92.6940945872728));
#1997=CARTESIAN_POINT('Ctrl Pts',(124.495859264575,-30.95,92.6940945872727));
#1998=CARTESIAN_POINT('Ctrl Pts',(123.93503244566,19.05,93.054870656772));
#1999=CARTESIAN_POINT('Ctrl Pts',(123.93503244566,-30.95,93.054870656772));
#2000=CARTESIAN_POINT('Ctrl Pts',(123.207520422302,19.05,93.4687589313832));
#2001=CARTESIAN_POINT('Ctrl Pts',(123.207520422302,-30.95,93.4687589313831));
#2002=CARTESIAN_POINT('Ctrl Pts',(122.605405540496,19.05,93.770193141666));
#2003=CARTESIAN_POINT('Ctrl Pts',(122.605405540496,-30.95,93.770193141666));
#2004=CARTESIAN_POINT('Ctrl Pts',(121.674718752912,19.05,94.1781475497054));
#2005=CARTESIAN_POINT('Ctrl Pts',(121.674718752912,-30.95,94.1781475497054));
#2006=CARTESIAN_POINT('Ctrl Pts',(120.708803866796,19.05,94.5276393452837));
#2007=CARTESIAN_POINT('Ctrl Pts',(120.708803866796,-30.95,94.5276393452837));
#2008=CARTESIAN_POINT('Ctrl Pts',(119.199236117999,19.05,94.9453414188392));
#2009=CARTESIAN_POINT('Ctrl Pts',(119.199236117999,-30.95,94.9453414188392));
#2010=CARTESIAN_POINT('Ctrl Pts',(117.794209004003,19.05,95.2056338899929));
#2011=CARTESIAN_POINT('Ctrl Pts',(117.794209004003,-30.95,95.2056338899929));
#2012=CARTESIAN_POINT('Ctrl Pts',(115.957931114798,19.05,95.3965702469842));
#2013=CARTESIAN_POINT('Ctrl Pts',(115.957931114798,-30.95,95.3965702469842));
#2014=CARTESIAN_POINT('Ctrl Pts',(114.039001371033,19.05,95.4541763051059));
#2015=CARTESIAN_POINT('Ctrl Pts',(114.039001371033,-30.95,95.4541763051058));
#2016=CARTESIAN_POINT('Ctrl Pts',(112.408359524181,19.05,95.3574800203422));
#2017=CARTESIAN_POINT('Ctrl Pts',(112.408359524181,-30.95,95.3574800203422));
#2018=CARTESIAN_POINT('Ctrl Pts',(111.566801317324,19.05,95.2722929002479));
#2019=CARTESIAN_POINT('Ctrl Pts',(111.566801317324,-30.95,95.2722929002479));
#2020=UNCERTAINTY_MEASURE_WITH_UNIT(LENGTH_MEASURE(0.01),#2024,
'DISTANCE_ACCURACY_VALUE',
'Maximum model space distance between geometric entities at asserted c
onnectivities');
#2021=UNCERTAINTY_MEASURE_WITH_UNIT(LENGTH_MEASURE(0.01),#2024,
'DISTANCE_ACCURACY_VALUE',
'Maximum model space distance between geometric entities at asserted c
onnectivities');
#2022=(
GEOMETRIC_REPRESENTATION_CONTEXT(3)
GLOBAL_UNCERTAINTY_ASSIGNED_CONTEXT((#2020))
GLOBAL_UNIT_ASSIGNED_CONTEXT((#2024,#2026,#2027))
REPRESENTATION_CONTEXT('','3D')
);
#2023=(
GEOMETRIC_REPRESENTATION_CONTEXT(3)
GLOBAL_UNCERTAINTY_ASSIGNED_CONTEXT((#2021))
GLOBAL_UNIT_ASSIGNED_CONTEXT((#2024,#2026,#2027))
REPRESENTATION_CONTEXT('','3D')
);
#2024=(
LENGTH_UNIT()
NAMED_UNIT(*)
SI_UNIT(.MILLI.,.METRE.)
);
#2025=(
LENGTH_UNIT()
NAMED_UNIT(*)
SI_UNIT(.CENTI.,.METRE.)
);
#2026=(
NAMED_UNIT(*)
PLANE_ANGLE_UNIT()
SI_UNIT($,.RADIAN.)
);
#2027=(
NAMED_UNIT(*)
SI_UNIT($,.STERADIAN.)
SOLID_ANGLE_UNIT()
);
#2028=SHAPE_DEFINITION_REPRESENTATION(#2029,#2030);
#2029=PRODUCT_DEFINITION_SHAPE('',$,#2032);
#2030=SHAPE_REPRESENTATION('',(#897),#2022);
#2031=PRODUCT_DEFINITION_CONTEXT('part definition',#2036,'design');
#2032=PRODUCT_DEFINITION('180-12-6C','180-12-6C',#2033,#2031);
#2033=PRODUCT_DEFINITION_FORMATION('',$,#2038);
#2034=PRODUCT_RELATED_PRODUCT_CATEGORY('180-12-6C','180-12-6C',(#2038));
#2035=APPLICATION_PROTOCOL_DEFINITION('international standard',
'automotive_design',2009,#2036);
#2036=APPLICATION_CONTEXT(
'Core Data for Automotive Mechanical Design Process');
#2037=PRODUCT_CONTEXT('part definition',#2036,'mechanical');
#2038=PRODUCT('180-12-6C','180-12-6C',$,(#2037));
#2039=PRESENTATION_STYLE_ASSIGNMENT((#2042));
#2040=PRESENTATION_STYLE_ASSIGNMENT((#2043));
#2041=PRESENTATION_STYLE_ASSIGNMENT((#2044));
#2042=SURFACE_STYLE_USAGE(.BOTH.,#2051);
#2043=SURFACE_STYLE_USAGE(.BOTH.,#2052);
#2044=SURFACE_STYLE_USAGE(.BOTH.,#2053);
#2045=SURFACE_STYLE_RENDERING_WITH_PROPERTIES($,#2063,(#2048));
#2046=SURFACE_STYLE_RENDERING_WITH_PROPERTIES($,#2064,(#2049));
#2047=SURFACE_STYLE_RENDERING_WITH_PROPERTIES($,#2065,(#2050));
#2048=SURFACE_STYLE_TRANSPARENT(0.);
#2049=SURFACE_STYLE_TRANSPARENT(0.);
#2050=SURFACE_STYLE_TRANSPARENT(0.);
#2051=SURFACE_SIDE_STYLE('',(#2054,#2045));
#2052=SURFACE_SIDE_STYLE('',(#2055,#2046));
#2053=SURFACE_SIDE_STYLE('',(#2056,#2047));
#2054=SURFACE_STYLE_FILL_AREA(#2057);
#2055=SURFACE_STYLE_FILL_AREA(#2058);
#2056=SURFACE_STYLE_FILL_AREA(#2059);
#2057=FILL_AREA_STYLE('',(#2060));
#2058=FILL_AREA_STYLE('',(#2061));
#2059=FILL_AREA_STYLE('',(#2062));
#2060=FILL_AREA_STYLE_COLOUR('',#2063);
#2061=FILL_AREA_STYLE_COLOUR('',#2064);
#2062=FILL_AREA_STYLE_COLOUR('',#2065);
#2063=COLOUR_RGB('',0.749019607843137,0.749019607843137,0.749019607843137);
#2064=COLOUR_RGB('',0.96078431372549,0.96078431372549,0.96078431372549);
#2065=COLOUR_RGB('',1.,0.996078431372549,0.964705882352941);
ENDSEC;
END-ISO-10303-21;
