ISO-10303-21;
HEADER;
FILE_DESCRIPTION (( 'STEP AP203' ),
    '1' );
FILE_NAME ('91502A180_Blue-Dyed Zinc-Plated Alloy Steel Socket Head Screw.STEP',
    '2026-01-08T19:43:36',
    ( 'McMaster Carr Supply' ),
    ( 'McMaster Carr Supply' ),
    'SwSTEP 2.0',
    'SolidWorks 2024',
    '' );
FILE_SCHEMA (( 'CONFIG_CONTROL_DESIGN' ));
ENDSEC;

DATA;
#1 = CARTESIAN_POINT ( 'NONE',  ( 25.24999999999999645, 1.439254484199183216E-16, -2.350480947161660339 ) ) ;
#2 = VERTEX_POINT ( 'NONE', #6411 ) ;
#3 = CARTESIAN_POINT ( 'NONE',  ( 33.90625000000000000, 3.054126587736535114, -1.265060653844735317 ) ) ;
#4 = CARTESIAN_POINT ( 'NONE',  ( 30.81250000000000711, -2.350480947161660339, 0.9736010864139172938 ) ) ;
#5 = CARTESIAN_POINT ( 'NONE',  ( 22.68750000000000711, -0.9736010864139191812, 2.350480947161659895 ) ) ;
#6 = CARTESIAN_POINT ( 'NONE',  ( 23.74999999999999645, -4.317763452597548908E-16, 2.350480947161660339 ) ) ;
#7 = CARTESIAN_POINT ( 'NONE',  ( 26.37499999999999645, -2.121320343559650379, 2.121320343559649935 ) ) ;
#8 = EDGE_CURVE ( 'NONE', #6107, #5639, #2438, .T. ) ;
#9 = EDGE_LOOP ( 'NONE', ( #6208, #2248, #2264, #4168 ) ) ;
#10 = CARTESIAN_POINT ( 'NONE',  ( 19.64951905283834677, 1.379836182837152814, 1.902843343920715524 ) ) ;
#11 = CARTESIAN_POINT ( 'NONE',  ( 19.09134781390184799, -0.3613452027961545077, 2.891718979887918373 ) ) ;
#12 = CARTESIAN_POINT ( 'NONE',  ( 22.12499999999999645, 2.121320343559649491, 2.121320343559650379 ) ) ;
#13 = CARTESIAN_POINT ( 'NONE',  ( 35.75000000000001421, -1.662041016787789482, 1.662041016787788816 ) ) ;
#14 = CARTESIAN_POINT ( 'NONE',  ( 33.68749999999999289, 0.9736010864139186261, 2.350480947161659895 ) ) ;
#15 = CARTESIAN_POINT ( 'NONE',  ( 42.25000000000002132, 0.000000000000000000, 0.000000000000000000 ) ) ;
#16 = CARTESIAN_POINT ( 'NONE',  ( 18.12499999999999645, -1.662041016787788816, -1.662041016787789260 ) ) ;
#17 = CYLINDRICAL_SURFACE ( 'NONE', #5540, 3.000000000000010658 ) ;
#18 = EDGE_CURVE ( 'NONE', #3361, #2479, #6419, .T. ) ;
#19 = CARTESIAN_POINT ( 'NONE',  ( -42.68858849909671704, -2.479495078800141528, -0.7053885464011622197 ) ) ;
#20 = VECTOR ( 'NONE', #3554, 1000.000000000000000 ) ;
#21 = CARTESIAN_POINT ( 'NONE',  ( 22.87500000000001066, -2.350480947161660339, -2.878508968398366432E-16 ) ) ;
#22 = CARTESIAN_POINT ( 'NONE',  ( 22.84375000000000000, 2.159593620790635438, -2.159593620790635438 ) ) ;
#23 = CARTESIAN_POINT ( 'NONE',  ( 34.37499999999999289, 1.662041016787789260, -1.662041016787788816 ) ) ;
#24 = ORIENTED_EDGE ( 'NONE', *, *, #2664, .T. ) ;
#25 = VECTOR ( 'NONE', #5077, 1000.000000000000114 ) ;
#26 = CARTESIAN_POINT ( 'NONE',  ( 30.25000000000000000, 1.439254484199183216E-16, -2.350480947161660339 ) ) ;
#27 = CC_DESIGN_APPROVAL ( #908, ( #5167 ) ) ;
#28 = CARTESIAN_POINT ( 'NONE',  ( 22.96875000000000355, 3.054126587736534670, 1.265060653844737759 ) ) ;
#29 = CARTESIAN_POINT ( 'NONE',  ( 41.24999999999999289, 1.439254484199183216E-16, -2.350480947161660339 ) ) ;
#30 = ORIENTED_EDGE ( 'NONE', *, *, #5359, .F. ) ;
#31 = CARTESIAN_POINT ( 'NONE',  ( 38.12500000000001421, 1.439254484199183216E-16, -2.350480947161660339 ) ) ;
#32 = CARTESIAN_POINT ( 'NONE',  ( 18.99999999999998934, 0.000000000000000000, 0.000000000000000000 ) ) ;
#33 = CARTESIAN_POINT ( 'NONE',  ( 43.43750000000000711, 2.350480947161660339, -0.9736010864139179599 ) ) ;
#34 = CARTESIAN_POINT ( 'NONE',  ( -43.00000000000000000, 0.000000000000000000, 0.000000000000000000 ) ) ;
#35 = CARTESIAN_POINT ( 'NONE',  ( 42.67422343458397194, 2.480468428828932481, 0.7146663652871934058 ) ) ;
#36 = CARTESIAN_POINT ( 'NONE',  ( 24.31249999999999645, 0.9736010864139180709, -2.350480947161660339 ) ) ;
#37 = CARTESIAN_POINT ( 'NONE',  ( 22.87500000000000711, 3.000000000000010658, 0.000000000000000000 ) ) ;
#38 = CARTESIAN_POINT ( 'NONE',  ( 30.75000000000001066, -1.662041016787789482, 1.662041016787788816 ) ) ;
#39 = CARTESIAN_POINT ( 'NONE',  ( 21.68750000000000711, -0.9736010864139191812, 2.350480947161659895 ) ) ;
#40 = CARTESIAN_POINT ( 'NONE',  ( 21.43749999999999289, 2.350480947161660339, -0.9736010864139179599 ) ) ;
#41 = CARTESIAN_POINT ( 'NONE',  ( 42.28833130754671288, -2.734886332839406187, 1.171811883809713573 ) ) ;
#42 =( BOUNDED_CURVE ( )  B_SPLINE_CURVE ( 2, ( #5776, #1304, #1271, #5317, #810, #6459, #3000, #1459, #5410 ),
 .UNSPECIFIED., .F., .F. ) 
 B_SPLINE_CURVE_WITH_KNOTS ( ( 3, 2, 2, 2, 3 ),
 ( 0.2019230769230770939, 0.2067307692307694955, 0.2115384615384617861, 0.2163461538461540767, 0.2211538461538463674 ),
 .UNSPECIFIED. ) 
 CURVE ( )  GEOMETRIC_REPRESENTATION_ITEM ( )  RATIONAL_B_SPLINE_CURVE ( ( 0.9999999999999964473, 0.9238795325112902912, 1.000000000000000000, 0.9238795325112867385, 1.000000000000000000, 0.9238795325112867385, 1.000000000000000000, 0.9238795325112831858, 1.000000000000003553 ) ) 
 REPRESENTATION_ITEM ( '' )  );
#43 = ORIENTED_EDGE ( 'NONE', *, *, #2575, .F. ) ;
#44 = CARTESIAN_POINT ( 'NONE',  ( -42.78929360685184236, -2.656511712216789611, 0.3987867435387366655 ) ) ;
#45 = DIRECTION ( 'NONE',  ( 0.000000000000000000, 0.000000000000000000, 1.000000000000000000 ) ) ;
#46 = CARTESIAN_POINT ( 'NONE',  ( 42.68750000000001421, -0.9736010864139191812, 2.350480947161659895 ) ) ;
#47 = CARTESIAN_POINT ( 'NONE',  ( 35.50000000000001421, 1.662041016787788594, 1.662041016787789482 ) ) ;
#48 = CARTESIAN_POINT ( 'NONE',  ( 30.87499999999999645, -1.662041016787789482, 1.662041016787788816 ) ) ;
#49 = CARTESIAN_POINT ( 'NONE',  ( -43.00000000000000000, 0.000000000000000000, 0.000000000000000000 ) ) ;
#50 = EDGE_CURVE ( 'NONE', #4927, #2195, #5983, .T. ) ;
#51 = CARTESIAN_POINT ( 'NONE',  ( 43.90625000000000711, 3.054126587736535559, 0.000000000000000000 ) ) ;
#52 = CARTESIAN_POINT ( 'NONE',  ( 30.00000000000000000, 3.000000000000010658, 0.000000000000000000 ) ) ;
#53 = CARTESIAN_POINT ( 'NONE',  ( 23.56250000000001421, -1.242640687119267451, -3.000000000000032419 ) ) ;
#54 = CARTESIAN_POINT ( 'NONE',  ( 20.18750000000001066, 0.9736010864139180709, -2.350480947161660339 ) ) ;
#55 = CARTESIAN_POINT ( 'NONE',  ( 22.59375000000000000, -2.159593620790635438, -2.159593620790635438 ) ) ;
#56 = CARTESIAN_POINT ( 'NONE',  ( 33.49999999999999289, 2.350480947161660339, 0.000000000000000000 ) ) ;
#57 = VERTEX_POINT ( 'NONE', #6017 ) ;
#58 = EDGE_CURVE ( 'NONE', #4822, #6504, #3053, .T. ) ;
#59 = CARTESIAN_POINT ( 'NONE',  ( 28.99999999999999645, -2.350480947161660339, -2.878508968398366432E-16 ) ) ;
#60 = CARTESIAN_POINT ( 'NONE',  ( 19.78125000000000711, 2.159593620790635438, -2.159593620790635438 ) ) ;
#61 = CARTESIAN_POINT ( 'NONE',  ( 26.18750000000000355, 1.242640687119235254, 3.000000000000065281 ) ) ;
#62 = ORIENTED_EDGE ( 'NONE', *, *, #3821, .F. ) ;
#63 = CARTESIAN_POINT ( 'NONE',  ( 37.31250000000001421, 2.350480947161660339, -0.9736010864139179599 ) ) ;
#64 = CARTESIAN_POINT ( 'NONE',  ( 27.62499999999999645, -2.121320343559649935, -2.121320343559649935 ) ) ;
#65 = CARTESIAN_POINT ( 'NONE',  ( 42.18749999999999289, -0.9736010864139177379, -2.350480947161660339 ) ) ;
#66 = CARTESIAN_POINT ( 'NONE',  ( 30.12500000000001066, -5.510910596163109277E-16, 3.000000000000010658 ) ) ;
#67 = CARTESIAN_POINT ( 'NONE',  ( 42.56976227051229955, 1.952256784685318491, -1.844267728305817533 ) ) ;
#68 = CARTESIAN_POINT ( 'NONE',  ( 20.87499999999999645, -1.662041016787789482, 1.662041016787788816 ) ) ;
#69 = FACE_OUTER_BOUND ( 'NONE', #1245, .T. ) ;
#70 = CARTESIAN_POINT ( 'NONE',  ( 29.06250000000001066, -0.9736010864139177379, -2.350480947161660339 ) ) ;
#71 = CARTESIAN_POINT ( 'NONE',  ( 22.93750000000001066, -2.350480947161660339, -0.9736010864139181820 ) ) ;
#72 = CARTESIAN_POINT ( 'NONE',  ( 19.31249999999999645, 0.9736010864139180709, -2.350480947161660339 ) ) ;
#73 = CARTESIAN_POINT ( 'NONE',  ( -42.61352220515647105, 2.230722738129653937, 1.136274879960275097 ) ) ;
#74 = VECTOR ( 'NONE', #1703, 1000.000000000000000 ) ;
#75 = EDGE_LOOP ( 'NONE', ( #1361, #1947, #5002, #2186 ) ) ;
#76 = CARTESIAN_POINT ( 'NONE',  ( 42.68750000000000711, -0.9736010864139191812, 2.350480947161659895 ) ) ;
#77 = DIRECTION ( 'NONE',  ( -0.000000000000000000, 0.000000000000000000, 1.000000000000000000 ) ) ;
#78 = CARTESIAN_POINT ( 'NONE',  ( 40.50000000000000711, 1.662041016787788594, 1.662041016787789482 ) ) ;
#79 = CARTESIAN_POINT ( 'NONE',  ( 35.62500000000001421, -4.317763452597548908E-16, 2.350480947161660339 ) ) ;
#80 = CARTESIAN_POINT ( 'NONE',  ( 31.18749999999999645, -0.9736010864139177379, -2.350480947161660339 ) ) ;
#81 = DIRECTION ( 'NONE',  ( -1.000000000000000000, -0.000000000000000000, -0.000000000000000000 ) ) ;
#82 = CARTESIAN_POINT ( 'NONE',  ( 39.28125000000000711, -2.159593620790635882, 2.159593620790635438 ) ) ;
#83 = DIRECTION ( 'NONE',  ( 0.000000000000000000, 0.000000000000000000, 1.000000000000000000 ) ) ;
#84 = LINE ( 'NONE', #4547, #3061 ) ;
#85 = CARTESIAN_POINT ( 'NONE',  ( 19.15625000000000000, 1.265060653844736205, 3.054126587736534670 ) ) ;
#86 = CARTESIAN_POINT ( 'NONE',  ( 34.12499999999999289, -1.662041016787788816, -1.662041016787789260 ) ) ;
#87 = ORIENTED_EDGE ( 'NONE', *, *, #5327, .F. ) ;
#88 = CARTESIAN_POINT ( 'NONE',  ( 28.24999999999999645, 1.439254484199183216E-16, -2.350480947161660339 ) ) ;
#89 = CARTESIAN_POINT ( 'NONE',  ( 20.34375000000000711, -3.054126587736536447, 1.265060653844735095 ) ) ;
#90 = CARTESIAN_POINT ( 'NONE',  ( 42.18749999999999289, -0.9736010864139177379, -2.350480947161660339 ) ) ;
#91 = ORIENTED_EDGE ( 'NONE', *, *, #5279, .T. ) ;
#92 = ADVANCED_FACE ( 'NONE', ( #525 ), #2044, .T. ) ;
#93 = CARTESIAN_POINT ( 'NONE',  ( 33.50000000000000711, 1.662041016787788594, 1.662041016787789482 ) ) ;
#94 = CARTESIAN_POINT ( 'NONE',  ( 21.06249999999999289, 3.000000000000009770, 1.242640687119291654 ) ) ;
#95 = CARTESIAN_POINT ( 'NONE',  ( 29.56250000000001421, -1.242640687119245468, -3.000000000000054623 ) ) ;
#96 = CARTESIAN_POINT ( 'NONE',  ( 19.56539047924087171, 0.1761874321392152554, 2.434609520758309387 ) ) ;
#97 = CARTESIAN_POINT ( 'NONE',  ( 33.53125000000000711, -2.159593620790635438, -2.159593620790635438 ) ) ;
#98 = CARTESIAN_POINT ( 'NONE',  ( 21.99999999999999645, -2.350480947161660339, -2.878508968398366432E-16 ) ) ;
#99 = ADVANCED_FACE ( 'NONE', ( #3609 ), #4036, .T. ) ;
#100 = DIRECTION ( 'NONE',  ( 0.000000000000000000, 0.000000000000000000, 1.000000000000000000 ) ) ;
#101 = CARTESIAN_POINT ( 'NONE',  ( 28.81250000000001421, -2.350480947161660339, 0.9736010864139172938 ) ) ;
#102 = CARTESIAN_POINT ( 'NONE',  ( 23.06250000000001066, -0.9736010864139177379, -2.350480947161660339 ) ) ;
#103 = CARTESIAN_POINT ( 'NONE',  ( 18.18749999999999645, -0.9736010864139177379, -2.350480947161660339 ) ) ;
#104 = CARTESIAN_POINT ( 'NONE',  ( -42.66125635044878095, 2.418731414073816310, 0.8106343009612330119 ) ) ;
#105 =( BOUNDED_CURVE ( )  B_SPLINE_CURVE ( 2, ( #4300, #2207, #5690, #1679, #3225, #794, #6282, #726, #5332 ),
 .UNSPECIFIED., .F., .F. ) 
 B_SPLINE_CURVE_WITH_KNOTS ( ( 3, 2, 2, 2, 3 ),
 ( 0.7019230769230770939, 0.7067307692307693845, 0.7115384615384617861, 0.7163461538461540767, 0.7211538461538463674 ),
 .UNSPECIFIED. ) 
 CURVE ( )  GEOMETRIC_REPRESENTATION_ITEM ( )  RATIONAL_B_SPLINE_CURVE ( ( 0.9999999999999964473, 0.9238795325112902912, 1.000000000000000000, 0.9238795325112867385, 1.000000000000000000, 0.9238795325112867385, 1.000000000000000000, 0.9238795325112831858, 1.000000000000003553 ) ) 
 REPRESENTATION_ITEM ( '' )  );
#106 = ORIENTED_EDGE ( 'NONE', *, *, #175, .F. ) ;
#107 = CARTESIAN_POINT ( 'NONE',  ( 40.75000000000000711, 2.121320343559649935, -2.121320343559649935 ) ) ;
#108 = B_SPLINE_CURVE_WITH_KNOTS ( 'NONE', 3,
 ( #797, #3324, #6318, #2339, #5336, #1823, #1382, #830, #2401, #3899, #4560, #5981, #1445, #1023, #2589, #1579, #96, #555 ),
 .UNSPECIFIED., .F., .F.,
 ( 4, 2, 2, 2, 2, 2, 2, 2, 4 ),
 ( 7.186520027368104410E-18, 0.0005398289048004103856, 0.001079657809600813832, 0.001619486714401217279, 0.002159315619201621159, 0.002699144524002025040, 0.003238973428802429354, 0.003778802333602832800, 0.004318631238403236247 ),
 .UNSPECIFIED. ) ;
#109 = CARTESIAN_POINT ( 'NONE',  ( 42.31250000000001421, 2.350480947161660339, -0.9736010864139179599 ) ) ;
#110 = CARTESIAN_POINT ( 'NONE',  ( 33.93750000000000711, -2.350480947161660339, -0.9736010864139181820 ) ) ;
#111 = CARTESIAN_POINT ( 'NONE',  ( 30.18750000000000711, -0.9736010864139177379, -2.350480947161660339 ) ) ;
#112 = CARTESIAN_POINT ( 'NONE',  ( -37.00000000000000711, 3.000000000000006217, 0.000000000000000000 ) ) ;
#113 = CARTESIAN_POINT ( 'NONE',  ( 40.09375000000000711, 1.265060653844736205, 3.054126587736534670 ) ) ;
#114 = CYLINDRICAL_SURFACE ( 'NONE', #2238, 3.000000000000010658 ) ;
#115 = CARTESIAN_POINT ( 'NONE',  ( 19.06250000000001776, 1.242640687119228149, 3.000000000000009770 ) ) ;
#116 = CARTESIAN_POINT ( 'NONE',  ( 20.06250000000001421, -0.9736010864139177379, -2.350480947161660339 ) ) ;
#117 = CARTESIAN_POINT ( 'NONE',  ( 20.09375000000000000, 2.159593620790634994, 2.159593620790635882 ) ) ;
#118 = CARTESIAN_POINT ( 'NONE',  ( 33.12499999999999289, -1.662041016787788816, -1.662041016787789260 ) ) ;
#119 =( BOUNDED_CURVE ( )  B_SPLINE_CURVE ( 2, ( #1330, #1919, #2409, #4342, #4313, #5468, #434, #403, #4966 ),
 .UNSPECIFIED., .F., .F. ) 
 B_SPLINE_CURVE_WITH_KNOTS ( ( 3, 2, 2, 2, 3 ),
 ( 0.4711538461538464784, 0.4759615384615387690, 0.4807692307692310596, 0.4855769230769234057, 0.4903846153846156963 ),
 .UNSPECIFIED. ) 
 CURVE ( )  GEOMETRIC_REPRESENTATION_ITEM ( )  RATIONAL_B_SPLINE_CURVE ( ( 0.9999999999999947820, 0.9238795325112919565, 1.000000000000000000, 0.9238795325112867385, 1.000000000000000000, 0.9238795325112867385, 1.000000000000000000, 0.9238795325112822976, 1.000000000000004441 ) ) 
 REPRESENTATION_ITEM ( '' )  );
#120 = CARTESIAN_POINT ( 'NONE',  ( 26.56249999999999289, 2.350480947161659895, 0.9736010864139195142 ) ) ;
#121 = CARTESIAN_POINT ( 'NONE',  ( 32.12500000000001421, -5.510910596163109277E-16, 3.000000000000010658 ) ) ;
#122 = CARTESIAN_POINT ( 'NONE',  ( 42.49999999999999289, 2.350480947161660339, 0.000000000000000000 ) ) ;
#123 = CONICAL_SURFACE ( 'NONE', #2853, 2.886751345948127767, 0.7853981633974500554 ) ;
#124 = ORIENTED_EDGE ( 'NONE', *, *, #743, .F. ) ;
#125 = CARTESIAN_POINT ( 'NONE',  ( 34.43750000000000711, 2.350480947161659895, 0.9736010864139195142 ) ) ;
#126 = CARTESIAN_POINT ( 'NONE',  ( 32.65625000000000000, -1.265060653844735317, -3.054126587736535114 ) ) ;
#127 = CARTESIAN_POINT ( 'NONE',  ( -42.61324865405186557, 0.2542019436860397108, 2.500000000000000444 ) ) ;
#128 = CARTESIAN_POINT ( 'NONE',  ( 29.18750000000001066, -1.242640687119313192, 2.999999999999987121 ) ) ;
#129 = CARTESIAN_POINT ( 'NONE',  ( -43.00000000000000000, 0.000000000000000000, 0.000000000000000000 ) ) ;
#130 = ADVANCED_FACE ( 'NONE', ( #4626 ), #4132, .T. ) ;
#131 = CARTESIAN_POINT ( 'NONE',  ( 30.53125000000001066, -2.159593620790635438, -2.159593620790635438 ) ) ;
#132 = CARTESIAN_POINT ( 'NONE',  ( 22.87499999999999645, -1.662041016787789482, 1.662041016787788816 ) ) ;
#133 = CARTESIAN_POINT ( 'NONE',  ( 23.00000000000001066, 2.121320343559649491, 2.121320343559650379 ) ) ;
#134 = CARTESIAN_POINT ( 'NONE',  ( 30.31250000000001066, 2.350480947161660339, -0.9736010864139179599 ) ) ;
#135 = CARTESIAN_POINT ( 'NONE',  ( 18.06250000000001421, -0.9736010864139177379, -2.350480947161660339 ) ) ;
#136 = CARTESIAN_POINT ( 'NONE',  ( 19.81249999999999645, -0.9736010864139191812, 2.350480947161659895 ) ) ;
#137 = DIRECTION ( 'NONE',  ( -1.000000000000000000, -0.000000000000000000, -0.000000000000000000 ) ) ;
#138 = EDGE_CURVE ( 'NONE', #3249, #1850, #5026, .T. ) ;
#139 = ORIENTED_EDGE ( 'NONE', *, *, #1588, .F. ) ;
#140 = LINE ( 'NONE', #563, #1384 ) ;
#141 = CARTESIAN_POINT ( 'NONE',  ( 41.15624999999999289, 1.265060653844736205, 3.054126587736534670 ) ) ;
#142 = CARTESIAN_POINT ( 'NONE',  ( 41.31250000000000711, 2.350480947161660339, -0.9736010864139179599 ) ) ;
#143 = CARTESIAN_POINT ( 'NONE',  ( 32.25000000000001421, 1.662041016787789260, -1.662041016787788816 ) ) ;
#144 = CARTESIAN_POINT ( 'NONE',  ( 32.99999999999999289, -2.350480947161660339, -2.878508968398366432E-16 ) ) ;
#145 = DIRECTION ( 'NONE',  ( -1.000000000000000000, -0.000000000000000000, -0.000000000000000000 ) ) ;
#146 = ORIENTED_EDGE ( 'NONE', *, *, #2868, .F. ) ;
#147 = CARTESIAN_POINT ( 'NONE',  ( 42.71875000000000711, 1.265060653844735539, -3.054126587736535114 ) ) ;
#148 = FACE_OUTER_BOUND ( 'NONE', #5243, .T. ) ;
#149 = CARTESIAN_POINT ( 'NONE',  ( 27.81250000000000711, 3.000000000000010658, -1.242640687119289433 ) ) ;
#150 = CARTESIAN_POINT ( 'NONE',  ( 19.43749999999999645, -3.000000000000011102, 1.242640687119288989 ) ) ;
#151 = CARTESIAN_POINT ( 'NONE',  ( 42.12500000000000711, 1.439254484199183216E-16, -2.350480947161660339 ) ) ;
#152 = CARTESIAN_POINT ( 'NONE',  ( 30.99999999999999645, -2.350480947161660339, -2.878508968398366432E-16 ) ) ;
#153 = CARTESIAN_POINT ( 'NONE',  ( 28.37499999999999645, 1.662041016787789260, -1.662041016787788816 ) ) ;
#154 = CARTESIAN_POINT ( 'NONE',  ( 41.81249999999998579, 1.242640687119311416, -2.999999999999988010 ) ) ;
#155 = CARTESIAN_POINT ( 'NONE',  ( 42.93750000000000711, -2.350480947161660339, 0.9736010864139172938 ) ) ;
#156 = ORIENTED_EDGE ( 'NONE', *, *, #1865, .F. ) ;
#157 =( BOUNDED_CURVE ( )  B_SPLINE_CURVE ( 2, ( #2121, #53, #3528, #1501, #5012, #5551, #511, #4578, #3562 ),
 .UNSPECIFIED., .F., .T. ) 
 B_SPLINE_CURVE_WITH_KNOTS ( ( 3, 2, 2, 2, 3 ),
 ( 0.7788461538461537437, 0.7836538461538460343, 0.7884615384615383249, 0.7932692307692306155, 0.7980769230769230171 ),
 .UNSPECIFIED. ) 
 CURVE ( )  GEOMETRIC_REPRESENTATION_ITEM ( )  RATIONAL_B_SPLINE_CURVE ( ( 1.000000000000001776, 0.9238795325112849621, 1.000000000000000000, 0.9238795325112867385, 1.000000000000000000, 0.9238795325112867385, 1.000000000000000000, 0.9238795325112885148, 0.9999999999999982236 ) ) 
 REPRESENTATION_ITEM ( '' )  );
#158 = CARTESIAN_POINT ( 'NONE',  ( 30.93750000000001421, -2.350480947161660339, -0.9736010864139181820 ) ) ;
#159 = CARTESIAN_POINT ( 'NONE',  ( 31.46875000000000355, -3.054126587736535559, -3.740226349862376611E-16 ) ) ;
#160 = DIRECTION ( 'NONE',  ( -1.000000000000000000, -0.000000000000000000, -0.000000000000000000 ) ) ;
#161 = AXIS2_PLACEMENT_3D ( 'NONE', #4198, #5195, #3743 ) ;
#162 = CARTESIAN_POINT ( 'NONE',  ( -42.49999999999999289, 0.000000000000000000, 0.000000000000000000 ) ) ;
#163 = CARTESIAN_POINT ( 'NONE',  ( 28.25000000000000000, -5.510910596163108291E-16, 3.000000000000010658 ) ) ;
#164 = CARTESIAN_POINT ( 'NONE',  ( 29.78125000000001066, 2.159593620790635438, -2.159593620790635438 ) ) ;
#165 = CARTESIAN_POINT ( 'NONE',  ( 23.06249999999999645, -2.350480947161660339, -0.9736010864139181820 ) ) ;
#166 = CARTESIAN_POINT ( 'NONE',  ( -43.00000000000000000, 3.673940397442072687E-16, -3.000000000000010658 ) ) ;
#167 = CARTESIAN_POINT ( 'NONE',  ( 25.43750000000000711, 2.350480947161659895, 0.9736010864139195142 ) ) ;
#168 = CARTESIAN_POINT ( 'NONE',  ( 17.93750000000000711, -2.350480947161660339, -0.9736010864139181820 ) ) ;
#169 = CARTESIAN_POINT ( 'NONE',  ( 20.99999999999999645, -2.350480947161660339, -2.878508968398366432E-16 ) ) ;
#170 = CARTESIAN_POINT ( 'NONE',  ( -43.00000000000000000, -1.443375672974067214, -2.499999999999996891 ) ) ;
#171 = ORIENTED_EDGE ( 'NONE', *, *, #535, .F. ) ;
#172 = ORIENTED_EDGE ( 'NONE', *, *, #732, .F. ) ;
#173 = CARTESIAN_POINT ( 'NONE',  ( 40.87500000000000711, -2.350480947161660339, -2.878508968398366432E-16 ) ) ;
#174 = CARTESIAN_POINT ( 'NONE',  ( 41.59375000000000000, -2.159593620790635438, -2.159593620790635438 ) ) ;
#175 = EDGE_CURVE ( 'NONE', #5715, #3487, #1241, .T. ) ;
#176 = CARTESIAN_POINT ( 'NONE',  ( 40.93750000000000711, -2.350480947161660339, -0.9736010864139181820 ) ) ;
#177 = CARTESIAN_POINT ( 'NONE',  ( 30.87500000000001066, -2.350480947161660339, -2.878508968398366432E-16 ) ) ;
#178 = CARTESIAN_POINT ( 'NONE',  ( 32.68749999999999289, 0.9736010864139186261, 2.350480947161659895 ) ) ;
#179 = CARTESIAN_POINT ( 'NONE',  ( 24.56250000000000000, -3.000000000000010658, -1.242640687119289877 ) ) ;
#180 = ORIENTED_EDGE ( 'NONE', *, *, #1615, .T. ) ;
#181 = CARTESIAN_POINT ( 'NONE',  ( 39.96875000000001421, 3.054126587736534670, 1.265060653844737759 ) ) ;
#182 = CYLINDRICAL_SURFACE ( 'NONE', #3379, 3.000000000000010658 ) ;
#183 = CARTESIAN_POINT ( 'NONE',  ( 35.37500000000000711, -3.000000000000010658, -3.673940397442072687E-16 ) ) ;
#184 = CARTESIAN_POINT ( 'NONE',  ( 21.93750000000001066, -2.350480947161660339, -0.9736010864139181820 ) ) ;
#185 = CARTESIAN_POINT ( 'NONE',  ( 41.62500000000000711, -4.317763452597548908E-16, 2.350480947161660339 ) ) ;
#186 = CARTESIAN_POINT ( 'NONE',  ( 29.87500000000000000, -1.662041016787789482, 1.662041016787788816 ) ) ;
#187 = CARTESIAN_POINT ( 'NONE',  ( 42.62499999999999289, 1.662041016787788594, 1.662041016787789482 ) ) ;
#188 = ORIENTED_EDGE ( 'NONE', *, *, #4141, .T. ) ;
#189 = VECTOR ( 'NONE', #2502, 1000.000000000000000 ) ;
#190 = CARTESIAN_POINT ( 'NONE',  ( 25.43750000000000355, 2.350480947161660339, -0.9736010864139179599 ) ) ;
#191 = CARTESIAN_POINT ( 'NONE',  ( 32.06250000000001421, 1.242640687119213494, 3.000000000000087041 ) ) ;
#192 = CARTESIAN_POINT ( 'NONE',  ( 39.62499999999999289, 1.662041016787788594, 1.662041016787789482 ) ) ;
#193 = ORIENTED_EDGE ( 'NONE', *, *, #4025, .F. ) ;
#194 = CARTESIAN_POINT ( 'NONE',  ( 32.00000000000001421, -1.662041016787788816, -1.662041016787789260 ) ) ;
#195 = CARTESIAN_POINT ( 'NONE',  ( 30.84375000000000000, 2.159593620790635438, -2.159593620790635438 ) ) ;
#196 = DIRECTION ( 'NONE',  ( 0.000000000000000000, 0.000000000000000000, -1.000000000000000000 ) ) ;
#197 = CARTESIAN_POINT ( 'NONE',  ( -43.00000000000000000, 0.000000000000000000, 0.000000000000000000 ) ) ;
#198 = CARTESIAN_POINT ( 'NONE',  ( 28.34375000000000711, -3.054126587736536447, 1.265060653844735095 ) ) ;
#199 = CARTESIAN_POINT ( 'NONE',  ( 20.37499999999999645, 1.662041016787789260, -1.662041016787788816 ) ) ;
#200 =( BOUNDED_CURVE ( )  B_SPLINE_CURVE ( 2, ( #3292, #921, #4267, #2307, #1848, #858, #1321, #1785, #3867 ),
 .UNSPECIFIED., .F., .T. ) 
 B_SPLINE_CURVE_WITH_KNOTS ( ( 3, 2, 2, 2, 3 ),
 ( 0.8750000000000000000, 0.8798076923076922906, 0.8846153846153845812, 0.8894230769230768718, 0.8942307692307692735 ),
 .UNSPECIFIED. ) 
 CURVE ( )  GEOMETRIC_REPRESENTATION_ITEM ( )  RATIONAL_B_SPLINE_CURVE ( ( 1.000000000000000000, 0.9238795325112867385, 1.000000000000000000, 0.9238795325112867385, 1.000000000000000000, 0.9238795325112867385, 1.000000000000000000, 0.9238795325112867385, 1.000000000000000000 ) ) 
 REPRESENTATION_ITEM ( '' )  );
#201 = FACE_OUTER_BOUND ( 'NONE', #2477, .T. ) ;
#202 = CARTESIAN_POINT ( 'NONE',  ( 27.06250000000000711, -0.9736010864139177379, -2.350480947161660339 ) ) ;
#203 = CARTESIAN_POINT ( 'NONE',  ( 19.37500000000001066, 2.350480947161660339, 0.000000000000000000 ) ) ;
#204 = CARTESIAN_POINT ( 'NONE',  ( -42.65262560816086079, -0.5018925460977996522, 2.500000000000000444 ) ) ;
#205 = CARTESIAN_POINT ( 'NONE',  ( -42.79034820032425301, 0.9851914942539659048, -2.499999999999996891 ) ) ;
#206 = ORIENTED_EDGE ( 'NONE', *, *, #5721, .T. ) ;
#207 = CARTESIAN_POINT ( 'NONE',  ( 39.37500000000000711, 2.350480947161660339, 0.000000000000000000 ) ) ;
#208 = CARTESIAN_POINT ( 'NONE',  ( 41.78125000000000000, 1.265060653844735539, -3.054126587736535114 ) ) ;
#209 = CARTESIAN_POINT ( 'NONE',  ( 37.25000000000001421, 1.662041016787789260, -1.662041016787788816 ) ) ;
#210 = CARTESIAN_POINT ( 'NONE',  ( 33.12500000000000711, 1.439254484199183216E-16, -2.350480947161660339 ) ) ;
#211 = CARTESIAN_POINT ( 'NONE',  ( 29.62500000000000000, 1.662041016787788594, 1.662041016787789482 ) ) ;
#212 = CYLINDRICAL_SURFACE ( 'NONE', #2190, 3.000000000000010658 ) ;
#213 = VERTEX_POINT ( 'NONE', #660 ) ;
#214 = ADVANCED_FACE ( 'NONE', ( #1552 ), #5521, .T. ) ;
#215 = CARTESIAN_POINT ( 'NONE',  ( 42.65625000000000711, 1.870113174931188306E-16, -3.054126587736535559 ) ) ;
#216 = CYLINDRICAL_SURFACE ( 'NONE', #5597, 3.000000000000010658 ) ;
#217 = CARTESIAN_POINT ( 'NONE',  ( 33.12500000000000711, -5.510910596163109277E-16, 3.000000000000010658 ) ) ;
#218 = FACE_OUTER_BOUND ( 'NONE', #5927, .T. ) ;
#219 = CARTESIAN_POINT ( 'NONE',  ( 43.37500000000001421, 2.350480947161660339, 0.000000000000000000 ) ) ;
#220 = CARTESIAN_POINT ( 'NONE',  ( 29.37500000000000000, 1.662041016787789260, -1.662041016787788816 ) ) ;
#221 = CARTESIAN_POINT ( 'NONE',  ( 42.68750000000000000, 0.9736010864139186261, 2.350480947161659895 ) ) ;
#222 = VERTEX_POINT ( 'NONE', #5567 ) ;
#223 = EDGE_CURVE ( 'NONE', #6107, #958, #3089, .T. ) ;
#224 = CARTESIAN_POINT ( 'NONE',  ( 24.74999999999999645, -4.317763452597548908E-16, 2.350480947161660339 ) ) ;
#225 = CARTESIAN_POINT ( 'NONE',  ( 42.80472777168793641, 1.757330359651857887E-11, 2.445272228312085794 ) ) ;
#226 = CARTESIAN_POINT ( 'NONE',  ( 40.24999999999999289, 1.439254484199183216E-16, -2.350480947161660339 ) ) ;
#227 = ORIENTED_EDGE ( 'NONE', *, *, #1262, .F. ) ;
#228 = CARTESIAN_POINT ( 'NONE',  ( 29.62500000000001421, -4.317763452597548908E-16, 2.350480947161660339 ) ) ;
#229 = CARTESIAN_POINT ( 'NONE',  ( 29.84375000000000355, 2.159593620790635438, -2.159593620790635438 ) ) ;
#230 = CARTESIAN_POINT ( 'NONE',  ( 23.75000000000000000, 1.836970198721036344E-16, -3.000000000000010658 ) ) ;
#231 = CARTESIAN_POINT ( 'NONE',  ( 41.31250000000000000, -1.242640687119291210, 3.000000000000009770 ) ) ;
#232 = AXIS2_PLACEMENT_3D ( 'NONE', #2810, #5284, #6333 ) ;
#233 = CARTESIAN_POINT ( 'NONE',  ( 28.84375000000000711, 3.054126587736535114, -1.265060653844735317 ) ) ;
#234 = CARTESIAN_POINT ( 'NONE',  ( 39.00000000000001421, 2.121320343559649491, 2.121320343559650379 ) ) ;
#235 = CARTESIAN_POINT ( 'NONE',  ( 34.12500000000000711, -5.510910596163109277E-16, 3.000000000000010658 ) ) ;
#236 = CARTESIAN_POINT ( 'NONE',  ( 27.00000000000001066, -1.662041016787788816, -1.662041016787789260 ) ) ;
#237 = CARTESIAN_POINT ( 'NONE',  ( 19.43750000000001066, 2.350480947161659895, 0.9736010864139195142 ) ) ;
#238 = CARTESIAN_POINT ( 'NONE',  ( 18.99999999999999289, 0.000000000000000000, 0.000000000000000000 ) ) ;
#239 = CARTESIAN_POINT ( 'NONE',  ( 36.00000000000000711, 3.000000000000010658, 0.000000000000000000 ) ) ;
#240 = CONICAL_SURFACE ( 'NONE', #5487, 2.886751345948127767, 0.7853981633974500554 ) ;
#241 = CARTESIAN_POINT ( 'NONE',  ( 33.37499999999999289, 1.662041016787789260, -1.662041016787788816 ) ) ;
#242 = ORIENTED_EDGE ( 'NONE', *, *, #1506, .F. ) ;
#243 = CARTESIAN_POINT ( 'NONE',  ( 39.06250000000002842, -0.9736010864139177379, -2.350480947161660339 ) ) ;
#244 = CARTESIAN_POINT ( 'NONE',  ( 40.28125000000000000, -1.265060653844737315, 3.054126587736534670 ) ) ;
#245 = CARTESIAN_POINT ( 'NONE',  ( 35.56250000000001421, 0.9736010864139186261, 2.350480947161659895 ) ) ;
#246 = CARTESIAN_POINT ( 'NONE',  ( 32.62500000000000711, -4.317763452597548908E-16, 2.350480947161660339 ) ) ;
#247 = CARTESIAN_POINT ( 'NONE',  ( 27.06249999999999645, -2.350480947161660339, -0.9736010864139181820 ) ) ;
#248 = FACE_OUTER_BOUND ( 'NONE', #1882, .T. ) ;
#249 = ORIENTED_EDGE ( 'NONE', *, *, #3582, .T. ) ;
#250 = CARTESIAN_POINT ( 'NONE',  ( 37.40625000000000711, -3.054126587736535559, -3.740226349862376611E-16 ) ) ;
#251 = CARTESIAN_POINT ( 'NONE',  ( 29.12500000000000711, -5.510910596163109277E-16, 3.000000000000010658 ) ) ;
#252 = CARTESIAN_POINT ( 'NONE',  ( 27.87500000000000711, 3.000000000000010658, 0.000000000000000000 ) ) ;
#253 = CARTESIAN_POINT ( 'NONE',  ( 42.25000000000000711, 1.662041016787789260, -1.662041016787788816 ) ) ;
#254 = CARTESIAN_POINT ( 'NONE',  ( 31.12499999999999645, -1.662041016787788816, -1.662041016787789260 ) ) ;
#255 = EDGE_CURVE ( 'NONE', #2523, #2599, #5491, .T. ) ;
#256 = CARTESIAN_POINT ( 'NONE',  ( 41.43750000000000711, 2.350480947161660339, -0.9736010864139179599 ) ) ;
#257 = CARTESIAN_POINT ( 'NONE',  ( 21.37499999999999645, 1.662041016787789260, -1.662041016787788816 ) ) ;
#258 = CARTESIAN_POINT ( 'NONE',  ( 37.50000000000000000, 2.350480947161660339, 0.000000000000000000 ) ) ;
#259 = ORIENTED_EDGE ( 'NONE', *, *, #1262, .T. ) ;
#260 = CARTESIAN_POINT ( 'NONE',  ( 27.12500000000001066, 1.439254484199183216E-16, -2.350480947161660339 ) ) ;
#261 = CARTESIAN_POINT ( 'NONE',  ( 27.21875000000000000, -5.610339524793564424E-16, 3.054126587736535559 ) ) ;
#262 = CARTESIAN_POINT ( 'NONE',  ( 41.93750000000000711, -2.350480947161660783, 0.9736010864139172938 ) ) ;
#263 = ADVANCED_FACE ( 'NONE', ( #69 ), #5200, .F. ) ;
#264 = CARTESIAN_POINT ( 'NONE',  ( 36.25000000000001421, -2.121320343559650379, 2.121320343559649935 ) ) ;
#265 = CARTESIAN_POINT ( 'NONE',  ( 27.53125000000000711, -2.159593620790635438, -2.159593620790635438 ) ) ;
#266 = CARTESIAN_POINT ( 'NONE',  ( 34.50000000000000711, -2.121320343559649935, -2.121320343559649935 ) ) ;
#267 = CARTESIAN_POINT ( 'NONE',  ( 29.00000000000000000, 3.000000000000010658, 0.000000000000000000 ) ) ;
#268 = CARTESIAN_POINT ( 'NONE',  ( 27.25000000000001066, 1.662041016787789260, -1.662041016787788816 ) ) ;
#269 = LINE ( 'NONE', #4827, #6328 ) ;
#270 = CARTESIAN_POINT ( 'NONE',  ( -42.79008009368271814, -0.9843207652817851372, 2.500000000000000000 ) ) ;
#271 = CARTESIAN_POINT ( 'NONE',  ( 25.75000000000000000, 1.836970198721036344E-16, -3.000000000000010658 ) ) ;
#272 = CONICAL_SURFACE ( 'NONE', #4137, 2.886751345948127767, 0.7853981633974500554 ) ;
#273 = CARTESIAN_POINT ( 'NONE',  ( 36.50000000000000000, 2.350480947161660339, 0.000000000000000000 ) ) ;
#274 = ORIENTED_EDGE ( 'NONE', *, *, #527, .T. ) ;
#275 = CARTESIAN_POINT ( 'NONE',  ( 41.18750000000000711, 0.9736010864139180709, -2.350480947161660339 ) ) ;
#276 = CARTESIAN_POINT ( 'NONE',  ( 37.78125000000001421, 1.265060653844735539, -3.054126587736535114 ) ) ;
#277 = CARTESIAN_POINT ( 'NONE',  ( 38.06250000000002132, -0.9736010864139177379, -2.350480947161660339 ) ) ;
#278 = CARTESIAN_POINT ( 'NONE',  ( 33.31250000000000711, 2.350480947161660339, -0.9736010864139179599 ) ) ;
#279 = CARTESIAN_POINT ( 'NONE',  ( 29.12499999999999645, -1.662041016787788816, -1.662041016787789260 ) ) ;
#280 = CARTESIAN_POINT ( 'NONE',  ( 24.43750000000001066, -3.000000000000010658, -1.242640687119289877 ) ) ;
#281 = VERTEX_POINT ( 'NONE', #5159 ) ;
#282 = CARTESIAN_POINT ( 'NONE',  ( 38.21875000000000711, -1.265060653844737315, 3.054126587736534670 ) ) ;
#283 = CARTESIAN_POINT ( 'NONE',  ( 30.75000000000000000, 1.836970198721036344E-16, -3.000000000000010658 ) ) ;
#284 = CARTESIAN_POINT ( 'NONE',  ( 37.31250000000001421, -1.242640687119335174, 2.999999999999965361 ) ) ;
#285 = CARTESIAN_POINT ( 'NONE',  ( 42.06250000000002132, -0.9736010864139177379, -2.350480947161660339 ) ) ;
#286 = CARTESIAN_POINT ( 'NONE',  ( 32.12500000000000000, -1.662041016787788816, -1.662041016787789260 ) ) ;
#287 = CARTESIAN_POINT ( 'NONE',  ( 39.99999999999999289, -2.350480947161660339, -2.878508968398366432E-16 ) ) ;
#288 = CARTESIAN_POINT ( 'NONE',  ( 21.81249999999999645, -0.9736010864139191812, 2.350480947161659895 ) ) ;
#289 = CARTESIAN_POINT ( 'NONE',  ( 19.63829206410000694, 1.598569240074320774, 1.758098394466569570 ) ) ;
#290 = AXIS2_PLACEMENT_3D ( 'NONE', #5445, #1533, #1040 ) ;
#291 = CARTESIAN_POINT ( 'NONE',  ( 37.43749999999999289, 2.350480947161660339, -0.9736010864139179599 ) ) ;
#292 = ORIENTED_EDGE ( 'NONE', *, *, #1710, .T. ) ;
#293 = CARTESIAN_POINT ( 'NONE',  ( 26.75000000000001066, -1.662041016787789482, 1.662041016787788816 ) ) ;
#294 = CARTESIAN_POINT ( 'NONE',  ( 30.46875000000000000, -3.054126587736535559, -3.740226349862376611E-16 ) ) ;
#295 = CARTESIAN_POINT ( 'NONE',  ( 41.31250000000000000, 0.9736010864139180709, -2.350480947161660339 ) ) ;
#296 = CARTESIAN_POINT ( 'NONE',  ( 42.25000000000000711, -2.121320343559650379, 2.121320343559649935 ) ) ;
#297 = CARTESIAN_POINT ( 'NONE',  ( 23.21875000000000711, -1.265060653844737315, 3.054126587736534670 ) ) ;
#298 = ADVANCED_FACE ( 'NONE', ( #4068 ), #1087, .T. ) ;
#299 = DIRECTION ( 'NONE',  ( -1.000000000000000000, -0.000000000000000000, -0.000000000000000000 ) ) ;
#300 = DIRECTION ( 'NONE',  ( -1.000000000000000000, -0.000000000000000000, -0.000000000000000000 ) ) ;
#301 = CARTESIAN_POINT ( 'NONE',  ( 24.00000000000001066, -1.662041016787788816, -1.662041016787789260 ) ) ;
#302 = LINE ( 'NONE', #3810, #345 ) ;
#303 = CARTESIAN_POINT ( 'NONE',  ( -43.00000000000000000, 0.000000000000000000, 0.000000000000000000 ) ) ;
#304 = CARTESIAN_POINT ( 'NONE',  ( 28.43750000000000000, -3.000000000000011102, 1.242640687119288989 ) ) ;
#305 = EDGE_CURVE ( 'NONE', #3585, #5081, #4659, .T. ) ;
#306 = CARTESIAN_POINT ( 'NONE',  ( 34.62499999999999289, 1.662041016787788594, 1.662041016787789482 ) ) ;
#307 = ORIENTED_EDGE ( 'NONE', *, *, #569, .F. ) ;
#308 = CARTESIAN_POINT ( 'NONE',  ( 35.09375000000000000, 2.159593620790634994, 2.159593620790635882 ) ) ;
#309 = CARTESIAN_POINT ( 'NONE',  ( 36.68750000000001421, -0.9736010864139191812, 2.350480947161659895 ) ) ;
#310 = CARTESIAN_POINT ( 'NONE',  ( 28.62500000000001066, -4.317763452597548908E-16, 2.350480947161660339 ) ) ;
#311 = CARTESIAN_POINT ( 'NONE',  ( 29.56250000000000000, 2.350480947161659895, 0.9736010864139195142 ) ) ;
#312 = PLANE ( 'NONE',  #3959 ) ;
#313 = ORIENTED_EDGE ( 'NONE', *, *, #223, .F. ) ;
#314 = CARTESIAN_POINT ( 'NONE',  ( 37.59375000000000711, -1.265060653844735317, -3.054126587736535114 ) ) ;
#315 = CARTESIAN_POINT ( 'NONE',  ( 29.75000000000000355, 1.836970198721036344E-16, -3.000000000000010658 ) ) ;
#316 = CARTESIAN_POINT ( 'NONE',  ( 24.81250000000000711, 3.000000000000010658, -1.242640687119289433 ) ) ;
#317 = CARTESIAN_POINT ( 'NONE',  ( 39.18750000000002132, 0.9736010864139180709, -2.350480947161660339 ) ) ;
#318 = CARTESIAN_POINT ( 'NONE',  ( 28.87499999999999645, -1.662041016787789482, 1.662041016787788816 ) ) ;
#319 = CARTESIAN_POINT ( 'NONE',  ( 37.93750000000000000, -2.350480947161660339, 0.9736010864139172938 ) ) ;
#320 = CARTESIAN_POINT ( 'NONE',  ( 23.93750000000000000, -2.350480947161660339, 0.9736010864139172938 ) ) ;
#321 = CARTESIAN_POINT ( 'NONE',  ( 19.47781092703370120, 1.828153746434012294, -1.742431902839254754 ) ) ;
#322 = CARTESIAN_POINT ( 'NONE',  ( 39.56250000000000711, 2.350480947161659895, 0.9736010864139195142 ) ) ;
#323 = CARTESIAN_POINT ( 'NONE',  ( 28.31250000000001066, 2.350480947161660339, -0.9736010864139179599 ) ) ;
#324 =( BOUNDED_CURVE ( )  B_SPLINE_CURVE ( 2, ( #1975, #6346, #919, #363, #1846, #3837, #2916, #6439, #4921 ),
 .UNSPECIFIED., .F., .T. ) 
 B_SPLINE_CURVE_WITH_KNOTS ( ( 3, 2, 2, 2, 3 ),
 ( 0.8365384615384614531, 0.8413461538461537437, 0.8461538461538460343, 0.8509615384615384359, 0.8557692307692307265 ),
 .UNSPECIFIED. ) 
 CURVE ( )  GEOMETRIC_REPRESENTATION_ITEM ( )  RATIONAL_B_SPLINE_CURVE ( ( 1.000000000000001776, 0.9238795325112849621, 1.000000000000000000, 0.9238795325112867385, 1.000000000000000000, 0.9238795325112867385, 1.000000000000000000, 0.9238795325112867385, 1.000000000000000000 ) ) 
 REPRESENTATION_ITEM ( '' )  );
#325 = CARTESIAN_POINT ( 'NONE',  ( 30.03125000000000000, 3.054126587736534670, 1.265060653844737759 ) ) ;
#326 = CARTESIAN_POINT ( 'NONE',  ( 38.12500000000000000, -1.662041016787788816, -1.662041016787789260 ) ) ;
#327 = CARTESIAN_POINT ( 'NONE',  ( 30.75000000000001421, 2.121320343559649935, -2.121320343559649935 ) ) ;
#328 = EDGE_LOOP ( 'NONE', ( #2144, #180, #1331, #2792 ) ) ;
#329 = CARTESIAN_POINT ( 'NONE',  ( 26.65625000000000711, 1.870113174931188306E-16, -3.054126587736535559 ) ) ;
#330 = CARTESIAN_POINT ( 'NONE',  ( -43.00000000000000000, 0.000000000000000000, 3.000000000000010658 ) ) ;
#331 = CARTESIAN_POINT ( 'NONE',  ( 33.87500000000000000, 3.000000000000010658, 0.000000000000000000 ) ) ;
#332 = CARTESIAN_POINT ( 'NONE',  ( 22.62500000000001066, -4.317763452597548908E-16, 2.350480947161660339 ) ) ;
#333 = DIRECTION ( 'NONE',  ( -1.000000000000000000, -0.000000000000000000, -0.000000000000000000 ) ) ;
#334 = EDGE_CURVE ( 'NONE', #222, #1032, #580, .T. ) ;
#335 = CARTESIAN_POINT ( 'NONE',  ( -43.00000000000000000, 0.000000000000000000, 2.886751345948127767 ) ) ;
#336 = CARTESIAN_POINT ( 'NONE',  ( 34.06249999999999289, -2.350480947161660339, -0.9736010864139181820 ) ) ;
#337 = ORIENTED_EDGE ( 'NONE', *, *, #2823, .T. ) ;
#338 = CARTESIAN_POINT ( 'NONE',  ( 38.34375000000000000, -2.159593620790635882, 2.159593620790635438 ) ) ;
#339 = CARTESIAN_POINT ( 'NONE',  ( 33.18750000000001421, 0.9736010864139180709, -2.350480947161660339 ) ) ;
#340 = CARTESIAN_POINT ( 'NONE',  ( 27.50000000000001066, 1.662041016787788594, 1.662041016787789482 ) ) ;
#341 = CARTESIAN_POINT ( 'NONE',  ( 28.37499999999999645, 1.662041016787789260, -1.662041016787788816 ) ) ;
#342 = EDGE_CURVE ( 'NONE', #2599, #4041, #105, .T. ) ;
#343 = CARTESIAN_POINT ( 'NONE',  ( 23.18750000000000000, 1.242640687119251686, 3.000000000000048406 ) ) ;
#344 = ORIENTED_EDGE ( 'NONE', *, *, #3237, .F. ) ;
#345 = VECTOR ( 'NONE', #5825, 1000.000000000000000 ) ;
#346 = CARTESIAN_POINT ( 'NONE',  ( 35.65625000000000711, 1.870113174931188306E-16, -3.054126587736535559 ) ) ;
#347 = CARTESIAN_POINT ( 'NONE',  ( 25.87500000000000711, 3.000000000000010658, 0.000000000000000000 ) ) ;
#348 = CARTESIAN_POINT ( 'NONE',  ( 34.37499999999999289, -2.121320343559650379, 2.121320343559649935 ) ) ;
#349 = AXIS2_PLACEMENT_3D ( 'NONE', #1083, #3965, #4064 ) ;
#350 = CARTESIAN_POINT ( 'NONE',  ( -43.00000000000000000, 0.000000000000000000, 3.000000000000010658 ) ) ;
#351 = CARTESIAN_POINT ( 'NONE',  ( 40.81250000000000711, -2.350480947161660339, 0.9736010864139172938 ) ) ;
#352 = CARTESIAN_POINT ( 'NONE',  ( 41.31249999999998579, 0.9736010864139180709, -2.350480947161660339 ) ) ;
#353 = ORIENTED_EDGE ( 'NONE', *, *, #3860, .T. ) ;
#354 = CARTESIAN_POINT ( 'NONE',  ( 23.31249999999999289, 0.9736010864139180709, -2.350480947161660339 ) ) ;
#355 = CARTESIAN_POINT ( 'NONE',  ( 25.12500000000000711, -5.510910596163109277E-16, 3.000000000000010658 ) ) ;
#356 = CARTESIAN_POINT ( 'NONE',  ( 37.00000000000000000, -2.350480947161660339, -2.878508968398366432E-16 ) ) ;
#357 = CARTESIAN_POINT ( 'NONE',  ( 27.81250000000001066, -2.350480947161660783, 0.9736010864139172938 ) ) ;
#358 = CARTESIAN_POINT ( 'NONE',  ( 25.40624999999999645, -3.054126587736536447, 1.265060653844735095 ) ) ;
#359 = CARTESIAN_POINT ( 'NONE',  ( 38.50000000000000000, 2.350480947161660339, 0.000000000000000000 ) ) ;
#360 = ORIENTED_EDGE ( 'NONE', *, *, #3180, .T. ) ;
#361 = CARTESIAN_POINT ( 'NONE',  ( 25.21875000000000711, -1.265060653844737315, 3.054126587736534670 ) ) ;
#362 = CARTESIAN_POINT ( 'NONE',  ( -43.00000000000000000, 0.000000000000000000, 3.000000000000010658 ) ) ;
#363 = CARTESIAN_POINT ( 'NONE',  ( 21.93750000000000711, 3.000000000000009770, 1.242640687119291654 ) ) ;
#364 = CARTESIAN_POINT ( 'NONE',  ( 23.12500000000001066, 1.439254484199183216E-16, -2.350480947161660339 ) ) ;
#365 = CYLINDRICAL_SURFACE ( 'NONE', #4749, 3.000000000000010658 ) ;
#366 = PERSON_AND_ORGANIZATION ( #5039, #757 ) ;
#367 = CARTESIAN_POINT ( 'NONE',  ( 32.68749999999999289, 0.9736010864139186261, 2.350480947161659895 ) ) ;
#368 = CARTESIAN_POINT ( 'NONE',  ( 32.00000000000000000, 3.000000000000010658, 0.000000000000000000 ) ) ;
#369 = CARTESIAN_POINT ( 'NONE',  ( 37.59375000000000000, -2.159593620790635438, -2.159593620790635438 ) ) ;
#370 =( BOUNDED_CURVE ( )  B_SPLINE_CURVE ( 2, ( #1009, #5935, #2548, #3431, #2577, #5480, #5582, #4020, #3462 ),
 .UNSPECIFIED., .F., .T. ) 
 B_SPLINE_CURVE_WITH_KNOTS ( ( 3, 2, 2, 2, 3 ),
 ( 0.5096153846153848033, 0.5144230769230770939, 0.5192307692307693845, 0.5240384615384617861, 0.5288461538461540767 ),
 .UNSPECIFIED. ) 
 CURVE ( )  GEOMETRIC_REPRESENTATION_ITEM ( )  RATIONAL_B_SPLINE_CURVE ( ( 0.9999999999999964473, 0.9238795325112902912, 1.000000000000000000, 0.9238795325112867385, 1.000000000000000000, 0.9238795325112867385, 1.000000000000000000, 0.9238795325112831858, 1.000000000000003553 ) ) 
 REPRESENTATION_ITEM ( '' )  );
#371 = CARTESIAN_POINT ( 'NONE',  ( 35.31250000000000711, 2.350480947161660339, -0.9736010864139179599 ) ) ;
#372 = CARTESIAN_POINT ( 'NONE',  ( 27.25000000000001066, 1.662041016787789260, -1.662041016787788816 ) ) ;
#373 = CIRCLE ( 'NONE', #3406, 4.500000000000017764 ) ;
#374 = CARTESIAN_POINT ( 'NONE',  ( 22.37499999999999645, 1.662041016787789260, -1.662041016787788816 ) ) ;
#375 = CARTESIAN_POINT ( 'NONE',  ( 38.25000000000000000, -5.510910596163108291E-16, 3.000000000000010658 ) ) ;
#376 = CARTESIAN_POINT ( 'NONE',  ( 36.34375000000002132, -3.054126587736536447, 1.265060653844735095 ) ) ;
#377 = EDGE_CURVE ( 'NONE', #3585, #2990, #4857, .T. ) ;
#378 = CARTESIAN_POINT ( 'NONE',  ( 39.37500000000000000, -3.000000000000010658, -3.673940397442072687E-16 ) ) ;
#379 = CARTESIAN_POINT ( 'NONE',  ( 34.24999999999999289, -5.510910596163108291E-16, 3.000000000000010658 ) ) ;
#380 = CARTESIAN_POINT ( 'NONE',  ( 31.43750000000000000, -3.000000000000011102, 1.242640687119288989 ) ) ;
#381 = CARTESIAN_POINT ( 'NONE',  ( 37.81250000000001421, -2.350480947161660339, 0.9736010864139172938 ) ) ;
#382 = CARTESIAN_POINT ( 'NONE',  ( 38.25000000000000000, 1.439254484199183216E-16, -2.350480947161660339 ) ) ;
#383 = CARTESIAN_POINT ( 'NONE',  ( 20.99999999999999645, -2.350480947161660339, -2.878508968398366432E-16 ) ) ;
#384 = CARTESIAN_POINT ( 'NONE',  ( 25.18750000000000711, -1.242640687119313192, 2.999999999999987121 ) ) ;
#385 = CARTESIAN_POINT ( 'NONE',  ( 24.06250000000001066, -0.9736010864139177379, -2.350480947161660339 ) ) ;
#386 = CARTESIAN_POINT ( 'NONE',  ( 26.03125000000000000, 3.054126587736534670, 1.265060653844737759 ) ) ;
#387 = CARTESIAN_POINT ( 'NONE',  ( 37.37500000000000000, 1.662041016787789260, -1.662041016787788816 ) ) ;
#388 = ORIENTED_EDGE ( 'NONE', *, *, #2027, .T. ) ;
#389 = CARTESIAN_POINT ( 'NONE',  ( 24.21875000000000355, -1.265060653844737315, 3.054126587736534670 ) ) ;
#390 = DIRECTION ( 'NONE',  ( -1.000000000000000000, -0.000000000000000000, -0.000000000000000000 ) ) ;
#391 = CARTESIAN_POINT ( 'NONE',  ( 41.56250000000001421, 0.9736010864139186261, 2.350480947161659895 ) ) ;
#392 = CARTESIAN_POINT ( 'NONE',  ( 31.50000000000001421, -2.121320343559649935, -2.121320343559649935 ) ) ;
#393 = CARTESIAN_POINT ( 'NONE',  ( 21.00000000000001066, -1.662041016787788816, -1.662041016787789260 ) ) ;
#394 = DIRECTION ( 'NONE',  ( 0.000000000000000000, 0.000000000000000000, 1.000000000000000000 ) ) ;
#395 = CARTESIAN_POINT ( 'NONE',  ( 28.62499999999999645, -2.121320343559649935, -2.121320343559649935 ) ) ;
#396 = AXIS2_PLACEMENT_3D ( 'NONE', #5533, #3022, #100 ) ;
#397 = CARTESIAN_POINT ( 'NONE',  ( 24.37499999999999645, 1.662041016787789260, -1.662041016787788816 ) ) ;
#398 = EDGE_LOOP ( 'NONE', ( #864, #172, #1062, #924 ) ) ;
#399 = CARTESIAN_POINT ( 'NONE',  ( 35.40625000000000000, -3.054126587736536447, 1.265060653844735095 ) ) ;
#400 = CARTESIAN_POINT ( 'NONE',  ( 32.31250000000000711, 2.350480947161660339, -0.9736010864139179599 ) ) ;
#401 = CARTESIAN_POINT ( 'NONE',  ( 28.43750000000000711, 2.350480947161659895, 0.9736010864139195142 ) ) ;
#402 = CARTESIAN_POINT ( 'NONE',  ( 21.93749999999999645, -2.350480947161660339, 0.9736010864139172938 ) ) ;
#403 = CARTESIAN_POINT ( 'NONE',  ( 29.68750000000000711, -1.242640687119234588, -3.000000000000065725 ) ) ;
#404 = ORIENTED_EDGE ( 'NONE', *, *, #1225, .F. ) ;
#405 = CARTESIAN_POINT ( 'NONE',  ( 31.15625000000000711, -5.610339524793564424E-16, 3.054126587736535559 ) ) ;
#406 =( BOUNDED_CURVE ( )  B_SPLINE_CURVE ( 2, ( #4504, #1587, #7, #5539, #2018, #4010, #3518, #1031, #1091 ),
 .UNSPECIFIED., .F., .F. ) 
 B_SPLINE_CURVE_WITH_KNOTS ( ( 3, 2, 2, 2, 3 ),
 ( 0.3557692307692310041, 0.3605769230769234057, 0.3653846153846156408, 0.3701923076923079314, 0.3750000000000002220 ),
 .UNSPECIFIED. ) 
 CURVE ( )  GEOMETRIC_REPRESENTATION_ITEM ( )  RATIONAL_B_SPLINE_CURVE ( ( 0.9999999999999955591, 0.9238795325112911794, 1.000000000000000000, 0.9238795325112867385, 1.000000000000000000, 0.9238795325112867385, 1.000000000000000000, 0.9238795325112831858, 1.000000000000003553 ) ) 
 REPRESENTATION_ITEM ( '' )  );
#407 = EDGE_LOOP ( 'NONE', ( #3503, #2731, #6120, #5542 ) ) ;
#408 = CARTESIAN_POINT ( 'NONE',  ( 37.56250000000000711, -1.242640687119223264, -3.000000000000075939 ) ) ;
#409 = CARTESIAN_POINT ( 'NONE',  ( 34.74999999999999289, 1.836970198721036344E-16, -3.000000000000010658 ) ) ;
#410 = DIRECTION ( 'NONE',  ( -1.000000000000000000, -0.000000000000000000, -0.000000000000000000 ) ) ;
#411 = CARTESIAN_POINT ( 'NONE',  ( 39.25000000000000711, 1.662041016787789260, -1.662041016787788816 ) ) ;
#412 = CARTESIAN_POINT ( 'NONE',  ( 34.37499999999999289, 1.662041016787789260, -1.662041016787788816 ) ) ;
#413 = EDGE_CURVE ( 'NONE', #958, #5209, #6039, .T. ) ;
#414 = CARTESIAN_POINT ( 'NONE',  ( 19.62499999999999645, 1.662041016787788594, 1.662041016787789482 ) ) ;
#415 = DIRECTION ( 'NONE',  ( -1.000000000000000000, -0.000000000000000000, -0.000000000000000000 ) ) ;
#416 = CARTESIAN_POINT ( 'NONE',  ( 25.25000000000001066, 1.662041016787789260, -1.662041016787788816 ) ) ;
#417 = CARTESIAN_POINT ( 'NONE',  ( 24.65625000000000000, -1.265060653844735317, -3.054126587736535114 ) ) ;
#418 = CARTESIAN_POINT ( 'NONE',  ( 38.68750000000000000, 0.9736010864139186261, 2.350480947161659895 ) ) ;
#419 = ADVANCED_FACE ( 'NONE', ( #201 ), #5413, .F. ) ;
#420 = CARTESIAN_POINT ( 'NONE',  ( 25.71875000000001066, 1.265060653844735539, -3.054126587736535114 ) ) ;
#421 = CARTESIAN_POINT ( 'NONE',  ( 39.06250000000000000, 3.000000000000009770, 1.242640687119291654 ) ) ;
#422 = CARTESIAN_POINT ( 'NONE',  ( 34.81250000000000711, -2.350480947161660783, 0.9736010864139172938 ) ) ;
#423 = CARTESIAN_POINT ( 'NONE',  ( -43.00000000000000000, 2.886751345948128211, 1.951563910473907981E-15 ) ) ;
#424 = CARTESIAN_POINT ( 'NONE',  ( 20.12500000000001066, 1.439254484199183216E-16, -2.350480947161660339 ) ) ;
#425 = DIRECTION ( 'NONE',  ( -1.000000000000000000, -0.000000000000000000, -0.000000000000000000 ) ) ;
#426 = DATE_AND_TIME ( #3352, #2642 ) ;
#427 = CARTESIAN_POINT ( 'NONE',  ( 40.24999999999999289, -5.510910596163108291E-16, 3.000000000000010658 ) ) ;
#428 = CARTESIAN_POINT ( 'NONE',  ( 28.12499999999999645, -1.662041016787788816, -1.662041016787789260 ) ) ;
#429 = EDGE_LOOP ( 'NONE', ( #6418, #249, #715, #845 ) ) ;
#430 = CARTESIAN_POINT ( 'NONE',  ( 31.15625000000000711, 1.265060653844736205, 3.054126587736534670 ) ) ;
#431 = CARTESIAN_POINT ( 'NONE',  ( 31.50000000000001421, 1.662041016787788594, 1.662041016787789482 ) ) ;
#432 = CARTESIAN_POINT ( 'NONE',  ( 28.06250000000001066, -0.9736010864139177379, -2.350480947161660339 ) ) ;
#433 = CARTESIAN_POINT ( 'NONE',  ( 24.06249999999999645, -2.350480947161660339, -0.9736010864139181820 ) ) ;
#434 = CARTESIAN_POINT ( 'NONE',  ( 29.62500000000000000, -2.121320343559649935, -2.121320343559649935 ) ) ;
#435 = EDGE_LOOP ( 'NONE', ( #2706, #781, #5950, #1325 ) ) ;
#436 = CARTESIAN_POINT ( 'NONE',  ( 34.46875000000000711, -3.054126587736535114, -1.265060653844735761 ) ) ;
#437 = CIRCLE ( 'NONE', #3884, 3.000000000000006217 ) ;
#438 = ORIENTED_EDGE ( 'NONE', *, *, #1102, .T. ) ;
#439 = DIRECTION ( 'NONE',  ( -1.000000000000000000, -0.000000000000000000, -0.000000000000000000 ) ) ;
#440 = CARTESIAN_POINT ( 'NONE',  ( 18.99999999999999289, 0.000000000000000000, -3.000000000000014655 ) ) ;
#441 = CARTESIAN_POINT ( 'NONE',  ( 40.68750000000000711, -0.9736010864139191812, 2.350480947161659895 ) ) ;
#442 = CARTESIAN_POINT ( 'NONE',  ( 36.93749999999999289, -2.350480947161660339, 0.9736010864139172938 ) ) ;
#443 = CARTESIAN_POINT ( 'NONE',  ( 38.25000000000000000, -5.510910596163108291E-16, 3.000000000000010658 ) ) ;
#444 = CARTESIAN_POINT ( 'NONE',  ( 17.93749999999999289, -2.350480947161660339, 0.9736010864139172938 ) ) ;
#445 = CARTESIAN_POINT ( 'NONE',  ( -43.00000000000000000, 0.000000000000000000, 3.000000000000010658 ) ) ;
#446 = ADVANCED_FACE ( 'NONE', ( #5300, #3676 ), #6216, .F. ) ;
#447 = CARTESIAN_POINT ( 'NONE',  ( 24.43750000000001066, 2.350480947161659895, 0.9736010864139195142 ) ) ;
#448 = CARTESIAN_POINT ( 'NONE',  ( 26.21875000000000000, -5.610339524793564424E-16, 3.054126587736535559 ) ) ;
#449 = CARTESIAN_POINT ( 'NONE',  ( 38.25000000000000000, 1.439254484199183216E-16, -2.350480947161660339 ) ) ;
#450 = CARTESIAN_POINT ( 'NONE',  ( 31.75000000000000000, -4.317763452597548908E-16, 2.350480947161660339 ) ) ;
#451 = CARTESIAN_POINT ( 'NONE',  ( 22.34375000000000355, -3.054126587736536447, 1.265060653844735095 ) ) ;
#452 = CARTESIAN_POINT ( 'NONE',  ( -43.00000000000000000, 0.000000000000000000, 0.000000000000000000 ) ) ;
#453 = EDGE_CURVE ( 'NONE', #518, #3071, #6458, .T. ) ;
#454 = CARTESIAN_POINT ( 'NONE',  ( 35.31250000000000711, 2.350480947161660339, -0.9736010864139179599 ) ) ;
#455 = CARTESIAN_POINT ( 'NONE',  ( 40.25000000000000711, -2.121320343559650379, 2.121320343559649935 ) ) ;
#456 = CARTESIAN_POINT ( 'NONE',  ( 22.37500000000001066, 2.350480947161660339, 0.000000000000000000 ) ) ;
#457 = DIRECTION ( 'NONE',  ( 0.000000000000000000, 0.000000000000000000, 1.000000000000000000 ) ) ;
#458 = PERSON_AND_ORGANIZATION ( #5039, #757 ) ;
#459 = DIRECTION ( 'NONE',  ( -1.000000000000000000, -0.000000000000000000, -0.000000000000000000 ) ) ;
#460 = CARTESIAN_POINT ( 'NONE',  ( 25.68750000000000000, 0.9736010864139186261, 2.350480947161659895 ) ) ;
#461 = ORIENTED_EDGE ( 'NONE', *, *, #2460, .F. ) ;
#462 = CARTESIAN_POINT ( 'NONE',  ( 32.59375000000000000, -2.159593620790635438, -2.159593620790635438 ) ) ;
#463 = CARTESIAN_POINT ( 'NONE',  ( 33.93750000000000711, -2.350480947161660339, -0.9736010864139181820 ) ) ;
#464 = CARTESIAN_POINT ( 'NONE',  ( 24.00000000000001066, -1.662041016787788816, -1.662041016787789260 ) ) ;
#465 = CARTESIAN_POINT ( 'NONE',  ( 24.74999999999999645, -4.317763452597548908E-16, 2.350480947161660339 ) ) ;
#466 = CARTESIAN_POINT ( 'NONE',  ( 32.50000000000001421, -2.121320343559649935, -2.121320343559649935 ) ) ;
#467 = ORIENTED_EDGE ( 'NONE', *, *, #4948, .T. ) ;
#468 = EDGE_LOOP ( 'NONE', ( #242, #5202, #4838, #5820 ) ) ;
#469 = CARTESIAN_POINT ( 'NONE',  ( 34.28125000000000711, -2.159593620790635882, 2.159593620790635438 ) ) ;
#470 = ORIENTED_EDGE ( 'NONE', *, *, #4346, .F. ) ;
#471 = CARTESIAN_POINT ( 'NONE',  ( 26.50000000000001066, -2.121320343559649935, -2.121320343559649935 ) ) ;
#472 = CARTESIAN_POINT ( 'NONE',  ( 23.62499999999999645, -2.121320343559649935, -2.121320343559649935 ) ) ;
#473 = VECTOR ( 'NONE', #1347, 1000.000000000000114 ) ;
#474 = CARTESIAN_POINT ( 'NONE',  ( 22.18750000000000355, 1.242640687119246579, 3.000000000000054179 ) ) ;
#475 = CARTESIAN_POINT ( 'NONE',  ( 37.06250000000002132, -0.9736010864139177379, -2.350480947161660339 ) ) ;
#476 = CARTESIAN_POINT ( 'NONE',  ( 35.93749999999999289, -2.350480947161660339, 0.9736010864139172938 ) ) ;
#477 = CARTESIAN_POINT ( 'NONE',  ( 33.12499999999999289, 2.121320343559649491, 2.121320343559650379 ) ) ;
#478 = CARTESIAN_POINT ( 'NONE',  ( 20.24999999999999645, 1.439254484199183216E-16, -2.350480947161660339 ) ) ;
#479 = CARTESIAN_POINT ( 'NONE',  ( 36.68750000000000711, 1.242640687119344500, -2.999999999999955147 ) ) ;
#480 = CARTESIAN_POINT ( 'NONE',  ( 33.43750000000000711, -3.000000000000010658, -1.242640687119289877 ) ) ;
#481 = CARTESIAN_POINT ( 'NONE',  ( 26.25000000000001066, 1.662041016787789260, -1.662041016787788816 ) ) ;
#482 = CARTESIAN_POINT ( 'NONE',  ( 25.59375000000000000, -2.159593620790635438, -2.159593620790635438 ) ) ;
#483 = CARTESIAN_POINT ( 'NONE',  ( 34.56249999999999289, 2.350480947161659895, 0.9736010864139195142 ) ) ;
#484 = CARTESIAN_POINT ( 'NONE',  ( 32.37500000000000000, 1.662041016787789260, -1.662041016787788816 ) ) ;
#485 = CARTESIAN_POINT ( 'NONE',  ( 22.65625000000000711, 1.870113174931188306E-16, -3.054126587736535559 ) ) ;
#486 = CARTESIAN_POINT ( 'NONE',  ( 39.62500000000000711, 1.836970198721036344E-16, -3.000000000000010658 ) ) ;
#487 = ORIENTED_EDGE ( 'NONE', *, *, #4866, .T. ) ;
#488 = CARTESIAN_POINT ( 'NONE',  ( 35.25000000000000711, 1.662041016787789260, -1.662041016787788816 ) ) ;
#489 = DIRECTION ( 'NONE',  ( -1.000000000000000000, -0.000000000000000000, -0.000000000000000000 ) ) ;
#490 = CARTESIAN_POINT ( 'NONE',  ( 18.43750000000000711, 2.350480947161659895, 0.9736010864139195142 ) ) ;
#491 = CARTESIAN_POINT ( 'NONE',  ( -43.00000000000000000, 0.000000000000000000, 3.000000000000010658 ) ) ;
#492 = PERSON_AND_ORGANIZATION ( #5039, #757 ) ;
#493 = CARTESIAN_POINT ( 'NONE',  ( 42.71528655544013731, 1.974759168305614709, 1.598210886335762027 ) ) ;
#494 = EDGE_CURVE ( 'NONE', #281, #1728, #5264, .T. ) ;
#495 = CARTESIAN_POINT ( 'NONE',  ( 27.74999999999999645, -4.317763452597548908E-16, 2.350480947161660339 ) ) ;
#496 = CARTESIAN_POINT ( 'NONE',  ( -43.00000000000000000, 3.673940397442072687E-16, -3.000000000000010658 ) ) ;
#497 = CARTESIAN_POINT ( 'NONE',  ( 34.65625000000000000, -1.265060653844735317, -3.054126587736535114 ) ) ;
#498 = CARTESIAN_POINT ( 'NONE',  ( 29.25000000000001066, 1.662041016787789260, -1.662041016787788816 ) ) ;
#499 = CARTESIAN_POINT ( 'NONE',  ( 24.31250000000001421, 2.350480947161660339, -0.9736010864139179599 ) ) ;
#500 = CARTESIAN_POINT ( 'NONE',  ( 24.87499999999999645, -1.662041016787789482, 1.662041016787788816 ) ) ;
#501 = EDGE_CURVE ( 'NONE', #2410, #3115, #4760, .T. ) ;
#502 = ORIENTED_EDGE ( 'NONE', *, *, #5289, .F. ) ;
#503 = CARTESIAN_POINT ( 'NONE',  ( -37.49999999999999289, 0.000000000000000000, 5.000000000000004441 ) ) ;
#504 = PLANE ( 'NONE',  #4106 ) ;
#505 = CARTESIAN_POINT ( 'NONE',  ( 31.37500000000000000, -2.121320343559650379, 2.121320343559649935 ) ) ;
#506 = CARTESIAN_POINT ( 'NONE',  ( 35.25000000000000711, 1.662041016787789260, -1.662041016787788816 ) ) ;
#507 = CARTESIAN_POINT ( 'NONE',  ( 35.81250000000000000, -0.9736010864139191812, 2.350480947161659895 ) ) ;
#508 = CARTESIAN_POINT ( 'NONE',  ( 27.50000000000001066, -2.121320343559649935, -2.121320343559649935 ) ) ;
#509 = CARTESIAN_POINT ( 'NONE',  ( 18.68749999999999645, 0.9736010864139186261, 2.350480947161659895 ) ) ;
#510 = CARTESIAN_POINT ( 'NONE',  ( 36.62500000000001421, 1.836970198721036344E-16, -3.000000000000010658 ) ) ;
#511 = CARTESIAN_POINT ( 'NONE',  ( 23.25000000000001066, -2.121320343559650379, 2.121320343559649935 ) ) ;
#512 = CARTESIAN_POINT ( 'NONE',  ( 26.62500000000001066, -4.317763452597548908E-16, 2.350480947161660339 ) ) ;
#513 = CARTESIAN_POINT ( 'NONE',  ( 22.34375000000000000, -2.159593620790635882, 2.159593620790635438 ) ) ;
#514 = CARTESIAN_POINT ( 'NONE',  ( 34.87499999999999289, -1.662041016787789482, 1.662041016787788816 ) ) ;
#515 = CARTESIAN_POINT ( 'NONE',  ( 32.00000000000000000, -2.350480947161660339, -2.878508968398366432E-16 ) ) ;
#516 = CARTESIAN_POINT ( 'NONE',  ( 20.90625000000000711, 3.054126587736535559, 0.000000000000000000 ) ) ;
#517 = LINE ( 'NONE', #4952, #5833 ) ;
#518 = VERTEX_POINT ( 'NONE', #1783 ) ;
#519 = CARTESIAN_POINT ( 'NONE',  ( 38.50000000000001421, 1.662041016787788594, 1.662041016787789482 ) ) ;
#520 = CARTESIAN_POINT ( 'NONE',  ( 20.43750000000000000, -3.000000000000011102, 1.242640687119288989 ) ) ;
#521 = CARTESIAN_POINT ( 'NONE',  ( 43.06250000000000000, -2.350480947161660339, -0.9736010864139181820 ) ) ;
#522 = CARTESIAN_POINT ( 'NONE',  ( 30.62500000000001066, 1.836970198721036344E-16, -3.000000000000010658 ) ) ;
#523 = CARTESIAN_POINT ( 'NONE',  ( 42.55747546017922645, 1.711722017576417842, -2.085342142798622955 ) ) ;
#524 = CARTESIAN_POINT ( 'NONE',  ( 24.56249999999999645, 2.350480947161659895, 0.9736010864139195142 ) ) ;
#525 = FACE_OUTER_BOUND ( 'NONE', #4466, .T. ) ;
#526 = CARTESIAN_POINT ( 'NONE',  ( 34.96875000000000000, 3.054126587736535559, 0.000000000000000000 ) ) ;
#527 = EDGE_CURVE ( 'NONE', #4273, #684, #5281, .T. ) ;
#528 = CARTESIAN_POINT ( 'NONE',  ( 29.12500000000001066, 1.439254484199183216E-16, -2.350480947161660339 ) ) ;
#529 = CARTESIAN_POINT ( 'NONE',  ( 22.81250000000001066, -2.350480947161660339, 0.9736010864139172938 ) ) ;
#530 = CARTESIAN_POINT ( 'NONE',  ( 17.74999999999999645, -4.317763452597548908E-16, 2.350480947161660339 ) ) ;
#531 = CARTESIAN_POINT ( 'NONE',  ( 42.25000000000000711, -2.121320343559650379, 2.121320343559649935 ) ) ;
#532 = ORIENTED_EDGE ( 'NONE', *, *, #4472, .T. ) ;
#533 = CARTESIAN_POINT ( 'NONE',  ( -42.68858849909672415, -1.850631940122059893, 1.794611453598834672 ) ) ;
#534 = CARTESIAN_POINT ( 'NONE',  ( 19.16147724261688978, -2.071842491189679780, 1.948655985210248298 ) ) ;
#535 = EDGE_CURVE ( 'NONE', #1728, #4601, #324, .T. ) ;
#536 = CARTESIAN_POINT ( 'NONE',  ( 42.75000000000000711, -1.662041016787789482, 1.662041016787788816 ) ) ;
#537 = CARTESIAN_POINT ( 'NONE',  ( 37.18750000000001421, 0.9736010864139180709, -2.350480947161660339 ) ) ;
#538 = CARTESIAN_POINT ( 'NONE',  ( 31.87500000000000000, -1.662041016787789482, 1.662041016787788816 ) ) ;
#539 = CARTESIAN_POINT ( 'NONE',  ( 27.37500000000000711, -3.000000000000010658, -3.673940397442072687E-16 ) ) ;
#540 = CARTESIAN_POINT ( 'NONE',  ( 18.43749999999999289, 2.350480947161660339, -0.9736010864139179599 ) ) ;
#541 = CARTESIAN_POINT ( 'NONE',  ( 36.81250000000001421, 3.000000000000010658, -1.242640687119289433 ) ) ;
#542 = LINE ( 'NONE', #4050, #25 ) ;
#543 = CARTESIAN_POINT ( 'NONE',  ( 19.64951905283834677, -0.3698219102110603673, 2.321204953832775253 ) ) ;
#544 = CARTESIAN_POINT ( 'NONE',  ( 20.71875000000000000, 1.870113174931188306E-16, -3.054126587736535559 ) ) ;
#545 = CARTESIAN_POINT ( 'NONE',  ( 34.93749999999999289, -2.350480947161660783, 0.9736010864139172938 ) ) ;
#546 = AXIS2_PLACEMENT_3D ( 'NONE', #1235, #2188, #2120 ) ;
#547 = CARTESIAN_POINT ( 'NONE',  ( 30.56249999999999645, 2.350480947161659895, 0.9736010864139195142 ) ) ;
#548 = CARTESIAN_POINT ( 'NONE',  ( 19.84375000000000711, 3.054126587736535114, -1.265060653844735317 ) ) ;
#549 = CARTESIAN_POINT ( 'NONE',  ( 26.06250000000000355, 3.000000000000009770, 1.242640687119291654 ) ) ;
#550 = ORIENTED_EDGE ( 'NONE', *, *, #4025, .T. ) ;
#551 = CARTESIAN_POINT ( 'NONE',  ( 34.87500000000000711, -2.350480947161660339, -2.878508968398366432E-16 ) ) ;
#552 = DIRECTION ( 'NONE',  ( 1.000000000000000000, 0.000000000000000000, 0.000000000000000000 ) ) ;
#553 = CARTESIAN_POINT ( 'NONE',  ( 17.50000000000000711, 1.662041016787788594, 1.662041016787789482 ) ) ;
#554 = CYLINDRICAL_SURFACE ( 'NONE', #618, 3.000000000000010658 ) ;
#555 = CARTESIAN_POINT ( 'NONE',  ( 19.59150635094401949, 1.408974337642983786E-11, 2.408493649055997388 ) ) ;
#556 = CARTESIAN_POINT ( 'NONE',  ( 21.56249999999999645, 2.350480947161659895, 0.9736010864139195142 ) ) ;
#557 = CARTESIAN_POINT ( 'NONE',  ( -38.50000000000000000, -1.443375672974067214, 2.500000000000000444 ) ) ;
#558 = CARTESIAN_POINT ( 'NONE',  ( 27.56250000000001066, 0.9736010864139186261, 2.350480947161659895 ) ) ;
#559 = CARTESIAN_POINT ( 'NONE',  ( 23.81250000000001421, -2.350480947161660339, 0.9736010864139172938 ) ) ;
#560 = CARTESIAN_POINT ( 'NONE',  ( 18.93749999999999289, -2.350480947161660339, 0.9736010864139172938 ) ) ;
#561 = CARTESIAN_POINT ( 'NONE',  ( 24.18750000000000000, 1.242640687119246579, 3.000000000000054179 ) ) ;
#562 = ORIENTED_EDGE ( 'NONE', *, *, #2387, .T. ) ;
#563 = CARTESIAN_POINT ( 'NONE',  ( -43.00000000000000000, 3.673940397442072687E-16, -3.000000000000010658 ) ) ;
#564 = CARTESIAN_POINT ( 'NONE',  ( 19.24999999999999645, -5.510910596163108291E-16, 3.000000000000010658 ) ) ;
#565 = CARTESIAN_POINT ( 'NONE',  ( 40.43750000000000711, 2.350480947161659895, 0.9736010864139195142 ) ) ;
#566 = CARTESIAN_POINT ( 'NONE',  ( 36.06250000000002842, -0.9736010864139177379, -2.350480947161660339 ) ) ;
#567 = CARTESIAN_POINT ( 'NONE',  ( 32.00000000000000000, -2.350480947161660339, -2.878508968398366432E-16 ) ) ;
#568 = DIRECTION ( 'NONE',  ( -1.000000000000000000, -0.000000000000000000, -0.000000000000000000 ) ) ;
#569 = EDGE_CURVE ( 'NONE', #2990, #3750, #5943, .T. ) ;
#570 = CARTESIAN_POINT ( 'NONE',  ( 39.34375000000002132, -3.054126587736536447, 1.265060653844735095 ) ) ;
#571 = UNCERTAINTY_MEASURE_WITH_UNIT (LENGTH_MEASURE( 1.000000000000000082E-05 ), #829, 'distance_accuracy_value', 'NONE');
#572 = DIRECTION ( 'NONE',  ( -0.000000000000000000, 0.5000000000000000000, -0.8660254037844385966 ) ) ;
#573 = CARTESIAN_POINT ( 'NONE',  ( 32.24999999999999289, -5.510910596163108291E-16, 3.000000000000010658 ) ) ;
#574 = CARTESIAN_POINT ( 'NONE',  ( 20.25000000000001066, 1.662041016787789260, -1.662041016787788816 ) ) ;
#575 = CARTESIAN_POINT ( 'NONE',  ( 19.53125000000000000, -3.054126587736535114, -1.265060653844735761 ) ) ;
#576 = CARTESIAN_POINT ( 'NONE',  ( 36.43749999999999289, 2.350480947161660339, -0.9736010864139179599 ) ) ;
#577 =( BOUNDED_CURVE ( )  B_SPLINE_CURVE ( 2, ( #2571, #1560, #6059, #1492, #1034, #3555, #472, #2542, #3489 ),
 .UNSPECIFIED., .F., .F. ) 
 B_SPLINE_CURVE_WITH_KNOTS ( ( 3, 2, 2, 2, 3 ),
 ( 0.2403846153846156131, 0.2451923076923079314, 0.2500000000000002220, 0.2548076923076925682, 0.2596153846153848588 ),
 .UNSPECIFIED. ) 
 CURVE ( )  GEOMETRIC_REPRESENTATION_ITEM ( )  RATIONAL_B_SPLINE_CURVE ( ( 0.9999999999999968914, 0.9238795325112898471, 1.000000000000000000, 0.9238795325112867385, 1.000000000000000000, 0.9238795325112867385, 1.000000000000000000, 0.9238795325112822976, 1.000000000000004441 ) ) 
 REPRESENTATION_ITEM ( '' )  );
#578 = ORIENTED_EDGE ( 'NONE', *, *, #5359, .T. ) ;
#579 = VECTOR ( 'NONE', #300, 1000.000000000000000 ) ;
#580 =( BOUNDED_CURVE ( )  B_SPLINE_CURVE ( 2, ( #235, #5228, #2243, #2273, #331, #2825, #4331, #4692, #4265 ),
 .UNSPECIFIED., .F., .T. ) 
 B_SPLINE_CURVE_WITH_KNOTS ( ( 3, 2, 2, 2, 3 ),
 ( 0.3749999999999998335, 0.3798076923076921241, 0.3846153846153844702, 0.3894230769230767608, 0.3942307692307690514 ),
 .UNSPECIFIED. ) 
 CURVE ( )  GEOMETRIC_REPRESENTATION_ITEM ( )  RATIONAL_B_SPLINE_CURVE ( ( 1.000000000000002665, 0.9238795325112840739, 1.000000000000000000, 0.9238795325112867385, 1.000000000000000000, 0.9238795325112867385, 1.000000000000000000, 0.9238795325112894030, 0.9999999999999973355 ) ) 
 REPRESENTATION_ITEM ( '' )  );
#581 = EDGE_CURVE ( 'NONE', #3779, #5909, #602, .T. ) ;
#582 = CARTESIAN_POINT ( 'NONE',  ( 27.74999999999999645, -4.317763452597548908E-16, 2.350480947161660339 ) ) ;
#583 = CARTESIAN_POINT ( 'NONE',  ( 21.40625000000000711, -3.054126587736535559, -3.740226349862376611E-16 ) ) ;
#584 = CARTESIAN_POINT ( 'NONE',  ( 25.93750000000000000, 3.000000000000010658, -1.242640687119289433 ) ) ;
#585 = VERTEX_POINT ( 'NONE', #2397 ) ;
#586 = CC_DESIGN_DATE_AND_TIME_ASSIGNMENT ( #5916, #3868, ( #5167 ) ) ;
#587 = CARTESIAN_POINT ( 'NONE',  ( 31.75000000000001421, -1.662041016787789482, 1.662041016787788816 ) ) ;
#588 = CARTESIAN_POINT ( 'NONE',  ( 20.81250000000000355, 1.242640687119333398, -2.999999999999966693 ) ) ;
#589 = CARTESIAN_POINT ( 'NONE',  ( 21.68749999999999645, -1.242640687119256349, -3.000000000000043521 ) ) ;
#590 = CARTESIAN_POINT ( 'NONE',  ( 29.62500000000001066, 1.836970198721036344E-16, -3.000000000000010658 ) ) ;
#591 = CARTESIAN_POINT ( 'NONE',  ( 34.40625000000000711, -3.054126587736535559, -3.740226349862376611E-16 ) ) ;
#592 = CARTESIAN_POINT ( 'NONE',  ( 23.87499999999999645, -1.662041016787789482, 1.662041016787788816 ) ) ;
#593 =( BOUNDED_CURVE ( )  B_SPLINE_CURVE ( 2, ( #5490, #3468, #4389, #5018, #2427, #1473, #1439, #2005, #486 ),
 .UNSPECIFIED., .F., .F. ) 
 B_SPLINE_CURVE_WITH_KNOTS ( ( 3, 2, 2, 2, 3 ),
 ( 0.1442307692307691069, 0.1490384615384614253, 0.1538461538461537437, 0.1586538461538460065, 0.1634615384615383249 ),
 .UNSPECIFIED. ) 
 CURVE ( )  GEOMETRIC_REPRESENTATION_ITEM ( )  RATIONAL_B_SPLINE_CURVE ( ( 1.000000000000001776, 0.9238795325112849621, 1.000000000000000000, 0.9238795325112867385, 1.000000000000000000, 0.9238795325112867385, 1.000000000000000000, 0.9238795325112889589, 0.9999999999999977796 ) ) 
 REPRESENTATION_ITEM ( '' )  );
#594 = CARTESIAN_POINT ( 'NONE',  ( 35.06250000000000000, 3.000000000000009770, 1.242640687119291654 ) ) ;
#595 = CARTESIAN_POINT ( 'NONE',  ( 30.50000000000001066, 1.662041016787788594, 1.662041016787789482 ) ) ;
#596 = CARTESIAN_POINT ( 'NONE',  ( 22.43750000000001066, 2.350480947161659895, 0.9736010864139195142 ) ) ;
#597 = CARTESIAN_POINT ( 'NONE',  ( 18.56249999999999645, 2.350480947161659895, 0.9736010864139195142 ) ) ;
#598 = CARTESIAN_POINT ( 'NONE',  ( 24.99999999999999645, 3.000000000000010658, 0.000000000000000000 ) ) ;
#599 = VECTOR ( 'NONE', #3883, 1000.000000000000000 ) ;
#600 = ORIENTED_EDGE ( 'NONE', *, *, #377, .T. ) ;
#601 = CARTESIAN_POINT ( 'NONE',  ( 40.93750000000000711, 3.000000000000009770, 1.242640687119291654 ) ) ;
#602 = B_SPLINE_CURVE_WITH_KNOTS ( 'NONE', 3,
 ( #2463, #6374, #5853, #1348, #3378, #952, #4427, #5392, #3471, #3349, #1875, #423 ),
 .UNSPECIFIED., .F., .F.,
 ( 4, 2, 2, 2, 2, 4 ),
 ( 2.544340436227356955E-07, 0.0007457281437449307529, 0.001118464998595587517, 0.001491201853446244606, 0.002236675563147559002, 0.002982149272848873614 ),
 .UNSPECIFIED. ) ;
#603 = CARTESIAN_POINT ( 'NONE',  ( 40.31250000000000711, 2.350480947161660339, -0.9736010864139179599 ) ) ;
#604 = CARTESIAN_POINT ( 'NONE',  ( 34.93750000000000711, -2.350480947161660339, -0.9736010864139181820 ) ) ;
#605 = CARTESIAN_POINT ( 'NONE',  ( 30.99999999999999645, -2.350480947161660339, -2.878508968398366432E-16 ) ) ;
#606 = CARTESIAN_POINT ( 'NONE',  ( 20.25000000000000000, -5.510910596163108291E-16, 3.000000000000010658 ) ) ;
#607 = CARTESIAN_POINT ( 'NONE',  ( 42.03125000000000711, 2.159593620790634994, 2.159593620790635882 ) ) ;
#608 = CARTESIAN_POINT ( 'NONE',  ( 29.87500000000001066, 3.000000000000010658, 0.000000000000000000 ) ) ;
#609 = DIRECTION ( 'NONE',  ( 0.000000000000000000, 0.000000000000000000, -1.000000000000000000 ) ) ;
#610 = CARTESIAN_POINT ( 'NONE',  ( 19.64951905283834677, 1.379836182837152814, 1.902843343920715524 ) ) ;
#611 = CARTESIAN_POINT ( 'NONE',  ( 22.71875000000000000, 1.870113174931188306E-16, -3.054126587736535559 ) ) ;
#612 = CARTESIAN_POINT ( 'NONE',  ( 33.18749999999999289, -0.9736010864139177379, -2.350480947161660339 ) ) ;
#613 = EDGE_CURVE ( 'NONE', #5622, #3945, #2592, .T. ) ;
#614 = CARTESIAN_POINT ( 'NONE',  ( 27.24999999999999645, 1.439254484199183216E-16, -2.350480947161660339 ) ) ;
#615 = CARTESIAN_POINT ( 'NONE',  ( 18.34375000000000711, -3.054126587736536447, 1.265060653844735095 ) ) ;
#616 = CARTESIAN_POINT ( 'NONE',  ( 43.25000000000000000, 1.439254484199183216E-16, -2.350480947161660339 ) ) ;
#617 = VERTEX_POINT ( 'NONE', #2948 ) ;
#618 = AXIS2_PLACEMENT_3D ( 'NONE', #2986, #1977, #1942 ) ;
#619 =( BOUNDED_CURVE ( )  B_SPLINE_CURVE ( 2, ( #5993, #6456, #1924, #3946, #5472, #2380, #968, #1891, #1491 ),
 .UNSPECIFIED., .F., .F. ) 
 B_SPLINE_CURVE_WITH_KNOTS ( ( 3, 2, 2, 2, 3 ),
 ( 0.7403846153846155298, 0.7451923076923078204, 0.7500000000000002220, 0.7548076923076925127, 0.7596153846153848033 ),
 .UNSPECIFIED. ) 
 CURVE ( )  GEOMETRIC_REPRESENTATION_ITEM ( )  RATIONAL_B_SPLINE_CURVE ( ( 0.9999999999999982236, 0.9238795325112885148, 1.000000000000000000, 0.9238795325112867385, 1.000000000000000000, 0.9238795325112867385, 1.000000000000000000, 0.9238795325112831858, 1.000000000000003553 ) ) 
 REPRESENTATION_ITEM ( '' )  );
#620 = CARTESIAN_POINT ( 'NONE',  ( 31.37500000000001421, 2.350480947161660339, 0.000000000000000000 ) ) ;
#621 = CARTESIAN_POINT ( 'NONE',  ( 20.68750000000000000, -1.242640687119245468, -3.000000000000054623 ) ) ;
#622 = EDGE_CURVE ( 'NONE', #3206, #1226, #4858, .T. ) ;
#623 = CARTESIAN_POINT ( 'NONE',  ( 21.24999999999999645, -5.510910596163108291E-16, 3.000000000000010658 ) ) ;
#624 = CARTESIAN_POINT ( 'NONE',  ( 27.87499999999999645, 2.121320343559649935, -2.121320343559649935 ) ) ;
#625 = CARTESIAN_POINT ( 'NONE',  ( 35.03125000000000711, 2.159593620790634994, 2.159593620790635882 ) ) ;
#626 = CARTESIAN_POINT ( 'NONE',  ( 24.06249999999999645, -2.350480947161660339, -0.9736010864139181820 ) ) ;
#627 = CARTESIAN_POINT ( 'NONE',  ( 28.62500000000001066, -4.317763452597548908E-16, 2.350480947161660339 ) ) ;
#628 = CARTESIAN_POINT ( 'NONE',  ( 18.75000000000001066, -1.662041016787789482, 1.662041016787788816 ) ) ;
#629 = CARTESIAN_POINT ( 'NONE',  ( 20.43749999999999645, 2.350480947161660339, -0.9736010864139179599 ) ) ;
#630 = CARTESIAN_POINT ( 'NONE',  ( 19.31250000000000711, -3.000000000000011102, 1.242640687119288989 ) ) ;
#631 = VECTOR ( 'NONE', #2254, 1000.000000000000000 ) ;
#632 = ORIENTED_EDGE ( 'NONE', *, *, #334, .F. ) ;
#633 = CARTESIAN_POINT ( 'NONE',  ( -42.61352220515647105, -2.099404280792539268, 1.363725120039730454 ) ) ;
#634 = CARTESIAN_POINT ( 'NONE',  ( 40.96875000000000000, 3.054126587736535559, 0.000000000000000000 ) ) ;
#635 = CARTESIAN_POINT ( 'NONE',  ( 42.06250000000002132, -0.9736010864139177379, -2.350480947161660339 ) ) ;
#636 = CARTESIAN_POINT ( 'NONE',  ( 31.56250000000000711, 0.9736010864139186261, 2.350480947161659895 ) ) ;
#637 = CARTESIAN_POINT ( 'NONE',  ( 29.68750000000000355, 0.9736010864139186261, 2.350480947161659895 ) ) ;
#638 = CARTESIAN_POINT ( 'NONE',  ( 40.62500000000000711, 1.836970198721036344E-16, -3.000000000000010658 ) ) ;
#639 = CARTESIAN_POINT ( 'NONE',  ( 41.03125000000000711, 2.159593620790634994, 2.159593620790635882 ) ) ;
#640 = CARTESIAN_POINT ( 'NONE',  ( 19.64951905283834321, -0.1235700616196231255, 2.350480947161659451 ) ) ;
#641 = CARTESIAN_POINT ( 'NONE',  ( 30.93749999999999645, 3.000000000000010658, -1.242640687119289433 ) ) ;
#642 = CARTESIAN_POINT ( 'NONE',  ( 20.87500000000001066, -2.350480947161660339, -2.878508968398366432E-16 ) ) ;
#643 = CARTESIAN_POINT ( 'NONE',  ( 19.84375000000000000, 2.159593620790635438, -2.159593620790635438 ) ) ;
#644 = CARTESIAN_POINT ( 'NONE',  ( 32.87499999999999289, -1.662041016787789482, 1.662041016787788816 ) ) ;
#645 = ORIENTED_EDGE ( 'NONE', *, *, #4582, .T. ) ;
#646 = CARTESIAN_POINT ( 'NONE',  ( 26.18750000000000000, -0.9736010864139177379, -2.350480947161660339 ) ) ;
#647 = CARTESIAN_POINT ( 'NONE',  ( 18.99999999999998934, 0.000000000000000000, 3.000000000000010658 ) ) ;
#648 = EDGE_CURVE ( 'NONE', #5256, #1902, #5310, .T. ) ;
#649 = CARTESIAN_POINT ( 'NONE',  ( 42.62499999999999289, 1.662041016787788594, 1.662041016787789482 ) ) ;
#650 = ORIENTED_EDGE ( 'NONE', *, *, #1185, .F. ) ;
#651 = CARTESIAN_POINT ( 'NONE',  ( 31.18750000000001421, 0.9736010864139180709, -2.350480947161660339 ) ) ;
#652 = CARTESIAN_POINT ( 'NONE',  ( 32.96875000000000000, 3.054126587736535559, 0.000000000000000000 ) ) ;
#653 = CARTESIAN_POINT ( 'NONE',  ( 32.49999999999999289, -3.000000000000010658, -3.673940397442072687E-16 ) ) ;
#654 = CARTESIAN_POINT ( 'NONE',  ( 29.31250000000000355, -3.000000000000011102, 1.242640687119288989 ) ) ;
#655 = AXIS2_PLACEMENT_3D ( 'NONE', #3594, #3040, #609 ) ;
#656 = CARTESIAN_POINT ( 'NONE',  ( 42.75288030848982146, -2.433640079444347126, 0.5912306619915018713 ) ) ;
#657 = CARTESIAN_POINT ( 'NONE',  ( 30.28125000000001066, -2.159593620790635882, 2.159593620790635438 ) ) ;
#658 = EDGE_CURVE ( 'NONE', #1923, #4933, #5494, .T. ) ;
#659 = CARTESIAN_POINT ( 'NONE',  ( 22.12499999999999645, -1.662041016787788816, -1.662041016787789260 ) ) ;
#660 = CARTESIAN_POINT ( 'NONE',  ( 39.24999999999999289, -5.510910596163108291E-16, 3.000000000000010658 ) ) ;
#661 = CARTESIAN_POINT ( 'NONE',  ( 23.56250000000001066, 0.9736010864139186261, 2.350480947161659895 ) ) ;
#662 = CARTESIAN_POINT ( 'NONE',  ( 20.81250000000001421, -2.350480947161660339, 0.9736010864139172938 ) ) ;
#663 = CARTESIAN_POINT ( 'NONE',  ( 18.31249999999999289, 0.9736010864139180709, -2.350480947161660339 ) ) ;
#664 = ORIENTED_EDGE ( 'NONE', *, *, #4985, .T. ) ;
#665 = ORIENTED_EDGE ( 'NONE', *, *, #4105, .T. ) ;
#666 = CARTESIAN_POINT ( 'NONE',  ( 41.31250000000000711, 2.350480947161660339, -0.9736010864139179599 ) ) ;
#667 = CARTESIAN_POINT ( 'NONE',  ( 41.90625000000000000, 3.054126587736535114, -1.265060653844735317 ) ) ;
#668 = CARTESIAN_POINT ( 'NONE',  ( 42.37500000000000711, 2.350480947161660339, 0.000000000000000000 ) ) ;
#669 = CARTESIAN_POINT ( 'NONE',  ( 30.93750000000001066, -2.350480947161660339, -0.9736010864139181820 ) ) ;
#670 = CARTESIAN_POINT ( 'NONE',  ( 32.62499999999999289, 1.662041016787788594, 1.662041016787789482 ) ) ;
#671 = DIRECTION ( 'NONE',  ( 1.000000000000000000, 0.000000000000000000, 0.000000000000000000 ) ) ;
#672 = ORIENTED_EDGE ( 'NONE', *, *, #6242, .F. ) ;
#673 = CARTESIAN_POINT ( 'NONE',  ( 40.15625000000000711, -5.610339524793564424E-16, 3.054126587736535559 ) ) ;
#674 = CARTESIAN_POINT ( 'NONE',  ( 30.06250000000002132, 1.242640687119246801, 3.000000000000054179 ) ) ;
#675 = DIRECTION ( 'NONE',  ( 0.000000000000000000, 0.000000000000000000, -1.000000000000000000 ) ) ;
#676 = CARTESIAN_POINT ( 'NONE',  ( 21.25000000000001066, 1.662041016787789260, -1.662041016787788816 ) ) ;
#677 = CARTESIAN_POINT ( 'NONE',  ( 41.68750000000001421, -0.9736010864139191812, 2.350480947161659895 ) ) ;
#678 = CARTESIAN_POINT ( 'NONE',  ( 32.00000000000000000, -2.350480947161660339, -2.878508968398366432E-16 ) ) ;
#679 = CARTESIAN_POINT ( 'NONE',  ( 41.81249999999999289, -0.9736010864139191812, 2.350480947161659895 ) ) ;
#680 = ORIENTED_EDGE ( 'NONE', *, *, #3029, .T. ) ;
#681 = CARTESIAN_POINT ( 'NONE',  ( 25.68750000000000000, 0.9736010864139186261, 2.350480947161659895 ) ) ;
#682 = CARTESIAN_POINT ( 'NONE',  ( 18.09375000000000711, 1.265060653844736205, 3.054126587736534670 ) ) ;
#683 = CARTESIAN_POINT ( 'NONE',  ( 40.68749999999999289, 0.9736010864139186261, 2.350480947161659895 ) ) ;
#684 = VERTEX_POINT ( 'NONE', #5884 ) ;
#685 = CARTESIAN_POINT ( 'NONE',  ( 34.56250000000000711, 0.9736010864139186261, 2.350480947161659895 ) ) ;
#686 = CARTESIAN_POINT ( 'NONE',  ( 27.78125000000000000, 1.265060653844735539, -3.054126587736535114 ) ) ;
#687 = CARTESIAN_POINT ( 'NONE',  ( 18.99999999999998934, 0.000000000000000000, 0.000000000000000000 ) ) ;
#688 = AXIS2_PLACEMENT_3D ( 'NONE', #1248, #6212, #5818 ) ;
#689 = FACE_OUTER_BOUND ( 'NONE', #3834, .T. ) ;
#690 = CARTESIAN_POINT ( 'NONE',  ( 28.59375000000000711, -1.265060653844735317, -3.054126587736535114 ) ) ;
#691 = CARTESIAN_POINT ( 'NONE',  ( 22.99999999999999645, -2.350480947161660339, -2.878508968398366432E-16 ) ) ;
#692 = B_SPLINE_CURVE_WITH_KNOTS ( 'NONE', 3,
 ( #3604, #3572, #2133, #6045, #127, #1642 ),
 .UNSPECIFIED., .F., .F.,
 ( 4, 2, 4 ),
 ( 0.001567284604689046399, 0.002314910237930815559, 0.003062535871172584936 ),
 .UNSPECIFIED. ) ;
#693 = CARTESIAN_POINT ( 'NONE',  ( 28.87499999999999645, 2.121320343559649935, -2.121320343559649935 ) ) ;
#694 = CARTESIAN_POINT ( 'NONE',  ( 26.68750000000000711, -0.9736010864139191812, 2.350480947161659895 ) ) ;
#695 = CARTESIAN_POINT ( 'NONE',  ( 18.93750000000000711, -2.350480947161660339, -0.9736010864139181820 ) ) ;
#696 = EDGE_CURVE ( 'NONE', #5878, #4506, #6155, .T. ) ;
#697 = CARTESIAN_POINT ( 'NONE',  ( -42.61326465855760404, 0.2543302231993207485, -2.499999999999996891 ) ) ;
#698 = ORIENTED_EDGE ( 'NONE', *, *, #223, .T. ) ;
#699 = ORIENTED_EDGE ( 'NONE', *, *, #4336, .F. ) ;
#700 = CARTESIAN_POINT ( 'NONE',  ( 41.25000000000000711, 1.662041016787789260, -1.662041016787788816 ) ) ;
#701 = CARTESIAN_POINT ( 'NONE',  ( 39.46875000000000000, -3.054126587736535559, -3.740226349862376611E-16 ) ) ;
#702 = CARTESIAN_POINT ( 'NONE',  ( 38.81250000000000711, -2.350480947161660339, 0.9736010864139172938 ) ) ;
#703 = CARTESIAN_POINT ( 'NONE',  ( 32.87500000000000711, -2.350480947161660339, -2.878508968398366432E-16 ) ) ;
#704 = CARTESIAN_POINT ( 'NONE',  ( 28.93750000000000355, -2.350480947161660339, 0.9736010864139172938 ) ) ;
#705 = EDGE_CURVE ( 'NONE', #4359, #4506, #5422, .T. ) ;
#706 = DIRECTION ( 'NONE',  ( 0.000000000000000000, -0.5000000000000000000, 0.8660254037844385966 ) ) ;
#707 = CONICAL_SURFACE ( 'NONE', #4367, 4.500000000000003553, 0.7853981633974482790 ) ;
#708 = CARTESIAN_POINT ( 'NONE',  ( 40.40625000000000711, -3.054126587736535559, -3.740226349862376611E-16 ) ) ;
#709 = CARTESIAN_POINT ( 'NONE',  ( 29.62500000000001066, 1.836970198721036344E-16, -3.000000000000010658 ) ) ;
#710 = DIRECTION ( 'NONE',  ( -1.000000000000000000, 0.000000000000000000, -0.000000000000000000 ) ) ;
#711 = CARTESIAN_POINT ( 'NONE',  ( 37.62500000000000000, -2.121320343559649935, -2.121320343559649935 ) ) ;
#712 = CARTESIAN_POINT ( 'NONE',  ( 18.59375000000000000, -2.159593620790635438, -2.159593620790635438 ) ) ;
#713 = CARTESIAN_POINT ( 'NONE',  ( 31.37500000000000000, 1.662041016787789260, -1.662041016787788816 ) ) ;
#714 = CARTESIAN_POINT ( 'NONE',  ( 19.18750000000001066, 0.9736010864139180709, -2.350480947161660339 ) ) ;
#715 = ORIENTED_EDGE ( 'NONE', *, *, #1699, .F. ) ;
#716 = CARTESIAN_POINT ( 'NONE',  ( 24.93750000000000355, -2.350480947161660339, 0.9736010864139172938 ) ) ;
#717 = CARTESIAN_POINT ( 'NONE',  ( 17.90625000000000711, 3.054126587736535559, 0.000000000000000000 ) ) ;
#718 = CARTESIAN_POINT ( 'NONE',  ( 39.06250000000000000, -2.350480947161660339, -0.9736010864139181820 ) ) ;
#719 = VERTEX_POINT ( 'NONE', #3016 ) ;
#720 = CARTESIAN_POINT ( 'NONE',  ( 31.50000000000001421, 1.662041016787788594, 1.662041016787789482 ) ) ;
#721 = CARTESIAN_POINT ( 'NONE',  ( 30.15625000000000355, 1.265060653844736205, 3.054126587736534670 ) ) ;
#722 = CARTESIAN_POINT ( 'NONE',  ( 42.31249999999999289, 0.9736010864139180709, -2.350480947161660339 ) ) ;
#723 = CARTESIAN_POINT ( 'NONE',  ( 33.24999999999999289, -5.510910596163108291E-16, 3.000000000000010658 ) ) ;
#724 = CARTESIAN_POINT ( 'NONE',  ( 29.46875000000001421, -3.054126587736535114, -1.265060653844735761 ) ) ;
#725 = LINE ( 'NONE', #362, #895 ) ;
#726 = CARTESIAN_POINT ( 'NONE',  ( 35.68750000000000711, -1.242640687119245468, -3.000000000000054623 ) ) ;
#727 = CARTESIAN_POINT ( 'NONE',  ( 26.37500000000001066, 2.350480947161660339, 0.000000000000000000 ) ) ;
#728 = CARTESIAN_POINT ( 'NONE',  ( 19.93750000000001066, -2.350480947161660339, -0.9736010864139181820 ) ) ;
#729 = CARTESIAN_POINT ( 'NONE',  ( 37.81250000000001421, 3.000000000000010658, -1.242640687119289433 ) ) ;
#730 = LINE ( 'NONE', #2143, #1353 ) ;
#731 = CARTESIAN_POINT ( 'NONE',  ( 35.50000000000000000, 2.350480947161660339, 0.000000000000000000 ) ) ;
#732 = EDGE_CURVE ( 'NONE', #2479, #4359, #1301, .T. ) ;
#733 = ORIENTED_EDGE ( 'NONE', *, *, #4218, .F. ) ;
#734 = CARTESIAN_POINT ( 'NONE',  ( 39.43750000000001421, 2.350480947161659895, 0.9736010864139195142 ) ) ;
#735 = CARTESIAN_POINT ( 'NONE',  ( 42.46875000000000000, -3.054126587736535559, -3.740226349862376611E-16 ) ) ;
#736 = CARTESIAN_POINT ( 'NONE',  ( 36.18750000000001421, 0.9736010864139180709, -2.350480947161660339 ) ) ;
#737 = CARTESIAN_POINT ( 'NONE',  ( 32.18750000000000711, 0.9736010864139180709, -2.350480947161660339 ) ) ;
#738 = CARTESIAN_POINT ( 'NONE',  ( 28.12499999999999645, -1.662041016787788816, -1.662041016787789260 ) ) ;
#739 = DIRECTION ( 'NONE',  ( -1.000000000000000000, -0.000000000000000000, -0.000000000000000000 ) ) ;
#740 = ORIENTED_EDGE ( 'NONE', *, *, #3781, .F. ) ;
#741 = CARTESIAN_POINT ( 'NONE',  ( 38.46875000000001421, -3.054126587736535114, -1.265060653844735761 ) ) ;
#742 = DIRECTION ( 'NONE',  ( 0.000000000000000000, 0.000000000000000000, 1.000000000000000000 ) ) ;
#743 = EDGE_CURVE ( 'NONE', #4138, #3723, #788, .T. ) ;
#744 = CARTESIAN_POINT ( 'NONE',  ( 35.43750000000001421, -3.000000000000010658, -1.242640687119289877 ) ) ;
#745 = FACE_OUTER_BOUND ( 'NONE', #6307, .T. ) ;
#746 = CARTESIAN_POINT ( 'NONE',  ( 18.03125000000000000, 3.054126587736534670, 1.265060653844737759 ) ) ;
#747 = CARTESIAN_POINT ( 'NONE',  ( 32.06249999999999289, -2.350480947161660339, -0.9736010864139181820 ) ) ;
#748 = CARTESIAN_POINT ( 'NONE',  ( 37.81249999999999289, -0.9736010864139191812, 2.350480947161659895 ) ) ;
#749 = CARTESIAN_POINT ( 'NONE',  ( 20.87499999999999645, -1.662041016787789482, 1.662041016787788816 ) ) ;
#750 = VERTEX_POINT ( 'NONE', #6109 ) ;
#751 = CARTESIAN_POINT ( 'NONE',  ( 38.87500000000000000, -1.662041016787789482, 1.662041016787788816 ) ) ;
#752 = VERTEX_POINT ( 'NONE', #2101 ) ;
#753 = CARTESIAN_POINT ( 'NONE',  ( 28.75000000000001066, -1.662041016787789482, 1.662041016787788816 ) ) ;
#754 = CARTESIAN_POINT ( 'NONE',  ( 27.28125000000000000, -1.265060653844737315, 3.054126587736534670 ) ) ;
#755 = DIRECTION ( 'NONE',  ( 0.000000000000000000, 0.000000000000000000, 1.000000000000000000 ) ) ;
#756 =( BOUNDED_CURVE ( )  B_SPLINE_CURVE ( 2, ( #4411, #3365, #4938, #2513, #4510, #5995, #12, #474, #5006 ),
 .UNSPECIFIED., .F., .F. ) 
 B_SPLINE_CURVE_WITH_KNOTS ( ( 3, 2, 2, 2, 3 ),
 ( 0.1826923076923078759, 0.1875000000000001665, 0.1923076923076924849, 0.1971153846153848033, 0.2019230769230770939 ),
 .UNSPECIFIED. ) 
 CURVE ( )  GEOMETRIC_REPRESENTATION_ITEM ( )  RATIONAL_B_SPLINE_CURVE ( ( 0.9999999999999973355, 0.9238795325112894030, 1.000000000000000000, 0.9238795325112867385, 1.000000000000000000, 0.9238795325112867385, 1.000000000000000000, 0.9238795325112831858, 1.000000000000003553 ) ) 
 REPRESENTATION_ITEM ( '' )  );
#757 = ORGANIZATION ( 'UNSPECIFIED', 'UNSPECIFIED', '' ) ;
#758 = CARTESIAN_POINT ( 'NONE',  ( 27.46875000000001066, -3.054126587736535114, -1.265060653844735761 ) ) ;
#759 = CARTESIAN_POINT ( 'NONE',  ( 34.25000000000000711, -2.121320343559650379, 2.121320343559649935 ) ) ;
#760 = DIRECTION ( 'NONE',  ( 0.000000000000000000, 0.000000000000000000, 1.000000000000000000 ) ) ;
#761 = CARTESIAN_POINT ( 'NONE',  ( 25.56250000000001066, 0.9736010864139186261, 2.350480947161659895 ) ) ;
#762 = CC_DESIGN_APPROVAL ( #3952, ( #2955 ) ) ;
#763 = CARTESIAN_POINT ( 'NONE',  ( 18.81250000000001776, -2.350480947161660339, 0.9736010864139172938 ) ) ;
#764 = CARTESIAN_POINT ( 'NONE',  ( -42.61324865405185847, -0.2541494871178108794, 2.500000000000000000 ) ) ;
#765 = CARTESIAN_POINT ( 'NONE',  ( 42.38680669375848709, -2.427895567808098676, -1.543538871691737979 ) ) ;
#766 = CARTESIAN_POINT ( 'NONE',  ( 34.68749999999999289, 0.9736010864139186261, 2.350480947161659895 ) ) ;
#767 = ORIENTED_EDGE ( 'NONE', *, *, #792, .F. ) ;
#768 = CARTESIAN_POINT ( 'NONE',  ( 39.68750000000000711, -0.9736010864139191812, 2.350480947161659895 ) ) ;
#769 = CARTESIAN_POINT ( 'NONE',  ( 42.34375000000000000, -2.159593620790635882, 2.159593620790635438 ) ) ;
#770 = CARTESIAN_POINT ( 'NONE',  ( 37.06250000000002132, -0.9736010864139177379, -2.350480947161660339 ) ) ;
#771 = CARTESIAN_POINT ( 'NONE',  ( 30.18750000000001066, 0.9736010864139180709, -2.350480947161660339 ) ) ;
#772 = CARTESIAN_POINT ( 'NONE',  ( 25.68750000000000000, 0.9736010864139186261, 2.350480947161659895 ) ) ;
#773 = CARTESIAN_POINT ( 'NONE',  ( 32.74999999999999289, 1.836970198721036344E-16, -3.000000000000010658 ) ) ;
#774 = ORIENTED_EDGE ( 'NONE', *, *, #4336, .T. ) ;
#775 = CARTESIAN_POINT ( 'NONE',  ( 36.46875000000000711, -3.054126587736535114, -1.265060653844735761 ) ) ;
#776 = CARTESIAN_POINT ( 'NONE',  ( 33.31250000000000711, -3.000000000000011102, 1.242640687119288989 ) ) ;
#777 = CARTESIAN_POINT ( 'NONE',  ( 25.00000000000001066, 2.121320343559649491, 2.121320343559650379 ) ) ;
#778 = CARTESIAN_POINT ( 'NONE',  ( 42.62500000000000711, -4.317763452597548908E-16, 2.350480947161660339 ) ) ;
#779 = CARTESIAN_POINT ( 'NONE',  ( 30.43750000000000355, 2.350480947161660339, -0.9736010864139179599 ) ) ;
#780 = CARTESIAN_POINT ( 'NONE',  ( 38.99999999999999289, -2.350480947161660339, -2.878508968398366432E-16 ) ) ;
#781 = ORIENTED_EDGE ( 'NONE', *, *, #581, .F. ) ;
#782 = EDGE_CURVE ( 'NONE', #3206, #3615, #373, .T. ) ;
#783 = CARTESIAN_POINT ( 'NONE',  ( 23.74999999999999645, -4.317763452597548908E-16, 2.350480947161660339 ) ) ;
#784 = CARTESIAN_POINT ( 'NONE',  ( 34.12499999999999289, 2.121320343559649491, 2.121320343559650379 ) ) ;
#785 = CARTESIAN_POINT ( 'NONE',  ( 38.56250000000000711, 2.350480947161659895, 0.9736010864139195142 ) ) ;
#786 = VERTEX_POINT ( 'NONE', #6012 ) ;
#787 = CARTESIAN_POINT ( 'NONE',  ( 26.81250000000001066, -2.350480947161660783, 0.9736010864139172938 ) ) ;
#788 =( BOUNDED_CURVE ( )  B_SPLINE_CURVE ( 2, ( #5021, #3084, #4061, #520, #6077, #4492, #6506, #621, #3998 ),
 .UNSPECIFIED., .F., .T. ) 
 B_SPLINE_CURVE_WITH_KNOTS ( ( 3, 2, 2, 2, 3 ),
 ( 0.1250000000000002498, 0.1298076923076925404, 0.1346153846153848033, 0.1394230769230770939, 0.1442307692307694955 ),
 .UNSPECIFIED. ) 
 CURVE ( )  GEOMETRIC_REPRESENTATION_ITEM ( )  RATIONAL_B_SPLINE_CURVE ( ( 0.9999999999999960032, 0.9238795325112907353, 1.000000000000000000, 0.9238795325112867385, 1.000000000000000000, 0.9238795325112867385, 1.000000000000000000, 0.9238795325112831858, 1.000000000000003553 ) ) 
 REPRESENTATION_ITEM ( '' )  );
#789 = CARTESIAN_POINT ( 'NONE',  ( 30.34375000000000000, -2.159593620790635882, 2.159593620790635438 ) ) ;
#790 = CARTESIAN_POINT ( 'NONE',  ( 42.89951905283837874, -1.902843343920971320, 1.379836182836800207 ) ) ;
#791 = CARTESIAN_POINT ( 'NONE',  ( 37.81250000000000711, 1.242640687119311416, -2.999999999999988010 ) ) ;
#792 = EDGE_CURVE ( 'NONE', #6387, #786, #4535, .T. ) ;
#793 = CARTESIAN_POINT ( 'NONE',  ( 24.34375000000000711, -3.054126587736536447, 1.265060653844735095 ) ) ;
#794 = CARTESIAN_POINT ( 'NONE',  ( 35.56250000000000000, -3.000000000000010658, -1.242640687119289877 ) ) ;
#795 = CARTESIAN_POINT ( 'NONE',  ( 24.56250000000001066, 0.9736010864139186261, 2.350480947161659895 ) ) ;
#796 = FACE_OUTER_BOUND ( 'NONE', #5067, .T. ) ;
#797 = CARTESIAN_POINT ( 'NONE',  ( 18.99999999999999645, 3.000000000000010658, 0.000000000000000000 ) ) ;
#798 =( BOUNDED_CURVE ( )  B_SPLINE_CURVE ( 2, ( #4870, #3390, #2896, #4598, #598, #6055, #6089, #5098, #2995 ),
 .UNSPECIFIED., .F., .F. ) 
 B_SPLINE_CURVE_WITH_KNOTS ( ( 3, 2, 2, 2, 3 ),
 ( 0.2980769230769233502, 0.3028846153846156408, 0.3076923076923079314, 0.3125000000000001665, 0.3173076923076924571 ),
 .UNSPECIFIED. ) 
 CURVE ( )  GEOMETRIC_REPRESENTATION_ITEM ( )  RATIONAL_B_SPLINE_CURVE ( ( 0.9999999999999964473, 0.9238795325112902912, 1.000000000000000000, 0.9238795325112867385, 1.000000000000000000, 0.9238795325112867385, 1.000000000000000000, 0.9238795325112840739, 1.000000000000002665 ) ) 
 REPRESENTATION_ITEM ( '' )  );
#799 = CIRCLE ( 'NONE', #1003, 2.250000000000036415 ) ;
#800 = CARTESIAN_POINT ( 'NONE',  ( 35.43749999999999289, 2.350480947161660339, -0.9736010864139179599 ) ) ;
#801 = ORIENTED_EDGE ( 'NONE', *, *, #981, .T. ) ;
#802 = CARTESIAN_POINT ( 'NONE',  ( 35.21875000000000000, -5.610339524793564424E-16, 3.054126587736535559 ) ) ;
#803 = CARTESIAN_POINT ( 'NONE',  ( 39.43750000000000711, 2.350480947161659895, 0.9736010864139195142 ) ) ;
#804 = CARTESIAN_POINT ( 'NONE',  ( 28.93750000000000711, -2.350480947161660339, -0.9736010864139181820 ) ) ;
#805 = CARTESIAN_POINT ( 'NONE',  ( 26.93750000000000355, -2.350480947161660339, 0.9736010864139172938 ) ) ;
#806 = LINE ( 'NONE', #3238, #631 ) ;
#807 = CARTESIAN_POINT ( 'NONE',  ( 37.03125000000000711, 2.159593620790634994, 2.159593620790635882 ) ) ;
#808 =( BOUNDED_CURVE ( )  B_SPLINE_CURVE ( 2, ( #4986, #2493, #4489, #3405, #6503, #421, #3995, #3863, #5881 ),
 .UNSPECIFIED., .F., .T. ) 
 B_SPLINE_CURVE_WITH_KNOTS ( ( 3, 2, 2, 2, 3 ),
 ( 0.8365384615384614531, 0.8413461538461537437, 0.8461538461538460343, 0.8509615384615384359, 0.8557692307692308376 ),
 .UNSPECIFIED. ) 
 CURVE ( )  GEOMETRIC_REPRESENTATION_ITEM ( )  RATIONAL_B_SPLINE_CURVE ( ( 1.000000000000001776, 0.9238795325112849621, 1.000000000000000000, 0.9238795325112867385, 1.000000000000000000, 0.9238795325112867385, 1.000000000000000000, 0.9238795325112867385, 1.000000000000000000 ) ) 
 REPRESENTATION_ITEM ( '' )  );
#809 = CARTESIAN_POINT ( 'NONE',  ( 22.43750000000000711, -3.000000000000010658, -1.242640687119289877 ) ) ;
#810 = CARTESIAN_POINT ( 'NONE',  ( 22.50000000000000000, -3.000000000000010658, -3.673940397442072687E-16 ) ) ;
#811 = CARTESIAN_POINT ( 'NONE',  ( 41.81250000000000711, -2.350480947161660339, 0.9736010864139172938 ) ) ;
#812 = CARTESIAN_POINT ( 'NONE',  ( 28.74999999999999645, -4.317763452597548908E-16, 2.350480947161660339 ) ) ;
#813 = CARTESIAN_POINT ( 'NONE',  ( 40.87499999999999289, -1.662041016787789482, 1.662041016787788816 ) ) ;
#814 = CARTESIAN_POINT ( 'NONE',  ( 24.24999999999999645, 1.439254484199183216E-16, -2.350480947161660339 ) ) ;
#815 = CARTESIAN_POINT ( 'NONE',  ( 19.50905896210364787, 2.244968091559525813, -1.087019692472535715 ) ) ;
#816 = CARTESIAN_POINT ( 'NONE',  ( 40.62499999999999289, 1.662041016787788594, 1.662041016787789482 ) ) ;
#817 = ADVANCED_FACE ( 'NONE', ( #1609 ), #1576, .F. ) ;
#818 = CARTESIAN_POINT ( 'NONE',  ( 29.00000000000001066, -1.662041016787788816, -1.662041016787789260 ) ) ;
#819 = CARTESIAN_POINT ( 'NONE',  ( 28.59375000000000000, -2.159593620790635438, -2.159593620790635438 ) ) ;
#820 = CARTESIAN_POINT ( 'NONE',  ( 40.74999999999999289, -4.317763452597548908E-16, 2.350480947161660339 ) ) ;
#821 = CARTESIAN_POINT ( 'NONE',  ( -43.00000000000000000, 0.000000000000000000, 0.000000000000000000 ) ) ;
#822 = ORIENTED_EDGE ( 'NONE', *, *, #2582, .T. ) ;
#823 = CARTESIAN_POINT ( 'NONE',  ( 25.84375000000001066, 3.054126587736535114, -1.265060653844735317 ) ) ;
#824 = CARTESIAN_POINT ( 'NONE',  ( 34.62500000000000711, 1.836970198721036344E-16, -3.000000000000010658 ) ) ;
#825 = EDGE_CURVE ( 'NONE', #5737, #1570, #1845, .T. ) ;
#826 = CARTESIAN_POINT ( 'NONE',  ( 28.75000000000000000, 1.836970198721036344E-16, -3.000000000000010658 ) ) ;
#827 = CARTESIAN_POINT ( 'NONE',  ( 21.18750000000001066, 0.9736010864139180709, -2.350480947161660339 ) ) ;
#828 = DIRECTION ( 'NONE',  ( 0.000000000000000000, 0.000000000000000000, 1.000000000000000000 ) ) ;
#829 =( LENGTH_UNIT ( ) NAMED_UNIT ( * ) SI_UNIT ( .MILLI., .METRE. ) );
#830 = CARTESIAN_POINT ( 'NONE',  ( 19.23302414513405623, 2.264653773526227099, 1.599626145841695157 ) ) ;
#831 = CARTESIAN_POINT ( 'NONE',  ( 33.12499999999999289, -1.662041016787788816, -1.662041016787789260 ) ) ;
#832 = ORIENTED_EDGE ( 'NONE', *, *, #4105, .F. ) ;
#833 = CARTESIAN_POINT ( 'NONE',  ( 38.03125000000000000, 3.054126587736534670, 1.265060653844737759 ) ) ;
#834 =( BOUNDED_CURVE ( )  B_SPLINE_CURVE ( 2, ( #1462, #791, #3917, #1249, #6462, #4261, #5477, #4296, #443 ),
 .UNSPECIFIED., .F., .F. ) 
 B_SPLINE_CURVE_WITH_KNOTS ( ( 3, 2, 2, 2, 3 ),
 ( 0.7980769230769232392, 0.8028846153846155298, 0.8076923076923079314, 0.8125000000000002220, 0.8173076923076925127 ),
 .UNSPECIFIED. ) 
 CURVE ( )  GEOMETRIC_REPRESENTATION_ITEM ( )  RATIONAL_B_SPLINE_CURVE ( ( 0.9999999999999982236, 0.9238795325112885148, 1.000000000000000000, 0.9238795325112867385, 1.000000000000000000, 0.9238795325112867385, 1.000000000000000000, 0.9238795325112831858, 1.000000000000003553 ) ) 
 REPRESENTATION_ITEM ( '' )  );
#835 = CARTESIAN_POINT ( 'NONE',  ( 37.87500000000001421, -2.350480947161660339, -2.878508968398366432E-16 ) ) ;
#836 = CARTESIAN_POINT ( 'NONE',  ( 29.37500000000001066, 2.350480947161660339, 0.000000000000000000 ) ) ;
#837 = CARTESIAN_POINT ( 'NONE',  ( 29.37500000000000000, 1.662041016787789260, -1.662041016787788816 ) ) ;
#838 = CARTESIAN_POINT ( 'NONE',  ( 35.62500000000001421, 1.836970198721036344E-16, -3.000000000000010658 ) ) ;
#839 = ORIENTED_EDGE ( 'NONE', *, *, #2624, .T. ) ;
#840 = CARTESIAN_POINT ( 'NONE',  ( 35.71875000000000711, 1.265060653844735539, -3.054126587736535114 ) ) ;
#841 = CARTESIAN_POINT ( 'NONE',  ( 34.68749999999999289, -1.242640687119289433, -3.000000000000010658 ) ) ;
#842 = CARTESIAN_POINT ( 'NONE',  ( 41.24999999999999289, -5.510910596163108291E-16, 3.000000000000010658 ) ) ;
#843 = CARTESIAN_POINT ( 'NONE',  ( 41.12500000000000711, 1.439254484199183216E-16, -2.350480947161660339 ) ) ;
#844 = CARTESIAN_POINT ( 'NONE',  ( 39.81249999999999289, -0.9736010864139191812, 2.350480947161659895 ) ) ;
#845 = ORIENTED_EDGE ( 'NONE', *, *, #6332, .F. ) ;
#846 = CARTESIAN_POINT ( 'NONE',  ( 24.43750000000000355, 2.350480947161660339, -0.9736010864139179599 ) ) ;
#847 = CARTESIAN_POINT ( 'NONE',  ( 33.99999999999999289, 3.000000000000010658, 0.000000000000000000 ) ) ;
#848 = CARTESIAN_POINT ( 'NONE',  ( 36.75000000000000000, -4.317763452597548908E-16, 2.350480947161660339 ) ) ;
#849 = CARTESIAN_POINT ( 'NONE',  ( 29.93750000000001421, -2.350480947161660339, -0.9736010864139181820 ) ) ;
#850 = CARTESIAN_POINT ( 'NONE',  ( 25.28124999999999645, -1.265060653844737315, 3.054126587736534670 ) ) ;
#851 = CARTESIAN_POINT ( 'NONE',  ( 40.87499999999999289, -1.662041016787789482, 1.662041016787788816 ) ) ;
#852 = EDGE_LOOP ( 'NONE', ( #3078, #6422, #2371, #2112 ) ) ;
#853 = ADVANCED_FACE ( 'NONE', ( #4557 ), #5122, .T. ) ;
#854 = CARTESIAN_POINT ( 'NONE',  ( 26.78125000000000711, 2.159593620790635438, -2.159593620790635438 ) ) ;
#855 = DIRECTION ( 'NONE',  ( -1.000000000000000000, -0.000000000000000000, -0.000000000000000000 ) ) ;
#856 = CARTESIAN_POINT ( 'NONE',  ( 31.56250000000000000, -1.242640687119267451, -3.000000000000032419 ) ) ;
#857 = CARTESIAN_POINT ( 'NONE',  ( 23.25000000000001066, 1.662041016787789260, -1.662041016787788816 ) ) ;
#858 = CARTESIAN_POINT ( 'NONE',  ( 40.06249999999999289, 3.000000000000009770, 1.242640687119291654 ) ) ;
#859 = PERSON_AND_ORGANIZATION ( #5039, #757 ) ;
#860 = CYLINDRICAL_SURFACE ( 'NONE', #917, 3.000000000000010658 ) ;
#861 = EDGE_CURVE ( 'NONE', #2444, #3197, #692, .T. ) ;
#862 = CARTESIAN_POINT ( 'NONE',  ( 36.56250000000000000, 2.350480947161659895, 0.9736010864139195142 ) ) ;
#863 = AXIS2_PLACEMENT_3D ( 'NONE', #3293, #1879, #3869 ) ;
#864 = ORIENTED_EDGE ( 'NONE', *, *, #705, .F. ) ;
#865 = CARTESIAN_POINT ( 'NONE',  ( 35.90625000000000711, 3.054126587736535114, -1.265060653844735317 ) ) ;
#866 = CARTESIAN_POINT ( 'NONE',  ( 31.87500000000001421, -2.350480947161660339, -2.878508968398366432E-16 ) ) ;
#867 = CARTESIAN_POINT ( 'NONE',  ( 28.37500000000001066, 2.350480947161660339, 0.000000000000000000 ) ) ;
#868 = CARTESIAN_POINT ( 'NONE',  ( 22.43749999999999645, 2.350480947161660339, -0.9736010864139179599 ) ) ;
#869 = ORIENTED_EDGE ( 'NONE', *, *, #6250, .T. ) ;
#870 = CARTESIAN_POINT ( 'NONE',  ( 38.09375000000001421, 1.265060653844736205, 3.054126587736534670 ) ) ;
#871 =( BOUNDED_CURVE ( )  B_SPLINE_CURVE ( 2, ( #427, #5426, #2889, #2919, #2434, #2799, #1352, #6443, #2829 ),
 .UNSPECIFIED., .F., .F. ) 
 B_SPLINE_CURVE_WITH_KNOTS ( ( 3, 2, 2, 2, 3 ),
 ( 0.8942307692307692735, 0.8990384615384615641, 0.9038461538461539657, 0.9086538461538462563, 0.9134615384615385469 ),
 .UNSPECIFIED. ) 
 CURVE ( )  GEOMETRIC_REPRESENTATION_ITEM ( )  RATIONAL_B_SPLINE_CURVE ( ( 1.000000000000000000, 0.9238795325112867385, 1.000000000000000000, 0.9238795325112867385, 1.000000000000000000, 0.9238795325112867385, 1.000000000000000000, 0.9238795325112849621, 1.000000000000001776 ) ) 
 REPRESENTATION_ITEM ( '' )  );
#872 = CARTESIAN_POINT ( 'NONE',  ( 39.56250000000002132, -1.242640687119262344, -3.000000000000038192 ) ) ;
#873 = CARTESIAN_POINT ( 'NONE',  ( 42.00000000000000711, 2.121320343559649491, 2.121320343559650379 ) ) ;
#874 = CARTESIAN_POINT ( 'NONE',  ( 27.62500000000000711, 1.836970198721036344E-16, -3.000000000000010658 ) ) ;
#875 = CARTESIAN_POINT ( 'NONE',  ( 38.56250000000002842, 0.9736010864139186261, 2.350480947161659895 ) ) ;
#876 = CARTESIAN_POINT ( 'NONE',  ( 38.56250000000000711, 2.350480947161659895, 0.9736010864139195142 ) ) ;
#877 = CARTESIAN_POINT ( 'NONE',  ( 21.24999999999999645, 1.439254484199183216E-16, -2.350480947161660339 ) ) ;
#878 = CARTESIAN_POINT ( 'NONE',  ( 43.00000000000000000, 3.214697847761837575E-16, -2.250000000000036415 ) ) ;
#879 = CARTESIAN_POINT ( 'NONE',  ( 29.31250000000001066, 2.350480947161660339, -0.9736010864139179599 ) ) ;
#880 = CARTESIAN_POINT ( 'NONE',  ( 23.46875000000000000, -3.054126587736535559, -3.740226349862376611E-16 ) ) ;
#881 = CARTESIAN_POINT ( 'NONE',  ( 40.31249999999999289, 0.9736010864139180709, -2.350480947161660339 ) ) ;
#882 = ORIENTED_EDGE ( 'NONE', *, *, #1580, .F. ) ;
#883 = CARTESIAN_POINT ( 'NONE',  ( 23.78125000000000711, 2.159593620790635438, -2.159593620790635438 ) ) ;
#884 = DIRECTION ( 'NONE',  ( 0.000000000000000000, 0.4999999999999997780, 0.8660254037844387076 ) ) ;
#885 = CARTESIAN_POINT ( 'NONE',  ( 38.68750000000001421, -0.9736010864139191812, 2.350480947161659895 ) ) ;
#886 = CARTESIAN_POINT ( 'NONE',  ( 23.18750000000001066, 0.9736010864139180709, -2.350480947161660339 ) ) ;
#887 = CARTESIAN_POINT ( 'NONE',  ( 27.18749999999999645, 1.242640687119257237, 3.000000000000043077 ) ) ;
#888 = CARTESIAN_POINT ( 'NONE',  ( 38.25000000000001421, -2.121320343559650379, 2.121320343559649935 ) ) ;
#889 = CARTESIAN_POINT ( 'NONE',  ( 26.31249999999999645, 0.9736010864139180709, -2.350480947161660339 ) ) ;
#890 = ORIENTED_EDGE ( 'NONE', *, *, #2469, .F. ) ;
#891 = CARTESIAN_POINT ( 'NONE',  ( 36.15624999999999289, 1.265060653844736205, 3.054126587736534670 ) ) ;
#892 = EDGE_CURVE ( 'NONE', #3723, #752, #4295, .T. ) ;
#893 = CARTESIAN_POINT ( 'NONE',  ( 33.87500000000000711, -2.350480947161660339, -2.878508968398366432E-16 ) ) ;
#894 = CARTESIAN_POINT ( 'NONE',  ( 27.37500000000001066, 2.350480947161660339, 0.000000000000000000 ) ) ;
#895 = VECTOR ( 'NONE', #855, 1000.000000000000000 ) ;
#896 = CARTESIAN_POINT ( 'NONE',  ( 25.31249999999999645, 0.9736010864139180709, -2.350480947161660339 ) ) ;
#897 = CARTESIAN_POINT ( 'NONE',  ( 20.68750000000001066, 1.242640687119311416, -2.999999999999988010 ) ) ;
#898 = ORIENTED_EDGE ( 'NONE', *, *, #622, .T. ) ;
#899 = EDGE_LOOP ( 'NONE', ( #4220, #6163, #3598, #5145 ) ) ;
#900 = CARTESIAN_POINT ( 'NONE',  ( 34.03125000000000711, 2.159593620790634994, 2.159593620790635882 ) ) ;
#901 = EDGE_LOOP ( 'NONE', ( #3214, #1425, #461, #307 ) ) ;
#902 = CARTESIAN_POINT ( 'NONE',  ( 39.25000000000001421, -2.121320343559650379, 2.121320343559649935 ) ) ;
#903 = CARTESIAN_POINT ( 'NONE',  ( 19.32667744353993911, -1.695426913759117804, -2.074748805593392031 ) ) ;
#904 = EDGE_CURVE ( 'NONE', #1754, #5737, #4248, .T. ) ;
#905 = CARTESIAN_POINT ( 'NONE',  ( 31.25000000000000000, -5.510910596163108291E-16, 3.000000000000010658 ) ) ;
#906 = CARTESIAN_POINT ( 'NONE',  ( 40.12500000000000711, 1.439254484199183216E-16, -2.350480947161660339 ) ) ;
#907 = CARTESIAN_POINT ( 'NONE',  ( 37.50000000000000000, 2.350480947161660339, 0.000000000000000000 ) ) ;
#908 = APPROVAL ( #2466, 'UNSPECIFIED' ) ;
#909 = CARTESIAN_POINT ( 'NONE',  ( 43.46875000000000711, -3.054126587736535114, -1.265060653844735761 ) ) ;
#910 = CARTESIAN_POINT ( 'NONE',  ( -43.00000000000000000, 0.000000000000000000, 0.000000000000000000 ) ) ;
#911 = CARTESIAN_POINT ( 'NONE',  ( 26.06250000000001066, -0.9736010864139177379, -2.350480947161660339 ) ) ;
#912 = CARTESIAN_POINT ( 'NONE',  ( 25.90624999999999645, 3.054126587736535114, -1.265060653844735317 ) ) ;
#913 = CARTESIAN_POINT ( 'NONE',  ( 39.62499999999999289, 1.662041016787788594, 1.662041016787789482 ) ) ;
#914 = EDGE_LOOP ( 'NONE', ( #6075, #1814, #967, #5428 ) ) ;
#915 = CARTESIAN_POINT ( 'NONE',  ( 24.03125000000000711, 2.159593620790634994, 2.159593620790635882 ) ) ;
#916 = CARTESIAN_POINT ( 'NONE',  ( 18.99999999999999645, 3.000000000000010658, 0.000000000000000000 ) ) ;
#917 = AXIS2_PLACEMENT_3D ( 'NONE', #4396, #3812, #2861 ) ;
#918 = CARTESIAN_POINT ( 'NONE',  ( 37.12500000000001421, 1.439254484199183216E-16, -2.350480947161660339 ) ) ;
#919 = CARTESIAN_POINT ( 'NONE',  ( 22.00000000000001066, 2.121320343559649491, 2.121320343559650379 ) ) ;
#920 = CARTESIAN_POINT ( 'NONE',  ( 20.75000000000001066, -1.662041016787789482, 1.662041016787788816 ) ) ;
#921 = CARTESIAN_POINT ( 'NONE',  ( 39.81249999999999289, 1.242640687119289655, -3.000000000000010658 ) ) ;
#922 = PERSON_AND_ORGANIZATION ( #5039, #757 ) ;
#923 = CARTESIAN_POINT ( 'NONE',  ( 38.18750000000001421, -1.242640687119356935, 2.999999999999943601 ) ) ;
#924 = ORIENTED_EDGE ( 'NONE', *, *, #4866, .F. ) ;
#925 = CARTESIAN_POINT ( 'NONE',  ( 27.18750000000000000, -0.9736010864139177379, -2.350480947161660339 ) ) ;
#926 = EDGE_LOOP ( 'NONE', ( #5451, #3373, #4949, #985 ) ) ;
#927 = CARTESIAN_POINT ( 'NONE',  ( 31.21875000000000000, -5.610339524793564424E-16, 3.054126587736535559 ) ) ;
#928 = CARTESIAN_POINT ( 'NONE',  ( 32.68750000000001421, -0.9736010864139191812, 2.350480947161659895 ) ) ;
#929 = CARTESIAN_POINT ( 'NONE',  ( 26.31250000000001066, 2.350480947161660339, -0.9736010864139179599 ) ) ;
#930 = CARTESIAN_POINT ( 'NONE',  ( 24.81249999999999645, -0.9736010864139191812, 2.350480947161659895 ) ) ;
#931 = VERTEX_POINT ( 'NONE', #3253 ) ;
#932 = CARTESIAN_POINT ( 'NONE',  ( 31.40625000000001066, -3.054126587736535559, -3.740226349862376611E-16 ) ) ;
#933 = ORIENTED_EDGE ( 'NONE', *, *, #4425, .F. ) ;
#934 = VERTEX_POINT ( 'NONE', #230 ) ;
#935 = CARTESIAN_POINT ( 'NONE',  ( -43.00000000000000000, 0.000000000000000000, 0.000000000000000000 ) ) ;
#936 = CARTESIAN_POINT ( 'NONE',  ( 34.62499999999999289, -2.121320343559649935, -2.121320343559649935 ) ) ;
#937 = CARTESIAN_POINT ( 'NONE',  ( 31.56249999999999289, -3.000000000000010658, -1.242640687119289877 ) ) ;
#938 = CARTESIAN_POINT ( 'NONE',  ( 40.18750000000000711, 0.9736010864139180709, -2.350480947161660339 ) ) ;
#939 = CARTESIAN_POINT ( 'NONE',  ( 33.99999999999999289, -2.350480947161660339, -2.878508968398366432E-16 ) ) ;
#940 = CARTESIAN_POINT ( 'NONE',  ( 33.06249999999999289, 3.000000000000009770, 1.242640687119291654 ) ) ;
#941 = EDGE_CURVE ( 'NONE', #3615, #3206, #1418, .T. ) ;
#942 = CARTESIAN_POINT ( 'NONE',  ( 20.62499999999999645, 1.662041016787788594, 1.662041016787789482 ) ) ;
#943 = CARTESIAN_POINT ( 'NONE',  ( 36.93750000000001421, 3.000000000000009770, 1.242640687119291654 ) ) ;
#944 = CARTESIAN_POINT ( 'NONE',  ( 26.31250000000001066, 2.350480947161660339, -0.9736010864139179599 ) ) ;
#945 = CARTESIAN_POINT ( 'NONE',  ( 23.59375000000000000, -2.159593620790635438, -2.159593620790635438 ) ) ;
#946 = CARTESIAN_POINT ( 'NONE',  ( 39.99999999999999289, -2.350480947161660339, -2.878508968398366432E-16 ) ) ;
#947 = ORIENTED_EDGE ( 'NONE', *, *, #4875, .F. ) ;
#948 = CARTESIAN_POINT ( 'NONE',  ( 28.81249999999999645, -0.9736010864139191812, 2.350480947161659895 ) ) ;
#949 = CARTESIAN_POINT ( 'NONE',  ( 21.84375000000001066, 3.054126587736535114, -1.265060653844735317 ) ) ;
#950 = CYLINDRICAL_SURFACE ( 'NONE', #1951, 3.000000000000010658 ) ;
#951 = CARTESIAN_POINT ( 'NONE',  ( 35.56250000000001421, 0.9736010864139186261, 2.350480947161659895 ) ) ;
#952 = CARTESIAN_POINT ( 'NONE',  ( -42.62364870297388109, 2.035492285753669250, -1.474423942660134212 ) ) ;
#953 = CARTESIAN_POINT ( 'NONE',  ( 19.75000000000001066, -1.662041016787789482, 1.662041016787788816 ) ) ;
#954 = CARTESIAN_POINT ( 'NONE',  ( 28.43750000000000711, -3.000000000000010658, -1.242640687119289877 ) ) ;
#955 = DIRECTION ( 'NONE',  ( 0.000000000000000000, 0.000000000000000000, 1.000000000000000000 ) ) ;
#956 = CARTESIAN_POINT ( 'NONE',  ( 43.00000000000000000, 0.000000000000000000, 2.250000000000036415 ) ) ;
#957 = CARTESIAN_POINT ( 'NONE',  ( 26.49999999999999645, 2.350480947161660339, 0.000000000000000000 ) ) ;
#958 = VERTEX_POINT ( 'NONE', #4721 ) ;
#959 = CARTESIAN_POINT ( 'NONE',  ( 32.40625000000000000, -3.054126587736536447, 1.265060653844735095 ) ) ;
#960 = CARTESIAN_POINT ( 'NONE',  ( 32.56250000000000711, 0.9736010864139186261, 2.350480947161659895 ) ) ;
#961 = CARTESIAN_POINT ( 'NONE',  ( 24.93750000000001066, -2.350480947161660339, -0.9736010864139181820 ) ) ;
#962 = CARTESIAN_POINT ( 'NONE',  ( 25.56249999999999289, 2.350480947161659895, 0.9736010864139195142 ) ) ;
#963 = CARTESIAN_POINT ( 'NONE',  ( 42.25000000000002132, 0.000000000000000000, 0.000000000000000000 ) ) ;
#964 = CARTESIAN_POINT ( 'NONE',  ( 33.78125000000000711, 2.159593620790635438, -2.159593620790635438 ) ) ;
#965 =( BOUNDED_CURVE ( )  B_SPLINE_CURVE ( 2, ( #6362, #3242, #777, #5839, #5741, #316, #1861, #1769, #4743 ),
 .UNSPECIFIED., .F., .F. ) 
 B_SPLINE_CURVE_WITH_KNOTS ( ( 3, 2, 2, 2, 3 ),
 ( 0.7211538461538460343, 0.7259615384615383249, 0.7307692307692306155, 0.7355769230769230171, 0.7403846153846153078 ),
 .UNSPECIFIED. ) 
 CURVE ( )  GEOMETRIC_REPRESENTATION_ITEM ( )  RATIONAL_B_SPLINE_CURVE ( ( 1.000000000000001776, 0.9238795325112849621, 1.000000000000000000, 0.9238795325112867385, 1.000000000000000000, 0.9238795325112867385, 1.000000000000000000, 0.9238795325112885148, 0.9999999999999982236 ) ) 
 REPRESENTATION_ITEM ( '' )  );
#966 = AXIS2_PLACEMENT_3D ( 'NONE', #5543, #4602, #6157 ) ;
#967 = ORIENTED_EDGE ( 'NONE', *, *, #5289, .T. ) ;
#968 = CARTESIAN_POINT ( 'NONE',  ( 36.62500000000000000, -2.121320343559649935, -2.121320343559649935 ) ) ;
#969 = CARTESIAN_POINT ( 'NONE',  ( -42.49999999999999289, 0.000000000000000000, 5.000000000000004441 ) ) ;
#970 = DIRECTION ( 'NONE',  ( 0.000000000000000000, 0.000000000000000000, 1.000000000000000000 ) ) ;
#971 = CARTESIAN_POINT ( 'NONE',  ( 37.93750000000001421, -2.350480947161660339, -0.9736010864139181820 ) ) ;
#972 = AXIS2_PLACEMENT_3D ( 'NONE', #4643, #5177, #3727 ) ;
#973 = CARTESIAN_POINT ( 'NONE',  ( 35.75000000000000000, -4.317763452597548908E-16, 2.350480947161660339 ) ) ;
#974 = B_SPLINE_CURVE_WITH_KNOTS ( 'NONE', 3,
 ( #170, #5727, #5131, #1189, #2629, #697, #4695, #205, #2211, #2175 ),
 .UNSPECIFIED., .F., .F.,
 ( 4, 2, 2, 2, 4 ),
 ( 0.001707081431606617900, 0.002455046862690256262, 0.003203012293773894840, 0.003950977724857532986, 0.004698943155941171131 ),
 .UNSPECIFIED. ) ;
#975 = CARTESIAN_POINT ( 'NONE',  ( 18.74999999999999645, -4.317763452597548908E-16, 2.350480947161660339 ) ) ;
#976 = DIRECTION ( 'NONE',  ( -1.000000000000000000, -0.000000000000000000, -0.000000000000000000 ) ) ;
#977 = LINE ( 'NONE', #1010, #4213 ) ;
#978 = CARTESIAN_POINT ( 'NONE',  ( 23.06250000000001066, -0.9736010864139177379, -2.350480947161660339 ) ) ;
#979 = CARTESIAN_POINT ( 'NONE',  ( 23.84375000000000000, 2.159593620790635438, -2.159593620790635438 ) ) ;
#980 = CARTESIAN_POINT ( 'NONE',  ( 34.24999999999999289, 1.439254484199183216E-16, -2.350480947161660339 ) ) ;
#981 = EDGE_CURVE ( 'NONE', #4120, #2801, #5795, .T. ) ;
#982 = CARTESIAN_POINT ( 'NONE',  ( 29.31249999999999645, 0.9736010864139180709, -2.350480947161660339 ) ) ;
#983 = CARTESIAN_POINT ( 'NONE',  ( 21.53125000000000711, -2.159593620790635438, -2.159593620790635438 ) ) ;
#984 = DIRECTION ( 'NONE',  ( -0.000000000000000000, -1.000000000000000000, -0.000000000000000000 ) ) ;
#985 = ORIENTED_EDGE ( 'NONE', *, *, #5247, .F. ) ;
#986 = CARTESIAN_POINT ( 'NONE',  ( 37.81250000000001421, -2.350480947161660783, 0.9736010864139172938 ) ) ;
#987 = CARTESIAN_POINT ( 'NONE',  ( 31.12500000000000711, -5.510910596163109277E-16, 3.000000000000010658 ) ) ;
#988 = CARTESIAN_POINT ( 'NONE',  ( 17.56250000000001421, 0.9736010864139186261, 2.350480947161659895 ) ) ;
#989 = CARTESIAN_POINT ( 'NONE',  ( 42.88388942470222531, -1.675144648160496796, 1.681593008404448586 ) ) ;
#990 = DATE_TIME_ROLE ( 'creation_date' ) ;
#991 = CARTESIAN_POINT ( 'NONE',  ( 42.74862787876339354, 1.314618659397218448, 2.134806637537965290 ) ) ;
#992 = CARTESIAN_POINT ( 'NONE',  ( 26.87499999999999645, -1.662041016787789482, 1.662041016787788816 ) ) ;
#993 = CARTESIAN_POINT ( 'NONE',  ( 32.06249999999999289, 3.000000000000009770, 1.242640687119291654 ) ) ;
#994 = CARTESIAN_POINT ( 'NONE',  ( 32.15625000000000000, 1.265060653844736205, 3.054126587736534670 ) ) ;
#995 = CARTESIAN_POINT ( 'NONE',  ( 32.62500000000000711, -4.317763452597548908E-16, 2.350480947161660339 ) ) ;
#996 = CARTESIAN_POINT ( 'NONE',  ( 23.87500000000001066, -2.350480947161660339, -2.878508968398366432E-16 ) ) ;
#997 = CARTESIAN_POINT ( 'NONE',  ( 25.12499999999999645, -1.662041016787788816, -1.662041016787789260 ) ) ;
#998 = CARTESIAN_POINT ( 'NONE',  ( 32.18750000000001421, -1.242640687119368259, 2.999999999999932943 ) ) ;
#999 = ORIENTED_EDGE ( 'NONE', *, *, #1375, .T. ) ;
#1000 = ORIENTED_EDGE ( 'NONE', *, *, #4708, .F. ) ;
#1001 = DIRECTION ( 'NONE',  ( -0.000000000000000000, 0.5000000000000004441, 0.8660254037844382635 ) ) ;
#1002 = PLANE ( 'NONE',  #3693 ) ;
#1003 = AXIS2_PLACEMENT_3D ( 'NONE', #2824, #2725, #5789 ) ;
#1004 = LINE ( 'NONE', #4876, #4101 ) ;
#1005 = CARTESIAN_POINT ( 'NONE',  ( 35.37500000000000711, 2.350480947161660339, 0.000000000000000000 ) ) ;
#1006 = CARTESIAN_POINT ( 'NONE',  ( 36.75000000000000000, -4.317763452597548908E-16, 2.350480947161660339 ) ) ;
#1007 = DIRECTION ( 'NONE',  ( 0.000000000000000000, 0.000000000000000000, 1.000000000000000000 ) ) ;
#1008 = CARTESIAN_POINT ( 'NONE',  ( 19.81249999999999645, -0.9736010864139191812, 2.350480947161659895 ) ) ;
#1009 = CARTESIAN_POINT ( 'NONE',  ( 30.25000000000000000, -5.510910596163108291E-16, 3.000000000000010658 ) ) ;
#1010 = CARTESIAN_POINT ( 'NONE',  ( -43.00000000000000000, 3.673940397442072687E-16, -3.000000000000010658 ) ) ;
#1011 = CARTESIAN_POINT ( 'NONE',  ( 23.81250000000001066, -2.350480947161660783, 0.9736010864139172938 ) ) ;
#1012 = CARTESIAN_POINT ( 'NONE',  ( 22.40625000000000000, -3.054126587736536447, 1.265060653844735095 ) ) ;
#1013 = CARTESIAN_POINT ( 'NONE',  ( 36.87500000000000000, -1.662041016787789482, 1.662041016787788816 ) ) ;
#1014 = VERTEX_POINT ( 'NONE', #6278 ) ;
#1015 = CARTESIAN_POINT ( 'NONE',  ( 31.68749999999999289, 0.9736010864139186261, 2.350480947161659895 ) ) ;
#1016 = CARTESIAN_POINT ( 'NONE',  ( 21.28125000000000711, -2.159593620790635882, 2.159593620790635438 ) ) ;
#1017 = CARTESIAN_POINT ( 'NONE',  ( -38.50000000000000000, 1.443375672974064772, -2.499999999999996891 ) ) ;
#1018 = ORIENTED_EDGE ( 'NONE', *, *, #4830, .T. ) ;
#1019 = CARTESIAN_POINT ( 'NONE',  ( 38.00000000000001421, -1.662041016787788816, -1.662041016787789260 ) ) ;
#1020 = CARTESIAN_POINT ( 'NONE',  ( 32.37499999999999289, -2.121320343559650379, 2.121320343559649935 ) ) ;
#1021 = CARTESIAN_POINT ( 'NONE',  ( 19.25000000000001066, 1.662041016787789260, -1.662041016787788816 ) ) ;
#1022 = FACE_OUTER_BOUND ( 'NONE', #1447, .T. ) ;
#1023 = CARTESIAN_POINT ( 'NONE',  ( 19.45739523672445870, 0.8893425369827567817, 2.388460136034194381 ) ) ;
#1024 = ADVANCED_FACE ( 'NONE', ( #1779 ), #1813, .T. ) ;
#1025 = CARTESIAN_POINT ( 'NONE',  ( 25.12499999999999645, -1.662041016787788816, -1.662041016787789260 ) ) ;
#1026 = CARTESIAN_POINT ( 'NONE',  ( 22.81250000000001066, 3.000000000000010658, -1.242640687119289433 ) ) ;
#1027 = CARTESIAN_POINT ( 'NONE',  ( 33.34375000000000000, -2.159593620790635882, 2.159593620790635438 ) ) ;
#1028 = CARTESIAN_POINT ( 'NONE',  ( 28.25000000000001066, 1.662041016787789260, -1.662041016787788816 ) ) ;
#1029 = CARTESIAN_POINT ( 'NONE',  ( 22.37500000000001066, 2.350480947161660339, 0.000000000000000000 ) ) ;
#1030 = CARTESIAN_POINT ( 'NONE',  ( 21.24999999999999645, 1.439254484199183216E-16, -2.350480947161660339 ) ) ;
#1031 = CARTESIAN_POINT ( 'NONE',  ( 26.68750000000000355, -1.242640687119245468, -3.000000000000054623 ) ) ;
#1032 = VERTEX_POINT ( 'NONE', #5786 ) ;
#1033 = CARTESIAN_POINT ( 'NONE',  ( 25.31249999999999645, -1.242640687119324294, 2.999999999999976907 ) ) ;
#1034 = CARTESIAN_POINT ( 'NONE',  ( 23.50000000000000000, -3.000000000000010658, -3.673940397442072687E-16 ) ) ;
#1035 = CARTESIAN_POINT ( 'NONE',  ( 40.56250000000002132, 0.9736010864139186261, 2.350480947161659895 ) ) ;
#1036 = CARTESIAN_POINT ( 'NONE',  ( 36.43750000000001421, 2.350480947161659895, 0.9736010864139195142 ) ) ;
#1037 = CARTESIAN_POINT ( 'NONE',  ( 35.56250000000000000, 2.350480947161659895, 0.9736010864139195142 ) ) ;
#1038 = CARTESIAN_POINT ( 'NONE',  ( 27.62500000000000711, 1.836970198721036344E-16, -3.000000000000010658 ) ) ;
#1039 = CARTESIAN_POINT ( 'NONE',  ( 18.56249999999999645, 2.350480947161659895, 0.9736010864139195142 ) ) ;
#1040 = DIRECTION ( 'NONE',  ( 0.000000000000000000, 0.000000000000000000, 1.000000000000000000 ) ) ;
#1041 = DIRECTION ( 'NONE',  ( -1.000000000000000000, -0.000000000000000000, -0.000000000000000000 ) ) ;
#1042 = CARTESIAN_POINT ( 'NONE',  ( 25.81250000000001066, -2.350480947161660783, 0.9736010864139172938 ) ) ;
#1043 = CARTESIAN_POINT ( 'NONE',  ( 21.03125000000000000, 3.054126587736534670, 1.265060653844737759 ) ) ;
#1044 = CARTESIAN_POINT ( 'NONE',  ( 35.68750000000000000, 0.9736010864139186261, 2.350480947161659895 ) ) ;
#1045 = VECTOR ( 'NONE', #2151, 1000.000000000000000 ) ;
#1046 =( BOUNDED_CURVE ( )  B_SPLINE_CURVE ( 2, ( #1115, #231, #2237, #3707, #2653, #1711, #6110, #3740, #5089 ),
 .UNSPECIFIED., .F., .F. ) 
 B_SPLINE_CURVE_WITH_KNOTS ( ( 3, 2, 2, 2, 3 ),
 ( 0.9326923076923077094, 0.9375000000000000000, 0.9423076923076922906, 0.9471153846153846922, 0.9519230769230769829 ),
 .UNSPECIFIED. ) 
 CURVE ( )  GEOMETRIC_REPRESENTATION_ITEM ( )  RATIONAL_B_SPLINE_CURVE ( ( 1.000000000000000000, 0.9238795325112867385, 1.000000000000000000, 0.9238795325112867385, 1.000000000000000000, 0.9238795325112867385, 1.000000000000000000, 0.9238795325112849621, 1.000000000000001776 ) ) 
 REPRESENTATION_ITEM ( '' )  );
#1047 = CARTESIAN_POINT ( 'NONE',  ( 29.12499999999999645, -1.662041016787788816, -1.662041016787789260 ) ) ;
#1048 = CARTESIAN_POINT ( 'NONE',  ( 21.71875000000000711, 1.265060653844735539, -3.054126587736535114 ) ) ;
#1049 = FACE_OUTER_BOUND ( 'NONE', #6230, .T. ) ;
#1050 = ORIENTED_EDGE ( 'NONE', *, *, #861, .F. ) ;
#1051 = CARTESIAN_POINT ( 'NONE',  ( 35.37500000000000711, 2.350480947161660339, 0.000000000000000000 ) ) ;
#1052 = DIRECTION ( 'NONE',  ( 0.000000000000000000, -0.5000000000000004441, -0.8660254037844382635 ) ) ;
#1053 = CARTESIAN_POINT ( 'NONE',  ( 18.81250000000001776, -2.350480947161660339, 0.9736010864139172938 ) ) ;
#1054 = CYLINDRICAL_SURFACE ( 'NONE', #1184, 3.000000000000010658 ) ;
#1055 = LINE ( 'NONE', #5090, #1283 ) ;
#1056 = CARTESIAN_POINT ( 'NONE',  ( 22.68749999999999645, 0.9736010864139186261, 2.350480947161659895 ) ) ;
#1057 = CARTESIAN_POINT ( 'NONE',  ( 34.74999999999999289, 1.836970198721036344E-16, -3.000000000000010658 ) ) ;
#1058 = CARTESIAN_POINT ( 'NONE',  ( 27.62500000000001066, -4.317763452597548908E-16, 2.350480947161660339 ) ) ;
#1059 = CARTESIAN_POINT ( 'NONE',  ( 23.25000000000001066, 1.662041016787789260, -1.662041016787788816 ) ) ;
#1060 = CARTESIAN_POINT ( 'NONE',  ( 19.99999999999999645, -2.350480947161660339, -2.878508968398366432E-16 ) ) ;
#1061 = ADVANCED_FACE ( 'NONE', ( #5259 ), #3706, .T. ) ;
#1062 = ORIENTED_EDGE ( 'NONE', *, *, #6332, .T. ) ;
#1063 = CARTESIAN_POINT ( 'NONE',  ( 42.87500000000000711, -2.350480947161660339, -2.878508968398366432E-16 ) ) ;
#1064 = DIRECTION ( 'NONE',  ( -1.000000000000000000, -0.000000000000000000, -0.000000000000000000 ) ) ;
#1065 = CARTESIAN_POINT ( 'NONE',  ( 41.06250000000002132, -0.9736010864139177379, -2.350480947161660339 ) ) ;
#1066 = CARTESIAN_POINT ( 'NONE',  ( 34.43750000000000711, 2.350480947161659895, 0.9736010864139195142 ) ) ;
#1067 = CARTESIAN_POINT ( 'NONE',  ( 30.43750000000000355, 2.350480947161660339, -0.9736010864139179599 ) ) ;
#1068 = FACE_OUTER_BOUND ( 'NONE', #5374, .T. ) ;
#1069 = EDGE_LOOP ( 'NONE', ( #3903, #1635, #4791, #5618 ) ) ;
#1070 = AXIS2_PLACEMENT_3D ( 'NONE', #238, #4763, #2694 ) ;
#1071 = CARTESIAN_POINT ( 'NONE',  ( 40.71875000000000711, 1.265060653844735539, -3.054126587736535114 ) ) ;
#1072 = CARTESIAN_POINT ( 'NONE',  ( 37.06250000000001421, 1.242640687119224596, 3.000000000000075495 ) ) ;
#1073 = CARTESIAN_POINT ( 'NONE',  ( -43.00000000000000000, 3.673940397442072687E-16, -3.000000000000010658 ) ) ;
#1074 = DIRECTION ( 'NONE',  ( 0.000000000000000000, 0.000000000000000000, 1.000000000000000000 ) ) ;
#1075 = CARTESIAN_POINT ( 'NONE',  ( 19.71875000000000000, 1.870113174931188306E-16, -3.054126587736535559 ) ) ;
#1076 = CARTESIAN_POINT ( 'NONE',  ( 33.37499999999999289, 1.662041016787789260, -1.662041016787788816 ) ) ;
#1077 = CARTESIAN_POINT ( 'NONE',  ( 30.12500000000000000, -1.662041016787788816, -1.662041016787789260 ) ) ;
#1078 = CARTESIAN_POINT ( 'NONE',  ( 20.21875000000000711, -1.265060653844737315, 3.054126587736534670 ) ) ;
#1079 = CARTESIAN_POINT ( 'NONE',  ( 41.87499999999999289, -1.662041016787789482, 1.662041016787788816 ) ) ;
#1080 = ORIENTED_EDGE ( 'NONE', *, *, #50, .T. ) ;
#1081 =( BOUNDED_CURVE ( )  B_SPLINE_CURVE ( 2, ( #1999, #115, #2090 ),
 .UNSPECIFIED., .F., .T. ) 
 B_SPLINE_CURVE_WITH_KNOTS ( ( 3, 3 ),
 ( 0.9519230769230768718, 0.9567307692307690514 ),
 .UNSPECIFIED. ) 
 CURVE ( )  GEOMETRIC_REPRESENTATION_ITEM ( )  RATIONAL_B_SPLINE_CURVE ( ( 1.000000000000000000, 0.9238795325112902912, 0.9999999999999964473 ) ) 
 REPRESENTATION_ITEM ( '' )  );
#1082 = CARTESIAN_POINT ( 'NONE',  ( 32.75000000000000711, -1.662041016787789482, 1.662041016787788816 ) ) ;
#1083 = CARTESIAN_POINT ( 'NONE',  ( -43.00000000000000000, 0.000000000000000000, 0.000000000000000000 ) ) ;
#1084 = CARTESIAN_POINT ( 'NONE',  ( 42.77702650852940991, 0.6787827627338387515, 2.384051570112380336 ) ) ;
#1085 = CARTESIAN_POINT ( 'NONE',  ( 34.96875000000000711, 3.054126587736534670, 1.265060653844737759 ) ) ;
#1086 = CARTESIAN_POINT ( 'NONE',  ( 23.37499999999999645, 1.662041016787789260, -1.662041016787788816 ) ) ;
#1087 = CYLINDRICAL_SURFACE ( 'NONE', #6355, 3.000000000000010658 ) ;
#1088 = CARTESIAN_POINT ( 'NONE',  ( 29.00000000000001066, -1.662041016787788816, -1.662041016787789260 ) ) ;
#1089 = CARTESIAN_POINT ( 'NONE',  ( 23.75000000000001066, -1.662041016787789482, 1.662041016787788816 ) ) ;
#1090 = CARTESIAN_POINT ( 'NONE',  ( 21.56249999999999289, 2.350480947161659895, 0.9736010864139195142 ) ) ;
#1091 = CARTESIAN_POINT ( 'NONE',  ( 26.75000000000000000, 1.836970198721036344E-16, -3.000000000000010658 ) ) ;
#1092 = ADVANCED_FACE ( 'NONE', ( #5684 ), #272, .F. ) ;
#1093 = ORIENTED_EDGE ( 'NONE', *, *, #6126, .F. ) ;
#1094 = CARTESIAN_POINT ( 'NONE',  ( -43.00000000000000000, -2.886751345948128211, 1.040834085586084257E-14 ) ) ;
#1095 = DIRECTION ( 'NONE',  ( 0.000000000000000000, 0.000000000000000000, 1.000000000000000000 ) ) ;
#1096 = CARTESIAN_POINT ( 'NONE',  ( 42.18750000000000711, 0.9736010864139180709, -2.350480947161660339 ) ) ;
#1097 = CARTESIAN_POINT ( 'NONE',  ( 36.62500000000001421, -4.317763452597548908E-16, 2.350480947161660339 ) ) ;
#1098 = CARTESIAN_POINT ( 'NONE',  ( 32.56249999999999289, 2.350480947161659895, 0.9736010864139195142 ) ) ;
#1099 = DIRECTION ( 'NONE',  ( 0.000000000000000000, 0.000000000000000000, 1.000000000000000000 ) ) ;
#1100 = CARTESIAN_POINT ( 'NONE',  ( 40.96875000000000711, 3.054126587736534670, 1.265060653844737759 ) ) ;
#1101 = FACE_OUTER_BOUND ( 'NONE', #2696, .T. ) ;
#1102 = EDGE_CURVE ( 'NONE', #931, #5815, #4405, .T. ) ;
#1103 = CARTESIAN_POINT ( 'NONE',  ( 23.62500000000000711, 1.836970198721036344E-16, -3.000000000000010658 ) ) ;
#1104 = CARTESIAN_POINT ( 'NONE',  ( 22.43750000000001066, 2.350480947161659895, 0.9736010864139195142 ) ) ;
#1105 = CARTESIAN_POINT ( 'NONE',  ( 22.96875000000000000, 3.054126587736535559, 0.000000000000000000 ) ) ;
#1106 = CARTESIAN_POINT ( 'NONE',  ( 33.24999999999999289, 1.439254484199183216E-16, -2.350480947161660339 ) ) ;
#1107 = EDGE_LOOP ( 'NONE', ( #3688, #3284, #4387, #1487 ) ) ;
#1108 = AXIS2_PLACEMENT_3D ( 'NONE', #5911, #5454, #6009 ) ;
#1109 = CARTESIAN_POINT ( 'NONE',  ( 28.49999999999999645, 2.350480947161660339, 0.000000000000000000 ) ) ;
#1110 = CARTESIAN_POINT ( 'NONE',  ( 41.93750000000000711, 3.000000000000010658, -1.242640687119289433 ) ) ;
#1111 = CARTESIAN_POINT ( 'NONE',  ( 43.37500000000000000, 1.662041016787789260, -1.662041016787788816 ) ) ;
#1112 = VERTEX_POINT ( 'NONE', #3773 ) ;
#1113 = CARTESIAN_POINT ( 'NONE',  ( 32.18750000000000711, 0.9736010864139180709, -2.350480947161660339 ) ) ;
#1114 = CARTESIAN_POINT ( 'NONE',  ( 32.24999999999999289, -5.510910596163108291E-16, 3.000000000000010658 ) ) ;
#1115 = CARTESIAN_POINT ( 'NONE',  ( 41.24999999999999289, -5.510910596163108291E-16, 3.000000000000010658 ) ) ;
#1116 = FACE_OUTER_BOUND ( 'NONE', #1706, .T. ) ;
#1117 = CARTESIAN_POINT ( 'NONE',  ( 31.34375000000000355, -3.054126587736536447, 1.265060653844735095 ) ) ;
#1118 = CARTESIAN_POINT ( 'NONE',  ( 22.43749999999999645, 2.350480947161660339, -0.9736010864139179599 ) ) ;
#1119 = CARTESIAN_POINT ( 'NONE',  ( -43.00000000000000000, 0.000000000000000000, 0.000000000000000000 ) ) ;
#1120 = CARTESIAN_POINT ( 'NONE',  ( 29.37500000000001066, 2.350480947161660339, 0.000000000000000000 ) ) ;
#1121 = CARTESIAN_POINT ( 'NONE',  ( 21.43750000000000711, 2.350480947161659895, 0.9736010864139195142 ) ) ;
#1122 = CARTESIAN_POINT ( 'NONE',  ( 21.06249999999999645, -2.350480947161660339, -0.9736010864139181820 ) ) ;
#1123 = CARTESIAN_POINT ( 'NONE',  ( 32.43750000000000711, -3.000000000000010658, -1.242640687119289877 ) ) ;
#1124 = ORIENTED_EDGE ( 'NONE', *, *, #2460, .T. ) ;
#1125 = LINE ( 'NONE', #5100, #20 ) ;
#1126 = CARTESIAN_POINT ( 'NONE',  ( 41.21875000000000000, -5.610339524793564424E-16, 3.054126587736535559 ) ) ;
#1127 = CARTESIAN_POINT ( 'NONE',  ( 40.62500000000000711, -4.317763452597548908E-16, 2.350480947161660339 ) ) ;
#1128 = CARTESIAN_POINT ( 'NONE',  ( 32.93750000000000711, -2.350480947161660339, -0.9736010864139181820 ) ) ;
#1129 = CARTESIAN_POINT ( 'NONE',  ( 31.37500000000000000, 1.662041016787789260, -1.662041016787788816 ) ) ;
#1130 = PLANE ( 'NONE',  #2923 ) ;
#1131 = EDGE_CURVE ( 'NONE', #5256, #1670, #2794, .T. ) ;
#1132 = CARTESIAN_POINT ( 'NONE',  ( 41.71875000000000711, 1.265060653844735539, -3.054126587736535114 ) ) ;
#1133 = CARTESIAN_POINT ( 'NONE',  ( 19.64951905283834677, -4.317763452597548908E-16, 2.350480947161660339 ) ) ;
#1134 = CARTESIAN_POINT ( 'NONE',  ( 22.62500000000000711, 1.836970198721036344E-16, -3.000000000000010658 ) ) ;
#1135 = CARTESIAN_POINT ( 'NONE',  ( 22.37500000000001066, 2.350480947161660339, 0.000000000000000000 ) ) ;
#1136 = CARTESIAN_POINT ( 'NONE',  ( 20.96875000000000000, 3.054126587736535559, 0.000000000000000000 ) ) ;
#1137 = CARTESIAN_POINT ( 'NONE',  ( 31.75000000000000000, -4.317763452597548908E-16, 2.350480947161660339 ) ) ;
#1138 = ORIENTED_EDGE ( 'NONE', *, *, #2507, .F. ) ;
#1139 = ADVANCED_FACE ( 'NONE', ( #5756 ), #4264, .T. ) ;
#1140 = CARTESIAN_POINT ( 'NONE',  ( 26.31249999999999645, 0.9736010864139180709, -2.350480947161660339 ) ) ;
#1141 = CARTESIAN_POINT ( 'NONE',  ( 20.12500000000000711, -5.510910596163109277E-16, 3.000000000000010658 ) ) ;
#1142 = CARTESIAN_POINT ( 'NONE',  ( 42.24999999999999289, 1.439254484199183216E-16, -2.350480947161660339 ) ) ;
#1143 = ORIENTED_EDGE ( 'NONE', *, *, #1832, .T. ) ;
#1144 = CARTESIAN_POINT ( 'NONE',  ( 33.00000000000000711, -1.662041016787788816, -1.662041016787789260 ) ) ;
#1145 = CARTESIAN_POINT ( 'NONE',  ( 33.21875000000000000, -5.610339524793564424E-16, 3.054126587736535559 ) ) ;
#1146 = DIRECTION ( 'NONE',  ( 0.000000000000000000, 0.000000000000000000, 1.000000000000000000 ) ) ;
#1147 = CARTESIAN_POINT ( 'NONE',  ( 33.43750000000000000, -3.000000000000011102, 1.242640687119288989 ) ) ;
#1148 = DIRECTION ( 'NONE',  ( -1.000000000000000000, -0.000000000000000000, -0.000000000000000000 ) ) ;
#1149 = VECTOR ( 'NONE', #145, 1000.000000000000000 ) ;
#1150 = CARTESIAN_POINT ( 'NONE',  ( 29.40625000000000711, -3.054126587736535559, -3.740226349862376611E-16 ) ) ;
#1151 = CARTESIAN_POINT ( 'NONE',  ( 20.68749999999999289, 0.9736010864139186261, 2.350480947161659895 ) ) ;
#1152 = DIRECTION ( 'NONE',  ( 0.000000000000000000, 0.000000000000000000, -1.000000000000000000 ) ) ;
#1153 = CARTESIAN_POINT ( 'NONE',  ( 31.12500000000001066, 1.439254484199183216E-16, -2.350480947161660339 ) ) ;
#1154 = CARTESIAN_POINT ( 'NONE',  ( 20.50000000000001066, 1.662041016787788594, 1.662041016787789482 ) ) ;
#1155 = CARTESIAN_POINT ( 'NONE',  ( 20.81249999999999645, -0.9736010864139191812, 2.350480947161659895 ) ) ;
#1156 = CARTESIAN_POINT ( 'NONE',  ( 42.42099861242793679, -1.730556101598118124, -2.242395092962571113 ) ) ;
#1157 = ORIENTED_EDGE ( 'NONE', *, *, #3536, .F. ) ;
#1158 = CARTESIAN_POINT ( 'NONE',  ( 40.31250000000000711, 2.350480947161660339, -0.9736010864139179599 ) ) ;
#1159 = CARTESIAN_POINT ( 'NONE',  ( 39.90624999999999289, 3.054126587736535114, -1.265060653844735317 ) ) ;
#1160 = CARTESIAN_POINT ( 'NONE',  ( 41.56250000000001421, 0.9736010864139186261, 2.350480947161659895 ) ) ;
#1161 = CARTESIAN_POINT ( 'NONE',  ( 32.31250000000000711, 2.350480947161660339, -0.9736010864139179599 ) ) ;
#1162 = CARTESIAN_POINT ( 'NONE',  ( 30.62499999999999645, 1.662041016787788594, 1.662041016787789482 ) ) ;
#1163 = CARTESIAN_POINT ( 'NONE',  ( 41.24999999999999289, -5.510910596163108291E-16, 3.000000000000010658 ) ) ;
#1164 = CARTESIAN_POINT ( 'NONE',  ( 41.15625000000000711, -5.610339524793564424E-16, 3.054126587736535559 ) ) ;
#1165 = CARTESIAN_POINT ( 'NONE',  ( -43.00000000000000000, 0.000000000000000000, 0.000000000000000000 ) ) ;
#1166 = CARTESIAN_POINT ( 'NONE',  ( 22.25000000000001066, 1.662041016787789260, -1.662041016787788816 ) ) ;
#1167 = CARTESIAN_POINT ( 'NONE',  ( 43.25000000000001421, 1.662041016787789260, -1.662041016787788816 ) ) ;
#1168 = CARTESIAN_POINT ( 'NONE',  ( 32.68749999999999289, 0.9736010864139186261, 2.350480947161659895 ) ) ;
#1169 = CARTESIAN_POINT ( 'NONE',  ( 18.50000000000001066, 1.662041016787788594, 1.662041016787789482 ) ) ;
#1170 = ORIENTED_EDGE ( 'NONE', *, *, #4381, .F. ) ;
#1171 = CARTESIAN_POINT ( 'NONE',  ( 26.99999999999999645, -2.350480947161660339, -2.878508968398366432E-16 ) ) ;
#1172 = CARTESIAN_POINT ( 'NONE',  ( 18.84375000000000711, 3.054126587736535114, -1.265060653844735317 ) ) ;
#1173 = CARTESIAN_POINT ( 'NONE',  ( 43.00000000000000000, -2.350480947161660339, -2.878508968398366432E-16 ) ) ;
#1174 = ORIENTED_EDGE ( 'NONE', *, *, #5436, .F. ) ;
#1175 = EDGE_CURVE ( 'NONE', #5849, #4822, #725, .T. ) ;
#1176 = CARTESIAN_POINT ( 'NONE',  ( 31.56250000000000711, 0.9736010864139186261, 2.350480947161659895 ) ) ;
#1177 = CARTESIAN_POINT ( 'NONE',  ( 28.21875000000000000, -5.610339524793564424E-16, 3.054126587736535559 ) ) ;
#1178 = CARTESIAN_POINT ( 'NONE',  ( 42.37499999999999289, 1.662041016787789260, -1.662041016787788816 ) ) ;
#1179 = CARTESIAN_POINT ( 'NONE',  ( -43.00000000000000000, 0.000000000000000000, 0.000000000000000000 ) ) ;
#1180 = CIRCLE ( 'NONE', #2122, 5.000000000000004441 ) ;
#1181 = CARTESIAN_POINT ( 'NONE',  ( 27.93750000000000000, 3.000000000000010658, -1.242640687119289433 ) ) ;
#1182 = CARTESIAN_POINT ( 'NONE',  ( 30.90625000000000711, 3.054126587736535559, 0.000000000000000000 ) ) ;
#1183 = CARTESIAN_POINT ( 'NONE',  ( 21.50000000000000000, 2.350480947161660339, 0.000000000000000000 ) ) ;
#1184 = AXIS2_PLACEMENT_3D ( 'NONE', #34, #4527, #457 ) ;
#1185 = EDGE_CURVE ( 'NONE', #1902, #5256, #799, .T. ) ;
#1186 = CARTESIAN_POINT ( 'NONE',  ( -43.00000000000000000, 5.000000000000006217, 0.000000000000000000 ) ) ;
#1187 = CARTESIAN_POINT ( 'NONE',  ( 26.75000000000001066, -1.662041016787789482, 1.662041016787788816 ) ) ;
#1188 = CARTESIAN_POINT ( 'NONE',  ( 20.31250000000001421, 2.350480947161660339, -0.9736010864139179599 ) ) ;
#1189 = CARTESIAN_POINT ( 'NONE',  ( -42.65260324525986135, -0.5017917787655062911, -2.499999999999996891 ) ) ;
#1190 = VERTEX_POINT ( 'NONE', #4824 ) ;
#1191 = AXIS2_PLACEMENT_3D ( 'NONE', #5396, #4431, #5304 ) ;
#1192 = ORIENTED_EDGE ( 'NONE', *, *, #501, .F. ) ;
#1193 = CARTESIAN_POINT ( 'NONE',  ( 42.43750000000000711, 2.350480947161659895, 0.9736010864139195142 ) ) ;
#1194 = CARTESIAN_POINT ( 'NONE',  ( 40.65624999999999289, -1.265060653844735317, -3.054126587736535114 ) ) ;
#1195 = CARTESIAN_POINT ( 'NONE',  ( 35.50000000000001421, 1.662041016787788594, 1.662041016787789482 ) ) ;
#1196 = CARTESIAN_POINT ( 'NONE',  ( 31.00000000000001066, -1.662041016787788816, -1.662041016787789260 ) ) ;
#1197 = CARTESIAN_POINT ( 'NONE',  ( 31.31249999999999289, 0.9736010864139180709, -2.350480947161660339 ) ) ;
#1198 = DIRECTION ( 'NONE',  ( 0.000000000000000000, 0.000000000000000000, -1.000000000000000000 ) ) ;
#1199 = VERTEX_POINT ( 'NONE', #2271 ) ;
#1200 = CARTESIAN_POINT ( 'NONE',  ( 40.90625000000000711, 3.054126587736535559, 0.000000000000000000 ) ) ;
#1201 = CARTESIAN_POINT ( 'NONE',  ( 29.81250000000000711, 3.000000000000010658, -1.242640687119289433 ) ) ;
#1202 = DIRECTION ( 'NONE',  ( -0.7071067811865463515, 0.000000000000000000, 0.7071067811865487940 ) ) ;
#1203 = LINE ( 'NONE', #350, #1912 ) ;
#1204 = CARTESIAN_POINT ( 'NONE',  ( 18.28125000000000000, -1.265060653844737315, 3.054126587736534670 ) ) ;
#1205 = CARTESIAN_POINT ( 'NONE',  ( 30.12500000000000000, -1.662041016787788816, -1.662041016787789260 ) ) ;
#1206 = CARTESIAN_POINT ( 'NONE',  ( 42.37499999999999289, 1.662041016787789260, -1.662041016787788816 ) ) ;
#1207 = ORIENTED_EDGE ( 'NONE', *, *, #3821, .T. ) ;
#1208 = CARTESIAN_POINT ( 'NONE',  ( 25.06250000000000000, -2.350480947161660339, -0.9736010864139181820 ) ) ;
#1209 = CARTESIAN_POINT ( 'NONE',  ( 19.93750000000001066, 3.000000000000009770, 1.242640687119291654 ) ) ;
#1210 = CARTESIAN_POINT ( 'NONE',  ( 38.00000000000000000, -2.350480947161660339, -2.878508968398366432E-16 ) ) ;
#1211 = ORIENTED_EDGE ( 'NONE', *, *, #4416, .T. ) ;
#1212 = CARTESIAN_POINT ( 'NONE',  ( 32.87500000000000711, -2.350480947161660339, -2.878508968398366432E-16 ) ) ;
#1213 = CARTESIAN_POINT ( 'NONE',  ( 28.40625000000000355, -3.054126587736536447, 1.265060653844735095 ) ) ;
#1214 = CARTESIAN_POINT ( 'NONE',  ( 41.18749999999999289, -0.9736010864139177379, -2.350480947161660339 ) ) ;
#1215 = AXIS2_PLACEMENT_3D ( 'NONE', #2429, #3439, #3963 ) ;
#1216 = CARTESIAN_POINT ( 'NONE',  ( 28.25000000000000000, -5.510910596163108291E-16, 3.000000000000010658 ) ) ;
#1217 = EDGE_CURVE ( 'NONE', #2233, #684, #4793, .T. ) ;
#1218 = CARTESIAN_POINT ( 'NONE',  ( 29.09375000000000711, 1.265060653844736205, 3.054126587736534670 ) ) ;
#1219 = CARTESIAN_POINT ( 'NONE',  ( 34.37500000000000000, -3.000000000000010658, -3.673940397442072687E-16 ) ) ;
#1220 = CARTESIAN_POINT ( 'NONE',  ( 36.87500000000000000, 2.121320343559649935, -2.121320343559649935 ) ) ;
#1221 = CARTESIAN_POINT ( 'NONE',  ( 24.62500000000001066, -4.317763452597548908E-16, 2.350480947161660339 ) ) ;
#1222 = CARTESIAN_POINT ( 'NONE',  ( 19.81250000000001776, -2.350480947161660339, 0.9736010864139172938 ) ) ;
#1223 = DIRECTION ( 'NONE',  ( -1.000000000000000000, -0.000000000000000000, -0.000000000000000000 ) ) ;
#1224 = CARTESIAN_POINT ( 'NONE',  ( -43.00000000000000000, 3.673940397442072687E-16, -3.000000000000010658 ) ) ;
#1225 = EDGE_CURVE ( 'NONE', #5715, #2094, #1285, .T. ) ;
#1226 = VERTEX_POINT ( 'NONE', #4724 ) ;
#1227 = CARTESIAN_POINT ( 'NONE',  ( 42.18750000000000711, 0.9736010864139180709, -2.350480947161660339 ) ) ;
#1228 = CARTESIAN_POINT ( 'NONE',  ( 42.78125000000000711, 1.265060653844735539, -3.054126587736535114 ) ) ;
#1229 = CARTESIAN_POINT ( 'NONE',  ( 36.37500000000001421, 2.350480947161660339, 0.000000000000000000 ) ) ;
#1230 = CARTESIAN_POINT ( 'NONE',  ( 32.12500000000001421, 1.439254484199183216E-16, -2.350480947161660339 ) ) ;
#1231 = CARTESIAN_POINT ( 'NONE',  ( 28.43750000000000000, 2.350480947161660339, -0.9736010864139179599 ) ) ;
#1232 = CARTESIAN_POINT ( 'NONE',  ( -43.00000000000000000, 0.000000000000000000, 0.000000000000000000 ) ) ;
#1233 = ORIENTED_EDGE ( 'NONE', *, *, #4464, .F. ) ;
#1234 = CARTESIAN_POINT ( 'NONE',  ( 36.84375000000002132, 3.054126587736535114, -1.265060653844735317 ) ) ;
#1235 = CARTESIAN_POINT ( 'NONE',  ( -43.00000000000000000, 0.000000000000000000, 0.000000000000000000 ) ) ;
#1236 = CARTESIAN_POINT ( 'NONE',  ( 35.31250000000000711, -3.000000000000011102, 1.242640687119288989 ) ) ;
#1237 = CARTESIAN_POINT ( 'NONE',  ( -43.00000000000000000, 0.000000000000000000, 0.000000000000000000 ) ) ;
#1238 = CARTESIAN_POINT ( 'NONE',  ( 17.40625000000000000, -3.054126587736536447, 1.265060653844735095 ) ) ;
#1239 = CARTESIAN_POINT ( 'NONE',  ( 29.31250000000000000, 0.9736010864139180709, -2.350480947161660339 ) ) ;
#1240 = CARTESIAN_POINT ( 'NONE',  ( 39.18750000000000000, -0.9736010864139177379, -2.350480947161660339 ) ) ;
#1241 = CIRCLE ( 'NONE', #4561, 4.500000000000003553 ) ;
#1242 = CARTESIAN_POINT ( 'NONE',  ( 25.37500000000000000, 1.662041016787789260, -1.662041016787788816 ) ) ;
#1243 = CARTESIAN_POINT ( 'NONE',  ( 19.81250000000001776, 3.000000000000010658, -1.242640687119289433 ) ) ;
#1244 = CARTESIAN_POINT ( 'NONE',  ( 37.68750000000000000, 0.9736010864139186261, 2.350480947161659895 ) ) ;
#1245 = EDGE_LOOP ( 'NONE', ( #2996, #3623 ) ) ;
#1246 = CARTESIAN_POINT ( 'NONE',  ( 30.43750000000001421, 2.350480947161659895, 0.9736010864139195142 ) ) ;
#1247 = CARTESIAN_POINT ( 'NONE',  ( 30.59375000000000000, -2.159593620790635438, -2.159593620790635438 ) ) ;
#1248 = CARTESIAN_POINT ( 'NONE',  ( -37.00000000000000711, 0.000000000000000000, 0.000000000000000000 ) ) ;
#1249 = CARTESIAN_POINT ( 'NONE',  ( 37.93749999999999289, 3.000000000000010658, -1.242640687119289433 ) ) ;
#1250 = CARTESIAN_POINT ( 'NONE',  ( 30.59375000000001066, -1.265060653844735317, -3.054126587736535114 ) ) ;
#1251 = CARTESIAN_POINT ( 'NONE',  ( -43.00000000000000000, 3.673940397442072687E-16, -3.000000000000010658 ) ) ;
#1252 = CARTESIAN_POINT ( 'NONE',  ( 37.06250000000000000, 3.000000000000009770, 1.242640687119291654 ) ) ;
#1253 = CARTESIAN_POINT ( 'NONE',  ( 23.81250000000001421, -2.350480947161660339, 0.9736010864139172938 ) ) ;
#1254 = CARTESIAN_POINT ( 'NONE',  ( 21.50000000000000711, 1.662041016787788594, 1.662041016787789482 ) ) ;
#1255 = CARTESIAN_POINT ( 'NONE',  ( 42.25000000000000711, -2.121320343559650379, 2.121320343559649935 ) ) ;
#1256 = CARTESIAN_POINT ( 'NONE',  ( 42.35625491144067212, -2.800913333081908707, -0.7796225963627800848 ) ) ;
#1257 =( BOUNDED_CURVE ( )  B_SPLINE_CURVE ( 2, ( #1656, #3785, #4279, #1765, #5803, #1299, #3655, #4208, #4773 ),
 .UNSPECIFIED., .F., .F. ) 
 B_SPLINE_CURVE_WITH_KNOTS ( ( 3, 2, 2, 2, 3 ),
 ( 0.3365384615384612865, 0.3413461538461535771, 0.3461538461538459233, 0.3509615384615382139, 0.3557692307692305600 ),
 .UNSPECIFIED. ) 
 CURVE ( )  GEOMETRIC_REPRESENTATION_ITEM ( )  RATIONAL_B_SPLINE_CURVE ( ( 1.000000000000004441, 0.9238795325112822976, 1.000000000000000000, 0.9238795325112867385, 1.000000000000000000, 0.9238795325112867385, 1.000000000000000000, 0.9238795325112902912, 0.9999999999999964473 ) ) 
 REPRESENTATION_ITEM ( '' )  );
#1258 = CARTESIAN_POINT ( 'NONE',  ( 34.81250000000000000, -0.9736010864139191812, 2.350480947161659895 ) ) ;
#1259 = ORIENTED_EDGE ( 'NONE', *, *, #5999, .T. ) ;
#1260 = CARTESIAN_POINT ( 'NONE',  ( 41.00000000000000711, -1.662041016787788816, -1.662041016787789260 ) ) ;
#1261 = CARTESIAN_POINT ( 'NONE',  ( 40.84375000000000000, 2.159593620790635438, -2.159593620790635438 ) ) ;
#1262 = EDGE_CURVE ( 'NONE', #5165, #617, #6215, .T. ) ;
#1263 = CARTESIAN_POINT ( 'NONE',  ( 38.62500000000001421, -4.317763452597548908E-16, 2.350480947161660339 ) ) ;
#1264 = CARTESIAN_POINT ( 'NONE',  ( 32.75000000000000711, -1.662041016787789482, 1.662041016787788816 ) ) ;
#1265 = CARTESIAN_POINT ( 'NONE',  ( 26.99999999999999645, -2.350480947161660339, -2.878508968398366432E-16 ) ) ;
#1266 = CARTESIAN_POINT ( 'NONE',  ( 24.37500000000000711, -3.000000000000010658, -3.673940397442072687E-16 ) ) ;
#1267 = CARTESIAN_POINT ( 'NONE',  ( 37.65625000000000711, 1.870113174931188306E-16, -3.054126587736535559 ) ) ;
#1268 = DIRECTION ( 'NONE',  ( 1.000000000000000000, 0.000000000000000000, 0.000000000000000000 ) ) ;
#1269 = FACE_OUTER_BOUND ( 'NONE', #899, .T. ) ;
#1270 = EDGE_CURVE ( 'NONE', #6265, #1014, #5082, .T. ) ;
#1271 = CARTESIAN_POINT ( 'NONE',  ( 22.37499999999999645, -2.121320343559650379, 2.121320343559649935 ) ) ;
#1272 = CARTESIAN_POINT ( 'NONE',  ( 42.87500000000000711, -2.350480947161660339, -2.878508968398366432E-16 ) ) ;
#1273 = CARTESIAN_POINT ( 'NONE',  ( 31.24999999999999645, 1.439254484199183216E-16, -2.350480947161660339 ) ) ;
#1274 = CARTESIAN_POINT ( 'NONE',  ( 40.81249999999999289, -0.9736010864139191812, 2.350480947161659895 ) ) ;
#1275 = CARTESIAN_POINT ( 'NONE',  ( 24.37499999999999645, 1.662041016787789260, -1.662041016787788816 ) ) ;
#1276 = DIRECTION ( 'NONE',  ( 0.000000000000000000, 0.5000000000000000000, -0.8660254037844385966 ) ) ;
#1277 = CARTESIAN_POINT ( 'NONE',  ( 37.81249999999999289, -0.9736010864139191812, 2.350480947161659895 ) ) ;
#1278 = ORIENTED_EDGE ( 'NONE', *, *, #413, .F. ) ;
#1279 = CARTESIAN_POINT ( 'NONE',  ( 28.93750000000001066, -2.350480947161660339, -0.9736010864139181820 ) ) ;
#1280 = CARTESIAN_POINT ( 'NONE',  ( 30.78124999999999645, 1.265060653844735539, -3.054126587736535114 ) ) ;
#1281 = CARTESIAN_POINT ( 'NONE',  ( 42.62499999999999289, 1.662041016787788594, 1.662041016787789482 ) ) ;
#1282 = DIRECTION ( 'NONE',  ( -1.000000000000000000, -0.000000000000000000, -0.000000000000000000 ) ) ;
#1283 = VECTOR ( 'NONE', #2467, 1000.000000000000000 ) ;
#1284 = CARTESIAN_POINT ( 'NONE',  ( 30.46875000000001421, -3.054126587736535114, -1.265060653844735761 ) ) ;
#1285 = LINE ( 'NONE', #5852, #473 ) ;
#1286 = CARTESIAN_POINT ( 'NONE',  ( -43.00000000000000000, 0.000000000000000000, 0.000000000000000000 ) ) ;
#1287 = VECTOR ( 'NONE', #333, 1000.000000000000000 ) ;
#1288 = CARTESIAN_POINT ( 'NONE',  ( 24.43750000000001066, 2.350480947161659895, 0.9736010864139195142 ) ) ;
#1289 = CARTESIAN_POINT ( 'NONE',  ( 26.87499999999999645, 2.121320343559649935, -2.121320343559649935 ) ) ;
#1290 = CARTESIAN_POINT ( 'NONE',  ( 42.25000000000002132, 3.673940397442072687E-16, -3.000000000000010658 ) ) ;
#1291 = CARTESIAN_POINT ( 'NONE',  ( 36.25000000000000000, -5.510910596163108291E-16, 3.000000000000010658 ) ) ;
#1292 = CARTESIAN_POINT ( 'NONE',  ( 34.43749999999999289, 2.350480947161660339, -0.9736010864139179599 ) ) ;
#1293 = ORIENTED_EDGE ( 'NONE', *, *, #2423, .T. ) ;
#1294 = CARTESIAN_POINT ( 'NONE',  ( 38.78125000000001421, 1.265060653844735539, -3.054126587736535114 ) ) ;
#1295 =( BOUNDED_CURVE ( )  B_SPLINE_CURVE ( 2, ( #1369, #3766, #6337, #4881, #4783, #5382, #3338, #384, #2389 ),
 .UNSPECIFIED., .F., .T. ) 
 B_SPLINE_CURVE_WITH_KNOTS ( ( 3, 2, 2, 2, 3 ),
 ( 0.7019230769230768718, 0.7067307692307692735, 0.7115384615384614531, 0.7163461538461537437, 0.7211538461538460343 ),
 .UNSPECIFIED. ) 
 CURVE ( )  GEOMETRIC_REPRESENTATION_ITEM ( )  RATIONAL_B_SPLINE_CURVE ( ( 1.000000000000000000, 0.9238795325112867385, 1.000000000000000000, 0.9238795325112867385, 1.000000000000000000, 0.9238795325112867385, 1.000000000000000000, 0.9238795325112885148, 0.9999999999999982236 ) ) 
 REPRESENTATION_ITEM ( '' )  );
#1296 = CARTESIAN_POINT ( 'NONE',  ( 37.50000000000001421, 1.662041016787788594, 1.662041016787789482 ) ) ;
#1297 = CARTESIAN_POINT ( 'NONE',  ( 28.12500000000001066, 1.439254484199183216E-16, -2.350480947161660339 ) ) ;
#1298 = CARTESIAN_POINT ( 'NONE',  ( 29.06249999999999645, -2.350480947161660339, -0.9736010864139181820 ) ) ;
#1299 = CARTESIAN_POINT ( 'NONE',  ( 34.81250000000000711, 3.000000000000010658, -1.242640687119289433 ) ) ;
#1300 = ORIENTED_EDGE ( 'NONE', *, *, #1747, .T. ) ;
#1301 =( BOUNDED_CURVE ( )  B_SPLINE_CURVE ( 2, ( #1114, #2619, #1020, #2008, #653, #3540, #3639, #4127, #1546 ),
 .UNSPECIFIED., .F., .F. ) 
 B_SPLINE_CURVE_WITH_KNOTS ( ( 3, 2, 2, 2, 3 ),
 ( 0.5865384615384615641, 0.5913461538461538547, 0.5961538461538461453, 0.6009615384615384359, 0.6057692307692308376 ),
 .UNSPECIFIED. ) 
 CURVE ( )  GEOMETRIC_REPRESENTATION_ITEM ( )  RATIONAL_B_SPLINE_CURVE ( ( 1.000000000000000000, 0.9238795325112867385, 1.000000000000000000, 0.9238795325112867385, 1.000000000000000000, 0.9238795325112867385, 1.000000000000000000, 0.9238795325112867385, 1.000000000000000000 ) ) 
 REPRESENTATION_ITEM ( '' )  );
#1302 = EDGE_CURVE ( 'NONE', #2199, #222, #5762, .T. ) ;
#1303 = CARTESIAN_POINT ( 'NONE',  ( 38.96875000000000711, 3.054126587736534670, 1.265060653844737759 ) ) ;
#1304 = CARTESIAN_POINT ( 'NONE',  ( 22.31250000000000355, -1.242640687119335174, 2.999999999999965361 ) ) ;
#1305 = CARTESIAN_POINT ( 'NONE',  ( 42.50000000000000711, 1.662041016787788594, 1.662041016787789482 ) ) ;
#1306 = CARTESIAN_POINT ( 'NONE',  ( 28.49999999999999645, 2.350480947161660339, 0.000000000000000000 ) ) ;
#1307 = CARTESIAN_POINT ( 'NONE',  ( 40.74999999999999289, -4.317763452597548908E-16, 2.350480947161660339 ) ) ;
#1308 = EDGE_CURVE ( 'NONE', #3636, #1199, #5042, .T. ) ;
#1309 = CARTESIAN_POINT ( 'NONE',  ( 20.68749999999999645, 0.9736010864139186261, 2.350480947161659895 ) ) ;
#1310 = CARTESIAN_POINT ( 'NONE',  ( 33.87499999999999289, 2.121320343559649935, -2.121320343559649935 ) ) ;
#1311 = CARTESIAN_POINT ( 'NONE',  ( 38.81249999999999289, -0.9736010864139191812, 2.350480947161659895 ) ) ;
#1312 = CARTESIAN_POINT ( 'NONE',  ( 28.68750000000001066, -0.9736010864139191812, 2.350480947161659895 ) ) ;
#1313 = CARTESIAN_POINT ( 'NONE',  ( 29.09375000000000000, 2.159593620790634994, 2.159593620790635882 ) ) ;
#1314 = CARTESIAN_POINT ( 'NONE',  ( 31.00000000000000711, 2.121320343559649491, 2.121320343559650379 ) ) ;
#1315 = ORIENTED_EDGE ( 'NONE', *, *, #1623, .F. ) ;
#1316 = CARTESIAN_POINT ( 'NONE',  ( 27.03125000000000711, 2.159593620790634994, 2.159593620790635882 ) ) ;
#1317 = CARTESIAN_POINT ( 'NONE',  ( -43.00000000000000000, 0.000000000000000000, 0.000000000000000000 ) ) ;
#1318 = VECTOR ( 'NONE', #4759, 999.9999999999998863 ) ;
#1319 = CARTESIAN_POINT ( 'NONE',  ( 40.50000000000000711, -2.121320343559649935, -2.121320343559649935 ) ) ;
#1320 = CARTESIAN_POINT ( 'NONE',  ( 21.56250000000001066, 0.9736010864139186261, 2.350480947161659895 ) ) ;
#1321 = CARTESIAN_POINT ( 'NONE',  ( 40.12499999999999289, 2.121320343559649491, 2.121320343559650379 ) ) ;
#1322 = CYLINDRICAL_SURFACE ( 'NONE', #3169, 3.000000000000010658 ) ;
#1323 = CARTESIAN_POINT ( 'NONE',  ( 33.31249999999999289, 0.9736010864139180709, -2.350480947161660339 ) ) ;
#1324 = EDGE_LOOP ( 'NONE', ( #3135, #3454 ) ) ;
#1325 = ORIENTED_EDGE ( 'NONE', *, *, #5031, .F. ) ;
#1326 = CARTESIAN_POINT ( 'NONE',  ( 36.21875000000000000, -5.610339524793564424E-16, 3.054126587736535559 ) ) ;
#1327 = CARTESIAN_POINT ( 'NONE',  ( 35.93750000000000711, -2.350480947161660339, -0.9736010864139181820 ) ) ;
#1328 = CARTESIAN_POINT ( 'NONE',  ( 28.31250000000001066, 2.350480947161660339, -0.9736010864139179599 ) ) ;
#1329 = CARTESIAN_POINT ( 'NONE',  ( 28.31250000000000000, 0.9736010864139180709, -2.350480947161660339 ) ) ;
#1330 = CARTESIAN_POINT ( 'NONE',  ( 29.25000000000000000, -5.510910596163108291E-16, 3.000000000000010658 ) ) ;
#1331 = ORIENTED_EDGE ( 'NONE', *, *, #58, .F. ) ;
#1332 = CARTESIAN_POINT ( 'NONE',  ( 38.40625000000000711, -3.054126587736535559, -3.740226349862376611E-16 ) ) ;
#1333 = CARTESIAN_POINT ( 'NONE',  ( 41.68750000000001421, 1.242640687119325404, -2.999999999999975131 ) ) ;
#1334 = CARTESIAN_POINT ( 'NONE',  ( 36.25000000000000000, -5.510910596163108291E-16, 3.000000000000010658 ) ) ;
#1335 = CARTESIAN_POINT ( 'NONE',  ( 38.93750000000001421, -2.350480947161660339, -0.9736010864139181820 ) ) ;
#1336 = EDGE_CURVE ( 'NONE', #684, #4257, #593, .T. ) ;
#1337 = CARTESIAN_POINT ( 'NONE',  ( 41.18749999999999289, -0.9736010864139177379, -2.350480947161660339 ) ) ;
#1338 = CARTESIAN_POINT ( 'NONE',  ( 22.12499999999999645, -1.662041016787788816, -1.662041016787789260 ) ) ;
#1339 = CARTESIAN_POINT ( 'NONE',  ( 33.81249999999998579, 1.242640687119311416, -2.999999999999988010 ) ) ;
#1340 = CARTESIAN_POINT ( 'NONE',  ( 37.18750000000000000, -0.9736010864139177379, -2.350480947161660339 ) ) ;
#1341 = CARTESIAN_POINT ( 'NONE',  ( 30.00000000000001421, -1.662041016787788816, -1.662041016787789260 ) ) ;
#1342 = CARTESIAN_POINT ( 'NONE',  ( 25.65625000000000000, -1.265060653844735317, -3.054126587736535114 ) ) ;
#1343 = CARTESIAN_POINT ( 'NONE',  ( 38.99999999999999289, -2.350480947161660339, -2.878508968398366432E-16 ) ) ;
#1344 = ADVANCED_FACE ( 'NONE', ( #6373 ), #6402, .T. ) ;
#1345 = ORIENTED_EDGE ( 'NONE', *, *, #8, .F. ) ;
#1346 = CARTESIAN_POINT ( 'NONE',  ( 23.65625000000000711, 1.870113174931188306E-16, -3.054126587736535559 ) ) ;
#1347 = DIRECTION ( 'NONE',  ( 0.7071067811865474617, 0.000000000000000000, -0.7071067811865474617 ) ) ;
#1348 = CARTESIAN_POINT ( 'NONE',  ( -42.68858849909669573, 1.850631940122055230, -1.794611453598833783 ) ) ;
#1349 = CARTESIAN_POINT ( 'NONE',  ( 22.87500000000001066, -2.350480947161660339, -2.878508968398366432E-16 ) ) ;
#1350 = CYLINDRICAL_SURFACE ( 'NONE', #3895, 3.000000000000010658 ) ;
#1351 = DATE_AND_TIME ( #4395, #2123 ) ;
#1352 = CARTESIAN_POINT ( 'NONE',  ( 40.62499999999999289, -2.121320343559649935, -2.121320343559649935 ) ) ;
#1353 = VECTOR ( 'NONE', #6152, 1000.000000000000114 ) ;
#1354 = CARTESIAN_POINT ( 'NONE',  ( 32.93749999999999289, -2.350480947161660339, 0.9736010864139172938 ) ) ;
#1355 = ORIENTED_EDGE ( 'NONE', *, *, #1308, .F. ) ;
#1356 = CARTESIAN_POINT ( 'NONE',  ( 38.90625000000000000, 3.054126587736535114, -1.265060653844735317 ) ) ;
#1357 = CARTESIAN_POINT ( 'NONE',  ( 34.12500000000000711, 1.439254484199183216E-16, -2.350480947161660339 ) ) ;
#1358 = CARTESIAN_POINT ( 'NONE',  ( 25.62500000000000711, -4.317763452597548908E-16, 2.350480947161660339 ) ) ;
#1359 = CARTESIAN_POINT ( 'NONE',  ( 25.87499999999999645, -1.662041016787789482, 1.662041016787788816 ) ) ;
#1360 = DIRECTION ( 'NONE',  ( -1.000000000000000000, -0.000000000000000000, -0.000000000000000000 ) ) ;
#1361 = ORIENTED_EDGE ( 'NONE', *, *, #5770, .F. ) ;
#1362 = CARTESIAN_POINT ( 'NONE',  ( 35.21875000000000000, -1.265060653844737315, 3.054126587736534670 ) ) ;
#1363 = CARTESIAN_POINT ( 'NONE',  ( -43.00000000000000000, 0.000000000000000000, 0.000000000000000000 ) ) ;
#1364 = CARTESIAN_POINT ( 'NONE',  ( 19.39623412263472346, -1.839199456029414516E-13, -2.603765877365280534 ) ) ;
#1365 = CARTESIAN_POINT ( 'NONE',  ( 19.75000000000000000, 1.836970198721036344E-16, -3.000000000000010658 ) ) ;
#1366 = CARTESIAN_POINT ( 'NONE',  ( 40.25000000000000711, 1.662041016787789260, -1.662041016787788816 ) ) ;
#1367 = CARTESIAN_POINT ( 'NONE',  ( 39.37499999999999289, 1.662041016787789260, -1.662041016787788816 ) ) ;
#1368 = CARTESIAN_POINT ( 'NONE',  ( 21.62499999999999645, 1.662041016787788594, 1.662041016787789482 ) ) ;
#1369 = CARTESIAN_POINT ( 'NONE',  ( 25.62500000000000711, 1.836970198721036344E-16, -3.000000000000010658 ) ) ;
#1370 = CARTESIAN_POINT ( 'NONE',  ( 29.56250000000001066, 0.9736010864139186261, 2.350480947161659895 ) ) ;
#1371 = CARTESIAN_POINT ( 'NONE',  ( 25.84375000000000000, 2.159593620790635438, -2.159593620790635438 ) ) ;
#1372 = CARTESIAN_POINT ( 'NONE',  ( 37.87500000000000000, -1.662041016787789482, 1.662041016787788816 ) ) ;
#1373 = EDGE_LOOP ( 'NONE', ( #3031, #2679, #1791, #3664 ) ) ;
#1374 = CARTESIAN_POINT ( 'NONE',  ( 24.09375000000000711, 1.265060653844736205, 3.054126587736534670 ) ) ;
#1375 = EDGE_CURVE ( 'NONE', #6387, #4124, #517, .T. ) ;
#1376 = FACE_OUTER_BOUND ( 'NONE', #4337, .T. ) ;
#1377 = CARTESIAN_POINT ( 'NONE',  ( 39.18750000000001421, 0.9736010864139180709, -2.350480947161660339 ) ) ;
#1378 = CARTESIAN_POINT ( 'NONE',  ( 40.37500000000000000, -3.000000000000010658, -3.673940397442072687E-16 ) ) ;
#1379 = CARTESIAN_POINT ( 'NONE',  ( 21.62500000000000711, -4.317763452597548908E-16, 2.350480947161660339 ) ) ;
#1380 = CARTESIAN_POINT ( 'NONE',  ( -43.00000000000000000, 0.000000000000000000, 0.000000000000000000 ) ) ;
#1381 = PERSON_AND_ORGANIZATION_ROLE ( 'classification_officer' ) ;
#1382 = CARTESIAN_POINT ( 'NONE',  ( 19.18464704442760294, 2.491165005013090017, 1.323485670962911476 ) ) ;
#1383 = CARTESIAN_POINT ( 'NONE',  ( 36.18750000000000000, -0.9736010864139177379, -2.350480947161660339 ) ) ;
#1384 = VECTOR ( 'NONE', #2113, 1000.000000000000000 ) ;
#1385 = CARTESIAN_POINT ( 'NONE',  ( 32.12499999999999289, 2.121320343559649491, 2.121320343559650379 ) ) ;
#1386 = CARTESIAN_POINT ( 'NONE',  ( 36.84375000000000000, 2.159593620790635438, -2.159593620790635438 ) ) ;
#1387 = CARTESIAN_POINT ( 'NONE',  ( 34.68750000000000711, -0.9736010864139191812, 2.350480947161659895 ) ) ;
#1388 = CARTESIAN_POINT ( 'NONE',  ( 28.18750000000001066, 0.9736010864139180709, -2.350480947161660339 ) ) ;
#1389 = CARTESIAN_POINT ( 'NONE',  ( 22.06249999999999289, -2.350480947161660339, -0.9736010864139181820 ) ) ;
#1390 = CARTESIAN_POINT ( 'NONE',  ( 22.93749999999999645, 3.000000000000010658, -1.242640687119289433 ) ) ;
#1391 = AXIS2_PLACEMENT_3D ( 'NONE', #3394, #3364, #6361 ) ;
#1392 = CARTESIAN_POINT ( 'NONE',  ( 31.53125000000001066, -2.159593620790635438, -2.159593620790635438 ) ) ;
#1393 = VERTEX_POINT ( 'NONE', #3013 ) ;
#1394 = CARTESIAN_POINT ( 'NONE',  ( 26.18750000000000711, -1.242640687119313192, 2.999999999999987121 ) ) ;
#1395 = CARTESIAN_POINT ( 'NONE',  ( 19.36156122312229755, -0.8939030279699458070, -2.488981869033482397 ) ) ;
#1396 = DIRECTION ( 'NONE',  ( -1.000000000000000000, -0.000000000000000000, -0.000000000000000000 ) ) ;
#1397 = CARTESIAN_POINT ( 'NONE',  ( 38.31250000000001421, 2.350480947161660339, -0.9736010864139179599 ) ) ;
#1398 = CARTESIAN_POINT ( 'NONE',  ( 34.62499999999999289, 1.662041016787788594, 1.662041016787789482 ) ) ;
#1399 = CARTESIAN_POINT ( 'NONE',  ( 23.37499999999999645, 1.662041016787789260, -1.662041016787788816 ) ) ;
#1400 = CARTESIAN_POINT ( 'NONE',  ( 19.59487749840398507, 2.229960536872565235, 0.9382110281866761214 ) ) ;
#1401 = CARTESIAN_POINT ( 'NONE',  ( 23.00000000000001066, -1.662041016787788816, -1.662041016787789260 ) ) ;
#1402 = CARTESIAN_POINT ( 'NONE',  ( 23.09375000000000000, 2.159593620790634994, 2.159593620790635882 ) ) ;
#1403 = CARTESIAN_POINT ( 'NONE',  ( 37.56250000000000000, 2.350480947161659895, 0.9736010864139195142 ) ) ;
#1404 = ORIENTED_EDGE ( 'NONE', *, *, #3988, .F. ) ;
#1405 = CARTESIAN_POINT ( 'NONE',  ( 24.78125000000000711, 2.159593620790635438, -2.159593620790635438 ) ) ;
#1406 = CYLINDRICAL_SURFACE ( 'NONE', #2904, 3.000000000000010658 ) ;
#1407 = CARTESIAN_POINT ( 'NONE',  ( 37.37500000000001421, 2.350480947161660339, 0.000000000000000000 ) ) ;
#1408 = CARTESIAN_POINT ( 'NONE',  ( 32.75000000000001421, 2.121320343559649935, -2.121320343559649935 ) ) ;
#1409 = CARTESIAN_POINT ( 'NONE',  ( 22.06250000000000711, -0.9736010864139177379, -2.350480947161660339 ) ) ;
#1410 = DIRECTION ( 'NONE',  ( -0.7071067811865463515, -8.659560562354948882E-17, 0.7071067811865487940 ) ) ;
#1411 = EDGE_CURVE ( 'NONE', #3344, #1923, #5941, .T. ) ;
#1412 = DIRECTION ( 'NONE',  ( -1.000000000000000000, -0.000000000000000000, -0.000000000000000000 ) ) ;
#1413 = CARTESIAN_POINT ( 'NONE',  ( 27.24999999999999645, 1.439254484199183216E-16, -2.350480947161660339 ) ) ;
#1414 = ORIENTED_EDGE ( 'NONE', *, *, #2070, .F. ) ;
#1415 = CARTESIAN_POINT ( 'NONE',  ( 37.28125000000001421, -1.265060653844737315, 3.054126587736534670 ) ) ;
#1416 = CARTESIAN_POINT ( 'NONE',  ( 31.62500000000001421, -4.317763452597548908E-16, 2.350480947161660339 ) ) ;
#1417 = CARTESIAN_POINT ( 'NONE',  ( 27.18750000000000711, 0.9736010864139180709, -2.350480947161660339 ) ) ;
#1418 = CIRCLE ( 'NONE', #688, 4.500000000000017764 ) ;
#1419 = CARTESIAN_POINT ( 'NONE',  ( 24.37499999999999645, 1.662041016787789260, -1.662041016787788816 ) ) ;
#1420 = ADVANCED_FACE ( 'NONE', ( #2980 ), #6437, .T. ) ;
#1421 = CARTESIAN_POINT ( 'NONE',  ( 35.93750000000001421, 3.000000000000009770, 1.242640687119291654 ) ) ;
#1422 = ORIENTED_EDGE ( 'NONE', *, *, #3703, .T. ) ;
#1423 = EDGE_LOOP ( 'NONE', ( #1825, #4885, #1138, #832 ) ) ;
#1424 = CARTESIAN_POINT ( 'NONE',  ( 32.40625000000001421, -3.054126587736535559, -3.740226349862376611E-16 ) ) ;
#1425 = ORIENTED_EDGE ( 'NONE', *, *, #305, .T. ) ;
#1426 = CARTESIAN_POINT ( 'NONE',  ( 26.31250000000000711, -3.000000000000011102, 1.242640687119288989 ) ) ;
#1427 = CARTESIAN_POINT ( 'NONE',  ( 39.43750000000000711, -3.000000000000011102, 1.242640687119288989 ) ) ;
#1428 = CARTESIAN_POINT ( 'NONE',  ( 41.37500000000000711, 2.350480947161660339, 0.000000000000000000 ) ) ;
#1429 = CARTESIAN_POINT ( 'NONE',  ( 37.18750000000000000, -0.9736010864139177379, -2.350480947161660339 ) ) ;
#1430 = CARTESIAN_POINT ( 'NONE',  ( -43.00000000000000000, 0.000000000000000000, 3.000000000000010658 ) ) ;
#1431 = CARTESIAN_POINT ( 'NONE',  ( 17.62499999999999645, 1.662041016787788594, 1.662041016787789482 ) ) ;
#1432 = CARTESIAN_POINT ( 'NONE',  ( 19.45251937503444495, 1.342408490276673749, -2.168960829397212908 ) ) ;
#1433 = CARTESIAN_POINT ( 'NONE',  ( 23.93750000000001066, -2.350480947161660339, -0.9736010864139181820 ) ) ;
#1434 = CARTESIAN_POINT ( 'NONE',  ( 25.71875000000000000, 1.870113174931188306E-16, -3.054126587736535559 ) ) ;
#1435 = CARTESIAN_POINT ( 'NONE',  ( 39.37499999999999289, 1.662041016787789260, -1.662041016787788816 ) ) ;
#1436 = AXIS2_PLACEMENT_3D ( 'NONE', #910, #415, #5291 ) ;
#1437 = CARTESIAN_POINT ( 'NONE',  ( 30.81249999999999645, -0.9736010864139191812, 2.350480947161659895 ) ) ;
#1438 = CARTESIAN_POINT ( 'NONE',  ( 23.40625000000000711, -3.054126587736535559, -3.740226349862376611E-16 ) ) ;
#1439 = CARTESIAN_POINT ( 'NONE',  ( 39.75000000000000711, 2.121320343559649935, -2.121320343559649935 ) ) ;
#1440 = CARTESIAN_POINT ( 'NONE',  ( 37.75000000000001421, -1.662041016787789482, 1.662041016787788816 ) ) ;
#1441 = CARTESIAN_POINT ( 'NONE',  ( 31.37500000000000711, -3.000000000000010658, -3.673940397442072687E-16 ) ) ;
#1442 = CARTESIAN_POINT ( 'NONE',  ( 20.50000000000001066, 1.662041016787788594, 1.662041016787789482 ) ) ;
#1443 = CARTESIAN_POINT ( 'NONE',  ( 42.80472777168793641, 1.757330359651857887E-11, 2.445272228312085794 ) ) ;
#1444 = COORDINATED_UNIVERSAL_TIME_OFFSET ( 6, 0, .BEHIND. ) ;
#1445 = CARTESIAN_POINT ( 'NONE',  ( 19.40459926386860445, 1.231017581585700738, 2.291622499937143953 ) ) ;
#1446 = CARTESIAN_POINT ( 'NONE',  ( 25.56249999999999289, 2.350480947161659895, 0.9736010864139195142 ) ) ;
#1447 = EDGE_LOOP ( 'NONE', ( #30, #3198, #3485, #502 ) ) ;
#1448 = CARTESIAN_POINT ( 'NONE',  ( 33.46875000000000000, -3.054126587736535559, -3.740226349862376611E-16 ) ) ;
#1449 = CARTESIAN_POINT ( 'NONE',  ( 32.75000000000000711, -1.662041016787789482, 1.662041016787788816 ) ) ;
#1450 = CARTESIAN_POINT ( 'NONE',  ( 21.87500000000001066, -2.350480947161660339, -2.878508968398366432E-16 ) ) ;
#1451 = CARTESIAN_POINT ( 'NONE',  ( 23.37499999999999645, 1.662041016787789260, -1.662041016787788816 ) ) ;
#1452 = DIRECTION ( 'NONE',  ( 0.000000000000000000, 0.000000000000000000, -1.000000000000000000 ) ) ;
#1453 = ORIENTED_EDGE ( 'NONE', *, *, #2790, .T. ) ;
#1454 = CARTESIAN_POINT ( 'NONE',  ( 33.90625000000000711, 3.054126587736535559, 0.000000000000000000 ) ) ;
#1455 = ADVANCED_FACE ( 'NONE', ( #1376 ), #1904, .T. ) ;
#1456 = ORIENTED_EDGE ( 'NONE', *, *, #1411, .T. ) ;
#1457 = LINE ( 'NONE', #2447, #4944 ) ;
#1458 = CARTESIAN_POINT ( 'NONE',  ( 19.26600502061279130, -2.630827389784960335, -0.7655727931775240247 ) ) ;
#1459 = CARTESIAN_POINT ( 'NONE',  ( 22.68750000000000000, -1.242640687119245468, -3.000000000000054623 ) ) ;
#1460 = CARTESIAN_POINT ( 'NONE',  ( 38.25000000000001421, 1.662041016787789260, -1.662041016787788816 ) ) ;
#1461 = CARTESIAN_POINT ( 'NONE',  ( 35.37500000000000000, 1.662041016787789260, -1.662041016787788816 ) ) ;
#1462 = CARTESIAN_POINT ( 'NONE',  ( 37.75000000000000000, 1.836970198721036344E-16, -3.000000000000010658 ) ) ;
#1463 =( BOUNDED_CURVE ( )  B_SPLINE_CURVE ( 2, ( #1038, #5009, #508, #2516, #539, #5073, #1563, #4047, #4513 ),
 .UNSPECIFIED., .F., .T. ) 
 B_SPLINE_CURVE_WITH_KNOTS ( ( 3, 2, 2, 2, 3 ),
 ( 0.6249999999999998890, 0.6298076923076921796, 0.6346153846153844702, 0.6394230769230767608, 0.6442307692307691624 ),
 .UNSPECIFIED. ) 
 CURVE ( )  GEOMETRIC_REPRESENTATION_ITEM ( )  RATIONAL_B_SPLINE_CURVE ( ( 1.000000000000001776, 0.9238795325112849621, 1.000000000000000000, 0.9238795325112867385, 1.000000000000000000, 0.9238795325112867385, 1.000000000000000000, 0.9238795325112885148, 0.9999999999999982236 ) ) 
 REPRESENTATION_ITEM ( '' )  );
#1464 = CARTESIAN_POINT ( 'NONE',  ( 19.18749999999999289, -0.9736010864139177379, -2.350480947161660339 ) ) ;
#1465 = LINE ( 'NONE', #5043, #3842 ) ;
#1466 = ADVANCED_FACE ( 'NONE', ( #5524 ), #950, .T. ) ;
#1467 = CARTESIAN_POINT ( 'NONE',  ( 23.37500000000001066, 2.350480947161660339, 0.000000000000000000 ) ) ;
#1468 = CARTESIAN_POINT ( 'NONE',  ( 26.09375000000000000, 2.159593620790634994, 2.159593620790635882 ) ) ;
#1469 = CARTESIAN_POINT ( 'NONE',  ( 37.06250000000000000, -2.350480947161660339, -0.9736010864139181820 ) ) ;
#1470 = B_SPLINE_CURVE_WITH_KNOTS ( 'NONE', 3,
 ( #2419, #289, #2907, #1897, #1400, #4913, #5781, #3282, #2293, #4289, #815, #1808, #2815, #4816, #321, #2326, #4322, #1432, #2454, #3005, #5969, #3039, #3920, #6065 ),
 .UNSPECIFIED., .F., .F.,
 ( 4, 2, 2, 2, 2, 2, 2, 2, 2, 2, 2, 4 ),
 ( 0.000000000000000000, 0.0007765160554105521133, 0.001553032110821103793, 0.002329548166231655473, 0.003106064221642207152, 0.003494322249347482992, 0.003882580277052758832, 0.004270838304758034672, 0.004659096332463310945, 0.005047354360168587219, 0.005435612387873863492, 0.006212128443284415172 ),
 .UNSPECIFIED. ) ;
#1471 = CARTESIAN_POINT ( 'NONE',  ( 31.93749999999999645, -2.350480947161660339, 0.9736010864139172938 ) ) ;
#1472 = CARTESIAN_POINT ( 'NONE',  ( 22.84375000000000355, 3.054126587736535114, -1.265060653844735317 ) ) ;
#1473 = CARTESIAN_POINT ( 'NONE',  ( 39.81250000000001421, 3.000000000000010658, -1.242640687119289433 ) ) ;
#1474 = ORIENTED_EDGE ( 'NONE', *, *, #5238, .T. ) ;
#1475 = CARTESIAN_POINT ( 'NONE',  ( 37.62500000000001421, -4.317763452597548908E-16, 2.350480947161660339 ) ) ;
#1476 = CARTESIAN_POINT ( 'NONE',  ( 32.68750000000001421, 1.242640687119366927, -2.999999999999933831 ) ) ;
#1477 = CARTESIAN_POINT ( 'NONE',  ( 18.93750000000000711, -2.350480947161660339, -0.9736010864139181820 ) ) ;
#1478 = CARTESIAN_POINT ( 'NONE',  ( -43.00000000000000000, 5.817072295949933342E-16, 4.500000000000003553 ) ) ;
#1479 = CARTESIAN_POINT ( 'NONE',  ( 42.86858244684342623, -2.382198624467518400, -0.1836163189052451850 ) ) ;
#1480 = CARTESIAN_POINT ( 'NONE',  ( 26.93750000000000000, -2.350480947161660783, 0.9736010864139172938 ) ) ;
#1481 = ORIENTED_EDGE ( 'NONE', *, *, #3709, .F. ) ;
#1482 = CARTESIAN_POINT ( 'NONE',  ( 31.96875000000000355, 3.054126587736535559, 0.000000000000000000 ) ) ;
#1483 = CARTESIAN_POINT ( 'NONE',  ( 34.87500000000000711, -2.350480947161660339, -2.878508968398366432E-16 ) ) ;
#1484 = CARTESIAN_POINT ( 'NONE',  ( 25.00000000000001066, -1.662041016787788816, -1.662041016787789260 ) ) ;
#1485 = CARTESIAN_POINT ( 'NONE',  ( 23.24999999999999645, 1.439254484199183216E-16, -2.350480947161660339 ) ) ;
#1486 = CARTESIAN_POINT ( 'NONE',  ( 32.37500000000001421, -3.000000000000010658, -3.673940397442072687E-16 ) ) ;
#1487 = ORIENTED_EDGE ( 'NONE', *, *, #2664, .F. ) ;
#1488 = ORIENTED_EDGE ( 'NONE', *, *, #4381, .T. ) ;
#1489 = VECTOR ( 'NONE', #5625, 1000.000000000000000 ) ;
#1490 = ORIENTED_EDGE ( 'NONE', *, *, #5918, .F. ) ;
#1491 = CARTESIAN_POINT ( 'NONE',  ( 36.75000000000000000, 1.836970198721036344E-16, -3.000000000000010658 ) ) ;
#1492 = CARTESIAN_POINT ( 'NONE',  ( 23.43749999999999645, -3.000000000000011102, 1.242640687119288989 ) ) ;
#1493 = FACE_OUTER_BOUND ( 'NONE', #1800, .T. ) ;
#1494 = CARTESIAN_POINT ( 'NONE',  ( 33.68750000000001421, -0.9736010864139191812, 2.350480947161659895 ) ) ;
#1495 = VECTOR ( 'NONE', #3775, 1000.000000000000000 ) ;
#1496 = CARTESIAN_POINT ( 'NONE',  ( 33.74999999999999289, -4.317763452597548908E-16, 2.350480947161660339 ) ) ;
#1497 = CARTESIAN_POINT ( 'NONE',  ( 19.02591164830030479, 1.494041840872207372, 2.578841314978606913 ) ) ;
#1498 = ADVANCED_FACE ( 'NONE', ( #2395 ), #6471, .F. ) ;
#1499 = CARTESIAN_POINT ( 'NONE',  ( 43.40625000000000711, -3.054126587736535559, -3.740226349862376611E-16 ) ) ;
#1500 = CARTESIAN_POINT ( 'NONE',  ( 30.06249999999999645, 3.000000000000009770, 1.242640687119291654 ) ) ;
#1501 = CARTESIAN_POINT ( 'NONE',  ( 23.43750000000000711, -3.000000000000010658, -1.242640687119289877 ) ) ;
#1502 = CARTESIAN_POINT ( 'NONE',  ( 25.43750000000000711, 2.350480947161659895, 0.9736010864139195142 ) ) ;
#1503 = CARTESIAN_POINT ( 'NONE',  ( 21.15624999999999645, 1.265060653844736205, 3.054126587736534670 ) ) ;
#1504 = CARTESIAN_POINT ( 'NONE',  ( 37.00000000000000000, -2.350480947161660339, -2.878508968398366432E-16 ) ) ;
#1505 =( BOUNDED_CURVE ( )  B_SPLINE_CURVE ( 2, ( #6063, #2087, #2185, #6194, #2773, #6295, #2219, #1691, #1163 ),
 .UNSPECIFIED., .F., .F. ) 
 B_SPLINE_CURVE_WITH_KNOTS ( ( 3, 2, 2, 2, 3 ),
 ( 0.9134615384615385469, 0.9182692307692308376, 0.9230769230769231282, 0.9278846153846154188, 0.9326923076923077094 ),
 .UNSPECIFIED. ) 
 CURVE ( )  GEOMETRIC_REPRESENTATION_ITEM ( )  RATIONAL_B_SPLINE_CURVE ( ( 0.9999999999999982236, 0.9238795325112885148, 1.000000000000000000, 0.9238795325112867385, 1.000000000000000000, 0.9238795325112867385, 1.000000000000000000, 0.9238795325112867385, 1.000000000000000000 ) ) 
 REPRESENTATION_ITEM ( '' )  );
#1506 = EDGE_CURVE ( 'NONE', #2749, #213, #808, .T. ) ;
#1507 = CARTESIAN_POINT ( 'NONE',  ( 30.93749999999999645, -2.350480947161660339, 0.9736010864139172938 ) ) ;
#1508 = CARTESIAN_POINT ( 'NONE',  ( 20.84375000000001066, 3.054126587736535114, -1.265060653844735317 ) ) ;
#1509 = FACE_OUTER_BOUND ( 'NONE', #3111, .T. ) ;
#1510 = ORIENTED_EDGE ( 'NONE', *, *, #4141, .F. ) ;
#1511 = CARTESIAN_POINT ( 'NONE',  ( 34.93750000000000711, -2.350480947161660339, -0.9736010864139181820 ) ) ;
#1512 = CARTESIAN_POINT ( 'NONE',  ( 27.25000000000000000, -5.510910596163108291E-16, 3.000000000000010658 ) ) ;
#1513 = CARTESIAN_POINT ( 'NONE',  ( 18.06250000000001421, -0.9736010864139177379, -2.350480947161660339 ) ) ;
#1514 = FACE_OUTER_BOUND ( 'NONE', #3331, .T. ) ;
#1515 = CARTESIAN_POINT ( 'NONE',  ( 42.72840610742610323, 1.732842144617802393, 1.839802550514335389 ) ) ;
#1516 = CARTESIAN_POINT ( 'NONE',  ( 24.99999999999999645, -2.350480947161660339, -2.878508968398366432E-16 ) ) ;
#1517 = EDGE_LOOP ( 'NONE', ( #2341, #1991, #5199, #4169, #5889, #1776, #4245, #3566 ) ) ;
#1518 = CARTESIAN_POINT ( 'NONE',  ( 34.21875000000000000, -5.610339524793564424E-16, 3.054126587736535559 ) ) ;
#1519 = CARTESIAN_POINT ( 'NONE',  ( 29.68750000000001066, -0.9736010864139191812, 2.350480947161659895 ) ) ;
#1520 = CARTESIAN_POINT ( 'NONE',  ( 24.68750000000001066, -0.9736010864139191812, 2.350480947161659895 ) ) ;
#1521 = CARTESIAN_POINT ( 'NONE',  ( 18.99999999999999645, -2.350480947161660339, -2.878508968398366432E-16 ) ) ;
#1522 = CARTESIAN_POINT ( 'NONE',  ( 23.81249999999999645, 1.242640687119344278, -2.999999999999955147 ) ) ;
#1523 = ORIENTED_EDGE ( 'NONE', *, *, #4059, .T. ) ;
#1524 = CARTESIAN_POINT ( 'NONE',  ( 40.68750000000000711, 1.242640687119320075, -2.999999999999980016 ) ) ;
#1525 = DIRECTION ( 'NONE',  ( -1.000000000000000000, -0.000000000000000000, -0.000000000000000000 ) ) ;
#1526 = AXIS2_PLACEMENT_3D ( 'NONE', #3502, #3961, #3437 ) ;
#1527 = CARTESIAN_POINT ( 'NONE',  ( 43.12500000000000711, 1.439254484199183216E-16, -2.350480947161660339 ) ) ;
#1528 = CARTESIAN_POINT ( 'NONE',  ( 36.68750000000001421, -0.9736010864139191812, 2.350480947161659895 ) ) ;
#1529 = CARTESIAN_POINT ( 'NONE',  ( 36.68750000000000000, 0.9736010864139186261, 2.350480947161659895 ) ) ;
#1530 = CARTESIAN_POINT ( 'NONE',  ( 19.07285021514985246, 0.1953066943584979287, 2.927149784849315761 ) ) ;
#1531 = CARTESIAN_POINT ( 'NONE',  ( 20.12499999999999645, -1.662041016787788816, -1.662041016787789260 ) ) ;
#1532 = B_SPLINE_CURVE_WITH_KNOTS ( 'NONE', 3,
 ( #1443, #4957, #4991, #4461, #6475, #2498, #5979, #989, #4494, #1578 ),
 .UNSPECIFIED., .F., .F.,
 ( 4, 2, 2, 2, 4 ),
 ( 0.01495530453148599843, 0.01552018268767451498, 0.01608506084386302978, 0.01664993900005154806, 0.01721481715624006287 ),
 .UNSPECIFIED. ) ;
#1533 = DIRECTION ( 'NONE',  ( -1.000000000000000000, -0.000000000000000000, -0.000000000000000000 ) ) ;
#1534 = CARTESIAN_POINT ( 'NONE',  ( 33.56250000000001421, -1.242640687119256349, -3.000000000000043521 ) ) ;
#1535 = CARTESIAN_POINT ( 'NONE',  ( 24.00000000000001066, -1.662041016787788816, -1.662041016787789260 ) ) ;
#1536 = CARTESIAN_POINT ( 'NONE',  ( 22.90625000000000000, 3.054126587736535114, -1.265060653844735317 ) ) ;
#1537 = CARTESIAN_POINT ( 'NONE',  ( 33.99999999999999289, -2.350480947161660339, -2.878508968398366432E-16 ) ) ;
#1538 = ORIENTED_EDGE ( 'NONE', *, *, #5729, .T. ) ;
#1539 = CARTESIAN_POINT ( 'NONE',  ( 32.06249999999999289, -2.350480947161660339, -0.9736010864139181820 ) ) ;
#1540 = CARTESIAN_POINT ( 'NONE',  ( 21.78125000000001066, 2.159593620790635438, -2.159593620790635438 ) ) ;
#1541 = CARTESIAN_POINT ( 'NONE',  ( 42.89951905283835032, -2.071991186027598797, 1.120268397024781981 ) ) ;
#1542 = ORIENTED_EDGE ( 'NONE', *, *, #413, .T. ) ;
#1543 = ADVANCED_FACE ( 'NONE', ( #1509 ), #1406, .T. ) ;
#1544 =( BOUNDED_CURVE ( )  B_SPLINE_CURVE ( 2, ( #2873, #3303, #873, #5316, #2381, #6390, #5409, #1333, #5868 ),
 .UNSPECIFIED., .F., .F. ) 
 B_SPLINE_CURVE_WITH_KNOTS ( ( 3, 2, 2, 2, 3 ),
 ( 0.06730769230769211020, 0.07211538461538441469, 0.07692307692307673306, 0.08173076923076905143, 0.08653846153846135592 ),
 .UNSPECIFIED. ) 
 CURVE ( )  GEOMETRIC_REPRESENTATION_ITEM ( )  RATIONAL_B_SPLINE_CURVE ( ( 1.000000000000003109, 0.9238795325112836299, 1.000000000000000000, 0.9238795325112867385, 1.000000000000000000, 0.9238795325112867385, 1.000000000000000000, 0.9238795325112896251, 0.9999999999999971134 ) ) 
 REPRESENTATION_ITEM ( '' )  );
#1545 = CARTESIAN_POINT ( 'NONE',  ( 38.31250000000001421, 2.350480947161660339, -0.9736010864139179599 ) ) ;
#1546 = CARTESIAN_POINT ( 'NONE',  ( 32.74999999999999289, 1.836970198721036344E-16, -3.000000000000010658 ) ) ;
#1547 = CARTESIAN_POINT ( 'NONE',  ( 18.68750000000001066, -0.9736010864139191812, 2.350480947161659895 ) ) ;
#1548 = CARTESIAN_POINT ( 'NONE',  ( 30.50000000000001421, -2.121320343559649935, -2.121320343559649935 ) ) ;
#1549 = VECTOR ( 'NONE', #1598, 1000.000000000000000 ) ;
#1550 = CARTESIAN_POINT ( 'NONE',  ( 42.80472777168793641, 1.757330359651857887E-11, 2.445272228312085794 ) ) ;
#1551 = CARTESIAN_POINT ( 'NONE',  ( 22.81249999999999289, -0.9736010864139191812, 2.350480947161659895 ) ) ;
#1552 = FACE_OUTER_BOUND ( 'NONE', #4807, .T. ) ;
#1553 = CARTESIAN_POINT ( 'NONE',  ( 27.75000000000001066, -1.662041016787789482, 1.662041016787788816 ) ) ;
#1554 = CARTESIAN_POINT ( 'NONE',  ( 23.56250000000001066, 0.9736010864139186261, 2.350480947161659895 ) ) ;
#1555 = CARTESIAN_POINT ( 'NONE',  ( 19.49999999999999645, 2.350480947161660339, 0.000000000000000000 ) ) ;
#1556 = CARTESIAN_POINT ( 'NONE',  ( 23.75000000000000000, 1.836970198721036344E-16, -3.000000000000010658 ) ) ;
#1557 = AXIS2_PLACEMENT_3D ( 'NONE', #5702, #671, #1198 ) ;
#1558 = ORIENTED_EDGE ( 'NONE', *, *, #3536, .T. ) ;
#1559 = CARTESIAN_POINT ( 'NONE',  ( -42.66125635044877384, -1.911395604848378671, 1.689365699038768875 ) ) ;
#1560 = CARTESIAN_POINT ( 'NONE',  ( 23.31249999999999289, -1.242640687119329401, 2.999999999999971134 ) ) ;
#1561 = CARTESIAN_POINT ( 'NONE',  ( 35.81250000000001421, -2.350480947161660339, 0.9736010864139172938 ) ) ;
#1562 = CARTESIAN_POINT ( 'NONE',  ( 32.81249999999999289, -0.9736010864139191812, 2.350480947161659895 ) ) ;
#1563 = CARTESIAN_POINT ( 'NONE',  ( 27.25000000000001066, -2.121320343559650379, 2.121320343559649935 ) ) ;
#1564 = CARTESIAN_POINT ( 'NONE',  ( 40.53125000000000711, -2.159593620790635438, -2.159593620790635438 ) ) ;
#1565 = DIRECTION ( 'NONE',  ( 1.000000000000000000, 0.000000000000000000, 0.000000000000000000 ) ) ;
#1566 = CARTESIAN_POINT ( 'NONE',  ( -42.66125635044878095, -2.418731414073822972, -0.8106343009612282380 ) ) ;
#1567 = CARTESIAN_POINT ( 'NONE',  ( 21.06250000000001421, -0.9736010864139177379, -2.350480947161660339 ) ) ;
#1568 = CARTESIAN_POINT ( 'NONE',  ( 22.03125000000000000, 3.054126587736534670, 1.265060653844737759 ) ) ;
#1569 = CARTESIAN_POINT ( 'NONE',  ( 34.31249999999999289, 0.9736010864139180709, -2.350480947161660339 ) ) ;
#1570 = VERTEX_POINT ( 'NONE', #916 ) ;
#1571 = CARTESIAN_POINT ( 'NONE',  ( 30.18750000000000711, -0.9736010864139177379, -2.350480947161660339 ) ) ;
#1572 = CARTESIAN_POINT ( 'NONE',  ( 21.03125000000000711, 2.159593620790634994, 2.159593620790635882 ) ) ;
#1573 = CARTESIAN_POINT ( 'NONE',  ( -43.00000000000000000, 0.000000000000000000, 3.000000000000010658 ) ) ;
#1574 = ORIENTED_EDGE ( 'NONE', *, *, #5446, .T. ) ;
#1575 = CARTESIAN_POINT ( 'NONE',  ( 33.12500000000000711, 1.439254484199183216E-16, -2.350480947161660339 ) ) ;
#1576 = PLANE ( 'NONE',  #3511 ) ;
#1577 = CARTESIAN_POINT ( 'NONE',  ( 19.00000000000001066, -1.662041016787788816, -1.662041016787789260 ) ) ;
#1578 = CARTESIAN_POINT ( 'NONE',  ( 42.89951905283837874, -1.902843343920971320, 1.379836182836800207 ) ) ;
#1579 = CARTESIAN_POINT ( 'NONE',  ( 19.53872118449682915, 0.3539314615768000549, 2.442169368872465718 ) ) ;
#1580 = EDGE_CURVE ( 'NONE', #931, #1112, #1796, .T. ) ;
#1581 = CARTESIAN_POINT ( 'NONE',  ( 32.28125000000001421, -2.159593620790635882, 2.159593620790635438 ) ) ;
#1582 = CARTESIAN_POINT ( 'NONE',  ( 23.99999999999999645, -2.350480947161660339, -2.878508968398366432E-16 ) ) ;
#1583 = DIRECTION ( 'NONE',  ( -1.000000000000000000, -0.000000000000000000, -0.000000000000000000 ) ) ;
#1584 = CARTESIAN_POINT ( 'NONE',  ( 28.56250000000001066, 0.9736010864139186261, 2.350480947161659895 ) ) ;
#1585 = CARTESIAN_POINT ( 'NONE',  ( 23.12500000000001066, 1.439254484199183216E-16, -2.350480947161660339 ) ) ;
#1586 = CARTESIAN_POINT ( 'NONE',  ( 20.12499999999999645, -1.662041016787788816, -1.662041016787789260 ) ) ;
#1587 = CARTESIAN_POINT ( 'NONE',  ( 26.31249999999999645, -1.242640687119346055, 2.999999999999954259 ) ) ;
#1588 = EDGE_CURVE ( 'NONE', #4314, #2510, #3537, .T. ) ;
#1589 = ORIENTED_EDGE ( 'NONE', *, *, #2343, .F. ) ;
#1590 = CARTESIAN_POINT ( 'NONE',  ( 25.24999999999999645, -5.510910596163108291E-16, 3.000000000000010658 ) ) ;
#1591 = CARTESIAN_POINT ( 'NONE',  ( 19.11040271160646853, -0.8863487997245366179, 2.756272506563306024 ) ) ;
#1592 = CARTESIAN_POINT ( 'NONE',  ( 40.81250000000000711, -2.350480947161660339, 0.9736010864139172938 ) ) ;
#1593 = CARTESIAN_POINT ( 'NONE',  ( 37.12500000000001421, 1.439254484199183216E-16, -2.350480947161660339 ) ) ;
#1594 = CARTESIAN_POINT ( 'NONE',  ( 33.37499999999999289, 1.662041016787789260, -1.662041016787788816 ) ) ;
#1595 = CARTESIAN_POINT ( 'NONE',  ( -43.00000000000000000, 0.000000000000000000, 3.000000000000010658 ) ) ;
#1596 = AXIS2_PLACEMENT_3D ( 'NONE', #4250, #6268, #3790 ) ;
#1597 = CARTESIAN_POINT ( 'NONE',  ( 41.09375000000000000, 1.265060653844736205, 3.054126587736534670 ) ) ;
#1598 = DIRECTION ( 'NONE',  ( -1.000000000000000000, -0.000000000000000000, -0.000000000000000000 ) ) ;
#1599 = CARTESIAN_POINT ( 'NONE',  ( 23.75000000000001066, 2.121320343559649935, -2.121320343559649935 ) ) ;
#1600 = CARTESIAN_POINT ( 'NONE',  ( -43.00000000000000000, 0.000000000000000000, 0.000000000000000000 ) ) ;
#1601 = CARTESIAN_POINT ( 'NONE',  ( 21.90624999999999645, 3.054126587736535114, -1.265060653844735317 ) ) ;
#1602 = CARTESIAN_POINT ( 'NONE',  ( 33.74999999999999289, -4.317763452597548908E-16, 2.350480947161660339 ) ) ;
#1603 = EDGE_LOOP ( 'NONE', ( #6381, #4685 ) ) ;
#1604 = CARTESIAN_POINT ( 'NONE',  ( 26.81249999999999645, -0.9736010864139191812, 2.350480947161659895 ) ) ;
#1605 = CARTESIAN_POINT ( 'NONE',  ( 20.28125000000000711, -2.159593620790635882, 2.159593620790635438 ) ) ;
#1606 = CARTESIAN_POINT ( 'NONE',  ( 25.87499999999999645, 2.121320343559649935, -2.121320343559649935 ) ) ;
#1607 = ORIENTED_EDGE ( 'NONE', *, *, #4416, .F. ) ;
#1608 = CARTESIAN_POINT ( 'NONE',  ( 32.93750000000000711, -2.350480947161660339, -0.9736010864139181820 ) ) ;
#1609 = FACE_OUTER_BOUND ( 'NONE', #5357, .T. ) ;
#1610 = CARTESIAN_POINT ( 'NONE',  ( 29.43750000000001066, -3.000000000000010658, -1.242640687119289877 ) ) ;
#1611 = CARTESIAN_POINT ( 'NONE',  ( 42.50456599646873457, -1.714222450994860258, 2.153089002013256703 ) ) ;
#1612 = CARTESIAN_POINT ( 'NONE',  ( 31.78125000000001066, 2.159593620790635438, -2.159593620790635438 ) ) ;
#1613 = CARTESIAN_POINT ( 'NONE',  ( 24.24999999999999645, 1.439254484199183216E-16, -2.350480947161660339 ) ) ;
#1614 = DIRECTION ( 'NONE',  ( -1.000000000000000000, -0.000000000000000000, -0.000000000000000000 ) ) ;
#1615 = EDGE_CURVE ( 'NONE', #4151, #6504, #2129, .T. ) ;
#1616 = CARTESIAN_POINT ( 'NONE',  ( 29.93750000000001066, -2.350480947161660339, -0.9736010864139181820 ) ) ;
#1617 = CARTESIAN_POINT ( 'NONE',  ( 19.12500000000001066, 1.439254484199183216E-16, -2.350480947161660339 ) ) ;
#1618 = CARTESIAN_POINT ( 'NONE',  ( 21.31250000000000000, 0.9736010864139180709, -2.350480947161660339 ) ) ;
#1619 = CARTESIAN_POINT ( 'NONE',  ( -42.65087689166703910, 1.917866307361808298, 1.678158113524838457 ) ) ;
#1620 = ORIENTED_EDGE ( 'NONE', *, *, #4509, .T. ) ;
#1621 = CYLINDRICAL_SURFACE ( 'NONE', #966, 3.000000000000010658 ) ;
#1622 = CARTESIAN_POINT ( 'NONE',  ( 42.15625000000000000, 1.265060653844736205, 3.054126587736534670 ) ) ;
#1623 = EDGE_CURVE ( 'NONE', #4927, #2279, #2821, .T. ) ;
#1624 = CARTESIAN_POINT ( 'NONE',  ( 39.93750000000000711, -2.350480947161660339, -0.9736010864139181820 ) ) ;
#1625 = CARTESIAN_POINT ( 'NONE',  ( 34.18750000000000711, 0.9736010864139180709, -2.350480947161660339 ) ) ;
#1626 = CARTESIAN_POINT ( 'NONE',  ( 29.87500000000000000, -1.662041016787789482, 1.662041016787788816 ) ) ;
#1627 = LINE ( 'NONE', #1595, #1149 ) ;
#1628 = CARTESIAN_POINT ( 'NONE',  ( 41.21875000000001421, -1.265060653844737315, 3.054126587736534670 ) ) ;
#1629 = CARTESIAN_POINT ( 'NONE',  ( -43.00000000000000000, 0.000000000000000000, 0.000000000000000000 ) ) ;
#1630 = AXIS2_PLACEMENT_3D ( 'NONE', #5088, #4620, #5528 ) ;
#1631 = CARTESIAN_POINT ( 'NONE',  ( 42.12500000000000711, -5.510910596163109277E-16, 3.000000000000010658 ) ) ;
#1632 = CARTESIAN_POINT ( 'NONE',  ( 22.18750000000001066, 0.9736010864139180709, -2.350480947161660339 ) ) ;
#1633 = CARTESIAN_POINT ( 'NONE',  ( 21.96875000000000000, 3.054126587736535559, 0.000000000000000000 ) ) ;
#1634 = CARTESIAN_POINT ( 'NONE',  ( 36.50000000000000000, 2.350480947161660339, 0.000000000000000000 ) ) ;
#1635 = ORIENTED_EDGE ( 'NONE', *, *, #4425, .T. ) ;
#1636 = AXIS2_PLACEMENT_3D ( 'NONE', #3739, #2236, #4228 ) ;
#1637 = CARTESIAN_POINT ( 'NONE',  ( 27.56249999999999645, 2.350480947161659895, 0.9736010864139195142 ) ) ;
#1638 = CARTESIAN_POINT ( 'NONE',  ( 26.00000000000000000, 3.000000000000010658, 0.000000000000000000 ) ) ;
#1639 = ORIENTED_EDGE ( 'NONE', *, *, #6476, .F. ) ;
#1640 = CARTESIAN_POINT ( 'NONE',  ( 34.12500000000000711, 1.439254484199183216E-16, -2.350480947161660339 ) ) ;
#1641 = CARTESIAN_POINT ( 'NONE',  ( 31.84375000000000355, 2.159593620790635438, -2.159593620790635438 ) ) ;
#1642 = CARTESIAN_POINT ( 'NONE',  ( -42.61324865405186557, -3.534096855390132888E-25, 2.500000000000000444 ) ) ;
#1643 = CARTESIAN_POINT ( 'NONE',  ( 42.58214946793525968, -2.073330132576362228, 1.689996115368242791 ) ) ;
#1644 = CARTESIAN_POINT ( 'NONE',  ( 30.03125000000001066, 2.159593620790634994, 2.159593620790635882 ) ) ;
#1645 = CARTESIAN_POINT ( 'NONE',  ( 22.06249999999999645, -2.350480947161660339, -0.9736010864139181820 ) ) ;
#1646 = CARTESIAN_POINT ( 'NONE',  ( 22.93750000000001066, 3.000000000000009770, 1.242640687119291654 ) ) ;
#1647 = CARTESIAN_POINT ( 'NONE',  ( 29.81250000000001421, -2.350480947161660339, 0.9736010864139172938 ) ) ;
#1648 = CARTESIAN_POINT ( 'NONE',  ( 19.00000000000001066, -1.662041016787788816, -1.662041016787789260 ) ) ;
#1649 = CARTESIAN_POINT ( 'NONE',  ( 18.49999999999999645, 2.350480947161660339, 0.000000000000000000 ) ) ;
#1650 = CARTESIAN_POINT ( 'NONE',  ( 38.62500000000001421, 1.836970198721036344E-16, -3.000000000000010658 ) ) ;
#1651 = ORIENTED_EDGE ( 'NONE', *, *, #1788, .T. ) ;
#1652 = CARTESIAN_POINT ( 'NONE',  ( 40.09375000000000000, 2.159593620790634994, 2.159593620790635882 ) ) ;
#1653 = CARTESIAN_POINT ( 'NONE',  ( 39.68750000000000711, -0.9736010864139191812, 2.350480947161659895 ) ) ;
#1654 = CARTESIAN_POINT ( 'NONE',  ( 31.31250000000000711, 2.350480947161660339, -0.9736010864139179599 ) ) ;
#1655 = CARTESIAN_POINT ( 'NONE',  ( 31.43749999999999645, 2.350480947161660339, -0.9736010864139179599 ) ) ;
#1656 = CARTESIAN_POINT ( 'NONE',  ( 35.12500000000000711, -5.510910596163109277E-16, 3.000000000000010658 ) ) ;
#1657 = ADVANCED_FACE ( 'NONE', ( #1049 ), #3486, .T. ) ;
#1658 = CARTESIAN_POINT ( 'NONE',  ( 42.78125000000000711, 2.159593620790635438, -2.159593620790635438 ) ) ;
#1659 = CARTESIAN_POINT ( 'NONE',  ( 19.64951905283834677, -4.317763452597548908E-16, 2.350480947161660339 ) ) ;
#1660 = CARTESIAN_POINT ( 'NONE',  ( 31.25000000000000000, -5.510910596163108291E-16, 3.000000000000010658 ) ) ;
#1661 = CARTESIAN_POINT ( 'NONE',  ( 19.93750000000001066, -2.350480947161660339, -0.9736010864139181820 ) ) ;
#1662 = CARTESIAN_POINT ( 'NONE',  ( 42.68750000000001421, -0.9736010864139191812, 2.350480947161659895 ) ) ;
#1663 = CARTESIAN_POINT ( 'NONE',  ( 31.81249999999999289, -0.9736010864139191812, 2.350480947161659895 ) ) ;
#1664 = ORIENTED_EDGE ( 'NONE', *, *, #4985, .F. ) ;
#1665 = EDGE_CURVE ( 'NONE', #1721, #4314, #2361, .T. ) ;
#1666 = CARTESIAN_POINT ( 'NONE',  ( 28.62499999999999645, 1.662041016787788594, 1.662041016787789482 ) ) ;
#1667 = VECTOR ( 'NONE', #3583, 1000.000000000000000 ) ;
#1668 = CARTESIAN_POINT ( 'NONE',  ( 19.87500000000000711, 3.000000000000010658, 0.000000000000000000 ) ) ;
#1669 = CARTESIAN_POINT ( 'NONE',  ( 41.56249999999999289, 2.350480947161659895, 0.9736010864139195142 ) ) ;
#1670 = VERTEX_POINT ( 'NONE', #225 ) ;
#1671 = AXIS2_PLACEMENT_3D ( 'NONE', #4094, #6144, #2134 ) ;
#1672 = CARTESIAN_POINT ( 'NONE',  ( 32.25000000000001421, 1.662041016787789260, -1.662041016787788816 ) ) ;
#1673 = CARTESIAN_POINT ( 'NONE',  ( 34.46875000000000000, -3.054126587736535559, -3.740226349862376611E-16 ) ) ;
#1674 = CARTESIAN_POINT ( 'NONE',  ( 42.87500000000000000, -1.662041016787789482, 1.662041016787788816 ) ) ;
#1675 = LINE ( 'NONE', #3673, #6081 ) ;
#1676 = CARTESIAN_POINT ( 'NONE',  ( 42.24999999999999289, -5.510910596163108291E-16, 3.000000000000010658 ) ) ;
#1677 = CARTESIAN_POINT ( 'NONE',  ( 28.71875000000001421, 1.265060653844735539, -3.054126587736535114 ) ) ;
#1678 = CARTESIAN_POINT ( 'NONE',  ( 23.74999999999999645, -4.317763452597548908E-16, 2.350480947161660339 ) ) ;
#1679 = CARTESIAN_POINT ( 'NONE',  ( 35.43750000000000711, -3.000000000000011102, 1.242640687119288989 ) ) ;
#1680 = AXIS2_PLACEMENT_3D ( 'NONE', #15, #568, #2546 ) ;
#1681 = CARTESIAN_POINT ( 'NONE',  ( 23.75000000000001066, -1.662041016787789482, 1.662041016787788816 ) ) ;
#1682 = CARTESIAN_POINT ( 'NONE',  ( 18.12500000000001066, 1.439254484199183216E-16, -2.350480947161660339 ) ) ;
#1683 = DIRECTION ( 'NONE',  ( -1.000000000000000000, -0.000000000000000000, -0.000000000000000000 ) ) ;
#1684 = EDGE_LOOP ( 'NONE', ( #6296, #188, #532 ) ) ;
#1685 = EDGE_LOOP ( 'NONE', ( #2930, #3602, #1488, #6188 ) ) ;
#1686 = CARTESIAN_POINT ( 'NONE',  ( 39.81250000000000711, -2.350480947161660783, 0.9736010864139172938 ) ) ;
#1687 = CARTESIAN_POINT ( 'NONE',  ( 39.59375000000000000, -2.159593620790635438, -2.159593620790635438 ) ) ;
#1688 = CARTESIAN_POINT ( 'NONE',  ( 38.12500000000001421, 1.439254484199183216E-16, -2.350480947161660339 ) ) ;
#1689 = CARTESIAN_POINT ( 'NONE',  ( 32.50000000000000711, 1.662041016787788594, 1.662041016787789482 ) ) ;
#1690 = CARTESIAN_POINT ( 'NONE',  ( 33.56249999999999289, 2.350480947161659895, 0.9736010864139195142 ) ) ;
#1691 = CARTESIAN_POINT ( 'NONE',  ( 41.18749999999998579, 1.242640687119290321, 3.000000000000010214 ) ) ;
#1692 = ORIENTED_EDGE ( 'NONE', *, *, #732, .T. ) ;
#1693 = CARTESIAN_POINT ( 'NONE',  ( 41.96875000000000711, 3.054126587736534670, 1.265060653844737759 ) ) ;
#1694 = CARTESIAN_POINT ( 'NONE',  ( 30.12500000000001066, -5.510910596163109277E-16, 3.000000000000010658 ) ) ;
#1695 = CARTESIAN_POINT ( 'NONE',  ( 27.93750000000001066, 3.000000000000009770, 1.242640687119291654 ) ) ;
#1696 = CARTESIAN_POINT ( 'NONE',  ( 20.31250000000001421, 2.350480947161660339, -0.9736010864139179599 ) ) ;
#1697 = CARTESIAN_POINT ( 'NONE',  ( 18.90624999999999645, 3.054126587736535114, -1.265060653844735317 ) ) ;
#1698 = CARTESIAN_POINT ( 'NONE',  ( 29.50000000000000000, 2.350480947161660339, 0.000000000000000000 ) ) ;
#1699 = EDGE_CURVE ( 'NONE', #4107, #5622, #3028, .T. ) ;
#1700 = CARTESIAN_POINT ( 'NONE',  ( 43.50000000000000000, 2.350480947161660339, 0.000000000000000000 ) ) ;
#1701 = ORIENTED_EDGE ( 'NONE', *, *, #6322, .F. ) ;
#1702 = CARTESIAN_POINT ( 'NONE',  ( 25.87499999999999645, -1.662041016787789482, 1.662041016787788816 ) ) ;
#1703 = DIRECTION ( 'NONE',  ( -1.000000000000000000, -0.000000000000000000, -0.000000000000000000 ) ) ;
#1704 = CARTESIAN_POINT ( 'NONE',  ( 39.43750000000000000, 2.350480947161660339, -0.9736010864139179599 ) ) ;
#1705 = VECTOR ( 'NONE', #6091, 1000.000000000000114 ) ;
#1706 = EDGE_LOOP ( 'NONE', ( #5829, #5471, #4186, #6128 ) ) ;
#1707 = CARTESIAN_POINT ( 'NONE',  ( 33.62500000000000711, -4.317763452597548908E-16, 2.350480947161660339 ) ) ;
#1708 = CARTESIAN_POINT ( 'NONE',  ( 30.71875000000000000, 1.870113174931188306E-16, -3.054126587736535559 ) ) ;
#1709 = CARTESIAN_POINT ( 'NONE',  ( -43.00000000000000000, 0.000000000000000000, 0.000000000000000000 ) ) ;
#1710 = EDGE_CURVE ( 'NONE', #4041, #4404, #2128, .T. ) ;
#1711 = CARTESIAN_POINT ( 'NONE',  ( 41.56249999999999289, -3.000000000000010658, -1.242640687119289877 ) ) ;
#1712 = VECTOR ( 'NONE', #6130, 1000.000000000000000 ) ;
#1713 = CARTESIAN_POINT ( 'NONE',  ( 28.21875000000001421, -1.265060653844737315, 3.054126587736534670 ) ) ;
#1714 = CARTESIAN_POINT ( 'NONE',  ( 19.64951905283834677, 1.379836182837152814, 1.902843343920715524 ) ) ;
#1715 = CARTESIAN_POINT ( 'NONE',  ( 28.81249999999999645, 1.242640687119355380, -2.999999999999944489 ) ) ;
#1716 = CARTESIAN_POINT ( 'NONE',  ( 26.12500000000001066, 1.439254484199183216E-16, -2.350480947161660339 ) ) ;
#1717 = CARTESIAN_POINT ( 'NONE',  ( 20.25000000000001066, 1.662041016787789260, -1.662041016787788816 ) ) ;
#1718 = CARTESIAN_POINT ( 'NONE',  ( 27.25000000000000000, -5.510910596163108291E-16, 3.000000000000010658 ) ) ;
#1719 = CARTESIAN_POINT ( 'NONE',  ( 42.31781891991545308, -2.915455194560874652, 0.3431293227885646724 ) ) ;
#1720 =( BOUNDED_CURVE ( )  B_SPLINE_CURVE ( 2, ( #1799, #3300, #5242, #3270, #2285, #179, #5771, #4175, #3205 ),
 .UNSPECIFIED., .F., .F. ) 
 B_SPLINE_CURVE_WITH_KNOTS ( ( 3, 2, 2, 2, 3 ),
 ( 0.2788461538461540767, 0.2836538461538463674, 0.2884615384615386580, 0.2932692307692309486, 0.2980769230769233502 ),
 .UNSPECIFIED. ) 
 CURVE ( )  GEOMETRIC_REPRESENTATION_ITEM ( )  RATIONAL_B_SPLINE_CURVE ( ( 0.9999999999999964473, 0.9238795325112902912, 1.000000000000000000, 0.9238795325112867385, 1.000000000000000000, 0.9238795325112867385, 1.000000000000000000, 0.9238795325112831858, 1.000000000000003553 ) ) 
 REPRESENTATION_ITEM ( '' )  );
#1721 = VERTEX_POINT ( 'NONE', #5118 ) ;
#1722 = CARTESIAN_POINT ( 'NONE',  ( 41.75000000000000711, -1.662041016787789482, 1.662041016787788816 ) ) ;
#1723 = CARTESIAN_POINT ( 'NONE',  ( 39.34375000000000000, -2.159593620790635882, 2.159593620790635438 ) ) ;
#1724 = CARTESIAN_POINT ( 'NONE',  ( 36.87500000000001421, -2.350480947161660339, -2.878508968398366432E-16 ) ) ;
#1725 = CARTESIAN_POINT ( 'NONE',  ( 31.87500000000001421, -2.350480947161660339, -2.878508968398366432E-16 ) ) ;
#1726 = CARTESIAN_POINT ( 'NONE',  ( 25.93750000000000000, -2.350480947161660339, 0.9736010864139172938 ) ) ;
#1727 = CARTESIAN_POINT ( 'NONE',  ( 24.31250000000001066, -3.000000000000011102, 1.242640687119288989 ) ) ;
#1728 = VERTEX_POINT ( 'NONE', #3700 ) ;
#1729 = CARTESIAN_POINT ( 'NONE',  ( 37.71875000000000000, 1.265060653844735539, -3.054126587736535114 ) ) ;
#1730 = CARTESIAN_POINT ( 'NONE',  ( 34.62500000000000711, 1.836970198721036344E-16, -3.000000000000010658 ) ) ;
#1731 = CARTESIAN_POINT ( 'NONE',  ( 27.62500000000000711, 1.836970198721036344E-16, -3.000000000000010658 ) ) ;
#1732 = CARTESIAN_POINT ( 'NONE',  ( 19.75000000000000000, 1.836970198721036344E-16, -3.000000000000010658 ) ) ;
#1733 = CARTESIAN_POINT ( 'NONE',  ( 17.90625000000000000, 3.054126587736535114, -1.265060653844735317 ) ) ;
#1734 = CARTESIAN_POINT ( 'NONE',  ( 29.12499999999999645, -1.662041016787788816, -1.662041016787789260 ) ) ;
#1735 = CARTESIAN_POINT ( 'NONE',  ( 38.12500000000000000, -1.662041016787788816, -1.662041016787789260 ) ) ;
#1736 = ORIENTED_EDGE ( 'NONE', *, *, #4018, .T. ) ;
#1737 = CARTESIAN_POINT ( 'NONE',  ( 26.12499999999999645, -1.662041016787788816, -1.662041016787789260 ) ) ;
#1738 = CYLINDRICAL_SURFACE ( 'NONE', #5949, 3.000000000000010658 ) ;
#1739 = CARTESIAN_POINT ( 'NONE',  ( 40.12499999999999289, -1.662041016787788816, -1.662041016787789260 ) ) ;
#1740 = ORIENTED_EDGE ( 'NONE', *, *, #5770, .T. ) ;
#1741 = CARTESIAN_POINT ( 'NONE',  ( 28.87500000000001066, -2.350480947161660339, -2.878508968398366432E-16 ) ) ;
#1742 = CARTESIAN_POINT ( 'NONE',  ( 28.03125000000000000, 3.054126587736534670, 1.265060653844737759 ) ) ;
#1743 = CARTESIAN_POINT ( 'NONE',  ( 19.59150635094401949, 1.408974337642983786E-11, 2.408493649055997388 ) ) ;
#1744 = AXIS2_PLACEMENT_3D ( 'NONE', #1286, #2336, #760 ) ;
#1745 = CARTESIAN_POINT ( 'NONE',  ( 21.43749999999999289, -3.000000000000011102, 1.242640687119288989 ) ) ;
#1746 = CARTESIAN_POINT ( 'NONE',  ( 29.28125000000000711, -2.159593620790635882, 2.159593620790635438 ) ) ;
#1747 = EDGE_CURVE ( 'NONE', #1199, #617, #3900, .T. ) ;
#1748 = CARTESIAN_POINT ( 'NONE',  ( 38.81250000000001421, 3.000000000000010658, -1.242640687119289433 ) ) ;
#1749 = CARTESIAN_POINT ( 'NONE',  ( 37.00000000000000711, 3.000000000000010658, 0.000000000000000000 ) ) ;
#1750 = CARTESIAN_POINT ( 'NONE',  ( 25.18750000000001066, 0.9736010864139180709, -2.350480947161660339 ) ) ;
#1751 = CARTESIAN_POINT ( 'NONE',  ( 20.62500000000001066, -4.317763452597548908E-16, 2.350480947161660339 ) ) ;
#1752 = DIRECTION ( 'NONE',  ( 0.000000000000000000, 0.000000000000000000, 1.000000000000000000 ) ) ;
#1753 = CARTESIAN_POINT ( 'NONE',  ( 38.56250000000001421, -1.242640687119223264, -3.000000000000075939 ) ) ;
#1754 = VERTEX_POINT ( 'NONE', #647 ) ;
#1755 = ADVANCED_FACE ( 'NONE', ( #6239 ), #1738, .T. ) ;
#1756 = CARTESIAN_POINT ( 'NONE',  ( 36.31249999999999289, 0.9736010864139180709, -2.350480947161660339 ) ) ;
#1757 = ORIENTED_EDGE ( 'NONE', *, *, #3056, .T. ) ;
#1758 = CARTESIAN_POINT ( 'NONE',  ( 39.25000000000000711, 1.662041016787789260, -1.662041016787788816 ) ) ;
#1759 = CARTESIAN_POINT ( 'NONE',  ( 40.90625000000000000, 3.054126587736535114, -1.265060653844735317 ) ) ;
#1760 = CC_DESIGN_PERSON_AND_ORGANIZATION_ASSIGNMENT ( #366, #1381, ( #5167 ) ) ;
#1761 =( BOUNDED_SURFACE ( )  B_SPLINE_SURFACE ( 1, 2, ( 
 ( #5237, #2214, #3684, #1228, #2633, #2181, #5698, #4109, #735, #2114, #769, #3651, #3752, #1622, #4603, #6122, #4667, #667, #2667, #208, #5766, #3617, #174, #4635, #3233, #3266, #5634, #5665, #1126, #141, #3129, #6158, #634, #1759, #1261, #2735, #4204, #1194, #4733, #2145, #5134, #4171, #5274, #244, #4140, #3718, #1652, #5170, #3200, #1159, #3164, #6190, #6225, #4700, #1687, #5204, #701, #2699, #1723, #5732, #2250, #4240, #6260, #3327, #6321, #1356, #3296, #1294, #4399, #5799, #2802, #2833, #2313, #4308, #338, #3815, #5339, #2342, #5921, #833, #4275, #5429, #5890, #276, #2404, #2892, #369, #6412, #1915, #2281, #4833, #1415, #1826, #4338, #4769, #3904, #2864, #5307, #1386, #4369, #6352, #3386, #6291, #1853, #3415, #5830, #3356, #5399, #1326, #891, #3844, #5861, #5369, #865, #4865, #2372, #6382, #2769, #1883, #4899, #3871, #399, #1793, #3780, #802, #4802, #308, #3480, #526, #5464, #4499, #4962, #3150, #497, #6141, #3937, #1673, #2922, #2957, #2503, #1518, #1983, #2439, #2533, #5951, #3, #5152, #2014, #3970, #4006, #6480, #3514, #1448, #4928, #1027, #3638, #1145, #5984, #5500, #6177, #652, #3446, #2651, #5653, #4619, #126, #462, #6018, #2132, #959, #5534, #4467, #3023, #994, #4126, #2472, #1482, #2991, #1641, #4653, #4997, #5027, #4435, #6447, #159, #2164, #4157, #3671, #927, #430, #1948, #5296, #2235, #3220, #195, #1280, #1708, #2685, #1247, #5223, #294, #2818, #789, #5188, #3286, #721, #4819, #325, #4687, #2788, #229, #3315, #1841, #4788, #2298, #2202, #2267, #5817, #4227, #4193, #1812, #5325, #1313, #4720, #4293, #6309, #4755, #3802, #3705, #6244, #819, #2329, #4326, #1213, #6340, #5683, #1177, #2721, #2756, #1742, #3184, #3770, #3738, #686, #1778, #6211, #5717, #5752, #4259, #3252, #5258, #754, #261, #6277, #5785, #5417, #5876, #1967, #5937, #3832, #4979, #6467, #6432, #3342, #5355, #3371, #2421, #5847, #448, #4851, #1468, #386, #2940, #912, #1371, #3956, #1434, #1342, #482, #3402, #2456, #358, #4485, #850, #5386, #2909, #4419, #4883, #2850, #5448, #2359, #4915, #5971, #417, #2391, #1934, #2879, #3922, #4357, #6369, #3433, #3464, #5484, #4385, #6397, #2489, #979, #1869, #2975, #6498, #945, #4946, #880, #4452, #3858, #1900, #3886, #5907, #1402, #2061, #1105, #1536, #22, #4023, #611, #4118, #55, #6035, #5519, #1012, #513, #2521, #6069, #3109, #4518, #1568, #1633, #1601, #5045, #3531, #3008, #4086, #2031, #5014, #4053, #5553, #5113, #5644, #3596, #1503, #6101, #1043, #1136, #3140, #3042, #5616, #544, #6133, #4645, #2610, #4611, #2552, #5079, #2125, #4548, #3564, #117, #3629, #5143, #5585, #643, #2644, #1075, #2001, #3076, #575, #3991, #6005, #3497, #2580, #4580, #85, #2092, #3695, #3729, #1697, #5777, #4744, #5708, #6200, #712, #2711, #6301, #4251, #5285, #1204, #3278, #5249, #3211, #746, #1770, #1733, #4711, #6269, #4677, #5742, #4183, #2289, #4216, #1238, #6169, #2779, #4149, #2811, #5214, #5809, #3662 ),
 ( #219, #2224, #1167, #2258, #2676, #5673, #6235, #3243, #1272, #3791, #3760, #1662, #778, #2746, #1305, #3305, #3174, #4779, #253, #4285, #151, #285, #1804, #5179, #5318, #811, #2157, #677, #185, #2192, #4939, #3853, #1428, #5931, #3880, #2416, #843, #5870, #4446, #6460, #3427, #351, #4412, #441, #6426, #1862, #1894, #6363, #3915, #2903, #1366, #938, #906, #4317, #6334, #4350, #3396, #4812, #5441, #5840, #2450, #3366, #2934, #6392, #2353, #1961, #411, #317, #5965, #4379, #3949, #1335, #5475, #2322, #5378, #5900, #5411, #875, #1835, #1927, #3335, #1397, #1460, #4909, #2875, #3457, #4877, #971, #3824, #381, #5348, #2383, #2843, #4843, #4111, #3067, #3491, #6094, #4572, #537, #1593, #475, #3035, #6124, #4511, #3557, #5609, #1528, #1097, #5546, #2024, #1036, #2544, #2514, #3523, #5037, #2603, #566, #3589, #4015, #3101, #1561, #13, #5577, #79, #4540, #47, #2573, #1005, #2053, #506, #5103, #4045, #6061, #2483, #604, #4478, #5636, #6027, #2116, #6491, #2967, #4972, #1066, #5071, #2085, #4079, #1625, #1994, #4605, #3001, #110, #3620, #3983, #5996, #1494, #5007, #5511, #2669, #3653, #4771, #278, #1763, #5240, #210, #4242, #5667, #1128, #703, #2283, #1264, #6293, #246, #4277, #1689, #6227, #1795, #1161, #143, #737, #1230, #3166, #3131, #3783, #1725, #5136, #4637, #2148, #4735, #636, #3686, #4669, #3720, #1654, #6160, #2771, #4143, #5172, #1196, #669, #177, #5206, #2183, #5700, #2702, #2635, #3203, #4173, #6192, #6262, #4702, #771, #3268, #2737, #2217, #4206, #5734, #3754, #3235, #2252, #5276, #5768, #2835, #2866, #836, #4901, #3873, #4835, #1917, #1885, #5309, #804, #5341, #4371, #5801, #2407, #310, #3418, #2345, #401, #867, #1328, #3906, #1388, #1297, #432, #5371, #4401, #2315, #6449, #3298, #3329, #4868, #6384, #340, #2804, #894, #4310, #372, #1417, #2374, #4340, #5892, #6354, #3388, #6324, #4804, #5401, #5923, #5431, #1855, #3846, #4437, #929, #1828, #2925, #4930, #2894, #6415, #5863, #2441, #1950, #3817, #5832, #1358, #3358, #4008, #3058, #3482, #1986, #5986, #2566, #6087, #2016, #1484, #961, #2959, #2474, #4469, #1520, #5062, #6482, #3516, #3580, #3549, #499, #5502, #4964, #6053, #3972, #464, #6020, #996, #559, #1089, #5569, #3448, #1554, #2993, #3091, #5096, #4999, #1059, #2505, #1585, #102, #4565, #71, #4502, #529, #4070, #5, #5537, #2078, #5601, #596, #1029, #2596, #4596, #3025, #3939, #5029, #2535, #5955, #1450, #5466, #4532, #39, #2046, #4038, #1254, #1121, #3712, #3159, #6253, #4762, #5725, #6218, #3125, #5197, #2245, #662, #5129, #4727, #1751, #4234, #1154, #5231, #3227, #1188, #1717, #4629, #5162, #3745, #5758, #728, #4134, #1222, #3259, #2728, #5660, #5692, #3646, #237, #203, #2660, #5266, #4694, #1617, #3611, #1648, #695, #2109, #763, #628, #2763, #4661, #4102, #3678, #6150, #6116, #4200, #5630, #2627, #1682, #135, #2140, #168, #2173, #4165, #3194, #2693, #6185, #2210, #1877, #5302, #6348 ) ),
 .UNSPECIFIED., .F., .F., .F. ) 
 B_SPLINE_SURFACE_WITH_KNOTS ( ( 2, 2 ),
 ( 3, 2, 2, 2, 2, 2, 2, 2, 2, 2, 2, 2, 2, 2, 2, 2, 2, 2, 2, 2, 2, 2, 2, 2, 2, 2, 2, 2, 2, 2, 2, 2, 2, 2, 2, 2, 2, 2, 2, 2, 2, 2, 2, 2, 2, 2, 2, 2, 2, 2, 2, 2, 2, 2, 2, 2, 2, 2, 2, 2, 2, 2, 2, 2, 2, 2, 2, 2, 2, 2, 2, 2, 2, 2, 2, 2, 2, 2, 2, 2, 2, 2, 2, 2, 2, 2, 2, 2, 2, 2, 2, 2, 2, 2, 2, 2, 2, 2, 2, 2, 2, 2, 2, 2, 2, 2, 2, 2, 2, 2, 2, 2, 2, 2, 2, 2, 2, 2, 2, 2, 2, 2, 2, 2, 2, 2, 2, 2, 2, 2, 2, 2, 2, 2, 2, 2, 2, 2, 2, 2, 2, 2, 2, 2, 2, 2, 2, 2, 2, 2, 2, 2, 2, 2, 2, 2, 2, 2, 2, 2, 2, 2, 2, 2, 2, 2, 2, 2, 2, 2, 2, 2, 2, 2, 2, 2, 2, 2, 2, 2, 2, 2, 2, 2, 2, 2, 2, 2, 2, 2, 2, 2, 2, 2, 2, 2, 2, 2, 2, 2, 2, 2, 2, 2, 2, 2, 2, 2, 3 ),
 ( 0.000000000000000000, 1.000000000000000000 ),
 ( 0.000000000000000000, 0.004807692307692307959, 0.009615384615384615918, 0.01442307692307692388, 0.01923076923076923184, 0.02403846153846153980, 0.02884615384615384776, 0.03365384615384615224, 0.03846153846153846367, 0.04326923076923076816, 0.04807692307692307959, 0.05288461538461538408, 0.05769230769230769551, 0.06250000000000000000, 0.06730769230769230449, 0.07211538461538460898, 0.07692307692307692735, 0.08173076923076923184, 0.08653846153846153633, 0.09134615384615384082, 0.09615384615384615918, 0.1009615384615384637, 0.1057692307692307682, 0.1105769230769230727, 0.1153846153846153910, 0.1201923076923076955, 0.1250000000000000000, 0.1298076923076923184, 0.1346153846153846090, 0.1394230769230769273, 0.1442307692307692180, 0.1490384615384615363, 0.1538461538461538547, 0.1586538461538461453, 0.1634615384615384637, 0.1682692307692307820, 0.1730769230769230727, 0.1778846153846153910, 0.1826923076923076816, 0.1875000000000000000, 0.1923076923076923184, 0.1971153846153846090, 0.2019230769230769273, 0.2067307692307692180, 0.2115384615384615363, 0.2163461538461538547, 0.2211538461538461453, 0.2259615384615384637, 0.2307692307692307820, 0.2355769230769230727, 0.2403846153846153910, 0.2451923076923076816, 0.2500000000000000000, 0.2548076923076922906, 0.2596153846153846367, 0.2644230769230769273, 0.2692307692307692180, 0.2740384615384615641, 0.2788461538461538547, 0.2836538461538461453, 0.2884615384615384359, 0.2932692307692307820, 0.2980769230769230727, 0.3028846153846153633, 0.3076923076923077094, 0.3125000000000000000, 0.3173076923076922906, 0.3221153846153846367, 0.3269230769230769273, 0.3317307692307692180, 0.3365384615384615641, 0.3413461538461538547, 0.3461538461538461453, 0.3509615384615384359, 0.3557692307692307820, 0.3605769230769230727, 0.3653846153846153633, 0.3701923076923077094, 0.3750000000000000000, 0.3798076923076922906, 0.3846153846153846367, 0.3894230769230769273, 0.3942307692307692180, 0.3990384615384615641, 0.4038461538461538547, 0.4086538461538461453, 0.4134615384615384359, 0.4182692307692307820, 0.4230769230769230727, 0.4278846153846153633, 0.4326923076923077094, 0.4375000000000000000, 0.4423076923076922906, 0.4471153846153846367, 0.4519230769230769273, 0.4567307692307692180, 0.4615384615384615641, 0.4663461538461538547, 0.4711538461538461453, 0.4759615384615384359, 0.4807692307692307820, 0.4855769230769230727, 0.4903846153846153633, 0.4951923076923077094, 0.5000000000000000000, 0.5048076923076922906, 0.5096153846153845812, 0.5144230769230768718, 0.5192307692307692735, 0.5240384615384615641, 0.5288461538461538547, 0.5336538461538461453, 0.5384615384615384359, 0.5432692307692307265, 0.5480769230769231282, 0.5528846153846154188, 0.5576923076923077094, 0.5625000000000000000, 0.5673076923076922906, 0.5721153846153845812, 0.5769230769230768718, 0.5817307692307692735, 0.5865384615384615641, 0.5913461538461538547, 0.5961538461538461453, 0.6009615384615384359, 0.6057692307692307265, 0.6105769230769231282, 0.6153846153846154188, 0.6201923076923077094, 0.6250000000000000000, 0.6298076923076922906, 0.6346153846153845812, 0.6394230769230768718, 0.6442307692307692735, 0.6490384615384615641, 0.6538461538461538547, 0.6586538461538461453, 0.6634615384615384359, 0.6682692307692307265, 0.6730769230769231282, 0.6778846153846154188, 0.6826923076923077094, 0.6875000000000000000, 0.6923076923076922906, 0.6971153846153845812, 0.7019230769230768718, 0.7067307692307692735, 0.7115384615384615641, 0.7163461538461538547, 0.7211538461538461453, 0.7259615384615384359, 0.7307692307692307265, 0.7355769230769231282, 0.7403846153846154188, 0.7451923076923077094, 0.7500000000000000000, 0.7548076923076922906, 0.7596153846153845812, 0.7644230769230768718, 0.7692307692307692735, 0.7740384615384615641, 0.7788461538461538547, 0.7836538461538461453, 0.7884615384615384359, 0.7932692307692307265, 0.7980769230769231282, 0.8028846153846154188, 0.8076923076923077094, 0.8125000000000000000, 0.8173076923076922906, 0.8221153846153845812, 0.8269230769230768718, 0.8317307692307692735, 0.8365384615384615641, 0.8413461538461538547, 0.8461538461538461453, 0.8509615384615384359, 0.8557692307692307265, 0.8605769230769231282, 0.8653846153846154188, 0.8701923076923077094, 0.8750000000000000000, 0.8798076923076922906, 0.8846153846153845812, 0.8894230769230768718, 0.8942307692307692735, 0.8990384615384615641, 0.9038461538461538547, 0.9086538461538461453, 0.9134615384615384359, 0.9182692307692307265, 0.9230769230769231282, 0.9278846153846154188, 0.9326923076923077094, 0.9375000000000000000, 0.9423076923076922906, 0.9471153846153845812, 0.9519230769230768718, 0.9567307692307692735, 0.9615384615384615641, 0.9663461538461538547, 0.9711538461538461453, 0.9759615384615384359, 0.9807692307692307265, 0.9855769230769231282, 0.9903846153846154188, 0.9951923076923077094, 1.000000000000000000 ),
 .UNSPECIFIED. ) 
 GEOMETRIC_REPRESENTATION_ITEM ( )  RATIONAL_B_SPLINE_SURFACE ( (
 ( 1.000000000000000000, 0.9238795325112867385, 1.000000000000000000, 0.9238795325112867385, 1.000000000000000000, 0.9238795325112867385, 1.000000000000000000, 0.9238795325112867385, 1.000000000000000000, 0.9238795325112867385, 1.000000000000000000, 0.9238795325112867385, 1.000000000000000000, 0.9238795325112867385, 1.000000000000000000, 0.9238795325112867385, 1.000000000000000000, 0.9238795325112867385, 1.000000000000000000, 0.9238795325112867385, 1.000000000000000000, 0.9238795325112867385, 1.000000000000000000, 0.9238795325112867385, 1.000000000000000000, 0.9238795325112867385, 1.000000000000000000, 0.9238795325112867385, 1.000000000000000000, 0.9238795325112867385, 1.000000000000000000, 0.9238795325112867385, 1.000000000000000000, 0.9238795325112867385, 1.000000000000000000, 0.9238795325112867385, 1.000000000000000000, 0.9238795325112867385, 1.000000000000000000, 0.9238795325112867385, 1.000000000000000000, 0.9238795325112867385, 1.000000000000000000, 0.9238795325112867385, 1.000000000000000000, 0.9238795325112867385, 1.000000000000000000, 0.9238795325112867385, 1.000000000000000000, 0.9238795325112867385, 1.000000000000000000, 0.9238795325112867385, 1.000000000000000000, 0.9238795325112867385, 1.000000000000000000, 0.9238795325112867385, 1.000000000000000000, 0.9238795325112867385, 1.000000000000000000, 0.9238795325112867385, 1.000000000000000000, 0.9238795325112867385, 1.000000000000000000, 0.9238795325112867385, 1.000000000000000000, 0.9238795325112867385, 1.000000000000000000, 0.9238795325112867385, 1.000000000000000000, 0.9238795325112867385, 1.000000000000000000, 0.9238795325112867385, 1.000000000000000000, 0.9238795325112867385, 1.000000000000000000, 0.9238795325112867385, 1.000000000000000000, 0.9238795325112867385, 1.000000000000000000, 0.9238795325112867385, 1.000000000000000000, 0.9238795325112867385, 1.000000000000000000, 0.9238795325112867385, 1.000000000000000000, 0.9238795325112867385, 1.000000000000000000, 0.9238795325112867385, 1.000000000000000000, 0.9238795325112867385, 1.000000000000000000, 0.9238795325112867385, 1.000000000000000000, 0.9238795325112867385, 1.000000000000000000, 0.9238795325112867385, 1.000000000000000000, 0.9238795325112867385, 1.000000000000000000, 0.9238795325112867385, 1.000000000000000000, 0.9238795325112867385, 1.000000000000000000, 0.9238795325112867385, 1.000000000000000000, 0.9238795325112867385, 1.000000000000000000, 0.9238795325112867385, 1.000000000000000000, 0.9238795325112867385, 1.000000000000000000, 0.9238795325112867385, 1.000000000000000000, 0.9238795325112867385, 1.000000000000000000, 0.9238795325112867385, 1.000000000000000000, 0.9238795325112867385, 1.000000000000000000, 0.9238795325112867385, 1.000000000000000000, 0.9238795325112867385, 1.000000000000000000, 0.9238795325112867385, 1.000000000000000000, 0.9238795325112867385, 1.000000000000000000, 0.9238795325112867385, 1.000000000000000000, 0.9238795325112867385, 1.000000000000000000, 0.9238795325112867385, 1.000000000000000000, 0.9238795325112867385, 1.000000000000000000, 0.9238795325112867385, 1.000000000000000000, 0.9238795325112867385, 1.000000000000000000, 0.9238795325112867385, 1.000000000000000000, 0.9238795325112867385, 1.000000000000000000, 0.9238795325112867385, 1.000000000000000000, 0.9238795325112867385, 1.000000000000000000, 0.9238795325112867385, 1.000000000000000000, 0.9238795325112867385, 1.000000000000000000, 0.9238795325112867385, 1.000000000000000000, 0.9238795325112867385, 1.000000000000000000, 0.9238795325112867385, 1.000000000000000000, 0.9238795325112867385, 1.000000000000000000, 0.9238795325112867385, 1.000000000000000000, 0.9238795325112867385, 1.000000000000000000, 0.9238795325112867385, 1.000000000000000000, 0.9238795325112867385, 1.000000000000000000, 0.9238795325112867385, 1.000000000000000000, 0.9238795325112867385, 1.000000000000000000, 0.9238795325112867385, 1.000000000000000000, 0.9238795325112867385, 1.000000000000000000, 0.9238795325112867385, 1.000000000000000000, 0.9238795325112867385, 1.000000000000000000, 0.9238795325112867385, 1.000000000000000000, 0.9238795325112867385, 1.000000000000000000, 0.9238795325112867385, 1.000000000000000000, 0.9238795325112867385, 1.000000000000000000, 0.9238795325112867385, 1.000000000000000000, 0.9238795325112867385, 1.000000000000000000, 0.9238795325112867385, 1.000000000000000000, 0.9238795325112867385, 1.000000000000000000, 0.9238795325112867385, 1.000000000000000000, 0.9238795325112867385, 1.000000000000000000, 0.9238795325112867385, 1.000000000000000000, 0.9238795325112867385, 1.000000000000000000, 0.9238795325112867385, 1.000000000000000000, 0.9238795325112867385, 1.000000000000000000, 0.9238795325112867385, 1.000000000000000000, 0.9238795325112867385, 1.000000000000000000, 0.9238795325112867385, 1.000000000000000000, 0.9238795325112867385, 1.000000000000000000, 0.9238795325112867385, 1.000000000000000000, 0.9238795325112867385, 1.000000000000000000, 0.9238795325112867385, 1.000000000000000000, 0.9238795325112867385, 1.000000000000000000, 0.9238795325112867385, 1.000000000000000000, 0.9238795325112867385, 1.000000000000000000, 0.9238795325112867385, 1.000000000000000000, 0.9238795325112867385, 1.000000000000000000, 0.9238795325112867385, 1.000000000000000000, 0.9238795325112867385, 1.000000000000000000, 0.9238795325112867385, 1.000000000000000000, 0.9238795325112867385, 1.000000000000000000, 0.9238795325112867385, 1.000000000000000000, 0.9238795325112867385, 1.000000000000000000, 0.9238795325112867385, 1.000000000000000000, 0.9238795325112867385, 1.000000000000000000, 0.9238795325112867385, 1.000000000000000000, 0.9238795325112867385, 1.000000000000000000, 0.9238795325112867385, 1.000000000000000000, 0.9238795325112867385, 1.000000000000000000, 0.9238795325112867385, 1.000000000000000000, 0.9238795325112867385, 1.000000000000000000, 0.9238795325112867385, 1.000000000000000000, 0.9238795325112867385, 1.000000000000000000, 0.9238795325112867385, 1.000000000000000000, 0.9238795325112867385, 1.000000000000000000, 0.9238795325112867385, 1.000000000000000000, 0.9238795325112867385, 1.000000000000000000, 0.9238795325112867385, 1.000000000000000000, 0.9238795325112867385, 1.000000000000000000, 0.9238795325112867385, 1.000000000000000000, 0.9238795325112867385, 1.000000000000000000, 0.9238795325112867385, 1.000000000000000000, 0.9238795325112867385, 1.000000000000000000, 0.9238795325112867385, 1.000000000000000000, 0.9238795325112867385, 1.000000000000000000, 0.9238795325112867385, 1.000000000000000000, 0.9238795325112867385, 1.000000000000000000, 0.9238795325112867385, 1.000000000000000000, 0.9238795325112867385, 1.000000000000000000, 0.9238795325112867385, 1.000000000000000000, 0.9238795325112867385, 1.000000000000000000, 0.9238795325112867385, 1.000000000000000000, 0.9238795325112867385, 1.000000000000000000, 0.9238795325112867385, 1.000000000000000000, 0.9238795325112867385, 1.000000000000000000, 0.9238795325112867385, 1.000000000000000000, 0.9238795325112867385, 1.000000000000000000, 0.9238795325112867385, 1.000000000000000000, 0.9238795325112867385, 1.000000000000000000, 0.9238795325112867385, 1.000000000000000000, 0.9238795325112867385, 1.000000000000000000, 0.9238795325112867385, 1.000000000000000000, 0.9238795325112867385, 1.000000000000000000, 0.9238795325112867385, 1.000000000000000000, 0.9238795325112867385, 1.000000000000000000, 0.9238795325112867385, 1.000000000000000000, 0.9238795325112867385, 1.000000000000000000, 0.9238795325112867385, 1.000000000000000000, 0.9238795325112867385, 1.000000000000000000, 0.9238795325112867385, 1.000000000000000000, 0.9238795325112867385, 1.000000000000000000, 0.9238795325112867385, 1.000000000000000000, 0.9238795325112867385, 1.000000000000000000, 0.9238795325112867385, 1.000000000000000000, 0.9238795325112867385, 1.000000000000000000, 0.9238795325112867385, 1.000000000000000000, 0.9238795325112867385, 1.000000000000000000, 0.9238795325112867385, 1.000000000000000000, 0.9238795325112867385, 1.000000000000000000, 0.9238795325112867385, 1.000000000000000000, 0.9238795325112867385, 1.000000000000000000, 0.9238795325112867385, 1.000000000000000000, 0.9238795325112867385, 1.000000000000000000, 0.9238795325112867385, 1.000000000000000000, 0.9238795325112867385, 1.000000000000000000, 0.9238795325112867385, 1.000000000000000000, 0.9238795325112867385, 1.000000000000000000, 0.9238795325112867385, 1.000000000000000000, 0.9238795325112867385, 1.000000000000000000, 0.9238795325112867385, 1.000000000000000000, 0.9238795325112867385, 1.000000000000000000, 0.9238795325112867385, 1.000000000000000000, 0.9238795325112867385, 1.000000000000000000, 0.9238795325112867385, 1.000000000000000000, 0.9238795325112867385, 1.000000000000000000, 0.9238795325112867385, 1.000000000000000000, 0.9238795325112867385, 1.000000000000000000, 0.9238795325112867385, 1.000000000000000000, 0.9238795325112867385, 1.000000000000000000, 0.9238795325112867385, 1.000000000000000000, 0.9238795325112867385, 1.000000000000000000, 0.9238795325112867385, 1.000000000000000000, 0.9238795325112867385, 1.000000000000000000, 0.9238795325112867385, 1.000000000000000000, 0.9238795325112867385, 1.000000000000000000, 0.9238795325112867385, 1.000000000000000000, 0.9238795325112867385, 1.000000000000000000, 0.9238795325112867385, 1.000000000000000000, 0.9238795325112867385, 1.000000000000000000, 0.9238795325112867385, 1.000000000000000000),
 ( 1.000000000000000000, 0.9238795325112867385, 1.000000000000000000, 0.9238795325112867385, 1.000000000000000000, 0.9238795325112867385, 1.000000000000000000, 0.9238795325112867385, 1.000000000000000000, 0.9238795325112867385, 1.000000000000000000, 0.9238795325112867385, 1.000000000000000000, 0.9238795325112867385, 1.000000000000000000, 0.9238795325112867385, 1.000000000000000000, 0.9238795325112867385, 1.000000000000000000, 0.9238795325112867385, 1.000000000000000000, 0.9238795325112867385, 1.000000000000000000, 0.9238795325112867385, 1.000000000000000000, 0.9238795325112867385, 1.000000000000000000, 0.9238795325112867385, 1.000000000000000000, 0.9238795325112867385, 1.000000000000000000, 0.9238795325112867385, 1.000000000000000000, 0.9238795325112867385, 1.000000000000000000, 0.9238795325112867385, 1.000000000000000000, 0.9238795325112867385, 1.000000000000000000, 0.9238795325112867385, 1.000000000000000000, 0.9238795325112867385, 1.000000000000000000, 0.9238795325112867385, 1.000000000000000000, 0.9238795325112867385, 1.000000000000000000, 0.9238795325112867385, 1.000000000000000000, 0.9238795325112867385, 1.000000000000000000, 0.9238795325112867385, 1.000000000000000000, 0.9238795325112867385, 1.000000000000000000, 0.9238795325112867385, 1.000000000000000000, 0.9238795325112867385, 1.000000000000000000, 0.9238795325112867385, 1.000000000000000000, 0.9238795325112867385, 1.000000000000000000, 0.9238795325112867385, 1.000000000000000000, 0.9238795325112867385, 1.000000000000000000, 0.9238795325112867385, 1.000000000000000000, 0.9238795325112867385, 1.000000000000000000, 0.9238795325112867385, 1.000000000000000000, 0.9238795325112867385, 1.000000000000000000, 0.9238795325112867385, 1.000000000000000000, 0.9238795325112867385, 1.000000000000000000, 0.9238795325112867385, 1.000000000000000000, 0.9238795325112867385, 1.000000000000000000, 0.9238795325112867385, 1.000000000000000000, 0.9238795325112867385, 1.000000000000000000, 0.9238795325112867385, 1.000000000000000000, 0.9238795325112867385, 1.000000000000000000, 0.9238795325112867385, 1.000000000000000000, 0.9238795325112867385, 1.000000000000000000, 0.9238795325112867385, 1.000000000000000000, 0.9238795325112867385, 1.000000000000000000, 0.9238795325112867385, 1.000000000000000000, 0.9238795325112867385, 1.000000000000000000, 0.9238795325112867385, 1.000000000000000000, 0.9238795325112867385, 1.000000000000000000, 0.9238795325112867385, 1.000000000000000000, 0.9238795325112867385, 1.000000000000000000, 0.9238795325112867385, 1.000000000000000000, 0.9238795325112867385, 1.000000000000000000, 0.9238795325112867385, 1.000000000000000000, 0.9238795325112867385, 1.000000000000000000, 0.9238795325112867385, 1.000000000000000000, 0.9238795325112867385, 1.000000000000000000, 0.9238795325112867385, 1.000000000000000000, 0.9238795325112867385, 1.000000000000000000, 0.9238795325112867385, 1.000000000000000000, 0.9238795325112867385, 1.000000000000000000, 0.9238795325112867385, 1.000000000000000000, 0.9238795325112867385, 1.000000000000000000, 0.9238795325112867385, 1.000000000000000000, 0.9238795325112867385, 1.000000000000000000, 0.9238795325112867385, 1.000000000000000000, 0.9238795325112867385, 1.000000000000000000, 0.9238795325112867385, 1.000000000000000000, 0.9238795325112867385, 1.000000000000000000, 0.9238795325112867385, 1.000000000000000000, 0.9238795325112867385, 1.000000000000000000, 0.9238795325112867385, 1.000000000000000000, 0.9238795325112867385, 1.000000000000000000, 0.9238795325112867385, 1.000000000000000000, 0.9238795325112867385, 1.000000000000000000, 0.9238795325112867385, 1.000000000000000000, 0.9238795325112867385, 1.000000000000000000, 0.9238795325112867385, 1.000000000000000000, 0.9238795325112867385, 1.000000000000000000, 0.9238795325112867385, 1.000000000000000000, 0.9238795325112867385, 1.000000000000000000, 0.9238795325112867385, 1.000000000000000000, 0.9238795325112867385, 1.000000000000000000, 0.9238795325112867385, 1.000000000000000000, 0.9238795325112867385, 1.000000000000000000, 0.9238795325112867385, 1.000000000000000000, 0.9238795325112867385, 1.000000000000000000, 0.9238795325112867385, 1.000000000000000000, 0.9238795325112867385, 1.000000000000000000, 0.9238795325112867385, 1.000000000000000000, 0.9238795325112867385, 1.000000000000000000, 0.9238795325112867385, 1.000000000000000000, 0.9238795325112867385, 1.000000000000000000, 0.9238795325112867385, 1.000000000000000000, 0.9238795325112867385, 1.000000000000000000, 0.9238795325112867385, 1.000000000000000000, 0.9238795325112867385, 1.000000000000000000, 0.9238795325112867385, 1.000000000000000000, 0.9238795325112867385, 1.000000000000000000, 0.9238795325112867385, 1.000000000000000000, 0.9238795325112867385, 1.000000000000000000, 0.9238795325112867385, 1.000000000000000000, 0.9238795325112867385, 1.000000000000000000, 0.9238795325112867385, 1.000000000000000000, 0.9238795325112867385, 1.000000000000000000, 0.9238795325112867385, 1.000000000000000000, 0.9238795325112867385, 1.000000000000000000, 0.9238795325112867385, 1.000000000000000000, 0.9238795325112867385, 1.000000000000000000, 0.9238795325112867385, 1.000000000000000000, 0.9238795325112867385, 1.000000000000000000, 0.9238795325112867385, 1.000000000000000000, 0.9238795325112867385, 1.000000000000000000, 0.9238795325112867385, 1.000000000000000000, 0.9238795325112867385, 1.000000000000000000, 0.9238795325112867385, 1.000000000000000000, 0.9238795325112867385, 1.000000000000000000, 0.9238795325112867385, 1.000000000000000000, 0.9238795325112867385, 1.000000000000000000, 0.9238795325112867385, 1.000000000000000000, 0.9238795325112867385, 1.000000000000000000, 0.9238795325112867385, 1.000000000000000000, 0.9238795325112867385, 1.000000000000000000, 0.9238795325112867385, 1.000000000000000000, 0.9238795325112867385, 1.000000000000000000, 0.9238795325112867385, 1.000000000000000000, 0.9238795325112867385, 1.000000000000000000, 0.9238795325112867385, 1.000000000000000000, 0.9238795325112867385, 1.000000000000000000, 0.9238795325112867385, 1.000000000000000000, 0.9238795325112867385, 1.000000000000000000, 0.9238795325112867385, 1.000000000000000000, 0.9238795325112867385, 1.000000000000000000, 0.9238795325112867385, 1.000000000000000000, 0.9238795325112867385, 1.000000000000000000, 0.9238795325112867385, 1.000000000000000000, 0.9238795325112867385, 1.000000000000000000, 0.9238795325112867385, 1.000000000000000000, 0.9238795325112867385, 1.000000000000000000, 0.9238795325112867385, 1.000000000000000000, 0.9238795325112867385, 1.000000000000000000, 0.9238795325112867385, 1.000000000000000000, 0.9238795325112867385, 1.000000000000000000, 0.9238795325112867385, 1.000000000000000000, 0.9238795325112867385, 1.000000000000000000, 0.9238795325112867385, 1.000000000000000000, 0.9238795325112867385, 1.000000000000000000, 0.9238795325112867385, 1.000000000000000000, 0.9238795325112867385, 1.000000000000000000, 0.9238795325112867385, 1.000000000000000000, 0.9238795325112867385, 1.000000000000000000, 0.9238795325112867385, 1.000000000000000000, 0.9238795325112867385, 1.000000000000000000, 0.9238795325112867385, 1.000000000000000000, 0.9238795325112867385, 1.000000000000000000, 0.9238795325112867385, 1.000000000000000000, 0.9238795325112867385, 1.000000000000000000, 0.9238795325112867385, 1.000000000000000000, 0.9238795325112867385, 1.000000000000000000, 0.9238795325112867385, 1.000000000000000000, 0.9238795325112867385, 1.000000000000000000, 0.9238795325112867385, 1.000000000000000000, 0.9238795325112867385, 1.000000000000000000, 0.9238795325112867385, 1.000000000000000000, 0.9238795325112867385, 1.000000000000000000, 0.9238795325112867385, 1.000000000000000000, 0.9238795325112867385, 1.000000000000000000, 0.9238795325112867385, 1.000000000000000000, 0.9238795325112867385, 1.000000000000000000, 0.9238795325112867385, 1.000000000000000000, 0.9238795325112867385, 1.000000000000000000, 0.9238795325112867385, 1.000000000000000000, 0.9238795325112867385, 1.000000000000000000, 0.9238795325112867385, 1.000000000000000000, 0.9238795325112867385, 1.000000000000000000, 0.9238795325112867385, 1.000000000000000000, 0.9238795325112867385, 1.000000000000000000, 0.9238795325112867385, 1.000000000000000000, 0.9238795325112867385, 1.000000000000000000, 0.9238795325112867385, 1.000000000000000000, 0.9238795325112867385, 1.000000000000000000, 0.9238795325112867385, 1.000000000000000000, 0.9238795325112867385, 1.000000000000000000, 0.9238795325112867385, 1.000000000000000000, 0.9238795325112867385, 1.000000000000000000, 0.9238795325112867385, 1.000000000000000000, 0.9238795325112867385, 1.000000000000000000, 0.9238795325112867385, 1.000000000000000000, 0.9238795325112867385, 1.000000000000000000, 0.9238795325112867385, 1.000000000000000000, 0.9238795325112867385, 1.000000000000000000, 0.9238795325112867385, 1.000000000000000000, 0.9238795325112867385, 1.000000000000000000, 0.9238795325112867385, 1.000000000000000000, 0.9238795325112867385, 1.000000000000000000, 0.9238795325112867385, 1.000000000000000000, 0.9238795325112867385, 1.000000000000000000, 0.9238795325112867385, 1.000000000000000000, 0.9238795325112867385, 1.000000000000000000, 0.9238795325112867385, 1.000000000000000000, 0.9238795325112867385, 1.000000000000000000, 0.9238795325112867385, 1.000000000000000000, 0.9238795325112867385, 1.000000000000000000, 0.9238795325112867385, 1.000000000000000000) ) ) 
 REPRESENTATION_ITEM ( '' )  SURFACE ( )  );
#1762 = CARTESIAN_POINT ( 'NONE',  ( 39.12500000000000711, 1.439254484199183216E-16, -2.350480947161660339 ) ) ;
#1763 = CARTESIAN_POINT ( 'NONE',  ( 33.25000000000000711, 1.662041016787789260, -1.662041016787788816 ) ) ;
#1764 = CARTESIAN_POINT ( 'NONE',  ( 26.31249999999999645, 0.9736010864139180709, -2.350480947161660339 ) ) ;
#1765 = CARTESIAN_POINT ( 'NONE',  ( 34.93750000000000711, 3.000000000000009770, 1.242640687119291654 ) ) ;
#1766 = CIRCLE ( 'NONE', #4160, 4.500000000000003553 ) ;
#1767 = CARTESIAN_POINT ( 'NONE',  ( 39.03125000000000711, 2.159593620790634994, 2.159593620790635882 ) ) ;
#1768 = CARTESIAN_POINT ( 'NONE',  ( 26.87500000000000711, 3.000000000000010658, 0.000000000000000000 ) ) ;
#1769 = CARTESIAN_POINT ( 'NONE',  ( 24.68750000000000355, 1.242640687119311416, -2.999999999999988010 ) ) ;
#1770 = CARTESIAN_POINT ( 'NONE',  ( 17.96875000000000000, 3.054126587736535559, 0.000000000000000000 ) ) ;
#1771 = CARTESIAN_POINT ( 'NONE',  ( 32.50000000000000000, 2.350480947161660339, 0.000000000000000000 ) ) ;
#1772 = CARTESIAN_POINT ( 'NONE',  ( 40.43750000000000711, 2.350480947161660339, -0.9736010864139179599 ) ) ;
#1773 = CARTESIAN_POINT ( 'NONE',  ( 23.18750000000000000, -0.9736010864139177379, -2.350480947161660339 ) ) ;
#1774 = CARTESIAN_POINT ( 'NONE',  ( -38.50000000000000000, -1.443375672974068991, -2.499999999999996891 ) ) ;
#1775 = CARTESIAN_POINT ( 'NONE',  ( 38.68750000000000000, 0.9736010864139186261, 2.350480947161659895 ) ) ;
#1776 = ORIENTED_EDGE ( 'NONE', *, *, #5327, .T. ) ;
#1777 = CARTESIAN_POINT ( 'NONE',  ( 27.06250000000000711, -0.9736010864139177379, -2.350480947161660339 ) ) ;
#1778 = CARTESIAN_POINT ( 'NONE',  ( 27.71875000000000000, 1.870113174931188306E-16, -3.054126587736535559 ) ) ;
#1779 = FACE_OUTER_BOUND ( 'NONE', #75, .T. ) ;
#1780 = FACE_OUTER_BOUND ( 'NONE', #3805, .T. ) ;
#1781 = CARTESIAN_POINT ( 'NONE',  ( 29.53125000000000711, -2.159593620790635438, -2.159593620790635438 ) ) ;
#1782 = CARTESIAN_POINT ( 'NONE',  ( 38.93750000000001421, 3.000000000000009770, 1.242640687119291654 ) ) ;
#1783 = CARTESIAN_POINT ( 'NONE',  ( 36.75000000000000000, 1.836970198721036344E-16, -3.000000000000010658 ) ) ;
#1784 = CARTESIAN_POINT ( 'NONE',  ( 26.62500000000001066, -4.317763452597548908E-16, 2.350480947161660339 ) ) ;
#1785 = CARTESIAN_POINT ( 'NONE',  ( 40.18749999999999289, 1.242640687119290321, 3.000000000000010214 ) ) ;
#1786 = AXIS2_PLACEMENT_3D ( 'NONE', #3037, #81, #1099 ) ;
#1787 = CARTESIAN_POINT ( 'NONE',  ( -43.00000000000000000, 0.000000000000000000, 0.000000000000000000 ) ) ;
#1788 = EDGE_CURVE ( 'NONE', #3177, #585, #6173, .T. ) ;
#1789 = CARTESIAN_POINT ( 'NONE',  ( 19.50000000000001066, -2.121320343559649935, -2.121320343559649935 ) ) ;
#1790 = CARTESIAN_POINT ( 'NONE',  ( 35.75000000000000000, -4.317763452597548908E-16, 2.350480947161660339 ) ) ;
#1791 = ORIENTED_EDGE ( 'NONE', *, *, #2343, .T. ) ;
#1792 = CARTESIAN_POINT ( 'NONE',  ( 39.56250000000002842, 0.9736010864139186261, 2.350480947161659895 ) ) ;
#1793 = CARTESIAN_POINT ( 'NONE',  ( 35.34375000000000000, -2.159593620790635882, 2.159593620790635438 ) ) ;
#1794 = CARTESIAN_POINT ( 'NONE',  ( 37.93750000000001421, -2.350480947161660339, -0.9736010864139181820 ) ) ;
#1795 = CARTESIAN_POINT ( 'NONE',  ( 32.37500000000001421, 2.350480947161660339, 0.000000000000000000 ) ) ;
#1796 = B_SPLINE_CURVE_WITH_KNOTS ( 'NONE', 3,
 ( #2914, #4919, #1541, #4554, #4090, #5558, #5049, #5590 ),
 .UNSPECIFIED., .F., .F.,
 ( 4, 2, 2, 4 ),
 ( 6.772368004076837796E-17, 0.0004633078821467024612, 0.0009266157642933372683, 0.001853231528586607533 ),
 .UNSPECIFIED. ) ;
#1797 = CARTESIAN_POINT ( 'NONE',  ( 27.87499999999999645, -1.662041016787789482, 1.662041016787788816 ) ) ;
#1798 = ADVANCED_FACE ( 'NONE', ( #5813 ), #5904, .F. ) ;
#1799 = CARTESIAN_POINT ( 'NONE',  ( 24.25000000000000000, -5.510910596163108291E-16, 3.000000000000010658 ) ) ;
#1800 = EDGE_LOOP ( 'NONE', ( #2301, #5221, #882, #438, #1920 ) ) ;
#1801 = CARTESIAN_POINT ( 'NONE',  ( 37.34375000000001421, -3.054126587736536447, 1.265060653844735095 ) ) ;
#1802 = CARTESIAN_POINT ( 'NONE',  ( 39.74999999999999289, 1.836970198721036344E-16, -3.000000000000010658 ) ) ;
#1803 = CARTESIAN_POINT ( 'NONE',  ( -43.00000000000000000, 3.673940397442072687E-16, -3.000000000000010658 ) ) ;
#1804 = CARTESIAN_POINT ( 'NONE',  ( 42.00000000000000711, -1.662041016787788816, -1.662041016787789260 ) ) ;
#1805 = CARTESIAN_POINT ( 'NONE',  ( 28.43750000000000000, 2.350480947161660339, -0.9736010864139179599 ) ) ;
#1806 = CARTESIAN_POINT ( 'NONE',  ( 40.12499999999999289, -1.662041016787788816, -1.662041016787789260 ) ) ;
#1807 = CARTESIAN_POINT ( 'NONE',  ( 21.18749999999999645, -0.9736010864139177379, -2.350480947161660339 ) ) ;
#1808 = CARTESIAN_POINT ( 'NONE',  ( 19.49840148618588032, 2.129743950046194545, -1.318670588595173720 ) ) ;
#1809 = CARTESIAN_POINT ( 'NONE',  ( 39.49999999999999289, 2.350480947161660339, 0.000000000000000000 ) ) ;
#1810 = EDGE_LOOP ( 'NONE', ( #227, #5149, #1651, #4853 ) ) ;
#1811 = CARTESIAN_POINT ( 'NONE',  ( 29.50000000000001066, 1.662041016787788594, 1.662041016787789482 ) ) ;
#1812 = CARTESIAN_POINT ( 'NONE',  ( 29.21875000000000000, -5.610339524793564424E-16, 3.054126587736535559 ) ) ;
#1813 = CYLINDRICAL_SURFACE ( 'NONE', #1636, 3.000000000000010658 ) ;
#1814 = ORIENTED_EDGE ( 'NONE', *, *, #5158, .F. ) ;
#1815 = CIRCLE ( 'NONE', #6106, 2.886751345948127767 ) ;
#1816 = CARTESIAN_POINT ( 'NONE',  ( 24.96875000000000711, 3.054126587736534670, 1.265060653844737759 ) ) ;
#1817 = CARTESIAN_POINT ( 'NONE',  ( 20.56250000000001421, -1.242640687119267451, -3.000000000000032419 ) ) ;
#1818 = CARTESIAN_POINT ( 'NONE',  ( -43.00000000000000000, 0.000000000000000000, 5.000000000000004441 ) ) ;
#1819 = VECTOR ( 'NONE', #439, 1000.000000000000000 ) ;
#1820 = CARTESIAN_POINT ( 'NONE',  ( 23.93750000000000711, -2.350480947161660339, -0.9736010864139181820 ) ) ;
#1821 = CARTESIAN_POINT ( 'NONE',  ( 26.93750000000000000, 3.000000000000010658, -1.242640687119289433 ) ) ;
#1822 = CARTESIAN_POINT ( 'NONE',  ( 17.56249999999999645, 2.350480947161659895, 0.9736010864139195142 ) ) ;
#1823 = CARTESIAN_POINT ( 'NONE',  ( 19.16061808878955475, 2.590482787306637391, 1.175949400130086087 ) ) ;
#1824 = CARTESIAN_POINT ( 'NONE',  ( 35.12500000000000000, -1.662041016787788816, -1.662041016787789260 ) ) ;
#1825 = ORIENTED_EDGE ( 'NONE', *, *, #4748, .F. ) ;
#1826 = CARTESIAN_POINT ( 'NONE',  ( 37.21875000000000000, -5.610339524793564424E-16, 3.054126587736535559 ) ) ;
#1827 = CARTESIAN_POINT ( 'NONE',  ( 37.81250000000001421, -2.350480947161660339, 0.9736010864139172938 ) ) ;
#1828 = CARTESIAN_POINT ( 'NONE',  ( 26.25000000000001066, 1.662041016787789260, -1.662041016787788816 ) ) ;
#1829 = CARTESIAN_POINT ( 'NONE',  ( 28.68750000000000355, 0.9736010864139186261, 2.350480947161659895 ) ) ;
#1830 = CARTESIAN_POINT ( 'NONE',  ( 20.87500000000000711, 3.000000000000010658, 0.000000000000000000 ) ) ;
#1831 = CARTESIAN_POINT ( 'NONE',  ( 35.96875000000000711, 3.054126587736534670, 1.265060653844737759 ) ) ;
#1832 = EDGE_CURVE ( 'NONE', #1570, #3177, #5263, .T. ) ;
#1833 = CARTESIAN_POINT ( 'NONE',  ( -43.00000000000000000, 0.000000000000000000, 0.000000000000000000 ) ) ;
#1834 = DIRECTION ( 'NONE',  ( 0.000000000000000000, 0.000000000000000000, 1.000000000000000000 ) ) ;
#1835 = CARTESIAN_POINT ( 'NONE',  ( 38.50000000000001421, 1.662041016787788594, 1.662041016787789482 ) ) ;
#1836 = CARTESIAN_POINT ( 'NONE',  ( 39.31250000000000000, 0.9736010864139180709, -2.350480947161660339 ) ) ;
#1837 = CARTESIAN_POINT ( 'NONE',  ( 23.12499999999999645, -1.662041016787788816, -1.662041016787789260 ) ) ;
#1838 = CARTESIAN_POINT ( 'NONE',  ( 34.18749999999999289, 1.242640687119268117, 3.000000000000031974 ) ) ;
#1839 = CARTESIAN_POINT ( 'NONE',  ( 39.87499999999999289, -1.662041016787789482, 1.662041016787788816 ) ) ;
#1840 = CARTESIAN_POINT ( 'NONE',  ( 28.81250000000001066, -2.350480947161660783, 0.9736010864139172938 ) ) ;
#1841 = CARTESIAN_POINT ( 'NONE',  ( 29.71875000000000355, 1.870113174931188306E-16, -3.054126587736535559 ) ) ;
#1842 = CARTESIAN_POINT ( 'NONE',  ( 37.93749999999999289, -2.350480947161660783, 0.9736010864139172938 ) ) ;
#1843 = CARTESIAN_POINT ( 'NONE',  ( 24.71875000000000355, 1.265060653844735539, -3.054126587736535114 ) ) ;
#1844 = CARTESIAN_POINT ( 'NONE',  ( 19.70104977015503422, 0.7625279513163245593, 2.350480947161660339 ) ) ;
#1845 = CIRCLE ( 'NONE', #2468, 3.000000000000010658 ) ;
#1846 = CARTESIAN_POINT ( 'NONE',  ( 21.87500000000001066, 3.000000000000010658, 0.000000000000000000 ) ) ;
#1847 = CARTESIAN_POINT ( 'NONE',  ( 22.00000000000001066, -1.662041016787788816, -1.662041016787789260 ) ) ;
#1848 = CARTESIAN_POINT ( 'NONE',  ( 40.00000000000000000, 3.000000000000010658, 0.000000000000000000 ) ) ;
#1849 = CARTESIAN_POINT ( 'NONE',  ( 38.12500000000001421, -5.510910596163109277E-16, 3.000000000000010658 ) ) ;
#1850 = VERTEX_POINT ( 'NONE', #355 ) ;
#1851 = CARTESIAN_POINT ( 'NONE',  ( 36.43749999999999289, 2.350480947161660339, -0.9736010864139179599 ) ) ;
#1852 = ORIENTED_EDGE ( 'NONE', *, *, #5517, .T. ) ;
#1853 = CARTESIAN_POINT ( 'NONE',  ( 36.53125000000000000, -3.054126587736535114, -1.265060653844735761 ) ) ;
#1854 = CARTESIAN_POINT ( 'NONE',  ( 32.87500000000000711, -2.350480947161660339, -2.878508968398366432E-16 ) ) ;
#1855 = CARTESIAN_POINT ( 'NONE',  ( 26.50000000000001066, 1.662041016787788594, 1.662041016787789482 ) ) ;
#1856 = CARTESIAN_POINT ( 'NONE',  ( 26.06249999999999289, -2.350480947161660339, -0.9736010864139181820 ) ) ;
#1857 = CARTESIAN_POINT ( 'NONE',  ( 20.75000000000001066, 2.121320343559649935, -2.121320343559649935 ) ) ;
#1858 = CARTESIAN_POINT ( 'NONE',  ( 36.96875000000000711, 3.054126587736534670, 1.265060653844737759 ) ) ;
#1859 = CARTESIAN_POINT ( 'NONE',  ( 37.50000000000001421, -2.121320343559649935, -2.121320343559649935 ) ) ;
#1860 = CARTESIAN_POINT ( 'NONE',  ( 22.37500000000000711, -3.000000000000010658, -3.673940397442072687E-16 ) ) ;
#1861 = CARTESIAN_POINT ( 'NONE',  ( 24.75000000000001066, 2.121320343559649935, -2.121320343559649935 ) ) ;
#1862 = CARTESIAN_POINT ( 'NONE',  ( 40.56250000000002132, 0.9736010864139186261, 2.350480947161659895 ) ) ;
#1863 = CARTESIAN_POINT ( 'NONE',  ( 41.49999999999999289, 2.350480947161660339, 0.000000000000000000 ) ) ;
#1864 = ORIENTED_EDGE ( 'NONE', *, *, #4551, .T. ) ;
#1865 = EDGE_CURVE ( 'NONE', #2891, #3326, #5535, .T. ) ;
#1866 = CARTESIAN_POINT ( 'NONE',  ( 22.62499999999999645, 1.662041016787788594, 1.662041016787789482 ) ) ;
#1867 = FACE_OUTER_BOUND ( 'NONE', #4297, .T. ) ;
#1868 = CARTESIAN_POINT ( 'NONE',  ( 29.87500000000001421, -2.350480947161660339, -2.878508968398366432E-16 ) ) ;
#1869 = CARTESIAN_POINT ( 'NONE',  ( 23.78125000000000000, 1.265060653844735539, -3.054126587736535114 ) ) ;
#1870 = CARTESIAN_POINT ( 'NONE',  ( 39.12499999999999289, -1.662041016787788816, -1.662041016787789260 ) ) ;
#1871 = ORIENTED_EDGE ( 'NONE', *, *, #3263, .F. ) ;
#1872 = EDGE_CURVE ( 'NONE', #1226, #2410, #2691, .T. ) ;
#1873 = CARTESIAN_POINT ( 'NONE',  ( 25.03125000000000711, 2.159593620790634994, 2.159593620790635882 ) ) ;
#1874 = DIRECTION ( 'NONE',  ( -1.000000000000000000, -0.000000000000000000, -0.000000000000000000 ) ) ;
#1875 = CARTESIAN_POINT ( 'NONE',  ( -42.88656149043513466, 2.773312836383614144, -0.1964812621006253313 ) ) ;
#1876 = CARTESIAN_POINT ( 'NONE',  ( 22.81250000000001066, -2.350480947161660339, 0.9736010864139172938 ) ) ;
#1877 = CARTESIAN_POINT ( 'NONE',  ( 17.50000000000000711, 1.662041016787788594, 1.662041016787789482 ) ) ;
#1878 = PERSON_AND_ORGANIZATION_ROLE ( 'design_supplier' ) ;
#1879 = DIRECTION ( 'NONE',  ( -1.000000000000000000, 0.000000000000000000, -0.000000000000000000 ) ) ;
#1880 = VECTOR ( 'NONE', #1360, 1000.000000000000000 ) ;
#1881 = CARTESIAN_POINT ( 'NONE',  ( 33.74999999999999289, -4.317763452597548908E-16, 2.350480947161660339 ) ) ;
#1882 = EDGE_LOOP ( 'NONE', ( #2899, #3736, #5469, #5293 ) ) ;
#1883 = CARTESIAN_POINT ( 'NONE',  ( 35.59375000000000000, -2.159593620790635438, -2.159593620790635438 ) ) ;
#1884 = CARTESIAN_POINT ( 'NONE',  ( 33.31250000000000711, 2.350480947161660339, -0.9736010864139179599 ) ) ;
#1885 = CARTESIAN_POINT ( 'NONE',  ( 29.06250000000001066, -0.9736010864139177379, -2.350480947161660339 ) ) ;
#1886 = CARTESIAN_POINT ( 'NONE',  ( 24.93750000000000355, -2.350480947161660339, 0.9736010864139172938 ) ) ;
#1887 = CARTESIAN_POINT ( 'NONE',  ( 38.43750000000000711, -3.000000000000011102, 1.242640687119288989 ) ) ;
#1888 = ORIENTED_EDGE ( 'NONE', *, *, #4582, .F. ) ;
#1889 = EDGE_LOOP ( 'NONE', ( #1315, #1080, #5836, #1157 ) ) ;
#1890 = CARTESIAN_POINT ( 'NONE',  ( 34.90625000000000711, 3.054126587736535559, 0.000000000000000000 ) ) ;
#1891 = CARTESIAN_POINT ( 'NONE',  ( 36.68750000000000711, -1.242640687119245468, -3.000000000000054623 ) ) ;
#1892 = CARTESIAN_POINT ( 'NONE',  ( 19.38961759554196362, -0.1800961662245920691, -2.610382404457917804 ) ) ;
#1893 = CARTESIAN_POINT ( 'NONE',  ( 20.06250000000000000, 3.000000000000009770, 1.242640687119291654 ) ) ;
#1894 = CARTESIAN_POINT ( 'NONE',  ( 40.50000000000000711, 1.662041016787788594, 1.662041016787789482 ) ) ;
#1895 = CARTESIAN_POINT ( 'NONE',  ( 35.87500000000000000, -1.662041016787789482, 1.662041016787788816 ) ) ;
#1896 = CARTESIAN_POINT ( 'NONE',  ( 22.31249999999999645, 0.9736010864139180709, -2.350480947161660339 ) ) ;
#1897 = CARTESIAN_POINT ( 'NONE',  ( 19.60601961369294699, 2.107105280095293409, 1.166093916346488957 ) ) ;
#1898 = EDGE_CURVE ( 'NONE', #3487, #5715, #1766, .T. ) ;
#1899 = CARTESIAN_POINT ( 'NONE',  ( 26.43750000000001066, 2.350480947161659895, 0.9736010864139195142 ) ) ;
#1900 = CARTESIAN_POINT ( 'NONE',  ( 23.28125000000000000, -1.265060653844737315, 3.054126587736534670 ) ) ;
#1901 = CARTESIAN_POINT ( 'NONE',  ( 40.49999999999999289, 2.350480947161660339, 0.000000000000000000 ) ) ;
#1902 = VERTEX_POINT ( 'NONE', #878 ) ;
#1903 = CARTESIAN_POINT ( 'NONE',  ( 25.90625000000000711, 3.054126587736535559, 0.000000000000000000 ) ) ;
#1904 = CYLINDRICAL_SURFACE ( 'NONE', #1108, 3.000000000000010658 ) ;
#1905 = ADVANCED_FACE ( 'NONE', ( #1867 ), #5873, .T. ) ;
#1906 = CARTESIAN_POINT ( 'NONE',  ( 41.62500000000000711, -4.317763452597548908E-16, 2.350480947161660339 ) ) ;
#1907 = CARTESIAN_POINT ( 'NONE',  ( 32.87500000000001421, 3.000000000000010658, 0.000000000000000000 ) ) ;
#1908 = CARTESIAN_POINT ( 'NONE',  ( 21.43750000000000711, 2.350480947161659895, 0.9736010864139195142 ) ) ;
#1909 = CARTESIAN_POINT ( 'NONE',  ( 41.43750000000000711, -3.000000000000010658, -1.242640687119289877 ) ) ;
#1910 = APPROVAL_DATE_TIME ( #426, #3952 ) ;
#1911 = CARTESIAN_POINT ( 'NONE',  ( -43.00000000000000000, 0.000000000000000000, 0.000000000000000000 ) ) ;
#1912 = VECTOR ( 'NONE', #3210, 1000.000000000000000 ) ;
#1913 = CARTESIAN_POINT ( 'NONE',  ( 24.87499999999999645, -1.662041016787789482, 1.662041016787788816 ) ) ;
#1914 = DIRECTION ( 'NONE',  ( -0.000000000000000000, 1.000000000000000000, -0.000000000000000000 ) ) ;
#1915 = CARTESIAN_POINT ( 'NONE',  ( 37.46875000000000000, -3.054126587736535559, -3.740226349862376611E-16 ) ) ;
#1916 = CARTESIAN_POINT ( 'NONE',  ( 31.75000000000001421, -1.662041016787789482, 1.662041016787788816 ) ) ;
#1917 = CARTESIAN_POINT ( 'NONE',  ( 29.12500000000001066, 1.439254484199183216E-16, -2.350480947161660339 ) ) ;
#1918 = CARTESIAN_POINT ( 'NONE',  ( 21.81249999999999645, -0.9736010864139191812, 2.350480947161659895 ) ) ;
#1919 = CARTESIAN_POINT ( 'NONE',  ( 29.31250000000000000, -1.242640687119356935, 2.999999999999943601 ) ) ;
#1920 = ORIENTED_EDGE ( 'NONE', *, *, #5729, .F. ) ;
#1921 = CONICAL_SURFACE ( 'NONE', #6221, 2.886751345948127767, 0.7853981633974500554 ) ;
#1922 = CARTESIAN_POINT ( 'NONE',  ( 34.59375000000000711, -1.265060653844735317, -3.054126587736535114 ) ) ;
#1923 = VERTEX_POINT ( 'NONE', #1774 ) ;
#1924 = CARTESIAN_POINT ( 'NONE',  ( 36.37500000000000000, -2.121320343559650379, 2.121320343559649935 ) ) ;
#1925 = CARTESIAN_POINT ( 'NONE',  ( 33.74999999999999289, 1.836970198721036344E-16, -3.000000000000010658 ) ) ;
#1926 = FACE_OUTER_BOUND ( 'NONE', #398, .T. ) ;
#1927 = CARTESIAN_POINT ( 'NONE',  ( 38.43750000000000711, 2.350480947161659895, 0.9736010864139195142 ) ) ;
#1928 = CARTESIAN_POINT ( 'NONE',  ( 36.18750000000000000, -0.9736010864139177379, -2.350480947161660339 ) ) ;
#1929 = CARTESIAN_POINT ( 'NONE',  ( 42.12500000000000711, -5.510910596163109277E-16, 3.000000000000010658 ) ) ;
#1930 =( BOUNDED_CURVE ( )  B_SPLINE_CURVE ( 2, ( #4333, #5362, #6407, #1909, #2888, #2858, #5886, #4860, #3381 ),
 .UNSPECIFIED., .F., .T. ) 
 B_SPLINE_CURVE_WITH_KNOTS ( ( 3, 2, 2, 2, 3 ),
 ( 0.08653846153846135592, 0.09134615384615366040, 0.09615384615384597877, 0.1009615384615382971, 0.1057692307692306016 ),
 .UNSPECIFIED. ) 
 CURVE ( )  GEOMETRIC_REPRESENTATION_ITEM ( )  RATIONAL_B_SPLINE_CURVE ( ( 1.000000000000002887, 0.9238795325112838519, 1.000000000000000000, 0.9238795325112867385, 1.000000000000000000, 0.9238795325112867385, 1.000000000000000000, 0.9238795325112894030, 0.9999999999999973355 ) ) 
 REPRESENTATION_ITEM ( '' )  );
#1931 = CARTESIAN_POINT ( 'NONE',  ( 43.15625000000000711, -5.610339524793564424E-16, 3.054126587736535559 ) ) ;
#1932 = CARTESIAN_POINT ( 'NONE',  ( -43.00000000000000000, 0.000000000000000000, 3.000000000000010658 ) ) ;
#1933 = CARTESIAN_POINT ( 'NONE',  ( 24.12500000000001066, 1.439254484199183216E-16, -2.350480947161660339 ) ) ;
#1934 = CARTESIAN_POINT ( 'NONE',  ( 24.53125000000000000, -3.054126587736535114, -1.265060653844735761 ) ) ;
#1935 = CARTESIAN_POINT ( 'NONE',  ( 39.43750000000000711, 2.350480947161660339, -0.9736010864139179599 ) ) ;
#1936 = CARTESIAN_POINT ( 'NONE',  ( 31.37500000000000000, 1.662041016787789260, -1.662041016787788816 ) ) ;
#1937 = CARTESIAN_POINT ( 'NONE',  ( 25.96875000000001066, 3.054126587736534670, 1.265060653844737759 ) ) ;
#1938 = CARTESIAN_POINT ( 'NONE',  ( 20.12500000000000711, -5.510910596163109277E-16, 3.000000000000010658 ) ) ;
#1939 = CARTESIAN_POINT ( 'NONE',  ( 37.87500000000001421, -2.350480947161660339, -2.878508968398366432E-16 ) ) ;
#1940 = CARTESIAN_POINT ( 'NONE',  ( 31.43750000000000711, -3.000000000000010658, -1.242640687119289877 ) ) ;
#1941 = CARTESIAN_POINT ( 'NONE',  ( 21.93750000000001066, -2.350480947161660339, -0.9736010864139181820 ) ) ;
#1942 = DIRECTION ( 'NONE',  ( 0.000000000000000000, 0.000000000000000000, 1.000000000000000000 ) ) ;
#1943 = CALENDAR_DATE ( 2026, 8, 1 ) ;
#1944 = CARTESIAN_POINT ( 'NONE',  ( -43.00000000000000000, 0.000000000000000000, 0.000000000000000000 ) ) ;
#1945 = EDGE_CURVE ( 'NONE', #2195, #1850, #1295, .T. ) ;
#1946 = CARTESIAN_POINT ( 'NONE',  ( 25.87499999999999645, -1.662041016787789482, 1.662041016787788816 ) ) ;
#1947 = ORIENTED_EDGE ( 'NONE', *, *, #5999, .F. ) ;
#1948 = CARTESIAN_POINT ( 'NONE',  ( 31.09375000000000000, 2.159593620790634994, 2.159593620790635882 ) ) ;
#1949 = CARTESIAN_POINT ( 'NONE',  ( 34.75000000000000711, -1.662041016787789482, 1.662041016787788816 ) ) ;
#1950 = CARTESIAN_POINT ( 'NONE',  ( 25.81250000000000711, -2.350480947161660339, 0.9736010864139172938 ) ) ;
#1951 = AXIS2_PLACEMENT_3D ( 'NONE', #452, #390, #4456 ) ;
#1952 = CARTESIAN_POINT ( 'NONE',  ( 23.18750000000000000, -0.9736010864139177379, -2.350480947161660339 ) ) ;
#1953 = CARTESIAN_POINT ( 'NONE',  ( 18.99999999999999289, 0.000000000000000000, 0.000000000000000000 ) ) ;
#1954 = VERTEX_POINT ( 'NONE', #6395 ) ;
#1955 = EDGE_CURVE ( 'NONE', #5815, #2616, #1470, .T. ) ;
#1956 = CARTESIAN_POINT ( 'NONE',  ( 32.34375000000000000, -3.054126587736536447, 1.265060653844735095 ) ) ;
#1957 = ORIENTED_EDGE ( 'NONE', *, *, #3416, .T. ) ;
#1958 = CARTESIAN_POINT ( 'NONE',  ( 26.37500000000000711, -3.000000000000010658, -3.673940397442072687E-16 ) ) ;
#1959 = DIRECTION ( 'NONE',  ( 0.000000000000000000, 0.000000000000000000, -1.000000000000000000 ) ) ;
#1960 = FACE_OUTER_BOUND ( 'NONE', #4536, .T. ) ;
#1961 = CARTESIAN_POINT ( 'NONE',  ( 39.31250000000001421, 2.350480947161660339, -0.9736010864139179599 ) ) ;
#1962 = CARTESIAN_POINT ( 'NONE',  ( 35.18750000000000000, -0.9736010864139177379, -2.350480947161660339 ) ) ;
#1963 = FACE_OUTER_BOUND ( 'NONE', #2631, .T. ) ;
#1964 = CARTESIAN_POINT ( 'NONE',  ( 43.71875000000001421, 1.265060653844735539, -3.054126587736535114 ) ) ;
#1965 = DIRECTION ( 'NONE',  ( -1.000000000000000000, -0.000000000000000000, -0.000000000000000000 ) ) ;
#1966 = CARTESIAN_POINT ( 'NONE',  ( 23.56250000000001066, 0.9736010864139186261, 2.350480947161659895 ) ) ;
#1967 = CARTESIAN_POINT ( 'NONE',  ( 26.90625000000000000, 3.054126587736535114, -1.265060653844735317 ) ) ;
#1968 = CARTESIAN_POINT ( 'NONE',  ( 39.81249999999999289, -0.9736010864139191812, 2.350480947161659895 ) ) ;
#1969 =( BOUNDED_CURVE ( )  B_SPLINE_CURVE ( 2, ( #1694, #674, #4674, #3691, #608, #1201, #3208, #5211, #709 ),
 .UNSPECIFIED., .F., .T. ) 
 B_SPLINE_CURVE_WITH_KNOTS ( ( 3, 2, 2, 2, 3 ),
 ( 0.5288461538461536326, 0.5336538461538459233, 0.5384615384615382139, 0.5432692307692305045, 0.5480769230769229061 ),
 .UNSPECIFIED. ) 
 CURVE ( )  GEOMETRIC_REPRESENTATION_ITEM ( )  RATIONAL_B_SPLINE_CURVE ( ( 1.000000000000003553, 0.9238795325112831858, 1.000000000000000000, 0.9238795325112867385, 1.000000000000000000, 0.9238795325112867385, 1.000000000000000000, 0.9238795325112902912, 0.9999999999999964473 ) ) 
 REPRESENTATION_ITEM ( '' )  );
#1970 = ORIENTED_EDGE ( 'NONE', *, *, #4472, .F. ) ;
#1971 = CARTESIAN_POINT ( 'NONE',  ( 32.25000000000000000, 1.439254484199183216E-16, -2.350480947161660339 ) ) ;
#1972 = CARTESIAN_POINT ( 'NONE',  ( 20.03125000000000711, 2.159593620790634994, 2.159593620790635882 ) ) ;
#1973 = DIRECTION ( 'NONE',  ( -1.000000000000000000, -0.000000000000000000, -0.000000000000000000 ) ) ;
#1974 = CARTESIAN_POINT ( 'NONE',  ( 36.06250000000002842, -0.9736010864139177379, -2.350480947161660339 ) ) ;
#1975 = CARTESIAN_POINT ( 'NONE',  ( 22.12500000000000711, -5.510910596163109277E-16, 3.000000000000010658 ) ) ;
#1976 = CARTESIAN_POINT ( 'NONE',  ( 22.12500000000001066, 1.439254484199183216E-16, -2.350480947161660339 ) ) ;
#1977 = DIRECTION ( 'NONE',  ( -1.000000000000000000, -0.000000000000000000, -0.000000000000000000 ) ) ;
#1978 = APPLICATION_CONTEXT ( 'configuration controlled 3d designs of mechanical parts and assemblies' ) ;
#1979 = SECURITY_CLASSIFICATION_LEVEL ( 'unclassified' ) ;
#1980 = CARTESIAN_POINT ( 'NONE',  ( 42.66748162720258364, 2.528693391224505760, 0.5517864318240623955 ) ) ;
#1981 = CARTESIAN_POINT ( 'NONE',  ( 26.18750000000000000, -0.9736010864139177379, -2.350480947161660339 ) ) ;
#1982 = CARTESIAN_POINT ( 'NONE',  ( -38.50000000000000000, 1.443375672974063884, 2.500000000000000444 ) ) ;
#1983 = CARTESIAN_POINT ( 'NONE',  ( 34.15624999999999289, 1.265060653844736205, 3.054126587736534670 ) ) ;
#1984 = EDGE_CURVE ( 'NONE', #5639, #3632, #5550, .T. ) ;
#1985 = CARTESIAN_POINT ( 'NONE',  ( 33.43750000000000711, 2.350480947161659895, 0.9736010864139195142 ) ) ;
#1986 = CARTESIAN_POINT ( 'NONE',  ( 25.31250000000001066, 2.350480947161660339, -0.9736010864139179599 ) ) ;
#1987 = CARTESIAN_POINT ( 'NONE',  ( 24.18750000000000355, -0.9736010864139177379, -2.350480947161660339 ) ) ;
#1988 = CARTESIAN_POINT ( 'NONE',  ( -43.00000000000000000, 3.673940397442072687E-16, -3.000000000000010658 ) ) ;
#1989 = CIRCLE ( 'NONE', #5346, 2.886751345948127767 ) ;
#1990 = CARTESIAN_POINT ( 'NONE',  ( 32.15625000000001421, -5.610339524793564424E-16, 3.054126587736535559 ) ) ;
#1991 = ORIENTED_EDGE ( 'NONE', *, *, #648, .F. ) ;
#1992 = CARTESIAN_POINT ( 'NONE',  ( 19.12989242078836227, -1.376903001824120398, 2.524708269576475317 ) ) ;
#1993 = ADVANCED_FACE ( 'NONE', ( #3954 ), #5111, .F. ) ;
#1994 = CARTESIAN_POINT ( 'NONE',  ( 34.12500000000000711, 1.439254484199183216E-16, -2.350480947161660339 ) ) ;
#1995 = CARTESIAN_POINT ( 'NONE',  ( 34.31249999999999289, 0.9736010864139180709, -2.350480947161660339 ) ) ;
#1996 = CARTESIAN_POINT ( 'NONE',  ( 36.62500000000001421, 1.836970198721036344E-16, -3.000000000000010658 ) ) ;
#1997 = CARTESIAN_POINT ( 'NONE',  ( 17.99999999999999645, -2.350480947161660339, -2.878508968398366432E-16 ) ) ;
#1998 = CARTESIAN_POINT ( 'NONE',  ( 29.93750000000000355, 3.000000000000010658, -1.242640687119289433 ) ) ;
#1999 = CARTESIAN_POINT ( 'NONE',  ( 19.12500000000000711, -5.510910596163109277E-16, 3.000000000000010658 ) ) ;
#2000 = CARTESIAN_POINT ( 'NONE',  ( 24.81250000000001066, -2.350480947161660783, 0.9736010864139172938 ) ) ;
#2001 = CARTESIAN_POINT ( 'NONE',  ( 19.65625000000000000, -1.265060653844735317, -3.054126587736535114 ) ) ;
#2002 = CARTESIAN_POINT ( 'NONE',  ( 35.37500000000000000, 1.662041016787789260, -1.662041016787788816 ) ) ;
#2003 = CARTESIAN_POINT ( 'NONE',  ( 31.12499999999999645, -1.662041016787788816, -1.662041016787789260 ) ) ;
#2004 = CARTESIAN_POINT ( 'NONE',  ( 20.40625000000000711, -3.054126587736535559, -3.740226349862376611E-16 ) ) ;
#2005 = CARTESIAN_POINT ( 'NONE',  ( 39.68750000000000000, 1.242640687119317189, -2.999999999999983125 ) ) ;
#2006 = ORIENTED_EDGE ( 'NONE', *, *, #1131, .F. ) ;
#2007 = CARTESIAN_POINT ( 'NONE',  ( 38.56250000000002842, 0.9736010864139186261, 2.350480947161659895 ) ) ;
#2008 = CARTESIAN_POINT ( 'NONE',  ( 32.43749999999999289, -3.000000000000011102, 1.242640687119288989 ) ) ;
#2009 = CARTESIAN_POINT ( 'NONE',  ( 18.31250000000001421, 2.350480947161660339, -0.9736010864139179599 ) ) ;
#2010 = CARTESIAN_POINT ( 'NONE',  ( -38.50000000000000000, 2.886751345948127767, 1.545935464014153091E-15 ) ) ;
#2011 = CARTESIAN_POINT ( 'NONE',  ( 42.63522132178282220, 2.603509515799723673, -0.2959390028438136921 ) ) ;
#2012 = CARTESIAN_POINT ( 'NONE',  ( 27.12499999999999645, -1.662041016787788816, -1.662041016787789260 ) ) ;
#2013 = ORIENTED_EDGE ( 'NONE', *, *, #5150, .T. ) ;
#2014 = CARTESIAN_POINT ( 'NONE',  ( 33.78125000000000000, 1.265060653844735539, -3.054126587736535114 ) ) ;
#2015 = CARTESIAN_POINT ( 'NONE',  ( 28.87500000000001066, -2.350480947161660339, -2.878508968398366432E-16 ) ) ;
#2016 = CARTESIAN_POINT ( 'NONE',  ( 25.06250000000001421, -0.9736010864139177379, -2.350480947161660339 ) ) ;
#2017 = CARTESIAN_POINT ( 'NONE',  ( 22.99999999999999645, -2.350480947161660339, -2.878508968398366432E-16 ) ) ;
#2018 = CARTESIAN_POINT ( 'NONE',  ( 26.50000000000000000, -3.000000000000010658, -3.673940397442072687E-16 ) ) ;
#2019 = VECTOR ( 'NONE', #1001, 1000.000000000000227 ) ;
#2020 = ORIENTED_EDGE ( 'NONE', *, *, #2943, .F. ) ;
#2021 = CARTESIAN_POINT ( 'NONE',  ( 25.37499999999999645, -2.121320343559650379, 2.121320343559649935 ) ) ;
#2022 = CARTESIAN_POINT ( 'NONE',  ( 19.07924682452653897, 1.249208101295446224E-11, 2.920753175473465468 ) ) ;
#2023 = DIRECTION ( 'NONE',  ( -1.000000000000000000, -0.000000000000000000, -0.000000000000000000 ) ) ;
#2024 = CARTESIAN_POINT ( 'NONE',  ( 36.50000000000001421, 1.662041016787788594, 1.662041016787789482 ) ) ;
#2025 = CARTESIAN_POINT ( 'NONE',  ( 37.12500000000000000, -1.662041016787788816, -1.662041016787789260 ) ) ;
#2026 = CARTESIAN_POINT ( 'NONE',  ( 27.12500000000000711, -5.510910596163109277E-16, 3.000000000000010658 ) ) ;
#2027 = EDGE_CURVE ( 'NONE', #1923, #6297, #1465, .T. ) ;
#2028 = CARTESIAN_POINT ( 'NONE',  ( 17.74999999999999645, -4.317763452597548908E-16, 2.350480947161660339 ) ) ;
#2029 = CARTESIAN_POINT ( 'NONE',  ( -42.61352220515646394, -2.230722738129660598, -1.136274879960268658 ) ) ;
#2030 = CARTESIAN_POINT ( 'NONE',  ( 22.81250000000001066, -2.350480947161660783, 0.9736010864139172938 ) ) ;
#2031 = CARTESIAN_POINT ( 'NONE',  ( 21.59375000000000000, -2.159593620790635438, -2.159593620790635438 ) ) ;
#2032 = CARTESIAN_POINT ( 'NONE',  ( 36.93749999999999289, -2.350480947161660783, 0.9736010864139172938 ) ) ;
#2033 = CARTESIAN_POINT ( 'NONE',  ( 29.62500000000000000, 1.662041016787788594, 1.662041016787789482 ) ) ;
#2034 = CARTESIAN_POINT ( 'NONE',  ( 23.09375000000000711, 1.265060653844736205, 3.054126587736534670 ) ) ;
#2035 = CARTESIAN_POINT ( 'NONE',  ( 41.18749999999999289, -0.9736010864139177379, -2.350480947161660339 ) ) ;
#2036 = ORIENTED_EDGE ( 'NONE', *, *, #2539, .T. ) ;
#2037 = APPROVAL ( #4334, 'UNSPECIFIED' ) ;
#2038 = CARTESIAN_POINT ( 'NONE',  ( 37.43750000000001421, 2.350480947161659895, 0.9736010864139195142 ) ) ;
#2039 = DIRECTION ( 'NONE',  ( 1.000000000000000000, 0.000000000000000000, 0.000000000000000000 ) ) ;
#2040 = CARTESIAN_POINT ( 'NONE',  ( 42.93750000000000711, -2.350480947161660339, 0.9736010864139172938 ) ) ;
#2041 = CARTESIAN_POINT ( 'NONE',  ( 28.18750000000001066, -1.242640687119313192, 2.999999999999987121 ) ) ;
#2042 = CARTESIAN_POINT ( 'NONE',  ( 21.62500000000000711, 1.836970198721036344E-16, -3.000000000000010658 ) ) ;
#2043 = CARTESIAN_POINT ( 'NONE',  ( 26.24999999999999645, 1.439254484199183216E-16, -2.350480947161660339 ) ) ;
#2044 = CYLINDRICAL_SURFACE ( 'NONE', #6379, 3.000000000000010658 ) ;
#2045 = CARTESIAN_POINT ( 'NONE',  ( 27.81250000000001066, -2.350480947161660339, 0.9736010864139172938 ) ) ;
#2046 = CARTESIAN_POINT ( 'NONE',  ( 21.62500000000000711, -4.317763452597548908E-16, 2.350480947161660339 ) ) ;
#2047 = CARTESIAN_POINT ( 'NONE',  ( 20.37499999999999645, 1.662041016787789260, -1.662041016787788816 ) ) ;
#2048 = CARTESIAN_POINT ( 'NONE',  ( 42.29820882154611184, -2.824209560539117980, 0.9038985476816371323 ) ) ;
#2049 = EDGE_LOOP ( 'NONE', ( #1871, #6171, #3669, #2446 ) ) ;
#2050 = LINE ( 'NONE', #3650, #2019 ) ;
#2051 = CARTESIAN_POINT ( 'NONE',  ( 23.62500000000000711, 1.836970198721036344E-16, -3.000000000000010658 ) ) ;
#2052 = CARTESIAN_POINT ( 'NONE',  ( 42.62500000000000711, -4.317763452597548908E-16, 2.350480947161660339 ) ) ;
#2053 = CARTESIAN_POINT ( 'NONE',  ( 35.31250000000000711, 2.350480947161660339, -0.9736010864139179599 ) ) ;
#2054 = CARTESIAN_POINT ( 'NONE',  ( 31.56249999999998934, 2.350480947161659895, 0.9736010864139195142 ) ) ;
#2055 = DIRECTION ( 'NONE',  ( -1.000000000000000000, -0.000000000000000000, -0.000000000000000000 ) ) ;
#2056 = CARTESIAN_POINT ( 'NONE',  ( 19.68749999999999289, 0.9736010864139186261, 2.350480947161659895 ) ) ;
#2057 = CARTESIAN_POINT ( 'NONE',  ( 30.18750000000000355, 1.242640687119246579, 3.000000000000054179 ) ) ;
#2058 = CARTESIAN_POINT ( 'NONE',  ( 24.00000000000001066, 2.121320343559649491, 2.121320343559650379 ) ) ;
#2059 =( BOUNDED_CURVE ( )  B_SPLINE_CURVE ( 2, ( #4778, #284, #5213, #6300, #2257, #2842, #711, #2223, #4215 ),
 .UNSPECIFIED., .F., .F. ) 
 B_SPLINE_CURVE_WITH_KNOTS ( ( 3, 2, 2, 2, 3 ),
 ( 0.7788461538461540767, 0.7836538461538463674, 0.7884615384615385469, 0.7932692307692309486, 0.7980769230769232392 ),
 .UNSPECIFIED. ) 
 CURVE ( )  GEOMETRIC_REPRESENTATION_ITEM ( )  RATIONAL_B_SPLINE_CURVE ( ( 0.9999999999999964473, 0.9238795325112902912, 1.000000000000000000, 0.9238795325112867385, 1.000000000000000000, 0.9238795325112867385, 1.000000000000000000, 0.9238795325112849621, 1.000000000000001776 ) ) 
 REPRESENTATION_ITEM ( '' )  );
#2060 = DIRECTION ( 'NONE',  ( -1.000000000000000000, 0.000000000000000000, 0.000000000000000000 ) ) ;
#2061 = CARTESIAN_POINT ( 'NONE',  ( 23.03125000000000000, 3.054126587736534670, 1.265060653844737759 ) ) ;
#2062 = CARTESIAN_POINT ( 'NONE',  ( 36.25000000000000000, 1.439254484199183216E-16, -2.350480947161660339 ) ) ;
#2063 = EDGE_CURVE ( 'NONE', #3943, #750, #370, .T. ) ;
#2064 = CARTESIAN_POINT ( 'NONE',  ( 28.93750000000000355, -2.350480947161660339, 0.9736010864139172938 ) ) ;
#2065 = CARTESIAN_POINT ( 'NONE',  ( 21.96875000000000355, 3.054126587736534670, 1.265060653844737759 ) ) ;
#2066 = CARTESIAN_POINT ( 'NONE',  ( 42.87500000000000000, -1.662041016787789482, 1.662041016787788816 ) ) ;
#2067 = VERTEX_POINT ( 'NONE', #6032 ) ;
#2068 = CARTESIAN_POINT ( 'NONE',  ( 31.06250000000001066, -0.9736010864139177379, -2.350480947161660339 ) ) ;
#2069 = CARTESIAN_POINT ( 'NONE',  ( 27.50000000000000000, -3.000000000000010658, -3.673940397442072687E-16 ) ) ;
#2070 = EDGE_CURVE ( 'NONE', #5033, #4737, #2215, .T. ) ;
#2071 = CARTESIAN_POINT ( 'NONE',  ( 17.93750000000000711, -2.350480947161660339, -0.9736010864139181820 ) ) ;
#2072 = CARTESIAN_POINT ( 'NONE',  ( 28.37500000000000711, -3.000000000000010658, -3.673940397442072687E-16 ) ) ;
#2073 = VECTOR ( 'NONE', #1965, 1000.000000000000000 ) ;
#2074 = CARTESIAN_POINT ( 'NONE',  ( 42.65418409773496933, 2.592577187569178321, 0.2148513725329899426 ) ) ;
#2075 = CARTESIAN_POINT ( 'NONE',  ( 24.18750000000000355, -0.9736010864139177379, -2.350480947161660339 ) ) ;
#2076 = DIRECTION ( 'NONE',  ( 0.000000000000000000, 0.000000000000000000, 1.000000000000000000 ) ) ;
#2077 = CARTESIAN_POINT ( 'NONE',  ( 30.87500000000001066, -2.350480947161660339, -2.878508968398366432E-16 ) ) ;
#2078 = CARTESIAN_POINT ( 'NONE',  ( 22.56250000000001066, 0.9736010864139186261, 2.350480947161659895 ) ) ;
#2079 = CARTESIAN_POINT ( 'NONE',  ( 18.12499999999999645, -1.662041016787788816, -1.662041016787789260 ) ) ;
#2080 = CARTESIAN_POINT ( 'NONE',  ( 32.31250000000000711, -3.000000000000011102, 1.242640687119288989 ) ) ;
#2081 = ORIENTED_EDGE ( 'NONE', *, *, #5565, .F. ) ;
#2082 = CARTESIAN_POINT ( 'NONE',  ( 40.81250000000000711, 3.000000000000010658, -1.242640687119289433 ) ) ;
#2083 = CARTESIAN_POINT ( 'NONE',  ( -37.00000000000000711, 0.000000000000000000, 0.000000000000000000 ) ) ;
#2084 = CARTESIAN_POINT ( 'NONE',  ( 40.37500000000000711, 2.350480947161660339, 0.000000000000000000 ) ) ;
#2085 = CARTESIAN_POINT ( 'NONE',  ( 34.31250000000000711, 2.350480947161660339, -0.9736010864139179599 ) ) ;
#2086 = CARTESIAN_POINT ( 'NONE',  ( 31.50000000000000000, 2.350480947161660339, 0.000000000000000000 ) ) ;
#2087 = CARTESIAN_POINT ( 'NONE',  ( 40.81250000000000000, 1.242640687119311416, -2.999999999999988010 ) ) ;
#2088 = CARTESIAN_POINT ( 'NONE',  ( 39.21875000000000711, -1.265060653844737315, 3.054126587736534670 ) ) ;
#2089 = DIRECTION ( 'NONE',  ( 0.000000000000000000, 0.000000000000000000, 1.000000000000000000 ) ) ;
#2090 = CARTESIAN_POINT ( 'NONE',  ( 19.00000000000001066, 2.121320343559649491, 2.121320343559650379 ) ) ;
#2091 = CARTESIAN_POINT ( 'NONE',  ( 20.75000000000001066, -1.662041016787789482, 1.662041016787788816 ) ) ;
#2092 = CARTESIAN_POINT ( 'NONE',  ( 19.09375000000000000, 2.159593620790634994, 2.159593620790635882 ) ) ;
#2093 = CARTESIAN_POINT ( 'NONE',  ( 35.43749999999999289, 2.350480947161660339, -0.9736010864139179599 ) ) ;
#2094 = VERTEX_POINT ( 'NONE', #3073 ) ;
#2095 = CARTESIAN_POINT ( 'NONE',  ( 27.12499999999999645, -1.662041016787788816, -1.662041016787789260 ) ) ;
#2096 = CARTESIAN_POINT ( 'NONE',  ( 23.03125000000000711, 2.159593620790634994, 2.159593620790635882 ) ) ;
#2097 = EDGE_CURVE ( 'NONE', #3071, #5033, #3987, .T. ) ;
#2098 = CARTESIAN_POINT ( 'NONE',  ( 42.06250000000000000, -2.350480947161660339, -0.9736010864139181820 ) ) ;
#2099 = ORIENTED_EDGE ( 'NONE', *, *, #5760, .T. ) ;
#2100 = CARTESIAN_POINT ( 'NONE',  ( 33.87500000000000711, -2.350480947161660339, -2.878508968398366432E-16 ) ) ;
#2101 = CARTESIAN_POINT ( 'NONE',  ( 21.24999999999999645, -5.510910596163108291E-16, 3.000000000000010658 ) ) ;
#2102 = CARTESIAN_POINT ( 'NONE',  ( 29.50000000000001066, -2.121320343559649935, -2.121320343559649935 ) ) ;
#2103 = CARTESIAN_POINT ( 'NONE',  ( 42.58869114768814512, 2.250700833058860262, -1.430372949840367891 ) ) ;
#2104 = CARTESIAN_POINT ( 'NONE',  ( 33.40625000000000711, -3.054126587736535559, -3.740226349862376611E-16 ) ) ;
#2105 = ADVANCED_FACE ( 'NONE', ( #2518 ), #17, .T. ) ;
#2106 = CARTESIAN_POINT ( 'NONE',  ( 21.31249999999999645, 0.9736010864139180709, -2.350480947161660339 ) ) ;
#2107 = CARTESIAN_POINT ( 'NONE',  ( 34.99999999999999289, 3.000000000000010658, 0.000000000000000000 ) ) ;
#2108 = CARTESIAN_POINT ( 'NONE',  ( 28.00000000000001066, -1.662041016787788816, -1.662041016787789260 ) ) ;
#2109 = CARTESIAN_POINT ( 'NONE',  ( 18.87500000000001066, -2.350480947161660339, -2.878508968398366432E-16 ) ) ;
#2110 = CARTESIAN_POINT ( 'NONE',  ( 18.06249999999999645, -2.350480947161660339, -0.9736010864139181820 ) ) ;
#2111 = CARTESIAN_POINT ( 'NONE',  ( -42.62364870297388109, 2.294634733168522178, 1.025576057339866232 ) ) ;
#2112 = ORIENTED_EDGE ( 'NONE', *, *, #3703, .F. ) ;
#2113 = DIRECTION ( 'NONE',  ( -1.000000000000000000, -0.000000000000000000, -0.000000000000000000 ) ) ;
#2114 = CARTESIAN_POINT ( 'NONE',  ( 42.40624999999999289, -3.054126587736536447, 1.265060653844735095 ) ) ;
#2115 = CARTESIAN_POINT ( 'NONE',  ( 41.37500000000000711, 2.350480947161660339, 0.000000000000000000 ) ) ;
#2116 = CARTESIAN_POINT ( 'NONE',  ( 34.68750000000000711, -0.9736010864139191812, 2.350480947161659895 ) ) ;
#2117 = CARTESIAN_POINT ( 'NONE',  ( 29.93750000000000355, -2.350480947161660339, 0.9736010864139172938 ) ) ;
#2118 = CARTESIAN_POINT ( 'NONE',  ( 19.04612954672471758, 0.9586922535414612589, 2.800668114022900834 ) ) ;
#2119 = CARTESIAN_POINT ( 'NONE',  ( 41.78125000000000711, 2.159593620790635438, -2.159593620790635438 ) ) ;
#2120 = DIRECTION ( 'NONE',  ( 0.000000000000000000, 0.000000000000000000, 1.000000000000000000 ) ) ;
#2121 = CARTESIAN_POINT ( 'NONE',  ( 23.62500000000000711, 1.836970198721036344E-16, -3.000000000000010658 ) ) ;
#2122 = AXIS2_PLACEMENT_3D ( 'NONE', #4247, #1268, #5583 ) ;
#2123 = LOCAL_TIME ( 13, 43, 36.00000000000000000, #5857 ) ;
#2124 = CARTESIAN_POINT ( 'NONE',  ( 21.81250000000001066, -2.350480947161660783, 0.9736010864139172938 ) ) ;
#2125 = CARTESIAN_POINT ( 'NONE',  ( 20.28125000000000000, -1.265060653844737315, 3.054126587736534670 ) ) ;
#2126 = CARTESIAN_POINT ( 'NONE',  ( 33.06249999999999289, -2.350480947161660339, -0.9736010864139181820 ) ) ;
#2127 = CARTESIAN_POINT ( 'NONE',  ( 26.74999999999999645, -4.317763452597548908E-16, 2.350480947161660339 ) ) ;
#2128 = LINE ( 'NONE', #3600, #74 ) ;
#2129 = LINE ( 'NONE', #5085, #3119 ) ;
#2130 = ORIENTED_EDGE ( 'NONE', *, *, #5685, .T. ) ;
#2131 = CARTESIAN_POINT ( 'NONE',  ( 31.31250000000000711, 2.350480947161660339, -0.9736010864139179599 ) ) ;
#2132 = CARTESIAN_POINT ( 'NONE',  ( 32.46875000000000000, -3.054126587736535559, -3.740226349862376611E-16 ) ) ;
#2133 = CARTESIAN_POINT ( 'NONE',  ( -42.79032790590703428, 0.9851426667100633416, 2.500000000000000444 ) ) ;
#2134 = DIRECTION ( 'NONE',  ( 0.000000000000000000, 0.000000000000000000, 1.000000000000000000 ) ) ;
#2135 = CARTESIAN_POINT ( 'NONE',  ( 42.27323632716530710, -0.1952601557617649752, 2.976763672834705776 ) ) ;
#2136 = CARTESIAN_POINT ( 'NONE',  ( 28.65625000000000711, 1.870113174931188306E-16, -3.054126587736535559 ) ) ;
#2137 = CARTESIAN_POINT ( 'NONE',  ( 22.24999999999999645, 1.439254484199183216E-16, -2.350480947161660339 ) ) ;
#2138 = CARTESIAN_POINT ( 'NONE',  ( 34.87499999999999289, 2.121320343559649935, -2.121320343559649935 ) ) ;
#2139 = CARTESIAN_POINT ( 'NONE',  ( 30.93750000000001066, -2.350480947161660339, -0.9736010864139181820 ) ) ;
#2140 = CARTESIAN_POINT ( 'NONE',  ( 18.00000000000001066, -1.662041016787788816, -1.662041016787789260 ) ) ;
#2141 = CARTESIAN_POINT ( 'NONE',  ( 19.62499999999999645, 1.662041016787788594, 1.662041016787789482 ) ) ;
#2142 = EDGE_CURVE ( 'NONE', #3010, #3943, #4432, .T. ) ;
#2143 = CARTESIAN_POINT ( 'NONE',  ( -38.50000000000000000, 1.443375672974064772, -2.499999999999996891 ) ) ;
#2144 = ORIENTED_EDGE ( 'NONE', *, *, #4624, .F. ) ;
#2145 = CARTESIAN_POINT ( 'NONE',  ( 40.53124999999999289, -3.054126587736535114, -1.265060653844735761 ) ) ;
#2146 = B_SPLINE_CURVE_WITH_KNOTS ( 'NONE', 3,
 ( #4303, #764, #204, #270, #5793, #4268 ),
 .UNSPECIFIED., .F., .F.,
 ( 4, 2, 4 ),
 ( 0.003062535871172584936, 0.003810007225991176964, 0.004557478580809768559 ),
 .UNSPECIFIED. ) ;
#2147 = CARTESIAN_POINT ( 'NONE',  ( 39.75000000000000711, -1.662041016787789482, 1.662041016787788816 ) ) ;
#2148 = CARTESIAN_POINT ( 'NONE',  ( 31.68750000000000711, -0.9736010864139191812, 2.350480947161659895 ) ) ;
#2149 = CARTESIAN_POINT ( 'NONE',  ( 33.43749999999999289, 2.350480947161660339, -0.9736010864139179599 ) ) ;
#2150 = ADVANCED_FACE ( 'NONE', ( #4049 ), #707, .T. ) ;
#2151 = DIRECTION ( 'NONE',  ( -1.000000000000000000, -0.000000000000000000, -0.000000000000000000 ) ) ;
#2152 = CARTESIAN_POINT ( 'NONE',  ( 42.15625000000000711, -5.610339524793564424E-16, 3.054126587736535559 ) ) ;
#2153 = CARTESIAN_POINT ( 'NONE',  ( 26.25000000000000000, -5.510910596163108291E-16, 3.000000000000010658 ) ) ;
#2154 = VECTOR ( 'NONE', #6473, 1000.000000000000114 ) ;
#2155 = CARTESIAN_POINT ( 'NONE',  ( 19.64951905283834677, -0.3698219102110603673, 2.321204953832775253 ) ) ;
#2156 = CARTESIAN_POINT ( 'NONE',  ( 19.49999999999999645, -3.000000000000010658, -3.673940397442072687E-16 ) ) ;
#2157 = CARTESIAN_POINT ( 'NONE',  ( 41.75000000000000711, -1.662041016787789482, 1.662041016787788816 ) ) ;
#2158 = CARTESIAN_POINT ( 'NONE',  ( 30.49999999999999645, 2.350480947161660339, 0.000000000000000000 ) ) ;
#2159 = CARTESIAN_POINT ( 'NONE',  ( 26.49999999999999645, 2.350480947161660339, 0.000000000000000000 ) ) ;
#2160 = CARTESIAN_POINT ( 'NONE',  ( 31.93750000000000711, 3.000000000000009770, 1.242640687119291654 ) ) ;
#2161 = CARTESIAN_POINT ( 'NONE',  ( 42.81249999999999289, -0.9736010864139191812, 2.350480947161659895 ) ) ;
#2162 = ORIENTED_EDGE ( 'NONE', *, *, #5952, .T. ) ;
#2163 = CARTESIAN_POINT ( 'NONE',  ( 30.87500000000001066, -2.350480947161660339, -2.878508968398366432E-16 ) ) ;
#2164 = CARTESIAN_POINT ( 'NONE',  ( 31.40624999999999645, -3.054126587736536447, 1.265060653844735095 ) ) ;
#2165 = CARTESIAN_POINT ( 'NONE',  ( 19.62938705618927671, -0.2486486198758078858, 2.360896585585586127 ) ) ;
#2166 = CARTESIAN_POINT ( 'NONE',  ( 29.12500000000000711, -5.510910596163109277E-16, 3.000000000000010658 ) ) ;
#2167 = CARTESIAN_POINT ( 'NONE',  ( 42.66533052621171862, -2.316609370147750369, 1.162237335328855314 ) ) ;
#2168 = CARTESIAN_POINT ( 'NONE',  ( 29.65625000000001066, 1.870113174931188306E-16, -3.054126587736535559 ) ) ;
#2169 = CARTESIAN_POINT ( 'NONE',  ( 21.62499999999999645, 1.662041016787788594, 1.662041016787789482 ) ) ;
#2170 = DIRECTION ( 'NONE',  ( -1.000000000000000000, -0.000000000000000000, -0.000000000000000000 ) ) ;
#2171 = AXIS2_PLACEMENT_3D ( 'NONE', #5415, #4415, #4383 ) ;
#2172 = CARTESIAN_POINT ( 'NONE',  ( 24.75000000000001066, -1.662041016787789482, 1.662041016787788816 ) ) ;
#2173 = CARTESIAN_POINT ( 'NONE',  ( 17.87500000000001066, -2.350480947161660339, -2.878508968398366432E-16 ) ) ;
#2174 = CARTESIAN_POINT ( 'NONE',  ( 17.99999999999999645, -2.350480947161660339, -2.878508968398366432E-16 ) ) ;
#2175 = CARTESIAN_POINT ( 'NONE',  ( -43.00000000000000000, 1.443375672974063884, -2.499999999999999112 ) ) ;
#2176 = ORIENTED_EDGE ( 'NONE', *, *, #1270, .T. ) ;
#2177 =( BOUNDED_CURVE ( )  B_SPLINE_CURVE ( 2, ( #6220, #6255, #3777, #5164, #239, #2662, #5694, #5794, #1291 ),
 .UNSPECIFIED., .F., .F. ) 
 B_SPLINE_CURVE_WITH_KNOTS ( ( 3, 2, 2, 2, 3 ),
 ( 0.7211538461538463674, 0.7259615384615386580, 0.7307692307692310596, 0.7355769230769232392, 0.7403846153846155298 ),
 .UNSPECIFIED. ) 
 CURVE ( )  GEOMETRIC_REPRESENTATION_ITEM ( )  RATIONAL_B_SPLINE_CURVE ( ( 0.9999999999999964473, 0.9238795325112902912, 1.000000000000000000, 0.9238795325112867385, 1.000000000000000000, 0.9238795325112867385, 1.000000000000000000, 0.9238795325112849621, 1.000000000000001776 ) ) 
 REPRESENTATION_ITEM ( '' )  );
#2178 = VECTOR ( 'NONE', #6138, 1000.000000000000000 ) ;
#2179 = EDGE_LOOP ( 'NONE', ( #2412, #767, #999, #6289 ) ) ;
#2180 = CARTESIAN_POINT ( 'NONE',  ( 40.12500000000000711, 1.439254484199183216E-16, -2.350480947161660339 ) ) ;
#2181 = CARTESIAN_POINT ( 'NONE',  ( 42.65624999999999289, -1.265060653844735317, -3.054126587736535114 ) ) ;
#2182 = CARTESIAN_POINT ( 'NONE',  ( 35.87500000000001421, -2.350480947161660339, -2.878508968398366432E-16 ) ) ;
#2183 = CARTESIAN_POINT ( 'NONE',  ( 30.75000000000001066, -1.662041016787789482, 1.662041016787788816 ) ) ;
#2184 = CARTESIAN_POINT ( 'NONE',  ( 32.12500000000000000, -1.662041016787788816, -1.662041016787789260 ) ) ;
#2185 = CARTESIAN_POINT ( 'NONE',  ( 40.87499999999999289, 2.121320343559649935, -2.121320343559649935 ) ) ;
#2186 = ORIENTED_EDGE ( 'NONE', *, *, #5486, .F. ) ;
#2187 = CARTESIAN_POINT ( 'NONE',  ( 39.90625000000000711, 3.054126587736535559, 0.000000000000000000 ) ) ;
#2188 = DIRECTION ( 'NONE',  ( -1.000000000000000000, -0.000000000000000000, -0.000000000000000000 ) ) ;
#2189 = EDGE_CURVE ( 'NONE', #213, #6265, #4943, .T. ) ;
#2190 = AXIS2_PLACEMENT_3D ( 'NONE', #1232, #739, #2739 ) ;
#2191 = CARTESIAN_POINT ( 'NONE',  ( 21.00000000000001066, -1.662041016787788816, -1.662041016787789260 ) ) ;
#2192 = CARTESIAN_POINT ( 'NONE',  ( 41.56250000000001421, 0.9736010864139186261, 2.350480947161659895 ) ) ;
#2193 = CARTESIAN_POINT ( 'NONE',  ( 29.62500000000000000, 1.662041016787788594, 1.662041016787789482 ) ) ;
#2194 = CARTESIAN_POINT ( 'NONE',  ( 41.74999999999999289, -4.317763452597548908E-16, 2.350480947161660339 ) ) ;
#2195 = VERTEX_POINT ( 'NONE', #2221 ) ;
#2196 = CARTESIAN_POINT ( 'NONE',  ( 25.93750000000000000, -2.350480947161660339, 0.9736010864139172938 ) ) ;
#2197 = CARTESIAN_POINT ( 'NONE',  ( 31.87500000000001421, 3.000000000000010658, 0.000000000000000000 ) ) ;
#2198 = CARTESIAN_POINT ( 'NONE',  ( 40.49999999999999289, 2.350480947161660339, 0.000000000000000000 ) ) ;
#2199 = VERTEX_POINT ( 'NONE', #1730 ) ;
#2200 = AXIS2_PLACEMENT_3D ( 'NONE', #197, #4790, #6342 ) ;
#2201 = CARTESIAN_POINT ( 'NONE',  ( 31.87500000000001421, -2.350480947161660339, -2.878508968398366432E-16 ) ) ;
#2202 = CARTESIAN_POINT ( 'NONE',  ( 29.53125000000000000, -3.054126587736535114, -1.265060653844735761 ) ) ;
#2203 = CARTESIAN_POINT ( 'NONE',  ( 42.18749999999999289, -0.9736010864139177379, -2.350480947161660339 ) ) ;
#2204 = DIRECTION ( 'NONE',  ( 0.000000000000000000, 0.000000000000000000, -1.000000000000000000 ) ) ;
#2205 = CARTESIAN_POINT ( 'NONE',  ( 28.28125000000000711, -2.159593620790635882, 2.159593620790635438 ) ) ;
#2206 = CARTESIAN_POINT ( 'NONE',  ( 20.31249999999999645, 0.9736010864139180709, -2.350480947161660339 ) ) ;
#2207 = CARTESIAN_POINT ( 'NONE',  ( 35.31250000000000711, -1.242640687119335174, 2.999999999999965361 ) ) ;
#2208 = VECTOR ( 'NONE', #5513, 1000.000000000000000 ) ;
#2209 = CARTESIAN_POINT ( 'NONE',  ( 25.50000000000000711, 1.662041016787788594, 1.662041016787789482 ) ) ;
#2210 = CARTESIAN_POINT ( 'NONE',  ( 17.56250000000001421, 0.9736010864139186261, 2.350480947161659895 ) ) ;
#2211 = CARTESIAN_POINT ( 'NONE',  ( -42.88834973221712232, 1.220075137408310972, -2.499999999999996891 ) ) ;
#2212 = EDGE_LOOP ( 'NONE', ( #193, #5338, #4832, #3231 ) ) ;
#2213 = CARTESIAN_POINT ( 'NONE',  ( 39.31250000000001421, 2.350480947161660339, -0.9736010864139179599 ) ) ;
#2214 = CARTESIAN_POINT ( 'NONE',  ( 42.90625000000000000, 3.054126587736535114, -1.265060653844735317 ) ) ;
#2215 =( BOUNDED_CURVE ( )  B_SPLINE_CURVE ( 2, ( #6429, #1072, #4515, #943, #3527, #541, #3561, #479, #510 ),
 .UNSPECIFIED., .F., .F. ) 
 B_SPLINE_CURVE_WITH_KNOTS ( ( 3, 2, 2, 2, 3 ),
 ( 0.2596153846153843037, 0.2644230769230765943, 0.2692307692307689404, 0.2740384615384612865, 0.2788461538461535771 ),
 .UNSPECIFIED. ) 
 CURVE ( )  GEOMETRIC_REPRESENTATION_ITEM ( )  RATIONAL_B_SPLINE_CURVE ( ( 1.000000000000005329, 0.9238795325112815204, 1.000000000000000000, 0.9238795325112867385, 1.000000000000000000, 0.9238795325112867385, 1.000000000000000000, 0.9238795325112911794, 0.9999999999999955591 ) ) 
 REPRESENTATION_ITEM ( '' )  );
#2216 = CARTESIAN_POINT ( 'NONE',  ( 36.81250000000001421, -2.350480947161660339, 0.9736010864139172938 ) ) ;
#2217 = CARTESIAN_POINT ( 'NONE',  ( 30.00000000000001421, -1.662041016787788816, -1.662041016787789260 ) ) ;
#2218 = CARTESIAN_POINT ( 'NONE',  ( 29.25000000000000000, 1.439254484199183216E-16, -2.350480947161660339 ) ) ;
#2219 = CARTESIAN_POINT ( 'NONE',  ( 41.12499999999999289, 2.121320343559649491, 2.121320343559650379 ) ) ;
#2220 = CARTESIAN_POINT ( 'NONE',  ( 39.53125000000000711, -2.159593620790635438, -2.159593620790635438 ) ) ;
#2221 = CARTESIAN_POINT ( 'NONE',  ( 25.62500000000000711, 1.836970198721036344E-16, -3.000000000000010658 ) ) ;
#2222 = CARTESIAN_POINT ( 'NONE',  ( 30.81249999999999645, 1.242640687119333398, -2.999999999999966693 ) ) ;
#2223 = CARTESIAN_POINT ( 'NONE',  ( 37.68750000000000000, -1.242640687119267451, -3.000000000000032419 ) ) ;
#2224 = CARTESIAN_POINT ( 'NONE',  ( 43.31250000000000711, 2.350480947161660339, -0.9736010864139179599 ) ) ;
#2225 = CARTESIAN_POINT ( 'NONE',  ( 32.99999999999999289, -2.350480947161660339, -2.878508968398366432E-16 ) ) ;
#2226 = CARTESIAN_POINT ( 'NONE',  ( 19.43750000000001066, 2.350480947161659895, 0.9736010864139195142 ) ) ;
#2227 = ORIENTED_EDGE ( 'NONE', *, *, #3152, .F. ) ;
#2228 = ADVANCED_FACE ( 'NONE', ( #4609 ), #5219, .T. ) ;
#2229 = CARTESIAN_POINT ( 'NONE',  ( 24.68750000000000355, 0.9736010864139186261, 2.350480947161659895 ) ) ;
#2230 = CARTESIAN_POINT ( 'NONE',  ( 42.12499999999999289, 2.121320343559649491, 2.121320343559650379 ) ) ;
#2231 = CARTESIAN_POINT ( 'NONE',  ( 38.18749999999999289, -0.9736010864139177379, -2.350480947161660339 ) ) ;
#2232 = AXIS2_PLACEMENT_3D ( 'NONE', #3490, #2023, #970 ) ;
#2233 = VERTEX_POINT ( 'NONE', #3659 ) ;
#2234 = CARTESIAN_POINT ( 'NONE',  ( 29.25000000000001066, 1.662041016787789260, -1.662041016787788816 ) ) ;
#2235 = CARTESIAN_POINT ( 'NONE',  ( 30.96875000000000000, 3.054126587736535559, 0.000000000000000000 ) ) ;
#2236 = DIRECTION ( 'NONE',  ( -1.000000000000000000, -0.000000000000000000, -0.000000000000000000 ) ) ;
#2237 = CARTESIAN_POINT ( 'NONE',  ( 41.37499999999999289, -2.121320343559650379, 2.121320343559649935 ) ) ;
#2238 = AXIS2_PLACEMENT_3D ( 'NONE', #3593, #4180, #5245 ) ;
#2239 = EDGE_CURVE ( 'NONE', #2832, #4257, #5739, .T. ) ;
#2240 = LOCAL_TIME ( 13, 43, 36.00000000000000000, #3898 ) ;
#2241 = CARTESIAN_POINT ( 'NONE',  ( 27.71875000000001421, 1.265060653844735539, -3.054126587736535114 ) ) ;
#2242 = CARTESIAN_POINT ( 'NONE',  ( 34.56250000000001421, -1.242640687119245468, -3.000000000000054623 ) ) ;
#2243 = CARTESIAN_POINT ( 'NONE',  ( 34.00000000000000711, 2.121320343559649491, 2.121320343559650379 ) ) ;
#2244 = CARTESIAN_POINT ( 'NONE',  ( 24.31250000000001421, 2.350480947161660339, -0.9736010864139179599 ) ) ;
#2245 = CARTESIAN_POINT ( 'NONE',  ( 20.87500000000001066, -2.350480947161660339, -2.878508968398366432E-16 ) ) ;
#2246 = LINE ( 'NONE', #4235, #6003 ) ;
#2247 = CARTESIAN_POINT ( 'NONE',  ( 33.18749999999999289, -0.9736010864139177379, -2.350480947161660339 ) ) ;
#2248 = ORIENTED_EDGE ( 'NONE', *, *, #342, .F. ) ;
#2249 = CARTESIAN_POINT ( 'NONE',  ( 38.93750000000001421, -2.350480947161660339, -0.9736010864139181820 ) ) ;
#2250 = CARTESIAN_POINT ( 'NONE',  ( 39.21875000000000000, -5.610339524793564424E-16, 3.054126587736535559 ) ) ;
#2251 = CARTESIAN_POINT ( 'NONE',  ( 37.00000000000001421, -1.662041016787788816, -1.662041016787789260 ) ) ;
#2252 = CARTESIAN_POINT ( 'NONE',  ( 29.68750000000001066, -0.9736010864139191812, 2.350480947161659895 ) ) ;
#2253 = CARTESIAN_POINT ( 'NONE',  ( 27.81249999999999645, -0.9736010864139191812, 2.350480947161659895 ) ) ;
#2254 = DIRECTION ( 'NONE',  ( -1.000000000000000000, -0.000000000000000000, -0.000000000000000000 ) ) ;
#2255 = CARTESIAN_POINT ( 'NONE',  ( 38.84375000000002132, 3.054126587736535114, -1.265060653844735317 ) ) ;
#2256 = CARTESIAN_POINT ( 'NONE',  ( 28.68750000000000711, 1.242640687119311416, -2.999999999999988010 ) ) ;
#2257 = CARTESIAN_POINT ( 'NONE',  ( 37.50000000000000711, -3.000000000000010658, -3.673940397442072687E-16 ) ) ;
#2258 = CARTESIAN_POINT ( 'NONE',  ( 43.18750000000000711, 0.9736010864139180709, -2.350480947161660339 ) ) ;
#2259 = CARTESIAN_POINT ( 'NONE',  ( 30.56249999999999645, 2.350480947161659895, 0.9736010864139195142 ) ) ;
#2260 = CARTESIAN_POINT ( 'NONE',  ( 40.49999999999999289, 2.350480947161660339, 0.000000000000000000 ) ) ;
#2261 = CARTESIAN_POINT ( 'NONE',  ( 24.31249999999999645, 0.9736010864139180709, -2.350480947161660339 ) ) ;
#2262 = CARTESIAN_POINT ( 'NONE',  ( 42.24999999999999289, -5.510910596163108291E-16, 3.000000000000010658 ) ) ;
#2263 = CARTESIAN_POINT ( 'NONE',  ( 39.81249999999999289, -0.9736010864139191812, 2.350480947161659895 ) ) ;
#2264 = ORIENTED_EDGE ( 'NONE', *, *, #5436, .T. ) ;
#2265 = ADVANCED_FACE ( 'NONE', ( #6197 ), #3625, .T. ) ;
#2266 = CARTESIAN_POINT ( 'NONE',  ( 27.93750000000001066, -2.350480947161660339, -0.9736010864139181820 ) ) ;
#2267 = CARTESIAN_POINT ( 'NONE',  ( 29.46875000000000355, -3.054126587736535559, -3.740226349862376611E-16 ) ) ;
#2268 = CARTESIAN_POINT ( 'NONE',  ( 41.62499999999999289, 1.662041016787788594, 1.662041016787789482 ) ) ;
#2269 = DIRECTION ( 'NONE',  ( 0.000000000000000000, 0.000000000000000000, 1.000000000000000000 ) ) ;
#2270 = CARTESIAN_POINT ( 'NONE',  ( 27.34375000000000711, -3.054126587736536447, 1.265060653844735095 ) ) ;
#2271 = CARTESIAN_POINT ( 'NONE',  ( 20.12500000000000711, -5.510910596163109277E-16, 3.000000000000010658 ) ) ;
#2272 = ADVANCED_FACE ( 'NONE', ( #148 ), #114, .T. ) ;
#2273 = CARTESIAN_POINT ( 'NONE',  ( 33.93750000000000711, 3.000000000000009770, 1.242640687119291654 ) ) ;
#2274 = CARTESIAN_POINT ( 'NONE',  ( 26.87500000000001066, -2.350480947161660339, -2.878508968398366432E-16 ) ) ;
#2275 = LINE ( 'NONE', #5759, #5482 ) ;
#2276 = CARTESIAN_POINT ( 'NONE',  ( -43.00000000000000000, 0.000000000000000000, 0.000000000000000000 ) ) ;
#2277 = ORIENTED_EDGE ( 'NONE', *, *, #782, .T. ) ;
#2278 = CARTESIAN_POINT ( 'NONE',  ( 34.87499999999999289, -1.662041016787789482, 1.662041016787788816 ) ) ;
#2279 = VERTEX_POINT ( 'NONE', #2153 ) ;
#2280 = CARTESIAN_POINT ( 'NONE',  ( 39.75000000000000711, -1.662041016787789482, 1.662041016787788816 ) ) ;
#2281 = CARTESIAN_POINT ( 'NONE',  ( 37.40625000000000000, -3.054126587736536447, 1.265060653844735095 ) ) ;
#2282 = CARTESIAN_POINT ( 'NONE',  ( 38.18750000000001421, 0.9736010864139180709, -2.350480947161660339 ) ) ;
#2283 = CARTESIAN_POINT ( 'NONE',  ( 32.81250000000000711, -2.350480947161660339, 0.9736010864139172938 ) ) ;
#2284 = CARTESIAN_POINT ( 'NONE',  ( 27.74999999999999645, -4.317763452597548908E-16, 2.350480947161660339 ) ) ;
#2285 = CARTESIAN_POINT ( 'NONE',  ( 24.50000000000000000, -3.000000000000010658, -3.673940397442072687E-16 ) ) ;
#2286 = CARTESIAN_POINT ( 'NONE',  ( 36.40625000000000711, -3.054126587736535559, -3.740226349862376611E-16 ) ) ;
#2287 = CARTESIAN_POINT ( 'NONE',  ( 27.12500000000000711, -5.510910596163109277E-16, 3.000000000000010658 ) ) ;
#2288 = CARTESIAN_POINT ( 'NONE',  ( 19.62499999999999645, -2.121320343559649935, -2.121320343559649935 ) ) ;
#2289 = CARTESIAN_POINT ( 'NONE',  ( 17.53124999999999645, -3.054126587736535114, -1.265060653844735761 ) ) ;
#2290 = CARTESIAN_POINT ( 'NONE',  ( 32.93749999999999289, -2.350480947161660783, 0.9736010864139172938 ) ) ;
#2291 = CARTESIAN_POINT ( 'NONE',  ( 38.68750000000000000, 0.9736010864139186261, 2.350480947161659895 ) ) ;
#2292 = CARTESIAN_POINT ( 'NONE',  ( 21.68749999999999645, 0.9736010864139186261, 2.350480947161659895 ) ) ;
#2293 = CARTESIAN_POINT ( 'NONE',  ( 19.53080597351859637, 2.411221880508604531, -0.5922322531704726778 ) ) ;
#2294 = CIRCLE ( 'NONE', #1557, 3.000000000000010658 ) ;
#2295 = CARTESIAN_POINT ( 'NONE',  ( 40.31249999999999289, 0.9736010864139180709, -2.350480947161660339 ) ) ;
#2296 = ORIENTED_EDGE ( 'NONE', *, *, #58, .T. ) ;
#2297 = CARTESIAN_POINT ( 'NONE',  ( 26.68750000000001066, -0.9736010864139191812, 2.350480947161659895 ) ) ;
#2298 = CARTESIAN_POINT ( 'NONE',  ( 29.59375000000000355, -2.159593620790635438, -2.159593620790635438 ) ) ;
#2299 = CARTESIAN_POINT ( 'NONE',  ( 41.37499999999999289, 1.662041016787789260, -1.662041016787788816 ) ) ;
#2300 = LINE ( 'NONE', #6493, #4918 ) ;
#2301 = ORIENTED_EDGE ( 'NONE', *, *, #2387, .F. ) ;
#2302 = ADVANCED_FACE ( 'NONE', ( #4642 ), #5613, .T. ) ;
#2303 = CARTESIAN_POINT ( 'NONE',  ( 23.15625000000000711, -5.610339524793564424E-16, 3.054126587736535559 ) ) ;
#2304 = CARTESIAN_POINT ( 'NONE',  ( 34.12500000000000711, -5.510910596163109277E-16, 3.000000000000010658 ) ) ;
#2305 = DIRECTION ( 'NONE',  ( -1.000000000000000000, -0.000000000000000000, -0.000000000000000000 ) ) ;
#2306 = CARTESIAN_POINT ( 'NONE',  ( 24.87500000000001066, -2.350480947161660339, -2.878508968398366432E-16 ) ) ;
#2307 = CARTESIAN_POINT ( 'NONE',  ( 39.93750000000000000, 3.000000000000010658, -1.242640687119289433 ) ) ;
#2308 = DIRECTION ( 'NONE',  ( -1.000000000000000000, -0.000000000000000000, -0.000000000000000000 ) ) ;
#2309 = CARTESIAN_POINT ( 'NONE',  ( 19.75000000000000000, 1.836970198721036344E-16, -3.000000000000010658 ) ) ;
#2310 = EDGE_CURVE ( 'NONE', #3326, #222, #4115, .T. ) ;
#2311 = CARTESIAN_POINT ( 'NONE',  ( 33.62499999999999289, 1.662041016787788594, 1.662041016787789482 ) ) ;
#2312 = ORIENTED_EDGE ( 'NONE', *, *, #2142, .T. ) ;
#2313 = CARTESIAN_POINT ( 'NONE',  ( 38.46874999999999289, -3.054126587736535559, -3.740226349862376611E-16 ) ) ;
#2314 = CARTESIAN_POINT ( 'NONE',  ( 36.50000000000001421, 1.662041016787788594, 1.662041016787789482 ) ) ;
#2315 = CARTESIAN_POINT ( 'NONE',  ( 27.87500000000001066, -2.350480947161660339, -2.878508968398366432E-16 ) ) ;
#2316 = CARTESIAN_POINT ( 'NONE',  ( 28.24999999999999645, 1.439254484199183216E-16, -2.350480947161660339 ) ) ;
#2317 = CARTESIAN_POINT ( 'NONE',  ( 20.62500000000000711, 1.836970198721036344E-16, -3.000000000000010658 ) ) ;
#2318 = ORIENTED_EDGE ( 'NONE', *, *, #5366, .F. ) ;
#2319 = CARTESIAN_POINT ( 'NONE',  ( 36.78125000000000711, 2.159593620790635438, -2.159593620790635438 ) ) ;
#2320 = FACE_OUTER_BOUND ( 'NONE', #2981, .T. ) ;
#2321 = LINE ( 'NONE', #3304, #3689 ) ;
#2322 = CARTESIAN_POINT ( 'NONE',  ( 38.81250000000000711, -2.350480947161660339, 0.9736010864139172938 ) ) ;
#2323 = CARTESIAN_POINT ( 'NONE',  ( 28.62499999999999645, 1.662041016787788594, 1.662041016787789482 ) ) ;
#2324 = CARTESIAN_POINT ( 'NONE',  ( 37.87500000000000000, -1.662041016787789482, 1.662041016787788816 ) ) ;
#2325 = CARTESIAN_POINT ( 'NONE',  ( 22.93749999999999645, -2.350480947161660339, 0.9736010864139172938 ) ) ;
#2326 = CARTESIAN_POINT ( 'NONE',  ( 19.46789775277266799, 1.646856923820424035, -1.927739972019189674 ) ) ;
#2327 = CARTESIAN_POINT ( 'NONE',  ( 37.62500000000000000, 1.662041016787788594, 1.662041016787789482 ) ) ;
#2328 = CARTESIAN_POINT ( 'NONE',  ( 28.12500000000001066, 1.439254484199183216E-16, -2.350480947161660339 ) ) ;
#2329 = CARTESIAN_POINT ( 'NONE',  ( 28.53125000000000000, -3.054126587736535114, -1.265060653844735761 ) ) ;
#2330 = CARTESIAN_POINT ( 'NONE',  ( 38.06250000000000000, -2.350480947161660339, -0.9736010864139181820 ) ) ;
#2331 = CARTESIAN_POINT ( 'NONE',  ( 30.68750000000001066, 1.242640687119311416, -2.999999999999988010 ) ) ;
#2332 = ORIENTED_EDGE ( 'NONE', *, *, #1955, .F. ) ;
#2333 = VECTOR ( 'NONE', #4828, 999.9999999999998863 ) ;
#2334 = CARTESIAN_POINT ( 'NONE',  ( 25.53125000000000711, -2.159593620790635438, -2.159593620790635438 ) ) ;
#2335 = DIRECTION ( 'NONE',  ( -1.000000000000000000, -0.000000000000000000, -0.000000000000000000 ) ) ;
#2336 = DIRECTION ( 'NONE',  ( -1.000000000000000000, 0.000000000000000000, 0.000000000000000000 ) ) ;
#2337 = CARTESIAN_POINT ( 'NONE',  ( 19.62500000000001066, -4.317763452597548908E-16, 2.350480947161660339 ) ) ;
#2338 = LINE ( 'NONE', #5424, #1495 ) ;
#2339 = CARTESIAN_POINT ( 'NONE',  ( 19.08901848451058569, 2.832403572604128783, 0.6947548687564721881 ) ) ;
#2340 = CARTESIAN_POINT ( 'NONE',  ( 35.56250000000000000, 2.350480947161659895, 0.9736010864139195142 ) ) ;
#2341 = ORIENTED_EDGE ( 'NONE', *, *, #6484, .F. ) ;
#2342 = CARTESIAN_POINT ( 'NONE',  ( 38.15625000000000000, 1.265060653844736205, 3.054126587736534670 ) ) ;
#2343 = EDGE_CURVE ( 'NONE', #57, #3945, #5642, .T. ) ;
#2344 = CARTESIAN_POINT ( 'NONE',  ( 32.37500000000001421, 2.350480947161660339, 0.000000000000000000 ) ) ;
#2345 = CARTESIAN_POINT ( 'NONE',  ( 28.50000000000001066, 1.662041016787788594, 1.662041016787789482 ) ) ;
#2346 = CARTESIAN_POINT ( 'NONE',  ( 26.62499999999999645, 1.662041016787788594, 1.662041016787789482 ) ) ;
#2347 = CARTESIAN_POINT ( 'NONE',  ( -43.00000000000000000, 3.673940397442072687E-16, -3.000000000000010658 ) ) ;
#2348 = ORIENTED_EDGE ( 'NONE', *, *, #4615, .T. ) ;
#2349 = CARTESIAN_POINT ( 'NONE',  ( 35.59375000000000711, -1.265060653844735317, -3.054126587736535114 ) ) ;
#2350 = CARTESIAN_POINT ( 'NONE',  ( 26.62500000000000711, 1.836970198721036344E-16, -3.000000000000010658 ) ) ;
#2351 = ADVANCED_FACE ( 'NONE', ( #2607 ), #182, .T. ) ;
#2352 = FACE_OUTER_BOUND ( 'NONE', #852, .T. ) ;
#2353 = CARTESIAN_POINT ( 'NONE',  ( 39.37500000000000711, 2.350480947161660339, 0.000000000000000000 ) ) ;
#2354 = CARTESIAN_POINT ( 'NONE',  ( 39.06250000000000000, -2.350480947161660339, -0.9736010864139181820 ) ) ;
#2355 = CARTESIAN_POINT ( 'NONE',  ( 23.87499999999999645, -1.662041016787789482, 1.662041016787788816 ) ) ;
#2356 = CARTESIAN_POINT ( 'NONE',  ( 19.06250000000000000, 2.999999999999984457, 1.242640687119316079 ) ) ;
#2357 = CARTESIAN_POINT ( 'NONE',  ( 36.81249999999999289, -0.9736010864139191812, 2.350480947161659895 ) ) ;
#2358 = CARTESIAN_POINT ( 'NONE',  ( 28.62500000000001066, -4.317763452597548908E-16, 2.350480947161660339 ) ) ;
#2359 = CARTESIAN_POINT ( 'NONE',  ( 24.84375000000000000, 2.159593620790635438, -2.159593620790635438 ) ) ;
#2360 = CARTESIAN_POINT ( 'NONE',  ( 38.37500000000000000, 1.662041016787789260, -1.662041016787788816 ) ) ;
#2361 =( BOUNDED_CURVE ( )  B_SPLINE_CURVE ( 2, ( #4649, #154, #2717, #1110, #4683, #5649, #2230, #3113, #2262 ),
 .UNSPECIFIED., .F., .T. ) 
 B_SPLINE_CURVE_WITH_KNOTS ( ( 3, 2, 2, 2, 3 ),
 ( 0.9519230769230769829, 0.9567307692307693845, 0.9615384615384616751, 0.9663461538461539657, 0.9711538461538462563 ),
 .UNSPECIFIED. ) 
 CURVE ( )  GEOMETRIC_REPRESENTATION_ITEM ( )  RATIONAL_B_SPLINE_CURVE ( ( 0.9999999999999982236, 0.9238795325112885148, 1.000000000000000000, 0.9238795325112867385, 1.000000000000000000, 0.9238795325112867385, 1.000000000000000000, 0.9238795325112849621, 1.000000000000001776 ) ) 
 REPRESENTATION_ITEM ( '' )  );
#2362 = ORIENTED_EDGE ( 'NONE', *, *, #3901, .F. ) ;
#2363 = CARTESIAN_POINT ( 'NONE',  ( 26.40625000000000711, -3.054126587736535559, -3.740226349862376611E-16 ) ) ;
#2364 = CARTESIAN_POINT ( 'NONE',  ( 19.87499999999999645, -1.662041016787789482, 1.662041016787788816 ) ) ;
#2365 = AXIS2_PLACEMENT_3D ( 'NONE', #2625, #3644, #3547 ) ;
#2366 = CARTESIAN_POINT ( 'NONE',  ( 40.18750000000000000, -1.242640687119313192, 2.999999999999987121 ) ) ;
#2367 = CARTESIAN_POINT ( 'NONE',  ( 20.37500000000001066, 2.350480947161660339, 0.000000000000000000 ) ) ;
#2368 = FACE_OUTER_BOUND ( 'NONE', #1603, .T. ) ;
#2369 = DIRECTION ( 'NONE',  ( 0.000000000000000000, 0.000000000000000000, 1.000000000000000000 ) ) ;
#2370 = CARTESIAN_POINT ( 'NONE',  ( 33.93749999999999289, -2.350480947161660339, 0.9736010864139172938 ) ) ;
#2371 = ORIENTED_EDGE ( 'NONE', *, *, #3614, .T. ) ;
#2372 = CARTESIAN_POINT ( 'NONE',  ( 35.78125000000000711, 1.265060653844735539, -3.054126587736535114 ) ) ;
#2373 = CARTESIAN_POINT ( 'NONE',  ( 35.18750000000001421, 0.9736010864139180709, -2.350480947161660339 ) ) ;
#2374 = CARTESIAN_POINT ( 'NONE',  ( 27.12500000000001066, 1.439254484199183216E-16, -2.350480947161660339 ) ) ;
#2375 = CARTESIAN_POINT ( 'NONE',  ( 25.24999999999999645, 1.439254484199183216E-16, -2.350480947161660339 ) ) ;
#2376 = CARTESIAN_POINT ( 'NONE',  ( 21.62500000000000711, 1.836970198721036344E-16, -3.000000000000010658 ) ) ;
#2377 = VERTEX_POINT ( 'NONE', #1133 ) ;
#2378 = ADVANCED_FACE ( 'NONE', ( #1101 ), #1921, .F. ) ;
#2379 = CARTESIAN_POINT ( 'NONE',  ( 36.21875000000000711, -1.265060653844737315, 3.054126587736534670 ) ) ;
#2380 = CARTESIAN_POINT ( 'NONE',  ( 36.56250000000000000, -3.000000000000010658, -1.242640687119289877 ) ) ;
#2381 = CARTESIAN_POINT ( 'NONE',  ( 41.87500000000000000, 3.000000000000010658, 0.000000000000000000 ) ) ;
#2382 = DIRECTION ( 'NONE',  ( -1.000000000000000000, -0.000000000000000000, -0.000000000000000000 ) ) ;
#2383 = CARTESIAN_POINT ( 'NONE',  ( 37.68750000000001421, -0.9736010864139191812, 2.350480947161659895 ) ) ;
#2384 = AXIS2_PLACEMENT_3D ( 'NONE', #3726, #6165, #742 ) ;
#2385 = CARTESIAN_POINT ( 'NONE',  ( 35.31249999999999289, 0.9736010864139180709, -2.350480947161660339 ) ) ;
#2386 =( BOUNDED_CURVE ( )  B_SPLINE_CURVE ( 2, ( #2620, #95, #2102, #1610, #3605, #654, #6213, #128, #2166 ),
 .UNSPECIFIED., .F., .F. ) 
 B_SPLINE_CURVE_WITH_KNOTS ( ( 3, 2, 2, 2, 3 ),
 ( 0.5480769230769229061, 0.5528846153846151967, 0.5576923076923074873, 0.5624999999999998890, 0.5673076923076921796 ),
 .UNSPECIFIED. ) 
 CURVE ( )  GEOMETRIC_REPRESENTATION_ITEM ( )  RATIONAL_B_SPLINE_CURVE ( ( 1.000000000000003553, 0.9238795325112831858, 1.000000000000000000, 0.9238795325112867385, 1.000000000000000000, 0.9238795325112867385, 1.000000000000000000, 0.9238795325112885148, 0.9999999999999982236 ) ) 
 REPRESENTATION_ITEM ( '' )  );
#2387 = EDGE_CURVE ( 'NONE', #2801, #2377, #5050, .T. ) ;
#2388 = CARTESIAN_POINT ( 'NONE',  ( 21.43749999999999289, 2.350480947161660339, -0.9736010864139179599 ) ) ;
#2389 = CARTESIAN_POINT ( 'NONE',  ( 25.12500000000000711, -5.510910596163109277E-16, 3.000000000000010658 ) ) ;
#2390 = CARTESIAN_POINT ( 'NONE',  ( 23.12500000000001066, 1.439254484199183216E-16, -2.350480947161660339 ) ) ;
#2391 = CARTESIAN_POINT ( 'NONE',  ( 24.59375000000000000, -2.159593620790635438, -2.159593620790635438 ) ) ;
#2392 = CARTESIAN_POINT ( 'NONE',  ( 40.37499999999999289, 1.662041016787789260, -1.662041016787788816 ) ) ;
#2393 = ORIENTED_EDGE ( 'NONE', *, *, #5403, .F. ) ;
#2394 = CARTESIAN_POINT ( 'NONE',  ( 24.28125000000000711, -2.159593620790635882, 2.159593620790635438 ) ) ;
#2395 = FACE_OUTER_BOUND ( 'NONE', #435, .T. ) ;
#2396 = CARTESIAN_POINT ( 'NONE',  ( 42.62500000000000711, -4.317763452597548908E-16, 2.350480947161660339 ) ) ;
#2397 = CARTESIAN_POINT ( 'NONE',  ( 19.12500000000000711, -5.510910596163109277E-16, 3.000000000000010658 ) ) ;
#2398 = CARTESIAN_POINT ( 'NONE',  ( 20.81250000000001421, -2.350480947161660339, 0.9736010864139172938 ) ) ;
#2399 = DIRECTION ( 'NONE',  ( 0.000000000000000000, 0.000000000000000000, 1.000000000000000000 ) ) ;
#2400 = APPROVAL_STATUS ( 'not_yet_approved' ) ;
#2401 = CARTESIAN_POINT ( 'NONE',  ( 19.25748140888323334, 2.136536645029246007, 1.728520861747280923 ) ) ;
#2402 = CARTESIAN_POINT ( 'NONE',  ( 25.81249999999999645, -0.9736010864139191812, 2.350480947161659895 ) ) ;
#2403 = VERTEX_POINT ( 'NONE', #2639 ) ;
#2404 = CARTESIAN_POINT ( 'NONE',  ( 37.71875000000000000, 1.870113174931188306E-16, -3.054126587736535559 ) ) ;
#2405 = VECTOR ( 'NONE', #4923, 1000.000000000000000 ) ;
#2406 = CARTESIAN_POINT ( 'NONE',  ( 35.43750000000001421, 2.350480947161659895, 0.9736010864139195142 ) ) ;
#2407 = CARTESIAN_POINT ( 'NONE',  ( 28.68750000000001066, -0.9736010864139191812, 2.350480947161659895 ) ) ;
#2408 = CARTESIAN_POINT ( 'NONE',  ( 25.37500000000000000, 1.662041016787789260, -1.662041016787788816 ) ) ;
#2409 = CARTESIAN_POINT ( 'NONE',  ( 29.37500000000000000, -2.121320343559650379, 2.121320343559649935 ) ) ;
#2410 = VERTEX_POINT ( 'NONE', #5176 ) ;
#2411 = CARTESIAN_POINT ( 'NONE',  ( 33.03125000000000711, 2.159593620790634994, 2.159593620790635882 ) ) ;
#2412 = ORIENTED_EDGE ( 'NONE', *, *, #4663, .F. ) ;
#2413 = CARTESIAN_POINT ( 'NONE',  ( 25.81250000000001421, 3.000000000000010658, -1.242640687119289433 ) ) ;
#2414 = CARTESIAN_POINT ( 'NONE',  ( 39.50000000000000000, -3.000000000000010658, -3.673940397442072687E-16 ) ) ;
#2415 = CARTESIAN_POINT ( 'NONE',  ( 31.62500000000000000, -2.121320343559649935, -2.121320343559649935 ) ) ;
#2416 = CARTESIAN_POINT ( 'NONE',  ( 41.18750000000000711, 0.9736010864139180709, -2.350480947161660339 ) ) ;
#2417 = CARTESIAN_POINT ( 'NONE',  ( 37.00000000000000000, -2.350480947161660339, -2.878508968398366432E-16 ) ) ;
#2418 = CARTESIAN_POINT ( 'NONE',  ( 20.37499999999999645, 1.662041016787789260, -1.662041016787788816 ) ) ;
#2419 = CARTESIAN_POINT ( 'NONE',  ( 19.64951905283834677, 1.379836182837152814, 1.902843343920715524 ) ) ;
#2420 = CARTESIAN_POINT ( 'NONE',  ( 26.50000000000001066, 1.662041016787788594, 1.662041016787789482 ) ) ;
#2421 = CARTESIAN_POINT ( 'NONE',  ( 26.34375000000000000, -2.159593620790635882, 2.159593620790635438 ) ) ;
#2422 = CARTESIAN_POINT ( 'NONE',  ( 38.87500000000000000, -1.662041016787789482, 1.662041016787788816 ) ) ;
#2423 = EDGE_CURVE ( 'NONE', #5120, #5288, #1969, .T. ) ;
#2424 =( BOUNDED_CURVE ( )  B_SPLINE_CURVE ( 2, ( #5917, #5887, #4799, #304, #5364, #3840, #395, #6409, #4305 ),
 .UNSPECIFIED., .F., .F. ) 
 B_SPLINE_CURVE_WITH_KNOTS ( ( 3, 2, 2, 2, 3 ),
 ( 0.4326923076923079869, 0.4375000000000002776, 0.4423076923076926237, 0.4471153846153849143, 0.4519230769230772049 ),
 .UNSPECIFIED. ) 
 CURVE ( )  GEOMETRIC_REPRESENTATION_ITEM ( )  RATIONAL_B_SPLINE_CURVE ( ( 0.9999999999999955591, 0.9238795325112911794, 1.000000000000000000, 0.9238795325112867385, 1.000000000000000000, 0.9238795325112867385, 1.000000000000000000, 0.9238795325112815204, 1.000000000000005329 ) ) 
 REPRESENTATION_ITEM ( '' )  );
#2425 = CARTESIAN_POINT ( 'NONE',  ( 31.50000000000000000, 2.350480947161660339, 0.000000000000000000 ) ) ;
#2426 = CARTESIAN_POINT ( 'NONE',  ( 23.53125000000000711, -2.159593620790635438, -2.159593620790635438 ) ) ;
#2427 = CARTESIAN_POINT ( 'NONE',  ( 39.87500000000000000, 3.000000000000010658, 0.000000000000000000 ) ) ;
#2428 = CARTESIAN_POINT ( 'NONE',  ( 34.75000000000000711, -1.662041016787789482, 1.662041016787788816 ) ) ;
#2429 = CARTESIAN_POINT ( 'NONE',  ( 43.00000000000000000, 0.000000000000000000, 0.000000000000000000 ) ) ;
#2430 = ADVANCED_FACE ( 'NONE', ( #2708 ), #216, .T. ) ;
#2431 = CARTESIAN_POINT ( 'NONE',  ( 20.06250000000001776, -0.9736010864139177379, -2.350480947161660339 ) ) ;
#2432 = CYLINDRICAL_SURFACE ( 'NONE', #349, 3.000000000000010658 ) ;
#2433 = CARTESIAN_POINT ( 'NONE',  ( 0.000000000000000000, 0.000000000000000000, 0.000000000000000000 ) ) ;
#2434 = CARTESIAN_POINT ( 'NONE',  ( 40.49999999999999289, -3.000000000000010658, -3.673940397442072687E-16 ) ) ;
#2435 = AXIS2_PLACEMENT_3D ( 'NONE', #4445, #410, #2933 ) ;
#2436 = CARTESIAN_POINT ( 'NONE',  ( 28.18750000000000000, -0.9736010864139177379, -2.350480947161660339 ) ) ;
#2437 = VECTOR ( 'NONE', #1041, 1000.000000000000000 ) ;
#2438 = LINE ( 'NONE', #1982, #2912 ) ;
#2439 = CARTESIAN_POINT ( 'NONE',  ( 34.09375000000000000, 2.159593620790634994, 2.159593620790635882 ) ) ;
#2440 = CARTESIAN_POINT ( 'NONE',  ( 35.06250000000001421, -0.9736010864139177379, -2.350480947161660339 ) ) ;
#2441 = CARTESIAN_POINT ( 'NONE',  ( 25.87500000000001066, -2.350480947161660339, -2.878508968398366432E-16 ) ) ;
#2442 = CARTESIAN_POINT ( 'NONE',  ( 22.81249999999999289, -0.9736010864139191812, 2.350480947161659895 ) ) ;
#2443 = CARTESIAN_POINT ( 'NONE',  ( 35.81250000000001421, 3.000000000000010658, -1.242640687119289433 ) ) ;
#2444 = VERTEX_POINT ( 'NONE', #4083 ) ;
#2445 = CARTESIAN_POINT ( 'NONE',  ( 34.15625000000000711, -5.610339524793564424E-16, 3.054126587736535559 ) ) ;
#2446 = ORIENTED_EDGE ( 'NONE', *, *, #4059, .F. ) ;
#2447 = CARTESIAN_POINT ( 'NONE',  ( -43.00000000000000000, 0.000000000000000000, 3.000000000000010658 ) ) ;
#2448 = CARTESIAN_POINT ( 'NONE',  ( 41.62500000000000711, 1.836970198721036344E-16, -3.000000000000010658 ) ) ;
#2449 = DIRECTION ( 'NONE',  ( -1.000000000000000000, -0.000000000000000000, -0.000000000000000000 ) ) ;
#2450 = CARTESIAN_POINT ( 'NONE',  ( 39.62500000000000711, -4.317763452597548908E-16, 2.350480947161660339 ) ) ;
#2451 = CARTESIAN_POINT ( 'NONE',  ( 36.00000000000000000, -2.350480947161660339, -2.878508968398366432E-16 ) ) ;
#2452 = CARTESIAN_POINT ( 'NONE',  ( 36.12500000000001421, -5.510910596163109277E-16, 3.000000000000010658 ) ) ;
#2453 = CARTESIAN_POINT ( 'NONE',  ( 19.99999999999999645, -2.350480947161660339, -2.878508968398366432E-16 ) ) ;
#2454 = CARTESIAN_POINT ( 'NONE',  ( 19.44722019922586043, 1.231327608899677628, -2.239942916392155592 ) ) ;
#2455 = CARTESIAN_POINT ( 'NONE',  ( 26.00000000000001066, -1.662041016787788816, -1.662041016787789260 ) ) ;
#2456 = CARTESIAN_POINT ( 'NONE',  ( 25.46875000000000000, -3.054126587736535559, -3.740226349862376611E-16 ) ) ;
#2457 = CARTESIAN_POINT ( 'NONE',  ( 37.18750000000000000, -0.9736010864139177379, -2.350480947161660339 ) ) ;
#2458 = CARTESIAN_POINT ( 'NONE',  ( 29.56250000000000000, 2.350480947161659895, 0.9736010864139195142 ) ) ;
#2459 = CARTESIAN_POINT ( 'NONE',  ( 20.59375000000000711, -1.265060653844735317, -3.054126587736535114 ) ) ;
#2460 = EDGE_CURVE ( 'NONE', #3750, #5081, #5750, .T. ) ;
#2461 = CARTESIAN_POINT ( 'NONE',  ( 20.31250000000000711, -3.000000000000011102, 1.242640687119288989 ) ) ;
#2462 = CARTESIAN_POINT ( 'NONE',  ( 36.50000000000001421, 1.662041016787788594, 1.662041016787789482 ) ) ;
#2463 = CARTESIAN_POINT ( 'NONE',  ( -43.00000000000000000, 1.443375672974063884, -2.499999999999999112 ) ) ;
#2464 = CARTESIAN_POINT ( 'NONE',  ( 22.50000000000001066, 1.662041016787788594, 1.662041016787789482 ) ) ;
#2465 = CARTESIAN_POINT ( 'NONE',  ( -43.00000000000000000, 0.000000000000000000, 3.000000000000010658 ) ) ;
#2466 = APPROVAL_STATUS ( 'not_yet_approved' ) ;
#2467 = DIRECTION ( 'NONE',  ( -1.000000000000000000, -0.000000000000000000, -0.000000000000000000 ) ) ;
#2468 = AXIS2_PLACEMENT_3D ( 'NONE', #32, #2039, #3117 ) ;
#2469 = EDGE_CURVE ( 'NONE', #3115, #2094, #1180, .T. ) ;
#2470 = CARTESIAN_POINT ( 'NONE',  ( 25.43750000000000355, 2.350480947161660339, -0.9736010864139179599 ) ) ;
#2471 = ORIENTED_EDGE ( 'NONE', *, *, #3828, .F. ) ;
#2472 = CARTESIAN_POINT ( 'NONE',  ( 32.03124999999999289, 3.054126587736534670, 1.265060653844737759 ) ) ;
#2473 = CARTESIAN_POINT ( 'NONE',  ( 32.00000000000001421, -1.662041016787788816, -1.662041016787789260 ) ) ;
#2474 = CARTESIAN_POINT ( 'NONE',  ( 24.81250000000001066, -2.350480947161660339, 0.9736010864139172938 ) ) ;
#2475 = CARTESIAN_POINT ( 'NONE',  ( 21.99999999999999645, -2.350480947161660339, -2.878508968398366432E-16 ) ) ;
#2476 = CARTESIAN_POINT ( 'NONE',  ( 24.12499999999999645, 2.121320343559649491, 2.121320343559650379 ) ) ;
#2477 = EDGE_LOOP ( 'NONE', ( #5860, #3681 ) ) ;
#2478 = CARTESIAN_POINT ( 'NONE',  ( 33.84375000000001421, 3.054126587736535114, -1.265060653844735317 ) ) ;
#2479 = VERTEX_POINT ( 'NONE', #573 ) ;
#2480 = DIRECTION ( 'NONE',  ( -1.000000000000000000, -0.000000000000000000, -0.000000000000000000 ) ) ;
#2481 = CARTESIAN_POINT ( 'NONE',  ( 19.25926928486690315, -2.681941080842372482, -0.5929279097311790370 ) ) ;
#2482 = CARTESIAN_POINT ( 'NONE',  ( 20.25000000000000000, -5.510910596163108291E-16, 3.000000000000010658 ) ) ;
#2483 = CARTESIAN_POINT ( 'NONE',  ( 35.00000000000000711, -1.662041016787788816, -1.662041016787789260 ) ) ;
#2484 = CARTESIAN_POINT ( 'NONE',  ( 33.93749999999999289, -2.350480947161660339, 0.9736010864139172938 ) ) ;
#2485 = CARTESIAN_POINT ( 'NONE',  ( 33.18749999999999289, 1.242640687119290321, 3.000000000000010214 ) ) ;
#2486 = CARTESIAN_POINT ( 'NONE',  ( 20.49999999999999645, 2.350480947161660339, 0.000000000000000000 ) ) ;
#2487 = CARTESIAN_POINT ( 'NONE',  ( 29.87500000000000000, 2.121320343559649935, -2.121320343559649935 ) ) ;
#2488 = CARTESIAN_POINT ( 'NONE',  ( 25.62500000000000711, -4.317763452597548908E-16, 2.350480947161660339 ) ) ;
#2489 = CARTESIAN_POINT ( 'NONE',  ( 23.90624999999999645, 3.054126587736535114, -1.265060653844735317 ) ) ;
#2490 = CARTESIAN_POINT ( 'NONE',  ( 35.50000000000000000, 2.350480947161660339, 0.000000000000000000 ) ) ;
#2491 = CARTESIAN_POINT ( 'NONE',  ( 32.18749999999999289, -0.9736010864139177379, -2.350480947161660339 ) ) ;
#2492 = CARTESIAN_POINT ( 'NONE',  ( 22.15625000000000711, -5.610339524793564424E-16, 3.054126587736535559 ) ) ;
#2493 = CARTESIAN_POINT ( 'NONE',  ( 38.81250000000000000, 1.242640687119267451, -3.000000000000032419 ) ) ;
#2494 = VERTEX_POINT ( 'NONE', #4516 ) ;
#2495 = CARTESIAN_POINT ( 'NONE',  ( 35.62500000000001421, -4.317763452597548908E-16, 2.350480947161660339 ) ) ;
#2496 = CARTESIAN_POINT ( 'NONE',  ( 31.31250000000000711, -3.000000000000011102, 1.242640687119288989 ) ) ;
#2497 = CARTESIAN_POINT ( 'NONE',  ( 18.37500000000001066, 2.350480947161660339, 0.000000000000000000 ) ) ;
#2498 = CARTESIAN_POINT ( 'NONE',  ( 42.86007980742466827, -1.242778210294110286, 2.049996366204181353 ) ) ;
#2499 = EDGE_CURVE ( 'NONE', #3143, #4822, #157, .T. ) ;
#2500 = CARTESIAN_POINT ( 'NONE',  ( 21.56250000000001066, -1.242640687119289433, -3.000000000000010658 ) ) ;
#2501 = CARTESIAN_POINT ( 'NONE',  ( 26.62499999999999645, 1.662041016787788594, 1.662041016787789482 ) ) ;
#2502 = DIRECTION ( 'NONE',  ( -1.000000000000000000, -0.000000000000000000, -0.000000000000000000 ) ) ;
#2503 = CARTESIAN_POINT ( 'NONE',  ( 34.28125000000000711, -1.265060653844737315, 3.054126587736534670 ) ) ;
#2504 = CARTESIAN_POINT ( 'NONE',  ( 29.18750000000001066, 0.9736010864139180709, -2.350480947161660339 ) ) ;
#2505 = CARTESIAN_POINT ( 'NONE',  ( 23.18750000000001066, 0.9736010864139180709, -2.350480947161660339 ) ) ;
#2506 = CARTESIAN_POINT ( 'NONE',  ( 24.12499999999999645, -1.662041016787788816, -1.662041016787789260 ) ) ;
#2507 = EDGE_CURVE ( 'NONE', #3030, #3143, #5294, .T. ) ;
#2508 = CARTESIAN_POINT ( 'NONE',  ( 32.56250000000000711, -1.242640687119212384, -3.000000000000087486 ) ) ;
#2509 = VECTOR ( 'NONE', #137, 1000.000000000000000 ) ;
#2510 = VERTEX_POINT ( 'NONE', #1631 ) ;
#2511 = CARTESIAN_POINT ( 'NONE',  ( -42.88722609038088507, -1.556149582593187697, 2.304669858771505542 ) ) ;
#2512 = CARTESIAN_POINT ( 'NONE',  ( 19.16756792837156809, -2.186385520927701887, 1.809741864758624530 ) ) ;
#2513 = CARTESIAN_POINT ( 'NONE',  ( 21.93749999999999645, 3.000000000000010658, -1.242640687119289433 ) ) ;
#2514 = CARTESIAN_POINT ( 'NONE',  ( 36.31250000000000711, 2.350480947161660339, -0.9736010864139179599 ) ) ;
#2515 = CARTESIAN_POINT ( 'NONE',  ( 37.62500000000000000, 1.662041016787788594, 1.662041016787789482 ) ) ;
#2516 = CARTESIAN_POINT ( 'NONE',  ( 27.43750000000001421, -3.000000000000010658, -1.242640687119289877 ) ) ;
#2517 = CARTESIAN_POINT ( 'NONE',  ( 18.93749999999999289, -2.350480947161660339, 0.9736010864139172938 ) ) ;
#2518 = FACE_OUTER_BOUND ( 'NONE', #3134, .T. ) ;
#2519 = CARTESIAN_POINT ( 'NONE',  ( -42.88722609038087796, -2.773977436329015500, -0.1953301412284887961 ) ) ;
#2520 = CARTESIAN_POINT ( 'NONE',  ( 24.68750000000001066, -0.9736010864139191812, 2.350480947161659895 ) ) ;
#2521 = CARTESIAN_POINT ( 'NONE',  ( 22.28125000000000000, -1.265060653844737315, 3.054126587736534670 ) ) ;
#2522 = CARTESIAN_POINT ( 'NONE',  ( 36.06250000000000000, -2.350480947161660339, -0.9736010864139181820 ) ) ;
#2523 = VERTEX_POINT ( 'NONE', #5481 ) ;
#2524 = CARTESIAN_POINT ( 'NONE',  ( 30.37500000000000000, 1.662041016787789260, -1.662041016787788816 ) ) ;
#2525 = CARTESIAN_POINT ( 'NONE',  ( 21.21875000000000711, -1.265060653844737315, 3.054126587736534670 ) ) ;
#2526 = ORIENTED_EDGE ( 'NONE', *, *, #255, .F. ) ;
#2527 = CARTESIAN_POINT ( 'NONE',  ( 35.68750000000001421, -0.9736010864139191812, 2.350480947161659895 ) ) ;
#2528 = CARTESIAN_POINT ( 'NONE',  ( 42.87500000000000000, -1.662041016787789482, 1.662041016787788816 ) ) ;
#2529 = CARTESIAN_POINT ( 'NONE',  ( -37.00000000000000711, 0.000000000000000000, 4.500000000000017764 ) ) ;
#2530 = CARTESIAN_POINT ( 'NONE',  ( 21.18750000000000355, -1.242640687119313192, 2.999999999999987121 ) ) ;
#2531 = CARTESIAN_POINT ( 'NONE',  ( 24.49999999999999645, 2.350480947161660339, 0.000000000000000000 ) ) ;
#2532 = DIRECTION ( 'NONE',  ( -1.000000000000000000, -0.000000000000000000, -0.000000000000000000 ) ) ;
#2533 = CARTESIAN_POINT ( 'NONE',  ( 34.03125000000000000, 3.054126587736534670, 1.265060653844737759 ) ) ;
#2534 = CARTESIAN_POINT ( 'NONE',  ( 28.06250000000001066, -0.9736010864139177379, -2.350480947161660339 ) ) ;
#2535 = CARTESIAN_POINT ( 'NONE',  ( 22.00000000000001066, -1.662041016787788816, -1.662041016787789260 ) ) ;
#2536 = CARTESIAN_POINT ( 'NONE',  ( 19.68749999999999289, 0.9736010864139186261, 2.350480947161659895 ) ) ;
#2537 = CARTESIAN_POINT ( 'NONE',  ( 42.25910265726682979, -2.316742222100772075, 1.913025363658143130 ) ) ;
#2538 = VECTOR ( 'NONE', #3948, 1000.000000000000000 ) ;
#2539 = EDGE_CURVE ( 'NONE', #585, #5507, #1081, .T. ) ;
#2540 = ORIENTED_EDGE ( 'NONE', *, *, #4218, .T. ) ;
#2541 = FACE_OUTER_BOUND ( 'NONE', #901, .T. ) ;
#2542 = CARTESIAN_POINT ( 'NONE',  ( 23.68750000000000355, -1.242640687119234588, -3.000000000000065725 ) ) ;
#2543 = CARTESIAN_POINT ( 'NONE',  ( 42.56250000000001421, 0.9736010864139186261, 2.350480947161659895 ) ) ;
#2544 = CARTESIAN_POINT ( 'NONE',  ( 36.37500000000001421, 2.350480947161660339, 0.000000000000000000 ) ) ;
#2545 = CARTESIAN_POINT ( 'NONE',  ( 31.06249999999999289, -2.350480947161660339, -0.9736010864139181820 ) ) ;
#2546 = DIRECTION ( 'NONE',  ( 0.000000000000000000, 0.000000000000000000, 1.000000000000000000 ) ) ;
#2547 = CARTESIAN_POINT ( 'NONE',  ( 19.74999999999999645, -4.317763452597548908E-16, 2.350480947161660339 ) ) ;
#2548 = CARTESIAN_POINT ( 'NONE',  ( 30.37499999999999645, -2.121320343559650379, 2.121320343559649935 ) ) ;
#2549 = EDGE_CURVE ( 'NONE', #3487, #3115, #542, .T. ) ;
#2550 = LINE ( 'NONE', #3006, #4847 ) ;
#2551 = CARTESIAN_POINT ( 'NONE',  ( 22.31250000000001066, 2.350480947161660339, -0.9736010864139179599 ) ) ;
#2552 = CARTESIAN_POINT ( 'NONE',  ( 20.40625000000000000, -3.054126587736536447, 1.265060653844735095 ) ) ;
#2553 = CARTESIAN_POINT ( 'NONE',  ( 33.81249999999999289, -0.9736010864139191812, 2.350480947161659895 ) ) ;
#2554 = CARTESIAN_POINT ( 'NONE',  ( 30.00000000000000000, -2.350480947161660339, -2.878508968398366432E-16 ) ) ;
#2555 = CARTESIAN_POINT ( 'NONE',  ( 19.65625000000000711, 1.870113174931188306E-16, -3.054126587736535559 ) ) ;
#2556 = CARTESIAN_POINT ( 'NONE',  ( 42.68750000000000000, 0.9736010864139186261, 2.350480947161659895 ) ) ;
#2557 = ORIENTED_EDGE ( 'NONE', *, *, #3978, .T. ) ;
#2558 = CARTESIAN_POINT ( 'NONE',  ( 38.37500000000001421, 2.350480947161660339, 0.000000000000000000 ) ) ;
#2559 = CARTESIAN_POINT ( 'NONE',  ( -38.50000000000000000, -1.443375672974067214, 2.500000000000000444 ) ) ;
#2560 = CARTESIAN_POINT ( 'NONE',  ( 42.43750000000000711, 2.350480947161660339, -0.9736010864139179599 ) ) ;
#2561 = CARTESIAN_POINT ( 'NONE',  ( 30.18750000000001776, -1.242640687119335174, 2.999999999999965361 ) ) ;
#2562 = CARTESIAN_POINT ( 'NONE',  ( 42.49368044466120153, 0.1715225608595850604, -2.756319555339859395 ) ) ;
#2563 = CARTESIAN_POINT ( 'NONE',  ( 21.37499999999999645, 1.662041016787789260, -1.662041016787788816 ) ) ;
#2564 = CARTESIAN_POINT ( 'NONE',  ( 22.68749999999999645, 1.242640687119311416, -2.999999999999988010 ) ) ;
#2565 = CARTESIAN_POINT ( 'NONE',  ( 27.50000000000001066, 1.662041016787788594, 1.662041016787789482 ) ) ;
#2566 = CARTESIAN_POINT ( 'NONE',  ( 25.18750000000001066, 0.9736010864139180709, -2.350480947161660339 ) ) ;
#2567 = CARTESIAN_POINT ( 'NONE',  ( 18.68749999999999645, 0.9736010864139186261, 2.350480947161659895 ) ) ;
#2568 = CARTESIAN_POINT ( 'NONE',  ( 32.62500000000001421, 1.836970198721036344E-16, -3.000000000000010658 ) ) ;
#2569 = ORIENTED_EDGE ( 'NONE', *, *, #3383, .T. ) ;
#2570 = CARTESIAN_POINT ( 'NONE',  ( 42.75000000000000711, -1.662041016787789482, 1.662041016787788816 ) ) ;
#2571 = CARTESIAN_POINT ( 'NONE',  ( 23.25000000000000000, -5.510910596163108291E-16, 3.000000000000010658 ) ) ;
#2572 = CARTESIAN_POINT ( 'NONE',  ( 41.18750000000000711, 0.9736010864139180709, -2.350480947161660339 ) ) ;
#2573 = CARTESIAN_POINT ( 'NONE',  ( 35.43750000000001421, 2.350480947161659895, 0.9736010864139195142 ) ) ;
#2574 = CARTESIAN_POINT ( 'NONE',  ( 30.25000000000000000, 1.439254484199183216E-16, -2.350480947161660339 ) ) ;
#2575 = EDGE_CURVE ( 'NONE', #3010, #5288, #977, .T. ) ;
#2576 = CARTESIAN_POINT ( 'NONE',  ( 42.34375000000000711, -3.054126587736536447, 1.265060653844735095 ) ) ;
#2577 = CARTESIAN_POINT ( 'NONE',  ( 30.50000000000000000, -3.000000000000010658, -3.673940397442072687E-16 ) ) ;
#2578 = CARTESIAN_POINT ( 'NONE',  ( -42.78929360685183525, -1.673615306705407590, -2.101213256461269996 ) ) ;
#2579 = CARTESIAN_POINT ( 'NONE',  ( 22.62500000000001066, -4.317763452597548908E-16, 2.350480947161660339 ) ) ;
#2580 = CARTESIAN_POINT ( 'NONE',  ( 19.28125000000000355, -1.265060653844737315, 3.054126587736534670 ) ) ;
#2581 = CARTESIAN_POINT ( 'NONE',  ( 35.25000000000000000, 1.439254484199183216E-16, -2.350480947161660339 ) ) ;
#2582 = EDGE_CURVE ( 'NONE', #2891, #1032, #6002, .T. ) ;
#2583 = CARTESIAN_POINT ( 'NONE',  ( 27.37499999999999645, 1.662041016787789260, -1.662041016787788816 ) ) ;
#2584 = CARTESIAN_POINT ( 'NONE',  ( 22.40625000000000711, -3.054126587736535559, -3.740226349862376611E-16 ) ) ;
#2585 = CARTESIAN_POINT ( 'NONE',  ( 42.74999999999999289, -4.317763452597548908E-16, 2.350480947161660339 ) ) ;
#2586 = ORIENTED_EDGE ( 'NONE', *, *, #5065, .T. ) ;
#2587 = CARTESIAN_POINT ( 'NONE',  ( 34.25000000000000711, 1.662041016787789260, -1.662041016787788816 ) ) ;
#2588 = CARTESIAN_POINT ( 'NONE',  ( 20.93749999999999289, 3.000000000000010658, -1.242640687119289433 ) ) ;
#2589 = CARTESIAN_POINT ( 'NONE',  ( 19.48440227954233706, 0.7126492172773736256, 2.419075914971234642 ) ) ;
#2590 =( BOUNDED_CURVE ( )  B_SPLINE_CURVE ( 2, ( #5312, #4244, #4672, #280, #1266, #1727, #4806, #5174, #6229 ),
 .UNSPECIFIED., .F., .F. ) 
 B_SPLINE_CURVE_WITH_KNOTS ( ( 3, 2, 2, 2, 3 ),
 ( 0.7403846153846153078, 0.7451923076923075984, 0.7499999999999998890, 0.7548076923076921796, 0.7596153846153844702 ),
 .UNSPECIFIED. ) 
 CURVE ( )  GEOMETRIC_REPRESENTATION_ITEM ( )  RATIONAL_B_SPLINE_CURVE ( ( 1.000000000000001776, 0.9238795325112849621, 1.000000000000000000, 0.9238795325112867385, 1.000000000000000000, 0.9238795325112867385, 1.000000000000000000, 0.9238795325112885148, 0.9999999999999982236 ) ) 
 REPRESENTATION_ITEM ( '' )  );
#2591 = CARTESIAN_POINT ( 'NONE',  ( 33.21875000000000711, -1.265060653844737315, 3.054126587736534670 ) ) ;
#2592 =( BOUNDED_CURVE ( )  B_SPLINE_CURVE ( 2, ( #4954, #856, #392, #1940, #1441, #2496, #4459, #2855, #987 ),
 .UNSPECIFIED., .F., .F. ) 
 B_SPLINE_CURVE_WITH_KNOTS ( ( 3, 2, 2, 2, 3 ),
 ( 0.4711538461538460343, 0.4759615384615383249, 0.4807692307692306710, 0.4855769230769229616, 0.4903846153846152522 ),
 .UNSPECIFIED. ) 
 CURVE ( )  GEOMETRIC_REPRESENTATION_ITEM ( )  RATIONAL_B_SPLINE_CURVE ( ( 1.000000000000001776, 0.9238795325112849621, 1.000000000000000000, 0.9238795325112867385, 1.000000000000000000, 0.9238795325112867385, 1.000000000000000000, 0.9238795325112885148, 0.9999999999999982236 ) ) 
 REPRESENTATION_ITEM ( '' )  );
#2593 = CARTESIAN_POINT ( 'NONE',  ( 23.24999999999999645, 1.439254484199183216E-16, -2.350480947161660339 ) ) ;
#2594 = CARTESIAN_POINT ( 'NONE',  ( 35.18750000000000000, 1.242640687119246579, 3.000000000000054179 ) ) ;
#2595 = CARTESIAN_POINT ( 'NONE',  ( 28.31250000000001066, 2.350480947161660339, -0.9736010864139179599 ) ) ;
#2596 = CARTESIAN_POINT ( 'NONE',  ( 22.31250000000001066, 2.350480947161660339, -0.9736010864139179599 ) ) ;
#2597 = CARTESIAN_POINT ( 'NONE',  ( 20.49999999999999645, 2.350480947161660339, 0.000000000000000000 ) ) ;
#2598 = CARTESIAN_POINT ( 'NONE',  ( 40.74999999999999289, 1.836970198721036344E-16, -3.000000000000010658 ) ) ;
#2599 = VERTEX_POINT ( 'NONE', #6067 ) ;
#2600 = CARTESIAN_POINT ( 'NONE',  ( 41.00000000000000711, 2.121320343559649491, 2.121320343559650379 ) ) ;
#2601 = CARTESIAN_POINT ( 'NONE',  ( -43.00000000000000000, 3.673940397442072687E-16, -3.000000000000010658 ) ) ;
#2602 = CARTESIAN_POINT ( 'NONE',  ( 41.43750000000000711, 2.350480947161659895, 0.9736010864139195142 ) ) ;
#2603 = CARTESIAN_POINT ( 'NONE',  ( 36.12500000000001421, 1.439254484199183216E-16, -2.350480947161660339 ) ) ;
#2604 = CARTESIAN_POINT ( 'NONE',  ( 33.06249999999999289, -2.350480947161660339, -0.9736010864139181820 ) ) ;
#2605 = CARTESIAN_POINT ( 'NONE',  ( 39.62500000000000711, 1.836970198721036344E-16, -3.000000000000010658 ) ) ;
#2606 = CARTESIAN_POINT ( 'NONE',  ( 41.53125000000000711, -2.159593620790635438, -2.159593620790635438 ) ) ;
#2607 = FACE_OUTER_BOUND ( 'NONE', #2212, .T. ) ;
#2608 = CARTESIAN_POINT ( 'NONE',  ( 33.62500000000000711, 1.836970198721036344E-16, -3.000000000000010658 ) ) ;
#2609 = CARTESIAN_POINT ( 'NONE',  ( 19.81250000000001776, -2.350480947161660783, 0.9736010864139172938 ) ) ;
#2610 = CARTESIAN_POINT ( 'NONE',  ( 20.53125000000000355, -3.054126587736535114, -1.265060653844735761 ) ) ;
#2611 = CARTESIAN_POINT ( 'NONE',  ( 34.62499999999999289, 1.662041016787788594, 1.662041016787789482 ) ) ;
#2612 = EDGE_LOOP ( 'NONE', ( #698, #1639, #1050, #4092, #1345 ) ) ;
#2613 = CARTESIAN_POINT ( 'NONE',  ( 26.68750000000000000, 0.9736010864139186261, 2.350480947161659895 ) ) ;
#2614 = CARTESIAN_POINT ( 'NONE',  ( 18.65625000000000711, 1.870113174931188306E-16, -3.054126587736535559 ) ) ;
#2615 = CARTESIAN_POINT ( 'NONE',  ( 43.12500000000000000, -1.662041016787788816, -1.662041016787789260 ) ) ;
#2616 = VERTEX_POINT ( 'NONE', #5516 ) ;
#2617 = EDGE_CURVE ( 'NONE', #2377, #4120, #2550, .T. ) ;
#2618 = CARTESIAN_POINT ( 'NONE',  ( 31.81250000000000711, -2.350480947161660783, 0.9736010864139172938 ) ) ;
#2619 = CARTESIAN_POINT ( 'NONE',  ( 32.31249999999999289, -1.242640687119291210, 3.000000000000009770 ) ) ;
#2620 = CARTESIAN_POINT ( 'NONE',  ( 29.62500000000001066, 1.836970198721036344E-16, -3.000000000000010658 ) ) ;
#2621 = CYLINDRICAL_SURFACE ( 'NONE', #4417, 3.000000000000010658 ) ;
#2622 = CARTESIAN_POINT ( 'NONE',  ( 27.21875000000001066, -1.265060653844737315, 3.054126587736534670 ) ) ;
#2623 = CARTESIAN_POINT ( 'NONE',  ( 23.56249999999999645, 2.350480947161659895, 0.9736010864139195142 ) ) ;
#2624 = EDGE_CURVE ( 'NONE', #6023, #6297, #4982, .T. ) ;
#2625 = CARTESIAN_POINT ( 'NONE',  ( -37.49999999999999289, 0.000000000000000000, 0.000000000000000000 ) ) ;
#2626 = CARTESIAN_POINT ( 'NONE',  ( 28.43750000000000711, 2.350480947161659895, 0.9736010864139195142 ) ) ;
#2627 = CARTESIAN_POINT ( 'NONE',  ( 18.18750000000001066, 0.9736010864139180709, -2.350480947161660339 ) ) ;
#2628 = CARTESIAN_POINT ( 'NONE',  ( 20.06250000000000000, -2.350480947161660339, -0.9736010864139181820 ) ) ;
#2629 = CARTESIAN_POINT ( 'NONE',  ( -42.61323265945211602, -0.2540154855613146467, -2.499999999999996891 ) ) ;
#2630 =( BOUNDED_CURVE ( )  B_SPLINE_CURVE ( 2, ( #3488, #872, #4873, #4376, #378, #3877, #902, #3393, #5408 ),
 .UNSPECIFIED., .F., .F. ) 
 B_SPLINE_CURVE_WITH_KNOTS ( ( 3, 2, 2, 2, 3 ),
 ( 0.1634615384615383249, 0.1682692307692305878, 0.1730769230769228229, 0.1778846153846150857, 0.1826923076923073208 ),
 .UNSPECIFIED. ) 
 CURVE ( )  GEOMETRIC_REPRESENTATION_ITEM ( )  RATIONAL_B_SPLINE_CURVE ( ( 1.000000000000002220, 0.9238795325112845180, 1.000000000000000000, 0.9238795325112867385, 1.000000000000000000, 0.9238795325112867385, 1.000000000000000000, 0.9238795325112924006, 0.9999999999999943379 ) ) 
 REPRESENTATION_ITEM ( '' )  );
#2631 = EDGE_LOOP ( 'NONE', ( #5772, #2130, #3047, #1589 ) ) ;
#2632 = CARTESIAN_POINT ( 'NONE',  ( -42.88656149043514887, -2.773312836383614144, 0.1964812621006375160 ) ) ;
#2633 = CARTESIAN_POINT ( 'NONE',  ( 42.71875000000000000, 1.870113174931188306E-16, -3.054126587736535559 ) ) ;
#2634 = CARTESIAN_POINT ( 'NONE',  ( 42.93750000000000711, -2.350480947161660339, -0.9736010864139181820 ) ) ;
#2635 = CARTESIAN_POINT ( 'NONE',  ( 30.56250000000001066, 0.9736010864139186261, 2.350480947161659895 ) ) ;
#2636 = CARTESIAN_POINT ( 'NONE',  ( 31.24999999999999645, 1.439254484199183216E-16, -2.350480947161660339 ) ) ;
#2637 = CARTESIAN_POINT ( 'NONE',  ( 19.05299106618771177, 0.7688351469514510539, 2.851477085826706670 ) ) ;
#2638 = CARTESIAN_POINT ( 'NONE',  ( 43.03125000000000711, 2.159593620790634994, 2.159593620790635882 ) ) ;
#2639 = CARTESIAN_POINT ( 'NONE',  ( 26.62500000000000711, 1.836970198721036344E-16, -3.000000000000010658 ) ) ;
#2640 = CARTESIAN_POINT ( 'NONE',  ( 31.00000000000000000, 3.000000000000010658, 0.000000000000000000 ) ) ;
#2641 = CONICAL_SURFACE ( 'NONE', #1391, 3.000000000000014655, 0.7853981633974500554 ) ;
#2642 = LOCAL_TIME ( 13, 43, 36.00000000000000000, #4893 ) ;
#2643 = CARTESIAN_POINT ( 'NONE',  ( 20.12500000000001066, 1.439254484199183216E-16, -2.350480947161660339 ) ) ;
#2644 = CARTESIAN_POINT ( 'NONE',  ( 19.78125000000000355, 1.265060653844735539, -3.054126587736535114 ) ) ;
#2645 = CARTESIAN_POINT ( 'NONE',  ( 32.74999999999999289, -4.317763452597548908E-16, 2.350480947161660339 ) ) ;
#2646 = CARTESIAN_POINT ( 'NONE',  ( 27.31249999999999645, 0.9736010864139180709, -2.350480947161660339 ) ) ;
#2647 = CARTESIAN_POINT ( 'NONE',  ( 31.62500000000000711, 1.836970198721036344E-16, -3.000000000000010658 ) ) ;
#2648 = CARTESIAN_POINT ( 'NONE',  ( 42.31249999999999289, 0.9736010864139180709, -2.350480947161660339 ) ) ;
#2649 = ORIENTED_EDGE ( 'NONE', *, *, #2499, .F. ) ;
#2650 = CARTESIAN_POINT ( 'NONE',  ( 33.56250000000000711, 0.9736010864139186261, 2.350480947161659895 ) ) ;
#2651 = CARTESIAN_POINT ( 'NONE',  ( 32.84375000000000000, 2.159593620790635438, -2.159593620790635438 ) ) ;
#2652 = CARTESIAN_POINT ( 'NONE',  ( 41.68749999999999289, 0.9736010864139186261, 2.350480947161659895 ) ) ;
#2653 = CARTESIAN_POINT ( 'NONE',  ( 41.49999999999999289, -3.000000000000010658, -3.673940397442072687E-16 ) ) ;
#2654 = LINE ( 'NONE', #3606, #1489 ) ;
#2655 = ADVANCED_FACE ( 'NONE', ( #6131 ), #4323, .T. ) ;
#2656 = CARTESIAN_POINT ( 'NONE',  ( 30.65625000000001066, 1.870113174931188306E-16, -3.054126587736535559 ) ) ;
#2657 = CARTESIAN_POINT ( 'NONE',  ( 21.43749999999999289, 2.350480947161660339, -0.9736010864139179599 ) ) ;
#2658 = CARTESIAN_POINT ( 'NONE',  ( 22.62500000000000711, 1.836970198721036344E-16, -3.000000000000010658 ) ) ;
#2659 = CARTESIAN_POINT ( 'NONE',  ( 25.06250000000001421, -0.9736010864139177379, -2.350480947161660339 ) ) ;
#2660 = CARTESIAN_POINT ( 'NONE',  ( 19.31250000000001776, 2.350480947161660339, -0.9736010864139179599 ) ) ;
#2661 = CARTESIAN_POINT ( 'NONE',  ( 19.74999999999999645, -4.317763452597548908E-16, 2.350480947161660339 ) ) ;
#2662 = CARTESIAN_POINT ( 'NONE',  ( 36.06250000000000000, 3.000000000000009770, 1.242640687119291654 ) ) ;
#2663 = ORIENTED_EDGE ( 'NONE', *, *, #2860, .F. ) ;
#2664 = EDGE_CURVE ( 'NONE', #1032, #5878, #6249, .T. ) ;
#2665 = ORIENTED_EDGE ( 'NONE', *, *, #3988, .T. ) ;
#2666 = CARTESIAN_POINT ( 'NONE',  ( 40.37500000000000711, 2.350480947161660339, 0.000000000000000000 ) ) ;
#2667 = CARTESIAN_POINT ( 'NONE',  ( 41.84375000000000000, 2.159593620790635438, -2.159593620790635438 ) ) ;
#2668 = CARTESIAN_POINT ( 'NONE',  ( 41.68750000000001421, -0.9736010864139191812, 2.350480947161659895 ) ) ;
#2669 = CARTESIAN_POINT ( 'NONE',  ( 33.50000000000000711, 1.662041016787788594, 1.662041016787789482 ) ) ;
#2670 = CARTESIAN_POINT ( 'NONE',  ( 30.12500000000000000, -1.662041016787788816, -1.662041016787789260 ) ) ;
#2671 = DIRECTION ( 'NONE',  ( -1.000000000000000000, -0.000000000000000000, -0.000000000000000000 ) ) ;
#2672 = CARTESIAN_POINT ( 'NONE',  ( 41.59375000000000711, -1.265060653844735317, -3.054126587736535114 ) ) ;
#2673 = CARTESIAN_POINT ( 'NONE',  ( -43.00000000000000000, 0.000000000000000000, 3.000000000000010658 ) ) ;
#2674 = CARTESIAN_POINT ( 'NONE',  ( 33.37500000000000711, -3.000000000000010658, -3.673940397442072687E-16 ) ) ;
#2675 = CARTESIAN_POINT ( 'NONE',  ( 22.50000000000001066, 1.662041016787788594, 1.662041016787789482 ) ) ;
#2676 = CARTESIAN_POINT ( 'NONE',  ( 43.12500000000000711, 1.439254484199183216E-16, -2.350480947161660339 ) ) ;
#2677 = CARTESIAN_POINT ( 'NONE',  ( 30.81249999999999645, -0.9736010864139191812, 2.350480947161659895 ) ) ;
#2678 = CARTESIAN_POINT ( 'NONE',  ( 17.68750000000000711, -0.9736010864139191812, 2.350480947161659895 ) ) ;
#2679 = ORIENTED_EDGE ( 'NONE', *, *, #6166, .F. ) ;
#2680 = CARTESIAN_POINT ( 'NONE',  ( 25.18750000000000000, -0.9736010864139177379, -2.350480947161660339 ) ) ;
#2681 = CARTESIAN_POINT ( 'NONE',  ( 17.96875000000000355, 3.054126587736534670, 1.265060653844737759 ) ) ;
#2682 = CARTESIAN_POINT ( 'NONE',  ( 39.74999999999999289, -4.317763452597548908E-16, 2.350480947161660339 ) ) ;
#2683 = ORIENTED_EDGE ( 'NONE', *, *, #5675, .T. ) ;
#2684 = CARTESIAN_POINT ( 'NONE',  ( 33.81250000000000711, -2.350480947161660783, 0.9736010864139172938 ) ) ;
#2685 = CARTESIAN_POINT ( 'NONE',  ( 30.65625000000000711, -1.265060653844735317, -3.054126587736535114 ) ) ;
#2686 = CARTESIAN_POINT ( 'NONE',  ( 41.43750000000000711, 2.350480947161660339, -0.9736010864139179599 ) ) ;
#2687 = CYLINDRICAL_SURFACE ( 'NONE', #2200, 3.000000000000010658 ) ;
#2688 = CARTESIAN_POINT ( 'NONE',  ( 29.59375000000001066, -1.265060653844735317, -3.054126587736535114 ) ) ;
#2689 = CARTESIAN_POINT ( 'NONE',  ( 20.43749999999999289, 2.350480947161660339, -0.9736010864139179599 ) ) ;
#2690 = CARTESIAN_POINT ( 'NONE',  ( 29.25000000000000000, -5.510910596163108291E-16, 3.000000000000010658 ) ) ;
#2691 = CIRCLE ( 'NONE', #2171, 5.000000000000004441 ) ;
#2692 = CARTESIAN_POINT ( 'NONE',  ( 26.81250000000001066, -2.350480947161660339, 0.9736010864139172938 ) ) ;
#2693 = CARTESIAN_POINT ( 'NONE',  ( 17.68750000000000711, -0.9736010864139191812, 2.350480947161659895 ) ) ;
#2694 = DIRECTION ( 'NONE',  ( 0.000000000000000000, 0.000000000000000000, -1.000000000000000000 ) ) ;
#2695 = CARTESIAN_POINT ( 'NONE',  ( 19.37500000000000711, -3.000000000000010658, -3.673940397442072687E-16 ) ) ;
#2696 = EDGE_LOOP ( 'NONE', ( #839, #4473 ) ) ;
#2697 = ORIENTED_EDGE ( 'NONE', *, *, #3425, .F. ) ;
#2698 = CARTESIAN_POINT ( 'NONE',  ( 41.81250000000000711, -2.350480947161660783, 0.9736010864139172938 ) ) ;
#2699 = CARTESIAN_POINT ( 'NONE',  ( 39.40625000000000000, -3.054126587736536447, 1.265060653844735095 ) ) ;
#2700 = EDGE_CURVE ( 'NONE', #750, #57, #4600, .T. ) ;
#2701 = CARTESIAN_POINT ( 'NONE',  ( 38.31250000000001421, 2.350480947161660339, -0.9736010864139179599 ) ) ;
#2702 = CARTESIAN_POINT ( 'NONE',  ( 30.62500000000001066, -4.317763452597548908E-16, 2.350480947161660339 ) ) ;
#2703 = CLOSED_SHELL ( 'NONE', ( #4312, #6399, #5963, #4697, #1993, #2150, #214, #3665, #1905, #6073, #3933, #5116, #2302, #5850, #3142, #5192, #4263, #1466, #1344, #1420, #3941, #1543, #5572, #3544, #1139, #99, #92, #298, #4543, #130, #1061, #1455, #3020, #2105, #5395, #4067, #6365, #1024, #1755, #2781, #2351, #6444, #6154, #4177, #5874, #3506, #3460, #4271, #2430, #6037, #2272, #5106, #3748, #2265, #3452, #853, #3348, #5526, #446, #4187, #1798, #2741, #1498, #4500, #3104, #817, #3065, #2228, #2655, #1092, #3275, #263, #419, #5478, #2378, #2937, #6287, #1657, #3229, #6083, #5201 ) ) ;
#2704 = CARTESIAN_POINT ( 'NONE',  ( 25.74999999999999645, -4.317763452597548908E-16, 2.350480947161660339 ) ) ;
#2705 = CARTESIAN_POINT ( 'NONE',  ( -38.50000000000000000, -2.886751345948133096, 1.682272590103237583E-15 ) ) ;
#2706 = ORIENTED_EDGE ( 'NONE', *, *, #3891, .T. ) ;
#2707 = CARTESIAN_POINT ( 'NONE',  ( 39.46875000000001421, -3.054126587736535114, -1.265060653844735761 ) ) ;
#2708 = FACE_OUTER_BOUND ( 'NONE', #4718, .T. ) ;
#2709 = CARTESIAN_POINT ( 'NONE',  ( 31.12499999999999645, 2.121320343559649491, 2.121320343559650379 ) ) ;
#2710 = CARTESIAN_POINT ( 'NONE',  ( 33.12500000000000711, -5.510910596163109277E-16, 3.000000000000010658 ) ) ;
#2711 = CARTESIAN_POINT ( 'NONE',  ( 18.53125000000000000, -3.054126587736535114, -1.265060653844735761 ) ) ;
#2712 = CARTESIAN_POINT ( 'NONE',  ( 29.75000000000000000, -4.317763452597548908E-16, 2.350480947161660339 ) ) ;
#2713 = CARTESIAN_POINT ( 'NONE',  ( 18.00000000000001066, -1.662041016787788816, -1.662041016787789260 ) ) ;
#2714 = ORIENTED_EDGE ( 'NONE', *, *, #6166, .T. ) ;
#2715 = CC_DESIGN_PERSON_AND_ORGANIZATION_ASSIGNMENT ( #6442, #6408, ( #2955 ) ) ;
#2716 = CARTESIAN_POINT ( 'NONE',  ( 24.87499999999999645, -1.662041016787789482, 1.662041016787788816 ) ) ;
#2717 = CARTESIAN_POINT ( 'NONE',  ( 41.87499999999999289, 2.121320343559649935, -2.121320343559649935 ) ) ;
#2718 = CARTESIAN_POINT ( 'NONE',  ( 37.06250000000000000, -2.350480947161660339, -0.9736010864139181820 ) ) ;
#2719 = ORIENTED_EDGE ( 'NONE', *, *, #3626, .T. ) ;
#2720 = CARTESIAN_POINT ( 'NONE',  ( 31.12500000000001066, 1.439254484199183216E-16, -2.350480947161660339 ) ) ;
#2721 = CARTESIAN_POINT ( 'NONE',  ( 28.15625000000000355, 1.265060653844736205, 3.054126587736534670 ) ) ;
#2722 = CARTESIAN_POINT ( 'NONE',  ( 42.88694468509625324, -1.793612187603853991, 1.530469845971724085 ) ) ;
#2723 = CARTESIAN_POINT ( 'NONE',  ( 33.31249999999999289, -1.242640687119291210, 3.000000000000009770 ) ) ;
#2724 = CARTESIAN_POINT ( 'NONE',  ( 28.09375000000000711, 1.265060653844736205, 3.054126587736534670 ) ) ;
#2725 = DIRECTION ( 'NONE',  ( 1.000000000000000000, 0.000000000000000000, 0.000000000000000000 ) ) ;
#2726 = CARTESIAN_POINT ( 'NONE',  ( 29.06250000000000000, 3.000000000000009770, 1.242640687119291654 ) ) ;
#2727 = CARTESIAN_POINT ( 'NONE',  ( 25.93750000000000711, -2.350480947161660339, -0.9736010864139181820 ) ) ;
#2728 = CARTESIAN_POINT ( 'NONE',  ( 19.68750000000001066, -0.9736010864139191812, 2.350480947161659895 ) ) ;
#2729 = CARTESIAN_POINT ( 'NONE',  ( 37.75000000000001421, 2.121320343559649935, -2.121320343559649935 ) ) ;
#2730 = CARTESIAN_POINT ( 'NONE',  ( 42.43110846612869125, -1.493054955855487753, -2.395171747779900162 ) ) ;
#2731 = ORIENTED_EDGE ( 'NONE', *, *, #941, .F. ) ;
#2732 = CARTESIAN_POINT ( 'NONE',  ( 36.25000000000000000, 1.439254484199183216E-16, -2.350480947161660339 ) ) ;
#2733 = ORIENTED_EDGE ( 'NONE', *, *, #5599, .T. ) ;
#2734 = CARTESIAN_POINT ( 'NONE',  ( 41.37500000000000711, 2.350480947161660339, 0.000000000000000000 ) ) ;
#2735 = CARTESIAN_POINT ( 'NONE',  ( 40.78125000000000000, 1.265060653844735539, -3.054126587736535114 ) ) ;
#2736 = CARTESIAN_POINT ( 'NONE',  ( 35.81250000000001421, -2.350480947161660339, 0.9736010864139172938 ) ) ;
#2737 = CARTESIAN_POINT ( 'NONE',  ( 30.06250000000001421, -0.9736010864139177379, -2.350480947161660339 ) ) ;
#2738 = CARTESIAN_POINT ( 'NONE',  ( 27.43750000000000355, 2.350480947161660339, -0.9736010864139179599 ) ) ;
#2739 = DIRECTION ( 'NONE',  ( 0.000000000000000000, 0.000000000000000000, 1.000000000000000000 ) ) ;
#2740 = ORIENTED_EDGE ( 'NONE', *, *, #1336, .T. ) ;
#2741 = ADVANCED_FACE ( 'NONE', ( #1269 ), #4147, .F. ) ;
#2742 = CARTESIAN_POINT ( 'NONE',  ( 38.90625000000000711, 3.054126587736535559, 0.000000000000000000 ) ) ;
#2743 = CARTESIAN_POINT ( 'NONE',  ( 28.87500000000000711, 3.000000000000010658, 0.000000000000000000 ) ) ;
#2744 = CARTESIAN_POINT ( 'NONE',  ( 35.18750000000000000, -1.242640687119346055, 2.999999999999954259 ) ) ;
#2745 = DIRECTION ( 'NONE',  ( 0.000000000000000000, 0.000000000000000000, -1.000000000000000000 ) ) ;
#2746 = CARTESIAN_POINT ( 'NONE',  ( 42.56250000000001421, 0.9736010864139186261, 2.350480947161659895 ) ) ;
#2747 = CARTESIAN_POINT ( 'NONE',  ( 31.50000000000000000, 2.350480947161660339, 0.000000000000000000 ) ) ;
#2748 = CARTESIAN_POINT ( 'NONE',  ( 37.75000000000000000, -4.317763452597548908E-16, 2.350480947161660339 ) ) ;
#2749 = VERTEX_POINT ( 'NONE', #3241 ) ;
#2750 = EDGE_CURVE ( 'NONE', #4633, #6241, #5066, .T. ) ;
#2751 = CARTESIAN_POINT ( 'NONE',  ( 20.81249999999999645, -0.9736010864139191812, 2.350480947161659895 ) ) ;
#2752 = CARTESIAN_POINT ( 'NONE',  ( 18.53125000000000711, -2.159593620790635438, -2.159593620790635438 ) ) ;
#2753 = CARTESIAN_POINT ( 'NONE',  ( 38.06250000000000000, -2.350480947161660339, -0.9736010864139181820 ) ) ;
#2754 = ORIENTED_EDGE ( 'NONE', *, *, #6046, .F. ) ;
#2755 = CARTESIAN_POINT ( 'NONE',  ( 28.25000000000001066, 1.662041016787789260, -1.662041016787788816 ) ) ;
#2756 = CARTESIAN_POINT ( 'NONE',  ( 28.09375000000000000, 2.159593620790634994, 2.159593620790635882 ) ) ;
#2757 = CARTESIAN_POINT ( 'NONE',  ( 42.49999999999999289, 2.350480947161660339, 0.000000000000000000 ) ) ;
#2758 = CARTESIAN_POINT ( 'NONE',  ( 33.24999999999999289, -5.510910596163108291E-16, 3.000000000000010658 ) ) ;
#2759 = CARTESIAN_POINT ( 'NONE',  ( 28.03125000000000711, 2.159593620790634994, 2.159593620790635882 ) ) ;
#2760 = CARTESIAN_POINT ( 'NONE',  ( 34.18750000000000000, -1.242640687119324294, 2.999999999999976907 ) ) ;
#2761 = CARTESIAN_POINT ( 'NONE',  ( -43.00000000000000000, 0.000000000000000000, 3.000000000000010658 ) ) ;
#2762 = CARTESIAN_POINT ( 'NONE',  ( 27.43750000000001066, 2.350480947161659895, 0.9736010864139195142 ) ) ;
#2763 = CARTESIAN_POINT ( 'NONE',  ( 18.68750000000001066, -0.9736010864139191812, 2.350480947161659895 ) ) ;
#2764 = CARTESIAN_POINT ( 'NONE',  ( 38.12500000000001421, -5.510910596163109277E-16, 3.000000000000010658 ) ) ;
#2765 = CARTESIAN_POINT ( 'NONE',  ( 42.37645448535364068, -2.579416089362759124, -1.297321362390576160 ) ) ;
#2766 = CARTESIAN_POINT ( 'NONE',  ( 36.62500000000000000, 1.662041016787788594, 1.662041016787789482 ) ) ;
#2767 = ORIENTED_EDGE ( 'NONE', *, *, #2469, .T. ) ;
#2768 = CARTESIAN_POINT ( 'NONE',  ( 42.00000000000000711, -1.662041016787788816, -1.662041016787789260 ) ) ;
#2769 = CARTESIAN_POINT ( 'NONE',  ( 35.65625000000000000, -1.265060653844735317, -3.054126587736535114 ) ) ;
#2770 = CARTESIAN_POINT ( 'NONE',  ( 39.06250000000002132, -0.9736010864139177379, -2.350480947161660339 ) ) ;
#2771 = CARTESIAN_POINT ( 'NONE',  ( 31.18750000000001421, 0.9736010864139180709, -2.350480947161660339 ) ) ;
#2772 = CARTESIAN_POINT ( 'NONE',  ( 27.12499999999999645, -1.662041016787788816, -1.662041016787789260 ) ) ;
#2773 = CARTESIAN_POINT ( 'NONE',  ( 40.99999999999999289, 3.000000000000010658, 0.000000000000000000 ) ) ;
#2774 = ORIENTED_EDGE ( 'NONE', *, *, #4096, .T. ) ;
#2775 = EDGE_LOOP ( 'NONE', ( #1404, #1740, #4774, #733 ) ) ;
#2776 = CARTESIAN_POINT ( 'NONE',  ( 38.78125000000000711, 2.159593620790635438, -2.159593620790635438 ) ) ;
#2777 = CARTESIAN_POINT ( 'NONE',  ( 30.87499999999999645, 2.121320343559649935, -2.121320343559649935 ) ) ;
#2778 = CARTESIAN_POINT ( 'NONE',  ( 23.25000000000000000, -5.510910596163108291E-16, 3.000000000000010658 ) ) ;
#2779 = CARTESIAN_POINT ( 'NONE',  ( 17.28125000000000000, -1.265060653844737315, 3.054126587736534670 ) ) ;
#2780 = CARTESIAN_POINT ( 'NONE',  ( 32.62499999999999289, 1.662041016787788594, 1.662041016787789482 ) ) ;
#2781 = ADVANCED_FACE ( 'NONE', ( #5775 ), #3172, .T. ) ;
#2782 = CARTESIAN_POINT ( 'NONE',  ( 39.87499999999999289, -1.662041016787789482, 1.662041016787788816 ) ) ;
#2783 = CARTESIAN_POINT ( 'NONE',  ( 21.31250000000000000, 0.9736010864139180709, -2.350480947161660339 ) ) ;
#2784 = CARTESIAN_POINT ( 'NONE',  ( 19.18749999999999645, 1.242640687119281884, 3.000000000000018208 ) ) ;
#2785 = CARTESIAN_POINT ( 'NONE',  ( 38.43749999999999289, 2.350480947161660339, -0.9736010864139179599 ) ) ;
#2786 = ORIENTED_EDGE ( 'NONE', *, *, #5918, .T. ) ;
#2787 = CARTESIAN_POINT ( 'NONE',  ( 27.43750000000001066, 2.350480947161659895, 0.9736010864139195142 ) ) ;
#2788 = CARTESIAN_POINT ( 'NONE',  ( 29.90625000000000355, 3.054126587736535114, -1.265060653844735317 ) ) ;
#2789 = DIRECTION ( 'NONE',  ( 0.000000000000000000, 0.000000000000000000, 1.000000000000000000 ) ) ;
#2790 = EDGE_CURVE ( 'NONE', #4404, #1393, #4641, .T. ) ;
#2791 = CARTESIAN_POINT ( 'NONE',  ( -43.00000000000000000, 0.000000000000000000, 0.000000000000000000 ) ) ;
#2792 = ORIENTED_EDGE ( 'NONE', *, *, #1175, .F. ) ;
#2793 = CARTESIAN_POINT ( 'NONE',  ( 26.03125000000000711, 2.159593620790634994, 2.159593620790635882 ) ) ;
#2794 = LINE ( 'NONE', #6248, #1318 ) ;
#2795 = CARTESIAN_POINT ( 'NONE',  ( 37.12500000000000000, 2.121320343559649491, 2.121320343559650379 ) ) ;
#2796 = CARTESIAN_POINT ( 'NONE',  ( 25.87500000000001066, -2.350480947161660339, -2.878508968398366432E-16 ) ) ;
#2797 = CARTESIAN_POINT ( 'NONE',  ( 27.00000000000000000, 3.000000000000010658, 0.000000000000000000 ) ) ;
#2798 = DIRECTION ( 'NONE',  ( -1.000000000000000000, 0.000000000000000000, 0.000000000000000000 ) ) ;
#2799 = CARTESIAN_POINT ( 'NONE',  ( 40.56249999999999289, -3.000000000000010658, -1.242640687119289877 ) ) ;
#2800 = CARTESIAN_POINT ( 'NONE',  ( 33.87499999999999289, -1.662041016787789482, 1.662041016787788816 ) ) ;
#2801 = VERTEX_POINT ( 'NONE', #2155 ) ;
#2802 = CARTESIAN_POINT ( 'NONE',  ( 38.59374999999999289, -2.159593620790635438, -2.159593620790635438 ) ) ;
#2803 = CARTESIAN_POINT ( 'NONE',  ( 36.93750000000000711, -2.350480947161660339, -0.9736010864139181820 ) ) ;
#2804 = CARTESIAN_POINT ( 'NONE',  ( 27.43750000000001066, 2.350480947161659895, 0.9736010864139195142 ) ) ;
#2805 = CARTESIAN_POINT ( 'NONE',  ( 26.18750000000000000, -0.9736010864139177379, -2.350480947161660339 ) ) ;
#2806 = CARTESIAN_POINT ( 'NONE',  ( -43.00000000000000000, 3.673940397442072687E-16, -3.000000000000010658 ) ) ;
#2807 = ORIENTED_EDGE ( 'NONE', *, *, #5023, .T. ) ;
#2808 = CARTESIAN_POINT ( 'NONE',  ( 36.90625000000000711, 3.054126587736535559, 0.000000000000000000 ) ) ;
#2809 = CARTESIAN_POINT ( 'NONE',  ( 34.43750000000000000, -3.000000000000011102, 1.242640687119288989 ) ) ;
#2810 = CARTESIAN_POINT ( 'NONE',  ( -43.00000000000000000, 0.000000000000000000, 0.000000000000000000 ) ) ;
#2811 = CARTESIAN_POINT ( 'NONE',  ( 17.15624999999999645, 1.265060653844736205, 3.054126587736534670 ) ) ;
#2812 = CARTESIAN_POINT ( 'NONE',  ( 28.37499999999999645, 1.662041016787789260, -1.662041016787788816 ) ) ;
#2813 = CARTESIAN_POINT ( 'NONE',  ( 38.93750000000000000, -2.350480947161660339, 0.9736010864139172938 ) ) ;
#2814 = CARTESIAN_POINT ( 'NONE',  ( 24.12499999999999645, -1.662041016787788816, -1.662041016787789260 ) ) ;
#2815 = CARTESIAN_POINT ( 'NONE',  ( 19.49315600697865491, 2.063359523255317463, -1.429569876176347343 ) ) ;
#2816 = CARTESIAN_POINT ( 'NONE',  ( 38.25000000000000000, 1.439254484199183216E-16, -2.350480947161660339 ) ) ;
#2817 = CARTESIAN_POINT ( 'NONE',  ( 28.37500000000001066, 2.350480947161660339, 0.000000000000000000 ) ) ;
#2818 = CARTESIAN_POINT ( 'NONE',  ( 30.40625000000000355, -3.054126587736536447, 1.265060653844735095 ) ) ;
#2819 = CARTESIAN_POINT ( 'NONE',  ( 39.49999999999999289, 2.350480947161660339, 0.000000000000000000 ) ) ;
#2820 = CARTESIAN_POINT ( 'NONE',  ( 31.06250000000000711, 1.242640687119268339, 3.000000000000031974 ) ) ;
#2821 =( BOUNDED_CURVE ( )  B_SPLINE_CURVE ( 2, ( #4586, #4123, #1606, #584, #1638, #549, #5621, #61, #4650 ),
 .UNSPECIFIED., .F., .F. ) 
 B_SPLINE_CURVE_WITH_KNOTS ( ( 3, 2, 2, 2, 3 ),
 ( 0.3365384615384616751, 0.3413461538461540212, 0.3461538461538463674, 0.3509615384615386580, 0.3557692307692310041 ),
 .UNSPECIFIED. ) 
 CURVE ( )  GEOMETRIC_REPRESENTATION_ITEM ( )  RATIONAL_B_SPLINE_CURVE ( ( 0.9999999999999982236, 0.9238795325112885148, 1.000000000000000000, 0.9238795325112867385, 1.000000000000000000, 0.9238795325112867385, 1.000000000000000000, 0.9238795325112822976, 1.000000000000004441 ) ) 
 REPRESENTATION_ITEM ( '' )  );
#2822 = CARTESIAN_POINT ( 'NONE',  ( 26.53125000000000711, -2.159593620790635438, -2.159593620790635438 ) ) ;
#2823 = EDGE_CURVE ( 'NONE', #3197, #5209, #4741, .T. ) ;
#2824 = CARTESIAN_POINT ( 'NONE',  ( 43.00000000000000000, 0.000000000000000000, 0.000000000000000000 ) ) ;
#2825 = CARTESIAN_POINT ( 'NONE',  ( 33.81250000000000711, 3.000000000000010658, -1.242640687119289433 ) ) ;
#2826 = CARTESIAN_POINT ( 'NONE',  ( 21.06250000000001776, -0.9736010864139177379, -2.350480947161660339 ) ) ;
#2827 = CARTESIAN_POINT ( 'NONE',  ( 31.75000000000000000, 1.836970198721036344E-16, -3.000000000000010658 ) ) ;
#2828 = CARTESIAN_POINT ( 'NONE',  ( -43.00000000000000000, 0.000000000000000000, 0.000000000000000000 ) ) ;
#2829 = CARTESIAN_POINT ( 'NONE',  ( 40.74999999999999289, 1.836970198721036344E-16, -3.000000000000010658 ) ) ;
#2830 = EDGE_CURVE ( 'NONE', #4124, #2403, #3552, .T. ) ;
#2831 = CARTESIAN_POINT ( 'NONE',  ( 36.00000000000000000, -2.350480947161660339, -2.878508968398366432E-16 ) ) ;
#2832 = VERTEX_POINT ( 'NONE', #6299 ) ;
#2833 = CARTESIAN_POINT ( 'NONE',  ( 38.53125000000000000, -3.054126587736535114, -1.265060653844735761 ) ) ;
#2834 = CARTESIAN_POINT ( 'NONE',  ( 39.31250000000001421, 2.350480947161660339, -0.9736010864139179599 ) ) ;
#2835 = CARTESIAN_POINT ( 'NONE',  ( 29.50000000000001066, 1.662041016787788594, 1.662041016787789482 ) ) ;
#2836 = CARTESIAN_POINT ( 'NONE',  ( 29.18750000000000355, -0.9736010864139177379, -2.350480947161660339 ) ) ;
#2837 = CARTESIAN_POINT ( 'NONE',  ( 22.75000000000000000, 1.836970198721036344E-16, -3.000000000000010658 ) ) ;
#2838 = EDGE_LOOP ( 'NONE', ( #5555, #4665, #5695, #6010 ) ) ;
#2839 = CARTESIAN_POINT ( 'NONE',  ( 36.03125000000000711, 2.159593620790634994, 2.159593620790635882 ) ) ;
#2840 = DIRECTION ( 'NONE',  ( -1.000000000000000000, -0.000000000000000000, -0.000000000000000000 ) ) ;
#2841 = CARTESIAN_POINT ( 'NONE',  ( -43.00000000000000000, 0.000000000000000000, 3.000000000000010658 ) ) ;
#2842 = CARTESIAN_POINT ( 'NONE',  ( 37.56250000000000000, -3.000000000000010658, -1.242640687119289877 ) ) ;
#2843 = CARTESIAN_POINT ( 'NONE',  ( 37.62500000000001421, -4.317763452597548908E-16, 2.350480947161660339 ) ) ;
#2844 = CARTESIAN_POINT ( 'NONE',  ( 40.37499999999999289, 1.662041016787789260, -1.662041016787788816 ) ) ;
#2845 =( BOUNDED_CURVE ( )  B_SPLINE_CURVE ( 2, ( #1556, #1522, #3551, #6022, #3060, #5504, #2476, #561, #3093 ),
 .UNSPECIFIED., .F., .F. ) 
 B_SPLINE_CURVE_WITH_KNOTS ( ( 3, 2, 2, 2, 3 ),
 ( 0.2596153846153848588, 0.2644230769230771494, 0.2692307692307694955, 0.2740384615384617861, 0.2788461538461540767 ),
 .UNSPECIFIED. ) 
 CURVE ( )  GEOMETRIC_REPRESENTATION_ITEM ( )  RATIONAL_B_SPLINE_CURVE ( ( 0.9999999999999955591, 0.9238795325112911794, 1.000000000000000000, 0.9238795325112867385, 1.000000000000000000, 0.9238795325112867385, 1.000000000000000000, 0.9238795325112831858, 1.000000000000003553 ) ) 
 REPRESENTATION_ITEM ( '' )  );
#2846 = CARTESIAN_POINT ( 'NONE',  ( 23.56249999999999645, 2.350480947161659895, 0.9736010864139195142 ) ) ;
#2847 = DIRECTION ( 'NONE',  ( 0.000000000000000000, -0.8660254037844387076, -0.5000000000000001110 ) ) ;
#2848 = CARTESIAN_POINT ( 'NONE',  ( 36.93749999999999289, -2.350480947161660339, 0.9736010864139172938 ) ) ;
#2849 = CARTESIAN_POINT ( 'NONE',  ( 29.12500000000001066, 1.439254484199183216E-16, -2.350480947161660339 ) ) ;
#2850 = CARTESIAN_POINT ( 'NONE',  ( 24.96874999999999645, 3.054126587736535559, 0.000000000000000000 ) ) ;
#2851 = CARTESIAN_POINT ( 'NONE',  ( 37.50000000000000000, 2.350480947161660339, 0.000000000000000000 ) ) ;
#2852 = ORIENTED_EDGE ( 'NONE', *, *, #2700, .T. ) ;
#2853 = AXIS2_PLACEMENT_3D ( 'NONE', #935, #6360, #5867 ) ;
#2854 = CARTESIAN_POINT ( 'NONE',  ( 25.65625000000001066, 1.870113174931188306E-16, -3.054126587736535559 ) ) ;
#2855 = CARTESIAN_POINT ( 'NONE',  ( 31.18750000000000711, -1.242640687119313192, 2.999999999999987121 ) ) ;
#2856 = VECTOR ( 'NONE', #1202, 1000.000000000000000 ) ;
#2857 = CARTESIAN_POINT ( 'NONE',  ( 21.50000000000000711, 1.662041016787788594, 1.662041016787789482 ) ) ;
#2858 = CARTESIAN_POINT ( 'NONE',  ( 41.31250000000000711, -3.000000000000011102, 1.242640687119288989 ) ) ;
#2859 = APPROVAL_DATE_TIME ( #4430, #2037 ) ;
#2860 = EDGE_CURVE ( 'NONE', #6504, #1728, #3725, .T. ) ;
#2861 = DIRECTION ( 'NONE',  ( 0.000000000000000000, 0.000000000000000000, 1.000000000000000000 ) ) ;
#2862 = CARTESIAN_POINT ( 'NONE',  ( 32.81249999999999289, -0.9736010864139191812, 2.350480947161659895 ) ) ;
#2863 = EDGE_LOOP ( 'NONE', ( #680, #2569, #5960, #5398 ) ) ;
#2864 = CARTESIAN_POINT ( 'NONE',  ( 36.96875000000000000, 3.054126587736535559, 0.000000000000000000 ) ) ;
#2865 = CARTESIAN_POINT ( 'NONE',  ( 33.56250000000000711, 0.9736010864139186261, 2.350480947161659895 ) ) ;
#2866 = CARTESIAN_POINT ( 'NONE',  ( 29.43750000000001066, 2.350480947161659895, 0.9736010864139195142 ) ) ;
#2867 = CARTESIAN_POINT ( 'NONE',  ( 23.31249999999999289, 0.9736010864139180709, -2.350480947161660339 ) ) ;
#2868 = EDGE_CURVE ( 'NONE', #213, #2832, #3968, .T. ) ;
#2869 = CARTESIAN_POINT ( 'NONE',  ( 36.00000000000001421, 2.121320343559649491, 2.121320343559650379 ) ) ;
#2870 = ORIENTED_EDGE ( 'NONE', *, *, #1945, .F. ) ;
#2871 = CARTESIAN_POINT ( 'NONE',  ( 37.84375000000002132, 3.054126587736535114, -1.265060653844735317 ) ) ;
#2872 = FACE_OUTER_BOUND ( 'NONE', #3318, .T. ) ;
#2873 = CARTESIAN_POINT ( 'NONE',  ( 42.12500000000000711, -5.510910596163109277E-16, 3.000000000000010658 ) ) ;
#2874 = CARTESIAN_POINT ( 'NONE',  ( 20.12499999999999645, 2.121320343559649491, 2.121320343559650379 ) ) ;
#2875 = CARTESIAN_POINT ( 'NONE',  ( 38.12500000000001421, 1.439254484199183216E-16, -2.350480947161660339 ) ) ;
#2876 = CARTESIAN_POINT ( 'NONE',  ( 41.56249999999999289, 2.350480947161659895, 0.9736010864139195142 ) ) ;
#2877 = CARTESIAN_POINT ( 'NONE',  ( 23.43749999999999645, 2.350480947161660339, -0.9736010864139179599 ) ) ;
#2878 = CARTESIAN_POINT ( 'NONE',  ( 27.25000000000001066, 1.662041016787789260, -1.662041016787788816 ) ) ;
#2879 = CARTESIAN_POINT ( 'NONE',  ( 24.46875000000000000, -3.054126587736535559, -3.740226349862376611E-16 ) ) ;
#2880 = CARTESIAN_POINT ( 'NONE',  ( 38.93749999999999289, -2.350480947161660783, 0.9736010864139172938 ) ) ;
#2881 =( BOUNDED_CURVE ( )  B_SPLINE_CURVE ( 2, ( #1996, #4941, #4757, #3429, #3804, #3254, #264, #6279, #2452 ),
 .UNSPECIFIED., .F., .T. ) 
 B_SPLINE_CURVE_WITH_KNOTS ( ( 3, 2, 2, 2, 3 ),
 ( 0.2788461538461535771, 0.2836538461538458678, 0.2884615384615381584, 0.2932692307692305045, 0.2980769230769227951 ),
 .UNSPECIFIED. ) 
 CURVE ( )  GEOMETRIC_REPRESENTATION_ITEM ( )  RATIONAL_B_SPLINE_CURVE ( ( 1.000000000000004441, 0.9238795325112822976, 1.000000000000000000, 0.9238795325112867385, 1.000000000000000000, 0.9238795325112867385, 1.000000000000000000, 0.9238795325112911794, 0.9999999999999955591 ) ) 
 REPRESENTATION_ITEM ( '' )  );
#2882 = ORIENTED_EDGE ( 'NONE', *, *, #4509, .F. ) ;
#2883 = CARTESIAN_POINT ( 'NONE',  ( 25.40625000000000711, -3.054126587736535559, -3.740226349862376611E-16 ) ) ;
#2884 = CARTESIAN_POINT ( 'NONE',  ( -43.00000000000000000, 0.000000000000000000, 0.000000000000000000 ) ) ;
#2885 = CARTESIAN_POINT ( 'NONE',  ( 41.43750000000000711, 2.350480947161659895, 0.9736010864139195142 ) ) ;
#2886 = DIRECTION ( 'NONE',  ( -1.000000000000000000, -0.000000000000000000, -0.000000000000000000 ) ) ;
#2887 = CARTESIAN_POINT ( 'NONE',  ( 21.81250000000001066, -2.350480947161660339, 0.9736010864139172938 ) ) ;
#2888 = CARTESIAN_POINT ( 'NONE',  ( 41.37500000000000000, -3.000000000000010658, -3.673940397442072687E-16 ) ) ;
#2889 = CARTESIAN_POINT ( 'NONE',  ( 40.37499999999999289, -2.121320343559650379, 2.121320343559649935 ) ) ;
#2890 = CARTESIAN_POINT ( 'NONE',  ( 27.06249999999999645, -2.350480947161660339, -0.9736010864139181820 ) ) ;
#2891 = VERTEX_POINT ( 'NONE', #1925 ) ;
#2892 = CARTESIAN_POINT ( 'NONE',  ( 37.65625000000000000, -1.265060653844735317, -3.054126587736535114 ) ) ;
#2893 = CARTESIAN_POINT ( 'NONE',  ( 33.37500000000000711, 2.350480947161660339, 0.000000000000000000 ) ) ;
#2894 = CARTESIAN_POINT ( 'NONE',  ( 26.06250000000001066, -0.9736010864139177379, -2.350480947161660339 ) ) ;
#2895 = CARTESIAN_POINT ( 'NONE',  ( 23.62499999999999645, 1.662041016787788594, 1.662041016787789482 ) ) ;
#2896 = CARTESIAN_POINT ( 'NONE',  ( 24.87499999999999645, 2.121320343559649935, -2.121320343559649935 ) ) ;
#2897 = CARTESIAN_POINT ( 'NONE',  ( 33.28125000000000711, -2.159593620790635882, 2.159593620790635438 ) ) ;
#2898 = EDGE_CURVE ( 'NONE', #3326, #2523, #6209, .T. ) ;
#2899 = ORIENTED_EDGE ( 'NONE', *, *, #4229, .T. ) ;
#2900 = CARTESIAN_POINT ( 'NONE',  ( 26.00000000000001066, 2.121320343559649491, 2.121320343559650379 ) ) ;
#2901 = CARTESIAN_POINT ( 'NONE',  ( 19.30702515619930892, -2.094154859102210775, -1.702895484157691319 ) ) ;
#2902 = DIRECTION ( 'NONE',  ( 0.000000000000000000, 0.000000000000000000, 1.000000000000000000 ) ) ;
#2903 = CARTESIAN_POINT ( 'NONE',  ( 40.31250000000000711, 2.350480947161660339, -0.9736010864139179599 ) ) ;
#2904 = AXIS2_PLACEMENT_3D ( 'NONE', #2884, #4887, #5420 ) ;
#2905 = CARTESIAN_POINT ( 'NONE',  ( 35.06249999999999289, -2.350480947161660339, -0.9736010864139181820 ) ) ;
#2906 = CARTESIAN_POINT ( 'NONE',  ( 43.28125000000000711, -2.159593620790635882, 2.159593620790635438 ) ) ;
#2907 = CARTESIAN_POINT ( 'NONE',  ( 19.62821214203036391, 1.787174260462149666, 1.581110811763895674 ) ) ;
#2908 = CARTESIAN_POINT ( 'NONE',  ( 25.56250000000000711, 0.9736010864139186261, 2.350480947161659895 ) ) ;
#2909 = CARTESIAN_POINT ( 'NONE',  ( 25.15624999999999645, 1.265060653844736205, 3.054126587736534670 ) ) ;
#2910 = CARTESIAN_POINT ( 'NONE',  ( 37.25000000000000000, 1.439254484199183216E-16, -2.350480947161660339 ) ) ;
#2911 = ORIENTED_EDGE ( 'NONE', *, *, #1615, .F. ) ;
#2912 = VECTOR ( 'NONE', #1914, 1000.000000000000000 ) ;
#2913 = CARTESIAN_POINT ( 'NONE',  ( 23.59375000000000711, -1.265060653844735317, -3.054126587736535114 ) ) ;
#2914 = CARTESIAN_POINT ( 'NONE',  ( 42.89951905283837874, -1.902843343920971320, 1.379836182836800207 ) ) ;
#2915 = CARTESIAN_POINT ( 'NONE',  ( 36.75000000000001421, -1.662041016787789482, 1.662041016787788816 ) ) ;
#2916 = CARTESIAN_POINT ( 'NONE',  ( 21.75000000000001066, 2.121320343559649935, -2.121320343559649935 ) ) ;
#2917 = CARTESIAN_POINT ( 'NONE',  ( 21.87500000000001066, -2.350480947161660339, -2.878508968398366432E-16 ) ) ;
#2918 = LINE ( 'NONE', #4302, #1287 ) ;
#2919 = CARTESIAN_POINT ( 'NONE',  ( 40.43750000000000711, -3.000000000000011102, 1.242640687119288989 ) ) ;
#2920 = CARTESIAN_POINT ( 'NONE',  ( 27.31249999999999645, 0.9736010864139180709, -2.350480947161660339 ) ) ;
#2921 = VERTEX_POINT ( 'NONE', #3788 ) ;
#2922 = CARTESIAN_POINT ( 'NONE',  ( 34.40625000000000000, -3.054126587736536447, 1.265060653844735095 ) ) ;
#2923 = AXIS2_PLACEMENT_3D ( 'NONE', #112, #3525, #3591 ) ;
#2924 = CARTESIAN_POINT ( 'NONE',  ( 32.06250000000000711, -0.9736010864139177379, -2.350480947161660339 ) ) ;
#2925 = CARTESIAN_POINT ( 'NONE',  ( 26.18750000000000711, 0.9736010864139180709, -2.350480947161660339 ) ) ;
#2926 = CARTESIAN_POINT ( 'NONE',  ( 22.62499999999999645, 1.662041016787788594, 1.662041016787789482 ) ) ;
#2927 = CARTESIAN_POINT ( 'NONE',  ( 38.62499999999999289, -2.121320343559649935, -2.121320343559649935 ) ) ;
#2928 = ORIENTED_EDGE ( 'NONE', *, *, #1788, .F. ) ;
#2929 = CARTESIAN_POINT ( 'NONE',  ( 34.65625000000000711, 1.870113174931188306E-16, -3.054126587736535559 ) ) ;
#2930 = ORIENTED_EDGE ( 'NONE', *, *, #5023, .F. ) ;
#2931 = CARTESIAN_POINT ( 'NONE',  ( 37.37500000000000711, -3.000000000000010658, -3.673940397442072687E-16 ) ) ;
#2932 = FACE_OUTER_BOUND ( 'NONE', #1684, .T. ) ;
#2933 = DIRECTION ( 'NONE',  ( 0.000000000000000000, 0.000000000000000000, 1.000000000000000000 ) ) ;
#2934 = CARTESIAN_POINT ( 'NONE',  ( 39.50000000000000711, 1.662041016787788594, 1.662041016787789482 ) ) ;
#2935 = CARTESIAN_POINT ( 'NONE',  ( 37.56250000000000000, 2.350480947161659895, 0.9736010864139195142 ) ) ;
#2936 = DIRECTION ( 'NONE',  ( -1.000000000000000000, -0.000000000000000000, -0.000000000000000000 ) ) ;
#2937 = ADVANCED_FACE ( 'NONE', ( #2932 ), #2641, .T. ) ;
#2938 = CARTESIAN_POINT ( 'NONE',  ( 19.43749999999999645, 2.350480947161660339, -0.9736010864139179599 ) ) ;
#2939 = CARTESIAN_POINT ( 'NONE',  ( 26.56250000000001066, 0.9736010864139186261, 2.350480947161659895 ) ) ;
#2940 = CARTESIAN_POINT ( 'NONE',  ( 25.96875000000000000, 3.054126587736535559, 0.000000000000000000 ) ) ;
#2941 = CARTESIAN_POINT ( 'NONE',  ( 39.56250000000000711, 2.350480947161659895, 0.9736010864139195142 ) ) ;
#2942 = ORIENTED_EDGE ( 'NONE', *, *, #1898, .F. ) ;
#2943 = EDGE_CURVE ( 'NONE', #752, #4238, #4937, .T. ) ;
#2944 = CARTESIAN_POINT ( 'NONE',  ( 28.74999999999999645, -4.317763452597548908E-16, 2.350480947161660339 ) ) ;
#2945 = CARTESIAN_POINT ( 'NONE',  ( 19.21875000000000355, -1.265060653844737315, 3.054126587736534670 ) ) ;
#2946 = DIRECTION ( 'NONE',  ( 0.000000000000000000, 0.000000000000000000, 1.000000000000000000 ) ) ;
#2947 = CARTESIAN_POINT ( 'NONE',  ( 37.25000000000001421, 1.662041016787789260, -1.662041016787788816 ) ) ;
#2948 = CARTESIAN_POINT ( 'NONE',  ( 19.62500000000000711, 1.836970198721036344E-16, -3.000000000000010658 ) ) ;
#2949 = CARTESIAN_POINT ( 'NONE',  ( 20.56250000000001776, 0.9736010864139186261, 2.350480947161659895 ) ) ;
#2950 = CARTESIAN_POINT ( 'NONE',  ( 28.62500000000000711, 1.836970198721036344E-16, -3.000000000000010658 ) ) ;
#2951 = PERSON_AND_ORGANIZATION_ROLE ( 'design_owner' ) ;
#2952 = CARTESIAN_POINT ( 'NONE',  ( 21.50000000000001066, -2.121320343559649935, -2.121320343559649935 ) ) ;
#2953 = AXIS2_PLACEMENT_3D ( 'NONE', #1237, #3277, #1834 ) ;
#2954 = CARTESIAN_POINT ( 'NONE',  ( 27.56249999999999645, 2.350480947161659895, 0.9736010864139195142 ) ) ;
#2955 = PRODUCT_DEFINITION_FORMATION_WITH_SPECIFIED_SOURCE ( 'ANY', '', #5166, .NOT_KNOWN. ) ;
#2956 = VERTEX_POINT ( 'NONE', #2448 ) ;
#2957 = CARTESIAN_POINT ( 'NONE',  ( 34.34375000000000000, -2.159593620790635882, 2.159593620790635438 ) ) ;
#2958 = CARTESIAN_POINT ( 'NONE',  ( 34.06250000000001421, -0.9736010864139177379, -2.350480947161660339 ) ) ;
#2959 = CARTESIAN_POINT ( 'NONE',  ( 24.87500000000001066, -2.350480947161660339, -2.878508968398366432E-16 ) ) ;
#2960 = CARTESIAN_POINT ( 'NONE',  ( 25.43750000000000355, 2.350480947161660339, -0.9736010864139179599 ) ) ;
#2961 = CARTESIAN_POINT ( 'NONE',  ( 38.31249999999999289, -1.242640687119335174, 2.999999999999965361 ) ) ;
#2962 = CARTESIAN_POINT ( 'NONE',  ( 33.65625000000000711, 1.870113174931188306E-16, -3.054126587736535559 ) ) ;
#2963 = EDGE_LOOP ( 'NONE', ( #6327, #4442 ) ) ;
#2964 = FACE_OUTER_BOUND ( 'NONE', #4550, .T. ) ;
#2965 = CARTESIAN_POINT ( 'NONE',  ( -37.00000000000000711, 5.817072295949942217E-16, -4.500000000000017764 ) ) ;
#2966 = CYLINDRICAL_SURFACE ( 'NONE', #3475, 3.000000000000010658 ) ;
#2967 = CARTESIAN_POINT ( 'NONE',  ( 34.56250000000001421, 0.9736010864139186261, 2.350480947161659895 ) ) ;
#2968 = CARTESIAN_POINT ( 'NONE',  ( 36.37500000000000000, 1.662041016787789260, -1.662041016787788816 ) ) ;
#2969 = CARTESIAN_POINT ( 'NONE',  ( 32.93750000000000000, 3.000000000000010658, -1.242640687119289433 ) ) ;
#2970 = CARTESIAN_POINT ( 'NONE',  ( 17.81249999999999289, -0.9736010864139191812, 2.350480947161659895 ) ) ;
#2971 = DIRECTION ( 'NONE',  ( 0.000000000000000000, 0.000000000000000000, 1.000000000000000000 ) ) ;
#2972 = CARTESIAN_POINT ( 'NONE',  ( -42.61271850370236081, -2.041718103336097379, -1.463640510288719554 ) ) ;
#2973 =( BOUNDED_CURVE ( )  B_SPLINE_CURVE ( 2, ( #1365, #3395, #5930, #5510, #3456, #1893, #2874, #5440, #2482 ),
 .UNSPECIFIED., .F., .F. ) 
 B_SPLINE_CURVE_WITH_KNOTS ( ( 3, 2, 2, 2, 3 ),
 ( 0.1057692307692310041, 0.1105769230769234057, 0.1153846153846156825, 0.1201923076923079592, 0.1250000000000002498 ),
 .UNSPECIFIED. ) 
 CURVE ( )  GEOMETRIC_REPRESENTATION_ITEM ( )  RATIONAL_B_SPLINE_CURVE ( ( 0.9999999999999955591, 0.9238795325112911794, 1.000000000000000000, 0.9238795325112867385, 1.000000000000000000, 0.9238795325112867385, 1.000000000000000000, 0.9238795325112827417, 1.000000000000003997 ) ) 
 REPRESENTATION_ITEM ( '' )  );
#2974 = CARTESIAN_POINT ( 'NONE',  ( 22.93750000000001066, -2.350480947161660339, -0.9736010864139181820 ) ) ;
#2975 = CARTESIAN_POINT ( 'NONE',  ( 23.71875000000000000, 1.870113174931188306E-16, -3.054126587736535559 ) ) ;
#2976 = CARTESIAN_POINT ( 'NONE',  ( 33.87499999999999289, -1.662041016787789482, 1.662041016787788816 ) ) ;
#2977 = EDGE_LOOP ( 'NONE', ( #156, #822, #632, #5632 ) ) ;
#2978 = CARTESIAN_POINT ( 'NONE',  ( 28.68750000000000355, 0.9736010864139186261, 2.350480947161659895 ) ) ;
#2979 = CARTESIAN_POINT ( 'NONE',  ( 21.59375000000000711, -1.265060653844735317, -3.054126587736535114 ) ) ;
#2980 = FACE_OUTER_BOUND ( 'NONE', #429, .T. ) ;
#2981 = EDGE_LOOP ( 'NONE', ( #2348, #4651, #6195 ) ) ;
#2982 = EDGE_CURVE ( 'NONE', #2510, #2956, #1544, .T. ) ;
#2983 = CARTESIAN_POINT ( 'NONE',  ( 35.00000000000000711, -1.662041016787788816, -1.662041016787789260 ) ) ;
#2984 = CARTESIAN_POINT ( 'NONE',  ( -43.00000000000000000, 3.673940397442072687E-16, -3.000000000000010658 ) ) ;
#2985 = CARTESIAN_POINT ( 'NONE',  ( 42.74999999999999289, -4.317763452597548908E-16, 2.350480947161660339 ) ) ;
#2986 = CARTESIAN_POINT ( 'NONE',  ( -43.00000000000000000, 0.000000000000000000, 0.000000000000000000 ) ) ;
#2987 = APPROVAL_ROLE ( '' ) ;
#2988 = CARTESIAN_POINT ( 'NONE',  ( 42.84059332423242239, -2.417032294630395928, 0.006969818314550050090 ) ) ;
#2989 = CARTESIAN_POINT ( 'NONE',  ( 27.93750000000000000, -2.350480947161660783, 0.9736010864139172938 ) ) ;
#2990 = VERTEX_POINT ( 'NONE', #4809 ) ;
#2991 = CARTESIAN_POINT ( 'NONE',  ( 31.90625000000000000, 3.054126587736535114, -1.265060653844735317 ) ) ;
#2992 = CARTESIAN_POINT ( 'NONE',  ( 34.56250000000001421, 0.9736010864139186261, 2.350480947161659895 ) ) ;
#2993 = CARTESIAN_POINT ( 'NONE',  ( 23.50000000000001066, 1.662041016787788594, 1.662041016787789482 ) ) ;
#2994 = CARTESIAN_POINT ( 'NONE',  ( 24.56250000000000000, 2.350480947161659895, 0.9736010864139195142 ) ) ;
#2995 = CARTESIAN_POINT ( 'NONE',  ( 25.24999999999999645, -5.510910596163108291E-16, 3.000000000000010658 ) ) ;
#2996 = ORIENTED_EDGE ( 'NONE', *, *, #4994, .T. ) ;
#2997 = ORIENTED_EDGE ( 'NONE', *, *, #5150, .F. ) ;
#2998 = CARTESIAN_POINT ( 'NONE',  ( 25.68749999999999289, -1.242640687119267451, -3.000000000000032419 ) ) ;
#2999 = CARTESIAN_POINT ( 'NONE',  ( -38.50000000000000000, 0.000000000000000000, 0.000000000000000000 ) ) ;
#3000 = CARTESIAN_POINT ( 'NONE',  ( 22.62499999999999645, -2.121320343559649935, -2.121320343559649935 ) ) ;
#3001 = CARTESIAN_POINT ( 'NONE',  ( 34.00000000000000711, -1.662041016787788816, -1.662041016787789260 ) ) ;
#3002 = CARTESIAN_POINT ( 'NONE',  ( 35.62500000000000000, 1.662041016787788594, 1.662041016787789482 ) ) ;
#3003 = CARTESIAN_POINT ( 'NONE',  ( 19.59150635094401949, 1.408974337642983786E-11, 2.408493649055997388 ) ) ;
#3004 = CARTESIAN_POINT ( 'NONE',  ( 18.31249999999999289, 0.9736010864139180709, -2.350480947161660339 ) ) ;
#3005 = CARTESIAN_POINT ( 'NONE',  ( 19.43673723231736616, 1.002502492849830285, -2.362653594141848945 ) ) ;
#3006 = CARTESIAN_POINT ( 'NONE',  ( 18.99999999999999289, -3.673940397442078110E-16, 3.000000000000014655 ) ) ;
#3007 = CARTESIAN_POINT ( 'NONE',  ( 23.68750000000001066, -0.9736010864139191812, 2.350480947161659895 ) ) ;
#3008 = CARTESIAN_POINT ( 'NONE',  ( 21.71875000000000000, 1.870113174931188306E-16, -3.054126587736535559 ) ) ;
#3009 = CARTESIAN_POINT ( 'NONE',  ( 33.93749999999998579, -2.350480947161660783, 0.9736010864139172938 ) ) ;
#3010 = VERTEX_POINT ( 'NONE', #315 ) ;
#3011 = CARTESIAN_POINT ( 'NONE',  ( 31.56249999999998934, 2.350480947161659895, 0.9736010864139195142 ) ) ;
#3012 = CARTESIAN_POINT ( 'NONE',  ( 21.65625000000000711, 1.870113174931188306E-16, -3.054126587736535559 ) ) ;
#3013 = CARTESIAN_POINT ( 'NONE',  ( 35.12500000000000711, -5.510910596163109277E-16, 3.000000000000010658 ) ) ;
#3014 = ORIENTED_EDGE ( 'NONE', *, *, #5721, .F. ) ;
#3015 = CARTESIAN_POINT ( 'NONE',  ( 37.93750000000001421, -2.350480947161660339, -0.9736010864139181820 ) ) ;
#3016 = CARTESIAN_POINT ( 'NONE',  ( 38.25000000000000000, -5.510910596163108291E-16, 3.000000000000010658 ) ) ;
#3017 = CARTESIAN_POINT ( 'NONE',  ( 18.12500000000001066, 1.439254484199183216E-16, -2.350480947161660339 ) ) ;
#3018 = DIRECTION ( 'NONE',  ( 0.000000000000000000, 0.000000000000000000, 1.000000000000000000 ) ) ;
#3019 = CARTESIAN_POINT ( 'NONE',  ( 21.31250000000001421, -3.000000000000011102, 1.242640687119288989 ) ) ;
#3020 = ADVANCED_FACE ( 'NONE', ( #2320 ), #6331, .T. ) ;
#3021 = CARTESIAN_POINT ( 'NONE',  ( 24.68750000000000355, 0.9736010864139186261, 2.350480947161659895 ) ) ;
#3022 = DIRECTION ( 'NONE',  ( -1.000000000000000000, -0.000000000000000000, -0.000000000000000000 ) ) ;
#3023 = CARTESIAN_POINT ( 'NONE',  ( 32.21875000000000000, -5.610339524793564424E-16, 3.054126587736535559 ) ) ;
#3024 = CARTESIAN_POINT ( 'NONE',  ( 28.18750000000001066, 0.9736010864139180709, -2.350480947161660339 ) ) ;
#3025 = CARTESIAN_POINT ( 'NONE',  ( 22.18750000000000711, 0.9736010864139180709, -2.350480947161660339 ) ) ;
#3026 = CARTESIAN_POINT ( 'NONE',  ( 17.81249999999999289, -0.9736010864139191812, 2.350480947161659895 ) ) ;
#3027 = CARTESIAN_POINT ( 'NONE',  ( 23.12500000000000711, -5.510910596163109277E-16, 3.000000000000010658 ) ) ;
#3028 =( BOUNDED_CURVE ( )  B_SPLINE_CURVE ( 2, ( #121, #191, #3734, #2160, #2197, #4189, #6206, #5218, #2647 ),
 .UNSPECIFIED., .F., .F. ) 
 B_SPLINE_CURVE_WITH_KNOTS ( ( 3, 2, 2, 2, 3 ),
 ( 0.4519230769230765388, 0.4567307692307688849, 0.4615384615384613420, 0.4663461538461536882, 0.4711538461538460343 ),
 .UNSPECIFIED. ) 
 CURVE ( )  GEOMETRIC_REPRESENTATION_ITEM ( )  RATIONAL_B_SPLINE_CURVE ( ( 1.000000000000006217, 0.9238795325112806323, 1.000000000000000000, 0.9238795325112867385, 1.000000000000000000, 0.9238795325112867385, 1.000000000000000000, 0.9238795325112885148, 0.9999999999999982236 ) ) 
 REPRESENTATION_ITEM ( '' )  );
#3029 = EDGE_CURVE ( 'NONE', #2616, #2067, #4270, .T. ) ;
#3030 = VERTEX_POINT ( 'NONE', #4508 ) ;
#3031 = ORIENTED_EDGE ( 'NONE', *, *, #3582, .F. ) ;
#3032 = LINE ( 'NONE', #503, #1705 ) ;
#3033 = CARTESIAN_POINT ( 'NONE',  ( 19.24601977719292023, -2.749723612684383589, -0.2370521795568318046 ) ) ;
#3034 = CARTESIAN_POINT ( 'NONE',  ( 40.18750000000000711, 0.9736010864139180709, -2.350480947161660339 ) ) ;
#3035 = CARTESIAN_POINT ( 'NONE',  ( 37.00000000000001421, -1.662041016787788816, -1.662041016787789260 ) ) ;
#3036 = CARTESIAN_POINT ( 'NONE',  ( 35.50000000000000000, 2.350480947161660339, 0.000000000000000000 ) ) ;
#3037 = CARTESIAN_POINT ( 'NONE',  ( -43.00000000000000000, 0.000000000000000000, 0.000000000000000000 ) ) ;
#3038 = CARTESIAN_POINT ( 'NONE',  ( 18.49999999999999645, 2.350480947161660339, 0.000000000000000000 ) ) ;
#3039 = CARTESIAN_POINT ( 'NONE',  ( 19.41599186989309800, 0.5185136521763947792, -2.544618334194184150 ) ) ;
#3040 = DIRECTION ( 'NONE',  ( 1.000000000000000000, 0.000000000000000000, 0.000000000000000000 ) ) ;
#3041 = CARTESIAN_POINT ( 'NONE',  ( 21.75000000000001066, -1.662041016787789482, 1.662041016787788816 ) ) ;
#3042 = CARTESIAN_POINT ( 'NONE',  ( 20.84375000000000000, 2.159593620790635438, -2.159593620790635438 ) ) ;
#3043 = CARTESIAN_POINT ( 'NONE',  ( 35.31250000000000000, 0.9736010864139180709, -2.350480947161660339 ) ) ;
#3044 = CARTESIAN_POINT ( 'NONE',  ( 29.06249999999999645, -2.350480947161660339, -0.9736010864139181820 ) ) ;
#3045 = CARTESIAN_POINT ( 'NONE',  ( 20.78125000000000711, 2.159593620790635438, -2.159593620790635438 ) ) ;
#3046 = CARTESIAN_POINT ( 'NONE',  ( 43.43750000000000711, 2.350480947161660339, -0.9736010864139179599 ) ) ;
#3047 = ORIENTED_EDGE ( 'NONE', *, *, #4096, .F. ) ;
#3048 = CARTESIAN_POINT ( 'NONE',  ( 37.18750000000001421, 0.9736010864139180709, -2.350480947161660339 ) ) ;
#3049 = CARTESIAN_POINT ( 'NONE',  ( 20.75000000000000000, 1.836970198721036344E-16, -3.000000000000010658 ) ) ;
#3050 = CARTESIAN_POINT ( 'NONE',  ( 17.81250000000001421, -2.350480947161660339, 0.9736010864139172938 ) ) ;
#3051 = CARTESIAN_POINT ( 'NONE',  ( 30.37500000000001066, -3.000000000000010658, -3.673940397442072687E-16 ) ) ;
#3052 =( BOUNDED_CURVE ( )  B_SPLINE_CURVE ( 2, ( #5687, #5124, #624, #1181, #5155, #3641, #6111, #5191, #163 ),
 .UNSPECIFIED., .F., .F. ) 
 B_SPLINE_CURVE_WITH_KNOTS ( ( 3, 2, 2, 2, 3 ),
 ( 0.4134615384615387135, 0.4182692307692310041, 0.4230769230769234057, 0.4278846153846156963, 0.4326923076923079869 ),
 .UNSPECIFIED. ) 
 CURVE ( )  GEOMETRIC_REPRESENTATION_ITEM ( )  RATIONAL_B_SPLINE_CURVE ( ( 0.9999999999999955591, 0.9238795325112911794, 1.000000000000000000, 0.9238795325112867385, 1.000000000000000000, 0.9238795325112867385, 1.000000000000000000, 0.9238795325112822976, 1.000000000000004441 ) ) 
 REPRESENTATION_ITEM ( '' )  );
#3053 =( BOUNDED_CURVE ( )  B_SPLINE_CURVE ( 2, ( #5658, #5060, #133, #1646, #37, #1026, #6183, #2564, #2658 ),
 .UNSPECIFIED., .F., .F. ) 
 B_SPLINE_CURVE_WITH_KNOTS ( ( 3, 2, 2, 2, 3 ),
 ( 0.7980769230769230171, 0.8028846153846153078, 0.8076923076923075984, 0.8124999999999998890, 0.8173076923076921796 ),
 .UNSPECIFIED. ) 
 CURVE ( )  GEOMETRIC_REPRESENTATION_ITEM ( )  RATIONAL_B_SPLINE_CURVE ( ( 1.000000000000001776, 0.9238795325112849621, 1.000000000000000000, 0.9238795325112867385, 1.000000000000000000, 0.9238795325112867385, 1.000000000000000000, 0.9238795325112885148, 0.9999999999999982236 ) ) 
 REPRESENTATION_ITEM ( '' )  );
#3054 = CARTESIAN_POINT ( 'NONE',  ( 23.62499999999999645, 1.662041016787788594, 1.662041016787789482 ) ) ;
#3055 = CARTESIAN_POINT ( 'NONE',  ( 34.93750000000000000, 3.000000000000010658, -1.242640687119289433 ) ) ;
#3056 = EDGE_CURVE ( 'NONE', #5849, #934, #577, .T. ) ;
#3057 = CARTESIAN_POINT ( 'NONE',  ( 31.18750000000001421, 0.9736010864139180709, -2.350480947161660339 ) ) ;
#3058 = CARTESIAN_POINT ( 'NONE',  ( 25.43750000000000711, 2.350480947161659895, 0.9736010864139195142 ) ) ;
#3059 = CARTESIAN_POINT ( 'NONE',  ( 19.18749999999999289, -0.9736010864139177379, -2.350480947161660339 ) ) ;
#3060 = CARTESIAN_POINT ( 'NONE',  ( 24.00000000000000000, 3.000000000000010658, 0.000000000000000000 ) ) ;
#3061 = VECTOR ( 'NONE', #5078, 1000.000000000000000 ) ;
#3062 = EDGE_LOOP ( 'NONE', ( #4291, #2277 ) ) ;
#3063 = CARTESIAN_POINT ( 'NONE',  ( 42.81250000000000711, -2.350480947161660783, 0.9736010864139172938 ) ) ;
#3064 = CARTESIAN_POINT ( 'NONE',  ( 19.18714316951605880, -2.475566049208392627, 1.347639265991353641 ) ) ;
#3065 = ADVANCED_FACE ( 'NONE', ( #6489 ), #1002, .F. ) ;
#3066 = CARTESIAN_POINT ( 'NONE',  ( 40.87500000000000711, -2.350480947161660339, -2.878508968398366432E-16 ) ) ;
#3067 = CARTESIAN_POINT ( 'NONE',  ( 37.43750000000000711, 2.350480947161659895, 0.9736010864139195142 ) ) ;
#3068 = CIRCLE ( 'NONE', #3584, 5.000000000000004441 ) ;
#3069 = CARTESIAN_POINT ( 'NONE',  ( 32.25000000000000000, 1.439254484199183216E-16, -2.350480947161660339 ) ) ;
#3070 = CARTESIAN_POINT ( 'NONE',  ( -38.50000000000000000, 1.443375672974063884, 2.500000000000000444 ) ) ;
#3071 = VERTEX_POINT ( 'NONE', #5005 ) ;
#3072 = CARTESIAN_POINT ( 'NONE',  ( 39.84375000000002132, 3.054126587736535114, -1.265060653844735317 ) ) ;
#3073 = CARTESIAN_POINT ( 'NONE',  ( -42.49999999999999289, 6.123233995736772199E-16, -5.000000000000004441 ) ) ;
#3074 = CARTESIAN_POINT ( 'NONE',  ( 24.12500000000000711, -5.510910596163109277E-16, 3.000000000000010658 ) ) ;
#3075 = CARTESIAN_POINT ( 'NONE',  ( 20.56250000000001421, 0.9736010864139186261, 2.350480947161659895 ) ) ;
#3076 = CARTESIAN_POINT ( 'NONE',  ( 19.59375000000000000, -2.159593620790635438, -2.159593620790635438 ) ) ;
#3077 = CARTESIAN_POINT ( 'NONE',  ( 36.68750000000000000, 0.9736010864139186261, 2.350480947161659895 ) ) ;
#3078 = ORIENTED_EDGE ( 'NONE', *, *, #5685, .F. ) ;
#3079 = CARTESIAN_POINT ( 'NONE',  ( 29.25000000000000000, 1.439254484199183216E-16, -2.350480947161660339 ) ) ;
#3080 = CARTESIAN_POINT ( 'NONE',  ( 19.46875000000000711, -3.054126587736535114, -1.265060653844735761 ) ) ;
#3081 = CARTESIAN_POINT ( 'NONE',  ( 42.12499999999999289, -1.662041016787788816, -1.662041016787789260 ) ) ;
#3082 = ORIENTED_EDGE ( 'NONE', *, *, #1832, .F. ) ;
#3083 = CARTESIAN_POINT ( 'NONE',  ( 33.43750000000000711, 2.350480947161659895, 0.9736010864139195142 ) ) ;
#3084 = CARTESIAN_POINT ( 'NONE',  ( 20.31250000000000000, -1.242640687119340503, 2.999999999999960032 ) ) ;
#3085 = CARTESIAN_POINT ( 'NONE',  ( 21.31249999999999645, -1.242640687119324294, 2.999999999999976907 ) ) ;
#3086 = CARTESIAN_POINT ( 'NONE',  ( -43.00000000000000000, 0.000000000000000000, 3.000000000000010658 ) ) ;
#3087 = CARTESIAN_POINT ( 'NONE',  ( 34.09375000000000711, 1.265060653844736205, 3.054126587736534670 ) ) ;
#3088 = CARTESIAN_POINT ( 'NONE',  ( 22.93749999999999645, -2.350480947161660783, 0.9736010864139172938 ) ) ;
#3089 = LINE ( 'NONE', #557, #5092 ) ;
#3090 = CARTESIAN_POINT ( 'NONE',  ( 30.18750000000001066, 0.9736010864139180709, -2.350480947161660339 ) ) ;
#3091 = CARTESIAN_POINT ( 'NONE',  ( 23.43750000000000711, 2.350480947161659895, 0.9736010864139195142 ) ) ;
#3092 = CARTESIAN_POINT ( 'NONE',  ( 19.12499999999999645, -1.662041016787788816, -1.662041016787789260 ) ) ;
#3093 = CARTESIAN_POINT ( 'NONE',  ( 24.25000000000000000, -5.510910596163108291E-16, 3.000000000000010658 ) ) ;
#3094 = ORIENTED_EDGE ( 'NONE', *, *, #1984, .T. ) ;
#3095 =( BOUNDED_CURVE ( )  B_SPLINE_CURVE ( 2, ( #2350, #3850, #471, #5897, #1958, #1426, #6488, #1394, #5928 ),
 .UNSPECIFIED., .F., .F. ) 
 B_SPLINE_CURVE_WITH_KNOTS ( ( 3, 2, 2, 2, 3 ),
 ( 0.6634615384615383249, 0.6682692307692306155, 0.6730769230769230171, 0.6778846153846153078, 0.6826923076923075984 ),
 .UNSPECIFIED. ) 
 CURVE ( )  GEOMETRIC_REPRESENTATION_ITEM ( )  RATIONAL_B_SPLINE_CURVE ( ( 1.000000000000001776, 0.9238795325112849621, 1.000000000000000000, 0.9238795325112867385, 1.000000000000000000, 0.9238795325112867385, 1.000000000000000000, 0.9238795325112885148, 0.9999999999999982236 ) ) 
 REPRESENTATION_ITEM ( '' )  );
#3096 = ORIENTED_EDGE ( 'NONE', *, *, #3781, .T. ) ;
#3097 = CARTESIAN_POINT ( 'NONE',  ( 19.64951905283837519, 0.9793601797408908460, 2.193246272357007420 ) ) ;
#3098 = LINE ( 'NONE', #2601, #3478 ) ;
#3099 = VECTOR ( 'NONE', #984, 1000.000000000000000 ) ;
#3100 = CARTESIAN_POINT ( 'NONE',  ( 42.12500000000000711, 1.439254484199183216E-16, -2.350480947161660339 ) ) ;
#3101 = CARTESIAN_POINT ( 'NONE',  ( 35.87500000000001421, -2.350480947161660339, -2.878508968398366432E-16 ) ) ;
#3102 = CARTESIAN_POINT ( 'NONE',  ( 32.06249999999999289, -2.350480947161660339, -0.9736010864139181820 ) ) ;
#3103 = CARTESIAN_POINT ( 'NONE',  ( 19.00622904741930341, 1.978781822227061893, 2.255049661551233431 ) ) ;
#3104 = ADVANCED_FACE ( 'NONE', ( #3947 ), #504, .F. ) ;
#3105 = CARTESIAN_POINT ( 'NONE',  ( 40.28125000000000711, -2.159593620790635882, 2.159593620790635438 ) ) ;
#3106 = CARTESIAN_POINT ( 'NONE',  ( -43.00000000000000000, 0.000000000000000000, 0.000000000000000000 ) ) ;
#3107 = CARTESIAN_POINT ( 'NONE',  ( 23.68750000000000355, 1.242640687119311416, -2.999999999999988010 ) ) ;
#3108 = CARTESIAN_POINT ( 'NONE',  ( 20.50000000000001066, 1.662041016787788594, 1.662041016787789482 ) ) ;
#3109 = CARTESIAN_POINT ( 'NONE',  ( 22.15624999999999645, 1.265060653844736205, 3.054126587736534670 ) ) ;
#3110 = CARTESIAN_POINT ( 'NONE',  ( 36.56250000000000000, 2.350480947161659895, 0.9736010864139195142 ) ) ;
#3111 = EDGE_LOOP ( 'NONE', ( #5651, #3909, #3814, #5663 ) ) ;
#3112 = CARTESIAN_POINT ( 'NONE',  ( 28.31250000000000000, 0.9736010864139180709, -2.350480947161660339 ) ) ;
#3113 = CARTESIAN_POINT ( 'NONE',  ( 42.18749999999999289, 1.242640687119268117, 3.000000000000031974 ) ) ;
#3114 = CARTESIAN_POINT ( 'NONE',  ( 43.31249999999999289, 0.9736010864139180709, -2.350480947161660339 ) ) ;
#3115 = VERTEX_POINT ( 'NONE', #969 ) ;
#3116 = CARTESIAN_POINT ( 'NONE',  ( 32.62500000000000711, -4.317763452597548908E-16, 2.350480947161660339 ) ) ;
#3117 = DIRECTION ( 'NONE',  ( 0.000000000000000000, 0.000000000000000000, -1.000000000000000000 ) ) ;
#3118 = CYLINDRICAL_SURFACE ( 'NONE', #3657, 3.000000000000010658 ) ;
#3119 = VECTOR ( 'NONE', #3601, 1000.000000000000000 ) ;
#3120 = CARTESIAN_POINT ( 'NONE',  ( 42.69457104651295509, -2.370717635951475000, 0.9728648442293855725 ) ) ;
#3121 = CARTESIAN_POINT ( 'NONE',  ( 33.59375000000000000, -1.265060653844735317, -3.054126587736535114 ) ) ;
#3122 = CARTESIAN_POINT ( 'NONE',  ( 20.99999999999999645, -2.350480947161660339, -2.878508968398366432E-16 ) ) ;
#3123 = DIRECTION ( 'NONE',  ( 0.000000000000000000, 0.000000000000000000, 1.000000000000000000 ) ) ;
#3124 = CARTESIAN_POINT ( 'NONE',  ( 30.06250000000001421, -0.9736010864139177379, -2.350480947161660339 ) ) ;
#3125 = CARTESIAN_POINT ( 'NONE',  ( 21.00000000000001066, -1.662041016787788816, -1.662041016787789260 ) ) ;
#3126 = CARTESIAN_POINT ( 'NONE',  ( 20.68749999999999645, 0.9736010864139186261, 2.350480947161659895 ) ) ;
#3127 = CARTESIAN_POINT ( 'NONE',  ( -42.88722609038088507, 2.773977436329010171, 0.1953301412284944860 ) ) ;
#3128 = ORIENTED_EDGE ( 'NONE', *, *, #2549, .T. ) ;
#3129 = CARTESIAN_POINT ( 'NONE',  ( 41.09375000000000000, 2.159593620790634994, 2.159593620790635882 ) ) ;
#3130 = CARTESIAN_POINT ( 'NONE',  ( 41.62500000000000711, -4.317763452597548908E-16, 2.350480947161660339 ) ) ;
#3131 = CARTESIAN_POINT ( 'NONE',  ( 32.00000000000001421, -1.662041016787788816, -1.662041016787789260 ) ) ;
#3132 = CARTESIAN_POINT ( 'NONE',  ( 29.75000000000000000, -4.317763452597548908E-16, 2.350480947161660339 ) ) ;
#3133 = FACE_OUTER_BOUND ( 'NONE', #5086, .T. ) ;
#3134 = EDGE_LOOP ( 'NONE', ( #5405, #1481, #1018, #2697 ) ) ;
#3135 = ORIENTED_EDGE ( 'NONE', *, *, #3152, .T. ) ;
#3136 = CARTESIAN_POINT ( 'NONE',  ( 42.96875000000000711, 3.054126587736534670, 1.265060653844737759 ) ) ;
#3137 = DIRECTION ( 'NONE',  ( 0.000000000000000000, 0.000000000000000000, 1.000000000000000000 ) ) ;
#3138 = CARTESIAN_POINT ( 'NONE',  ( 22.56250000000000711, -1.242640687119267451, -3.000000000000032419 ) ) ;
#3139 = CARTESIAN_POINT ( 'NONE',  ( 21.56250000000001066, 0.9736010864139186261, 2.350480947161659895 ) ) ;
#3140 = CARTESIAN_POINT ( 'NONE',  ( 20.90625000000000000, 3.054126587736535114, -1.265060653844735317 ) ) ;
#3141 = CARTESIAN_POINT ( 'NONE',  ( 30.93749999999999645, -2.350480947161660783, 0.9736010864139172938 ) ) ;
#3142 = ADVANCED_FACE ( 'NONE', ( #6092 ), #6025, .T. ) ;
#3143 = VERTEX_POINT ( 'NONE', #2051 ) ;
#3144 = CARTESIAN_POINT ( 'NONE',  ( 26.24999999999999645, 1.439254484199183216E-16, -2.350480947161660339 ) ) ;
#3145 = CARTESIAN_POINT ( 'NONE',  ( 18.59375000000000711, -1.265060653844735317, -3.054126587736535114 ) ) ;
#3146 = AXIS2_PLACEMENT_3D ( 'NONE', #49, #2055, #5138 ) ;
#3147 = CARTESIAN_POINT ( 'NONE',  ( 41.93750000000000000, -2.350480947161660339, 0.9736010864139172938 ) ) ;
#3148 = ORIENTED_EDGE ( 'NONE', *, *, #1506, .T. ) ;
#3149 = CARTESIAN_POINT ( 'NONE',  ( 31.25000000000001421, 1.662041016787789260, -1.662041016787788816 ) ) ;
#3150 = CARTESIAN_POINT ( 'NONE',  ( 34.71875000000000000, 1.870113174931188306E-16, -3.054126587736535559 ) ) ;
#3151 = CARTESIAN_POINT ( 'NONE',  ( 20.87499999999999645, 2.121320343559649935, -2.121320343559649935 ) ) ;
#3152 = EDGE_CURVE ( 'NONE', #6175, #6139, #5059, .T. ) ;
#3153 = CARTESIAN_POINT ( 'NONE',  ( 33.49999999999999289, -3.000000000000010658, -3.673940397442072687E-16 ) ) ;
#3154 = CARTESIAN_POINT ( 'NONE',  ( 42.34765951596461520, -0.7568438187321334665, 2.808559750685634349 ) ) ;
#3155 = CARTESIAN_POINT ( 'NONE',  ( 28.90625000000000711, 3.054126587736535559, 0.000000000000000000 ) ) ;
#3156 = CARTESIAN_POINT ( 'NONE',  ( 23.43749999999999645, 2.350480947161660339, -0.9736010864139179599 ) ) ;
#3157 = CARTESIAN_POINT ( 'NONE',  ( -43.00000000000000000, 0.000000000000000000, 0.000000000000000000 ) ) ;
#3158 = CARTESIAN_POINT ( 'NONE',  ( 25.81250000000000711, -2.350480947161660339, 0.9736010864139172938 ) ) ;
#3159 = CARTESIAN_POINT ( 'NONE',  ( 21.31250000000001776, 2.350480947161660339, -0.9736010864139179599 ) ) ;
#3160 = CARTESIAN_POINT ( 'NONE',  ( 19.06249999999999645, -2.350480947161660339, -0.9736010864139181820 ) ) ;
#3161 = CARTESIAN_POINT ( 'NONE',  ( 42.43622929778139508, -1.369259116706765811, -2.462179686869260031 ) ) ;
#3162 = ORIENTED_EDGE ( 'NONE', *, *, #1699, .T. ) ;
#3163 = CARTESIAN_POINT ( 'NONE',  ( 40.18750000000000711, 0.9736010864139180709, -2.350480947161660339 ) ) ;
#3164 = CARTESIAN_POINT ( 'NONE',  ( 39.84375000000000000, 2.159593620790635438, -2.159593620790635438 ) ) ;
#3165 = CARTESIAN_POINT ( 'NONE',  ( 39.50000000000000711, 1.662041016787788594, 1.662041016787789482 ) ) ;
#3166 = CARTESIAN_POINT ( 'NONE',  ( 32.06250000000000711, -0.9736010864139177379, -2.350480947161660339 ) ) ;
#3167 = CARTESIAN_POINT ( 'NONE',  ( 32.74999999999999289, -4.317763452597548908E-16, 2.350480947161660339 ) ) ;
#3168 = LINE ( 'NONE', #2806, #4280 ) ;
#3169 = AXIS2_PLACEMENT_3D ( 'NONE', #1911, #1412, #4862 ) ;
#3170 = CARTESIAN_POINT ( 'NONE',  ( 42.21875000000001421, -1.265060653844737315, 3.054126587736534670 ) ) ;
#3171 = DIRECTION ( 'NONE',  ( -1.000000000000000000, -0.000000000000000000, -0.000000000000000000 ) ) ;
#3172 = CYLINDRICAL_SURFACE ( 'NONE', #972, 3.000000000000010658 ) ;
#3173 = CARTESIAN_POINT ( 'NONE',  ( 21.18750000000001066, 0.9736010864139180709, -2.350480947161660339 ) ) ;
#3174 = CARTESIAN_POINT ( 'NONE',  ( 42.37500000000000711, 2.350480947161660339, 0.000000000000000000 ) ) ;
#3175 = CARTESIAN_POINT ( 'NONE',  ( 31.31249999999999289, 0.9736010864139180709, -2.350480947161660339 ) ) ;
#3176 = CARTESIAN_POINT ( 'NONE',  ( 41.93750000000000000, -2.350480947161660339, 0.9736010864139172938 ) ) ;
#3177 = VERTEX_POINT ( 'NONE', #564 ) ;
#3178 = CARTESIAN_POINT ( 'NONE',  ( 26.93750000000000355, -2.350480947161660339, 0.9736010864139172938 ) ) ;
#3179 = CARTESIAN_POINT ( 'NONE',  ( 18.28125000000000711, -2.159593620790635882, 2.159593620790635438 ) ) ;
#3180 = EDGE_CURVE ( 'NONE', #2410, #1226, #3068, .T. ) ;
#3181 = CARTESIAN_POINT ( 'NONE',  ( 41.37499999999999289, 1.662041016787789260, -1.662041016787788816 ) ) ;
#3182 = EDGE_LOOP ( 'NONE', ( #6258, #6320, #3702, #3094, #4225, #1456 ) ) ;
#3183 = CARTESIAN_POINT ( 'NONE',  ( 30.81250000000001066, -2.350480947161660783, 0.9736010864139172938 ) ) ;
#3184 = CARTESIAN_POINT ( 'NONE',  ( 27.96875000000000000, 3.054126587736535559, 0.000000000000000000 ) ) ;
#3185 = CARTESIAN_POINT ( 'NONE',  ( 41.56249999999999289, 2.350480947161659895, 0.9736010864139195142 ) ) ;
#3186 = DIRECTION ( 'NONE',  ( -1.000000000000000000, 0.000000000000000000, 0.000000000000000000 ) ) ;
#3187 = CARTESIAN_POINT ( 'NONE',  ( 42.42542234336333706, -1.268294286101123935, 2.531168653961105797 ) ) ;
#3188 = CARTESIAN_POINT ( 'NONE',  ( 29.71875000000001421, 1.265060653844735539, -3.054126587736535114 ) ) ;
#3189 = EDGE_CURVE ( 'NONE', #934, #3143, #3098, .T. ) ;
#3190 = CARTESIAN_POINT ( 'NONE',  ( 22.18749999999999645, -0.9736010864139177379, -2.350480947161660339 ) ) ;
#3191 = DIRECTION ( 'NONE',  ( 1.000000000000000000, 0.000000000000000000, 0.000000000000000000 ) ) ;
#3192 =( BOUNDED_SURFACE ( )  B_SPLINE_SURFACE ( 1, 2, ( 
 ( #6123, #6026, #3588, #5608, #1527, #6093, #4044, #2634, #5635, #5036, #536, #46, #2052, #2543, #5576, #6060, #668, #109, #3522, #1096, #3100, #635, #3556, #4014, #5102, #5171, #4142, #2668, #3130, #1160, #4571, #2602, #2115, #142, #4668, #2572, #4110, #1065, #5545, #176, #3066, #1592, #4636, #5070, #1127, #1035, #78, #565, #2084, #603, #4078, #3034, #6159, #4539, #4604, #1624, #3619, #5135, #2147, #1653, #3652, #5666, #3165, #803, #5205, #2834, #4172, #4205, #1762, #2770, #3234, #3685, #3782, #702, #3753, #4309, #1263, #5699, #6323, #5767, #4770, #2701, #6191, #2282, #1688, #277, #5308, #1794, #835, #1827, #4701, #3816, #4803, #5800, #1296, #6226, #3267, #3297, #209, #5275, #5733, #770, #2251, #2803, #1724, #2216, #3719, #309, #3328, #3202, #2314, #6261, #1229, #4734, #4276, #736, #5831, #5239, #6292, #1327, #2182, #2736, #4241, #5340, #4834, #245, #1195, #2406, #3447, #371, #5430, #2373, #6353, #2440, #6383, #5985, #1483, #5862, #1949, #1387, #4468, #2992, #3938, #4436, #4400, #6448, #5891, #4370, #1357, #2958, #6481, #463, #893, #5370, #3971, #6414, #5954, #2865, #3387, #1985, #2893, #1884, #4900, #339, #3481, #5465, #5501, #3905, #1854, #3872, #1449, #928, #995, #960, #5400, #3357, #2344, #400, #4929, #3845, #4963, #2924, #2473, #4339, #866, #4867, #1916, #5922, #1416, #3417, #431, #4037, #4627, #5568, #5028, #3057, #1153, #6149, #3610, #2139, #2077, #4, #38, #6115, #5600, #4133, #595, #4531, #6019, #134, #5061, #3090, #4501, #3124, #3579, #1616, #5629, #1647, #3645, #1519, #4069, #4998, #5659, #4564, #1120, #3515, #498, #2504, #528, #70, #1088, #6052, #2015, #101, #5536, #6086, #627, #1584, #4007, #2626, #5095, #2595, #1028, #3024, #4595, #2534, #2108, #5128, #4100, #2045, #1553, #3548, #1058, #558, #2565, #2762, #5196, #4233, #268, #3677, #6252, #202, #236, #3226, #2274, #2692, #1187, #694, #1784, #4301, #4164, #3774, #727, #5691, #5724, #5265, #1716, #4266, #3193, #2727, #2796, #3158, #4693, #5230, #4796, #761, #2209, #167, #4726, #6283, #4199, #1750, #6217, #2659, #4761, #3711, #2306, #6315, #2172, #5792, #1221, #795, #5824, #1288, #3291, #2244, #5301, #3744, #5757, #6184, #301, #1820, #3809, #1253, #1681, #5160, #3258, #661, #4660, #4891, #3409, #4428, #857, #886, #364, #6474, #4460, #6440, #1349, #1876, #6406, #4332, #332, #4826, #2464, #3350, #456, #3964, #5393, #3323, #1976, #1409, #1847, #1941, #2917, #2887, #3930, #5333, #1379, #1320, #2857, #1908, #5944, #6375, #3866, #827, #5885, #2826, #393, #4859, #3380, #2398, #920, #4393, #5361, #2949, #1442, #3896, #2367, #5914, #4922, #5423, #424, #2431, #5855, #3440, #4362, #5457, #953, #4956, #2337, #6347, #3838, #2226, #5022, #5216, #1021, #714, #3697, #5978, #1577, #1477, #5562, #1053, #3472, #1547, #6013, #4679, #1169, #490, #2497, #2009, #3999, #4493, #3017, #1513, #2713, #2071, #5495, #3050, #5054, #2678, #3507, #988, #553, #4713, #6202 ),
 ( #1700, #33, #6507, #3213, #3541, #3573, #5529, #521, #5710, #2040, #2528, #4032, #2985, #221, #187, #4990, #4526, #2560, #1206, #4558, #6047, #65, #4063, #6078, #5676, #3176, #5181, #679, #2194, #4185, #3825, #2876, #1863, #256, #3854, #352, #5841, #1337, #6271, #5321, #3336, #4746, #813, #1274, #1307, #4287, #5349, #3762, #2260, #1772, #2844, #5379, #5251, #4844, #1806, #4253, #287, #6335, #2782, #844, #5779, #3793, #5871, #4219, #3280, #6303, #1367, #1836, #5287, #1240, #5811, #2354, #780, #2813, #4781, #3731, #4351, #2291, #3367, #876, #3245, #6364, #3307, #4878, #382, #6237, #1735, #4814, #5744, #319, #2324, #748, #2748, #4319, #2515, #2935, #907, #6028, #4447, #6492, #4910, #1429, #2025, #4940, #2417, #442, #5038, #3524, #1006, #1529, #5966, #3881, #3916, #3492, #2968, #5547, #4479, #1928, #3397, #4016, #2451, #476, #1895, #507, #973, #5512, #3002, #1037, #3036, #5412, #1461, #2385, #4380, #1962, #5008, #2905, #6393, #5901, #4413, #3950, #4973, #3428, #1398, #3984, #6427, #6461, #412, #1995, #5932, #5442, #3458, #4512, #939, #2484, #5476, #5997, #1496, #14, #6193, #1690, #6062, #2149, #1594, #4670, #3204, #4144, #4638, #2604, #144, #6095, #4573, #1562, #3167, #178, #670, #1098, #5578, #4174, #4606, #6161, #3069, #3590, #2184, #3102, #567, #5104, #538, #3687, #5668, #5701, #4112, #2054, #2086, #1655, #1129, #1197, #2636, #80, #3558, #2545, #605, #5137, #48, #5173, #5637, #3654, #1162, #4541, #4046, #1067, #6125, #5072, #2574, #111, #2670, #4080, #5610, #2117, #1626, #3621, #3132, #637, #211, #311, #3721, #4772, #837, #4278, #2218, #2836, #279, #1298, #5735, #704, #5311, #4703, #3299, #1829, #4805, #3847, #4836, #1231, #341, #1329, #2316, #4311, #738, #6294, #6325, #3236, #1797, #2253, #2284, #5277, #3818, #4736, #5241, #2738, #5834, #6356, #6228, #3330, #2772, #247, #1265, #805, #3755, #5342, #4243, #3784, #2346, #5207, #4341, #6263, #5802, #1764, #4207, #2805, #5769, #1856, #5864, #1726, #1359, #3269, #2704, #772, #4965, #962, #5432, #2960, #2408, #896, #2375, #5987, #997, #3483, #3907, #1886, #500, #930, #465, #5893, #4402, #2994, #5924, #3389, #1419, #6021, #4503, #1987, #2506, #433, #4869, #4902, #4470, #3940, #6, #5467, #2895, #4372, #5000, #3419, #1451, #2867, #1485, #1952, #6483, #3973, #2017, #4009, #6385, #2442, #3359, #5372, #2926, #5503, #3874, #868, #374, #5402, #4931, #5956, #6416, #1389, #2475, #402, #4438, #1918, #6450, #3449, #3647, #1090, #4103, #40, #3517, #1618, #1030, #6117, #4630, #1122, #169, #5661, #4039, #1155, #4135, #3126, #5130, #3550, #2597, #629, #2047, #4597, #5063, #5097, #1586, #2628, #1060, #6054, #5570, #136, #2661, #2536, #2141, #5602, #1555, #4071, #3612, #72, #6151, #3059, #3092, #3160, #1521, #560, #3581, #5163, #5631, #2567, #5030, #597, #1649, #6088, #4566, #663, #4662, #103, #2079, #2110, #2174, #4166, #5538, #3026, #530, #4533, #3713, #1822, #3746 ) ),
 .UNSPECIFIED., .F., .F., .F. ) 
 B_SPLINE_SURFACE_WITH_KNOTS ( ( 2, 2 ),
 ( 3, 2, 2, 2, 2, 2, 2, 2, 2, 2, 2, 2, 2, 2, 2, 2, 2, 2, 2, 2, 2, 2, 2, 2, 2, 2, 2, 2, 2, 2, 2, 2, 2, 2, 2, 2, 2, 2, 2, 2, 2, 2, 2, 2, 2, 2, 2, 2, 2, 2, 2, 2, 2, 2, 2, 2, 2, 2, 2, 2, 2, 2, 2, 2, 2, 2, 2, 2, 2, 2, 2, 2, 2, 2, 2, 2, 2, 2, 2, 2, 2, 2, 2, 2, 2, 2, 2, 2, 2, 2, 2, 2, 2, 2, 2, 2, 2, 2, 2, 2, 2, 2, 2, 2, 2, 2, 2, 2, 2, 2, 2, 2, 2, 2, 2, 2, 2, 2, 2, 2, 2, 2, 2, 2, 2, 2, 2, 2, 2, 2, 2, 2, 2, 2, 2, 2, 2, 2, 2, 2, 2, 2, 2, 2, 2, 2, 2, 2, 2, 2, 2, 2, 2, 2, 2, 2, 2, 2, 2, 2, 2, 2, 2, 2, 2, 2, 2, 2, 2, 2, 2, 2, 2, 2, 2, 2, 2, 2, 2, 2, 2, 2, 2, 2, 2, 2, 2, 2, 2, 2, 2, 2, 2, 2, 2, 2, 2, 2, 2, 2, 2, 2, 2, 2, 2, 2, 2, 2, 3 ),
 ( 0.000000000000000000, 1.000000000000000000 ),
 ( 0.000000000000000000, 0.004807692307692307959, 0.009615384615384615918, 0.01442307692307692388, 0.01923076923076923184, 0.02403846153846153980, 0.02884615384615384776, 0.03365384615384615224, 0.03846153846153846367, 0.04326923076923076816, 0.04807692307692307959, 0.05288461538461538408, 0.05769230769230769551, 0.06250000000000000000, 0.06730769230769230449, 0.07211538461538460898, 0.07692307692307692735, 0.08173076923076923184, 0.08653846153846153633, 0.09134615384615384082, 0.09615384615384615918, 0.1009615384615384637, 0.1057692307692307682, 0.1105769230769230727, 0.1153846153846153910, 0.1201923076923076955, 0.1250000000000000000, 0.1298076923076923184, 0.1346153846153846090, 0.1394230769230769273, 0.1442307692307692180, 0.1490384615384615363, 0.1538461538461538547, 0.1586538461538461453, 0.1634615384615384637, 0.1682692307692307820, 0.1730769230769230727, 0.1778846153846153910, 0.1826923076923076816, 0.1875000000000000000, 0.1923076923076923184, 0.1971153846153846090, 0.2019230769230769273, 0.2067307692307692180, 0.2115384615384615363, 0.2163461538461538547, 0.2211538461538461453, 0.2259615384615384637, 0.2307692307692307820, 0.2355769230769230727, 0.2403846153846153910, 0.2451923076923076816, 0.2500000000000000000, 0.2548076923076922906, 0.2596153846153846367, 0.2644230769230769273, 0.2692307692307692180, 0.2740384615384615641, 0.2788461538461538547, 0.2836538461538461453, 0.2884615384615384359, 0.2932692307692307820, 0.2980769230769230727, 0.3028846153846153633, 0.3076923076923077094, 0.3125000000000000000, 0.3173076923076922906, 0.3221153846153846367, 0.3269230769230769273, 0.3317307692307692180, 0.3365384615384615641, 0.3413461538461538547, 0.3461538461538461453, 0.3509615384615384359, 0.3557692307692307820, 0.3605769230769230727, 0.3653846153846153633, 0.3701923076923077094, 0.3750000000000000000, 0.3798076923076922906, 0.3846153846153846367, 0.3894230769230769273, 0.3942307692307692180, 0.3990384615384615641, 0.4038461538461538547, 0.4086538461538461453, 0.4134615384615384359, 0.4182692307692307820, 0.4230769230769230727, 0.4278846153846153633, 0.4326923076923077094, 0.4375000000000000000, 0.4423076923076922906, 0.4471153846153846367, 0.4519230769230769273, 0.4567307692307692180, 0.4615384615384615641, 0.4663461538461538547, 0.4711538461538461453, 0.4759615384615384359, 0.4807692307692307820, 0.4855769230769230727, 0.4903846153846153633, 0.4951923076923077094, 0.5000000000000000000, 0.5048076923076922906, 0.5096153846153845812, 0.5144230769230768718, 0.5192307692307692735, 0.5240384615384615641, 0.5288461538461538547, 0.5336538461538461453, 0.5384615384615384359, 0.5432692307692307265, 0.5480769230769231282, 0.5528846153846154188, 0.5576923076923077094, 0.5625000000000000000, 0.5673076923076922906, 0.5721153846153845812, 0.5769230769230768718, 0.5817307692307692735, 0.5865384615384615641, 0.5913461538461538547, 0.5961538461538461453, 0.6009615384615384359, 0.6057692307692307265, 0.6105769230769231282, 0.6153846153846154188, 0.6201923076923077094, 0.6250000000000000000, 0.6298076923076922906, 0.6346153846153845812, 0.6394230769230768718, 0.6442307692307692735, 0.6490384615384615641, 0.6538461538461538547, 0.6586538461538461453, 0.6634615384615384359, 0.6682692307692307265, 0.6730769230769231282, 0.6778846153846154188, 0.6826923076923077094, 0.6875000000000000000, 0.6923076923076922906, 0.6971153846153845812, 0.7019230769230768718, 0.7067307692307692735, 0.7115384615384615641, 0.7163461538461538547, 0.7211538461538461453, 0.7259615384615384359, 0.7307692307692307265, 0.7355769230769231282, 0.7403846153846154188, 0.7451923076923077094, 0.7500000000000000000, 0.7548076923076922906, 0.7596153846153845812, 0.7644230769230768718, 0.7692307692307692735, 0.7740384615384615641, 0.7788461538461538547, 0.7836538461538461453, 0.7884615384615384359, 0.7932692307692307265, 0.7980769230769231282, 0.8028846153846154188, 0.8076923076923077094, 0.8125000000000000000, 0.8173076923076922906, 0.8221153846153845812, 0.8269230769230768718, 0.8317307692307692735, 0.8365384615384615641, 0.8413461538461538547, 0.8461538461538461453, 0.8509615384615384359, 0.8557692307692307265, 0.8605769230769231282, 0.8653846153846154188, 0.8701923076923077094, 0.8750000000000000000, 0.8798076923076922906, 0.8846153846153845812, 0.8894230769230768718, 0.8942307692307692735, 0.8990384615384615641, 0.9038461538461538547, 0.9086538461538461453, 0.9134615384615384359, 0.9182692307692307265, 0.9230769230769231282, 0.9278846153846154188, 0.9326923076923077094, 0.9375000000000000000, 0.9423076923076922906, 0.9471153846153845812, 0.9519230769230768718, 0.9567307692307692735, 0.9615384615384615641, 0.9663461538461538547, 0.9711538461538461453, 0.9759615384615384359, 0.9807692307692307265, 0.9855769230769231282, 0.9903846153846154188, 0.9951923076923077094, 1.000000000000000000 ),
 .UNSPECIFIED. ) 
 GEOMETRIC_REPRESENTATION_ITEM ( )  RATIONAL_B_SPLINE_SURFACE ( (
 ( 1.000000000000000000, 0.9238795325112867385, 1.000000000000000000, 0.9238795325112867385, 1.000000000000000000, 0.9238795325112867385, 1.000000000000000000, 0.9238795325112867385, 1.000000000000000000, 0.9238795325112867385, 1.000000000000000000, 0.9238795325112867385, 1.000000000000000000, 0.9238795325112867385, 1.000000000000000000, 0.9238795325112867385, 1.000000000000000000, 0.9238795325112867385, 1.000000000000000000, 0.9238795325112867385, 1.000000000000000000, 0.9238795325112867385, 1.000000000000000000, 0.9238795325112867385, 1.000000000000000000, 0.9238795325112867385, 1.000000000000000000, 0.9238795325112867385, 1.000000000000000000, 0.9238795325112867385, 1.000000000000000000, 0.9238795325112867385, 1.000000000000000000, 0.9238795325112867385, 1.000000000000000000, 0.9238795325112867385, 1.000000000000000000, 0.9238795325112867385, 1.000000000000000000, 0.9238795325112867385, 1.000000000000000000, 0.9238795325112867385, 1.000000000000000000, 0.9238795325112867385, 1.000000000000000000, 0.9238795325112867385, 1.000000000000000000, 0.9238795325112867385, 1.000000000000000000, 0.9238795325112867385, 1.000000000000000000, 0.9238795325112867385, 1.000000000000000000, 0.9238795325112867385, 1.000000000000000000, 0.9238795325112867385, 1.000000000000000000, 0.9238795325112867385, 1.000000000000000000, 0.9238795325112867385, 1.000000000000000000, 0.9238795325112867385, 1.000000000000000000, 0.9238795325112867385, 1.000000000000000000, 0.9238795325112867385, 1.000000000000000000, 0.9238795325112867385, 1.000000000000000000, 0.9238795325112867385, 1.000000000000000000, 0.9238795325112867385, 1.000000000000000000, 0.9238795325112867385, 1.000000000000000000, 0.9238795325112867385, 1.000000000000000000, 0.9238795325112867385, 1.000000000000000000, 0.9238795325112867385, 1.000000000000000000, 0.9238795325112867385, 1.000000000000000000, 0.9238795325112867385, 1.000000000000000000, 0.9238795325112867385, 1.000000000000000000, 0.9238795325112867385, 1.000000000000000000, 0.9238795325112867385, 1.000000000000000000, 0.9238795325112867385, 1.000000000000000000, 0.9238795325112867385, 1.000000000000000000, 0.9238795325112867385, 1.000000000000000000, 0.9238795325112867385, 1.000000000000000000, 0.9238795325112867385, 1.000000000000000000, 0.9238795325112867385, 1.000000000000000000, 0.9238795325112867385, 1.000000000000000000, 0.9238795325112867385, 1.000000000000000000, 0.9238795325112867385, 1.000000000000000000, 0.9238795325112867385, 1.000000000000000000, 0.9238795325112867385, 1.000000000000000000, 0.9238795325112867385, 1.000000000000000000, 0.9238795325112867385, 1.000000000000000000, 0.9238795325112867385, 1.000000000000000000, 0.9238795325112867385, 1.000000000000000000, 0.9238795325112867385, 1.000000000000000000, 0.9238795325112867385, 1.000000000000000000, 0.9238795325112867385, 1.000000000000000000, 0.9238795325112867385, 1.000000000000000000, 0.9238795325112867385, 1.000000000000000000, 0.9238795325112867385, 1.000000000000000000, 0.9238795325112867385, 1.000000000000000000, 0.9238795325112867385, 1.000000000000000000, 0.9238795325112867385, 1.000000000000000000, 0.9238795325112867385, 1.000000000000000000, 0.9238795325112867385, 1.000000000000000000, 0.9238795325112867385, 1.000000000000000000, 0.9238795325112867385, 1.000000000000000000, 0.9238795325112867385, 1.000000000000000000, 0.9238795325112867385, 1.000000000000000000, 0.9238795325112867385, 1.000000000000000000, 0.9238795325112867385, 1.000000000000000000, 0.9238795325112867385, 1.000000000000000000, 0.9238795325112867385, 1.000000000000000000, 0.9238795325112867385, 1.000000000000000000, 0.9238795325112867385, 1.000000000000000000, 0.9238795325112867385, 1.000000000000000000, 0.9238795325112867385, 1.000000000000000000, 0.9238795325112867385, 1.000000000000000000, 0.9238795325112867385, 1.000000000000000000, 0.9238795325112867385, 1.000000000000000000, 0.9238795325112867385, 1.000000000000000000, 0.9238795325112867385, 1.000000000000000000, 0.9238795325112867385, 1.000000000000000000, 0.9238795325112867385, 1.000000000000000000, 0.9238795325112867385, 1.000000000000000000, 0.9238795325112867385, 1.000000000000000000, 0.9238795325112867385, 1.000000000000000000, 0.9238795325112867385, 1.000000000000000000, 0.9238795325112867385, 1.000000000000000000, 0.9238795325112867385, 1.000000000000000000, 0.9238795325112867385, 1.000000000000000000, 0.9238795325112867385, 1.000000000000000000, 0.9238795325112867385, 1.000000000000000000, 0.9238795325112867385, 1.000000000000000000, 0.9238795325112867385, 1.000000000000000000, 0.9238795325112867385, 1.000000000000000000, 0.9238795325112867385, 1.000000000000000000, 0.9238795325112867385, 1.000000000000000000, 0.9238795325112867385, 1.000000000000000000, 0.9238795325112867385, 1.000000000000000000, 0.9238795325112867385, 1.000000000000000000, 0.9238795325112867385, 1.000000000000000000, 0.9238795325112867385, 1.000000000000000000, 0.9238795325112867385, 1.000000000000000000, 0.9238795325112867385, 1.000000000000000000, 0.9238795325112867385, 1.000000000000000000, 0.9238795325112867385, 1.000000000000000000, 0.9238795325112867385, 1.000000000000000000, 0.9238795325112867385, 1.000000000000000000, 0.9238795325112867385, 1.000000000000000000, 0.9238795325112867385, 1.000000000000000000, 0.9238795325112867385, 1.000000000000000000, 0.9238795325112867385, 1.000000000000000000, 0.9238795325112867385, 1.000000000000000000, 0.9238795325112867385, 1.000000000000000000, 0.9238795325112867385, 1.000000000000000000, 0.9238795325112867385, 1.000000000000000000, 0.9238795325112867385, 1.000000000000000000, 0.9238795325112867385, 1.000000000000000000, 0.9238795325112867385, 1.000000000000000000, 0.9238795325112867385, 1.000000000000000000, 0.9238795325112867385, 1.000000000000000000, 0.9238795325112867385, 1.000000000000000000, 0.9238795325112867385, 1.000000000000000000, 0.9238795325112867385, 1.000000000000000000, 0.9238795325112867385, 1.000000000000000000, 0.9238795325112867385, 1.000000000000000000, 0.9238795325112867385, 1.000000000000000000, 0.9238795325112867385, 1.000000000000000000, 0.9238795325112867385, 1.000000000000000000, 0.9238795325112867385, 1.000000000000000000, 0.9238795325112867385, 1.000000000000000000, 0.9238795325112867385, 1.000000000000000000, 0.9238795325112867385, 1.000000000000000000, 0.9238795325112867385, 1.000000000000000000, 0.9238795325112867385, 1.000000000000000000, 0.9238795325112867385, 1.000000000000000000, 0.9238795325112867385, 1.000000000000000000, 0.9238795325112867385, 1.000000000000000000, 0.9238795325112867385, 1.000000000000000000, 0.9238795325112867385, 1.000000000000000000, 0.9238795325112867385, 1.000000000000000000, 0.9238795325112867385, 1.000000000000000000, 0.9238795325112867385, 1.000000000000000000, 0.9238795325112867385, 1.000000000000000000, 0.9238795325112867385, 1.000000000000000000, 0.9238795325112867385, 1.000000000000000000, 0.9238795325112867385, 1.000000000000000000, 0.9238795325112867385, 1.000000000000000000, 0.9238795325112867385, 1.000000000000000000, 0.9238795325112867385, 1.000000000000000000, 0.9238795325112867385, 1.000000000000000000, 0.9238795325112867385, 1.000000000000000000, 0.9238795325112867385, 1.000000000000000000, 0.9238795325112867385, 1.000000000000000000, 0.9238795325112867385, 1.000000000000000000, 0.9238795325112867385, 1.000000000000000000, 0.9238795325112867385, 1.000000000000000000, 0.9238795325112867385, 1.000000000000000000, 0.9238795325112867385, 1.000000000000000000, 0.9238795325112867385, 1.000000000000000000, 0.9238795325112867385, 1.000000000000000000, 0.9238795325112867385, 1.000000000000000000, 0.9238795325112867385, 1.000000000000000000, 0.9238795325112867385, 1.000000000000000000, 0.9238795325112867385, 1.000000000000000000, 0.9238795325112867385, 1.000000000000000000, 0.9238795325112867385, 1.000000000000000000, 0.9238795325112867385, 1.000000000000000000, 0.9238795325112867385, 1.000000000000000000, 0.9238795325112867385, 1.000000000000000000, 0.9238795325112867385, 1.000000000000000000, 0.9238795325112867385, 1.000000000000000000, 0.9238795325112867385, 1.000000000000000000, 0.9238795325112867385, 1.000000000000000000, 0.9238795325112867385, 1.000000000000000000, 0.9238795325112867385, 1.000000000000000000, 0.9238795325112867385, 1.000000000000000000, 0.9238795325112867385, 1.000000000000000000, 0.9238795325112867385, 1.000000000000000000, 0.9238795325112867385, 1.000000000000000000, 0.9238795325112867385, 1.000000000000000000, 0.9238795325112867385, 1.000000000000000000, 0.9238795325112867385, 1.000000000000000000, 0.9238795325112867385, 1.000000000000000000, 0.9238795325112867385, 1.000000000000000000, 0.9238795325112867385, 1.000000000000000000, 0.9238795325112867385, 1.000000000000000000, 0.9238795325112867385, 1.000000000000000000, 0.9238795325112867385, 1.000000000000000000, 0.9238795325112867385, 1.000000000000000000, 0.9238795325112867385, 1.000000000000000000, 0.9238795325112867385, 1.000000000000000000, 0.9238795325112867385, 1.000000000000000000, 0.9238795325112867385, 1.000000000000000000, 0.9238795325112867385, 1.000000000000000000, 0.9238795325112867385, 1.000000000000000000, 0.9238795325112867385, 1.000000000000000000, 0.9238795325112867385, 1.000000000000000000, 0.9238795325112867385, 1.000000000000000000, 0.9238795325112867385, 1.000000000000000000, 0.9238795325112867385, 1.000000000000000000),
 ( 1.000000000000000000, 0.9238795325112867385, 1.000000000000000000, 0.9238795325112867385, 1.000000000000000000, 0.9238795325112867385, 1.000000000000000000, 0.9238795325112867385, 1.000000000000000000, 0.9238795325112867385, 1.000000000000000000, 0.9238795325112867385, 1.000000000000000000, 0.9238795325112867385, 1.000000000000000000, 0.9238795325112867385, 1.000000000000000000, 0.9238795325112867385, 1.000000000000000000, 0.9238795325112867385, 1.000000000000000000, 0.9238795325112867385, 1.000000000000000000, 0.9238795325112867385, 1.000000000000000000, 0.9238795325112867385, 1.000000000000000000, 0.9238795325112867385, 1.000000000000000000, 0.9238795325112867385, 1.000000000000000000, 0.9238795325112867385, 1.000000000000000000, 0.9238795325112867385, 1.000000000000000000, 0.9238795325112867385, 1.000000000000000000, 0.9238795325112867385, 1.000000000000000000, 0.9238795325112867385, 1.000000000000000000, 0.9238795325112867385, 1.000000000000000000, 0.9238795325112867385, 1.000000000000000000, 0.9238795325112867385, 1.000000000000000000, 0.9238795325112867385, 1.000000000000000000, 0.9238795325112867385, 1.000000000000000000, 0.9238795325112867385, 1.000000000000000000, 0.9238795325112867385, 1.000000000000000000, 0.9238795325112867385, 1.000000000000000000, 0.9238795325112867385, 1.000000000000000000, 0.9238795325112867385, 1.000000000000000000, 0.9238795325112867385, 1.000000000000000000, 0.9238795325112867385, 1.000000000000000000, 0.9238795325112867385, 1.000000000000000000, 0.9238795325112867385, 1.000000000000000000, 0.9238795325112867385, 1.000000000000000000, 0.9238795325112867385, 1.000000000000000000, 0.9238795325112867385, 1.000000000000000000, 0.9238795325112867385, 1.000000000000000000, 0.9238795325112867385, 1.000000000000000000, 0.9238795325112867385, 1.000000000000000000, 0.9238795325112867385, 1.000000000000000000, 0.9238795325112867385, 1.000000000000000000, 0.9238795325112867385, 1.000000000000000000, 0.9238795325112867385, 1.000000000000000000, 0.9238795325112867385, 1.000000000000000000, 0.9238795325112867385, 1.000000000000000000, 0.9238795325112867385, 1.000000000000000000, 0.9238795325112867385, 1.000000000000000000, 0.9238795325112867385, 1.000000000000000000, 0.9238795325112867385, 1.000000000000000000, 0.9238795325112867385, 1.000000000000000000, 0.9238795325112867385, 1.000000000000000000, 0.9238795325112867385, 1.000000000000000000, 0.9238795325112867385, 1.000000000000000000, 0.9238795325112867385, 1.000000000000000000, 0.9238795325112867385, 1.000000000000000000, 0.9238795325112867385, 1.000000000000000000, 0.9238795325112867385, 1.000000000000000000, 0.9238795325112867385, 1.000000000000000000, 0.9238795325112867385, 1.000000000000000000, 0.9238795325112867385, 1.000000000000000000, 0.9238795325112867385, 1.000000000000000000, 0.9238795325112867385, 1.000000000000000000, 0.9238795325112867385, 1.000000000000000000, 0.9238795325112867385, 1.000000000000000000, 0.9238795325112867385, 1.000000000000000000, 0.9238795325112867385, 1.000000000000000000, 0.9238795325112867385, 1.000000000000000000, 0.9238795325112867385, 1.000000000000000000, 0.9238795325112867385, 1.000000000000000000, 0.9238795325112867385, 1.000000000000000000, 0.9238795325112867385, 1.000000000000000000, 0.9238795325112867385, 1.000000000000000000, 0.9238795325112867385, 1.000000000000000000, 0.9238795325112867385, 1.000000000000000000, 0.9238795325112867385, 1.000000000000000000, 0.9238795325112867385, 1.000000000000000000, 0.9238795325112867385, 1.000000000000000000, 0.9238795325112867385, 1.000000000000000000, 0.9238795325112867385, 1.000000000000000000, 0.9238795325112867385, 1.000000000000000000, 0.9238795325112867385, 1.000000000000000000, 0.9238795325112867385, 1.000000000000000000, 0.9238795325112867385, 1.000000000000000000, 0.9238795325112867385, 1.000000000000000000, 0.9238795325112867385, 1.000000000000000000, 0.9238795325112867385, 1.000000000000000000, 0.9238795325112867385, 1.000000000000000000, 0.9238795325112867385, 1.000000000000000000, 0.9238795325112867385, 1.000000000000000000, 0.9238795325112867385, 1.000000000000000000, 0.9238795325112867385, 1.000000000000000000, 0.9238795325112867385, 1.000000000000000000, 0.9238795325112867385, 1.000000000000000000, 0.9238795325112867385, 1.000000000000000000, 0.9238795325112867385, 1.000000000000000000, 0.9238795325112867385, 1.000000000000000000, 0.9238795325112867385, 1.000000000000000000, 0.9238795325112867385, 1.000000000000000000, 0.9238795325112867385, 1.000000000000000000, 0.9238795325112867385, 1.000000000000000000, 0.9238795325112867385, 1.000000000000000000, 0.9238795325112867385, 1.000000000000000000, 0.9238795325112867385, 1.000000000000000000, 0.9238795325112867385, 1.000000000000000000, 0.9238795325112867385, 1.000000000000000000, 0.9238795325112867385, 1.000000000000000000, 0.9238795325112867385, 1.000000000000000000, 0.9238795325112867385, 1.000000000000000000, 0.9238795325112867385, 1.000000000000000000, 0.9238795325112867385, 1.000000000000000000, 0.9238795325112867385, 1.000000000000000000, 0.9238795325112867385, 1.000000000000000000, 0.9238795325112867385, 1.000000000000000000, 0.9238795325112867385, 1.000000000000000000, 0.9238795325112867385, 1.000000000000000000, 0.9238795325112867385, 1.000000000000000000, 0.9238795325112867385, 1.000000000000000000, 0.9238795325112867385, 1.000000000000000000, 0.9238795325112867385, 1.000000000000000000, 0.9238795325112867385, 1.000000000000000000, 0.9238795325112867385, 1.000000000000000000, 0.9238795325112867385, 1.000000000000000000, 0.9238795325112867385, 1.000000000000000000, 0.9238795325112867385, 1.000000000000000000, 0.9238795325112867385, 1.000000000000000000, 0.9238795325112867385, 1.000000000000000000, 0.9238795325112867385, 1.000000000000000000, 0.9238795325112867385, 1.000000000000000000, 0.9238795325112867385, 1.000000000000000000, 0.9238795325112867385, 1.000000000000000000, 0.9238795325112867385, 1.000000000000000000, 0.9238795325112867385, 1.000000000000000000, 0.9238795325112867385, 1.000000000000000000, 0.9238795325112867385, 1.000000000000000000, 0.9238795325112867385, 1.000000000000000000, 0.9238795325112867385, 1.000000000000000000, 0.9238795325112867385, 1.000000000000000000, 0.9238795325112867385, 1.000000000000000000, 0.9238795325112867385, 1.000000000000000000, 0.9238795325112867385, 1.000000000000000000, 0.9238795325112867385, 1.000000000000000000, 0.9238795325112867385, 1.000000000000000000, 0.9238795325112867385, 1.000000000000000000, 0.9238795325112867385, 1.000000000000000000, 0.9238795325112867385, 1.000000000000000000, 0.9238795325112867385, 1.000000000000000000, 0.9238795325112867385, 1.000000000000000000, 0.9238795325112867385, 1.000000000000000000, 0.9238795325112867385, 1.000000000000000000, 0.9238795325112867385, 1.000000000000000000, 0.9238795325112867385, 1.000000000000000000, 0.9238795325112867385, 1.000000000000000000, 0.9238795325112867385, 1.000000000000000000, 0.9238795325112867385, 1.000000000000000000, 0.9238795325112867385, 1.000000000000000000, 0.9238795325112867385, 1.000000000000000000, 0.9238795325112867385, 1.000000000000000000, 0.9238795325112867385, 1.000000000000000000, 0.9238795325112867385, 1.000000000000000000, 0.9238795325112867385, 1.000000000000000000, 0.9238795325112867385, 1.000000000000000000, 0.9238795325112867385, 1.000000000000000000, 0.9238795325112867385, 1.000000000000000000, 0.9238795325112867385, 1.000000000000000000, 0.9238795325112867385, 1.000000000000000000, 0.9238795325112867385, 1.000000000000000000, 0.9238795325112867385, 1.000000000000000000, 0.9238795325112867385, 1.000000000000000000, 0.9238795325112867385, 1.000000000000000000, 0.9238795325112867385, 1.000000000000000000, 0.9238795325112867385, 1.000000000000000000, 0.9238795325112867385, 1.000000000000000000, 0.9238795325112867385, 1.000000000000000000, 0.9238795325112867385, 1.000000000000000000, 0.9238795325112867385, 1.000000000000000000, 0.9238795325112867385, 1.000000000000000000, 0.9238795325112867385, 1.000000000000000000, 0.9238795325112867385, 1.000000000000000000, 0.9238795325112867385, 1.000000000000000000, 0.9238795325112867385, 1.000000000000000000, 0.9238795325112867385, 1.000000000000000000, 0.9238795325112867385, 1.000000000000000000, 0.9238795325112867385, 1.000000000000000000, 0.9238795325112867385, 1.000000000000000000, 0.9238795325112867385, 1.000000000000000000, 0.9238795325112867385, 1.000000000000000000, 0.9238795325112867385, 1.000000000000000000, 0.9238795325112867385, 1.000000000000000000, 0.9238795325112867385, 1.000000000000000000, 0.9238795325112867385, 1.000000000000000000, 0.9238795325112867385, 1.000000000000000000, 0.9238795325112867385, 1.000000000000000000, 0.9238795325112867385, 1.000000000000000000, 0.9238795325112867385, 1.000000000000000000, 0.9238795325112867385, 1.000000000000000000, 0.9238795325112867385, 1.000000000000000000, 0.9238795325112867385, 1.000000000000000000, 0.9238795325112867385, 1.000000000000000000, 0.9238795325112867385, 1.000000000000000000, 0.9238795325112867385, 1.000000000000000000, 0.9238795325112867385, 1.000000000000000000, 0.9238795325112867385, 1.000000000000000000, 0.9238795325112867385, 1.000000000000000000, 0.9238795325112867385, 1.000000000000000000, 0.9238795325112867385, 1.000000000000000000, 0.9238795325112867385, 1.000000000000000000, 0.9238795325112867385, 1.000000000000000000) ) ) 
 REPRESENTATION_ITEM ( '' )  SURFACE ( )  );
#3193 = CARTESIAN_POINT ( 'NONE',  ( 26.00000000000001066, -1.662041016787788816, -1.662041016787789260 ) ) ;
#3194 = CARTESIAN_POINT ( 'NONE',  ( 17.75000000000000711, -1.662041016787789482, 1.662041016787788816 ) ) ;
#3195 = FACE_OUTER_BOUND ( 'NONE', #1107, .T. ) ;
#3196 = CARTESIAN_POINT ( 'NONE',  ( 19.56250000000000711, -1.242640687119267451, -3.000000000000032419 ) ) ;
#3197 = VERTEX_POINT ( 'NONE', #5962 ) ;
#3198 = ORIENTED_EDGE ( 'NONE', *, *, #4663, .T. ) ;
#3199 = CARTESIAN_POINT ( 'NONE',  ( 40.25000000000000711, 1.662041016787789260, -1.662041016787788816 ) ) ;
#3200 = CARTESIAN_POINT ( 'NONE',  ( 39.96875000000000000, 3.054126587736535559, 0.000000000000000000 ) ) ;
#3201 = PRODUCT_DEFINITION ( 'UNKNOWN', '', #2955, #4576 ) ;
#3202 = CARTESIAN_POINT ( 'NONE',  ( 36.56250000000002132, 0.9736010864139186261, 2.350480947161659895 ) ) ;
#3203 = CARTESIAN_POINT ( 'NONE',  ( 30.50000000000001066, 1.662041016787788594, 1.662041016787789482 ) ) ;
#3204 = CARTESIAN_POINT ( 'NONE',  ( 33.24999999999999289, 1.439254484199183216E-16, -2.350480947161660339 ) ) ;
#3205 = CARTESIAN_POINT ( 'NONE',  ( 24.75000000000000000, 1.836970198721036344E-16, -3.000000000000010658 ) ) ;
#3206 = VERTEX_POINT ( 'NONE', #2965 ) ;
#3207 = CARTESIAN_POINT ( 'NONE',  ( 39.78125000000000711, 2.159593620790635438, -2.159593620790635438 ) ) ;
#3208 = CARTESIAN_POINT ( 'NONE',  ( 29.75000000000001421, 2.121320343559649935, -2.121320343559649935 ) ) ;
#3209 = CARTESIAN_POINT ( 'NONE',  ( 27.06250000000000711, 1.242640687119268339, 3.000000000000031974 ) ) ;
#3210 = DIRECTION ( 'NONE',  ( -1.000000000000000000, -0.000000000000000000, -0.000000000000000000 ) ) ;
#3211 = CARTESIAN_POINT ( 'NONE',  ( 18.09375000000000000, 2.159593620790634994, 2.159593620790635882 ) ) ;
#3212 = CARTESIAN_POINT ( 'NONE',  ( 29.68750000000000355, 0.9736010864139186261, 2.350480947161659895 ) ) ;
#3213 = CARTESIAN_POINT ( 'NONE',  ( 43.31249999999999289, 0.9736010864139180709, -2.350480947161660339 ) ) ;
#3214 = ORIENTED_EDGE ( 'NONE', *, *, #377, .F. ) ;
#3215 = CARTESIAN_POINT ( 'NONE',  ( 28.18750000000000355, -0.9736010864139177379, -2.350480947161660339 ) ) ;
#3216 = CARTESIAN_POINT ( 'NONE',  ( 19.62500000000000711, 1.836970198721036344E-16, -3.000000000000010658 ) ) ;
#3217 = CARTESIAN_POINT ( 'NONE',  ( 37.31250000000000000, 0.9736010864139180709, -2.350480947161660339 ) ) ;
#3218 = ORIENTED_EDGE ( 'NONE', *, *, #5366, .T. ) ;
#3219 = CARTESIAN_POINT ( 'NONE',  ( 32.81250000000000711, -2.350480947161660783, 0.9736010864139172938 ) ) ;
#3220 = CARTESIAN_POINT ( 'NONE',  ( 30.90625000000000355, 3.054126587736535114, -1.265060653844735317 ) ) ;
#3221 = CARTESIAN_POINT ( 'NONE',  ( 41.12499999999999289, -1.662041016787788816, -1.662041016787789260 ) ) ;
#3222 = CARTESIAN_POINT ( 'NONE',  ( 21.50000000000000000, -3.000000000000010658, -3.673940397442072687E-16 ) ) ;
#3223 = CARTESIAN_POINT ( 'NONE',  ( 30.34375000000000711, -3.054126587736536447, 1.265060653844735095 ) ) ;
#3224 = CARTESIAN_POINT ( 'NONE',  ( 20.18749999999999645, -0.9736010864139177379, -2.350480947161660339 ) ) ;
#3225 = CARTESIAN_POINT ( 'NONE',  ( 35.50000000000000711, -3.000000000000010658, -3.673940397442072687E-16 ) ) ;
#3226 = CARTESIAN_POINT ( 'NONE',  ( 26.93750000000001066, -2.350480947161660339, -0.9736010864139181820 ) ) ;
#3227 = CARTESIAN_POINT ( 'NONE',  ( 20.37500000000001066, 2.350480947161660339, 0.000000000000000000 ) ) ;
#3228 = CARTESIAN_POINT ( 'NONE',  ( 33.24999999999999289, -5.510910596163108291E-16, 3.000000000000010658 ) ) ;
#3229 = ADVANCED_FACE ( 'NONE', ( #4970 ), #1761, .T. ) ;
#3230 = CARTESIAN_POINT ( 'NONE',  ( 37.12500000000001421, -5.510910596163109277E-16, 3.000000000000010658 ) ) ;
#3231 = ORIENTED_EDGE ( 'NONE', *, *, #1302, .F. ) ;
#3232 = CARTESIAN_POINT ( 'NONE',  ( 40.06250000000001421, -0.9736010864139177379, -2.350480947161660339 ) ) ;
#3233 = CARTESIAN_POINT ( 'NONE',  ( 41.46875000000000000, -3.054126587736535559, -3.740226349862376611E-16 ) ) ;
#3234 = CARTESIAN_POINT ( 'NONE',  ( 39.00000000000000711, -1.662041016787788816, -1.662041016787789260 ) ) ;
#3235 = CARTESIAN_POINT ( 'NONE',  ( 29.75000000000001421, -1.662041016787789482, 1.662041016787788816 ) ) ;
#3236 = CARTESIAN_POINT ( 'NONE',  ( 27.93750000000000000, -2.350480947161660339, 0.9736010864139172938 ) ) ;
#3237 = EDGE_CURVE ( 'NONE', #2832, #2233, #200, .T. ) ;
#3238 = CARTESIAN_POINT ( 'NONE',  ( -43.00000000000000000, 0.000000000000000000, 3.000000000000010658 ) ) ;
#3239 = CARTESIAN_POINT ( 'NONE',  ( 37.46875000000001421, -3.054126587736535114, -1.265060653844735761 ) ) ;
#3240 = CARTESIAN_POINT ( 'NONE',  ( -43.00000000000000000, 3.673940397442072687E-16, -3.000000000000010658 ) ) ;
#3241 = CARTESIAN_POINT ( 'NONE',  ( 38.74999999999999289, 1.836970198721036344E-16, -3.000000000000010658 ) ) ;
#3242 = CARTESIAN_POINT ( 'NONE',  ( 25.06250000000001066, 1.242640687119268339, 3.000000000000031974 ) ) ;
#3243 = CARTESIAN_POINT ( 'NONE',  ( 42.93750000000000711, -2.350480947161660339, -0.9736010864139181820 ) ) ;
#3244 = CARTESIAN_POINT ( 'NONE',  ( 31.87500000000000000, -1.662041016787789482, 1.662041016787788816 ) ) ;
#3245 = CARTESIAN_POINT ( 'NONE',  ( 38.50000000000000000, 2.350480947161660339, 0.000000000000000000 ) ) ;
#3246 = CARTESIAN_POINT ( 'NONE',  ( 28.06249999999999645, -2.350480947161660339, -0.9736010864139181820 ) ) ;
#3247 = CARTESIAN_POINT ( 'NONE',  ( 18.78125000000000711, 2.159593620790635438, -2.159593620790635438 ) ) ;
#3248 = CARTESIAN_POINT ( 'NONE',  ( 40.06249999999999289, -2.350480947161660339, -0.9736010864139181820 ) ) ;
#3249 = VERTEX_POINT ( 'NONE', #3839 ) ;
#3250 = AXIS2_PLACEMENT_3D ( 'NONE', #3508, #5530, #3018 ) ;
#3251 = CARTESIAN_POINT ( 'NONE',  ( 29.75000000000001421, -1.662041016787789482, 1.662041016787788816 ) ) ;
#3252 = CARTESIAN_POINT ( 'NONE',  ( 27.40625000000000355, -3.054126587736536447, 1.265060653844735095 ) ) ;
#3253 = CARTESIAN_POINT ( 'NONE',  ( 42.89951905283837874, -1.902843343920971320, 1.379836182836800207 ) ) ;
#3254 = CARTESIAN_POINT ( 'NONE',  ( 36.31250000000001421, -3.000000000000011102, 1.242640687119288989 ) ) ;
#3255 = CARTESIAN_POINT ( 'NONE',  ( 27.65625000000000711, 1.870113174931188306E-16, -3.054126587736535559 ) ) ;
#3256 = CARTESIAN_POINT ( 'NONE',  ( 34.43750000000000711, -3.000000000000010658, -1.242640687119289877 ) ) ;
#3257 = CARTESIAN_POINT ( 'NONE',  ( 37.18750000000001421, 1.242640687119246579, 3.000000000000054179 ) ) ;
#3258 = CARTESIAN_POINT ( 'NONE',  ( 23.62500000000001066, -4.317763452597548908E-16, 2.350480947161660339 ) ) ;
#3259 = CARTESIAN_POINT ( 'NONE',  ( 19.75000000000001066, -1.662041016787789482, 1.662041016787788816 ) ) ;
#3260 = CARTESIAN_POINT ( 'NONE',  ( 38.00000000000001421, 2.121320343559649491, 2.121320343559650379 ) ) ;
#3261 = CARTESIAN_POINT ( 'NONE',  ( 42.41596812362518421, -1.845148142348162157, -2.155743104931499676 ) ) ;
#3262 = CARTESIAN_POINT ( 'NONE',  ( 34.99999999999999289, -2.350480947161660339, -2.878508968398366432E-16 ) ) ;
#3263 = EDGE_CURVE ( 'NONE', #518, #4737, #2918, .T. ) ;
#3264 = EDGE_LOOP ( 'NONE', ( #3451, #3218, #4765, #2020 ) ) ;
#3265 = CARTESIAN_POINT ( 'NONE',  ( 39.87500000000000711, -2.350480947161660339, -2.878508968398366432E-16 ) ) ;
#3266 = CARTESIAN_POINT ( 'NONE',  ( 41.40625000000000000, -3.054126587736536447, 1.265060653844735095 ) ) ;
#3267 = CARTESIAN_POINT ( 'NONE',  ( 37.37500000000001421, 2.350480947161660339, 0.000000000000000000 ) ) ;
#3268 = CARTESIAN_POINT ( 'NONE',  ( 30.12500000000001421, 1.439254484199183216E-16, -2.350480947161660339 ) ) ;
#3269 = CARTESIAN_POINT ( 'NONE',  ( 25.81249999999999645, -0.9736010864139191812, 2.350480947161659895 ) ) ;
#3270 = CARTESIAN_POINT ( 'NONE',  ( 24.43750000000000355, -3.000000000000011102, 1.242640687119288989 ) ) ;
#3271 = ORIENTED_EDGE ( 'NONE', *, *, #2617, .T. ) ;
#3272 = CARTESIAN_POINT ( 'NONE',  ( 37.21875000000000711, -1.265060653844737315, 3.054126587736534670 ) ) ;
#3273 =( BOUNDED_CURVE ( )  B_SPLINE_CURVE ( 2, ( #5894, #4373, #2869, #1421, #3908, #2443, #4403, #5835, #838 ),
 .UNSPECIFIED., .F., .F. ) 
 B_SPLINE_CURVE_WITH_KNOTS ( ( 3, 2, 2, 2, 3 ),
 ( 0.2980769230769227951, 0.3028846153846150857, 0.3076923076923074873, 0.3124999999999997780, 0.3173076923076920686 ),
 .UNSPECIFIED. ) 
 CURVE ( )  GEOMETRIC_REPRESENTATION_ITEM ( )  RATIONAL_B_SPLINE_CURVE ( ( 1.000000000000004441, 0.9238795325112822976, 1.000000000000000000, 0.9238795325112867385, 1.000000000000000000, 0.9238795325112867385, 1.000000000000000000, 0.9238795325112902912, 0.9999999999999964473 ) ) 
 REPRESENTATION_ITEM ( '' )  );
#3274 = CARTESIAN_POINT ( 'NONE',  ( 29.06250000000001066, 1.242640687119268339, 3.000000000000031974 ) ) ;
#3275 = ADVANCED_FACE ( 'NONE', ( #2368 ), #240, .F. ) ;
#3276 = CARTESIAN_POINT ( 'NONE',  ( 26.81250000000000711, 3.000000000000010658, -1.242640687119289433 ) ) ;
#3277 = DIRECTION ( 'NONE',  ( -1.000000000000000000, -0.000000000000000000, -0.000000000000000000 ) ) ;
#3278 = CARTESIAN_POINT ( 'NONE',  ( 18.21875000000000000, -5.610339524793564424E-16, 3.054126587736535559 ) ) ;
#3279 = CARTESIAN_POINT ( 'NONE',  ( 31.06250000000000000, -2.350480947161660339, -0.9736010864139181820 ) ) ;
#3280 = CARTESIAN_POINT ( 'NONE',  ( 39.49999999999999289, 2.350480947161660339, 0.000000000000000000 ) ) ;
#3281 = CARTESIAN_POINT ( 'NONE',  ( 21.87499999999999645, -1.662041016787789482, 1.662041016787788816 ) ) ;
#3282 = CARTESIAN_POINT ( 'NONE',  ( 19.54152615131470938, 2.449551876215706692, -0.3344770376566442160 ) ) ;
#3283 = CARTESIAN_POINT ( 'NONE',  ( 38.99999999999999289, -2.350480947161660339, -2.878508968398366432E-16 ) ) ;
#3284 = ORIENTED_EDGE ( 'NONE', *, *, #3860, .F. ) ;
#3285 = CARTESIAN_POINT ( 'NONE',  ( 26.93750000000001066, -2.350480947161660339, -0.9736010864139181820 ) ) ;
#3286 = CARTESIAN_POINT ( 'NONE',  ( 30.21875000000000000, -5.610339524793564424E-16, 3.054126587736535559 ) ) ;
#3287 = CARTESIAN_POINT ( 'NONE',  ( 42.43750000000000711, 2.350480947161660339, -0.9736010864139179599 ) ) ;
#3288 = DIRECTION ( 'NONE',  ( 0.000000000000000000, 0.000000000000000000, 1.000000000000000000 ) ) ;
#3289 = CARTESIAN_POINT ( 'NONE',  ( 28.46875000000001066, -3.054126587736535114, -1.265060653844735761 ) ) ;
#3290 = DIRECTION ( 'NONE',  ( -1.000000000000000000, -0.000000000000000000, -0.000000000000000000 ) ) ;
#3291 = CARTESIAN_POINT ( 'NONE',  ( 24.37500000000001066, 2.350480947161660339, 0.000000000000000000 ) ) ;
#3292 = CARTESIAN_POINT ( 'NONE',  ( 39.74999999999999289, 1.836970198721036344E-16, -3.000000000000010658 ) ) ;
#3293 = CARTESIAN_POINT ( 'NONE',  ( 43.00000000000000000, 0.000000000000000000, 0.000000000000000000 ) ) ;
#3294 = CARTESIAN_POINT ( 'NONE',  ( 34.37499999999999289, 1.662041016787789260, -1.662041016787788816 ) ) ;
#3295 = ORIENTED_EDGE ( 'NONE', *, *, #6126, .T. ) ;
#3296 = CARTESIAN_POINT ( 'NONE',  ( 38.84374999999999289, 2.159593620790635438, -2.159593620790635438 ) ) ;
#3297 = CARTESIAN_POINT ( 'NONE',  ( 37.31250000000001421, 2.350480947161660339, -0.9736010864139179599 ) ) ;
#3298 = CARTESIAN_POINT ( 'NONE',  ( 27.75000000000001066, -1.662041016787789482, 1.662041016787788816 ) ) ;
#3299 = CARTESIAN_POINT ( 'NONE',  ( 28.74999999999999645, -4.317763452597548908E-16, 2.350480947161660339 ) ) ;
#3300 = CARTESIAN_POINT ( 'NONE',  ( 24.31250000000000000, -1.242640687119335174, 2.999999999999965361 ) ) ;
#3301 = ORIENTED_EDGE ( 'NONE', *, *, #6204, .F. ) ;
#3302 = CARTESIAN_POINT ( 'NONE',  ( 36.15625000000000711, -5.610339524793564424E-16, 3.054126587736535559 ) ) ;
#3303 = CARTESIAN_POINT ( 'NONE',  ( 42.06250000000000000, 1.242640687119252130, 3.000000000000048406 ) ) ;
#3304 = CARTESIAN_POINT ( 'NONE',  ( -43.00000000000000000, 3.673940397442072687E-16, -3.000000000000010658 ) ) ;
#3305 = CARTESIAN_POINT ( 'NONE',  ( 42.43750000000000711, 2.350480947161659895, 0.9736010864139195142 ) ) ;
#3306 = CARTESIAN_POINT ( 'NONE',  ( 28.99999999999999645, -2.350480947161660339, -2.878508968398366432E-16 ) ) ;
#3307 = CARTESIAN_POINT ( 'NONE',  ( 38.37500000000000000, 1.662041016787789260, -1.662041016787788816 ) ) ;
#3308 = EDGE_CURVE ( 'NONE', #5804, #6387, #5365, .T. ) ;
#3309 =( BOUNDED_CURVE ( )  B_SPLINE_CURVE ( 2, ( #2950, #5945, #6508, #954, #2072, #6079, #5563, #2041, #4000 ),
 .UNSPECIFIED., .F., .F. ) 
 B_SPLINE_CURVE_WITH_KNOTS ( ( 3, 2, 2, 2, 3 ),
 ( 0.5865384615384614531, 0.5913461538461537437, 0.5961538461538460343, 0.6009615384615383249, 0.6057692307692306155 ),
 .UNSPECIFIED. ) 
 CURVE ( )  GEOMETRIC_REPRESENTATION_ITEM ( )  RATIONAL_B_SPLINE_CURVE ( ( 1.000000000000001776, 0.9238795325112849621, 1.000000000000000000, 0.9238795325112867385, 1.000000000000000000, 0.9238795325112867385, 1.000000000000000000, 0.9238795325112885148, 0.9999999999999982236 ) ) 
 REPRESENTATION_ITEM ( '' )  );
#3310 = VECTOR ( 'NONE', #2335, 1000.000000000000000 ) ;
#3311 = CARTESIAN_POINT ( 'NONE',  ( 23.49999999999999645, 2.350480947161660339, 0.000000000000000000 ) ) ;
#3312 = CARTESIAN_POINT ( 'NONE',  ( 19.24999999999999645, -5.510910596163108291E-16, 3.000000000000010658 ) ) ;
#3313 = CARTESIAN_POINT ( 'NONE',  ( 39.12499999999999289, -1.662041016787788816, -1.662041016787789260 ) ) ;
#3314 = CARTESIAN_POINT ( 'NONE',  ( 28.56250000000001066, 0.9736010864139186261, 2.350480947161659895 ) ) ;
#3315 = CARTESIAN_POINT ( 'NONE',  ( 29.78125000000000355, 1.265060653844735539, -3.054126587736535114 ) ) ;
#3316 = CARTESIAN_POINT ( 'NONE',  ( 42.81249999999999289, -0.9736010864139191812, 2.350480947161659895 ) ) ;
#3317 = CARTESIAN_POINT ( 'NONE',  ( 30.93750000000001421, 3.000000000000009770, 1.242640687119291654 ) ) ;
#3318 = EDGE_LOOP ( 'NONE', ( #5168, #5703, #1542 ) ) ;
#3319 = EDGE_CURVE ( 'NONE', #4138, #1199, #302, .T. ) ;
#3320 = CARTESIAN_POINT ( 'NONE',  ( 26.28125000000000711, -2.159593620790635882, 2.159593620790635438 ) ) ;
#3321 = CARTESIAN_POINT ( 'NONE',  ( 39.12500000000001421, -5.510910596163109277E-16, 3.000000000000010658 ) ) ;
#3322 = CARTESIAN_POINT ( 'NONE',  ( 40.43750000000000711, -3.000000000000010658, -1.242640687119289877 ) ) ;
#3323 = CARTESIAN_POINT ( 'NONE',  ( 22.18750000000000711, 0.9736010864139180709, -2.350480947161660339 ) ) ;
#3324 = CARTESIAN_POINT ( 'NONE',  ( 19.02136391263750070, 2.978636087362518836, 0.1795258295161310247 ) ) ;
#3325 = CARTESIAN_POINT ( 'NONE',  ( 34.18749999999999289, -0.9736010864139177379, -2.350480947161660339 ) ) ;
#3326 = VERTEX_POINT ( 'NONE', #3410 ) ;
#3327 = CARTESIAN_POINT ( 'NONE',  ( 39.03125000000000711, 3.054126587736534670, 1.265060653844737759 ) ) ;
#3328 = CARTESIAN_POINT ( 'NONE',  ( 36.62500000000001421, -4.317763452597548908E-16, 2.350480947161660339 ) ) ;
#3329 = CARTESIAN_POINT ( 'NONE',  ( 27.68750000000000711, -0.9736010864139191812, 2.350480947161659895 ) ) ;
#3330 = CARTESIAN_POINT ( 'NONE',  ( 27.18750000000000000, -0.9736010864139177379, -2.350480947161660339 ) ) ;
#3331 = EDGE_LOOP ( 'NONE', ( #360, #4968, #3096, #1192 ) ) ;
#3332 = CARTESIAN_POINT ( 'NONE',  ( 36.65625000000000711, 1.870113174931188306E-16, -3.054126587736535559 ) ) ;
#3333 = CARTESIAN_POINT ( 'NONE',  ( 19.34740196911135968, -1.230978753030216089, -2.356629332653254139 ) ) ;
#3334 = DIRECTION ( 'NONE',  ( -1.000000000000000000, -0.000000000000000000, -0.000000000000000000 ) ) ;
#3335 = CARTESIAN_POINT ( 'NONE',  ( 38.37500000000001421, 2.350480947161660339, 0.000000000000000000 ) ) ;
#3336 = CARTESIAN_POINT ( 'NONE',  ( 40.99999999999999289, -2.350480947161660339, -2.878508968398366432E-16 ) ) ;
#3337 = CARTESIAN_POINT ( 'NONE',  ( 21.99999999999999645, -2.350480947161660339, -2.878508968398366432E-16 ) ) ;
#3338 = CARTESIAN_POINT ( 'NONE',  ( 25.25000000000001066, -2.121320343559650379, 2.121320343559649935 ) ) ;
#3339 = CIRCLE ( 'NONE', #4283, 3.000000000000010658 ) ;
#3340 = CARTESIAN_POINT ( 'NONE',  ( 40.87499999999999289, -1.662041016787789482, 1.662041016787788816 ) ) ;
#3341 = CARTESIAN_POINT ( 'NONE',  ( 30.62500000000001066, -4.317763452597548908E-16, 2.350480947161660339 ) ) ;
#3342 = CARTESIAN_POINT ( 'NONE',  ( 26.53125000000000000, -3.054126587736535114, -1.265060653844735761 ) ) ;
#3343 = CARTESIAN_POINT ( 'NONE',  ( 37.68750000000000000, 0.9736010864139186261, 2.350480947161659895 ) ) ;
#3344 = VERTEX_POINT ( 'NONE', #5856 ) ;
#3345 = CARTESIAN_POINT ( 'NONE',  ( 23.34375000000000711, -3.054126587736536447, 1.265060653844735095 ) ) ;
#3346 = AXIS2_PLACEMENT_3D ( 'NONE', #162, #4621, #2204 ) ;
#3347 = CARTESIAN_POINT ( 'NONE',  ( 39.06250000000002132, 1.242640687119219045, 3.000000000000081712 ) ) ;
#3348 = ADVANCED_FACE ( 'NONE', ( #5394 ), #1350, .T. ) ;
#3349 = CARTESIAN_POINT ( 'NONE',  ( -42.78929360685183525, 2.656511712216788723, -0.3987867435387258408 ) ) ;
#3350 = CARTESIAN_POINT ( 'NONE',  ( 22.43750000000001066, 2.350480947161659895, 0.9736010864139195142 ) ) ;
#3351 = DIRECTION ( 'NONE',  ( -1.000000000000000000, -0.000000000000000000, -0.000000000000000000 ) ) ;
#3352 = CALENDAR_DATE ( 2026, 8, 1 ) ;
#3353 = CYLINDRICAL_SURFACE ( 'NONE', #1191, 3.000000000000010658 ) ;
#3354 = CARTESIAN_POINT ( 'NONE',  ( 36.37500000000000000, 1.662041016787789260, -1.662041016787788816 ) ) ;
#3355 = ORIENTED_EDGE ( 'NONE', *, *, #4304, .T. ) ;
#3356 = CARTESIAN_POINT ( 'NONE',  ( 36.34375000000000000, -2.159593620790635882, 2.159593620790635438 ) ) ;
#3357 = CARTESIAN_POINT ( 'NONE',  ( 32.43750000000000711, 2.350480947161659895, 0.9736010864139195142 ) ) ;
#3358 = CARTESIAN_POINT ( 'NONE',  ( 25.56250000000001066, 0.9736010864139186261, 2.350480947161659895 ) ) ;
#3359 = CARTESIAN_POINT ( 'NONE',  ( 22.74999999999999645, -4.317763452597548908E-16, 2.350480947161660339 ) ) ;
#3360 = CARTESIAN_POINT ( 'NONE',  ( 38.37500000000000000, -2.121320343559650379, 2.121320343559649935 ) ) ;
#3361 = VERTEX_POINT ( 'NONE', #2827 ) ;
#3362 = CARTESIAN_POINT ( 'NONE',  ( 38.28125000000000711, -2.159593620790635882, 2.159593620790635438 ) ) ;
#3363 = CARTESIAN_POINT ( 'NONE',  ( 37.31250000000001421, -3.000000000000011102, 1.242640687119288989 ) ) ;
#3364 = DIRECTION ( 'NONE',  ( -1.000000000000000000, -0.000000000000000000, -0.000000000000000000 ) ) ;
#3365 = CARTESIAN_POINT ( 'NONE',  ( 21.81249999999999645, 1.242640687119322740, -2.999999999999977351 ) ) ;
#3366 = CARTESIAN_POINT ( 'NONE',  ( 39.56250000000002842, 0.9736010864139186261, 2.350480947161659895 ) ) ;
#3367 = CARTESIAN_POINT ( 'NONE',  ( 38.62500000000000000, 1.662041016787788594, 1.662041016787789482 ) ) ;
#3368 = CARTESIAN_POINT ( 'NONE',  ( 21.56249999999999289, 2.350480947161659895, 0.9736010864139195142 ) ) ;
#3369 = DIRECTION ( 'NONE',  ( 0.000000000000000000, 0.000000000000000000, -1.000000000000000000 ) ) ;
#3370 = CARTESIAN_POINT ( 'NONE',  ( 27.50000000000001066, 1.662041016787788594, 1.662041016787789482 ) ) ;
#3371 = CARTESIAN_POINT ( 'NONE',  ( 26.40624999999999645, -3.054126587736536447, 1.265060653844735095 ) ) ;
#3372 = CARTESIAN_POINT ( 'NONE',  ( 40.99999999999999289, -2.350480947161660339, -2.878508968398366432E-16 ) ) ;
#3373 = ORIENTED_EDGE ( 'NONE', *, *, #3789, .F. ) ;
#3374 = AXIS2_PLACEMENT_3D ( 'NONE', #2828, #2798, #6219 ) ;
#3375 = CARTESIAN_POINT ( 'NONE',  ( 23.90625000000000711, 3.054126587736535559, 0.000000000000000000 ) ) ;
#3376 = CARTESIAN_POINT ( 'NONE',  ( -43.00000000000000000, 0.000000000000000000, 0.000000000000000000 ) ) ;
#3377 = CARTESIAN_POINT ( 'NONE',  ( 39.00000000000000711, -1.662041016787788816, -1.662041016787789260 ) ) ;
#3378 = CARTESIAN_POINT ( 'NONE',  ( -42.66125635044878095, 1.911395604848374896, -1.689365699038767321 ) ) ;
#3379 = AXIS2_PLACEMENT_3D ( 'NONE', #1629, #4577, #83 ) ;
#3380 = CARTESIAN_POINT ( 'NONE',  ( 20.87500000000001066, -2.350480947161660339, -2.878508968398366432E-16 ) ) ;
#3381 = CARTESIAN_POINT ( 'NONE',  ( 41.12500000000000711, -5.510910596163109277E-16, 3.000000000000010658 ) ) ;
#3382 = CARTESIAN_POINT ( 'NONE',  ( 28.62500000000000711, 1.836970198721036344E-16, -3.000000000000010658 ) ) ;
#3383 = EDGE_CURVE ( 'NONE', #2067, #1754, #269, .T. ) ;
#3384 = CARTESIAN_POINT ( 'NONE',  ( 26.81249999999999645, -0.9736010864139191812, 2.350480947161659895 ) ) ;
#3385 = CARTESIAN_POINT ( 'NONE',  ( 32.24999999999999289, -5.510910596163108291E-16, 3.000000000000010658 ) ) ;
#3386 = CARTESIAN_POINT ( 'NONE',  ( 36.65625000000000000, -1.265060653844735317, -3.054126587736535114 ) ) ;
#3387 = CARTESIAN_POINT ( 'NONE',  ( 33.50000000000000711, 1.662041016787788594, 1.662041016787789482 ) ) ;
#3388 = CARTESIAN_POINT ( 'NONE',  ( 26.87500000000001066, -2.350480947161660339, -2.878508968398366432E-16 ) ) ;
#3389 = CARTESIAN_POINT ( 'NONE',  ( 24.43750000000000355, 2.350480947161660339, -0.9736010864139179599 ) ) ;
#3390 = CARTESIAN_POINT ( 'NONE',  ( 24.81250000000000000, 1.242640687119333398, -2.999999999999966693 ) ) ;
#3391 = CARTESIAN_POINT ( 'NONE',  ( 31.46875000000000711, -3.054126587736535114, -1.265060653844735761 ) ) ;
#3392 = ORIENTED_EDGE ( 'NONE', *, *, #5882, .T. ) ;
#3393 = CARTESIAN_POINT ( 'NONE',  ( 39.18750000000002132, -1.242640687119362708, 2.999999999999937828 ) ) ;
#3394 = CARTESIAN_POINT ( 'NONE',  ( 18.99999999999999289, 0.000000000000000000, 0.000000000000000000 ) ) ;
#3395 = CARTESIAN_POINT ( 'NONE',  ( 19.81250000000000000, 1.242640687119344278, -2.999999999999955147 ) ) ;
#3396 = CARTESIAN_POINT ( 'NONE',  ( 39.87500000000000711, -2.350480947161660339, -2.878508968398366432E-16 ) ) ;
#3397 = CARTESIAN_POINT ( 'NONE',  ( 36.12500000000000000, -1.662041016787788816, -1.662041016787789260 ) ) ;
#3398 = B_SPLINE_CURVE_WITH_KNOTS ( 'NONE', 3,
 ( #4634, #4507, #3097, #10 ),
 .UNSPECIFIED., .F., .F.,
 ( 4, 4 ),
 ( 0.0003712803724727483192, 0.001853234292005864845 ),
 .UNSPECIFIED. ) ;
#3399 = CARTESIAN_POINT ( 'NONE',  ( 43.84375000000000711, 3.054126587736535114, -1.265060653844735317 ) ) ;
#3400 = CARTESIAN_POINT ( 'NONE',  ( 34.06249999999999289, 3.000000000000009770, 1.242640687119291654 ) ) ;
#3401 = CARTESIAN_POINT ( 'NONE',  ( 22.68750000000001066, -0.9736010864139191812, 2.350480947161659895 ) ) ;
#3402 = CARTESIAN_POINT ( 'NONE',  ( 25.53125000000000000, -3.054126587736535114, -1.265060653844735761 ) ) ;
#3403 = CARTESIAN_POINT ( 'NONE',  ( 40.81249999999999289, -0.9736010864139191812, 2.350480947161659895 ) ) ;
#3404 = CARTESIAN_POINT ( 'NONE',  ( 26.09375000000000355, 1.265060653844736205, 3.054126587736534670 ) ) ;
#3405 = CARTESIAN_POINT ( 'NONE',  ( 38.93750000000000711, 3.000000000000010658, -1.242640687119289433 ) ) ;
#3406 = AXIS2_PLACEMENT_3D ( 'NONE', #5561, #552, #1146 ) ;
#3407 = CARTESIAN_POINT ( 'NONE',  ( 38.62500000000001421, -4.317763452597548908E-16, 2.350480947161660339 ) ) ;
#3408 = CARTESIAN_POINT ( 'NONE',  ( 32.62500000000001421, 1.836970198721036344E-16, -3.000000000000010658 ) ) ;
#3409 = CARTESIAN_POINT ( 'NONE',  ( 23.37500000000001066, 2.350480947161660339, 0.000000000000000000 ) ) ;
#3410 = CARTESIAN_POINT ( 'NONE',  ( 34.24999999999999289, -5.510910596163108291E-16, 3.000000000000010658 ) ) ;
#3411 = APPLICATION_PROTOCOL_DEFINITION ( 'international standard', 'config_control_design', 1994, #3976 ) ;
#3412 = CARTESIAN_POINT ( 'NONE',  ( 38.31250000000001421, -3.000000000000011102, 1.242640687119288989 ) ) ;
#3413 = CARTESIAN_POINT ( 'NONE',  ( 26.43750000000000000, 2.350480947161660339, -0.9736010864139179599 ) ) ;
#3414 = ORIENTED_EDGE ( 'NONE', *, *, #4748, .T. ) ;
#3415 = CARTESIAN_POINT ( 'NONE',  ( 36.46875000000000000, -3.054126587736535559, -3.740226349862376611E-16 ) ) ;
#3416 = EDGE_CURVE ( 'NONE', #4753, #4601, #2338, .T. ) ;
#3417 = CARTESIAN_POINT ( 'NONE',  ( 31.56250000000000711, 0.9736010864139186261, 2.350480947161659895 ) ) ;
#3418 = CARTESIAN_POINT ( 'NONE',  ( 28.56250000000001066, 0.9736010864139186261, 2.350480947161659895 ) ) ;
#3419 = CARTESIAN_POINT ( 'NONE',  ( 23.43749999999999645, 2.350480947161660339, -0.9736010864139179599 ) ) ;
#3420 = CARTESIAN_POINT ( 'NONE',  ( 23.06250000000000000, 3.000000000000009770, 1.242640687119291654 ) ) ;
#3421 = CARTESIAN_POINT ( 'NONE',  ( 32.96875000000000711, 3.054126587736534670, 1.265060653844737759 ) ) ;
#3422 = ORIENTED_EDGE ( 'NONE', *, *, #3263, .T. ) ;
#3423 = CARTESIAN_POINT ( 'NONE',  ( 37.62500000000001421, 1.836970198721036344E-16, -3.000000000000010658 ) ) ;
#3424 = CARTESIAN_POINT ( 'NONE',  ( 22.50000000000001066, -2.121320343559649935, -2.121320343559649935 ) ) ;
#3425 = EDGE_CURVE ( 'NONE', #2956, #2921, #1930, .T. ) ;
#3426 = FACE_OUTER_BOUND ( 'NONE', #1517, .T. ) ;
#3427 = CARTESIAN_POINT ( 'NONE',  ( 40.87500000000000711, -2.350480947161660339, -2.878508968398366432E-16 ) ) ;
#3428 = CARTESIAN_POINT ( 'NONE',  ( 34.68749999999999289, 0.9736010864139186261, 2.350480947161659895 ) ) ;
#3429 = CARTESIAN_POINT ( 'NONE',  ( 36.43750000000001421, -3.000000000000010658, -1.242640687119289877 ) ) ;
#3430 = CARTESIAN_POINT ( 'NONE',  ( 18.87499999999999645, -1.662041016787789482, 1.662041016787788816 ) ) ;
#3431 = CARTESIAN_POINT ( 'NONE',  ( 30.43750000000000355, -3.000000000000011102, 1.242640687119288989 ) ) ;
#3432 = CARTESIAN_POINT ( 'NONE',  ( 26.18750000000001066, 0.9736010864139180709, -2.350480947161660339 ) ) ;
#3433 = CARTESIAN_POINT ( 'NONE',  ( 24.21875000000000000, -5.610339524793564424E-16, 3.054126587736535559 ) ) ;
#3434 = CARTESIAN_POINT ( 'NONE',  ( 40.93750000000000711, -2.350480947161660783, 0.9736010864139172938 ) ) ;
#3435 = CARTESIAN_POINT ( 'NONE',  ( 29.93750000000000355, -2.350480947161660339, 0.9736010864139172938 ) ) ;
#3436 = CARTESIAN_POINT ( 'NONE',  ( 26.15625000000000711, -5.610339524793564424E-16, 3.054126587736535559 ) ) ;
#3437 = DIRECTION ( 'NONE',  ( 0.000000000000000000, 0.000000000000000000, 1.000000000000000000 ) ) ;
#3438 = CARTESIAN_POINT ( 'NONE',  ( 36.12500000000001421, 1.439254484199183216E-16, -2.350480947161660339 ) ) ;
#3439 = DIRECTION ( 'NONE',  ( 1.000000000000000000, 0.000000000000000000, 0.000000000000000000 ) ) ;
#3440 = CARTESIAN_POINT ( 'NONE',  ( 19.93750000000001066, -2.350480947161660339, -0.9736010864139181820 ) ) ;
#3441 = FACE_OUTER_BOUND ( 'NONE', #5051, .T. ) ;
#3442 = CALENDAR_DATE ( 2026, 8, 1 ) ;
#3443 = CARTESIAN_POINT ( 'NONE',  ( 42.53821920426118197, 1.297095961572919398, -2.387503388602322474 ) ) ;
#3444 = CARTESIAN_POINT ( 'NONE',  ( 25.49999999999999645, 2.350480947161660339, 0.000000000000000000 ) ) ;
#3445 = ORIENTED_EDGE ( 'NONE', *, *, #3189, .F. ) ;
#3446 = CARTESIAN_POINT ( 'NONE',  ( 32.90625000000000000, 3.054126587736535114, -1.265060653844735317 ) ) ;
#3447 = CARTESIAN_POINT ( 'NONE',  ( 35.37500000000000711, 2.350480947161660339, 0.000000000000000000 ) ) ;
#3448 = CARTESIAN_POINT ( 'NONE',  ( 23.62500000000001066, -4.317763452597548908E-16, 2.350480947161660339 ) ) ;
#3449 = CARTESIAN_POINT ( 'NONE',  ( 21.68749999999999645, 0.9736010864139186261, 2.350480947161659895 ) ) ;
#3450 = CARTESIAN_POINT ( 'NONE',  ( 38.56250000000000000, -3.000000000000010658, -1.242640687119289877 ) ) ;
#3451 = ORIENTED_EDGE ( 'NONE', *, *, #892, .F. ) ;
#3452 = ADVANCED_FACE ( 'NONE', ( #796 ), #365, .T. ) ;
#3453 = CARTESIAN_POINT ( 'NONE',  ( 32.21875000000000711, -1.265060653844737315, 3.054126587736534670 ) ) ;
#3454 = ORIENTED_EDGE ( 'NONE', *, *, #6118, .T. ) ;
#3455 = DIRECTION ( 'NONE',  ( 1.000000000000000000, -0.000000000000000000, 0.000000000000000000 ) ) ;
#3456 = CARTESIAN_POINT ( 'NONE',  ( 20.00000000000000000, 3.000000000000010658, 0.000000000000000000 ) ) ;
#3457 = CARTESIAN_POINT ( 'NONE',  ( 38.06250000000002132, -0.9736010864139177379, -2.350480947161660339 ) ) ;
#3458 = CARTESIAN_POINT ( 'NONE',  ( 34.12499999999999289, -1.662041016787788816, -1.662041016787789260 ) ) ;
#3459 = CARTESIAN_POINT ( 'NONE',  ( 32.81249999999999289, 1.242640687119289655, -3.000000000000010658 ) ) ;
#3460 = ADVANCED_FACE ( 'NONE', ( #4394 ), #2432, .T. ) ;
#3461 = CARTESIAN_POINT ( 'NONE',  ( 20.31249999999999645, 0.9736010864139180709, -2.350480947161660339 ) ) ;
#3462 = CARTESIAN_POINT ( 'NONE',  ( 30.75000000000000000, 1.836970198721036344E-16, -3.000000000000010658 ) ) ;
#3463 = CARTESIAN_POINT ( 'NONE',  ( 25.31250000000001066, 2.350480947161660339, -0.9736010864139179599 ) ) ;
#3464 = CARTESIAN_POINT ( 'NONE',  ( 24.15625000000000000, 1.265060653844736205, 3.054126587736534670 ) ) ;
#3465 = CARTESIAN_POINT ( 'NONE',  ( 39.74999999999999289, -4.317763452597548908E-16, 2.350480947161660339 ) ) ;
#3466 = CARTESIAN_POINT ( 'NONE',  ( 30.43750000000000355, 2.350480947161660339, -0.9736010864139179599 ) ) ;
#3467 = CARTESIAN_POINT ( 'NONE',  ( 22.28125000000000711, -2.159593620790635882, 2.159593620790635438 ) ) ;
#3468 = CARTESIAN_POINT ( 'NONE',  ( 40.06250000000000711, 1.242640687119268339, 3.000000000000031974 ) ) ;
#3469 = EDGE_LOOP ( 'NONE', ( #388, #4731, #2882, #5730 ) ) ;
#3470 = CARTESIAN_POINT ( 'NONE',  ( 36.18750000000001421, 0.9736010864139180709, -2.350480947161660339 ) ) ;
#3471 = CARTESIAN_POINT ( 'NONE',  ( -42.65087689166703910, 2.412260711560382909, -0.8218418864751616537 ) ) ;
#3472 = CARTESIAN_POINT ( 'NONE',  ( 18.75000000000001066, -1.662041016787789482, 1.662041016787788816 ) ) ;
#3473 = LINE ( 'NONE', #5593, #2405 ) ;
#3474 = CARTESIAN_POINT ( 'NONE',  ( 42.51229866754426467, 0.6709086963622468147, -2.659629433614802974 ) ) ;
#3475 = AXIS2_PLACEMENT_3D ( 'NONE', #6391, #2449, #2902 ) ;
#3476 = B_SPLINE_CURVE_WITH_KNOTS ( 'NONE', 3,
 ( #3966, #1479, #2988, #4993, #656, #3120, #2167, #4656, #1643, #4161, #1611, #6145, #3187, #4622, #3154, #6180, #2135, #1676 ),
 .UNSPECIFIED., .F., .F.,
 ( 4, 2, 2, 2, 2, 2, 2, 2, 4 ),
 ( 2.637977740025101358E-18, 0.0005869618233976004211, 0.001173923646795198240, 0.001760885470192795951, 0.002347847293590393878, 0.002934809116987991805, 0.003521770940385589299, 0.004108732763783187227, 0.004695694587180786021 ),
 .UNSPECIFIED. ) ;
#3477 = CARTESIAN_POINT ( 'NONE',  ( 25.18750000000000711, -0.9736010864139177379, -2.350480947161660339 ) ) ;
#3478 = VECTOR ( 'NONE', #5101, 1000.000000000000000 ) ;
#3479 = CARTESIAN_POINT ( 'NONE',  ( 31.75000000000000000, 1.836970198721036344E-16, -3.000000000000010658 ) ) ;
#3480 = CARTESIAN_POINT ( 'NONE',  ( 35.03125000000000000, 3.054126587736534670, 1.265060653844737759 ) ) ;
#3481 = CARTESIAN_POINT ( 'NONE',  ( 33.12500000000000711, 1.439254484199183216E-16, -2.350480947161660339 ) ) ;
#3482 = CARTESIAN_POINT ( 'NONE',  ( 25.37500000000000711, 2.350480947161660339, 0.000000000000000000 ) ) ;
#3483 = CARTESIAN_POINT ( 'NONE',  ( 25.06250000000000000, -2.350480947161660339, -0.9736010864139181820 ) ) ;
#3484 = CARTESIAN_POINT ( 'NONE',  ( 32.25000000000001421, -2.121320343559650379, 2.121320343559649935 ) ) ;
#3485 = ORIENTED_EDGE ( 'NONE', *, *, #2750, .F. ) ;
#3486 =( BOUNDED_SURFACE ( )  B_SPLINE_SURFACE ( 1, 2, ( 
 ( #5650, #3046, #1111, #3114, #616, #5119, #2615, #4616, #1173, #155, #2066, #2161, #2585, #2556, #649, #3635, #122, #4057, #3569, #2648, #1142, #90, #3081, #2098, #5185, #3147, #1079, #6074, #5148, #4154, #6174, #1669, #3668, #5680, #3181, #4522, #29, #2035, #4028, #6042, #3701, #4684, #3340, #6240, #6338, #683, #816, #3735, #2198, #6274, #5292, #2295, #226, #4752, #1739, #3248, #3830, #5814, #1839, #2263, #2682, #3799, #192, #322, #1809, #1704, #5748, #4717, #4190, #5255, #3313, #718, #3283, #6207, #751, #1311, #5714, #1775, #4256, #785, #3767, #2785, #5782, #5845, #2816, #2231, #4817, #2753, #1210, #5323, #4290, #1277, #5220, #1244, #2327, #4784, #258, #291, #6306, #3217, #4324, #1340, #4224, #2718, #356, #2848, #4848, #2357, #848, #5353, #2766, #862, #273, #1851, #3354, #1756, #2732, #1383, #4272, #4366, #2831, #4766, #5234, #6319, #1790, #6288, #3778, #2340, #731, #800, #5270, #3841, #4730, #3870, #1824, #5828, #3262, #6257, #2278, #1258, #4237, #766, #306, #3749, #5796, #1292, #3294, #5305, #6380, #3325, #5763, #336, #4335, #2370, #2800, #3813, #1881, #4800, #2311, #4831, #5888, #4306, #241, #1323, #5337, #2247, #831, #6350, #5859, #1354, #5367, #2862, #4863, #367, #6501, #5522, #5588, #3500, #484, #4950, #1971, #2491, #3958, #1539, #515, #1471, #6071, #3924, #450, #1015, #5973, #3011, #2425, #5556, #1936, #4421, #5016, #4520, #2003, #6469, #4454, #1507, #4055, #1437, #4487, #6007, #3993, #547, #5047, #3466, #2524, #4983, #26, #1571, #1077, #5939, #2554, #3435, #5488, #3567, #5083, #4552, #2033, #2458, #5452, #4026, #3534, #982, #3079, #6040, #1047, #3044, #59, #2064, #6434, #948, #2944, #2978, #1666, #4188, #1109, #3666, #153, #3112, #88, #3215, #4584, #3246, #6136, #6238, #4682, #4613, #582, #5678, #3633, #1637, #5648, #6205, #2583, #2646, #614, #5712, #2095, #5746, #1171, #3178, #5117, #1604, #2127, #2613, #6104, #120, #2159, #3599, #4121, #1140, #3144, #646, #1737, #5183, #5619, #2196, #1702, #4222, #5146, #681, #3733, #4648, #4152, #190, #1242, #6172, #4088, #2680, #3699, #1208, #5217, #716, #2716, #4715, #224, #2229, #4254, #4782, #4382, #846, #1275, #2261, #814, #5290, #2814, #4815, #6272, #320, #2355, #6366, #783, #6394, #5780, #2846, #3311, #2877, #1399, #354, #4845, #1773, #1837, #5381, #3796, #2325, #5843, #3829, #4354, #4288, #1866, #3855, #4321, #3882, #3765, #1896, #5872, #6336, #1338, #5903, #3337, #5322, #3281, #288, #5351, #2292, #1368, #3368, #6304, #2388, #257, #2783, #877, #1807, #4880, #5253, #383, #4750, #749, #2751, #5812, #1309, #942, #5444, #2486, #5041, #2418, #3461, #478, #5479, #1531, #6030, #2453, #4975, #5968, #1008, #2547, #2056, #414, #3526, #4414, #2938, #4544, #6064, #5549, #1464, #5934, #4912, #5011, #2517, #3430, #4048, #975, #509, #4481, #1039, #3038, #540, #4514, #3004, #4942, #6494, #16, #3918, #1997, #444, #3986, #2970, #2028, #4449, #1431, #6464, #4019 ),
 ( #51, #3399, #6428, #1964, #3953, #5414, #6000, #909, #1499, #3494, #2906, #5514, #1931, #4575, #2638, #3136, #6164, #4640, #1658, #147, #215, #3690, #5612, #5704, #4114, #2576, #6196, #3170, #2152, #6097, #607, #1693, #4145, #6129, #2119, #1132, #4210, #2672, #2606, #5107, #3624, #5175, #5139, #1628, #1164, #1597, #639, #1100, #1200, #5641, #3658, #1071, #4178, #5580, #1564, #4608, #708, #5670, #3105, #3560, #673, #113, #4673, #181, #2187, #3072, #3207, #3592, #5210, #5074, #2220, #2707, #4706, #570, #82, #2088, #4082, #5244, #1767, #1303, #2742, #2255, #2776, #3757, #6298, #5375, #4315, #741, #1332, #5344, #3362, #282, #4808, #870, #6266, #4739, #3822, #2871, #5773, #1729, #1267, #314, #4872, #3239, #250, #1801, #5314, #3272, #4246, #6359, #807, #1858, #2808, #1234, #2319, #6330, #3332, #5280, #3787, #775, #2286, #376, #4839, #2379, #3302, #6231, #2839, #1831, #3849, #5837, #4775, #840, #346, #2349, #4281, #5805, #4345, #5866, #3724, #1362, #5738, #5959, #625, #1085, #1890, #4097, #5595, #5406, #2929, #1922, #4375, #436, #591, #4407, #469, #6388, #2445, #3087, #900, #5470, #1454, #2478, #964, #4474, #2962, #3121, #97, #3910, #2104, #4441, #2897, #2591, #6082, #4967, #2411, #3421, #4592, #6486, #6453, #4934, #3944, #3876, #5091, #5435, #1424, #1956, #1581, #3453, #1990, #3977, #6420, #3576, #5926, #6112, #1612, #3607, #5896, #5626, #1392, #3391, #932, #1117, #5125, #4904, #405, #3708, #5688, #3674, #1182, #6247, #4623, #4690, #2656, #1250, #131, #1284, #5720, #3223, #657, #3642, #4162, #5156, #1644, #4657, #4196, #5656, #164, #3188, #2168, #2688, #1781, #724, #1150, #4231, #1746, #6280, #5193, #1218, #3772, #6181, #3155, #233, #5788, #1677, #2136, #690, #5226, #3289, #6146, #198, #2205, #1713, #6214, #2724, #2759, #3741, #5755, #4723, #5298, #2241, #3255, #5261, #265, #758, #4758, #2270, #4262, #2622, #4130, #4388, #1316, #3862, #4329, #4360, #854, #6401, #329, #5329, #2822, #5910, #2363, #3806, #3320, #4423, #3436, #3404, #2793, #1937, #1903, #823, #4854, #420, #2854, #6312, #2334, #6435, #2883, #4823, #4298, #361, #6344, #6372, #1873, #1816, #5880, #3890, #1405, #1843, #3925, #3835, #4886, #5358, #4917, #793, #2394, #389, #5821, #1374, #915, #5851, #3375, #5389, #883, #5419, #1346, #2913, #2426, #5940, #1438, #3345, #4792, #297, #2303, #2034, #2096, #28, #3501, #1472, #4984, #5523, #485, #4553, #3535, #4488, #2584, #451, #3467, #4027, #2492, #6041, #5453, #2065, #4951, #949, #1540, #1048, #3012, #2979, #983, #4521, #583, #4455, #1016, #2525, #5017, #3568, #1572, #6502, #516, #1508, #3045, #4585, #4089, #2459, #5589, #6470, #2004, #89, #1605, #1078, #5557, #5489, #1972, #3994, #5048, #548, #60, #6008, #2555, #4056, #6072, #3080, #3960, #5974, #6105, #2945, #5084, #5620, #4751, #4716, #4122, #1172, #3247, #5679, #2614, #3145, #2752, #5713, #6137, #615, #3179, #3634, #5184, #682, #4614, #2681, #717 ) ),
 .UNSPECIFIED., .F., .F., .T. ) 
 B_SPLINE_SURFACE_WITH_KNOTS ( ( 2, 2 ),
 ( 3, 2, 2, 2, 2, 2, 2, 2, 2, 2, 2, 2, 2, 2, 2, 2, 2, 2, 2, 2, 2, 2, 2, 2, 2, 2, 2, 2, 2, 2, 2, 2, 2, 2, 2, 2, 2, 2, 2, 2, 2, 2, 2, 2, 2, 2, 2, 2, 2, 2, 2, 2, 2, 2, 2, 2, 2, 2, 2, 2, 2, 2, 2, 2, 2, 2, 2, 2, 2, 2, 2, 2, 2, 2, 2, 2, 2, 2, 2, 2, 2, 2, 2, 2, 2, 2, 2, 2, 2, 2, 2, 2, 2, 2, 2, 2, 2, 2, 2, 2, 2, 2, 2, 2, 2, 2, 2, 2, 2, 2, 2, 2, 2, 2, 2, 2, 2, 2, 2, 2, 2, 2, 2, 2, 2, 2, 2, 2, 2, 2, 2, 2, 2, 2, 2, 2, 2, 2, 2, 2, 2, 2, 2, 2, 2, 2, 2, 2, 2, 2, 2, 2, 2, 2, 2, 2, 2, 2, 2, 2, 2, 2, 2, 2, 2, 2, 2, 2, 2, 2, 2, 2, 2, 2, 2, 2, 2, 2, 2, 2, 2, 2, 2, 2, 2, 2, 2, 2, 2, 2, 2, 2, 2, 2, 2, 2, 2, 2, 2, 2, 2, 2, 2, 2, 2, 2, 2, 2, 3 ),
 ( 0.000000000000000000, 1.000000000000000000 ),
 ( 0.000000000000000000, 0.004807692307692307959, 0.009615384615384615918, 0.01442307692307692388, 0.01923076923076923184, 0.02403846153846153980, 0.02884615384615384776, 0.03365384615384615224, 0.03846153846153846367, 0.04326923076923076816, 0.04807692307692307959, 0.05288461538461538408, 0.05769230769230769551, 0.06250000000000000000, 0.06730769230769230449, 0.07211538461538460898, 0.07692307692307692735, 0.08173076923076923184, 0.08653846153846153633, 0.09134615384615384082, 0.09615384615384615918, 0.1009615384615384637, 0.1057692307692307682, 0.1105769230769230727, 0.1153846153846153910, 0.1201923076923076955, 0.1250000000000000000, 0.1298076923076923184, 0.1346153846153846090, 0.1394230769230769273, 0.1442307692307692180, 0.1490384615384615363, 0.1538461538461538547, 0.1586538461538461453, 0.1634615384615384637, 0.1682692307692307820, 0.1730769230769230727, 0.1778846153846153910, 0.1826923076923076816, 0.1875000000000000000, 0.1923076923076923184, 0.1971153846153846090, 0.2019230769230769273, 0.2067307692307692180, 0.2115384615384615363, 0.2163461538461538547, 0.2211538461538461453, 0.2259615384615384637, 0.2307692307692307820, 0.2355769230769230727, 0.2403846153846153910, 0.2451923076923076816, 0.2500000000000000000, 0.2548076923076922906, 0.2596153846153846367, 0.2644230769230769273, 0.2692307692307692180, 0.2740384615384615641, 0.2788461538461538547, 0.2836538461538461453, 0.2884615384615384359, 0.2932692307692307820, 0.2980769230769230727, 0.3028846153846153633, 0.3076923076923077094, 0.3125000000000000000, 0.3173076923076922906, 0.3221153846153846367, 0.3269230769230769273, 0.3317307692307692180, 0.3365384615384615641, 0.3413461538461538547, 0.3461538461538461453, 0.3509615384615384359, 0.3557692307692307820, 0.3605769230769230727, 0.3653846153846153633, 0.3701923076923077094, 0.3750000000000000000, 0.3798076923076922906, 0.3846153846153846367, 0.3894230769230769273, 0.3942307692307692180, 0.3990384615384615641, 0.4038461538461538547, 0.4086538461538461453, 0.4134615384615384359, 0.4182692307692307820, 0.4230769230769230727, 0.4278846153846153633, 0.4326923076923077094, 0.4375000000000000000, 0.4423076923076922906, 0.4471153846153846367, 0.4519230769230769273, 0.4567307692307692180, 0.4615384615384615641, 0.4663461538461538547, 0.4711538461538461453, 0.4759615384615384359, 0.4807692307692307820, 0.4855769230769230727, 0.4903846153846153633, 0.4951923076923077094, 0.5000000000000000000, 0.5048076923076922906, 0.5096153846153845812, 0.5144230769230768718, 0.5192307692307692735, 0.5240384615384615641, 0.5288461538461538547, 0.5336538461538461453, 0.5384615384615384359, 0.5432692307692307265, 0.5480769230769231282, 0.5528846153846154188, 0.5576923076923077094, 0.5625000000000000000, 0.5673076923076922906, 0.5721153846153845812, 0.5769230769230768718, 0.5817307692307692735, 0.5865384615384615641, 0.5913461538461538547, 0.5961538461538461453, 0.6009615384615384359, 0.6057692307692307265, 0.6105769230769231282, 0.6153846153846154188, 0.6201923076923077094, 0.6250000000000000000, 0.6298076923076922906, 0.6346153846153845812, 0.6394230769230768718, 0.6442307692307692735, 0.6490384615384615641, 0.6538461538461538547, 0.6586538461538461453, 0.6634615384615384359, 0.6682692307692307265, 0.6730769230769231282, 0.6778846153846154188, 0.6826923076923077094, 0.6875000000000000000, 0.6923076923076922906, 0.6971153846153845812, 0.7019230769230768718, 0.7067307692307692735, 0.7115384615384615641, 0.7163461538461538547, 0.7211538461538461453, 0.7259615384615384359, 0.7307692307692307265, 0.7355769230769231282, 0.7403846153846154188, 0.7451923076923077094, 0.7500000000000000000, 0.7548076923076922906, 0.7596153846153845812, 0.7644230769230768718, 0.7692307692307692735, 0.7740384615384615641, 0.7788461538461538547, 0.7836538461538461453, 0.7884615384615384359, 0.7932692307692307265, 0.7980769230769231282, 0.8028846153846154188, 0.8076923076923077094, 0.8125000000000000000, 0.8173076923076922906, 0.8221153846153845812, 0.8269230769230768718, 0.8317307692307692735, 0.8365384615384615641, 0.8413461538461538547, 0.8461538461538461453, 0.8509615384615384359, 0.8557692307692307265, 0.8605769230769231282, 0.8653846153846154188, 0.8701923076923077094, 0.8750000000000000000, 0.8798076923076922906, 0.8846153846153845812, 0.8894230769230768718, 0.8942307692307692735, 0.8990384615384615641, 0.9038461538461538547, 0.9086538461538461453, 0.9134615384615384359, 0.9182692307692307265, 0.9230769230769231282, 0.9278846153846154188, 0.9326923076923077094, 0.9375000000000000000, 0.9423076923076922906, 0.9471153846153845812, 0.9519230769230768718, 0.9567307692307692735, 0.9615384615384615641, 0.9663461538461538547, 0.9711538461538461453, 0.9759615384615384359, 0.9807692307692307265, 0.9855769230769231282, 0.9903846153846154188, 0.9951923076923077094, 1.000000000000000000 ),
 .UNSPECIFIED. ) 
 GEOMETRIC_REPRESENTATION_ITEM ( )  RATIONAL_B_SPLINE_SURFACE ( (
 ( 1.000000000000000000, 0.9238795325112867385, 1.000000000000000000, 0.9238795325112867385, 1.000000000000000000, 0.9238795325112867385, 1.000000000000000000, 0.9238795325112867385, 1.000000000000000000, 0.9238795325112867385, 1.000000000000000000, 0.9238795325112867385, 1.000000000000000000, 0.9238795325112867385, 1.000000000000000000, 0.9238795325112867385, 1.000000000000000000, 0.9238795325112867385, 1.000000000000000000, 0.9238795325112867385, 1.000000000000000000, 0.9238795325112867385, 1.000000000000000000, 0.9238795325112867385, 1.000000000000000000, 0.9238795325112867385, 1.000000000000000000, 0.9238795325112867385, 1.000000000000000000, 0.9238795325112867385, 1.000000000000000000, 0.9238795325112867385, 1.000000000000000000, 0.9238795325112867385, 1.000000000000000000, 0.9238795325112867385, 1.000000000000000000, 0.9238795325112867385, 1.000000000000000000, 0.9238795325112867385, 1.000000000000000000, 0.9238795325112867385, 1.000000000000000000, 0.9238795325112867385, 1.000000000000000000, 0.9238795325112867385, 1.000000000000000000, 0.9238795325112867385, 1.000000000000000000, 0.9238795325112867385, 1.000000000000000000, 0.9238795325112867385, 1.000000000000000000, 0.9238795325112867385, 1.000000000000000000, 0.9238795325112867385, 1.000000000000000000, 0.9238795325112867385, 1.000000000000000000, 0.9238795325112867385, 1.000000000000000000, 0.9238795325112867385, 1.000000000000000000, 0.9238795325112867385, 1.000000000000000000, 0.9238795325112867385, 1.000000000000000000, 0.9238795325112867385, 1.000000000000000000, 0.9238795325112867385, 1.000000000000000000, 0.9238795325112867385, 1.000000000000000000, 0.9238795325112867385, 1.000000000000000000, 0.9238795325112867385, 1.000000000000000000, 0.9238795325112867385, 1.000000000000000000, 0.9238795325112867385, 1.000000000000000000, 0.9238795325112867385, 1.000000000000000000, 0.9238795325112867385, 1.000000000000000000, 0.9238795325112867385, 1.000000000000000000, 0.9238795325112867385, 1.000000000000000000, 0.9238795325112867385, 1.000000000000000000, 0.9238795325112867385, 1.000000000000000000, 0.9238795325112867385, 1.000000000000000000, 0.9238795325112867385, 1.000000000000000000, 0.9238795325112867385, 1.000000000000000000, 0.9238795325112867385, 1.000000000000000000, 0.9238795325112867385, 1.000000000000000000, 0.9238795325112867385, 1.000000000000000000, 0.9238795325112867385, 1.000000000000000000, 0.9238795325112867385, 1.000000000000000000, 0.9238795325112867385, 1.000000000000000000, 0.9238795325112867385, 1.000000000000000000, 0.9238795325112867385, 1.000000000000000000, 0.9238795325112867385, 1.000000000000000000, 0.9238795325112867385, 1.000000000000000000, 0.9238795325112867385, 1.000000000000000000, 0.9238795325112867385, 1.000000000000000000, 0.9238795325112867385, 1.000000000000000000, 0.9238795325112867385, 1.000000000000000000, 0.9238795325112867385, 1.000000000000000000, 0.9238795325112867385, 1.000000000000000000, 0.9238795325112867385, 1.000000000000000000, 0.9238795325112867385, 1.000000000000000000, 0.9238795325112867385, 1.000000000000000000, 0.9238795325112867385, 1.000000000000000000, 0.9238795325112867385, 1.000000000000000000, 0.9238795325112867385, 1.000000000000000000, 0.9238795325112867385, 1.000000000000000000, 0.9238795325112867385, 1.000000000000000000, 0.9238795325112867385, 1.000000000000000000, 0.9238795325112867385, 1.000000000000000000, 0.9238795325112867385, 1.000000000000000000, 0.9238795325112867385, 1.000000000000000000, 0.9238795325112867385, 1.000000000000000000, 0.9238795325112867385, 1.000000000000000000, 0.9238795325112867385, 1.000000000000000000, 0.9238795325112867385, 1.000000000000000000, 0.9238795325112867385, 1.000000000000000000, 0.9238795325112867385, 1.000000000000000000, 0.9238795325112867385, 1.000000000000000000, 0.9238795325112867385, 1.000000000000000000, 0.9238795325112867385, 1.000000000000000000, 0.9238795325112867385, 1.000000000000000000, 0.9238795325112867385, 1.000000000000000000, 0.9238795325112867385, 1.000000000000000000, 0.9238795325112867385, 1.000000000000000000, 0.9238795325112867385, 1.000000000000000000, 0.9238795325112867385, 1.000000000000000000, 0.9238795325112867385, 1.000000000000000000, 0.9238795325112867385, 1.000000000000000000, 0.9238795325112867385, 1.000000000000000000, 0.9238795325112867385, 1.000000000000000000, 0.9238795325112867385, 1.000000000000000000, 0.9238795325112867385, 1.000000000000000000, 0.9238795325112867385, 1.000000000000000000, 0.9238795325112867385, 1.000000000000000000, 0.9238795325112867385, 1.000000000000000000, 0.9238795325112867385, 1.000000000000000000, 0.9238795325112867385, 1.000000000000000000, 0.9238795325112867385, 1.000000000000000000, 0.9238795325112867385, 1.000000000000000000, 0.9238795325112867385, 1.000000000000000000, 0.9238795325112867385, 1.000000000000000000, 0.9238795325112867385, 1.000000000000000000, 0.9238795325112867385, 1.000000000000000000, 0.9238795325112867385, 1.000000000000000000, 0.9238795325112867385, 1.000000000000000000, 0.9238795325112867385, 1.000000000000000000, 0.9238795325112867385, 1.000000000000000000, 0.9238795325112867385, 1.000000000000000000, 0.9238795325112867385, 1.000000000000000000, 0.9238795325112867385, 1.000000000000000000, 0.9238795325112867385, 1.000000000000000000, 0.9238795325112867385, 1.000000000000000000, 0.9238795325112867385, 1.000000000000000000, 0.9238795325112867385, 1.000000000000000000, 0.9238795325112867385, 1.000000000000000000, 0.9238795325112867385, 1.000000000000000000, 0.9238795325112867385, 1.000000000000000000, 0.9238795325112867385, 1.000000000000000000, 0.9238795325112867385, 1.000000000000000000, 0.9238795325112867385, 1.000000000000000000, 0.9238795325112867385, 1.000000000000000000, 0.9238795325112867385, 1.000000000000000000, 0.9238795325112867385, 1.000000000000000000, 0.9238795325112867385, 1.000000000000000000, 0.9238795325112867385, 1.000000000000000000, 0.9238795325112867385, 1.000000000000000000, 0.9238795325112867385, 1.000000000000000000, 0.9238795325112867385, 1.000000000000000000, 0.9238795325112867385, 1.000000000000000000, 0.9238795325112867385, 1.000000000000000000, 0.9238795325112867385, 1.000000000000000000, 0.9238795325112867385, 1.000000000000000000, 0.9238795325112867385, 1.000000000000000000, 0.9238795325112867385, 1.000000000000000000, 0.9238795325112867385, 1.000000000000000000, 0.9238795325112867385, 1.000000000000000000, 0.9238795325112867385, 1.000000000000000000, 0.9238795325112867385, 1.000000000000000000, 0.9238795325112867385, 1.000000000000000000, 0.9238795325112867385, 1.000000000000000000, 0.9238795325112867385, 1.000000000000000000, 0.9238795325112867385, 1.000000000000000000, 0.9238795325112867385, 1.000000000000000000, 0.9238795325112867385, 1.000000000000000000, 0.9238795325112867385, 1.000000000000000000, 0.9238795325112867385, 1.000000000000000000, 0.9238795325112867385, 1.000000000000000000, 0.9238795325112867385, 1.000000000000000000, 0.9238795325112867385, 1.000000000000000000, 0.9238795325112867385, 1.000000000000000000, 0.9238795325112867385, 1.000000000000000000, 0.9238795325112867385, 1.000000000000000000, 0.9238795325112867385, 1.000000000000000000, 0.9238795325112867385, 1.000000000000000000, 0.9238795325112867385, 1.000000000000000000, 0.9238795325112867385, 1.000000000000000000, 0.9238795325112867385, 1.000000000000000000, 0.9238795325112867385, 1.000000000000000000, 0.9238795325112867385, 1.000000000000000000, 0.9238795325112867385, 1.000000000000000000, 0.9238795325112867385, 1.000000000000000000, 0.9238795325112867385, 1.000000000000000000, 0.9238795325112867385, 1.000000000000000000, 0.9238795325112867385, 1.000000000000000000, 0.9238795325112867385, 1.000000000000000000, 0.9238795325112867385, 1.000000000000000000, 0.9238795325112867385, 1.000000000000000000, 0.9238795325112867385, 1.000000000000000000, 0.9238795325112867385, 1.000000000000000000, 0.9238795325112867385, 1.000000000000000000, 0.9238795325112867385, 1.000000000000000000, 0.9238795325112867385, 1.000000000000000000, 0.9238795325112867385, 1.000000000000000000, 0.9238795325112867385, 1.000000000000000000, 0.9238795325112867385, 1.000000000000000000, 0.9238795325112867385, 1.000000000000000000, 0.9238795325112867385, 1.000000000000000000, 0.9238795325112867385, 1.000000000000000000, 0.9238795325112867385, 1.000000000000000000, 0.9238795325112867385, 1.000000000000000000, 0.9238795325112867385, 1.000000000000000000, 0.9238795325112867385, 1.000000000000000000, 0.9238795325112867385, 1.000000000000000000, 0.9238795325112867385, 1.000000000000000000, 0.9238795325112867385, 1.000000000000000000, 0.9238795325112867385, 1.000000000000000000, 0.9238795325112867385, 1.000000000000000000, 0.9238795325112867385, 1.000000000000000000, 0.9238795325112867385, 1.000000000000000000, 0.9238795325112867385, 1.000000000000000000, 0.9238795325112867385, 1.000000000000000000, 0.9238795325112867385, 1.000000000000000000, 0.9238795325112867385, 1.000000000000000000, 0.9238795325112867385, 1.000000000000000000, 0.9238795325112867385, 1.000000000000000000, 0.9238795325112867385, 1.000000000000000000, 0.9238795325112867385, 1.000000000000000000, 0.9238795325112867385, 1.000000000000000000, 0.9238795325112867385, 1.000000000000000000, 0.9238795325112867385, 1.000000000000000000, 0.9238795325112867385, 1.000000000000000000, 0.9238795325112867385, 1.000000000000000000),
 ( 1.000000000000000000, 0.9238795325112867385, 1.000000000000000000, 0.9238795325112867385, 1.000000000000000000, 0.9238795325112867385, 1.000000000000000000, 0.9238795325112867385, 1.000000000000000000, 0.9238795325112867385, 1.000000000000000000, 0.9238795325112867385, 1.000000000000000000, 0.9238795325112867385, 1.000000000000000000, 0.9238795325112867385, 1.000000000000000000, 0.9238795325112867385, 1.000000000000000000, 0.9238795325112867385, 1.000000000000000000, 0.9238795325112867385, 1.000000000000000000, 0.9238795325112867385, 1.000000000000000000, 0.9238795325112867385, 1.000000000000000000, 0.9238795325112867385, 1.000000000000000000, 0.9238795325112867385, 1.000000000000000000, 0.9238795325112867385, 1.000000000000000000, 0.9238795325112867385, 1.000000000000000000, 0.9238795325112867385, 1.000000000000000000, 0.9238795325112867385, 1.000000000000000000, 0.9238795325112867385, 1.000000000000000000, 0.9238795325112867385, 1.000000000000000000, 0.9238795325112867385, 1.000000000000000000, 0.9238795325112867385, 1.000000000000000000, 0.9238795325112867385, 1.000000000000000000, 0.9238795325112867385, 1.000000000000000000, 0.9238795325112867385, 1.000000000000000000, 0.9238795325112867385, 1.000000000000000000, 0.9238795325112867385, 1.000000000000000000, 0.9238795325112867385, 1.000000000000000000, 0.9238795325112867385, 1.000000000000000000, 0.9238795325112867385, 1.000000000000000000, 0.9238795325112867385, 1.000000000000000000, 0.9238795325112867385, 1.000000000000000000, 0.9238795325112867385, 1.000000000000000000, 0.9238795325112867385, 1.000000000000000000, 0.9238795325112867385, 1.000000000000000000, 0.9238795325112867385, 1.000000000000000000, 0.9238795325112867385, 1.000000000000000000, 0.9238795325112867385, 1.000000000000000000, 0.9238795325112867385, 1.000000000000000000, 0.9238795325112867385, 1.000000000000000000, 0.9238795325112867385, 1.000000000000000000, 0.9238795325112867385, 1.000000000000000000, 0.9238795325112867385, 1.000000000000000000, 0.9238795325112867385, 1.000000000000000000, 0.9238795325112867385, 1.000000000000000000, 0.9238795325112867385, 1.000000000000000000, 0.9238795325112867385, 1.000000000000000000, 0.9238795325112867385, 1.000000000000000000, 0.9238795325112867385, 1.000000000000000000, 0.9238795325112867385, 1.000000000000000000, 0.9238795325112867385, 1.000000000000000000, 0.9238795325112867385, 1.000000000000000000, 0.9238795325112867385, 1.000000000000000000, 0.9238795325112867385, 1.000000000000000000, 0.9238795325112867385, 1.000000000000000000, 0.9238795325112867385, 1.000000000000000000, 0.9238795325112867385, 1.000000000000000000, 0.9238795325112867385, 1.000000000000000000, 0.9238795325112867385, 1.000000000000000000, 0.9238795325112867385, 1.000000000000000000, 0.9238795325112867385, 1.000000000000000000, 0.9238795325112867385, 1.000000000000000000, 0.9238795325112867385, 1.000000000000000000, 0.9238795325112867385, 1.000000000000000000, 0.9238795325112867385, 1.000000000000000000, 0.9238795325112867385, 1.000000000000000000, 0.9238795325112867385, 1.000000000000000000, 0.9238795325112867385, 1.000000000000000000, 0.9238795325112867385, 1.000000000000000000, 0.9238795325112867385, 1.000000000000000000, 0.9238795325112867385, 1.000000000000000000, 0.9238795325112867385, 1.000000000000000000, 0.9238795325112867385, 1.000000000000000000, 0.9238795325112867385, 1.000000000000000000, 0.9238795325112867385, 1.000000000000000000, 0.9238795325112867385, 1.000000000000000000, 0.9238795325112867385, 1.000000000000000000, 0.9238795325112867385, 1.000000000000000000, 0.9238795325112867385, 1.000000000000000000, 0.9238795325112867385, 1.000000000000000000, 0.9238795325112867385, 1.000000000000000000, 0.9238795325112867385, 1.000000000000000000, 0.9238795325112867385, 1.000000000000000000, 0.9238795325112867385, 1.000000000000000000, 0.9238795325112867385, 1.000000000000000000, 0.9238795325112867385, 1.000000000000000000, 0.9238795325112867385, 1.000000000000000000, 0.9238795325112867385, 1.000000000000000000, 0.9238795325112867385, 1.000000000000000000, 0.9238795325112867385, 1.000000000000000000, 0.9238795325112867385, 1.000000000000000000, 0.9238795325112867385, 1.000000000000000000, 0.9238795325112867385, 1.000000000000000000, 0.9238795325112867385, 1.000000000000000000, 0.9238795325112867385, 1.000000000000000000, 0.9238795325112867385, 1.000000000000000000, 0.9238795325112867385, 1.000000000000000000, 0.9238795325112867385, 1.000000000000000000, 0.9238795325112867385, 1.000000000000000000, 0.9238795325112867385, 1.000000000000000000, 0.9238795325112867385, 1.000000000000000000, 0.9238795325112867385, 1.000000000000000000, 0.9238795325112867385, 1.000000000000000000, 0.9238795325112867385, 1.000000000000000000, 0.9238795325112867385, 1.000000000000000000, 0.9238795325112867385, 1.000000000000000000, 0.9238795325112867385, 1.000000000000000000, 0.9238795325112867385, 1.000000000000000000, 0.9238795325112867385, 1.000000000000000000, 0.9238795325112867385, 1.000000000000000000, 0.9238795325112867385, 1.000000000000000000, 0.9238795325112867385, 1.000000000000000000, 0.9238795325112867385, 1.000000000000000000, 0.9238795325112867385, 1.000000000000000000, 0.9238795325112867385, 1.000000000000000000, 0.9238795325112867385, 1.000000000000000000, 0.9238795325112867385, 1.000000000000000000, 0.9238795325112867385, 1.000000000000000000, 0.9238795325112867385, 1.000000000000000000, 0.9238795325112867385, 1.000000000000000000, 0.9238795325112867385, 1.000000000000000000, 0.9238795325112867385, 1.000000000000000000, 0.9238795325112867385, 1.000000000000000000, 0.9238795325112867385, 1.000000000000000000, 0.9238795325112867385, 1.000000000000000000, 0.9238795325112867385, 1.000000000000000000, 0.9238795325112867385, 1.000000000000000000, 0.9238795325112867385, 1.000000000000000000, 0.9238795325112867385, 1.000000000000000000, 0.9238795325112867385, 1.000000000000000000, 0.9238795325112867385, 1.000000000000000000, 0.9238795325112867385, 1.000000000000000000, 0.9238795325112867385, 1.000000000000000000, 0.9238795325112867385, 1.000000000000000000, 0.9238795325112867385, 1.000000000000000000, 0.9238795325112867385, 1.000000000000000000, 0.9238795325112867385, 1.000000000000000000, 0.9238795325112867385, 1.000000000000000000, 0.9238795325112867385, 1.000000000000000000, 0.9238795325112867385, 1.000000000000000000, 0.9238795325112867385, 1.000000000000000000, 0.9238795325112867385, 1.000000000000000000, 0.9238795325112867385, 1.000000000000000000, 0.9238795325112867385, 1.000000000000000000, 0.9238795325112867385, 1.000000000000000000, 0.9238795325112867385, 1.000000000000000000, 0.9238795325112867385, 1.000000000000000000, 0.9238795325112867385, 1.000000000000000000, 0.9238795325112867385, 1.000000000000000000, 0.9238795325112867385, 1.000000000000000000, 0.9238795325112867385, 1.000000000000000000, 0.9238795325112867385, 1.000000000000000000, 0.9238795325112867385, 1.000000000000000000, 0.9238795325112867385, 1.000000000000000000, 0.9238795325112867385, 1.000000000000000000, 0.9238795325112867385, 1.000000000000000000, 0.9238795325112867385, 1.000000000000000000, 0.9238795325112867385, 1.000000000000000000, 0.9238795325112867385, 1.000000000000000000, 0.9238795325112867385, 1.000000000000000000, 0.9238795325112867385, 1.000000000000000000, 0.9238795325112867385, 1.000000000000000000, 0.9238795325112867385, 1.000000000000000000, 0.9238795325112867385, 1.000000000000000000, 0.9238795325112867385, 1.000000000000000000, 0.9238795325112867385, 1.000000000000000000, 0.9238795325112867385, 1.000000000000000000, 0.9238795325112867385, 1.000000000000000000, 0.9238795325112867385, 1.000000000000000000, 0.9238795325112867385, 1.000000000000000000, 0.9238795325112867385, 1.000000000000000000, 0.9238795325112867385, 1.000000000000000000, 0.9238795325112867385, 1.000000000000000000, 0.9238795325112867385, 1.000000000000000000, 0.9238795325112867385, 1.000000000000000000, 0.9238795325112867385, 1.000000000000000000, 0.9238795325112867385, 1.000000000000000000, 0.9238795325112867385, 1.000000000000000000, 0.9238795325112867385, 1.000000000000000000, 0.9238795325112867385, 1.000000000000000000, 0.9238795325112867385, 1.000000000000000000, 0.9238795325112867385, 1.000000000000000000, 0.9238795325112867385, 1.000000000000000000, 0.9238795325112867385, 1.000000000000000000, 0.9238795325112867385, 1.000000000000000000, 0.9238795325112867385, 1.000000000000000000, 0.9238795325112867385, 1.000000000000000000, 0.9238795325112867385, 1.000000000000000000, 0.9238795325112867385, 1.000000000000000000, 0.9238795325112867385, 1.000000000000000000, 0.9238795325112867385, 1.000000000000000000, 0.9238795325112867385, 1.000000000000000000, 0.9238795325112867385, 1.000000000000000000, 0.9238795325112867385, 1.000000000000000000, 0.9238795325112867385, 1.000000000000000000, 0.9238795325112867385, 1.000000000000000000, 0.9238795325112867385, 1.000000000000000000, 0.9238795325112867385, 1.000000000000000000, 0.9238795325112867385, 1.000000000000000000, 0.9238795325112867385, 1.000000000000000000, 0.9238795325112867385, 1.000000000000000000, 0.9238795325112867385, 1.000000000000000000, 0.9238795325112867385, 1.000000000000000000, 0.9238795325112867385, 1.000000000000000000, 0.9238795325112867385, 1.000000000000000000, 0.9238795325112867385, 1.000000000000000000, 0.9238795325112867385, 1.000000000000000000) ) ) 
 REPRESENTATION_ITEM ( '' )  SURFACE ( )  );
#3487 = VERTEX_POINT ( 'NONE', #1478 ) ;
#3488 = CARTESIAN_POINT ( 'NONE',  ( 39.62500000000000711, 1.836970198721036344E-16, -3.000000000000010658 ) ) ;
#3489 = CARTESIAN_POINT ( 'NONE',  ( 23.75000000000000000, 1.836970198721036344E-16, -3.000000000000010658 ) ) ;
#3490 = CARTESIAN_POINT ( 'NONE',  ( 42.25000000000002132, 0.000000000000000000, 0.000000000000000000 ) ) ;
#3491 = CARTESIAN_POINT ( 'NONE',  ( 37.37500000000001421, 2.350480947161660339, 0.000000000000000000 ) ) ;
#3492 = CARTESIAN_POINT ( 'NONE',  ( 36.43749999999999289, 2.350480947161660339, -0.9736010864139179599 ) ) ;
#3493 = FACE_OUTER_BOUND ( 'NONE', #1373, .T. ) ;
#3494 = CARTESIAN_POINT ( 'NONE',  ( 43.34375000000000711, -3.054126587736536447, 1.265060653844735095 ) ) ;
#3495 = CARTESIAN_POINT ( 'NONE',  ( -43.00000000000000000, 0.000000000000000000, 0.000000000000000000 ) ) ;
#3496 = CARTESIAN_POINT ( 'NONE',  ( 24.50000000000001066, 1.662041016787788594, 1.662041016787789482 ) ) ;
#3497 = CARTESIAN_POINT ( 'NONE',  ( 19.34375000000000000, -2.159593620790635882, 2.159593620790635438 ) ) ;
#3498 = CARTESIAN_POINT ( 'NONE',  ( 35.06250000000000000, -2.350480947161660339, -0.9736010864139181820 ) ) ;
#3499 = EDGE_CURVE ( 'NONE', #1670, #931, #1532, .T. ) ;
#3500 = CARTESIAN_POINT ( 'NONE',  ( 32.43749999999999289, 2.350480947161660339, -0.9736010864139179599 ) ) ;
#3501 = CARTESIAN_POINT ( 'NONE',  ( 22.90625000000000711, 3.054126587736535559, 0.000000000000000000 ) ) ;
#3502 = CARTESIAN_POINT ( 'NONE',  ( -43.00000000000000000, 0.000000000000000000, 0.000000000000000000 ) ) ;
#3503 = ORIENTED_EDGE ( 'NONE', *, *, #622, .F. ) ;
#3504 = CARTESIAN_POINT ( 'NONE',  ( 38.43750000000001421, 2.350480947161659895, 0.9736010864139195142 ) ) ;
#3505 = CARTESIAN_POINT ( 'NONE',  ( 27.68750000000000000, -1.242640687119234588, -3.000000000000065725 ) ) ;
#3506 = ADVANCED_FACE ( 'NONE', ( #3441 ), #1054, .T. ) ;
#3507 = CARTESIAN_POINT ( 'NONE',  ( 17.62500000000000711, -4.317763452597548908E-16, 2.350480947161660339 ) ) ;
#3508 = CARTESIAN_POINT ( 'NONE',  ( -43.00000000000000000, 0.000000000000000000, 0.000000000000000000 ) ) ;
#3509 = CARTESIAN_POINT ( 'NONE',  ( 42.75563723479173461, 1.163094570845297548, 2.213278227101570739 ) ) ;
#3510 =( BOUNDED_CURVE ( )  B_SPLINE_CURVE ( 2, ( #296, #4448, #1929 ),
 .UNSPECIFIED., .F., .F. ) 
 B_SPLINE_CURVE_WITH_KNOTS ( ( 3, 3 ),
 ( 0.06249999999999979183, 0.06730769230769211020 ),
 .UNSPECIFIED. ) 
 CURVE ( )  GEOMETRIC_REPRESENTATION_ITEM ( )  RATIONAL_B_SPLINE_CURVE ( ( 1.000000000000003331, 0.9238795325112865164, 0.9999999999999968914 ) ) 
 REPRESENTATION_ITEM ( '' )  );
#3511 = AXIS2_PLACEMENT_3D ( 'NONE', #2559, #5053, #1052 ) ;
#3512 = CARTESIAN_POINT ( 'NONE',  ( 24.93750000000000355, -2.350480947161660783, 0.9736010864139172938 ) ) ;
#3513 = CARTESIAN_POINT ( 'NONE',  ( 35.25000000000000000, -5.510910596163108291E-16, 3.000000000000010658 ) ) ;
#3514 = CARTESIAN_POINT ( 'NONE',  ( 33.53125000000000000, -3.054126587736535114, -1.265060653844735761 ) ) ;
#3515 = CARTESIAN_POINT ( 'NONE',  ( 29.31250000000001421, 2.350480947161660339, -0.9736010864139179599 ) ) ;
#3516 = CARTESIAN_POINT ( 'NONE',  ( 24.50000000000001066, 1.662041016787788594, 1.662041016787789482 ) ) ;
#3517 = CARTESIAN_POINT ( 'NONE',  ( 21.37499999999999645, 1.662041016787789260, -1.662041016787788816 ) ) ;
#3518 = CARTESIAN_POINT ( 'NONE',  ( 26.62499999999999645, -2.121320343559649935, -2.121320343559649935 ) ) ;
#3519 = ORIENTED_EDGE ( 'NONE', *, *, #5640, .F. ) ;
#3520 = CARTESIAN_POINT ( 'NONE',  ( 25.50000000000000000, -3.000000000000010658, -3.673940397442072687E-16 ) ) ;
#3521 = CARTESIAN_POINT ( 'NONE',  ( 19.08522108773334836, -0.1824112634180284631, 2.914778912267445676 ) ) ;
#3522 = CARTESIAN_POINT ( 'NONE',  ( 42.25000000000000711, 1.662041016787789260, -1.662041016787788816 ) ) ;
#3523 = CARTESIAN_POINT ( 'NONE',  ( 36.25000000000001421, 1.662041016787789260, -1.662041016787788816 ) ) ;
#3524 = CARTESIAN_POINT ( 'NONE',  ( 36.81249999999999289, -0.9736010864139191812, 2.350480947161659895 ) ) ;
#3525 = DIRECTION ( 'NONE',  ( -1.000000000000000000, 0.000000000000000000, -0.000000000000000000 ) ) ;
#3526 = CARTESIAN_POINT ( 'NONE',  ( 19.56249999999999645, 2.350480947161659895, 0.9736010864139195142 ) ) ;
#3527 = CARTESIAN_POINT ( 'NONE',  ( 36.87500000000000711, 3.000000000000010658, 0.000000000000000000 ) ) ;
#3528 = CARTESIAN_POINT ( 'NONE',  ( 23.50000000000001066, -2.121320343559649935, -2.121320343559649935 ) ) ;
#3529 = VECTOR ( 'NONE', #5515, 1000.000000000000000 ) ;
#3530 = CARTESIAN_POINT ( 'NONE',  ( 23.62500000000001066, -4.317763452597548908E-16, 2.350480947161660339 ) ) ;
#3531 = CARTESIAN_POINT ( 'NONE',  ( 21.78125000000000000, 1.265060653844735539, -3.054126587736535114 ) ) ;
#3532 = CARTESIAN_POINT ( 'NONE',  ( 36.62500000000000000, 1.662041016787788594, 1.662041016787789482 ) ) ;
#3533 = ORIENTED_EDGE ( 'NONE', *, *, #5806, .F. ) ;
#3534 = CARTESIAN_POINT ( 'NONE',  ( 29.37500000000000000, 1.662041016787789260, -1.662041016787788816 ) ) ;
#3535 = CARTESIAN_POINT ( 'NONE',  ( 22.53125000000000711, -2.159593620790635438, -2.159593620790635438 ) ) ;
#3536 = EDGE_CURVE ( 'NONE', #2279, #1954, #4429, .T. ) ;
#3537 = LINE ( 'NONE', #1573, #2178 ) ;
#3538 = ORIENTED_EDGE ( 'NONE', *, *, #6204, .T. ) ;
#3539 = CARTESIAN_POINT ( 'NONE',  ( 38.18750000000001421, 0.9736010864139180709, -2.350480947161660339 ) ) ;
#3540 = CARTESIAN_POINT ( 'NONE',  ( 32.56249999999999289, -3.000000000000010658, -1.242640687119289877 ) ) ;
#3541 = CARTESIAN_POINT ( 'NONE',  ( 43.25000000000000000, 1.439254484199183216E-16, -2.350480947161660339 ) ) ;
#3542 = CARTESIAN_POINT ( 'NONE',  ( 30.43750000000001776, -3.000000000000010658, -1.242640687119289877 ) ) ;
#3543 = CARTESIAN_POINT ( 'NONE',  ( 42.53176755246202845, 1.148512870782951500, -2.469593252621767210 ) ) ;
#3544 = ADVANCED_FACE ( 'NONE', ( #1022 ), #554, .T. ) ;
#3545 = CARTESIAN_POINT ( 'NONE',  ( 22.62499999999999645, 1.662041016787788594, 1.662041016787789482 ) ) ;
#3546 = VECTOR ( 'NONE', #5064, 1000.000000000000000 ) ;
#3547 = DIRECTION ( 'NONE',  ( 0.000000000000000000, 0.000000000000000000, 1.000000000000000000 ) ) ;
#3548 = CARTESIAN_POINT ( 'NONE',  ( 27.68750000000000711, -0.9736010864139191812, 2.350480947161659895 ) ) ;
#3549 = CARTESIAN_POINT ( 'NONE',  ( 24.37500000000001066, 2.350480947161660339, 0.000000000000000000 ) ) ;
#3550 = CARTESIAN_POINT ( 'NONE',  ( 20.56249999999999645, 2.350480947161659895, 0.9736010864139195142 ) ) ;
#3551 = CARTESIAN_POINT ( 'NONE',  ( 23.87499999999999645, 2.121320343559649935, -2.121320343559649935 ) ) ;
#3552 =( BOUNDED_CURVE ( )  B_SPLINE_CURVE ( 2, ( #2287, #3209, #3759, #4249, #1768, #3276, #5283, #4777, #4282 ),
 .UNSPECIFIED., .F., .F. ) 
 B_SPLINE_CURVE_WITH_KNOTS ( ( 3, 2, 2, 2, 3 ),
 ( 0.6442307692307691624, 0.6490384615384614531, 0.6538461538461537437, 0.6586538461538460343, 0.6634615384615383249 ),
 .UNSPECIFIED. ) 
 CURVE ( )  GEOMETRIC_REPRESENTATION_ITEM ( )  RATIONAL_B_SPLINE_CURVE ( ( 1.000000000000001776, 0.9238795325112849621, 1.000000000000000000, 0.9238795325112867385, 1.000000000000000000, 0.9238795325112867385, 1.000000000000000000, 0.9238795325112885148, 0.9999999999999982236 ) ) 
 REPRESENTATION_ITEM ( '' )  );
#3553 = ORIENTED_EDGE ( 'NONE', *, *, #1665, .T. ) ;
#3554 = DIRECTION ( 'NONE',  ( -1.000000000000000000, -0.000000000000000000, -0.000000000000000000 ) ) ;
#3555 = CARTESIAN_POINT ( 'NONE',  ( 23.56250000000000000, -3.000000000000010658, -1.242640687119289877 ) ) ;
#3556 = CARTESIAN_POINT ( 'NONE',  ( 42.00000000000000711, -1.662041016787788816, -1.662041016787789260 ) ) ;
#3557 = CARTESIAN_POINT ( 'NONE',  ( 36.81250000000001421, -2.350480947161660339, 0.9736010864139172938 ) ) ;
#3558 = CARTESIAN_POINT ( 'NONE',  ( 31.12499999999999645, -1.662041016787788816, -1.662041016787789260 ) ) ;
#3559 = LINE ( 'NONE', #3070, #2208 ) ;
#3560 = CARTESIAN_POINT ( 'NONE',  ( 40.21875000000000711, -1.265060653844737315, 3.054126587736534670 ) ) ;
#3561 = CARTESIAN_POINT ( 'NONE',  ( 36.75000000000001421, 2.121320343559649935, -2.121320343559649935 ) ) ;
#3562 = CARTESIAN_POINT ( 'NONE',  ( 23.12500000000000711, -5.510910596163109277E-16, 3.000000000000010658 ) ) ;
#3563 = CARTESIAN_POINT ( 'NONE',  ( 21.50000000000000711, 1.662041016787788594, 1.662041016787789482 ) ) ;
#3564 = CARTESIAN_POINT ( 'NONE',  ( 20.15625000000000000, 1.265060653844736205, 3.054126587736534670 ) ) ;
#3565 = CARTESIAN_POINT ( 'NONE',  ( 34.74999999999999289, -4.317763452597548908E-16, 2.350480947161660339 ) ) ;
#3566 = ORIENTED_EDGE ( 'NONE', *, *, #4911, .T. ) ;
#3567 = CARTESIAN_POINT ( 'NONE',  ( 29.81249999999999645, -0.9736010864139191812, 2.350480947161659895 ) ) ;
#3568 = CARTESIAN_POINT ( 'NONE',  ( 21.09375000000000711, 1.265060653844736205, 3.054126587736534670 ) ) ;
#3569 = CARTESIAN_POINT ( 'NONE',  ( 42.37499999999999289, 1.662041016787789260, -1.662041016787788816 ) ) ;
#3570 = ORIENTED_EDGE ( 'NONE', *, *, #501, .T. ) ;
#3571 = CARTESIAN_POINT ( 'NONE',  ( 31.00000000000001066, -1.662041016787788816, -1.662041016787789260 ) ) ;
#3572 = CARTESIAN_POINT ( 'NONE',  ( -42.88833821107340327, 1.220052095120885305, 2.500000000000000000 ) ) ;
#3573 = CARTESIAN_POINT ( 'NONE',  ( 43.18749999999999289, -0.9736010864139177379, -2.350480947161660339 ) ) ;
#3574 = DIRECTION ( 'NONE',  ( -1.000000000000000000, -0.000000000000000000, -0.000000000000000000 ) ) ;
#3575 = CARTESIAN_POINT ( 'NONE',  ( 21.25000000000001066, -2.121320343559650379, 2.121320343559649935 ) ) ;
#3576 = CARTESIAN_POINT ( 'NONE',  ( 31.96875000000000355, 3.054126587736534670, 1.265060653844737759 ) ) ;
#3577 = CARTESIAN_POINT ( 'NONE',  ( 22.31249999999999645, 0.9736010864139180709, -2.350480947161660339 ) ) ;
#3578 = CARTESIAN_POINT ( 'NONE',  ( -43.00000000000000000, 0.000000000000000000, 0.000000000000000000 ) ) ;
#3579 = CARTESIAN_POINT ( 'NONE',  ( 30.00000000000001421, -1.662041016787788816, -1.662041016787789260 ) ) ;
#3580 = CARTESIAN_POINT ( 'NONE',  ( 24.43750000000001066, 2.350480947161659895, 0.9736010864139195142 ) ) ;
#3581 = CARTESIAN_POINT ( 'NONE',  ( 18.87499999999999645, -1.662041016787789482, 1.662041016787788816 ) ) ;
#3582 = EDGE_CURVE ( 'NONE', #3361, #5622, #3473, .T. ) ;
#3583 = DIRECTION ( 'NONE',  ( -1.000000000000000000, -0.000000000000000000, -0.000000000000000000 ) ) ;
#3584 = AXIS2_PLACEMENT_3D ( 'NONE', #4077, #5606, #1095 ) ;
#3585 = VERTEX_POINT ( 'NONE', #4559 ) ;
#3586 = CARTESIAN_POINT ( 'NONE',  ( 25.62499999999999645, -2.121320343559649935, -2.121320343559649935 ) ) ;
#3587 = CARTESIAN_POINT ( 'NONE',  ( 19.27970763926236941, -2.494366780106626713, -1.100341221335412900 ) ) ;
#3588 = CARTESIAN_POINT ( 'NONE',  ( 43.25000000000001421, 1.662041016787789260, -1.662041016787788816 ) ) ;
#3589 = CARTESIAN_POINT ( 'NONE',  ( 36.00000000000001421, -1.662041016787788816, -1.662041016787789260 ) ) ;
#3590 = CARTESIAN_POINT ( 'NONE',  ( 32.18749999999999289, -0.9736010864139177379, -2.350480947161660339 ) ) ;
#3591 = DIRECTION ( 'NONE',  ( -0.000000000000000000, 0.000000000000000000, 1.000000000000000000 ) ) ;
#3592 = CARTESIAN_POINT ( 'NONE',  ( 39.71875000000000711, 1.265060653844735539, -3.054126587736535114 ) ) ;
#3593 = CARTESIAN_POINT ( 'NONE',  ( -43.00000000000000000, 0.000000000000000000, 0.000000000000000000 ) ) ;
#3594 = CARTESIAN_POINT ( 'NONE',  ( -43.00000000000000000, 0.000000000000000000, 0.000000000000000000 ) ) ;
#3595 = CARTESIAN_POINT ( 'NONE',  ( 21.12500000000001066, 1.439254484199183216E-16, -2.350480947161660339 ) ) ;
#3596 = CARTESIAN_POINT ( 'NONE',  ( 21.21874999999999645, -5.610339524793564424E-16, 3.054126587736535559 ) ) ;
#3597 = CARTESIAN_POINT ( 'NONE',  ( 35.75000000000000000, -4.317763452597548908E-16, 2.350480947161660339 ) ) ;
#3598 = ORIENTED_EDGE ( 'NONE', *, *, #2027, .F. ) ;
#3599 = CARTESIAN_POINT ( 'NONE',  ( 26.43750000000000355, 2.350480947161660339, -0.9736010864139179599 ) ) ;
#3600 = CARTESIAN_POINT ( 'NONE',  ( -43.00000000000000000, 3.673940397442072687E-16, -3.000000000000010658 ) ) ;
#3601 = DIRECTION ( 'NONE',  ( -1.000000000000000000, -0.000000000000000000, -0.000000000000000000 ) ) ;
#3602 = ORIENTED_EDGE ( 'NONE', *, *, #904, .F. ) ;
#3603 = CARTESIAN_POINT ( 'NONE',  ( 33.37500000000000711, 2.350480947161660339, 0.000000000000000000 ) ) ;
#3604 = CARTESIAN_POINT ( 'NONE',  ( -43.00000000000000000, 1.443375672974061219, 2.500000000000000444 ) ) ;
#3605 = CARTESIAN_POINT ( 'NONE',  ( 29.37500000000000711, -3.000000000000010658, -3.673940397442072687E-16 ) ) ;
#3606 = CARTESIAN_POINT ( 'NONE',  ( -43.00000000000000000, 3.673940397442072687E-16, -3.000000000000010658 ) ) ;
#3607 = CARTESIAN_POINT ( 'NONE',  ( 31.71875000000000355, 1.265060653844735539, -3.054126587736535114 ) ) ;
#3608 = CARTESIAN_POINT ( 'NONE',  ( 24.12499999999999645, -1.662041016787788816, -1.662041016787789260 ) ) ;
#3609 = FACE_OUTER_BOUND ( 'NONE', #1889, .T. ) ;
#3610 = CARTESIAN_POINT ( 'NONE',  ( 31.00000000000001066, -1.662041016787788816, -1.662041016787789260 ) ) ;
#3611 = CARTESIAN_POINT ( 'NONE',  ( 19.06250000000001421, -0.9736010864139177379, -2.350480947161660339 ) ) ;
#3612 = CARTESIAN_POINT ( 'NONE',  ( 19.37499999999999645, 1.662041016787789260, -1.662041016787788816 ) ) ;
#3613 = CARTESIAN_POINT ( 'NONE',  ( -43.00000000000000000, 1.443375672974061219, 2.500000000000000444 ) ) ;
#3614 = EDGE_CURVE ( 'NONE', #3943, #5120, #3931, .T. ) ;
#3615 = VERTEX_POINT ( 'NONE', #2529 ) ;
#3616 = CARTESIAN_POINT ( 'NONE',  ( -38.50000000000000000, 1.443375672974063884, 2.500000000000000444 ) ) ;
#3617 = CARTESIAN_POINT ( 'NONE',  ( 41.65624999999999289, -1.265060653844735317, -3.054126587736535114 ) ) ;
#3618 = AXIS2_PLACEMENT_3D ( 'NONE', #3771, #160, #755 ) ;
#3619 = CARTESIAN_POINT ( 'NONE',  ( 39.87500000000000711, -2.350480947161660339, -2.878508968398366432E-16 ) ) ;
#3620 = CARTESIAN_POINT ( 'NONE',  ( 33.87500000000000711, -2.350480947161660339, -2.878508968398366432E-16 ) ) ;
#3621 = CARTESIAN_POINT ( 'NONE',  ( 29.81249999999999645, -0.9736010864139191812, 2.350480947161659895 ) ) ;
#3622 = CARTESIAN_POINT ( 'NONE',  ( -43.00000000000000000, 0.000000000000000000, 0.000000000000000000 ) ) ;
#3623 = ORIENTED_EDGE ( 'NONE', *, *, #3901, .T. ) ;
#3624 = CARTESIAN_POINT ( 'NONE',  ( 41.40625000000000711, -3.054126587736535559, -3.740226349862376611E-16 ) ) ;
#3625 = CYLINDRICAL_SURFACE ( 'NONE', #546, 3.000000000000010658 ) ;
#3626 = EDGE_CURVE ( 'NONE', #5081, #4633, #3309, .T. ) ;
#3627 = CARTESIAN_POINT ( 'NONE',  ( 28.00000000000001066, 2.121320343559649491, 2.121320343559650379 ) ) ;
#3628 = CARTESIAN_POINT ( 'NONE',  ( 19.37499999999999645, -2.121320343559650379, 2.121320343559649935 ) ) ;
#3629 = CARTESIAN_POINT ( 'NONE',  ( 20.03125000000000000, 3.054126587736534670, 1.265060653844737759 ) ) ;
#3630 = CARTESIAN_POINT ( 'NONE',  ( 30.87499999999999645, -1.662041016787789482, 1.662041016787788816 ) ) ;
#3631 = PRODUCT_RELATED_PRODUCT_CATEGORY ( 'detail', '', ( #5166 ) ) ;
#3632 = VERTEX_POINT ( 'NONE', #2010 ) ;
#3633 = CARTESIAN_POINT ( 'NONE',  ( 27.62499999999999645, 1.662041016787788594, 1.662041016787789482 ) ) ;
#3634 = CARTESIAN_POINT ( 'NONE',  ( 18.21875000000000711, -1.265060653844737315, 3.054126587736534670 ) ) ;
#3635 = CARTESIAN_POINT ( 'NONE',  ( 42.56249999999999289, 2.350480947161659895, 0.9736010864139195142 ) ) ;
#3636 = VERTEX_POINT ( 'NONE', #6014 ) ;
#3637 = CARTESIAN_POINT ( 'NONE',  ( 34.06250000000000711, -0.9736010864139177379, -2.350480947161660339 ) ) ;
#3638 = CARTESIAN_POINT ( 'NONE',  ( 33.28124999999999289, -1.265060653844737315, 3.054126587736534670 ) ) ;
#3639 = CARTESIAN_POINT ( 'NONE',  ( 32.62499999999999289, -2.121320343559649935, -2.121320343559649935 ) ) ;
#3640 = CARTESIAN_POINT ( 'NONE',  ( 21.75000000000000000, 1.836970198721036344E-16, -3.000000000000010658 ) ) ;
#3641 = CARTESIAN_POINT ( 'NONE',  ( 28.06250000000000000, 3.000000000000009770, 1.242640687119291654 ) ) ;
#3642 = CARTESIAN_POINT ( 'NONE',  ( 30.21875000000001421, -1.265060653844737315, 3.054126587736534670 ) ) ;
#3643 = CARTESIAN_POINT ( 'NONE',  ( 22.49999999999999645, 2.350480947161660339, 0.000000000000000000 ) ) ;
#3644 = DIRECTION ( 'NONE',  ( -1.000000000000000000, -0.000000000000000000, -0.000000000000000000 ) ) ;
#3645 = CARTESIAN_POINT ( 'NONE',  ( 29.75000000000001421, -1.662041016787789482, 1.662041016787788816 ) ) ;
#3646 = CARTESIAN_POINT ( 'NONE',  ( 19.50000000000001066, 1.662041016787788594, 1.662041016787789482 ) ) ;
#3647 = CARTESIAN_POINT ( 'NONE',  ( 21.62499999999999645, 1.662041016787788594, 1.662041016787789482 ) ) ;
#3648 = CARTESIAN_POINT ( 'NONE',  ( 38.50000000000001421, -2.121320343559649935, -2.121320343559649935 ) ) ;
#3649 = VERTEX_POINT ( 'NONE', #4033 ) ;
#3650 = CARTESIAN_POINT ( 'NONE',  ( -38.50000000000000000, -1.443375672974067214, 2.500000000000000444 ) ) ;
#3651 = CARTESIAN_POINT ( 'NONE',  ( 42.28125000000000000, -1.265060653844737315, 3.054126587736534670 ) ) ;
#3652 = CARTESIAN_POINT ( 'NONE',  ( 39.62500000000000711, -4.317763452597548908E-16, 2.350480947161660339 ) ) ;
#3653 = CARTESIAN_POINT ( 'NONE',  ( 33.43750000000000711, 2.350480947161659895, 0.9736010864139195142 ) ) ;
#3654 = CARTESIAN_POINT ( 'NONE',  ( 30.68749999999999645, 0.9736010864139186261, 2.350480947161659895 ) ) ;
#3655 = CARTESIAN_POINT ( 'NONE',  ( 34.75000000000000711, 2.121320343559649935, -2.121320343559649935 ) ) ;
#3656 = AXIS2_PLACEMENT_3D ( 'NONE', #1953, #3942, #1452 ) ;
#3657 = AXIS2_PLACEMENT_3D ( 'NONE', #4230, #6246, #5719 ) ;
#3658 = CARTESIAN_POINT ( 'NONE',  ( 40.78125000000000711, 2.159593620790635438, -2.159593620790635438 ) ) ;
#3659 = CARTESIAN_POINT ( 'NONE',  ( 40.24999999999999289, -5.510910596163108291E-16, 3.000000000000010658 ) ) ;
#3660 = CARTESIAN_POINT ( 'NONE',  ( 31.18750000000001066, 1.242640687119246579, 3.000000000000054179 ) ) ;
#3661 = CARTESIAN_POINT ( 'NONE',  ( 22.06250000000001421, -0.9736010864139177379, -2.350480947161660339 ) ) ;
#3662 = CARTESIAN_POINT ( 'NONE',  ( 16.96874999999999645, 3.054126587736535559, 0.000000000000000000 ) ) ;
#3663 = CARTESIAN_POINT ( 'NONE',  ( 31.43749999999999289, 2.350480947161660339, -0.9736010864139179599 ) ) ;
#3664 = ORIENTED_EDGE ( 'NONE', *, *, #613, .F. ) ;
#3665 = ADVANCED_FACE ( 'NONE', ( #1514 ), #6441, .T. ) ;
#3666 = CARTESIAN_POINT ( 'NONE',  ( 28.43750000000000000, 2.350480947161660339, -0.9736010864139179599 ) ) ;
#3667 = CARTESIAN_POINT ( 'NONE',  ( -43.00000000000000000, 0.000000000000000000, 3.000000000000010658 ) ) ;
#3668 = CARTESIAN_POINT ( 'NONE',  ( 41.49999999999999289, 2.350480947161660339, 0.000000000000000000 ) ) ;
#3669 = ORIENTED_EDGE ( 'NONE', *, *, #5925, .T. ) ;
#3670 = CARTESIAN_POINT ( 'NONE',  ( 32.68750000000000711, -0.9736010864139191812, 2.350480947161659895 ) ) ;
#3671 = CARTESIAN_POINT ( 'NONE',  ( 31.28124999999999645, -1.265060653844737315, 3.054126587736534670 ) ) ;
#3672 = CARTESIAN_POINT ( 'NONE',  ( 42.56249999999999289, 2.350480947161659895, 0.9736010864139195142 ) ) ;
#3673 = CARTESIAN_POINT ( 'NONE',  ( -38.50000000000000000, 2.886751345948127767, 1.545935464014153091E-15 ) ) ;
#3674 = CARTESIAN_POINT ( 'NONE',  ( 30.96875000000001066, 3.054126587736534670, 1.265060653844737759 ) ) ;
#3675 = CARTESIAN_POINT ( 'NONE',  ( 20.56249999999999645, 2.350480947161659895, 0.9736010864139195142 ) ) ;
#3676 = FACE_BOUND ( 'NONE', #4987, .T. ) ;
#3677 = CARTESIAN_POINT ( 'NONE',  ( 27.18750000000000711, 0.9736010864139180709, -2.350480947161660339 ) ) ;
#3678 = CARTESIAN_POINT ( 'NONE',  ( 18.50000000000001066, 1.662041016787788594, 1.662041016787789482 ) ) ;
#3679 = DIRECTION ( 'NONE',  ( -1.000000000000000000, -0.000000000000000000, -0.000000000000000000 ) ) ;
#3680 = CARTESIAN_POINT ( 'NONE',  ( 42.33182607988441504, -2.920481645322229980, -0.07987501119249665327 ) ) ;
#3681 = ORIENTED_EDGE ( 'NONE', *, *, #4955, .T. ) ;
#3682 = ORIENTED_EDGE ( 'NONE', *, *, #4464, .T. ) ;
#3683 = CARTESIAN_POINT ( 'NONE',  ( 42.06250000000001421, -0.9736010864139177379, -2.350480947161660339 ) ) ;
#3684 = CARTESIAN_POINT ( 'NONE',  ( 42.84375000000000000, 2.159593620790635438, -2.159593620790635438 ) ) ;
#3685 = CARTESIAN_POINT ( 'NONE',  ( 38.93750000000001421, -2.350480947161660339, -0.9736010864139181820 ) ) ;
#3686 = CARTESIAN_POINT ( 'NONE',  ( 31.50000000000001421, 1.662041016787788594, 1.662041016787789482 ) ) ;
#3687 = CARTESIAN_POINT ( 'NONE',  ( 31.81249999999999289, -0.9736010864139191812, 2.350480947161659895 ) ) ;
#3688 = ORIENTED_EDGE ( 'NONE', *, *, #2582, .F. ) ;
#3689 = VECTOR ( 'NONE', #4842, 1000.000000000000000 ) ;
#3690 = CARTESIAN_POINT ( 'NONE',  ( 42.59375000000000711, -1.265060653844735317, -3.054126587736535114 ) ) ;
#3691 = CARTESIAN_POINT ( 'NONE',  ( 29.93750000000001421, 3.000000000000009770, 1.242640687119291654 ) ) ;
#3692 = CARTESIAN_POINT ( 'NONE',  ( 35.12500000000000711, -5.510910596163109277E-16, 3.000000000000010658 ) ) ;
#3693 = AXIS2_PLACEMENT_3D ( 'NONE', #2999, #3455, #1959 ) ;
#3694 = CARTESIAN_POINT ( 'NONE',  ( 20.43750000000001066, 2.350480947161659895, 0.9736010864139195142 ) ) ;
#3695 = CARTESIAN_POINT ( 'NONE',  ( 19.03125000000000000, 3.054126587736534670, 1.265060653844737759 ) ) ;
#3696 = CARTESIAN_POINT ( 'NONE',  ( 29.81250000000000000, -0.9736010864139191812, 2.350480947161659895 ) ) ;
#3697 = CARTESIAN_POINT ( 'NONE',  ( 19.12500000000001066, 1.439254484199183216E-16, -2.350480947161660339 ) ) ;
#3698 = VECTOR ( 'NONE', #3574, 1000.000000000000000 ) ;
#3699 = CARTESIAN_POINT ( 'NONE',  ( 25.12499999999999645, -1.662041016787788816, -1.662041016787789260 ) ) ;
#3700 = CARTESIAN_POINT ( 'NONE',  ( 22.12500000000000711, -5.510910596163109277E-16, 3.000000000000010658 ) ) ;
#3701 = CARTESIAN_POINT ( 'NONE',  ( 40.99999999999999289, -2.350480947161660339, -2.878508968398366432E-16 ) ) ;
#3702 = ORIENTED_EDGE ( 'NONE', *, *, #8, .T. ) ;
#3703 = EDGE_CURVE ( 'NONE', #2, #5120, #4390, .T. ) ;
#3704 = CARTESIAN_POINT ( 'NONE',  ( 31.93750000000000711, -2.350480947161660339, -0.9736010864139181820 ) ) ;
#3705 = CARTESIAN_POINT ( 'NONE',  ( 28.71875000000000000, 1.870113174931188306E-16, -3.054126587736535559 ) ) ;
#3706 = CYLINDRICAL_SURFACE ( 'NONE', #3618, 3.000000000000010658 ) ;
#3707 = CARTESIAN_POINT ( 'NONE',  ( 41.43750000000000711, -3.000000000000011102, 1.242640687119288989 ) ) ;
#3708 = CARTESIAN_POINT ( 'NONE',  ( 31.09375000000000355, 1.265060653844736205, 3.054126587736534670 ) ) ;
#3709 = EDGE_CURVE ( 'NONE', #5992, #1721, #1046, .T. ) ;
#3710 = CARTESIAN_POINT ( 'NONE',  ( 36.75000000000000000, 1.836970198721036344E-16, -3.000000000000010658 ) ) ;
#3711 = CARTESIAN_POINT ( 'NONE',  ( 24.93750000000001066, -2.350480947161660339, -0.9736010864139181820 ) ) ;
#3712 = CARTESIAN_POINT ( 'NONE',  ( 21.37500000000001066, 2.350480947161660339, 0.000000000000000000 ) ) ;
#3713 = CARTESIAN_POINT ( 'NONE',  ( 17.62499999999999645, 1.662041016787788594, 1.662041016787789482 ) ) ;
#3714 = LINE ( 'NONE', #1224, #2509 ) ;
#3715 = B_SPLINE_CURVE_WITH_KNOTS ( 'NONE', 3,
 ( #6058, #2511, #5068, #533, #1559, #5574, #633, #6121, #5133, #44, #2632, #1094 ),
 .UNSPECIFIED., .F., .F.,
 ( 4, 2, 2, 2, 2, 4 ),
 ( 2.544340436323155852E-07, 0.0007457281437449462570, 0.001118464998595599877, 0.001491201853446253497, 0.002236675563147560303, 0.002982149272848867109 ),
 .UNSPECIFIED. ) ;
#3716 = ORIENTED_EDGE ( 'NONE', *, *, #2868, .T. ) ;
#3717 = CARTESIAN_POINT ( 'NONE',  ( 41.68750000000000711, -0.9736010864139191812, 2.350480947161659895 ) ) ;
#3718 = CARTESIAN_POINT ( 'NONE',  ( 40.15624999999999289, 1.265060653844736205, 3.054126587736534670 ) ) ;
#3719 = CARTESIAN_POINT ( 'NONE',  ( 36.75000000000001421, -1.662041016787789482, 1.662041016787788816 ) ) ;
#3720 = CARTESIAN_POINT ( 'NONE',  ( 31.37500000000001421, 2.350480947161660339, 0.000000000000000000 ) ) ;
#3721 = CARTESIAN_POINT ( 'NONE',  ( 29.50000000000000000, 2.350480947161660339, 0.000000000000000000 ) ) ;
#3722 = CARTESIAN_POINT ( 'NONE',  ( 32.62500000000001421, 1.836970198721036344E-16, -3.000000000000010658 ) ) ;
#3723 = VERTEX_POINT ( 'NONE', #4689 ) ;
#3724 = CARTESIAN_POINT ( 'NONE',  ( 35.28125000000000711, -2.159593620790635882, 2.159593620790635438 ) ) ;
#3725 =( BOUNDED_CURVE ( )  B_SPLINE_CURVE ( 2, ( #1134, #3138, #3424, #809, #1860, #5377, #3851, #6424, #4410 ),
 .UNSPECIFIED., .F., .F. ) 
 B_SPLINE_CURVE_WITH_KNOTS ( ( 3, 2, 2, 2, 3 ),
 ( 0.8173076923076921796, 0.8221153846153844702, 0.8269230769230767608, 0.8317307692307691624, 0.8365384615384614531 ),
 .UNSPECIFIED. ) 
 CURVE ( )  GEOMETRIC_REPRESENTATION_ITEM ( )  RATIONAL_B_SPLINE_CURVE ( ( 1.000000000000001776, 0.9238795325112849621, 1.000000000000000000, 0.9238795325112867385, 1.000000000000000000, 0.9238795325112867385, 1.000000000000000000, 0.9238795325112885148, 0.9999999999999982236 ) ) 
 REPRESENTATION_ITEM ( '' )  );
#3726 = CARTESIAN_POINT ( 'NONE',  ( -37.49999999999999289, 0.000000000000000000, 0.000000000000000000 ) ) ;
#3727 = DIRECTION ( 'NONE',  ( 0.000000000000000000, 0.000000000000000000, 1.000000000000000000 ) ) ;
#3728 = FACE_OUTER_BOUND ( 'NONE', #2775, .T. ) ;
#3729 = CARTESIAN_POINT ( 'NONE',  ( 18.96875000000000000, 3.054126587736535559, 0.000000000000000000 ) ) ;
#3730 = CARTESIAN_POINT ( 'NONE',  ( 32.43749999999999289, 2.350480947161660339, -0.9736010864139179599 ) ) ;
#3731 = CARTESIAN_POINT ( 'NONE',  ( 38.81249999999999289, -0.9736010864139191812, 2.350480947161659895 ) ) ;
#3732 = ORIENTED_EDGE ( 'NONE', *, *, #4786, .T. ) ;
#3733 = CARTESIAN_POINT ( 'NONE',  ( 25.62499999999999645, 1.662041016787788594, 1.662041016787789482 ) ) ;
#3734 = CARTESIAN_POINT ( 'NONE',  ( 32.00000000000001421, 2.121320343559649491, 2.121320343559650379 ) ) ;
#3735 = CARTESIAN_POINT ( 'NONE',  ( 40.56249999999999289, 2.350480947161659895, 0.9736010864139195142 ) ) ;
#3736 = ORIENTED_EDGE ( 'NONE', *, *, #4794, .F. ) ;
#3737 = CARTESIAN_POINT ( 'NONE',  ( 28.50000000000001066, 1.662041016787788594, 1.662041016787789482 ) ) ;
#3738 = CARTESIAN_POINT ( 'NONE',  ( 27.84375000000000000, 2.159593620790635438, -2.159593620790635438 ) ) ;
#3739 = CARTESIAN_POINT ( 'NONE',  ( -43.00000000000000000, 0.000000000000000000, 0.000000000000000000 ) ) ;
#3740 = CARTESIAN_POINT ( 'NONE',  ( 41.68749999999997868, -1.242640687119267451, -3.000000000000032419 ) ) ;
#3741 = CARTESIAN_POINT ( 'NONE',  ( 27.96875000000001066, 3.054126587736534670, 1.265060653844737759 ) ) ;
#3742 = CARTESIAN_POINT ( 'NONE',  ( 19.99999999999999645, -2.350480947161660339, -2.878508968398366432E-16 ) ) ;
#3743 = DIRECTION ( 'NONE',  ( 0.000000000000000000, 0.000000000000000000, 1.000000000000000000 ) ) ;
#3744 = CARTESIAN_POINT ( 'NONE',  ( 24.18750000000001066, 0.9736010864139180709, -2.350480947161660339 ) ) ;
#3745 = CARTESIAN_POINT ( 'NONE',  ( 20.06250000000001776, -0.9736010864139177379, -2.350480947161660339 ) ) ;
#3746 = CARTESIAN_POINT ( 'NONE',  ( 17.49999999999999645, 2.350480947161660339, 0.000000000000000000 ) ) ;
#3747 = CARTESIAN_POINT ( 'NONE',  ( 42.47787895817009485, -0.2847610458589640570, -2.772121041828290000 ) ) ;
#3748 = ADVANCED_FACE ( 'NONE', ( #5225 ), #3118, .T. ) ;
#3749 = CARTESIAN_POINT ( 'NONE',  ( 34.56250000000000000, 2.350480947161659895, 0.9736010864139195142 ) ) ;
#3750 = VERTEX_POINT ( 'NONE', #4128 ) ;
#3751 = CARTESIAN_POINT ( 'NONE',  ( 40.68750000000000711, -0.9736010864139191812, 2.350480947161659895 ) ) ;
#3752 = CARTESIAN_POINT ( 'NONE',  ( 42.21875000000000000, -5.610339524793564424E-16, 3.054126587736535559 ) ) ;
#3753 = CARTESIAN_POINT ( 'NONE',  ( 38.75000000000001421, -1.662041016787789482, 1.662041016787788816 ) ) ;
#3754 = CARTESIAN_POINT ( 'NONE',  ( 29.81250000000001421, -2.350480947161660339, 0.9736010864139172938 ) ) ;
#3755 = CARTESIAN_POINT ( 'NONE',  ( 26.87499999999999645, -1.662041016787789482, 1.662041016787788816 ) ) ;
#3756 = ORIENTED_EDGE ( 'NONE', *, *, #4875, .T. ) ;
#3757 = CARTESIAN_POINT ( 'NONE',  ( 38.71875000000000711, 1.265060653844735539, -3.054126587736535114 ) ) ;
#3758 = CARTESIAN_POINT ( 'NONE',  ( 28.93750000000001066, 3.000000000000009770, 1.242640687119291654 ) ) ;
#3759 = CARTESIAN_POINT ( 'NONE',  ( 27.00000000000001066, 2.121320343559649491, 2.121320343559650379 ) ) ;
#3760 = CARTESIAN_POINT ( 'NONE',  ( 42.75000000000000711, -1.662041016787789482, 1.662041016787788816 ) ) ;
#3761 = CARTESIAN_POINT ( 'NONE',  ( 32.81249999999999289, -0.9736010864139191812, 2.350480947161659895 ) ) ;
#3762 = CARTESIAN_POINT ( 'NONE',  ( 40.56249999999999289, 2.350480947161659895, 0.9736010864139195142 ) ) ;
#3763 = ORIENTED_EDGE ( 'NONE', *, *, #3709, .T. ) ;
#3764 =( BOUNDED_CURVE ( )  B_SPLINE_CURVE ( 2, ( #5508, #4840, #2900, #4936, #347, #2413, #4409, #4347, #4906 ),
 .UNSPECIFIED., .F., .F. ) 
 B_SPLINE_CURVE_WITH_KNOTS ( ( 3, 2, 2, 2, 3 ),
 ( 0.6826923076923075984, 0.6874999999999998890, 0.6923076923076922906, 0.6971153846153845812, 0.7019230769230768718 ),
 .UNSPECIFIED. ) 
 CURVE ( )  GEOMETRIC_REPRESENTATION_ITEM ( )  RATIONAL_B_SPLINE_CURVE ( ( 1.000000000000001776, 0.9238795325112849621, 1.000000000000000000, 0.9238795325112867385, 1.000000000000000000, 0.9238795325112867385, 1.000000000000000000, 0.9238795325112867385, 1.000000000000000000 ) ) 
 REPRESENTATION_ITEM ( '' )  );
#3765 = CARTESIAN_POINT ( 'NONE',  ( 22.37499999999999645, 1.662041016787789260, -1.662041016787788816 ) ) ;
#3766 = CARTESIAN_POINT ( 'NONE',  ( 25.56250000000000711, -1.242640687119289433, -3.000000000000010658 ) ) ;
#3767 = CARTESIAN_POINT ( 'NONE',  ( 38.50000000000000000, 2.350480947161660339, 0.000000000000000000 ) ) ;
#3768 = ORIENTED_EDGE ( 'NONE', *, *, #981, .F. ) ;
#3769 = CARTESIAN_POINT ( 'NONE',  ( 27.68750000000001066, -0.9736010864139191812, 2.350480947161659895 ) ) ;
#3770 = CARTESIAN_POINT ( 'NONE',  ( 27.90625000000000355, 3.054126587736535114, -1.265060653844735317 ) ) ;
#3771 = CARTESIAN_POINT ( 'NONE',  ( -43.00000000000000000, 0.000000000000000000, 0.000000000000000000 ) ) ;
#3772 = CARTESIAN_POINT ( 'NONE',  ( 29.03125000000000711, 2.159593620790634994, 2.159593620790635882 ) ) ;
#3773 = CARTESIAN_POINT ( 'NONE',  ( 42.89951905283837874, -2.321204953832694429, -0.3698219102115661294 ) ) ;
#3774 = CARTESIAN_POINT ( 'NONE',  ( 26.43750000000000711, 2.350480947161659895, 0.9736010864139195142 ) ) ;
#3775 = DIRECTION ( 'NONE',  ( -1.000000000000000000, -0.000000000000000000, -0.000000000000000000 ) ) ;
#3776 = CARTESIAN_POINT ( 'NONE',  ( -43.00000000000000000, -1.443375672974067214, -2.499999999999996891 ) ) ;
#3777 = CARTESIAN_POINT ( 'NONE',  ( 35.87500000000000000, 2.121320343559649935, -2.121320343559649935 ) ) ;
#3778 = CARTESIAN_POINT ( 'NONE',  ( 35.62500000000000000, 1.662041016787788594, 1.662041016787789482 ) ) ;
#3779 = VERTEX_POINT ( 'NONE', #5123 ) ;
#3780 = CARTESIAN_POINT ( 'NONE',  ( 35.28125000000001421, -1.265060653844737315, 3.054126587736534670 ) ) ;
#3781 = EDGE_CURVE ( 'NONE', #2094, #3115, #4496, .T. ) ;
#3782 = CARTESIAN_POINT ( 'NONE',  ( 38.87500000000000711, -2.350480947161660339, -2.878508968398366432E-16 ) ) ;
#3783 = CARTESIAN_POINT ( 'NONE',  ( 31.93750000000001066, -2.350480947161660339, -0.9736010864139181820 ) ) ;
#3784 = CARTESIAN_POINT ( 'NONE',  ( 26.68750000000000000, 0.9736010864139186261, 2.350480947161659895 ) ) ;
#3785 = CARTESIAN_POINT ( 'NONE',  ( 35.06250000000002132, 1.242640687119235254, 3.000000000000065281 ) ) ;
#3786 = ORIENTED_EDGE ( 'NONE', *, *, #50, .F. ) ;
#3787 = CARTESIAN_POINT ( 'NONE',  ( 36.53125000000000711, -2.159593620790635438, -2.159593620790635438 ) ) ;
#3788 = CARTESIAN_POINT ( 'NONE',  ( 41.12500000000000711, -5.510910596163109277E-16, 3.000000000000010658 ) ) ;
#3789 = EDGE_CURVE ( 'NONE', #752, #4753, #5581, .T. ) ;
#3790 = DIRECTION ( 'NONE',  ( 0.000000000000000000, 0.000000000000000000, 1.000000000000000000 ) ) ;
#3791 = CARTESIAN_POINT ( 'NONE',  ( 42.81250000000000711, -2.350480947161660339, 0.9736010864139172938 ) ) ;
#3792 = CARTESIAN_POINT ( 'NONE',  ( 28.93750000000000000, -2.350480947161660783, 0.9736010864139172938 ) ) ;
#3793 = CARTESIAN_POINT ( 'NONE',  ( 39.68750000000000000, 0.9736010864139186261, 2.350480947161659895 ) ) ;
#3794 = AXIS2_PLACEMENT_3D ( 'NONE', #1363, #2480, #5376 ) ;
#3795 = B_SPLINE_CURVE_WITH_KNOTS ( 'NONE', 3,
 ( #531, #2537, #4534, #41, #2048, #4040, #1719, #5268, #3680, #4136, #1256, #2765, #765, #4201, #4236, #3261, #1156, #2730, #3161, #4167, #4764, #4729, #3747, #6187 ),
 .UNSPECIFIED., .F., .F.,
 ( 4, 2, 2, 2, 2, 2, 2, 2, 2, 2, 2, 4 ),
 ( 3.231850825178792165E-16, 0.0008479305355508530082, 0.001695861071101382707, 0.002119826338876647665, 0.002543791606651912406, 0.003391722142202441455, 0.004239652677752970937, 0.004663617945528234811, 0.005087583213303499552, 0.005511548481078763426, 0.005935513748854027299, 0.006783444284404555914 ),
 .UNSPECIFIED. ) ;
#3796 = CARTESIAN_POINT ( 'NONE',  ( 22.99999999999999645, -2.350480947161660339, -2.878508968398366432E-16 ) ) ;
#3797 = CARTESIAN_POINT ( 'NONE',  ( 33.93750000000000000, 3.000000000000010658, -1.242640687119289433 ) ) ;
#3798 = AXIS2_PLACEMENT_3D ( 'NONE', #4212, #675, #710 ) ;
#3799 = CARTESIAN_POINT ( 'NONE',  ( 39.68750000000000000, 0.9736010864139186261, 2.350480947161659895 ) ) ;
#3800 = EDGE_LOOP ( 'NONE', ( #672, #5003, #2540, #5783 ) ) ;
#3801 = CARTESIAN_POINT ( 'NONE',  ( 29.06250000000001066, -0.9736010864139177379, -2.350480947161660339 ) ) ;
#3802 = CARTESIAN_POINT ( 'NONE',  ( 28.78125000000000355, 1.265060653844735539, -3.054126587736535114 ) ) ;
#3803 = CARTESIAN_POINT ( 'NONE',  ( 42.68750000000000000, 0.9736010864139186261, 2.350480947161659895 ) ) ;
#3804 = CARTESIAN_POINT ( 'NONE',  ( 36.37500000000000711, -3.000000000000010658, -3.673940397442072687E-16 ) ) ;
#3805 = EDGE_LOOP ( 'NONE', ( #6103, #146, #5745, #2081 ) ) ;
#3806 = CARTESIAN_POINT ( 'NONE',  ( 26.34375000000000711, -3.054126587736536447, 1.265060653844735095 ) ) ;
#3807 = CARTESIAN_POINT ( 'NONE',  ( 20.50000000000001066, -2.121320343559649935, -2.121320343559649935 ) ) ;
#3808 = CARTESIAN_POINT ( 'NONE',  ( 40.62500000000000711, 1.836970198721036344E-16, -3.000000000000010658 ) ) ;
#3809 = CARTESIAN_POINT ( 'NONE',  ( 23.87500000000001066, -2.350480947161660339, -2.878508968398366432E-16 ) ) ;
#3810 = CARTESIAN_POINT ( 'NONE',  ( -43.00000000000000000, 0.000000000000000000, 3.000000000000010658 ) ) ;
#3811 =( NAMED_UNIT ( * ) PLANE_ANGLE_UNIT ( ) SI_UNIT ( $, .RADIAN. ) );
#3812 = DIRECTION ( 'NONE',  ( -1.000000000000000000, -0.000000000000000000, -0.000000000000000000 ) ) ;
#3813 = CARTESIAN_POINT ( 'NONE',  ( 33.81249999999999289, -0.9736010864139191812, 2.350480947161659895 ) ) ;
#3814 = ORIENTED_EDGE ( 'NONE', *, *, #2423, .F. ) ;
#3815 = CARTESIAN_POINT ( 'NONE',  ( 38.28125000000001421, -1.265060653844737315, 3.054126587736534670 ) ) ;
#3816 = CARTESIAN_POINT ( 'NONE',  ( 37.68750000000001421, -0.9736010864139191812, 2.350480947161659895 ) ) ;
#3817 = CARTESIAN_POINT ( 'NONE',  ( 25.75000000000001066, -1.662041016787789482, 1.662041016787788816 ) ) ;
#3818 = CARTESIAN_POINT ( 'NONE',  ( 27.62499999999999645, 1.662041016787788594, 1.662041016787789482 ) ) ;
#3819 = CARTESIAN_POINT ( 'NONE',  ( 20.81250000000000711, 3.000000000000010658, -1.242640687119289433 ) ) ;
#3820 = VERTEX_POINT ( 'NONE', #1216 ) ;
#3821 = EDGE_CURVE ( 'NONE', #5288, #3750, #2386, .T. ) ;
#3822 = CARTESIAN_POINT ( 'NONE',  ( 37.90625000000000711, 3.054126587736535559, 0.000000000000000000 ) ) ;
#3823 = DIRECTION ( 'NONE',  ( 0.000000000000000000, 0.000000000000000000, 1.000000000000000000 ) ) ;
#3824 = CARTESIAN_POINT ( 'NONE',  ( 37.87500000000001421, -2.350480947161660339, -2.878508968398366432E-16 ) ) ;
#3825 = CARTESIAN_POINT ( 'NONE',  ( 41.62499999999999289, 1.662041016787788594, 1.662041016787789482 ) ) ;
#3826 = ORIENTED_EDGE ( 'NONE', *, *, #453, .F. ) ;
#3827 = VECTOR ( 'NONE', #489, 1000.000000000000000 ) ;
#3828 = EDGE_CURVE ( 'NONE', #2444, #5909, #4599, .T. ) ;
#3829 = CARTESIAN_POINT ( 'NONE',  ( 22.81249999999999289, -0.9736010864139191812, 2.350480947161659895 ) ) ;
#3830 = CARTESIAN_POINT ( 'NONE',  ( 39.99999999999999289, -2.350480947161660339, -2.878508968398366432E-16 ) ) ;
#3831 = CARTESIAN_POINT ( 'NONE',  ( 27.62500000000001066, -4.317763452597548908E-16, 2.350480947161660339 ) ) ;
#3832 = CARTESIAN_POINT ( 'NONE',  ( 26.78125000000000000, 1.265060653844735539, -3.054126587736535114 ) ) ;
#3833 = CARTESIAN_POINT ( 'NONE',  ( 40.56249999999999289, 2.350480947161659895, 0.9736010864139195142 ) ) ;
#3834 = EDGE_LOOP ( 'NONE', ( #699, #3732, #6043, #4647 ) ) ;
#3835 = CARTESIAN_POINT ( 'NONE',  ( 24.59375000000001066, -1.265060653844735317, -3.054126587736535114 ) ) ;
#3836 = DIRECTION ( 'NONE',  ( 0.000000000000000000, 0.000000000000000000, 1.000000000000000000 ) ) ;
#3837 = CARTESIAN_POINT ( 'NONE',  ( 21.81250000000001066, 3.000000000000010658, -1.242640687119289433 ) ) ;
#3838 = CARTESIAN_POINT ( 'NONE',  ( 19.50000000000001066, 1.662041016787788594, 1.662041016787789482 ) ) ;
#3839 = CARTESIAN_POINT ( 'NONE',  ( 25.24999999999999645, -5.510910596163108291E-16, 3.000000000000010658 ) ) ;
#3840 = CARTESIAN_POINT ( 'NONE',  ( 28.56249999999999645, -3.000000000000010658, -1.242640687119289877 ) ) ;
#3841 = CARTESIAN_POINT ( 'NONE',  ( 35.31249999999999289, 0.9736010864139180709, -2.350480947161660339 ) ) ;
#3842 = VECTOR ( 'NONE', #976, 1000.000000000000000 ) ;
#3843 = ORIENTED_EDGE ( 'NONE', *, *, #3180, .F. ) ;
#3844 = CARTESIAN_POINT ( 'NONE',  ( 36.09375000000000000, 2.159593620790634994, 2.159593620790635882 ) ) ;
#3845 = CARTESIAN_POINT ( 'NONE',  ( 32.18750000000000711, 0.9736010864139180709, -2.350480947161660339 ) ) ;
#3846 = CARTESIAN_POINT ( 'NONE',  ( 26.43750000000000711, 2.350480947161659895, 0.9736010864139195142 ) ) ;
#3847 = CARTESIAN_POINT ( 'NONE',  ( 28.56249999999999645, 2.350480947161659895, 0.9736010864139195142 ) ) ;
#3848 = CARTESIAN_POINT ( 'NONE',  ( 23.12499999999999645, 2.121320343559649491, 2.121320343559650379 ) ) ;
#3849 = CARTESIAN_POINT ( 'NONE',  ( 35.90625000000000711, 3.054126587736535559, 0.000000000000000000 ) ) ;
#3850 = CARTESIAN_POINT ( 'NONE',  ( 26.56250000000000711, -1.242640687119267451, -3.000000000000032419 ) ) ;
#3851 = CARTESIAN_POINT ( 'NONE',  ( 22.25000000000001066, -2.121320343559650379, 2.121320343559649935 ) ) ;
#3852 = CARTESIAN_POINT ( 'NONE',  ( -43.00000000000000000, 2.886751345948128211, 1.951563910473907981E-15 ) ) ;
#3853 = CARTESIAN_POINT ( 'NONE',  ( 41.43750000000000711, 2.350480947161659895, 0.9736010864139195142 ) ) ;
#3854 = CARTESIAN_POINT ( 'NONE',  ( 41.37499999999999289, 1.662041016787789260, -1.662041016787788816 ) ) ;
#3855 = CARTESIAN_POINT ( 'NONE',  ( 22.56249999999999645, 2.350480947161659895, 0.9736010864139195142 ) ) ;
#3856 = CARTESIAN_POINT ( 'NONE',  ( 33.74999999999999289, 1.836970198721036344E-16, -3.000000000000010658 ) ) ;
#3857 = CARTESIAN_POINT ( 'NONE',  ( 29.81250000000001421, -2.350480947161660783, 0.9736010864139172938 ) ) ;
#3858 = CARTESIAN_POINT ( 'NONE',  ( 23.34375000000000000, -2.159593620790635882, 2.159593620790635438 ) ) ;
#3859 = CARTESIAN_POINT ( 'NONE',  ( 38.00000000000000000, -2.350480947161660339, -2.878508968398366432E-16 ) ) ;
#3860 = EDGE_CURVE ( 'NONE', #6351, #2891, #5108, .T. ) ;
#3861 = ORIENTED_EDGE ( 'NONE', *, *, #1945, .T. ) ;
#3862 = CARTESIAN_POINT ( 'NONE',  ( 26.96875000000001421, 3.054126587736534670, 1.265060653844737759 ) ) ;
#3863 = CARTESIAN_POINT ( 'NONE',  ( 39.18750000000000000, 1.242640687119290321, 3.000000000000010214 ) ) ;
#3864 = CARTESIAN_POINT ( 'NONE',  ( 40.56250000000000711, 0.9736010864139186261, 2.350480947161659895 ) ) ;
#3865 = CARTESIAN_POINT ( 'NONE',  ( -37.49999999999999289, 6.123233995736772199E-16, -5.000000000000004441 ) ) ;
#3866 = CARTESIAN_POINT ( 'NONE',  ( 21.25000000000001066, 1.662041016787789260, -1.662041016787788816 ) ) ;
#3867 = CARTESIAN_POINT ( 'NONE',  ( 40.24999999999999289, -5.510910596163108291E-16, 3.000000000000010658 ) ) ;
#3868 = DATE_TIME_ROLE ( 'classification_date' ) ;
#3869 = DIRECTION ( 'NONE',  ( -0.000000000000000000, 0.000000000000000000, 1.000000000000000000 ) ) ;
#3870 = CARTESIAN_POINT ( 'NONE',  ( 35.18750000000000000, -0.9736010864139177379, -2.350480947161660339 ) ) ;
#3871 = CARTESIAN_POINT ( 'NONE',  ( 35.46875000000000000, -3.054126587736535559, -3.740226349862376611E-16 ) ) ;
#3872 = CARTESIAN_POINT ( 'NONE',  ( 32.81250000000000711, -2.350480947161660339, 0.9736010864139172938 ) ) ;
#3873 = CARTESIAN_POINT ( 'NONE',  ( 29.25000000000001066, 1.662041016787789260, -1.662041016787788816 ) ) ;
#3874 = CARTESIAN_POINT ( 'NONE',  ( 22.49999999999999645, 2.350480947161660339, 0.000000000000000000 ) ) ;
#3875 = FACE_OUTER_BOUND ( 'NONE', #3979, .T. ) ;
#3876 = CARTESIAN_POINT ( 'NONE',  ( 32.59375000000000711, -1.265060653844735317, -3.054126587736535114 ) ) ;
#3877 = CARTESIAN_POINT ( 'NONE',  ( 39.31250000000001421, -3.000000000000011102, 1.242640687119288989 ) ) ;
#3878 = CARTESIAN_POINT ( 'NONE',  ( 39.68749999999998579, -1.242640687119289433, -3.000000000000010658 ) ) ;
#3879 = CARTESIAN_POINT ( 'NONE',  ( -37.00000000000000711, 0.000000000000000000, 0.000000000000000000 ) ) ;
#3880 = CARTESIAN_POINT ( 'NONE',  ( 41.25000000000000711, 1.662041016787789260, -1.662041016787788816 ) ) ;
#3881 = CARTESIAN_POINT ( 'NONE',  ( 36.56250000000000000, 2.350480947161659895, 0.9736010864139195142 ) ) ;
#3882 = CARTESIAN_POINT ( 'NONE',  ( 22.43749999999999645, 2.350480947161660339, -0.9736010864139179599 ) ) ;
#3883 = DIRECTION ( 'NONE',  ( -1.000000000000000000, -0.000000000000000000, -0.000000000000000000 ) ) ;
#3884 = AXIS2_PLACEMENT_3D ( 'NONE', #3879, #1396, #4477 ) ;
#3885 = CARTESIAN_POINT ( 'NONE',  ( 25.50000000000000711, 1.662041016787788594, 1.662041016787789482 ) ) ;
#3886 = CARTESIAN_POINT ( 'NONE',  ( 23.21875000000000000, -5.610339524793564424E-16, 3.054126587736535559 ) ) ;
#3887 = CARTESIAN_POINT ( 'NONE',  ( 37.62500000000000000, 1.662041016787788594, 1.662041016787789482 ) ) ;
#3888 = ORIENTED_EDGE ( 'NONE', *, *, #3308, .T. ) ;
#3889 = APPROVAL_PERSON_ORGANIZATION ( #492, #2037, #5496 ) ;
#3890 = CARTESIAN_POINT ( 'NONE',  ( 24.84375000000000711, 3.054126587736535114, -1.265060653844735317 ) ) ;
#3891 = EDGE_CURVE ( 'NONE', #3632, #5909, #1675, .T. ) ;
#3892 = CARTESIAN_POINT ( 'NONE',  ( 20.18750000000000711, -1.242640687119313192, 2.999999999999987121 ) ) ;
#3893 = CARTESIAN_POINT ( 'NONE',  ( 37.06250000000002132, -0.9736010864139177379, -2.350480947161660339 ) ) ;
#3894 = CARTESIAN_POINT ( 'NONE',  ( 32.81250000000000711, 3.000000000000010658, -1.242640687119289433 ) ) ;
#3895 = AXIS2_PLACEMENT_3D ( 'NONE', #5334, #3351, #828 ) ;
#3896 = CARTESIAN_POINT ( 'NONE',  ( 20.43750000000001066, 2.350480947161659895, 0.9736010864139195142 ) ) ;
#3897 = CARTESIAN_POINT ( 'NONE',  ( 27.06249999999999645, 3.000000000000009770, 1.242640687119291654 ) ) ;
#3898 = COORDINATED_UNIVERSAL_TIME_OFFSET ( 6, 0, .BEHIND. ) ;
#3899 = CARTESIAN_POINT ( 'NONE',  ( 19.30458678460603750, 1.862650068399984704, 1.956259723768105863 ) ) ;
#3900 =( BOUNDED_CURVE ( )  B_SPLINE_CURVE ( 2, ( #1141, #4255, #5147, #1209, #1668, #1243, #6273, #4223, #3216 ),
 .UNSPECIFIED., .F., .F. ) 
 B_SPLINE_CURVE_WITH_KNOTS ( ( 3, 2, 2, 2, 3 ),
 ( 0.9134615384615383249, 0.9182692307692306155, 0.9230769230769230171, 0.9278846153846153078, 0.9326923076923075984 ),
 .UNSPECIFIED. ) 
 CURVE ( )  GEOMETRIC_REPRESENTATION_ITEM ( )  RATIONAL_B_SPLINE_CURVE ( ( 1.000000000000001776, 0.9238795325112849621, 1.000000000000000000, 0.9238795325112867385, 1.000000000000000000, 0.9238795325112867385, 1.000000000000000000, 0.9238795325112885148, 0.9999999999999982236 ) ) 
 REPRESENTATION_ITEM ( '' )  );
#3901 = EDGE_CURVE ( 'NONE', #3779, #6297, #3967, .T. ) ;
#3902 = CARTESIAN_POINT ( 'NONE',  ( 27.68750000000000000, 0.9736010864139186261, 2.350480947161659895 ) ) ;
#3903 = ORIENTED_EDGE ( 'NONE', *, *, #3308, .F. ) ;
#3904 = CARTESIAN_POINT ( 'NONE',  ( 37.03125000000000000, 3.054126587736534670, 1.265060653844737759 ) ) ;
#3905 = CARTESIAN_POINT ( 'NONE',  ( 32.93750000000000711, -2.350480947161660339, -0.9736010864139181820 ) ) ;
#3906 = CARTESIAN_POINT ( 'NONE',  ( 28.25000000000001066, 1.662041016787789260, -1.662041016787788816 ) ) ;
#3907 = CARTESIAN_POINT ( 'NONE',  ( 24.99999999999999645, -2.350480947161660339, -2.878508968398366432E-16 ) ) ;
#3908 = CARTESIAN_POINT ( 'NONE',  ( 35.87500000000000711, 3.000000000000010658, 0.000000000000000000 ) ) ;
#3909 = ORIENTED_EDGE ( 'NONE', *, *, #2575, .T. ) ;
#3910 = CARTESIAN_POINT ( 'NONE',  ( 33.46875000000000711, -3.054126587736535114, -1.265060653844735761 ) ) ;
#3911 = ORIENTED_EDGE ( 'NONE', *, *, #1185, .T. ) ;
#3912 = CARTESIAN_POINT ( 'NONE',  ( 24.75000000000000000, 1.836970198721036344E-16, -3.000000000000010658 ) ) ;
#3913 = CARTESIAN_POINT ( 'NONE',  ( 34.31250000000000000, -1.242640687119313192, 2.999999999999987121 ) ) ;
#3914 = CARTESIAN_POINT ( 'NONE',  ( 31.68750000000000000, -1.242640687119245468, -3.000000000000054623 ) ) ;
#3915 = CARTESIAN_POINT ( 'NONE',  ( 40.37500000000000711, 2.350480947161660339, 0.000000000000000000 ) ) ;
#3916 = CARTESIAN_POINT ( 'NONE',  ( 36.50000000000000000, 2.350480947161660339, 0.000000000000000000 ) ) ;
#3917 = CARTESIAN_POINT ( 'NONE',  ( 37.87500000000000000, 2.121320343559649935, -2.121320343559649935 ) ) ;
#3918 = CARTESIAN_POINT ( 'NONE',  ( 18.06249999999999645, -2.350480947161660339, -0.9736010864139181820 ) ) ;
#3919 = EDGE_LOOP ( 'NONE', ( #206, #4344 ) ) ;
#3920 = CARTESIAN_POINT ( 'NONE',  ( 19.40572378691963706, 0.2583004849116133927, -2.594276213080228377 ) ) ;
#3921 = CARTESIAN_POINT ( 'NONE',  ( 24.31250000000001066, 2.350480947161660339, -0.9736010864139179599 ) ) ;
#3922 = CARTESIAN_POINT ( 'NONE',  ( 24.40624999999999645, -3.054126587736536447, 1.265060653844735095 ) ) ;
#3923 = CARTESIAN_POINT ( 'NONE',  ( 40.62499999999999289, 1.662041016787788594, 1.662041016787789482 ) ) ;
#3924 = CARTESIAN_POINT ( 'NONE',  ( 31.81249999999999289, -0.9736010864139191812, 2.350480947161659895 ) ) ;
#3925 = CARTESIAN_POINT ( 'NONE',  ( 24.65625000000000711, 1.870113174931188306E-16, -3.054126587736535559 ) ) ;
#3926 =( BOUNDED_CURVE ( )  B_SPLINE_CURVE ( 2, ( #2568, #2508, #466, #1123, #1486, #2080, #3484, #998, #4073 ),
 .UNSPECIFIED., .F., .F. ) 
 B_SPLINE_CURVE_WITH_KNOTS ( ( 3, 2, 2, 2, 3 ),
 ( 0.4326923076923073208, 0.4374999999999996114, 0.4423076923076919020, 0.4471153846153842482, 0.4519230769230765388 ),
 .UNSPECIFIED. ) 
 CURVE ( )  GEOMETRIC_REPRESENTATION_ITEM ( )  RATIONAL_B_SPLINE_CURVE ( ( 1.000000000000006217, 0.9238795325112806323, 1.000000000000000000, 0.9238795325112867385, 1.000000000000000000, 0.9238795325112867385, 1.000000000000000000, 0.9238795325112928447, 0.9999999999999938938 ) ) 
 REPRESENTATION_ITEM ( '' )  );
#3927 = AXIS2_PLACEMENT_3D ( 'NONE', #3376, #1973, #2946 ) ;
#3928 = CARTESIAN_POINT ( 'NONE',  ( 34.68750000000000711, -0.9736010864139191812, 2.350480947161659895 ) ) ;
#3929 = CARTESIAN_POINT ( 'NONE',  ( -43.00000000000000000, 0.000000000000000000, 3.000000000000010658 ) ) ;
#3930 = CARTESIAN_POINT ( 'NONE',  ( 21.75000000000001066, -1.662041016787789482, 1.662041016787788816 ) ) ;
#3931 = LINE ( 'NONE', #491, #6500 ) ;
#3932 = DIRECTION ( 'NONE',  ( 1.000000000000000000, 0.000000000000000000, 0.000000000000000000 ) ) ;
#3933 = ADVANCED_FACE ( 'NONE', ( #689 ), #2687, .T. ) ;
#3934 = DIRECTION ( 'NONE',  ( -1.000000000000000000, 0.000000000000000000, 0.000000000000000000 ) ) ;
#3935 = CARTESIAN_POINT ( 'NONE',  ( 26.99999999999999645, -2.350480947161660339, -2.878508968398366432E-16 ) ) ;
#3936 = ORIENTED_EDGE ( 'NONE', *, *, #5238, .F. ) ;
#3937 = CARTESIAN_POINT ( 'NONE',  ( 34.53125000000000000, -3.054126587736535114, -1.265060653844735761 ) ) ;
#3938 = CARTESIAN_POINT ( 'NONE',  ( 34.50000000000000711, 1.662041016787788594, 1.662041016787789482 ) ) ;
#3939 = CARTESIAN_POINT ( 'NONE',  ( 22.12500000000001066, 1.439254484199183216E-16, -2.350480947161660339 ) ) ;
#3940 = CARTESIAN_POINT ( 'NONE',  ( 23.81249999999999645, -0.9736010864139191812, 2.350480947161659895 ) ) ;
#3941 = ADVANCED_FACE ( 'NONE', ( #1963 ), #4480, .T. ) ;
#3942 = DIRECTION ( 'NONE',  ( -1.000000000000000000, -0.000000000000000000, -0.000000000000000000 ) ) ;
#3943 = VERTEX_POINT ( 'NONE', #3951 ) ;
#3944 = CARTESIAN_POINT ( 'NONE',  ( 32.65625000000001421, 1.870113174931188306E-16, -3.054126587736535559 ) ) ;
#3945 = VERTEX_POINT ( 'NONE', #5967 ) ;
#3946 = CARTESIAN_POINT ( 'NONE',  ( 36.43750000000001421, -3.000000000000011102, 1.242640687119288989 ) ) ;
#3947 = FACE_OUTER_BOUND ( 'NONE', #2612, .T. ) ;
#3948 = DIRECTION ( 'NONE',  ( -0.7071067811865463515, 0.000000000000000000, -0.7071067811865487940 ) ) ;
#3949 = CARTESIAN_POINT ( 'NONE',  ( 39.00000000000000711, -1.662041016787788816, -1.662041016787789260 ) ) ;
#3950 = CARTESIAN_POINT ( 'NONE',  ( 34.81250000000000000, -0.9736010864139191812, 2.350480947161659895 ) ) ;
#3951 = CARTESIAN_POINT ( 'NONE',  ( 30.25000000000000000, -5.510910596163108291E-16, 3.000000000000010658 ) ) ;
#3952 = APPROVAL ( #2400, 'UNSPECIFIED' ) ;
#3953 = CARTESIAN_POINT ( 'NONE',  ( 43.65625000000000711, 1.870113174931188306E-16, -3.054126587736535559 ) ) ;
#3954 = FACE_OUTER_BOUND ( 'NONE', #4155, .T. ) ;
#3955 = CARTESIAN_POINT ( 'NONE',  ( 23.50000000000001066, 1.662041016787788594, 1.662041016787789482 ) ) ;
#3956 = CARTESIAN_POINT ( 'NONE',  ( 25.78124999999999645, 1.265060653844735539, -3.054126587736535114 ) ) ;
#3957 = CARTESIAN_POINT ( 'NONE',  ( 39.31250000000000000, 0.9736010864139180709, -2.350480947161660339 ) ) ;
#3958 = CARTESIAN_POINT ( 'NONE',  ( 32.12500000000000000, -1.662041016787788816, -1.662041016787789260 ) ) ;
#3959 = AXIS2_PLACEMENT_3D ( 'NONE', #5208, #6162, #706 ) ;
#3960 = CARTESIAN_POINT ( 'NONE',  ( 19.40625000000000711, -3.054126587736535559, -3.740226349862376611E-16 ) ) ;
#3961 = DIRECTION ( 'NONE',  ( -1.000000000000000000, -0.000000000000000000, -0.000000000000000000 ) ) ;
#3962 = CARTESIAN_POINT ( 'NONE',  ( 36.93750000000001421, -2.350480947161660339, -0.9736010864139181820 ) ) ;
#3963 = DIRECTION ( 'NONE',  ( 0.000000000000000000, 0.000000000000000000, 1.000000000000000000 ) ) ;
#3964 = CARTESIAN_POINT ( 'NONE',  ( 22.31250000000001066, 2.350480947161660339, -0.9736010864139179599 ) ) ;
#3965 = DIRECTION ( 'NONE',  ( -1.000000000000000000, -0.000000000000000000, -0.000000000000000000 ) ) ;
#3966 = CARTESIAN_POINT ( 'NONE',  ( 42.89951905283837874, -2.321204953832694429, -0.3698219102115661294 ) ) ;
#3967 = CIRCLE ( 'NONE', #5350, 2.886751345948127767 ) ;
#3968 =( BOUNDED_CURVE ( )  B_SPLINE_CURVE ( 2, ( #4444, #4907, #5807, #1427, #2414, #4348, #4874, #3878, #1802 ),
 .UNSPECIFIED., .F., .F. ) 
 B_SPLINE_CURVE_WITH_KNOTS ( ( 3, 2, 2, 2, 3 ),
 ( 0.8557692307692308376, 0.8605769230769231282, 0.8653846153846154188, 0.8701923076923077094, 0.8750000000000000000 ),
 .UNSPECIFIED. ) 
 CURVE ( )  GEOMETRIC_REPRESENTATION_ITEM ( )  RATIONAL_B_SPLINE_CURVE ( ( 1.000000000000000000, 0.9238795325112867385, 1.000000000000000000, 0.9238795325112867385, 1.000000000000000000, 0.9238795325112867385, 1.000000000000000000, 0.9238795325112867385, 1.000000000000000000 ) ) 
 REPRESENTATION_ITEM ( '' )  );
#3969 = CARTESIAN_POINT ( 'NONE',  ( 26.12499999999999645, -1.662041016787788816, -1.662041016787789260 ) ) ;
#3970 = CARTESIAN_POINT ( 'NONE',  ( 33.71875000000000000, 1.870113174931188306E-16, -3.054126587736535559 ) ) ;
#3971 = CARTESIAN_POINT ( 'NONE',  ( 33.75000000000000711, -1.662041016787789482, 1.662041016787788816 ) ) ;
#3972 = CARTESIAN_POINT ( 'NONE',  ( 24.06250000000001066, -0.9736010864139177379, -2.350480947161660339 ) ) ;
#3973 = CARTESIAN_POINT ( 'NONE',  ( 23.06249999999999645, -2.350480947161660339, -0.9736010864139181820 ) ) ;
#3974 = CARTESIAN_POINT ( 'NONE',  ( -43.00000000000000000, 2.886751345948128211, 1.951563910473907981E-15 ) ) ;
#3975 = ORIENTED_EDGE ( 'NONE', *, *, #1872, .T. ) ;
#3976 = APPLICATION_CONTEXT ( 'configuration controlled 3d designs of mechanical parts and assemblies' ) ;
#3977 = CARTESIAN_POINT ( 'NONE',  ( 32.09375000000000711, 1.265060653844736205, 3.054126587736534670 ) ) ;
#3978 = EDGE_CURVE ( 'NONE', #6400, #2510, #3510, .T. ) ;
#3979 = EDGE_LOOP ( 'NONE', ( #4871, #1538, #4767, #869, #3996, #1474 ) ) ;
#3980 = CARTESIAN_POINT ( 'NONE',  ( 37.43750000000001421, -3.000000000000010658, -1.242640687119289877 ) ) ;
#3981 = CARTESIAN_POINT ( 'NONE',  ( 19.14274170599800229, -1.675134868736714688, 2.321711510252219224 ) ) ;
#3982 = CARTESIAN_POINT ( 'NONE',  ( 31.50000000000000000, -3.000000000000010658, -3.673940397442072687E-16 ) ) ;
#3983 = CARTESIAN_POINT ( 'NONE',  ( 33.81250000000000711, -2.350480947161660339, 0.9736010864139172938 ) ) ;
#3984 = CARTESIAN_POINT ( 'NONE',  ( 34.56250000000000000, 2.350480947161659895, 0.9736010864139195142 ) ) ;
#3985 = CARTESIAN_POINT ( 'NONE',  ( 32.74999999999999289, 1.836970198721036344E-16, -3.000000000000010658 ) ) ;
#3986 = CARTESIAN_POINT ( 'NONE',  ( 17.87499999999999645, -1.662041016787789482, 1.662041016787788816 ) ) ;
#3987 = LINE ( 'NONE', #1932, #2073 ) ;
#3988 = EDGE_CURVE ( 'NONE', #5132, #719, #834, .T. ) ;
#3989 = CARTESIAN_POINT ( 'NONE',  ( -43.00000000000000000, -2.886751345948128211, 1.040834085586084257E-14 ) ) ;
#3990 = CARTESIAN_POINT ( 'NONE',  ( 24.56250000000001066, 0.9736010864139186261, 2.350480947161659895 ) ) ;
#3991 = CARTESIAN_POINT ( 'NONE',  ( 19.46875000000000000, -3.054126587736535559, -3.740226349862376611E-16 ) ) ;
#3992 = CARTESIAN_POINT ( 'NONE',  ( 35.18750000000000000, -0.9736010864139177379, -2.350480947161660339 ) ) ;
#3993 = CARTESIAN_POINT ( 'NONE',  ( 30.62499999999999645, 1.662041016787788594, 1.662041016787789482 ) ) ;
#3994 = CARTESIAN_POINT ( 'NONE',  ( 19.96875000000000711, 3.054126587736534670, 1.265060653844737759 ) ) ;
#3995 = CARTESIAN_POINT ( 'NONE',  ( 39.12499999999999289, 2.121320343559649491, 2.121320343559650379 ) ) ;
#3996 = ORIENTED_EDGE ( 'NONE', *, *, #825, .T. ) ;
#3997 = CARTESIAN_POINT ( 'NONE',  ( 35.50000000000001421, 1.662041016787788594, 1.662041016787789482 ) ) ;
#3998 = CARTESIAN_POINT ( 'NONE',  ( 20.75000000000000000, 1.836970198721036344E-16, -3.000000000000010658 ) ) ;
#3999 = CARTESIAN_POINT ( 'NONE',  ( 18.25000000000001066, 1.662041016787789260, -1.662041016787788816 ) ) ;
#4000 = CARTESIAN_POINT ( 'NONE',  ( 28.12500000000000711, -5.510910596163109277E-16, 3.000000000000010658 ) ) ;
#4001 = CARTESIAN_POINT ( 'NONE',  ( 42.68789979059499018, 2.352287688010611166, 1.029537197487528033 ) ) ;
#4002 = AXIS2_PLACEMENT_3D ( 'NONE', #4284, #5347, #2745 ) ;
#4003 = CARTESIAN_POINT ( 'NONE',  ( 26.37499999999999645, 1.662041016787789260, -1.662041016787788816 ) ) ;
#4004 = AXIS2_PLACEMENT_3D ( 'NONE', #4570, #1525, #45 ) ;
#4005 = ORIENTED_EDGE ( 'NONE', *, *, #2097, .F. ) ;
#4006 = CARTESIAN_POINT ( 'NONE',  ( 33.65625000000000000, -1.265060653844735317, -3.054126587736535114 ) ) ;
#4007 = CARTESIAN_POINT ( 'NONE',  ( 28.50000000000001066, 1.662041016787788594, 1.662041016787789482 ) ) ;
#4008 = CARTESIAN_POINT ( 'NONE',  ( 25.50000000000000711, 1.662041016787788594, 1.662041016787789482 ) ) ;
#4009 = CARTESIAN_POINT ( 'NONE',  ( 22.93749999999999645, -2.350480947161660339, 0.9736010864139172938 ) ) ;
#4010 = CARTESIAN_POINT ( 'NONE',  ( 26.56250000000000000, -3.000000000000010658, -1.242640687119289877 ) ) ;
#4011 = ORIENTED_EDGE ( 'NONE', *, *, #3056, .F. ) ;
#4012 = CARTESIAN_POINT ( 'NONE',  ( 18.99999999999998934, 3.673940397442072687E-16, -3.000000000000010658 ) ) ;
#4013 = CARTESIAN_POINT ( 'NONE',  ( 19.14917902541545303, -1.816731451501335304, 2.204369995048470088 ) ) ;
#4014 = CARTESIAN_POINT ( 'NONE',  ( 41.93750000000000000, -2.350480947161660339, -0.9736010864139181820 ) ) ;
#4015 = CARTESIAN_POINT ( 'NONE',  ( 35.93750000000000711, -2.350480947161660339, -0.9736010864139181820 ) ) ;
#4016 = CARTESIAN_POINT ( 'NONE',  ( 36.06250000000000000, -2.350480947161660339, -0.9736010864139181820 ) ) ;
#4017 = CARTESIAN_POINT ( 'NONE',  ( 32.12500000000001421, -5.510910596163109277E-16, 3.000000000000010658 ) ) ;
#4018 = EDGE_CURVE ( 'NONE', #4359, #6351, #6413, .T. ) ;
#4019 = CARTESIAN_POINT ( 'NONE',  ( 17.49999999999999645, 2.350480947161660339, 0.000000000000000000 ) ) ;
#4020 = CARTESIAN_POINT ( 'NONE',  ( 30.68750000000000355, -1.242640687119245468, -3.000000000000054623 ) ) ;
#4021 = CARTESIAN_POINT ( 'NONE',  ( 23.87500000000000711, 3.000000000000010658, 0.000000000000000000 ) ) ;
#4022 = CARTESIAN_POINT ( 'NONE',  ( 25.00000000000001066, -1.662041016787788816, -1.662041016787789260 ) ) ;
#4023 = CARTESIAN_POINT ( 'NONE',  ( 22.78125000000000000, 1.265060653844735539, -3.054126587736535114 ) ) ;
#4024 = CARTESIAN_POINT ( 'NONE',  ( 36.12500000000000000, -1.662041016787788816, -1.662041016787789260 ) ) ;
#4025 = EDGE_CURVE ( 'NONE', #2523, #2199, #2300, .T. ) ;
#4026 = CARTESIAN_POINT ( 'NONE',  ( 29.43750000000000355, 2.350480947161660339, -0.9736010864139179599 ) ) ;
#4027 = CARTESIAN_POINT ( 'NONE',  ( 22.21875000000000355, -1.265060653844737315, 3.054126587736534670 ) ) ;
#4028 = CARTESIAN_POINT ( 'NONE',  ( 41.12499999999999289, -1.662041016787788816, -1.662041016787789260 ) ) ;
#4029 = ORIENTED_EDGE ( 'NONE', *, *, #138, .F. ) ;
#4030 = CARTESIAN_POINT ( 'NONE',  ( 36.56250000000002842, 0.9736010864139186261, 2.350480947161659895 ) ) ;
#4031 = CARTESIAN_POINT ( 'NONE',  ( 27.75000000000000000, 1.836970198721036344E-16, -3.000000000000010658 ) ) ;
#4032 = CARTESIAN_POINT ( 'NONE',  ( 42.81249999999999289, -0.9736010864139191812, 2.350480947161659895 ) ) ;
#4033 = CARTESIAN_POINT ( 'NONE',  ( 37.62500000000001421, 1.836970198721036344E-16, -3.000000000000010658 ) ) ;
#4034 = CARTESIAN_POINT ( 'NONE',  ( 42.62864748395067238, 2.585204384719149484, -0.4664867282269966609 ) ) ;
#4035 = CARTESIAN_POINT ( 'NONE',  ( 24.43750000000000355, 2.350480947161660339, -0.9736010864139179599 ) ) ;
#4036 = CYLINDRICAL_SURFACE ( 'NONE', #396, 3.000000000000010658 ) ;
#4037 = CARTESIAN_POINT ( 'NONE',  ( 31.43750000000001066, 2.350480947161659895, 0.9736010864139195142 ) ) ;
#4038 = CARTESIAN_POINT ( 'NONE',  ( 21.56250000000001066, 0.9736010864139186261, 2.350480947161659895 ) ) ;
#4039 = CARTESIAN_POINT ( 'NONE',  ( 20.87499999999999645, -1.662041016787789482, 1.662041016787788816 ) ) ;
#4040 = CARTESIAN_POINT ( 'NONE',  ( 42.31291420479110599, -2.900071885318415088, 0.4858871213455363547 ) ) ;
#4041 = VERTEX_POINT ( 'NONE', #6311 ) ;
#4042 = CARTESIAN_POINT ( 'NONE',  ( 42.88694468509626745, -2.350480947161660339, -0.1860697341852965148 ) ) ;
#4043 = CARTESIAN_POINT ( 'NONE',  ( -38.50000000000000000, 1.443375672974063884, 2.500000000000000444 ) ) ;
#4044 = CARTESIAN_POINT ( 'NONE',  ( 43.00000000000000711, -1.662041016787788816, -1.662041016787789260 ) ) ;
#4045 = CARTESIAN_POINT ( 'NONE',  ( 35.12500000000000711, 1.439254484199183216E-16, -2.350480947161660339 ) ) ;
#4046 = CARTESIAN_POINT ( 'NONE',  ( 30.49999999999999645, 2.350480947161660339, 0.000000000000000000 ) ) ;
#4047 = CARTESIAN_POINT ( 'NONE',  ( 27.18750000000000711, -1.242640687119313192, 2.999999999999987121 ) ) ;
#4048 = CARTESIAN_POINT ( 'NONE',  ( 18.81249999999999645, -0.9736010864139191812, 2.350480947161659895 ) ) ;
#4049 = FACE_OUTER_BOUND ( 'NONE', #5306, .T. ) ;
#4050 = CARTESIAN_POINT ( 'NONE',  ( -43.00000000000000000, 5.510910596163094486E-16, 4.500000000000003553 ) ) ;
#4051 = AXIS2_PLACEMENT_3D ( 'NONE', #1944, #3934, #2369 ) ;
#4052 = CARTESIAN_POINT ( 'NONE',  ( 22.56250000000001066, 0.9736010864139186261, 2.350480947161659895 ) ) ;
#4053 = CARTESIAN_POINT ( 'NONE',  ( 21.46875000000000000, -3.054126587736535559, -3.740226349862376611E-16 ) ) ;
#4054 = CARTESIAN_POINT ( 'NONE',  ( 34.43749999999998579, 2.350480947161660339, -0.9736010864139179599 ) ) ;
#4055 = CARTESIAN_POINT ( 'NONE',  ( 30.87499999999999645, -1.662041016787789482, 1.662041016787788816 ) ) ;
#4056 = CARTESIAN_POINT ( 'NONE',  ( 19.59375000000001066, -1.265060653844735317, -3.054126587736535114 ) ) ;
#4057 = CARTESIAN_POINT ( 'NONE',  ( 42.43750000000000711, 2.350480947161660339, -0.9736010864139179599 ) ) ;
#4058 = ORIENTED_EDGE ( 'NONE', *, *, #4955, .F. ) ;
#4059 = EDGE_CURVE ( 'NONE', #4737, #5920, #2881, .T. ) ;
#4060 = CARTESIAN_POINT ( 'NONE',  ( 34.18750000000000711, 0.9736010864139180709, -2.350480947161660339 ) ) ;
#4061 = CARTESIAN_POINT ( 'NONE',  ( 20.37499999999999645, -2.121320343559650379, 2.121320343559649935 ) ) ;
#4062 = AXIS2_PLACEMENT_3D ( 'NONE', #6114, #6148, #4530 ) ;
#4063 = CARTESIAN_POINT ( 'NONE',  ( 42.12499999999999289, -1.662041016787788816, -1.662041016787789260 ) ) ;
#4064 = DIRECTION ( 'NONE',  ( 0.000000000000000000, 0.000000000000000000, 1.000000000000000000 ) ) ;
#4065 = CARTESIAN_POINT ( 'NONE',  ( 42.69490940751495600, 2.271123882186275811, 1.182997224453158358 ) ) ;
#4066 = CARTESIAN_POINT ( 'NONE',  ( 21.81249999999999645, -0.9736010864139191812, 2.350480947161659895 ) ) ;
#4067 = ADVANCED_FACE ( 'NONE', ( #1780 ), #5787, .T. ) ;
#4068 = FACE_OUTER_BOUND ( 'NONE', #1423, .T. ) ;
#4069 = CARTESIAN_POINT ( 'NONE',  ( 29.62500000000001421, -4.317763452597548908E-16, 2.350480947161660339 ) ) ;
#4070 = CARTESIAN_POINT ( 'NONE',  ( 22.75000000000001066, -1.662041016787789482, 1.662041016787788816 ) ) ;
#4071 = CARTESIAN_POINT ( 'NONE',  ( 19.43749999999999645, 2.350480947161660339, -0.9736010864139179599 ) ) ;
#4072 = CC_DESIGN_PERSON_AND_ORGANIZATION_ASSIGNMENT ( #458, #1878, ( #2955 ) ) ;
#4073 = CARTESIAN_POINT ( 'NONE',  ( 32.12500000000001421, -5.510910596163109277E-16, 3.000000000000010658 ) ) ;
#4074 = AXIS2_PLACEMENT_3D ( 'NONE', #2791, #5443, #2269 ) ;
#4075 = ORIENTED_EDGE ( 'NONE', *, *, #1102, .F. ) ;
#4076 = CARTESIAN_POINT ( 'NONE',  ( 40.62500000000000711, 1.836970198721036344E-16, -3.000000000000010658 ) ) ;
#4077 = CARTESIAN_POINT ( 'NONE',  ( -37.49999999999999289, 0.000000000000000000, 0.000000000000000000 ) ) ;
#4078 = CARTESIAN_POINT ( 'NONE',  ( 40.25000000000000711, 1.662041016787789260, -1.662041016787788816 ) ) ;
#4079 = CARTESIAN_POINT ( 'NONE',  ( 34.25000000000000711, 1.662041016787789260, -1.662041016787788816 ) ) ;
#4080 = CARTESIAN_POINT ( 'NONE',  ( 30.06250000000000000, -2.350480947161660339, -0.9736010864139181820 ) ) ;
#4081 = CARTESIAN_POINT ( 'NONE',  ( 19.03258804659325421, 1.321257897039193052, 2.664074574388844319 ) ) ;
#4082 = CARTESIAN_POINT ( 'NONE',  ( 39.15625000000000711, -5.610339524793564424E-16, 3.054126587736535559 ) ) ;
#4083 = CARTESIAN_POINT ( 'NONE',  ( -43.00000000000000000, 1.443375672974061219, 2.500000000000000444 ) ) ;
#4084 = CARTESIAN_POINT ( 'NONE',  ( -42.62364870297387398, -2.294634733168527507, -1.025576057339861347 ) ) ;
#4085 = CARTESIAN_POINT ( 'NONE',  ( 19.75000000000001066, -1.662041016787789482, 1.662041016787788816 ) ) ;
#4086 = CARTESIAN_POINT ( 'NONE',  ( 21.65624999999999645, -1.265060653844735317, -3.054126587736535114 ) ) ;
#4087 = CARTESIAN_POINT ( 'NONE',  ( 33.43749999999999289, 2.350480947161660339, -0.9736010864139179599 ) ) ;
#4088 = CARTESIAN_POINT ( 'NONE',  ( 25.24999999999999645, 1.439254484199183216E-16, -2.350480947161660339 ) ) ;
#4089 = CARTESIAN_POINT ( 'NONE',  ( 20.65625000000000711, 1.870113174931188306E-16, -3.054126587736535559 ) ) ;
#4090 = CARTESIAN_POINT ( 'NONE',  ( 42.89951905283837874, -2.249613887555834690, 0.6982549938944830892 ) ) ;
#4091 = ADVANCED_BREP_SHAPE_REPRESENTATION ( '91502A180_Blue-Dyed Zinc-Plated Alloy Steel Socket Head Screw', ( #5990, #4849 ), #6421 ) ;
#4092 = ORIENTED_EDGE ( 'NONE', *, *, #4229, .F. ) ;
#4093 = CARTESIAN_POINT ( 'NONE',  ( 34.62500000000000711, -4.317763452597548908E-16, 2.350480947161660339 ) ) ;
#4094 = CARTESIAN_POINT ( 'NONE',  ( -43.00000000000000000, 0.000000000000000000, 0.000000000000000000 ) ) ;
#4095 = LINE ( 'NONE', #3086, #5797 ) ;
#4096 = EDGE_CURVE ( 'NONE', #3945, #2, #5790, .T. ) ;
#4097 = CARTESIAN_POINT ( 'NONE',  ( 34.84375000000001421, 3.054126587736535114, -1.265060653844735317 ) ) ;
#4098 = CARTESIAN_POINT ( 'NONE',  ( 23.18749999999999645, -0.9736010864139177379, -2.350480947161660339 ) ) ;
#4099 = CARTESIAN_POINT ( 'NONE',  ( -43.00000000000000000, 0.000000000000000000, 0.000000000000000000 ) ) ;
#4100 = CARTESIAN_POINT ( 'NONE',  ( 27.87500000000001066, -2.350480947161660339, -2.878508968398366432E-16 ) ) ;
#4101 = VECTOR ( 'NONE', #2382, 1000.000000000000000 ) ;
#4102 = CARTESIAN_POINT ( 'NONE',  ( 18.56250000000001421, 0.9736010864139186261, 2.350480947161659895 ) ) ;
#4103 = CARTESIAN_POINT ( 'NONE',  ( 21.50000000000000000, 2.350480947161660339, 0.000000000000000000 ) ) ;
#4104 = CARTESIAN_POINT ( 'NONE',  ( -42.61271850370236081, 2.041718103336092049, 1.463640510288725771 ) ) ;
#4105 = EDGE_CURVE ( 'NONE', #6090, #3030, #4328, .T. ) ;
#4106 = AXIS2_PLACEMENT_3D ( 'NONE', #4043, #77, #5575 ) ;
#4107 = VERTEX_POINT ( 'NONE', #4017 ) ;
#4108 = CARTESIAN_POINT ( 'NONE',  ( 31.62500000000000711, 1.836970198721036344E-16, -3.000000000000010658 ) ) ;
#4109 = CARTESIAN_POINT ( 'NONE',  ( 42.53125000000000000, -3.054126587736535114, -1.265060653844735761 ) ) ;
#4110 = CARTESIAN_POINT ( 'NONE',  ( 41.12500000000000711, 1.439254484199183216E-16, -2.350480947161660339 ) ) ;
#4111 = CARTESIAN_POINT ( 'NONE',  ( 37.50000000000001421, 1.662041016787788594, 1.662041016787789482 ) ) ;
#4112 = CARTESIAN_POINT ( 'NONE',  ( 31.62500000000000000, 1.662041016787788594, 1.662041016787789482 ) ) ;
#4113 = FACE_OUTER_BOUND ( 'NONE', #3062, .T. ) ;
#4114 = CARTESIAN_POINT ( 'NONE',  ( 42.40625000000000711, -3.054126587736535559, -3.740226349862376611E-16 ) ) ;
#4115 = LINE ( 'NONE', #2673, #1712 ) ;
#4116 = CARTESIAN_POINT ( 'NONE',  ( -42.65087689166703910, -1.917866307361814515, -1.678158113524833794 ) ) ;
#4117 = CARTESIAN_POINT ( 'NONE',  ( 19.24999999999999645, -5.510910596163108291E-16, 3.000000000000010658 ) ) ;
#4118 = CARTESIAN_POINT ( 'NONE',  ( 22.65624999999999645, -1.265060653844735317, -3.054126587736535114 ) ) ;
#4119 = CARTESIAN_POINT ( 'NONE',  ( 35.87500000000000000, -1.662041016787789482, 1.662041016787788816 ) ) ;
#4120 = VERTEX_POINT ( 'NONE', #3003 ) ;
#4121 = CARTESIAN_POINT ( 'NONE',  ( 26.37499999999999645, 1.662041016787789260, -1.662041016787788816 ) ) ;
#4122 = CARTESIAN_POINT ( 'NONE',  ( 18.90625000000000711, 3.054126587736535559, 0.000000000000000000 ) ) ;
#4123 = CARTESIAN_POINT ( 'NONE',  ( 25.81249999999998934, 1.242640687119311416, -2.999999999999988010 ) ) ;
#4124 = VERTEX_POINT ( 'NONE', #2026 ) ;
#4125 = CARTESIAN_POINT ( 'NONE',  ( 33.93750000000000711, -2.350480947161660339, -0.9736010864139181820 ) ) ;
#4126 = CARTESIAN_POINT ( 'NONE',  ( 32.09375000000000000, 2.159593620790634994, 2.159593620790635882 ) ) ;
#4127 = CARTESIAN_POINT ( 'NONE',  ( 32.68749999999999289, -1.242640687119289433, -3.000000000000010658 ) ) ;
#4128 = CARTESIAN_POINT ( 'NONE',  ( 29.12500000000000711, -5.510910596163109277E-16, 3.000000000000010658 ) ) ;
#4129 = DIRECTION ( 'NONE',  ( 0.000000000000000000, 0.000000000000000000, 1.000000000000000000 ) ) ;
#4130 = CARTESIAN_POINT ( 'NONE',  ( 27.15625000000000711, -5.610339524793564424E-16, 3.054126587736535559 ) ) ;
#4131 = CARTESIAN_POINT ( 'NONE',  ( 21.74999999999999645, -4.317763452597548908E-16, 2.350480947161660339 ) ) ;
#4132 = CYLINDRICAL_SURFACE ( 'NONE', #4062, 3.000000000000010658 ) ;
#4133 = CARTESIAN_POINT ( 'NONE',  ( 30.56250000000001066, 0.9736010864139186261, 2.350480947161659895 ) ) ;
#4134 = CARTESIAN_POINT ( 'NONE',  ( 19.87500000000001066, -2.350480947161660339, -2.878508968398366432E-16 ) ) ;
#4135 = CARTESIAN_POINT ( 'NONE',  ( 20.74999999999999645, -4.317763452597548908E-16, 2.350480947161660339 ) ) ;
#4136 = CARTESIAN_POINT ( 'NONE',  ( 42.34610000467467472, -2.874325706962299609, -0.5003029415093546151 ) ) ;
#4137 = AXIS2_PLACEMENT_3D ( 'NONE', #1709, #5326, #2789 ) ;
#4138 = VERTEX_POINT ( 'NONE', #606 ) ;
#4139 = CARTESIAN_POINT ( 'NONE',  ( 25.56249999999999289, -3.000000000000010658, -1.242640687119289877 ) ) ;
#4140 = CARTESIAN_POINT ( 'NONE',  ( 40.21875000000000000, -5.610339524793564424E-16, 3.054126587736535559 ) ) ;
#4141 = EDGE_CURVE ( 'NONE', #2067, #5507, #5854, .T. ) ;
#4142 = CARTESIAN_POINT ( 'NONE',  ( 41.75000000000000711, -1.662041016787789482, 1.662041016787788816 ) ) ;
#4143 = CARTESIAN_POINT ( 'NONE',  ( 31.12500000000001066, 1.439254484199183216E-16, -2.350480947161660339 ) ) ;
#4144 = CARTESIAN_POINT ( 'NONE',  ( 33.18749999999999289, -0.9736010864139177379, -2.350480947161660339 ) ) ;
#4145 = CARTESIAN_POINT ( 'NONE',  ( 41.90625000000000711, 3.054126587736535559, 0.000000000000000000 ) ) ;
#4146 = DIRECTION ( 'NONE',  ( 0.000000000000000000, 0.000000000000000000, 1.000000000000000000 ) ) ;
#4147 = PLANE ( 'NONE',  #3798 ) ;
#4148 = CARTESIAN_POINT ( 'NONE',  ( 22.12500000000001066, 1.439254484199183216E-16, -2.350480947161660339 ) ) ;
#4149 = CARTESIAN_POINT ( 'NONE',  ( 17.21874999999999645, -5.610339524793564424E-16, 3.054126587736535559 ) ) ;
#4150 = CARTESIAN_POINT ( 'NONE',  ( 30.18750000000000355, -0.9736010864139177379, -2.350480947161660339 ) ) ;
#4151 = VERTEX_POINT ( 'NONE', #5638 ) ;
#4152 = CARTESIAN_POINT ( 'NONE',  ( 25.49999999999999645, 2.350480947161660339, 0.000000000000000000 ) ) ;
#4153 = DIRECTION ( 'NONE',  ( -1.000000000000000000, -0.000000000000000000, -0.000000000000000000 ) ) ;
#4154 = CARTESIAN_POINT ( 'NONE',  ( 41.68750000000000000, 0.9736010864139186261, 2.350480947161659895 ) ) ;
#4155 = EDGE_LOOP ( 'NONE', ( #4568, #337, #2013 ) ) ;
#4156 = CARTESIAN_POINT ( 'NONE',  ( 30.75000000000001066, -1.662041016787789482, 1.662041016787788816 ) ) ;
#4157 = CARTESIAN_POINT ( 'NONE',  ( 31.34375000000000355, -2.159593620790635882, 2.159593620790635438 ) ) ;
#4158 = CARTESIAN_POINT ( 'NONE',  ( 41.74999999999999289, -4.317763452597548908E-16, 2.350480947161660339 ) ) ;
#4159 = CARTESIAN_POINT ( 'NONE',  ( 33.68749999999999289, -1.242640687119267451, -3.000000000000032419 ) ) ;
#4160 = AXIS2_PLACEMENT_3D ( 'NONE', #4355, #6367, #3369 ) ;
#4161 = CARTESIAN_POINT ( 'NONE',  ( 42.53032030430907895, -1.845783214405339212, 2.006763618302793706 ) ) ;
#4162 = CARTESIAN_POINT ( 'NONE',  ( 30.15625000000001066, -5.610339524793564424E-16, 3.054126587736535559 ) ) ;
#4163 = CARTESIAN_POINT ( 'NONE',  ( 21.06249999999999645, -2.350480947161660339, -0.9736010864139181820 ) ) ;
#4164 = CARTESIAN_POINT ( 'NONE',  ( 26.50000000000001066, 1.662041016787788594, 1.662041016787789482 ) ) ;
#4165 = CARTESIAN_POINT ( 'NONE',  ( 17.81250000000001421, -2.350480947161660339, 0.9736010864139172938 ) ) ;
#4166 = CARTESIAN_POINT ( 'NONE',  ( 17.93749999999999289, -2.350480947161660339, 0.9736010864139172938 ) ) ;
#4167 = CARTESIAN_POINT ( 'NONE',  ( 42.44660703983794292, -1.111588280684125296, -2.577455597635846640 ) ) ;
#4168 = ORIENTED_EDGE ( 'NONE', *, *, #2790, .F. ) ;
#4169 = ORIENTED_EDGE ( 'NONE', *, *, #3499, .T. ) ;
#4170 = CARTESIAN_POINT ( 'NONE',  ( 40.00000000000000711, -1.662041016787788816, -1.662041016787789260 ) ) ;
#4171 = CARTESIAN_POINT ( 'NONE',  ( 40.40625000000000000, -3.054126587736536447, 1.265060653844735095 ) ) ;
#4172 = CARTESIAN_POINT ( 'NONE',  ( 39.25000000000000711, 1.662041016787789260, -1.662041016787788816 ) ) ;
#4173 = CARTESIAN_POINT ( 'NONE',  ( 30.43750000000001066, 2.350480947161659895, 0.9736010864139195142 ) ) ;
#4174 = CARTESIAN_POINT ( 'NONE',  ( 32.43749999999999289, 2.350480947161660339, -0.9736010864139179599 ) ) ;
#4175 = CARTESIAN_POINT ( 'NONE',  ( 24.68750000000000000, -1.242640687119245468, -3.000000000000054623 ) ) ;
#4176 = ORIENTED_EDGE ( 'NONE', *, *, #2549, .F. ) ;
#4177 = ADVANCED_FACE ( 'NONE', ( #3493 ), #4574, .T. ) ;
#4178 = CARTESIAN_POINT ( 'NONE',  ( 40.65625000000000711, 1.870113174931188306E-16, -3.054126587736535559 ) ) ;
#4179 =( BOUNDED_CURVE ( )  B_SPLINE_CURVE ( 2, ( #5004, #5633, #2600, #601, #5034, #2082, #107, #1524, #4076 ),
 .UNSPECIFIED., .F., .F. ) 
 B_SPLINE_CURVE_WITH_KNOTS ( ( 3, 2, 2, 2, 3 ),
 ( 0.1057692307692306016, 0.1105769230769229061, 0.1153846153846152245, 0.1201923076923075429, 0.1249999999999998473 ),
 .UNSPECIFIED. ) 
 CURVE ( )  GEOMETRIC_REPRESENTATION_ITEM ( )  RATIONAL_B_SPLINE_CURVE ( ( 1.000000000000002665, 0.9238795325112840739, 1.000000000000000000, 0.9238795325112867385, 1.000000000000000000, 0.9238795325112867385, 1.000000000000000000, 0.9238795325112891810, 0.9999999999999975575 ) ) 
 REPRESENTATION_ITEM ( '' )  );
#4180 = DIRECTION ( 'NONE',  ( -1.000000000000000000, -0.000000000000000000, -0.000000000000000000 ) ) ;
#4181 = CARTESIAN_POINT ( 'NONE',  ( 35.25000000000000711, -2.121320343559650379, 2.121320343559649935 ) ) ;
#4182 = CARTESIAN_POINT ( 'NONE',  ( 21.62500000000000711, -4.317763452597548908E-16, 2.350480947161660339 ) ) ;
#4183 = CARTESIAN_POINT ( 'NONE',  ( 17.59375000000000000, -2.159593620790635438, -2.159593620790635438 ) ) ;
#4184 = CARTESIAN_POINT ( 'NONE',  ( 29.56250000000000000, 2.350480947161659895, 0.9736010864139195142 ) ) ;
#4185 = CARTESIAN_POINT ( 'NONE',  ( 41.68750000000000000, 0.9736010864139186261, 2.350480947161659895 ) ) ;
#4186 = ORIENTED_EDGE ( 'NONE', *, *, #1217, .T. ) ;
#4187 = ADVANCED_FACE ( 'NONE', ( #4113, #4607 ), #1130, .F. ) ;
#4188 = CARTESIAN_POINT ( 'NONE',  ( 28.56249999999999645, 2.350480947161659895, 0.9736010864139195142 ) ) ;
#4189 = CARTESIAN_POINT ( 'NONE',  ( 31.81250000000000711, 3.000000000000010658, -1.242640687119289433 ) ) ;
#4190 = CARTESIAN_POINT ( 'NONE',  ( 39.24999999999999289, 1.439254484199183216E-16, -2.350480947161660339 ) ) ;
#4191 = ORIENTED_EDGE ( 'NONE', *, *, #2750, .T. ) ;
#4192 = CARTESIAN_POINT ( 'NONE',  ( 34.50000000000000711, 1.662041016787788594, 1.662041016787789482 ) ) ;
#4193 = CARTESIAN_POINT ( 'NONE',  ( 29.28125000000000355, -1.265060653844737315, 3.054126587736534670 ) ) ;
#4194 = CARTESIAN_POINT ( 'NONE',  ( 42.06249999999999289, -2.350480947161660339, -0.9736010864139181820 ) ) ;
#4195 = CARTESIAN_POINT ( 'NONE',  ( 21.62499999999999645, -2.121320343559649935, -2.121320343559649935 ) ) ;
#4196 = CARTESIAN_POINT ( 'NONE',  ( 29.90625000000001066, 3.054126587736535559, 0.000000000000000000 ) ) ;
#4197 = CARTESIAN_POINT ( 'NONE',  ( 23.81249999999999645, -0.9736010864139191812, 2.350480947161659895 ) ) ;
#4198 = CARTESIAN_POINT ( 'NONE',  ( -43.00000000000000000, 0.000000000000000000, 0.000000000000000000 ) ) ;
#4199 = CARTESIAN_POINT ( 'NONE',  ( 25.25000000000001066, 1.662041016787789260, -1.662041016787788816 ) ) ;
#4200 = CARTESIAN_POINT ( 'NONE',  ( 18.31250000000001421, 2.350480947161660339, -0.9736010864139179599 ) ) ;
#4201 = CARTESIAN_POINT ( 'NONE',  ( 42.40157387240297737, -2.155818906455250872, -1.867030946147474557 ) ) ;
#4202 = ORIENTED_EDGE ( 'NONE', *, *, #648, .T. ) ;
#4203 = CARTESIAN_POINT ( 'NONE',  ( 42.56250000000001421, 0.9736010864139186261, 2.350480947161659895 ) ) ;
#4204 = CARTESIAN_POINT ( 'NONE',  ( 40.71875000000000000, 1.870113174931188306E-16, -3.054126587736535559 ) ) ;
#4205 = CARTESIAN_POINT ( 'NONE',  ( 39.18750000000002132, 0.9736010864139180709, -2.350480947161660339 ) ) ;
#4206 = CARTESIAN_POINT ( 'NONE',  ( 29.93750000000001066, -2.350480947161660339, -0.9736010864139181820 ) ) ;
#4207 = CARTESIAN_POINT ( 'NONE',  ( 26.24999999999999645, 1.439254484199183216E-16, -2.350480947161660339 ) ) ;
#4208 = CARTESIAN_POINT ( 'NONE',  ( 34.68750000000000000, 1.242640687119333620, -2.999999999999966693 ) ) ;
#4209 = ORIENTED_EDGE ( 'NONE', *, *, #5599, .F. ) ;
#4210 = CARTESIAN_POINT ( 'NONE',  ( 41.65625000000000711, 1.870113174931188306E-16, -3.054126587736535559 ) ) ;
#4211 = CARTESIAN_POINT ( 'NONE',  ( -43.00000000000000000, 0.000000000000000000, 0.000000000000000000 ) ) ;
#4212 = CARTESIAN_POINT ( 'NONE',  ( -38.50000000000000000, -1.443375672974068991, -2.499999999999996891 ) ) ;
#4213 = VECTOR ( 'NONE', #4610, 1000.000000000000000 ) ;
#4214 = CC_DESIGN_SECURITY_CLASSIFICATION ( #5167, ( #2955 ) ) ;
#4215 = CARTESIAN_POINT ( 'NONE',  ( 37.75000000000000000, 1.836970198721036344E-16, -3.000000000000010658 ) ) ;
#4216 = CARTESIAN_POINT ( 'NONE',  ( 17.46874999999999645, -3.054126587736535559, -3.740226349862376611E-16 ) ) ;
#4217 = CARTESIAN_POINT ( 'NONE',  ( 29.25000000000000000, 1.439254484199183216E-16, -2.350480947161660339 ) ) ;
#4218 = EDGE_CURVE ( 'NONE', #719, #1190, #1627, .T. ) ;
#4219 = CARTESIAN_POINT ( 'NONE',  ( 39.56250000000000711, 2.350480947161659895, 0.9736010864139195142 ) ) ;
#4220 = ORIENTED_EDGE ( 'NONE', *, *, #5320, .T. ) ;
#4221 =( BOUNDED_CURVE ( )  B_SPLINE_CURVE ( 2, ( #6264, #6417, #4932, #4903, #1830, #3819, #1857, #897, #2317 ),
 .UNSPECIFIED., .F., .F. ) 
 B_SPLINE_CURVE_WITH_KNOTS ( ( 3, 2, 2, 2, 3 ),
 ( 0.8749999999999998890, 0.8798076923076921796, 0.8846153846153844702, 0.8894230769230767608, 0.8942307692307691624 ),
 .UNSPECIFIED. ) 
 CURVE ( )  GEOMETRIC_REPRESENTATION_ITEM ( )  RATIONAL_B_SPLINE_CURVE ( ( 1.000000000000001776, 0.9238795325112849621, 1.000000000000000000, 0.9238795325112867385, 1.000000000000000000, 0.9238795325112867385, 1.000000000000000000, 0.9238795325112885148, 0.9999999999999982236 ) ) 
 REPRESENTATION_ITEM ( '' )  );
#4222 = CARTESIAN_POINT ( 'NONE',  ( 25.81249999999999645, -0.9736010864139191812, 2.350480947161659895 ) ) ;
#4223 = CARTESIAN_POINT ( 'NONE',  ( 19.68750000000000355, 1.242640687119311416, -2.999999999999988010 ) ) ;
#4224 = CARTESIAN_POINT ( 'NONE',  ( 37.12500000000000000, -1.662041016787788816, -1.662041016787789260 ) ) ;
#4225 = ORIENTED_EDGE ( 'NONE', *, *, #5031, .T. ) ;
#4226 = CARTESIAN_POINT ( 'NONE',  ( 28.18750000000001066, 0.9736010864139180709, -2.350480947161660339 ) ) ;
#4227 = CARTESIAN_POINT ( 'NONE',  ( 29.34375000000000000, -2.159593620790635882, 2.159593620790635438 ) ) ;
#4228 = DIRECTION ( 'NONE',  ( 0.000000000000000000, 0.000000000000000000, 1.000000000000000000 ) ) ;
#4229 = EDGE_CURVE ( 'NONE', #5639, #2444, #3559, .T. ) ;
#4230 = CARTESIAN_POINT ( 'NONE',  ( -43.00000000000000000, 0.000000000000000000, 0.000000000000000000 ) ) ;
#4231 = CARTESIAN_POINT ( 'NONE',  ( 29.34375000000000711, -3.054126587736536447, 1.265060653844735095 ) ) ;
#4232 = CARTESIAN_POINT ( 'NONE',  ( 38.75000000000001421, 2.121320343559649935, -2.121320343559649935 ) ) ;
#4233 = CARTESIAN_POINT ( 'NONE',  ( 27.31250000000001066, 2.350480947161660339, -0.9736010864139179599 ) ) ;
#4234 = CARTESIAN_POINT ( 'NONE',  ( 20.56250000000001776, 0.9736010864139186261, 2.350480947161659895 ) ) ;
#4235 = CARTESIAN_POINT ( 'NONE',  ( -43.00000000000000000, 0.000000000000000000, 3.000000000000010658 ) ) ;
#4236 = CARTESIAN_POINT ( 'NONE',  ( 42.40631700420817651, -2.057537979555483343, -1.968027888167330763 ) ) ;
#4237 = CARTESIAN_POINT ( 'NONE',  ( 34.74999999999999289, -4.317763452597548908E-16, 2.350480947161660339 ) ) ;
#4238 = VERTEX_POINT ( 'NONE', #6029 ) ;
#4239 = CARTESIAN_POINT ( 'NONE',  ( 40.50000000000000711, 1.662041016787788594, 1.662041016787789482 ) ) ;
#4240 = CARTESIAN_POINT ( 'NONE',  ( 39.15625000000000000, 1.265060653844736205, 3.054126587736534670 ) ) ;
#4241 = CARTESIAN_POINT ( 'NONE',  ( 35.75000000000001421, -1.662041016787789482, 1.662041016787788816 ) ) ;
#4242 = CARTESIAN_POINT ( 'NONE',  ( 33.06250000000000711, -0.9736010864139177379, -2.350480947161660339 ) ) ;
#4243 = CARTESIAN_POINT ( 'NONE',  ( 26.74999999999999645, -4.317763452597548908E-16, 2.350480947161660339 ) ) ;
#4244 = CARTESIAN_POINT ( 'NONE',  ( 24.56250000000000711, -1.242640687119267451, -3.000000000000032419 ) ) ;
#4245 = ORIENTED_EDGE ( 'NONE', *, *, #4615, .F. ) ;
#4246 = CARTESIAN_POINT ( 'NONE',  ( 37.15625000000000711, -5.610339524793564424E-16, 3.054126587736535559 ) ) ;
#4247 = CARTESIAN_POINT ( 'NONE',  ( -42.49999999999999289, 0.000000000000000000, 0.000000000000000000 ) ) ;
#4248 = CIRCLE ( 'NONE', #5728, 3.000000000000010658 ) ;
#4249 = CARTESIAN_POINT ( 'NONE',  ( 26.93750000000001066, 3.000000000000009770, 1.242640687119291654 ) ) ;
#4250 = CARTESIAN_POINT ( 'NONE',  ( -43.00000000000000000, 0.000000000000000000, 0.000000000000000000 ) ) ;
#4251 = CARTESIAN_POINT ( 'NONE',  ( 18.40624999999999645, -3.054126587736536447, 1.265060653844735095 ) ) ;
#4252 = CARTESIAN_POINT ( 'NONE',  ( 32.18749999999999289, -0.9736010864139177379, -2.350480947161660339 ) ) ;
#4253 = CARTESIAN_POINT ( 'NONE',  ( 40.06249999999999289, -2.350480947161660339, -0.9736010864139181820 ) ) ;
#4254 = CARTESIAN_POINT ( 'NONE',  ( 24.62499999999999645, 1.662041016787788594, 1.662041016787789482 ) ) ;
#4255 = CARTESIAN_POINT ( 'NONE',  ( 20.06250000000000711, 1.242640687119268339, 3.000000000000031974 ) ) ;
#4256 = CARTESIAN_POINT ( 'NONE',  ( 38.62500000000000000, 1.662041016787788594, 1.662041016787789482 ) ) ;
#4257 = VERTEX_POINT ( 'NONE', #2605 ) ;
#4258 = CARTESIAN_POINT ( 'NONE',  ( 27.18750000000001066, 0.9736010864139180709, -2.350480947161660339 ) ) ;
#4259 = CARTESIAN_POINT ( 'NONE',  ( 27.46875000000000000, -3.054126587736535559, -3.740226349862376611E-16 ) ) ;
#4260 = CARTESIAN_POINT ( 'NONE',  ( 19.64951905283834677, -0.3698219102110603673, 2.321204953832775253 ) ) ;
#4261 = CARTESIAN_POINT ( 'NONE',  ( 38.06249999999999289, 3.000000000000009770, 1.242640687119291654 ) ) ;
#4262 = CARTESIAN_POINT ( 'NONE',  ( 27.28125000000000711, -2.159593620790635882, 2.159593620790635438 ) ) ;
#4263 = ADVANCED_FACE ( 'NONE', ( #3133 ), #5611, .T. ) ;
#4264 = CYLINDRICAL_SURFACE ( 'NONE', #6143, 3.000000000000010658 ) ;
#4265 = CARTESIAN_POINT ( 'NONE',  ( 33.62500000000000711, 1.836970198721036344E-16, -3.000000000000010658 ) ) ;
#4266 = CARTESIAN_POINT ( 'NONE',  ( 26.06250000000001066, -0.9736010864139177379, -2.350480947161660339 ) ) ;
#4267 = CARTESIAN_POINT ( 'NONE',  ( 39.87499999999999289, 2.121320343559649935, -2.121320343559649935 ) ) ;
#4268 = CARTESIAN_POINT ( 'NONE',  ( -43.00000000000000000, -1.443375672974070323, 2.499999999999995559 ) ) ;
#4269 = DIRECTION ( 'NONE',  ( -1.000000000000000000, 0.000000000000000000, 0.000000000000000000 ) ) ;
#4270 = B_SPLINE_CURVE_WITH_KNOTS ( 'NONE', 3,
 ( #1364, #1892, #5838, #5898, #1395, #3333, #5345, #903, #4841, #2901, #4538, #5509, #3587, #1458, #2481, #3033, #5994, #5035, #6457, #3064, #4476, #2512, #534, #4013, #3981, #1992, #5544, #1591, #5473, #11, #3521, #2022 ),
 .UNSPECIFIED., .F., .F.,
 ( 4, 2, 2, 2, 2, 2, 2, 2, 2, 2, 2, 2, 2, 2, 2, 4 ),
 ( 0.006212128443284415172, 0.006753542698233718639, 0.007294956953183022105, 0.007836371208132325572, 0.008377785463081629039, 0.008919199718030932506, 0.009460613972980237707, 0.01000202822792954291, 0.01054344248287884638, 0.01162627099277745504, 0.01216768524772675851, 0.01270909950267606198, 0.01325051375762536718, 0.01379192801257467238, 0.01433334226752397758, 0.01487475652247328278 ),
 .UNSPECIFIED. ) ;
#4271 = ADVANCED_FACE ( 'NONE', ( #5105 ), #5548, .T. ) ;
#4272 = CARTESIAN_POINT ( 'NONE',  ( 36.12500000000000000, -1.662041016787788816, -1.662041016787789260 ) ) ;
#4273 = VERTEX_POINT ( 'NONE', #638 ) ;
#4274 = CARTESIAN_POINT ( 'NONE',  ( 41.50000000000000711, 1.662041016787788594, 1.662041016787789482 ) ) ;
#4275 = CARTESIAN_POINT ( 'NONE',  ( 37.96875000000000000, 3.054126587736535559, 0.000000000000000000 ) ) ;
#4276 = CARTESIAN_POINT ( 'NONE',  ( 36.25000000000001421, 1.662041016787789260, -1.662041016787788816 ) ) ;
#4277 = CARTESIAN_POINT ( 'NONE',  ( 32.56250000000000711, 0.9736010864139186261, 2.350480947161659895 ) ) ;
#4278 = CARTESIAN_POINT ( 'NONE',  ( 29.31249999999999645, 0.9736010864139180709, -2.350480947161660339 ) ) ;
#4279 = CARTESIAN_POINT ( 'NONE',  ( 35.00000000000000711, 2.121320343559649491, 2.121320343559650379 ) ) ;
#4280 = VECTOR ( 'NONE', #2671, 1000.000000000000000 ) ;
#4281 = CARTESIAN_POINT ( 'NONE',  ( 35.53125000000000711, -2.159593620790635438, -2.159593620790635438 ) ) ;
#4282 = CARTESIAN_POINT ( 'NONE',  ( 26.62500000000000711, 1.836970198721036344E-16, -3.000000000000010658 ) ) ;
#4283 = AXIS2_PLACEMENT_3D ( 'NONE', #963, #6451, #4837 ) ;
#4284 = CARTESIAN_POINT ( 'NONE',  ( 18.99999999999999289, 0.000000000000000000, 0.000000000000000000 ) ) ;
#4285 = CARTESIAN_POINT ( 'NONE',  ( 42.18750000000000711, 0.9736010864139180709, -2.350480947161660339 ) ) ;
#4286 = CARTESIAN_POINT ( 'NONE',  ( 30.31250000000000000, 0.9736010864139180709, -2.350480947161660339 ) ) ;
#4287 = CARTESIAN_POINT ( 'NONE',  ( 40.68749999999999289, 0.9736010864139186261, 2.350480947161659895 ) ) ;
#4288 = CARTESIAN_POINT ( 'NONE',  ( 22.68749999999999645, 0.9736010864139186261, 2.350480947161659895 ) ) ;
#4289 = CARTESIAN_POINT ( 'NONE',  ( 19.51451614063682882, 2.294106174329646475, -0.9652251502314638243 ) ) ;
#4290 = CARTESIAN_POINT ( 'NONE',  ( 37.87500000000000000, -1.662041016787789482, 1.662041016787788816 ) ) ;
#4291 = ORIENTED_EDGE ( 'NONE', *, *, #941, .T. ) ;
#4292 = CARTESIAN_POINT ( 'NONE',  ( 29.18750000000001066, 0.9736010864139180709, -2.350480947161660339 ) ) ;
#4293 = CARTESIAN_POINT ( 'NONE',  ( 28.96875000000000000, 3.054126587736535559, 0.000000000000000000 ) ) ;
#4294 = CARTESIAN_POINT ( 'NONE',  ( 41.06249999999999289, -2.350480947161660339, -0.9736010864139181820 ) ) ;
#4295 =( BOUNDED_CURVE ( )  B_SPLINE_CURVE ( 2, ( #3049, #588, #3151, #2588, #4589, #94, #5153, #4654, #5753 ),
 .UNSPECIFIED., .F., .F. ) 
 B_SPLINE_CURVE_WITH_KNOTS ( ( 3, 2, 2, 2, 3 ),
 ( 0.1442307692307694955, 0.1490384615384617861, 0.1538461538461540490, 0.1586538461538463118, 0.1634615384615386025 ),
 .UNSPECIFIED. ) 
 CURVE ( )  GEOMETRIC_REPRESENTATION_ITEM ( )  RATIONAL_B_SPLINE_CURVE ( ( 0.9999999999999964473, 0.9238795325112902912, 1.000000000000000000, 0.9238795325112867385, 1.000000000000000000, 0.9238795325112867385, 1.000000000000000000, 0.9238795325112840739, 1.000000000000002665 ) ) 
 REPRESENTATION_ITEM ( '' )  );
#4296 = CARTESIAN_POINT ( 'NONE',  ( 38.18750000000000000, 1.242640687119246579, 3.000000000000054179 ) ) ;
#4297 = EDGE_LOOP ( 'NONE', ( #4406, #2807, #2227, #1170, #1970, #4905, #2928, #3082 ) ) ;
#4298 = CARTESIAN_POINT ( 'NONE',  ( 25.28125000000000711, -2.159593620790635882, 2.159593620790635438 ) ) ;
#4299 = CARTESIAN_POINT ( 'NONE',  ( 20.62500000000000711, 1.836970198721036344E-16, -3.000000000000010658 ) ) ;
#4300 = CARTESIAN_POINT ( 'NONE',  ( 35.25000000000000000, -5.510910596163108291E-16, 3.000000000000010658 ) ) ;
#4301 = CARTESIAN_POINT ( 'NONE',  ( 26.56250000000001066, 0.9736010864139186261, 2.350480947161659895 ) ) ;
#4302 = CARTESIAN_POINT ( 'NONE',  ( -43.00000000000000000, 3.673940397442072687E-16, -3.000000000000010658 ) ) ;
#4303 = CARTESIAN_POINT ( 'NONE',  ( -42.61324865405186557, -3.534096855390132888E-25, 2.500000000000000444 ) ) ;
#4304 = EDGE_CURVE ( 'NONE', #6241, #4124, #1463, .T. ) ;
#4305 = CARTESIAN_POINT ( 'NONE',  ( 28.75000000000000000, 1.836970198721036344E-16, -3.000000000000010658 ) ) ;
#4306 = CARTESIAN_POINT ( 'NONE',  ( 33.43749999999999289, 2.350480947161660339, -0.9736010864139179599 ) ) ;
#4307 = ORIENTED_EDGE ( 'NONE', *, *, #5882, .F. ) ;
#4308 = CARTESIAN_POINT ( 'NONE',  ( 38.40625000000000711, -3.054126587736536447, 1.265060653844735095 ) ) ;
#4309 = CARTESIAN_POINT ( 'NONE',  ( 38.68750000000001421, -0.9736010864139191812, 2.350480947161659895 ) ) ;
#4310 = CARTESIAN_POINT ( 'NONE',  ( 27.31250000000001066, 2.350480947161660339, -0.9736010864139179599 ) ) ;
#4311 = CARTESIAN_POINT ( 'NONE',  ( 28.18750000000000355, -0.9736010864139177379, -2.350480947161660339 ) ) ;
#4312 = ADVANCED_FACE ( 'NONE', ( #1068 ), #4505, .T. ) ;
#4313 = CARTESIAN_POINT ( 'NONE',  ( 29.50000000000000355, -3.000000000000010658, -3.673940397442072687E-16 ) ) ;
#4314 = VERTEX_POINT ( 'NONE', #4542 ) ;
#4315 = CARTESIAN_POINT ( 'NONE',  ( 38.53125000000000711, -2.159593620790635438, -2.159593620790635438 ) ) ;
#4316 = CYLINDRICAL_SURFACE ( 'NONE', #232, 3.000000000000010658 ) ;
#4317 = CARTESIAN_POINT ( 'NONE',  ( 40.06250000000001421, -0.9736010864139177379, -2.350480947161660339 ) ) ;
#4318 = CARTESIAN_POINT ( 'NONE',  ( 28.56249999999999645, 2.350480947161659895, 0.9736010864139195142 ) ) ;
#4319 = CARTESIAN_POINT ( 'NONE',  ( 37.68750000000000000, 0.9736010864139186261, 2.350480947161659895 ) ) ;
#4320 = AXIS2_PLACEMENT_3D ( 'NONE', #1787, #1223, #5335 ) ;
#4321 = CARTESIAN_POINT ( 'NONE',  ( 22.49999999999999645, 2.350480947161660339, 0.000000000000000000 ) ) ;
#4322 = CARTESIAN_POINT ( 'NONE',  ( 19.46283806916065373, 1.549712760830254332, -2.013051197031944906 ) ) ;
#4323 = CONICAL_SURFACE ( 'NONE', #655, 4.500000000000003553, 0.7853981633974482790 ) ;
#4324 = CARTESIAN_POINT ( 'NONE',  ( 37.25000000000000000, 1.439254484199183216E-16, -2.350480947161660339 ) ) ;
#4325 = CARTESIAN_POINT ( 'NONE',  ( 28.00000000000001066, -1.662041016787788816, -1.662041016787789260 ) ) ;
#4326 = CARTESIAN_POINT ( 'NONE',  ( 28.46875000000000000, -3.054126587736535559, -3.740226349862376611E-16 ) ) ;
#4327 = CARTESIAN_POINT ( 'NONE',  ( 40.06249999999999289, -2.350480947161660339, -0.9736010864139181820 ) ) ;
#4328 = LINE ( 'NONE', #1430, #1045 ) ;
#4329 = CARTESIAN_POINT ( 'NONE',  ( 26.90625000000000711, 3.054126587736535559, 0.000000000000000000 ) ) ;
#4330 = CARTESIAN_POINT ( 'NONE',  ( 19.81249999999999645, -0.9736010864139191812, 2.350480947161659895 ) ) ;
#4331 = CARTESIAN_POINT ( 'NONE',  ( 33.75000000000000711, 2.121320343559649935, -2.121320343559649935 ) ) ;
#4332 = CARTESIAN_POINT ( 'NONE',  ( 22.68750000000000711, -0.9736010864139191812, 2.350480947161659895 ) ) ;
#4333 = CARTESIAN_POINT ( 'NONE',  ( 41.62500000000000711, 1.836970198721036344E-16, -3.000000000000010658 ) ) ;
#4334 = APPROVAL_STATUS ( 'not_yet_approved' ) ;
#4335 = CARTESIAN_POINT ( 'NONE',  ( 33.99999999999999289, -2.350480947161660339, -2.878508968398366432E-16 ) ) ;
#4336 = EDGE_CURVE ( 'NONE', #4747, #5992, #1505, .T. ) ;
#4337 = EDGE_LOOP ( 'NONE', ( #1093, #259, #5525, #4368 ) ) ;
#4338 = CARTESIAN_POINT ( 'NONE',  ( 37.15625000000000000, 1.265060653844736205, 3.054126587736534670 ) ) ;
#4339 = CARTESIAN_POINT ( 'NONE',  ( 31.93750000000001066, -2.350480947161660339, -0.9736010864139181820 ) ) ;
#4340 = CARTESIAN_POINT ( 'NONE',  ( 27.06250000000000711, -0.9736010864139177379, -2.350480947161660339 ) ) ;
#4341 = CARTESIAN_POINT ( 'NONE',  ( 26.49999999999999645, 2.350480947161660339, 0.000000000000000000 ) ) ;
#4342 = CARTESIAN_POINT ( 'NONE',  ( 29.43750000000000355, -3.000000000000011102, 1.242640687119288989 ) ) ;
#4343 = ORIENTED_EDGE ( 'NONE', *, *, #2830, .T. ) ;
#4344 = ORIENTED_EDGE ( 'NONE', *, *, #6322, .T. ) ;
#4345 = CARTESIAN_POINT ( 'NONE',  ( 35.40625000000000711, -3.054126587736535559, -3.740226349862376611E-16 ) ) ;
#4346 = EDGE_CURVE ( 'NONE', #1393, #2199, #1257, .T. ) ;
#4347 = CARTESIAN_POINT ( 'NONE',  ( 25.68750000000000711, 1.242640687119289877, -3.000000000000010658 ) ) ;
#4348 = CARTESIAN_POINT ( 'NONE',  ( 39.56249999999998579, -3.000000000000010658, -1.242640687119289877 ) ) ;
#4349 = CYLINDRICAL_SURFACE ( 'NONE', #2953, 3.000000000000010658 ) ;
#4350 = CARTESIAN_POINT ( 'NONE',  ( 39.93750000000000711, -2.350480947161660339, -0.9736010864139181820 ) ) ;
#4351 = CARTESIAN_POINT ( 'NONE',  ( 38.75000000000000000, -4.317763452597548908E-16, 2.350480947161660339 ) ) ;
#4352 = ORIENTED_EDGE ( 'NONE', *, *, #5607, .F. ) ;
#4353 = VECTOR ( 'NONE', #2305, 1000.000000000000000 ) ;
#4354 = CARTESIAN_POINT ( 'NONE',  ( 22.74999999999999645, -4.317763452597548908E-16, 2.350480947161660339 ) ) ;
#4355 = CARTESIAN_POINT ( 'NONE',  ( -43.00000000000000000, 0.000000000000000000, 0.000000000000000000 ) ) ;
#4356 = CARTESIAN_POINT ( 'NONE',  ( 28.43750000000000711, 2.350480947161659895, 0.9736010864139195142 ) ) ;
#4357 = CARTESIAN_POINT ( 'NONE',  ( 24.34375000000000000, -2.159593620790635882, 2.159593620790635438 ) ) ;
#4358 = CARTESIAN_POINT ( 'NONE',  ( 39.18750000000000000, -0.9736010864139177379, -2.350480947161660339 ) ) ;
#4359 = VERTEX_POINT ( 'NONE', #773 ) ;
#4360 = CARTESIAN_POINT ( 'NONE',  ( 26.84375000000000711, 3.054126587736535114, -1.265060653844735317 ) ) ;
#4361 = CARTESIAN_POINT ( 'NONE',  ( 40.12500000000000711, -5.510910596163109277E-16, 3.000000000000010658 ) ) ;
#4362 = CARTESIAN_POINT ( 'NONE',  ( 19.87500000000001066, -2.350480947161660339, -2.878508968398366432E-16 ) ) ;
#4363 = DIRECTION ( 'NONE',  ( -1.000000000000000000, -0.000000000000000000, -0.000000000000000000 ) ) ;
#4364 = APPROVAL_ROLE ( '' ) ;
#4365 = FACE_OUTER_BOUND ( 'NONE', #6038, .T. ) ;
#4366 = CARTESIAN_POINT ( 'NONE',  ( 36.06250000000000000, -2.350480947161660339, -0.9736010864139181820 ) ) ;
#4367 = AXIS2_PLACEMENT_3D ( 'NONE', #3495, #1565, #5075 ) ;
#4368 = ORIENTED_EDGE ( 'NONE', *, *, #3319, .F. ) ;
#4369 = CARTESIAN_POINT ( 'NONE',  ( 36.78125000000000711, 1.265060653844735539, -3.054126587736535114 ) ) ;
#4370 = CARTESIAN_POINT ( 'NONE',  ( 34.18750000000000711, 0.9736010864139180709, -2.350480947161660339 ) ) ;
#4371 = CARTESIAN_POINT ( 'NONE',  ( 28.81250000000001421, -2.350480947161660339, 0.9736010864139172938 ) ) ;
#4372 = CARTESIAN_POINT ( 'NONE',  ( 23.56249999999999645, 2.350480947161659895, 0.9736010864139195142 ) ) ;
#4373 = CARTESIAN_POINT ( 'NONE',  ( 36.06250000000000711, 1.242640687119235254, 3.000000000000065281 ) ) ;
#4374 = ORIENTED_EDGE ( 'NONE', *, *, #3237, .T. ) ;
#4375 = CARTESIAN_POINT ( 'NONE',  ( 34.53125000000000711, -2.159593620790635438, -2.159593620790635438 ) ) ;
#4376 = CARTESIAN_POINT ( 'NONE',  ( 39.43750000000001421, -3.000000000000010658, -1.242640687119289877 ) ) ;
#4377 = DIRECTION ( 'NONE',  ( -1.000000000000000000, -0.000000000000000000, -0.000000000000000000 ) ) ;
#4378 = LINE ( 'NONE', #440, #2538 ) ;
#4379 = CARTESIAN_POINT ( 'NONE',  ( 39.06250000000002132, -0.9736010864139177379, -2.350480947161660339 ) ) ;
#4380 = CARTESIAN_POINT ( 'NONE',  ( 35.25000000000000000, 1.439254484199183216E-16, -2.350480947161660339 ) ) ;
#4381 = EDGE_CURVE ( 'NONE', #1754, #6175, #806, .T. ) ;
#4382 = CARTESIAN_POINT ( 'NONE',  ( 24.49999999999999645, 2.350480947161660339, 0.000000000000000000 ) ) ;
#4383 = DIRECTION ( 'NONE',  ( 0.000000000000000000, 0.000000000000000000, 1.000000000000000000 ) ) ;
#4384 = CARTESIAN_POINT ( 'NONE',  ( 25.18750000000001066, 0.9736010864139180709, -2.350480947161660339 ) ) ;
#4385 = CARTESIAN_POINT ( 'NONE',  ( 24.03125000000000000, 3.054126587736534670, 1.265060653844737759 ) ) ;
#4386 = CARTESIAN_POINT ( 'NONE',  ( 38.81250000000000000, -0.9736010864139191812, 2.350480947161659895 ) ) ;
#4387 = ORIENTED_EDGE ( 'NONE', *, *, #6436, .T. ) ;
#4388 = CARTESIAN_POINT ( 'NONE',  ( 27.09375000000000711, 1.265060653844736205, 3.054126587736534670 ) ) ;
#4389 = CARTESIAN_POINT ( 'NONE',  ( 40.00000000000000711, 2.121320343559649491, 2.121320343559650379 ) ) ;
#4390 =( BOUNDED_CURVE ( )  B_SPLINE_CURVE ( 2, ( #522, #6048, #1548, #3542, #3051, #5458, #5055, #2561, #66 ),
 .UNSPECIFIED., .F., .T. ) 
 B_SPLINE_CURVE_WITH_KNOTS ( ( 3, 2, 2, 2, 3 ),
 ( 0.5096153846153844702, 0.5144230769230767608, 0.5192307692307691624, 0.5240384615384613420, 0.5288461538461536326 ),
 .UNSPECIFIED. ) 
 CURVE ( )  GEOMETRIC_REPRESENTATION_ITEM ( )  RATIONAL_B_SPLINE_CURVE ( ( 1.000000000000001776, 0.9238795325112849621, 1.000000000000000000, 0.9238795325112867385, 1.000000000000000000, 0.9238795325112867385, 1.000000000000000000, 0.9238795325112902912, 0.9999999999999964473 ) ) 
 REPRESENTATION_ITEM ( '' )  );
#4391 = CARTESIAN_POINT ( 'NONE',  ( 42.31250000000000711, 2.350480947161660339, -0.9736010864139179599 ) ) ;
#4392 = CARTESIAN_POINT ( 'NONE',  ( 33.06250000000000711, 1.242640687119257459, 3.000000000000043077 ) ) ;
#4393 = CARTESIAN_POINT ( 'NONE',  ( 20.68750000000001421, -0.9736010864139191812, 2.350480947161659895 ) ) ;
#4394 = FACE_OUTER_BOUND ( 'NONE', #914, .T. ) ;
#4395 = CALENDAR_DATE ( 2026, 8, 1 ) ;
#4396 = CARTESIAN_POINT ( 'NONE',  ( -43.00000000000000000, 0.000000000000000000, 0.000000000000000000 ) ) ;
#4397 = CARTESIAN_POINT ( 'NONE',  ( 25.99999999999999645, -2.350480947161660339, -2.878508968398366432E-16 ) ) ;
#4398 = ORIENTED_EDGE ( 'NONE', *, *, #2898, .T. ) ;
#4399 = CARTESIAN_POINT ( 'NONE',  ( 38.71874999999999289, 1.870113174931188306E-16, -3.054126587736535559 ) ) ;
#4400 = CARTESIAN_POINT ( 'NONE',  ( 34.37500000000000711, 2.350480947161660339, 0.000000000000000000 ) ) ;
#4401 = CARTESIAN_POINT ( 'NONE',  ( 27.93750000000001066, -2.350480947161660339, -0.9736010864139181820 ) ) ;
#4402 = CARTESIAN_POINT ( 'NONE',  ( 24.62499999999999645, 1.662041016787788594, 1.662041016787789482 ) ) ;
#4403 = CARTESIAN_POINT ( 'NONE',  ( 35.75000000000001421, 2.121320343559649935, -2.121320343559649935 ) ) ;
#4404 = VERTEX_POINT ( 'NONE', #5669 ) ;
#4405 =( BOUNDED_CURVE ( )  B_SPLINE_CURVE ( 2, ( #790, #2722, #1674, #3316, #6178, #3803, #1281, #3672, #2757, #3287, #1178, #722, #5189, #2203, #4756, #4194, #5297, #262, #5718, #6310, #4158, #2652, #2268, #3185, #4789, #2686, #2299, #295, #4688, #1214, #3221, #4294, #3372, #3434, #851, #3403, #820, #5387, #3923, #3833, #1901, #6370, #2392, #881, #4916, #6468, #5972, #4327, #946, #6341, #4852, #1968, #3465, #5449, #913, #2941, #2819, #1935, #1435, #3957, #4420, #4358, #1870, #4820, #1343, #2880, #2422, #4386, #4884, #418, #5356, #6398, #359, #4947, #2360, #5938, #449, #5848, #326, #2330, #3859, #1842, #1372, #5418, #6433, #3343, #3887, #1403, #2851, #5877, #387, #5908, #2910, #2457, #4453, #1469, #1504, #2032, #1013, #5554, #4612, #3077, #3532, #3110, #1634, #576, #5080, #6499, #2062, #5617, #4024, #2522, #6036, #6070, #4119, #6134, #3597, #1044, #4486, #5485, #2490, #2093, #2002, #3043, #2581, #3992, #5046, #3498, #5015, #545, #514, #4581, #3565, #4519, #2611, #483, #5520, #4054, #23, #1569, #980, #5114, #86, #6006, #1537, #3009, #2976, #2553, #1602, #4549, #5586, #4980, #56, #4087, #1076, #6102, #1106, #612, #118, #2126, #2225, #2290, #644, #3761, #2645, #1168, #2780, #6302, #1771, #3730, #5778, #5645, #4745, #4252, #286, #747, #678, #6270, #3244, #1663, #1137, #5250, #5215, #6201, #2747, #3663, #713, #3175, #1273, #5180, #254, #3279, #152, #3141, #3630, #2677, #4780, #5286, #4678, #2259, #2158, #779, #5144, #4286, #4646, #4150, #1205, #6170, #5709, #5674, #186, #3696, #2712, #3212, #2193, #4184, #1698, #4712, #220, #1239, #4217, #6236, #1734, #5743, #3306, #3792, #318, #4813, #812, #5319, #2323, #4318, #1306, #1805, #2812, #5810, #4497, #2436, #428, #5462, #4995, #2989, #5427, #4465, #495, #3902, #6478, #2954, #5919, #4960, #6050, #2920, #1413, #925, #2012, #2890, #3935, #1480, #992, #3384, #6016, #4433, #2501, #5397, #957, #3413, #4003, #889, #2043, #1981, #3969, #4926, #4397, #6445, #1946, #2402, #5948, #460, #6410, #1446, #3444, #2470, #4529, #5982, #1, #3477, #1025, #4896, #1516, #3512, #1913, #5498, #5532, #3021, #5025, #524, #2531, #4035, #397, #36, #1613, #2075, #3608, #626, #1582, #6084, #592, #4197, #1678, #4593, #3054, #2623, #6147, #3156, #1086, #5627, #2593, #4098, #4691, #165, #691, #3088, #132, #1551, #4658, #1056, #3545, #4625, #3643, #1118, #5596, #3577, #2137, #3190, #659, #1645, #98, #5194, #5058, #4066, #4131, #5566, #2169, #556, #1183, #2657, #2563, #2106, #5093, #4562, #6113, #4163, #3122, #5657, #68, #5127, #6182, #1151, #5157, #3675, #5689, #2689, #199, #2206, #4855, #3224, #6345, #5227, #3742, #5360, #2364, #4330, #6313, #1844, #1714 ),
 .UNSPECIFIED., .F., .F. ) 
 B_SPLINE_CURVE_WITH_KNOTS ( ( 3, 2, 2, 2, 2, 2, 2, 2, 2, 2, 2, 2, 2, 2, 2, 2, 2, 2, 2, 2, 2, 2, 2, 2, 2, 2, 2, 2, 2, 2, 2, 2, 2, 2, 2, 2, 2, 2, 2, 2, 2, 2, 2, 2, 2, 2, 2, 2, 2, 2, 2, 2, 2, 2, 2, 2, 2, 2, 2, 2, 2, 2, 2, 2, 2, 2, 2, 2, 2, 2, 2, 2, 2, 2, 2, 2, 2, 2, 2, 2, 2, 2, 2, 2, 2, 2, 2, 2, 2, 2, 2, 2, 2, 2, 2, 2, 2, 2, 2, 2, 2, 2, 2, 2, 2, 2, 2, 2, 2, 2, 2, 2, 2, 2, 2, 2, 2, 2, 2, 2, 2, 2, 2, 2, 2, 2, 2, 2, 2, 2, 2, 2, 2, 2, 2, 2, 2, 2, 2, 2, 2, 2, 2, 2, 2, 2, 2, 2, 2, 2, 2, 2, 2, 2, 2, 2, 2, 2, 2, 2, 2, 2, 2, 2, 2, 2, 2, 2, 2, 2, 2, 2, 2, 2, 2, 2, 2, 2, 2, 2, 2, 2, 2, 2, 2, 2, 2, 3 ),
 ( 0.02305935326059977211, 0.02403846153846153980, 0.02884615384615384776, 0.03365384615384615224, 0.03846153846153846367, 0.04326923076923076816, 0.04807692307692307959, 0.05288461538461538408, 0.05769230769230769551, 0.06250000000000001388, 0.06730769230769230449, 0.07211538461538460898, 0.07692307692307692735, 0.08173076923076923184, 0.08653846153846153633, 0.09134615384615384082, 0.09615384615384615918, 0.1009615384615384637, 0.1057692307692307682, 0.1105769230769230727, 0.1153846153846153910, 0.1201923076923076955, 0.1250000000000000000, 0.1298076923076923184, 0.1346153846153846090, 0.1394230769230769551, 0.1442307692307692180, 0.1490384615384615363, 0.1538461538461538547, 0.1586538461538461453, 0.1634615384615384637, 0.1682692307692307820, 0.1730769230769230727, 0.1778846153846153910, 0.1826923076923076816, 0.1875000000000000000, 0.1923076923076923184, 0.1971153846153846090, 0.2019230769230769273, 0.2067307692307692180, 0.2115384615384615363, 0.2163461538461538547, 0.2211538461538461453, 0.2259615384615384637, 0.2307692307692307543, 0.2355769230769231004, 0.2403846153846153910, 0.2451923076923076539, 0.2500000000000000000, 0.2548076923076922906, 0.2596153846153846367, 0.2644230769230769273, 0.2692307692307692180, 0.2740384615384615641, 0.2788461538461538547, 0.2836538461538461453, 0.2884615384615384359, 0.2932692307692307820, 0.2980769230769230727, 0.3028846153846153633, 0.3076923076923077094, 0.3125000000000000000, 0.3173076923076922351, 0.3221153846153846367, 0.3269230769230769273, 0.3317307692307692180, 0.3365384615384615641, 0.3413461538461538547, 0.3461538461538461453, 0.3509615384615384359, 0.3557692307692307820, 0.3605769230769230727, 0.3653846153846153633, 0.3701923076923077094, 0.3750000000000000000, 0.3798076923076922906, 0.3846153846153846367, 0.3894230769230769273, 0.3942307692307692180, 0.3990384615384616196, 0.4038461538461538547, 0.4086538461538461453, 0.4134615384615384359, 0.4182692307692307265, 0.4230769230769230727, 0.4278846153846154188, 0.4326923076923077094, 0.4375000000000000000, 0.4423076923076922906, 0.4471153846153846367, 0.4519230769230769273, 0.4567307692307692180, 0.4615384615384615641, 0.4663461538461538547, 0.4711538461538461453, 0.4759615384615384359, 0.4807692307692307820, 0.4855769230769230727, 0.4903846153846153633, 0.4951923076923077094, 0.5000000000000000000, 0.5048076923076922906, 0.5096153846153845812, 0.5144230769230768718, 0.5192307692307693845, 0.5240384615384615641, 0.5288461538461538547, 0.5336538461538461453, 0.5384615384615384359, 0.5432692307692307265, 0.5480769230769231282, 0.5528846153846154188, 0.5576923076923077094, 0.5625000000000000000, 0.5673076923076922906, 0.5721153846153845812, 0.5769230769230768718, 0.5817307692307692735, 0.5865384615384615641, 0.5913461538461537437, 0.5961538461538461453, 0.6009615384615384359, 0.6057692307692307265, 0.6105769230769231282, 0.6153846153846154188, 0.6201923076923077094, 0.6250000000000000000, 0.6298076923076922906, 0.6346153846153845812, 0.6394230769230768718, 0.6442307692307692735, 0.6490384615384615641, 0.6538461538461538547, 0.6586538461538461453, 0.6634615384615384359, 0.6682692307692307265, 0.6730769230769232392, 0.6778846153846154188, 0.6826923076923077094, 0.6875000000000000000, 0.6923076923076924016, 0.6971153846153845812, 0.7019230769230768718, 0.7067307692307692735, 0.7115384615384614531, 0.7163461538461538547, 0.7211538461538461453, 0.7259615384615384359, 0.7307692307692306155, 0.7355769230769231282, 0.7403846153846154188, 0.7451923076923077094, 0.7500000000000000000, 0.7548076923076922906, 0.7596153846153845812, 0.7644230769230768718, 0.7692307692307692735, 0.7740384615384615641, 0.7788461538461538547, 0.7836538461538461453, 0.7884615384615384359, 0.7932692307692307265, 0.7980769230769231282, 0.8028846153846154188, 0.8076923076923077094, 0.8125000000000001110, 0.8173076923076922906, 0.8221153846153845812, 0.8269230769230768718, 0.8317307692307692735, 0.8365384615384615641, 0.8413461538461538547, 0.8461538461538461453, 0.8509615384615383249, 0.8557692307692307265, 0.8605769230769231282, 0.8653846153846154188, 0.8701923076923077094, 0.8750000000000000000, 0.8798076923076922906, 0.8846153846153845812, 0.8894230769230768718, 0.8942307692307692735, 0.8990384615384615641, 0.9038461538461538547, 0.9086538461538461453, 0.9134615384615384359, 0.9172901224913700968 ),
 .UNSPECIFIED. ) 
 CURVE ( )  GEOMETRIC_REPRESENTATION_ITEM ( )  RATIONAL_B_SPLINE_CURVE ( ( 0.9753096629729155476, 0.9844977225947554311, 1.000000000000000000, 0.9238795325112867385, 1.000000000000000000, 0.9238795325112867385, 1.000000000000000000, 0.9238795325112867385, 1.000000000000000000, 0.9238795325112867385, 1.000000000000000000, 0.9238795325112867385, 1.000000000000000000, 0.9238795325112867385, 1.000000000000000000, 0.9238795325112867385, 1.000000000000000000, 0.9238795325112867385, 1.000000000000000000, 0.9238795325112867385, 1.000000000000000000, 0.9238795325112867385, 1.000000000000000000, 0.9238795325112867385, 1.000000000000000000, 0.9238795325112867385, 1.000000000000000000, 0.9238795325112867385, 1.000000000000000000, 0.9238795325112867385, 1.000000000000000000, 0.9238795325112867385, 1.000000000000000000, 0.9238795325112867385, 1.000000000000000000, 0.9238795325112867385, 1.000000000000000000, 0.9238795325112867385, 1.000000000000000000, 0.9238795325112867385, 1.000000000000000000, 0.9238795325112867385, 1.000000000000000000, 0.9238795325112867385, 1.000000000000000000, 0.9238795325112867385, 1.000000000000000000, 0.9238795325112867385, 1.000000000000000000, 0.9238795325112867385, 1.000000000000000000, 0.9238795325112867385, 1.000000000000000000, 0.9238795325112867385, 1.000000000000000000, 0.9238795325112867385, 1.000000000000000000, 0.9238795325112867385, 1.000000000000000000, 0.9238795325112867385, 1.000000000000000000, 0.9238795325112867385, 1.000000000000000000, 0.9238795325112867385, 1.000000000000000000, 0.9238795325112867385, 1.000000000000000000, 0.9238795325112867385, 1.000000000000000000, 0.9238795325112867385, 1.000000000000000000, 0.9238795325112867385, 1.000000000000000000, 0.9238795325112867385, 1.000000000000000000, 0.9238795325112867385, 1.000000000000000000, 0.9238795325112867385, 1.000000000000000000, 0.9238795325112867385, 1.000000000000000000, 0.9238795325112867385, 1.000000000000000000, 0.9238795325112867385, 1.000000000000000000, 0.9238795325112867385, 1.000000000000000000, 0.9238795325112867385, 1.000000000000000000, 0.9238795325112867385, 1.000000000000000000, 0.9238795325112867385, 1.000000000000000000, 0.9238795325112867385, 1.000000000000000000, 0.9238795325112867385, 1.000000000000000000, 0.9238795325112867385, 1.000000000000000000, 0.9238795325112867385, 1.000000000000000000, 0.9238795325112867385, 1.000000000000000000, 0.9238795325112867385, 1.000000000000000000, 0.9238795325112867385, 1.000000000000000000, 0.9238795325112867385, 1.000000000000000000, 0.9238795325112867385, 1.000000000000000000, 0.9238795325112867385, 1.000000000000000000, 0.9238795325112867385, 1.000000000000000000, 0.9238795325112867385, 1.000000000000000000, 0.9238795325112867385, 1.000000000000000000, 0.9238795325112867385, 1.000000000000000000, 0.9238795325112867385, 1.000000000000000000, 0.9238795325112867385, 1.000000000000000000, 0.9238795325112867385, 1.000000000000000000, 0.9238795325112867385, 1.000000000000000000, 0.9238795325112867385, 1.000000000000000000, 0.9238795325112867385, 1.000000000000000000, 0.9238795325112867385, 1.000000000000000000, 0.9238795325112867385, 1.000000000000000000, 0.9238795325112867385, 1.000000000000000000, 0.9238795325112867385, 1.000000000000000000, 0.9238795325112867385, 1.000000000000000000, 0.9238795325112867385, 1.000000000000000000, 0.9238795325112867385, 1.000000000000000000, 0.9238795325112867385, 1.000000000000000000, 0.9238795325112867385, 1.000000000000000000, 0.9238795325112867385, 1.000000000000000000, 0.9238795325112867385, 1.000000000000000000, 0.9238795325112867385, 1.000000000000000000, 0.9238795325112867385, 1.000000000000000000, 0.9238795325112867385, 1.000000000000000000, 0.9238795325112867385, 1.000000000000000000, 0.9238795325112867385, 1.000000000000000000, 0.9238795325112867385, 1.000000000000000000, 0.9238795325112867385, 1.000000000000000000, 0.9238795325112867385, 1.000000000000000000, 0.9238795325112867385, 1.000000000000000000, 0.9238795325112867385, 1.000000000000000000, 0.9238795325112867385, 1.000000000000000000, 0.9238795325112867385, 1.000000000000000000, 0.9238795325112867385, 1.000000000000000000, 0.9238795325112867385, 1.000000000000000000, 0.9238795325112867385, 1.000000000000000000, 0.9238795325112867385, 1.000000000000000000, 0.9238795325112867385, 1.000000000000000000, 0.9238795325112867385, 1.000000000000000000, 0.9238795325112867385, 1.000000000000000000, 0.9238795325112867385, 1.000000000000000000, 0.9238795325112867385, 1.000000000000000000, 0.9238795325112867385, 1.000000000000000000, 0.9238795325112867385, 1.000000000000000000, 0.9238795325112867385, 1.000000000000000000, 0.9238795325112867385, 1.000000000000000000, 0.9238795325112867385, 1.000000000000000000, 0.9238795325112867385, 1.000000000000000000, 0.9238795325112867385, 1.000000000000000000, 0.9238795325112867385, 1.000000000000000000, 0.9238795325112867385, 1.000000000000000000, 0.9238795325112867385, 1.000000000000000000, 0.9238795325112867385, 1.000000000000000000, 0.9238795325112867385, 1.000000000000000000, 0.9238795325112867385, 1.000000000000000000, 0.9238795325112867385, 1.000000000000000000, 0.9238795325112867385, 1.000000000000000000, 0.9238795325112867385, 1.000000000000000000, 0.9238795325112867385, 1.000000000000000000, 0.9238795325112867385, 1.000000000000000000, 0.9238795325112867385, 1.000000000000000000, 0.9238795325112867385, 1.000000000000000000, 0.9238795325112867385, 1.000000000000000000, 0.9238795325112867385, 1.000000000000000000, 0.9238795325112867385, 1.000000000000000000, 0.9238795325112867385, 1.000000000000000000, 0.9238795325112867385, 1.000000000000000000, 0.9238795325112867385, 1.000000000000000000, 0.9238795325112867385, 1.000000000000000000, 0.9238795325112867385, 1.000000000000000000, 0.9238795325112867385, 1.000000000000000000, 0.9238795325112867385, 1.000000000000000000, 0.9238795325112867385, 1.000000000000000000, 0.9238795325112867385, 1.000000000000000000, 0.9238795325112867385, 1.000000000000000000, 0.9238795325112867385, 1.000000000000000000, 0.9238795325112867385, 1.000000000000000000, 0.9238795325112867385, 1.000000000000000000, 0.9238795325112867385, 1.000000000000000000, 0.9238795325112867385, 1.000000000000000000, 0.9238795325112867385, 1.000000000000000000, 0.9238795325112867385, 1.000000000000000000, 0.9238795325112867385, 1.000000000000000000, 0.9238795325112867385, 1.000000000000000000, 0.9238795325112867385, 1.000000000000000000, 0.9238795325112867385, 1.000000000000000000, 0.9238795325112867385, 1.000000000000000000, 0.9238795325112867385, 1.000000000000000000, 0.9238795325112867385, 1.000000000000000000, 0.9238795325112867385, 1.000000000000000000, 0.9238795325112867385, 1.000000000000000000, 0.9238795325112867385, 1.000000000000000000, 0.9238795325112867385, 1.000000000000000000, 0.9238795325112867385, 1.000000000000000000, 0.9238795325112867385, 1.000000000000000000, 0.9238795325112867385, 1.000000000000000000, 0.9238795325112867385, 1.000000000000000000, 0.9238795325112867385, 1.000000000000000000, 0.9238795325112867385, 1.000000000000000000, 0.9238795325112867385, 1.000000000000000000, 0.9238795325112867385, 1.000000000000000000, 0.9238795325112867385, 1.000000000000000000, 0.9238795325112867385, 1.000000000000000000, 0.9238795325112867385, 1.000000000000000000, 0.9238795325112867385, 1.000000000000000000, 0.9238795325112867385, 1.000000000000000000, 0.9238795325112867385, 1.000000000000000000, 0.9238795325112867385, 1.000000000000000000, 0.9238795325112867385, 1.000000000000000000, 0.9238795325112867385, 1.000000000000000000, 0.9238795325112867385, 1.000000000000000000, 0.9238795325112867385, 1.000000000000000000, 0.9238795325112867385, 1.000000000000000000, 0.9238795325112867385, 1.000000000000000000, 0.9238795325112867385, 1.000000000000000000, 0.9238795325112867385, 1.000000000000000000, 0.9238795325112867385, 1.000000000000000000, 0.9238795325112867385, 1.000000000000000000, 0.9238795325112867385, 1.000000000000000000, 0.9238795325112867385, 1.000000000000000000, 0.9238795325112867385, 1.000000000000000000, 0.9238795325112867385, 1.000000000000000000, 0.9238795325112867385, 1.000000000000000000, 0.9238795325112867385, 1.000000000000000000, 0.9238795325112867385, 1.000000000000000000, 0.9238795325112867385, 1.000000000000000000, 0.9238795325112867385, 1.000000000000000000, 0.9238795325112867385, 1.000000000000000000, 0.9238795325112867385, 1.000000000000000000, 0.9238795325112867385, 1.000000000000000000, 0.9393818099165133217, 0.9753096629729367528 ) ) 
 REPRESENTATION_ITEM ( '' )  );
#4406 = ORIENTED_EDGE ( 'NONE', *, *, #825, .F. ) ;
#4407 = CARTESIAN_POINT ( 'NONE',  ( 34.34375000000001421, -3.054126587736536447, 1.265060653844735095 ) ) ;
#4408 = ORIENTED_EDGE ( 'NONE', *, *, #494, .T. ) ;
#4409 = CARTESIAN_POINT ( 'NONE',  ( 25.75000000000001421, 2.121320343559649935, -2.121320343559649935 ) ) ;
#4410 = CARTESIAN_POINT ( 'NONE',  ( 22.12500000000000711, -5.510910596163109277E-16, 3.000000000000010658 ) ) ;
#4411 = CARTESIAN_POINT ( 'NONE',  ( 21.75000000000000000, 1.836970198721036344E-16, -3.000000000000010658 ) ) ;
#4412 = CARTESIAN_POINT ( 'NONE',  ( 40.75000000000000711, -1.662041016787789482, 1.662041016787788816 ) ) ;
#4413 = CARTESIAN_POINT ( 'NONE',  ( 34.87499999999999289, -1.662041016787789482, 1.662041016787788816 ) ) ;
#4414 = CARTESIAN_POINT ( 'NONE',  ( 19.49999999999999645, 2.350480947161660339, 0.000000000000000000 ) ) ;
#4415 = DIRECTION ( 'NONE',  ( -1.000000000000000000, -0.000000000000000000, -0.000000000000000000 ) ) ;
#4416 = EDGE_CURVE ( 'NONE', #6090, #5407, #1720, .T. ) ;
#4417 = AXIS2_PLACEMENT_3D ( 'NONE', #129, #1148, #4129 ) ;
#4418 = CARTESIAN_POINT ( 'NONE',  ( 25.06250000000001066, -0.9736010864139177379, -2.350480947161660339 ) ) ;
#4419 = CARTESIAN_POINT ( 'NONE',  ( 25.09374999999999645, 2.159593620790634994, 2.159593620790635882 ) ) ;
#4420 = CARTESIAN_POINT ( 'NONE',  ( 39.24999999999999289, 1.439254484199183216E-16, -2.350480947161660339 ) ) ;
#4421 = CARTESIAN_POINT ( 'NONE',  ( 31.31249999999999289, 0.9736010864139180709, -2.350480947161660339 ) ) ;
#4422 = CC_DESIGN_APPROVAL ( #2037, ( #3201 ) ) ;
#4423 = CARTESIAN_POINT ( 'NONE',  ( 26.21875000000001066, -1.265060653844737315, 3.054126587736534670 ) ) ;
#4424 = CARTESIAN_POINT ( 'NONE',  ( -38.50000000000000000, -1.443375672974068991, -2.499999999999996891 ) ) ;
#4425 = EDGE_CURVE ( 'NONE', #5804, #2403, #3168, .T. ) ;
#4426 = CARTESIAN_POINT ( 'NONE',  ( 35.12500000000000711, 1.439254484199183216E-16, -2.350480947161660339 ) ) ;
#4427 = CARTESIAN_POINT ( 'NONE',  ( -42.61352220515647105, 2.099404280792537492, -1.363725120039724903 ) ) ;
#4428 = CARTESIAN_POINT ( 'NONE',  ( 23.31250000000001066, 2.350480947161660339, -0.9736010864139179599 ) ) ;
#4429 = LINE ( 'NONE', #2465, #3698 ) ;
#4430 = DATE_AND_TIME ( #4958, #2240 ) ;
#4431 = DIRECTION ( 'NONE',  ( -1.000000000000000000, -0.000000000000000000, -0.000000000000000000 ) ) ;
#4432 =( BOUNDED_CURVE ( )  B_SPLINE_CURVE ( 2, ( #4545, #4976, #2487, #1998, #52, #1500, #6001, #2057, #6465 ),
 .UNSPECIFIED., .F., .F. ) 
 B_SPLINE_CURVE_WITH_KNOTS ( ( 3, 2, 2, 2, 3 ),
 ( 0.4903846153846156963, 0.4951923076923079869, 0.5000000000000002220, 0.5048076923076925127, 0.5096153846153848033 ),
 .UNSPECIFIED. ) 
 CURVE ( )  GEOMETRIC_REPRESENTATION_ITEM ( )  RATIONAL_B_SPLINE_CURVE ( ( 0.9999999999999955591, 0.9238795325112911794, 1.000000000000000000, 0.9238795325112867385, 1.000000000000000000, 0.9238795325112867385, 1.000000000000000000, 0.9238795325112831858, 1.000000000000003553 ) ) 
 REPRESENTATION_ITEM ( '' )  );
#4433 = CARTESIAN_POINT ( 'NONE',  ( 26.68750000000000000, 0.9736010864139186261, 2.350480947161659895 ) ) ;
#4434 = CARTESIAN_POINT ( 'NONE',  ( 31.81249999999999289, 1.242640687119333398, -2.999999999999966693 ) ) ;
#4435 = CARTESIAN_POINT ( 'NONE',  ( 31.59375000000000355, -2.159593620790635438, -2.159593620790635438 ) ) ;
#4436 = CARTESIAN_POINT ( 'NONE',  ( 34.43750000000000711, 2.350480947161659895, 0.9736010864139195142 ) ) ;
#4437 = CARTESIAN_POINT ( 'NONE',  ( 26.37500000000001066, 2.350480947161660339, 0.000000000000000000 ) ) ;
#4438 = CARTESIAN_POINT ( 'NONE',  ( 21.87499999999999645, -1.662041016787789482, 1.662041016787788816 ) ) ;
#4439 = CARTESIAN_POINT ( 'NONE',  ( 38.74999999999999289, 1.836970198721036344E-16, -3.000000000000010658 ) ) ;
#4440 = ORIENTED_EDGE ( 'NONE', *, *, #792, .T. ) ;
#4441 = CARTESIAN_POINT ( 'NONE',  ( 33.34375000000000711, -3.054126587736536447, 1.265060653844735095 ) ) ;
#4442 = ORIENTED_EDGE ( 'NONE', *, *, #1898, .T. ) ;
#4443 = CARTESIAN_POINT ( 'NONE',  ( 37.18750000000001421, -1.242640687119356935, 2.999999999999943601 ) ) ;
#4444 = CARTESIAN_POINT ( 'NONE',  ( 39.24999999999999289, -5.510910596163108291E-16, 3.000000000000010658 ) ) ;
#4445 = CARTESIAN_POINT ( 'NONE',  ( -43.00000000000000000, 0.000000000000000000, 0.000000000000000000 ) ) ;
#4446 = CARTESIAN_POINT ( 'NONE',  ( 41.00000000000000711, -1.662041016787788816, -1.662041016787789260 ) ) ;
#4447 = CARTESIAN_POINT ( 'NONE',  ( 37.37500000000000000, 1.662041016787789260, -1.662041016787788816 ) ) ;
#4448 = CARTESIAN_POINT ( 'NONE',  ( 42.18750000000002132, -1.242640687119387799, 2.999999999999971578 ) ) ;
#4449 = CARTESIAN_POINT ( 'NONE',  ( 17.68749999999999289, 0.9736010864139186261, 2.350480947161659895 ) ) ;
#4450 = DIRECTION ( 'NONE',  ( -1.000000000000000000, -0.000000000000000000, -0.000000000000000000 ) ) ;
#4451 = CARTESIAN_POINT ( 'NONE',  ( 23.87500000000001066, -2.350480947161660339, -2.878508968398366432E-16 ) ) ;
#4452 = CARTESIAN_POINT ( 'NONE',  ( 23.40625000000000000, -3.054126587736536447, 1.265060653844735095 ) ) ;
#4453 = CARTESIAN_POINT ( 'NONE',  ( 37.12500000000000000, -1.662041016787788816, -1.662041016787789260 ) ) ;
#4454 = CARTESIAN_POINT ( 'NONE',  ( 30.99999999999999645, -2.350480947161660339, -2.878508968398366432E-16 ) ) ;
#4455 = CARTESIAN_POINT ( 'NONE',  ( 21.34375000000001066, -3.054126587736536447, 1.265060653844735095 ) ) ;
#4456 = DIRECTION ( 'NONE',  ( 0.000000000000000000, 0.000000000000000000, 1.000000000000000000 ) ) ;
#4457 = VECTOR ( 'NONE', #5913, 1000.000000000000227 ) ;
#4458 = CARTESIAN_POINT ( 'NONE',  ( 36.31250000000001421, 2.350480947161660339, -0.9736010864139179599 ) ) ;
#4459 = CARTESIAN_POINT ( 'NONE',  ( 31.25000000000001421, -2.121320343559650379, 2.121320343559649935 ) ) ;
#4460 = CARTESIAN_POINT ( 'NONE',  ( 23.00000000000001066, -1.662041016787788816, -1.662041016787789260 ) ) ;
#4461 = CARTESIAN_POINT ( 'NONE',  ( 42.83576333067461661, -0.7391503411791596756, 2.306106373198939519 ) ) ;
#4462 = DATE_AND_TIME ( #1943, #5384 ) ;
#4463 = CARTESIAN_POINT ( 'NONE',  ( 42.57583046712549191, 2.060216095210825937, -1.713402620449155034 ) ) ;
#4464 = EDGE_CURVE ( 'NONE', #2494, #3030, #2590, .T. ) ;
#4465 = CARTESIAN_POINT ( 'NONE',  ( 27.81249999999999645, -0.9736010864139191812, 2.350480947161659895 ) ) ;
#4466 = EDGE_LOOP ( 'NONE', ( #1000, #2786, #4307, #4029 ) ) ;
#4467 = CARTESIAN_POINT ( 'NONE',  ( 32.28125000000000000, -1.265060653844737315, 3.054126587736534670 ) ) ;
#4468 = CARTESIAN_POINT ( 'NONE',  ( 34.62500000000000711, -4.317763452597548908E-16, 2.350480947161660339 ) ) ;
#4469 = CARTESIAN_POINT ( 'NONE',  ( 24.75000000000001066, -1.662041016787789482, 1.662041016787788816 ) ) ;
#4470 = CARTESIAN_POINT ( 'NONE',  ( 23.87499999999999645, -1.662041016787789482, 1.662041016787788816 ) ) ;
#4471 = CARTESIAN_POINT ( 'NONE',  ( -42.68858849909669573, 2.479495078800135754, 0.7053885464011668827 ) ) ;
#4472 = EDGE_CURVE ( 'NONE', #5507, #1754, #2294, .T. ) ;
#4473 = ORIENTED_EDGE ( 'NONE', *, *, #5806, .T. ) ;
#4474 = CARTESIAN_POINT ( 'NONE',  ( 33.71875000000000711, 1.265060653844735539, -3.054126587736535114 ) ) ;
#4475 = ORIENTED_EDGE ( 'NONE', *, *, #2499, .T. ) ;
#4476 = CARTESIAN_POINT ( 'NONE',  ( 19.18046992043326071, -2.388555990079345825, 1.509081169000090927 ) ) ;
#4477 = DIRECTION ( 'NONE',  ( 0.000000000000000000, 0.000000000000000000, 1.000000000000000000 ) ) ;
#4478 = CARTESIAN_POINT ( 'NONE',  ( 34.87500000000000711, -2.350480947161660339, -2.878508968398366432E-16 ) ) ;
#4479 = CARTESIAN_POINT ( 'NONE',  ( 36.25000000000000000, 1.439254484199183216E-16, -2.350480947161660339 ) ) ;
#4480 = CYLINDRICAL_SURFACE ( 'NONE', #4074, 3.000000000000010658 ) ;
#4481 = CARTESIAN_POINT ( 'NONE',  ( 18.62499999999999645, 1.662041016787788594, 1.662041016787789482 ) ) ;
#4482 = CARTESIAN_POINT ( 'NONE',  ( -38.50000000000000000, 2.886751345948127767, 1.545935464014153091E-15 ) ) ;
#4483 = CARTESIAN_POINT ( 'NONE',  ( 23.81250000000000711, 3.000000000000010658, -1.242640687119289433 ) ) ;
#4484 = CARTESIAN_POINT ( 'NONE',  ( 25.68750000000000711, -0.9736010864139191812, 2.350480947161659895 ) ) ;
#4485 = CARTESIAN_POINT ( 'NONE',  ( 25.34375000000000000, -2.159593620790635882, 2.159593620790635438 ) ) ;
#4486 = CARTESIAN_POINT ( 'NONE',  ( 35.62500000000000000, 1.662041016787788594, 1.662041016787789482 ) ) ;
#4487 = CARTESIAN_POINT ( 'NONE',  ( 30.74999999999999645, -4.317763452597548908E-16, 2.350480947161660339 ) ) ;
#4488 = CARTESIAN_POINT ( 'NONE',  ( 22.46875000000000355, -3.054126587736535114, -1.265060653844735761 ) ) ;
#4489 = CARTESIAN_POINT ( 'NONE',  ( 38.87499999999999289, 2.121320343559649935, -2.121320343559649935 ) ) ;
#4490 = ORIENTED_EDGE ( 'NONE', *, *, #5158, .T. ) ;
#4491 = CARTESIAN_POINT ( 'NONE',  ( 36.87500000000001421, -2.350480947161660339, -2.878508968398366432E-16 ) ) ;
#4492 = CARTESIAN_POINT ( 'NONE',  ( 20.56249999999999645, -3.000000000000010658, -1.242640687119289877 ) ) ;
#4493 = CARTESIAN_POINT ( 'NONE',  ( 18.18750000000001066, 0.9736010864139180709, -2.350480947161660339 ) ) ;
#4494 = CARTESIAN_POINT ( 'NONE',  ( 42.89135719734363050, -1.797615897045092836, 1.538851894592081715 ) ) ;
#4495 = CARTESIAN_POINT ( 'NONE',  ( 21.12500000000000711, -5.510910596163109277E-16, 3.000000000000010658 ) ) ;
#4496 = CIRCLE ( 'NONE', #3346, 5.000000000000004441 ) ;
#4497 = CARTESIAN_POINT ( 'NONE',  ( 28.24999999999999645, 1.439254484199183216E-16, -2.350480947161660339 ) ) ;
#4498 = ORIENTED_EDGE ( 'NONE', *, *, #6484, .T. ) ;
#4499 = CARTESIAN_POINT ( 'NONE',  ( 34.84375000000000000, 2.159593620790635438, -2.159593620790635438 ) ) ;
#4500 = ADVANCED_FACE ( 'NONE', ( #248 ), #312, .F. ) ;
#4501 = CARTESIAN_POINT ( 'NONE',  ( 30.12500000000001421, 1.439254484199183216E-16, -2.350480947161660339 ) ) ;
#4502 = CARTESIAN_POINT ( 'NONE',  ( 22.87500000000001066, -2.350480947161660339, -2.878508968398366432E-16 ) ) ;
#4503 = CARTESIAN_POINT ( 'NONE',  ( 24.24999999999999645, 1.439254484199183216E-16, -2.350480947161660339 ) ) ;
#4504 = CARTESIAN_POINT ( 'NONE',  ( 26.25000000000000000, -5.510910596163108291E-16, 3.000000000000010658 ) ) ;
#4505 = CONICAL_SURFACE ( 'NONE', #1680, 3.000000000000010658, 0.7853981633974491672 ) ;
#4506 = VERTEX_POINT ( 'NONE', #3722 ) ;
#4507 = CARTESIAN_POINT ( 'NONE',  ( 19.64951905283834321, 0.4932260112070202540, 2.350480947161659007 ) ) ;
#4508 = CARTESIAN_POINT ( 'NONE',  ( 24.12500000000000711, -5.510910596163109277E-16, 3.000000000000010658 ) ) ;
#4509 = EDGE_CURVE ( 'NONE', #4933, #6023, #5736, .T. ) ;
#4510 = CARTESIAN_POINT ( 'NONE',  ( 22.00000000000000000, 3.000000000000010658, 0.000000000000000000 ) ) ;
#4511 = CARTESIAN_POINT ( 'NONE',  ( 36.87500000000001421, -2.350480947161660339, -2.878508968398366432E-16 ) ) ;
#4512 = CARTESIAN_POINT ( 'NONE',  ( 34.06249999999999289, -2.350480947161660339, -0.9736010864139181820 ) ) ;
#4513 = CARTESIAN_POINT ( 'NONE',  ( 27.12500000000000711, -5.510910596163109277E-16, 3.000000000000010658 ) ) ;
#4514 = CARTESIAN_POINT ( 'NONE',  ( 18.37499999999999645, 1.662041016787789260, -1.662041016787788816 ) ) ;
#4515 = CARTESIAN_POINT ( 'NONE',  ( 37.00000000000001421, 2.121320343559649491, 2.121320343559650379 ) ) ;
#4516 = CARTESIAN_POINT ( 'NONE',  ( 24.62500000000000711, 1.836970198721036344E-16, -3.000000000000010658 ) ) ;
#4517 = CARTESIAN_POINT ( 'NONE',  ( 25.93750000000001066, -2.350480947161660339, -0.9736010864139181820 ) ) ;
#4518 = CARTESIAN_POINT ( 'NONE',  ( 22.09375000000000000, 2.159593620790634994, 2.159593620790635882 ) ) ;
#4519 = CARTESIAN_POINT ( 'NONE',  ( 34.68749999999999289, 0.9736010864139186261, 2.350480947161659895 ) ) ;
#4520 = CARTESIAN_POINT ( 'NONE',  ( 31.18749999999999645, -0.9736010864139177379, -2.350480947161660339 ) ) ;
#4521 = CARTESIAN_POINT ( 'NONE',  ( 21.46875000000000711, -3.054126587736535114, -1.265060653844735761 ) ) ;
#4522 = CARTESIAN_POINT ( 'NONE',  ( 41.31249999999998579, 0.9736010864139180709, -2.350480947161660339 ) ) ;
#4523 = ORIENTED_EDGE ( 'NONE', *, *, #5486, .T. ) ;
#4524 = CARTESIAN_POINT ( 'NONE',  ( 35.43750000000001421, 2.350480947161659895, 0.9736010864139195142 ) ) ;
#4525 = CARTESIAN_POINT ( 'NONE',  ( 27.43750000000000355, -3.000000000000011102, 1.242640687119288989 ) ) ;
#4526 = CARTESIAN_POINT ( 'NONE',  ( 42.49999999999999289, 2.350480947161660339, 0.000000000000000000 ) ) ;
#4527 = DIRECTION ( 'NONE',  ( -1.000000000000000000, -0.000000000000000000, -0.000000000000000000 ) ) ;
#4528 = CARTESIAN_POINT ( 'NONE',  ( 42.61528538960869383, 2.515372671347145150, -0.8025110388239091730 ) ) ;
#4529 = CARTESIAN_POINT ( 'NONE',  ( 25.37500000000000000, 1.662041016787789260, -1.662041016787788816 ) ) ;
#4530 = DIRECTION ( 'NONE',  ( 0.000000000000000000, 0.000000000000000000, 1.000000000000000000 ) ) ;
#4531 = CARTESIAN_POINT ( 'NONE',  ( 30.43750000000001066, 2.350480947161659895, 0.9736010864139195142 ) ) ;
#4532 = CARTESIAN_POINT ( 'NONE',  ( 21.75000000000001066, -1.662041016787789482, 1.662041016787788816 ) ) ;
#4533 = CARTESIAN_POINT ( 'NONE',  ( 17.68749999999999289, 0.9736010864139186261, 2.350480947161659895 ) ) ;
#4534 = CARTESIAN_POINT ( 'NONE',  ( 42.26858113633374359, -2.478490589692680324, 1.681430265625487364 ) ) ;
#4535 =( BOUNDED_CURVE ( )  B_SPLINE_CURVE ( 2, ( #1512, #5654, #5624, #4525, #2069, #6142, #64, #3505, #4031 ),
 .UNSPECIFIED., .F., .T. ) 
 B_SPLINE_CURVE_WITH_KNOTS ( ( 3, 2, 2, 2, 3 ),
 ( 0.3942307692307694400, 0.3990384615384617861, 0.4038461538461540767, 0.4086538461538463674, 0.4134615384615387135 ),
 .UNSPECIFIED. ) 
 CURVE ( )  GEOMETRIC_REPRESENTATION_ITEM ( )  RATIONAL_B_SPLINE_CURVE ( ( 0.9999999999999973355, 0.9238795325112894030, 1.000000000000000000, 0.9238795325112867385, 1.000000000000000000, 0.9238795325112867385, 1.000000000000000000, 0.9238795325112822976, 1.000000000000004441 ) ) 
 REPRESENTATION_ITEM ( '' )  );
#4536 = EDGE_LOOP ( 'NONE', ( #5798, #2162, #5764, #139 ) ) ;
#4537 = CARTESIAN_POINT ( 'NONE',  ( 25.43750000000000000, -3.000000000000011102, 1.242640687119288989 ) ) ;
#4538 = CARTESIAN_POINT ( 'NONE',  ( 19.30032409269852423, -2.208412412947069026, -1.563216660299090455 ) ) ;
#4539 = CARTESIAN_POINT ( 'NONE',  ( 40.06250000000001421, -0.9736010864139177379, -2.350480947161660339 ) ) ;
#4540 = CARTESIAN_POINT ( 'NONE',  ( 35.56250000000001421, 0.9736010864139186261, 2.350480947161659895 ) ) ;
#4541 = CARTESIAN_POINT ( 'NONE',  ( 30.56249999999999645, 2.350480947161659895, 0.9736010864139195142 ) ) ;
#4542 = CARTESIAN_POINT ( 'NONE',  ( 42.24999999999999289, -5.510910596163108291E-16, 3.000000000000010658 ) ) ;
#4543 = ADVANCED_FACE ( 'NONE', ( #4704 ), #212, .T. ) ;
#4544 = CARTESIAN_POINT ( 'NONE',  ( 19.37499999999999645, 1.662041016787789260, -1.662041016787788816 ) ) ;
#4545 = CARTESIAN_POINT ( 'NONE',  ( 29.75000000000000355, 1.836970198721036344E-16, -3.000000000000010658 ) ) ;
#4546 = CARTESIAN_POINT ( 'NONE',  ( -42.79134017728668482, -2.658659580573976111, -0.3950665264161174473 ) ) ;
#4547 = CARTESIAN_POINT ( 'NONE',  ( -43.00000000000000000, 3.673940397442072687E-16, -3.000000000000010658 ) ) ;
#4548 = CARTESIAN_POINT ( 'NONE',  ( 20.21875000000000000, -5.610339524793564424E-16, 3.054126587736535559 ) ) ;
#4549 = CARTESIAN_POINT ( 'NONE',  ( 33.68749999999999289, 0.9736010864139186261, 2.350480947161659895 ) ) ;
#4550 = EDGE_LOOP ( 'NONE', ( #5186, #3975, #3570, #2767 ) ) ;
#4551 = EDGE_CURVE ( 'NONE', #4238, #3636, #4221, .T. ) ;
#4552 = CARTESIAN_POINT ( 'NONE',  ( 29.68750000000000355, 0.9736010864139186261, 2.350480947161659895 ) ) ;
#4553 = CARTESIAN_POINT ( 'NONE',  ( 22.59375000000000711, -1.265060653844735317, -3.054126587736535114 ) ) ;
#4554 = CARTESIAN_POINT ( 'NONE',  ( 42.89951905283833611, -2.199686009695969169, 0.8423361651361942481 ) ) ;
#4555 = ORIENTED_EDGE ( 'NONE', *, *, #494, .F. ) ;
#4556 = CARTESIAN_POINT ( 'NONE',  ( 36.37500000000001421, 2.350480947161660339, 0.000000000000000000 ) ) ;
#4557 = FACE_OUTER_BOUND ( 'NONE', #1810, .T. ) ;
#4558 = CARTESIAN_POINT ( 'NONE',  ( 42.31249999999999289, 0.9736010864139180709, -2.350480947161660339 ) ) ;
#4559 = CARTESIAN_POINT ( 'NONE',  ( 28.75000000000000000, 1.836970198721036344E-16, -3.000000000000010658 ) ) ;
#4560 = CARTESIAN_POINT ( 'NONE',  ( 19.32797474771128066, 1.715564079328543823, 2.056226276244176976 ) ) ;
#4561 = AXIS2_PLACEMENT_3D ( 'NONE', #1119, #1583, #1152 ) ;
#4562 = CARTESIAN_POINT ( 'NONE',  ( 21.18749999999999289, -0.9736010864139177379, -2.350480947161660339 ) ) ;
#4563 = CARTESIAN_POINT ( 'NONE',  ( 35.12500000000000000, 2.121320343559649491, 2.121320343559650379 ) ) ;
#4564 = CARTESIAN_POINT ( 'NONE',  ( 29.43750000000001066, 2.350480947161659895, 0.9736010864139195142 ) ) ;
#4565 = CARTESIAN_POINT ( 'NONE',  ( 23.00000000000001066, -1.662041016787788816, -1.662041016787789260 ) ) ;
#4566 = CARTESIAN_POINT ( 'NONE',  ( 18.37499999999999645, 1.662041016787789260, -1.662041016787788816 ) ) ;
#4567 = LINE ( 'NONE', #1988, #1667 ) ;
#4568 = ORIENTED_EDGE ( 'NONE', *, *, #861, .T. ) ;
#4569 = CARTESIAN_POINT ( 'NONE',  ( 25.75000000000000000, 1.836970198721036344E-16, -3.000000000000010658 ) ) ;
#4570 = CARTESIAN_POINT ( 'NONE',  ( -43.00000000000000000, 0.000000000000000000, 0.000000000000000000 ) ) ;
#4571 = CARTESIAN_POINT ( 'NONE',  ( 41.50000000000000711, 1.662041016787788594, 1.662041016787789482 ) ) ;
#4572 = CARTESIAN_POINT ( 'NONE',  ( 37.25000000000001421, 1.662041016787789260, -1.662041016787788816 ) ) ;
#4573 = CARTESIAN_POINT ( 'NONE',  ( 32.87499999999999289, -1.662041016787789482, 1.662041016787788816 ) ) ;
#4574 = CYLINDRICAL_SURFACE ( 'NONE', #1786, 3.000000000000010658 ) ;
#4575 = CARTESIAN_POINT ( 'NONE',  ( 43.09375000000000711, 1.265060653844736205, 3.054126587736534670 ) ) ;
#4576 = DESIGN_CONTEXT ( 'detailed design', #1978, 'design' ) ;
#4577 = DIRECTION ( 'NONE',  ( -1.000000000000000000, -0.000000000000000000, -0.000000000000000000 ) ) ;
#4578 = CARTESIAN_POINT ( 'NONE',  ( 23.18750000000000355, -1.242640687119313192, 2.999999999999987121 ) ) ;
#4579 = CARTESIAN_POINT ( 'NONE',  ( 19.87500000000001066, -2.350480947161660339, -2.878508968398366432E-16 ) ) ;
#4580 = CARTESIAN_POINT ( 'NONE',  ( 19.21875000000000000, -5.610339524793564424E-16, 3.054126587736535559 ) ) ;
#4581 = CARTESIAN_POINT ( 'NONE',  ( 34.81249999999999289, -0.9736010864139191812, 2.350480947161659895 ) ) ;
#4582 = EDGE_CURVE ( 'NONE', #2990, #3010, #119, .T. ) ;
#4583 = ORIENTED_EDGE ( 'NONE', *, *, #3425, .T. ) ;
#4584 = CARTESIAN_POINT ( 'NONE',  ( 28.12499999999999645, -1.662041016787788816, -1.662041016787789260 ) ) ;
#4585 = CARTESIAN_POINT ( 'NONE',  ( 20.71875000000000711, 1.265060653844735539, -3.054126587736535114 ) ) ;
#4586 = CARTESIAN_POINT ( 'NONE',  ( 25.75000000000000000, 1.836970198721036344E-16, -3.000000000000010658 ) ) ;
#4587 = ORIENTED_EDGE ( 'NONE', *, *, #782, .F. ) ;
#4588 = CARTESIAN_POINT ( 'NONE',  ( 33.31250000000000711, 2.350480947161660339, -0.9736010864139179599 ) ) ;
#4589 = CARTESIAN_POINT ( 'NONE',  ( 21.00000000000000000, 3.000000000000010658, 0.000000000000000000 ) ) ;
#4590 = EDGE_CURVE ( 'NONE', #5920, #4404, #3273, .T. ) ;
#4591 = CARTESIAN_POINT ( 'NONE',  ( 42.55104409901005624, 1.578178384653901256, -2.196039895283798504 ) ) ;
#4592 = CARTESIAN_POINT ( 'NONE',  ( 32.90625000000001421, 3.054126587736535559, 0.000000000000000000 ) ) ;
#4593 = CARTESIAN_POINT ( 'NONE',  ( 23.68750000000000355, 0.9736010864139186261, 2.350480947161659895 ) ) ;
#4594 = CARTESIAN_POINT ( 'NONE',  ( 34.81250000000000000, 1.242640687119289655, -3.000000000000010658 ) ) ;
#4595 = CARTESIAN_POINT ( 'NONE',  ( 28.12500000000001066, 1.439254484199183216E-16, -2.350480947161660339 ) ) ;
#4596 = CARTESIAN_POINT ( 'NONE',  ( 22.25000000000001066, 1.662041016787789260, -1.662041016787788816 ) ) ;
#4597 = CARTESIAN_POINT ( 'NONE',  ( 20.31249999999999645, 0.9736010864139180709, -2.350480947161660339 ) ) ;
#4598 = CARTESIAN_POINT ( 'NONE',  ( 24.93750000000000355, 3.000000000000010658, -1.242640687119289433 ) ) ;
#4599 = CIRCLE ( 'NONE', #1671, 2.886751345948127767 ) ;
#4600 =( BOUNDED_CURVE ( )  B_SPLINE_CURVE ( 2, ( #283, #2222, #2777, #641, #2640, #5706, #2709, #3660, #1660 ),
 .UNSPECIFIED., .F., .T. ) 
 B_SPLINE_CURVE_WITH_KNOTS ( ( 3, 2, 2, 2, 3 ),
 ( 0.5288461538461540767, 0.5336538461538463674, 0.5384615384615386580, 0.5432692307692310596, 0.5480769230769233502 ),
 .UNSPECIFIED. ) 
 CURVE ( )  GEOMETRIC_REPRESENTATION_ITEM ( )  RATIONAL_B_SPLINE_CURVE ( ( 0.9999999999999964473, 0.9238795325112902912, 1.000000000000000000, 0.9238795325112867385, 1.000000000000000000, 0.9238795325112867385, 1.000000000000000000, 0.9238795325112831858, 1.000000000000003553 ) ) 
 REPRESENTATION_ITEM ( '' )  );
#4601 = VERTEX_POINT ( 'NONE', #2376 ) ;
#4602 = DIRECTION ( 'NONE',  ( -1.000000000000000000, -0.000000000000000000, -0.000000000000000000 ) ) ;
#4603 = CARTESIAN_POINT ( 'NONE',  ( 42.09375000000000000, 2.159593620790634994, 2.159593620790635882 ) ) ;
#4604 = CARTESIAN_POINT ( 'NONE',  ( 40.00000000000000711, -1.662041016787788816, -1.662041016787789260 ) ) ;
#4605 = CARTESIAN_POINT ( 'NONE',  ( 34.06250000000001421, -0.9736010864139177379, -2.350480947161660339 ) ) ;
#4606 = CARTESIAN_POINT ( 'NONE',  ( 32.37500000000000000, 1.662041016787789260, -1.662041016787788816 ) ) ;
#4607 = FACE_BOUND ( 'NONE', #1324, .T. ) ;
#4608 = CARTESIAN_POINT ( 'NONE',  ( 40.46875000000000000, -3.054126587736535114, -1.265060653844735761 ) ) ;
#4609 = FACE_OUTER_BOUND ( 'NONE', #407, .T. ) ;
#4610 = DIRECTION ( 'NONE',  ( -1.000000000000000000, -0.000000000000000000, -0.000000000000000000 ) ) ;
#4611 = CARTESIAN_POINT ( 'NONE',  ( 20.46875000000000000, -3.054126587736535559, -3.740226349862376611E-16 ) ) ;
#4612 = CARTESIAN_POINT ( 'NONE',  ( 36.75000000000000000, -4.317763452597548908E-16, 2.350480947161660339 ) ) ;
#4613 = CARTESIAN_POINT ( 'NONE',  ( 27.81249999999999645, -0.9736010864139191812, 2.350480947161659895 ) ) ;
#4614 = CARTESIAN_POINT ( 'NONE',  ( 18.03125000000000711, 2.159593620790634994, 2.159593620790635882 ) ) ;
#4615 = EDGE_CURVE ( 'NONE', #6400, #4314, #3339, .T. ) ;
#4616 = CARTESIAN_POINT ( 'NONE',  ( 43.06250000000000000, -2.350480947161660339, -0.9736010864139181820 ) ) ;
#4617 = ORIENTED_EDGE ( 'NONE', *, *, #5076, .T. ) ;
#4618 = CARTESIAN_POINT ( 'NONE',  ( 31.43750000000000711, 2.350480947161659895, 0.9736010864139195142 ) ) ;
#4619 = CARTESIAN_POINT ( 'NONE',  ( 32.71875000000000000, 1.870113174931188306E-16, -3.054126587736535559 ) ) ;
#4620 = DIRECTION ( 'NONE',  ( -1.000000000000000000, -0.000000000000000000, -0.000000000000000000 ) ) ;
#4621 = DIRECTION ( 'NONE',  ( 1.000000000000000000, 0.000000000000000000, 0.000000000000000000 ) ) ;
#4622 = CARTESIAN_POINT ( 'NONE',  ( 42.37317164279412651, -0.9328865803587569339, 2.728188086916149668 ) ) ;
#4623 = CARTESIAN_POINT ( 'NONE',  ( 30.78125000000001066, 2.159593620790635438, -2.159593620790635438 ) ) ;
#4624 = EDGE_CURVE ( 'NONE', #4151, #5849, #4895, .T. ) ;
#4625 = CARTESIAN_POINT ( 'NONE',  ( 22.56249999999999645, 2.350480947161659895, 0.9736010864139195142 ) ) ;
#4626 = FACE_OUTER_BOUND ( 'NONE', #5343, .T. ) ;
#4627 = CARTESIAN_POINT ( 'NONE',  ( 31.37500000000001421, 2.350480947161660339, 0.000000000000000000 ) ) ;
#4628 = CONICAL_SURFACE ( 'NONE', #2232, 3.000000000000010658, 0.7853981633974491672 ) ;
#4629 = CARTESIAN_POINT ( 'NONE',  ( 20.18750000000001066, 0.9736010864139180709, -2.350480947161660339 ) ) ;
#4630 = CARTESIAN_POINT ( 'NONE',  ( 21.12499999999999645, -1.662041016787788816, -1.662041016787789260 ) ) ;
#4631 = CARTESIAN_POINT ( 'NONE',  ( 19.62500000000000711, 1.836970198721036344E-16, -3.000000000000010658 ) ) ;
#4632 = PRODUCT_DEFINITION_SHAPE ( 'NONE', 'NONE',  #3201 ) ;
#4633 = VERTEX_POINT ( 'NONE', #5957 ) ;
#4634 = CARTESIAN_POINT ( 'NONE',  ( 19.64951905283834677, -4.317763452597548908E-16, 2.350480947161660339 ) ) ;
#4635 = CARTESIAN_POINT ( 'NONE',  ( 41.53125000000000000, -3.054126587736535114, -1.265060653844735761 ) ) ;
#4636 = CARTESIAN_POINT ( 'NONE',  ( 40.75000000000000711, -1.662041016787789482, 1.662041016787788816 ) ) ;
#4637 = CARTESIAN_POINT ( 'NONE',  ( 31.75000000000001421, -1.662041016787789482, 1.662041016787788816 ) ) ;
#4638 = CARTESIAN_POINT ( 'NONE',  ( 33.12499999999999289, -1.662041016787788816, -1.662041016787789260 ) ) ;
#4639 = CARTESIAN_POINT ( 'NONE',  ( 19.00000000000001066, 2.121320343559649491, 2.121320343559650379 ) ) ;
#4640 = CARTESIAN_POINT ( 'NONE',  ( 42.84375000000000711, 3.054126587736535114, -1.265060653844735317 ) ) ;
#4641 =( BOUNDED_CURVE ( )  B_SPLINE_CURVE ( 2, ( #5246, #4675, #5740, #744, #183, #1236, #4181, #2744, #3692 ),
 .UNSPECIFIED., .F., .T. ) 
 B_SPLINE_CURVE_WITH_KNOTS ( ( 3, 2, 2, 2, 3 ),
 ( 0.3173076923076920686, 0.3221153846153844147, 0.3269230769230766498, 0.3317307692307689404, 0.3365384615384612865 ),
 .UNSPECIFIED. ) 
 CURVE ( )  GEOMETRIC_REPRESENTATION_ITEM ( )  RATIONAL_B_SPLINE_CURVE ( ( 1.000000000000003553, 0.9238795325112831858, 1.000000000000000000, 0.9238795325112867385, 1.000000000000000000, 0.9238795325112867385, 1.000000000000000000, 0.9238795325112911794, 0.9999999999999955591 ) ) 
 REPRESENTATION_ITEM ( '' )  );
#4642 = FACE_OUTER_BOUND ( 'NONE', #468, .T. ) ;
#4643 = CARTESIAN_POINT ( 'NONE',  ( -43.00000000000000000, 0.000000000000000000, 0.000000000000000000 ) ) ;
#4644 = CARTESIAN_POINT ( 'NONE',  ( 21.37500000000001066, 2.350480947161660339, 0.000000000000000000 ) ) ;
#4645 = CARTESIAN_POINT ( 'NONE',  ( 20.59375000000000000, -2.159593620790635438, -2.159593620790635438 ) ) ;
#4646 = CARTESIAN_POINT ( 'NONE',  ( 30.25000000000000000, 1.439254484199183216E-16, -2.350480947161660339 ) ) ;
#4647 = ORIENTED_EDGE ( 'NONE', *, *, #4830, .F. ) ;
#4648 = CARTESIAN_POINT ( 'NONE',  ( 25.56249999999999289, 2.350480947161659895, 0.9736010864139195142 ) ) ;
#4649 = CARTESIAN_POINT ( 'NONE',  ( 41.74999999999999289, 1.836970198721036344E-16, -3.000000000000010658 ) ) ;
#4650 = CARTESIAN_POINT ( 'NONE',  ( 26.25000000000000000, -5.510910596163108291E-16, 3.000000000000010658 ) ) ;
#4651 = ORIENTED_EDGE ( 'NONE', *, *, #1588, .T. ) ;
#4652 = CARTESIAN_POINT ( 'NONE',  ( 33.18750000000000711, 0.9736010864139180709, -2.350480947161660339 ) ) ;
#4653 = CARTESIAN_POINT ( 'NONE',  ( 31.78124999999999645, 1.265060653844735539, -3.054126587736535114 ) ) ;
#4654 = CARTESIAN_POINT ( 'NONE',  ( 21.18749999999999289, 1.242640687119257237, 3.000000000000043077 ) ) ;
#4655 = CARTESIAN_POINT ( 'NONE',  ( 21.37499999999999645, -2.121320343559650379, 2.121320343559649935 ) ) ;
#4656 = CARTESIAN_POINT ( 'NONE',  ( 42.60907569412074736, -2.167449114978416080, 1.521053527039346820 ) ) ;
#4657 = CARTESIAN_POINT ( 'NONE',  ( 29.96875000000001421, 3.054126587736534670, 1.265060653844737759 ) ) ;
#4658 = CARTESIAN_POINT ( 'NONE',  ( 22.74999999999999645, -4.317763452597548908E-16, 2.350480947161660339 ) ) ;
#4659 = LINE ( 'NONE', #166, #4879 ) ;
#4660 = CARTESIAN_POINT ( 'NONE',  ( 23.50000000000001066, 1.662041016787788594, 1.662041016787789482 ) ) ;
#4661 = CARTESIAN_POINT ( 'NONE',  ( 18.62500000000001066, -4.317763452597548908E-16, 2.350480947161660339 ) ) ;
#4662 = CARTESIAN_POINT ( 'NONE',  ( 18.24999999999999645, 1.439254484199183216E-16, -2.350480947161660339 ) ) ;
#4663 = EDGE_CURVE ( 'NONE', #786, #6241, #5433, .T. ) ;
#4664 = CARTESIAN_POINT ( 'NONE',  ( 19.43750000000000711, -3.000000000000010658, -1.242640687119289877 ) ) ;
#4665 = ORIENTED_EDGE ( 'NONE', *, *, #705, .T. ) ;
#4666 = CARTESIAN_POINT ( 'NONE',  ( 40.43750000000000711, 2.350480947161659895, 0.9736010864139195142 ) ) ;
#4667 = CARTESIAN_POINT ( 'NONE',  ( 41.96875000000000000, 3.054126587736535559, 0.000000000000000000 ) ) ;
#4668 = CARTESIAN_POINT ( 'NONE',  ( 41.25000000000000711, 1.662041016787789260, -1.662041016787788816 ) ) ;
#4669 = CARTESIAN_POINT ( 'NONE',  ( 31.43750000000001066, 2.350480947161659895, 0.9736010864139195142 ) ) ;
#4670 = CARTESIAN_POINT ( 'NONE',  ( 33.31249999999999289, 0.9736010864139180709, -2.350480947161660339 ) ) ;
#4671 = EDGE_CURVE ( 'NONE', #719, #2749, #6031, .T. ) ;
#4672 = CARTESIAN_POINT ( 'NONE',  ( 24.50000000000001066, -2.121320343559649935, -2.121320343559649935 ) ) ;
#4673 = CARTESIAN_POINT ( 'NONE',  ( 40.03125000000000711, 2.159593620790634994, 2.159593620790635882 ) ) ;
#4674 = CARTESIAN_POINT ( 'NONE',  ( 30.00000000000001421, 2.121320343559649491, 2.121320343559650379 ) ) ;
#4675 = CARTESIAN_POINT ( 'NONE',  ( 35.56250000000001421, -1.242640687119245468, -3.000000000000054623 ) ) ;
#4676 = CARTESIAN_POINT ( 'NONE',  ( 22.00000000000001066, -1.662041016787788816, -1.662041016787789260 ) ) ;
#4677 = CARTESIAN_POINT ( 'NONE',  ( 17.71875000000000000, 1.870113174931188306E-16, -3.054126587736535559 ) ) ;
#4678 = CARTESIAN_POINT ( 'NONE',  ( 30.62499999999999645, 1.662041016787788594, 1.662041016787789482 ) ) ;
#4679 = CARTESIAN_POINT ( 'NONE',  ( 18.56250000000001421, 0.9736010864139186261, 2.350480947161659895 ) ) ;
#4680 = ORIENTED_EDGE ( 'NONE', *, *, #5565, .T. ) ;
#4681 =( BOUNDED_CURVE ( )  B_SPLINE_CURVE ( 2, ( #1650, #1753, #3648, #6349, #4925, #3412, #888, #923, #1849 ),
 .UNSPECIFIED., .F., .F. ) 
 B_SPLINE_CURVE_WITH_KNOTS ( ( 3, 2, 2, 2, 3 ),
 ( 0.2019230769230765943, 0.2067307692307688849, 0.2115384615384612033, 0.2163461538461535216, 0.2211538461538458122 ),
 .UNSPECIFIED. ) 
 CURVE ( )  GEOMETRIC_REPRESENTATION_ITEM ( )  RATIONAL_B_SPLINE_CURVE ( ( 1.000000000000005329, 0.9238795325112815204, 1.000000000000000000, 0.9238795325112867385, 1.000000000000000000, 0.9238795325112867385, 1.000000000000000000, 0.9238795325112919565, 0.9999999999999947820 ) ) 
 REPRESENTATION_ITEM ( '' )  );
#4682 = CARTESIAN_POINT ( 'NONE',  ( 27.87499999999999645, -1.662041016787789482, 1.662041016787788816 ) ) ;
#4683 = CARTESIAN_POINT ( 'NONE',  ( 41.99999999999999289, 3.000000000000010658, 0.000000000000000000 ) ) ;
#4684 = CARTESIAN_POINT ( 'NONE',  ( 40.93750000000000711, -2.350480947161660339, 0.9736010864139172938 ) ) ;
#4685 = ORIENTED_EDGE ( 'NONE', *, *, #3828, .T. ) ;
#4686 = CARTESIAN_POINT ( 'NONE',  ( 33.75000000000000711, -1.662041016787789482, 1.662041016787788816 ) ) ;
#4687 = CARTESIAN_POINT ( 'NONE',  ( 29.96875000000000000, 3.054126587736535559, 0.000000000000000000 ) ) ;
#4688 = CARTESIAN_POINT ( 'NONE',  ( 41.24999999999999289, 1.439254484199183216E-16, -2.350480947161660339 ) ) ;
#4689 = CARTESIAN_POINT ( 'NONE',  ( 20.75000000000000000, 1.836970198721036344E-16, -3.000000000000010658 ) ) ;
#4690 = CARTESIAN_POINT ( 'NONE',  ( 30.71875000000001421, 1.265060653844735539, -3.054126587736535114 ) ) ;
#4691 = CARTESIAN_POINT ( 'NONE',  ( 23.12499999999999645, -1.662041016787788816, -1.662041016787789260 ) ) ;
#4692 = CARTESIAN_POINT ( 'NONE',  ( 33.68750000000000711, 1.242640687119322962, -2.999999999999977351 ) ) ;
#4693 = CARTESIAN_POINT ( 'NONE',  ( 25.75000000000001066, -1.662041016787789482, 1.662041016787788816 ) ) ;
#4694 = CARTESIAN_POINT ( 'NONE',  ( 19.18750000000001066, 0.9736010864139180709, -2.350480947161660339 ) ) ;
#4695 = CARTESIAN_POINT ( 'NONE',  ( -42.65249133528446635, 0.5014914694109700033, -2.499999999999996891 ) ) ;
#4696 = ORIENTED_EDGE ( 'NONE', *, *, #613, .T. ) ;
#4697 = ADVANCED_FACE ( 'NONE', ( #3875 ), #4810, .T. ) ;
#4698 = ORIENTED_EDGE ( 'NONE', *, *, #4346, .T. ) ;
#4699 = CARTESIAN_POINT ( 'NONE',  ( 39.50000000000000711, 1.662041016787788594, 1.662041016787789482 ) ) ;
#4700 = CARTESIAN_POINT ( 'NONE',  ( 39.65624999999999289, -1.265060653844735317, -3.054126587736535114 ) ) ;
#4701 = CARTESIAN_POINT ( 'NONE',  ( 37.75000000000001421, -1.662041016787789482, 1.662041016787788816 ) ) ;
#4702 = CARTESIAN_POINT ( 'NONE',  ( 30.25000000000001421, 1.662041016787789260, -1.662041016787788816 ) ) ;
#4703 = CARTESIAN_POINT ( 'NONE',  ( 28.81249999999999645, -0.9736010864139191812, 2.350480947161659895 ) ) ;
#4704 = FACE_OUTER_BOUND ( 'NONE', #328, .T. ) ;
#4705 = EDGE_LOOP ( 'NONE', ( #3826, #3422, #1414, #4005 ) ) ;
#4706 = CARTESIAN_POINT ( 'NONE',  ( 39.40625000000000711, -3.054126587736535559, -3.740226349862376611E-16 ) ) ;
#4707 = DIRECTION ( 'NONE',  ( -1.000000000000000000, -0.000000000000000000, -0.000000000000000000 ) ) ;
#4708 = EDGE_CURVE ( 'NONE', #5407, #3249, #798, .T. ) ;
#4709 = CARTESIAN_POINT ( 'NONE',  ( 27.75000000000001066, 2.121320343559649935, -2.121320343559649935 ) ) ;
#4710 = CARTESIAN_POINT ( 'NONE',  ( -43.00000000000000000, -2.886751345948128211, 1.040834085586084257E-14 ) ) ;
#4711 = CARTESIAN_POINT ( 'NONE',  ( 17.84375000000000000, 2.159593620790635438, -2.159593620790635438 ) ) ;
#4712 = CARTESIAN_POINT ( 'NONE',  ( 29.43750000000000355, 2.350480947161660339, -0.9736010864139179599 ) ) ;
#4713 = CARTESIAN_POINT ( 'NONE',  ( 17.43750000000001066, 2.350480947161659895, 0.9736010864139195142 ) ) ;
#4714 = ORIENTED_EDGE ( 'NONE', *, *, #892, .T. ) ;
#4715 = CARTESIAN_POINT ( 'NONE',  ( 24.81249999999999645, -0.9736010864139191812, 2.350480947161659895 ) ) ;
#4716 = CARTESIAN_POINT ( 'NONE',  ( 18.96875000000000711, 3.054126587736534670, 1.265060653844737759 ) ) ;
#4717 = CARTESIAN_POINT ( 'NONE',  ( 39.31250000000000000, 0.9736010864139180709, -2.350480947161660339 ) ) ;
#4718 = EDGE_LOOP ( 'NONE', ( #933, #947, #1558, #2393 ) ) ;
#4719 = CARTESIAN_POINT ( 'NONE',  ( 32.50000000000000711, 1.662041016787788594, 1.662041016787789482 ) ) ;
#4720 = CARTESIAN_POINT ( 'NONE',  ( 29.03125000000000000, 3.054126587736534670, 1.265060653844737759 ) ) ;
#4721 = CARTESIAN_POINT ( 'NONE',  ( -43.00000000000000000, -1.443375672974070323, 2.499999999999995559 ) ) ;
#4722 = CARTESIAN_POINT ( 'NONE',  ( 33.56249999999999289, -3.000000000000010658, -1.242640687119289877 ) ) ;
#4723 = CARTESIAN_POINT ( 'NONE',  ( 27.84375000000000355, 3.054126587736535114, -1.265060653844735317 ) ) ;
#4724 = CARTESIAN_POINT ( 'NONE',  ( -37.49999999999999289, 6.123233995736772199E-16, -5.000000000000004441 ) ) ;
#4725 = DIRECTION ( 'NONE',  ( 0.000000000000000000, 0.000000000000000000, -1.000000000000000000 ) ) ;
#4726 = CARTESIAN_POINT ( 'NONE',  ( 25.37500000000000711, 2.350480947161660339, 0.000000000000000000 ) ) ;
#4727 = CARTESIAN_POINT ( 'NONE',  ( 20.68750000000001421, -0.9736010864139191812, 2.350480947161659895 ) ) ;
#4728 = CARTESIAN_POINT ( 'NONE',  ( 37.68750000000002132, 1.242640687119355603, -2.999999999999944489 ) ) ;
#4729 = CARTESIAN_POINT ( 'NONE',  ( 42.46761173768599207, -0.5662950822448566957, -2.738854601036873504 ) ) ;
#4730 = CARTESIAN_POINT ( 'NONE',  ( 35.25000000000000000, 1.439254484199183216E-16, -2.350480947161660339 ) ) ;
#4731 = ORIENTED_EDGE ( 'NONE', *, *, #2624, .F. ) ;
#4732 = CARTESIAN_POINT ( 'NONE',  ( 39.12500000000000711, 1.439254484199183216E-16, -2.350480947161660339 ) ) ;
#4733 = CARTESIAN_POINT ( 'NONE',  ( 40.59375000000000000, -2.159593620790635438, -2.159593620790635438 ) ) ;
#4734 = CARTESIAN_POINT ( 'NONE',  ( 36.31250000000000711, 2.350480947161660339, -0.9736010864139179599 ) ) ;
#4735 = CARTESIAN_POINT ( 'NONE',  ( 31.62500000000001421, -4.317763452597548908E-16, 2.350480947161660339 ) ) ;
#4736 = CARTESIAN_POINT ( 'NONE',  ( 27.56249999999999645, 2.350480947161659895, 0.9736010864139195142 ) ) ;
#4737 = VERTEX_POINT ( 'NONE', #6485 ) ;
#4738 = APPROVAL_PERSON_ORGANIZATION ( #922, #908, #4364 ) ;
#4739 = CARTESIAN_POINT ( 'NONE',  ( 37.96875000000000711, 3.054126587736534670, 1.265060653844737759 ) ) ;
#4740 = CARTESIAN_POINT ( 'NONE',  ( 28.75000000000001066, 2.121320343559649935, -2.121320343559649935 ) ) ;
#4741 = LINE ( 'NONE', #6198, #2856 ) ;
#4742 = AXIS2_PLACEMENT_3D ( 'NONE', #1165, #4707, #3137 ) ;
#4743 = CARTESIAN_POINT ( 'NONE',  ( 24.62500000000000711, 1.836970198721036344E-16, -3.000000000000010658 ) ) ;
#4744 = CARTESIAN_POINT ( 'NONE',  ( 18.78125000000000000, 1.265060653844735539, -3.054126587736535114 ) ) ;
#4745 = CARTESIAN_POINT ( 'NONE',  ( 32.25000000000000000, 1.439254484199183216E-16, -2.350480947161660339 ) ) ;
#4746 = CARTESIAN_POINT ( 'NONE',  ( 40.93750000000000711, -2.350480947161660339, 0.9736010864139172938 ) ) ;
#4747 = VERTEX_POINT ( 'NONE', #2598 ) ;
#4748 = EDGE_CURVE ( 'NONE', #934, #6090, #2845, .T. ) ;
#4749 = AXIS2_PLACEMENT_3D ( 'NONE', #1380, #4892, #2399 ) ;
#4750 = CARTESIAN_POINT ( 'NONE',  ( 20.93749999999999645, -2.350480947161660339, 0.9736010864139172938 ) ) ;
#4751 = CARTESIAN_POINT ( 'NONE',  ( 19.03125000000000711, 2.159593620790634994, 2.159593620790635882 ) ) ;
#4752 = CARTESIAN_POINT ( 'NONE',  ( 40.18749999999999289, -0.9736010864139177379, -2.350480947161660339 ) ) ;
#4753 = VERTEX_POINT ( 'NONE', #6119 ) ;
#4754 = CARTESIAN_POINT ( 'NONE',  ( 27.31250000000001066, 2.350480947161660339, -0.9736010864139179599 ) ) ;
#4755 = CARTESIAN_POINT ( 'NONE',  ( 28.84375000000000000, 2.159593620790635438, -2.159593620790635438 ) ) ;
#4756 = CARTESIAN_POINT ( 'NONE',  ( 42.12499999999999289, -1.662041016787788816, -1.662041016787789260 ) ) ;
#4757 = CARTESIAN_POINT ( 'NONE',  ( 36.50000000000001421, -2.121320343559649935, -2.121320343559649935 ) ) ;
#4758 = CARTESIAN_POINT ( 'NONE',  ( 27.40625000000000711, -3.054126587736535559, -3.740226349862376611E-16 ) ) ;
#4759 = DIRECTION ( 'NONE',  ( -0.7071067811865469066, 0.000000000000000000, 0.7071067811865482389 ) ) ;
#4760 = LINE ( 'NONE', #1818, #4353 ) ;
#4761 = CARTESIAN_POINT ( 'NONE',  ( 25.00000000000001066, -1.662041016787788816, -1.662041016787789260 ) ) ;
#4762 = CARTESIAN_POINT ( 'NONE',  ( 21.18750000000001066, 0.9736010864139180709, -2.350480947161660339 ) ) ;
#4763 = DIRECTION ( 'NONE',  ( -1.000000000000000000, -0.000000000000000000, -0.000000000000000000 ) ) ;
#4764 = CARTESIAN_POINT ( 'NONE',  ( 42.45191036793544725, -0.9764817893210955280, -2.625999134629470433 ) ) ;
#4765 = ORIENTED_EDGE ( 'NONE', *, *, #4551, .F. ) ;
#4766 = CARTESIAN_POINT ( 'NONE',  ( 35.93749999999999289, -2.350480947161660339, 0.9736010864139172938 ) ) ;
#4767 = ORIENTED_EDGE ( 'NONE', *, *, #1955, .T. ) ;
#4768 = CARTESIAN_POINT ( 'NONE',  ( 38.81250000000001421, -2.350480947161660783, 0.9736010864139172938 ) ) ;
#4769 = CARTESIAN_POINT ( 'NONE',  ( 37.09375000000000000, 2.159593620790634994, 2.159593620790635882 ) ) ;
#4770 = CARTESIAN_POINT ( 'NONE',  ( 38.37500000000001421, 2.350480947161660339, 0.000000000000000000 ) ) ;
#4771 = CARTESIAN_POINT ( 'NONE',  ( 33.37500000000000711, 2.350480947161660339, 0.000000000000000000 ) ) ;
#4772 = CARTESIAN_POINT ( 'NONE',  ( 29.43750000000000355, 2.350480947161660339, -0.9736010864139179599 ) ) ;
#4773 = CARTESIAN_POINT ( 'NONE',  ( 34.62500000000000711, 1.836970198721036344E-16, -3.000000000000010658 ) ) ;
#4774 = ORIENTED_EDGE ( 'NONE', *, *, #6405, .F. ) ;
#4775 = CARTESIAN_POINT ( 'NONE',  ( 35.78125000000000711, 2.159593620790635438, -2.159593620790635438 ) ) ;
#4776 = AXIS2_PLACEMENT_3D ( 'NONE', #1017, #5390, #884 ) ;
#4777 = CARTESIAN_POINT ( 'NONE',  ( 26.68750000000001066, 1.242640687119311416, -2.999999999999988010 ) ) ;
#4778 = CARTESIAN_POINT ( 'NONE',  ( 37.25000000000000000, -5.510910596163108291E-16, 3.000000000000010658 ) ) ;
#4779 = CARTESIAN_POINT ( 'NONE',  ( 42.31250000000001421, 2.350480947161660339, -0.9736010864139179599 ) ) ;
#4780 = CARTESIAN_POINT ( 'NONE',  ( 30.74999999999999645, -4.317763452597548908E-16, 2.350480947161660339 ) ) ;
#4781 = CARTESIAN_POINT ( 'NONE',  ( 38.87500000000000000, -1.662041016787789482, 1.662041016787788816 ) ) ;
#4782 = CARTESIAN_POINT ( 'NONE',  ( 24.56250000000000000, 2.350480947161659895, 0.9736010864139195142 ) ) ;
#4783 = CARTESIAN_POINT ( 'NONE',  ( 25.37500000000000711, -3.000000000000010658, -3.673940397442072687E-16 ) ) ;
#4784 = CARTESIAN_POINT ( 'NONE',  ( 37.56250000000000000, 2.350480947161659895, 0.9736010864139195142 ) ) ;
#4785 = ORIENTED_EDGE ( 'NONE', *, *, #255, .T. ) ;
#4786 = EDGE_CURVE ( 'NONE', #4747, #4273, #4567, .T. ) ;
#4787 = CARTESIAN_POINT ( 'NONE',  ( 30.31250000000001776, 2.350480947161660339, -0.9736010864139179599 ) ) ;
#4788 = CARTESIAN_POINT ( 'NONE',  ( 29.65625000000000355, -1.265060653844735317, -3.054126587736535114 ) ) ;
#4789 = CARTESIAN_POINT ( 'NONE',  ( 41.49999999999999289, 2.350480947161660339, 0.000000000000000000 ) ) ;
#4790 = DIRECTION ( 'NONE',  ( -1.000000000000000000, -0.000000000000000000, -0.000000000000000000 ) ) ;
#4791 = ORIENTED_EDGE ( 'NONE', *, *, #2830, .F. ) ;
#4792 = CARTESIAN_POINT ( 'NONE',  ( 23.28125000000000711, -2.159593620790635882, 2.159593620790635438 ) ) ;
#4793 = LINE ( 'NONE', #330, #3310 ) ;
#4794 = EDGE_CURVE ( 'NONE', #5909, #2444, #4888, .T. ) ;
#4795 = CARTESIAN_POINT ( 'NONE',  ( 29.18749999999999645, 1.242640687119224152, 3.000000000000075495 ) ) ;
#4796 = CARTESIAN_POINT ( 'NONE',  ( 25.62500000000000711, -4.317763452597548908E-16, 2.350480947161660339 ) ) ;
#4797 = CARTESIAN_POINT ( 'NONE',  ( 26.81250000000000000, 1.242640687119333398, -2.999999999999966693 ) ) ;
#4798 = CARTESIAN_POINT ( 'NONE',  ( 37.62500000000001421, 1.836970198721036344E-16, -3.000000000000010658 ) ) ;
#4799 = CARTESIAN_POINT ( 'NONE',  ( 28.37499999999999645, -2.121320343559650379, 2.121320343559649935 ) ) ;
#4800 = CARTESIAN_POINT ( 'NONE',  ( 33.68749999999999289, 0.9736010864139186261, 2.350480947161659895 ) ) ;
#4801 = ORIENTED_EDGE ( 'NONE', *, *, #342, .T. ) ;
#4802 = CARTESIAN_POINT ( 'NONE',  ( 35.15624999999999289, 1.265060653844736205, 3.054126587736534670 ) ) ;
#4803 = CARTESIAN_POINT ( 'NONE',  ( 37.62500000000001421, -4.317763452597548908E-16, 2.350480947161660339 ) ) ;
#4804 = CARTESIAN_POINT ( 'NONE',  ( 26.75000000000001066, -1.662041016787789482, 1.662041016787788816 ) ) ;
#4805 = CARTESIAN_POINT ( 'NONE',  ( 28.62499999999999645, 1.662041016787788594, 1.662041016787789482 ) ) ;
#4806 = CARTESIAN_POINT ( 'NONE',  ( 24.25000000000001066, -2.121320343559650379, 2.121320343559649935 ) ) ;
#4807 = EDGE_LOOP ( 'NONE', ( #4587, #898, #3843, #3519 ) ) ;
#4808 = CARTESIAN_POINT ( 'NONE',  ( 38.15625000000000711, -5.610339524793564424E-16, 3.054126587736535559 ) ) ;
#4809 = CARTESIAN_POINT ( 'NONE',  ( 29.25000000000000000, -5.510910596163108291E-16, 3.000000000000010658 ) ) ;
#4810 = CONICAL_SURFACE ( 'NONE', #3656, 3.000000000000014655, 0.7853981633974500554 ) ;
#4811 = CARTESIAN_POINT ( 'NONE',  ( 19.68750000000000355, -1.242640687119234588, -3.000000000000065725 ) ) ;
#4812 = CARTESIAN_POINT ( 'NONE',  ( 39.81250000000000711, -2.350480947161660339, 0.9736010864139172938 ) ) ;
#4813 = CARTESIAN_POINT ( 'NONE',  ( 28.81249999999999645, -0.9736010864139191812, 2.350480947161659895 ) ) ;
#4814 = CARTESIAN_POINT ( 'NONE',  ( 38.06250000000000000, -2.350480947161660339, -0.9736010864139181820 ) ) ;
#4815 = CARTESIAN_POINT ( 'NONE',  ( 24.06249999999999645, -2.350480947161660339, -0.9736010864139181820 ) ) ;
#4816 = CARTESIAN_POINT ( 'NONE',  ( 19.48282672024267725, 1.912816322132612878, -1.641386848320451008 ) ) ;
#4817 = CARTESIAN_POINT ( 'NONE',  ( 38.12500000000000000, -1.662041016787788816, -1.662041016787789260 ) ) ;
#4818 = CARTESIAN_POINT ( 'NONE',  ( 30.25000000000001421, 1.662041016787789260, -1.662041016787788816 ) ) ;
#4819 = CARTESIAN_POINT ( 'NONE',  ( 30.09375000000000000, 2.159593620790634994, 2.159593620790635882 ) ) ;
#4820 = CARTESIAN_POINT ( 'NONE',  ( 39.06250000000000000, -2.350480947161660339, -0.9736010864139181820 ) ) ;
#4821 = CARTESIAN_POINT ( 'NONE',  ( 30.81250000000001066, 3.000000000000010658, -1.242640687119289433 ) ) ;
#4822 = VERTEX_POINT ( 'NONE', #3027 ) ;
#4823 = CARTESIAN_POINT ( 'NONE',  ( 25.34375000000000711, -3.054126587736536447, 1.265060653844735095 ) ) ;
#4824 = CARTESIAN_POINT ( 'NONE',  ( 38.12500000000001421, -5.510910596163109277E-16, 3.000000000000010658 ) ) ;
#4825 = CARTESIAN_POINT ( 'NONE',  ( 29.12499999999999645, 2.121320343559649491, 2.121320343559650379 ) ) ;
#4826 = CARTESIAN_POINT ( 'NONE',  ( 22.56250000000001066, 0.9736010864139186261, 2.350480947161659895 ) ) ;
#4827 = CARTESIAN_POINT ( 'NONE',  ( 18.99999999999999289, -3.673940397442078110E-16, 3.000000000000014655 ) ) ;
#4828 = DIRECTION ( 'NONE',  ( -0.7071067811865469066, 8.659560562354941486E-17, -0.7071067811865482389 ) ) ;
#4829 = CARTESIAN_POINT ( 'NONE',  ( 37.75000000000000000, 1.836970198721036344E-16, -3.000000000000010658 ) ) ;
#4830 = EDGE_CURVE ( 'NONE', #5992, #2921, #5571, .T. ) ;
#4831 = CARTESIAN_POINT ( 'NONE',  ( 33.56249999999999289, 2.350480947161659895, 0.9736010864139195142 ) ) ;
#4832 = ORIENTED_EDGE ( 'NONE', *, *, #2310, .T. ) ;
#4833 = CARTESIAN_POINT ( 'NONE',  ( 37.34375000000000000, -2.159593620790635882, 2.159593620790635438 ) ) ;
#4834 = CARTESIAN_POINT ( 'NONE',  ( 35.62500000000001421, -4.317763452597548908E-16, 2.350480947161660339 ) ) ;
#4835 = CARTESIAN_POINT ( 'NONE',  ( 29.18750000000001066, 0.9736010864139180709, -2.350480947161660339 ) ) ;
#4836 = CARTESIAN_POINT ( 'NONE',  ( 28.49999999999999645, 2.350480947161660339, 0.000000000000000000 ) ) ;
#4837 = DIRECTION ( 'NONE',  ( 0.000000000000000000, 0.000000000000000000, 1.000000000000000000 ) ) ;
#4838 = ORIENTED_EDGE ( 'NONE', *, *, #1270, .F. ) ;
#4839 = CARTESIAN_POINT ( 'NONE',  ( 36.28125000000000711, -2.159593620790635882, 2.159593620790635438 ) ) ;
#4840 = CARTESIAN_POINT ( 'NONE',  ( 26.06250000000000711, 1.242640687119268339, 3.000000000000031974 ) ) ;
#4841 = CARTESIAN_POINT ( 'NONE',  ( 19.32018703388633085, -1.835956090005856245, -1.960583296736980508 ) ) ;
#4842 = DIRECTION ( 'NONE',  ( -1.000000000000000000, -0.000000000000000000, -0.000000000000000000 ) ) ;
#4843 = CARTESIAN_POINT ( 'NONE',  ( 37.56250000000002132, 0.9736010864139186261, 2.350480947161659895 ) ) ;
#4844 = CARTESIAN_POINT ( 'NONE',  ( 40.18749999999999289, -0.9736010864139177379, -2.350480947161660339 ) ) ;
#4845 = CARTESIAN_POINT ( 'NONE',  ( 23.24999999999999645, 1.439254484199183216E-16, -2.350480947161660339 ) ) ;
#4846 = CARTESIAN_POINT ( 'NONE',  ( 18.99999999999999645, 3.000000000000010658, 0.000000000000000000 ) ) ;
#4847 = VECTOR ( 'NONE', #5110, 1000.000000000000000 ) ;
#4848 = CARTESIAN_POINT ( 'NONE',  ( 36.87500000000000000, -1.662041016787789482, 1.662041016787788816 ) ) ;
#4849 = AXIS2_PLACEMENT_3D ( 'NONE', #2433, #955, #3932 ) ;
#4850 = CARTESIAN_POINT ( 'NONE',  ( 30.12500000000001421, 1.439254484199183216E-16, -2.350480947161660339 ) ) ;
#4851 = CARTESIAN_POINT ( 'NONE',  ( 26.15624999999999645, 1.265060653844736205, 3.054126587736534670 ) ) ;
#4852 = CARTESIAN_POINT ( 'NONE',  ( 39.87499999999999289, -1.662041016787789482, 1.662041016787788816 ) ) ;
#4853 = ORIENTED_EDGE ( 'NONE', *, *, #4948, .F. ) ;
#4854 = CARTESIAN_POINT ( 'NONE',  ( 25.78125000000001066, 2.159593620790635438, -2.159593620790635438 ) ) ;
#4855 = CARTESIAN_POINT ( 'NONE',  ( 20.24999999999999645, 1.439254484199183216E-16, -2.350480947161660339 ) ) ;
#4856 =( BOUNDED_CURVE ( )  B_SPLINE_CURVE ( 2, ( #6024, #4042, #1063, #3063, #2570, #76, #2396, #4203, #5765, #1193, #5664, #4391, #5697, #1227, #6290, #3683, #2768, #6403, #6224, #2698, #1722, #3717, #1906, #391, #4274, #2885, #2734, #666, #700, #275, #6259, #4889, #1260, #5203, #173, #5391, #5731, #3751, #5169, #3864, #4239, #4666, #2666, #1158, #3199, #3163, #2180, #3232, #4170, #6189, #3265, #1686, #2280, #768, #5236, #1792, #4699, #734, #207, #2213, #1758, #1377, #4732, #243, #3377, #2249, #5273, #4768, #5883, #885, #3407, #2007, #519, #3504, #2558, #1545, #6438, #3539, #31, #5527, #1019, #3015, #1939, #986, #1440, #6044, #1475, #4988, #5421, #2038, #1407, #63, #2947, #3048, #918, #3893, #5912, #3962, #4491, #4953, #2915, #5455, #6505, #4030, #2462, #6472, #4556, #4458, #4920, #3470, #3438, #1974, #5976, #5020, #5493, #5942, #5560, #2527, #2495, #951, #3997, #4524, #1051, #454, #488, #5052, #4426, #6011, #2983, #1511, #551, #422, #2428, #3928, #4093, #685, #4192, #125, #6108, #5592, #2587, #4060, #1640, #3637, #6076, #4125, #2100, #2684, #4686, #5151, #1707, #2650, #93, #3083, #3603, #4588, #5222, #4652, #1575, #5652, #1144, #1608, #1212, #3219, #1082, #3670, #3116, #6210, #4719, #5682, #6176, #6140, #1672, #1113, #5623, #5087, #194, #3704, #2201, #2618, #587, #5716, #5121, #1176, #720, #4618, #620, #2131, #3149, #651, #2720, #2068, #3571, #158, #2163, #3183, #4156, #5187, #3341, #6276, #6308, #1246, #6368, #4787, #4818, #6243, #4850, #5324, #1341, #849, #1868, #3857, #3251, #5816, #228, #1370, #1811, #5354, #5257, #879, #2234, #4292, #2849, #3801, #818, #1279, #1741, #1840, #753, #1312, #2358, #3314, #3737, #4356, #2817, #323, #2755, #4226, #2328, #5751, #4325, #2266, #5875, #357, #6339, #3769, #3831, #5846, #3370, #2787, #5385, #4754, #2878, #4258, #260, #1777, #5784, #3285, #5295, #787, #293, #2297, #512, #2939, #2420, #1899, #5416, #944, #481, #3432, #6004, #911, #2455, #4517, #4945, #1042, #6466, #4484, #2488, #2908, #3885, #1502, #4914, #3463, #416, #4384, #6497, #4418, #4022, #6034, #5906, #2000, #5936, #2520, #4882, #3990, #3496, #447, #5518, #3921, #6431, #4978, #1933, #385, #1535, #1433, #4451, #1011, #5447, #3007, #3530, #1966, #3955, #5970, #1467, #5483, #5552, #5013, #2390, #978, #1401, #2974, #21, #2030, #6396, #3401, #2579, #4052, #2675, #1104, #1135, #2551, #1166, #1632, #4148, #3661, #4676, #184, #6068, #2124, #3041, #5044, #4182, #3139, #3563, #6168, #4644, #5672, #676, #3173, #3595, #1567, #2191, #5112, #642, #5584, #2091, #6199, #5615, #3075, #3108, #3694, #5178, #1696, #574, #54, #2643, #116, #5142, #1661, #4579, #2609, #4085, #5707, #543 ),
 .UNSPECIFIED., .F., .F. ) 
 B_SPLINE_CURVE_WITH_KNOTS ( ( 3, 2, 2, 2, 2, 2, 2, 2, 2, 2, 2, 2, 2, 2, 2, 2, 2, 2, 2, 2, 2, 2, 2, 2, 2, 2, 2, 2, 2, 2, 2, 2, 2, 2, 2, 2, 2, 2, 2, 2, 2, 2, 2, 2, 2, 2, 2, 2, 2, 2, 2, 2, 2, 2, 2, 2, 2, 2, 2, 2, 2, 2, 2, 2, 2, 2, 2, 2, 2, 2, 2, 2, 2, 2, 2, 2, 2, 2, 2, 2, 2, 2, 2, 2, 2, 2, 2, 2, 2, 2, 2, 2, 2, 2, 2, 2, 2, 2, 2, 2, 2, 2, 2, 2, 2, 2, 2, 2, 2, 2, 2, 2, 2, 2, 2, 2, 2, 2, 2, 2, 2, 2, 2, 2, 2, 2, 2, 2, 2, 2, 2, 2, 2, 2, 2, 2, 2, 2, 2, 2, 2, 2, 2, 2, 2, 2, 2, 2, 2, 2, 2, 2, 2, 2, 2, 2, 2, 2, 2, 2, 2, 2, 2, 2, 2, 2, 2, 2, 2, 2, 2, 2, 2, 2, 2, 2, 2, 2, 2, 2, 2, 2, 2, 2, 2, 2, 2, 3 ),
 ( 0.01825166095290792906, 0.01923076923076923184, 0.02403846153846153980, 0.02884615384615384776, 0.03365384615384615224, 0.03846153846153846367, 0.04326923076923076816, 0.04807692307692307959, 0.05288461538461538408, 0.05769230769230769551, 0.06250000000000000000, 0.06730769230769230449, 0.07211538461538460898, 0.07692307692307692735, 0.08173076923076921796, 0.08653846153846153633, 0.09134615384615382694, 0.09615384615384614531, 0.1009615384615384637, 0.1057692307692307543, 0.1105769230769230727, 0.1153846153846153910, 0.1201923076923076816, 0.1250000000000000000, 0.1298076923076923184, 0.1346153846153846090, 0.1394230769230769273, 0.1442307692307692180, 0.1490384615384615363, 0.1538461538461538547, 0.1586538461538461453, 0.1634615384615384637, 0.1682692307692307820, 0.1730769230769230727, 0.1778846153846153910, 0.1826923076923076816, 0.1875000000000000000, 0.1923076923076923184, 0.1971153846153846090, 0.2019230769230769273, 0.2067307692307692180, 0.2115384615384615363, 0.2163461538461538547, 0.2211538461538461453, 0.2259615384615384637, 0.2307692307692307820, 0.2355769230769230727, 0.2403846153846153910, 0.2451923076923076816, 0.2500000000000000000, 0.2548076923076922906, 0.2596153846153846367, 0.2644230769230769273, 0.2692307692307692180, 0.2740384615384615641, 0.2788461538461538547, 0.2836538461538461453, 0.2884615384615384359, 0.2932692307692307820, 0.2980769230769230727, 0.3028846153846154188, 0.3076923076923077094, 0.3124999999999999445, 0.3173076923076922906, 0.3221153846153846367, 0.3269230769230769273, 0.3317307692307692735, 0.3365384615384615641, 0.3413461538461537992, 0.3461538461538461453, 0.3509615384615384914, 0.3557692307692307820, 0.3605769230769230171, 0.3653846153846153633, 0.3701923076923077094, 0.3750000000000000000, 0.3798076923076923461, 0.3846153846153846367, 0.3894230769230768718, 0.3942307692307692180, 0.3990384615384615641, 0.4038461538461538547, 0.4086538461538460898, 0.4134615384615384359, 0.4182692307692307265, 0.4230769230769230727, 0.4278846153846154188, 0.4326923076923077094, 0.4374999999999999445, 0.4423076923076922906, 0.4471153846153846367, 0.4519230769230769273, 0.4567307692307692735, 0.4615384615384615641, 0.4663461538461537992, 0.4711538461538461453, 0.4759615384615384914, 0.4807692307692307820, 0.4855769230769230171, 0.4903846153846153633, 0.4951923076923077094, 0.5000000000000000000, 0.5048076923076924016, 0.5096153846153845812, 0.5144230769230768718, 0.5192307692307692735, 0.5240384615384615641, 0.5288461538461538547, 0.5336538461538461453, 0.5384615384615384359, 0.5432692307692307265, 0.5480769230769231282, 0.5528846153846154188, 0.5576923076923077094, 0.5625000000000000000, 0.5673076923076922906, 0.5721153846153845812, 0.5769230769230768718, 0.5817307692307692735, 0.5865384615384615641, 0.5913461538461538547, 0.5961538461538462563, 0.6009615384615384359, 0.6057692307692307265, 0.6105769230769231282, 0.6153846153846155298, 0.6201923076923077094, 0.6250000000000000000, 0.6298076923076922906, 0.6346153846153845812, 0.6394230769230768718, 0.6442307692307692735, 0.6490384615384615641, 0.6538461538461539657, 0.6586538461538461453, 0.6634615384615384359, 0.6682692307692307265, 0.6730769230769230171, 0.6778846153846154188, 0.6826923076923077094, 0.6875000000000000000, 0.6923076923076922906, 0.6971153846153845812, 0.7019230769230768718, 0.7067307692307692735, 0.7115384615384616751, 0.7163461538461538547, 0.7211538461538461453, 0.7259615384615384359, 0.7307692307692307265, 0.7355769230769231282, 0.7403846153846154188, 0.7451923076923077094, 0.7500000000000001110, 0.7548076923076922906, 0.7596153846153845812, 0.7644230769230768718, 0.7692307692307693845, 0.7740384615384615641, 0.7788461538461538547, 0.7836538461538461453, 0.7884615384615384359, 0.7932692307692307265, 0.7980769230769231282, 0.8028846153846154188, 0.8076923076923078204, 0.8125000000000000000, 0.8173076923076922906, 0.8221153846153845812, 0.8269230769230768718, 0.8317307692307692735, 0.8365384615384615641, 0.8413461538461538547, 0.8461538461538462563, 0.8509615384615384359, 0.8557692307692307265, 0.8605769230769231282, 0.8653846153846155298, 0.8701923076923077094, 0.8750000000000000000, 0.8798076923076922906, 0.8846153846153845812, 0.8894230769230768718, 0.8942307692307692735, 0.8990384615384615641, 0.9038461538461539657, 0.9086538461538461453, 0.9124824301836784723 ),
 .UNSPECIFIED. ) 
 CURVE ( )  GEOMETRIC_REPRESENTATION_ITEM ( )  RATIONAL_B_SPLINE_CURVE ( ( 0.9753096629729243183, 0.9844977225947627586, 1.000000000000000000, 0.9238795325112867385, 1.000000000000000000, 0.9238795325112867385, 1.000000000000000000, 0.9238795325112867385, 1.000000000000000000, 0.9238795325112867385, 1.000000000000000000, 0.9238795325112867385, 1.000000000000000000, 0.9238795325112867385, 1.000000000000000000, 0.9238795325112867385, 1.000000000000000000, 0.9238795325112867385, 1.000000000000000000, 0.9238795325112867385, 1.000000000000000000, 0.9238795325112867385, 1.000000000000000000, 0.9238795325112867385, 1.000000000000000000, 0.9238795325112867385, 1.000000000000000000, 0.9238795325112867385, 1.000000000000000000, 0.9238795325112867385, 1.000000000000000000, 0.9238795325112867385, 1.000000000000000000, 0.9238795325112867385, 1.000000000000000000, 0.9238795325112867385, 1.000000000000000000, 0.9238795325112867385, 1.000000000000000000, 0.9238795325112867385, 1.000000000000000000, 0.9238795325112867385, 1.000000000000000000, 0.9238795325112867385, 1.000000000000000000, 0.9238795325112867385, 1.000000000000000000, 0.9238795325112867385, 1.000000000000000000, 0.9238795325112867385, 1.000000000000000000, 0.9238795325112867385, 1.000000000000000000, 0.9238795325112867385, 1.000000000000000000, 0.9238795325112867385, 1.000000000000000000, 0.9238795325112867385, 1.000000000000000000, 0.9238795325112867385, 1.000000000000000000, 0.9238795325112867385, 1.000000000000000000, 0.9238795325112867385, 1.000000000000000000, 0.9238795325112867385, 1.000000000000000000, 0.9238795325112867385, 1.000000000000000000, 0.9238795325112867385, 1.000000000000000000, 0.9238795325112867385, 1.000000000000000000, 0.9238795325112867385, 1.000000000000000000, 0.9238795325112867385, 1.000000000000000000, 0.9238795325112867385, 1.000000000000000000, 0.9238795325112867385, 1.000000000000000000, 0.9238795325112867385, 1.000000000000000000, 0.9238795325112867385, 1.000000000000000000, 0.9238795325112867385, 1.000000000000000000, 0.9238795325112867385, 1.000000000000000000, 0.9238795325112867385, 1.000000000000000000, 0.9238795325112867385, 1.000000000000000000, 0.9238795325112867385, 1.000000000000000000, 0.9238795325112867385, 1.000000000000000000, 0.9238795325112867385, 1.000000000000000000, 0.9238795325112867385, 1.000000000000000000, 0.9238795325112867385, 1.000000000000000000, 0.9238795325112867385, 1.000000000000000000, 0.9238795325112867385, 1.000000000000000000, 0.9238795325112867385, 1.000000000000000000, 0.9238795325112867385, 1.000000000000000000, 0.9238795325112867385, 1.000000000000000000, 0.9238795325112867385, 1.000000000000000000, 0.9238795325112867385, 1.000000000000000000, 0.9238795325112867385, 1.000000000000000000, 0.9238795325112867385, 1.000000000000000000, 0.9238795325112867385, 1.000000000000000000, 0.9238795325112867385, 1.000000000000000000, 0.9238795325112867385, 1.000000000000000000, 0.9238795325112867385, 1.000000000000000000, 0.9238795325112867385, 1.000000000000000000, 0.9238795325112867385, 1.000000000000000000, 0.9238795325112867385, 1.000000000000000000, 0.9238795325112867385, 1.000000000000000000, 0.9238795325112867385, 1.000000000000000000, 0.9238795325112867385, 1.000000000000000000, 0.9238795325112867385, 1.000000000000000000, 0.9238795325112867385, 1.000000000000000000, 0.9238795325112867385, 1.000000000000000000, 0.9238795325112867385, 1.000000000000000000, 0.9238795325112867385, 1.000000000000000000, 0.9238795325112867385, 1.000000000000000000, 0.9238795325112867385, 1.000000000000000000, 0.9238795325112867385, 1.000000000000000000, 0.9238795325112867385, 1.000000000000000000, 0.9238795325112867385, 1.000000000000000000, 0.9238795325112867385, 1.000000000000000000, 0.9238795325112867385, 1.000000000000000000, 0.9238795325112867385, 1.000000000000000000, 0.9238795325112867385, 1.000000000000000000, 0.9238795325112867385, 1.000000000000000000, 0.9238795325112867385, 1.000000000000000000, 0.9238795325112867385, 1.000000000000000000, 0.9238795325112867385, 1.000000000000000000, 0.9238795325112867385, 1.000000000000000000, 0.9238795325112867385, 1.000000000000000000, 0.9238795325112867385, 1.000000000000000000, 0.9238795325112867385, 1.000000000000000000, 0.9238795325112867385, 1.000000000000000000, 0.9238795325112867385, 1.000000000000000000, 0.9238795325112867385, 1.000000000000000000, 0.9238795325112867385, 1.000000000000000000, 0.9238795325112867385, 1.000000000000000000, 0.9238795325112867385, 1.000000000000000000, 0.9238795325112867385, 1.000000000000000000, 0.9238795325112867385, 1.000000000000000000, 0.9238795325112867385, 1.000000000000000000, 0.9238795325112867385, 1.000000000000000000, 0.9238795325112867385, 1.000000000000000000, 0.9238795325112867385, 1.000000000000000000, 0.9238795325112867385, 1.000000000000000000, 0.9238795325112867385, 1.000000000000000000, 0.9238795325112867385, 1.000000000000000000, 0.9238795325112867385, 1.000000000000000000, 0.9238795325112867385, 1.000000000000000000, 0.9238795325112867385, 1.000000000000000000, 0.9238795325112867385, 1.000000000000000000, 0.9238795325112867385, 1.000000000000000000, 0.9238795325112867385, 1.000000000000000000, 0.9238795325112867385, 1.000000000000000000, 0.9238795325112867385, 1.000000000000000000, 0.9238795325112867385, 1.000000000000000000, 0.9238795325112867385, 1.000000000000000000, 0.9238795325112867385, 1.000000000000000000, 0.9238795325112867385, 1.000000000000000000, 0.9238795325112867385, 1.000000000000000000, 0.9238795325112867385, 1.000000000000000000, 0.9238795325112867385, 1.000000000000000000, 0.9238795325112867385, 1.000000000000000000, 0.9238795325112867385, 1.000000000000000000, 0.9238795325112867385, 1.000000000000000000, 0.9238795325112867385, 1.000000000000000000, 0.9238795325112867385, 1.000000000000000000, 0.9238795325112867385, 1.000000000000000000, 0.9238795325112867385, 1.000000000000000000, 0.9238795325112867385, 1.000000000000000000, 0.9238795325112867385, 1.000000000000000000, 0.9238795325112867385, 1.000000000000000000, 0.9238795325112867385, 1.000000000000000000, 0.9238795325112867385, 1.000000000000000000, 0.9238795325112867385, 1.000000000000000000, 0.9238795325112867385, 1.000000000000000000, 0.9238795325112867385, 1.000000000000000000, 0.9238795325112867385, 1.000000000000000000, 0.9238795325112867385, 1.000000000000000000, 0.9238795325112867385, 1.000000000000000000, 0.9238795325112867385, 1.000000000000000000, 0.9238795325112867385, 1.000000000000000000, 0.9238795325112867385, 1.000000000000000000, 0.9238795325112867385, 1.000000000000000000, 0.9238795325112867385, 1.000000000000000000, 0.9238795325112867385, 1.000000000000000000, 0.9238795325112867385, 1.000000000000000000, 0.9238795325112867385, 1.000000000000000000, 0.9238795325112867385, 1.000000000000000000, 0.9238795325112867385, 1.000000000000000000, 0.9238795325112867385, 1.000000000000000000, 0.9238795325112867385, 1.000000000000000000, 0.9238795325112867385, 1.000000000000000000, 0.9238795325112867385, 1.000000000000000000, 0.9238795325112867385, 1.000000000000000000, 0.9238795325112867385, 1.000000000000000000, 0.9238795325112867385, 1.000000000000000000, 0.9238795325112867385, 1.000000000000000000, 0.9238795325112867385, 1.000000000000000000, 0.9238795325112867385, 1.000000000000000000, 0.9238795325112867385, 1.000000000000000000, 0.9238795325112867385, 1.000000000000000000, 0.9238795325112867385, 1.000000000000000000, 0.9238795325112867385, 1.000000000000000000, 0.9238795325112867385, 1.000000000000000000, 0.9238795325112867385, 1.000000000000000000, 0.9238795325112867385, 1.000000000000000000, 0.9238795325112867385, 1.000000000000000000, 0.9238795325112867385, 1.000000000000000000, 0.9238795325112867385, 1.000000000000000000, 0.9238795325112867385, 1.000000000000000000, 0.9238795325112867385, 1.000000000000000000, 0.9238795325112867385, 1.000000000000000000, 0.9238795325112867385, 1.000000000000000000, 0.9238795325112867385, 1.000000000000000000, 0.9238795325112867385, 1.000000000000000000, 0.9238795325112867385, 1.000000000000000000, 0.9238795325112867385, 1.000000000000000000, 0.9238795325112867385, 1.000000000000000000, 0.9238795325112867385, 1.000000000000000000, 0.9238795325112867385, 1.000000000000000000, 0.9238795325112867385, 1.000000000000000000, 0.9238795325112867385, 1.000000000000000000, 0.9238795325112867385, 1.000000000000000000, 0.9238795325112867385, 1.000000000000000000, 0.9238795325112867385, 1.000000000000000000, 0.9393818099165028856, 0.9753096629729494094 ) ) 
 REPRESENTATION_ITEM ( '' )  );
#4857 =( BOUNDED_CURVE ( )  B_SPLINE_CURVE ( 2, ( #826, #1715, #693, #5791, #267, #2726, #4825, #4795, #2690 ),
 .UNSPECIFIED., .F., .F. ) 
 B_SPLINE_CURVE_WITH_KNOTS ( ( 3, 2, 2, 2, 3 ),
 ( 0.4519230769230772049, 0.4567307692307696065, 0.4615384615384618971, 0.4663461538461541878, 0.4711538461538464784 ),
 .UNSPECIFIED. ) 
 CURVE ( )  GEOMETRIC_REPRESENTATION_ITEM ( )  RATIONAL_B_SPLINE_CURVE ( ( 0.9999999999999947820, 0.9238795325112919565, 1.000000000000000000, 0.9238795325112867385, 1.000000000000000000, 0.9238795325112867385, 1.000000000000000000, 0.9238795325112815204, 1.000000000000005329 ) ) 
 REPRESENTATION_ITEM ( '' )  );
#4858 = LINE ( 'NONE', #3865, #2154 ) ;
#4859 = CARTESIAN_POINT ( 'NONE',  ( 20.93750000000001066, -2.350480947161660339, -0.9736010864139181820 ) ) ;
#4860 = CARTESIAN_POINT ( 'NONE',  ( 41.18750000000001421, -1.242640687119324294, 2.999999999999976907 ) ) ;
#4861 = APPROVAL_DATE_TIME ( #4462, #908 ) ;
#4862 = DIRECTION ( 'NONE',  ( 0.000000000000000000, 0.000000000000000000, 1.000000000000000000 ) ) ;
#4863 = CARTESIAN_POINT ( 'NONE',  ( 32.74999999999999289, -4.317763452597548908E-16, 2.350480947161660339 ) ) ;
#4864 = CARTESIAN_POINT ( 'NONE',  ( 31.93750000000000000, 3.000000000000010658, -1.242640687119289433 ) ) ;
#4865 = CARTESIAN_POINT ( 'NONE',  ( 35.84375000000000000, 2.159593620790635438, -2.159593620790635438 ) ) ;
#4866 = EDGE_CURVE ( 'NONE', #4506, #4107, #3926, .T. ) ;
#4867 = CARTESIAN_POINT ( 'NONE',  ( 31.81250000000000711, -2.350480947161660339, 0.9736010864139172938 ) ) ;
#4868 = CARTESIAN_POINT ( 'NONE',  ( 27.62500000000001066, -4.317763452597548908E-16, 2.350480947161660339 ) ) ;
#4869 = CARTESIAN_POINT ( 'NONE',  ( 23.99999999999999645, -2.350480947161660339, -2.878508968398366432E-16 ) ) ;
#4870 = CARTESIAN_POINT ( 'NONE',  ( 24.75000000000000000, 1.836970198721036344E-16, -3.000000000000010658 ) ) ;
#4871 = ORIENTED_EDGE ( 'NONE', *, *, #2617, .F. ) ;
#4872 = CARTESIAN_POINT ( 'NONE',  ( 37.53125000000000711, -2.159593620790635438, -2.159593620790635438 ) ) ;
#4873 = CARTESIAN_POINT ( 'NONE',  ( 39.50000000000000711, -2.121320343559649935, -2.121320343559649935 ) ) ;
#4874 = CARTESIAN_POINT ( 'NONE',  ( 39.62499999999999289, -2.121320343559649935, -2.121320343559649935 ) ) ;
#4875 = EDGE_CURVE ( 'NONE', #2279, #5804, #406, .T. ) ;
#4876 = CARTESIAN_POINT ( 'NONE',  ( -43.00000000000000000, 3.673940397442072687E-16, -3.000000000000010658 ) ) ;
#4877 = CARTESIAN_POINT ( 'NONE',  ( 38.00000000000001421, -1.662041016787788816, -1.662041016787789260 ) ) ;
#4878 = CARTESIAN_POINT ( 'NONE',  ( 38.31250000000000000, 0.9736010864139180709, -2.350480947161660339 ) ) ;
#4879 = VECTOR ( 'NONE', #2170, 1000.000000000000000 ) ;
#4880 = CARTESIAN_POINT ( 'NONE',  ( 21.12499999999999645, -1.662041016787788816, -1.662041016787789260 ) ) ;
#4881 = CARTESIAN_POINT ( 'NONE',  ( 25.43750000000000711, -3.000000000000010658, -1.242640687119289877 ) ) ;
#4882 = CARTESIAN_POINT ( 'NONE',  ( 24.62500000000001066, -4.317763452597548908E-16, 2.350480947161660339 ) ) ;
#4883 = CARTESIAN_POINT ( 'NONE',  ( 25.03125000000000000, 3.054126587736534670, 1.265060653844737759 ) ) ;
#4884 = CARTESIAN_POINT ( 'NONE',  ( 38.75000000000000000, -4.317763452597548908E-16, 2.350480947161660339 ) ) ;
#4885 = ORIENTED_EDGE ( 'NONE', *, *, #3189, .T. ) ;
#4886 = CARTESIAN_POINT ( 'NONE',  ( 24.53125000000000711, -2.159593620790635438, -2.159593620790635438 ) ) ;
#4887 = DIRECTION ( 'NONE',  ( -1.000000000000000000, -0.000000000000000000, -0.000000000000000000 ) ) ;
#4888 = B_SPLINE_CURVE_WITH_KNOTS ( 'NONE', 3,
 ( #3974, #3127, #5603, #4471, #104, #2111, #73, #4104, #1619, #5988, #5032, #3613 ),
 .UNSPECIFIED., .F., .F.,
 ( 4, 2, 2, 2, 2, 4 ),
 ( 2.544340436242463259E-07, 0.0007457281437449322708, 0.001118464998595589035, 0.001491201853446246124, 0.002236675563147560736, 0.002982149272848875349 ),
 .UNSPECIFIED. ) ;
#4889 = CARTESIAN_POINT ( 'NONE',  ( 41.06250000000001421, -0.9736010864139177379, -2.350480947161660339 ) ) ;
#4890 = CARTESIAN_POINT ( 'NONE',  ( 33.12500000000000711, -5.510910596163109277E-16, 3.000000000000010658 ) ) ;
#4891 = CARTESIAN_POINT ( 'NONE',  ( 23.43750000000000711, 2.350480947161659895, 0.9736010864139195142 ) ) ;
#4892 = DIRECTION ( 'NONE',  ( -1.000000000000000000, -0.000000000000000000, -0.000000000000000000 ) ) ;
#4893 = COORDINATED_UNIVERSAL_TIME_OFFSET ( 6, 0, .BEHIND. ) ;
#4894 = FACE_OUTER_BOUND ( 'NONE', #6343, .T. ) ;
#4895 =( BOUNDED_CURVE ( )  B_SPLINE_CURVE ( 2, ( #2837, #5404, #5865, #1390, #6386, #3420, #3848, #343, #6357 ),
 .UNSPECIFIED., .F., .T. ) 
 B_SPLINE_CURVE_WITH_KNOTS ( ( 3, 2, 2, 2, 3 ),
 ( 0.2211538461538463674, 0.2259615384615386580, 0.2307692307692309486, 0.2355769230769233225, 0.2403846153846156131 ),
 .UNSPECIFIED. ) 
 CURVE ( )  GEOMETRIC_REPRESENTATION_ITEM ( )  RATIONAL_B_SPLINE_CURVE ( ( 0.9999999999999964473, 0.9238795325112902912, 1.000000000000000000, 0.9238795325112867385, 1.000000000000000000, 0.9238795325112867385, 1.000000000000000000, 0.9238795325112836299, 1.000000000000003109 ) ) 
 REPRESENTATION_ITEM ( '' )  );
#4896 = CARTESIAN_POINT ( 'NONE',  ( 25.06249999999999645, -2.350480947161660339, -0.9736010864139181820 ) ) ;
#4897 = VECTOR ( 'NONE', #572, 1000.000000000000227 ) ;
#4898 = ORIENTED_EDGE ( 'NONE', *, *, #1175, .T. ) ;
#4899 = CARTESIAN_POINT ( 'NONE',  ( 35.53124999999999289, -3.054126587736535114, -1.265060653844735761 ) ) ;
#4900 = CARTESIAN_POINT ( 'NONE',  ( 33.25000000000000711, 1.662041016787789260, -1.662041016787788816 ) ) ;
#4901 = CARTESIAN_POINT ( 'NONE',  ( 29.31250000000001421, 2.350480947161660339, -0.9736010864139179599 ) ) ;
#4902 = CARTESIAN_POINT ( 'NONE',  ( 23.93750000000000000, -2.350480947161660339, 0.9736010864139172938 ) ) ;
#4903 = CARTESIAN_POINT ( 'NONE',  ( 20.93750000000000711, 3.000000000000009770, 1.242640687119291654 ) ) ;
#4904 = CARTESIAN_POINT ( 'NONE',  ( 31.21875000000001066, -1.265060653844737315, 3.054126587736534670 ) ) ;
#4905 = ORIENTED_EDGE ( 'NONE', *, *, #2539, .F. ) ;
#4906 = CARTESIAN_POINT ( 'NONE',  ( 25.62500000000000711, 1.836970198721036344E-16, -3.000000000000010658 ) ) ;
#4907 = CARTESIAN_POINT ( 'NONE',  ( 39.31250000000000000, -1.242640687119291210, 3.000000000000009770 ) ) ;
#4908 = CARTESIAN_POINT ( 'NONE',  ( -37.00000000000000711, 3.673940397442069729E-16, -3.000000000000006217 ) ) ;
#4909 = CARTESIAN_POINT ( 'NONE',  ( 38.18750000000001421, 0.9736010864139180709, -2.350480947161660339 ) ) ;
#4910 = CARTESIAN_POINT ( 'NONE',  ( 37.25000000000000000, 1.439254484199183216E-16, -2.350480947161660339 ) ) ;
#4911 = EDGE_CURVE ( 'NONE', #6400, #5506, #3795, .T. ) ;
#4912 = CARTESIAN_POINT ( 'NONE',  ( 19.06249999999999645, -2.350480947161660339, -0.9736010864139181820 ) ) ;
#4913 = CARTESIAN_POINT ( 'NONE',  ( 19.57258954924748195, 2.400821869865452207, 0.4435375151380780978 ) ) ;
#4914 = CARTESIAN_POINT ( 'NONE',  ( 25.37500000000000711, 2.350480947161660339, 0.000000000000000000 ) ) ;
#4915 = CARTESIAN_POINT ( 'NONE',  ( 24.78125000000000355, 1.265060653844735539, -3.054126587736535114 ) ) ;
#4916 = CARTESIAN_POINT ( 'NONE',  ( 40.24999999999999289, 1.439254484199183216E-16, -2.350480947161660339 ) ) ;
#4917 = CARTESIAN_POINT ( 'NONE',  ( 24.40625000000000711, -3.054126587736535559, -3.740226349862376611E-16 ) ) ;
#4918 = VECTOR ( 'NONE', #2936, 1000.000000000000000 ) ;
#4919 = CARTESIAN_POINT ( 'NONE',  ( 42.89951905283836453, -1.993632918393860587, 1.254634119264320224 ) ) ;
#4920 = CARTESIAN_POINT ( 'NONE',  ( 36.25000000000001421, 1.662041016787789260, -1.662041016787788816 ) ) ;
#4921 = CARTESIAN_POINT ( 'NONE',  ( 21.62500000000000711, 1.836970198721036344E-16, -3.000000000000010658 ) ) ;
#4922 = CARTESIAN_POINT ( 'NONE',  ( 20.25000000000001066, 1.662041016787789260, -1.662041016787788816 ) ) ;
#4923 = DIRECTION ( 'NONE',  ( -1.000000000000000000, -0.000000000000000000, -0.000000000000000000 ) ) ;
#4924 = COORDINATED_UNIVERSAL_TIME_OFFSET ( 6, 0, .BEHIND. ) ;
#4925 = CARTESIAN_POINT ( 'NONE',  ( 38.37500000000000711, -3.000000000000010658, -3.673940397442072687E-16 ) ) ;
#4926 = CARTESIAN_POINT ( 'NONE',  ( 26.06249999999999645, -2.350480947161660339, -0.9736010864139181820 ) ) ;
#4927 = VERTEX_POINT ( 'NONE', #271 ) ;
#4928 = CARTESIAN_POINT ( 'NONE',  ( 33.40625000000000000, -3.054126587736536447, 1.265060653844735095 ) ) ;
#4929 = CARTESIAN_POINT ( 'NONE',  ( 32.25000000000001421, 1.662041016787789260, -1.662041016787788816 ) ) ;
#4930 = CARTESIAN_POINT ( 'NONE',  ( 26.12500000000001066, 1.439254484199183216E-16, -2.350480947161660339 ) ) ;
#4931 = CARTESIAN_POINT ( 'NONE',  ( 22.24999999999999645, 1.439254484199183216E-16, -2.350480947161660339 ) ) ;
#4932 = CARTESIAN_POINT ( 'NONE',  ( 21.00000000000001066, 2.121320343559649491, 2.121320343559650379 ) ) ;
#4933 = VERTEX_POINT ( 'NONE', #5761 ) ;
#4934 = CARTESIAN_POINT ( 'NONE',  ( 32.71875000000000711, 1.265060653844735539, -3.054126587736535114 ) ) ;
#4935 = ORIENTED_EDGE ( 'NONE', *, *, #2860, .T. ) ;
#4936 = CARTESIAN_POINT ( 'NONE',  ( 25.93750000000001421, 3.000000000000009770, 1.242640687119291654 ) ) ;
#4937 = LINE ( 'NONE', #2841, #1819 ) ;
#4938 = CARTESIAN_POINT ( 'NONE',  ( 21.87499999999999645, 2.121320343559649935, -2.121320343559649935 ) ) ;
#4939 = CARTESIAN_POINT ( 'NONE',  ( 41.50000000000000711, 1.662041016787788594, 1.662041016787789482 ) ) ;
#4940 = CARTESIAN_POINT ( 'NONE',  ( 37.06250000000000000, -2.350480947161660339, -0.9736010864139181820 ) ) ;
#4941 = CARTESIAN_POINT ( 'NONE',  ( 36.56250000000001421, -1.242640687119234588, -3.000000000000065725 ) ) ;
#4942 = CARTESIAN_POINT ( 'NONE',  ( 18.24999999999999645, 1.439254484199183216E-16, -2.350480947161660339 ) ) ;
#4943 = LINE ( 'NONE', #445, #3529 ) ;
#4944 = VECTOR ( 'NONE', #2840, 1000.000000000000000 ) ;
#4945 = CARTESIAN_POINT ( 'NONE',  ( 25.87500000000001066, -2.350480947161660339, -2.878508968398366432E-16 ) ) ;
#4946 = CARTESIAN_POINT ( 'NONE',  ( 23.53125000000000000, -3.054126587736535114, -1.265060653844735761 ) ) ;
#4947 = CARTESIAN_POINT ( 'NONE',  ( 38.43749999999999289, 2.350480947161660339, -0.9736010864139179599 ) ) ;
#4948 = EDGE_CURVE ( 'NONE', #617, #585, #5953, .T. ) ;
#4949 = ORIENTED_EDGE ( 'NONE', *, *, #2943, .T. ) ;
#4950 = CARTESIAN_POINT ( 'NONE',  ( 32.31249999999999289, 0.9736010864139180709, -2.350480947161660339 ) ) ;
#4951 = CARTESIAN_POINT ( 'NONE',  ( 21.90625000000001066, 3.054126587736535559, 0.000000000000000000 ) ) ;
#4952 = CARTESIAN_POINT ( 'NONE',  ( -43.00000000000000000, 0.000000000000000000, 3.000000000000010658 ) ) ;
#4953 = CARTESIAN_POINT ( 'NONE',  ( 36.81250000000001421, -2.350480947161660783, 0.9736010864139172938 ) ) ;
#4954 = CARTESIAN_POINT ( 'NONE',  ( 31.62500000000000711, 1.836970198721036344E-16, -3.000000000000010658 ) ) ;
#4955 = EDGE_CURVE ( 'NONE', #5909, #3779, #1989, .T. ) ;
#4956 = CARTESIAN_POINT ( 'NONE',  ( 19.68750000000001066, -0.9736010864139191812, 2.350480947161659895 ) ) ;
#4957 = CARTESIAN_POINT ( 'NONE',  ( 42.81209550045708312, -0.1883359758330520883, 2.437904499544305548 ) ) ;
#4958 = CALENDAR_DATE ( 2026, 8, 1 ) ;
#4959 = CARTESIAN_POINT ( 'NONE',  ( 42.64789773634899461, 2.607261967814385795, 0.04353593792655566230 ) ) ;
#4960 = CARTESIAN_POINT ( 'NONE',  ( 27.43750000000000355, 2.350480947161660339, -0.9736010864139179599 ) ) ;
#4961 = EDGE_LOOP ( 'NONE', ( #3936, #1143, #6455, #3295, #5505, #4714, #6156, #3538, #5604, #5269, #1757, #3414, #1211, #6371, #2733, #6135, #3756, #3888, #4440, #578, #4490, #600, #645, #2312, #5591, #2852, #2714, #5559, #1692, #1736, #353, #6487, #4398, #4785, #4801, #664, #1852, #5492, #1259, #2665, #6452, #3148, #3716, #4374, #4617, #774, #3763, #3553, #87, #2099, #3768 ) ) ;
#4962 = CARTESIAN_POINT ( 'NONE',  ( 34.78125000000000711, 1.265060653844735539, -3.054126587736535114 ) ) ;
#4963 = CARTESIAN_POINT ( 'NONE',  ( 32.12500000000001421, 1.439254484199183216E-16, -2.350480947161660339 ) ) ;
#4964 = CARTESIAN_POINT ( 'NONE',  ( 24.18750000000001066, 0.9736010864139180709, -2.350480947161660339 ) ) ;
#4965 = CARTESIAN_POINT ( 'NONE',  ( 25.62499999999999645, 1.662041016787788594, 1.662041016787789482 ) ) ;
#4966 = CARTESIAN_POINT ( 'NONE',  ( 29.75000000000000355, 1.836970198721036344E-16, -3.000000000000010658 ) ) ;
#4967 = CARTESIAN_POINT ( 'NONE',  ( 33.09375000000000000, 1.265060653844736205, 3.054126587736534670 ) ) ;
#4968 = ORIENTED_EDGE ( 'NONE', *, *, #5647, .T. ) ;
#4969 = CYLINDRICAL_SURFACE ( 'NONE', #3794, 5.000000000000004441 ) ;
#4970 = FACE_OUTER_BOUND ( 'NONE', #4961, .T. ) ;
#4971 = CARTESIAN_POINT ( 'NONE',  ( 31.75000000000000000, 1.836970198721036344E-16, -3.000000000000010658 ) ) ;
#4972 = CARTESIAN_POINT ( 'NONE',  ( 34.50000000000000711, 1.662041016787788594, 1.662041016787789482 ) ) ;
#4973 = CARTESIAN_POINT ( 'NONE',  ( 34.74999999999999289, -4.317763452597548908E-16, 2.350480947161660339 ) ) ;
#4974 = CARTESIAN_POINT ( 'NONE',  ( 32.99999999999999289, 3.000000000000010658, 0.000000000000000000 ) ) ;
#4975 = CARTESIAN_POINT ( 'NONE',  ( 19.93749999999999645, -2.350480947161660339, 0.9736010864139172938 ) ) ;
#4976 = CARTESIAN_POINT ( 'NONE',  ( 29.81250000000000355, 1.242640687119344278, -2.999999999999955147 ) ) ;
#4977 = CARTESIAN_POINT ( 'NONE',  ( 33.50000000000000711, -2.121320343559649935, -2.121320343559649935 ) ) ;
#4978 = CARTESIAN_POINT ( 'NONE',  ( 24.18750000000001066, 0.9736010864139180709, -2.350480947161660339 ) ) ;
#4979 = CARTESIAN_POINT ( 'NONE',  ( 26.71875000000000000, 1.870113174931188306E-16, -3.054126587736535559 ) ) ;
#4980 = CARTESIAN_POINT ( 'NONE',  ( 33.56249999999999289, 2.350480947161659895, 0.9736010864139195142 ) ) ;
#4981 = AXIS2_PLACEMENT_3D ( 'NONE', #3157, #1614, #2076 ) ;
#4982 = B_SPLINE_CURVE_WITH_KNOTS ( 'NONE', 3,
 ( #3989, #2519, #4546, #19, #1566, #4084, #2029, #2972, #4116, #2578, #6033, #6099 ),
 .UNSPECIFIED., .F., .F.,
 ( 4, 2, 2, 2, 2, 4 ),
 ( 2.544340436220565339E-07, 0.0007457281437449391013, 0.001118464998595594890, 0.001491201853446251111, 0.002236675563147563772, 0.002982149272848876216 ),
 .UNSPECIFIED. ) ;
#4983 = CARTESIAN_POINT ( 'NONE',  ( 30.31249999999999645, 0.9736010864139180709, -2.350480947161660339 ) ) ;
#4984 = CARTESIAN_POINT ( 'NONE',  ( 22.78125000000000711, 2.159593620790635438, -2.159593620790635438 ) ) ;
#4985 = EDGE_CURVE ( 'NONE', #4041, #5958, #2177, .T. ) ;
#4986 = CARTESIAN_POINT ( 'NONE',  ( 38.74999999999999289, 1.836970198721036344E-16, -3.000000000000010658 ) ) ;
#4987 = EDGE_LOOP ( 'NONE', ( #1701, #3533, #2362, #4058, #2471, #2997, #1278 ) ) ;
#4988 = CARTESIAN_POINT ( 'NONE',  ( 37.56250000000002842, 0.9736010864139186261, 2.350480947161659895 ) ) ;
#4989 = CARTESIAN_POINT ( 'NONE',  ( -38.50000000000000000, -2.886751345948133096, 1.682272590103237583E-15 ) ) ;
#4990 = CARTESIAN_POINT ( 'NONE',  ( 42.56249999999999289, 2.350480947161659895, 0.9736010864139195142 ) ) ;
#4991 = CARTESIAN_POINT ( 'NONE',  ( 42.81976713463117790, -0.3738563657696089559, 2.408774446383693313 ) ) ;
#4992 = SHAPE_DEFINITION_REPRESENTATION ( #4632, #4091 ) ;
#4993 = CARTESIAN_POINT ( 'NONE',  ( 42.78265409597202762, -2.443177028156003239, 0.3943792358057594538 ) ) ;
#4994 = EDGE_CURVE ( 'NONE', #6297, #3779, #974, .T. ) ;
#4995 = CARTESIAN_POINT ( 'NONE',  ( 27.99999999999999645, -2.350480947161660339, -2.878508968398366432E-16 ) ) ;
#4996 = CARTESIAN_POINT ( 'NONE',  ( 31.87500000000000000, 2.121320343559649935, -2.121320343559649935 ) ) ;
#4997 = CARTESIAN_POINT ( 'NONE',  ( 31.71875000000000355, 1.870113174931188306E-16, -3.054126587736535559 ) ) ;
#4998 = CARTESIAN_POINT ( 'NONE',  ( 29.56250000000001066, 0.9736010864139186261, 2.350480947161659895 ) ) ;
#4999 = CARTESIAN_POINT ( 'NONE',  ( 23.31250000000001066, 2.350480947161660339, -0.9736010864139179599 ) ) ;
#5000 = CARTESIAN_POINT ( 'NONE',  ( 23.49999999999999645, 2.350480947161660339, 0.000000000000000000 ) ) ;
#5001 = CARTESIAN_POINT ( 'NONE',  ( -43.00000000000000000, 0.000000000000000000, 3.000000000000010658 ) ) ;
#5002 = ORIENTED_EDGE ( 'NONE', *, *, #2097, .T. ) ;
#5003 = ORIENTED_EDGE ( 'NONE', *, *, #4671, .F. ) ;
#5004 = CARTESIAN_POINT ( 'NONE',  ( 41.12500000000000711, -5.510910596163109277E-16, 3.000000000000010658 ) ) ;
#5005 = CARTESIAN_POINT ( 'NONE',  ( 37.25000000000000000, -5.510910596163108291E-16, 3.000000000000010658 ) ) ;
#5006 = CARTESIAN_POINT ( 'NONE',  ( 22.25000000000000000, -5.510910596163108291E-16, 3.000000000000010658 ) ) ;
#5007 = CARTESIAN_POINT ( 'NONE',  ( 33.62500000000000711, -4.317763452597548908E-16, 2.350480947161660339 ) ) ;
#5008 = CARTESIAN_POINT ( 'NONE',  ( 35.12500000000000000, -1.662041016787788816, -1.662041016787789260 ) ) ;
#5009 = CARTESIAN_POINT ( 'NONE',  ( 27.56250000000000711, -1.242640687119267451, -3.000000000000032419 ) ) ;
#5010 = CIRCLE ( 'NONE', #4051, 2.886751345948127767 ) ;
#5011 = CARTESIAN_POINT ( 'NONE',  ( 18.99999999999999645, -2.350480947161660339, -2.878508968398366432E-16 ) ) ;
#5012 = CARTESIAN_POINT ( 'NONE',  ( 23.37500000000000711, -3.000000000000010658, -3.673940397442072687E-16 ) ) ;
#5013 = CARTESIAN_POINT ( 'NONE',  ( 23.18750000000001066, 0.9736010864139180709, -2.350480947161660339 ) ) ;
#5014 = CARTESIAN_POINT ( 'NONE',  ( 21.53125000000000000, -3.054126587736535114, -1.265060653844735761 ) ) ;
#5015 = CARTESIAN_POINT ( 'NONE',  ( 34.99999999999999289, -2.350480947161660339, -2.878508968398366432E-16 ) ) ;
#5016 = CARTESIAN_POINT ( 'NONE',  ( 31.24999999999999645, 1.439254484199183216E-16, -2.350480947161660339 ) ) ;
#5017 = CARTESIAN_POINT ( 'NONE',  ( 21.15625000000000711, -5.610339524793564424E-16, 3.054126587736535559 ) ) ;
#5018 = CARTESIAN_POINT ( 'NONE',  ( 39.93750000000001421, 3.000000000000009770, 1.242640687119291654 ) ) ;
#5019 = ORIENTED_EDGE ( 'NONE', *, *, #4590, .T. ) ;
#5020 = CARTESIAN_POINT ( 'NONE',  ( 35.93750000000001421, -2.350480947161660339, -0.9736010864139181820 ) ) ;
#5021 = CARTESIAN_POINT ( 'NONE',  ( 20.25000000000000000, -5.510910596163108291E-16, 3.000000000000010658 ) ) ;
#5022 = CARTESIAN_POINT ( 'NONE',  ( 19.37500000000001066, 2.350480947161660339, 0.000000000000000000 ) ) ;
#5023 = EDGE_CURVE ( 'NONE', #5737, #6139, #3714, .T. ) ;
#5024 = CARTESIAN_POINT ( 'NONE',  ( 42.49977922009106379, 0.3399669706045666540, -2.734387575749965382 ) ) ;
#5025 = CARTESIAN_POINT ( 'NONE',  ( 24.62499999999999645, 1.662041016787788594, 1.662041016787789482 ) ) ;
#5026 = LINE ( 'NONE', #5628, #6066 ) ;
#5027 = CARTESIAN_POINT ( 'NONE',  ( 31.65624999999999645, -1.265060653844735317, -3.054126587736535114 ) ) ;
#5028 = CARTESIAN_POINT ( 'NONE',  ( 31.25000000000001421, 1.662041016787789260, -1.662041016787788816 ) ) ;
#5029 = CARTESIAN_POINT ( 'NONE',  ( 22.06250000000000711, -0.9736010864139177379, -2.350480947161660339 ) ) ;
#5030 = CARTESIAN_POINT ( 'NONE',  ( 18.62499999999999645, 1.662041016787788594, 1.662041016787789482 ) ) ;
#5031 = EDGE_CURVE ( 'NONE', #3632, #3344, #730, .T. ) ;
#5032 = CARTESIAN_POINT ( 'NONE',  ( -42.88656149043513466, 1.556814182538577285, 2.303518737899374891 ) ) ;
#5033 = VERTEX_POINT ( 'NONE', #3230 ) ;
#5034 = CARTESIAN_POINT ( 'NONE',  ( 40.87500000000000000, 3.000000000000010658, 0.000000000000000000 ) ) ;
#5035 = CARTESIAN_POINT ( 'NONE',  ( 19.22066826290595998, -2.760048976327047487, 0.4863571343897842847 ) ) ;
#5036 = CARTESIAN_POINT ( 'NONE',  ( 42.81250000000000711, -2.350480947161660339, 0.9736010864139172938 ) ) ;
#5037 = CARTESIAN_POINT ( 'NONE',  ( 36.18750000000001421, 0.9736010864139180709, -2.350480947161660339 ) ) ;
#5038 = CARTESIAN_POINT ( 'NONE',  ( 36.87500000000000000, -1.662041016787789482, 1.662041016787788816 ) ) ;
#5039 = PERSON ( 'UNSPECIFIED', 'UNSPECIFIED', 'UNSPECIFIED', ('UNSPECIFIED'), ('UNSPECIFIED'), ('UNSPECIFIED') ) ;
#5040 = CC_DESIGN_PERSON_AND_ORGANIZATION_ASSIGNMENT ( #5946, #6377, ( #3201 ) ) ;
#5041 = CARTESIAN_POINT ( 'NONE',  ( 20.43749999999999645, 2.350480947161660339, -0.9736010864139179599 ) ) ;
#5042 =( BOUNDED_CURVE ( )  B_SPLINE_CURVE ( 2, ( #4299, #1817, #3807, #5822, #5330, #2461, #5975, #3892, #1938 ),
 .UNSPECIFIED., .F., .F. ) 
 B_SPLINE_CURVE_WITH_KNOTS ( ( 3, 2, 2, 2, 3 ),
 ( 0.8942307692307691624, 0.8990384615384614531, 0.9038461538461537437, 0.9086538461538460343, 0.9134615384615383249 ),
 .UNSPECIFIED. ) 
 CURVE ( )  GEOMETRIC_REPRESENTATION_ITEM ( )  RATIONAL_B_SPLINE_CURVE ( ( 1.000000000000001776, 0.9238795325112849621, 1.000000000000000000, 0.9238795325112867385, 1.000000000000000000, 0.9238795325112867385, 1.000000000000000000, 0.9238795325112885148, 0.9999999999999982236 ) ) 
 REPRESENTATION_ITEM ( '' )  );
#5043 = CARTESIAN_POINT ( 'NONE',  ( -38.50000000000000000, -1.443375672974068991, -2.499999999999996891 ) ) ;
#5044 = CARTESIAN_POINT ( 'NONE',  ( 21.68750000000000711, -0.9736010864139191812, 2.350480947161659895 ) ) ;
#5045 = CARTESIAN_POINT ( 'NONE',  ( 21.84375000000000000, 2.159593620790635438, -2.159593620790635438 ) ) ;
#5046 = CARTESIAN_POINT ( 'NONE',  ( 35.12500000000000000, -1.662041016787788816, -1.662041016787789260 ) ) ;
#5047 = CARTESIAN_POINT ( 'NONE',  ( 30.49999999999999645, 2.350480947161660339, 0.000000000000000000 ) ) ;
#5048 = CARTESIAN_POINT ( 'NONE',  ( 19.90625000000000711, 3.054126587736535559, 0.000000000000000000 ) ) ;
#5049 = CARTESIAN_POINT ( 'NONE',  ( 42.89951905283840006, -2.369871562632363649, -0.06436360632862488107 ) ) ;
#5050 = B_SPLINE_CURVE_WITH_KNOTS ( 'NONE', 3,
 ( #5705, #5140, #640, #1659 ),
 .UNSPECIFIED., .F., .F.,
 ( 4, 4 ),
 ( 8.511064743302749472E-17, 0.0003712803724727483192 ),
 .UNSPECIFIED. ) ;
#5051 = EDGE_LOOP ( 'NONE', ( #43, #1888, #5895, #62 ) ) ;
#5052 = CARTESIAN_POINT ( 'NONE',  ( 35.18750000000000711, 0.9736010864139180709, -2.350480947161660339 ) ) ;
#5053 = DIRECTION ( 'NONE',  ( 0.000000000000000000, -0.8660254037844383745, 0.5000000000000005551 ) ) ;
#5054 = CARTESIAN_POINT ( 'NONE',  ( 17.75000000000000711, -1.662041016787789482, 1.662041016787788816 ) ) ;
#5055 = CARTESIAN_POINT ( 'NONE',  ( 30.25000000000001421, -2.121320343559650379, 2.121320343559649935 ) ) ;
#5056 = CARTESIAN_POINT ( 'NONE',  ( 21.43750000000001066, -3.000000000000010658, -1.242640687119289877 ) ) ;
#5057 = AXIS2_PLACEMENT_3D ( 'NONE', #303, #3679, #1752 ) ;
#5058 = CARTESIAN_POINT ( 'NONE',  ( 21.87499999999999645, -1.662041016787789482, 1.662041016787788816 ) ) ;
#5059 = CIRCLE ( 'NONE', #6430, 3.000000000000006217 ) ;
#5060 = CARTESIAN_POINT ( 'NONE',  ( 23.06250000000001066, 1.242640687119268339, 3.000000000000031974 ) ) ;
#5061 = CARTESIAN_POINT ( 'NONE',  ( 30.25000000000001421, 1.662041016787789260, -1.662041016787788816 ) ) ;
#5062 = CARTESIAN_POINT ( 'NONE',  ( 24.62500000000001066, -4.317763452597548908E-16, 2.350480947161660339 ) ) ;
#5063 = CARTESIAN_POINT ( 'NONE',  ( 20.24999999999999645, 1.439254484199183216E-16, -2.350480947161660339 ) ) ;
#5064 = DIRECTION ( 'NONE',  ( -1.000000000000000000, -0.000000000000000000, -0.000000000000000000 ) ) ;
#5065 = EDGE_CURVE ( 'NONE', #1014, #1190, #4681, .T. ) ;
#5066 =( BOUNDED_CURVE ( )  B_SPLINE_CURVE ( 2, ( #5671, #6233, #3627, #1695, #252, #149, #4709, #5212, #1731 ),
 .UNSPECIFIED., .F., .T. ) 
 B_SPLINE_CURVE_WITH_KNOTS ( ( 3, 2, 2, 2, 3 ),
 ( 0.6057692307692306155, 0.6105769230769230171, 0.6153846153846153078, 0.6201923076923075984, 0.6249999999999998890 ),
 .UNSPECIFIED. ) 
 CURVE ( )  GEOMETRIC_REPRESENTATION_ITEM ( )  RATIONAL_B_SPLINE_CURVE ( ( 1.000000000000001776, 0.9238795325112849621, 1.000000000000000000, 0.9238795325112867385, 1.000000000000000000, 0.9238795325112867385, 1.000000000000000000, 0.9238795325112885148, 0.9999999999999982236 ) ) 
 REPRESENTATION_ITEM ( '' )  );
#5067 = EDGE_LOOP ( 'NONE', ( #2318, #124, #5115, #1355 ) ) ;
#5068 = CARTESIAN_POINT ( 'NONE',  ( -42.79134017728670614, -1.671467438348226864, 2.104933473583877834 ) ) ;
#5069 = DIRECTION ( 'NONE',  ( 0.000000000000000000, 0.000000000000000000, 1.000000000000000000 ) ) ;
#5070 = CARTESIAN_POINT ( 'NONE',  ( 40.68750000000000711, -0.9736010864139191812, 2.350480947161659895 ) ) ;
#5071 = CARTESIAN_POINT ( 'NONE',  ( 34.37500000000000711, 2.350480947161660339, 0.000000000000000000 ) ) ;
#5072 = CARTESIAN_POINT ( 'NONE',  ( 30.31249999999999645, 0.9736010864139180709, -2.350480947161660339 ) ) ;
#5073 = CARTESIAN_POINT ( 'NONE',  ( 27.31250000000001066, -3.000000000000011102, 1.242640687119288989 ) ) ;
#5074 = CARTESIAN_POINT ( 'NONE',  ( 39.59375000000000711, -1.265060653844735317, -3.054126587736535114 ) ) ;
#5075 = DIRECTION ( 'NONE',  ( 0.000000000000000000, 0.000000000000000000, -1.000000000000000000 ) ) ;
#5076 = EDGE_CURVE ( 'NONE', #2233, #4747, #871, .T. ) ;
#5077 = DIRECTION ( 'NONE',  ( 0.7071067811865474617, 8.659560562354932858E-17, 0.7071067811865474617 ) ) ;
#5078 = DIRECTION ( 'NONE',  ( -1.000000000000000000, -0.000000000000000000, -0.000000000000000000 ) ) ;
#5079 = CARTESIAN_POINT ( 'NONE',  ( 20.34375000000000000, -2.159593620790635882, 2.159593620790635438 ) ) ;
#5080 = CARTESIAN_POINT ( 'NONE',  ( 36.37500000000000000, 1.662041016787789260, -1.662041016787788816 ) ) ;
#5081 = VERTEX_POINT ( 'NONE', #3382 ) ;
#5082 =( BOUNDED_CURVE ( )  B_SPLINE_CURVE ( 2, ( #3321, #3347, #234, #1782, #5299, #1748, #4232, #5262, #5722 ),
 .UNSPECIFIED., .F., .F. ) 
 B_SPLINE_CURVE_WITH_KNOTS ( ( 3, 2, 2, 2, 3 ),
 ( 0.1826923076923073208, 0.1874999999999996392, 0.1923076923076919575, 0.1971153846153842759, 0.2019230769230765943 ),
 .UNSPECIFIED. ) 
 CURVE ( )  GEOMETRIC_REPRESENTATION_ITEM ( )  RATIONAL_B_SPLINE_CURVE ( ( 1.000000000000005773, 0.9238795325112810763, 1.000000000000000000, 0.9238795325112867385, 1.000000000000000000, 0.9238795325112867385, 1.000000000000000000, 0.9238795325112919565, 0.9999999999999947820 ) ) 
 REPRESENTATION_ITEM ( '' )  );
#5083 = CARTESIAN_POINT ( 'NONE',  ( 29.75000000000000000, -4.317763452597548908E-16, 2.350480947161660339 ) ) ;
#5084 = CARTESIAN_POINT ( 'NONE',  ( 19.15625000000000711, -5.610339524793564424E-16, 3.054126587736535559 ) ) ;
#5085 = CARTESIAN_POINT ( 'NONE',  ( -43.00000000000000000, 3.673940397442072687E-16, -3.000000000000010658 ) ) ;
#5086 = EDGE_LOOP ( 'NONE', ( #2526, #550, #470, #1174 ) ) ;
#5087 = CARTESIAN_POINT ( 'NONE',  ( 32.06250000000000711, -0.9736010864139177379, -2.350480947161660339 ) ) ;
#5088 = CARTESIAN_POINT ( 'NONE',  ( -43.00000000000000000, 0.000000000000000000, 0.000000000000000000 ) ) ;
#5089 = CARTESIAN_POINT ( 'NONE',  ( 41.74999999999999289, 1.836970198721036344E-16, -3.000000000000010658 ) ) ;
#5090 = CARTESIAN_POINT ( 'NONE',  ( -38.50000000000000000, 1.443375672974064772, -2.499999999999996891 ) ) ;
#5091 = CARTESIAN_POINT ( 'NONE',  ( 32.53125000000001421, -2.159593620790635438, -2.159593620790635438 ) ) ;
#5092 = VECTOR ( 'NONE', #5094, 1000.000000000000000 ) ;
#5093 = CARTESIAN_POINT ( 'NONE',  ( 21.24999999999999645, 1.439254484199183216E-16, -2.350480947161660339 ) ) ;
#5094 = DIRECTION ( 'NONE',  ( -1.000000000000000000, -0.000000000000000000, -0.000000000000000000 ) ) ;
#5095 = CARTESIAN_POINT ( 'NONE',  ( 28.37500000000001066, 2.350480947161660339, 0.000000000000000000 ) ) ;
#5096 = CARTESIAN_POINT ( 'NONE',  ( 23.37500000000001066, 2.350480947161660339, 0.000000000000000000 ) ) ;
#5097 = CARTESIAN_POINT ( 'NONE',  ( 20.18749999999999289, -0.9736010864139177379, -2.350480947161660339 ) ) ;
#5098 = CARTESIAN_POINT ( 'NONE',  ( 25.18749999999999645, 1.242640687119257237, 3.000000000000043077 ) ) ;
#5099 = ORIENTED_EDGE ( 'NONE', *, *, #5247, .T. ) ;
#5100 = CARTESIAN_POINT ( 'NONE',  ( -43.00000000000000000, 6.123233995736772199E-16, -5.000000000000004441 ) ) ;
#5101 = DIRECTION ( 'NONE',  ( -1.000000000000000000, -0.000000000000000000, -0.000000000000000000 ) ) ;
#5102 = CARTESIAN_POINT ( 'NONE',  ( 41.87500000000000711, -2.350480947161660339, -2.878508968398366432E-16 ) ) ;
#5103 = CARTESIAN_POINT ( 'NONE',  ( 35.18750000000001421, 0.9736010864139180709, -2.350480947161660339 ) ) ;
#5104 = CARTESIAN_POINT ( 'NONE',  ( 31.93749999999999645, -2.350480947161660339, 0.9736010864139172938 ) ) ;
#5105 = FACE_OUTER_BOUND ( 'NONE', #2179, .T. ) ;
#5106 = ADVANCED_FACE ( 'NONE', ( #5858 ), #860, .T. ) ;
#5107 = CARTESIAN_POINT ( 'NONE',  ( 41.46875000000000000, -3.054126587736535114, -1.265060653844735761 ) ) ;
#5108 =( BOUNDED_CURVE ( )  B_SPLINE_CURVE ( 2, ( #723, #2723, #5655, #1147, #3153, #4722, #5154, #4159, #6179 ),
 .UNSPECIFIED., .F., .F. ) 
 B_SPLINE_CURVE_WITH_KNOTS ( ( 3, 2, 2, 2, 3 ),
 ( 0.6250000000000000000, 0.6298076923076922906, 0.6346153846153845812, 0.6394230769230769829, 0.6442307692307692735 ),
 .UNSPECIFIED. ) 
 CURVE ( )  GEOMETRIC_REPRESENTATION_ITEM ( )  RATIONAL_B_SPLINE_CURVE ( ( 1.000000000000000000, 0.9238795325112867385, 1.000000000000000000, 0.9238795325112867385, 1.000000000000000000, 0.9238795325112867385, 1.000000000000000000, 0.9238795325112849621, 1.000000000000001776 ) ) 
 REPRESENTATION_ITEM ( '' )  );
#5109 = DIRECTION ( 'NONE',  ( -1.000000000000000000, -0.000000000000000000, -0.000000000000000000 ) ) ;
#5110 = DIRECTION ( 'NONE',  ( -0.7071067811865463515, -8.659560562354948882E-17, 0.7071067811865487940 ) ) ;
#5111 = CONICAL_SURFACE ( 'NONE', #290, 2.886751345948127767, 0.7853981633974500554 ) ;
#5112 = CARTESIAN_POINT ( 'NONE',  ( 20.93750000000001066, -2.350480947161660339, -0.9736010864139181820 ) ) ;
#5113 = CARTESIAN_POINT ( 'NONE',  ( 21.34374999999999645, -2.159593620790635882, 2.159593620790635438 ) ) ;
#5114 = CARTESIAN_POINT ( 'NONE',  ( 34.18749999999999289, -0.9736010864139177379, -2.350480947161660339 ) ) ;
#5115 = ORIENTED_EDGE ( 'NONE', *, *, #3319, .T. ) ;
#5116 = ADVANCED_FACE ( 'NONE', ( #4894 ), #3353, .T. ) ;
#5117 = CARTESIAN_POINT ( 'NONE',  ( 26.87499999999999645, -1.662041016787789482, 1.662041016787788816 ) ) ;
#5118 = CARTESIAN_POINT ( 'NONE',  ( 41.74999999999999289, 1.836970198721036344E-16, -3.000000000000010658 ) ) ;
#5119 = CARTESIAN_POINT ( 'NONE',  ( 43.18749999999999289, -0.9736010864139177379, -2.350480947161660339 ) ) ;
#5120 = VERTEX_POINT ( 'NONE', #5827 ) ;
#5121 = CARTESIAN_POINT ( 'NONE',  ( 31.62500000000001421, -4.317763452597548908E-16, 2.350480947161660339 ) ) ;
#5122 = CYLINDRICAL_SURFACE ( 'NONE', #1630, 3.000000000000010658 ) ;
#5123 = CARTESIAN_POINT ( 'NONE',  ( -43.00000000000000000, 1.443375672974063884, -2.499999999999999112 ) ) ;
#5124 = CARTESIAN_POINT ( 'NONE',  ( 27.81249999999999645, 1.242640687119344278, -2.999999999999955147 ) ) ;
#5125 = CARTESIAN_POINT ( 'NONE',  ( 31.28125000000001066, -2.159593620790635882, 2.159593620790635438 ) ) ;
#5126 = CC_DESIGN_PERSON_AND_ORGANIZATION_ASSIGNMENT ( #859, #2951, ( #5166 ) ) ;
#5127 = CARTESIAN_POINT ( 'NONE',  ( 20.81249999999999645, -0.9736010864139191812, 2.350480947161659895 ) ) ;
#5128 = CARTESIAN_POINT ( 'NONE',  ( 27.93750000000001066, -2.350480947161660339, -0.9736010864139181820 ) ) ;
#5129 = CARTESIAN_POINT ( 'NONE',  ( 20.75000000000001066, -1.662041016787789482, 1.662041016787788816 ) ) ;
#5130 = CARTESIAN_POINT ( 'NONE',  ( 20.62499999999999645, 1.662041016787788594, 1.662041016787789482 ) ) ;
#5131 = CARTESIAN_POINT ( 'NONE',  ( -42.79005990244193924, -0.9842721721430300885, -2.499999999999996447 ) ) ;
#5132 = VERTEX_POINT ( 'NONE', #4829 ) ;
#5133 = CARTESIAN_POINT ( 'NONE',  ( -42.65087689166703910, -2.412260711560384685, 0.8218418864751695363 ) ) ;
#5134 = CARTESIAN_POINT ( 'NONE',  ( 40.46875000000000000, -3.054126587736535559, -3.740226349862376611E-16 ) ) ;
#5135 = CARTESIAN_POINT ( 'NONE',  ( 39.81250000000000711, -2.350480947161660339, 0.9736010864139172938 ) ) ;
#5136 = CARTESIAN_POINT ( 'NONE',  ( 31.81250000000000711, -2.350480947161660339, 0.9736010864139172938 ) ) ;
#5137 = CARTESIAN_POINT ( 'NONE',  ( 30.93749999999999645, -2.350480947161660339, 0.9736010864139172938 ) ) ;
#5138 = DIRECTION ( 'NONE',  ( 0.000000000000000000, 0.000000000000000000, 1.000000000000000000 ) ) ;
#5139 = CARTESIAN_POINT ( 'NONE',  ( 41.28125000000000711, -2.159593620790635882, 2.159593620790635438 ) ) ;
#5140 = CARTESIAN_POINT ( 'NONE',  ( 19.64951905283835032, -0.2474295689508175244, 2.340704899051027965 ) ) ;
#5141 = CARTESIAN_POINT ( 'NONE',  ( 33.25000000000000711, -2.121320343559650379, 2.121320343559649935 ) ) ;
#5142 = CARTESIAN_POINT ( 'NONE',  ( 20.00000000000001066, -1.662041016787788816, -1.662041016787789260 ) ) ;
#5143 = CARTESIAN_POINT ( 'NONE',  ( 19.96875000000000000, 3.054126587736535559, 0.000000000000000000 ) ) ;
#5144 = CARTESIAN_POINT ( 'NONE',  ( 30.37500000000000000, 1.662041016787789260, -1.662041016787788816 ) ) ;
#5145 = ORIENTED_EDGE ( 'NONE', *, *, #1411, .F. ) ;
#5146 = CARTESIAN_POINT ( 'NONE',  ( 25.74999999999999645, -4.317763452597548908E-16, 2.350480947161660339 ) ) ;
#5147 = CARTESIAN_POINT ( 'NONE',  ( 20.00000000000001066, 2.121320343559649491, 2.121320343559650379 ) ) ;
#5148 = CARTESIAN_POINT ( 'NONE',  ( 41.74999999999999289, -4.317763452597548908E-16, 2.350480947161660339 ) ) ;
#5149 = ORIENTED_EDGE ( 'NONE', *, *, #5842, .F. ) ;
#5150 = EDGE_CURVE ( 'NONE', #5209, #2444, #5010, .T. ) ;
#5151 = CARTESIAN_POINT ( 'NONE',  ( 33.68750000000000711, -0.9736010864139191812, 2.350480947161659895 ) ) ;
#5152 = CARTESIAN_POINT ( 'NONE',  ( 33.84375000000000000, 2.159593620790635438, -2.159593620790635438 ) ) ;
#5153 = CARTESIAN_POINT ( 'NONE',  ( 21.12499999999999289, 2.121320343559649491, 2.121320343559650379 ) ) ;
#5154 = CARTESIAN_POINT ( 'NONE',  ( 33.62499999999999289, -2.121320343559649935, -2.121320343559649935 ) ) ;
#5155 = CARTESIAN_POINT ( 'NONE',  ( 28.00000000000000000, 3.000000000000010658, 0.000000000000000000 ) ) ;
#5156 = CARTESIAN_POINT ( 'NONE',  ( 30.09375000000001066, 1.265060653844736205, 3.054126587736534670 ) ) ;
#5157 = CARTESIAN_POINT ( 'NONE',  ( 20.62499999999999645, 1.662041016787788594, 1.662041016787789482 ) ) ;
#5158 = EDGE_CURVE ( 'NONE', #3820, #3585, #2424, .T. ) ;
#5159 = CARTESIAN_POINT ( 'NONE',  ( 22.25000000000000000, -5.510910596163108291E-16, 3.000000000000010658 ) ) ;
#5160 = CARTESIAN_POINT ( 'NONE',  ( 23.68750000000001066, -0.9736010864139191812, 2.350480947161659895 ) ) ;
#5161 = CONICAL_SURFACE ( 'NONE', #1070, 3.000000000000014655, 0.7853981633974500554 ) ;
#5162 = CARTESIAN_POINT ( 'NONE',  ( 20.12500000000001066, 1.439254484199183216E-16, -2.350480947161660339 ) ) ;
#5163 = CARTESIAN_POINT ( 'NONE',  ( 18.81249999999999645, -0.9736010864139191812, 2.350480947161659895 ) ) ;
#5164 = CARTESIAN_POINT ( 'NONE',  ( 35.93750000000000711, 3.000000000000010658, -1.242640687119289433 ) ) ;
#5165 = VERTEX_POINT ( 'NONE', #2309 ) ;
#5166 = PRODUCT ( '91502A180_Blue-Dyed Zinc-Plated Alloy Steel Socket Head Screw', '91502A180_Blue-Dyed Zinc-Plated Alloy Steel Socket Head Screw', '', ( #5459 ) ) ;
#5167 = SECURITY_CLASSIFICATION ( '', '', #1979 ) ;
#5168 = ORIENTED_EDGE ( 'NONE', *, *, #2823, .F. ) ;
#5169 = CARTESIAN_POINT ( 'NONE',  ( 40.62500000000000711, -4.317763452597548908E-16, 2.350480947161660339 ) ) ;
#5170 = CARTESIAN_POINT ( 'NONE',  ( 40.03125000000000000, 3.054126587736534670, 1.265060653844737759 ) ) ;
#5171 = CARTESIAN_POINT ( 'NONE',  ( 41.81250000000000711, -2.350480947161660339, 0.9736010864139172938 ) ) ;
#5172 = CARTESIAN_POINT ( 'NONE',  ( 31.06250000000001066, -0.9736010864139177379, -2.350480947161660339 ) ) ;
#5173 = CARTESIAN_POINT ( 'NONE',  ( 30.81249999999999645, -0.9736010864139191812, 2.350480947161659895 ) ) ;
#5174 = CARTESIAN_POINT ( 'NONE',  ( 24.18750000000000355, -1.242640687119313192, 2.999999999999987121 ) ) ;
#5175 = CARTESIAN_POINT ( 'NONE',  ( 41.34375000000000711, -3.054126587736536447, 1.265060653844735095 ) ) ;
#5176 = CARTESIAN_POINT ( 'NONE',  ( -37.49999999999999289, 0.000000000000000000, 5.000000000000004441 ) ) ;
#5177 = DIRECTION ( 'NONE',  ( -1.000000000000000000, -0.000000000000000000, -0.000000000000000000 ) ) ;
#5178 = CARTESIAN_POINT ( 'NONE',  ( 20.37500000000001066, 2.350480947161660339, 0.000000000000000000 ) ) ;
#5179 = CARTESIAN_POINT ( 'NONE',  ( 41.93750000000000000, -2.350480947161660339, -0.9736010864139181820 ) ) ;
#5180 = CARTESIAN_POINT ( 'NONE',  ( 31.18749999999999645, -0.9736010864139177379, -2.350480947161660339 ) ) ;
#5181 = CARTESIAN_POINT ( 'NONE',  ( 41.87499999999999289, -1.662041016787789482, 1.662041016787788816 ) ) ;
#5182 = ORIENTED_EDGE ( 'NONE', *, *, #138, .T. ) ;
#5183 = CARTESIAN_POINT ( 'NONE',  ( 26.06249999999999289, -2.350480947161660339, -0.9736010864139181820 ) ) ;
#5184 = CARTESIAN_POINT ( 'NONE',  ( 18.15625000000000711, -5.610339524793564424E-16, 3.054126587736535559 ) ) ;
#5185 = CARTESIAN_POINT ( 'NONE',  ( 41.99999999999999289, -2.350480947161660339, -2.878508968398366432E-16 ) ) ;
#5186 = ORIENTED_EDGE ( 'NONE', *, *, #5647, .F. ) ;
#5187 = CARTESIAN_POINT ( 'NONE',  ( 30.68750000000001421, -0.9736010864139191812, 2.350480947161659895 ) ) ;
#5188 = CARTESIAN_POINT ( 'NONE',  ( 30.28124999999999645, -1.265060653844737315, 3.054126587736534670 ) ) ;
#5189 = CARTESIAN_POINT ( 'NONE',  ( 42.24999999999999289, 1.439254484199183216E-16, -2.350480947161660339 ) ) ;
#5190 = DIRECTION ( 'NONE',  ( 0.000000000000000000, 0.000000000000000000, 1.000000000000000000 ) ) ;
#5191 = CARTESIAN_POINT ( 'NONE',  ( 28.18750000000000000, 1.242640687119235254, 3.000000000000065281 ) ) ;
#5192 = ADVANCED_FACE ( 'NONE', ( #5947 ), #1322, .T. ) ;
#5193 = CARTESIAN_POINT ( 'NONE',  ( 29.15625000000000711, -5.610339524793564424E-16, 3.054126587736535559 ) ) ;
#5194 = CARTESIAN_POINT ( 'NONE',  ( 21.93749999999999645, -2.350480947161660783, 0.9736010864139172938 ) ) ;
#5195 = DIRECTION ( 'NONE',  ( -1.000000000000000000, -0.000000000000000000, -0.000000000000000000 ) ) ;
#5196 = CARTESIAN_POINT ( 'NONE',  ( 27.37500000000001066, 2.350480947161660339, 0.000000000000000000 ) ) ;
#5197 = CARTESIAN_POINT ( 'NONE',  ( 20.93750000000001066, -2.350480947161660339, -0.9736010864139181820 ) ) ;
#5198 = DIRECTION ( 'NONE',  ( 0.000000000000000000, 0.000000000000000000, 1.000000000000000000 ) ) ;
#5199 = ORIENTED_EDGE ( 'NONE', *, *, #1131, .T. ) ;
#5200 = CONICAL_SURFACE ( 'NONE', #4981, 2.886751345948127767, 0.7853981633974500554 ) ;
#5201 = ADVANCED_FACE ( 'NONE', ( #4365 ), #6378, .F. ) ;
#5202 = ORIENTED_EDGE ( 'NONE', *, *, #6242, .T. ) ;
#5203 = CARTESIAN_POINT ( 'NONE',  ( 40.93750000000000711, -2.350480947161660339, -0.9736010864139181820 ) ) ;
#5204 = CARTESIAN_POINT ( 'NONE',  ( 39.53124999999999289, -3.054126587736535114, -1.265060653844735761 ) ) ;
#5205 = CARTESIAN_POINT ( 'NONE',  ( 39.37500000000000711, 2.350480947161660339, 0.000000000000000000 ) ) ;
#5206 = CARTESIAN_POINT ( 'NONE',  ( 30.81250000000000711, -2.350480947161660339, 0.9736010864139172938 ) ) ;
#5207 = CARTESIAN_POINT ( 'NONE',  ( 26.56249999999999289, 2.350480947161659895, 0.9736010864139195142 ) ) ;
#5208 = CARTESIAN_POINT ( 'NONE',  ( -38.50000000000000000, 2.886751345948127767, 1.545935464014153091E-15 ) ) ;
#5209 = VERTEX_POINT ( 'NONE', #335 ) ;
#5210 = CARTESIAN_POINT ( 'NONE',  ( 39.65625000000000711, 1.870113174931188306E-16, -3.054126587736535559 ) ) ;
#5211 = CARTESIAN_POINT ( 'NONE',  ( 29.68750000000001421, 1.242640687119333620, -2.999999999999966693 ) ) ;
#5212 = CARTESIAN_POINT ( 'NONE',  ( 27.68750000000001066, 1.242640687119311416, -2.999999999999988010 ) ) ;
#5213 = CARTESIAN_POINT ( 'NONE',  ( 37.37500000000000000, -2.121320343559650379, 2.121320343559649935 ) ) ;
#5214 = CARTESIAN_POINT ( 'NONE',  ( 17.09374999999999645, 2.159593620790634994, 2.159593620790635882 ) ) ;
#5215 = CARTESIAN_POINT ( 'NONE',  ( 31.62500000000000000, 1.662041016787788594, 1.662041016787789482 ) ) ;
#5216 = CARTESIAN_POINT ( 'NONE',  ( 19.31250000000001776, 2.350480947161660339, -0.9736010864139179599 ) ) ;
#5217 = CARTESIAN_POINT ( 'NONE',  ( 24.99999999999999645, -2.350480947161660339, -2.878508968398366432E-16 ) ) ;
#5218 = CARTESIAN_POINT ( 'NONE',  ( 31.68750000000000000, 1.242640687119311416, -2.999999999999988010 ) ) ;
#5219 = CONICAL_SURFACE ( 'NONE', #2384, 5.000000000000004441, 0.7853981633974482790 ) ;
#5220 = CARTESIAN_POINT ( 'NONE',  ( 37.75000000000000000, -4.317763452597548908E-16, 2.350480947161660339 ) ) ;
#5221 = ORIENTED_EDGE ( 'NONE', *, *, #5760, .F. ) ;
#5222 = CARTESIAN_POINT ( 'NONE',  ( 33.25000000000000711, 1.662041016787789260, -1.662041016787788816 ) ) ;
#5223 = CARTESIAN_POINT ( 'NONE',  ( 30.53125000000000000, -3.054126587736535114, -1.265060653844735761 ) ) ;
#5224 = CARTESIAN_POINT ( 'NONE',  ( 19.60996244247073150, -0.1245116919617024059, 2.390037557530062973 ) ) ;
#5225 = FACE_OUTER_BOUND ( 'NONE', #6057, .T. ) ;
#5226 = CARTESIAN_POINT ( 'NONE',  ( 28.53125000000000711, -2.159593620790635438, -2.159593620790635438 ) ) ;
#5227 = CARTESIAN_POINT ( 'NONE',  ( 20.06249999999999289, -2.350480947161660339, -0.9736010864139181820 ) ) ;
#5228 = CARTESIAN_POINT ( 'NONE',  ( 34.06250000000000000, 1.242640687119257459, 3.000000000000043077 ) ) ;
#5229 = VECTOR ( 'NONE', #5278, 1000.000000000000000 ) ;
#5230 = CARTESIAN_POINT ( 'NONE',  ( 25.68750000000000711, -0.9736010864139191812, 2.350480947161659895 ) ) ;
#5231 = CARTESIAN_POINT ( 'NONE',  ( 20.43750000000001066, 2.350480947161659895, 0.9736010864139195142 ) ) ;
#5232 = CARTESIAN_POINT ( 'NONE',  ( 38.06250000000001421, 1.242640687119224596, 3.000000000000075495 ) ) ;
#5233 = CARTESIAN_POINT ( 'NONE',  ( 19.18750000000001066, -1.242640687119291210, 3.000000000000009770 ) ) ;
#5234 = CARTESIAN_POINT ( 'NONE',  ( 35.87500000000000000, -1.662041016787789482, 1.662041016787788816 ) ) ;
#5235 = ORIENTED_EDGE ( 'NONE', *, *, #696, .T. ) ;
#5236 = CARTESIAN_POINT ( 'NONE',  ( 39.62500000000000711, -4.317763452597548908E-16, 2.350480947161660339 ) ) ;
#5237 = CARTESIAN_POINT ( 'NONE',  ( 42.96875000000000000, 3.054126587736535559, 0.000000000000000000 ) ) ;
#5238 = EDGE_CURVE ( 'NONE', #1570, #4120, #108, .T. ) ;
#5239 = CARTESIAN_POINT ( 'NONE',  ( 36.06250000000002842, -0.9736010864139177379, -2.350480947161660339 ) ) ;
#5240 = CARTESIAN_POINT ( 'NONE',  ( 33.18750000000001421, 0.9736010864139180709, -2.350480947161660339 ) ) ;
#5241 = CARTESIAN_POINT ( 'NONE',  ( 27.49999999999999645, 2.350480947161660339, 0.000000000000000000 ) ) ;
#5242 = CARTESIAN_POINT ( 'NONE',  ( 24.37499999999999645, -2.121320343559650379, 2.121320343559649935 ) ) ;
#5243 = EDGE_LOOP ( 'NONE', ( #1490, #1607, #665, #1233 ) ) ;
#5244 = CARTESIAN_POINT ( 'NONE',  ( 39.09375000000000711, 1.265060653844736205, 3.054126587736534670 ) ) ;
#5245 = DIRECTION ( 'NONE',  ( 0.000000000000000000, 0.000000000000000000, 1.000000000000000000 ) ) ;
#5246 = CARTESIAN_POINT ( 'NONE',  ( 35.62500000000001421, 1.836970198721036344E-16, -3.000000000000010658 ) ) ;
#5247 = EDGE_CURVE ( 'NONE', #4601, #4238, #5331, .T. ) ;
#5248 = CARTESIAN_POINT ( 'NONE',  ( 36.12500000000001421, -5.510910596163109277E-16, 3.000000000000010658 ) ) ;
#5249 = CARTESIAN_POINT ( 'NONE',  ( 18.15624999999999645, 1.265060653844736205, 3.054126587736534670 ) ) ;
#5250 = CARTESIAN_POINT ( 'NONE',  ( 31.68749999999999289, 0.9736010864139186261, 2.350480947161659895 ) ) ;
#5251 = CARTESIAN_POINT ( 'NONE',  ( 40.24999999999999289, 1.439254484199183216E-16, -2.350480947161660339 ) ) ;
#5252 = CC_DESIGN_DATE_AND_TIME_ASSIGNMENT ( #1351, #990, ( #3201 ) ) ;
#5253 = CARTESIAN_POINT ( 'NONE',  ( 21.06249999999999645, -2.350480947161660339, -0.9736010864139181820 ) ) ;
#5254 = DIRECTION ( 'NONE',  ( 0.000000000000000000, 0.000000000000000000, 1.000000000000000000 ) ) ;
#5255 = CARTESIAN_POINT ( 'NONE',  ( 39.18750000000000000, -0.9736010864139177379, -2.350480947161660339 ) ) ;
#5256 = VERTEX_POINT ( 'NONE', #956 ) ;
#5257 = CARTESIAN_POINT ( 'NONE',  ( 29.37500000000001066, 2.350480947161660339, 0.000000000000000000 ) ) ;
#5258 = CARTESIAN_POINT ( 'NONE',  ( 27.34375000000000000, -2.159593620790635882, 2.159593620790635438 ) ) ;
#5259 = FACE_OUTER_BOUND ( 'NONE', #3264, .T. ) ;
#5260 = CARTESIAN_POINT ( 'NONE',  ( 32.87499999999999289, 2.121320343559649935, -2.121320343559649935 ) ) ;
#5261 = CARTESIAN_POINT ( 'NONE',  ( 27.59375000000000711, -1.265060653844735317, -3.054126587736535114 ) ) ;
#5262 = CARTESIAN_POINT ( 'NONE',  ( 38.68750000000001421, 1.242640687119355603, -2.999999999999944489 ) ) ;
#5263 =( BOUNDED_CURVE ( )  B_SPLINE_CURVE ( 2, ( #4846, #2356, #6305, #2784, #3312 ),
 .UNSPECIFIED., .F., .T. ) 
 B_SPLINE_CURVE_WITH_KNOTS ( ( 3, 2, 3 ),
 ( 0.07692307692307699674, 0.08173076923076935674, 0.08653846153846160572 ),
 .UNSPECIFIED. ) 
 CURVE ( )  GEOMETRIC_REPRESENTATION_ITEM ( )  RATIONAL_B_SPLINE_CURVE ( ( 0.9999999999999980016, 0.9238795325112887369, 1.000000000000000000, 0.9238795325112860723, 1.000000000000000666 ) ) 
 REPRESENTATION_ITEM ( '' )  );
#5264 = LINE ( 'NONE', #2761, #579 ) ;
#5265 = CARTESIAN_POINT ( 'NONE',  ( 26.18750000000000711, 0.9736010864139180709, -2.350480947161660339 ) ) ;
#5266 = CARTESIAN_POINT ( 'NONE',  ( 19.25000000000001066, 1.662041016787789260, -1.662041016787788816 ) ) ;
#5267 = CYLINDRICAL_SURFACE ( 'NONE', #5057, 3.000000000000010658 ) ;
#5268 = CARTESIAN_POINT ( 'NONE',  ( 42.32728697158979969, -2.925489048893742616, 0.06079562883211907243 ) ) ;
#5269 = ORIENTED_EDGE ( 'NONE', *, *, #4624, .T. ) ;
#5270 = CARTESIAN_POINT ( 'NONE',  ( 35.37500000000000000, 1.662041016787789260, -1.662041016787788816 ) ) ;
#5271 = CONICAL_SURFACE ( 'NONE', #4002, 3.000000000000014655, 0.7853981633974500554 ) ;
#5272 = EDGE_LOOP ( 'NONE', ( #4176, #106, #5587, #890 ) ) ;
#5273 = CARTESIAN_POINT ( 'NONE',  ( 38.87500000000000711, -2.350480947161660339, -2.878508968398366432E-16 ) ) ;
#5274 = CARTESIAN_POINT ( 'NONE',  ( 40.34375000000000000, -2.159593620790635882, 2.159593620790635438 ) ) ;
#5275 = CARTESIAN_POINT ( 'NONE',  ( 37.18750000000001421, 0.9736010864139180709, -2.350480947161660339 ) ) ;
#5276 = CARTESIAN_POINT ( 'NONE',  ( 29.62500000000001421, -4.317763452597548908E-16, 2.350480947161660339 ) ) ;
#5277 = CARTESIAN_POINT ( 'NONE',  ( 27.68750000000000355, 0.9736010864139186261, 2.350480947161659895 ) ) ;
#5278 = DIRECTION ( 'NONE',  ( -1.000000000000000000, -0.000000000000000000, -0.000000000000000000 ) ) ;
#5279 = EDGE_CURVE ( 'NONE', #5506, #1670, #6153, .T. ) ;
#5280 = CARTESIAN_POINT ( 'NONE',  ( 36.59375000000000711, -1.265060653844735317, -3.054126587736535114 ) ) ;
#5281 =( BOUNDED_CURVE ( )  B_SPLINE_CURVE ( 2, ( #3808, #5823, #1319, #3322, #1378, #5456, #455, #2366, #4361 ),
 .UNSPECIFIED., .F., .T. ) 
 B_SPLINE_CURVE_WITH_KNOTS ( ( 3, 2, 2, 2, 3 ),
 ( 0.1249999999999998473, 0.1298076923076921796, 0.1346153846153844702, 0.1394230769230768163, 0.1442307692307691069 ),
 .UNSPECIFIED. ) 
 CURVE ( )  GEOMETRIC_REPRESENTATION_ITEM ( )  RATIONAL_B_SPLINE_CURVE ( ( 1.000000000000002442, 0.9238795325112842960, 1.000000000000000000, 0.9238795325112867385, 1.000000000000000000, 0.9238795325112867385, 1.000000000000000000, 0.9238795325112885148, 0.9999999999999982236 ) ) 
 REPRESENTATION_ITEM ( '' )  );
#5282 = CARTESIAN_POINT ( 'NONE',  ( 28.81250000000001066, 3.000000000000010658, -1.242640687119289433 ) ) ;
#5283 = CARTESIAN_POINT ( 'NONE',  ( 26.75000000000001066, 2.121320343559649935, -2.121320343559649935 ) ) ;
#5284 = DIRECTION ( 'NONE',  ( -1.000000000000000000, -0.000000000000000000, -0.000000000000000000 ) ) ;
#5285 = CARTESIAN_POINT ( 'NONE',  ( 18.34375000000000000, -2.159593620790635882, 2.159593620790635438 ) ) ;
#5286 = CARTESIAN_POINT ( 'NONE',  ( 30.68749999999999645, 0.9736010864139186261, 2.350480947161659895 ) ) ;
#5287 = CARTESIAN_POINT ( 'NONE',  ( 39.24999999999999289, 1.439254484199183216E-16, -2.350480947161660339 ) ) ;
#5288 = VERTEX_POINT ( 'NONE', #590 ) ;
#5289 = EDGE_CURVE ( 'NONE', #3820, #4633, #4095, .T. ) ;
#5290 = CARTESIAN_POINT ( 'NONE',  ( 24.18750000000000355, -0.9736010864139177379, -2.350480947161660339 ) ) ;
#5291 = DIRECTION ( 'NONE',  ( 0.000000000000000000, 0.000000000000000000, 1.000000000000000000 ) ) ;
#5292 = CARTESIAN_POINT ( 'NONE',  ( 40.37499999999999289, 1.662041016787789260, -1.662041016787788816 ) ) ;
#5293 = ORIENTED_EDGE ( 'NONE', *, *, #1984, .F. ) ;
#5294 =( BOUNDED_CURVE ( )  B_SPLINE_CURVE ( 2, ( #3074, #6496, #2058, #5614, #4021, #4483, #1599, #3107, #1103 ),
 .UNSPECIFIED., .F., .F. ) 
 B_SPLINE_CURVE_WITH_KNOTS ( ( 3, 2, 2, 2, 3 ),
 ( 0.7596153846153844702, 0.7644230769230767608, 0.7692307692307691624, 0.7740384615384614531, 0.7788461538461537437 ),
 .UNSPECIFIED. ) 
 CURVE ( )  GEOMETRIC_REPRESENTATION_ITEM ( )  RATIONAL_B_SPLINE_CURVE ( ( 1.000000000000001776, 0.9238795325112849621, 1.000000000000000000, 0.9238795325112867385, 1.000000000000000000, 0.9238795325112867385, 1.000000000000000000, 0.9238795325112885148, 0.9999999999999982236 ) ) 
 REPRESENTATION_ITEM ( '' )  );
#5295 = CARTESIAN_POINT ( 'NONE',  ( 26.87500000000001066, -2.350480947161660339, -2.878508968398366432E-16 ) ) ;
#5296 = CARTESIAN_POINT ( 'NONE',  ( 31.03125000000000000, 3.054126587736534670, 1.265060653844737759 ) ) ;
#5297 = CARTESIAN_POINT ( 'NONE',  ( 41.99999999999999289, -2.350480947161660339, -2.878508968398366432E-16 ) ) ;
#5298 = CARTESIAN_POINT ( 'NONE',  ( 27.78125000000000711, 2.159593620790635438, -2.159593620790635438 ) ) ;
#5299 = CARTESIAN_POINT ( 'NONE',  ( 38.87500000000000711, 3.000000000000010658, 0.000000000000000000 ) ) ;
#5300 = FACE_OUTER_BOUND ( 'NONE', #2963, .T. ) ;
#5301 = CARTESIAN_POINT ( 'NONE',  ( 24.25000000000001066, 1.662041016787789260, -1.662041016787788816 ) ) ;
#5302 = CARTESIAN_POINT ( 'NONE',  ( 17.43750000000001066, 2.350480947161659895, 0.9736010864139195142 ) ) ;
#5303 = CARTESIAN_POINT ( 'NONE',  ( 37.87500000000000711, 3.000000000000010658, 0.000000000000000000 ) ) ;
#5304 = DIRECTION ( 'NONE',  ( 0.000000000000000000, 0.000000000000000000, 1.000000000000000000 ) ) ;
#5305 = CARTESIAN_POINT ( 'NONE',  ( 34.31249999999999289, 0.9736010864139180709, -2.350480947161660339 ) ) ;
#5306 = EDGE_LOOP ( 'NONE', ( #2942, #3128, #740, #404 ) ) ;
#5307 = CARTESIAN_POINT ( 'NONE',  ( 36.90625000000000711, 3.054126587736535114, -1.265060653844735317 ) ) ;
#5308 = CARTESIAN_POINT ( 'NONE',  ( 38.00000000000001421, -1.662041016787788816, -1.662041016787789260 ) ) ;
#5309 = CARTESIAN_POINT ( 'NONE',  ( 29.00000000000001066, -1.662041016787788816, -1.662041016787789260 ) ) ;
#5310 = CIRCLE ( 'NONE', #1215, 2.250000000000036415 ) ;
#5311 = CARTESIAN_POINT ( 'NONE',  ( 28.87499999999999645, -1.662041016787789482, 1.662041016787788816 ) ) ;
#5312 = CARTESIAN_POINT ( 'NONE',  ( 24.62500000000000711, 1.836970198721036344E-16, -3.000000000000010658 ) ) ;
#5313 = ORIENTED_EDGE ( 'NONE', *, *, #3029, .F. ) ;
#5314 = CARTESIAN_POINT ( 'NONE',  ( 37.28125000000000711, -2.159593620790635882, 2.159593620790635438 ) ) ;
#5315 = VECTOR ( 'NONE', #2886, 1000.000000000000000 ) ;
#5316 = CARTESIAN_POINT ( 'NONE',  ( 41.93750000000000711, 3.000000000000009770, 1.242640687119291654 ) ) ;
#5317 = CARTESIAN_POINT ( 'NONE',  ( 22.43749999999999645, -3.000000000000011102, 1.242640687119288989 ) ) ;
#5318 = CARTESIAN_POINT ( 'NONE',  ( 41.87500000000000711, -2.350480947161660339, -2.878508968398366432E-16 ) ) ;
#5319 = CARTESIAN_POINT ( 'NONE',  ( 28.68750000000000000, 0.9736010864139186261, 2.350480947161659895 ) ) ;
#5320 = EDGE_CURVE ( 'NONE', #3344, #3779, #1055, .T. ) ;
#5321 = CARTESIAN_POINT ( 'NONE',  ( 41.06250000000000000, -2.350480947161660339, -0.9736010864139181820 ) ) ;
#5322 = CARTESIAN_POINT ( 'NONE',  ( 21.93749999999999645, -2.350480947161660339, 0.9736010864139172938 ) ) ;
#5323 = CARTESIAN_POINT ( 'NONE',  ( 37.93750000000000000, -2.350480947161660339, 0.9736010864139172938 ) ) ;
#5324 = CARTESIAN_POINT ( 'NONE',  ( 30.06250000000001421, -0.9736010864139177379, -2.350480947161660339 ) ) ;
#5325 = CARTESIAN_POINT ( 'NONE',  ( 29.15625000000000355, 1.265060653844736205, 3.054126587736534670 ) ) ;
#5326 = DIRECTION ( 'NONE',  ( -1.000000000000000000, -0.000000000000000000, -0.000000000000000000 ) ) ;
#5327 = EDGE_CURVE ( 'NONE', #1112, #4314, #3476, .T. ) ;
#5328 = CARTESIAN_POINT ( 'NONE',  ( 30.87500000000000711, 3.000000000000010658, 0.000000000000000000 ) ) ;
#5329 = CARTESIAN_POINT ( 'NONE',  ( 26.59375000000000355, -1.265060653844735317, -3.054126587736535114 ) ) ;
#5330 = CARTESIAN_POINT ( 'NONE',  ( 20.37500000000000711, -3.000000000000010658, -3.673940397442072687E-16 ) ) ;
#5331 =( BOUNDED_CURVE ( )  B_SPLINE_CURVE ( 2, ( #2042, #2500, #2952, #5056, #6477, #3019, #3575, #2530, #4495 ),
 .UNSPECIFIED., .F., .F. ) 
 B_SPLINE_CURVE_WITH_KNOTS ( ( 3, 2, 2, 2, 3 ),
 ( 0.8557692307692307265, 0.8605769230769231282, 0.8653846153846154188, 0.8701923076923075984, 0.8749999999999998890 ),
 .UNSPECIFIED. ) 
 CURVE ( )  GEOMETRIC_REPRESENTATION_ITEM ( )  RATIONAL_B_SPLINE_CURVE ( ( 1.000000000000000000, 0.9238795325112867385, 1.000000000000000000, 0.9238795325112867385, 1.000000000000000000, 0.9238795325112867385, 1.000000000000000000, 0.9238795325112885148, 0.9999999999999982236 ) ) 
 REPRESENTATION_ITEM ( '' )  );
#5332 = CARTESIAN_POINT ( 'NONE',  ( 35.75000000000000000, 1.836970198721036344E-16, -3.000000000000010658 ) ) ;
#5333 = CARTESIAN_POINT ( 'NONE',  ( 21.68750000000000711, -0.9736010864139191812, 2.350480947161659895 ) ) ;
#5334 = CARTESIAN_POINT ( 'NONE',  ( -43.00000000000000000, 0.000000000000000000, 0.000000000000000000 ) ) ;
#5335 = DIRECTION ( 'NONE',  ( 0.000000000000000000, 0.000000000000000000, 1.000000000000000000 ) ) ;
#5336 = CARTESIAN_POINT ( 'NONE',  ( 19.11283301797566736, 2.761194638782892063, 0.8619198188563130802 ) ) ;
#5337 = CARTESIAN_POINT ( 'NONE',  ( 33.24999999999999289, 1.439254484199183216E-16, -2.350480947161660339 ) ) ;
#5338 = ORIENTED_EDGE ( 'NONE', *, *, #2898, .F. ) ;
#5339 = CARTESIAN_POINT ( 'NONE',  ( 38.21875000000000000, -5.610339524793564424E-16, 3.054126587736535559 ) ) ;
#5340 = CARTESIAN_POINT ( 'NONE',  ( 35.68750000000000711, -0.9736010864139191812, 2.350480947161659895 ) ) ;
#5341 = CARTESIAN_POINT ( 'NONE',  ( 28.87500000000001066, -2.350480947161660339, -2.878508968398366432E-16 ) ) ;
#5342 = CARTESIAN_POINT ( 'NONE',  ( 26.81249999999999645, -0.9736010864139191812, 2.350480947161659895 ) ) ;
#5343 = EDGE_LOOP ( 'NONE', ( #3301, #1957, #171, #4555 ) ) ;
#5344 = CARTESIAN_POINT ( 'NONE',  ( 38.34375000000001421, -3.054126587736536447, 1.265060653844735095 ) ) ;
#5345 = CARTESIAN_POINT ( 'NONE',  ( 19.34030366844487148, -1.394089580648106619, -2.272201653143503197 ) ) ;
#5346 = AXIS2_PLACEMENT_3D ( 'NONE', #2276, #4269, #5198 ) ;
#5347 = DIRECTION ( 'NONE',  ( -1.000000000000000000, -0.000000000000000000, -0.000000000000000000 ) ) ;
#5348 = CARTESIAN_POINT ( 'NONE',  ( 37.75000000000001421, -1.662041016787789482, 1.662041016787788816 ) ) ;
#5349 = CARTESIAN_POINT ( 'NONE',  ( 40.62499999999999289, 1.662041016787788594, 1.662041016787789482 ) ) ;
#5350 = AXIS2_PLACEMENT_3D ( 'NONE', #1179, #3186, #5190 ) ;
#5351 = CARTESIAN_POINT ( 'NONE',  ( 21.74999999999999645, -4.317763452597548908E-16, 2.350480947161660339 ) ) ;
#5352 = CARTESIAN_POINT ( 'NONE',  ( 34.24999999999999289, -5.510910596163108291E-16, 3.000000000000010658 ) ) ;
#5353 = CARTESIAN_POINT ( 'NONE',  ( 36.68750000000000000, 0.9736010864139186261, 2.350480947161659895 ) ) ;
#5354 = CARTESIAN_POINT ( 'NONE',  ( 29.43750000000001066, 2.350480947161659895, 0.9736010864139195142 ) ) ;
#5355 = CARTESIAN_POINT ( 'NONE',  ( 26.46875000000000000, -3.054126587736535559, -3.740226349862376611E-16 ) ) ;
#5356 = CARTESIAN_POINT ( 'NONE',  ( 38.62500000000000000, 1.662041016787788594, 1.662041016787789482 ) ) ;
#5357 = EDGE_LOOP ( 'NONE', ( #1620, #3014, #313, #4352 ) ) ;
#5358 = CARTESIAN_POINT ( 'NONE',  ( 24.46875000000000711, -3.054126587736535114, -1.265060653844735761 ) ) ;
#5359 = EDGE_CURVE ( 'NONE', #786, #3820, #3052, .T. ) ;
#5360 = CARTESIAN_POINT ( 'NONE',  ( 19.93749999999999645, -2.350480947161660783, 0.9736010864139172938 ) ) ;
#5361 = CARTESIAN_POINT ( 'NONE',  ( 20.62500000000001066, -4.317763452597548908E-16, 2.350480947161660339 ) ) ;
#5362 = CARTESIAN_POINT ( 'NONE',  ( 41.56250000000001421, -1.242640687119253684, -3.000000000000046185 ) ) ;
#5363 = APPLICATION_PROTOCOL_DEFINITION ( 'international standard', 'config_control_design', 1994, #1978 ) ;
#5364 = CARTESIAN_POINT ( 'NONE',  ( 28.50000000000000000, -3.000000000000010658, -3.673940397442072687E-16 ) ) ;
#5365 =( BOUNDED_CURVE ( )  B_SPLINE_CURVE ( 2, ( #6284, #4797, #1289, #1821, #2797, #3897, #5915, #887, #6376 ),
 .UNSPECIFIED., .F., .F. ) 
 B_SPLINE_CURVE_WITH_KNOTS ( ( 3, 2, 2, 2, 3 ),
 ( 0.3750000000000002220, 0.3798076923076925127, 0.3846153846153848033, 0.3894230769230770384, 0.3942307692307694400 ),
 .UNSPECIFIED. ) 
 CURVE ( )  GEOMETRIC_REPRESENTATION_ITEM ( )  RATIONAL_B_SPLINE_CURVE ( ( 0.9999999999999964473, 0.9238795325112902912, 1.000000000000000000, 0.9238795325112867385, 1.000000000000000000, 0.9238795325112867385, 1.000000000000000000, 0.9238795325112840739, 1.000000000000002665 ) ) 
 REPRESENTATION_ITEM ( '' )  );
#5366 = EDGE_CURVE ( 'NONE', #3723, #3636, #2654, .T. ) ;
#5367 = CARTESIAN_POINT ( 'NONE',  ( 32.87499999999999289, -1.662041016787789482, 1.662041016787788816 ) ) ;
#5368 = ORIENTED_EDGE ( 'NONE', *, *, #3499, .F. ) ;
#5369 = CARTESIAN_POINT ( 'NONE',  ( 35.96875000000000000, 3.054126587736535559, 0.000000000000000000 ) ) ;
#5370 = CARTESIAN_POINT ( 'NONE',  ( 33.81250000000000711, -2.350480947161660339, 0.9736010864139172938 ) ) ;
#5371 = CARTESIAN_POINT ( 'NONE',  ( 28.00000000000001066, -1.662041016787788816, -1.662041016787789260 ) ) ;
#5372 = CARTESIAN_POINT ( 'NONE',  ( 22.68749999999999645, 0.9736010864139186261, 2.350480947161659895 ) ) ;
#5373 = CARTESIAN_POINT ( 'NONE',  ( 38.68750000000000000, -1.242640687119311194, -2.999999999999988010 ) ) ;
#5374 = EDGE_LOOP ( 'NONE', ( #650, #4498, #91, #2006 ) ) ;
#5375 = CARTESIAN_POINT ( 'NONE',  ( 38.59375000000000711, -1.265060653844735317, -3.054126587736535114 ) ) ;
#5376 = DIRECTION ( 'NONE',  ( 0.000000000000000000, 0.000000000000000000, 1.000000000000000000 ) ) ;
#5377 = CARTESIAN_POINT ( 'NONE',  ( 22.31250000000000711, -3.000000000000011102, 1.242640687119288989 ) ) ;
#5378 = CARTESIAN_POINT ( 'NONE',  ( 38.75000000000001421, -1.662041016787789482, 1.662041016787788816 ) ) ;
#5379 = CARTESIAN_POINT ( 'NONE',  ( 40.31249999999999289, 0.9736010864139180709, -2.350480947161660339 ) ) ;
#5380 = VECTOR ( 'NONE', #3334, 1000.000000000000000 ) ;
#5381 = CARTESIAN_POINT ( 'NONE',  ( 23.06249999999999645, -2.350480947161660339, -0.9736010864139181820 ) ) ;
#5382 = CARTESIAN_POINT ( 'NONE',  ( 25.31250000000000711, -3.000000000000011102, 1.242640687119288989 ) ) ;
#5383 = VECTOR ( 'NONE', #3171, 1000.000000000000000 ) ;
#5384 = LOCAL_TIME ( 13, 43, 36.00000000000000000, #4924 ) ;
#5385 = CARTESIAN_POINT ( 'NONE',  ( 27.37500000000001066, 2.350480947161660339, 0.000000000000000000 ) ) ;
#5386 = CARTESIAN_POINT ( 'NONE',  ( 25.21874999999999645, -5.610339524793564424E-16, 3.054126587736535559 ) ) ;
#5387 = CARTESIAN_POINT ( 'NONE',  ( 40.68749999999999289, 0.9736010864139186261, 2.350480947161659895 ) ) ;
#5388 = ORIENTED_EDGE ( 'NONE', *, *, #1217, .F. ) ;
#5389 = CARTESIAN_POINT ( 'NONE',  ( 23.84375000000000711, 3.054126587736535114, -1.265060653844735317 ) ) ;
#5390 = DIRECTION ( 'NONE',  ( 0.000000000000000000, 0.8660254037844388186, -0.4999999999999998335 ) ) ;
#5391 = CARTESIAN_POINT ( 'NONE',  ( 40.81250000000000711, -2.350480947161660783, 0.9736010864139172938 ) ) ;
#5392 = CARTESIAN_POINT ( 'NONE',  ( -42.61271850370233949, 2.288408915586098935, -1.036359489711274895 ) ) ;
#5393 = CARTESIAN_POINT ( 'NONE',  ( 22.25000000000001066, 1.662041016787789260, -1.662041016787788816 ) ) ;
#5394 = FACE_OUTER_BOUND ( 'NONE', #1685, .T. ) ;
#5395 = ADVANCED_FACE ( 'NONE', ( #1116 ), #2621, .T. ) ;
#5396 = CARTESIAN_POINT ( 'NONE',  ( -43.00000000000000000, 0.000000000000000000, 0.000000000000000000 ) ) ;
#5397 = CARTESIAN_POINT ( 'NONE',  ( 26.56249999999999645, 2.350480947161659895, 0.9736010864139195142 ) ) ;
#5398 = ORIENTED_EDGE ( 'NONE', *, *, #6250, .F. ) ;
#5399 = CARTESIAN_POINT ( 'NONE',  ( 36.28125000000001421, -1.265060653844737315, 3.054126587736534670 ) ) ;
#5400 = CARTESIAN_POINT ( 'NONE',  ( 32.50000000000000711, 1.662041016787788594, 1.662041016787789482 ) ) ;
#5401 = CARTESIAN_POINT ( 'NONE',  ( 26.68750000000000711, -0.9736010864139191812, 2.350480947161659895 ) ) ;
#5402 = CARTESIAN_POINT ( 'NONE',  ( 22.31249999999999645, 0.9736010864139180709, -2.350480947161660339 ) ) ;
#5403 = EDGE_CURVE ( 'NONE', #2403, #1954, #3095, .T. ) ;
#5404 = CARTESIAN_POINT ( 'NONE',  ( 22.81250000000000355, 1.242640687119333398, -2.999999999999966693 ) ) ;
#5405 = ORIENTED_EDGE ( 'NONE', *, *, #5952, .F. ) ;
#5406 = CARTESIAN_POINT ( 'NONE',  ( 34.71875000000000711, 1.265060653844735539, -3.054126587736535114 ) ) ;
#5407 = VERTEX_POINT ( 'NONE', #3912 ) ;
#5408 = CARTESIAN_POINT ( 'NONE',  ( 39.12500000000001421, -5.510910596163109277E-16, 3.000000000000010658 ) ) ;
#5409 = CARTESIAN_POINT ( 'NONE',  ( 41.75000000000000711, 2.121320343559649935, -2.121320343559649935 ) ) ;
#5410 = CARTESIAN_POINT ( 'NONE',  ( 22.75000000000000000, 1.836970198721036344E-16, -3.000000000000010658 ) ) ;
#5411 = CARTESIAN_POINT ( 'NONE',  ( 38.62500000000001421, -4.317763452597548908E-16, 2.350480947161660339 ) ) ;
#5412 = CARTESIAN_POINT ( 'NONE',  ( 35.43749999999999289, 2.350480947161660339, -0.9736010864139179599 ) ) ;
#5413 = CONICAL_SURFACE ( 'NONE', #161, 2.886751345948127767, 0.7853981633974500554 ) ;
#5414 = CARTESIAN_POINT ( 'NONE',  ( 43.59375000000000000, -1.265060653844735317, -3.054126587736535114 ) ) ;
#5415 = CARTESIAN_POINT ( 'NONE',  ( -37.49999999999999289, 0.000000000000000000, 0.000000000000000000 ) ) ;
#5416 = CARTESIAN_POINT ( 'NONE',  ( 26.37500000000001066, 2.350480947161660339, 0.000000000000000000 ) ) ;
#5417 = CARTESIAN_POINT ( 'NONE',  ( 27.03125000000000000, 3.054126587736534670, 1.265060653844737759 ) ) ;
#5418 = CARTESIAN_POINT ( 'NONE',  ( 37.81250000000000000, -0.9736010864139191812, 2.350480947161659895 ) ) ;
#5419 = CARTESIAN_POINT ( 'NONE',  ( 23.71875000000000355, 1.265060653844735539, -3.054126587736535114 ) ) ;
#5420 = DIRECTION ( 'NONE',  ( 0.000000000000000000, 0.000000000000000000, 1.000000000000000000 ) ) ;
#5421 = CARTESIAN_POINT ( 'NONE',  ( 37.50000000000001421, 1.662041016787788594, 1.662041016787789482 ) ) ;
#5422 = LINE ( 'NONE', #2984, #3827 ) ;
#5423 = CARTESIAN_POINT ( 'NONE',  ( 20.18750000000001066, 0.9736010864139180709, -2.350480947161660339 ) ) ;
#5424 = CARTESIAN_POINT ( 'NONE',  ( -43.00000000000000000, 3.673940397442072687E-16, -3.000000000000010658 ) ) ;
#5425 = PERSON_AND_ORGANIZATION ( #5039, #757 ) ;
#5426 = CARTESIAN_POINT ( 'NONE',  ( 40.31250000000000000, -1.242640687119291210, 3.000000000000009770 ) ) ;
#5427 = CARTESIAN_POINT ( 'NONE',  ( 27.87499999999999645, -1.662041016787789482, 1.662041016787788816 ) ) ;
#5428 = ORIENTED_EDGE ( 'NONE', *, *, #3626, .F. ) ;
#5429 = CARTESIAN_POINT ( 'NONE',  ( 37.90625000000000000, 3.054126587736535114, -1.265060653844735317 ) ) ;
#5430 = CARTESIAN_POINT ( 'NONE',  ( 35.25000000000000711, 1.662041016787789260, -1.662041016787788816 ) ) ;
#5431 = CARTESIAN_POINT ( 'NONE',  ( 26.56250000000001066, 0.9736010864139186261, 2.350480947161659895 ) ) ;
#5432 = CARTESIAN_POINT ( 'NONE',  ( 25.49999999999999645, 2.350480947161660339, 0.000000000000000000 ) ) ;
#5433 = LINE ( 'NONE', #2347, #1880 ) ;
#5434 = ORIENTED_EDGE ( 'NONE', *, *, #6405, .T. ) ;
#5435 = CARTESIAN_POINT ( 'NONE',  ( 32.46875000000000711, -3.054126587736535114, -1.265060653844735761 ) ) ;
#5436 = EDGE_CURVE ( 'NONE', #2599, #1393, #1457, .T. ) ;
#5437 = ORIENTED_EDGE ( 'NONE', *, *, #334, .T. ) ;
#5438 = CARTESIAN_POINT ( 'NONE',  ( 19.00000000000001066, 2.121320343559649491, 2.121320343559650379 ) ) ;
#5439 = CARTESIAN_POINT ( 'NONE',  ( 34.56249999999998579, -3.000000000000010658, -1.242640687119289877 ) ) ;
#5440 = CARTESIAN_POINT ( 'NONE',  ( 20.18750000000000000, 1.242640687119241028, 3.000000000000059508 ) ) ;
#5441 = CARTESIAN_POINT ( 'NONE',  ( 39.75000000000000711, -1.662041016787789482, 1.662041016787788816 ) ) ;
#5442 = CARTESIAN_POINT ( 'NONE',  ( 34.18749999999999289, -0.9736010864139177379, -2.350480947161660339 ) ) ;
#5443 = DIRECTION ( 'NONE',  ( -1.000000000000000000, -0.000000000000000000, -0.000000000000000000 ) ) ;
#5444 = CARTESIAN_POINT ( 'NONE',  ( 20.56249999999999645, 2.350480947161659895, 0.9736010864139195142 ) ) ;
#5445 = CARTESIAN_POINT ( 'NONE',  ( -43.00000000000000000, 0.000000000000000000, 0.000000000000000000 ) ) ;
#5446 = EDGE_CURVE ( 'NONE', #1954, #2195, #3764, .T. ) ;
#5447 = CARTESIAN_POINT ( 'NONE',  ( 23.75000000000001066, -1.662041016787789482, 1.662041016787788816 ) ) ;
#5448 = CARTESIAN_POINT ( 'NONE',  ( 24.90625000000000000, 3.054126587736535114, -1.265060653844735317 ) ) ;
#5449 = CARTESIAN_POINT ( 'NONE',  ( 39.68750000000000000, 0.9736010864139186261, 2.350480947161659895 ) ) ;
#5450 = AXIS2_PLACEMENT_3D ( 'NONE', #821, #1282, #3288 ) ;
#5451 = ORIENTED_EDGE ( 'NONE', *, *, #3416, .F. ) ;
#5452 = CARTESIAN_POINT ( 'NONE',  ( 29.50000000000000000, 2.350480947161660339, 0.000000000000000000 ) ) ;
#5453 = CARTESIAN_POINT ( 'NONE',  ( 22.03125000000000711, 2.159593620790634994, 2.159593620790635882 ) ) ;
#5454 = DIRECTION ( 'NONE',  ( -1.000000000000000000, -0.000000000000000000, -0.000000000000000000 ) ) ;
#5455 = CARTESIAN_POINT ( 'NONE',  ( 36.68750000000001421, -0.9736010864139191812, 2.350480947161659895 ) ) ;
#5456 = CARTESIAN_POINT ( 'NONE',  ( 40.31250000000000711, -3.000000000000011102, 1.242640687119288989 ) ) ;
#5457 = CARTESIAN_POINT ( 'NONE',  ( 19.81250000000001776, -2.350480947161660339, 0.9736010864139172938 ) ) ;
#5458 = CARTESIAN_POINT ( 'NONE',  ( 30.31250000000001776, -3.000000000000011102, 1.242640687119288989 ) ) ;
#5459 = MECHANICAL_CONTEXT ( 'NONE', #3976, 'mechanical' ) ;
#5460 = CARTESIAN_POINT ( 'NONE',  ( 42.59536903020919851, 2.333007530658802509, -1.277870189863362649 ) ) ;
#5461 =( BOUNDED_CURVE ( )  B_SPLINE_CURVE ( 2, ( #905, #6490, #505, #380, #3982, #937, #2415, #3914, #4971 ),
 .UNSPECIFIED., .F., .F. ) 
 B_SPLINE_CURVE_WITH_KNOTS ( ( 3, 2, 2, 2, 3 ),
 ( 0.5480769230769233502, 0.5528846153846156408, 0.5576923076923079314, 0.5625000000000002220, 0.5673076923076925127 ),
 .UNSPECIFIED. ) 
 CURVE ( )  GEOMETRIC_REPRESENTATION_ITEM ( )  RATIONAL_B_SPLINE_CURVE ( ( 0.9999999999999964473, 0.9238795325112902912, 1.000000000000000000, 0.9238795325112867385, 1.000000000000000000, 0.9238795325112867385, 1.000000000000000000, 0.9238795325112831858, 1.000000000000003553 ) ) 
 REPRESENTATION_ITEM ( '' )  );
#5462 = CARTESIAN_POINT ( 'NONE',  ( 28.06249999999999645, -2.350480947161660339, -0.9736010864139181820 ) ) ;
#5463 = ORIENTED_EDGE ( 'NONE', *, *, #2507, .T. ) ;
#5464 = CARTESIAN_POINT ( 'NONE',  ( 34.90625000000000000, 3.054126587736535114, -1.265060653844735317 ) ) ;
#5465 = CARTESIAN_POINT ( 'NONE',  ( 33.06250000000000711, -0.9736010864139177379, -2.350480947161660339 ) ) ;
#5466 = CARTESIAN_POINT ( 'NONE',  ( 21.81250000000001066, -2.350480947161660339, 0.9736010864139172938 ) ) ;
#5467 = CARTESIAN_POINT ( 'NONE',  ( 23.68750000000000355, 0.9736010864139186261, 2.350480947161659895 ) ) ;
#5468 = CARTESIAN_POINT ( 'NONE',  ( 29.56250000000000355, -3.000000000000010658, -1.242640687119289877 ) ) ;
#5469 = ORIENTED_EDGE ( 'NONE', *, *, #3891, .F. ) ;
#5470 = CARTESIAN_POINT ( 'NONE',  ( 33.96875000000000711, 3.054126587736534670, 1.265060653844737759 ) ) ;
#5471 = ORIENTED_EDGE ( 'NONE', *, *, #5076, .F. ) ;
#5472 = CARTESIAN_POINT ( 'NONE',  ( 36.50000000000000711, -3.000000000000010658, -3.673940397442072687E-16 ) ) ;
#5473 = CARTESIAN_POINT ( 'NONE',  ( 19.10390807098331578, -0.7125422554426075195, 2.812824820364509648 ) ) ;
#5474 = CARTESIAN_POINT ( 'NONE',  ( -38.50000000000000000, -1.443375672974067214, 2.500000000000000444 ) ) ;
#5475 = CARTESIAN_POINT ( 'NONE',  ( 38.87500000000000711, -2.350480947161660339, -2.878508968398366432E-16 ) ) ;
#5476 = CARTESIAN_POINT ( 'NONE',  ( 33.87499999999999289, -1.662041016787789482, 1.662041016787788816 ) ) ;
#5477 = CARTESIAN_POINT ( 'NONE',  ( 38.12500000000000000, 2.121320343559649491, 2.121320343559650379 ) ) ;
#5478 = ADVANCED_FACE ( 'NONE', ( #2872 ), #123, .F. ) ;
#5479 = CARTESIAN_POINT ( 'NONE',  ( 20.18749999999999289, -0.9736010864139177379, -2.350480947161660339 ) ) ;
#5480 = CARTESIAN_POINT ( 'NONE',  ( 30.56250000000000000, -3.000000000000010658, -1.242640687119289877 ) ) ;
#5481 = CARTESIAN_POINT ( 'NONE',  ( 34.74999999999999289, 1.836970198721036344E-16, -3.000000000000010658 ) ) ;
#5482 = VECTOR ( 'NONE', #1683, 1000.000000000000000 ) ;
#5483 = CARTESIAN_POINT ( 'NONE',  ( 23.31250000000001066, 2.350480947161660339, -0.9736010864139179599 ) ) ;
#5484 = CARTESIAN_POINT ( 'NONE',  ( 24.09375000000000000, 2.159593620790634994, 2.159593620790635882 ) ) ;
#5485 = CARTESIAN_POINT ( 'NONE',  ( 35.56250000000000000, 2.350480947161659895, 0.9736010864139195142 ) ) ;
#5486 = EDGE_CURVE ( 'NONE', #3649, #5033, #6454, .T. ) ;
#5487 = AXIS2_PLACEMENT_3D ( 'NONE', #6316, #4363, #394 ) ;
#5488 = CARTESIAN_POINT ( 'NONE',  ( 29.87500000000000000, -1.662041016787789482, 1.662041016787788816 ) ) ;
#5489 = CARTESIAN_POINT ( 'NONE',  ( 20.09375000000000711, 1.265060653844736205, 3.054126587736534670 ) ) ;
#5490 = CARTESIAN_POINT ( 'NONE',  ( 40.12500000000000711, -5.510910596163109277E-16, 3.000000000000010658 ) ) ;
#5491 =( BOUNDED_CURVE ( )  B_SPLINE_CURVE ( 2, ( #1057, #4594, #2138, #3055, #2107, #594, #4563, #2594, #3513 ),
 .UNSPECIFIED., .F., .T. ) 
 B_SPLINE_CURVE_WITH_KNOTS ( ( 3, 2, 2, 2, 3 ),
 ( 0.6826923076923077094, 0.6875000000000000000, 0.6923076923076924016, 0.6971153846153848033, 0.7019230769230770939 ),
 .UNSPECIFIED. ) 
 CURVE ( )  GEOMETRIC_REPRESENTATION_ITEM ( )  RATIONAL_B_SPLINE_CURVE ( ( 1.000000000000000000, 0.9238795325112867385, 1.000000000000000000, 0.9238795325112867385, 1.000000000000000000, 0.9238795325112867385, 1.000000000000000000, 0.9238795325112831858, 1.000000000000003553 ) ) 
 REPRESENTATION_ITEM ( '' )  );
#5492 = ORIENTED_EDGE ( 'NONE', *, *, #453, .T. ) ;
#5493 = CARTESIAN_POINT ( 'NONE',  ( 35.87500000000001421, -2.350480947161660339, -2.878508968398366432E-16 ) ) ;
#5494 = LINE ( 'NONE', #4989, #4457 ) ;
#5495 = CARTESIAN_POINT ( 'NONE',  ( 17.87500000000001066, -2.350480947161660339, -2.878508968398366432E-16 ) ) ;
#5496 = APPROVAL_ROLE ( '' ) ;
#5497 = CARTESIAN_POINT ( 'NONE',  ( 42.60862985322230401, 2.464744644854062194, -0.9647180222383178183 ) ) ;
#5498 = CARTESIAN_POINT ( 'NONE',  ( 24.81249999999999645, -0.9736010864139191812, 2.350480947161659895 ) ) ;
#5499 = ORIENTED_EDGE ( 'NONE', *, *, #4911, .F. ) ;
#5500 = CARTESIAN_POINT ( 'NONE',  ( 33.09375000000000000, 2.159593620790634994, 2.159593620790635882 ) ) ;
#5501 = CARTESIAN_POINT ( 'NONE',  ( 33.00000000000000711, -1.662041016787788816, -1.662041016787789260 ) ) ;
#5502 = CARTESIAN_POINT ( 'NONE',  ( 24.25000000000001066, 1.662041016787789260, -1.662041016787788816 ) ) ;
#5503 = CARTESIAN_POINT ( 'NONE',  ( 22.56249999999999645, 2.350480947161659895, 0.9736010864139195142 ) ) ;
#5504 = CARTESIAN_POINT ( 'NONE',  ( 24.06249999999999645, 3.000000000000009770, 1.242640687119291654 ) ) ;
#5505 = ORIENTED_EDGE ( 'NONE', *, *, #743, .T. ) ;
#5506 = VERTEX_POINT ( 'NONE', #6389 ) ;
#5507 = VERTEX_POINT ( 'NONE', #5438 ) ;
#5508 = CARTESIAN_POINT ( 'NONE',  ( 26.12500000000000711, -5.510910596163109277E-16, 3.000000000000010658 ) ) ;
#5509 = CARTESIAN_POINT ( 'NONE',  ( 19.28670313267536329, -2.408222806797507776, -1.262903207409535655 ) ) ;
#5510 = CARTESIAN_POINT ( 'NONE',  ( 19.93750000000000000, 3.000000000000010658, -1.242640687119289433 ) ) ;
#5511 = CARTESIAN_POINT ( 'NONE',  ( 33.56250000000000711, 0.9736010864139186261, 2.350480947161659895 ) ) ;
#5512 = CARTESIAN_POINT ( 'NONE',  ( 35.68749999999999289, 0.9736010864139186261, 2.350480947161659895 ) ) ;
#5513 = DIRECTION ( 'NONE',  ( -1.000000000000000000, -0.000000000000000000, -0.000000000000000000 ) ) ;
#5514 = CARTESIAN_POINT ( 'NONE',  ( 43.21875000000000711, -1.265060653844737315, 3.054126587736534670 ) ) ;
#5515 = DIRECTION ( 'NONE',  ( -1.000000000000000000, -0.000000000000000000, -0.000000000000000000 ) ) ;
#5516 = CARTESIAN_POINT ( 'NONE',  ( 19.39623412263472346, -1.839199456029414516E-13, -2.603765877365280534 ) ) ;
#5517 = EDGE_CURVE ( 'NONE', #5958, #518, #619, .T. ) ;
#5518 = CARTESIAN_POINT ( 'NONE',  ( 24.37500000000001066, 2.350480947161660339, 0.000000000000000000 ) ) ;
#5519 = CARTESIAN_POINT ( 'NONE',  ( 22.46875000000000000, -3.054126587736535559, -3.740226349862376611E-16 ) ) ;
#5520 = CARTESIAN_POINT ( 'NONE',  ( 34.49999999999999289, 2.350480947161660339, 0.000000000000000000 ) ) ;
#5521 = CONICAL_SURFACE ( 'NONE', #2365, 5.000000000000004441, 0.7853981633974482790 ) ;
#5522 = CARTESIAN_POINT ( 'NONE',  ( 32.56249999999999289, 2.350480947161659895, 0.9736010864139195142 ) ) ;
#5523 = CARTESIAN_POINT ( 'NONE',  ( 22.71875000000000711, 1.265060653844735539, -3.054126587736535114 ) ) ;
#5524 = FACE_OUTER_BOUND ( 'NONE', #2977, .T. ) ;
#5525 = ORIENTED_EDGE ( 'NONE', *, *, #1747, .F. ) ;
#5526 = ADVANCED_FACE ( 'NONE', ( #2964 ), #4969, .T. ) ;
#5527 = CARTESIAN_POINT ( 'NONE',  ( 38.06250000000002842, -0.9736010864139177379, -2.350480947161660339 ) ) ;
#5528 = DIRECTION ( 'NONE',  ( 0.000000000000000000, 0.000000000000000000, 1.000000000000000000 ) ) ;
#5529 = CARTESIAN_POINT ( 'NONE',  ( 43.12500000000000000, -1.662041016787788816, -1.662041016787789260 ) ) ;
#5530 = DIRECTION ( 'NONE',  ( -1.000000000000000000, -0.000000000000000000, -0.000000000000000000 ) ) ;
#5531 = CARTESIAN_POINT ( 'NONE',  ( 42.73498559955726961, 1.598653515185457730, 1.948939066064219627 ) ) ;
#5532 = CARTESIAN_POINT ( 'NONE',  ( 24.74999999999999645, -4.317763452597548908E-16, 2.350480947161660339 ) ) ;
#5533 = CARTESIAN_POINT ( 'NONE',  ( -43.00000000000000000, 0.000000000000000000, 0.000000000000000000 ) ) ;
#5534 = CARTESIAN_POINT ( 'NONE',  ( 32.34375000000000000, -2.159593620790635882, 2.159593620790635438 ) ) ;
#5535 =( BOUNDED_CURVE ( )  B_SPLINE_CURVE ( 2, ( #3856, #1339, #1310, #3797, #847, #3400, #784, #1838, #5352 ),
 .UNSPECIFIED., .F., .T. ) 
 B_SPLINE_CURVE_WITH_KNOTS ( ( 3, 2, 2, 2, 3 ),
 ( 0.6442307692307692735, 0.6490384615384616751, 0.6538461538461539657, 0.6586538461538462563, 0.6634615384615385469 ),
 .UNSPECIFIED. ) 
 CURVE ( )  GEOMETRIC_REPRESENTATION_ITEM ( )  RATIONAL_B_SPLINE_CURVE ( ( 0.9999999999999982236, 0.9238795325112885148, 1.000000000000000000, 0.9238795325112867385, 1.000000000000000000, 0.9238795325112867385, 1.000000000000000000, 0.9238795325112849621, 1.000000000000001776 ) ) 
 REPRESENTATION_ITEM ( '' )  );
#5536 = CARTESIAN_POINT ( 'NONE',  ( 28.75000000000001066, -1.662041016787789482, 1.662041016787788816 ) ) ;
#5537 = CARTESIAN_POINT ( 'NONE',  ( 22.62500000000001066, -4.317763452597548908E-16, 2.350480947161660339 ) ) ;
#5538 = CARTESIAN_POINT ( 'NONE',  ( 17.87499999999999645, -1.662041016787789482, 1.662041016787788816 ) ) ;
#5539 = CARTESIAN_POINT ( 'NONE',  ( 26.43749999999998934, -3.000000000000011102, 1.242640687119288989 ) ) ;
#5540 = AXIS2_PLACEMENT_3D ( 'NONE', #6495, #4450, #2971 ) ;
#5541 =( BOUNDED_CURVE ( )  B_SPLINE_CURVE ( 2, ( #4117, #6132, #3628, #150, #2156, #5643, #2288, #4811, #1732 ),
 .UNSPECIFIED., .F., .F. ) 
 B_SPLINE_CURVE_WITH_KNOTS ( ( 3, 2, 2, 2, 3 ),
 ( 0.08653846153846160572, 0.09134615384615395184, 0.09615384615384631184, 0.1009615384615386580, 0.1057692307692310041 ),
 .UNSPECIFIED. ) 
 CURVE ( )  GEOMETRIC_REPRESENTATION_ITEM ( )  RATIONAL_B_SPLINE_CURVE ( ( 0.9999999999999993339, 0.9238795325112874046, 1.000000000000000000, 0.9238795325112867385, 1.000000000000000000, 0.9238795325112867385, 1.000000000000000000, 0.9238795325112822976, 1.000000000000004441 ) ) 
 REPRESENTATION_ITEM ( '' )  );
#5542 = ORIENTED_EDGE ( 'NONE', *, *, #1872, .F. ) ;
#5543 = CARTESIAN_POINT ( 'NONE',  ( -43.00000000000000000, 0.000000000000000000, 0.000000000000000000 ) ) ;
#5544 = CARTESIAN_POINT ( 'NONE',  ( 19.12342453557065980, -1.219206956046880785, 2.611723690783993135 ) ) ;
#5545 = CARTESIAN_POINT ( 'NONE',  ( 41.00000000000000711, -1.662041016787788816, -1.662041016787789260 ) ) ;
#5546 = CARTESIAN_POINT ( 'NONE',  ( 36.56250000000002132, 0.9736010864139186261, 2.350480947161659895 ) ) ;
#5547 = CARTESIAN_POINT ( 'NONE',  ( 36.31249999999999289, 0.9736010864139180709, -2.350480947161660339 ) ) ;
#5548 = CYLINDRICAL_SURFACE ( 'NONE', #3146, 3.000000000000010658 ) ;
#5549 = CARTESIAN_POINT ( 'NONE',  ( 19.24999999999999645, 1.439254484199183216E-16, -2.350480947161660339 ) ) ;
#5550 = LINE ( 'NONE', #4482, #4897 ) ;
#5551 = CARTESIAN_POINT ( 'NONE',  ( 23.31250000000000711, -3.000000000000011102, 1.242640687119288989 ) ) ;
#5552 = CARTESIAN_POINT ( 'NONE',  ( 23.25000000000001066, 1.662041016787789260, -1.662041016787788816 ) ) ;
#5553 = CARTESIAN_POINT ( 'NONE',  ( 21.40624999999999645, -3.054126587736536447, 1.265060653844735095 ) ) ;
#5554 = CARTESIAN_POINT ( 'NONE',  ( 36.81250000000000711, -0.9736010864139191812, 2.350480947161659895 ) ) ;
#5555 = ORIENTED_EDGE ( 'NONE', *, *, #4018, .F. ) ;
#5556 = CARTESIAN_POINT ( 'NONE',  ( 31.43749999999999645, 2.350480947161660339, -0.9736010864139179599 ) ) ;
#5557 = CARTESIAN_POINT ( 'NONE',  ( 20.15625000000000711, -5.610339524793564424E-16, 3.054126587736535559 ) ) ;
#5558 = CARTESIAN_POINT ( 'NONE',  ( 42.89951905283838585, -2.357172249074660275, 0.2504948255214051178 ) ) ;
#5559 = ORIENTED_EDGE ( 'NONE', *, *, #18, .T. ) ;
#5560 = CARTESIAN_POINT ( 'NONE',  ( 35.75000000000001421, -1.662041016787789482, 1.662041016787788816 ) ) ;
#5561 = CARTESIAN_POINT ( 'NONE',  ( -37.00000000000000711, 0.000000000000000000, 0.000000000000000000 ) ) ;
#5562 = CARTESIAN_POINT ( 'NONE',  ( 18.87500000000001066, -2.350480947161660339, -2.878508968398366432E-16 ) ) ;
#5563 = CARTESIAN_POINT ( 'NONE',  ( 28.25000000000001066, -2.121320343559650379, 2.121320343559649935 ) ) ;
#5564 = CARTESIAN_POINT ( 'NONE',  ( 42.79104960073972563, 0.3435484192761439348, 2.440750210090922856 ) ) ;
#5565 = EDGE_CURVE ( 'NONE', #4257, #6265, #2630, .T. ) ;
#5566 = CARTESIAN_POINT ( 'NONE',  ( 21.68749999999999645, 0.9736010864139186261, 2.350480947161659895 ) ) ;
#5567 = CARTESIAN_POINT ( 'NONE',  ( 34.12500000000000711, -5.510910596163109277E-16, 3.000000000000010658 ) ) ;
#5568 = CARTESIAN_POINT ( 'NONE',  ( 31.31250000000000711, 2.350480947161660339, -0.9736010864139179599 ) ) ;
#5569 = CARTESIAN_POINT ( 'NONE',  ( 23.68750000000001066, -0.9736010864139191812, 2.350480947161659895 ) ) ;
#5570 = CARTESIAN_POINT ( 'NONE',  ( 19.87499999999999645, -1.662041016787789482, 1.662041016787788816 ) ) ;
#5571 = LINE ( 'NONE', #5001, #3546 ) ;
#5572 = ADVANCED_FACE ( 'NONE', ( #2541 ), #1621, .T. ) ;
#5573 = ORIENTED_EDGE ( 'NONE', *, *, #1302, .T. ) ;
#5574 = CARTESIAN_POINT ( 'NONE',  ( -42.62364870297388109, -2.035492285753673247, 1.474423942660136877 ) ) ;
#5575 = DIRECTION ( 'NONE',  ( 1.000000000000000000, 0.000000000000000000, 0.000000000000000000 ) ) ;
#5576 = CARTESIAN_POINT ( 'NONE',  ( 42.50000000000000711, 1.662041016787788594, 1.662041016787789482 ) ) ;
#5577 = CARTESIAN_POINT ( 'NONE',  ( 35.68750000000000711, -0.9736010864139191812, 2.350480947161659895 ) ) ;
#5578 = CARTESIAN_POINT ( 'NONE',  ( 32.50000000000000000, 2.350480947161660339, 0.000000000000000000 ) ) ;
#5579 = DIRECTION ( 'NONE',  ( -1.000000000000000000, -0.000000000000000000, -0.000000000000000000 ) ) ;
#5580 = CARTESIAN_POINT ( 'NONE',  ( 40.59375000000000711, -1.265060653844735317, -3.054126587736535114 ) ) ;
#5581 =( BOUNDED_CURVE ( )  B_SPLINE_CURVE ( 2, ( #623, #3085, #4655, #1745, #3222, #5754, #4195, #589, #3640 ),
 .UNSPECIFIED., .F., .T. ) 
 B_SPLINE_CURVE_WITH_KNOTS ( ( 3, 2, 2, 2, 3 ),
 ( 0.1634615384615386025, 0.1682692307692308931, 0.1730769230769232947, 0.1778846153846155853, 0.1826923076923078759 ),
 .UNSPECIFIED. ) 
 CURVE ( )  GEOMETRIC_REPRESENTATION_ITEM ( )  RATIONAL_B_SPLINE_CURVE ( ( 0.9999999999999973355, 0.9238795325112894030, 1.000000000000000000, 0.9238795325112867385, 1.000000000000000000, 0.9238795325112867385, 1.000000000000000000, 0.9238795325112840739, 1.000000000000002665 ) ) 
 REPRESENTATION_ITEM ( '' )  );
#5582 = CARTESIAN_POINT ( 'NONE',  ( 30.62499999999999645, -2.121320343559649935, -2.121320343559649935 ) ) ;
#5583 = DIRECTION ( 'NONE',  ( 0.000000000000000000, 0.000000000000000000, -1.000000000000000000 ) ) ;
#5584 = CARTESIAN_POINT ( 'NONE',  ( 20.81250000000001421, -2.350480947161660783, 0.9736010864139172938 ) ) ;
#5585 = CARTESIAN_POINT ( 'NONE',  ( 19.90625000000000000, 3.054126587736535114, -1.265060653844735317 ) ) ;
#5586 = CARTESIAN_POINT ( 'NONE',  ( 33.62499999999999289, 1.662041016787788594, 1.662041016787789482 ) ) ;
#5587 = ORIENTED_EDGE ( 'NONE', *, *, #1225, .T. ) ;
#5588 = CARTESIAN_POINT ( 'NONE',  ( 32.50000000000000000, 2.350480947161660339, 0.000000000000000000 ) ) ;
#5589 = CARTESIAN_POINT ( 'NONE',  ( 20.53125000000000711, -2.159593620790635438, -2.159593620790635438 ) ) ;
#5590 = CARTESIAN_POINT ( 'NONE',  ( 42.89951905283837874, -2.321204953832694429, -0.3698219102115661294 ) ) ;
#5591 = ORIENTED_EDGE ( 'NONE', *, *, #2063, .T. ) ;
#5592 = CARTESIAN_POINT ( 'NONE',  ( 34.31250000000000711, 2.350480947161660339, -0.9736010864139179599 ) ) ;
#5593 = CARTESIAN_POINT ( 'NONE',  ( -43.00000000000000000, 3.673940397442072687E-16, -3.000000000000010658 ) ) ;
#5594 = CARTESIAN_POINT ( 'NONE',  ( 42.79806615258700475, 0.1702861999359823741, 2.451933847411821077 ) ) ;
#5595 = CARTESIAN_POINT ( 'NONE',  ( 34.78125000000000711, 2.159593620790635438, -2.159593620790635438 ) ) ;
#5596 = CARTESIAN_POINT ( 'NONE',  ( 22.37499999999999645, 1.662041016787789260, -1.662041016787788816 ) ) ;
#5597 = AXIS2_PLACEMENT_3D ( 'NONE', #4211, #6232, #2089 ) ;
#5598 = DIRECTION ( 'NONE',  ( 0.000000000000000000, 0.000000000000000000, 1.000000000000000000 ) ) ;
#5599 = EDGE_CURVE ( 'NONE', #3249, #4927, #5991, .T. ) ;
#5600 = CARTESIAN_POINT ( 'NONE',  ( 30.62500000000001066, -4.317763452597548908E-16, 2.350480947161660339 ) ) ;
#5601 = CARTESIAN_POINT ( 'NONE',  ( 22.50000000000001066, 1.662041016787788594, 1.662041016787789482 ) ) ;
#5602 = CARTESIAN_POINT ( 'NONE',  ( 19.56249999999999645, 2.350480947161659895, 0.9736010864139195142 ) ) ;
#5603 = CARTESIAN_POINT ( 'NONE',  ( -42.79134017728669193, 2.658659580573969894, 0.3950665264161226098 ) ) ;
#5604 = ORIENTED_EDGE ( 'NONE', *, *, #6046, .T. ) ;
#5605 = CARTESIAN_POINT ( 'NONE',  ( -43.00000000000000000, 0.000000000000000000, -4.500000000000003553 ) ) ;
#5606 = DIRECTION ( 'NONE',  ( -1.000000000000000000, -0.000000000000000000, -0.000000000000000000 ) ) ;
#5607 = EDGE_CURVE ( 'NONE', #4933, #6107, #2050, .T. ) ;
#5608 = CARTESIAN_POINT ( 'NONE',  ( 43.18750000000000711, 0.9736010864139180709, -2.350480947161660339 ) ) ;
#5609 = CARTESIAN_POINT ( 'NONE',  ( 36.75000000000001421, -1.662041016787789482, 1.662041016787788816 ) ) ;
#5610 = CARTESIAN_POINT ( 'NONE',  ( 30.00000000000000000, -2.350480947161660339, -2.878508968398366432E-16 ) ) ;
#5611 = CYLINDRICAL_SURFACE ( 'NONE', #5980, 3.000000000000010658 ) ;
#5612 = CARTESIAN_POINT ( 'NONE',  ( 42.53125000000000711, -2.159593620790635438, -2.159593620790635438 ) ) ;
#5613 = CYLINDRICAL_SURFACE ( 'NONE', #4742, 3.000000000000010658 ) ;
#5614 = CARTESIAN_POINT ( 'NONE',  ( 23.93750000000000711, 3.000000000000009770, 1.242640687119291654 ) ) ;
#5615 = CARTESIAN_POINT ( 'NONE',  ( 20.62500000000001066, -4.317763452597548908E-16, 2.350480947161660339 ) ) ;
#5616 = CARTESIAN_POINT ( 'NONE',  ( 20.78125000000000000, 1.265060653844735539, -3.054126587736535114 ) ) ;
#5617 = CARTESIAN_POINT ( 'NONE',  ( 36.18750000000000000, -0.9736010864139177379, -2.350480947161660339 ) ) ;
#5618 = ORIENTED_EDGE ( 'NONE', *, *, #1375, .F. ) ;
#5619 = CARTESIAN_POINT ( 'NONE',  ( 25.99999999999999645, -2.350480947161660339, -2.878508968398366432E-16 ) ) ;
#5620 = CARTESIAN_POINT ( 'NONE',  ( 19.09375000000000711, 1.265060653844736205, 3.054126587736534670 ) ) ;
#5621 = CARTESIAN_POINT ( 'NONE',  ( 26.12499999999999645, 2.121320343559649491, 2.121320343559650379 ) ) ;
#5622 = VERTEX_POINT ( 'NONE', #4108 ) ;
#5623 = CARTESIAN_POINT ( 'NONE',  ( 32.12500000000001421, 1.439254484199183216E-16, -2.350480947161660339 ) ) ;
#5624 = CARTESIAN_POINT ( 'NONE',  ( 27.37499999999999645, -2.121320343559650379, 2.121320343559649935 ) ) ;
#5625 = DIRECTION ( 'NONE',  ( -1.000000000000000000, -0.000000000000000000, -0.000000000000000000 ) ) ;
#5626 = CARTESIAN_POINT ( 'NONE',  ( 31.59375000000000355, -1.265060653844735317, -3.054126587736535114 ) ) ;
#5627 = CARTESIAN_POINT ( 'NONE',  ( 23.31249999999999645, 0.9736010864139180709, -2.350480947161660339 ) ) ;
#5628 = CARTESIAN_POINT ( 'NONE',  ( -43.00000000000000000, 0.000000000000000000, 3.000000000000010658 ) ) ;
#5629 = CARTESIAN_POINT ( 'NONE',  ( 29.87500000000001421, -2.350480947161660339, -2.878508968398366432E-16 ) ) ;
#5630 = CARTESIAN_POINT ( 'NONE',  ( 18.25000000000001066, 1.662041016787789260, -1.662041016787788816 ) ) ;
#5631 = CARTESIAN_POINT ( 'NONE',  ( 18.74999999999999645, -4.317763452597548908E-16, 2.350480947161660339 ) ) ;
#5632 = ORIENTED_EDGE ( 'NONE', *, *, #2310, .F. ) ;
#5633 = CARTESIAN_POINT ( 'NONE',  ( 41.06250000000000000, 1.242640687119257459, 3.000000000000043077 ) ) ;
#5634 = CARTESIAN_POINT ( 'NONE',  ( 41.34375000000000000, -2.159593620790635882, 2.159593620790635438 ) ) ;
#5635 = CARTESIAN_POINT ( 'NONE',  ( 42.87500000000000711, -2.350480947161660339, -2.878508968398366432E-16 ) ) ;
#5636 = CARTESIAN_POINT ( 'NONE',  ( 34.81250000000001421, -2.350480947161660339, 0.9736010864139172938 ) ) ;
#5637 = CARTESIAN_POINT ( 'NONE',  ( 30.74999999999999645, -4.317763452597548908E-16, 2.350480947161660339 ) ) ;
#5638 = CARTESIAN_POINT ( 'NONE',  ( 22.75000000000000000, 1.836970198721036344E-16, -3.000000000000010658 ) ) ;
#5639 = VERTEX_POINT ( 'NONE', #3616 ) ;
#5640 = EDGE_CURVE ( 'NONE', #3615, #2410, #3032, .T. ) ;
#5641 = CARTESIAN_POINT ( 'NONE',  ( 40.84375000000000000, 3.054126587736535114, -1.265060653844735317 ) ) ;
#5642 = LINE ( 'NONE', #6098, #5383 ) ;
#5643 = CARTESIAN_POINT ( 'NONE',  ( 19.56249999999999645, -3.000000000000010658, -1.242640687119289877 ) ) ;
#5644 = CARTESIAN_POINT ( 'NONE',  ( 21.28124999999999645, -1.265060653844737315, 3.054126587736534670 ) ) ;
#5645 = CARTESIAN_POINT ( 'NONE',  ( 32.31249999999999289, 0.9736010864139180709, -2.350480947161660339 ) ) ;
#5646 = ORIENTED_EDGE ( 'NONE', *, *, #2982, .T. ) ;
#5647 = EDGE_CURVE ( 'NONE', #1226, #2094, #1125, .T. ) ;
#5648 = CARTESIAN_POINT ( 'NONE',  ( 27.49999999999999645, 2.350480947161660339, 0.000000000000000000 ) ) ;
#5649 = CARTESIAN_POINT ( 'NONE',  ( 42.06249999999999289, 3.000000000000009770, 1.242640687119291654 ) ) ;
#5650 = CARTESIAN_POINT ( 'NONE',  ( 43.50000000000000000, 2.350480947161660339, 0.000000000000000000 ) ) ;
#5651 = ORIENTED_EDGE ( 'NONE', *, *, #2142, .F. ) ;
#5652 = CARTESIAN_POINT ( 'NONE',  ( 33.06250000000000711, -0.9736010864139177379, -2.350480947161660339 ) ) ;
#5653 = CARTESIAN_POINT ( 'NONE',  ( 32.78124999999999289, 1.265060653844735539, -3.054126587736535114 ) ) ;
#5654 = CARTESIAN_POINT ( 'NONE',  ( 27.31249999999999645, -1.242640687119324294, 2.999999999999976907 ) ) ;
#5655 = CARTESIAN_POINT ( 'NONE',  ( 33.37499999999999289, -2.121320343559650379, 2.121320343559649935 ) ) ;
#5656 = CARTESIAN_POINT ( 'NONE',  ( 29.84375000000000711, 3.054126587736535114, -1.265060653844735317 ) ) ;
#5657 = CARTESIAN_POINT ( 'NONE',  ( 20.93749999999999289, -2.350480947161660783, 0.9736010864139172938 ) ) ;
#5658 = CARTESIAN_POINT ( 'NONE',  ( 23.12500000000000711, -5.510910596163109277E-16, 3.000000000000010658 ) ) ;
#5659 = CARTESIAN_POINT ( 'NONE',  ( 29.50000000000001066, 1.662041016787788594, 1.662041016787789482 ) ) ;
#5660 = CARTESIAN_POINT ( 'NONE',  ( 19.62500000000001066, -4.317763452597548908E-16, 2.350480947161660339 ) ) ;
#5661 = CARTESIAN_POINT ( 'NONE',  ( 20.93749999999999645, -2.350480947161660339, 0.9736010864139172938 ) ) ;
#5662 = CARTESIAN_POINT ( 'NONE',  ( 19.12500000000000711, -5.510910596163109277E-16, 3.000000000000010658 ) ) ;
#5663 = ORIENTED_EDGE ( 'NONE', *, *, #3614, .F. ) ;
#5664 = CARTESIAN_POINT ( 'NONE',  ( 42.37500000000000711, 2.350480947161660339, 0.000000000000000000 ) ) ;
#5665 = CARTESIAN_POINT ( 'NONE',  ( 41.28125000000000000, -1.265060653844737315, 3.054126587736534670 ) ) ;
#5666 = CARTESIAN_POINT ( 'NONE',  ( 39.56250000000002842, 0.9736010864139186261, 2.350480947161659895 ) ) ;
#5667 = CARTESIAN_POINT ( 'NONE',  ( 33.00000000000000711, -1.662041016787788816, -1.662041016787789260 ) ) ;
#5668 = CARTESIAN_POINT ( 'NONE',  ( 31.75000000000000000, -4.317763452597548908E-16, 2.350480947161660339 ) ) ;
#5669 = CARTESIAN_POINT ( 'NONE',  ( 35.62500000000001421, 1.836970198721036344E-16, -3.000000000000010658 ) ) ;
#5670 = CARTESIAN_POINT ( 'NONE',  ( 40.34375000000000711, -3.054126587736536447, 1.265060653844735095 ) ) ;
#5671 = CARTESIAN_POINT ( 'NONE',  ( 28.12500000000000711, -5.510910596163109277E-16, 3.000000000000010658 ) ) ;
#5672 = CARTESIAN_POINT ( 'NONE',  ( 21.31250000000001421, 2.350480947161660339, -0.9736010864139179599 ) ) ;
#5673 = CARTESIAN_POINT ( 'NONE',  ( 43.06250000000002132, -0.9736010864139177379, -2.350480947161660339 ) ) ;
#5674 = CARTESIAN_POINT ( 'NONE',  ( 29.93750000000000355, -2.350480947161660783, 0.9736010864139172938 ) ) ;
#5675 = EDGE_CURVE ( 'NONE', #2921, #4273, #4179, .T. ) ;
#5676 = CARTESIAN_POINT ( 'NONE',  ( 41.99999999999999289, -2.350480947161660339, -2.878508968398366432E-16 ) ) ;
#5677 = EDGE_LOOP ( 'NONE', ( #1664, #292, #6358, #5711 ) ) ;
#5678 = CARTESIAN_POINT ( 'NONE',  ( 27.68750000000000355, 0.9736010864139186261, 2.350480947161659895 ) ) ;
#5679 = CARTESIAN_POINT ( 'NONE',  ( 18.71875000000000355, 1.265060653844735539, -3.054126587736535114 ) ) ;
#5680 = CARTESIAN_POINT ( 'NONE',  ( 41.43750000000000711, 2.350480947161660339, -0.9736010864139179599 ) ) ;
#5681 = ORIENTED_EDGE ( 'NONE', *, *, #5403, .T. ) ;
#5682 = CARTESIAN_POINT ( 'NONE',  ( 32.43750000000000711, 2.350480947161659895, 0.9736010864139195142 ) ) ;
#5683 = CARTESIAN_POINT ( 'NONE',  ( 28.28125000000000000, -1.265060653844737315, 3.054126587736534670 ) ) ;
#5684 = FACE_OUTER_BOUND ( 'NONE', #3919, .T. ) ;
#5685 = EDGE_CURVE ( 'NONE', #750, #2, #140, .T. ) ;
#5686 = DIRECTION ( 'NONE',  ( -1.000000000000000000, -0.000000000000000000, -0.000000000000000000 ) ) ;
#5687 = CARTESIAN_POINT ( 'NONE',  ( 27.75000000000000000, 1.836970198721036344E-16, -3.000000000000010658 ) ) ;
#5688 = CARTESIAN_POINT ( 'NONE',  ( 31.03125000000000711, 2.159593620790634994, 2.159593620790635882 ) ) ;
#5689 = CARTESIAN_POINT ( 'NONE',  ( 20.49999999999999645, 2.350480947161660339, 0.000000000000000000 ) ) ;
#5690 = CARTESIAN_POINT ( 'NONE',  ( 35.37500000000000000, -2.121320343559650379, 2.121320343559649935 ) ) ;
#5691 = CARTESIAN_POINT ( 'NONE',  ( 26.31250000000001066, 2.350480947161660339, -0.9736010864139179599 ) ) ;
#5692 = CARTESIAN_POINT ( 'NONE',  ( 19.56250000000001421, 0.9736010864139186261, 2.350480947161659895 ) ) ;
#5693 = CYLINDRICAL_SURFACE ( 'NONE', #4320, 3.000000000000010658 ) ;
#5694 = CARTESIAN_POINT ( 'NONE',  ( 36.12500000000000000, 2.121320343559649491, 2.121320343559650379 ) ) ;
#5695 = ORIENTED_EDGE ( 'NONE', *, *, #696, .F. ) ;
#5696 = ORIENTED_EDGE ( 'NONE', *, *, #5279, .F. ) ;
#5697 = CARTESIAN_POINT ( 'NONE',  ( 42.25000000000000711, 1.662041016787789260, -1.662041016787788816 ) ) ;
#5698 = CARTESIAN_POINT ( 'NONE',  ( 42.59375000000000000, -2.159593620790635438, -2.159593620790635438 ) ) ;
#5699 = CARTESIAN_POINT ( 'NONE',  ( 38.56250000000002842, 0.9736010864139186261, 2.350480947161659895 ) ) ;
#5700 = CARTESIAN_POINT ( 'NONE',  ( 30.68750000000001421, -0.9736010864139191812, 2.350480947161659895 ) ) ;
#5701 = CARTESIAN_POINT ( 'NONE',  ( 31.68749999999999289, 0.9736010864139186261, 2.350480947161659895 ) ) ;
#5702 = CARTESIAN_POINT ( 'NONE',  ( 18.99999999999998934, 0.000000000000000000, 0.000000000000000000 ) ) ;
#5703 = ORIENTED_EDGE ( 'NONE', *, *, #6476, .T. ) ;
#5704 = CARTESIAN_POINT ( 'NONE',  ( 42.46875000000000711, -3.054126587736535114, -1.265060653844735761 ) ) ;
#5705 = CARTESIAN_POINT ( 'NONE',  ( 19.64951905283834677, -0.3698219102110603673, 2.321204953832775253 ) ) ;
#5706 = CARTESIAN_POINT ( 'NONE',  ( 31.06250000000000000, 3.000000000000009770, 1.242640687119291654 ) ) ;
#5707 = CARTESIAN_POINT ( 'NONE',  ( 19.70104977015503422, -1.122852331567631756, 2.201229702007946543 ) ) ;
#5708 = CARTESIAN_POINT ( 'NONE',  ( 18.71875000000000000, 1.870113174931188306E-16, -3.054126587736535559 ) ) ;
#5709 = CARTESIAN_POINT ( 'NONE',  ( 30.00000000000000000, -2.350480947161660339, -2.878508968398366432E-16 ) ) ;
#5710 = CARTESIAN_POINT ( 'NONE',  ( 43.00000000000000000, -2.350480947161660339, -2.878508968398366432E-16 ) ) ;
#5711 = ORIENTED_EDGE ( 'NONE', *, *, #5925, .F. ) ;
#5712 = CARTESIAN_POINT ( 'NONE',  ( 27.18750000000000000, -0.9736010864139177379, -2.350480947161660339 ) ) ;
#5713 = CARTESIAN_POINT ( 'NONE',  ( 18.46875000000000355, -3.054126587736535114, -1.265060653844735761 ) ) ;
#5714 = CARTESIAN_POINT ( 'NONE',  ( 38.75000000000000000, -4.317763452597548908E-16, 2.350480947161660339 ) ) ;
#5715 = VERTEX_POINT ( 'NONE', #5605 ) ;
#5716 = CARTESIAN_POINT ( 'NONE',  ( 31.68750000000000711, -0.9736010864139191812, 2.350480947161659895 ) ) ;
#5717 = CARTESIAN_POINT ( 'NONE',  ( 27.59375000000000000, -2.159593620790635438, -2.159593620790635438 ) ) ;
#5718 = CARTESIAN_POINT ( 'NONE',  ( 41.87499999999999289, -1.662041016787789482, 1.662041016787788816 ) ) ;
#5719 = DIRECTION ( 'NONE',  ( 0.000000000000000000, 0.000000000000000000, 1.000000000000000000 ) ) ;
#5720 = CARTESIAN_POINT ( 'NONE',  ( 30.40625000000001066, -3.054126587736535559, -3.740226349862376611E-16 ) ) ;
#5721 = EDGE_CURVE ( 'NONE', #958, #6023, #3715, .T. ) ;
#5722 = CARTESIAN_POINT ( 'NONE',  ( 38.62500000000001421, 1.836970198721036344E-16, -3.000000000000010658 ) ) ;
#5723 = CARTESIAN_POINT ( 'NONE',  ( 36.81250000000000711, 1.242640687119333398, -2.999999999999966693 ) ) ;
#5724 = CARTESIAN_POINT ( 'NONE',  ( 26.25000000000001066, 1.662041016787789260, -1.662041016787788816 ) ) ;
#5725 = CARTESIAN_POINT ( 'NONE',  ( 21.12500000000001066, 1.439254484199183216E-16, -2.350480947161660339 ) ) ;
#5726 = FACE_OUTER_BOUND ( 'NONE', #3800, .T. ) ;
#5727 = CARTESIAN_POINT ( 'NONE',  ( -42.88818348962945493, -1.219742652233002378, -2.499999999999996447 ) ) ;
#5728 = AXIS2_PLACEMENT_3D ( 'NONE', #687, #6245, #196 ) ;
#5729 = EDGE_CURVE ( 'NONE', #2377, #5815, #3398, .T. ) ;
#5730 = ORIENTED_EDGE ( 'NONE', *, *, #658, .F. ) ;
#5731 = CARTESIAN_POINT ( 'NONE',  ( 40.75000000000000711, -1.662041016787789482, 1.662041016787788816 ) ) ;
#5732 = CARTESIAN_POINT ( 'NONE',  ( 39.28124999999999289, -1.265060653844737315, 3.054126587736534670 ) ) ;
#5733 = CARTESIAN_POINT ( 'NONE',  ( 37.12500000000001421, 1.439254484199183216E-16, -2.350480947161660339 ) ) ;
#5734 = CARTESIAN_POINT ( 'NONE',  ( 29.87500000000001421, -2.350480947161660339, -2.878508968398366432E-16 ) ) ;
#5735 = CARTESIAN_POINT ( 'NONE',  ( 28.99999999999999645, -2.350480947161660339, -2.878508968398366432E-16 ) ) ;
#5736 = LINE ( 'NONE', #2705, #5229 ) ;
#5737 = VERTEX_POINT ( 'NONE', #4012 ) ;
#5738 = CARTESIAN_POINT ( 'NONE',  ( 35.15625000000000711, -5.610339524793564424E-16, 3.054126587736535559 ) ) ;
#5739 = LINE ( 'NONE', #3240, #1549 ) ;
#5740 = CARTESIAN_POINT ( 'NONE',  ( 35.50000000000001421, -2.121320343559649935, -2.121320343559649935 ) ) ;
#5741 = CARTESIAN_POINT ( 'NONE',  ( 24.87500000000000711, 3.000000000000010658, 0.000000000000000000 ) ) ;
#5742 = CARTESIAN_POINT ( 'NONE',  ( 17.65624999999999645, -1.265060653844735317, -3.054126587736535114 ) ) ;
#5743 = CARTESIAN_POINT ( 'NONE',  ( 29.06249999999999645, -2.350480947161660339, -0.9736010864139181820 ) ) ;
#5744 = CARTESIAN_POINT ( 'NONE',  ( 38.00000000000000000, -2.350480947161660339, -2.878508968398366432E-16 ) ) ;
#5745 = ORIENTED_EDGE ( 'NONE', *, *, #2189, .T. ) ;
#5746 = CARTESIAN_POINT ( 'NONE',  ( 27.06249999999999645, -2.350480947161660339, -0.9736010864139181820 ) ) ;
#5747 = CARTESIAN_POINT ( 'NONE',  ( -43.00000000000000000, 0.000000000000000000, 0.000000000000000000 ) ) ;
#5748 = CARTESIAN_POINT ( 'NONE',  ( 39.37499999999999289, 1.662041016787789260, -1.662041016787788816 ) ) ;
#5749 = ORIENTED_EDGE ( 'NONE', *, *, #1336, .F. ) ;
#5750 =( BOUNDED_CURVE ( )  B_SPLINE_CURVE ( 2, ( #251, #3274, #6267, #3758, #2743, #5282, #4740, #2256, #5774 ),
 .UNSPECIFIED., .F., .T. ) 
 B_SPLINE_CURVE_WITH_KNOTS ( ( 3, 2, 2, 2, 3 ),
 ( 0.5673076923076921796, 0.5721153846153844702, 0.5769230769230767608, 0.5817307692307691624, 0.5865384615384614531 ),
 .UNSPECIFIED. ) 
 CURVE ( )  GEOMETRIC_REPRESENTATION_ITEM ( )  RATIONAL_B_SPLINE_CURVE ( ( 1.000000000000001776, 0.9238795325112849621, 1.000000000000000000, 0.9238795325112867385, 1.000000000000000000, 0.9238795325112867385, 1.000000000000000000, 0.9238795325112885148, 0.9999999999999982236 ) ) 
 REPRESENTATION_ITEM ( '' )  );
#5751 = CARTESIAN_POINT ( 'NONE',  ( 28.06250000000001066, -0.9736010864139177379, -2.350480947161660339 ) ) ;
#5752 = CARTESIAN_POINT ( 'NONE',  ( 27.53125000000000355, -3.054126587736535114, -1.265060653844735761 ) ) ;
#5753 = CARTESIAN_POINT ( 'NONE',  ( 21.24999999999999645, -5.510910596163108291E-16, 3.000000000000010658 ) ) ;
#5754 = CARTESIAN_POINT ( 'NONE',  ( 21.56250000000000000, -3.000000000000010658, -1.242640687119289877 ) ) ;
#5755 = CARTESIAN_POINT ( 'NONE',  ( 27.90625000000000711, 3.054126587736535559, 0.000000000000000000 ) ) ;
#5756 = FACE_OUTER_BOUND ( 'NONE', #1069, .T. ) ;
#5757 = CARTESIAN_POINT ( 'NONE',  ( 24.12500000000001066, 1.439254484199183216E-16, -2.350480947161660339 ) ) ;
#5758 = CARTESIAN_POINT ( 'NONE',  ( 20.00000000000001066, -1.662041016787788816, -1.662041016787789260 ) ) ;
#5759 = CARTESIAN_POINT ( 'NONE',  ( -43.00000000000000000, 0.000000000000000000, 3.000000000000010658 ) ) ;
#5760 = EDGE_CURVE ( 'NONE', #1112, #2801, #4856, .T. ) ;
#5761 = CARTESIAN_POINT ( 'NONE',  ( -38.50000000000000000, -2.886751345948133096, 1.682272590103237583E-15 ) ) ;
#5762 =( BOUNDED_CURVE ( )  B_SPLINE_CURVE ( 2, ( #824, #2242, #266, #3256, #1219, #6281, #759, #2760, #2304 ),
 .UNSPECIFIED., .F., .F. ) 
 B_SPLINE_CURVE_WITH_KNOTS ( ( 3, 2, 2, 2, 3 ),
 ( 0.3557692307692305600, 0.3605769230769228506, 0.3653846153846151967, 0.3701923076923075429, 0.3749999999999998335 ),
 .UNSPECIFIED. ) 
 CURVE ( )  GEOMETRIC_REPRESENTATION_ITEM ( )  RATIONAL_B_SPLINE_CURVE ( ( 1.000000000000003553, 0.9238795325112831858, 1.000000000000000000, 0.9238795325112867385, 1.000000000000000000, 0.9238795325112867385, 1.000000000000000000, 0.9238795325112894030, 0.9999999999999973355 ) ) 
 REPRESENTATION_ITEM ( '' )  );
#5763 = CARTESIAN_POINT ( 'NONE',  ( 34.12499999999999289, -1.662041016787788816, -1.662041016787789260 ) ) ;
#5764 = ORIENTED_EDGE ( 'NONE', *, *, #2982, .F. ) ;
#5765 = CARTESIAN_POINT ( 'NONE',  ( 42.50000000000000711, 1.662041016787788594, 1.662041016787789482 ) ) ;
#5766 = CARTESIAN_POINT ( 'NONE',  ( 41.71875000000000000, 1.870113174931188306E-16, -3.054126587736535559 ) ) ;
#5767 = CARTESIAN_POINT ( 'NONE',  ( 38.43750000000000711, 2.350480947161659895, 0.9736010864139195142 ) ) ;
#5768 = CARTESIAN_POINT ( 'NONE',  ( 29.56250000000001066, 0.9736010864139186261, 2.350480947161659895 ) ) ;
#5769 = CARTESIAN_POINT ( 'NONE',  ( 26.12499999999999645, -1.662041016787788816, -1.662041016787789260 ) ) ;
#5770 = EDGE_CURVE ( 'NONE', #5132, #3649, #84, .T. ) ;
#5771 = CARTESIAN_POINT ( 'NONE',  ( 24.62499999999999645, -2.121320343559649935, -2.121320343559649935 ) ) ;
#5772 = ORIENTED_EDGE ( 'NONE', *, *, #2700, .F. ) ;
#5773 = CARTESIAN_POINT ( 'NONE',  ( 37.78125000000000711, 2.159593620790635438, -2.159593620790635438 ) ) ;
#5774 = CARTESIAN_POINT ( 'NONE',  ( 28.62500000000000711, 1.836970198721036344E-16, -3.000000000000010658 ) ) ;
#5775 = FACE_OUTER_BOUND ( 'NONE', #9, .T. ) ;
#5776 = CARTESIAN_POINT ( 'NONE',  ( 22.25000000000000000, -5.510910596163108291E-16, 3.000000000000010658 ) ) ;
#5777 = CARTESIAN_POINT ( 'NONE',  ( 18.84375000000000000, 2.159593620790635438, -2.159593620790635438 ) ) ;
#5778 = CARTESIAN_POINT ( 'NONE',  ( 32.37500000000000000, 1.662041016787789260, -1.662041016787788816 ) ) ;
#5779 = CARTESIAN_POINT ( 'NONE',  ( 39.74999999999999289, -4.317763452597548908E-16, 2.350480947161660339 ) ) ;
#5780 = CARTESIAN_POINT ( 'NONE',  ( 23.62499999999999645, 1.662041016787788594, 1.662041016787789482 ) ) ;
#5781 = CARTESIAN_POINT ( 'NONE',  ( 19.56216142718177409, 2.444562218671744613, 0.1877713622601495935 ) ) ;
#5782 = CARTESIAN_POINT ( 'NONE',  ( 38.37500000000000000, 1.662041016787789260, -1.662041016787788816 ) ) ;
#5783 = ORIENTED_EDGE ( 'NONE', *, *, #5065, .F. ) ;
#5784 = CARTESIAN_POINT ( 'NONE',  ( 27.00000000000001066, -1.662041016787788816, -1.662041016787789260 ) ) ;
#5785 = CARTESIAN_POINT ( 'NONE',  ( 27.09375000000000000, 2.159593620790634994, 2.159593620790635882 ) ) ;
#5786 = CARTESIAN_POINT ( 'NONE',  ( 33.62500000000000711, 1.836970198721036344E-16, -3.000000000000010658 ) ) ;
#5787 = CYLINDRICAL_SURFACE ( 'NONE', #5450, 3.000000000000010658 ) ;
#5788 = CARTESIAN_POINT ( 'NONE',  ( 28.78125000000000711, 2.159593620790635438, -2.159593620790635438 ) ) ;
#5789 = DIRECTION ( 'NONE',  ( 0.000000000000000000, 0.000000000000000000, 1.000000000000000000 ) ) ;
#5790 =( BOUNDED_CURVE ( )  B_SPLINE_CURVE ( 2, ( #5819, #2820, #1314, #3317, #5328, #4821, #327, #2331, #5933 ),
 .UNSPECIFIED., .F., .F. ) 
 B_SPLINE_CURVE_WITH_KNOTS ( ( 3, 2, 2, 2, 3 ),
 ( 0.4903846153846152522, 0.4951923076923075984, 0.4999999999999998890, 0.5048076923076921796, 0.5096153846153844702 ),
 .UNSPECIFIED. ) 
 CURVE ( )  GEOMETRIC_REPRESENTATION_ITEM ( )  RATIONAL_B_SPLINE_CURVE ( ( 1.000000000000001776, 0.9238795325112849621, 1.000000000000000000, 0.9238795325112867385, 1.000000000000000000, 0.9238795325112867385, 1.000000000000000000, 0.9238795325112885148, 0.9999999999999982236 ) ) 
 REPRESENTATION_ITEM ( '' )  );
#5791 = CARTESIAN_POINT ( 'NONE',  ( 28.93750000000000355, 3.000000000000010658, -1.242640687119289433 ) ) ;
#5792 = CARTESIAN_POINT ( 'NONE',  ( 24.68750000000001066, -0.9736010864139191812, 2.350480947161659895 ) ) ;
#5793 = CARTESIAN_POINT ( 'NONE',  ( -42.88819502792768645, -1.219765728829424800, 2.500000000000000444 ) ) ;
#5794 = CARTESIAN_POINT ( 'NONE',  ( 36.18750000000000000, 1.242640687119268117, 3.000000000000031974 ) ) ;
#5795 = B_SPLINE_CURVE_WITH_KNOTS ( 'NONE', 3,
 ( #1743, #5224, #2165, #4260 ),
 .UNSPECIFIED., .F., .F.,
 ( 4, 4 ),
 ( 0.004318631238403236247, 0.004700128428653123878 ),
 .UNSPECIFIED. ) ;
#5796 = CARTESIAN_POINT ( 'NONE',  ( 34.49999999999999289, 2.350480947161660339, 0.000000000000000000 ) ) ;
#5797 = VECTOR ( 'NONE', #459, 1000.000000000000000 ) ;
#5798 = ORIENTED_EDGE ( 'NONE', *, *, #1665, .F. ) ;
#5799 = CARTESIAN_POINT ( 'NONE',  ( 38.65625000000000000, -1.265060653844735317, -3.054126587736535114 ) ) ;
#5800 = CARTESIAN_POINT ( 'NONE',  ( 37.56250000000002132, 0.9736010864139186261, 2.350480947161659895 ) ) ;
#5801 = CARTESIAN_POINT ( 'NONE',  ( 28.75000000000001066, -1.662041016787789482, 1.662041016787788816 ) ) ;
#5802 = CARTESIAN_POINT ( 'NONE',  ( 26.37499999999999645, 1.662041016787789260, -1.662041016787788816 ) ) ;
#5803 = CARTESIAN_POINT ( 'NONE',  ( 34.87500000000000000, 3.000000000000010658, 0.000000000000000000 ) ) ;
#5804 = VERTEX_POINT ( 'NONE', #6100 ) ;
#5805 = CARTESIAN_POINT ( 'NONE',  ( 35.46875000000000711, -3.054126587736535114, -1.265060653844735761 ) ) ;
#5806 = EDGE_CURVE ( 'NONE', #6297, #6023, #1815, .T. ) ;
#5807 = CARTESIAN_POINT ( 'NONE',  ( 39.37499999999999289, -2.121320343559650379, 2.121320343559649935 ) ) ;
#5808 = CYLINDRICAL_SURFACE ( 'NONE', #1596, 3.000000000000010658 ) ;
#5809 = CARTESIAN_POINT ( 'NONE',  ( 17.03124999999999645, 3.054126587736534670, 1.265060653844737759 ) ) ;
#5810 = CARTESIAN_POINT ( 'NONE',  ( 28.31250000000000000, 0.9736010864139180709, -2.350480947161660339 ) ) ;
#5811 = CARTESIAN_POINT ( 'NONE',  ( 39.12499999999999289, -1.662041016787788816, -1.662041016787789260 ) ) ;
#5812 = CARTESIAN_POINT ( 'NONE',  ( 20.74999999999999645, -4.317763452597548908E-16, 2.350480947161660339 ) ) ;
#5813 = FACE_OUTER_BOUND ( 'NONE', #3469, .T. ) ;
#5814 = CARTESIAN_POINT ( 'NONE',  ( 39.93750000000000711, -2.350480947161660339, 0.9736010864139172938 ) ) ;
#5815 = VERTEX_POINT ( 'NONE', #610 ) ;
#5816 = CARTESIAN_POINT ( 'NONE',  ( 29.68750000000001421, -0.9736010864139191812, 2.350480947161659895 ) ) ;
#5817 = CARTESIAN_POINT ( 'NONE',  ( 29.40625000000000711, -3.054126587736536447, 1.265060653844735095 ) ) ;
#5818 = DIRECTION ( 'NONE',  ( 0.000000000000000000, 0.000000000000000000, 1.000000000000000000 ) ) ;
#5819 = CARTESIAN_POINT ( 'NONE',  ( 31.12500000000000711, -5.510910596163109277E-16, 3.000000000000010658 ) ) ;
#5820 = ORIENTED_EDGE ( 'NONE', *, *, #2189, .F. ) ;
#5821 = CARTESIAN_POINT ( 'NONE',  ( 24.15625000000000711, -5.610339524793564424E-16, 3.054126587736535559 ) ) ;
#5822 = CARTESIAN_POINT ( 'NONE',  ( 20.43750000000000711, -3.000000000000010658, -1.242640687119289877 ) ) ;
#5823 = CARTESIAN_POINT ( 'NONE',  ( 40.56250000000000711, -1.242640687119259457, -3.000000000000041300 ) ) ;
#5824 = CARTESIAN_POINT ( 'NONE',  ( 24.50000000000001066, 1.662041016787788594, 1.662041016787789482 ) ) ;
#5825 = DIRECTION ( 'NONE',  ( -1.000000000000000000, -0.000000000000000000, -0.000000000000000000 ) ) ;
#5826 =( NAMED_UNIT ( * ) SI_UNIT ( $, .STERADIAN. ) SOLID_ANGLE_UNIT ( ) );
#5827 = CARTESIAN_POINT ( 'NONE',  ( 30.12500000000001066, -5.510910596163109277E-16, 3.000000000000010658 ) ) ;
#5828 = CARTESIAN_POINT ( 'NONE',  ( 35.06249999999999289, -2.350480947161660339, -0.9736010864139181820 ) ) ;
#5829 = ORIENTED_EDGE ( 'NONE', *, *, #4786, .F. ) ;
#5830 = CARTESIAN_POINT ( 'NONE',  ( 36.40625000000000000, -3.054126587736536447, 1.265060653844735095 ) ) ;
#5831 = CARTESIAN_POINT ( 'NONE',  ( 36.12500000000001421, 1.439254484199183216E-16, -2.350480947161660339 ) ) ;
#5832 = CARTESIAN_POINT ( 'NONE',  ( 25.68750000000000711, -0.9736010864139191812, 2.350480947161659895 ) ) ;
#5833 = VECTOR ( 'NONE', #1874, 1000.000000000000000 ) ;
#5834 = CARTESIAN_POINT ( 'NONE',  ( 27.37499999999999645, 1.662041016787789260, -1.662041016787788816 ) ) ;
#5835 = CARTESIAN_POINT ( 'NONE',  ( 35.68750000000000711, 1.242640687119333620, -2.999999999999966693 ) ) ;
#5836 = ORIENTED_EDGE ( 'NONE', *, *, #5446, .F. ) ;
#5837 = CARTESIAN_POINT ( 'NONE',  ( 35.84375000000001421, 3.054126587736535114, -1.265060653844735317 ) ) ;
#5838 = CARTESIAN_POINT ( 'NONE',  ( 19.38264980139921789, -0.3632877311708986867, -2.598326650488960166 ) ) ;
#5839 = CARTESIAN_POINT ( 'NONE',  ( 24.93750000000000711, 3.000000000000009770, 1.242640687119291654 ) ) ;
#5840 = CARTESIAN_POINT ( 'NONE',  ( 39.68750000000000711, -0.9736010864139191812, 2.350480947161659895 ) ) ;
#5841 = CARTESIAN_POINT ( 'NONE',  ( 41.24999999999999289, 1.439254484199183216E-16, -2.350480947161660339 ) ) ;
#5842 = EDGE_CURVE ( 'NONE', #3177, #5165, #5541, .T. ) ;
#5843 = CARTESIAN_POINT ( 'NONE',  ( 22.87499999999999645, -1.662041016787789482, 1.662041016787788816 ) ) ;
#5844 = CARTESIAN_POINT ( 'NONE',  ( -38.50000000000000000, -2.886751345948133096, 1.682272590103237583E-15 ) ) ;
#5845 = CARTESIAN_POINT ( 'NONE',  ( 38.31250000000000000, 0.9736010864139180709, -2.350480947161660339 ) ) ;
#5846 = CARTESIAN_POINT ( 'NONE',  ( 27.56250000000001066, 0.9736010864139186261, 2.350480947161659895 ) ) ;
#5847 = CARTESIAN_POINT ( 'NONE',  ( 26.28125000000000000, -1.265060653844737315, 3.054126587736534670 ) ) ;
#5848 = CARTESIAN_POINT ( 'NONE',  ( 38.18750000000000711, -0.9736010864139177379, -2.350480947161660339 ) ) ;
#5849 = VERTEX_POINT ( 'NONE', #2778 ) ;
#5850 = ADVANCED_FACE ( 'NONE', ( #3728 ), #4349, .T. ) ;
#5851 = CARTESIAN_POINT ( 'NONE',  ( 23.96875000000000711, 3.054126587736534670, 1.265060653844737759 ) ) ;
#5852 = CARTESIAN_POINT ( 'NONE',  ( -43.00000000000000000, 0.000000000000000000, -4.500000000000003553 ) ) ;
#5853 = CARTESIAN_POINT ( 'NONE',  ( -42.79134017728669193, 1.671467438348221313, -2.104933473583877834 ) ) ;
#5854 = B_SPLINE_CURVE_WITH_KNOTS ( 'NONE', 3,
 ( #6096, #1530, #5998, #2637, #2118, #4081, #1497, #6127, #3103, #4639 ),
 .UNSPECIFIED., .F., .F.,
 ( 4, 2, 2, 2, 4 ),
 ( 0.01487475652247328278, 0.01545444566237242495, 0.01603413480227157059, 0.01661382394217071276, 0.01719351308206985493 ),
 .UNSPECIFIED. ) ;
#5855 = CARTESIAN_POINT ( 'NONE',  ( 20.00000000000001066, -1.662041016787788816, -1.662041016787789260 ) ) ;
#5856 = CARTESIAN_POINT ( 'NONE',  ( -38.50000000000000000, 1.443375672974064772, -2.499999999999996891 ) ) ;
#5857 = COORDINATED_UNIVERSAL_TIME_OFFSET ( 6, 0, .BEHIND. ) ;
#5858 = FACE_OUTER_BOUND ( 'NONE', #5989, .T. ) ;
#5859 = CARTESIAN_POINT ( 'NONE',  ( 32.99999999999999289, -2.350480947161660339, -2.878508968398366432E-16 ) ) ;
#5860 = ORIENTED_EDGE ( 'NONE', *, *, #581, .T. ) ;
#5861 = CARTESIAN_POINT ( 'NONE',  ( 36.03125000000000000, 3.054126587736534670, 1.265060653844737759 ) ) ;
#5862 = CARTESIAN_POINT ( 'NONE',  ( 34.81250000000001421, -2.350480947161660339, 0.9736010864139172938 ) ) ;
#5863 = CARTESIAN_POINT ( 'NONE',  ( 25.93750000000000711, -2.350480947161660339, -0.9736010864139181820 ) ) ;
#5864 = CARTESIAN_POINT ( 'NONE',  ( 25.99999999999999645, -2.350480947161660339, -2.878508968398366432E-16 ) ) ;
#5865 = CARTESIAN_POINT ( 'NONE',  ( 22.87499999999999645, 2.121320343559649935, -2.121320343559649935 ) ) ;
#5866 = CARTESIAN_POINT ( 'NONE',  ( 35.34375000000002132, -3.054126587736536447, 1.265060653844735095 ) ) ;
#5867 = DIRECTION ( 'NONE',  ( 0.000000000000000000, 0.000000000000000000, 1.000000000000000000 ) ) ;
#5868 = CARTESIAN_POINT ( 'NONE',  ( 41.62500000000000711, 1.836970198721036344E-16, -3.000000000000010658 ) ) ;
#5869 = CARTESIAN_POINT ( 'NONE',  ( 24.25000000000000000, -5.510910596163108291E-16, 3.000000000000010658 ) ) ;
#5870 = CARTESIAN_POINT ( 'NONE',  ( 41.06250000000002132, -0.9736010864139177379, -2.350480947161660339 ) ) ;
#5871 = CARTESIAN_POINT ( 'NONE',  ( 39.62499999999999289, 1.662041016787788594, 1.662041016787789482 ) ) ;
#5872 = CARTESIAN_POINT ( 'NONE',  ( 22.24999999999999645, 1.439254484199183216E-16, -2.350480947161660339 ) ) ;
#5873 = CYLINDRICAL_SURFACE ( 'NONE', #1436, 3.000000000000010658 ) ;
#5874 = ADVANCED_FACE ( 'NONE', ( #2352 ), #4316, .T. ) ;
#5875 = CARTESIAN_POINT ( 'NONE',  ( 27.87500000000001066, -2.350480947161660339, -2.878508968398366432E-16 ) ) ;
#5876 = CARTESIAN_POINT ( 'NONE',  ( 26.96875000000000000, 3.054126587736535559, 0.000000000000000000 ) ) ;
#5877 = CARTESIAN_POINT ( 'NONE',  ( 37.43749999999999289, 2.350480947161660339, -0.9736010864139179599 ) ) ;
#5878 = VERTEX_POINT ( 'NONE', #2710 ) ;
#5879 =( BOUNDED_CURVE ( )  B_SPLINE_CURVE ( 2, ( #2764, #5232, #3260, #6254, #5303, #729, #2729, #4728, #4798 ),
 .UNSPECIFIED., .F., .F. ) 
 B_SPLINE_CURVE_WITH_KNOTS ( ( 3, 2, 2, 2, 3 ),
 ( 0.2211538461538458122, 0.2259615384615381306, 0.2307692307692304490, 0.2355769230769227396, 0.2403846153846150580 ),
 .UNSPECIFIED. ) 
 CURVE ( )  GEOMETRIC_REPRESENTATION_ITEM ( )  RATIONAL_B_SPLINE_CURVE ( ( 1.000000000000005329, 0.9238795325112815204, 1.000000000000000000, 0.9238795325112867385, 1.000000000000000000, 0.9238795325112867385, 1.000000000000000000, 0.9238795325112919565, 0.9999999999999947820 ) ) 
 REPRESENTATION_ITEM ( '' )  );
#5880 = CARTESIAN_POINT ( 'NONE',  ( 24.90625000000000711, 3.054126587736535559, 0.000000000000000000 ) ) ;
#5881 = CARTESIAN_POINT ( 'NONE',  ( 39.24999999999999289, -5.510910596163108291E-16, 3.000000000000010658 ) ) ;
#5882 = EDGE_CURVE ( 'NONE', #1850, #2494, #965, .T. ) ;
#5883 = CARTESIAN_POINT ( 'NONE',  ( 38.75000000000001421, -1.662041016787789482, 1.662041016787788816 ) ) ;
#5884 = CARTESIAN_POINT ( 'NONE',  ( 40.12500000000000711, -5.510910596163109277E-16, 3.000000000000010658 ) ) ;
#5885 = CARTESIAN_POINT ( 'NONE',  ( 21.12500000000001066, 1.439254484199183216E-16, -2.350480947161660339 ) ) ;
#5886 = CARTESIAN_POINT ( 'NONE',  ( 41.25000000000000711, -2.121320343559650379, 2.121320343559649935 ) ) ;
#5887 = CARTESIAN_POINT ( 'NONE',  ( 28.31250000000000000, -1.242640687119346055, 2.999999999999954259 ) ) ;
#5888 = CARTESIAN_POINT ( 'NONE',  ( 33.49999999999999289, 2.350480947161660339, 0.000000000000000000 ) ) ;
#5889 = ORIENTED_EDGE ( 'NONE', *, *, #1580, .T. ) ;
#5890 = CARTESIAN_POINT ( 'NONE',  ( 37.84375000000000000, 2.159593620790635438, -2.159593620790635438 ) ) ;
#5891 = CARTESIAN_POINT ( 'NONE',  ( 34.25000000000000711, 1.662041016787789260, -1.662041016787788816 ) ) ;
#5892 = CARTESIAN_POINT ( 'NONE',  ( 27.00000000000001066, -1.662041016787788816, -1.662041016787789260 ) ) ;
#5893 = CARTESIAN_POINT ( 'NONE',  ( 24.68750000000000355, 0.9736010864139186261, 2.350480947161659895 ) ) ;
#5894 = CARTESIAN_POINT ( 'NONE',  ( 36.12500000000001421, -5.510910596163109277E-16, 3.000000000000010658 ) ) ;
#5895 = ORIENTED_EDGE ( 'NONE', *, *, #569, .T. ) ;
#5896 = CARTESIAN_POINT ( 'NONE',  ( 31.65625000000001066, 1.870113174931188306E-16, -3.054126587736535559 ) ) ;
#5897 = CARTESIAN_POINT ( 'NONE',  ( 26.43750000000001066, -3.000000000000010658, -1.242640687119289877 ) ) ;
#5898 = CARTESIAN_POINT ( 'NONE',  ( 19.36861140655875602, -0.7203668011839429175, -2.537328299134669951 ) ) ;
#5899 = CYLINDRICAL_SURFACE ( 'NONE', #2435, 3.000000000000010658 ) ;
#5900 = CARTESIAN_POINT ( 'NONE',  ( 38.68750000000001421, -0.9736010864139191812, 2.350480947161659895 ) ) ;
#5901 = CARTESIAN_POINT ( 'NONE',  ( 34.93749999999999289, -2.350480947161660339, 0.9736010864139172938 ) ) ;
#5902 = CIRCLE ( 'NONE', #3374, 2.886751345948127767 ) ;
#5903 = CARTESIAN_POINT ( 'NONE',  ( 22.06249999999999289, -2.350480947161660339, -0.9736010864139181820 ) ) ;
#5904 = PLANE ( 'NONE',  #6056 ) ;
#5905 = AXIS2_PLACEMENT_3D ( 'NONE', #1833, #4377, #3823 ) ;
#5906 = CARTESIAN_POINT ( 'NONE',  ( 24.87500000000001066, -2.350480947161660339, -2.878508968398366432E-16 ) ) ;
#5907 = CARTESIAN_POINT ( 'NONE',  ( 23.15624999999999645, 1.265060653844736205, 3.054126587736534670 ) ) ;
#5908 = CARTESIAN_POINT ( 'NONE',  ( 37.31250000000000000, 0.9736010864139180709, -2.350480947161660339 ) ) ;
#5909 = VERTEX_POINT ( 'NONE', #3852 ) ;
#5910 = CARTESIAN_POINT ( 'NONE',  ( 26.46875000000001421, -3.054126587736535114, -1.265060653844735761 ) ) ;
#5911 = CARTESIAN_POINT ( 'NONE',  ( -43.00000000000000000, 0.000000000000000000, 0.000000000000000000 ) ) ;
#5912 = CARTESIAN_POINT ( 'NONE',  ( 37.00000000000001421, -1.662041016787788816, -1.662041016787789260 ) ) ;
#5913 = DIRECTION ( 'NONE',  ( -0.000000000000000000, -0.5000000000000000000, 0.8660254037844385966 ) ) ;
#5914 = CARTESIAN_POINT ( 'NONE',  ( 20.31250000000001421, 2.350480947161660339, -0.9736010864139179599 ) ) ;
#5915 = CARTESIAN_POINT ( 'NONE',  ( 27.12499999999999645, 2.121320343559649491, 2.121320343559650379 ) ) ;
#5916 = DATE_AND_TIME ( #3442, #6329 ) ;
#5917 = CARTESIAN_POINT ( 'NONE',  ( 28.25000000000000000, -5.510910596163108291E-16, 3.000000000000010658 ) ) ;
#5918 = EDGE_CURVE ( 'NONE', #5407, #2494, #6234, .T. ) ;
#5919 = CARTESIAN_POINT ( 'NONE',  ( 27.49999999999999645, 2.350480947161660339, 0.000000000000000000 ) ) ;
#5920 = VERTEX_POINT ( 'NONE', #5248 ) ;
#5921 = CARTESIAN_POINT ( 'NONE',  ( 38.09375000000000000, 2.159593620790634994, 2.159593620790635882 ) ) ;
#5922 = CARTESIAN_POINT ( 'NONE',  ( 31.68750000000000711, -0.9736010864139191812, 2.350480947161659895 ) ) ;
#5923 = CARTESIAN_POINT ( 'NONE',  ( 26.62500000000001066, -4.317763452597548908E-16, 2.350480947161660339 ) ) ;
#5924 = CARTESIAN_POINT ( 'NONE',  ( 24.49999999999999645, 2.350480947161660339, 0.000000000000000000 ) ) ;
#5925 = EDGE_CURVE ( 'NONE', #5958, #5920, #1203, .T. ) ;
#5926 = CARTESIAN_POINT ( 'NONE',  ( 31.90625000000001066, 3.054126587736535559, 0.000000000000000000 ) ) ;
#5927 = EDGE_LOOP ( 'NONE', ( #3786, #4209, #5182, #2870 ) ) ;
#5928 = CARTESIAN_POINT ( 'NONE',  ( 26.12500000000000711, -5.510910596163109277E-16, 3.000000000000010658 ) ) ;
#5929 = CARTESIAN_POINT ( 'NONE',  ( 34.49999999999999289, -3.000000000000010658, -3.673940397442072687E-16 ) ) ;
#5930 = CARTESIAN_POINT ( 'NONE',  ( 19.87499999999999645, 2.121320343559649935, -2.121320343559649935 ) ) ;
#5931 = CARTESIAN_POINT ( 'NONE',  ( 41.31250000000000711, 2.350480947161660339, -0.9736010864139179599 ) ) ;
#5932 = CARTESIAN_POINT ( 'NONE',  ( 34.24999999999999289, 1.439254484199183216E-16, -2.350480947161660339 ) ) ;
#5933 = CARTESIAN_POINT ( 'NONE',  ( 30.62500000000001066, 1.836970198721036344E-16, -3.000000000000010658 ) ) ;
#5934 = CARTESIAN_POINT ( 'NONE',  ( 19.12499999999999645, -1.662041016787788816, -1.662041016787789260 ) ) ;
#5935 = CARTESIAN_POINT ( 'NONE',  ( 30.31250000000000000, -1.242640687119335174, 2.999999999999965361 ) ) ;
#5936 = CARTESIAN_POINT ( 'NONE',  ( 24.75000000000001066, -1.662041016787789482, 1.662041016787788816 ) ) ;
#5937 = CARTESIAN_POINT ( 'NONE',  ( 26.84375000000000000, 2.159593620790635438, -2.159593620790635438 ) ) ;
#5938 = CARTESIAN_POINT ( 'NONE',  ( 38.31250000000000000, 0.9736010864139180709, -2.350480947161660339 ) ) ;
#5939 = CARTESIAN_POINT ( 'NONE',  ( 30.06250000000000000, -2.350480947161660339, -0.9736010864139181820 ) ) ;
#5940 = CARTESIAN_POINT ( 'NONE',  ( 23.46875000000000355, -3.054126587736535114, -1.265060653844735761 ) ) ;
#5941 = LINE ( 'NONE', #4424, #3099 ) ;
#5942 = CARTESIAN_POINT ( 'NONE',  ( 35.81250000000001421, -2.350480947161660783, 0.9736010864139172938 ) ) ;
#5943 = LINE ( 'NONE', #3929, #5315 ) ;
#5944 = CARTESIAN_POINT ( 'NONE',  ( 21.37500000000001066, 2.350480947161660339, 0.000000000000000000 ) ) ;
#5945 = CARTESIAN_POINT ( 'NONE',  ( 28.56250000000000711, -1.242640687119267451, -3.000000000000032419 ) ) ;
#5946 = PERSON_AND_ORGANIZATION ( #5039, #757 ) ;
#5947 = FACE_OUTER_BOUND ( 'NONE', #5677, .T. ) ;
#5948 = CARTESIAN_POINT ( 'NONE',  ( 25.74999999999999645, -4.317763452597548908E-16, 2.350480947161660339 ) ) ;
#5949 = AXIS2_PLACEMENT_3D ( 'NONE', #5747, #4153, #5254 ) ;
#5950 = ORIENTED_EDGE ( 'NONE', *, *, #5320, .F. ) ;
#5951 = CARTESIAN_POINT ( 'NONE',  ( 33.96875000000000000, 3.054126587736535559, 0.000000000000000000 ) ) ;
#5952 = EDGE_CURVE ( 'NONE', #1721, #2956, #2321, .T. ) ;
#5953 =( BOUNDED_CURVE ( )  B_SPLINE_CURVE ( 2, ( #4631, #3196, #1789, #4664, #2695, #630, #6286, #5233, #5662 ),
 .UNSPECIFIED., .F., .F. ) 
 B_SPLINE_CURVE_WITH_KNOTS ( ( 3, 2, 2, 2, 3 ),
 ( 0.9326923076923075984, 0.9374999999999998890, 0.9423076923076922906, 0.9471153846153845812, 0.9519230769230768718 ),
 .UNSPECIFIED. ) 
 CURVE ( )  GEOMETRIC_REPRESENTATION_ITEM ( )  RATIONAL_B_SPLINE_CURVE ( ( 1.000000000000001776, 0.9238795325112849621, 1.000000000000000000, 0.9238795325112867385, 1.000000000000000000, 0.9238795325112867385, 1.000000000000000000, 0.9238795325112867385, 1.000000000000000000 ) ) 
 REPRESENTATION_ITEM ( '' )  );
#5954 = CARTESIAN_POINT ( 'NONE',  ( 33.62500000000000711, -4.317763452597548908E-16, 2.350480947161660339 ) ) ;
#5955 = CARTESIAN_POINT ( 'NONE',  ( 21.93750000000001066, -2.350480947161660339, -0.9736010864139181820 ) ) ;
#5956 = CARTESIAN_POINT ( 'NONE',  ( 22.18749999999999645, -0.9736010864139177379, -2.350480947161660339 ) ) ;
#5957 = CARTESIAN_POINT ( 'NONE',  ( 28.12500000000000711, -5.510910596163109277E-16, 3.000000000000010658 ) ) ;
#5958 = VERTEX_POINT ( 'NONE', #1334 ) ;
#5959 = CARTESIAN_POINT ( 'NONE',  ( 35.09375000000000711, 1.265060653844736205, 3.054126587736534670 ) ) ;
#5960 = ORIENTED_EDGE ( 'NONE', *, *, #904, .T. ) ;
#5961 = CARTESIAN_POINT ( 'NONE',  ( 37.25000000000001421, -2.121320343559650379, 2.121320343559649935 ) ) ;
#5962 = CARTESIAN_POINT ( 'NONE',  ( -42.61324865405186557, -3.534096855390132888E-25, 2.500000000000000444 ) ) ;
#5963 = ADVANCED_FACE ( 'NONE', ( #745 ), #5271, .T. ) ;
#5964 = CARTESIAN_POINT ( 'NONE',  ( 39.12500000000001421, -5.510910596163109277E-16, 3.000000000000010658 ) ) ;
#5965 = CARTESIAN_POINT ( 'NONE',  ( 39.12500000000000711, 1.439254484199183216E-16, -2.350480947161660339 ) ) ;
#5966 = CARTESIAN_POINT ( 'NONE',  ( 36.62500000000000000, 1.662041016787788594, 1.662041016787789482 ) ) ;
#5967 = CARTESIAN_POINT ( 'NONE',  ( 31.12500000000000711, -5.510910596163109277E-16, 3.000000000000010658 ) ) ;
#5968 = CARTESIAN_POINT ( 'NONE',  ( 19.87499999999999645, -1.662041016787789482, 1.662041016787788816 ) ) ;
#5969 = CARTESIAN_POINT ( 'NONE',  ( 19.43152774915935765, 0.8843102622556519021, -2.414902747078180312 ) ) ;
#5970 = CARTESIAN_POINT ( 'NONE',  ( 23.43750000000001066, 2.350480947161659895, 0.9736010864139195142 ) ) ;
#5971 = CARTESIAN_POINT ( 'NONE',  ( 24.71875000000000000, 1.870113174931188306E-16, -3.054126587736535559 ) ) ;
#5972 = CARTESIAN_POINT ( 'NONE',  ( 40.12499999999999289, -1.662041016787788816, -1.662041016787789260 ) ) ;
#5973 = CARTESIAN_POINT ( 'NONE',  ( 31.62500000000000000, 1.662041016787788594, 1.662041016787789482 ) ) ;
#5974 = CARTESIAN_POINT ( 'NONE',  ( 19.34375000000000711, -3.054126587736536447, 1.265060653844735095 ) ) ;
#5975 = CARTESIAN_POINT ( 'NONE',  ( 20.25000000000001066, -2.121320343559650379, 2.121320343559649935 ) ) ;
#5976 = CARTESIAN_POINT ( 'NONE',  ( 36.00000000000001421, -1.662041016787788816, -1.662041016787789260 ) ) ;
#5977 = CARTESIAN_POINT ( 'NONE',  ( 32.93750000000000711, 3.000000000000009770, 1.242640687119291654 ) ) ;
#5978 = CARTESIAN_POINT ( 'NONE',  ( 19.06250000000001421, -0.9736010864139177379, -2.350480947161660339 ) ) ;
#5979 = CARTESIAN_POINT ( 'NONE',  ( 42.86826961187249907, -1.398514038157187445, 1.937055371032750273 ) ) ;
#5980 = AXIS2_PLACEMENT_3D ( 'NONE', #3622, #5579, #1007 ) ;
#5981 = CARTESIAN_POINT ( 'NONE',  ( 19.37836342103023313, 1.398851893955705972, 2.224342462729064440 ) ) ;
#5982 = CARTESIAN_POINT ( 'NONE',  ( 25.31249999999999645, 0.9736010864139180709, -2.350480947161660339 ) ) ;
#5983 = LINE ( 'NONE', #496, #189 ) ;
#5984 = CARTESIAN_POINT ( 'NONE',  ( 33.15625000000000000, 1.265060653844736205, 3.054126587736534670 ) ) ;
#5985 = CARTESIAN_POINT ( 'NONE',  ( 34.93750000000000711, -2.350480947161660339, -0.9736010864139181820 ) ) ;
#5986 = CARTESIAN_POINT ( 'NONE',  ( 25.25000000000001066, 1.662041016787789260, -1.662041016787788816 ) ) ;
#5987 = CARTESIAN_POINT ( 'NONE',  ( 25.18750000000000000, -0.9736010864139177379, -2.350480947161660339 ) ) ;
#5988 = CARTESIAN_POINT ( 'NONE',  ( -42.78929360685183525, 1.673615306705401373, 2.101213256461274437 ) ) ;
#5989 = EDGE_LOOP ( 'NONE', ( #3445, #4011, #4898, #2649 ) ) ;
#5990 = MANIFOLD_SOLID_BREP ( 'Boss-Extrude1', #2703 ) ;
#5991 =( BOUNDED_CURVE ( )  B_SPLINE_CURVE ( 2, ( #1590, #1033, #2021, #4537, #3520, #4139, #3586, #2998, #4569 ),
 .UNSPECIFIED., .F., .F. ) 
 B_SPLINE_CURVE_WITH_KNOTS ( ( 3, 2, 2, 2, 3 ),
 ( 0.3173076923076924571, 0.3221153846153847478, 0.3269230769230769829, 0.3317307692307693845, 0.3365384615384616751 ),
 .UNSPECIFIED. ) 
 CURVE ( )  GEOMETRIC_REPRESENTATION_ITEM ( )  RATIONAL_B_SPLINE_CURVE ( ( 0.9999999999999973355, 0.9238795325112894030, 1.000000000000000000, 0.9238795325112867385, 1.000000000000000000, 0.9238795325112867385, 1.000000000000000000, 0.9238795325112849621, 1.000000000000001776 ) ) 
 REPRESENTATION_ITEM ( '' )  );
#5992 = VERTEX_POINT ( 'NONE', #842 ) ;
#5993 = CARTESIAN_POINT ( 'NONE',  ( 36.25000000000000000, -5.510910596163108291E-16, 3.000000000000010658 ) ) ;
#5994 = CARTESIAN_POINT ( 'NONE',  ( 19.23968141173136104, -2.765655704644039758, -0.05421632024082239515 ) ) ;
#5995 = CARTESIAN_POINT ( 'NONE',  ( 22.06250000000000000, 3.000000000000009770, 1.242640687119291654 ) ) ;
#5996 = CARTESIAN_POINT ( 'NONE',  ( 33.75000000000000711, -1.662041016787789482, 1.662041016787788816 ) ) ;
#5997 = CARTESIAN_POINT ( 'NONE',  ( 33.81249999999999289, -0.9736010864139191812, 2.350480947161659895 ) ) ;
#5998 = CARTESIAN_POINT ( 'NONE',  ( 19.06631227804701467, 0.3881736454248622681, 2.914277315072888008 ) ) ;
#5999 = EDGE_CURVE ( 'NONE', #3071, #5132, #2059, .T. ) ;
#6000 = CARTESIAN_POINT ( 'NONE',  ( 43.53125000000000711, -2.159593620790635438, -2.159593620790635438 ) ) ;
#6001 = CARTESIAN_POINT ( 'NONE',  ( 30.12499999999999645, 2.121320343559649491, 2.121320343559650379 ) ) ;
#6002 = LINE ( 'NONE', #1073, #2437 ) ;
#6003 = VECTOR ( 'NONE', #2308, 1000.000000000000000 ) ;
#6004 = CARTESIAN_POINT ( 'NONE',  ( 26.12500000000001066, 1.439254484199183216E-16, -2.350480947161660339 ) ) ;
#6005 = CARTESIAN_POINT ( 'NONE',  ( 19.40624999999999645, -3.054126587736536447, 1.265060653844735095 ) ) ;
#6006 = CARTESIAN_POINT ( 'NONE',  ( 34.06249999999999289, -2.350480947161660339, -0.9736010864139181820 ) ) ;
#6007 = CARTESIAN_POINT ( 'NONE',  ( 30.68749999999999645, 0.9736010864139186261, 2.350480947161659895 ) ) ;
#6008 = CARTESIAN_POINT ( 'NONE',  ( 19.71875000000000355, 1.265060653844735539, -3.054126587736535114 ) ) ;
#6009 = DIRECTION ( 'NONE',  ( 0.000000000000000000, 0.000000000000000000, 1.000000000000000000 ) ) ;
#6010 = ORIENTED_EDGE ( 'NONE', *, *, #6436, .F. ) ;
#6011 = CARTESIAN_POINT ( 'NONE',  ( 35.06250000000001421, -0.9736010864139177379, -2.350480947161660339 ) ) ;
#6012 = CARTESIAN_POINT ( 'NONE',  ( 27.75000000000000000, 1.836970198721036344E-16, -3.000000000000010658 ) ) ;
#6013 = CARTESIAN_POINT ( 'NONE',  ( 18.62500000000001066, -4.317763452597548908E-16, 2.350480947161660339 ) ) ;
#6014 = CARTESIAN_POINT ( 'NONE',  ( 20.62500000000000711, 1.836970198721036344E-16, -3.000000000000010658 ) ) ;
#6015 = CARTESIAN_POINT ( 'NONE',  ( 42.70858386857313604, 2.082367930047311244, 1.466812170143912075 ) ) ;
#6016 = CARTESIAN_POINT ( 'NONE',  ( 26.74999999999999645, -4.317763452597548908E-16, 2.350480947161660339 ) ) ;
#6017 = CARTESIAN_POINT ( 'NONE',  ( 31.25000000000000000, -5.510910596163108291E-16, 3.000000000000010658 ) ) ;
#6018 = CARTESIAN_POINT ( 'NONE',  ( 32.53125000000000000, -3.054126587736535114, -1.265060653844735761 ) ) ;
#6019 = CARTESIAN_POINT ( 'NONE',  ( 30.37500000000001066, 2.350480947161660339, 0.000000000000000000 ) ) ;
#6020 = CARTESIAN_POINT ( 'NONE',  ( 23.93750000000000711, -2.350480947161660339, -0.9736010864139181820 ) ) ;
#6021 = CARTESIAN_POINT ( 'NONE',  ( 24.31249999999999645, 0.9736010864139180709, -2.350480947161660339 ) ) ;
#6022 = CARTESIAN_POINT ( 'NONE',  ( 23.93749999999999645, 3.000000000000010658, -1.242640687119289433 ) ) ;
#6023 = VERTEX_POINT ( 'NONE', #4710 ) ;
#6024 = CARTESIAN_POINT ( 'NONE',  ( 42.89951905283837874, -2.321204953832694429, -0.3698219102115661294 ) ) ;
#6025 = CYLINDRICAL_SURFACE ( 'NONE', #4004, 3.000000000000010658 ) ;
#6026 = CARTESIAN_POINT ( 'NONE',  ( 43.31250000000000711, 2.350480947161660339, -0.9736010864139179599 ) ) ;
#6027 = CARTESIAN_POINT ( 'NONE',  ( 34.75000000000000711, -1.662041016787789482, 1.662041016787788816 ) ) ;
#6028 = CARTESIAN_POINT ( 'NONE',  ( 37.43749999999999289, 2.350480947161660339, -0.9736010864139179599 ) ) ;
#6029 = CARTESIAN_POINT ( 'NONE',  ( 21.12500000000000711, -5.510910596163109277E-16, 3.000000000000010658 ) ) ;
#6030 = CARTESIAN_POINT ( 'NONE',  ( 20.06250000000000000, -2.350480947161660339, -0.9736010864139181820 ) ) ;
#6031 =( BOUNDED_CURVE ( )  B_SPLINE_CURVE ( 2, ( #375, #2961, #3360, #1887, #6326, #3450, #2927, #5373, #4439 ),
 .UNSPECIFIED., .F., .T. ) 
 B_SPLINE_CURVE_WITH_KNOTS ( ( 3, 2, 2, 2, 3 ),
 ( 0.8173076923076925127, 0.8221153846153846922, 0.8269230769230768718, 0.8317307692307691624, 0.8365384615384614531 ),
 .UNSPECIFIED. ) 
 CURVE ( )  GEOMETRIC_REPRESENTATION_ITEM ( )  RATIONAL_B_SPLINE_CURVE ( ( 0.9999999999999964473, 0.9238795325112902912, 1.000000000000000000, 0.9238795325112867385, 1.000000000000000000, 0.9238795325112867385, 1.000000000000000000, 0.9238795325112885148, 0.9999999999999982236 ) ) 
 REPRESENTATION_ITEM ( '' )  );
#6032 = CARTESIAN_POINT ( 'NONE',  ( 19.07924682452653897, 1.249208101295446224E-11, 2.920753175473465468 ) ) ;
#6033 = CARTESIAN_POINT ( 'NONE',  ( -42.88656149043514176, -1.556814182538583724, -2.303518737899370006 ) ) ;
#6034 = CARTESIAN_POINT ( 'NONE',  ( 24.93750000000001066, -2.350480947161660339, -0.9736010864139181820 ) ) ;
#6035 = CARTESIAN_POINT ( 'NONE',  ( 22.53124999999999645, -3.054126587736535114, -1.265060653844735761 ) ) ;
#6036 = CARTESIAN_POINT ( 'NONE',  ( 36.00000000000000000, -2.350480947161660339, -2.878508968398366432E-16 ) ) ;
#6037 = ADVANCED_FACE ( 'NONE', ( #218 ), #5808, .T. ) ;
#6038 = EDGE_LOOP ( 'NONE', ( #4202, #3911 ) ) ;
#6039 = CIRCLE ( 'NONE', #1744, 2.886751345948127767 ) ;
#6040 = CARTESIAN_POINT ( 'NONE',  ( 29.18750000000000355, -0.9736010864139177379, -2.350480947161660339 ) ) ;
#6041 = CARTESIAN_POINT ( 'NONE',  ( 22.09375000000000711, 1.265060653844736205, 3.054126587736534670 ) ) ;
#6042 = CARTESIAN_POINT ( 'NONE',  ( 41.06250000000000000, -2.350480947161660339, -0.9736010864139181820 ) ) ;
#6043 = ORIENTED_EDGE ( 'NONE', *, *, #5675, .F. ) ;
#6044 = CARTESIAN_POINT ( 'NONE',  ( 37.68750000000001421, -0.9736010864139191812, 2.350480947161659895 ) ) ;
#6045 = CARTESIAN_POINT ( 'NONE',  ( -42.65246895540649774, 0.5013905582185327336, 2.500000000000000000 ) ) ;
#6046 = EDGE_CURVE ( 'NONE', #281, #4151, #42, .T. ) ;
#6047 = CARTESIAN_POINT ( 'NONE',  ( 42.24999999999999289, 1.439254484199183216E-16, -2.350480947161660339 ) ) ;
#6048 = CARTESIAN_POINT ( 'NONE',  ( 30.56250000000001066, -1.242640687119267451, -3.000000000000032419 ) ) ;
#6049 = CARTESIAN_POINT ( 'NONE',  ( 42.76994445553575730, 0.8427451562636664173, 2.338803111007063951 ) ) ;
#6050 = CARTESIAN_POINT ( 'NONE',  ( 27.37499999999999645, 1.662041016787789260, -1.662041016787788816 ) ) ;
#6051 = DIRECTION ( 'NONE',  ( -1.000000000000000000, -0.000000000000000000, -0.000000000000000000 ) ) ;
#6052 = CARTESIAN_POINT ( 'NONE',  ( 28.93750000000000711, -2.350480947161660339, -0.9736010864139181820 ) ) ;
#6053 = CARTESIAN_POINT ( 'NONE',  ( 24.12500000000001066, 1.439254484199183216E-16, -2.350480947161660339 ) ) ;
#6054 = CARTESIAN_POINT ( 'NONE',  ( 19.93749999999999645, -2.350480947161660339, 0.9736010864139172938 ) ) ;
#6055 = CARTESIAN_POINT ( 'NONE',  ( 25.06249999999999645, 3.000000000000009770, 1.242640687119291654 ) ) ;
#6056 = AXIS2_PLACEMENT_3D ( 'NONE', #5844, #2847, #1276 ) ;
#6057 = EDGE_LOOP ( 'NONE', ( #2911, #2754, #4408, #2663 ) ) ;
#6058 = CARTESIAN_POINT ( 'NONE',  ( -43.00000000000000000, -1.443375672974070323, 2.499999999999995559 ) ) ;
#6059 = CARTESIAN_POINT ( 'NONE',  ( 23.37499999999999645, -2.121320343559650379, 2.121320343559649935 ) ) ;
#6060 = CARTESIAN_POINT ( 'NONE',  ( 42.43750000000000711, 2.350480947161659895, 0.9736010864139195142 ) ) ;
#6061 = CARTESIAN_POINT ( 'NONE',  ( 35.06250000000001421, -0.9736010864139177379, -2.350480947161660339 ) ) ;
#6062 = CARTESIAN_POINT ( 'NONE',  ( 33.49999999999999289, 2.350480947161660339, 0.000000000000000000 ) ) ;
#6063 = CARTESIAN_POINT ( 'NONE',  ( 40.74999999999999289, 1.836970198721036344E-16, -3.000000000000010658 ) ) ;
#6064 = CARTESIAN_POINT ( 'NONE',  ( 19.31249999999999645, 0.9736010864139180709, -2.350480947161660339 ) ) ;
#6065 = CARTESIAN_POINT ( 'NONE',  ( 19.39623412263472346, -1.839199456029414516E-13, -2.603765877365280534 ) ) ;
#6066 = VECTOR ( 'NONE', #6051, 1000.000000000000000 ) ;
#6067 = CARTESIAN_POINT ( 'NONE',  ( 35.25000000000000000, -5.510910596163108291E-16, 3.000000000000010658 ) ) ;
#6068 = CARTESIAN_POINT ( 'NONE',  ( 21.87500000000001066, -2.350480947161660339, -2.878508968398366432E-16 ) ) ;
#6069 = CARTESIAN_POINT ( 'NONE',  ( 22.21875000000000000, -5.610339524793564424E-16, 3.054126587736535559 ) ) ;
#6070 = CARTESIAN_POINT ( 'NONE',  ( 35.93749999999999289, -2.350480947161660783, 0.9736010864139172938 ) ) ;
#6071 = CARTESIAN_POINT ( 'NONE',  ( 31.87500000000000000, -1.662041016787789482, 1.662041016787788816 ) ) ;
#6072 = CARTESIAN_POINT ( 'NONE',  ( 19.53125000000000711, -2.159593620790635438, -2.159593620790635438 ) ) ;
#6073 = ADVANCED_FACE ( 'NONE', ( #1960 ), #2966, .T. ) ;
#6074 = CARTESIAN_POINT ( 'NONE',  ( 41.81249999999999289, -0.9736010864139191812, 2.350480947161659895 ) ) ;
#6075 = ORIENTED_EDGE ( 'NONE', *, *, #305, .F. ) ;
#6076 = CARTESIAN_POINT ( 'NONE',  ( 34.00000000000000711, -1.662041016787788816, -1.662041016787789260 ) ) ;
#6077 = CARTESIAN_POINT ( 'NONE',  ( 20.50000000000000000, -3.000000000000010658, -3.673940397442072687E-16 ) ) ;
#6078 = CARTESIAN_POINT ( 'NONE',  ( 42.06250000000000000, -2.350480947161660339, -0.9736010864139181820 ) ) ;
#6079 = CARTESIAN_POINT ( 'NONE',  ( 28.31250000000000711, -3.000000000000011102, 1.242640687119288989 ) ) ;
#6080 = CARTESIAN_POINT ( 'NONE',  ( 42.51878645124896394, 0.8350024362704219216, -2.606047464879423625 ) ) ;
#6081 = VECTOR ( 'NONE', #5686, 1000.000000000000000 ) ;
#6082 = CARTESIAN_POINT ( 'NONE',  ( 33.15625000000000711, -5.610339524793564424E-16, 3.054126587736535559 ) ) ;
#6083 = ADVANCED_FACE ( 'NONE', ( #3426 ), #4628, .T. ) ;
#6084 = CARTESIAN_POINT ( 'NONE',  ( 23.93750000000000355, -2.350480947161660783, 0.9736010864139172938 ) ) ;
#6085 = DIRECTION ( 'NONE',  ( -1.000000000000000000, -0.000000000000000000, -0.000000000000000000 ) ) ;
#6086 = CARTESIAN_POINT ( 'NONE',  ( 28.68750000000001066, -0.9736010864139191812, 2.350480947161659895 ) ) ;
#6087 = CARTESIAN_POINT ( 'NONE',  ( 25.12500000000001066, 1.439254484199183216E-16, -2.350480947161660339 ) ) ;
#6088 = CARTESIAN_POINT ( 'NONE',  ( 18.43749999999999289, 2.350480947161660339, -0.9736010864139179599 ) ) ;
#6089 = CARTESIAN_POINT ( 'NONE',  ( 25.12499999999999289, 2.121320343559649491, 2.121320343559650379 ) ) ;
#6090 = VERTEX_POINT ( 'NONE', #5869 ) ;
#6091 = DIRECTION ( 'NONE',  ( -0.7071067811865474617, 0.000000000000000000, 0.7071067811865474617 ) ) ;
#6092 = FACE_OUTER_BOUND ( 'NONE', #4705, .T. ) ;
#6093 = CARTESIAN_POINT ( 'NONE',  ( 43.06250000000002132, -0.9736010864139177379, -2.350480947161660339 ) ) ;
#6094 = CARTESIAN_POINT ( 'NONE',  ( 37.31250000000001421, 2.350480947161660339, -0.9736010864139179599 ) ) ;
#6095 = CARTESIAN_POINT ( 'NONE',  ( 32.93749999999999289, -2.350480947161660339, 0.9736010864139172938 ) ) ;
#6096 = CARTESIAN_POINT ( 'NONE',  ( 19.07924682452653897, 1.249208101295446224E-11, 2.920753175473465468 ) ) ;
#6097 = CARTESIAN_POINT ( 'NONE',  ( 42.09375000000000000, 1.265060653844736205, 3.054126587736534670 ) ) ;
#6098 = CARTESIAN_POINT ( 'NONE',  ( -43.00000000000000000, 0.000000000000000000, 3.000000000000010658 ) ) ;
#6099 = CARTESIAN_POINT ( 'NONE',  ( -43.00000000000000000, -1.443375672974067214, -2.499999999999996891 ) ) ;
#6100 = CARTESIAN_POINT ( 'NONE',  ( 26.75000000000000000, 1.836970198721036344E-16, -3.000000000000010658 ) ) ;
#6101 = CARTESIAN_POINT ( 'NONE',  ( 21.09374999999999645, 2.159593620790634994, 2.159593620790635882 ) ) ;
#6102 = CARTESIAN_POINT ( 'NONE',  ( 33.31249999999999289, 0.9736010864139180709, -2.350480947161660339 ) ) ;
#6103 = ORIENTED_EDGE ( 'NONE', *, *, #2239, .F. ) ;
#6104 = CARTESIAN_POINT ( 'NONE',  ( 26.62499999999999645, 1.662041016787788594, 1.662041016787789482 ) ) ;
#6105 = CARTESIAN_POINT ( 'NONE',  ( 19.28125000000000711, -2.159593620790635882, 2.159593620790635438 ) ) ;
#6106 = AXIS2_PLACEMENT_3D ( 'NONE', #1600, #2060, #1074 ) ;
#6107 = VERTEX_POINT ( 'NONE', #5474 ) ;
#6108 = CARTESIAN_POINT ( 'NONE',  ( 34.37500000000000711, 2.350480947161660339, 0.000000000000000000 ) ) ;
#6109 = CARTESIAN_POINT ( 'NONE',  ( 30.75000000000000000, 1.836970198721036344E-16, -3.000000000000010658 ) ) ;
#6110 = CARTESIAN_POINT ( 'NONE',  ( 41.62499999999999289, -2.121320343559649935, -2.121320343559649935 ) ) ;
#6111 = CARTESIAN_POINT ( 'NONE',  ( 28.12499999999999645, 2.121320343559649491, 2.121320343559650379 ) ) ;
#6112 = CARTESIAN_POINT ( 'NONE',  ( 31.84375000000000355, 3.054126587736535114, -1.265060653844735317 ) ) ;
#6113 = CARTESIAN_POINT ( 'NONE',  ( 21.12499999999999645, -1.662041016787788816, -1.662041016787789260 ) ) ;
#6114 = CARTESIAN_POINT ( 'NONE',  ( -43.00000000000000000, 0.000000000000000000, 0.000000000000000000 ) ) ;
#6115 = CARTESIAN_POINT ( 'NONE',  ( 30.68750000000001421, -0.9736010864139191812, 2.350480947161659895 ) ) ;
#6116 = CARTESIAN_POINT ( 'NONE',  ( 18.37500000000001066, 2.350480947161660339, 0.000000000000000000 ) ) ;
#6117 = CARTESIAN_POINT ( 'NONE',  ( 21.18749999999999645, -0.9736010864139177379, -2.350480947161660339 ) ) ;
#6118 = EDGE_CURVE ( 'NONE', #6139, #6175, #437, .T. ) ;
#6119 = CARTESIAN_POINT ( 'NONE',  ( 21.75000000000000000, 1.836970198721036344E-16, -3.000000000000010658 ) ) ;
#6120 = ORIENTED_EDGE ( 'NONE', *, *, #5640, .T. ) ;
#6121 = CARTESIAN_POINT ( 'NONE',  ( -42.61271850370236081, -2.288408915586101600, 1.036359489711282000 ) ) ;
#6122 = CARTESIAN_POINT ( 'NONE',  ( 42.03124999999999289, 3.054126587736534670, 1.265060653844737759 ) ) ;
#6123 = CARTESIAN_POINT ( 'NONE',  ( 43.37500000000001421, 2.350480947161660339, 0.000000000000000000 ) ) ;
#6124 = CARTESIAN_POINT ( 'NONE',  ( 36.93750000000000711, -2.350480947161660339, -0.9736010864139181820 ) ) ;
#6125 = CARTESIAN_POINT ( 'NONE',  ( 30.37500000000000000, 1.662041016787789260, -1.662041016787788816 ) ) ;
#6126 = EDGE_CURVE ( 'NONE', #5165, #4138, #2973, .T. ) ;
#6127 = CARTESIAN_POINT ( 'NONE',  ( 19.01273971413239749, 1.822682927754302851, 2.374643759976720503 ) ) ;
#6128 = ORIENTED_EDGE ( 'NONE', *, *, #527, .F. ) ;
#6129 = CARTESIAN_POINT ( 'NONE',  ( 41.84375000000000711, 3.054126587736535114, -1.265060653844735317 ) ) ;
#6130 = DIRECTION ( 'NONE',  ( -1.000000000000000000, -0.000000000000000000, -0.000000000000000000 ) ) ;
#6131 = FACE_OUTER_BOUND ( 'NONE', #5272, .T. ) ;
#6132 = CARTESIAN_POINT ( 'NONE',  ( 19.31249999999999645, -1.242640687119299425, 3.000000000000000888 ) ) ;
#6133 = CARTESIAN_POINT ( 'NONE',  ( 20.65625000000000000, -1.265060653844735317, -3.054126587736535114 ) ) ;
#6134 = CARTESIAN_POINT ( 'NONE',  ( 35.81250000000000000, -0.9736010864139191812, 2.350480947161659895 ) ) ;
#6135 = ORIENTED_EDGE ( 'NONE', *, *, #1623, .T. ) ;
#6136 = CARTESIAN_POINT ( 'NONE',  ( 27.99999999999999645, -2.350480947161660339, -2.878508968398366432E-16 ) ) ;
#6137 = CARTESIAN_POINT ( 'NONE',  ( 18.40625000000000711, -3.054126587736535559, -3.740226349862376611E-16 ) ) ;
#6138 = DIRECTION ( 'NONE',  ( -1.000000000000000000, -0.000000000000000000, -0.000000000000000000 ) ) ;
#6139 = VERTEX_POINT ( 'NONE', #4908 ) ;
#6140 = CARTESIAN_POINT ( 'NONE',  ( 32.31250000000000711, 2.350480947161660339, -0.9736010864139179599 ) ) ;
#6141 = CARTESIAN_POINT ( 'NONE',  ( 34.59375000000000000, -2.159593620790635438, -2.159593620790635438 ) ) ;
#6142 = CARTESIAN_POINT ( 'NONE',  ( 27.56250000000000000, -3.000000000000010658, -1.242640687119289877 ) ) ;
#6143 = AXIS2_PLACEMENT_3D ( 'NONE', #1317, #3290, #3836 ) ;
#6144 = DIRECTION ( 'NONE',  ( -1.000000000000000000, 0.000000000000000000, 0.000000000000000000 ) ) ;
#6145 = CARTESIAN_POINT ( 'NONE',  ( 42.45214697181866370, -1.427205294783524536, 2.414127090313372470 ) ) ;
#6146 = CARTESIAN_POINT ( 'NONE',  ( 28.40625000000000711, -3.054126587736535559, -3.740226349862376611E-16 ) ) ;
#6147 = CARTESIAN_POINT ( 'NONE',  ( 23.49999999999999645, 2.350480947161660339, 0.000000000000000000 ) ) ;
#6148 = DIRECTION ( 'NONE',  ( -1.000000000000000000, -0.000000000000000000, -0.000000000000000000 ) ) ;
#6149 = CARTESIAN_POINT ( 'NONE',  ( 31.06250000000001066, -0.9736010864139177379, -2.350480947161660339 ) ) ;
#6150 = CARTESIAN_POINT ( 'NONE',  ( 18.43750000000000711, 2.350480947161659895, 0.9736010864139195142 ) ) ;
#6151 = CARTESIAN_POINT ( 'NONE',  ( 19.24999999999999645, 1.439254484199183216E-16, -2.350480947161660339 ) ) ;
#6152 = DIRECTION ( 'NONE',  ( -0.000000000000000000, -0.4999999999999997780, -0.8660254037844387076 ) ) ;
#6153 = B_SPLINE_CURVE_WITH_KNOTS ( 'NONE', 3,
 ( #6509, #2562, #5024, #3474, #6080, #3543, #3443, #4591, #523, #67, #4463, #2103, #5460, #5497, #4528, #4034, #2011, #4959, #2074, #1980, #35, #4001, #4065, #6015, #493, #1515, #5531, #991, #3509, #6049, #1084, #5564, #5594, #1550 ),
 .UNSPECIFIED., .F., .F.,
 ( 4, 2, 2, 2, 2, 2, 2, 2, 2, 2, 2, 2, 2, 2, 2, 2, 4 ),
 ( 0.006783444284404555914, 0.007294185549847146018, 0.007804926815289735254, 0.008315668080732325357, 0.008826409346174915460, 0.009337150611617505563, 0.009847891877060097401, 0.01035863314250268750, 0.01086937440794527761, 0.01138011567338786771, 0.01189085693883045608, 0.01240159820427304618, 0.01291233946971563629, 0.01342308073515822639, 0.01393382200060081649, 0.01444456326604340660, 0.01495530453148599670 ),
 .UNSPECIFIED. ) ;
#6154 = ADVANCED_FACE ( 'NONE', ( #1926 ), #5899, .T. ) ;
#6155 =( BOUNDED_CURVE ( )  B_SPLINE_CURVE ( 2, ( #4890, #4392, #6404, #5977, #1907, #3894, #1408, #1476, #3408 ),
 .UNSPECIFIED., .F., .T. ) 
 B_SPLINE_CURVE_WITH_KNOTS ( ( 3, 2, 2, 2, 3 ),
 ( 0.4134615384615382694, 0.4182692307692305600, 0.4230769230769227951, 0.4278846153846150302, 0.4326923076923073208 ),
 .UNSPECIFIED. ) 
 CURVE ( )  GEOMETRIC_REPRESENTATION_ITEM ( )  RATIONAL_B_SPLINE_CURVE ( ( 1.000000000000002665, 0.9238795325112840739, 1.000000000000000000, 0.9238795325112867385, 1.000000000000000000, 0.9238795325112867385, 1.000000000000000000, 0.9238795325112928447, 0.9999999999999938938 ) ) 
 REPRESENTATION_ITEM ( '' )  );
#6156 = ORIENTED_EDGE ( 'NONE', *, *, #3789, .T. ) ;
#6157 = DIRECTION ( 'NONE',  ( 0.000000000000000000, 0.000000000000000000, 1.000000000000000000 ) ) ;
#6158 = CARTESIAN_POINT ( 'NONE',  ( 41.03124999999999289, 3.054126587736534670, 1.265060653844737759 ) ) ;
#6159 = CARTESIAN_POINT ( 'NONE',  ( 40.12500000000000711, 1.439254484199183216E-16, -2.350480947161660339 ) ) ;
#6160 = CARTESIAN_POINT ( 'NONE',  ( 31.25000000000001421, 1.662041016787789260, -1.662041016787788816 ) ) ;
#6161 = CARTESIAN_POINT ( 'NONE',  ( 32.31249999999999289, 0.9736010864139180709, -2.350480947161660339 ) ) ;
#6162 = DIRECTION ( 'NONE',  ( -0.000000000000000000, 0.8660254037844387076, 0.5000000000000001110 ) ) ;
#6163 = ORIENTED_EDGE ( 'NONE', *, *, #4994, .F. ) ;
#6164 = CARTESIAN_POINT ( 'NONE',  ( 42.90625000000000711, 3.054126587736535559, 0.000000000000000000 ) ) ;
#6165 = DIRECTION ( 'NONE',  ( -1.000000000000000000, -0.000000000000000000, -0.000000000000000000 ) ) ;
#6166 = EDGE_CURVE ( 'NONE', #57, #3361, #5461, .T. ) ;
#6167 = CARTESIAN_POINT ( 'NONE',  ( 33.18750000000000711, -1.242640687119324294, 2.999999999999976907 ) ) ;
#6168 = CARTESIAN_POINT ( 'NONE',  ( 21.43750000000000711, 2.350480947161659895, 0.9736010864139195142 ) ) ;
#6169 = CARTESIAN_POINT ( 'NONE',  ( 17.34374999999999645, -2.159593620790635882, 2.159593620790635438 ) ) ;
#6170 = CARTESIAN_POINT ( 'NONE',  ( 30.06250000000000000, -2.350480947161660339, -0.9736010864139181820 ) ) ;
#6171 = ORIENTED_EDGE ( 'NONE', *, *, #5517, .F. ) ;
#6172 = CARTESIAN_POINT ( 'NONE',  ( 25.31249999999999645, 0.9736010864139180709, -2.350480947161660339 ) ) ;
#6173 = LINE ( 'NONE', #3667, #599 ) ;
#6174 = CARTESIAN_POINT ( 'NONE',  ( 41.62499999999999289, 1.662041016787788594, 1.662041016787789482 ) ) ;
#6175 = VERTEX_POINT ( 'NONE', #6425 ) ;
#6176 = CARTESIAN_POINT ( 'NONE',  ( 32.37500000000001421, 2.350480947161660339, 0.000000000000000000 ) ) ;
#6177 = CARTESIAN_POINT ( 'NONE',  ( 33.03125000000000000, 3.054126587736534670, 1.265060653844737759 ) ) ;
#6178 = CARTESIAN_POINT ( 'NONE',  ( 42.74999999999999289, -4.317763452597548908E-16, 2.350480947161660339 ) ) ;
#6179 = CARTESIAN_POINT ( 'NONE',  ( 33.74999999999999289, 1.836970198721036344E-16, -3.000000000000010658 ) ) ;
#6180 = CARTESIAN_POINT ( 'NONE',  ( 42.29768601060650468, -0.3881150702293068022, 2.933047005774560123 ) ) ;
#6181 = CARTESIAN_POINT ( 'NONE',  ( 28.96875000000001421, 3.054126587736534670, 1.265060653844737759 ) ) ;
#6182 = CARTESIAN_POINT ( 'NONE',  ( 20.74999999999999645, -4.317763452597548908E-16, 2.350480947161660339 ) ) ;
#6183 = CARTESIAN_POINT ( 'NONE',  ( 22.75000000000001066, 2.121320343559649935, -2.121320343559649935 ) ) ;
#6184 = CARTESIAN_POINT ( 'NONE',  ( 24.06250000000001066, -0.9736010864139177379, -2.350480947161660339 ) ) ;
#6185 = CARTESIAN_POINT ( 'NONE',  ( 17.62500000000000711, -4.317763452597548908E-16, 2.350480947161660339 ) ) ;
#6186 = FACE_OUTER_BOUND ( 'NONE', #2863, .T. ) ;
#6187 = CARTESIAN_POINT ( 'NONE',  ( 42.48774047358028128, -1.626641638538972050E-11, -2.762259526419744038 ) ) ;
#6188 = ORIENTED_EDGE ( 'NONE', *, *, #6118, .F. ) ;
#6189 = CARTESIAN_POINT ( 'NONE',  ( 39.93750000000000711, -2.350480947161660339, -0.9736010864139181820 ) ) ;
#6190 = CARTESIAN_POINT ( 'NONE',  ( 39.78125000000000000, 1.265060653844735539, -3.054126587736535114 ) ) ;
#6191 = CARTESIAN_POINT ( 'NONE',  ( 38.25000000000001421, 1.662041016787789260, -1.662041016787788816 ) ) ;
#6192 = CARTESIAN_POINT ( 'NONE',  ( 30.37500000000001066, 2.350480947161660339, 0.000000000000000000 ) ) ;
#6193 = CARTESIAN_POINT ( 'NONE',  ( 33.62499999999999289, 1.662041016787788594, 1.662041016787789482 ) ) ;
#6194 = CARTESIAN_POINT ( 'NONE',  ( 40.93750000000000711, 3.000000000000010658, -1.242640687119289433 ) ) ;
#6195 = ORIENTED_EDGE ( 'NONE', *, *, #3978, .F. ) ;
#6196 = CARTESIAN_POINT ( 'NONE',  ( 42.28125000000000711, -2.159593620790635882, 2.159593620790635438 ) ) ;
#6197 = FACE_OUTER_BOUND ( 'NONE', #926, .T. ) ;
#6198 = CARTESIAN_POINT ( 'NONE',  ( -43.00000000000000000, 0.000000000000000000, 2.886751345948127767 ) ) ;
#6199 = CARTESIAN_POINT ( 'NONE',  ( 20.68750000000001421, -0.9736010864139191812, 2.350480947161659895 ) ) ;
#6200 = CARTESIAN_POINT ( 'NONE',  ( 18.65625000000000000, -1.265060653844735317, -3.054126587736535114 ) ) ;
#6201 = CARTESIAN_POINT ( 'NONE',  ( 31.56249999999999289, 2.350480947161659895, 0.9736010864139195142 ) ) ;
#6202 = CARTESIAN_POINT ( 'NONE',  ( 17.37500000000000711, 2.350480947161660339, 0.000000000000000000 ) ) ;
#6203 = ORIENTED_EDGE ( 'NONE', *, *, #2070, .T. ) ;
#6204 = EDGE_CURVE ( 'NONE', #4753, #281, #756, .T. ) ;
#6205 = CARTESIAN_POINT ( 'NONE',  ( 27.43750000000000355, 2.350480947161660339, -0.9736010864139179599 ) ) ;
#6206 = CARTESIAN_POINT ( 'NONE',  ( 31.75000000000001421, 2.121320343559649935, -2.121320343559649935 ) ) ;
#6207 = CARTESIAN_POINT ( 'NONE',  ( 38.93750000000000000, -2.350480947161660339, 0.9736010864139172938 ) ) ;
#6208 = ORIENTED_EDGE ( 'NONE', *, *, #1710, .F. ) ;
#6209 =( BOUNDED_CURVE ( )  B_SPLINE_CURVE ( 2, ( #379, #3913, #348, #2809, #5929, #5439, #936, #841, #409 ),
 .UNSPECIFIED., .F., .T. ) 
 B_SPLINE_CURVE_WITH_KNOTS ( ( 3, 2, 2, 2, 3 ),
 ( 0.6634615384615385469, 0.6682692307692309486, 0.6730769230769231282, 0.6778846153846154188, 0.6826923076923077094 ),
 .UNSPECIFIED. ) 
 CURVE ( )  GEOMETRIC_REPRESENTATION_ITEM ( )  RATIONAL_B_SPLINE_CURVE ( ( 0.9999999999999982236, 0.9238795325112885148, 1.000000000000000000, 0.9238795325112867385, 1.000000000000000000, 0.9238795325112867385, 1.000000000000000000, 0.9238795325112867385, 1.000000000000000000 ) ) 
 REPRESENTATION_ITEM ( '' )  );
#6210 = CARTESIAN_POINT ( 'NONE',  ( 32.56250000000000711, 0.9736010864139186261, 2.350480947161659895 ) ) ;
#6211 = CARTESIAN_POINT ( 'NONE',  ( 27.65625000000000000, -1.265060653844735317, -3.054126587736535114 ) ) ;
#6212 = DIRECTION ( 'NONE',  ( 1.000000000000000000, 0.000000000000000000, 0.000000000000000000 ) ) ;
#6213 = CARTESIAN_POINT ( 'NONE',  ( 29.25000000000001066, -2.121320343559650379, 2.121320343559649935 ) ) ;
#6214 = CARTESIAN_POINT ( 'NONE',  ( 28.15625000000000711, -5.610339524793564424E-16, 3.054126587736535559 ) ) ;
#6215 = LINE ( 'NONE', #1251, #6463 ) ;
#6216 = PLANE ( 'NONE',  #6256 ) ;
#6217 = CARTESIAN_POINT ( 'NONE',  ( 25.12500000000001066, 1.439254484199183216E-16, -2.350480947161660339 ) ) ;
#6218 = CARTESIAN_POINT ( 'NONE',  ( 21.06250000000001776, -0.9736010864139177379, -2.350480947161660339 ) ) ;
#6219 = DIRECTION ( 'NONE',  ( 0.000000000000000000, 0.000000000000000000, 1.000000000000000000 ) ) ;
#6220 = CARTESIAN_POINT ( 'NONE',  ( 35.75000000000000000, 1.836970198721036344E-16, -3.000000000000010658 ) ) ;
#6221 = AXIS2_PLACEMENT_3D ( 'NONE', #3106, #5109, #4146 ) ;
#6222 = APPROVAL_PERSON_ORGANIZATION ( #5425, #3952, #2987 ) ;
#6223 = ORIENTED_EDGE ( 'NONE', *, *, #535, .T. ) ;
#6224 = CARTESIAN_POINT ( 'NONE',  ( 41.87500000000000711, -2.350480947161660339, -2.878508968398366432E-16 ) ) ;
#6225 = CARTESIAN_POINT ( 'NONE',  ( 39.71875000000000000, 1.870113174931188306E-16, -3.054126587736535559 ) ) ;
#6226 = CARTESIAN_POINT ( 'NONE',  ( 37.43750000000000711, 2.350480947161659895, 0.9736010864139195142 ) ) ;
#6227 = CARTESIAN_POINT ( 'NONE',  ( 32.43750000000000711, 2.350480947161659895, 0.9736010864139195142 ) ) ;
#6228 = CARTESIAN_POINT ( 'NONE',  ( 27.24999999999999645, 1.439254484199183216E-16, -2.350480947161660339 ) ) ;
#6229 = CARTESIAN_POINT ( 'NONE',  ( 24.12500000000000711, -5.510910596163109277E-16, 3.000000000000010658 ) ) ;
#6230 = EDGE_LOOP ( 'NONE', ( #2332, #4075, #5368, #5696, #5499, #2557, #5646, #4583, #2683, #274, #2740, #4680, #2176, #2586, #5434, #4523, #6203, #1523, #5019, #1453, #4698, #5573, #5437, #24, #5235, #487, #3162, #4696, #2774, #1422, #1293, #1207, #1124, #2719, #4191, #3355, #4343, #5681, #1574, #3861, #3392, #3682, #5463, #4475, #2296, #4935, #6223, #5099, #1864, #6275, #1300, #467, #2036, #1510, #5313 ) ) ;
#6231 = CARTESIAN_POINT ( 'NONE',  ( 36.09375000000000711, 1.265060653844736205, 3.054126587736534670 ) ) ;
#6232 = DIRECTION ( 'NONE',  ( -1.000000000000000000, -0.000000000000000000, -0.000000000000000000 ) ) ;
#6233 = CARTESIAN_POINT ( 'NONE',  ( 28.06250000000001421, 1.242640687119268339, 3.000000000000031974 ) ) ;
#6234 = LINE ( 'NONE', #1803, #5380 ) ;
#6235 = CARTESIAN_POINT ( 'NONE',  ( 43.00000000000000711, -1.662041016787788816, -1.662041016787789260 ) ) ;
#6236 = CARTESIAN_POINT ( 'NONE',  ( 29.18750000000000000, -0.9736010864139177379, -2.350480947161660339 ) ) ;
#6237 = CARTESIAN_POINT ( 'NONE',  ( 38.18749999999999289, -0.9736010864139177379, -2.350480947161660339 ) ) ;
#6238 = CARTESIAN_POINT ( 'NONE',  ( 27.93750000000000000, -2.350480947161660339, 0.9736010864139172938 ) ) ;
#6239 = FACE_OUTER_BOUND ( 'NONE', #2049, .T. ) ;
#6240 = CARTESIAN_POINT ( 'NONE',  ( 40.81249999999999289, -0.9736010864139191812, 2.350480947161659895 ) ) ;
#6241 = VERTEX_POINT ( 'NONE', #874 ) ;
#6242 = EDGE_CURVE ( 'NONE', #2749, #1014, #1004, .T. ) ;
#6243 = CARTESIAN_POINT ( 'NONE',  ( 30.18750000000001421, 0.9736010864139180709, -2.350480947161660339 ) ) ;
#6244 = CARTESIAN_POINT ( 'NONE',  ( 28.65625000000000355, -1.265060653844735317, -3.054126587736535114 ) ) ;
#6245 = DIRECTION ( 'NONE',  ( 1.000000000000000000, 0.000000000000000000, 0.000000000000000000 ) ) ;
#6246 = DIRECTION ( 'NONE',  ( -1.000000000000000000, -0.000000000000000000, -0.000000000000000000 ) ) ;
#6247 = CARTESIAN_POINT ( 'NONE',  ( 30.84375000000001066, 3.054126587736535114, -1.265060653844735317 ) ) ;
#6248 = CARTESIAN_POINT ( 'NONE',  ( 42.25000000000002132, 0.000000000000000000, 3.000000000000010658 ) ) ;
#6249 =( BOUNDED_CURVE ( )  B_SPLINE_CURVE ( 2, ( #2608, #1534, #4977, #480, #2674, #776, #5141, #6167, #217 ),
 .UNSPECIFIED., .F., .T. ) 
 B_SPLINE_CURVE_WITH_KNOTS ( ( 3, 2, 2, 2, 3 ),
 ( 0.3942307692307690514, 0.3990384615384613975, 0.4038461538461536882, 0.4086538461538459788, 0.4134615384615382694 ),
 .UNSPECIFIED. ) 
 CURVE ( )  GEOMETRIC_REPRESENTATION_ITEM ( )  RATIONAL_B_SPLINE_CURVE ( ( 1.000000000000002665, 0.9238795325112840739, 1.000000000000000000, 0.9238795325112867385, 1.000000000000000000, 0.9238795325112867385, 1.000000000000000000, 0.9238795325112894030, 0.9999999999999973355 ) ) 
 REPRESENTATION_ITEM ( '' )  );
#6250 = EDGE_CURVE ( 'NONE', #2616, #5737, #4378, .T. ) ;
#6251 = CARTESIAN_POINT ( 'NONE',  ( 36.93750000000000711, 3.000000000000010658, -1.242640687119289433 ) ) ;
#6252 = CARTESIAN_POINT ( 'NONE',  ( 27.12500000000001066, 1.439254484199183216E-16, -2.350480947161660339 ) ) ;
#6253 = CARTESIAN_POINT ( 'NONE',  ( 21.25000000000001066, 1.662041016787789260, -1.662041016787788816 ) ) ;
#6254 = CARTESIAN_POINT ( 'NONE',  ( 37.93750000000001421, 3.000000000000009770, 1.242640687119291654 ) ) ;
#6255 = CARTESIAN_POINT ( 'NONE',  ( 35.81250000000000000, 1.242640687119333398, -2.999999999999966693 ) ) ;
#6256 = AXIS2_PLACEMENT_3D ( 'NONE', #1186, #3191, #4725 ) ;
#6257 = CARTESIAN_POINT ( 'NONE',  ( 34.93749999999999289, -2.350480947161660339, 0.9736010864139172938 ) ) ;
#6258 = ORIENTED_EDGE ( 'NONE', *, *, #658, .T. ) ;
#6259 = CARTESIAN_POINT ( 'NONE',  ( 41.12500000000000711, 1.439254484199183216E-16, -2.350480947161660339 ) ) ;
#6260 = CARTESIAN_POINT ( 'NONE',  ( 39.09375000000000000, 2.159593620790634994, 2.159593620790635882 ) ) ;
#6261 = CARTESIAN_POINT ( 'NONE',  ( 36.43750000000001421, 2.350480947161659895, 0.9736010864139195142 ) ) ;
#6262 = CARTESIAN_POINT ( 'NONE',  ( 30.31250000000001066, 2.350480947161660339, -0.9736010864139179599 ) ) ;
#6263 = CARTESIAN_POINT ( 'NONE',  ( 26.43750000000000355, 2.350480947161660339, -0.9736010864139179599 ) ) ;
#6264 = CARTESIAN_POINT ( 'NONE',  ( 21.12500000000000711, -5.510910596163109277E-16, 3.000000000000010658 ) ) ;
#6265 = VERTEX_POINT ( 'NONE', #5964 ) ;
#6266 = CARTESIAN_POINT ( 'NONE',  ( 38.03125000000000711, 2.159593620790634994, 2.159593620790635882 ) ) ;
#6267 = CARTESIAN_POINT ( 'NONE',  ( 29.00000000000001066, 2.121320343559649491, 2.121320343559650379 ) ) ;
#6268 = DIRECTION ( 'NONE',  ( -1.000000000000000000, -0.000000000000000000, -0.000000000000000000 ) ) ;
#6269 = CARTESIAN_POINT ( 'NONE',  ( 17.78125000000000000, 1.265060653844735539, -3.054126587736535114 ) ) ;
#6270 = CARTESIAN_POINT ( 'NONE',  ( 31.93749999999999645, -2.350480947161660783, 0.9736010864139172938 ) ) ;
#6271 = CARTESIAN_POINT ( 'NONE',  ( 41.12499999999999289, -1.662041016787788816, -1.662041016787789260 ) ) ;
#6272 = CARTESIAN_POINT ( 'NONE',  ( 23.99999999999999645, -2.350480947161660339, -2.878508968398366432E-16 ) ) ;
#6273 = CARTESIAN_POINT ( 'NONE',  ( 19.75000000000001066, 2.121320343559649935, -2.121320343559649935 ) ) ;
#6274 = CARTESIAN_POINT ( 'NONE',  ( 40.43750000000000711, 2.350480947161660339, -0.9736010864139179599 ) ) ;
#6275 = ORIENTED_EDGE ( 'NONE', *, *, #1308, .T. ) ;
#6276 = CARTESIAN_POINT ( 'NONE',  ( 30.56250000000001066, 0.9736010864139186261, 2.350480947161659895 ) ) ;
#6277 = CARTESIAN_POINT ( 'NONE',  ( 27.15624999999999645, 1.265060653844736205, 3.054126587736534670 ) ) ;
#6278 = CARTESIAN_POINT ( 'NONE',  ( 38.62500000000001421, 1.836970198721036344E-16, -3.000000000000010658 ) ) ;
#6279 = CARTESIAN_POINT ( 'NONE',  ( 36.18750000000001421, -1.242640687119346055, 2.999999999999954259 ) ) ;
#6280 = CARTESIAN_POINT ( 'NONE',  ( 29.21875000000001421, -1.265060653844737315, 3.054126587736534670 ) ) ;
#6281 = CARTESIAN_POINT ( 'NONE',  ( 34.31250000000000711, -3.000000000000011102, 1.242640687119288989 ) ) ;
#6282 = CARTESIAN_POINT ( 'NONE',  ( 35.62500000000000000, -2.121320343559649935, -2.121320343559649935 ) ) ;
#6283 = CARTESIAN_POINT ( 'NONE',  ( 25.31250000000001066, 2.350480947161660339, -0.9736010864139179599 ) ) ;
#6284 = CARTESIAN_POINT ( 'NONE',  ( 26.75000000000000000, 1.836970198721036344E-16, -3.000000000000010658 ) ) ;
#6285 = LINE ( 'NONE', #1290, #2333 ) ;
#6286 = CARTESIAN_POINT ( 'NONE',  ( 19.25000000000001066, -2.121320343559650379, 2.121320343559649935 ) ) ;
#6287 = ADVANCED_FACE ( 'NONE', ( #1493 ), #3192, .T. ) ;
#6288 = CARTESIAN_POINT ( 'NONE',  ( 35.68749999999999289, 0.9736010864139186261, 2.350480947161659895 ) ) ;
#6289 = ORIENTED_EDGE ( 'NONE', *, *, #4304, .F. ) ;
#6290 = CARTESIAN_POINT ( 'NONE',  ( 42.12500000000000711, 1.439254484199183216E-16, -2.350480947161660339 ) ) ;
#6291 = CARTESIAN_POINT ( 'NONE',  ( 36.59375000000000000, -2.159593620790635438, -2.159593620790635438 ) ) ;
#6292 = CARTESIAN_POINT ( 'NONE',  ( 36.00000000000001421, -1.662041016787788816, -1.662041016787789260 ) ) ;
#6293 = CARTESIAN_POINT ( 'NONE',  ( 32.68750000000001421, -0.9736010864139191812, 2.350480947161659895 ) ) ;
#6294 = CARTESIAN_POINT ( 'NONE',  ( 28.06249999999999645, -2.350480947161660339, -0.9736010864139181820 ) ) ;
#6295 = CARTESIAN_POINT ( 'NONE',  ( 41.06249999999998579, 3.000000000000009770, 1.242640687119291654 ) ) ;
#6296 = ORIENTED_EDGE ( 'NONE', *, *, #3383, .F. ) ;
#6297 = VERTEX_POINT ( 'NONE', #3776 ) ;
#6298 = CARTESIAN_POINT ( 'NONE',  ( 38.65625000000000711, 1.870113174931188306E-16, -3.054126587736535559 ) ) ;
#6299 = CARTESIAN_POINT ( 'NONE',  ( 39.74999999999999289, 1.836970198721036344E-16, -3.000000000000010658 ) ) ;
#6300 = CARTESIAN_POINT ( 'NONE',  ( 37.43750000000000711, -3.000000000000011102, 1.242640687119288989 ) ) ;
#6301 = CARTESIAN_POINT ( 'NONE',  ( 18.46875000000000000, -3.054126587736535559, -3.740226349862376611E-16 ) ) ;
#6302 = CARTESIAN_POINT ( 'NONE',  ( 32.56249999999999289, 2.350480947161659895, 0.9736010864139195142 ) ) ;
#6303 = CARTESIAN_POINT ( 'NONE',  ( 39.43750000000000000, 2.350480947161660339, -0.9736010864139179599 ) ) ;
#6304 = CARTESIAN_POINT ( 'NONE',  ( 21.50000000000000000, 2.350480947161660339, 0.000000000000000000 ) ) ;
#6305 = CARTESIAN_POINT ( 'NONE',  ( 19.12499999999999645, 2.121320343559649491, 2.121320343559650379 ) ) ;
#6306 = CARTESIAN_POINT ( 'NONE',  ( 37.37500000000000000, 1.662041016787789260, -1.662041016787788816 ) ) ;
#6307 = EDGE_LOOP ( 'NONE', ( #562, #3271, #801 ) ) ;
#6308 = CARTESIAN_POINT ( 'NONE',  ( 30.50000000000001066, 1.662041016787788594, 1.662041016787789482 ) ) ;
#6309 = CARTESIAN_POINT ( 'NONE',  ( 28.90625000000000355, 3.054126587736535114, -1.265060653844735317 ) ) ;
#6310 = CARTESIAN_POINT ( 'NONE',  ( 41.81249999999999289, -0.9736010864139191812, 2.350480947161659895 ) ) ;
#6311 = CARTESIAN_POINT ( 'NONE',  ( 35.75000000000000000, 1.836970198721036344E-16, -3.000000000000010658 ) ) ;
#6312 = CARTESIAN_POINT ( 'NONE',  ( 25.59375000000000711, -1.265060653844735317, -3.054126587736535114 ) ) ;
#6313 = CARTESIAN_POINT ( 'NONE',  ( 19.74999999999999645, -4.317763452597548908E-16, 2.350480947161660339 ) ) ;
#6314 = CARTESIAN_POINT ( 'NONE',  ( 37.25000000000000000, -5.510910596163108291E-16, 3.000000000000010658 ) ) ;
#6315 = CARTESIAN_POINT ( 'NONE',  ( 24.81250000000001066, -2.350480947161660339, 0.9736010864139172938 ) ) ;
#6316 = CARTESIAN_POINT ( 'NONE',  ( -43.00000000000000000, 0.000000000000000000, 0.000000000000000000 ) ) ;
#6317 = CARTESIAN_POINT ( 'NONE',  ( 22.62500000000000711, 1.836970198721036344E-16, -3.000000000000010658 ) ) ;
#6318 = CARTESIAN_POINT ( 'NONE',  ( 19.04340716455292792, 2.940625052494439284, 0.3543253272058306536 ) ) ;
#6319 = CARTESIAN_POINT ( 'NONE',  ( 35.81250000000000000, -0.9736010864139191812, 2.350480947161659895 ) ) ;
#6320 = ORIENTED_EDGE ( 'NONE', *, *, #5607, .T. ) ;
#6321 = CARTESIAN_POINT ( 'NONE',  ( 38.96875000000000000, 3.054126587736535559, 0.000000000000000000 ) ) ;
#6322 = EDGE_CURVE ( 'NONE', #6023, #958, #5902, .T. ) ;
#6323 = CARTESIAN_POINT ( 'NONE',  ( 38.50000000000001421, 1.662041016787788594, 1.662041016787789482 ) ) ;
#6324 = CARTESIAN_POINT ( 'NONE',  ( 26.81250000000001066, -2.350480947161660339, 0.9736010864139172938 ) ) ;
#6325 = CARTESIAN_POINT ( 'NONE',  ( 27.99999999999999645, -2.350480947161660339, -2.878508968398366432E-16 ) ) ;
#6326 = CARTESIAN_POINT ( 'NONE',  ( 38.50000000000000000, -3.000000000000010658, -3.673940397442072687E-16 ) ) ;
#6327 = ORIENTED_EDGE ( 'NONE', *, *, #175, .T. ) ;
#6328 = VECTOR ( 'NONE', #1410, 1000.000000000000000 ) ;
#6329 = LOCAL_TIME ( 13, 43, 36.00000000000000000, #1444 ) ;
#6330 = CARTESIAN_POINT ( 'NONE',  ( 36.71875000000000711, 1.265060653844735539, -3.054126587736535114 ) ) ;
#6331 = CYLINDRICAL_SURFACE ( 'NONE', #5905, 3.000000000000010658 ) ;
#6332 = EDGE_CURVE ( 'NONE', #2479, #4107, #2275, .T. ) ;
#6333 = DIRECTION ( 'NONE',  ( 0.000000000000000000, 0.000000000000000000, 1.000000000000000000 ) ) ;
#6334 = CARTESIAN_POINT ( 'NONE',  ( 40.00000000000000711, -1.662041016787788816, -1.662041016787789260 ) ) ;
#6335 = CARTESIAN_POINT ( 'NONE',  ( 39.93750000000000711, -2.350480947161660339, 0.9736010864139172938 ) ) ;
#6336 = CARTESIAN_POINT ( 'NONE',  ( 22.18749999999999645, -0.9736010864139177379, -2.350480947161660339 ) ) ;
#6337 = CARTESIAN_POINT ( 'NONE',  ( 25.50000000000001066, -2.121320343559649935, -2.121320343559649935 ) ) ;
#6338 = CARTESIAN_POINT ( 'NONE',  ( 40.74999999999999289, -4.317763452597548908E-16, 2.350480947161660339 ) ) ;
#6339 = CARTESIAN_POINT ( 'NONE',  ( 27.75000000000001066, -1.662041016787789482, 1.662041016787788816 ) ) ;
#6340 = CARTESIAN_POINT ( 'NONE',  ( 28.34375000000000000, -2.159593620790635882, 2.159593620790635438 ) ) ;
#6341 = CARTESIAN_POINT ( 'NONE',  ( 39.93750000000000711, -2.350480947161660783, 0.9736010864139172938 ) ) ;
#6342 = DIRECTION ( 'NONE',  ( 0.000000000000000000, 0.000000000000000000, 1.000000000000000000 ) ) ;
#6343 = EDGE_LOOP ( 'NONE', ( #344, #6479, #5749, #5388 ) ) ;
#6344 = CARTESIAN_POINT ( 'NONE',  ( 25.15625000000000711, -5.610339524793564424E-16, 3.054126587736535559 ) ) ;
#6345 = CARTESIAN_POINT ( 'NONE',  ( 20.12499999999999645, -1.662041016787788816, -1.662041016787789260 ) ) ;
#6346 = CARTESIAN_POINT ( 'NONE',  ( 22.06250000000001421, 1.242640687119268339, 3.000000000000031974 ) ) ;
#6347 = CARTESIAN_POINT ( 'NONE',  ( 19.56250000000001421, 0.9736010864139186261, 2.350480947161659895 ) ) ;
#6348 = CARTESIAN_POINT ( 'NONE',  ( 17.37500000000000711, 2.350480947161660339, 0.000000000000000000 ) ) ;
#6349 = CARTESIAN_POINT ( 'NONE',  ( 38.43750000000001421, -3.000000000000010658, -1.242640687119289877 ) ) ;
#6350 = CARTESIAN_POINT ( 'NONE',  ( 33.06249999999999289, -2.350480947161660339, -0.9736010864139181820 ) ) ;
#6351 = VERTEX_POINT ( 'NONE', #3228 ) ;
#6352 = CARTESIAN_POINT ( 'NONE',  ( 36.71875000000000000, 1.870113174931188306E-16, -3.054126587736535559 ) ) ;
#6353 = CARTESIAN_POINT ( 'NONE',  ( 35.12500000000000711, 1.439254484199183216E-16, -2.350480947161660339 ) ) ;
#6354 = CARTESIAN_POINT ( 'NONE',  ( 26.93750000000001066, -2.350480947161660339, -0.9736010864139181820 ) ) ;
#6355 = AXIS2_PLACEMENT_3D ( 'NONE', #3578, #6085, #5598 ) ;
#6356 = CARTESIAN_POINT ( 'NONE',  ( 27.31249999999999645, 0.9736010864139180709, -2.350480947161660339 ) ) ;
#6357 = CARTESIAN_POINT ( 'NONE',  ( 23.25000000000000000, -5.510910596163108291E-16, 3.000000000000010658 ) ) ;
#6358 = ORIENTED_EDGE ( 'NONE', *, *, #4590, .F. ) ;
#6359 = CARTESIAN_POINT ( 'NONE',  ( 37.09375000000000711, 1.265060653844736205, 3.054126587736534670 ) ) ;
#6360 = DIRECTION ( 'NONE',  ( -1.000000000000000000, -0.000000000000000000, -0.000000000000000000 ) ) ;
#6361 = DIRECTION ( 'NONE',  ( 0.000000000000000000, 0.000000000000000000, -1.000000000000000000 ) ) ;
#6362 = CARTESIAN_POINT ( 'NONE',  ( 25.12500000000000711, -5.510910596163109277E-16, 3.000000000000010658 ) ) ;
#6363 = CARTESIAN_POINT ( 'NONE',  ( 40.43750000000000711, 2.350480947161659895, 0.9736010864139195142 ) ) ;
#6364 = CARTESIAN_POINT ( 'NONE',  ( 38.43749999999999289, 2.350480947161660339, -0.9736010864139179599 ) ) ;
#6365 = ADVANCED_FACE ( 'NONE', ( #5726 ), #5693, .T. ) ;
#6366 = CARTESIAN_POINT ( 'NONE',  ( 23.81249999999999645, -0.9736010864139191812, 2.350480947161659895 ) ) ;
#6367 = DIRECTION ( 'NONE',  ( -1.000000000000000000, -0.000000000000000000, -0.000000000000000000 ) ) ;
#6368 = CARTESIAN_POINT ( 'NONE',  ( 30.37500000000001066, 2.350480947161660339, 0.000000000000000000 ) ) ;
#6369 = CARTESIAN_POINT ( 'NONE',  ( 24.28125000000000355, -1.265060653844737315, 3.054126587736534670 ) ) ;
#6370 = CARTESIAN_POINT ( 'NONE',  ( 40.43750000000000711, 2.350480947161660339, -0.9736010864139179599 ) ) ;
#6371 = ORIENTED_EDGE ( 'NONE', *, *, #4708, .T. ) ;
#6372 = CARTESIAN_POINT ( 'NONE',  ( 25.09375000000001066, 1.265060653844736205, 3.054126587736534670 ) ) ;
#6373 = FACE_OUTER_BOUND ( 'NONE', #2838, .T. ) ;
#6374 = CARTESIAN_POINT ( 'NONE',  ( -42.88722609038088507, 1.556149582593181702, -2.304669858771506430 ) ) ;
#6375 = CARTESIAN_POINT ( 'NONE',  ( 21.31250000000001776, 2.350480947161660339, -0.9736010864139179599 ) ) ;
#6376 = CARTESIAN_POINT ( 'NONE',  ( 27.25000000000000000, -5.510910596163108291E-16, 3.000000000000010658 ) ) ;
#6377 = PERSON_AND_ORGANIZATION_ROLE ( 'creator' ) ;
#6378 = PLANE ( 'NONE',  #863 ) ;
#6379 = AXIS2_PLACEMENT_3D ( 'NONE', #4099, #2532, #3123 ) ;
#6380 = CARTESIAN_POINT ( 'NONE',  ( 34.24999999999999289, 1.439254484199183216E-16, -2.350480947161660339 ) ) ;
#6381 = ORIENTED_EDGE ( 'NONE', *, *, #4794, .T. ) ;
#6382 = CARTESIAN_POINT ( 'NONE',  ( 35.71875000000000000, 1.870113174931188306E-16, -3.054126587736535559 ) ) ;
#6383 = CARTESIAN_POINT ( 'NONE',  ( 35.00000000000000711, -1.662041016787788816, -1.662041016787789260 ) ) ;
#6384 = CARTESIAN_POINT ( 'NONE',  ( 27.56250000000001066, 0.9736010864139186261, 2.350480947161659895 ) ) ;
#6385 = CARTESIAN_POINT ( 'NONE',  ( 22.87499999999999645, -1.662041016787789482, 1.662041016787788816 ) ) ;
#6386 = CARTESIAN_POINT ( 'NONE',  ( 23.00000000000000000, 3.000000000000010658, 0.000000000000000000 ) ) ;
#6387 = VERTEX_POINT ( 'NONE', #1718 ) ;
#6388 = CARTESIAN_POINT ( 'NONE',  ( 34.21875000000000000, -1.265060653844737315, 3.054126587736534670 ) ) ;
#6389 = CARTESIAN_POINT ( 'NONE',  ( 42.48774047358028128, -1.626641638538972050E-11, -2.762259526419744038 ) ) ;
#6390 = CARTESIAN_POINT ( 'NONE',  ( 41.81250000000000711, 3.000000000000010658, -1.242640687119289433 ) ) ;
#6391 = CARTESIAN_POINT ( 'NONE',  ( -43.00000000000000000, 0.000000000000000000, 0.000000000000000000 ) ) ;
#6392 = CARTESIAN_POINT ( 'NONE',  ( 39.43750000000000711, 2.350480947161659895, 0.9736010864139195142 ) ) ;
#6393 = CARTESIAN_POINT ( 'NONE',  ( 34.99999999999999289, -2.350480947161660339, -2.878508968398366432E-16 ) ) ;
#6394 = CARTESIAN_POINT ( 'NONE',  ( 23.68750000000000355, 0.9736010864139186261, 2.350480947161659895 ) ) ;
#6395 = CARTESIAN_POINT ( 'NONE',  ( 26.12500000000000711, -5.510910596163109277E-16, 3.000000000000010658 ) ) ;
#6396 = CARTESIAN_POINT ( 'NONE',  ( 22.75000000000001066, -1.662041016787789482, 1.662041016787788816 ) ) ;
#6397 = CARTESIAN_POINT ( 'NONE',  ( 23.96875000000000000, 3.054126587736535559, 0.000000000000000000 ) ) ;
#6398 = CARTESIAN_POINT ( 'NONE',  ( 38.56250000000000000, 2.350480947161659895, 0.9736010864139195142 ) ) ;
#6399 = ADVANCED_FACE ( 'NONE', ( #6186 ), #5161, .T. ) ;
#6400 = VERTEX_POINT ( 'NONE', #1255 ) ;
#6401 = CARTESIAN_POINT ( 'NONE',  ( 26.71875000000001066, 1.265060653844735539, -3.054126587736535114 ) ) ;
#6402 = CYLINDRICAL_SURFACE ( 'NONE', #3927, 3.000000000000010658 ) ;
#6403 = CARTESIAN_POINT ( 'NONE',  ( 41.93750000000000711, -2.350480947161660339, -0.9736010864139181820 ) ) ;
#6404 = CARTESIAN_POINT ( 'NONE',  ( 33.00000000000000711, 2.121320343559649491, 2.121320343559650379 ) ) ;
#6405 = EDGE_CURVE ( 'NONE', #1190, #3649, #5879, .T. ) ;
#6406 = CARTESIAN_POINT ( 'NONE',  ( 22.75000000000001066, -1.662041016787789482, 1.662041016787788816 ) ) ;
#6407 = CARTESIAN_POINT ( 'NONE',  ( 41.50000000000000711, -2.121320343559649935, -2.121320343559649935 ) ) ;
#6408 = PERSON_AND_ORGANIZATION_ROLE ( 'creator' ) ;
#6409 = CARTESIAN_POINT ( 'NONE',  ( 28.68749999999999645, -1.242640687119223264, -3.000000000000075939 ) ) ;
#6410 = CARTESIAN_POINT ( 'NONE',  ( 25.62499999999999645, 1.662041016787788594, 1.662041016787789482 ) ) ;
#6411 = CARTESIAN_POINT ( 'NONE',  ( 30.62500000000001066, 1.836970198721036344E-16, -3.000000000000010658 ) ) ;
#6412 = CARTESIAN_POINT ( 'NONE',  ( 37.53125000000000000, -3.054126587736535114, -1.265060653844735761 ) ) ;
#6413 =( BOUNDED_CURVE ( )  B_SPLINE_CURVE ( 2, ( #3985, #3459, #5260, #2969, #4974, #940, #477, #2485, #2758 ),
 .UNSPECIFIED., .F., .F. ) 
 B_SPLINE_CURVE_WITH_KNOTS ( ( 3, 2, 2, 2, 3 ),
 ( 0.6057692307692308376, 0.6105769230769231282, 0.6153846153846154188, 0.6201923076923077094, 0.6250000000000000000 ),
 .UNSPECIFIED. ) 
 CURVE ( )  GEOMETRIC_REPRESENTATION_ITEM ( )  RATIONAL_B_SPLINE_CURVE ( ( 1.000000000000000000, 0.9238795325112867385, 1.000000000000000000, 0.9238795325112867385, 1.000000000000000000, 0.9238795325112867385, 1.000000000000000000, 0.9238795325112867385, 1.000000000000000000 ) ) 
 REPRESENTATION_ITEM ( '' )  );
#6414 = CARTESIAN_POINT ( 'NONE',  ( 33.68750000000001421, -0.9736010864139191812, 2.350480947161659895 ) ) ;
#6415 = CARTESIAN_POINT ( 'NONE',  ( 26.00000000000001066, -1.662041016787788816, -1.662041016787789260 ) ) ;
#6416 = CARTESIAN_POINT ( 'NONE',  ( 22.12499999999999645, -1.662041016787788816, -1.662041016787789260 ) ) ;
#6417 = CARTESIAN_POINT ( 'NONE',  ( 21.06250000000001066, 1.242640687119268339, 3.000000000000031974 ) ) ;
#6418 = ORIENTED_EDGE ( 'NONE', *, *, #18, .F. ) ;
#6419 =( BOUNDED_CURVE ( )  B_SPLINE_CURVE ( 2, ( #3479, #4434, #4996, #4864, #368, #993, #1385, #6446, #3385 ),
 .UNSPECIFIED., .F., .T. ) 
 B_SPLINE_CURVE_WITH_KNOTS ( ( 3, 2, 2, 2, 3 ),
 ( 0.5673076923076925127, 0.5721153846153848033, 0.5769230769230769829, 0.5817307692307691624, 0.5865384615384615641 ),
 .UNSPECIFIED. ) 
 CURVE ( )  GEOMETRIC_REPRESENTATION_ITEM ( )  RATIONAL_B_SPLINE_CURVE ( ( 0.9999999999999964473, 0.9238795325112902912, 1.000000000000000000, 0.9238795325112867385, 1.000000000000000000, 0.9238795325112867385, 1.000000000000000000, 0.9238795325112867385, 1.000000000000000000 ) ) 
 REPRESENTATION_ITEM ( '' )  );
#6420 = CARTESIAN_POINT ( 'NONE',  ( 32.03125000000001421, 2.159593620790634994, 2.159593620790635882 ) ) ;
#6421 =( GEOMETRIC_REPRESENTATION_CONTEXT ( 3 ) GLOBAL_UNCERTAINTY_ASSIGNED_CONTEXT ( ( #571 ) ) GLOBAL_UNIT_ASSIGNED_CONTEXT ( ( #829, #3811, #5826 ) ) REPRESENTATION_CONTEXT ( 'NONE', 'WORKASPACE' ) );
#6422 = ORIENTED_EDGE ( 'NONE', *, *, #2063, .F. ) ;
#6423 = CARTESIAN_POINT ( 'NONE',  ( 37.12500000000001421, -5.510910596163109277E-16, 3.000000000000010658 ) ) ;
#6424 = CARTESIAN_POINT ( 'NONE',  ( 22.18750000000001066, -1.242640687119313192, 2.999999999999987121 ) ) ;
#6425 = CARTESIAN_POINT ( 'NONE',  ( -37.00000000000000711, 0.000000000000000000, 3.000000000000006217 ) ) ;
#6426 = CARTESIAN_POINT ( 'NONE',  ( 40.62500000000000711, -4.317763452597548908E-16, 2.350480947161660339 ) ) ;
#6427 = CARTESIAN_POINT ( 'NONE',  ( 34.49999999999999289, 2.350480947161660339, 0.000000000000000000 ) ) ;
#6428 = CARTESIAN_POINT ( 'NONE',  ( 43.78125000000000711, 2.159593620790635438, -2.159593620790635438 ) ) ;
#6429 = CARTESIAN_POINT ( 'NONE',  ( 37.12500000000001421, -5.510910596163109277E-16, 3.000000000000010658 ) ) ;
#6430 = AXIS2_PLACEMENT_3D ( 'NONE', #2083, #1064, #5069 ) ;
#6431 = CARTESIAN_POINT ( 'NONE',  ( 24.25000000000001066, 1.662041016787789260, -1.662041016787788816 ) ) ;
#6432 = CARTESIAN_POINT ( 'NONE',  ( 26.59375000000000000, -2.159593620790635438, -2.159593620790635438 ) ) ;
#6433 = CARTESIAN_POINT ( 'NONE',  ( 37.75000000000000000, -4.317763452597548908E-16, 2.350480947161660339 ) ) ;
#6434 = CARTESIAN_POINT ( 'NONE',  ( 28.87499999999999645, -1.662041016787789482, 1.662041016787788816 ) ) ;
#6435 = CARTESIAN_POINT ( 'NONE',  ( 25.46875000000000711, -3.054126587736535114, -1.265060653844735761 ) ) ;
#6436 = EDGE_CURVE ( 'NONE', #6351, #5878, #2246, .T. ) ;
#6437 = CYLINDRICAL_SURFACE ( 'NONE', #1526, 3.000000000000010658 ) ;
#6438 = CARTESIAN_POINT ( 'NONE',  ( 38.25000000000001421, 1.662041016787789260, -1.662041016787788816 ) ) ;
#6439 = CARTESIAN_POINT ( 'NONE',  ( 21.68750000000000711, 1.242640687119289877, -3.000000000000010658 ) ) ;
#6440 = CARTESIAN_POINT ( 'NONE',  ( 22.93750000000001066, -2.350480947161660339, -0.9736010864139181820 ) ) ;
#6441 = CYLINDRICAL_SURFACE ( 'NONE', #3250, 5.000000000000004441 ) ;
#6442 = PERSON_AND_ORGANIZATION ( #5039, #757 ) ;
#6443 = CARTESIAN_POINT ( 'NONE',  ( 40.68749999999999289, -1.242640687119267451, -3.000000000000032419 ) ) ;
#6444 = ADVANCED_FACE ( 'NONE', ( #3195 ), #5267, .T. ) ;
#6445 = CARTESIAN_POINT ( 'NONE',  ( 25.93750000000000000, -2.350480947161660783, 0.9736010864139172938 ) ) ;
#6446 = CARTESIAN_POINT ( 'NONE',  ( 32.18750000000000000, 1.242640687119290321, 3.000000000000010214 ) ) ;
#6447 = CARTESIAN_POINT ( 'NONE',  ( 31.53124999999999645, -3.054126587736535114, -1.265060653844735761 ) ) ;
#6448 = CARTESIAN_POINT ( 'NONE',  ( 34.31250000000000711, 2.350480947161660339, -0.9736010864139179599 ) ) ;
#6449 = CARTESIAN_POINT ( 'NONE',  ( 27.81250000000001066, -2.350480947161660339, 0.9736010864139172938 ) ) ;
#6450 = CARTESIAN_POINT ( 'NONE',  ( 21.74999999999999645, -4.317763452597548908E-16, 2.350480947161660339 ) ) ;
#6451 = DIRECTION ( 'NONE',  ( -1.000000000000000000, -0.000000000000000000, -0.000000000000000000 ) ) ;
#6452 = ORIENTED_EDGE ( 'NONE', *, *, #4671, .T. ) ;
#6453 = CARTESIAN_POINT ( 'NONE',  ( 32.78125000000001421, 2.159593620790635438, -2.159593620790635438 ) ) ;
#6454 =( BOUNDED_CURVE ( )  B_SPLINE_CURVE ( 2, ( #3423, #408, #1859, #3980, #2931, #3363, #5961, #4443, #6423 ),
 .UNSPECIFIED., .F., .F. ) 
 B_SPLINE_CURVE_WITH_KNOTS ( ( 3, 2, 2, 2, 3 ),
 ( 0.2403846153846150580, 0.2451923076923073486, 0.2499999999999996669, 0.2548076923076919575, 0.2596153846153843037 ),
 .UNSPECIFIED. ) 
 CURVE ( )  GEOMETRIC_REPRESENTATION_ITEM ( )  RATIONAL_B_SPLINE_CURVE ( ( 1.000000000000005329, 0.9238795325112815204, 1.000000000000000000, 0.9238795325112867385, 1.000000000000000000, 0.9238795325112867385, 1.000000000000000000, 0.9238795325112919565, 0.9999999999999947820 ) ) 
 REPRESENTATION_ITEM ( '' )  );
#6455 = ORIENTED_EDGE ( 'NONE', *, *, #5842, .T. ) ;
#6456 = CARTESIAN_POINT ( 'NONE',  ( 36.31250000000000711, -1.242640687119313192, 2.999999999999987121 ) ) ;
#6457 = CARTESIAN_POINT ( 'NONE',  ( 19.20704856933917171, -2.684867872589462134, 0.8494959838082436487 ) ) ;
#6458 =( BOUNDED_CURVE ( )  B_SPLINE_CURVE ( 2, ( #3710, #5723, #1220, #6251, #1749, #1252, #2795, #3257, #6314 ),
 .UNSPECIFIED., .F., .F. ) 
 B_SPLINE_CURVE_WITH_KNOTS ( ( 3, 2, 2, 2, 3 ),
 ( 0.7596153846153848033, 0.7644230769230770939, 0.7692307692307693845, 0.7740384615384617861, 0.7788461538461540767 ),
 .UNSPECIFIED. ) 
 CURVE ( )  GEOMETRIC_REPRESENTATION_ITEM ( )  RATIONAL_B_SPLINE_CURVE ( ( 0.9999999999999964473, 0.9238795325112902912, 1.000000000000000000, 0.9238795325112867385, 1.000000000000000000, 0.9238795325112867385, 1.000000000000000000, 0.9238795325112831858, 1.000000000000003553 ) ) 
 REPRESENTATION_ITEM ( '' )  );
#6459 = CARTESIAN_POINT ( 'NONE',  ( 22.56249999999999645, -3.000000000000010658, -1.242640687119289877 ) ) ;
#6460 = CARTESIAN_POINT ( 'NONE',  ( 40.93750000000000711, -2.350480947161660339, -0.9736010864139181820 ) ) ;
#6461 = CARTESIAN_POINT ( 'NONE',  ( 34.43749999999999289, 2.350480947161660339, -0.9736010864139179599 ) ) ;
#6462 = CARTESIAN_POINT ( 'NONE',  ( 38.00000000000000711, 3.000000000000010658, 0.000000000000000000 ) ) ;
#6463 = VECTOR ( 'NONE', #299, 1000.000000000000000 ) ;
#6464 = CARTESIAN_POINT ( 'NONE',  ( 17.56249999999999645, 2.350480947161659895, 0.9736010864139195142 ) ) ;
#6465 = CARTESIAN_POINT ( 'NONE',  ( 30.25000000000000000, -5.510910596163108291E-16, 3.000000000000010658 ) ) ;
#6466 = CARTESIAN_POINT ( 'NONE',  ( 25.75000000000001066, -1.662041016787789482, 1.662041016787788816 ) ) ;
#6467 = CARTESIAN_POINT ( 'NONE',  ( 26.65624999999999645, -1.265060653844735317, -3.054126587736535114 ) ) ;
#6468 = CARTESIAN_POINT ( 'NONE',  ( 40.18749999999999289, -0.9736010864139177379, -2.350480947161660339 ) ) ;
#6469 = CARTESIAN_POINT ( 'NONE',  ( 31.06249999999999289, -2.350480947161660339, -0.9736010864139181820 ) ) ;
#6470 = CARTESIAN_POINT ( 'NONE',  ( 20.46875000000000711, -3.054126587736535114, -1.265060653844735761 ) ) ;
#6471 = PLANE ( 'NONE',  #4776 ) ;
#6472 = CARTESIAN_POINT ( 'NONE',  ( 36.43750000000001421, 2.350480947161659895, 0.9736010864139195142 ) ) ;
#6473 = DIRECTION ( 'NONE',  ( -0.7071067811865474617, 8.659560562354932858E-17, -0.7071067811865474617 ) ) ;
#6474 = CARTESIAN_POINT ( 'NONE',  ( 23.06250000000001066, -0.9736010864139177379, -2.350480947161660339 ) ) ;
#6475 = CARTESIAN_POINT ( 'NONE',  ( 42.84390746353538759, -0.9146215301019049448, 2.233385995581071093 ) ) ;
#6476 = EDGE_CURVE ( 'NONE', #3197, #958, #2146, .T. ) ;
#6477 = CARTESIAN_POINT ( 'NONE',  ( 21.37500000000000711, -3.000000000000010658, -3.673940397442072687E-16 ) ) ;
#6478 = CARTESIAN_POINT ( 'NONE',  ( 27.62499999999999645, 1.662041016787788594, 1.662041016787789482 ) ) ;
#6479 = ORIENTED_EDGE ( 'NONE', *, *, #2239, .T. ) ;
#6480 = CARTESIAN_POINT ( 'NONE',  ( 33.59375000000000000, -2.159593620790635438, -2.159593620790635438 ) ) ;
#6481 = CARTESIAN_POINT ( 'NONE',  ( 34.00000000000000711, -1.662041016787788816, -1.662041016787789260 ) ) ;
#6482 = CARTESIAN_POINT ( 'NONE',  ( 24.56250000000001066, 0.9736010864139186261, 2.350480947161659895 ) ) ;
#6483 = CARTESIAN_POINT ( 'NONE',  ( 23.12499999999999645, -1.662041016787788816, -1.662041016787789260 ) ) ;
#6484 = EDGE_CURVE ( 'NONE', #1902, #5506, #6285, .T. ) ;
#6485 = CARTESIAN_POINT ( 'NONE',  ( 36.62500000000001421, 1.836970198721036344E-16, -3.000000000000010658 ) ) ;
#6486 = CARTESIAN_POINT ( 'NONE',  ( 32.84375000000000711, 3.054126587736535114, -1.265060653844735317 ) ) ;
#6487 = ORIENTED_EDGE ( 'NONE', *, *, #1865, .T. ) ;
#6488 = CARTESIAN_POINT ( 'NONE',  ( 26.25000000000001066, -2.121320343559650379, 2.121320343559649935 ) ) ;
#6489 = FACE_OUTER_BOUND ( 'NONE', #3182, .T. ) ;
#6490 = CARTESIAN_POINT ( 'NONE',  ( 31.31250000000000000, -1.242640687119335174, 2.999999999999965361 ) ) ;
#6491 = CARTESIAN_POINT ( 'NONE',  ( 34.62500000000000711, -4.317763452597548908E-16, 2.350480947161660339 ) ) ;
#6492 = CARTESIAN_POINT ( 'NONE',  ( 37.31250000000000000, 0.9736010864139180709, -2.350480947161660339 ) ) ;
#6493 = CARTESIAN_POINT ( 'NONE',  ( -43.00000000000000000, 3.673940397442072687E-16, -3.000000000000010658 ) ) ;
#6494 = CARTESIAN_POINT ( 'NONE',  ( 18.18749999999999645, -0.9736010864139177379, -2.350480947161660339 ) ) ;
#6495 = CARTESIAN_POINT ( 'NONE',  ( -43.00000000000000000, 0.000000000000000000, 0.000000000000000000 ) ) ;
#6496 = CARTESIAN_POINT ( 'NONE',  ( 24.06250000000001066, 1.242640687119268339, 3.000000000000031974 ) ) ;
#6497 = CARTESIAN_POINT ( 'NONE',  ( 25.12500000000001066, 1.439254484199183216E-16, -2.350480947161660339 ) ) ;
#6498 = CARTESIAN_POINT ( 'NONE',  ( 23.65625000000000000, -1.265060653844735317, -3.054126587736535114 ) ) ;
#6499 = CARTESIAN_POINT ( 'NONE',  ( 36.31250000000000000, 0.9736010864139180709, -2.350480947161660339 ) ) ;
#6500 = VECTOR ( 'NONE', #425, 1000.000000000000000 ) ;
#6501 = CARTESIAN_POINT ( 'NONE',  ( 32.62499999999999289, 1.662041016787788594, 1.662041016787789482 ) ) ;
#6502 = CARTESIAN_POINT ( 'NONE',  ( 20.96875000000000355, 3.054126587736534670, 1.265060653844737759 ) ) ;
#6503 = CARTESIAN_POINT ( 'NONE',  ( 39.00000000000000000, 3.000000000000010658, 0.000000000000000000 ) ) ;
#6504 = VERTEX_POINT ( 'NONE', #6317 ) ;
#6505 = CARTESIAN_POINT ( 'NONE',  ( 36.62500000000001421, -4.317763452597548908E-16, 2.350480947161660339 ) ) ;
#6506 = CARTESIAN_POINT ( 'NONE',  ( 20.62499999999999645, -2.121320343559649935, -2.121320343559649935 ) ) ;
#6507 = CARTESIAN_POINT ( 'NONE',  ( 43.37500000000000000, 1.662041016787789260, -1.662041016787788816 ) ) ;
#6508 = CARTESIAN_POINT ( 'NONE',  ( 28.50000000000001066, -2.121320343559649935, -2.121320343559649935 ) ) ;
#6509 = CARTESIAN_POINT ( 'NONE',  ( 42.48774047358028128, -1.626641638538972050E-11, -2.762259526419744038 ) ) ;
ENDSEC;
END-ISO-10303-21;
