ISO-10303-21;
HEADER;
FILE_DESCRIPTION (( 'STEP AP214' ),
    '1' );
FILE_NAME ('RTS103C1R2M6L201.STEP',
    '2025-04-21T11:33:27',
    ( '' ),
    ( '' ),
    'SwSTEP 2.0',
    'SolidWorks 2020',
    '' );
FILE_SCHEMA (( 'AUTOMOTIVE_DESIGN' ));
ENDSEC;

DATA;
#1 = CARTESIAN_POINT ( 'NONE',  ( 0.4961721606550255625, -36.38291964519926580, -0.3711030000299774256 ) ) ;
#2 = CARTESIAN_POINT ( 'NONE',  ( -2.651497002573520057, 5.000000000000000000, -0.9583193798863059998 ) ) ;
#3 = DIRECTION ( 'NONE',  ( 0.000000000000000000, 0.000000000000000000, 1.000000000000000000 ) ) ;
#4 = ORIENTED_EDGE ( 'NONE', *, *, #1302, .T. ) ;
#5 = FACE_OUTER_BOUND ( 'NONE', #1070, .T. ) ;
#6 = B_SPLINE_CURVE_WITH_KNOTS ( 'NONE', 3,
 ( #1765, #1187, #1332, #331, #1774, #466, #642, #633, #488, #1034, #477, #1067, #507, #1502, #1782, #56, #1649, #1637, #364, #219, #1046, #1604, #895, #1825, #1216, #950, #1813, #257, #676, #537, #1802, #689, #1699, #1397, #1660, #1549, #828, #805, #699, #1103, #120, #1237, #519 ),
 .UNSPECIFIED., .F., .F.,
 ( 4, 2, 2, 2, 2, 2, 2, 1, 1, 2, 2, 2, 2, 1, 2, 2, 2, 2, 1, 1, 2, 2, 2, 4 ),
 ( 0.5001799779245540423, 0.5626574806839373943, 0.5938962320636290704, 0.6095156077534750194, 0.6251349834433209685, 0.6876124862027045426, 0.7188512375823963296, 0.7344706132722422787, 0.7422803011171671406, 0.7461851450396316254, 0.7500899889620959993, 0.7813287403418178734, 0.7969481160316763679, 0.8047578038766056707, 0.8086626477990703776, 0.8125674917215349735, 0.8438062431012736120, 0.8594256187911415434, 0.8672353066360755092, 0.8711401505585416594, 0.8730925725197742349, 0.8750449944810065883, 0.9375224972405034052, 1.000000000000000000 ),
 .UNSPECIFIED. ) ;
#7 = VECTOR ( 'NONE', #17, 1000.000000000000000 ) ;
#8 = CARTESIAN_POINT ( 'NONE',  ( -2.782874457086129460, 6.032992161476570026, -0.3092082730095679910 ) ) ;
#9 = UNCERTAINTY_MEASURE_WITH_UNIT (LENGTH_MEASURE( 1.000000000000000082E-05 ), #1827, 'distance_accuracy_value', 'NONE');
#10 = EDGE_CURVE ( 'NONE', #1618, #1247, #313, .T. ) ;
#11 = CARTESIAN_POINT ( 'NONE',  ( 0.4483878651592548836, -36.48508088257677429, 0.3209841231709416043 ) ) ;
#12 = CARTESIAN_POINT ( 'NONE',  ( -0.3305234282701883242, -36.83698702192754126, -0.04080332916032033963 ) ) ;
#13 = FACE_OUTER_BOUND ( 'NONE', #52, .T. ) ;
#14 = VERTEX_POINT ( 'NONE', #1663 ) ;
#15 = CARTESIAN_POINT ( 'NONE',  ( -0.8317617328773339036, 4.000000000000000000, -0.5000000000000000000 ) ) ;
#16 = PRESENTATION_STYLE_ASSIGNMENT (( #736 ) ) ;
#17 = DIRECTION ( 'NONE',  ( 0.000000000000000000, 0.000000000000000000, -1.000000000000000000 ) ) ;
#18 = ORIENTED_EDGE ( 'NONE', *, *, #458, .T. ) ;
#19 = B_SPLINE_SURFACE_WITH_KNOTS ( 'NONE', 3, 1, ( 
 ( #1850, #724 ),
 ( #455, #1579 ),
 ( #1286, #1436 ),
 ( #589, #1726 ),
 ( #274, #1023 ),
 ( #865, #1429 ),
 ( #707, #153 ) ),
 .UNSPECIFIED., .F., .F., .F.,
 ( 4, 1, 1, 1, 4 ),
 ( 2, 2 ),
 ( 0.2564336048559099912, 0.3841691317873759948, 0.5119046587188429420, 0.6396401856503090011, 0.7673757125817759484 ),
 ( 0.000000000000000000, 1.000000000000000000 ),
 .UNSPECIFIED. ) ;
#20 = CARTESIAN_POINT ( 'NONE',  ( -0.8317617328773340146, -76.00000000000000000, 0.5000000000000000000 ) ) ;
#21 = CARTESIAN_POINT ( 'NONE',  ( 0.000000000000000000, -3.695500000000000007, 0.000000000000000000 ) ) ;
#22 = ORIENTED_EDGE ( 'NONE', *, *, #1431, .F. ) ;
#23 = CARTESIAN_POINT ( 'NONE',  ( -0.6756429616604704425, -36.38046244775277671, -0.4842336806602524080 ) ) ;
#24 = CARTESIAN_POINT ( 'NONE',  ( 0.7195582931887102296, -35.86274921331510512, 0.5000000000000005551 ) ) ;
#25 = DIRECTION ( 'NONE',  ( 0.000000000000000000, -1.000000000000000000, 0.000000000000000000 ) ) ;
#26 = CARTESIAN_POINT ( 'NONE',  ( -2.782891806909339572, 5.000000000000000000, -0.3092101995423849892 ) ) ;
#27 = ORIENTED_EDGE ( 'NONE', *, *, #1459, .F. ) ;
#28 = CARTESIAN_POINT ( 'NONE',  ( 0.4500000000000000111, 7.926683928913840660, -2.799999999999999822 ) ) ;
#29 = EDGE_CURVE ( 'NONE', #1507, #305, #223, .T. ) ;
#30 = DIRECTION ( 'NONE',  ( 0.000000000000000000, 0.000000000000000000, 1.000000000000000000 ) ) ;
#31 = PRESENTATION_LAYER_ASSIGNMENT (  '', '', ( #1341 ) ) ;
#32 = VERTEX_POINT ( 'NONE', #1391 ) ;
#33 = CARTESIAN_POINT ( 'NONE',  ( 0.3370636589700660712, -36.67539942094362715, 0.07386914113645411117 ) ) ;
#34 = CARTESIAN_POINT ( 'NONE',  ( 1.959435591882074603E-16, -17.87476800157869761, -1.600000582409809802 ) ) ;
#35 = SURFACE_SIDE_STYLE ('',( #314 ) ) ;
#36 = PRESENTATION_STYLE_ASSIGNMENT (( #923 ) ) ;
#37 = ORIENTED_EDGE ( 'NONE', *, *, #206, .T. ) ;
#38 = CARTESIAN_POINT ( 'NONE',  ( 3.149999999999999911, 7.926683928913840660, -2.799999999999999822 ) ) ;
#39 = EDGE_CURVE ( 'NONE', #1476, #1507, #1673, .T. ) ;
#40 = ORIENTED_EDGE ( 'NONE', *, *, #1711, .T. ) ;
#41 = CIRCLE ( 'NONE', #1240, 1.600000582409809802 ) ;
#42 = CARTESIAN_POINT ( 'NONE',  ( 0.4134629278534737717, -36.97626903818498079, -0.2740885546991451149 ) ) ;
#43 = CARTESIAN_POINT ( 'NONE',  ( -0.6746180655325809683, -36.97781315977191952, -0.4838718905224310696 ) ) ;
#44 = ORIENTED_EDGE ( 'NONE', *, *, #1387, .T. ) ;
#45 = CARTESIAN_POINT ( 'NONE',  ( -0.7861416896103841090, 5.000000000000000000, -2.707543837572819800 ) ) ;
#46 = LINE ( 'NONE', #623, #440 ) ;
#47 = DIRECTION ( 'NONE',  ( 0.000000000000000000, 0.000000000000000000, 1.000000000000000000 ) ) ;
#48 = EDGE_LOOP ( 'NONE', ( #432, #194, #911, #626 ) ) ;
#49 = CARTESIAN_POINT ( 'NONE',  ( 0.6075664838669897483, -36.98173219594424666, -0.4470634176419350236 ) ) ;
#50 = CARTESIAN_POINT ( 'NONE',  ( 1.332353043443642582, -36.20133714934615199, -0.009723916547900399512 ) ) ;
#51 = DIRECTION ( 'NONE',  ( 1.000000000000000000, 0.000000000000000000, 0.000000000000000000 ) ) ;
#52 = EDGE_LOOP ( 'NONE', ( #1184, #1347, #1780, #351, #1405, #688 ) ) ;
#53 = DIRECTION ( 'NONE',  ( 0.000000000000000000, 1.000000000000000000, 0.000000000000000000 ) ) ;
#54 = CARTESIAN_POINT ( 'NONE',  ( -1.160622230493460139, 5.000000000000000000, 2.569390672242430007 ) ) ;
#55 = CIRCLE ( 'NONE', #1520, 2.799999999999999822 ) ;
#56 = CARTESIAN_POINT ( 'NONE',  ( 1.331786012218092452, -36.79319212471597922, -0.007069227989743713178 ) ) ;
#57 = PRESENTATION_STYLE_ASSIGNMENT (( #489 ) ) ;
#58 = FACE_OUTER_BOUND ( 'NONE', #1200, .T. ) ;
#59 = EDGE_CURVE ( 'NONE', #1492, #14, #1659, .T. ) ;
#60 = EDGE_LOOP ( 'NONE', ( #1435, #1639, #1178, #1442 ) ) ;
#61 = COLOUR_RGB ( '',0.6980392156862744724, 0.6980392156862744724, 0.6980392156862744724 ) ;
#62 = CARTESIAN_POINT ( 'NONE',  ( 0.8172595109876880093, -36.97479225662301161, -0.4998471534008681605 ) ) ;
#63 = DIRECTION ( 'NONE',  ( 1.000000000000000000, 0.000000000000000000, 0.000000000000000000 ) ) ;
#64 = CARTESIAN_POINT ( 'NONE',  ( 1.204027078374936277, -36.38716013005272032, -0.3346107165250252202 ) ) ;
#65 = ADVANCED_FACE ( 'NONE', ( #944 ), #1372, .F. ) ;
#66 = DIRECTION ( 'NONE',  ( 0.000000000000000000, -1.000000000000000000, 0.000000000000000000 ) ) ;
#67 = CARTESIAN_POINT ( 'NONE',  ( 5.400000000000000355, 11.43332308240000117, -1.600000000000000089 ) ) ;
#68 = CARTESIAN_POINT ( 'NONE',  ( 2.332340542222443877E-16, -4.000000000000000000, 1.904500582409810461 ) ) ;
#69 = CARTESIAN_POINT ( 'NONE',  ( -2.742221497604390379, 5.000000000000000000, 0.5658809575134490233 ) ) ;
#70 = EDGE_LOOP ( 'NONE', ( #644, #636, #622, #1584 ) ) ;
#71 = DIRECTION ( 'NONE',  ( 1.000000000000000000, 0.000000000000000000, 0.000000000000000000 ) ) ;
#72 = ORIENTED_EDGE ( 'NONE', *, *, #1110, .T. ) ;
#73 = CARTESIAN_POINT ( 'NONE',  ( -1.257080685773866779, -36.97973159296704893, -0.2684981708591280825 ) ) ;
#74 = CARTESIAN_POINT ( 'NONE',  ( -0.7457898513923362227, -35.86275352162206076, 0.4999910018817199098 ) ) ;
#75 = SURFACE_STYLE_USAGE ( .BOTH. , #336 ) ;
#76 = CARTESIAN_POINT ( 'NONE',  ( 1.242427122781381899, -35.89826677027389934, 0.2880527042588263420 ) ) ;
#77 =( GEOMETRIC_REPRESENTATION_CONTEXT ( 3 ) GLOBAL_UNCERTAINTY_ASSIGNED_CONTEXT ( ( #1592 ) ) GLOBAL_UNIT_ASSIGNED_CONTEXT ( ( #114, #1249, #398 ) ) REPRESENTATION_CONTEXT ( 'NONE', 'WORKASPACE' ) );
#78 = CARTESIAN_POINT ( 'NONE',  ( 2.782897636354030091, 5.000000000000000000, 0.3092108496596140399 ) ) ;
#79 = CIRCLE ( 'NONE', #848, 0.2999999999999999334 ) ;
#80 = CARTESIAN_POINT ( 'NONE',  ( -2.202504971763270092, 6.038781088633119687, 1.760052339528589860 ) ) ;
#81 = DIRECTION ( 'NONE',  ( 0.000000000000000000, -1.000000000000000000, 0.000000000000000000 ) ) ;
#82 = CARTESIAN_POINT ( 'NONE',  ( -2.801495779211740089, 6.028282130911460257, 0.2786417296854389880 ) ) ;
#83 = VERTEX_POINT ( 'NONE', #1805 ) ;
#84 = FILL_AREA_STYLE_COLOUR ( '', #983 ) ;
#85 = CLOSED_SHELL ( 'NONE', ( #1734, #1467, #1608, #1026, #340, #65, #1368, #1084, #1513, #369, #953, #167, #409, #1540, #567, #1059, #1066, #595, #890, #1348, #1157, #302, #1653, #640, #681 ) ) ;
#86 = AXIS2_PLACEMENT_3D ( 'NONE', #1803, #376, #520 ) ;
#87 = UNCERTAINTY_MEASURE_WITH_UNIT (LENGTH_MEASURE( 1.000000000000000082E-05 ), #490, 'distance_accuracy_value', 'NONE');
#88 = LINE ( 'NONE', #115, #1566 ) ;
#89 = CARTESIAN_POINT ( 'NONE',  ( -0.3333003195782328065, -36.09179375300430337, 0.06909148306960123664 ) ) ;
#90 = CARTESIAN_POINT ( 'NONE',  ( -0.8317617328773340146, -76.00000000000000000, 0.000000000000000000 ) ) ;
#91 = COLOUR_RGB ( '',0.6980392156862744724, 0.6980392156862744724, 0.6980392156862744724 ) ;
#92 = CARTESIAN_POINT ( 'NONE',  ( 1.307626207390324868, -36.34083185582823461, -0.1556838163162347910 ) ) ;
#93 = EDGE_CURVE ( 'NONE', #1732, #405, #88, .T. ) ;
#94 = CARTESIAN_POINT ( 'NONE',  ( -1.457186945774509912, 6.047744692878289641, 2.413590394741069733 ) ) ;
#95 = SURFACE_STYLE_USAGE ( .BOTH. , #1085 ) ;
#96 = CARTESIAN_POINT ( 'NONE',  ( -0.3254357249271340180, -36.37577812356689577, -0.5100856463047970246 ) ) ;
#97 = CARTESIAN_POINT ( 'NONE',  ( -1.228394466916825634, -36.38552617585349225, -0.3039712045376079530 ) ) ;
#98 = EDGE_CURVE ( 'NONE', #199, #896, #757, .T. ) ;
#99 = CARTESIAN_POINT ( 'NONE',  ( -1.187873796200556331, -36.98625564036259306, -0.3522635287647726821 ) ) ;
#100 = CARTESIAN_POINT ( 'NONE',  ( -5.400000000000000355, 7.926683928913840660, -2.799999999999999822 ) ) ;
#101 = CARTESIAN_POINT ( 'NONE',  ( 0.8317617328773340146, -82.00000000000000000, 0.000000000000000000 ) ) ;
#102 = CARTESIAN_POINT ( 'NONE',  ( 1.274818424065212286, -36.36949949530634285, -0.2324007688620208789 ) ) ;
#103 = PLANE ( 'NONE',  #254 ) ;
#104 = SURFACE_STYLE_FILL_AREA ( #1527 ) ;
#105 = CARTESIAN_POINT ( 'NONE',  ( -5.400000000000000355, 7.926683928913840660, -1.600000000000000089 ) ) ;
#106 = CARTESIAN_POINT ( 'NONE',  ( 0.000000000000000000, 15.71666154119999703, -2.799999999999999822 ) ) ;
#107 = CARTESIAN_POINT ( 'NONE',  ( -0.8317617328773340146, -82.00000000000000000, 0.000000000000000000 ) ) ;
#108 = COLOUR_RGB ( '',0.8000000000000000444, 0.000000000000000000, 0.000000000000000000 ) ;
#109 = CARTESIAN_POINT ( 'NONE',  ( 0.3317374535365751331, -36.19590270919557184, -0.007069227989624148230 ) ) ;
#110 = CARTESIAN_POINT ( 'NONE',  ( 0.8317617328773340146, -76.00000000000000000, 0.5000000000000000000 ) ) ;
#111 = ORIENTED_EDGE ( 'NONE', *, *, #904, .F. ) ;
#112 = CARTESIAN_POINT ( 'NONE',  ( -0.3236096511145529764, -36.99522611111159875, -0.1829194345889020024 ) ) ;
#113 = CARTESIAN_POINT ( 'NONE',  ( 0.4626909243984992370, -36.48060793494380505, 0.3373686055747914803 ) ) ;
#114 =( LENGTH_UNIT ( ) NAMED_UNIT ( * ) SI_UNIT ( .MILLI., .METRE. ) );
#115 = CARTESIAN_POINT ( 'NONE',  ( -0.8317617328773340146, -76.00000000000000000, 0.5000000000000000000 ) ) ;
#116 = CARTESIAN_POINT ( 'NONE',  ( 0.000000000000000000, 4.000000000000000000, 0.000000000000000000 ) ) ;
#117 = CARTESIAN_POINT ( 'NONE',  ( 0.6847735225215180188, -36.37808629131362892, -0.4835278977129249256 ) ) ;
#118 = CARTESIAN_POINT ( 'NONE',  ( -4.500000000000000000, 6.889813526945720135, -2.799999999999999822 ) ) ;
#119 = EDGE_LOOP ( 'NONE', ( #298, #27, #338, #256 ) ) ;
#120 = CARTESIAN_POINT ( 'NONE',  ( 1.033774639168310250, -36.46220802076628331, 0.4632509335483478985 ) ) ;
#121 = CARTESIAN_POINT ( 'NONE',  ( 0.5374015125534061799, -36.46860749242718924, 0.4058228263031333771 ) ) ;
#122 = CARTESIAN_POINT ( 'NONE',  ( -3.200000000000000178, 15.71666154119999703, -1.600000000000000089 ) ) ;
#123 = PRESENTATION_LAYER_ASSIGNMENT (  '', '', ( #781 ) ) ;
#124 = CARTESIAN_POINT ( 'NONE',  ( 0.8317617328773340146, -82.00000000000000000, 0.000000000000000000 ) ) ;
#125 = SURFACE_SIDE_STYLE ('',( #262 ) ) ;
#126 = DIRECTION ( 'NONE',  ( 1.000000000000000000, 0.000000000000000000, 0.000000000000000000 ) ) ;
#127 = EDGE_CURVE ( 'NONE', #1330, #1507, #1365, .T. ) ;
#128 = CARTESIAN_POINT ( 'NONE',  ( 2.356195891666710285, 5.000000000000000000, 1.548274300185519925 ) ) ;
#129 = CARTESIAN_POINT ( 'NONE',  ( -5.400000000000000355, 6.893691767437259976, -2.799999999999999822 ) ) ;
#130 = ORIENTED_EDGE ( 'NONE', *, *, #1089, .T. ) ;
#131 = CYLINDRICAL_SURFACE ( 'NONE', #579, 1.600000582409809802 ) ;
#132 = B_SPLINE_CURVE_WITH_KNOTS ( 'NONE', 3,
 ( #703, #1107, #117, #985, #1686, #264, #1, #1847, #562, #1126, #421, #1278, #580, #1141, #1402, #109, #438, #992, #999, #1569, #403, #834, #1722, #974, #1005, #1266, #1560, #1544, #696, #281, #1575, #290, #1856, #268, #1253, #1408, #135, #1152, #1432, #1162, #1582, #24, #165 ),
 .UNSPECIFIED., .F., .F.,
 ( 4, 2, 2, 2, 2, 2, 2, 1, 1, 2, 2, 2, 2, 1, 2, 2, 2, 2, 1, 1, 2, 2, 2, 4 ),
 ( 0.5001799779245592603, 0.5626574806839804710, 0.5938962320636911318, 0.6095156077535464068, 0.6251349834434016817, 0.6876124862028227813, 0.7188512375825333311, 0.7344706132723906045, 0.7422803011173192411, 0.7461851450397836150, 0.7500899889622478778, 0.7813287403419623134, 0.7969481160318195867, 0.8047578038767513320, 0.8086626477992209239, 0.8125674917216905158, 0.8438062431014258236, 0.8594256187912934219, 0.8672353066362272767, 0.8711401505586933158, 0.8730925725199264464, 0.8750449944811595770, 0.9375224972405797885, 1.000000000000000000 ),
 .UNSPECIFIED. ) ;
#133 = PLANE ( 'NONE',  #1225 ) ;
#134 = COLOUR_RGB ( '',0.8000000000000000444, 0.000000000000000000, 0.000000000000000000 ) ;
#135 = CARTESIAN_POINT ( 'NONE',  ( 0.4424175745227482137, -35.89010764525061603, 0.3137153984023049458 ) ) ;
#136 = PLANE ( 'NONE',  #429 ) ;
#137 = CARTESIAN_POINT ( 'NONE',  ( 0.000000000000000000, 5.000000000000000000, 0.000000000000000000 ) ) ;
#138 = ORIENTED_EDGE ( 'NONE', *, *, #904, .T. ) ;
#139 = FILL_AREA_STYLE ('',( #1412 ) ) ;
#140 = CONICAL_SURFACE ( 'NONE', #647, 1.600000582409809802, 0.7853981633974490562 ) ;
#141 = DIRECTION ( 'NONE',  ( 0.000000000000000000, 1.000000000000000000, 0.000000000000000000 ) ) ;
#142 = PRODUCT ( 'RTS103C1R2M6L201', 'RTS103C1R2M6L201', '', ( #434 ) ) ;
#143 = MECHANICAL_DESIGN_GEOMETRIC_PRESENTATION_REPRESENTATION (  '', ( #1444 ), #1271 ) ;
#144 = CARTESIAN_POINT ( 'NONE',  ( 4.950000000000000178, 7.926683928913840660, -1.600000000000000089 ) ) ;
#145 = EDGE_CURVE ( 'NONE', #898, #1069, #269, .T. ) ;
#146 = DIRECTION ( 'NONE',  ( 0.000000000000000000, 1.000000000000000000, 0.000000000000000000 ) ) ;
#147 = EDGE_LOOP ( 'NONE', ( #1725, #463 ) ) ;
#148 = SURFACE_SIDE_STYLE ('',( #584 ) ) ;
#149 = ADVANCED_FACE ( 'NONE', ( #824 ), #1643, .T. ) ;
#150 = DIRECTION ( 'NONE',  ( 1.000000000000000000, 0.000000000000000000, 0.000000000000000000 ) ) ;
#151 = CARTESIAN_POINT ( 'NONE',  ( -0.4351289988378390650, -36.98281559137348040, -0.3039712045376267713 ) ) ;
#152 = DIRECTION ( 'NONE',  ( 0.000000000000000000, 1.000000000000000000, 0.000000000000000000 ) ) ;
#153 = CARTESIAN_POINT ( 'NONE',  ( 0.3236096511145539756, -36.45997758376709186, 0.5077465947751479414 ) ) ;
#154 = PRESENTATION_LAYER_ASSIGNMENT (  '', '', ( #1160 ) ) ;
#155 = CARTESIAN_POINT ( 'NONE',  ( 0.3254357249271309649, -35.89602899882279985, 0.1914317078354760004 ) ) ;
#156 = FILL_AREA_STYLE ('',( #1588 ) ) ;
#157 = CARTESIAN_POINT ( 'NONE',  ( -0.3698361770340610200, -36.54883875187719156, 0.1893038691689272746 ) ) ;
#158 = FILL_AREA_STYLE ('',( #863 ) ) ;
#159 = ORIENTED_EDGE ( 'NONE', *, *, #310, .T. ) ;
#160 =( LENGTH_UNIT ( ) NAMED_UNIT ( * ) SI_UNIT ( .MILLI., .METRE. ) );
#161 = AXIS2_PLACEMENT_3D ( 'NONE', #189, #487, #1647 ) ;
#162 = AXIS2_PLACEMENT_3D ( 'NONE', #1024, #787, #1346 ) ;
#163 = VERTEX_POINT ( 'NONE', #648 ) ;
#164 = CARTESIAN_POINT ( 'NONE',  ( 0.3433412589238260537, -36.90513109915994505, -0.1076541543549757313 ) ) ;
#165 = CARTESIAN_POINT ( 'NONE',  ( 0.8317617327041049169, -35.86275689498978636, 0.4999999583583419893 ) ) ;
#166 = LINE ( 'NONE', #1300, #1809 ) ;
#167 = ADVANCED_FACE ( 'NONE', ( #276, #832 ), #260, .T. ) ;
#168 = ORIENTED_EDGE ( 'NONE', *, *, #1089, .F. ) ;
#169 = CARTESIAN_POINT ( 'NONE',  ( 0.4500000000000000111, 6.869319869744058948, -2.799999999999999822 ) ) ;
#170 = VERTEX_POINT ( 'NONE', #716 ) ;
#171 = CARTESIAN_POINT ( 'NONE',  ( 0.3321404380980796933, -36.75450954689633676, 0.01973027898544617992 ) ) ;
#172 = DIRECTION ( 'NONE',  ( 0.000000000000000000, 0.000000000000000000, 1.000000000000000000 ) ) ;
#173 = CARTESIAN_POINT ( 'NONE',  ( 0.000000000000000000, -3.695500000000000007, 0.000000000000000000 ) ) ;
#174 = FACE_BOUND ( 'NONE', #1849, .T. ) ;
#175 = ORIENTED_EDGE ( 'NONE', *, *, #127, .T. ) ;
#176 = EDGE_CURVE ( 'NONE', #902, #83, #1407, .T. ) ;
#177 = CARTESIAN_POINT ( 'NONE',  ( 2.551229825360860293, 6.032984432354270510, -1.200016152687620075 ) ) ;
#178 = DIRECTION ( 'NONE',  ( 0.000000000000000000, 0.000000000000000000, -1.000000000000000000 ) ) ;
#179 = CARTESIAN_POINT ( 'NONE',  ( -0.8317617328773340146, 4.000000000000000000, 0.000000000000000000 ) ) ;
#180 = ORIENTED_EDGE ( 'NONE', *, *, #1851, .F. ) ;
#181 = FILL_AREA_STYLE ('',( #1491 ) ) ;
#182 = ORIENTED_EDGE ( 'NONE', *, *, #1135, .F. ) ;
#183 = CARTESIAN_POINT ( 'NONE',  ( -0.4694652831128317549, -36.38875586773395554, -0.3455752113168959472 ) ) ;
#184 = CARTESIAN_POINT ( 'NONE',  ( 0.000000000000000000, -17.87476800157869761, 1.600000582409809802 ) ) ;
#185 = CARTESIAN_POINT ( 'NONE',  ( -0.6718886122782806725, -36.45981193135978060, 0.4839133199406688846 ) ) ;
#186 = CARTESIAN_POINT ( 'NONE',  ( -2.801495779211740089, 5.000000000000000000, 0.2786417296854389880 ) ) ;
#187 = EDGE_LOOP ( 'NONE', ( #943, #875 ) ) ;
#188 = CARTESIAN_POINT ( 'NONE',  ( -0.4594479247716439785, 5.000000000000000000, -2.781675752661519674 ) ) ;
#189 = CARTESIAN_POINT ( 'NONE',  ( -0.8317617328773340146, -76.00000000000000000, 0.000000000000000000 ) ) ;
#190 = PRESENTATION_LAYER_ASSIGNMENT (  '', '', ( #1094 ) ) ;
#191 = FILL_AREA_STYLE_COLOUR ( '', #1361 ) ;
#192 = VERTEX_POINT ( 'NONE', #847 ) ;
#193 = CIRCLE ( 'NONE', #1388, 0.5000000000000000000 ) ;
#194 = ORIENTED_EDGE ( 'NONE', *, *, #1124, .F. ) ;
#195 =( GEOMETRIC_REPRESENTATION_CONTEXT ( 3 ) GLOBAL_UNCERTAINTY_ASSIGNED_CONTEXT ( ( #971 ) ) GLOBAL_UNIT_ASSIGNED_CONTEXT ( ( #879, #729, #743 ) ) REPRESENTATION_CONTEXT ( 'NONE', 'WORKASPACE' ) );
#196 = CARTESIAN_POINT ( 'NONE',  ( -0.4506824388557606476, -36.38748264405520416, -0.3238108792983160344 ) ) ;
#197 = DIRECTION ( 'NONE',  ( 0.000000000000000000, 1.000000000000000000, 0.000000000000000000 ) ) ;
#198 = CARTESIAN_POINT ( 'NONE',  ( 1.331383027656585671, -36.15722013137617807, 0.01973027898552669537 ) ) ;
#199 = VERTEX_POINT ( 'NONE', #559 ) ;
#200 = CARTESIAN_POINT ( 'NONE',  ( 2.333108455163391159, 4.999999999999997335, 1.585143788338146065 ) ) ;
#201 = EDGE_CURVE ( 'NONE', #1047, #405, #1465, .T. ) ;
#202 = CARTESIAN_POINT ( 'NONE',  ( -0.3254357249271340180, -36.39793669559159639, -0.1829194345889130213 ) ) ;
#203 = VERTEX_POINT ( 'NONE', #550 ) ;
#204 = SURFACE_STYLE_FILL_AREA ( #779 ) ;
#205 = EDGE_LOOP ( 'NONE', ( #1334, #602, #18, #168 ) ) ;
#206 = EDGE_CURVE ( 'NONE', #1171, #769, #909, .T. ) ;
#207 = CARTESIAN_POINT ( 'NONE',  ( 0.7700045953258274345, -36.97543443471854374, -0.4964372936414376269 ) ) ;
#208 =( LENGTH_UNIT ( ) NAMED_UNIT ( * ) SI_UNIT ( .MILLI., .METRE. ) );
#209 = CARTESIAN_POINT ( 'NONE',  ( 1.225528945296403771, -36.38424810881306115, -0.3081823482092567734 ) ) ;
#210 = CARTESIAN_POINT ( 'NONE',  ( 2.645157321970966091, 4.999999999999997335, 0.9793970774335131191 ) ) ;
#211 = CARTESIAN_POINT ( 'NONE',  ( 0.4500000000000000111, 7.926683928913840660, -1.600000000000000089 ) ) ;
#212 = ORIENTED_EDGE ( 'NONE', *, *, #29, .F. ) ;
#213 = EDGE_LOOP ( 'NONE', ( #22, #741, #1490, #1840 ) ) ;
#214 = CARTESIAN_POINT ( 'NONE',  ( -2.742221497604390379, 5.000000000000000000, 0.5658809575134490233 ) ) ;
#215 = LINE ( 'NONE', #100, #418 ) ;
#216 =( LENGTH_UNIT ( ) NAMED_UNIT ( * ) SI_UNIT ( .MILLI., .METRE. ) );
#217 = CARTESIAN_POINT ( 'NONE',  ( 1.088370407399360307, -36.38595525302468303, -0.4292910886150877459 ) ) ;
#218 = CARTESIAN_POINT ( 'NONE',  ( 0.9000000000000000222, 6.874920943434710274, -1.600000000000000089 ) ) ;
#219 = CARTESIAN_POINT ( 'NONE',  ( 1.330515220416282007, -36.71268279869612883, 0.04778530069872239522 ) ) ;
#220 = CARTESIAN_POINT ( 'NONE',  ( -1.324363306238713234, -36.29846947815013891, -0.09663966414522501269 ) ) ;
#221 = VERTEX_POINT ( 'NONE', #426 ) ;
#222 = ADVANCED_FACE ( 'NONE', ( #1115 ), #1414, .T. ) ;
#223 = LINE ( 'NONE', #954, #1038 ) ;
#224 = CARTESIAN_POINT ( 'NONE',  ( -0.3784422794892047248, -35.93671001227696848, 0.2090365627277954164 ) ) ;
#225 = PLANE ( 'NONE',  #1679 ) ;
#226 = CARTESIAN_POINT ( 'NONE',  ( 1.284303692555183174, -35.93551947779466360, 0.2132452892426587310 ) ) ;
#227 = CARTESIAN_POINT ( 'NONE',  ( -0.8317617328773340146, -82.00000000000000000, 0.000000000000000000 ) ) ;
#228 = EDGE_CURVE ( 'NONE', #1013, #1310, #79, .T. ) ;
#229 = FACE_OUTER_BOUND ( 'NONE', #1741, .T. ) ;
#230 = FILL_AREA_STYLE_COLOUR ( '', #267 ) ;
#231 = DIRECTION ( 'NONE',  ( 0.000000000000000000, -1.000000000000000000, 0.000000000000000000 ) ) ;
#232 = STYLED_ITEM ( 'NONE', ( #1814 ), #640 ) ;
#233 = CARTESIAN_POINT ( 'NONE',  ( -1.194058182641844601, -36.98604528325395790, -0.3455752113168569783 ) ) ;
#234 = CARTESIAN_POINT ( 'NONE',  ( -0.3319363709040628607, -36.20131965004159014, -0.01300675430711480292 ) ) ;
#235 = SURFACE_STYLE_USAGE ( .BOTH. , #1496 ) ;
#236 = CARTESIAN_POINT ( 'NONE',  ( 1.330754750789392205, -36.13903297950498228, 0.03194773276607469625 ) ) ;
#237 = DIRECTION ( 'NONE',  ( 0.000000000000000000, 1.000000000000000000, 0.000000000000000000 ) ) ;
#238 = CARTESIAN_POINT ( 'NONE',  ( -2.250000000000000000, 7.926683928913840660, -1.600000000000000089 ) ) ;
#239 = CARTESIAN_POINT ( 'NONE',  ( 0.8317617328773340146, -76.00000000000000000, 0.000000000000000000 ) ) ;
#240 = CYLINDRICAL_SURFACE ( 'NONE', #86, 2.799999999999999822 ) ;
#241 = CARTESIAN_POINT ( 'NONE',  ( -0.9144475317187941155, -36.37748877245689272, -0.4999171094475779453 ) ) ;
#242 = CARTESIAN_POINT ( 'NONE',  ( -1.331847616273997392, -36.77897662060262007, 0.002226613266008608486 ) ) ;
#243 = CARTESIAN_POINT ( 'NONE',  ( -0.08665434819899640873, 5.000000000000000000, -2.798994171897930094 ) ) ;
#244 = STYLED_ITEM ( 'NONE', ( #665 ), #1006 ) ;
#245 = CARTESIAN_POINT ( 'NONE',  ( 0.9000000000000000222, 7.926683928913840660, -1.600000000000000089 ) ) ;
#246 = CARTESIAN_POINT ( 'NONE',  ( -0.3236096511145529764, -36.97306753908689814, -0.5100856463047770406 ) ) ;
#247 = DIRECTION ( 'NONE',  ( 0.000000000000000000, 1.000000000000000000, 0.000000000000000000 ) ) ;
#248 = CARTESIAN_POINT ( 'NONE',  ( -1.173931604115481253, -35.86988949756977263, 0.3746715227879920951 ) ) ;
#249 = CARTESIAN_POINT ( 'NONE',  ( -0.9929516922674627155, -36.45980846657872831, 0.4837935939476480374 ) ) ;
#250 =( NAMED_UNIT ( * ) SI_UNIT ( $, .STERADIAN. ) SOLID_ANGLE_UNIT ( ) );
#251 = CARTESIAN_POINT ( 'NONE',  ( 0.8692514215250152221, -36.37774048437472629, -0.4986587068168246151 ) ) ;
#252 = CARTESIAN_POINT ( 'NONE',  ( 4.500000000000000000, 7.926683928913840660, -1.600000000000000089 ) ) ;
#253 = CARTESIAN_POINT ( 'NONE',  ( -1.674678426968930101, 6.054119189466430129, -2.268097121987260323 ) ) ;
#254 = AXIS2_PLACEMENT_3D ( 'NONE', #67, #1823, #1658 ) ;
#255 = CARTESIAN_POINT ( 'NONE',  ( 5.400000000000000355, 11.43332308240000117, -1.600000000000000089 ) ) ;
#256 = ORIENTED_EDGE ( 'NONE', *, *, #861, .T. ) ;
#257 = CARTESIAN_POINT ( 'NONE',  ( 1.310879431647007154, -36.58683281114634411, 0.1430242630801434600 ) ) ;
#258 = DIRECTION ( 'NONE',  ( 0.000000000000000000, 1.000000000000000000, 0.000000000000000000 ) ) ;
#259 = B_SPLINE_SURFACE_WITH_KNOTS ( 'NONE', 3, 1, ( 
 ( #246, #1389 ),
 ( #386, #1516 ),
 ( #112, #1842 ),
 ( #1833, #960 ),
 ( #1378, #1095 ),
 ( #1369, #1111 ),
 ( #1691, #977 ) ),
 .UNSPECIFIED., .F., .F., .F.,
 ( 4, 1, 1, 1, 4 ),
 ( 2, 2 ),
 ( 0.2564336048559119896, 0.3841691317873779932, 0.5119046587188439412, 0.6396401856503100003, 0.7673757125817759484 ),
 ( 0.000000000000000000, 1.000000000000000000 ),
 .UNSPECIFIED. ) ;
#260 = PLANE ( 'NONE',  #1229 ) ;
#261 = EDGE_CURVE ( 'NONE', #305, #976, #1689, .T. ) ;
#262 = SURFACE_STYLE_FILL_AREA ( #694 ) ;
#263 = DIRECTION ( 'NONE',  ( 0.000000000000000000, 1.000000000000000000, 0.000000000000000000 ) ) ;
#264 = CARTESIAN_POINT ( 'NONE',  ( 0.5100496694284236687, -36.38238043660986420, -0.3831959627228080367 ) ) ;
#265 = FACE_OUTER_BOUND ( 'NONE', #1628, .T. ) ;
#266 =( NAMED_UNIT ( * ) PLANE_ANGLE_UNIT ( ) SI_UNIT ( $, .RADIAN. ) );
#267 = COLOUR_RGB ( '',0.8000000000000000444, 0.000000000000000000, 0.000000000000000000 ) ;
#268 = CARTESIAN_POINT ( 'NONE',  ( 0.4244865082868722883, -35.89833833685676723, 0.2903272118929437484 ) ) ;
#269 = B_SPLINE_CURVE_WITH_KNOTS ( 'NONE', 3,
 ( #541, #1105, #669, #1230, #1099, #1519, #1210, #99, #233, #788, #1683, #73, #391, #964, #1817, #1250, #1654, #1532, #242, #816, #680, #399, #1381, #659, #368, #972, #1541, #249, #1080, #1071 ),
 .UNSPECIFIED., .F., .F.,
 ( 4, 2, 2, 2, 2, 2, 2, 2, 2, 2, 2, 2, 2, 2, 4 ),
 ( 0.5001600853605759900, 0.5626400746904988148, 0.5938800693554604493, 0.6095000666879412110, 0.6173100653541816474, 0.6251200640204219727, 0.6876000533503436873, 0.7188400480153062100, 0.7344600453477874158, 0.7500800426802687326, 0.8125600320101975527, 0.8438000266751640721, 0.8750400213401307026, 0.9375200106700654068, 1.000000000000000000 ),
 .UNSPECIFIED. ) ;
#270 = CARTESIAN_POINT ( 'NONE',  ( 5.400000000000000355, 7.926683928913840660, -2.799999999999999822 ) ) ;
#271 = STYLED_ITEM ( 'NONE', ( #1446 ), #1354 ) ;
#272 = CARTESIAN_POINT ( 'NONE',  ( 0.000000000000000000, 4.000000000000000000, 1.600000582409809802 ) ) ;
#273 = ORIENTED_EDGE ( 'NONE', *, *, #1818, .F. ) ;
#274 = CARTESIAN_POINT ( 'NONE',  ( 1.338087740827540006, -36.49331841434280221, 0.1914317078354769996 ) ) ;
#275 = AXIS2_PLACEMENT_3D ( 'NONE', #513, #1835, #1220 ) ;
#276 = FACE_BOUND ( 'NONE', #1336, .T. ) ;
#277 = EDGE_CURVE ( 'NONE', #1476, #896, #1678, .T. ) ;
#278 = CARTESIAN_POINT ( 'NONE',  ( -2.746442399205970553, 5.000000000000000000, -0.6370967939309959416 ) ) ;
#279 = B_SPLINE_CURVE_WITH_KNOTS ( 'NONE', 3,
 ( #78, #1486, #210, #200, #1186, #1500, #1353, #1214, #651, #1773 ),
 .UNSPECIFIED., .F., .F.,
 ( 4, 2, 2, 2, 4 ),
 ( 0.000000000000000000, 0.1291046422279270300, 0.2582092844558540601, 0.3873139266837810069, 0.5164185689117080091 ),
 .UNSPECIFIED. ) ;
#280 = VECTOR ( 'NONE', #987, 1000.000000000000000 ) ;
#281 = CARTESIAN_POINT ( 'NONE',  ( 0.3710075134565547494, -35.94474476200778668, 0.1969075160110630440 ) ) ;
#282 = CARTESIAN_POINT ( 'NONE',  ( -3.149999999999999911, 6.877700962272450091, -2.799999999999999822 ) ) ;
#283 = SURFACE_STYLE_USAGE ( .BOTH. , #1404 ) ;
#284 = ORIENTED_EDGE ( 'NONE', *, *, #933, .F. ) ;
#285 = EDGE_CURVE ( 'NONE', #1750, #1616, #1555, .T. ) ;
#286 =( NAMED_UNIT ( * ) SI_UNIT ( $, .STERADIAN. ) SOLID_ANGLE_UNIT ( ) );
#287 = CIRCLE ( 'NONE', #1669, 2.799999999999999822 ) ;
#288 = UNCERTAINTY_MEASURE_WITH_UNIT (LENGTH_MEASURE( 1.000000000000000082E-05 ), #795, 'distance_accuracy_value', 'NONE');
#289 = CARTESIAN_POINT ( 'NONE',  ( 0.3254357249271309649, -36.37577812356689577, -0.5100856463047860334 ) ) ;
#290 = CARTESIAN_POINT ( 'NONE',  ( 0.4016944826181562123, -35.91289409680351952, 0.2556870083404366722 ) ) ;
#291 = CARTESIAN_POINT ( 'NONE',  ( -2.015889188378301888, 4.999999999999998224, 1.969257302601367332 ) ) ;
#292 = ORIENTED_EDGE ( 'NONE', *, *, #814, .F. ) ;
#293 = STYLED_ITEM ( 'NONE', ( #1807 ), #1841 ) ;
#294 = CARTESIAN_POINT ( 'NONE',  ( -2.782874457086129460, 5.000000000000000000, -0.3092082730095679910 ) ) ;
#295 = CARTESIAN_POINT ( 'NONE',  ( 0.8317617328773340146, -82.00000000000000000, 0.000000000000000000 ) ) ;
#296 = SURFACE_STYLE_FILL_AREA ( #156 ) ;
#297 =( LENGTH_UNIT ( ) NAMED_UNIT ( * ) SI_UNIT ( .MILLI., .METRE. ) );
#298 = ORIENTED_EDGE ( 'NONE', *, *, #1672, .F. ) ;
#299 = CARTESIAN_POINT ( 'NONE',  ( -7.238927609009524263E-09, 5.000000000000000000, -2.799988242461411314 ) ) ;
#300 = CIRCLE ( 'NONE', #523, 0.2999999999999999334 ) ;
#301 = B_SPLINE_SURFACE_WITH_KNOTS ( 'NONE', 3, 1, ( 
 ( #1207, #1344 ),
 ( #342, #1775 ),
 ( #917, #508 ),
 ( #1068, #1077 ),
 ( #202, #1370 ),
 ( #1661, #1650 ),
 ( #96, #777 ) ),
 .UNSPECIFIED., .F., .F., .F.,
 ( 4, 1, 1, 1, 4 ),
 ( 2, 2 ),
 ( 0.2326242874182240239, 0.3603598143496919981, 0.4880953412811600001, 0.6158308682126280020, 0.7435663951440959485 ),
 ( 0.000000000000000000, 1.000000000000000000 ),
 .UNSPECIFIED. ) ;
#302 = ADVANCED_FACE ( 'NONE', ( #1246 ), #1120, .T. ) ;
#303 = CARTESIAN_POINT ( 'NONE',  ( 0.3254357249271309649, -35.86322556510999959, 0.3986675319881810009 ) ) ;
#304 = CARTESIAN_POINT ( 'NONE',  ( -0.3451397065270773168, -36.62328672196725421, 0.1172334638734421064 ) ) ;
#305 = VERTEX_POINT ( 'NONE', #1284 ) ;
#306 = CARTESIAN_POINT ( 'NONE',  ( 4.500000000000000000, 6.893699496559570150, -2.799999999999999822 ) ) ;
#307 = EDGE_CURVE ( 'NONE', #454, #494, #1274, .T. ) ;
#308 = CARTESIAN_POINT ( 'NONE',  ( 1.457186945774509912, 5.000000000000000000, -2.413590394741069733 ) ) ;
#309 = VERTEX_POINT ( 'NONE', #272 ) ;
#310 = EDGE_CURVE ( 'NONE', #192, #14, #1030, .T. ) ;
#311 = CARTESIAN_POINT ( 'NONE',  ( 0.3658527950598172707, -36.95152980409076804, -0.1848411684603567529 ) ) ;
#312 = CARTESIAN_POINT ( 'NONE',  ( 0.000000000000000000, -4.000000000000000000, 0.000000000000000000 ) ) ;
#313 = CIRCLE ( 'NONE', #802, 0.5000000000000000000 ) ;
#314 = SURFACE_STYLE_FILL_AREA ( #462 ) ;
#315 = VECTOR ( 'NONE', #1374, 1000.000000000000000 ) ;
#316 = ORIENTED_EDGE ( 'NONE', *, *, #1559, .T. ) ;
#317 = B_SPLINE_SURFACE_WITH_KNOTS ( 'NONE', 3, 3, ( 
 ( #1735, #449, #1014, #876 ),
 ( #1263, #1562, #566, #1709 ),
 ( #996, #177, #306, #1167 ),
 ( #318, #1303, #476, #882 ),
 ( #329, #754, #1311, #38 ),
 ( #465, #745, #1591, #894 ),
 ( #613, #1443, #1045, #1176 ),
 ( #1032, #1763, #1614, #905 ),
 ( #765, #1466, #169, #28 ),
 ( #188, #603, #1751, #1319 ),
 ( #45, #1601, #1452, #975 ),
 ( #1409, #704, #1395, #404 ),
 ( #1554, #253, #697, #1385 ),
 ( #844, #827, #282, #986 ),
 ( #1545, #1707, #1245, #554 ),
 ( #2, #422, #118, #581 ),
 ( #1132, #993, #1000, #1697 ),
 ( #1570, #412, #129, #1119 ) ),
 .UNSPECIFIED., .F., .F., .F.,
 ( 4, 2, 2, 2, 2, 2, 2, 2, 4 ),
 ( 4, 4 ),
 ( 0.000000000000000000, 0.1250000000000000000, 0.2500000000000000000, 0.3750000000000000000, 0.5000000000000000000, 0.6250000000000000000, 0.7500000000000000000, 0.8750000000000000000, 1.000000000000000000 ),
 ( 0.000000000000000000, 1.000000000000000000 ),
 .UNSPECIFIED. ) ;
#318 = CARTESIAN_POINT ( 'NONE',  ( 2.202504971763270092, 5.000000000000000000, -1.760052339528589860 ) ) ;
#319 = VECTOR ( 'NONE', #1226, 1000.000000000000000 ) ;
#320 = CARTESIAN_POINT ( 'NONE',  ( -2.801495779211740089, 5.000000000000000000, 0.2786417296854389880 ) ) ;
#321 = FILL_AREA_STYLE ('',( #191 ) ) ;
#322 = ORIENTED_EDGE ( 'NONE', *, *, #29, .T. ) ;
#323 = EDGE_LOOP ( 'NONE', ( #1504, #509, #1306, #486 ) ) ;
#324 = CARTESIAN_POINT ( 'NONE',  ( 0.3323375964644918468, -36.74768948434094540, 0.02429447513659509228 ) ) ;
#325 = CYLINDRICAL_SURFACE ( 'NONE', #1322, 0.5000000000000000000 ) ;
#326 = CARTESIAN_POINT ( 'NONE',  ( -0.5433861809117863650, -36.46366073507626027, 0.4214658523123404055 ) ) ;
#327 = DIRECTION ( 'NONE',  ( 0.000000000000000000, 0.000000000000000000, 1.000000000000000000 ) ) ;
#328 = ORIENTED_EDGE ( 'NONE', *, *, #10, .T. ) ;
#329 = CARTESIAN_POINT ( 'NONE',  ( 1.978195658886899855, 5.000000000000000000, -2.008868916500779811 ) ) ;
#330 = CARTESIAN_POINT ( 'NONE',  ( 0.8317617328773341256, -76.00000000000000000, -0.5000000000000000000 ) ) ;
#331 = CARTESIAN_POINT ( 'NONE',  ( 1.078470154912832157, -36.97735161283974747, -0.4364471846161072088 ) ) ;
#332 = ORIENTED_EDGE ( 'NONE', *, *, #1506, .T. ) ;
#333 =( GEOMETRIC_REPRESENTATION_CONTEXT ( 3 ) GLOBAL_UNCERTAINTY_ASSIGNED_CONTEXT ( ( #1421 ) ) GLOBAL_UNIT_ASSIGNED_CONTEXT ( ( #576, #1406, #286 ) ) REPRESENTATION_CONTEXT ( 'NONE', 'WORKASPACE' ) );
#334 = EDGE_LOOP ( 'NONE', ( #175, #764, #1744, #496 ) ) ;
#335 = CARTESIAN_POINT ( 'NONE',  ( -0.4573823531583242619, -36.38806001141702495, -0.3318492667777253047 ) ) ;
#336 = SURFACE_SIDE_STYLE ('',( #1821 ) ) ;
#337 = CARTESIAN_POINT ( 'NONE',  ( 1.200832541355820293, -35.88331851942383111, 0.3373686055751746737 ) ) ;
#338 = ORIENTED_EDGE ( 'NONE', *, *, #93, .T. ) ;
#339 = CARTESIAN_POINT ( 'NONE',  ( -5.400000000000000355, 7.926683928913840660, -2.799999999999999822 ) ) ;
#340 = ADVANCED_FACE ( 'NONE', ( #13 ), #1417, .T. ) ;
#341 = FACE_BOUND ( 'NONE', #1708, .T. ) ;
#342 = CARTESIAN_POINT ( 'NONE',  ( -0.3254357249271340180, -35.86322556510999959, 0.3986675319881800017 ) ) ;
#343 = EDGE_LOOP ( 'NONE', ( #1831, #111 ) ) ;
#344 =( LENGTH_UNIT ( ) NAMED_UNIT ( * ) SI_UNIT ( .MILLI., .METRE. ) );
#345 = VECTOR ( 'NONE', #725, 1000.000000000000000 ) ;
#346 = ORIENTED_EDGE ( 'NONE', *, *, #1676, .T. ) ;
#347 = CARTESIAN_POINT ( 'NONE',  ( 0.8225654773455249869, -36.97475937458231954, -0.4999999999679288765 ) ) ;
#348 =( NAMED_UNIT ( * ) PLANE_ANGLE_UNIT ( ) SI_UNIT ( $, .RADIAN. ) );
#349 = DIRECTION ( 'NONE',  ( 1.000000000000000000, 0.000000000000000000, 0.000000000000000000 ) ) ;
#350 = SURFACE_STYLE_FILL_AREA ( #773 ) ;
#351 = ORIENTED_EDGE ( 'NONE', *, *, #1139, .F. ) ;
#352 = CARTESIAN_POINT ( 'NONE',  ( 1.800000000000000044, 7.926683928913840660, -1.600000000000000089 ) ) ;
#353 = CARTESIAN_POINT ( 'NONE',  ( -0.8317617361883699045, -36.97476036142754197, -0.5000009436744632385 ) ) ;
#354 = CARTESIAN_POINT ( 'NONE',  ( -5.400000000000000355, 7.926683928913840660, -2.000000000000000000 ) ) ;
#355 = EDGE_LOOP ( 'NONE', ( #1326, #159, #630, #1756 ) ) ;
#356 = DIRECTION ( 'NONE',  ( 0.000000000000000000, 0.000000000000000000, -1.000000000000000000 ) ) ;
#357 = VERTEX_POINT ( 'NONE', #1724 ) ;
#358 = DIRECTION ( 'NONE',  ( 0.000000000000000000, 1.000000000000000000, 0.000000000000000000 ) ) ;
#359 = DIRECTION ( 'NONE',  ( 0.000000000000000000, 1.000000000000000000, 0.000000000000000000 ) ) ;
#360 = FILL_AREA_STYLE_COLOUR ( '', #91 ) ;
#361 = CARTESIAN_POINT ( 'NONE',  ( 1.290615908106400811, -35.94438807451393103, 0.1991546705020920682 ) ) ;
#362 = CARTESIAN_POINT ( 'NONE',  ( 0.8317617328773340146, -76.00000000000000000, 0.000000000000000000 ) ) ;
#363 = CARTESIAN_POINT ( 'NONE',  ( 0.4594479247716429793, 6.052555366904849521, 2.781675752661519674 ) ) ;
#364 = CARTESIAN_POINT ( 'NONE',  ( 1.331644558502308895, -36.76679921049376532, 0.01154932194124342129 ) ) ;
#365 = LINE ( 'NONE', #941, #319 ) ;
#366 = FILL_AREA_STYLE ('',( #84 ) ) ;
#367 = ORIENTED_EDGE ( 'NONE', *, *, #1792, .T. ) ;
#368 = CARTESIAN_POINT ( 'NONE',  ( -1.240025712405112390, -36.49228791350127921, 0.2894121267013398113 ) ) ;
#369 = ADVANCED_FACE ( 'NONE', ( #447 ), #1715, .F. ) ;
#370 = CARTESIAN_POINT ( 'NONE',  ( 5.400000000000000355, 19.42026505734460073, -1.600000000000000089 ) ) ;
#371 = SURFACE_STYLE_FILL_AREA ( #936 ) ;
#372 = CARTESIAN_POINT ( 'NONE',  ( 1.189456577439704121, -35.88051911003145023, 0.3495393382271948512 ) ) ;
#373 = DIRECTION ( 'NONE',  ( 1.000000000000000000, 0.000000000000000000, 0.000000000000000000 ) ) ;
#374 = FACE_OUTER_BOUND ( 'NONE', #1048, .T. ) ;
#375 = CARTESIAN_POINT ( 'NONE',  ( 0.000000000000000000, 4.000000000000000000, 0.000000000000000000 ) ) ;
#376 = DIRECTION ( 'NONE',  ( 0.000000000000000000, -1.000000000000000000, 0.000000000000000000 ) ) ;
#377 = CARTESIAN_POINT ( 'NONE',  ( -1.257338669709953338, -35.90796411011920242, 0.2601887754850337187 ) ) ;
#378 = COLOUR_RGB ( '',0.6980392156862744724, 0.6980392156862744724, 0.6980392156862744724 ) ;
#379 = CARTESIAN_POINT ( 'NONE',  ( -5.400000000000000355, 18.42026505734460073, -1.600000000000000089 ) ) ;
#380 = LINE ( 'NONE', #808, #315 ) ;
#381 = CARTESIAN_POINT ( 'NONE',  ( 5.400000000000000355, 7.926683928913840660, -1.600000000000000089 ) ) ;
#382 = CARTESIAN_POINT ( 'NONE',  ( 1.126121953200150294, -35.87131807690729346, 0.4058228263039391770 ) ) ;
#383 = EDGE_CURVE ( 'NONE', #305, #752, #1143, .T. ) ;
#384 = STYLED_ITEM ( 'NONE', ( #16 ), #1653 ) ;
#385 = CARTESIAN_POINT ( 'NONE',  ( -2.202504971763270092, 5.000000000000000000, 1.760052339528589860 ) ) ;
#386 = CARTESIAN_POINT ( 'NONE',  ( -0.3236096511145529764, -36.99232082496799734, -0.3987942161947249931 ) ) ;
#387 = FACE_OUTER_BOUND ( 'NONE', #187, .T. ) ;
#388 = SURFACE_SIDE_STYLE ('',( #823 ) ) ;
#389 = AXIS2_PLACEMENT_3D ( 'NONE', #179, #766, #1323 ) ;
#390 = UNCERTAINTY_MEASURE_WITH_UNIT (LENGTH_MEASURE( 1.000000000000000082E-05 ), #538, 'distance_accuracy_value', 'NONE');
#391 = CARTESIAN_POINT ( 'NONE',  ( -1.286223239276975017, -36.96741258835980659, -0.2112205139371110540 ) ) ;
#392 = PRESENTATION_STYLE_ASSIGNMENT (( #542 ) ) ;
#393 = CARTESIAN_POINT ( 'NONE',  ( 0.8317617328773341256, 4.000000000000000000, -0.5000000000000000000 ) ) ;
#394 = CARTESIAN_POINT ( 'NONE',  ( 0.7861416896103829988, 5.000000000000000000, 2.707543837572819800 ) ) ;
#395 = MANIFOLD_SOLID_BREP ( 'RTS103C1R2M6L501.stp[3]', #85 ) ;
#396 = CYLINDRICAL_SURFACE ( 'NONE', #1855, 10.01926387594989976 ) ;
#397 = CARTESIAN_POINT ( 'NONE',  ( 0.8317617328773340146, -76.00000000000000000, 0.000000000000000000 ) ) ;
#398 =( NAMED_UNIT ( * ) SI_UNIT ( $, .STERADIAN. ) SOLID_ANGLE_UNIT ( ) );
#399 = CARTESIAN_POINT ( 'NONE',  ( -1.295550791370438048, -36.55225448963827262, 0.1852956488356697073 ) ) ;
#400 = AXIS2_PLACEMENT_3D ( 'NONE', #635, #1617, #910 ) ;
#401 = FILL_AREA_STYLE_COLOUR ( '', #1580 ) ;
#402 = CARTESIAN_POINT ( 'NONE',  ( 0.8614137558126463423, -36.37763901774391684, -0.4991775723512659191 ) ) ;
#403 = CARTESIAN_POINT ( 'NONE',  ( 0.3368900749256472649, -36.07661698425346231, 0.07476445830163863659 ) ) ;
#404 = CARTESIAN_POINT ( 'NONE',  ( -1.800000000000000044, 7.926683928913840660, -2.799999999999999822 ) ) ;
#405 = VERTEX_POINT ( 'NONE', #891 ) ;
#406 = DIRECTION ( 'NONE',  ( -1.000000000000000000, 0.000000000000000000, 0.000000000000000000 ) ) ;
#407 = CARTESIAN_POINT ( 'NONE',  ( 0.6307715369819896223, -36.46220170552656015, 0.4636414172452762994 ) ) ;
#408 = CARTESIAN_POINT ( 'NONE',  ( 0.8317617328773340146, -76.00000000000000000, 0.000000000000000000 ) ) ;
#409 = ADVANCED_FACE ( 'NONE', ( #174, #1213 ), #1434, .F. ) ;
#410 = SURFACE_STYLE_USAGE ( .BOTH. , #1845 ) ;
#411 = LINE ( 'NONE', #720, #1595 ) ;
#412 = CARTESIAN_POINT ( 'NONE',  ( -2.782874457086129460, 6.032992161476570026, -0.3092082730095679910 ) ) ;
#413 = AXIS2_PLACEMENT_3D ( 'NONE', #408, #1671, #1123 ) ;
#414 = FILL_AREA_STYLE ('',( #1546 ) ) ;
#415 = VERTEX_POINT ( 'NONE', #1623 ) ;
#416 = MANIFOLD_SOLID_BREP ( 'RTS103C1R2M6L501.stp[2]', #1602 ) ;
#417 = FACE_BOUND ( 'NONE', #759, .T. ) ;
#419 = DIRECTION ( 'NONE',  ( 0.000000000000000000, -1.000000000000000000, 0.000000000000000000 ) ) ;
#418 = VECTOR ( 'NONE', #670, 1000.000000000000000 ) ;
#420 = STYLED_ITEM ( 'NONE', ( #392 ), #733 ) ;
#421 = CARTESIAN_POINT ( 'NONE',  ( 0.3722509295335179047, -36.37049491255208267, -0.2060260652316796559 ) ) ;
#422 = CARTESIAN_POINT ( 'NONE',  ( -2.651497002573520057, 6.036870401968109867, -0.9583193798863059998 ) ) ;
#423 = VERTEX_POINT ( 'NONE', #1800 ) ;
#424 = CARTESIAN_POINT ( 'NONE',  ( -0.8317617328773340146, -82.00000000000000000, 0.2999999999999999889 ) ) ;
#425 = EDGE_CURVE ( 'NONE', #902, #1427, #1288, .T. ) ;
#426 = CARTESIAN_POINT ( 'NONE',  ( 0.8317617328773340146, -76.00000000000000000, 0.2999999999999999889 ) ) ;
#427 = CARTESIAN_POINT ( 'NONE',  ( -1.393835487583349853, 5.000000000000000000, -2.450721326890369589 ) ) ;
#428 = EDGE_CURVE ( 'NONE', #357, #1035, #1236, .T. ) ;
#429 = AXIS2_PLACEMENT_3D ( 'NONE', #1858, #1714, #1108 ) ;
#430 = CARTESIAN_POINT ( 'NONE',  ( 5.400000000000000355, 7.926683928913840660, -1.600000000000000089 ) ) ;
#431 = LINE ( 'NONE', #110, #815 ) ;
#432 = ORIENTED_EDGE ( 'NONE', *, *, #1438, .T. ) ;
#433 = VECTOR ( 'NONE', #141, 1000.000000000000000 ) ;
#434 = PRODUCT_CONTEXT ( 'NONE', #464, 'mechanical' ) ;
#435 =( NAMED_UNIT ( * ) PLANE_ANGLE_UNIT ( ) SI_UNIT ( $, .RADIAN. ) );
#436 = MECHANICAL_DESIGN_GEOMETRIC_PRESENTATION_REPRESENTATION (  '', ( #1094 ), #1631 ) ;
#437 = PRESENTATION_STYLE_ASSIGNMENT (( #1439 ) ) ;
#438 = CARTESIAN_POINT ( 'NONE',  ( 0.3317584180988142339, -36.18228212425201917, 0.002664357785613007384 ) ) ;
#439 = CARTESIAN_POINT ( 'NONE',  ( -1.239153535014487995, 4.999999999999994671, 2.531063424794098626 ) ) ;
#440 = VECTOR ( 'NONE', #926, 1000.000000000000000 ) ;
#441 = ORIENTED_EDGE ( 'NONE', *, *, #277, .F. ) ;
#442 = PRESENTATION_LAYER_ASSIGNMENT (  '', '', ( #1098 ) ) ;
#443 = APPLICATION_PROTOCOL_DEFINITION ( 'draft international standard', 'automotive_design', 1998, #878 ) ;
#444 = CARTESIAN_POINT ( 'NONE',  ( 0.3254357249271309649, -36.39503140944799497, -0.3987942161947330422 ) ) ;
#445 = FILL_AREA_STYLE ('',( #860 ) ) ;
#446 = CARTESIAN_POINT ( 'NONE',  ( -0.8317617361883699045, -36.97476036142754197, -0.5000009436744632385 ) ) ;
#447 = FACE_OUTER_BOUND ( 'NONE', #1600, .T. ) ;
#448 = ORIENTED_EDGE ( 'NONE', *, *, #654, .T. ) ;
#449 = CARTESIAN_POINT ( 'NONE',  ( 2.742221497604390379, 6.029371376587099540, -0.5658809575134480241 ) ) ;
#450 = EDGE_CURVE ( 'NONE', #1427, #163, #1789, .T. ) ;
#451 = CARTESIAN_POINT ( 'NONE',  ( 0.5125144179131034816, -36.47127518257951806, 0.3857599547304915721 ) ) ;
#452 = FACE_OUTER_BOUND ( 'NONE', #213, .T. ) ;
#453 = CARTESIAN_POINT ( 'NONE',  ( -0.3808026181291111478, -36.53076630728439511, 0.2136644612455588510 ) ) ;
#454 = VERTEX_POINT ( 'NONE', #1625 ) ;
#455 = CARTESIAN_POINT ( 'NONE',  ( 1.338087740827540006, -36.99232082496799734, -0.3987942161947289899 ) ) ;
#456 = COLOUR_RGB ( '',0.2000000000000000111, 0.2000000000000000111, 0.2000000000000000111 ) ;
#457 = CARTESIAN_POINT ( 'NONE',  ( -2.782891806909339572, 5.000000000000000000, -0.3092101995423849892 ) ) ;
#458 = EDGE_CURVE ( 'NONE', #1247, #1618, #193, .T. ) ;
#459 = CARTESIAN_POINT ( 'NONE',  ( 2.202504971763270092, 5.000000000000000000, -1.760052339528589860 ) ) ;
#460 = CARTESIAN_POINT ( 'NONE',  ( 0.8317617328773340146, 4.000000000000000000, 0.000000000000000000 ) ) ;
#461 = CARTESIAN_POINT ( 'NONE',  ( 0.3368274342924056919, -36.87224936485780091, -0.07206206037475215709 ) ) ;
#462 = FILL_AREA_STYLE ('',( #1771 ) ) ;
#463 = ORIENTED_EDGE ( 'NONE', *, *, #201, .F. ) ;
#464 = APPLICATION_CONTEXT ( 'automotive_design' ) ;
#465 = CARTESIAN_POINT ( 'NONE',  ( 1.457186945774509912, 5.000000000000000000, -2.413590394741069733 ) ) ;
#466 = CARTESIAN_POINT ( 'NONE',  ( 1.153473796326250245, -36.97966985212875812, -0.3831959627228032628 ) ) ;
#467 = ORIENTED_EDGE ( 'NONE', *, *, #383, .F. ) ;
#468 = SURFACE_SIDE_STYLE ('',( #1783 ) ) ;
#469 = MECHANICAL_DESIGN_GEOMETRIC_PRESENTATION_REPRESENTATION (  '', ( #1098 ), #77 ) ;
#470 = ORIENTED_EDGE ( 'NONE', *, *, #261, .T. ) ;
#471 = CARTESIAN_POINT ( 'NONE',  ( 0.3792197731986963749, -36.53280889331562520, 0.2132452892409858747 ) ) ;
#472 = DIRECTION ( 'NONE',  ( 0.000000000000000000, 0.000000000000000000, 1.000000000000000000 ) ) ;
#473 = FACE_OUTER_BOUND ( 'NONE', #323, .T. ) ;
#474 = CIRCLE ( 'NONE', #959, 1.904500582409810017 ) ;
#475 = ORIENTED_EDGE ( 'NONE', *, *, #1110, .F. ) ;
#476 = CARTESIAN_POINT ( 'NONE',  ( 3.600000000000000089, 6.886225378389650764, -2.799999999999999822 ) ) ;
#477 = CARTESIAN_POINT ( 'NONE',  ( 1.291272536220954725, -36.96778432807366244, -0.2060260652321155572 ) ) ;
#478 = VECTOR ( 'NONE', #1100, 1000.000000000000000 ) ;
#479 = CARTESIAN_POINT ( 'NONE',  ( 0.000000000000000000, -17.87476800157869761, 0.000000000000000000 ) ) ;
#480 = EDGE_CURVE ( 'NONE', #1310, #915, #46, .T. ) ;
#481 = ORIENTED_EDGE ( 'NONE', *, *, #450, .F. ) ;
#482 = LINE ( 'NONE', #1201, #1190 ) ;
#483 = DIRECTION ( 'NONE',  ( 0.000000000000000000, 1.000000000000000000, 0.000000000000000000 ) ) ;
#484 = PRESENTATION_STYLE_ASSIGNMENT (( #610 ) ) ;
#485 = EDGE_CURVE ( 'NONE', #1556, #617, #279, .T. ) ;
#486 = ORIENTED_EDGE ( 'NONE', *, *, #980, .F. ) ;
#487 = DIRECTION ( 'NONE',  ( 0.000000000000000000, 1.000000000000000000, 0.000000000000000000 ) ) ;
#488 = CARTESIAN_POINT ( 'NONE',  ( 1.206871535306017762, -36.98205702181649457, -0.3310424457520734220 ) ) ;
#489 = SURFACE_STYLE_USAGE ( .BOTH. , #1333 ) ;
#490 =( LENGTH_UNIT ( ) NAMED_UNIT ( * ) SI_UNIT ( .MILLI., .METRE. ) );
#491 = ORIENTED_EDGE ( 'NONE', *, *, #1846, .T. ) ;
#492 = CARTESIAN_POINT ( 'NONE',  ( -0.3773002264776401660, -36.37012317283972607, -0.2112205139369792151 ) ) ;
#493 = CARTESIAN_POINT ( 'NONE',  ( 1.211607432492145087, -35.88654671378418470, 0.3251563078565731235 ) ) ;
#494 = VERTEX_POINT ( 'NONE', #339 ) ;
#495 = CARTESIAN_POINT ( 'NONE',  ( -2.675547318428169952, 5.000000000000000000, 0.8889795969791740582 ) ) ;
#496 = ORIENTED_EDGE ( 'NONE', *, *, #522, .T. ) ;
#497 = CARTESIAN_POINT ( 'NONE',  ( 0.000000000000000000, 4.000000000000000000, 0.000000000000000000 ) ) ;
#498 = STYLED_ITEM ( 'NONE', ( #36 ), #416 ) ;
#499 = VERTEX_POINT ( 'NONE', #775 ) ;
#500 = B_SPLINE_CURVE_WITH_KNOTS ( 'NONE', 3,
 ( #608, #1298, #23, #1785, #899, #1461, #1746, #627, #183, #335, #196, #770, #492, #1362, #789, #649, #1081, #234, #799, #89, #1350, #1655, #224, #945, #1806, #1231, #1819, #955, #74, #1521 ),
 .UNSPECIFIED., .F., .F.,
 ( 4, 2, 2, 2, 2, 2, 2, 2, 2, 2, 2, 2, 2, 2, 4 ),
 ( 0.5001600853605836505, 0.5626400746905017014, 0.5938800693554607824, 0.6095000666879402118, 0.6173100653541799820, 0.6251200640204197523, 0.6876000533503402457, 0.7188400480153005478, 0.7344600453477807545, 0.7500800426802608500, 0.8125600320101931118, 0.8438000266751612966, 0.8750400213401294813, 0.9375200106700647407, 1.000000000000000000 ),
 .UNSPECIFIED. ) ;
#501 = STYLED_ITEM ( 'NONE', ( #1786 ), #1734 ) ;
#502 = CARTESIAN_POINT ( 'NONE',  ( 0.4219704808726476575, -36.97856703600005801, -0.2868186634565892956 ) ) ;
#503 =( NAMED_UNIT ( * ) SI_UNIT ( $, .STERADIAN. ) SOLID_ANGLE_UNIT ( ) );
#504 = CARTESIAN_POINT ( 'NONE',  ( 1.215274017724287337, -35.88785248071626199, 0.3208108398961223018 ) ) ;
#505 =( LENGTH_UNIT ( ) NAMED_UNIT ( * ) SI_UNIT ( .MILLI., .METRE. ) );
#506 = CARTESIAN_POINT ( 'NONE',  ( -0.9000000000000000222, 7.926683928913840660, -1.600000000000000089 ) ) ;
#507 = CARTESIAN_POINT ( 'NONE',  ( 1.324048524991827902, -36.88893448934537389, -0.09178493994109343523 ) ) ;
#508 = CARTESIAN_POINT ( 'NONE',  ( -1.339913814640109946, -35.89602899882279985, 0.1914317078354730028 ) ) ;
#509 = ORIENTED_EDGE ( 'NONE', *, *, #539, .F. ) ;
#510 = CARTESIAN_POINT ( 'NONE',  ( -1.117901124969009397, -36.38765199794887195, -0.4212105288491265198 ) ) ;
#511 = EDGE_CURVE ( 'NONE', #1035, #357, #1472, .T. ) ;
#512 = ORIENTED_EDGE ( 'NONE', *, *, #755, .T. ) ;
#513 = CARTESIAN_POINT ( 'NONE',  ( 0.000000000000000000, 15.71666154119999703, -1.600000000000000089 ) ) ;
#514 = LINE ( 'NONE', #370, #1179 ) ;
#515 = CARTESIAN_POINT ( 'NONE',  ( 1.180783849718836986, -35.87878594406623023, 0.3582819555208787698 ) ) ;
#516 =( NAMED_UNIT ( * ) PLANE_ANGLE_UNIT ( ) SI_UNIT ( $, .RADIAN. ) );
#517 = CARTESIAN_POINT ( 'NONE',  ( 0.8317617328773340146, 4.000000000000000000, 0.000000000000000000 ) ) ;
#518 = CARTESIAN_POINT ( 'NONE',  ( -0.1995757829690809892, 5.000000000000000000, 2.812291218095010148 ) ) ;
#519 = CARTESIAN_POINT ( 'NONE',  ( 0.8317617330505643336, -36.46004631050973899, 0.4999999583583419893 ) ) ;
#520 = DIRECTION ( 'NONE',  ( 0.000000000000000000, 0.000000000000000000, -1.000000000000000000 ) ) ;
#521 = CARTESIAN_POINT ( 'NONE',  ( -0.8317617328773340146, -35.86275689498973662, 0.4999999583583600304 ) ) ;
#522 = EDGE_CURVE ( 'NONE', #454, #1330, #713, .T. ) ;
#523 = AXIS2_PLACEMENT_3D ( 'NONE', #966, #561, #126 ) ;
#524 = CARTESIAN_POINT ( 'NONE',  ( -2.742221497604390379, 6.028265344570500339, 0.5658809575134490233 ) ) ;
#525 = CARTESIAN_POINT ( 'NONE',  ( 0.000000000000000000, 15.71666154119999703, -1.600000000000000089 ) ) ;
#526 = CARTESIAN_POINT ( 'NONE',  ( 0.000000000000000000, 15.71666154119999703, -1.600000000000000089 ) ) ;
#527 = DIRECTION ( 'NONE',  ( 0.000000000000000000, 0.000000000000000000, 1.000000000000000000 ) ) ;
#528 = LINE ( 'NONE', #1801, #1515 ) ;
#529 = DIRECTION ( 'NONE',  ( 0.000000000000000000, -0.7071067811865470176, -0.7071067811865480168 ) ) ;
#530 = FACE_OUTER_BOUND ( 'NONE', #1410, .T. ) ;
#531 = CARTESIAN_POINT ( 'NONE',  ( -0.9169267413824225832, -35.86275330927615812, 0.5000087478832073717 ) ) ;
#532 = DIRECTION ( 'NONE',  ( 0.000000000000000000, 1.000000000000000000, 0.000000000000000000 ) ) ;
#533 = LINE ( 'NONE', #913, #478 ) ;
#534 = CARTESIAN_POINT ( 'NONE',  ( 1.261936274267372982, -35.91127711299540692, 0.2569454777825117553 ) ) ;
#535 = VECTOR ( 'NONE', #483, 1000.000000000000000 ) ;
#536 = CARTESIAN_POINT ( 'NONE',  ( -0.5317353629267050907, 5.000000000000000000, 2.768766854095019880 ) ) ;
#537 = CARTESIAN_POINT ( 'NONE',  ( 1.292515952298376236, -36.54203417752845695, 0.1969075160104480915 ) ) ;
#538 =( LENGTH_UNIT ( ) NAMED_UNIT ( * ) SI_UNIT ( .MILLI., .METRE. ) );
#539 = EDGE_CURVE ( 'NONE', #1750, #892, #916, .T. ) ;
#540 = UNCERTAINTY_MEASURE_WITH_UNIT (LENGTH_MEASURE( 1.000000000000000082E-05 ), #1498, 'distance_accuracy_value', 'NONE');
#541 = CARTESIAN_POINT ( 'NONE',  ( -0.8317617361883699045, -36.97476036142754197, -0.5000009436744632385 ) ) ;
#542 = SURFACE_STYLE_USAGE ( .BOTH. , #125 ) ;
#543 = EDGE_CURVE ( 'NONE', #1469, #1492, #1420, .T. ) ;
#544 = CARTESIAN_POINT ( 'NONE',  ( 2.155920831532330162, 5.000000000000000000, 1.816815278636479958 ) ) ;
#545 = CARTESIAN_POINT ( 'NONE',  ( -2.559366146301613743, 4.999999999999998224, 1.179588264113613505 ) ) ;
#546 = CARTESIAN_POINT ( 'NONE',  ( -4.336808689942019708E-16, 10.98073612405010024, -1.600000000000000089 ) ) ;
#547 = CARTESIAN_POINT ( 'NONE',  ( 0.4210963429724965401, -36.49555618579450567, 0.2880527042578722718 ) ) ;
#548 = AXIS2_PLACEMENT_3D ( 'NONE', #397, #247, #1398 ) ;
#549 = CARTESIAN_POINT ( 'NONE',  ( -1.293687288720636319, -35.95154933635739525, 0.1893038691687138619 ) ) ;
#550 = CARTESIAN_POINT ( 'NONE',  ( 0.8317617348776996655, -36.37747090255911075, -0.5000003636834368104 ) ) ;
#551 = PRESENTATION_LAYER_ASSIGNMENT (  '', '', ( #1718 ) ) ;
#552 = CARTESIAN_POINT ( 'NONE',  ( 5.400000000000000355, 7.926683928913840660, -2.799999999999999822 ) ) ;
#553 = CARTESIAN_POINT ( 'NONE',  ( 2.356195891666710285, 6.035822627820260244, 1.548274300185519925 ) ) ;
#554 = CARTESIAN_POINT ( 'NONE',  ( -3.600000000000000089, 7.926683928913840660, -2.799999999999999822 ) ) ;
#555 = ORIENTED_EDGE ( 'NONE', *, *, #59, .T. ) ;
#556 = CARTESIAN_POINT ( 'NONE',  ( 5.400000000000000355, 19.42026505734460073, -1.600000000000000089 ) ) ;
#557 = DIRECTION ( 'NONE',  ( 0.000000000000000000, 1.000000000000000000, 0.000000000000000000 ) ) ;
#558 = UNCERTAINTY_MEASURE_WITH_UNIT (LENGTH_MEASURE( 1.000000000000000082E-05 ), #160, 'distance_accuracy_value', 'NONE');
#559 = CARTESIAN_POINT ( 'NONE',  ( 5.400000000000000355, 19.42026505734460073, -2.799999999999999822 ) ) ;
#560 = B_SPLINE_CURVE_WITH_KNOTS ( 'NONE', 3,
 ( #1299, #591, #750, #1760 ),
 .UNSPECIFIED., .F., .F.,
 ( 4, 4 ),
 ( 0.000000000000000000, 1.000000000000000000 ),
 .UNSPECIFIED. ) ;
#561 = DIRECTION ( 'NONE',  ( 0.000000000000000000, 1.000000000000000000, 0.000000000000000000 ) ) ;
#562 = CARTESIAN_POINT ( 'NONE',  ( 0.4566519304487068331, -36.38476760629675510, -0.3310424457521419783 ) ) ;
#563 = CARTESIAN_POINT ( 'NONE',  ( 5.400000000000000355, 6.897312552326740231, -2.799999999999999822 ) ) ;
#564 = CIRCLE ( 'NONE', #1758, 0.2999999999999999334 ) ;
#565 = ORIENTED_EDGE ( 'NONE', *, *, #1411, .T. ) ;
#566 = CARTESIAN_POINT ( 'NONE',  ( 4.950000000000000178, 6.896840716413669803, -2.799999999999999822 ) ) ;
#567 = ADVANCED_FACE ( 'NONE', ( #1281 ), #1733, .T. ) ;
#568 = APPLICATION_PROTOCOL_DEFINITION ( 'draft international standard', 'automotive_design', 1998, #464 ) ;
#570 = SURFACE_STYLE_USAGE ( .BOTH. , #1694 ) ;
#569 = PRESENTATION_LAYER_ASSIGNMENT (  '', '', ( #1444 ) ) ;
#571 = CARTESIAN_POINT ( 'NONE',  ( -2.155920831532330162, 5.000000000000000000, -1.816815278636479958 ) ) ;
#572 = AXIS2_PLACEMENT_3D ( 'NONE', #526, #1091, #638 ) ;
#573 = CARTESIAN_POINT ( 'NONE',  ( 3.149999999999999911, 6.886127918286639726, -1.600000000000000089 ) ) ;
#574 = CARTESIAN_POINT ( 'NONE',  ( 2.815263068164739924, 6.023538222790289609, 0.01771077330212200013 ) ) ;
#575 = EDGE_LOOP ( 'NONE', ( #1624, #1464, #40, #1358 ) ) ;
#576 =( LENGTH_UNIT ( ) NAMED_UNIT ( * ) SI_UNIT ( .MILLI., .METRE. ) );
#577 = CARTESIAN_POINT ( 'NONE',  ( 5.400000000000000355, 6.897312552326740231, -2.799999999999999822 ) ) ;
#578 = SURFACE_STYLE_FILL_AREA ( #1692 ) ;
#579 = AXIS2_PLACEMENT_3D ( 'NONE', #856, #1419, #1295 ) ;
#580 = CARTESIAN_POINT ( 'NONE',  ( 0.3394749407627649096, -36.29164507382392202, -0.09178493994066588835 ) ) ;
#581 = CARTESIAN_POINT ( 'NONE',  ( -4.500000000000000000, 7.926683928913840660, -2.799999999999999822 ) ) ;
#582 = DIRECTION ( 'NONE',  ( 0.000000000000000000, 0.000000000000000000, -1.000000000000000000 ) ) ;
#583 = ORIENTED_EDGE ( 'NONE', *, *, #428, .T. ) ;
#584 = SURFACE_STYLE_FILL_AREA ( #139 ) ;
#585 = CARTESIAN_POINT ( 'NONE',  ( -5.400000000000000355, 6.893691767437259976, -2.799999999999999822 ) ) ;
#586 = CARTESIAN_POINT ( 'NONE',  ( 1.339913814640109946, -35.86322556510999959, 0.3986675319881810009 ) ) ;
#587 = CARTESIAN_POINT ( 'NONE',  ( -0.8317617328773340146, -76.00000000000000000, 0.000000000000000000 ) ) ;
#588 = ORIENTED_EDGE ( 'NONE', *, *, #127, .F. ) ;
#589 = CARTESIAN_POINT ( 'NONE',  ( 1.338087740827540006, -36.77210808887750204, 0.01922501550876989929 ) ) ;
#590 = CARTESIAN_POINT ( 'NONE',  ( -5.400000000000000355, 7.926683928913840660, -2.799999999999999822 ) ) ;
#591 = CARTESIAN_POINT ( 'NONE',  ( 2.815263068164739924, 5.000000000000000000, 0.01771077330212200013 ) ) ;
#592 = CARTESIAN_POINT ( 'NONE',  ( -0.4252392833727568489, -36.49278387366771881, 0.2899571016035263904 ) ) ;
#593 =( NAMED_UNIT ( * ) SI_UNIT ( $, .STERADIAN. ) SOLID_ANGLE_UNIT ( ) );
#594 = ORIENTED_EDGE ( 'NONE', *, *, #1494, .T. ) ;
#595 = ADVANCED_FACE ( 'NONE', ( #1198 ), #240, .T. ) ;
#596 =( NAMED_UNIT ( * ) SI_UNIT ( $, .STERADIAN. ) SOLID_ANGLE_UNIT ( ) );
#597 = EDGE_LOOP ( 'NONE', ( #1776, #796, #130, #328 ) ) ;
#598 = CARTESIAN_POINT ( 'NONE',  ( 0.4594963873788410202, -36.98444954557282927, -0.3346107165239371461 ) ) ;
#599 = CYLINDRICAL_SURFACE ( 'NONE', #1573, 0.5000000000000000000 ) ;
#600 = FACE_OUTER_BOUND ( 'NONE', #1481, .T. ) ;
#601 = CARTESIAN_POINT ( 'NONE',  ( -2.782874457086129460, 6.032992161476570026, -0.3092082730095679910 ) ) ;
#602 = ORIENTED_EDGE ( 'NONE', *, *, #734, .T. ) ;
#603 = CARTESIAN_POINT ( 'NONE',  ( -0.4594479247716439785, 6.058241136241929503, -2.781675752661519674 ) ) ;
#604 = CIRCLE ( 'NONE', #1460, 1.600000582409809802 ) ;
#605 = LINE ( 'NONE', #1488, #1129 ) ;
#606 = CARTESIAN_POINT ( 'NONE',  ( 2.551229825360860293, 5.000000000000000000, -1.200016152687620075 ) ) ;
#607 = ORIENTED_EDGE ( 'NONE', *, *, #1135, .T. ) ;
#608 = CARTESIAN_POINT ( 'NONE',  ( -0.8317617295662975696, -36.37747094590756802, -0.5000009436744639046 ) ) ;
#609 = SURFACE_SIDE_STYLE ('',( #296 ) ) ;
#610 = SURFACE_STYLE_USAGE ( .BOTH. , #35 ) ;
#611 = ORIENTED_EDGE ( 'NONE', *, *, #1506, .F. ) ;
#612 = MECHANICAL_DESIGN_GEOMETRIC_PRESENTATION_REPRESENTATION (  '', ( #1172 ), #1820 ) ;
#613 = CARTESIAN_POINT ( 'NONE',  ( 1.160622230493460139, 5.000000000000000000, -2.569390672242430007 ) ) ;
#614 = CARTESIAN_POINT ( 'NONE',  ( 3.429011037612588783E-16, -4.000000000000000000, 2.799999999999999822 ) ) ;
#615 = EDGE_LOOP ( 'NONE', ( #273, #594, #367, #1762 ) ) ;
#616 = CIRCLE ( 'NONE', #162, 1.904500582409810017 ) ;
#617 = VERTEX_POINT ( 'NONE', #1086 ) ;
#618 = ADVANCED_FACE ( 'NONE', ( #1638 ), #643, .T. ) ;
#619 = CARTESIAN_POINT ( 'NONE',  ( 0.5654744201735804054, -36.98363859414860144, -0.4233327660037146112 ) ) ;
#620 = FACE_OUTER_BOUND ( 'NONE', #119, .T. ) ;
#621 = CARTESIAN_POINT ( 'NONE',  ( -2.742221497604390379, 5.000000000000000000, 0.5658809575134490233 ) ) ;
#622 = ORIENTED_EDGE ( 'NONE', *, *, #201, .T. ) ;
#623 = CARTESIAN_POINT ( 'NONE',  ( -0.8317617328773340146, -82.00000000000000000, -0.2999999999999999889 ) ) ;
#624 = PLANE ( 'NONE',  #1603 ) ;
#625 = AXIS2_PLACEMENT_3D ( 'NONE', #628, #921, #1351 ) ;
#626 = ORIENTED_EDGE ( 'NONE', *, *, #277, .T. ) ;
#627 = CARTESIAN_POINT ( 'NONE',  ( -0.4756496695541185815, -36.38896622484259780, -0.3522635287648176461 ) ) ;
#628 = CARTESIAN_POINT ( 'NONE',  ( -0.8317617328773340146, -76.00000000000000000, 0.000000000000000000 ) ) ;
#629 = CARTESIAN_POINT ( 'NONE',  ( 1.241552984881169497, -36.38127762048037539, -0.2868186634577802319 ) ) ;
#630 = ORIENTED_EDGE ( 'NONE', *, *, #1193, .T. ) ;
#631 = DIRECTION ( 'NONE',  ( 1.000000000000000000, 0.000000000000000000, 0.000000000000000000 ) ) ;
#632 = CARTESIAN_POINT ( 'NONE',  ( -0.4500000000000000111, 7.926683928913840660, -1.600000000000000089 ) ) ;
#633 = CARTESIAN_POINT ( 'NONE',  ( 1.193691234934413981, -36.98137143426610862, -0.3454632153447247389 ) ) ;
#634 = CARTESIAN_POINT ( 'NONE',  ( -5.400000000000000355, 6.898401798002368857, -2.000000000000000000 ) ) ;
#635 = CARTESIAN_POINT ( 'NONE',  ( -0.8317617328773340146, -82.00000000000000000, 0.000000000000000000 ) ) ;
#636 = ORIENTED_EDGE ( 'NONE', *, *, #1672, .T. ) ;
#637 = CARTESIAN_POINT ( 'NONE',  ( 0.8317617308769681417, -36.97476031807914154, -0.5000003636834329246 ) ) ;
#638 = DIRECTION ( 'NONE',  ( 1.000000000000000000, 0.000000000000000000, 0.000000000000000000 ) ) ;
#639 = CARTESIAN_POINT ( 'NONE',  ( 1.331185869290173462, -36.15040006882080093, 0.02429447513666181321 ) ) ;
#640 = ADVANCED_FACE ( 'NONE', ( #387 ), #301, .F. ) ;
#641 = CARTESIAN_POINT ( 'NONE',  ( -2.675547318428169952, 6.028737426323900195, 0.8889795969791740582 ) ) ;
#642 = CARTESIAN_POINT ( 'NONE',  ( 1.167351305099649128, -36.98020906071832314, -0.3711030000299719855 ) ) ;
#643 = CYLINDRICAL_SURFACE ( 'NONE', #1857, 0.5000000000000000000 ) ;
#644 = ORIENTED_EDGE ( 'NONE', *, *, #748, .F. ) ;
#645 = CARTESIAN_POINT ( 'NONE',  ( 0.5730378330706781265, 5.000000000000000000, -2.755672720280065935 ) ) ;
#646 = EDGE_LOOP ( 'NONE', ( #1194, #1479 ) ) ;
#647 = AXIS2_PLACEMENT_3D ( 'NONE', #1597, #1425, #1012 ) ;
#648 = CARTESIAN_POINT ( 'NONE',  ( 0.8317617308769681417, -36.97476031807914154, -0.5000003636834329246 ) ) ;
#649 = CARTESIAN_POINT ( 'NONE',  ( -0.3353391582905785318, -36.25106642044595873, -0.05549678802511632397 ) ) ;
#650 = CARTESIAN_POINT ( 'NONE',  ( 1.305585274421544595, -35.97439128862450985, 0.1596932364504166368 ) ) ;
#651 = CARTESIAN_POINT ( 'NONE',  ( 0.3406991278653552779, 4.999999999999997335, 2.799999999559590336 ) ) ;
#652 = CARTESIAN_POINT ( 'NONE',  ( -4.500000000000000000, 7.926683928913840660, -1.600000000000000089 ) ) ;
#653 = CIRCLE ( 'NONE', #389, 0.5000000000000000000 ) ;
#654 = EDGE_CURVE ( 'NONE', #357, #898, #365, .T. ) ;
#655 = DIRECTION ( 'NONE',  ( 0.000000000000000000, 0.000000000000000000, -1.000000000000000000 ) ) ;
#656 = FILL_AREA_STYLE_COLOUR ( '', #1273 ) ;
#657 = EDGE_LOOP ( 'NONE', ( #756, #72, #1121, #740, #1285, #1594 ) ) ;
#658 = CARTESIAN_POINT ( 'NONE',  ( 0.8317617328773341256, -76.00000000000000000, -0.5000000000000000000 ) ) ;
#659 = CARTESIAN_POINT ( 'NONE',  ( -1.260214049229223532, -36.50631012509861506, 0.2562318667174349196 ) ) ;
#660 = CARTESIAN_POINT ( 'NONE',  ( 5.400000000000000355, 7.926683928913840660, -2.799999999999999822 ) ) ;
#661 = CARTESIAN_POINT ( 'NONE',  ( 1.959435591882074603E-16, -3.695500000000000007, -1.600000582409809802 ) ) ;
#662 = CARTESIAN_POINT ( 'NONE',  ( 1.141466205846952020, -36.38770705473173450, -0.3929686969416809061 ) ) ;
#663 = CARTESIAN_POINT ( 'NONE',  ( -2.250000000000000000, 6.878939236035549243, -1.600000000000000089 ) ) ;
#664 = CARTESIAN_POINT ( 'NONE',  ( -5.400000000000000355, 19.42026505734460073, -1.600000000000000089 ) ) ;
#665 = PRESENTATION_STYLE_ASSIGNMENT (( #95 ) ) ;
#666 = CARTESIAN_POINT ( 'NONE',  ( -1.173014975200251664, -36.39221249800586122, -0.3742003940672413154 ) ) ;
#667 = COLOUR_RGB ( '',0.2000000000000000111, 0.2000000000000000111, 0.2000000000000000111 ) ;
#668 = PRESENTATION_LAYER_ASSIGNMENT (  '', '', ( #271 ) ) ;
#669 = CARTESIAN_POINT ( 'NONE',  ( -0.9878805040941880389, -36.97775186327274355, -0.4842336806601519328 ) ) ;
#670 = DIRECTION ( 'NONE',  ( 1.000000000000000000, 0.000000000000000000, 0.000000000000000000 ) ) ;
#671 =( LENGTH_UNIT ( ) NAMED_UNIT ( * ) SI_UNIT ( .MILLI., .METRE. ) );
#672 = CARTESIAN_POINT ( 'NONE',  ( 1.183696516454266101, -36.38803143530142137, -0.3570811357694266275 ) ) ;
#673 = AXIS2_PLACEMENT_3D ( 'NONE', #1797, #358, #934 ) ;
#674 = CARTESIAN_POINT ( 'NONE',  ( -5.400000000000000355, 6.898418584343340321, -1.600000000000000089 ) ) ;
#675 = ADVANCED_FACE ( 'NONE', ( #1357 ), #1670, .T. ) ;
#676 = CARTESIAN_POINT ( 'NONE',  ( 1.302690485307397950, -36.56146584671886757, 0.1698454968154272382 ) ) ;
#677 =( NAMED_UNIT ( * ) SI_UNIT ( $, .STERADIAN. ) SOLID_ANGLE_UNIT ( ) );
#678 = CARTESIAN_POINT ( 'NONE',  ( -1.238284182381960807, -35.89549445814771644, 0.2899571016035210613 ) ) ;
#679 = AXIS2_PLACEMENT_3D ( 'NONE', #1331, #53, #631 ) ;
#680 = CARTESIAN_POINT ( 'NONE',  ( -1.321067716445712747, -36.62162018938049357, 0.1145690564481740142 ) ) ;
#681 = ADVANCED_FACE ( 'NONE', ( #1728 ), #1445, .F. ) ;
#682 = B_SPLINE_CURVE_WITH_KNOTS ( 'NONE', 3,
 ( #1138, #1721, #606, #459, #1593, #308, #884, #645, #979, #962 ),
 .UNSPECIFIED., .F., .F.,
 ( 4, 2, 2, 2, 4 ),
 ( 0.000000000000000000, 0.1250000000000000000, 0.2500000000000000000, 0.3750000000000000555, 0.4835811207571484305 ),
 .UNSPECIFIED. ) ;
#683 = CARTESIAN_POINT ( 'NONE',  ( 0.000000000000000000, 0.000000000000000000, 0.000000000000000000 ) ) ;
#684 = CARTESIAN_POINT ( 'NONE',  ( -1.674678426968930101, 5.000000000000000000, -2.268097121987260323 ) ) ;
#685 = CARTESIAN_POINT ( 'NONE',  ( 4.950000000000000178, 6.902623669999119471, -1.600000000000000089 ) ) ;
#686 = CARTESIAN_POINT ( 'NONE',  ( 2.782874457086129460, 5.000000000000000000, 0.3092082730095709886 ) ) ;
#687 = CARTESIAN_POINT ( 'NONE',  ( 0.000000000000000000, -3.695500000000000007, -1.600000582409809802 ) ) ;
#688 = ORIENTED_EDGE ( 'NONE', *, *, #1676, .F. ) ;
#689 = CARTESIAN_POINT ( 'NONE',  ( 1.261828983136828120, -36.51018351232412584, 0.2556870083399124249 ) ) ;
#690 = CARTESIAN_POINT ( 'NONE',  ( 1.339913814640109946, -36.17481867335749968, 0.01922501550876939969 ) ) ;
#691 = CARTESIAN_POINT ( 'NONE',  ( -1.228103382692282253, -35.89049214308975877, 0.3045222455018790075 ) ) ;
#692 = UNCERTAINTY_MEASURE_WITH_UNIT (LENGTH_MEASURE( 1.000000000000000082E-05 ), #991, 'distance_accuracy_value', 'NONE');
#693 = DIRECTION ( 'NONE',  ( 1.000000000000000000, 0.000000000000000000, 0.000000000000000000 ) ) ;
#694 = FILL_AREA_STYLE ('',( #401 ) ) ;
#695 = CARTESIAN_POINT ( 'NONE',  ( -2.651497002573520057, 5.000000000000000000, -0.9583193798863059998 ) ) ;
#696 = CARTESIAN_POINT ( 'NONE',  ( 0.3608329804473974223, -35.96417643119842467, 0.1698454968158479295 ) ) ;
#697 = CARTESIAN_POINT ( 'NONE',  ( -2.250000000000000000, 6.872564739447409643, -2.799999999999999822 ) ) ;
#698 = ORIENTED_EDGE ( 'NONE', *, *, #480, .F. ) ;
#699 = CARTESIAN_POINT ( 'NONE',  ( 1.195814019633484548, -36.47743841114863272, 0.3445064422318314667 ) ) ;
#700 = CARTESIAN_POINT ( 'NONE',  ( -5.400000000000000355, 19.42026505734460073, -1.600000000000000089 ) ) ;
#701 = MECHANICAL_DESIGN_GEOMETRIC_PRESENTATION_REPRESENTATION (  '', ( #271 ), #1258 ) ;
#702 = CARTESIAN_POINT ( 'NONE',  ( -2.782891806909339572, 5.000000000000000000, -0.3092101995423849892 ) ) ;
#703 = CARTESIAN_POINT ( 'NONE',  ( 0.8317617348776996655, -36.37747090255911075, -0.5000003636834368104 ) ) ;
#704 = CARTESIAN_POINT ( 'NONE',  ( -1.393835487583349853, 6.055901338647450061, -2.450721326890369589 ) ) ;
#705 = ORIENTED_EDGE ( 'NONE', *, *, #1641, .T. ) ;
#706 = EDGE_CURVE ( 'NONE', #423, #221, #1585, .T. ) ;
#707 = CARTESIAN_POINT ( 'NONE',  ( 1.338087740827540006, -36.45997758376709186, 0.5077465947751479414 ) ) ;
#708 = CARTESIAN_POINT ( 'NONE',  ( 0.9648844431850672754, -36.38015837141296061, -0.4833568617177302906 ) ) ;
#709 = CARTESIAN_POINT ( 'NONE',  ( 0.8317617327041049169, -35.86275689498978636, 0.4999999583583419893 ) ) ;
#710 = CARTESIAN_POINT ( 'NONE',  ( 5.400000000000000355, 6.903153261228069937, -1.600000000000000089 ) ) ;
#711 = COLOUR_RGB ( '',0.8000000000000000444, 0.000000000000000000, 0.000000000000000000 ) ;
#712 = EDGE_LOOP ( 'NONE', ( #1451, #1605, #1471, #565, #730 ) ) ;
#713 = B_SPLINE_CURVE_WITH_KNOTS ( 'NONE', 3,
 ( #457, #1304, #320, #1015 ),
 .UNSPECIFIED., .F., .F.,
 ( 4, 4 ),
 ( 0.000000000000000000, 1.000000000000000000 ),
 .UNSPECIFIED. ) ;
#714 = EDGE_CURVE ( 'NONE', #83, #163, #1719, .T. ) ;
#716 = CARTESIAN_POINT ( 'NONE',  ( 2.742223533538259872, 5.000000000000000000, -0.5658813767252309779 ) ) ;
#715 = AXIS2_PLACEMENT_3D ( 'NONE', #908, #1343, #47 ) ;
#717 = MECHANICAL_DESIGN_GEOMETRIC_PRESENTATION_REPRESENTATION (  '', ( #1766 ), #1607 ) ;
#718 = CARTESIAN_POINT ( 'NONE',  ( -0.7861416896103841090, 5.000000000000000000, -2.707543837572819800 ) ) ;
#719 = MECHANICAL_DESIGN_GEOMETRIC_PRESENTATION_REPRESENTATION (  '', ( #420 ), #1768 ) ;
#720 = CARTESIAN_POINT ( 'NONE',  ( 5.400000000000000355, 11.43332308240000117, -2.799999999999999822 ) ) ;
#721 = CARTESIAN_POINT ( 'NONE',  ( 5.400000000000000355, 6.903145706123549274, -2.000000000000000000 ) ) ;
#722 = CARTESIAN_POINT ( 'NONE',  ( 0.8317617328773340146, -76.00000000000000000, 0.000000000000000000 ) ) ;
#723 = ORIENTED_EDGE ( 'NONE', *, *, #145, .F. ) ;
#724 = CARTESIAN_POINT ( 'NONE',  ( 0.3236096511145539756, -36.97306753908689814, -0.5100856463047820366 ) ) ;
#725 = DIRECTION ( 'NONE',  ( 0.000000000000000000, 0.000000000000000000, -1.000000000000000000 ) ) ;
#726 = UNCERTAINTY_MEASURE_WITH_UNIT (LENGTH_MEASURE( 1.000000000000000082E-05 ), #344, 'distance_accuracy_value', 'NONE');
#727 = MECHANICAL_DESIGN_GEOMETRIC_PRESENTATION_REPRESENTATION (  '', ( #1341 ), #1839 ) ;
#728 = CARTESIAN_POINT ( 'NONE',  ( 0.4574113558855638639, -36.48205755475113676, 0.3315175461244339039 ) ) ;
#729 =( NAMED_UNIT ( * ) PLANE_ANGLE_UNIT ( ) SI_UNIT ( $, .RADIAN. ) );
#730 = ORIENTED_EDGE ( 'NONE', *, *, #1327, .T. ) ;
#731 = PRODUCT_RELATED_PRODUCT_CATEGORY ( 'part', '', ( #142 ) ) ;
#732 = CARTESIAN_POINT ( 'NONE',  ( -5.400000000000000355, 6.893684340786440323, -2.399999999999999911 ) ) ;
#733 = ADVANCED_BREP_SHAPE_REPRESENTATION ( 'RTS103C1R2M6L201', ( #1006, #416, #395, #1185 ), #1526 ) ;
#734 = EDGE_CURVE ( 'NONE', #203, #1247, #482, .T. ) ;
#735 = CARTESIAN_POINT ( 'NONE',  ( 1.339913814640109946, -36.39793669559159639, -0.1829194345889069984 ) ) ;
#736 = SURFACE_STYLE_USAGE ( .BOTH. , #609 ) ;
#737 = CARTESIAN_POINT ( 'NONE',  ( -0.3360237818028612988, -36.68814395105975024, 0.06841945430935773842 ) ) ;
#738 = AXIS2_PLACEMENT_3D ( 'NONE', #362, #66, #792 ) ;
#739 = SURFACE_STYLE_FILL_AREA ( #158 ) ;
#740 = ORIENTED_EDGE ( 'NONE', *, *, #1327, .F. ) ;
#741 = ORIENTED_EDGE ( 'NONE', *, *, #810, .T. ) ;
#742 = CARTESIAN_POINT ( 'NONE',  ( 0.3887050416881112636, -36.96678891082564178, -0.2324007688594573184 ) ) ;
#743 =( NAMED_UNIT ( * ) SI_UNIT ( $, .STERADIAN. ) SOLID_ANGLE_UNIT ( ) );
#744 = CARTESIAN_POINT ( 'NONE',  ( -0.3332601934859770187, -36.72316647392408839, 0.04317707211404226558 ) ) ;
#745 = CARTESIAN_POINT ( 'NONE',  ( 1.457186945774509912, 6.050501834512999721, -2.413590394741069733 ) ) ;
#746 = CARTESIAN_POINT ( 'NONE',  ( -4.336808689942019708E-16, 10.98073612405010024, -1.600000000000000089 ) ) ;
#747 = ORIENTED_EDGE ( 'NONE', *, *, #1568, .F. ) ;
#748 = EDGE_CURVE ( 'NONE', #499, #1732, #500, .T. ) ;
#749 = CARTESIAN_POINT ( 'NONE',  ( 0.4798269492989017393, -36.98532085082153031, -0.3570811357679483655 ) ) ;
#750 = CARTESIAN_POINT ( 'NONE',  ( 2.801495779211740089, 5.000000000000000000, -0.2786417296854430403 ) ) ;
#751 = DIRECTION ( 'NONE',  ( 0.000000000000000000, 0.000000000000000000, -1.000000000000000000 ) ) ;
#752 = VERTEX_POINT ( 'NONE', #660 ) ;
#753 = MECHANICAL_DESIGN_GEOMETRIC_PRESENTATION_REPRESENTATION (  '', ( #244 ), #1458 ) ;
#754 = CARTESIAN_POINT ( 'NONE',  ( 1.978195658886899855, 6.044791448839999859, -2.008868916500779811 ) ) ;
#755 = EDGE_CURVE ( 'NONE', #192, #1469, #1684, .T. ) ;
#756 = ORIENTED_EDGE ( 'NONE', *, *, #841, .F. ) ;
#757 = CIRCLE ( 'NONE', #998, 10.01926387594989976 ) ;
#758 = PRESENTATION_STYLE_ASSIGNMENT (( #1188 ) ) ;
#759 = EDGE_LOOP ( 'NONE', ( #332, #1455 ) ) ;
#760 = CARTESIAN_POINT ( 'NONE',  ( 0.3729075576476010290, -36.54167749003482868, 0.1991546705005339535 ) ) ;
#761 = DIRECTION ( 'NONE',  ( 0.000000000000000000, 1.000000000000000000, 0.000000000000000000 ) ) ;
#762 = CARTESIAN_POINT ( 'NONE',  ( -5.400000000000000355, 7.926683928913840660, -1.600000000000000089 ) ) ;
#763 = PRESENTATION_STYLE_ASSIGNMENT (( #1174 ) ) ;
#764 = ORIENTED_EDGE ( 'NONE', *, *, #1124, .T. ) ;
#765 = CARTESIAN_POINT ( 'NONE',  ( 0.1995757829690809892, 5.000000000000000000, -2.812291218095010148 ) ) ;
#766 = DIRECTION ( 'NONE',  ( 0.000000000000000000, -1.000000000000000000, 0.000000000000000000 ) ) ;
#767 = EDGE_LOOP ( 'NONE', ( #1324, #705 ) ) ;
#768 = COLOUR_RGB ( '',0.8000000000000000444, 0.000000000000000000, 0.000000000000000000 ) ;
#769 = VERTEX_POINT ( 'NONE', #1211 ) ;
#770 = CARTESIAN_POINT ( 'NONE',  ( -0.4064427799807719399, -36.38244217744708209, -0.2684981708590269411 ) ) ;
#771 = CARTESIAN_POINT ( 'NONE',  ( 5.400000000000000355, 6.903153261228069937, -1.600000000000000089 ) ) ;
#772 = CARTESIAN_POINT ( 'NONE',  ( 0.9433627013436765019, -35.86277147681465749, 0.5000000000000002220 ) ) ;
#773 = FILL_AREA_STYLE ('',( #1062 ) ) ;
#774 = EDGE_LOOP ( 'NONE', ( #698, #1154, #1642, #995 ) ) ;
#775 = CARTESIAN_POINT ( 'NONE',  ( -0.8317617295662975696, -36.37747094590756802, -0.5000009436744639046 ) ) ;
#776 = CARTESIAN_POINT ( 'NONE',  ( -5.400000000000000355, 19.42026505734460073, -2.799999999999999822 ) ) ;
#777 = CARTESIAN_POINT ( 'NONE',  ( -1.339913814640109946, -36.37577812356689577, -0.5100856463047970246 ) ) ;
#778 = ORIENTED_EDGE ( 'NONE', *, *, #543, .T. ) ;
#779 = FILL_AREA_STYLE ('',( #1170 ) ) ;
#780 = ORIENTED_EDGE ( 'NONE', *, *, #511, .T. ) ;
#781 = STYLED_ITEM ( 'NONE', ( #1704 ), #222 ) ;
#782 = EDGE_CURVE ( 'NONE', #925, #864, #55, .T. ) ;
#783 = CARTESIAN_POINT ( 'NONE',  ( 0.6986390225555246802, -36.97744778693366641, -0.4833568617138578327 ) ) ;
#784 = CARTESIAN_POINT ( 'NONE',  ( 1.326459806784546336, -36.07811000542286450, 0.07386914113683977490 ) ) ;
#785 = CARTESIAN_POINT ( 'NONE',  ( -5.400000000000000355, 7.926683928913840660, -1.600000000000000089 ) ) ;
#786 =( GEOMETRIC_REPRESENTATION_CONTEXT ( 3 ) GLOBAL_UNCERTAINTY_ASSIGNED_CONTEXT ( ( #831 ) ) GLOBAL_UNIT_ASSIGNED_CONTEXT ( ( #1051, #1426, #1730 ) ) REPRESENTATION_CONTEXT ( 'NONE', 'WORKASPACE' ) );
#787 = DIRECTION ( 'NONE',  ( 0.000000000000000000, 1.000000000000000000, 0.000000000000000000 ) ) ;
#788 = CARTESIAN_POINT ( 'NONE',  ( -1.206141112596354814, -36.98534942693704153, -0.3318492667776988814 ) ) ;
#789 = CARTESIAN_POINT ( 'NONE',  ( -0.3419236918393069868, -36.29411976323876132, -0.09790385423598975401 ) ) ;
#790 = DIRECTION ( 'NONE',  ( -0.000000000000000000, 1.000000000000000000, 0.000000000000000000 ) ) ;
#791 = EDGE_CURVE ( 'NONE', #976, #199, #514, .T. ) ;
#792 = DIRECTION ( 'NONE',  ( 1.000000000000000000, 0.000000000000000000, 0.000000000000000000 ) ) ;
#793 = CARTESIAN_POINT ( 'NONE',  ( 1.674678426968930101, 6.046490752115629697, 2.268097121987260323 ) ) ;
#794 = PLANE ( 'NONE',  #886 ) ;
#795 =( LENGTH_UNIT ( ) NAMED_UNIT ( * ) SI_UNIT ( .MILLI., .METRE. ) );
#796 = ORIENTED_EDGE ( 'NONE', *, *, #1568, .T. ) ;
#797 = AXIS2_PLACEMENT_3D ( 'NONE', #497, #1640, #356 ) ;
#798 = DIRECTION ( 'NONE',  ( 0.000000000000000000, -1.000000000000000000, 0.000000000000000000 ) ) ;
#799 = CARTESIAN_POINT ( 'NONE',  ( -0.3316758494806558710, -36.18168720508278824, 0.002226613265863842776 ) ) ;
#800 = DIRECTION ( 'NONE',  ( -0.000000000000000000, 1.000000000000000000, 0.000000000000000000 ) ) ;
#801 = CARTESIAN_POINT ( 'NONE',  ( 1.326696031462115233, -36.27495994933939016, -0.07206206037576311230 ) ) ;
#802 = AXIS2_PLACEMENT_3D ( 'NONE', #460, #1025, #1088 ) ;
#803 = DIRECTION ( 'NONE',  ( 0.000000000000000000, 1.000000000000000000, 0.000000000000000000 ) ) ;
#804 = STYLED_ITEM ( 'NONE', ( #437 ), #681 ) ;
#805 = CARTESIAN_POINT ( 'NONE',  ( 1.218677931756875443, -36.48642168442361822, 0.3166970875083000014 ) ) ;
#806 = CARTESIAN_POINT ( 'NONE',  ( -1.282720847625581362, -35.93347689176452775, 0.2136644612453717784 ) ) ;
#807 = DIRECTION ( 'NONE',  ( 1.000000000000000000, 0.000000000000000000, 0.000000000000000000 ) ) ;
#808 = CARTESIAN_POINT ( 'NONE',  ( 1.959435591882074603E-16, -3.695500000000000007, 1.600000582409809802 ) ) ;
#809 = CARTESIAN_POINT ( 'NONE',  ( 1.324783963407741183, -36.28693781984478051, -0.08410146568088000540 ) ) ;
#810 = EDGE_CURVE ( 'NONE', #892, #881, #380, .T. ) ;
#811 = CARTESIAN_POINT ( 'NONE',  ( -4.500000000000000000, 6.894932297532250232, -1.600000000000000089 ) ) ;
#812 = DIRECTION ( 'NONE',  ( 0.000000000000000000, 1.000000000000000000, 0.000000000000000000 ) ) ;
#813 = PRESENTATION_STYLE_ASSIGNMENT (( #1078 ) ) ;
#814 = EDGE_CURVE ( 'NONE', #494, #752, #215, .T. ) ;
#815 = VECTOR ( 'NONE', #146, 1000.000000000000000 ) ;
#816 = CARTESIAN_POINT ( 'NONE',  ( -1.330223146176478632, -36.68908316852473916, 0.06909148306928042382 ) ) ;
#817 = CARTESIAN_POINT ( 'NONE',  ( 1.004586396759859390, -36.38176585710480282, -0.4713798688051131780 ) ) ;
#818 = DIRECTION ( 'NONE',  ( 0.000000000000000000, 1.000000000000000000, 0.000000000000000000 ) ) ;
#819 = CARTESIAN_POINT ( 'NONE',  ( 1.393835487583349853, 5.000000000000000000, 2.450721326890369589 ) ) ;
#820 = ORIENTED_EDGE ( 'NONE', *, *, #425, .F. ) ;
#821 = CARTESIAN_POINT ( 'NONE',  ( 0.000000000000000000, -4.000000000000000000, -2.799999999999999822 ) ) ;
#822 = CARTESIAN_POINT ( 'NONE',  ( 0.7201607644100816996, -36.46006089233454617, 0.5000000000000004441 ) ) ;
#823 = SURFACE_STYLE_FILL_AREA ( #366 ) ;
#824 = FACE_OUTER_BOUND ( 'NONE', #1590, .T. ) ;
#825 = CARTESIAN_POINT ( 'NONE',  ( 2.742223533538259872, 5.000000000000000000, -0.5658813767252309779 ) ) ;
#826 = CARTESIAN_POINT ( 'NONE',  ( 5.400000000000000355, 6.903153261228069937, -1.600000000000000089 ) ) ;
#827 = CARTESIAN_POINT ( 'NONE',  ( -2.155920831532330162, 6.048982966641389680, -1.816815278636479958 ) ) ;
#828 = CARTESIAN_POINT ( 'NONE',  ( 1.221105891231949236, -36.48739706077067524, 0.3137153984022690301 ) ) ;
#829 = CARTESIAN_POINT ( 'NONE',  ( 1.339913814640109946, -36.39503140944799497, -0.3987942161947330422 ) ) ;
#830 = LINE ( 'NONE', #1539, #883 ) ;
#831 = UNCERTAINTY_MEASURE_WITH_UNIT (LENGTH_MEASURE( 1.000000000000000082E-05 ), #1051, 'distance_accuracy_value', 'NONE');
#832 = FACE_OUTER_BOUND ( 'NONE', #1313, .T. ) ;
#833 = CARTESIAN_POINT ( 'NONE',  ( -2.742221497604390379, 5.000000000000000000, 0.5658809575134490233 ) ) ;
#834 = CARTESIAN_POINT ( 'NONE',  ( 0.3432788406980892271, -36.03244300321824056, 0.1072678170070014148 ) ) ;
#835 = CARTESIAN_POINT ( 'NONE',  ( 5.400000000000000355, 7.926683928913840660, -1.600000000000000089 ) ) ;
#836 = SURFACE_STYLE_FILL_AREA ( #414 ) ;
#837 = ORIENTED_EDGE ( 'NONE', *, *, #98, .T. ) ;
#838 = SURFACE_STYLE_FILL_AREA ( #1125 ) ;
#839 = AXIS2_PLACEMENT_3D ( 'NONE', #1512, #1082, #1092 ) ;
#840 = FACE_OUTER_BOUND ( 'NONE', #988, .T. ) ;
#841 = EDGE_CURVE ( 'NONE', #617, #864, #605, .T. ) ;
#842 = AXIS2_PLACEMENT_3D ( 'NONE', #106, #1493, #1241 ) ;
#843 = CARTESIAN_POINT ( 'NONE',  ( 3.600000000000000089, 6.890861301093580416, -1.600000000000000089 ) ) ;
#844 = CARTESIAN_POINT ( 'NONE',  ( -2.155920831532330162, 5.000000000000000000, -1.816815278636479958 ) ) ;
#845 = EDGE_LOOP ( 'NONE', ( #837, #441, #1609, #1571 ) ) ;
#846 =( NAMED_UNIT ( * ) PLANE_ANGLE_UNIT ( ) SI_UNIT ( $, .RADIAN. ) );
#847 = CARTESIAN_POINT ( 'NONE',  ( 3.200000000000000178, 15.71666154119999703, -1.600000000000000089 ) ) ;
#848 = AXIS2_PLACEMENT_3D ( 'NONE', #227, #818, #373 ) ;
#849 = FILL_AREA_STYLE_COLOUR ( '', #1536 ) ;
#850 = B_SPLINE_CURVE_WITH_KNOTS ( 'NONE', 3,
 ( #1552, #1401, #243, #1558, #718, #427, #684, #571, #997, #695, #278, #702 ),
 .UNSPECIFIED., .F., .F.,
 ( 4, 2, 2, 2, 2, 4 ),
 ( 0.4835811207571484305, 0.5000000000000000000, 0.6250000000000000000, 0.7500000000000000000, 0.8750000000000000000, 1.000000000000000000 ),
 .UNSPECIFIED. ) ;
#851 = CARTESIAN_POINT ( 'NONE',  ( 2.651497002573509842, 5.000000000000000000, 0.9583193798863089974 ) ) ;
#852 = CARTESIAN_POINT ( 'NONE',  ( 2.782874457086129460, 6.023530667685770723, 0.3092082730095709886 ) ) ;
#853 = CIRCLE ( 'NONE', #1824, 0.2999999999999999334 ) ;
#854 = CARTESIAN_POINT ( 'NONE',  ( 0.000000000000000000, 15.71666154119999703, -1.600000000000000089 ) ) ;
#855 = ORIENTED_EDGE ( 'NONE', *, *, #59, .F. ) ;
#856 = CARTESIAN_POINT ( 'NONE',  ( 0.000000000000000000, -17.87476800157869761, 0.000000000000000000 ) ) ;
#857 = DIRECTION ( 'NONE',  ( 0.000000000000000000, 0.000000000000000000, -1.000000000000000000 ) ) ;
#858 = AXIS2_PLACEMENT_3D ( 'NONE', #295, #258, #969 ) ;
#859 = CARTESIAN_POINT ( 'NONE',  ( 0.8317617330505643336, -36.46004631050973899, 0.4999999583583419893 ) ) ;
#860 = FILL_AREA_STYLE_COLOUR ( '', #768 ) ;
#861 = EDGE_CURVE ( 'NONE', #405, #1047, #653, .T. ) ;
#862 = CARTESIAN_POINT ( 'NONE',  ( -0.4003283495634978872, -36.51033432078748575, 0.2499762237896358541 ) ) ;
#863 = FILL_AREA_STYLE_COLOUR ( '', #378 ) ;
#864 = VERTEX_POINT ( 'NONE', #614 ) ;
#865 = CARTESIAN_POINT ( 'NONE',  ( 1.338087740827540006, -36.46051498063000196, 0.3986675319881810009 ) ) ;
#866 = CARTESIAN_POINT ( 'NONE',  ( -2.815263068164739924, 5.000000000000000000, -0.01771077330211219894 ) ) ;
#867 = AXIS2_PLACEMENT_3D ( 'NONE', #525, #1664, #1090 ) ;
#868 = ADVANCED_FACE ( 'NONE', ( #1305 ), #1197, .T. ) ;
#869 = PRODUCT_DEFINITION_CONTEXT ( 'detailed design', #878, 'design' ) ;
#870 = DIRECTION ( 'NONE',  ( 1.000000000000000000, 0.000000000000000000, 0.000000000000000000 ) ) ;
#871 = CONICAL_SURFACE ( 'NONE', #1564, 1.600000582409809802, 0.7853981633974490562 ) ;
#872 = CARTESIAN_POINT ( 'NONE',  ( 0.4519160332623928800, -36.48383612930418707, 0.3251563078564203568 ) ) ;
#873 = DIRECTION ( 'NONE',  ( 0.000000000000000000, 1.000000000000000000, 0.000000000000000000 ) ) ;
#874 = CARTESIAN_POINT ( 'NONE',  ( -5.400000000000000355, 6.893691767437259976, -2.799999999999999822 ) ) ;
#875 = ORIENTED_EDGE ( 'NONE', *, *, #748, .T. ) ;
#876 = CARTESIAN_POINT ( 'NONE',  ( 5.400000000000000355, 7.926683928913840660, -2.799999999999999822 ) ) ;
#877 = ORIENTED_EDGE ( 'NONE', *, *, #1818, .T. ) ;
#878 = APPLICATION_CONTEXT ( 'automotive_design' ) ;
#879 =( LENGTH_UNIT ( ) NAMED_UNIT ( * ) SI_UNIT ( .MILLI., .METRE. ) );
#880 = CARTESIAN_POINT ( 'NONE',  ( -0.4259933365385778492, -36.98110357235862011, -0.2911789674154050545 ) ) ;
#881 = VERTEX_POINT ( 'NONE', #68 ) ;
#882 = CARTESIAN_POINT ( 'NONE',  ( 3.600000000000000089, 7.926683928913840660, -2.799999999999999822 ) ) ;
#883 = VECTOR ( 'NONE', #231, 1000.000000000000000 ) ;
#884 = CARTESIAN_POINT ( 'NONE',  ( 1.160622230493460139, 5.000000000000000000, -2.569390672242430007 ) ) ;
#885 = ORIENTED_EDGE ( 'NONE', *, *, #714, .T. ) ;
#886 = AXIS2_PLACEMENT_3D ( 'NONE', #1356, #81, #655 ) ;
#887 = CARTESIAN_POINT ( 'NONE',  ( 0.4379945204579864804, -36.98153752433297825, -0.3081823482089058319 ) ) ;
#888 = CARTESIAN_POINT ( 'NONE',  ( -0.8317617328773340146, -82.00000000000000000, 0.2999999999999999889 ) ) ;
#889 = CARTESIAN_POINT ( 'NONE',  ( -0.3792657366948129494, -36.96129592861250757, -0.2098978456938309922 ) ) ;
#890 = ADVANCED_FACE ( 'NONE', ( #341, #1477 ), #624, .T. ) ;
#891 = CARTESIAN_POINT ( 'NONE',  ( -0.8317617328773340146, 4.000000000000000000, 0.5000000000000000000 ) ) ;
#892 = VERTEX_POINT ( 'NONE', #1177 ) ;
#893 = VECTOR ( 'NONE', #1483, 1000.000000000000000 ) ;
#894 = CARTESIAN_POINT ( 'NONE',  ( 2.250000000000000000, 7.926683928913840660, -2.799999999999999822 ) ) ;
#895 = CARTESIAN_POINT ( 'NONE',  ( 1.318005758704515529, -36.61733952795195535, 0.1167865762228239013 ) ) ;
#896 = VERTEX_POINT ( 'NONE', #776 ) ;
#897 = CYLINDRICAL_SURFACE ( 'NONE', #400, 0.2999999999999999889 ) ;
#898 = VERTEX_POINT ( 'NONE', #353 ) ;
#899 = CARTESIAN_POINT ( 'NONE',  ( -0.5492518575055572727, -36.38765244071434068, -0.4181708192568284188 ) ) ;
#900 = DIRECTION ( 'NONE',  ( 0.000000000000000000, 1.000000000000000000, 0.000000000000000000 ) ) ;
#901 = CARTESIAN_POINT ( 'NONE',  ( -0.4061847960446988148, -36.50525352563917636, 0.2601887754850401024 ) ) ;
#902 = VERTEX_POINT ( 'NONE', #1076 ) ;
#903 = CIRCLE ( 'NONE', #1619, 1.600000582409809802 ) ;
#904 = EDGE_CURVE ( 'NONE', #163, #83, #6, .T. ) ;
#905 = CARTESIAN_POINT ( 'NONE',  ( 0.9000000000000000222, 7.926683928913840660, -2.799999999999999822 ) ) ;
#906 = DIRECTION ( 'NONE',  ( 0.000000000000000000, -1.000000000000000000, 0.000000000000000000 ) ) ;
#907 = MECHANICAL_DESIGN_GEOMETRIC_PRESENTATION_REPRESENTATION (  '', ( #1718 ), #786 ) ;
#908 = CARTESIAN_POINT ( 'NONE',  ( -0.8317617328773340146, -82.00000000000000000, 0.000000000000000000 ) ) ;
#909 = CIRCLE ( 'NONE', #1745, 0.2999999999999999334 ) ;
#910 = DIRECTION ( 'NONE',  ( 0.000000000000000000, 0.000000000000000000, 1.000000000000000000 ) ) ;
#911 = ORIENTED_EDGE ( 'NONE', *, *, #39, .F. ) ;
#912 = CARTESIAN_POINT ( 'NONE',  ( 0.3311704223110480405, -36.79862656486509565, -0.009723916547215598338 ) ) ;
#913 = CARTESIAN_POINT ( 'NONE',  ( 0.8317617328773340146, -82.00000000000000000, -0.2999999999999999889 ) ) ;
#914 = CARTESIAN_POINT ( 'NONE',  ( 1.213825347806358534, -35.88732767818786584, 0.3225347450597403909 ) ) ;
#915 = VERTEX_POINT ( 'NONE', #1680 ) ;
#916 = CIRCLE ( 'NONE', #1147, 1.600000582409809802 ) ;
#917 = CARTESIAN_POINT ( 'NONE',  ( -0.3254357249271340180, -35.89602899882279985, 0.1914317078354730028 ) ) ;
#918 = EDGE_LOOP ( 'NONE', ( #1690, #1189 ) ) ;
#919 = ORIENTED_EDGE ( 'NONE', *, *, #654, .F. ) ;
#920 = CARTESIAN_POINT ( 'NONE',  ( 0.3323918445239995023, -36.83173793751952729, -0.03523232111025086100 ) ) ;
#921 = DIRECTION ( 'NONE',  ( 0.000000000000000000, 1.000000000000000000, 0.000000000000000000 ) ) ;
#922 = CARTESIAN_POINT ( 'NONE',  ( 1.302368557599110632, -35.96641041432091868, 0.1691407475276812400 ) ) ;
#923 = SURFACE_STYLE_USAGE ( .BOTH. , #1317 ) ;
#924 = B_SPLINE_CURVE_WITH_KNOTS ( 'NONE', 3,
 ( #1279, #1142, #1723, #439, #1007, #291, #1830, #545, #1687, #621 ),
 .UNSPECIFIED., .F., .F.,
 ( 4, 2, 2, 2, 4 ),
 ( 0.5164185689117080091, 0.6373139266837810624, 0.7582092844558540046, 0.8791046422279269468, 1.000000000000000000 ),
 .UNSPECIFIED. ) ;
#925 = VERTEX_POINT ( 'NONE', #821 ) ;
#926 = DIRECTION ( 'NONE',  ( 0.000000000000000000, 1.000000000000000000, 0.000000000000000000 ) ) ;
#927 = CARTESIAN_POINT ( 'NONE',  ( -1.160622230493460139, 6.049620116634780054, 2.569390672242430007 ) ) ;
#928 =( NAMED_UNIT ( * ) PLANE_ANGLE_UNIT ( ) SI_UNIT ( $, .RADIAN. ) );
#929 = DIRECTION ( 'NONE',  ( 0.000000000000000000, 0.000000000000000000, 1.000000000000000000 ) ) ;
#930 = EDGE_LOOP ( 'NONE', ( #1578, #747 ) ) ;
#931 = SURFACE_STYLE_USAGE ( .BOTH. , #1456 ) ;
#932 = ORIENTED_EDGE ( 'NONE', *, *, #1267, .T. ) ;
#933 = EDGE_CURVE ( 'NONE', #1427, #902, #1039, .T. ) ;
#934 = DIRECTION ( 'NONE',  ( 0.000000000000000000, 0.000000000000000000, 1.000000000000000000 ) ) ;
#935 = CARTESIAN_POINT ( 'NONE',  ( 0.3335347254480951484, -36.71969997057007618, 0.04319443151894900718 ) ) ;
#936 = FILL_AREA_STYLE ('',( #360 ) ) ;
#937 = CARTESIAN_POINT ( 'NONE',  ( 1.232072759283120211, -36.38312058463475296, -0.2996332082096416771 ) ) ;
#938 = CARTESIAN_POINT ( 'NONE',  ( 1.674678426968930101, 5.000000000000000000, 2.268097121987260323 ) ) ;
#939 = AXIS2_PLACEMENT_3D ( 'NONE', #1183, #790, #349 ) ;
#940 =( NAMED_UNIT ( * ) SI_UNIT ( $, .STERADIAN. ) SOLID_ANGLE_UNIT ( ) );
#941 = CARTESIAN_POINT ( 'NONE',  ( -0.8317617328773339036, -76.00000000000000000, -0.5000000000000000000 ) ) ;
#942 = ORIENTED_EDGE ( 'NONE', *, *, #261, .F. ) ;
#943 = ORIENTED_EDGE ( 'NONE', *, *, #1459, .T. ) ;
#944 = FACE_OUTER_BOUND ( 'NONE', #355, .T. ) ;
#945 = CARTESIAN_POINT ( 'NONE',  ( -0.4033094165254302310, -35.90902070957870507, 0.2562318667173286713 ) ) ;
#946 = DIRECTION ( 'NONE',  ( 0.000000000000000000, 0.000000000000000000, 1.000000000000000000 ) ) ;
#947 = CARTESIAN_POINT ( 'NONE',  ( 1.324431067617449775, -36.06108528703654770, 0.08602526217315185908 ) ) ;
#948 = CARTESIAN_POINT ( 'NONE',  ( -1.978195658886899855, 5.000000000000000000, 2.008868916500779811 ) ) ;
#949 = VECTOR ( 'NONE', #994, 1000.000000000000000 ) ;
#950 = CARTESIAN_POINT ( 'NONE',  ( 1.311816070148134727, -36.59021661180901219, 0.1398233157967941342 ) ) ;
#951 = SURFACE_STYLE_FILL_AREA ( #1528 ) ;
#952 = CARTESIAN_POINT ( 'NONE',  ( 0.000000000000000000, -3.695500000000000007, 0.000000000000000000 ) ) ;
#953 = ADVANCED_FACE ( 'NONE', ( #968 ), #396, .T. ) ;
#954 = CARTESIAN_POINT ( 'NONE',  ( -5.400000000000000355, 7.926683928913840660, -1.600000000000000089 ) ) ;
#955 = CARTESIAN_POINT ( 'NONE',  ( -0.6705717734876890379, -35.86251905105871884, 0.4837935939476439295 ) ) ;
#956 = CARTESIAN_POINT ( 'NONE',  ( 1.313219333922157395, -35.99651575198824105, 0.1354864687540585366 ) ) ;
#957 = ADVANCED_FACE ( 'NONE', ( #530 ), #259, .F. ) ;
#958 = CARTESIAN_POINT ( 'NONE',  ( -3.149999999999999911, 7.926683928913840660, -1.600000000000000089 ) ) ;
#959 = AXIS2_PLACEMENT_3D ( 'NONE', #1122, #812, #989 ) ;
#960 = CARTESIAN_POINT ( 'NONE',  ( -1.338087740827540006, -36.77210808887750204, 0.01922501550877119686 ) ) ;
#961 =( NAMED_UNIT ( * ) PLANE_ANGLE_UNIT ( ) SI_UNIT ( $, .RADIAN. ) );
#962 = CARTESIAN_POINT ( 'NONE',  ( -7.238927609009524263E-09, 5.000000000000000000, -2.799988242461411314 ) ) ;
#963 = PRESENTATION_LAYER_ASSIGNMENT (  '', '', ( #293 ) ) ;
#964 = CARTESIAN_POINT ( 'NONE',  ( -1.314664687953047473, -36.91451939644230862, -0.1262350286430227730 ) ) ;
#965 =( NAMED_UNIT ( * ) PLANE_ANGLE_UNIT ( ) SI_UNIT ( $, .RADIAN. ) );
#966 = CARTESIAN_POINT ( 'NONE',  ( -0.8317617328773340146, -76.00000000000000000, 0.000000000000000000 ) ) ;
#967 = CARTESIAN_POINT ( 'NONE',  ( 0.7861416896103829988, 6.051762985479130386, 2.707543837572819800 ) ) ;
#968 = FACE_OUTER_BOUND ( 'NONE', #845, .T. ) ;
#969 = DIRECTION ( 'NONE',  ( 0.000000000000000000, 0.000000000000000000, 1.000000000000000000 ) ) ;
#970 = B_SPLINE_SURFACE_WITH_KNOTS ( 'NONE', 3, 3, ( 
 ( #1377, #1196, #674, #1224 ),
 ( #495, #641, #1668, #1234 ),
 ( #1812, #1501, #811, #652 ),
 ( #385, #80, #1535, #1204 ),
 ( #948, #1514, #1525, #958 ),
 ( #1366, #94, #663, #238 ),
 ( #54, #927, #1791, #1355 ),
 ( #536, #1215, #1677, #506 ),
 ( #518, #1075, #1487, #632 ),
 ( #1648, #363, #1102, #211 ),
 ( #394, #967, #218, #245 ),
 ( #819, #1065, #1636, #352 ),
 ( #938, #793, #1829, #1384 ),
 ( #544, #1131, #573, #1706 ),
 ( #128, #553, #843, #1713 ),
 ( #851, #1261, #1837, #252 ),
 ( #1118, #1415, #685, #144 ),
 ( #1553, #1244, #826, #430 ) ),
 .UNSPECIFIED., .F., .F., .F.,
 ( 4, 2, 2, 2, 2, 2, 2, 2, 4 ),
 ( 4, 4 ),
 ( 0.000000000000000000, 0.1250000000000000000, 0.2500000000000000000, 0.3750000000000000000, 0.5000000000000000000, 0.6250000000000000000, 0.7500000000000000000, 0.8750000000000000000, 1.000000000000000000 ),
 ( 0.000000000000000000, 1.000000000000000000 ),
 .UNSPECIFIED. ) ;
#971 = UNCERTAINTY_MEASURE_WITH_UNIT (LENGTH_MEASURE( 1.000000000000000082E-05 ), #879, 'distance_accuracy_value', 'NONE');
#972 = CARTESIAN_POINT ( 'NONE',  ( -1.175590711660026377, -36.46725646759711736, 0.3739523306117139012 ) ) ;
#973 = DIRECTION ( 'NONE',  ( 0.000000000000000000, -1.000000000000000000, 0.000000000000000000 ) ) ;
#974 = CARTESIAN_POINT ( 'NONE',  ( 0.3487081455892006021, -36.00495843058753564, 0.1291407025986905932 ) ) ;
#975 = CARTESIAN_POINT ( 'NONE',  ( -0.9000000000000000222, 7.926683928913840660, -2.799999999999999822 ) ) ;
#976 = VERTEX_POINT ( 'NONE', #556 ) ;
#977 = CARTESIAN_POINT ( 'NONE',  ( -1.338087740827540006, -36.45997758376709186, 0.5077465947751479414 ) ) ;
#978 =( NAMED_UNIT ( * ) PLANE_ANGLE_UNIT ( ) SI_UNIT ( $, .RADIAN. ) );
#979 = CARTESIAN_POINT ( 'NONE',  ( 0.2865291331546191977, 5.000000000000000000, -2.799888279602137597 ) ) ;
#980 = EDGE_CURVE ( 'NONE', #881, #1616, #474, .T. ) ;
#981 = AXIS2_PLACEMENT_3D ( 'NONE', #1052, #327, #51 ) ;
#982 = CARTESIAN_POINT ( 'NONE',  ( 0.8317617328773340146, -76.00000000000000000, 0.5000000000000000000 ) ) ;
#983 = COLOUR_RGB ( '',0.8000000000000000444, 0.000000000000000000, 0.000000000000000000 ) ;
#984 = CARTESIAN_POINT ( 'NONE',  ( -0.8317617328773340146, -76.00000000000000000, 0.000000000000000000 ) ) ;
#985 = CARTESIAN_POINT ( 'NONE',  ( 0.5850533108418409789, -36.38006219732145752, -0.4364471846161098179 ) ) ;
#986 = CARTESIAN_POINT ( 'NONE',  ( -3.149999999999999911, 7.926683928913840660, -2.799999999999999822 ) ) ;
#987 = DIRECTION ( 'NONE',  ( 0.000000000000000000, 0.000000000000000000, -1.000000000000000000 ) ) ;
#988 = EDGE_LOOP ( 'NONE', ( #1396, #1109 ) ) ;
#989 = DIRECTION ( 'NONE',  ( 0.000000000000000000, 0.000000000000000000, -1.000000000000000000 ) ) ;
#990 = ADVANCED_FACE ( 'NONE', ( #417, #1557 ), #794, .T. ) ;
#991 =( LENGTH_UNIT ( ) NAMED_UNIT ( * ) SI_UNIT ( .MILLI., .METRE. ) );
#992 = CARTESIAN_POINT ( 'NONE',  ( 0.3318344612092973822, -36.17304794632514131, 0.009117929286320079069 ) ) ;
#993 = CARTESIAN_POINT ( 'NONE',  ( -2.746442399205970553, 6.033514728530040117, -0.6370967939309959416 ) ) ;
#994 = DIRECTION ( 'NONE',  ( -4.965615807881580679E-16, 1.000000000000000000, 0.000000000000000000 ) ) ;
#995 = ORIENTED_EDGE ( 'NONE', *, *, #1293, .F. ) ;
#996 = CARTESIAN_POINT ( 'NONE',  ( 2.551229825360860293, 5.000000000000000000, -1.200016152687620075 ) ) ;
#997 = CARTESIAN_POINT ( 'NONE',  ( -2.356195891666710285, 5.000000000000000000, -1.548274300185509933 ) ) ;
#998 = AXIS2_PLACEMENT_3D ( 'NONE', #1826, #1349, #693 ) ;
#999 = CARTESIAN_POINT ( 'NONE',  ( 0.3318789072523566919, -36.16950979497388374, 0.01154932194115975211 ) ) ;
#1000 = CARTESIAN_POINT ( 'NONE',  ( -4.950000000000000178, 6.893169200383799655, -2.799999999999999822 ) ) ;
#1001 = DIRECTION ( 'NONE',  ( -1.000000000000000000, 0.000000000000000000, 0.000000000000000000 ) ) ;
#1002 = UNCERTAINTY_MEASURE_WITH_UNIT (LENGTH_MEASURE( 1.000000000000000082E-05 ), #297, 'distance_accuracy_value', 'NONE');
#1003 =( NAMED_UNIT ( * ) SI_UNIT ( $, .STERADIAN. ) SOLID_ANGLE_UNIT ( ) );
#1004 = CARTESIAN_POINT ( 'NONE',  ( 1.339913814640109946, -35.86268816824710370, 0.5077465947751479414 ) ) ;
#1005 = CARTESIAN_POINT ( 'NONE',  ( 0.3502628404238485871, -35.99828700324995623, 0.1348370969428215049 ) ) ;
#1006 = MANIFOLD_SOLID_BREP ( 'RTS103C1R2M6L501.stp[1]', #1128 ) ;
#1007 = CARTESIAN_POINT ( 'NONE',  ( -1.521209427796684777, 4.999999999999997335, 2.372278529273454506 ) ) ;
#1008 = CIRCLE ( 'NONE', #1265, 10.01926387594989976 ) ;
#1009 = CARTESIAN_POINT ( 'NONE',  ( 5.400000000000000355, 7.926683928913840660, -1.600000000000000089 ) ) ;
#1010 = ORIENTED_EDGE ( 'NONE', *, *, #1011, .F. ) ;
#1011 = EDGE_CURVE ( 'NONE', #309, #415, #903, .T. ) ;
#1012 = DIRECTION ( 'NONE',  ( 0.000000000000000000, 0.000000000000000000, -1.000000000000000000 ) ) ;
#1013 = VERTEX_POINT ( 'NONE', #424 ) ;
#1014 = CARTESIAN_POINT ( 'NONE',  ( 5.400000000000000355, 6.897312552326740231, -2.799999999999999822 ) ) ;
#1015 = CARTESIAN_POINT ( 'NONE',  ( -2.742221497604390379, 5.000000000000000000, 0.5658809575134490233 ) ) ;
#1016 = UNCERTAINTY_MEASURE_WITH_UNIT (LENGTH_MEASURE( 1.000000000000000082E-05 ), #671, 'distance_accuracy_value', 'NONE');
#1017 = AXIS2_PLACEMENT_3D ( 'NONE', #479, #1312, #1325 ) ;
#1018 = CARTESIAN_POINT ( 'NONE',  ( 0.8317617328773340146, 4.000000000000000000, 0.5000000000000000000 ) ) ;
#1019 = CARTESIAN_POINT ( 'NONE',  ( -0.4088319064040283335, -36.97653682999408886, -0.2648791612498730963 ) ) ;
#1020 = PRESENTATION_STYLE_ASSIGNMENT (( #283 ) ) ;
#1021 = ORIENTED_EDGE ( 'NONE', *, *, #1193, .F. ) ;
#1022 = PRODUCT_DEFINITION_SHAPE ( 'NONE', 'NONE',  #1321 ) ;
#1023 = CARTESIAN_POINT ( 'NONE',  ( 0.3236096511145539756, -36.49331841434280221, 0.1914317078354769996 ) ) ;
#1024 = CARTESIAN_POINT ( 'NONE',  ( 0.000000000000000000, -4.000000000000000000, 0.000000000000000000 ) ) ;
#1025 = DIRECTION ( 'NONE',  ( 0.000000000000000000, -1.000000000000000000, 0.000000000000000000 ) ) ;
#1026 = ADVANCED_FACE ( 'NONE', ( #5 ), #131, .F. ) ;
#1027 = CARTESIAN_POINT ( 'NONE',  ( 0.4314507064710237927, -36.98041000015458479, -0.2996332082089451232 ) ) ;
#1028 = CARTESIAN_POINT ( 'NONE',  ( -0.8317617328773340146, -76.00000000000000000, 0.000000000000000000 ) ) ;
#1029 = DIRECTION ( 'NONE',  ( 0.000000000000000000, -1.000000000000000000, 0.000000000000000000 ) ) ;
#1030 = LINE ( 'NONE', #1301, #1510 ) ;
#1031 = ORIENTED_EDGE ( 'NONE', *, *, #1534, .T. ) ;
#1032 = CARTESIAN_POINT ( 'NONE',  ( 0.5317353629267030923, 5.000000000000000000, -2.768766854095019880 ) ) ;
#1033 = VECTOR ( 'NONE', #761, 1000.000000000000000 ) ;
#1034 = CARTESIAN_POINT ( 'NONE',  ( 1.261581912090112167, -36.98506378054727861, -0.2645714455928838138 ) ) ;
#1035 = VERTEX_POINT ( 'NONE', #20 ) ;
#1036 =( NAMED_UNIT ( * ) SI_UNIT ( $, .STERADIAN. ) SOLID_ANGLE_UNIT ( ) );
#1037 = ORIENTED_EDGE ( 'NONE', *, *, #228, .F. ) ;
#1038 = VECTOR ( 'NONE', #807, 1000.000000000000000 ) ;
#1039 = CIRCLE ( 'NONE', #1764, 0.5000000000000000000 ) ;
#1040 = ADVANCED_FACE ( 'NONE', ( #1742 ), #19, .F. ) ;
#1041 = COLOUR_RGB ( '',0.8000000000000000444, 0.000000000000000000, 0.000000000000000000 ) ;
#1042 = CARTESIAN_POINT ( 'NONE',  ( 0.3558972583638347897, -36.93812127134778223, -0.1556838163143573484 ) ) ;
#1043 = LINE ( 'NONE', #184, #535 ) ;
#1044 = VERTEX_POINT ( 'NONE', #299 ) ;
#1045 = CARTESIAN_POINT ( 'NONE',  ( 1.800000000000000044, 6.873862374661539931, -2.799999999999999822 ) ) ;
#1046 = CARTESIAN_POINT ( 'NONE',  ( 1.326633390829167869, -36.67390639977432443, 0.07476445830066801024 ) ) ;
#1047 = VERTEX_POINT ( 'NONE', #15 ) ;
#1048 = EDGE_LOOP ( 'NONE', ( #212, #588, #475, #1269, #1159 ) ) ;
#1049 = CARTESIAN_POINT ( 'NONE',  ( 0.3544757171795026585, -36.58119212224309535, 0.1489984162485991082 ) ) ;
#1050 = CARTESIAN_POINT ( 'NONE',  ( -0.8317617328773340146, -35.86275689498973662, 0.4999999583583600304 ) ) ;
#1051 =( LENGTH_UNIT ( ) NAMED_UNIT ( * ) SI_UNIT ( .MILLI., .METRE. ) );
#1052 = CARTESIAN_POINT ( 'NONE',  ( -4.336808689942019708E-16, 9.980736124050070046, -2.799999999999999822 ) ) ;
#1053 = ORIENTED_EDGE ( 'NONE', *, *, #980, .T. ) ;
#1054 = MECHANICAL_DESIGN_GEOMETRIC_PRESENTATION_REPRESENTATION (  '', ( #1137 ), #333 ) ;
#1055 = DIRECTION ( 'NONE',  ( 0.000000000000000000, 0.000000000000000000, -1.000000000000000000 ) ) ;
#1056 = SURFACE_STYLE_FILL_AREA ( #1096 ) ;
#1057 = PLANE ( 'NONE',  #797 ) ;
#1058 = ORIENTED_EDGE ( 'NONE', *, *, #1711, .F. ) ;
#1059 = ADVANCED_FACE ( 'NONE', ( #1150 ), #317, .T. ) ;
#1060 = CARTESIAN_POINT ( 'NONE',  ( 0.3456605267356642752, -36.91315477985369853, -0.1177995313198096916 ) ) ;
#1061 = FACE_OUTER_BOUND ( 'NONE', #1613, .T. ) ;
#1062 = FILL_AREA_STYLE_COLOUR ( '', #108 ) ;
#1063 = ORIENTED_EDGE ( 'NONE', *, *, #1534, .F. ) ;
#1064 = MECHANICAL_DESIGN_GEOMETRIC_PRESENTATION_REPRESENTATION (  '', ( #498 ), #1727 ) ;
#1065 = CARTESIAN_POINT ( 'NONE',  ( 1.393835487583349853, 6.048730678084510259, 2.450721326890369589 ) ) ;
#1066 = ADVANCED_FACE ( 'NONE', ( #265 ), #1296, .T. ) ;
#1067 = CARTESIAN_POINT ( 'NONE',  ( 1.318039302594914419, -36.91233786017586027, -0.1201388974299986701 ) ) ;
#1068 = CARTESIAN_POINT ( 'NONE',  ( -0.3254357249271340180, -36.17481867335749968, 0.01922501550876639861 ) ) ;
#1069 = VERTEX_POINT ( 'NONE', #1127 ) ;
#1070 = EDGE_LOOP ( 'NONE', ( #1345, #1767, #1010, #1058 ) ) ;
#1071 = CARTESIAN_POINT ( 'NONE',  ( -0.8317617328773326824, -36.46004631050973899, 0.4999999583583600304 ) ) ;
#1072 = CARTESIAN_POINT ( 'NONE',  ( 0.6589370689859684882, -36.97905527262528125, -0.4713798688009435134 ) ) ;
#1073 = CARTESIAN_POINT ( 'NONE',  ( 1.329988740306555561, -36.12241055504966170, 0.04319443151916306511 ) ) ;
#1074 =( NAMED_UNIT ( * ) PLANE_ANGLE_UNIT ( ) SI_UNIT ( $, .RADIAN. ) );
#1075 = CARTESIAN_POINT ( 'NONE',  ( -0.1995757829690809892, 6.052699930220679647, 2.812291218095010148 ) ) ;
#1076 = CARTESIAN_POINT ( 'NONE',  ( 0.8317617328773340146, -76.00000000000000000, 0.5000000000000000000 ) ) ;
#1077 = CARTESIAN_POINT ( 'NONE',  ( -1.339913814640109946, -36.17481867335749968, 0.01922501550876639861 ) ) ;
#1078 = SURFACE_STYLE_USAGE ( .BOTH. , #388 ) ;
#1079 = ORIENTED_EDGE ( 'NONE', *, *, #383, .T. ) ;
#1080 = CARTESIAN_POINT ( 'NONE',  ( -0.9177336143626373399, -36.46004293714207023, 0.4999910018817210755 ) ) ;
#1081 = CARTESIAN_POINT ( 'NONE',  ( -0.3337806630067783331, -36.23533386565304681, -0.04136721062073405591 ) ) ;
#1082 = DIRECTION ( 'NONE',  ( 0.000000000000000000, 0.000000000000000000, -1.000000000000000000 ) ) ;
#1083 = DIRECTION ( 'NONE',  ( 1.000000000000000000, 0.000000000000000000, 0.000000000000000000 ) ) ;
#1084 = ADVANCED_FACE ( 'NONE', ( #1268 ), #136, .F. ) ;
#1085 = SURFACE_SIDE_STYLE ('',( #104 ) ) ;
#1086 = CARTESIAN_POINT ( 'NONE',  ( 7.238895727426405882E-09, 4.999999999999999112, 2.799988242461967758 ) ) ;
#1087 = CARTESIAN_POINT ( 'NONE',  ( -0.9916348534765987432, -35.86252251583978534, 0.4839133199406699948 ) ) ;
#1088 = DIRECTION ( 'NONE',  ( 1.000000000000000000, 0.000000000000000000, 0.000000000000000000 ) ) ;
#1089 = EDGE_CURVE ( 'NONE', #1547, #1618, #431, .T. ) ;
#1090 = DIRECTION ( 'NONE',  ( 1.000000000000000000, 0.000000000000000000, 0.000000000000000000 ) ) ;
#1091 = DIRECTION ( 'NONE',  ( 0.000000000000000000, 0.000000000000000000, -1.000000000000000000 ) ) ;
#1092 = DIRECTION ( 'NONE',  ( 1.000000000000000000, 0.000000000000000000, 0.000000000000000000 ) ) ;
#1093 = DIRECTION ( 'NONE',  ( 1.000000000000000000, 0.000000000000000000, 0.000000000000000000 ) ) ;
#1094 = STYLED_ITEM ( 'NONE', ( #763 ), #395 ) ;
#1095 = CARTESIAN_POINT ( 'NONE',  ( -1.338087740827540006, -36.49331841434280221, 0.1914317078354769996 ) ) ;
#1096 = FILL_AREA_STYLE ('',( #1503 ) ) ;
#1097 = CARTESIAN_POINT ( 'NONE',  ( -0.8317617295662975696, -36.37747094590756802, -0.5000009436744639046 ) ) ;
#1098 = STYLED_ITEM ( 'NONE', ( #813 ), #1467 ) ;
#1099 = CARTESIAN_POINT ( 'NONE',  ( -1.114271608249107315, -36.98494185623433594, -0.4181708192567342719 ) ) ;
#1100 = DIRECTION ( 'NONE',  ( 0.000000000000000000, 1.000000000000000000, 0.000000000000000000 ) ) ;
#1101 = CYLINDRICAL_SURFACE ( 'NONE', #1114, 0.5000000000000000000 ) ;
#1102 = CARTESIAN_POINT ( 'NONE',  ( 0.4500000000000000111, 6.874128562008979593, -1.600000000000000089 ) ) ;
#1103 = CARTESIAN_POINT ( 'NONE',  ( 1.158629812259961422, -36.47090791192308501, 0.3854450679698144255 ) ) ;
#1104 = CARTESIAN_POINT ( 'NONE',  ( -1.296186799578494808, -36.35180352116459090, -0.1815213024121242746 ) ) ;
#1105 = CARTESIAN_POINT ( 'NONE',  ( -0.9143946066063612932, -36.97475047726587860, -0.5000866109807826643 ) ) ;
#1106 = PRESENTATION_LAYER_ASSIGNMENT (  '', '', ( #804 ) ) ;
#1107 = CARTESIAN_POINT ( 'NONE',  ( 0.7582446491839283098, -36.37744067159031403, -0.5000000002563854684 ) ) ;
#1108 = DIRECTION ( 'NONE',  ( 0.000000000000000000, 1.000000000000000000, 0.000000000000000000 ) ) ;
#1109 = ORIENTED_EDGE ( 'NONE', *, *, #428, .F. ) ;
#1110 = EDGE_CURVE ( 'NONE', #617, #1330, #924, .T. ) ;
#1111 = CARTESIAN_POINT ( 'NONE',  ( -1.338087740827540006, -36.46051498063000196, 0.3986675319881810009 ) ) ;
#1112 = CARTESIAN_POINT ( 'NONE',  ( 0.4015871914863438086, -36.50856652851632589, 0.2569454777809190849 ) ) ;
#1113 = CARTESIAN_POINT ( 'NONE',  ( -1.331111443381953530, -36.14288352629517931, 0.03105838125796467342 ) ) ;
#1114 = AXIS2_PLACEMENT_3D ( 'NONE', #1223, #1778, #527 ) ;
#1115 = FACE_OUTER_BOUND ( 'NONE', #1784, .T. ) ;
#1116 =( NAMED_UNIT ( * ) SI_UNIT ( $, .STERADIAN. ) SOLID_ANGLE_UNIT ( ) );
#1117 = DIRECTION ( 'NONE',  ( 1.000000000000000000, 0.000000000000000000, 0.000000000000000000 ) ) ;
#1118 = CARTESIAN_POINT ( 'NONE',  ( 2.746442399205970553, 5.000000000000000000, 0.6370967939309999384 ) ) ;
#1119 = CARTESIAN_POINT ( 'NONE',  ( -5.400000000000000355, 7.926683928913840660, -2.799999999999999822 ) ) ;
#1120 = CYLINDRICAL_SURFACE ( 'NONE', #1413, 0.5000000000000000000 ) ;
#1121 = ORIENTED_EDGE ( 'NONE', *, *, #522, .F. ) ;
#1122 = CARTESIAN_POINT ( 'NONE',  ( 0.000000000000000000, -4.000000000000000000, 0.000000000000000000 ) ) ;
#1123 = DIRECTION ( 'NONE',  ( 0.000000000000000000, 0.000000000000000000, 1.000000000000000000 ) ) ;
#1124 = EDGE_CURVE ( 'NONE', #1507, #494, #1163, .T. ) ;
#1125 = FILL_AREA_STYLE ('',( #1136 ) ) ;
#1126 = CARTESIAN_POINT ( 'NONE',  ( 0.4019415536643556330, -36.38777436502621043, -0.2645714455926426179 ) ) ;
#1127 = CARTESIAN_POINT ( 'NONE',  ( -0.8317617328773326824, -36.46004631050973899, 0.4999999583583600304 ) ) ;
#1128 = CLOSED_SHELL ( 'NONE', ( #1219, #222, #1841, #675, #990, #618, #1040 ) ) ;
#1129 = VECTOR ( 'NONE', #1615, 1000.000000000000000 ) ;
#1130 = MECHANICAL_DESIGN_GEOMETRIC_PRESENTATION_REPRESENTATION (  '', ( #232 ), #1524 ) ;
#1131 = CARTESIAN_POINT ( 'NONE',  ( 2.155920831532330162, 6.040556010627199157, 1.816815278636479958 ) ) ;
#1132 = CARTESIAN_POINT ( 'NONE',  ( -2.746442399205970553, 5.000000000000000000, -0.6370967939309959416 ) ) ;
#1133 = DIRECTION ( 'NONE',  ( 0.000000000000000000, -1.000000000000000000, 0.000000000000000000 ) ) ;
#1134 = ORIENTED_EDGE ( 'NONE', *, *, #791, .F. ) ;
#1135 = EDGE_CURVE ( 'NONE', #1069, #898, #1710, .T. ) ;
#1136 = FILL_AREA_STYLE_COLOUR ( '', #1335 ) ;
#1137 = STYLED_ITEM ( 'NONE', ( #1270 ), #1026 ) ;
#1138 = CARTESIAN_POINT ( 'NONE',  ( 2.742223533538259872, 5.000000000000000000, -0.5658813767252309779 ) ) ;
#1139 = EDGE_CURVE ( 'NONE', #1044, #925, #166, .T. ) ;
#1140 =( LENGTH_UNIT ( ) NAMED_UNIT ( * ) SI_UNIT ( .MILLI., .METRE. ) );
#1141 = CARTESIAN_POINT ( 'NONE',  ( 0.3341234915285879459, -36.24915819528174410, -0.05048634439052159667 ) ) ;
#1142 = CARTESIAN_POINT ( 'NONE',  ( -0.3190353293286925518, 4.999999999999998224, 2.800000000412406376 ) ) ;
#1143 = LINE ( 'NONE', #1009, #1752 ) ;
#1144 = ORIENTED_EDGE ( 'NONE', *, *, #10, .F. ) ;
#1145 = DIRECTION ( 'NONE',  ( 1.000000000000000000, 0.000000000000000000, 0.000000000000000000 ) ) ;
#1146 = UNCERTAINTY_MEASURE_WITH_UNIT (LENGTH_MEASURE( 1.000000000000000082E-05 ), #1422, 'distance_accuracy_value', 'NONE');
#1147 = AXIS2_PLACEMENT_3D ( 'NONE', #21, #1453, #178 ) ;
#1148 = LINE ( 'NONE', #1440, #1700 ) ;
#1149 = ORIENTED_EDGE ( 'NONE', *, *, #450, .T. ) ;
#1150 = FACE_OUTER_BOUND ( 'NONE', #712, .T. ) ;
#1151 = CIRCLE ( 'NONE', #625, 0.2999999999999999334 ) ;
#1152 = CARTESIAN_POINT ( 'NONE',  ( 0.4448455339977660516, -35.88913226890362296, 0.3166970875082673054 ) ) ;
#1153 = CARTESIAN_POINT ( 'NONE',  ( -0.3379182542599385997, -36.67123315838782815, 0.08072041211734153066 ) ) ;
#1154 = ORIENTED_EDGE ( 'NONE', *, *, #1275, .T. ) ;
#1155 = DIRECTION ( 'NONE',  ( 0.000000000000000000, -1.000000000000000000, 0.000000000000000000 ) ) ;
#1156 = MECHANICAL_DESIGN_GEOMETRIC_PRESENTATION_REPRESENTATION (  '', ( #781 ), #1702 ) ;
#1157 = ADVANCED_FACE ( 'NONE', ( #473 ), #871, .F. ) ;
#1158 = CARTESIAN_POINT ( 'NONE',  ( -3.200000000000000178, 15.71666154119999703, -1.600000000000000089 ) ) ;
#1159 = ORIENTED_EDGE ( 'NONE', *, *, #1851, .T. ) ;
#1160 = STYLED_ITEM ( 'NONE', ( #758 ), #1368 ) ;
#1161 = CARTESIAN_POINT ( 'NONE',  ( 0.5956608970532341063, -36.98232087246680777, -0.4409027624402525602 ) ) ;
#1162 = CARTESIAN_POINT ( 'NONE',  ( 0.5048936534959779232, -35.87361849640309686, 0.3854450679708930072 ) ) ;
#1163 = LINE ( 'NONE', #762, #7 ) ;
#1164 = DIRECTION ( 'NONE',  ( 0.000000000000000000, 0.000000000000000000, -1.000000000000000000 ) ) ;
#1165 = ORIENTED_EDGE ( 'NONE', *, *, #1275, .F. ) ;
#1166 = VECTOR ( 'NONE', #798, 1000.000000000000000 ) ;
#1167 = CARTESIAN_POINT ( 'NONE',  ( 4.500000000000000000, 7.926683928913840660, -2.799999999999999822 ) ) ;
#1168 = PRESENTATION_STYLE_ASSIGNMENT (( #1206 ) ) ;
#1169 = ADVANCED_FACE ( 'NONE', ( #600 ), #1583, .F. ) ;
#1170 = FILL_AREA_STYLE_COLOUR ( '', #1811 ) ;
#1171 = VERTEX_POINT ( 'NONE', #1656 ) ;
#1172 = STYLED_ITEM ( 'NONE', ( #1020 ), #302 ) ;
#1173 = CARTESIAN_POINT ( 'NONE',  ( 0.3648391077094353396, -36.55616209779272907, 0.1789851846754409170 ) ) ;
#1174 = SURFACE_STYLE_USAGE ( .BOTH. , #1779 ) ;
#1175 = ORIENTED_EDGE ( 'NONE', *, *, #1494, .F. ) ;
#1176 = CARTESIAN_POINT ( 'NONE',  ( 1.800000000000000044, 7.926683928913840660, -2.799999999999999822 ) ) ;
#1177 = CARTESIAN_POINT ( 'NONE',  ( 0.000000000000000000, -3.695500000000000007, 1.600000582409809802 ) ) ;
#1178 = ORIENTED_EDGE ( 'NONE', *, *, #1757, .F. ) ;
#1179 = VECTOR ( 'NONE', #1221, 1000.000000000000000 ) ;
#1180 = PRESENTATION_LAYER_ASSIGNMENT (  '', '', ( #232 ) ) ;
#1181 = CARTESIAN_POINT ( 'NONE',  ( 0.4428578412634063821, -36.98224582333597255, -0.3142646838423605593 ) ) ;
#1182 = DIRECTION ( 'NONE',  ( 0.000000000000000000, 1.000000000000000000, 0.000000000000000000 ) ) ;
#1183 = CARTESIAN_POINT ( 'NONE',  ( -0.8317617328773340146, -82.00000000000000000, 0.000000000000000000 ) ) ;
#1184 = ORIENTED_EDGE ( 'NONE', *, *, #485, .T. ) ;
#1185 = AXIS2_PLACEMENT_3D ( 'NONE', #683, #1242, #870 ) ;
#1186 = CARTESIAN_POINT ( 'NONE',  ( 2.121244558579155282, 4.999999999999996447, 1.859138890981586023 ) ) ;
#1187 = CARTESIAN_POINT ( 'NONE',  ( 0.9052788165707410517, -36.97473008710922215, -0.5000000002563855794 ) ) ;
#1188 = SURFACE_STYLE_USAGE ( .BOTH. , #468 ) ;
#1189 = ORIENTED_EDGE ( 'NONE', *, *, #1293, .T. ) ;
#1190 = VECTOR ( 'NONE', #359, 1000.000000000000000 ) ;
#1191 = CARTESIAN_POINT ( 'NONE',  ( 0.3579381913329431342, -36.57168070414487460, 0.1596932364498780954 ) ) ;
#1192 = CARTESIAN_POINT ( 'NONE',  ( 1.250060537900138158, -36.37897962266541896, -0.2740885547007476108 ) ) ;
#1193 = EDGE_CURVE ( 'NONE', #14, #1492, #1657, .T. ) ;
#1194 = ORIENTED_EDGE ( 'NONE', *, *, #425, .T. ) ;
#1195 = CIRCLE ( 'NONE', #1688, 0.2999999999999999334 ) ;
#1196 = CARTESIAN_POINT ( 'NONE',  ( -2.742221497604390379, 6.028265344570500339, 0.5658809575134490233 ) ) ;
#1197 = CYLINDRICAL_SURFACE ( 'NONE', #715, 0.2999999999999999889 ) ;
#1198 = FACE_OUTER_BOUND ( 'NONE', #657, .T. ) ;
#1199 = FACE_BOUND ( 'NONE', #1437, .T. ) ;
#1200 = EDGE_LOOP ( 'NONE', ( #1860, #4 ) ) ;
#1201 = CARTESIAN_POINT ( 'NONE',  ( 0.8317617328773341256, -76.00000000000000000, -0.5000000000000000000 ) ) ;
#1202 = CARTESIAN_POINT ( 'NONE',  ( 1.098049045579909899, -36.38634917862853513, -0.4233327660044508001 ) ) ;
#1203 = VECTOR ( 'NONE', #1635, 1000.000000000000000 ) ;
#1204 = CARTESIAN_POINT ( 'NONE',  ( -3.600000000000000089, 7.926683928913840660, -1.600000000000000089 ) ) ;
#1205 = VECTOR ( 'NONE', #873, 1000.000000000000000 ) ;
#1206 = SURFACE_STYLE_USAGE ( .BOTH. , #1626 ) ;
#1207 = CARTESIAN_POINT ( 'NONE',  ( -0.3254357249271340180, -35.86268816824710370, 0.5077465947751479414 ) ) ;
#1208 = CARTESIAN_POINT ( 'NONE',  ( -1.237530129216080743, -36.38381415683861775, -0.2911789674153729690 ) ) ;
#1209 = ORIENTED_EDGE ( 'NONE', *, *, #1438, .F. ) ;
#1210 = CARTESIAN_POINT ( 'NONE',  ( -1.168891872484594030, -36.98656179361366014, -0.3717606136091552438 ) ) ;
#1211 = CARTESIAN_POINT ( 'NONE',  ( 0.8317617328773340146, -82.00000000000000000, -0.2999999999999999889 ) ) ;
#1212 = CARTESIAN_POINT ( 'NONE',  ( 1.297670670693776840, -36.35424038857146201, -0.1848411684630619778 ) ) ;
#1213 = FACE_OUTER_BOUND ( 'NONE', #1318, .T. ) ;
#1214 = CARTESIAN_POINT ( 'NONE',  ( 0.6812980676705471250, 4.999999999999997335, 2.737135151257660937 ) ) ;
#1215 = CARTESIAN_POINT ( 'NONE',  ( -0.5317353629267050907, 6.052097735305969728, 2.768766854095019880 ) ) ;
#1216 = CARTESIAN_POINT ( 'NONE',  ( 1.313260625330952225, -36.59557641877040624, 0.1348370969423535182 ) ) ;
#1217 = CARTESIAN_POINT ( 'NONE',  ( -2.742221497604390379, 6.028265344570500339, 0.5658809575134490233 ) ) ;
#1218 = CARTESIAN_POINT ( 'NONE',  ( -1.263195116191181411, -35.91304490526754734, 0.2499762237895525874 ) ) ;
#1219 = ADVANCED_FACE ( 'NONE', ( #1061 ), #1101, .T. ) ;
#1220 = DIRECTION ( 'NONE',  ( -1.000000000000000000, 0.000000000000000000, 0.000000000000000000 ) ) ;
#1221 = DIRECTION ( 'NONE',  ( 0.000000000000000000, 0.000000000000000000, -1.000000000000000000 ) ) ;
#1222 = CARTESIAN_POINT ( 'NONE',  ( 0.8317617328773340146, -82.00000000000000000, 0.2999999999999999889 ) ) ;
#1223 = CARTESIAN_POINT ( 'NONE',  ( 0.8317617328773340146, -76.00000000000000000, 0.000000000000000000 ) ) ;
#1224 = CARTESIAN_POINT ( 'NONE',  ( -5.400000000000000355, 7.926683928913840660, -1.600000000000000089 ) ) ;
#1225 = AXIS2_PLACEMENT_3D ( 'NONE', #984, #1382, #1685 ) ;
#1226 = DIRECTION ( 'NONE',  ( 0.000000000000000000, 1.000000000000000000, 0.000000000000000000 ) ) ;
#1227 = DIRECTION ( 'NONE',  ( 0.000000000000000000, -1.000000000000000000, 0.000000000000000000 ) ) ;
#1228 = EDGE_CURVE ( 'NONE', #1547, #203, #1530, .T. ) ;
#1229 = AXIS2_PLACEMENT_3D ( 'NONE', #1264, #1862, #1565 ) ;
#1230 = CARTESIAN_POINT ( 'NONE',  ( -1.084388889778772125, -36.98309378489587829, -0.4375383665294174662 ) ) ;
#1231 = CARTESIAN_POINT ( 'NONE',  ( -0.4879327540951489128, -35.86996705207710789, 0.3739523306116929735 ) ) ;
#1232 = LINE ( 'NONE', #1222, #893 ) ;
#1233 = CARTESIAN_POINT ( 'NONE',  ( 1.067862568700864045, -36.38503145694676988, -0.4409027624405506551 ) ) ;
#1234 = CARTESIAN_POINT ( 'NONE',  ( -4.950000000000000178, 7.926683928913840660, -1.600000000000000089 ) ) ;
#1235 = AXIS2_PLACEMENT_3D ( 'NONE', #854, #582, #1001 ) ;
#1236 = CIRCLE ( 'NONE', #161, 0.5000000000000000000 ) ;
#1237 = CARTESIAN_POINT ( 'NONE',  ( 0.9439651725670608062, -36.46003862883502933, 0.5000000000000001110 ) ) ;
#1238 = SURFACE_SIDE_STYLE ('',( #578 ) ) ;
#1239 = CARTESIAN_POINT ( 'NONE',  ( -1.333000037484452394, -36.23969760640746074, -0.04080332916028257123 ) ) ;
#1240 = AXIS2_PLACEMENT_3D ( 'NONE', #952, #1227, #1662 ) ;
#1241 = DIRECTION ( 'NONE',  ( 1.000000000000000000, 0.000000000000000000, 0.000000000000000000 ) ) ;
#1242 = DIRECTION ( 'NONE',  ( 0.000000000000000000, 0.000000000000000000, 1.000000000000000000 ) ) ;
#1243 = SURFACE_STYLE_FILL_AREA ( #1533 ) ;
#1244 = CARTESIAN_POINT ( 'NONE',  ( 2.782874457086129460, 6.023530667685770723, 0.3092082730095719878 ) ) ;
#1245 = CARTESIAN_POINT ( 'NONE',  ( -3.600000000000000089, 6.882079407890049794, -2.799999999999999822 ) ) ;
#1246 = FACE_OUTER_BOUND ( 'NONE', #597, .T. ) ;
#1247 = VERTEX_POINT ( 'NONE', #393 ) ;
#1248 = DIRECTION ( 'NONE',  ( 1.000000000000000000, 0.000000000000000000, 0.000000000000000000 ) ) ;
#1249 =( NAMED_UNIT ( * ) PLANE_ANGLE_UNIT ( ) SI_UNIT ( $, .RADIAN. ) );
#1250 = CARTESIAN_POINT ( 'NONE',  ( -1.328184307464048919, -36.84835583596601083, -0.05549678802515353032 ) ) ;
#1251 = CARTESIAN_POINT ( 'NONE',  ( 0.8462639547625883107, -36.37750284110278187, -0.4998471534009675810 ) ) ;
#1252 = ADVANCED_FACE ( 'NONE', ( #1836, #840 ), #133, .F. ) ;
#1253 = CARTESIAN_POINT ( 'NONE',  ( 0.4347112249976287091, -35.89341636685327330, 0.3039631012590833792 ) ) ;
#1254 = CARTESIAN_POINT ( 'NONE',  ( 2.815263068164739924, 5.000000000000000000, 0.01771077330212200013 ) ) ;
#1255 = DIRECTION ( 'NONE',  ( 0.000000000000000000, -1.000000000000000000, 0.000000000000000000 ) ) ;
#1256 = FILL_AREA_STYLE_COLOUR ( '', #1675 ) ;
#1257 = CARTESIAN_POINT ( 'NONE',  ( -3.200000000000000178, 15.71666154119999703, -2.799999999999999822 ) ) ;
#1258 =( GEOMETRIC_REPRESENTATION_CONTEXT ( 3 ) GLOBAL_UNCERTAINTY_ASSIGNED_CONTEXT ( ( #726 ) ) GLOBAL_UNIT_ASSIGNED_CONTEXT ( ( #344, #1606, #1755 ) ) REPRESENTATION_CONTEXT ( 'NONE', 'WORKASPACE' ) );
#1259 = DIRECTION ( 'NONE',  ( 0.000000000000000000, 1.000000000000000000, 0.000000000000000000 ) ) ;
#1260 = FACE_OUTER_BOUND ( 'NONE', #575, .T. ) ;
#1261 = CARTESIAN_POINT ( 'NONE',  ( 2.651497002573509842, 6.027574751964020372, 0.9583193798863089974 ) ) ;
#1262 = CARTESIAN_POINT ( 'NONE',  ( 5.400000000000000355, 6.897295805138369928, -2.399999999999999911 ) ) ;
#1263 = CARTESIAN_POINT ( 'NONE',  ( 2.675547318428169952, 5.000000000000000000, -0.8889795969791720598 ) ) ;
#1264 = CARTESIAN_POINT ( 'NONE',  ( -4.336808689942019708E-16, 9.980736124050070046, -1.600000000000000089 ) ) ;
#1265 = AXIS2_PLACEMENT_3D ( 'NONE', #746, #30, #71 ) ;
#1266 = CARTESIAN_POINT ( 'NONE',  ( 0.3517073956066130713, -35.99292719628874693, 0.1398233157970646956 ) ) ;
#1267 = EDGE_CURVE ( 'NONE', #170, #752, #1272, .T. ) ;
#1268 = FACE_OUTER_BOUND ( 'NONE', #48, .T. ) ;
#1269 = ORIENTED_EDGE ( 'NONE', *, *, #485, .F. ) ;
#1270 = PRESENTATION_STYLE_ASSIGNMENT (( #1280 ) ) ;
#1271 =( GEOMETRIC_REPRESENTATION_CONTEXT ( 3 ) GLOBAL_UNCERTAINTY_ASSIGNED_CONTEXT ( ( #1736 ) ) GLOBAL_UNIT_ASSIGNED_CONTEXT ( ( #1793, #928, #940 ) ) REPRESENTATION_CONTEXT ( 'NONE', 'WORKASPACE' ) );
#1272 = B_SPLINE_CURVE_WITH_KNOTS ( 'NONE', 3,
 ( #825, #1863, #577, #552 ),
 .UNSPECIFIED., .F., .F.,
 ( 4, 4 ),
 ( 0.000000000000000000, 1.000000000000000000 ),
 .UNSPECIFIED. ) ;
#1273 = COLOUR_RGB ( '',0.6980392156862744724, 0.6980392156862744724, 0.6980392156862744724 ) ;
#1274 = B_SPLINE_CURVE_WITH_KNOTS ( 'NONE', 3,
 ( #26, #601, #874, #1749 ),
 .UNSPECIFIED., .F., .F.,
 ( 4, 4 ),
 ( 0.000000000000000000, 1.000000000000000000 ),
 .UNSPECIFIED. ) ;
#1275 = EDGE_CURVE ( 'NONE', #1310, #1013, #1195, .T. ) ;
#1276 = DIRECTION ( 'NONE',  ( 1.000000000000000000, 0.000000000000000000, 0.000000000000000000 ) ) ;
#1277 = CARTESIAN_POINT ( 'NONE',  ( 0.8409579884091431534, -36.37746995906213954, -0.4999999999679288765 ) ) ;
#1278 = CARTESIAN_POINT ( 'NONE',  ( 0.3454841631596399232, -36.31504844465430182, -0.1201388974295382189 ) ) ;
#1279 = CARTESIAN_POINT ( 'NONE',  ( 7.238895727426405882E-09, 4.999999999999999112, 2.799988242461967758 ) ) ;
#1280 = SURFACE_STYLE_USAGE ( .BOTH. , #148 ) ;
#1281 = FACE_OUTER_BOUND ( 'NONE', #334, .T. ) ;
#1282 = CARTESIAN_POINT ( 'NONE',  ( 0.4496981179482330004, -36.48461709370786821, 0.3225347450596504073 ) ) ;
#1283 = CARTESIAN_POINT ( 'NONE',  ( -0.3520047212330442710, -36.59513865812094480, 0.1411155752183718692 ) ) ;
#1284 = CARTESIAN_POINT ( 'NONE',  ( 5.400000000000000355, 7.926683928913840660, -1.600000000000000089 ) ) ;
#1285 = ORIENTED_EDGE ( 'NONE', *, *, #1139, .T. ) ;
#1286 = CARTESIAN_POINT ( 'NONE',  ( 1.338087740827540006, -36.99522611111159875, -0.1829194345889050000 ) ) ;
#1287 = CARTESIAN_POINT ( 'NONE',  ( -5.400000000000000355, 7.926683928913840660, -2.399999999999999911 ) ) ;
#1288 = CIRCLE ( 'NONE', #738, 0.5000000000000000000 ) ;
#1289 = MECHANICAL_DESIGN_GEOMETRIC_PRESENTATION_REPRESENTATION (  '', ( #384 ), #195 ) ;
#1290 = CARTESIAN_POINT ( 'NONE',  ( 0.4482494480303404472, -36.48514189623625725, 0.3208108398960740626 ) ) ;
#1291 = CARTESIAN_POINT ( 'NONE',  ( 0.000000000000000000, -4.000000000000000000, -1.904500582409810461 ) ) ;
#1292 = CARTESIAN_POINT ( 'NONE',  ( -0.4895918616393918343, -36.46717891308979631, 0.3746715227879947596 ) ) ;
#1293 = EDGE_CURVE ( 'NONE', #915, #32, #300, .T. ) ;
#1294 = EDGE_LOOP ( 'NONE', ( #919, #583, #1031, #723 ) ) ;
#1295 = DIRECTION ( 'NONE',  ( 0.000000000000000000, 0.000000000000000000, 1.000000000000000000 ) ) ;
#1296 = B_SPLINE_SURFACE_WITH_KNOTS ( 'NONE', 3, 3, ( 
 ( #686, #852, #710, #835 ),
 ( #1254, #574, #721, #1576 ),
 ( #1403, #1416, #1262, #1848 ),
 ( #1838, #1561, #563, #270 ) ),
 .UNSPECIFIED., .F., .F., .F.,
 ( 4, 4 ),
 ( 4, 4 ),
 ( 0.000000000000000000, 1.000000000000000000 ),
 ( 0.000000000000000000, 1.000000000000000000 ),
 .UNSPECIFIED. ) ;
#1297 = ORIENTED_EDGE ( 'NONE', *, *, #1792, .F. ) ;
#1298 = CARTESIAN_POINT ( 'NONE',  ( -0.7491288591482992976, -36.37746106174587624, -0.5000866109808492777 ) ) ;
#1299 = CARTESIAN_POINT ( 'NONE',  ( 2.782897636354030091, 5.000000000000000000, 0.3092108496596140399 ) ) ;
#1300 = CARTESIAN_POINT ( 'NONE',  ( 0.000000000000000000, 5.000000000000000000, -2.799999999999999822 ) ) ;
#1301 = CARTESIAN_POINT ( 'NONE',  ( 3.200000000000000178, 15.71666154119999703, -1.600000000000000089 ) ) ;
#1302 = EDGE_CURVE ( 'NONE', #415, #309, #604, .T. ) ;
#1303 = CARTESIAN_POINT ( 'NONE',  ( 2.202504971763270092, 6.040458550524189896, -1.760052339528589860 ) ) ;
#1304 = CARTESIAN_POINT ( 'NONE',  ( -2.815263068164739924, 5.000000000000000000, -0.01771077330211219894 ) ) ;
#1305 = FACE_OUTER_BOUND ( 'NONE', #60, .T. ) ;
#1306 = ORIENTED_EDGE ( 'NONE', *, *, #285, .T. ) ;
#1307 = CARTESIAN_POINT ( 'NONE',  ( 0.8021097099339857817, -36.97492843326433842, -0.4991775723508163343 ) ) ;
#1308 = FACE_OUTER_BOUND ( 'NONE', #1294, .T. ) ;
#1309 = CARTESIAN_POINT ( 'NONE',  ( -0.7465967243723812263, -36.46004272479613917, 0.5000087478832064836 ) ) ;
#1310 = VERTEX_POINT ( 'NONE', #1567 ) ;
#1311 = CARTESIAN_POINT ( 'NONE',  ( 3.149999999999999911, 6.881892480073830143, -2.799999999999999822 ) ) ;
#1312 = DIRECTION ( 'NONE',  ( 0.000000000000000000, 1.000000000000000000, 0.000000000000000000 ) ) ;
#1313 = EDGE_LOOP ( 'NONE', ( #1698, #322, #470, #1772 ) ) ;
#1314 = PRESENTATION_LAYER_ASSIGNMENT (  '', '', ( #1172 ) ) ;
#1315 = CARTESIAN_POINT ( 'NONE',  ( 0.3346116465395507777, -36.70436217467008078, 0.05373546537701386766 ) ) ;
#1316 = CARTESIAN_POINT ( 'NONE',  ( -0.4215840617409433166, -36.98009600765302451, -0.2846741832658572502 ) ) ;
#1317 = SURFACE_SIDE_STYLE ('',( #350 ) ) ;
#1318 = EDGE_LOOP ( 'NONE', ( #1209, #1630, #1457, #292 ) ) ;
#1319 = CARTESIAN_POINT ( 'NONE',  ( -0.4500000000000000111, 7.926683928913840660, -2.799999999999999822 ) ) ;
#1320 = DIRECTION ( 'NONE',  ( 1.000000000000000000, 0.000000000000000000, 0.000000000000000000 ) ) ;
#1321 = PRODUCT_DEFINITION ( 'UNKNOWN', '', #1400, #869 ) ;
#1322 = AXIS2_PLACEMENT_3D ( 'NONE', #587, #900, #172 ) ;
#1323 = DIRECTION ( 'NONE',  ( 0.000000000000000000, 0.000000000000000000, -1.000000000000000000 ) ) ;
#1324 = ORIENTED_EDGE ( 'NONE', *, *, #782, .T. ) ;
#1325 = DIRECTION ( 'NONE',  ( 0.000000000000000000, 0.000000000000000000, 1.000000000000000000 ) ) ;
#1326 = ORIENTED_EDGE ( 'NONE', *, *, #755, .F. ) ;
#1327 = EDGE_CURVE ( 'NONE', #1044, #454, #850, .T. ) ;
#1328 = CARTESIAN_POINT ( 'NONE',  ( 0.3976478288336972589, -36.97106633100734285, -0.2488751147097979510 ) ) ;
#1329 = CARTESIAN_POINT ( 'NONE',  ( 1.309047748575172143, -35.98390270672305746, 0.1489984162485777364 ) ) ;
#1330 = VERTEX_POINT ( 'NONE', #833 ) ;
#1331 = CARTESIAN_POINT ( 'NONE',  ( -0.8317617328773340146, -76.00000000000000000, 0.000000000000000000 ) ) ;
#1332 = CARTESIAN_POINT ( 'NONE',  ( 0.9787499432331531191, -36.97537570683194730, -0.4835278977129240929 ) ) ;
#1333 = SURFACE_SIDE_STYLE ('',( #951 ) ) ;
#1334 = ORIENTED_EDGE ( 'NONE', *, *, #1228, .T. ) ;
#1335 = COLOUR_RGB ( '',0.6980392156862744724, 0.6980392156862744724, 0.6980392156862744724 ) ;
#1336 = EDGE_LOOP ( 'NONE', ( #491, #512 ) ) ;
#1337 =( GEOMETRIC_REPRESENTATION_CONTEXT ( 3 ) GLOBAL_UNCERTAINTY_ASSIGNED_CONTEXT ( ( #390 ) ) GLOBAL_UNIT_ASSIGNED_CONTEXT ( ( #538, #1843, #1587 ) ) REPRESENTATION_CONTEXT ( 'NONE', 'WORKASPACE' ) );
#1338 = CARTESIAN_POINT ( 'NONE',  ( 0.7942720442201035569, -36.97502989989522604, -0.4986587068161266734 ) ) ;
#1339 =( NAMED_UNIT ( * ) PLANE_ANGLE_UNIT ( ) SI_UNIT ( $, .RADIAN. ) );
#1340 = CARTESIAN_POINT ( 'NONE',  ( 1.220665624491363843, -36.38495640781592044, -0.3142646838422362143 ) ) ;
#1341 = STYLED_ITEM ( 'NONE', ( #1828 ), #1348 ) ;
#1342 = DIRECTION ( 'NONE',  ( 0.000000000000000000, 1.000000000000000000, 0.000000000000000000 ) ) ;
#1343 = DIRECTION ( 'NONE',  ( 0.000000000000000000, 1.000000000000000000, 0.000000000000000000 ) ) ;
#1344 = CARTESIAN_POINT ( 'NONE',  ( -1.339913814640109946, -35.86268816824710370, 0.5077465947751479414 ) ) ;
#1345 = ORIENTED_EDGE ( 'NONE', *, *, #1431, .T. ) ;
#1346 = DIRECTION ( 'NONE',  ( 0.000000000000000000, 0.000000000000000000, -1.000000000000000000 ) ) ;
#1347 = ORIENTED_EDGE ( 'NONE', *, *, #841, .T. ) ;
#1348 = ADVANCED_FACE ( 'NONE', ( #1260 ), #1695, .F. ) ;
#1349 = DIRECTION ( 'NONE',  ( 0.000000000000000000, 0.000000000000000000, 1.000000000000000000 ) ) ;
#1350 = CARTESIAN_POINT ( 'NONE',  ( -0.3424557493090158444, -36.02433077385988014, 0.1145690564486567531 ) ) ;
#1351 = DIRECTION ( 'NONE',  ( 1.000000000000000000, 0.000000000000000000, 0.000000000000000000 ) ) ;
#1352 = CARTESIAN_POINT ( 'NONE',  ( 1.307632070010019021, -35.97981034755018470, 0.1534864832053009220 ) ) ;
#1353 = CARTESIAN_POINT ( 'NONE',  ( 1.317799903329278433, 4.999999999999997335, 2.493888391257166770 ) ) ;
#1354 = ADVANCED_FACE ( 'NONE', ( #1480 ), #897, .T. ) ;
#1355 = CARTESIAN_POINT ( 'NONE',  ( -1.800000000000000044, 7.926683928913840660, -1.600000000000000089 ) ) ;
#1356 = CARTESIAN_POINT ( 'NONE',  ( 0.8317617328773340146, -76.00000000000000000, 0.000000000000000000 ) ) ;
#1357 = FACE_OUTER_BOUND ( 'NONE', #615, .T. ) ;
#1358 = ORIENTED_EDGE ( 'NONE', *, *, #1302, .F. ) ;
#1359 = CARTESIAN_POINT ( 'NONE',  ( -1.224461043050516951, -36.38613750609368935, -0.3092567904978864579 ) ) ;
#1360 = CARTESIAN_POINT ( 'NONE',  ( -5.400000000000000355, 6.898418584343340321, -1.600000000000000089 ) ) ;
#1361 = COLOUR_RGB ( '',0.6980392156862744724, 0.6980392156862744724, 0.6980392156862744724 ) ;
#1362 = CARTESIAN_POINT ( 'NONE',  ( -0.3488587778015627694, -36.31722998092223520, -0.1262350286429217427 ) ) ;
#1363 = CARTESIAN_POINT ( 'NONE',  ( 1.320182206830710303, -36.30784168364084508, -0.1076541543555527836 ) ) ;
#1364 = PRESENTATION_LAYER_ASSIGNMENT (  '', '', ( #1766 ) ) ;
#1365 = B_SPLINE_CURVE_WITH_KNOTS ( 'NONE', 3,
 ( #214, #524, #1360, #1508 ),
 .UNSPECIFIED., .F., .F.,
 ( 4, 4 ),
 ( 0.000000000000000000, 1.000000000000000000 ),
 .UNSPECIFIED. ) ;
#1366 = CARTESIAN_POINT ( 'NONE',  ( -1.457186945774509912, 5.000000000000000000, 2.413590394741069733 ) ) ;
#1367 = MECHANICAL_DESIGN_GEOMETRIC_PRESENTATION_REPRESENTATION (  '', ( #293 ), #1832 ) ;
#1368 = ADVANCED_FACE ( 'NONE', ( #1199, #58, #1470 ), #1057, .T. ) ;
#1369 = CARTESIAN_POINT ( 'NONE',  ( -0.3236096511145529764, -36.46051498063000196, 0.3986675319881810009 ) ) ;
#1370 = CARTESIAN_POINT ( 'NONE',  ( -1.339913814640109946, -36.39793669559159639, -0.1829194345889130213 ) ) ;
#1371 = CARTESIAN_POINT ( 'NONE',  ( -1.327499683951826270, -36.09085453553991840, 0.06841945430923590532 ) ) ;
#1372 = CYLINDRICAL_SURFACE ( 'NONE', #275, 3.200000000000000178 ) ;
#1373 = B_SPLINE_CURVE_WITH_KNOTS ( 'NONE', 3,
 ( #1666, #1522, #771, #381 ),
 .UNSPECIFIED., .F., .F.,
 ( 4, 4 ),
 ( 0.000000000000000000, 1.000000000000000000 ),
 .UNSPECIFIED. ) ;
#1374 = DIRECTION ( 'NONE',  ( 8.659560562354939021E-17, -0.7071067811865470176, 0.7071067811865480168 ) ) ;
#1375 = CARTESIAN_POINT ( 'NONE',  ( 1.265875636919636671, -36.37377691548797998, -0.2488751147120867313 ) ) ;
#1376 = SHAPE_DEFINITION_REPRESENTATION ( #1022, #733 ) ;
#1377 = CARTESIAN_POINT ( 'NONE',  ( -2.742221497604390379, 5.000000000000000000, 0.5658809575134490233 ) ) ;
#1378 = CARTESIAN_POINT ( 'NONE',  ( -0.3236096511145529764, -36.49331841434280221, 0.1914317078354769996 ) ) ;
#1379 = CARTESIAN_POINT ( 'NONE',  ( -5.400000000000000355, 6.898418584343340321, -1.600000000000000089 ) ) ;
#1380 = CARTESIAN_POINT ( 'NONE',  ( -1.330263272268701114, -36.12587705840417129, 0.04317707211397289052 ) ) ;
#1381 = CARTESIAN_POINT ( 'NONE',  ( -1.285081186265491837, -36.53399942779716270, 0.2090365627274888005 ) ) ;
#1382 = DIRECTION ( 'NONE',  ( -0.000000000000000000, 1.000000000000000000, 0.000000000000000000 ) ) ;
#1383 = CARTESIAN_POINT ( 'NONE',  ( 0.8317617328773340146, -82.00000000000000000, 0.000000000000000000 ) ) ;
#1384 = CARTESIAN_POINT ( 'NONE',  ( 2.250000000000000000, 7.926683928913840660, -1.600000000000000089 ) ) ;
#1385 = CARTESIAN_POINT ( 'NONE',  ( -2.250000000000000000, 7.926683928913840660, -2.799999999999999822 ) ) ;
#1386 = ORIENTED_EDGE ( 'NONE', *, *, #310, .F. ) ;
#1387 = EDGE_CURVE ( 'NONE', #1616, #881, #616, .T. ) ;
#1388 = AXIS2_PLACEMENT_3D ( 'NONE', #517, #906, #1320 ) ;
#1389 = CARTESIAN_POINT ( 'NONE',  ( -1.338087740827540006, -36.97306753908689814, -0.5100856463047770406 ) ) ;
#1390 = CARTESIAN_POINT ( 'NONE',  ( 0.4740668883144255608, -36.47780852555138864, 0.3495393382266386850 ) ) ;
#1391 = CARTESIAN_POINT ( 'NONE',  ( -0.8317617328773340146, -76.00000000000000000, 0.2999999999999999889 ) ) ;
#1392 = EDGE_CURVE ( 'NONE', #976, #1476, #1008, .T. ) ;
#1393 = DIRECTION ( 'NONE',  ( 1.000000000000000000, 0.000000000000000000, 0.000000000000000000 ) ) ;
#1394 = DIRECTION ( 'NONE',  ( -4.965615807881580679E-16, 1.000000000000000000, 0.000000000000000000 ) ) ;
#1395 = CARTESIAN_POINT ( 'NONE',  ( -1.800000000000000044, 6.870782590266390599, -2.799999999999999822 ) ) ;
#1396 = ORIENTED_EDGE ( 'NONE', *, *, #511, .F. ) ;
#1397 = CARTESIAN_POINT ( 'NONE',  ( 1.239036957467994249, -36.49562775237708934, 0.2903272118926708001 ) ) ;
#1398 = DIRECTION ( 'NONE',  ( 1.000000000000000000, 0.000000000000000000, 0.000000000000000000 ) ) ;
#1399 = CARTESIAN_POINT ( 'NONE',  ( -1.325605211494751412, -36.07394374286804606, 0.08072041211719804821 ) ) ;
#1400 = PRODUCT_DEFINITION_FORMATION_WITH_SPECIFIED_SOURCE ( 'ANY', '', #142, .NOT_KNOWN. ) ;
#1401 = CARTESIAN_POINT ( 'NONE',  ( -0.04332694402932957267, 5.000000000000000000, -2.799989822715790666 ) ) ;
#1402 = CARTESIAN_POINT ( 'NONE',  ( 0.3323615400391884411, -36.22606930043649953, -0.03014065072706170745 ) ) ;
#1403 = CARTESIAN_POINT ( 'NONE',  ( 2.801495779211740089, 5.000000000000000000, -0.2786417296854430403 ) ) ;
#1404 = SURFACE_SIDE_STYLE ('',( #836 ) ) ;
#1405 = ORIENTED_EDGE ( 'NONE', *, *, #1411, .F. ) ;
#1406 =( NAMED_UNIT ( * ) PLANE_ANGLE_UNIT ( ) SI_UNIT ( $, .RADIAN. ) );
#1407 = LINE ( 'NONE', #982, #433 ) ;
#1408 = CARTESIAN_POINT ( 'NONE',  ( 0.4393062077915648178, -35.89141652415590755, 0.3098142760900648995 ) ) ;
#1409 = CARTESIAN_POINT ( 'NONE',  ( -1.393835487583349853, 5.000000000000000000, -2.450721326890369589 ) ) ;
#1410 = EDGE_LOOP ( 'NONE', ( #607, #1716 ) ) ;
#1411 = EDGE_CURVE ( 'NONE', #170, #1044, #682, .T. ) ;
#1412 = FILL_AREA_STYLE_COLOUR ( '', #667 ) ;
#1413 = AXIS2_PLACEMENT_3D ( 'NONE', #722, #152, #3 ) ;
#1414 = CYLINDRICAL_SURFACE ( 'NONE', #1790, 0.2999999999999999889 ) ;
#1415 = CARTESIAN_POINT ( 'NONE',  ( 2.746442399205970553, 6.024060258914720301, 0.6370967939309999384 ) ) ;
#1416 = CARTESIAN_POINT ( 'NONE',  ( 2.801495779211740089, 6.029388123775459185, -0.2786417296854430403 ) ) ;
#1417 = CYLINDRICAL_SURFACE ( 'NONE', #1665, 2.799999999999999822 ) ;
#1418 = ORIENTED_EDGE ( 'NONE', *, *, #458, .F. ) ;
#1419 = DIRECTION ( 'NONE',  ( 0.000000000000000000, 1.000000000000000000, 0.000000000000000000 ) ) ;
#1420 = LINE ( 'NONE', #1158, #345 ) ;
#1421 = UNCERTAINTY_MEASURE_WITH_UNIT (LENGTH_MEASURE( 1.000000000000000082E-05 ), #576, 'distance_accuracy_value', 'NONE');
#1422 =( LENGTH_UNIT ( ) NAMED_UNIT ( * ) SI_UNIT ( .MILLI., .METRE. ) );
#1423 =( GEOMETRIC_REPRESENTATION_CONTEXT ( 3 ) GLOBAL_UNCERTAINTY_ASSIGNED_CONTEXT ( ( #1834 ) ) GLOBAL_UNIT_ASSIGNED_CONTEXT ( ( #216, #348, #503 ) ) REPRESENTATION_CONTEXT ( 'NONE', 'WORKASPACE' ) );
#1424 = CARTESIAN_POINT ( 'NONE',  ( 0.4827396160351770660, -36.47607535958614733, 0.3582819555202370609 ) ) ;
#1425 = DIRECTION ( 'NONE',  ( 0.000000000000000000, -1.000000000000000000, 0.000000000000000000 ) ) ;
#1426 =( NAMED_UNIT ( * ) PLANE_ANGLE_UNIT ( ) SI_UNIT ( $, .RADIAN. ) );
#1427 = VERTEX_POINT ( 'NONE', #658 ) ;
#1428 = MECHANICAL_DESIGN_GEOMETRIC_PRESENTATION_REPRESENTATION (  '', ( #804 ), #1337 ) ;
#1429 = CARTESIAN_POINT ( 'NONE',  ( 0.3236096511145539756, -36.46051498063000196, 0.3986675319881810009 ) ) ;
#1430 = CARTESIAN_POINT ( 'NONE',  ( -2.815263068164739924, 6.032999588127400337, -0.01771077330211219894 ) ) ;
#1431 = EDGE_CURVE ( 'NONE', #892, #1750, #41, .T. ) ;
#1432 = CARTESIAN_POINT ( 'NONE',  ( 0.4677094461218793131, -35.88014899562863746, 0.3445064422326788445 ) ) ;
#1433 = CARTESIAN_POINT ( 'NONE',  ( -0.4009646949207362754, -36.97345203814965231, -0.2513058767094049073 ) ) ;
#1434 = PLANE ( 'NONE',  #981 ) ;
#1435 = ORIENTED_EDGE ( 'NONE', *, *, #228, .T. ) ;
#1436 = CARTESIAN_POINT ( 'NONE',  ( 0.3236096511145539756, -36.99522611111159875, -0.1829194345889050000 ) ) ;
#1437 = EDGE_LOOP ( 'NONE', ( #1144, #1418 ) ) ;
#1438 = EDGE_CURVE ( 'NONE', #896, #494, #830, .T. ) ;
#1439 = SURFACE_STYLE_USAGE ( .BOTH. , #1238 ) ;
#1440 = CARTESIAN_POINT ( 'NONE',  ( -0.8317617328773339036, -76.00000000000000000, -0.5000000000000000000 ) ) ;
#1441 = CARTESIAN_POINT ( 'NONE',  ( -0.4905084905545526452, -36.98950191352586359, -0.3742003940673020446 ) ) ;
#1442 = ORIENTED_EDGE ( 'NONE', *, *, #1612, .F. ) ;
#1443 = CARTESIAN_POINT ( 'NONE',  ( 1.160622230493460139, 6.052821554252299840, -2.569390672242430007 ) ) ;
#1444 = STYLED_ITEM ( 'NONE', ( #1168 ), #868 ) ;
#1445 = B_SPLINE_SURFACE_WITH_KNOTS ( 'NONE', 3, 1, ( 
 ( #1004, #1574 ),
 ( #586, #303 ),
 ( #1538, #155 ),
 ( #690, #1738 ),
 ( #735, #1681 ),
 ( #829, #444 ),
 ( #1581, #289 ) ),
 .UNSPECIFIED., .F., .F., .F.,
 ( 4, 1, 1, 1, 4 ),
 ( 2, 2 ),
 ( 0.2326242874182240239, 0.3603598143496909989, 0.4880953412811580017, 0.6158308682126250044, 0.7435663951440919517 ),
 ( 0.000000000000000000, 1.000000000000000000 ),
 .UNSPECIFIED. ) ;
#1446 = PRESENTATION_STYLE_ASSIGNMENT (( #931 ) ) ;
#1447 = ORIENTED_EDGE ( 'NONE', *, *, #1846, .F. ) ;
#1448 = CARTESIAN_POINT ( 'NONE',  ( 0.3558913957445577481, -36.57709976307040733, 0.1534864832050161776 ) ) ;
#1449 = DIRECTION ( 'NONE',  ( 0.000000000000000000, -1.000000000000000000, 0.000000000000000000 ) ) ;
#1450 = CARTESIAN_POINT ( 'NONE',  ( -0.7490759340358829066, -36.97477818797685956, -0.4999171094476426713 ) ) ;
#1451 = ORIENTED_EDGE ( 'NONE', *, *, #307, .T. ) ;
#1452 = CARTESIAN_POINT ( 'NONE',  ( -0.9000000000000000222, 6.868721616878639580, -2.799999999999999822 ) ) ;
#1453 = DIRECTION ( 'NONE',  ( 0.000000000000000000, -1.000000000000000000, 0.000000000000000000 ) ) ;
#1454 = CARTESIAN_POINT ( 'NONE',  ( 0.000000000000000000, -4.000000000000000000, 0.000000000000000000 ) ) ;
#1455 = ORIENTED_EDGE ( 'NONE', *, *, #706, .T. ) ;
#1456 = SURFACE_SIDE_STYLE ('',( #204 ) ) ;
#1457 = ORIENTED_EDGE ( 'NONE', *, *, #1559, .F. ) ;
#1458 =( GEOMETRIC_REPRESENTATION_CONTEXT ( 3 ) GLOBAL_UNCERTAINTY_ASSIGNED_CONTEXT ( ( #558 ) ) GLOBAL_UNIT_ASSIGNED_CONTEXT ( ( #160, #846, #596 ) ) REPRESENTATION_CONTEXT ( 'NONE', 'WORKASPACE' ) );
#1459 = EDGE_CURVE ( 'NONE', #1732, #499, #1740, .T. ) ;
#1460 = AXIS2_PLACEMENT_3D ( 'NONE', #116, #973, #1117 ) ;
#1461 = CARTESIAN_POINT ( 'NONE',  ( -0.5078578949368486306, -36.38904651125549350, -0.3839994645014495611 ) ) ;
#1462 = DIRECTION ( 'NONE',  ( 0.000000000000000000, 1.000000000000000000, 0.000000000000000000 ) ) ;
#1463 = CARTESIAN_POINT ( 'NONE',  ( -0.3673366661761354179, -36.94909293668462880, -0.1815213024122050156 ) ) ;
#1464 = ORIENTED_EDGE ( 'NONE', *, *, #539, .T. ) ;
#1465 = CIRCLE ( 'NONE', #1720, 0.5000000000000000000 ) ;
#1466 = CARTESIAN_POINT ( 'NONE',  ( 0.1995757829690809892, 6.057364059169779935, -2.812291218095010148 ) ) ;
#1467 = ADVANCED_FACE ( 'NONE', ( #1682 ), #1693, .T. ) ;
#1468 = SURFACE_STYLE_FILL_AREA ( #321 ) ;
#1469 = VERTEX_POINT ( 'NONE', #122 ) ;
#1470 = FACE_BOUND ( 'NONE', #147, .T. ) ;
#1471 = ORIENTED_EDGE ( 'NONE', *, *, #1267, .F. ) ;
#1472 = CIRCLE ( 'NONE', #679, 0.5000000000000000000 ) ;
#1473 = CARTESIAN_POINT ( 'NONE',  ( 0.3611549081552445917, -36.56369982984146105, 0.1691407475267938110 ) ) ;
#1474 = FACE_OUTER_BOUND ( 'NONE', #1485, .T. ) ;
#1475 = CARTESIAN_POINT ( 'NONE',  ( 1.298684358044793985, -35.95887268227204459, 0.1789851846765923293 ) ) ;
#1476 = VERTEX_POINT ( 'NONE', #700 ) ;
#1477 = FACE_OUTER_BOUND ( 'NONE', #767, .T. ) ;
#1478 = CARTESIAN_POINT ( 'NONE',  ( 0.8317617328773340146, -76.00000000000000000, 0.000000000000000000 ) ) ;
#1479 = ORIENTED_EDGE ( 'NONE', *, *, #933, .T. ) ;
#1480 = FACE_OUTER_BOUND ( 'NONE', #774, .T. ) ;
#1481 = EDGE_LOOP ( 'NONE', ( #1037, #1165 ) ) ;
#1482 = CARTESIAN_POINT ( 'NONE',  ( 0.5380959355827279467, -36.98461645365483719, -0.4052636847987900470 ) ) ;
#1483 = DIRECTION ( 'NONE',  ( 0.000000000000000000, 1.000000000000000000, 0.000000000000000000 ) ) ;
#1484 = CARTESIAN_POINT ( 'NONE',  ( 1.328911819215087275, -36.10707275914952419, 0.05373546537729449735 ) ) ;
#1485 = EDGE_LOOP ( 'NONE', ( #1634, #1175 ) ) ;
#1486 = CARTESIAN_POINT ( 'NONE',  ( 2.745250532592915071, 4.999999999999997335, 0.6478235921608880288 ) ) ;
#1487 = CARTESIAN_POINT ( 'NONE',  ( -0.4500000000000000111, 6.873983998693159236, -1.600000000000000089 ) ) ;
#1488 = CARTESIAN_POINT ( 'NONE',  ( 3.429011037612588783E-16, 5.000000000000000000, 2.799999999999999822 ) ) ;
#1489 = SURFACE_STYLE_USAGE ( .BOTH. , #1627 ) ;
#1490 = ORIENTED_EDGE ( 'NONE', *, *, #1387, .F. ) ;
#1491 = FILL_AREA_STYLE_COLOUR ( '', #456 ) ;
#1492 = VERTEX_POINT ( 'NONE', #1257 ) ;
#1493 = DIRECTION ( 'NONE',  ( 0.000000000000000000, 0.000000000000000000, -1.000000000000000000 ) ) ;
#1494 = EDGE_CURVE ( 'NONE', #769, #1171, #853, .T. ) ;
#1495 = DIRECTION ( 'NONE',  ( 0.000000000000000000, -1.000000000000000000, 0.000000000000000000 ) ) ;
#1496 = SURFACE_SIDE_STYLE ('',( #371 ) ) ;
#1497 = CARTESIAN_POINT ( 'NONE',  ( 1.125427530170377999, -36.38732703813472114, -0.4052636847999026570 ) ) ;
#1498 =( LENGTH_UNIT ( ) NAMED_UNIT ( * ) SI_UNIT ( .MILLI., .METRE. ) );
#1499 = MECHANICAL_DESIGN_GEOMETRIC_PRESENTATION_REPRESENTATION (  '', ( #1160 ), #1743 ) ;
#1500 = CARTESIAN_POINT ( 'NONE',  ( 1.613515632488956575, 4.999999999999996447, 2.313578007540631365 ) ) ;
#1501 = CARTESIAN_POINT ( 'NONE',  ( -2.551229825360860293, 6.031751631381590428, 1.200016152687620075 ) ) ;
#1502 = CARTESIAN_POINT ( 'NONE',  ( 1.329399974226049386, -36.84644761080278386, -0.05048634439083285463 ) ) ;
#1503 = FILL_AREA_STYLE_COLOUR ( '', #1041 ) ;
#1504 = ORIENTED_EDGE ( 'NONE', *, *, #810, .F. ) ;
#1505 = CARTESIAN_POINT ( 'NONE',  ( -1.241939404013713055, -36.38280659213300083, -0.2846741832658193916 ) ) ;
#1506 = EDGE_CURVE ( 'NONE', #221, #423, #564, .T. ) ;
#1507 = VERTEX_POINT ( 'NONE', #785 ) ;
#1508 = CARTESIAN_POINT ( 'NONE',  ( -5.400000000000000355, 7.926683928913840660, -1.600000000000000089 ) ) ;
#1509 = DIRECTION ( 'NONE',  ( 1.000000000000000000, 0.000000000000000000, 0.000000000000000000 ) ) ;
#1510 = VECTOR ( 'NONE', #1164, 1000.000000000000000 ) ;
#1511 =( NAMED_UNIT ( * ) SI_UNIT ( $, .STERADIAN. ) SOLID_ANGLE_UNIT ( ) );
#1512 = CARTESIAN_POINT ( 'NONE',  ( 0.000000000000000000, 15.71666154119999703, -2.799999999999999822 ) ) ;
#1513 = ADVANCED_FACE ( 'NONE', ( #229 ), #103, .F. ) ;
#1514 = CARTESIAN_POINT ( 'NONE',  ( -1.978195658886899855, 6.042796340826949830, 2.008868916500779811 ) ) ;
#1515 = VECTOR ( 'NONE', #803, 1000.000000000000000 ) ;
#1516 = CARTESIAN_POINT ( 'NONE',  ( -1.338087740827540006, -36.99232082496799734, -0.3987942161947249931 ) ) ;
#1517 = DIRECTION ( 'NONE',  ( 0.000000000000000000, 1.000000000000000000, 0.000000000000000000 ) ) ;
#1518 = CARTESIAN_POINT ( 'NONE',  ( -1.311518744521656288, -35.99784924260118402, 0.1411155752181531831 ) ) ;
#1519 = CARTESIAN_POINT ( 'NONE',  ( -1.155665570817821175, -36.98633592677547455, -0.3839994645013782848 ) ) ;
#1520 = AXIS2_PLACEMENT_3D ( 'NONE', #1798, #1495, #1509 ) ;
#1521 = CARTESIAN_POINT ( 'NONE',  ( -0.8317617328773340146, -35.86275689498973662, 0.4999999583583600304 ) ) ;
#1522 = CARTESIAN_POINT ( 'NONE',  ( 2.782874457086129460, 6.023530667685770723, 0.3092082730095709886 ) ) ;
#1523 = CARTESIAN_POINT ( 'NONE',  ( 1.317970456673722701, -36.01686248417204439, 0.1187213266654228438 ) ) ;
#1524 =( GEOMETRIC_REPRESENTATION_CONTEXT ( 3 ) GLOBAL_UNCERTAINTY_ASSIGNED_CONTEXT ( ( #288 ) ) GLOBAL_UNIT_ASSIGNED_CONTEXT ( ( #795, #961, #1794 ) ) REPRESENTATION_CONTEXT ( 'NONE', 'WORKASPACE' ) );
#1525 = CARTESIAN_POINT ( 'NONE',  ( -3.149999999999999911, 6.883887588086889942, -1.600000000000000089 ) ) ;
#1526 =( GEOMETRIC_REPRESENTATION_CONTEXT ( 3 ) GLOBAL_UNCERTAINTY_ASSIGNED_CONTEXT ( ( #1016 ) ) GLOBAL_UNIT_ASSIGNED_CONTEXT ( ( #671, #965, #250 ) ) REPRESENTATION_CONTEXT ( 'NONE', 'WORKASPACE' ) );
#1527 = FILL_AREA_STYLE ('',( #230 ) ) ;
#1528 = FILL_AREA_STYLE ('',( #656 ) ) ;
#1529 = CARTESIAN_POINT ( 'NONE',  ( -1.284257729059820941, -36.36400651309246967, -0.2098978456937516390 ) ) ;
#1530 = B_SPLINE_CURVE_WITH_KNOTS ( 'NONE', 3,
 ( #1808, #772, #1667, #382, #1799, #515, #372, #337, #1787, #493, #914, #504, #1822, #76, #534, #226, #361, #1475, #922, #650, #1352, #1329, #956, #1523, #947, #784, #1484, #1073, #236, #639, #198, #50, #1645, #801, #809, #1363, #1633, #92, #1212, #102, #1375, #1192, #629, #937, #209, #1340, #64, #672, #662, #1497, #1202, #217, #1233, #1543, #817, #708, #1712, #1705, #251, #402, #1251, #1277, #1674 ),
 .UNSPECIFIED., .F., .F.,
 ( 4, 2, 2, 2, 1, 1, 2, 2, 2, 2, 1, 2, 2, 2, 2, 1, 2, 2, 2, 2, 2, 2, 2, 1, 2, 2, 2, 2, 2, 2, 2, 2, 2, 4 ),
 ( 0.000000000000000000, 0.06252249724059176506, 0.09378374586088780718, 0.1094143701710359046, 0.1172296823261099463, 0.1211373384036458917, 0.1230911664424127611, 0.1250449944811796443, 0.1563062431014363429, 0.1719368674115647477, 0.1797521795666306710, 0.1836598356441655755, 0.1875674917217004800, 0.2188287403419889032, 0.2344593646521354602, 0.2422746768072087664, 0.2461823328847453918, 0.2500899889622820171, 0.2813512375825636957, 0.2969818618927066445, 0.3126124862028496487, 0.3438737348231357127, 0.3595043591332788280, 0.3673196712883503023, 0.3712273273658860395, 0.3751349834434218322, 0.4063962320637060643, 0.4220268563738482914, 0.4298421685289193772, 0.4376574806839905185, 0.4689187293042748061, 0.4845493536144170332, 0.4923646657694881190, 0.5001799779245592603 ),
 .UNSPECIFIED. ) ;
#1531 = UNCERTAINTY_MEASURE_WITH_UNIT (LENGTH_MEASURE( 1.000000000000000082E-05 ), #1140, 'distance_accuracy_value', 'NONE');
#1532 = CARTESIAN_POINT ( 'NONE',  ( -1.331587094850584352, -36.79860906556155697, -0.01300675430710195556 ) ) ;
#1533 = FILL_AREA_STYLE ('',( #849 ) ) ;
#1534 = EDGE_CURVE ( 'NONE', #1035, #1069, #528, .T. ) ;
#1535 = CARTESIAN_POINT ( 'NONE',  ( -3.600000000000000089, 6.887902840280719197, -1.600000000000000089 ) ) ;
#1536 = COLOUR_RGB ( '',0.2000000000000000111, 0.2000000000000000111, 0.2000000000000000111 ) ;
#1537 = DIRECTION ( 'NONE',  ( 0.000000000000000000, 0.000000000000000000, -1.000000000000000000 ) ) ;
#1538 = CARTESIAN_POINT ( 'NONE',  ( 1.339913814640109946, -35.89602899882279985, 0.1914317078354760004 ) ) ;
#1539 = CARTESIAN_POINT ( 'NONE',  ( -5.400000000000000355, 18.42026505734460073, -2.799999999999999822 ) ) ;
#1540 = ADVANCED_FACE ( 'NONE', ( #374 ), #970, .T. ) ;
#1541 = CARTESIAN_POINT ( 'NONE',  ( -1.121880240916157678, -36.46370045644232505, 0.4209989602321286273 ) ) ;
#1542 =( NAMED_UNIT ( * ) PLANE_ANGLE_UNIT ( ) SI_UNIT ( $, .RADIAN. ) );
#1543 = CARTESIAN_POINT ( 'NONE',  ( 1.055956981889718982, -36.38444278042436508, -0.4470634176409729044 ) ) ;
#1544 = CARTESIAN_POINT ( 'NONE',  ( 0.3526440341076393925, -35.98954339562639859, 0.1430242630800749870 ) ) ;
#1545 = CARTESIAN_POINT ( 'NONE',  ( -2.356195891666710285, 5.000000000000000000, -1.548274300185509933 ) ) ;
#1546 = FILL_AREA_STYLE_COLOUR ( '', #134 ) ;
#1547 = VERTEX_POINT ( 'NONE', #709 ) ;
#1548 = PRESENTATION_LAYER_ASSIGNMENT (  '', '', ( #498 ) ) ;
#1549 = CARTESIAN_POINT ( 'NONE',  ( 1.224217257963164940, -36.48870593967600939, 0.3098142760899871839 ) ) ;
#1550 = CARTESIAN_POINT ( 'NONE',  ( -0.9889054002222900097, -36.38052374425193136, -0.4838718905223337030 ) ) ;
#1551 = PRESENTATION_LAYER_ASSIGNMENT (  '', '', ( #501 ) ) ;
#1552 = CARTESIAN_POINT ( 'NONE',  ( -7.238927609009524263E-09, 5.000000000000000000, -2.799988242461411314 ) ) ;
#1553 = CARTESIAN_POINT ( 'NONE',  ( 2.782874457086129460, 5.000000000000000000, 0.3092082730095719878 ) ) ;
#1554 = CARTESIAN_POINT ( 'NONE',  ( -1.674678426968930101, 5.000000000000000000, -2.268097121987260323 ) ) ;
#1555 = LINE ( 'NONE', #687, #1572 ) ;
#1556 = VERTEX_POINT ( 'NONE', #1696 ) ;
#1557 = FACE_OUTER_BOUND ( 'NONE', #646, .T. ) ;
#1558 = CARTESIAN_POINT ( 'NONE',  ( -0.4594479247716439785, 5.000000000000000000, -2.781675752661519674 ) ) ;
#1559 = EDGE_CURVE ( 'NONE', #752, #199, #411, .T. ) ;
#1560 = CARTESIAN_POINT ( 'NONE',  ( 0.3526413459223711744, -35.98964546284268806, 0.1429908429831905359 ) ) ;
#1561 = CARTESIAN_POINT ( 'NONE',  ( 2.742221497604390379, 6.029371376587099540, -0.5658809575134480241 ) ) ;
#1562 = CARTESIAN_POINT ( 'NONE',  ( 2.675547318428169952, 6.029843212500169969, -0.8889795969791720598 ) ) ;
#1563 = PRESENTATION_LAYER_ASSIGNMENT (  '', '', ( #1137 ) ) ;
#1564 = AXIS2_PLACEMENT_3D ( 'NONE', #173, #1029, #751 ) ;
#1565 = DIRECTION ( 'NONE',  ( 1.000000000000000000, 0.000000000000000000, 0.000000000000000000 ) ) ;
#1566 = VECTOR ( 'NONE', #532, 1000.000000000000000 ) ;
#1567 = CARTESIAN_POINT ( 'NONE',  ( -0.8317617328773340146, -82.00000000000000000, -0.2999999999999999889 ) ) ;
#1568 = EDGE_CURVE ( 'NONE', #203, #1547, #132, .T. ) ;
#1569 = CARTESIAN_POINT ( 'NONE',  ( 0.3330082453384062835, -36.11539338317556513, 0.04778530069937672597 ) ) ;
#1570 = CARTESIAN_POINT ( 'NONE',  ( -2.782874457086129460, 5.000000000000000000, -0.3092082730095679910 ) ) ;
#1571 = ORIENTED_EDGE ( 'NONE', *, *, #791, .T. ) ;
#1572 = VECTOR ( 'NONE', #529, 1000.000000000000000 ) ;
#1573 = AXIS2_PLACEMENT_3D ( 'NONE', #1028, #1462, #472 ) ;
#1574 = CARTESIAN_POINT ( 'NONE',  ( 0.3254357249271309649, -35.86268816824710370, 0.5077465947751479414 ) ) ;
#1575 = CARTESIAN_POINT ( 'NONE',  ( 0.3931588929009848243, -35.92027237367318548, 0.2406123519452101622 ) ) ;
#1576 = CARTESIAN_POINT ( 'NONE',  ( 5.400000000000000355, 7.926683928913840660, -2.000000000000000000 ) ) ;
#1577 = DIRECTION ( 'NONE',  ( 0.000000000000000000, 0.000000000000000000, -1.000000000000000000 ) ) ;
#1578 = ORIENTED_EDGE ( 'NONE', *, *, #1228, .F. ) ;
#1579 = CARTESIAN_POINT ( 'NONE',  ( 0.3236096511145539756, -36.99232082496799734, -0.3987942161947289899 ) ) ;
#1580 = COLOUR_RGB ( '',0.7921568627450980005, 0.8196078431372548767, 0.9333333333333333481 ) ;
#1581 = CARTESIAN_POINT ( 'NONE',  ( 1.339913814640109946, -36.37577812356689577, -0.5100856463047860334 ) ) ;
#1582 = CARTESIAN_POINT ( 'NONE',  ( 0.6297488265878885549, -35.86491860524631647, 0.4632509335490158087 ) ) ;
#1583 = PLANE ( 'NONE',  #939 ) ;
#1584 = ORIENTED_EDGE ( 'NONE', *, *, #93, .F. ) ;
#1585 = CIRCLE ( 'NONE', #548, 0.2999999999999999334 ) ;
#1586 = EDGE_CURVE ( 'NONE', #1750, #415, #1770, .T. ) ;
#1587 =( NAMED_UNIT ( * ) SI_UNIT ( $, .STERADIAN. ) SOLID_ANGLE_UNIT ( ) );
#1588 = FILL_AREA_STYLE_COLOUR ( '', #711 ) ;
#1589 = CARTESIAN_POINT ( 'NONE',  ( -0.4354200830624641028, -36.48778155860975403, 0.3045222455018841146 ) ) ;
#1590 = EDGE_LOOP ( 'NONE', ( #780, #448, #182, #1063 ) ) ;
#1591 = CARTESIAN_POINT ( 'NONE',  ( 2.250000000000000000, 6.876182094400840050, -2.799999999999999822 ) ) ;
#1592 = UNCERTAINTY_MEASURE_WITH_UNIT (LENGTH_MEASURE( 1.000000000000000082E-05 ), #114, 'distance_accuracy_value', 'NONE');
#1593 = CARTESIAN_POINT ( 'NONE',  ( 1.978195658886899855, 5.000000000000000000, -2.008868916500779811 ) ) ;
#1594 = ORIENTED_EDGE ( 'NONE', *, *, #1641, .F. ) ;
#1595 = VECTOR ( 'NONE', #1394, 1000.000000000000000 ) ;
#1596 = CARTESIAN_POINT ( 'NONE',  ( 0.7528156190131066738, -36.97583763784165711, -0.4940712388391575449 ) ) ;
#1597 = CARTESIAN_POINT ( 'NONE',  ( 0.000000000000000000, -3.695500000000000007, 0.000000000000000000 ) ) ;
#1598 = CARTESIAN_POINT ( 'NONE',  ( -0.5456223407858622476, -36.98494141346887432, -0.4212105288492228317 ) ) ;
#1599 =( NAMED_UNIT ( * ) SI_UNIT ( $, .STERADIAN. ) SOLID_ANGLE_UNIT ( ) );
#1600 = EDGE_LOOP ( 'NONE', ( #1386, #1447, #778, #555 ) ) ;
#1601 = CARTESIAN_POINT ( 'NONE',  ( -0.7861416896103841090, 6.057962312035200192, -2.707543837572819800 ) ) ;
#1602 = CLOSED_SHELL ( 'NONE', ( #149, #868, #1169, #1354, #1252, #1701, #957 ) ) ;
#1603 = AXIS2_PLACEMENT_3D ( 'NONE', #1454, #1753, #1055 ) ;
#1604 = CARTESIAN_POINT ( 'NONE',  ( 1.320244625056788079, -36.62973241873912400, 0.1072678170060487046 ) ) ;
#1605 = ORIENTED_EDGE ( 'NONE', *, *, #814, .T. ) ;
#1606 =( NAMED_UNIT ( * ) PLANE_ANGLE_UNIT ( ) SI_UNIT ( $, .RADIAN. ) );
#1607 =( GEOMETRIC_REPRESENTATION_CONTEXT ( 3 ) GLOBAL_UNCERTAINTY_ASSIGNED_CONTEXT ( ( #1531 ) ) GLOBAL_UNIT_ASSIGNED_CONTEXT ( ( #1140, #978, #677 ) ) REPRESENTATION_CONTEXT ( 'NONE', 'WORKASPACE' ) );
#1608 = ADVANCED_FACE ( 'NONE', ( #452 ), #140, .F. ) ;
#1609 = ORIENTED_EDGE ( 'NONE', *, *, #1392, .F. ) ;
#1610 = PRESENTATION_LAYER_ASSIGNMENT (  '', '', ( #420 ) ) ;
#1611 = CARTESIAN_POINT ( 'NONE',  ( 0.5220572599060706587, -36.98499647025184345, -0.3929686969403843877 ) ) ;
#1612 = EDGE_CURVE ( 'NONE', #1013, #32, #1747, .T. ) ;
#1613 = EDGE_LOOP ( 'NONE', ( #284, #1149, #138, #1754 ) ) ;
#1614 = CARTESIAN_POINT ( 'NONE',  ( 0.9000000000000000222, 6.870431262333149824, -2.799999999999999822 ) ) ;
#1615 = DIRECTION ( 'NONE',  ( 0.000000000000000000, -1.000000000000000000, 0.000000000000000000 ) ) ;
#1616 = VERTEX_POINT ( 'NONE', #1291 ) ;
#1617 = DIRECTION ( 'NONE',  ( 0.000000000000000000, 1.000000000000000000, 0.000000000000000000 ) ) ;
#1618 = VERTEX_POINT ( 'NONE', #1018 ) ;
#1619 = AXIS2_PLACEMENT_3D ( 'NONE', #375, #1155, #1145 ) ;
#1620 = CARTESIAN_POINT ( 'NONE',  ( 0.3455530090808439092, -36.61415189969288519, 0.1187213266650052473 ) ) ;
#1621 = FACE_OUTER_BOUND ( 'NONE', #70, .T. ) ;
#1622 = CARTESIAN_POINT ( 'NONE',  ( -0.4390624227041357019, -36.98342692161367040, -0.3092567904978811288 ) ) ;
#1623 = CARTESIAN_POINT ( 'NONE',  ( 1.959435591882074603E-16, 4.000000000000000000, -1.600000582409809802 ) ) ;
#1624 = ORIENTED_EDGE ( 'NONE', *, *, #1586, .F. ) ;
#1625 = CARTESIAN_POINT ( 'NONE',  ( -2.782891806909339572, 5.000000000000000000, -0.3092101995423849892 ) ) ;
#1626 = SURFACE_SIDE_STYLE ('',( #1468 ) ) ;
#1627 = SURFACE_SIDE_STYLE ('',( #1056 ) ) ;
#1628 = EDGE_LOOP ( 'NONE', ( #932, #467, #180, #346 ) ) ;
#1629 =( NAMED_UNIT ( * ) PLANE_ANGLE_UNIT ( ) SI_UNIT ( $, .RADIAN. ) );
#1630 = ORIENTED_EDGE ( 'NONE', *, *, #98, .F. ) ;
#1631 =( GEOMETRIC_REPRESENTATION_CONTEXT ( 3 ) GLOBAL_UNCERTAINTY_ASSIGNED_CONTEXT ( ( #1816 ) ) GLOBAL_UNIT_ASSIGNED_CONTEXT ( ( #505, #1074, #1646 ) ) REPRESENTATION_CONTEXT ( 'NONE', 'WORKASPACE' ) );
#1632 = CARTESIAN_POINT ( 'NONE',  ( 0.3503041318324252584, -36.59380516750884027, 0.1354864687537798429 ) ) ;
#1633 = CARTESIAN_POINT ( 'NONE',  ( 1.317862939019249557, -36.31586536433341195, -0.1177995313189015847 ) ) ;
#1634 = ORIENTED_EDGE ( 'NONE', *, *, #206, .F. ) ;
#1635 = DIRECTION ( 'NONE',  ( 0.000000000000000000, 1.000000000000000000, 0.000000000000000000 ) ) ;
#1636 = CARTESIAN_POINT ( 'NONE',  ( 1.800000000000000044, 6.877953250829319742, -1.600000000000000089 ) ) ;
#1637 = CARTESIAN_POINT ( 'NONE',  ( 1.331689004545371535, -36.77033736184521473, 0.009117929286290479482 ) ) ;
#1638 = FACE_OUTER_BOUND ( 'NONE', #1652, .T. ) ;
#1639 = ORIENTED_EDGE ( 'NONE', *, *, #480, .T. ) ;
#1640 = DIRECTION ( 'NONE',  ( 0.000000000000000000, -1.000000000000000000, 0.000000000000000000 ) ) ;
#1641 = EDGE_CURVE ( 'NONE', #864, #925, #287, .T. ) ;
#1642 = ORIENTED_EDGE ( 'NONE', *, *, #1612, .T. ) ;
#1643 = CYLINDRICAL_SURFACE ( 'NONE', #673, 0.5000000000000000000 ) ;
#1644 = CARTESIAN_POINT ( 'NONE',  ( 0.3387395023467656419, -36.88422723536333336, -0.08410146567995886724 ) ) ;
#1645 = CARTESIAN_POINT ( 'NONE',  ( 1.331131621230596362, -36.23444852200112365, -0.03523232111127426458 ) ) ;
#1646 =( NAMED_UNIT ( * ) SI_UNIT ( $, .STERADIAN. ) SOLID_ANGLE_UNIT ( ) );
#1647 = DIRECTION ( 'NONE',  ( 1.000000000000000000, 0.000000000000000000, 0.000000000000000000 ) ) ;
#1648 = CARTESIAN_POINT ( 'NONE',  ( 0.4594479247716429793, 5.000000000000000000, 2.781675752661519674 ) ) ;
#1649 = CARTESIAN_POINT ( 'NONE',  ( 1.331765047655854461, -36.77957153977224181, 0.002664357785545602968 ) ) ;
#1650 = CARTESIAN_POINT ( 'NONE',  ( -1.339913814640109946, -36.39503140944799497, -0.3987942161947429787 ) ) ;
#1651 = CARTESIAN_POINT ( 'NONE',  ( -1.120137284843128356, -35.86637131955626501, 0.4214658523123399059 ) ) ;
#1652 = EDGE_LOOP ( 'NONE', ( #481, #820, #1795, #885 ) ) ;
#1653 = ADVANCED_FACE ( 'NONE', ( #620 ), #325, .T. ) ;
#1654 = CARTESIAN_POINT ( 'NONE',  ( -1.329742802747855057, -36.83262328117307050, -0.04136721062075576771 ) ) ;
#1655 = CARTESIAN_POINT ( 'NONE',  ( -0.3679726743842723358, -35.95496507411793630, 0.1852956488360707754 ) ) ;
#1656 = CARTESIAN_POINT ( 'NONE',  ( 0.8317617328773340146, -82.00000000000000000, 0.2999999999999999889 ) ) ;
#1657 = CIRCLE ( 'NONE', #839, 3.200000000000000178 ) ;
#1658 = DIRECTION ( 'NONE',  ( -4.965615807881580679E-16, 1.000000000000000000, 0.000000000000000000 ) ) ;
#1659 = CIRCLE ( 'NONE', #842, 3.200000000000000178 ) ;
#1660 = CARTESIAN_POINT ( 'NONE',  ( 1.228812240757146901, -36.49070578237346751, 0.3039631012589434356 ) ) ;
#1661 = CARTESIAN_POINT ( 'NONE',  ( -0.3254357249271340180, -36.39503140944799497, -0.3987942161947429787 ) ) ;
#1662 = DIRECTION ( 'NONE',  ( 0.000000000000000000, 0.000000000000000000, -1.000000000000000000 ) ) ;
#1663 = CARTESIAN_POINT ( 'NONE',  ( 3.200000000000000178, 15.71666154119999703, -2.799999999999999822 ) ) ;
#1664 = DIRECTION ( 'NONE',  ( 0.000000000000000000, 0.000000000000000000, -1.000000000000000000 ) ) ;
#1665 = AXIS2_PLACEMENT_3D ( 'NONE', #137, #1133, #1731 ) ;
#1666 = CARTESIAN_POINT ( 'NONE',  ( 2.782897636354030091, 5.000000000000000000, 0.3092108496596140399 ) ) ;
#1667 = CARTESIAN_POINT ( 'NONE',  ( 1.032751928771411309, -35.86491229000667147, 0.4636414172458255822 ) ) ;
#1668 = CARTESIAN_POINT ( 'NONE',  ( -4.950000000000000178, 6.897946502589940465, -1.600000000000000089 ) ) ;
#1669 = AXIS2_PLACEMENT_3D ( 'NONE', #312, #1449, #150 ) ;
#1670 = CYLINDRICAL_SURFACE ( 'NONE', #858, 0.2999999999999999889 ) ;
#1671 = DIRECTION ( 'NONE',  ( 0.000000000000000000, 1.000000000000000000, 0.000000000000000000 ) ) ;
#1672 = EDGE_CURVE ( 'NONE', #499, #1047, #1148, .T. ) ;
#1673 = LINE ( 'NONE', #379, #1166 ) ;
#1674 = CARTESIAN_POINT ( 'NONE',  ( 0.8317617348776996655, -36.37747090255911075, -0.5000003636834368104 ) ) ;
#1675 = COLOUR_RGB ( '',0.8000000000000000444, 0.000000000000000000, 0.000000000000000000 ) ;
#1676 = EDGE_CURVE ( 'NONE', #1556, #170, #560, .T. ) ;
#1677 = CARTESIAN_POINT ( 'NONE',  ( -0.9000000000000000222, 6.874586193607870044, -1.600000000000000089 ) ) ;
#1678 = LINE ( 'NONE', #664, #280 ) ;
#1679 = AXIS2_PLACEMENT_3D ( 'NONE', #101, #800, #63 ) ;
#1680 = CARTESIAN_POINT ( 'NONE',  ( -0.8317617328773340146, -76.00000000000000000, -0.2999999999999999889 ) ) ;
#1681 = CARTESIAN_POINT ( 'NONE',  ( 0.3254357249271309649, -36.39793669559159639, -0.1829194345889069984 ) ) ;
#1682 = FACE_OUTER_BOUND ( 'NONE', #205, .T. ) ;
#1683 = CARTESIAN_POINT ( 'NONE',  ( -1.212841026898928254, -36.98477205957519942, -0.3238108792982870576 ) ) ;
#1684 = CIRCLE ( 'NONE', #867, 3.200000000000000178 ) ;
#1685 = DIRECTION ( 'NONE',  ( 1.000000000000000000, 0.000000000000000000, 0.000000000000000000 ) ) ;
#1686 = CARTESIAN_POINT ( 'NONE',  ( 0.5535521476009994668, -36.38088874539452178, -0.4170738748984781363 ) ) ;
#1687 = CARTESIAN_POINT ( 'NONE',  ( -2.677744347856795049, 4.999999999999997335, 0.8783329386914299208 ) ) ;
#1688 = AXIS2_PLACEMENT_3D ( 'NONE', #107, #263, #1393 ) ;
#1689 = LINE ( 'NONE', #255, #949 ) ;
#1690 = ORIENTED_EDGE ( 'NONE', *, *, #1757, .T. ) ;
#1691 = CARTESIAN_POINT ( 'NONE',  ( -0.3236096511145529764, -36.45997758376709186, 0.5077465947751479414 ) ) ;
#1692 = FILL_AREA_STYLE ('',( #1256 ) ) ;
#1693 = CYLINDRICAL_SURFACE ( 'NONE', #413, 0.5000000000000000000 ) ;
#1694 = SURFACE_SIDE_STYLE ('',( #838 ) ) ;
#1695 = CYLINDRICAL_SURFACE ( 'NONE', #1017, 1.600000582409809802 ) ;
#1696 = CARTESIAN_POINT ( 'NONE',  ( 2.782897636354030091, 5.000000000000000000, 0.3092108496596140399 ) ) ;
#1697 = CARTESIAN_POINT ( 'NONE',  ( -4.950000000000000178, 7.926683928913840660, -2.799999999999999822 ) ) ;
#1698 = ORIENTED_EDGE ( 'NONE', *, *, #39, .T. ) ;
#1699 = CARTESIAN_POINT ( 'NONE',  ( 1.246975803622958789, -36.50028487588232196, 0.2787125704910738411 ) ) ;
#1700 = VECTOR ( 'NONE', #1182, 1000.000000000000000 ) ;
#1701 = ADVANCED_FACE ( 'NONE', ( #1308 ), #599, .T. ) ;
#1702 =( GEOMETRIC_REPRESENTATION_CONTEXT ( 3 ) GLOBAL_UNCERTAINTY_ASSIGNED_CONTEXT ( ( #1146 ) ) GLOBAL_UNIT_ASSIGNED_CONTEXT ( ( #1422, #435, #1003 ) ) REPRESENTATION_CONTEXT ( 'NONE', 'WORKASPACE' ) );
#1703 = UNCERTAINTY_MEASURE_WITH_UNIT (LENGTH_MEASURE( 1.000000000000000082E-05 ), #208, 'distance_accuracy_value', 'NONE');
#1704 = PRESENTATION_STYLE_ASSIGNMENT (( #570 ) ) ;
#1705 = CARTESIAN_POINT ( 'NONE',  ( 0.8935188704156845629, -36.37814501919786636, -0.4964372936429939931 ) ) ;
#1706 = CARTESIAN_POINT ( 'NONE',  ( 3.149999999999999911, 7.926683928913840660, -1.600000000000000089 ) ) ;
#1707 = CARTESIAN_POINT ( 'NONE',  ( -2.356195891666710285, 6.044604521023789978, -1.548274300185509933 ) ) ;
#1708 = EDGE_LOOP ( 'NONE', ( #44, #1053 ) ) ;
#1709 = CARTESIAN_POINT ( 'NONE',  ( 4.950000000000000178, 7.926683928913840660, -2.799999999999999822 ) ) ;
#1710 = B_SPLINE_CURVE_WITH_KNOTS ( 'NONE', 3,
 ( #1748, #1309, #185, #326, #1292, #1589, #592, #901, #862, #453, #157, #1283, #304, #1153, #737, #744, #1739, #12, #1761, #1463, #889, #1433, #1019, #1316, #880, #151, #1622, #1441, #1598, #43, #1450, #446 ),
 .UNSPECIFIED., .F., .F.,
 ( 4, 2, 2, 2, 2, 2, 2, 2, 2, 2, 2, 2, 2, 2, 2, 4 ),
 ( 2.220446049250313081E-16, 0.06252001067007002810, 0.1250400213401398342, 0.1406700240076566577, 0.1563000266751734535, 0.1875600320102070451, 0.2188200373452406644, 0.2344500400127574602, 0.2500800426802742282, 0.3126000533503486278, 0.3438600586853857721, 0.3594900613529044553, 0.3673050626866642410, 0.3751200640204239711, 0.4376400746904999806, 0.5001600853605759900 ),
 .UNSPECIFIED. ) ;
#1711 = EDGE_CURVE ( 'NONE', #892, #309, #1043, .T. ) ;
#1712 = CARTESIAN_POINT ( 'NONE',  ( 0.9107078467272529121, -36.37854822232093710, -0.4940712388414428280 ) ) ;
#1713 = CARTESIAN_POINT ( 'NONE',  ( 3.600000000000000089, 7.926683928913840660, -1.600000000000000089 ) ) ;
#1714 = DIRECTION ( 'NONE',  ( 1.000000000000000000, 0.000000000000000000, 0.000000000000000000 ) ) ;
#1715 = CYLINDRICAL_SURFACE ( 'NONE', #1235, 3.200000000000000178 ) ;
#1716 = ORIENTED_EDGE ( 'NONE', *, *, #145, .T. ) ;
#1717 = PRESENTATION_LAYER_ASSIGNMENT (  '', '', ( #244 ) ) ;
#1718 = STYLED_ITEM ( 'NONE', ( #484 ), #1169 ) ;
#1719 = B_SPLINE_CURVE_WITH_KNOTS ( 'NONE', 3,
 ( #859, #822, #407, #121, #451, #1424, #1390, #113, #728, #872, #1282, #1290, #11, #547, #1112, #471, #760, #1173, #1473, #1191, #1448, #1049, #1632, #1620, #1759, #33, #1315, #935, #1777, #324, #171, #912, #920, #461, #1644, #164, #1060, #1042, #311, #742, #1328, #42, #502, #1027, #887, #1181, #598, #749, #1611, #1482, #619, #1769, #1161, #49, #1072, #783, #1596, #207, #1338, #1307, #62, #347, #637 ),
 .UNSPECIFIED., .F., .F.,
 ( 4, 2, 2, 2, 1, 1, 2, 2, 2, 2, 1, 2, 2, 2, 2, 1, 2, 2, 2, 2, 2, 2, 2, 1, 2, 2, 2, 2, 2, 2, 2, 2, 2, 4 ),
 ( 0.000000000000000000, 0.06252249724060658653, 0.09378374586090973408, 0.1094143701710608430, 0.1172296823261364529, 0.1211373384036742717, 0.1230911664424444302, 0.1250449944812145886, 0.1563062431015360687, 0.1719368674116981133, 0.1797521795667791633, 0.1836598356443196745, 0.1875674917218602133, 0.2188287403421243227, 0.2344593646522587227, 0.2422746768073240631, 0.2461823328848567194, 0.2500899889623893757, 0.2813512375826583423, 0.2969818618927927978, 0.3126124862029273088, 0.3438737348231999391, 0.3595043591333362265, 0.3673196712884044257, 0.3712273273659384976, 0.3751349834434725694, 0.4063962320637431458, 0.4220268563738783230, 0.4298421685289459671, 0.4376574806840135556, 0.4689187293042837990, 0.4845493536144189206, 0.4923646657694865092, 0.5001799779245540423 ),
 .UNSPECIFIED. ) ;
#1720 = AXIS2_PLACEMENT_3D ( 'NONE', #1853, #419, #857 ) ;
#1721 = CARTESIAN_POINT ( 'NONE',  ( 2.675547318428169952, 5.000000000000000000, -0.8889795969791720598 ) ) ;
#1722 = CARTESIAN_POINT ( 'NONE',  ( 0.3455177070503636649, -36.02005011243116428, 0.1167865762236892646 ) ) ;
#1723 = CARTESIAN_POINT ( 'NONE',  ( -0.6379984721357345734, 4.999999999999998224, 2.744948358935338728 ) ) ;
#1724 = CARTESIAN_POINT ( 'NONE',  ( -0.8317617328773339036, -76.00000000000000000, -0.5000000000000000000 ) ) ;
#1725 = ORIENTED_EDGE ( 'NONE', *, *, #861, .F. ) ;
#1726 = CARTESIAN_POINT ( 'NONE',  ( 0.3236096511145539756, -36.77210808887750204, 0.01922501550876989929 ) ) ;
#1727 =( GEOMETRIC_REPRESENTATION_CONTEXT ( 3 ) GLOBAL_UNCERTAINTY_ASSIGNED_CONTEXT ( ( #540 ) ) GLOBAL_UNIT_ASSIGNED_CONTEXT ( ( #1498, #516, #1599 ) ) REPRESENTATION_CONTEXT ( 'NONE', 'WORKASPACE' ) );
#1728 = FACE_OUTER_BOUND ( 'NONE', #930, .T. ) ;
#1729 = CYLINDRICAL_SURFACE ( 'NONE', #1861, 0.5000000000000000000 ) ;
#1730 =( NAMED_UNIT ( * ) SI_UNIT ( $, .STERADIAN. ) SOLID_ANGLE_UNIT ( ) );
#1731 = DIRECTION ( 'NONE',  ( 0.000000000000000000, 0.000000000000000000, -1.000000000000000000 ) ) ;
#1732 = VERTEX_POINT ( 'NONE', #1050 ) ;
#1733 = B_SPLINE_SURFACE_WITH_KNOTS ( 'NONE', 3, 3, ( 
 ( #294, #8, #585, #590 ),
 ( #866, #1430, #732, #1287 ),
 ( #186, #82, #634, #354 ),
 ( #69, #1217, #1379, #105 ) ),
 .UNSPECIFIED., .F., .F., .F.,
 ( 4, 4 ),
 ( 4, 4 ),
 ( 0.000000000000000000, 1.000000000000000000 ),
 ( 0.000000000000000000, 1.000000000000000000 ),
 .UNSPECIFIED. ) ;
#1734 = ADVANCED_FACE ( 'NONE', ( #1621 ), #1729, .T. ) ;
#1735 = CARTESIAN_POINT ( 'NONE',  ( 2.742221497604390379, 5.000000000000000000, -0.5658809575134480241 ) ) ;
#1736 = UNCERTAINTY_MEASURE_WITH_UNIT (LENGTH_MEASURE( 1.000000000000000082E-05 ), #1793, 'distance_accuracy_value', 'NONE');
#1737 = CIRCLE ( 'NONE', #572, 3.200000000000000178 ) ;
#1738 = CARTESIAN_POINT ( 'NONE',  ( 0.3254357249271309649, -36.17481867335749968, 0.01922501550876939969 ) ) ;
#1739 = CARTESIAN_POINT ( 'NONE',  ( -0.3324120223727179968, -36.74017294181518167, 0.03105838125797729526 ) ) ;
#1740 = B_SPLINE_CURVE_WITH_KNOTS ( 'NONE', 3,
 ( #521, #531, #1087, #1651, #248, #691, #678, #377, #1218, #806, #549, #1518, #1796, #1399, #1371, #1380, #1113, #1239, #220, #1104, #1529, #1815, #1804, #1505, #1208, #97, #1359, #666, #510, #1550, #241, #1097 ),
 .UNSPECIFIED., .F., .F.,
 ( 4, 2, 2, 2, 2, 2, 2, 2, 2, 2, 2, 2, 2, 2, 2, 4 ),
 ( 0.000000000000000000, 0.06252001067008983171, 0.1250400213401796634, 0.1406700240077013442, 0.1563000266752230250, 0.1875600320102663032, 0.2188200373453095537, 0.2344500400128290696, 0.2500800426803485577, 0.3126000533504157963, 0.3438600586854478336, 0.3594900613529629640, 0.3673050626867199742, 0.3751200640204769843, 0.4376400746905303452, 0.5001600853605836505 ),
 .UNSPECIFIED. ) ;
#1741 = EDGE_LOOP ( 'NONE', ( #316, #1134, #942, #1079 ) ) ;
#1742 = FACE_OUTER_BOUND ( 'NONE', #343, .T. ) ;
#1743 =( GEOMETRIC_REPRESENTATION_CONTEXT ( 3 ) GLOBAL_UNCERTAINTY_ASSIGNED_CONTEXT ( ( #87 ) ) GLOBAL_UNIT_ASSIGNED_CONTEXT ( ( #490, #1629, #1036 ) ) REPRESENTATION_CONTEXT ( 'NONE', 'WORKASPACE' ) );
#1744 = ORIENTED_EDGE ( 'NONE', *, *, #307, .F. ) ;
#1745 = AXIS2_PLACEMENT_3D ( 'NONE', #124, #1259, #1276 ) ;
#1746 = CARTESIAN_POINT ( 'NONE',  ( -0.4946315932700774409, -36.38927237809367909, -0.3717606136092170832 ) ) ;
#1747 = LINE ( 'NONE', #888, #1033 ) ;
#1748 = CARTESIAN_POINT ( 'NONE',  ( -0.8317617328773326824, -36.46004631050973899, 0.4999999583583600304 ) ) ;
#1749 = CARTESIAN_POINT ( 'NONE',  ( -5.400000000000000355, 7.926683928913840660, -2.799999999999999822 ) ) ;
#1750 = VERTEX_POINT ( 'NONE', #661 ) ;
#1751 = CARTESIAN_POINT ( 'NONE',  ( -0.4500000000000000111, 6.868442792671909380, -2.799999999999999822 ) ) ;
#1752 = VECTOR ( 'NONE', #1577, 1000.000000000000000 ) ;
#1753 = DIRECTION ( 'NONE',  ( 0.000000000000000000, -1.000000000000000000, 0.000000000000000000 ) ) ;
#1754 = ORIENTED_EDGE ( 'NONE', *, *, #176, .F. ) ;
#1755 =( NAMED_UNIT ( * ) SI_UNIT ( $, .STERADIAN. ) SOLID_ANGLE_UNIT ( ) );
#1756 = ORIENTED_EDGE ( 'NONE', *, *, #543, .F. ) ;
#1757 = EDGE_CURVE ( 'NONE', #32, #915, #1151, .T. ) ;
#1758 = AXIS2_PLACEMENT_3D ( 'NONE', #1781, #1342, #1093 ) ;
#1759 = CARTESIAN_POINT ( 'NONE',  ( 0.3390923981371450902, -36.65837470255737429, 0.08602526217273248621 ) ) ;
#1760 = CARTESIAN_POINT ( 'NONE',  ( 2.742223533538259872, 5.000000000000000000, -0.5658813767252309779 ) ) ;
#1761 = CARTESIAN_POINT ( 'NONE',  ( -0.3391601595159161042, -36.89575889367019101, -0.09663966414529216731 ) ) ;
#1762 = ORIENTED_EDGE ( 'NONE', *, *, #706, .F. ) ;
#1763 = CARTESIAN_POINT ( 'NONE',  ( 0.5317353629267030923, 6.056252666580689947, -2.768766854095019880 ) ) ;
#1764 = AXIS2_PLACEMENT_3D ( 'NONE', #239, #1255, #1248 ) ;
#1765 = CARTESIAN_POINT ( 'NONE',  ( 0.8317617308769681417, -36.97476031807914154, -0.5000003636834329246 ) ) ;
#1766 = STYLED_ITEM ( 'NONE', ( #57 ), #675 ) ;
#1767 = ORIENTED_EDGE ( 'NONE', *, *, #1586, .T. ) ;
#1768 =( GEOMETRIC_REPRESENTATION_CONTEXT ( 3 ) GLOBAL_UNCERTAINTY_ASSIGNED_CONTEXT ( ( #9 ) ) GLOBAL_UNIT_ASSIGNED_CONTEXT ( ( #1827, #1542, #1116 ) ) REPRESENTATION_CONTEXT ( 'NONE', 'WORKASPACE' ) );
#1769 = CARTESIAN_POINT ( 'NONE',  ( 0.5751530583543007502, -36.98324466854474224, -0.4292910886144927773 ) ) ;
#1770 = LINE ( 'NONE', #34, #1205 ) ;
#1771 = FILL_AREA_STYLE_COLOUR ( '', #61 ) ;
#1772 = ORIENTED_EDGE ( 'NONE', *, *, #1392, .T. ) ;
#1773 = CARTESIAN_POINT ( 'NONE',  ( 7.238895727426405882E-09, 4.999999999999999112, 2.799988242461967758 ) ) ;
#1774 = CARTESIAN_POINT ( 'NONE',  ( 1.109971318153673447, -36.97817816091298937, -0.4170738748984746391 ) ) ;
#1775 = CARTESIAN_POINT ( 'NONE',  ( -1.339913814640109946, -35.86322556510999959, 0.3986675319881800017 ) ) ;
#1776 = ORIENTED_EDGE ( 'NONE', *, *, #734, .F. ) ;
#1777 = CARTESIAN_POINT ( 'NONE',  ( 0.3327687149652679977, -36.73632239502524044, 0.03194773276594604916 ) ) ;
#1778 = DIRECTION ( 'NONE',  ( 0.000000000000000000, 1.000000000000000000, 0.000000000000000000 ) ) ;
#1779 = SURFACE_SIDE_STYLE ('',( #739 ) ) ;
#1780 = ORIENTED_EDGE ( 'NONE', *, *, #782, .F. ) ;
#1781 = CARTESIAN_POINT ( 'NONE',  ( 0.8317617328773340146, -76.00000000000000000, 0.000000000000000000 ) ) ;
#1782 = CARTESIAN_POINT ( 'NONE',  ( 1.331161925715468097, -36.82335871595726218, -0.03014065072729688738 ) ) ;
#1783 = SURFACE_STYLE_FILL_AREA ( #181 ) ;
#1784 = EDGE_LOOP ( 'NONE', ( #37, #877, #611, #1297 ) ) ;
#1785 = CARTESIAN_POINT ( 'NONE',  ( -0.5791345759758900202, -36.38580436937586882, -0.4375383665295194402 ) ) ;
#1786 = PRESENTATION_STYLE_ASSIGNMENT (( #75 ) ) ;
#1787 = CARTESIAN_POINT ( 'NONE',  ( 1.206112109868852977, -35.88476813923115571, 0.3315175461247197308 ) ) ;
#1788 = MECHANICAL_DESIGN_GEOMETRIC_PRESENTATION_REPRESENTATION (  '', ( #501 ), #1423 ) ;
#1789 = LINE ( 'NONE', #330, #1203 ) ;
#1790 = AXIS2_PLACEMENT_3D ( 'NONE', #1383, #237, #1810 ) ;
#1791 = CARTESIAN_POINT ( 'NONE',  ( -1.800000000000000044, 6.877063812279059718, -1.600000000000000089 ) ) ;
#1792 = EDGE_CURVE ( 'NONE', #1171, #221, #1232, .T. ) ;
#1793 =( LENGTH_UNIT ( ) NAMED_UNIT ( * ) SI_UNIT ( .MILLI., .METRE. ) );
#1794 =( NAMED_UNIT ( * ) SI_UNIT ( $, .STERADIAN. ) SOLID_ANGLE_UNIT ( ) );
#1795 = ORIENTED_EDGE ( 'NONE', *, *, #176, .T. ) ;
#1796 = CARTESIAN_POINT ( 'NONE',  ( -1.318383759227621299, -36.02599730644750053, 0.1172334638732446532 ) ) ;
#1797 = CARTESIAN_POINT ( 'NONE',  ( -0.8317617328773340146, -76.00000000000000000, 0.000000000000000000 ) ) ;
#1798 = CARTESIAN_POINT ( 'NONE',  ( 0.000000000000000000, -4.000000000000000000, 0.000000000000000000 ) ) ;
#1799 = CARTESIAN_POINT ( 'NONE',  ( 1.151009047840604316, -35.87398576705961517, 0.3857599547313025345 ) ) ;
#1800 = CARTESIAN_POINT ( 'NONE',  ( 0.8317617328773340146, -76.00000000000000000, -0.2999999999999999889 ) ) ;
#1801 = CARTESIAN_POINT ( 'NONE',  ( -0.8317617328773340146, -76.00000000000000000, 0.5000000000000000000 ) ) ;
#1802 = CARTESIAN_POINT ( 'NONE',  ( 1.270364572854005170, -36.51756178919383444, 0.2406123519446238535 ) ) ;
#1803 = CARTESIAN_POINT ( 'NONE',  ( 0.000000000000000000, 5.000000000000000000, 0.000000000000000000 ) ) ;
#1804 = CARTESIAN_POINT ( 'NONE',  ( -1.254691559350620267, -36.37924741447409360, -0.2648791612498193060 ) ) ;
#1805 = CARTESIAN_POINT ( 'NONE',  ( 0.8317617330505643336, -36.46004631050973899, 0.4999999583583419893 ) ) ;
#1806 = CARTESIAN_POINT ( 'NONE',  ( -0.4234977533497550350, -35.89499849798129105, 0.2894121267013093357 ) ) ;
#1807 = PRESENTATION_STYLE_ASSIGNMENT (( #235 ) ) ;
#1808 = CARTESIAN_POINT ( 'NONE',  ( 0.8317617327041049169, -35.86275689498978636, 0.4999999583583419893 ) ) ;
#1809 = VECTOR ( 'NONE', #25, 1000.000000000000000 ) ;
#1810 = DIRECTION ( 'NONE',  ( 0.000000000000000000, 0.000000000000000000, 1.000000000000000000 ) ) ;
#1811 = COLOUR_RGB ( '',0.6980392156862744724, 0.6980392156862744724, 0.6980392156862744724 ) ;
#1812 = CARTESIAN_POINT ( 'NONE',  ( -2.551229825360860293, 5.000000000000000000, 1.200016152687620075 ) ) ;
#1813 = CARTESIAN_POINT ( 'NONE',  ( 1.310882119832336601, -36.58693487836281832, 0.1429908429830597238 ) ) ;
#1814 = PRESENTATION_STYLE_ASSIGNMENT (( #1489 ) ) ;
#1815 = CARTESIAN_POINT ( 'NONE',  ( -1.262558770833907884, -36.37616262262962152, -0.2513058767093427903 ) ) ;
#1816 = UNCERTAINTY_MEASURE_WITH_UNIT (LENGTH_MEASURE( 1.000000000000000082E-05 ), #505, 'distance_accuracy_value', 'NONE');
#1817 = CARTESIAN_POINT ( 'NONE',  ( -1.321599773915307141, -36.89140917875883474, -0.09790385423606909332 ) ) ;
#1818 = EDGE_CURVE ( 'NONE', #769, #423, #533, .T. ) ;
#1819 = CARTESIAN_POINT ( 'NONE',  ( -0.5416432248390953275, -35.86641104092231558, 0.4209989602321150270 ) ) ;
#1820 =( GEOMETRIC_REPRESENTATION_CONTEXT ( 3 ) GLOBAL_UNCERTAINTY_ASSIGNED_CONTEXT ( ( #1002 ) ) GLOBAL_UNIT_ASSIGNED_CONTEXT ( ( #297, #1859, #593 ) ) REPRESENTATION_CONTEXT ( 'NONE', 'WORKASPACE' ) );
#1821 = SURFACE_STYLE_FILL_AREA ( #445 ) ;
#1822 = CARTESIAN_POINT ( 'NONE',  ( 1.215135600595455001, -35.88779146705681455, 0.3209841231708914222 ) ) ;
#1823 = DIRECTION ( 'NONE',  ( -1.000000000000000000, -4.965615807881580679E-16, 0.000000000000000000 ) ) ;
#1824 = AXIS2_PLACEMENT_3D ( 'NONE', #1844, #557, #1083 ) ;
#1825 = CARTESIAN_POINT ( 'NONE',  ( 1.314815320165633628, -36.60224784610809934, 0.1291407025980721157 ) ) ;
#1826 = CARTESIAN_POINT ( 'NONE',  ( -4.336808689942019708E-16, 10.98073612405010024, -2.799999999999999822 ) ) ;
#1827 =( LENGTH_UNIT ( ) NAMED_UNIT ( * ) SI_UNIT ( .MILLI., .METRE. ) );
#1828 = PRESENTATION_STYLE_ASSIGNMENT (( #410 ) ) ;
#1829 = CARTESIAN_POINT ( 'NONE',  ( 2.250000000000000000, 6.880193176798210075, -1.600000000000000089 ) ) ;
#1830 = CARTESIAN_POINT ( 'NONE',  ( -2.228401121751539815, 4.999999999999997335, 1.725112165699905109 ) ) ;
#1831 = ORIENTED_EDGE ( 'NONE', *, *, #714, .F. ) ;
#1832 =( GEOMETRIC_REPRESENTATION_CONTEXT ( 3 ) GLOBAL_UNCERTAINTY_ASSIGNED_CONTEXT ( ( #1703 ) ) GLOBAL_UNIT_ASSIGNED_CONTEXT ( ( #208, #1339, #1511 ) ) REPRESENTATION_CONTEXT ( 'NONE', 'WORKASPACE' ) );
#1833 = CARTESIAN_POINT ( 'NONE',  ( -0.3236096511145529764, -36.77210808887750204, 0.01922501550877119686 ) ) ;
#1834 = UNCERTAINTY_MEASURE_WITH_UNIT (LENGTH_MEASURE( 1.000000000000000082E-05 ), #216, 'distance_accuracy_value', 'NONE');
#1835 = DIRECTION ( 'NONE',  ( 0.000000000000000000, 0.000000000000000000, -1.000000000000000000 ) ) ;
#1836 = FACE_BOUND ( 'NONE', #918, .T. ) ;
#1837 = CARTESIAN_POINT ( 'NONE',  ( 4.500000000000000000, 6.899109176949820288, -1.600000000000000089 ) ) ;
#1838 = CARTESIAN_POINT ( 'NONE',  ( 2.742221497604390379, 5.000000000000000000, -0.5658809575134480241 ) ) ;
#1839 =( GEOMETRIC_REPRESENTATION_CONTEXT ( 3 ) GLOBAL_UNCERTAINTY_ASSIGNED_CONTEXT ( ( #692 ) ) GLOBAL_UNIT_ASSIGNED_CONTEXT ( ( #991, #266, #1854 ) ) REPRESENTATION_CONTEXT ( 'NONE', 'WORKASPACE' ) );
#1840 = ORIENTED_EDGE ( 'NONE', *, *, #285, .F. ) ;
#1841 = ADVANCED_FACE ( 'NONE', ( #1474 ), #225, .F. ) ;
#1842 = CARTESIAN_POINT ( 'NONE',  ( -1.338087740827540006, -36.99522611111159875, -0.1829194345889020024 ) ) ;
#1843 =( NAMED_UNIT ( * ) PLANE_ANGLE_UNIT ( ) SI_UNIT ( $, .RADIAN. ) );
#1844 = CARTESIAN_POINT ( 'NONE',  ( 0.8317617328773340146, -82.00000000000000000, 0.000000000000000000 ) ) ;
#1845 = SURFACE_SIDE_STYLE ('',( #1243 ) ) ;
#1846 = EDGE_CURVE ( 'NONE', #1469, #192, #1737, .T. ) ;
#1847 = CARTESIAN_POINT ( 'NONE',  ( 0.4698322308202604325, -36.38408201874663916, -0.3454632153447315113 ) ) ;
#1848 = CARTESIAN_POINT ( 'NONE',  ( 5.400000000000000355, 7.926683928913840660, -2.399999999999999911 ) ) ;
#1849 = EDGE_LOOP ( 'NONE', ( #855, #1021 ) ) ;
#1850 = CARTESIAN_POINT ( 'NONE',  ( 1.338087740827540006, -36.97306753908689814, -0.5100856463047820366 ) ) ;
#1851 = EDGE_CURVE ( 'NONE', #1556, #305, #1373, .T. ) ;
#1852 = PRESENTATION_LAYER_ASSIGNMENT (  '', '', ( #384 ) ) ;
#1853 = CARTESIAN_POINT ( 'NONE',  ( -0.8317617328773340146, 4.000000000000000000, 0.000000000000000000 ) ) ;
#1854 =( NAMED_UNIT ( * ) SI_UNIT ( $, .STERADIAN. ) SOLID_ANGLE_UNIT ( ) );
#1855 = AXIS2_PLACEMENT_3D ( 'NONE', #546, #1537, #406 ) ;
#1856 = CARTESIAN_POINT ( 'NONE',  ( 0.4165476621319570416, -35.90299546036187195, 0.2787125704914408253 ) ) ;
#1857 = AXIS2_PLACEMENT_3D ( 'NONE', #1478, #1517, #929 ) ;
#1858 = CARTESIAN_POINT ( 'NONE',  ( -5.400000000000000355, 18.42026505734460073, -1.600000000000000089 ) ) ;
#1859 =( NAMED_UNIT ( * ) PLANE_ANGLE_UNIT ( ) SI_UNIT ( $, .RADIAN. ) );
#1860 = ORIENTED_EDGE ( 'NONE', *, *, #1011, .T. ) ;
#1861 = AXIS2_PLACEMENT_3D ( 'NONE', #90, #197, #946 ) ;
#1862 = DIRECTION ( 'NONE',  ( 0.000000000000000000, 0.000000000000000000, 1.000000000000000000 ) ) ;
#1863 = CARTESIAN_POINT ( 'NONE',  ( 2.742221497604390379, 6.029371376587099540, -0.5658809575134480241 ) ) ;
ENDSEC;
END-ISO-10303-21;
