ISO-10303-21;
HEADER;
FILE_DESCRIPTION(('FreeCAD Model'),'2;1');
FILE_NAME('Open CASCADE Shape Model','2026-08-29T23:18:25',(''),(''),
  'Open CASCADE STEP processor 7.8','FreeCAD','Unknown');
FILE_SCHEMA(('AUTOMOTIVE_DESIGN { 1 0 10303 214 1 1 1 1 }'));
ENDSEC;
DATA;
#1 = APPLICATION_PROTOCOL_DEFINITION('international standard',
  'automotive_design',2000,#2);
#2 = APPLICATION_CONTEXT(
  'core data for automotive mechanical design processes');
#3 = SHAPE_DEFINITION_REPRESENTATION(#4,#10);
#4 = PRODUCT_DEFINITION_SHAPE('','',#5);
#5 = PRODUCT_DEFINITION('design','',#6,#9);
#6 = PRODUCT_DEFINITION_FORMATION('','',#7);
#7 = PRODUCT('HW-C2-FR-BSP-A','HW-C2-FR-BSP-A','',(#8));
#8 = PRODUCT_CONTEXT('',#2,'mechanical');
#9 = PRODUCT_DEFINITION_CONTEXT('part definition',#2,'design');
#10 = ADVANCED_BREP_SHAPE_REPRESENTATION('',(#11,#15),#4393);
#11 = AXIS2_PLACEMENT_3D('',#12,#13,#14);
#12 = CARTESIAN_POINT('',(0.,0.,0.));
#13 = DIRECTION('',(0.,0.,1.));
#14 = DIRECTION('',(1.,0.,-0.));
#15 = MANIFOLD_SOLID_BREP('',#16);
#16 = CLOSED_SHELL('',(#17,#59,#356,#519,#559,#599,#623,#647,#671,#695,
    #719,#743,#767,#791,#808,#833,#858,#883,#908,#940,#964,#989,#1013,
    #1038,#1062,#1087,#1104,#1129,#1154,#1179,#1204,#1229,#1254,#1279,
    #1304,#1337,#1370,#1403,#1428,#1453,#1478,#1503,#1528,#1553,#1578,
    #1603,#1628,#1653,#1678,#1703,#1776,#1801,#1826,#2000,#2032,#2329,
    #2369,#2395,#2569,#2587,#2650,#2667,#2684,#2715,#2739,#2763,#2787,
    #2811,#2828,#2859,#2883,#2907,#2931,#2955,#2972,#3003,#3027,#3051,
    #3075,#3099,#3116,#3140,#3164,#3188,#3212,#3236,#3260,#3284,#3308,
    #3325,#3350,#3382,#3406,#3431,#3455,#3480,#3504,#3529,#3546,#3571,
    #3596,#3621,#3646,#3671,#3696,#3721,#3746,#3771,#3796,#3821,#3889,
    #3920,#3944,#3968,#3992,#4016,#4033,#4064,#4088,#4112,#4136,#4160,
    #4177,#4208,#4232,#4256,#4280,#4304,#4321,#4357));
#17 = ADVANCED_FACE('',(#18),#54,.T.);
#18 = FACE_BOUND('',#19,.T.);
#19 = EDGE_LOOP('',(#20,#30,#39,#47));
#20 = ORIENTED_EDGE('',*,*,#21,.T.);
#21 = EDGE_CURVE('',#22,#24,#26,.T.);
#22 = VERTEX_POINT('',#23);
#23 = CARTESIAN_POINT('',(-5.,-42.,2.999999));
#24 = VERTEX_POINT('',#25);
#25 = CARTESIAN_POINT('',(-5.,465.,2.999999));
#26 = LINE('',#27,#28);
#27 = CARTESIAN_POINT('',(-5.,-42.,2.999999));
#28 = VECTOR('',#29,1.);
#29 = DIRECTION('',(0.,1.,-2.2E-16));
#30 = ORIENTED_EDGE('',*,*,#31,.T.);
#31 = EDGE_CURVE('',#24,#32,#34,.T.);
#32 = VERTEX_POINT('',#33);
#33 = CARTESIAN_POINT('',(-2.,465.,-5.1E-14));
#34 = CIRCLE('',#35,3.);
#35 = AXIS2_PLACEMENT_3D('',#36,#37,#38);
#36 = CARTESIAN_POINT('',(-2.,465.,3.));
#37 = DIRECTION('',(0.,-1.,0.));
#38 = DIRECTION('',(1.,0.,0.));
#39 = ORIENTED_EDGE('',*,*,#40,.F.);
#40 = EDGE_CURVE('',#41,#32,#43,.T.);
#41 = VERTEX_POINT('',#42);
#42 = CARTESIAN_POINT('',(-2.,-42.00000040018,-2.09618836E-07));
#43 = LINE('',#44,#45);
#44 = CARTESIAN_POINT('',(-2.,-42.,9.77E-15));
#45 = VECTOR('',#46,1.);
#46 = DIRECTION('',(0.,1.,-2.2E-16));
#47 = ORIENTED_EDGE('',*,*,#48,.F.);
#48 = EDGE_CURVE('',#22,#41,#49,.T.);
#49 = CIRCLE('',#50,3.);
#50 = AXIS2_PLACEMENT_3D('',#51,#52,#53);
#51 = CARTESIAN_POINT('',(-2.,-42.,3.));
#52 = DIRECTION('',(0.,-1.,0.));
#53 = DIRECTION('',(1.,0.,0.));
#54 = CYLINDRICAL_SURFACE('',#55,3.);
#55 = AXIS2_PLACEMENT_3D('',#56,#57,#58);
#56 = CARTESIAN_POINT('',(-2.,-42.,3.));
#57 = DIRECTION('',(0.,-1.,2.2E-16));
#58 = DIRECTION('',(1.,0.,0.));
#59 = ADVANCED_FACE('',(#60,#149,#160,#171,#182,#193,#263,#274,#285,#296
    ,#307,#318,#329,#340),#351,.T.);
#60 = FACE_BOUND('',#61,.T.);
#61 = EDGE_LOOP('',(#62,#63,#71,#79,#87,#95,#103,#111,#119,#127,#135,
    #143));
#62 = ORIENTED_EDGE('',*,*,#21,.F.);
#63 = ORIENTED_EDGE('',*,*,#64,.T.);
#64 = EDGE_CURVE('',#22,#65,#67,.T.);
#65 = VERTEX_POINT('',#66);
#66 = CARTESIAN_POINT('',(-5.,-42.,145.));
#67 = LINE('',#68,#69);
#68 = CARTESIAN_POINT('',(-5.,-42.,4.999998));
#69 = VECTOR('',#70,1.);
#70 = DIRECTION('',(0.,2.2E-16,1.));
#71 = ORIENTED_EDGE('',*,*,#72,.T.);
#72 = EDGE_CURVE('',#65,#73,#75,.T.);
#73 = VERTEX_POINT('',#74);
#74 = CARTESIAN_POINT('',(-5.,20.,145.));
#75 = LINE('',#76,#77);
#76 = CARTESIAN_POINT('',(-5.,-42.,145.));
#77 = VECTOR('',#78,1.);
#78 = DIRECTION('',(0.,1.,0.));
#79 = ORIENTED_EDGE('',*,*,#80,.T.);
#80 = EDGE_CURVE('',#73,#81,#83,.T.);
#81 = VERTEX_POINT('',#82);
#82 = CARTESIAN_POINT('',(-5.,20.,67.));
#83 = LINE('',#84,#85);
#84 = CARTESIAN_POINT('',(-5.,20.,145.));
#85 = VECTOR('',#86,1.);
#86 = DIRECTION('',(0.,0.,-1.));
#87 = ORIENTED_EDGE('',*,*,#88,.T.);
#88 = EDGE_CURVE('',#81,#89,#91,.T.);
#89 = VERTEX_POINT('',#90);
#90 = CARTESIAN_POINT('',(-5.,47.,40.));
#91 = LINE('',#92,#93);
#92 = CARTESIAN_POINT('',(-5.,20.,67.));
#93 = VECTOR('',#94,1.);
#94 = DIRECTION('',(0.,0.707106781187,-0.707106781187));
#95 = ORIENTED_EDGE('',*,*,#96,.T.);
#96 = EDGE_CURVE('',#89,#97,#99,.T.);
#97 = VERTEX_POINT('',#98);
#98 = CARTESIAN_POINT('',(-5.,250.,40.));
#99 = LINE('',#100,#101);
#100 = CARTESIAN_POINT('',(-5.,-42.,40.));
#101 = VECTOR('',#102,1.);
#102 = DIRECTION('',(0.,1.,-2.2E-16));
#103 = ORIENTED_EDGE('',*,*,#104,.F.);
#104 = EDGE_CURVE('',#105,#97,#107,.T.);
#105 = VERTEX_POINT('',#106);
#106 = CARTESIAN_POINT('',(-5.,305.,95.));
#107 = LINE('',#108,#109);
#108 = CARTESIAN_POINT('',(-5.,305.,95.));
#109 = VECTOR('',#110,1.);
#110 = DIRECTION('',(0.,-0.707106781187,-0.707106781187));
#111 = ORIENTED_EDGE('',*,*,#112,.F.);
#112 = EDGE_CURVE('',#113,#105,#115,.T.);
#113 = VERTEX_POINT('',#114);
#114 = CARTESIAN_POINT('',(-5.,383.,95.));
#115 = LINE('',#116,#117);
#116 = CARTESIAN_POINT('',(-5.,383.,95.));
#117 = VECTOR('',#118,1.);
#118 = DIRECTION('',(0.,-1.,0.));
#119 = ORIENTED_EDGE('',*,*,#120,.F.);
#120 = EDGE_CURVE('',#121,#113,#123,.T.);
#121 = VERTEX_POINT('',#122);
#122 = CARTESIAN_POINT('',(-5.,403.,115.));
#123 = LINE('',#124,#125);
#124 = CARTESIAN_POINT('',(-5.,403.,115.));
#125 = VECTOR('',#126,1.);
#126 = DIRECTION('',(0.,-0.707106781187,-0.707106781187));
#127 = ORIENTED_EDGE('',*,*,#128,.F.);
#128 = EDGE_CURVE('',#129,#121,#131,.T.);
#129 = VERTEX_POINT('',#130);
#130 = CARTESIAN_POINT('',(-5.,403.,145.));
#131 = LINE('',#132,#133);
#132 = CARTESIAN_POINT('',(-5.,403.,145.));
#133 = VECTOR('',#134,1.);
#134 = DIRECTION('',(0.,0.,-1.));
#135 = ORIENTED_EDGE('',*,*,#136,.F.);
#136 = EDGE_CURVE('',#137,#129,#139,.T.);
#137 = VERTEX_POINT('',#138);
#138 = CARTESIAN_POINT('',(-5.,465.,145.));
#139 = LINE('',#140,#141);
#140 = CARTESIAN_POINT('',(-5.,465.,145.));
#141 = VECTOR('',#142,1.);
#142 = DIRECTION('',(0.,-1.,0.));
#143 = ORIENTED_EDGE('',*,*,#144,.F.);
#144 = EDGE_CURVE('',#24,#137,#145,.T.);
#145 = LINE('',#146,#147);
#146 = CARTESIAN_POINT('',(-5.,465.,70.));
#147 = VECTOR('',#148,1.);
#148 = DIRECTION('',(0.,0.,1.));
#149 = FACE_BOUND('',#150,.T.);
#150 = EDGE_LOOP('',(#151));
#151 = ORIENTED_EDGE('',*,*,#152,.T.);
#152 = EDGE_CURVE('',#153,#153,#155,.T.);
#153 = VERTEX_POINT('',#154);
#154 = CARTESIAN_POINT('',(-5.,453.5,120.));
#155 = CIRCLE('',#156,5.5);
#156 = AXIS2_PLACEMENT_3D('',#157,#158,#159);
#157 = CARTESIAN_POINT('',(-5.,448.,120.));
#158 = DIRECTION('',(1.,0.,0.));
#159 = DIRECTION('',(0.,1.,0.));
#160 = FACE_BOUND('',#161,.T.);
#161 = EDGE_LOOP('',(#162));
#162 = ORIENTED_EDGE('',*,*,#163,.T.);
#163 = EDGE_CURVE('',#164,#164,#166,.T.);
#164 = VERTEX_POINT('',#165);
#165 = CARTESIAN_POINT('',(-5.,423.5,120.));
#166 = CIRCLE('',#167,5.5);
#167 = AXIS2_PLACEMENT_3D('',#168,#169,#170);
#168 = CARTESIAN_POINT('',(-5.,418.,120.));
#169 = DIRECTION('',(1.,0.,0.));
#170 = DIRECTION('',(0.,1.,0.));
#171 = FACE_BOUND('',#172,.T.);
#172 = EDGE_LOOP('',(#173));
#173 = ORIENTED_EDGE('',*,*,#174,.T.);
#174 = EDGE_CURVE('',#175,#175,#177,.T.);
#175 = VERTEX_POINT('',#176);
#176 = CARTESIAN_POINT('',(-5.,453.5,70.));
#177 = CIRCLE('',#178,5.5);
#178 = AXIS2_PLACEMENT_3D('',#179,#180,#181);
#179 = CARTESIAN_POINT('',(-5.,448.,70.));
#180 = DIRECTION('',(1.,0.,0.));
#181 = DIRECTION('',(0.,1.,0.));
#182 = FACE_BOUND('',#183,.T.);
#183 = EDGE_LOOP('',(#184));
#184 = ORIENTED_EDGE('',*,*,#185,.T.);
#185 = EDGE_CURVE('',#186,#186,#188,.T.);
#186 = VERTEX_POINT('',#187);
#187 = CARTESIAN_POINT('',(-5.,423.5,70.));
#188 = CIRCLE('',#189,5.5);
#189 = AXIS2_PLACEMENT_3D('',#190,#191,#192);
#190 = CARTESIAN_POINT('',(-5.,418.,70.));
#191 = DIRECTION('',(1.,0.,0.));
#192 = DIRECTION('',(0.,1.,0.));
#193 = FACE_BOUND('',#194,.T.);
#194 = EDGE_LOOP('',(#195,#206,#214,#223,#231,#240,#248,#257));
#195 = ORIENTED_EDGE('',*,*,#196,.T.);
#196 = EDGE_CURVE('',#197,#199,#201,.T.);
#197 = VERTEX_POINT('',#198);
#198 = CARTESIAN_POINT('',(-5.,399.,17.999997960769));
#199 = VERTEX_POINT('',#200);
#200 = CARTESIAN_POINT('',(-5.,402.,20.999997960769));
#201 = CIRCLE('',#202,3.);
#202 = AXIS2_PLACEMENT_3D('',#203,#204,#205);
#203 = CARTESIAN_POINT('',(-5.,399.,20.999997960769));
#204 = DIRECTION('',(1.,0.,0.));
#205 = DIRECTION('',(0.,1.,0.));
#206 = ORIENTED_EDGE('',*,*,#207,.T.);
#207 = EDGE_CURVE('',#199,#208,#210,.T.);
#208 = VERTEX_POINT('',#209);
#209 = CARTESIAN_POINT('',(-5.,402.,71.999996960769));
#210 = LINE('',#211,#212);
#211 = CARTESIAN_POINT('',(-5.,402.,20.999997960769));
#212 = VECTOR('',#213,1.);
#213 = DIRECTION('',(0.,0.,1.));
#214 = ORIENTED_EDGE('',*,*,#215,.T.);
#215 = EDGE_CURVE('',#208,#216,#218,.T.);
#216 = VERTEX_POINT('',#217);
#217 = CARTESIAN_POINT('',(-5.,399.,74.999996960769));
#218 = CIRCLE('',#219,3.);
#219 = AXIS2_PLACEMENT_3D('',#220,#221,#222);
#220 = CARTESIAN_POINT('',(-5.,399.,71.999996960769));
#221 = DIRECTION('',(1.,0.,0.));
#222 = DIRECTION('',(0.,1.,0.));
#223 = ORIENTED_EDGE('',*,*,#224,.T.);
#224 = EDGE_CURVE('',#216,#225,#227,.T.);
#225 = VERTEX_POINT('',#226);
#226 = CARTESIAN_POINT('',(-5.,329.00000098038,74.999996960769));
#227 = LINE('',#228,#229);
#228 = CARTESIAN_POINT('',(-5.,399.,74.999996960769));
#229 = VECTOR('',#230,1.);
#230 = DIRECTION('',(0.,-1.,0.));
#231 = ORIENTED_EDGE('',*,*,#232,.T.);
#232 = EDGE_CURVE('',#225,#233,#235,.T.);
#233 = VERTEX_POINT('',#234);
#234 = CARTESIAN_POINT('',(-5.,326.00000098038,71.999996960769));
#235 = CIRCLE('',#236,3.);
#236 = AXIS2_PLACEMENT_3D('',#237,#238,#239);
#237 = CARTESIAN_POINT('',(-5.,329.00000098038,71.999996960769));
#238 = DIRECTION('',(1.,0.,0.));
#239 = DIRECTION('',(0.,1.,0.));
#240 = ORIENTED_EDGE('',*,*,#241,.T.);
#241 = EDGE_CURVE('',#233,#242,#244,.T.);
#242 = VERTEX_POINT('',#243);
#243 = CARTESIAN_POINT('',(-5.,326.00000098038,20.999997960769));
#244 = LINE('',#245,#246);
#245 = CARTESIAN_POINT('',(-5.,326.00000098038,71.999996960769));
#246 = VECTOR('',#247,1.);
#247 = DIRECTION('',(0.,0.,-1.));
#248 = ORIENTED_EDGE('',*,*,#249,.T.);
#249 = EDGE_CURVE('',#242,#250,#252,.T.);
#250 = VERTEX_POINT('',#251);
#251 = CARTESIAN_POINT('',(-5.,329.00000098038,17.999997960769));
#252 = CIRCLE('',#253,3.);
#253 = AXIS2_PLACEMENT_3D('',#254,#255,#256);
#254 = CARTESIAN_POINT('',(-5.,329.00000098038,20.999997960769));
#255 = DIRECTION('',(1.,0.,0.));
#256 = DIRECTION('',(0.,1.,0.));
#257 = ORIENTED_EDGE('',*,*,#258,.T.);
#258 = EDGE_CURVE('',#250,#197,#259,.T.);
#259 = LINE('',#260,#261);
#260 = CARTESIAN_POINT('',(-5.,329.00000098038,17.999997960769));
#261 = VECTOR('',#262,1.);
#262 = DIRECTION('',(0.,1.,0.));
#263 = FACE_BOUND('',#264,.T.);
#264 = EDGE_LOOP('',(#265));
#265 = ORIENTED_EDGE('',*,*,#266,.F.);
#266 = EDGE_CURVE('',#267,#267,#269,.T.);
#267 = VERTEX_POINT('',#268);
#268 = CARTESIAN_POINT('',(-5.,430.,35.5));
#269 = CIRCLE('',#270,5.5);
#270 = AXIS2_PLACEMENT_3D('',#271,#272,#273);
#271 = CARTESIAN_POINT('',(-5.,430.,30.));
#272 = DIRECTION('',(-1.,0.,0.));
#273 = DIRECTION('',(0.,0.,1.));
#274 = FACE_BOUND('',#275,.T.);
#275 = EDGE_LOOP('',(#276));
#276 = ORIENTED_EDGE('',*,*,#277,.T.);
#277 = EDGE_CURVE('',#278,#278,#280,.T.);
#278 = VERTEX_POINT('',#279);
#279 = CARTESIAN_POINT('',(-5.,10.5,120.));
#280 = CIRCLE('',#281,5.5);
#281 = AXIS2_PLACEMENT_3D('',#282,#283,#284);
#282 = CARTESIAN_POINT('',(-5.,5.,120.));
#283 = DIRECTION('',(1.,0.,0.));
#284 = DIRECTION('',(0.,1.,0.));
#285 = FACE_BOUND('',#286,.T.);
#286 = EDGE_LOOP('',(#287));
#287 = ORIENTED_EDGE('',*,*,#288,.T.);
#288 = EDGE_CURVE('',#289,#289,#291,.T.);
#289 = VERTEX_POINT('',#290);
#290 = CARTESIAN_POINT('',(-5.,-19.5,120.));
#291 = CIRCLE('',#292,5.5);
#292 = AXIS2_PLACEMENT_3D('',#293,#294,#295);
#293 = CARTESIAN_POINT('',(-5.,-25.,120.));
#294 = DIRECTION('',(1.,0.,0.));
#295 = DIRECTION('',(0.,1.,0.));
#296 = FACE_BOUND('',#297,.T.);
#297 = EDGE_LOOP('',(#298));
#298 = ORIENTED_EDGE('',*,*,#299,.F.);
#299 = EDGE_CURVE('',#300,#300,#302,.T.);
#300 = VERTEX_POINT('',#301);
#301 = CARTESIAN_POINT('',(-5.,210.,25.5));
#302 = CIRCLE('',#303,5.5);
#303 = AXIS2_PLACEMENT_3D('',#304,#305,#306);
#304 = CARTESIAN_POINT('',(-5.,210.,20.));
#305 = DIRECTION('',(-1.,0.,0.));
#306 = DIRECTION('',(0.,0.,1.));
#307 = FACE_BOUND('',#308,.T.);
#308 = EDGE_LOOP('',(#309));
#309 = ORIENTED_EDGE('',*,*,#310,.F.);
#310 = EDGE_CURVE('',#311,#311,#313,.T.);
#311 = VERTEX_POINT('',#312);
#312 = CARTESIAN_POINT('',(-5.,95.,25.5));
#313 = CIRCLE('',#314,5.5);
#314 = AXIS2_PLACEMENT_3D('',#315,#316,#317);
#315 = CARTESIAN_POINT('',(-5.,95.,20.));
#316 = DIRECTION('',(-1.,0.,0.));
#317 = DIRECTION('',(0.,0.,1.));
#318 = FACE_BOUND('',#319,.T.);
#319 = EDGE_LOOP('',(#320));
#320 = ORIENTED_EDGE('',*,*,#321,.T.);
#321 = EDGE_CURVE('',#322,#322,#324,.T.);
#322 = VERTEX_POINT('',#323);
#323 = CARTESIAN_POINT('',(-5.,10.5,70.));
#324 = CIRCLE('',#325,5.5);
#325 = AXIS2_PLACEMENT_3D('',#326,#327,#328);
#326 = CARTESIAN_POINT('',(-5.,5.,70.));
#327 = DIRECTION('',(1.,0.,0.));
#328 = DIRECTION('',(0.,1.,0.));
#329 = FACE_BOUND('',#330,.T.);
#330 = EDGE_LOOP('',(#331));
#331 = ORIENTED_EDGE('',*,*,#332,.T.);
#332 = EDGE_CURVE('',#333,#333,#335,.T.);
#333 = VERTEX_POINT('',#334);
#334 = CARTESIAN_POINT('',(-5.,-19.5,70.));
#335 = CIRCLE('',#336,5.5);
#336 = AXIS2_PLACEMENT_3D('',#337,#338,#339);
#337 = CARTESIAN_POINT('',(-5.,-25.,70.));
#338 = DIRECTION('',(1.,0.,0.));
#339 = DIRECTION('',(0.,1.,0.));
#340 = FACE_BOUND('',#341,.T.);
#341 = EDGE_LOOP('',(#342));
#342 = ORIENTED_EDGE('',*,*,#343,.F.);
#343 = EDGE_CURVE('',#344,#344,#346,.T.);
#344 = VERTEX_POINT('',#345);
#345 = CARTESIAN_POINT('',(-5.,-10.,35.5));
#346 = CIRCLE('',#347,5.5);
#347 = AXIS2_PLACEMENT_3D('',#348,#349,#350);
#348 = CARTESIAN_POINT('',(-5.,-10.,30.));
#349 = DIRECTION('',(-1.,0.,0.));
#350 = DIRECTION('',(0.,0.,1.));
#351 = PLANE('',#352);
#352 = AXIS2_PLACEMENT_3D('',#353,#354,#355);
#353 = CARTESIAN_POINT('',(-5.,205.85489650986,54.188129778678));
#354 = DIRECTION('',(-1.,-0.,-1.35E-15));
#355 = DIRECTION('',(1.35E-15,0.,-1.));
#356 = ADVANCED_FACE('',(#357,#382,#393,#404,#415,#426,#437,#448,#459,
    #470,#481,#492,#503),#514,.T.);
#357 = FACE_BOUND('',#358,.T.);
#358 = EDGE_LOOP('',(#359,#367,#375,#381));
#359 = ORIENTED_EDGE('',*,*,#360,.F.);
#360 = EDGE_CURVE('',#361,#32,#363,.T.);
#361 = VERTEX_POINT('',#362);
#362 = CARTESIAN_POINT('',(402.00000002942,465.,-5.1E-14));
#363 = LINE('',#364,#365);
#364 = CARTESIAN_POINT('',(402.00000005884,465.,-1.0235E-13));
#365 = VECTOR('',#366,1.);
#366 = DIRECTION('',(-1.,0.,0.));
#367 = ORIENTED_EDGE('',*,*,#368,.F.);
#368 = EDGE_CURVE('',#369,#361,#371,.T.);
#369 = VERTEX_POINT('',#370);
#370 = CARTESIAN_POINT('',(402.00000002942,-42.00000040018,
    -2.09618835E-07));
#371 = LINE('',#372,#373);
#372 = CARTESIAN_POINT('',(402.00000005884,-42.,1.022E-14));
#373 = VECTOR('',#374,1.);
#374 = DIRECTION('',(0.,1.,-2.2E-16));
#375 = ORIENTED_EDGE('',*,*,#376,.T.);
#376 = EDGE_CURVE('',#369,#41,#377,.T.);
#377 = LINE('',#378,#379);
#378 = CARTESIAN_POINT('',(402.00000005884,-42.,1.023E-14));
#379 = VECTOR('',#380,1.);
#380 = DIRECTION('',(-1.,0.,0.));
#381 = ORIENTED_EDGE('',*,*,#40,.T.);
#382 = FACE_BOUND('',#383,.T.);
#383 = EDGE_LOOP('',(#384));
#384 = ORIENTED_EDGE('',*,*,#385,.F.);
#385 = EDGE_CURVE('',#386,#386,#388,.T.);
#386 = VERTEX_POINT('',#387);
#387 = CARTESIAN_POINT('',(349.5,-23.,0.));
#388 = CIRCLE('',#389,5.5);
#389 = AXIS2_PLACEMENT_3D('',#390,#391,#392);
#390 = CARTESIAN_POINT('',(355.,-23.,0.));
#391 = DIRECTION('',(0.,0.,-1.));
#392 = DIRECTION('',(-1.,0.,0.));
#393 = FACE_BOUND('',#394,.T.);
#394 = EDGE_LOOP('',(#395));
#395 = ORIENTED_EDGE('',*,*,#396,.F.);
#396 = EDGE_CURVE('',#397,#397,#399,.T.);
#397 = VERTEX_POINT('',#398);
#398 = CARTESIAN_POINT('',(299.5,-23.,0.));
#399 = CIRCLE('',#400,5.5);
#400 = AXIS2_PLACEMENT_3D('',#401,#402,#403);
#401 = CARTESIAN_POINT('',(305.,-23.,0.));
#402 = DIRECTION('',(0.,0.,-1.));
#403 = DIRECTION('',(-1.,0.,0.));
#404 = FACE_BOUND('',#405,.T.);
#405 = EDGE_LOOP('',(#406));
#406 = ORIENTED_EDGE('',*,*,#407,.F.);
#407 = EDGE_CURVE('',#408,#408,#410,.T.);
#408 = VERTEX_POINT('',#409);
#409 = CARTESIAN_POINT('',(272.700001,-1.5,0.));
#410 = CIRCLE('',#411,3.3);
#411 = AXIS2_PLACEMENT_3D('',#412,#413,#414);
#412 = CARTESIAN_POINT('',(276.000001,-1.5,0.));
#413 = DIRECTION('',(0.,0.,-1.));
#414 = DIRECTION('',(-1.,0.,0.));
#415 = FACE_BOUND('',#416,.T.);
#416 = EDGE_LOOP('',(#417));
#417 = ORIENTED_EDGE('',*,*,#418,.F.);
#418 = EDGE_CURVE('',#419,#419,#421,.T.);
#419 = VERTEX_POINT('',#420);
#420 = CARTESIAN_POINT('',(272.700001,83.500001,0.));
#421 = CIRCLE('',#422,3.3);
#422 = AXIS2_PLACEMENT_3D('',#423,#424,#425);
#423 = CARTESIAN_POINT('',(276.000001,83.500001,0.));
#424 = DIRECTION('',(0.,0.,-1.));
#425 = DIRECTION('',(-1.,0.,0.));
#426 = FACE_BOUND('',#427,.T.);
#427 = EDGE_LOOP('',(#428));
#428 = ORIENTED_EDGE('',*,*,#429,.F.);
#429 = EDGE_CURVE('',#430,#430,#432,.T.);
#430 = VERTEX_POINT('',#431);
#431 = CARTESIAN_POINT('',(89.5,-23.,0.));
#432 = CIRCLE('',#433,5.5);
#433 = AXIS2_PLACEMENT_3D('',#434,#435,#436);
#434 = CARTESIAN_POINT('',(95.,-23.,0.));
#435 = DIRECTION('',(0.,0.,-1.));
#436 = DIRECTION('',(-1.,0.,0.));
#437 = FACE_BOUND('',#438,.T.);
#438 = EDGE_LOOP('',(#439));
#439 = ORIENTED_EDGE('',*,*,#440,.F.);
#440 = EDGE_CURVE('',#441,#441,#443,.T.);
#441 = VERTEX_POINT('',#442);
#442 = CARTESIAN_POINT('',(39.5,-23.,0.));
#443 = CIRCLE('',#444,5.5);
#444 = AXIS2_PLACEMENT_3D('',#445,#446,#447);
#445 = CARTESIAN_POINT('',(45.,-23.,0.));
#446 = DIRECTION('',(0.,0.,-1.));
#447 = DIRECTION('',(-1.,0.,0.));
#448 = FACE_BOUND('',#449,.T.);
#449 = EDGE_LOOP('',(#450));
#450 = ORIENTED_EDGE('',*,*,#451,.F.);
#451 = EDGE_CURVE('',#452,#452,#454,.T.);
#452 = VERTEX_POINT('',#453);
#453 = CARTESIAN_POINT('',(34.700001,-1.5,0.));
#454 = CIRCLE('',#455,3.3);
#455 = AXIS2_PLACEMENT_3D('',#456,#457,#458);
#456 = CARTESIAN_POINT('',(38.000001,-1.5,0.));
#457 = DIRECTION('',(0.,0.,-1.));
#458 = DIRECTION('',(-1.,0.,0.));
#459 = FACE_BOUND('',#460,.T.);
#460 = EDGE_LOOP('',(#461));
#461 = ORIENTED_EDGE('',*,*,#462,.F.);
#462 = EDGE_CURVE('',#463,#463,#465,.T.);
#463 = VERTEX_POINT('',#464);
#464 = CARTESIAN_POINT('',(34.700001,83.500001,0.));
#465 = CIRCLE('',#466,3.3);
#466 = AXIS2_PLACEMENT_3D('',#467,#468,#469);
#467 = CARTESIAN_POINT('',(38.000001,83.500001,0.));
#468 = DIRECTION('',(0.,0.,-1.));
#469 = DIRECTION('',(-1.,0.,0.));
#470 = FACE_BOUND('',#471,.T.);
#471 = EDGE_LOOP('',(#472));
#472 = ORIENTED_EDGE('',*,*,#473,.F.);
#473 = EDGE_CURVE('',#474,#474,#476,.T.);
#474 = VERTEX_POINT('',#475);
#475 = CARTESIAN_POINT('',(349.5,448.,0.));
#476 = CIRCLE('',#477,5.5);
#477 = AXIS2_PLACEMENT_3D('',#478,#479,#480);
#478 = CARTESIAN_POINT('',(355.,448.,0.));
#479 = DIRECTION('',(0.,0.,-1.));
#480 = DIRECTION('',(-1.,0.,0.));
#481 = FACE_BOUND('',#482,.T.);
#482 = EDGE_LOOP('',(#483));
#483 = ORIENTED_EDGE('',*,*,#484,.F.);
#484 = EDGE_CURVE('',#485,#485,#487,.T.);
#485 = VERTEX_POINT('',#486);
#486 = CARTESIAN_POINT('',(299.5,448.,0.));
#487 = CIRCLE('',#488,5.5);
#488 = AXIS2_PLACEMENT_3D('',#489,#490,#491);
#489 = CARTESIAN_POINT('',(305.,448.,0.));
#490 = DIRECTION('',(0.,0.,-1.));
#491 = DIRECTION('',(-1.,0.,0.));
#492 = FACE_BOUND('',#493,.T.);
#493 = EDGE_LOOP('',(#494));
#494 = ORIENTED_EDGE('',*,*,#495,.F.);
#495 = EDGE_CURVE('',#496,#496,#498,.T.);
#496 = VERTEX_POINT('',#497);
#497 = CARTESIAN_POINT('',(89.5,448.,0.));
#498 = CIRCLE('',#499,5.5);
#499 = AXIS2_PLACEMENT_3D('',#500,#501,#502);
#500 = CARTESIAN_POINT('',(95.,448.,0.));
#501 = DIRECTION('',(0.,0.,-1.));
#502 = DIRECTION('',(-1.,0.,0.));
#503 = FACE_BOUND('',#504,.T.);
#504 = EDGE_LOOP('',(#505));
#505 = ORIENTED_EDGE('',*,*,#506,.F.);
#506 = EDGE_CURVE('',#507,#507,#509,.T.);
#507 = VERTEX_POINT('',#508);
#508 = CARTESIAN_POINT('',(39.5,448.,0.));
#509 = CIRCLE('',#510,5.5);
#510 = AXIS2_PLACEMENT_3D('',#511,#512,#513);
#511 = CARTESIAN_POINT('',(45.,448.,0.));
#512 = DIRECTION('',(0.,0.,-1.));
#513 = DIRECTION('',(-1.,0.,0.));
#514 = PLANE('',#515);
#515 = AXIS2_PLACEMENT_3D('',#516,#517,#518);
#516 = CARTESIAN_POINT('',(200.00000002942,211.5,-2.597E-14));
#517 = DIRECTION('',(-0.,-0.,-1.));
#518 = DIRECTION('',(-1.,0.,0.));
#519 = ADVANCED_FACE('',(#520),#554,.T.);
#520 = FACE_BOUND('',#521,.T.);
#521 = EDGE_LOOP('',(#522,#523,#531,#539,#547,#553));
#522 = ORIENTED_EDGE('',*,*,#48,.T.);
#523 = ORIENTED_EDGE('',*,*,#524,.T.);
#524 = EDGE_CURVE('',#41,#525,#527,.T.);
#525 = VERTEX_POINT('',#526);
#526 = CARTESIAN_POINT('',(-2.,-42.,3.));
#527 = LINE('',#528,#529);
#528 = CARTESIAN_POINT('',(-2.,-42.00000080036,2.999999));
#529 = VECTOR('',#530,1.);
#530 = DIRECTION('',(0.,0.,1.));
#531 = ORIENTED_EDGE('',*,*,#532,.F.);
#532 = EDGE_CURVE('',#533,#525,#535,.T.);
#533 = VERTEX_POINT('',#534);
#534 = CARTESIAN_POINT('',(-2.,-42.00000080036,28.));
#535 = LINE('',#536,#537);
#536 = CARTESIAN_POINT('',(-2.,-42.,4.999999));
#537 = VECTOR('',#538,1.);
#538 = DIRECTION('',(0.,-2.2E-16,-1.));
#539 = ORIENTED_EDGE('',*,*,#540,.F.);
#540 = EDGE_CURVE('',#541,#533,#543,.T.);
#541 = VERTEX_POINT('',#542);
#542 = CARTESIAN_POINT('',(-2.,-42.,145.));
#543 = LINE('',#544,#545);
#544 = CARTESIAN_POINT('',(-2.,-42.,4.999999));
#545 = VECTOR('',#546,1.);
#546 = DIRECTION('',(0.,-2.2E-16,-1.));
#547 = ORIENTED_EDGE('',*,*,#548,.T.);
#548 = EDGE_CURVE('',#541,#65,#549,.T.);
#549 = LINE('',#550,#551);
#550 = CARTESIAN_POINT('',(-2.,-42.,145.));
#551 = VECTOR('',#552,1.);
#552 = DIRECTION('',(-1.,-0.,-0.));
#553 = ORIENTED_EDGE('',*,*,#64,.F.);
#554 = PLANE('',#555);
#555 = AXIS2_PLACEMENT_3D('',#556,#557,#558);
#556 = CARTESIAN_POINT('',(199.99999999989,-42.,31.714232190518));
#557 = DIRECTION('',(-0.,-1.,-0.));
#558 = DIRECTION('',(0.,0.,-1.));
#559 = ADVANCED_FACE('',(#560),#594,.T.);
#560 = FACE_BOUND('',#561,.T.);
#561 = EDGE_LOOP('',(#562,#563,#564,#572,#580,#588));
#562 = ORIENTED_EDGE('',*,*,#31,.F.);
#563 = ORIENTED_EDGE('',*,*,#144,.T.);
#564 = ORIENTED_EDGE('',*,*,#565,.F.);
#565 = EDGE_CURVE('',#566,#137,#568,.T.);
#566 = VERTEX_POINT('',#567);
#567 = CARTESIAN_POINT('',(-2.,465.,145.));
#568 = LINE('',#569,#570);
#569 = CARTESIAN_POINT('',(-2.,465.,145.));
#570 = VECTOR('',#571,1.);
#571 = DIRECTION('',(-1.,-0.,-0.));
#572 = ORIENTED_EDGE('',*,*,#573,.F.);
#573 = EDGE_CURVE('',#574,#566,#576,.T.);
#574 = VERTEX_POINT('',#575);
#575 = CARTESIAN_POINT('',(-2.,465.,28.));
#576 = LINE('',#577,#578);
#577 = CARTESIAN_POINT('',(-2.,465.,40.));
#578 = VECTOR('',#579,1.);
#579 = DIRECTION('',(0.,0.,1.));
#580 = ORIENTED_EDGE('',*,*,#581,.F.);
#581 = EDGE_CURVE('',#582,#574,#584,.T.);
#582 = VERTEX_POINT('',#583);
#583 = CARTESIAN_POINT('',(-2.,465.,3.));
#584 = LINE('',#585,#586);
#585 = CARTESIAN_POINT('',(-2.,465.,40.));
#586 = VECTOR('',#587,1.);
#587 = DIRECTION('',(0.,0.,1.));
#588 = ORIENTED_EDGE('',*,*,#589,.T.);
#589 = EDGE_CURVE('',#582,#32,#590,.T.);
#590 = LINE('',#591,#592);
#591 = CARTESIAN_POINT('',(-2.,465.,3.));
#592 = VECTOR('',#593,1.);
#593 = DIRECTION('',(0.,0.,-1.));
#594 = PLANE('',#595);
#595 = AXIS2_PLACEMENT_3D('',#596,#597,#598);
#596 = CARTESIAN_POINT('',(199.99999999989,465.,31.714232190518));
#597 = DIRECTION('',(0.,1.,0.));
#598 = DIRECTION('',(0.,0.,1.));
#599 = ADVANCED_FACE('',(#600),#618,.F.);
#600 = FACE_BOUND('',#601,.F.);
#601 = EDGE_LOOP('',(#602,#603,#604,#612));
#602 = ORIENTED_EDGE('',*,*,#548,.T.);
#603 = ORIENTED_EDGE('',*,*,#72,.T.);
#604 = ORIENTED_EDGE('',*,*,#605,.F.);
#605 = EDGE_CURVE('',#606,#73,#608,.T.);
#606 = VERTEX_POINT('',#607);
#607 = CARTESIAN_POINT('',(-2.,20.,145.));
#608 = LINE('',#609,#610);
#609 = CARTESIAN_POINT('',(-2.,20.,145.));
#610 = VECTOR('',#611,1.);
#611 = DIRECTION('',(-1.,-0.,-0.));
#612 = ORIENTED_EDGE('',*,*,#613,.F.);
#613 = EDGE_CURVE('',#541,#606,#614,.T.);
#614 = LINE('',#615,#616);
#615 = CARTESIAN_POINT('',(-2.,-42.,145.));
#616 = VECTOR('',#617,1.);
#617 = DIRECTION('',(0.,1.,0.));
#618 = PLANE('',#619);
#619 = AXIS2_PLACEMENT_3D('',#620,#621,#622);
#620 = CARTESIAN_POINT('',(-2.,-42.,145.));
#621 = DIRECTION('',(0.,0.,-1.));
#622 = DIRECTION('',(0.,1.,0.));
#623 = ADVANCED_FACE('',(#624),#642,.T.);
#624 = FACE_BOUND('',#625,.T.);
#625 = EDGE_LOOP('',(#626,#627,#628,#636));
#626 = ORIENTED_EDGE('',*,*,#565,.T.);
#627 = ORIENTED_EDGE('',*,*,#136,.T.);
#628 = ORIENTED_EDGE('',*,*,#629,.F.);
#629 = EDGE_CURVE('',#630,#129,#632,.T.);
#630 = VERTEX_POINT('',#631);
#631 = CARTESIAN_POINT('',(-2.,403.,145.));
#632 = LINE('',#633,#634);
#633 = CARTESIAN_POINT('',(-2.,403.,145.));
#634 = VECTOR('',#635,1.);
#635 = DIRECTION('',(-1.,-0.,-0.));
#636 = ORIENTED_EDGE('',*,*,#637,.F.);
#637 = EDGE_CURVE('',#566,#630,#638,.T.);
#638 = LINE('',#639,#640);
#639 = CARTESIAN_POINT('',(-2.,465.,145.));
#640 = VECTOR('',#641,1.);
#641 = DIRECTION('',(0.,-1.,0.));
#642 = PLANE('',#643);
#643 = AXIS2_PLACEMENT_3D('',#644,#645,#646);
#644 = CARTESIAN_POINT('',(-2.,465.,145.));
#645 = DIRECTION('',(0.,0.,1.));
#646 = DIRECTION('',(0.,-1.,0.));
#647 = ADVANCED_FACE('',(#648),#666,.F.);
#648 = FACE_BOUND('',#649,.F.);
#649 = EDGE_LOOP('',(#650,#651,#652,#660));
#650 = ORIENTED_EDGE('',*,*,#605,.T.);
#651 = ORIENTED_EDGE('',*,*,#80,.T.);
#652 = ORIENTED_EDGE('',*,*,#653,.F.);
#653 = EDGE_CURVE('',#654,#81,#656,.T.);
#654 = VERTEX_POINT('',#655);
#655 = CARTESIAN_POINT('',(-2.,20.,67.));
#656 = LINE('',#657,#658);
#657 = CARTESIAN_POINT('',(-2.,20.,67.));
#658 = VECTOR('',#659,1.);
#659 = DIRECTION('',(-1.,-0.,-0.));
#660 = ORIENTED_EDGE('',*,*,#661,.F.);
#661 = EDGE_CURVE('',#606,#654,#662,.T.);
#662 = LINE('',#663,#664);
#663 = CARTESIAN_POINT('',(-2.,20.,145.));
#664 = VECTOR('',#665,1.);
#665 = DIRECTION('',(0.,0.,-1.));
#666 = PLANE('',#667);
#667 = AXIS2_PLACEMENT_3D('',#668,#669,#670);
#668 = CARTESIAN_POINT('',(-2.,20.,145.));
#669 = DIRECTION('',(0.,-1.,0.));
#670 = DIRECTION('',(0.,0.,-1.));
#671 = ADVANCED_FACE('',(#672),#690,.T.);
#672 = FACE_BOUND('',#673,.T.);
#673 = EDGE_LOOP('',(#674,#675,#676,#684));
#674 = ORIENTED_EDGE('',*,*,#629,.T.);
#675 = ORIENTED_EDGE('',*,*,#128,.T.);
#676 = ORIENTED_EDGE('',*,*,#677,.F.);
#677 = EDGE_CURVE('',#678,#121,#680,.T.);
#678 = VERTEX_POINT('',#679);
#679 = CARTESIAN_POINT('',(-2.,403.,115.));
#680 = LINE('',#681,#682);
#681 = CARTESIAN_POINT('',(-2.,403.,115.));
#682 = VECTOR('',#683,1.);
#683 = DIRECTION('',(-1.,-0.,-0.));
#684 = ORIENTED_EDGE('',*,*,#685,.F.);
#685 = EDGE_CURVE('',#630,#678,#686,.T.);
#686 = LINE('',#687,#688);
#687 = CARTESIAN_POINT('',(-2.,403.,145.));
#688 = VECTOR('',#689,1.);
#689 = DIRECTION('',(0.,0.,-1.));
#690 = PLANE('',#691);
#691 = AXIS2_PLACEMENT_3D('',#692,#693,#694);
#692 = CARTESIAN_POINT('',(-2.,403.,145.));
#693 = DIRECTION('',(0.,-1.,0.));
#694 = DIRECTION('',(0.,0.,-1.));
#695 = ADVANCED_FACE('',(#696),#714,.F.);
#696 = FACE_BOUND('',#697,.F.);
#697 = EDGE_LOOP('',(#698,#699,#700,#708));
#698 = ORIENTED_EDGE('',*,*,#653,.T.);
#699 = ORIENTED_EDGE('',*,*,#88,.T.);
#700 = ORIENTED_EDGE('',*,*,#701,.F.);
#701 = EDGE_CURVE('',#702,#89,#704,.T.);
#702 = VERTEX_POINT('',#703);
#703 = CARTESIAN_POINT('',(-2.,47.,40.));
#704 = LINE('',#705,#706);
#705 = CARTESIAN_POINT('',(-2.,47.,40.));
#706 = VECTOR('',#707,1.);
#707 = DIRECTION('',(-1.,-0.,-0.));
#708 = ORIENTED_EDGE('',*,*,#709,.F.);
#709 = EDGE_CURVE('',#654,#702,#710,.T.);
#710 = LINE('',#711,#712);
#711 = CARTESIAN_POINT('',(-2.,20.,67.));
#712 = VECTOR('',#713,1.);
#713 = DIRECTION('',(0.,0.707106781187,-0.707106781187));
#714 = PLANE('',#715);
#715 = AXIS2_PLACEMENT_3D('',#716,#717,#718);
#716 = CARTESIAN_POINT('',(-2.,20.,67.));
#717 = DIRECTION('',(0.,-0.707106781187,-0.707106781187));
#718 = DIRECTION('',(0.,0.707106781187,-0.707106781187));
#719 = ADVANCED_FACE('',(#720),#738,.T.);
#720 = FACE_BOUND('',#721,.T.);
#721 = EDGE_LOOP('',(#722,#723,#724,#732));
#722 = ORIENTED_EDGE('',*,*,#677,.T.);
#723 = ORIENTED_EDGE('',*,*,#120,.T.);
#724 = ORIENTED_EDGE('',*,*,#725,.F.);
#725 = EDGE_CURVE('',#726,#113,#728,.T.);
#726 = VERTEX_POINT('',#727);
#727 = CARTESIAN_POINT('',(-2.,383.,95.));
#728 = LINE('',#729,#730);
#729 = CARTESIAN_POINT('',(-2.,383.,95.));
#730 = VECTOR('',#731,1.);
#731 = DIRECTION('',(-1.,-0.,-0.));
#732 = ORIENTED_EDGE('',*,*,#733,.F.);
#733 = EDGE_CURVE('',#678,#726,#734,.T.);
#734 = LINE('',#735,#736);
#735 = CARTESIAN_POINT('',(-2.,403.,115.));
#736 = VECTOR('',#737,1.);
#737 = DIRECTION('',(0.,-0.707106781187,-0.707106781187));
#738 = PLANE('',#739);
#739 = AXIS2_PLACEMENT_3D('',#740,#741,#742);
#740 = CARTESIAN_POINT('',(-2.,403.,115.));
#741 = DIRECTION('',(0.,-0.707106781187,0.707106781187));
#742 = DIRECTION('',(0.,-0.707106781187,-0.707106781187));
#743 = ADVANCED_FACE('',(#744),#762,.F.);
#744 = FACE_BOUND('',#745,.F.);
#745 = EDGE_LOOP('',(#746,#747,#748,#756));
#746 = ORIENTED_EDGE('',*,*,#701,.T.);
#747 = ORIENTED_EDGE('',*,*,#96,.T.);
#748 = ORIENTED_EDGE('',*,*,#749,.F.);
#749 = EDGE_CURVE('',#750,#97,#752,.T.);
#750 = VERTEX_POINT('',#751);
#751 = CARTESIAN_POINT('',(-2.,250.,40.));
#752 = LINE('',#753,#754);
#753 = CARTESIAN_POINT('',(-2.,250.,40.));
#754 = VECTOR('',#755,1.);
#755 = DIRECTION('',(-1.,-0.,-0.));
#756 = ORIENTED_EDGE('',*,*,#757,.F.);
#757 = EDGE_CURVE('',#702,#750,#758,.T.);
#758 = LINE('',#759,#760);
#759 = CARTESIAN_POINT('',(-2.,-42.,40.));
#760 = VECTOR('',#761,1.);
#761 = DIRECTION('',(0.,1.,-2.2E-16));
#762 = PLANE('',#763);
#763 = AXIS2_PLACEMENT_3D('',#764,#765,#766);
#764 = CARTESIAN_POINT('',(-5.,-42.,40.));
#765 = DIRECTION('',(0.,-2.2E-16,-1.));
#766 = DIRECTION('',(1.,0.,0.));
#767 = ADVANCED_FACE('',(#768),#786,.T.);
#768 = FACE_BOUND('',#769,.T.);
#769 = EDGE_LOOP('',(#770,#771,#772,#780));
#770 = ORIENTED_EDGE('',*,*,#725,.T.);
#771 = ORIENTED_EDGE('',*,*,#112,.T.);
#772 = ORIENTED_EDGE('',*,*,#773,.F.);
#773 = EDGE_CURVE('',#774,#105,#776,.T.);
#774 = VERTEX_POINT('',#775);
#775 = CARTESIAN_POINT('',(-2.,305.,95.));
#776 = LINE('',#777,#778);
#777 = CARTESIAN_POINT('',(-2.,305.,95.));
#778 = VECTOR('',#779,1.);
#779 = DIRECTION('',(-1.,-0.,-0.));
#780 = ORIENTED_EDGE('',*,*,#781,.F.);
#781 = EDGE_CURVE('',#726,#774,#782,.T.);
#782 = LINE('',#783,#784);
#783 = CARTESIAN_POINT('',(-2.,383.,95.));
#784 = VECTOR('',#785,1.);
#785 = DIRECTION('',(0.,-1.,0.));
#786 = PLANE('',#787);
#787 = AXIS2_PLACEMENT_3D('',#788,#789,#790);
#788 = CARTESIAN_POINT('',(-2.,383.,95.));
#789 = DIRECTION('',(0.,0.,1.));
#790 = DIRECTION('',(0.,-1.,0.));
#791 = ADVANCED_FACE('',(#792),#803,.T.);
#792 = FACE_BOUND('',#793,.T.);
#793 = EDGE_LOOP('',(#794,#795,#796,#797));
#794 = ORIENTED_EDGE('',*,*,#773,.T.);
#795 = ORIENTED_EDGE('',*,*,#104,.T.);
#796 = ORIENTED_EDGE('',*,*,#749,.F.);
#797 = ORIENTED_EDGE('',*,*,#798,.F.);
#798 = EDGE_CURVE('',#774,#750,#799,.T.);
#799 = LINE('',#800,#801);
#800 = CARTESIAN_POINT('',(-2.,305.,95.));
#801 = VECTOR('',#802,1.);
#802 = DIRECTION('',(0.,-0.707106781187,-0.707106781187));
#803 = PLANE('',#804);
#804 = AXIS2_PLACEMENT_3D('',#805,#806,#807);
#805 = CARTESIAN_POINT('',(-2.,305.,95.));
#806 = DIRECTION('',(0.,-0.707106781187,0.707106781187));
#807 = DIRECTION('',(0.,-0.707106781187,-0.707106781187));
#808 = ADVANCED_FACE('',(#809),#828,.F.);
#809 = FACE_BOUND('',#810,.F.);
#810 = EDGE_LOOP('',(#811,#819,#820,#821));
#811 = ORIENTED_EDGE('',*,*,#812,.T.);
#812 = EDGE_CURVE('',#813,#153,#815,.T.);
#813 = VERTEX_POINT('',#814);
#814 = CARTESIAN_POINT('',(-2.,453.5,120.));
#815 = LINE('',#816,#817);
#816 = CARTESIAN_POINT('',(-2.,453.5,120.));
#817 = VECTOR('',#818,1.);
#818 = DIRECTION('',(-1.,-0.,-0.));
#819 = ORIENTED_EDGE('',*,*,#152,.T.);
#820 = ORIENTED_EDGE('',*,*,#812,.F.);
#821 = ORIENTED_EDGE('',*,*,#822,.F.);
#822 = EDGE_CURVE('',#813,#813,#823,.T.);
#823 = CIRCLE('',#824,5.5);
#824 = AXIS2_PLACEMENT_3D('',#825,#826,#827);
#825 = CARTESIAN_POINT('',(-2.,448.,120.));
#826 = DIRECTION('',(1.,0.,0.));
#827 = DIRECTION('',(0.,1.,0.));
#828 = CYLINDRICAL_SURFACE('',#829,5.5);
#829 = AXIS2_PLACEMENT_3D('',#830,#831,#832);
#830 = CARTESIAN_POINT('',(-2.,448.,120.));
#831 = DIRECTION('',(1.,0.,0.));
#832 = DIRECTION('',(0.,1.,0.));
#833 = ADVANCED_FACE('',(#834),#853,.F.);
#834 = FACE_BOUND('',#835,.F.);
#835 = EDGE_LOOP('',(#836,#844,#845,#846));
#836 = ORIENTED_EDGE('',*,*,#837,.T.);
#837 = EDGE_CURVE('',#838,#164,#840,.T.);
#838 = VERTEX_POINT('',#839);
#839 = CARTESIAN_POINT('',(-2.,423.5,120.));
#840 = LINE('',#841,#842);
#841 = CARTESIAN_POINT('',(-2.,423.5,120.));
#842 = VECTOR('',#843,1.);
#843 = DIRECTION('',(-1.,-0.,-0.));
#844 = ORIENTED_EDGE('',*,*,#163,.T.);
#845 = ORIENTED_EDGE('',*,*,#837,.F.);
#846 = ORIENTED_EDGE('',*,*,#847,.F.);
#847 = EDGE_CURVE('',#838,#838,#848,.T.);
#848 = CIRCLE('',#849,5.5);
#849 = AXIS2_PLACEMENT_3D('',#850,#851,#852);
#850 = CARTESIAN_POINT('',(-2.,418.,120.));
#851 = DIRECTION('',(1.,0.,0.));
#852 = DIRECTION('',(0.,1.,0.));
#853 = CYLINDRICAL_SURFACE('',#854,5.5);
#854 = AXIS2_PLACEMENT_3D('',#855,#856,#857);
#855 = CARTESIAN_POINT('',(-2.,418.,120.));
#856 = DIRECTION('',(1.,0.,0.));
#857 = DIRECTION('',(0.,1.,0.));
#858 = ADVANCED_FACE('',(#859),#878,.F.);
#859 = FACE_BOUND('',#860,.F.);
#860 = EDGE_LOOP('',(#861,#869,#870,#871));
#861 = ORIENTED_EDGE('',*,*,#862,.T.);
#862 = EDGE_CURVE('',#863,#175,#865,.T.);
#863 = VERTEX_POINT('',#864);
#864 = CARTESIAN_POINT('',(-2.,453.5,70.));
#865 = LINE('',#866,#867);
#866 = CARTESIAN_POINT('',(-2.,453.5,70.));
#867 = VECTOR('',#868,1.);
#868 = DIRECTION('',(-1.,-0.,-0.));
#869 = ORIENTED_EDGE('',*,*,#174,.T.);
#870 = ORIENTED_EDGE('',*,*,#862,.F.);
#871 = ORIENTED_EDGE('',*,*,#872,.F.);
#872 = EDGE_CURVE('',#863,#863,#873,.T.);
#873 = CIRCLE('',#874,5.5);
#874 = AXIS2_PLACEMENT_3D('',#875,#876,#877);
#875 = CARTESIAN_POINT('',(-2.,448.,70.));
#876 = DIRECTION('',(1.,0.,0.));
#877 = DIRECTION('',(0.,1.,0.));
#878 = CYLINDRICAL_SURFACE('',#879,5.5);
#879 = AXIS2_PLACEMENT_3D('',#880,#881,#882);
#880 = CARTESIAN_POINT('',(-2.,448.,70.));
#881 = DIRECTION('',(1.,0.,0.));
#882 = DIRECTION('',(0.,1.,0.));
#883 = ADVANCED_FACE('',(#884),#903,.F.);
#884 = FACE_BOUND('',#885,.F.);
#885 = EDGE_LOOP('',(#886,#894,#895,#896));
#886 = ORIENTED_EDGE('',*,*,#887,.T.);
#887 = EDGE_CURVE('',#888,#186,#890,.T.);
#888 = VERTEX_POINT('',#889);
#889 = CARTESIAN_POINT('',(-2.,423.5,70.));
#890 = LINE('',#891,#892);
#891 = CARTESIAN_POINT('',(-2.,423.5,70.));
#892 = VECTOR('',#893,1.);
#893 = DIRECTION('',(-1.,-0.,-0.));
#894 = ORIENTED_EDGE('',*,*,#185,.T.);
#895 = ORIENTED_EDGE('',*,*,#887,.F.);
#896 = ORIENTED_EDGE('',*,*,#897,.F.);
#897 = EDGE_CURVE('',#888,#888,#898,.T.);
#898 = CIRCLE('',#899,5.5);
#899 = AXIS2_PLACEMENT_3D('',#900,#901,#902);
#900 = CARTESIAN_POINT('',(-2.,418.,70.));
#901 = DIRECTION('',(1.,0.,0.));
#902 = DIRECTION('',(0.,1.,0.));
#903 = CYLINDRICAL_SURFACE('',#904,5.5);
#904 = AXIS2_PLACEMENT_3D('',#905,#906,#907);
#905 = CARTESIAN_POINT('',(-2.,418.,70.));
#906 = DIRECTION('',(1.,0.,0.));
#907 = DIRECTION('',(0.,1.,0.));
#908 = ADVANCED_FACE('',(#909),#935,.F.);
#909 = FACE_BOUND('',#910,.T.);
#910 = EDGE_LOOP('',(#911,#912,#920,#929));
#911 = ORIENTED_EDGE('',*,*,#196,.F.);
#912 = ORIENTED_EDGE('',*,*,#913,.T.);
#913 = EDGE_CURVE('',#197,#914,#916,.T.);
#914 = VERTEX_POINT('',#915);
#915 = CARTESIAN_POINT('',(-2.,399.,17.999997960769));
#916 = LINE('',#917,#918);
#917 = CARTESIAN_POINT('',(-5.,399.,17.999997960769));
#918 = VECTOR('',#919,1.);
#919 = DIRECTION('',(1.,0.,0.));
#920 = ORIENTED_EDGE('',*,*,#921,.F.);
#921 = EDGE_CURVE('',#922,#914,#924,.T.);
#922 = VERTEX_POINT('',#923);
#923 = CARTESIAN_POINT('',(-2.,402.,20.999997960769));
#924 = CIRCLE('',#925,3.);
#925 = AXIS2_PLACEMENT_3D('',#926,#927,#928);
#926 = CARTESIAN_POINT('',(-2.,399.,20.999997960769));
#927 = DIRECTION('',(-1.,0.,0.));
#928 = DIRECTION('',(0.,1.,0.));
#929 = ORIENTED_EDGE('',*,*,#930,.F.);
#930 = EDGE_CURVE('',#199,#922,#931,.T.);
#931 = LINE('',#932,#933);
#932 = CARTESIAN_POINT('',(-5.,402.,20.999997960769));
#933 = VECTOR('',#934,1.);
#934 = DIRECTION('',(1.,0.,0.));
#935 = CYLINDRICAL_SURFACE('',#936,3.);
#936 = AXIS2_PLACEMENT_3D('',#937,#938,#939);
#937 = CARTESIAN_POINT('',(-5.,399.,20.999997960769));
#938 = DIRECTION('',(-1.,-0.,-0.));
#939 = DIRECTION('',(0.,1.,0.));
#940 = ADVANCED_FACE('',(#941),#959,.T.);
#941 = FACE_BOUND('',#942,.T.);
#942 = EDGE_LOOP('',(#943,#944,#952,#958));
#943 = ORIENTED_EDGE('',*,*,#258,.F.);
#944 = ORIENTED_EDGE('',*,*,#945,.T.);
#945 = EDGE_CURVE('',#250,#946,#948,.T.);
#946 = VERTEX_POINT('',#947);
#947 = CARTESIAN_POINT('',(-2.,329.00000098038,17.999997960769));
#948 = LINE('',#949,#950);
#949 = CARTESIAN_POINT('',(-5.,329.00000098038,17.999997960769));
#950 = VECTOR('',#951,1.);
#951 = DIRECTION('',(1.,0.,0.));
#952 = ORIENTED_EDGE('',*,*,#953,.F.);
#953 = EDGE_CURVE('',#914,#946,#954,.T.);
#954 = LINE('',#955,#956);
#955 = CARTESIAN_POINT('',(-2.,267.42744874122,17.999997960769));
#956 = VECTOR('',#957,1.);
#957 = DIRECTION('',(0.,-1.,0.));
#958 = ORIENTED_EDGE('',*,*,#913,.F.);
#959 = PLANE('',#960);
#960 = AXIS2_PLACEMENT_3D('',#961,#962,#963);
#961 = CARTESIAN_POINT('',(-5.,329.00000098038,17.999997960769));
#962 = DIRECTION('',(0.,0.,1.));
#963 = DIRECTION('',(0.,1.,0.));
#964 = ADVANCED_FACE('',(#965),#984,.F.);
#965 = FACE_BOUND('',#966,.T.);
#966 = EDGE_LOOP('',(#967,#968,#976,#983));
#967 = ORIENTED_EDGE('',*,*,#249,.F.);
#968 = ORIENTED_EDGE('',*,*,#969,.T.);
#969 = EDGE_CURVE('',#242,#970,#972,.T.);
#970 = VERTEX_POINT('',#971);
#971 = CARTESIAN_POINT('',(-2.,326.00000098038,20.999997960769));
#972 = LINE('',#973,#974);
#973 = CARTESIAN_POINT('',(-5.,326.00000098038,20.999997960769));
#974 = VECTOR('',#975,1.);
#975 = DIRECTION('',(1.,0.,0.));
#976 = ORIENTED_EDGE('',*,*,#977,.F.);
#977 = EDGE_CURVE('',#946,#970,#978,.T.);
#978 = CIRCLE('',#979,3.);
#979 = AXIS2_PLACEMENT_3D('',#980,#981,#982);
#980 = CARTESIAN_POINT('',(-2.,329.00000098038,20.999997960769));
#981 = DIRECTION('',(-1.,0.,0.));
#982 = DIRECTION('',(0.,1.,0.));
#983 = ORIENTED_EDGE('',*,*,#945,.F.);
#984 = CYLINDRICAL_SURFACE('',#985,3.);
#985 = AXIS2_PLACEMENT_3D('',#986,#987,#988);
#986 = CARTESIAN_POINT('',(-5.,329.00000098038,20.999997960769));
#987 = DIRECTION('',(-1.,-0.,-0.));
#988 = DIRECTION('',(0.,1.,0.));
#989 = ADVANCED_FACE('',(#990),#1008,.T.);
#990 = FACE_BOUND('',#991,.T.);
#991 = EDGE_LOOP('',(#992,#993,#1001,#1007));
#992 = ORIENTED_EDGE('',*,*,#241,.F.);
#993 = ORIENTED_EDGE('',*,*,#994,.T.);
#994 = EDGE_CURVE('',#233,#995,#997,.T.);
#995 = VERTEX_POINT('',#996);
#996 = CARTESIAN_POINT('',(-2.,326.00000098038,71.999996960769));
#997 = LINE('',#998,#999);
#998 = CARTESIAN_POINT('',(-5.,326.00000098038,71.999996960769));
#999 = VECTOR('',#1000,1.);
#1000 = DIRECTION('',(1.,0.,0.));
#1001 = ORIENTED_EDGE('',*,*,#1002,.F.);
#1002 = EDGE_CURVE('',#970,#995,#1003,.T.);
#1003 = LINE('',#1004,#1005);
#1004 = CARTESIAN_POINT('',(-2.,326.00000098038,63.094063580107));
#1005 = VECTOR('',#1006,1.);
#1006 = DIRECTION('',(0.,0.,1.));
#1007 = ORIENTED_EDGE('',*,*,#969,.F.);
#1008 = PLANE('',#1009);
#1009 = AXIS2_PLACEMENT_3D('',#1010,#1011,#1012);
#1010 = CARTESIAN_POINT('',(-5.,326.00000098038,71.999996960769));
#1011 = DIRECTION('',(0.,1.,0.));
#1012 = DIRECTION('',(0.,0.,-1.));
#1013 = ADVANCED_FACE('',(#1014),#1033,.F.);
#1014 = FACE_BOUND('',#1015,.T.);
#1015 = EDGE_LOOP('',(#1016,#1017,#1025,#1032));
#1016 = ORIENTED_EDGE('',*,*,#232,.F.);
#1017 = ORIENTED_EDGE('',*,*,#1018,.T.);
#1018 = EDGE_CURVE('',#225,#1019,#1021,.T.);
#1019 = VERTEX_POINT('',#1020);
#1020 = CARTESIAN_POINT('',(-2.,329.00000098038,74.999996960769));
#1021 = LINE('',#1022,#1023);
#1022 = CARTESIAN_POINT('',(-5.,329.00000098038,74.999996960769));
#1023 = VECTOR('',#1024,1.);
#1024 = DIRECTION('',(1.,0.,0.));
#1025 = ORIENTED_EDGE('',*,*,#1026,.F.);
#1026 = EDGE_CURVE('',#995,#1019,#1027,.T.);
#1027 = CIRCLE('',#1028,3.);
#1028 = AXIS2_PLACEMENT_3D('',#1029,#1030,#1031);
#1029 = CARTESIAN_POINT('',(-2.,329.00000098038,71.999996960769));
#1030 = DIRECTION('',(-1.,0.,0.));
#1031 = DIRECTION('',(0.,1.,0.));
#1032 = ORIENTED_EDGE('',*,*,#994,.F.);
#1033 = CYLINDRICAL_SURFACE('',#1034,3.);
#1034 = AXIS2_PLACEMENT_3D('',#1035,#1036,#1037);
#1035 = CARTESIAN_POINT('',(-5.,329.00000098038,71.999996960769));
#1036 = DIRECTION('',(-1.,-0.,-0.));
#1037 = DIRECTION('',(0.,1.,0.));
#1038 = ADVANCED_FACE('',(#1039),#1057,.T.);
#1039 = FACE_BOUND('',#1040,.T.);
#1040 = EDGE_LOOP('',(#1041,#1042,#1050,#1056));
#1041 = ORIENTED_EDGE('',*,*,#224,.F.);
#1042 = ORIENTED_EDGE('',*,*,#1043,.T.);
#1043 = EDGE_CURVE('',#216,#1044,#1046,.T.);
#1044 = VERTEX_POINT('',#1045);
#1045 = CARTESIAN_POINT('',(-2.,399.,74.999996960769));
#1046 = LINE('',#1047,#1048);
#1047 = CARTESIAN_POINT('',(-5.,399.,74.999996960769));
#1048 = VECTOR('',#1049,1.);
#1049 = DIRECTION('',(1.,0.,0.));
#1050 = ORIENTED_EDGE('',*,*,#1051,.F.);
#1051 = EDGE_CURVE('',#1019,#1044,#1052,.T.);
#1052 = LINE('',#1053,#1054);
#1053 = CARTESIAN_POINT('',(-2.,302.42744825103,74.999996960769));
#1054 = VECTOR('',#1055,1.);
#1055 = DIRECTION('',(0.,1.,0.));
#1056 = ORIENTED_EDGE('',*,*,#1018,.F.);
#1057 = PLANE('',#1058);
#1058 = AXIS2_PLACEMENT_3D('',#1059,#1060,#1061);
#1059 = CARTESIAN_POINT('',(-5.,399.,74.999996960769));
#1060 = DIRECTION('',(0.,0.,-1.));
#1061 = DIRECTION('',(0.,-1.,0.));
#1062 = ADVANCED_FACE('',(#1063),#1082,.F.);
#1063 = FACE_BOUND('',#1064,.T.);
#1064 = EDGE_LOOP('',(#1065,#1066,#1074,#1081));
#1065 = ORIENTED_EDGE('',*,*,#215,.F.);
#1066 = ORIENTED_EDGE('',*,*,#1067,.T.);
#1067 = EDGE_CURVE('',#208,#1068,#1070,.T.);
#1068 = VERTEX_POINT('',#1069);
#1069 = CARTESIAN_POINT('',(-2.,402.,71.999996960769));
#1070 = LINE('',#1071,#1072);
#1071 = CARTESIAN_POINT('',(-5.,402.,71.999996960769));
#1072 = VECTOR('',#1073,1.);
#1073 = DIRECTION('',(1.,0.,0.));
#1074 = ORIENTED_EDGE('',*,*,#1075,.F.);
#1075 = EDGE_CURVE('',#1044,#1068,#1076,.T.);
#1076 = CIRCLE('',#1077,3.);
#1077 = AXIS2_PLACEMENT_3D('',#1078,#1079,#1080);
#1078 = CARTESIAN_POINT('',(-2.,399.,71.999996960769));
#1079 = DIRECTION('',(-1.,0.,0.));
#1080 = DIRECTION('',(0.,1.,0.));
#1081 = ORIENTED_EDGE('',*,*,#1043,.F.);
#1082 = CYLINDRICAL_SURFACE('',#1083,3.);
#1083 = AXIS2_PLACEMENT_3D('',#1084,#1085,#1086);
#1084 = CARTESIAN_POINT('',(-5.,399.,71.999996960769));
#1085 = DIRECTION('',(-1.,-0.,-0.));
#1086 = DIRECTION('',(0.,1.,0.));
#1087 = ADVANCED_FACE('',(#1088),#1099,.T.);
#1088 = FACE_BOUND('',#1089,.T.);
#1089 = EDGE_LOOP('',(#1090,#1091,#1092,#1098));
#1090 = ORIENTED_EDGE('',*,*,#207,.F.);
#1091 = ORIENTED_EDGE('',*,*,#930,.T.);
#1092 = ORIENTED_EDGE('',*,*,#1093,.F.);
#1093 = EDGE_CURVE('',#1068,#922,#1094,.T.);
#1094 = LINE('',#1095,#1096);
#1095 = CARTESIAN_POINT('',(-2.,402.,37.594064080107));
#1096 = VECTOR('',#1097,1.);
#1097 = DIRECTION('',(0.,0.,-1.));
#1098 = ORIENTED_EDGE('',*,*,#1067,.F.);
#1099 = PLANE('',#1100);
#1100 = AXIS2_PLACEMENT_3D('',#1101,#1102,#1103);
#1101 = CARTESIAN_POINT('',(-5.,402.,20.999997960769));
#1102 = DIRECTION('',(0.,-1.,0.));
#1103 = DIRECTION('',(0.,0.,1.));
#1104 = ADVANCED_FACE('',(#1105),#1124,.F.);
#1105 = FACE_BOUND('',#1106,.T.);
#1106 = EDGE_LOOP('',(#1107,#1115,#1116,#1117));
#1107 = ORIENTED_EDGE('',*,*,#1108,.F.);
#1108 = EDGE_CURVE('',#267,#1109,#1111,.T.);
#1109 = VERTEX_POINT('',#1110);
#1110 = CARTESIAN_POINT('',(-2.,430.,35.5));
#1111 = LINE('',#1112,#1113);
#1112 = CARTESIAN_POINT('',(-5.,430.,35.5));
#1113 = VECTOR('',#1114,1.);
#1114 = DIRECTION('',(1.,0.,-6.E-17));
#1115 = ORIENTED_EDGE('',*,*,#266,.T.);
#1116 = ORIENTED_EDGE('',*,*,#1108,.T.);
#1117 = ORIENTED_EDGE('',*,*,#1118,.T.);
#1118 = EDGE_CURVE('',#1109,#1109,#1119,.T.);
#1119 = CIRCLE('',#1120,5.5);
#1120 = AXIS2_PLACEMENT_3D('',#1121,#1122,#1123);
#1121 = CARTESIAN_POINT('',(-2.,430.,30.));
#1122 = DIRECTION('',(1.,0.,-0.));
#1123 = DIRECTION('',(0.,0.,1.));
#1124 = CYLINDRICAL_SURFACE('',#1125,5.5);
#1125 = AXIS2_PLACEMENT_3D('',#1126,#1127,#1128);
#1126 = CARTESIAN_POINT('',(-5.,430.,30.));
#1127 = DIRECTION('',(1.,0.,0.));
#1128 = DIRECTION('',(0.,0.,1.));
#1129 = ADVANCED_FACE('',(#1130),#1149,.F.);
#1130 = FACE_BOUND('',#1131,.F.);
#1131 = EDGE_LOOP('',(#1132,#1140,#1141,#1142));
#1132 = ORIENTED_EDGE('',*,*,#1133,.T.);
#1133 = EDGE_CURVE('',#1134,#278,#1136,.T.);
#1134 = VERTEX_POINT('',#1135);
#1135 = CARTESIAN_POINT('',(-2.,10.5,120.));
#1136 = LINE('',#1137,#1138);
#1137 = CARTESIAN_POINT('',(-2.,10.5,120.));
#1138 = VECTOR('',#1139,1.);
#1139 = DIRECTION('',(-1.,-0.,-0.));
#1140 = ORIENTED_EDGE('',*,*,#277,.T.);
#1141 = ORIENTED_EDGE('',*,*,#1133,.F.);
#1142 = ORIENTED_EDGE('',*,*,#1143,.F.);
#1143 = EDGE_CURVE('',#1134,#1134,#1144,.T.);
#1144 = CIRCLE('',#1145,5.5);
#1145 = AXIS2_PLACEMENT_3D('',#1146,#1147,#1148);
#1146 = CARTESIAN_POINT('',(-2.,5.,120.));
#1147 = DIRECTION('',(1.,0.,0.));
#1148 = DIRECTION('',(0.,1.,0.));
#1149 = CYLINDRICAL_SURFACE('',#1150,5.5);
#1150 = AXIS2_PLACEMENT_3D('',#1151,#1152,#1153);
#1151 = CARTESIAN_POINT('',(-2.,5.,120.));
#1152 = DIRECTION('',(1.,0.,0.));
#1153 = DIRECTION('',(0.,1.,0.));
#1154 = ADVANCED_FACE('',(#1155),#1174,.F.);
#1155 = FACE_BOUND('',#1156,.F.);
#1156 = EDGE_LOOP('',(#1157,#1165,#1166,#1167));
#1157 = ORIENTED_EDGE('',*,*,#1158,.T.);
#1158 = EDGE_CURVE('',#1159,#289,#1161,.T.);
#1159 = VERTEX_POINT('',#1160);
#1160 = CARTESIAN_POINT('',(-2.,-19.5,120.));
#1161 = LINE('',#1162,#1163);
#1162 = CARTESIAN_POINT('',(-2.,-19.5,120.));
#1163 = VECTOR('',#1164,1.);
#1164 = DIRECTION('',(-1.,-0.,-0.));
#1165 = ORIENTED_EDGE('',*,*,#288,.T.);
#1166 = ORIENTED_EDGE('',*,*,#1158,.F.);
#1167 = ORIENTED_EDGE('',*,*,#1168,.F.);
#1168 = EDGE_CURVE('',#1159,#1159,#1169,.T.);
#1169 = CIRCLE('',#1170,5.5);
#1170 = AXIS2_PLACEMENT_3D('',#1171,#1172,#1173);
#1171 = CARTESIAN_POINT('',(-2.,-25.,120.));
#1172 = DIRECTION('',(1.,0.,0.));
#1173 = DIRECTION('',(0.,1.,0.));
#1174 = CYLINDRICAL_SURFACE('',#1175,5.5);
#1175 = AXIS2_PLACEMENT_3D('',#1176,#1177,#1178);
#1176 = CARTESIAN_POINT('',(-2.,-25.,120.));
#1177 = DIRECTION('',(1.,0.,0.));
#1178 = DIRECTION('',(0.,1.,0.));
#1179 = ADVANCED_FACE('',(#1180),#1199,.F.);
#1180 = FACE_BOUND('',#1181,.T.);
#1181 = EDGE_LOOP('',(#1182,#1190,#1191,#1192));
#1182 = ORIENTED_EDGE('',*,*,#1183,.F.);
#1183 = EDGE_CURVE('',#300,#1184,#1186,.T.);
#1184 = VERTEX_POINT('',#1185);
#1185 = CARTESIAN_POINT('',(-2.,210.,25.5));
#1186 = LINE('',#1187,#1188);
#1187 = CARTESIAN_POINT('',(-5.,210.,25.5));
#1188 = VECTOR('',#1189,1.);
#1189 = DIRECTION('',(1.,0.,-6.E-17));
#1190 = ORIENTED_EDGE('',*,*,#299,.T.);
#1191 = ORIENTED_EDGE('',*,*,#1183,.T.);
#1192 = ORIENTED_EDGE('',*,*,#1193,.T.);
#1193 = EDGE_CURVE('',#1184,#1184,#1194,.T.);
#1194 = CIRCLE('',#1195,5.5);
#1195 = AXIS2_PLACEMENT_3D('',#1196,#1197,#1198);
#1196 = CARTESIAN_POINT('',(-2.,210.,20.));
#1197 = DIRECTION('',(1.,0.,-0.));
#1198 = DIRECTION('',(0.,0.,1.));
#1199 = CYLINDRICAL_SURFACE('',#1200,5.5);
#1200 = AXIS2_PLACEMENT_3D('',#1201,#1202,#1203);
#1201 = CARTESIAN_POINT('',(-5.,210.,20.));
#1202 = DIRECTION('',(1.,0.,0.));
#1203 = DIRECTION('',(0.,0.,1.));
#1204 = ADVANCED_FACE('',(#1205),#1224,.F.);
#1205 = FACE_BOUND('',#1206,.T.);
#1206 = EDGE_LOOP('',(#1207,#1215,#1216,#1217));
#1207 = ORIENTED_EDGE('',*,*,#1208,.F.);
#1208 = EDGE_CURVE('',#311,#1209,#1211,.T.);
#1209 = VERTEX_POINT('',#1210);
#1210 = CARTESIAN_POINT('',(-2.,95.,25.5));
#1211 = LINE('',#1212,#1213);
#1212 = CARTESIAN_POINT('',(-5.,95.,25.5));
#1213 = VECTOR('',#1214,1.);
#1214 = DIRECTION('',(1.,0.,-6.E-17));
#1215 = ORIENTED_EDGE('',*,*,#310,.T.);
#1216 = ORIENTED_EDGE('',*,*,#1208,.T.);
#1217 = ORIENTED_EDGE('',*,*,#1218,.T.);
#1218 = EDGE_CURVE('',#1209,#1209,#1219,.T.);
#1219 = CIRCLE('',#1220,5.5);
#1220 = AXIS2_PLACEMENT_3D('',#1221,#1222,#1223);
#1221 = CARTESIAN_POINT('',(-2.,95.,20.));
#1222 = DIRECTION('',(1.,0.,-0.));
#1223 = DIRECTION('',(0.,0.,1.));
#1224 = CYLINDRICAL_SURFACE('',#1225,5.5);
#1225 = AXIS2_PLACEMENT_3D('',#1226,#1227,#1228);
#1226 = CARTESIAN_POINT('',(-5.,95.,20.));
#1227 = DIRECTION('',(1.,0.,0.));
#1228 = DIRECTION('',(0.,0.,1.));
#1229 = ADVANCED_FACE('',(#1230),#1249,.F.);
#1230 = FACE_BOUND('',#1231,.F.);
#1231 = EDGE_LOOP('',(#1232,#1240,#1241,#1242));
#1232 = ORIENTED_EDGE('',*,*,#1233,.T.);
#1233 = EDGE_CURVE('',#1234,#322,#1236,.T.);
#1234 = VERTEX_POINT('',#1235);
#1235 = CARTESIAN_POINT('',(-2.,10.5,70.));
#1236 = LINE('',#1237,#1238);
#1237 = CARTESIAN_POINT('',(-2.,10.5,70.));
#1238 = VECTOR('',#1239,1.);
#1239 = DIRECTION('',(-1.,-0.,-0.));
#1240 = ORIENTED_EDGE('',*,*,#321,.T.);
#1241 = ORIENTED_EDGE('',*,*,#1233,.F.);
#1242 = ORIENTED_EDGE('',*,*,#1243,.F.);
#1243 = EDGE_CURVE('',#1234,#1234,#1244,.T.);
#1244 = CIRCLE('',#1245,5.5);
#1245 = AXIS2_PLACEMENT_3D('',#1246,#1247,#1248);
#1246 = CARTESIAN_POINT('',(-2.,5.,70.));
#1247 = DIRECTION('',(1.,0.,0.));
#1248 = DIRECTION('',(0.,1.,0.));
#1249 = CYLINDRICAL_SURFACE('',#1250,5.5);
#1250 = AXIS2_PLACEMENT_3D('',#1251,#1252,#1253);
#1251 = CARTESIAN_POINT('',(-2.,5.,70.));
#1252 = DIRECTION('',(1.,0.,0.));
#1253 = DIRECTION('',(0.,1.,0.));
#1254 = ADVANCED_FACE('',(#1255),#1274,.F.);
#1255 = FACE_BOUND('',#1256,.F.);
#1256 = EDGE_LOOP('',(#1257,#1265,#1266,#1267));
#1257 = ORIENTED_EDGE('',*,*,#1258,.T.);
#1258 = EDGE_CURVE('',#1259,#333,#1261,.T.);
#1259 = VERTEX_POINT('',#1260);
#1260 = CARTESIAN_POINT('',(-2.,-19.5,70.));
#1261 = LINE('',#1262,#1263);
#1262 = CARTESIAN_POINT('',(-2.,-19.5,70.));
#1263 = VECTOR('',#1264,1.);
#1264 = DIRECTION('',(-1.,-0.,-0.));
#1265 = ORIENTED_EDGE('',*,*,#332,.T.);
#1266 = ORIENTED_EDGE('',*,*,#1258,.F.);
#1267 = ORIENTED_EDGE('',*,*,#1268,.F.);
#1268 = EDGE_CURVE('',#1259,#1259,#1269,.T.);
#1269 = CIRCLE('',#1270,5.5);
#1270 = AXIS2_PLACEMENT_3D('',#1271,#1272,#1273);
#1271 = CARTESIAN_POINT('',(-2.,-25.,70.));
#1272 = DIRECTION('',(1.,0.,0.));
#1273 = DIRECTION('',(0.,1.,0.));
#1274 = CYLINDRICAL_SURFACE('',#1275,5.5);
#1275 = AXIS2_PLACEMENT_3D('',#1276,#1277,#1278);
#1276 = CARTESIAN_POINT('',(-2.,-25.,70.));
#1277 = DIRECTION('',(1.,0.,0.));
#1278 = DIRECTION('',(0.,1.,0.));
#1279 = ADVANCED_FACE('',(#1280),#1299,.F.);
#1280 = FACE_BOUND('',#1281,.T.);
#1281 = EDGE_LOOP('',(#1282,#1290,#1291,#1292));
#1282 = ORIENTED_EDGE('',*,*,#1283,.F.);
#1283 = EDGE_CURVE('',#344,#1284,#1286,.T.);
#1284 = VERTEX_POINT('',#1285);
#1285 = CARTESIAN_POINT('',(-2.,-10.,35.5));
#1286 = LINE('',#1287,#1288);
#1287 = CARTESIAN_POINT('',(-5.,-10.,35.5));
#1288 = VECTOR('',#1289,1.);
#1289 = DIRECTION('',(1.,0.,-6.E-17));
#1290 = ORIENTED_EDGE('',*,*,#343,.T.);
#1291 = ORIENTED_EDGE('',*,*,#1283,.T.);
#1292 = ORIENTED_EDGE('',*,*,#1293,.T.);
#1293 = EDGE_CURVE('',#1284,#1284,#1294,.T.);
#1294 = CIRCLE('',#1295,5.5);
#1295 = AXIS2_PLACEMENT_3D('',#1296,#1297,#1298);
#1296 = CARTESIAN_POINT('',(-2.,-10.,30.));
#1297 = DIRECTION('',(1.,0.,-0.));
#1298 = DIRECTION('',(0.,0.,1.));
#1299 = CYLINDRICAL_SURFACE('',#1300,5.5);
#1300 = AXIS2_PLACEMENT_3D('',#1301,#1302,#1303);
#1301 = CARTESIAN_POINT('',(-5.,-10.,30.));
#1302 = DIRECTION('',(1.,0.,0.));
#1303 = DIRECTION('',(0.,0.,1.));
#1304 = ADVANCED_FACE('',(#1305),#1332,.T.);
#1305 = FACE_BOUND('',#1306,.F.);
#1306 = EDGE_LOOP('',(#1307,#1308,#1317,#1325));
#1307 = ORIENTED_EDGE('',*,*,#360,.F.);
#1308 = ORIENTED_EDGE('',*,*,#1309,.T.);
#1309 = EDGE_CURVE('',#361,#1310,#1312,.T.);
#1310 = VERTEX_POINT('',#1311);
#1311 = CARTESIAN_POINT('',(402.,468.,2.999999078461));
#1312 = CIRCLE('',#1313,3.);
#1313 = AXIS2_PLACEMENT_3D('',#1314,#1315,#1316);
#1314 = CARTESIAN_POINT('',(402.,465.,3.));
#1315 = DIRECTION('',(1.,0.,0.));
#1316 = DIRECTION('',(0.,1.,0.));
#1317 = ORIENTED_EDGE('',*,*,#1318,.F.);
#1318 = EDGE_CURVE('',#1319,#1310,#1321,.T.);
#1319 = VERTEX_POINT('',#1320);
#1320 = CARTESIAN_POINT('',(-2.,468.,2.999999078461));
#1321 = LINE('',#1322,#1323);
#1322 = CARTESIAN_POINT('',(-2.,468.,2.999999078461));
#1323 = VECTOR('',#1324,1.);
#1324 = DIRECTION('',(1.,0.,0.));
#1325 = ORIENTED_EDGE('',*,*,#1326,.F.);
#1326 = EDGE_CURVE('',#32,#1319,#1327,.T.);
#1327 = CIRCLE('',#1328,3.);
#1328 = AXIS2_PLACEMENT_3D('',#1329,#1330,#1331);
#1329 = CARTESIAN_POINT('',(-2.,465.,3.));
#1330 = DIRECTION('',(1.,0.,0.));
#1331 = DIRECTION('',(0.,1.,0.));
#1332 = CYLINDRICAL_SURFACE('',#1333,3.);
#1333 = AXIS2_PLACEMENT_3D('',#1334,#1335,#1336);
#1334 = CARTESIAN_POINT('',(-2.,465.,3.));
#1335 = DIRECTION('',(-1.,-0.,-0.));
#1336 = DIRECTION('',(0.,1.,0.));
#1337 = ADVANCED_FACE('',(#1338),#1365,.T.);
#1338 = FACE_BOUND('',#1339,.T.);
#1339 = EDGE_LOOP('',(#1340,#1341,#1350,#1358));
#1340 = ORIENTED_EDGE('',*,*,#368,.T.);
#1341 = ORIENTED_EDGE('',*,*,#1342,.T.);
#1342 = EDGE_CURVE('',#361,#1343,#1345,.T.);
#1343 = VERTEX_POINT('',#1344);
#1344 = CARTESIAN_POINT('',(405.,465.,2.999999078461));
#1345 = CIRCLE('',#1346,3.);
#1346 = AXIS2_PLACEMENT_3D('',#1347,#1348,#1349);
#1347 = CARTESIAN_POINT('',(402.,465.,3.));
#1348 = DIRECTION('',(0.,-1.,0.));
#1349 = DIRECTION('',(1.,0.,0.));
#1350 = ORIENTED_EDGE('',*,*,#1351,.F.);
#1351 = EDGE_CURVE('',#1352,#1343,#1354,.T.);
#1352 = VERTEX_POINT('',#1353);
#1353 = CARTESIAN_POINT('',(405.,-42.,2.999999078461));
#1354 = LINE('',#1355,#1356);
#1355 = CARTESIAN_POINT('',(405.,-42.,2.999999078461));
#1356 = VECTOR('',#1357,1.);
#1357 = DIRECTION('',(0.,1.,-2.2E-16));
#1358 = ORIENTED_EDGE('',*,*,#1359,.F.);
#1359 = EDGE_CURVE('',#369,#1352,#1360,.T.);
#1360 = CIRCLE('',#1361,3.);
#1361 = AXIS2_PLACEMENT_3D('',#1362,#1363,#1364);
#1362 = CARTESIAN_POINT('',(402.,-42.,3.));
#1363 = DIRECTION('',(0.,-1.,0.));
#1364 = DIRECTION('',(1.,0.,0.));
#1365 = CYLINDRICAL_SURFACE('',#1366,3.);
#1366 = AXIS2_PLACEMENT_3D('',#1367,#1368,#1369);
#1367 = CARTESIAN_POINT('',(402.,-42.,3.));
#1368 = DIRECTION('',(0.,-1.,2.2E-16));
#1369 = DIRECTION('',(1.,0.,0.));
#1370 = ADVANCED_FACE('',(#1371),#1398,.T.);
#1371 = FACE_BOUND('',#1372,.F.);
#1372 = EDGE_LOOP('',(#1373,#1383,#1390,#1391));
#1373 = ORIENTED_EDGE('',*,*,#1374,.T.);
#1374 = EDGE_CURVE('',#1375,#1377,#1379,.T.);
#1375 = VERTEX_POINT('',#1376);
#1376 = CARTESIAN_POINT('',(-2.,-45.0000002196,2.999998902693));
#1377 = VERTEX_POINT('',#1378);
#1378 = CARTESIAN_POINT('',(402.,-45.0000002196,2.999998902693));
#1379 = LINE('',#1380,#1381);
#1380 = CARTESIAN_POINT('',(-2.,-45.0000002196,2.999998902693));
#1381 = VECTOR('',#1382,1.);
#1382 = DIRECTION('',(1.,0.,0.));
#1383 = ORIENTED_EDGE('',*,*,#1384,.T.);
#1384 = EDGE_CURVE('',#1377,#369,#1385,.T.);
#1385 = CIRCLE('',#1386,2.999999419238);
#1386 = AXIS2_PLACEMENT_3D('',#1387,#1388,#1389);
#1387 = CARTESIAN_POINT('',(402.,-42.00000080036,2.999999));
#1388 = DIRECTION('',(1.,0.,0.));
#1389 = DIRECTION('',(0.,1.,0.));
#1390 = ORIENTED_EDGE('',*,*,#376,.T.);
#1391 = ORIENTED_EDGE('',*,*,#1392,.F.);
#1392 = EDGE_CURVE('',#1375,#41,#1393,.T.);
#1393 = CIRCLE('',#1394,2.999999419238);
#1394 = AXIS2_PLACEMENT_3D('',#1395,#1396,#1397);
#1395 = CARTESIAN_POINT('',(-2.,-42.00000080036,2.999999));
#1396 = DIRECTION('',(1.,0.,0.));
#1397 = DIRECTION('',(0.,1.,0.));
#1398 = CYLINDRICAL_SURFACE('',#1399,2.999999419238);
#1399 = AXIS2_PLACEMENT_3D('',#1400,#1401,#1402);
#1400 = CARTESIAN_POINT('',(-2.,-42.00000080036,2.999999));
#1401 = DIRECTION('',(-1.,-0.,-0.));
#1402 = DIRECTION('',(0.,1.,0.));
#1403 = ADVANCED_FACE('',(#1404),#1423,.F.);
#1404 = FACE_BOUND('',#1405,.T.);
#1405 = EDGE_LOOP('',(#1406,#1414,#1415,#1416));
#1406 = ORIENTED_EDGE('',*,*,#1407,.F.);
#1407 = EDGE_CURVE('',#386,#1408,#1410,.T.);
#1408 = VERTEX_POINT('',#1409);
#1409 = CARTESIAN_POINT('',(349.5,-23.,3.));
#1410 = LINE('',#1411,#1412);
#1411 = CARTESIAN_POINT('',(349.5,-23.,0.));
#1412 = VECTOR('',#1413,1.);
#1413 = DIRECTION('',(7.E-17,0.,1.));
#1414 = ORIENTED_EDGE('',*,*,#385,.T.);
#1415 = ORIENTED_EDGE('',*,*,#1407,.T.);
#1416 = ORIENTED_EDGE('',*,*,#1417,.T.);
#1417 = EDGE_CURVE('',#1408,#1408,#1418,.T.);
#1418 = CIRCLE('',#1419,5.5);
#1419 = AXIS2_PLACEMENT_3D('',#1420,#1421,#1422);
#1420 = CARTESIAN_POINT('',(355.,-23.,3.));
#1421 = DIRECTION('',(0.,0.,1.));
#1422 = DIRECTION('',(-1.,0.,0.));
#1423 = CYLINDRICAL_SURFACE('',#1424,5.5);
#1424 = AXIS2_PLACEMENT_3D('',#1425,#1426,#1427);
#1425 = CARTESIAN_POINT('',(355.,-23.,0.));
#1426 = DIRECTION('',(0.,0.,1.));
#1427 = DIRECTION('',(-1.,0.,0.));
#1428 = ADVANCED_FACE('',(#1429),#1448,.F.);
#1429 = FACE_BOUND('',#1430,.T.);
#1430 = EDGE_LOOP('',(#1431,#1439,#1440,#1441));
#1431 = ORIENTED_EDGE('',*,*,#1432,.F.);
#1432 = EDGE_CURVE('',#397,#1433,#1435,.T.);
#1433 = VERTEX_POINT('',#1434);
#1434 = CARTESIAN_POINT('',(299.5,-23.,3.));
#1435 = LINE('',#1436,#1437);
#1436 = CARTESIAN_POINT('',(299.5,-23.,0.));
#1437 = VECTOR('',#1438,1.);
#1438 = DIRECTION('',(7.E-17,0.,1.));
#1439 = ORIENTED_EDGE('',*,*,#396,.T.);
#1440 = ORIENTED_EDGE('',*,*,#1432,.T.);
#1441 = ORIENTED_EDGE('',*,*,#1442,.T.);
#1442 = EDGE_CURVE('',#1433,#1433,#1443,.T.);
#1443 = CIRCLE('',#1444,5.5);
#1444 = AXIS2_PLACEMENT_3D('',#1445,#1446,#1447);
#1445 = CARTESIAN_POINT('',(305.,-23.,3.));
#1446 = DIRECTION('',(0.,0.,1.));
#1447 = DIRECTION('',(-1.,0.,0.));
#1448 = CYLINDRICAL_SURFACE('',#1449,5.5);
#1449 = AXIS2_PLACEMENT_3D('',#1450,#1451,#1452);
#1450 = CARTESIAN_POINT('',(305.,-23.,0.));
#1451 = DIRECTION('',(0.,0.,1.));
#1452 = DIRECTION('',(-1.,0.,0.));
#1453 = ADVANCED_FACE('',(#1454),#1473,.F.);
#1454 = FACE_BOUND('',#1455,.T.);
#1455 = EDGE_LOOP('',(#1456,#1464,#1465,#1466));
#1456 = ORIENTED_EDGE('',*,*,#1457,.F.);
#1457 = EDGE_CURVE('',#408,#1458,#1460,.T.);
#1458 = VERTEX_POINT('',#1459);
#1459 = CARTESIAN_POINT('',(272.700001,-1.5,3.));
#1460 = LINE('',#1461,#1462);
#1461 = CARTESIAN_POINT('',(272.700001,-1.5,0.));
#1462 = VECTOR('',#1463,1.);
#1463 = DIRECTION('',(5.E-17,0.,1.));
#1464 = ORIENTED_EDGE('',*,*,#407,.T.);
#1465 = ORIENTED_EDGE('',*,*,#1457,.T.);
#1466 = ORIENTED_EDGE('',*,*,#1467,.T.);
#1467 = EDGE_CURVE('',#1458,#1458,#1468,.T.);
#1468 = CIRCLE('',#1469,3.3);
#1469 = AXIS2_PLACEMENT_3D('',#1470,#1471,#1472);
#1470 = CARTESIAN_POINT('',(276.000001,-1.5,3.));
#1471 = DIRECTION('',(0.,0.,1.));
#1472 = DIRECTION('',(-1.,0.,0.));
#1473 = CYLINDRICAL_SURFACE('',#1474,3.3);
#1474 = AXIS2_PLACEMENT_3D('',#1475,#1476,#1477);
#1475 = CARTESIAN_POINT('',(276.000001,-1.5,0.));
#1476 = DIRECTION('',(0.,0.,1.));
#1477 = DIRECTION('',(-1.,0.,0.));
#1478 = ADVANCED_FACE('',(#1479),#1498,.F.);
#1479 = FACE_BOUND('',#1480,.T.);
#1480 = EDGE_LOOP('',(#1481,#1489,#1490,#1491));
#1481 = ORIENTED_EDGE('',*,*,#1482,.F.);
#1482 = EDGE_CURVE('',#419,#1483,#1485,.T.);
#1483 = VERTEX_POINT('',#1484);
#1484 = CARTESIAN_POINT('',(272.700001,83.500001,3.));
#1485 = LINE('',#1486,#1487);
#1486 = CARTESIAN_POINT('',(272.700001,83.500001,0.));
#1487 = VECTOR('',#1488,1.);
#1488 = DIRECTION('',(5.E-17,0.,1.));
#1489 = ORIENTED_EDGE('',*,*,#418,.T.);
#1490 = ORIENTED_EDGE('',*,*,#1482,.T.);
#1491 = ORIENTED_EDGE('',*,*,#1492,.T.);
#1492 = EDGE_CURVE('',#1483,#1483,#1493,.T.);
#1493 = CIRCLE('',#1494,3.3);
#1494 = AXIS2_PLACEMENT_3D('',#1495,#1496,#1497);
#1495 = CARTESIAN_POINT('',(276.000001,83.500001,3.));
#1496 = DIRECTION('',(0.,0.,1.));
#1497 = DIRECTION('',(-1.,0.,0.));
#1498 = CYLINDRICAL_SURFACE('',#1499,3.3);
#1499 = AXIS2_PLACEMENT_3D('',#1500,#1501,#1502);
#1500 = CARTESIAN_POINT('',(276.000001,83.500001,0.));
#1501 = DIRECTION('',(0.,0.,1.));
#1502 = DIRECTION('',(-1.,0.,0.));
#1503 = ADVANCED_FACE('',(#1504),#1523,.F.);
#1504 = FACE_BOUND('',#1505,.T.);
#1505 = EDGE_LOOP('',(#1506,#1514,#1515,#1516));
#1506 = ORIENTED_EDGE('',*,*,#1507,.F.);
#1507 = EDGE_CURVE('',#430,#1508,#1510,.T.);
#1508 = VERTEX_POINT('',#1509);
#1509 = CARTESIAN_POINT('',(89.5,-23.,3.));
#1510 = LINE('',#1511,#1512);
#1511 = CARTESIAN_POINT('',(89.5,-23.,0.));
#1512 = VECTOR('',#1513,1.);
#1513 = DIRECTION('',(7.E-17,0.,1.));
#1514 = ORIENTED_EDGE('',*,*,#429,.T.);
#1515 = ORIENTED_EDGE('',*,*,#1507,.T.);
#1516 = ORIENTED_EDGE('',*,*,#1517,.T.);
#1517 = EDGE_CURVE('',#1508,#1508,#1518,.T.);
#1518 = CIRCLE('',#1519,5.5);
#1519 = AXIS2_PLACEMENT_3D('',#1520,#1521,#1522);
#1520 = CARTESIAN_POINT('',(95.,-23.,3.));
#1521 = DIRECTION('',(0.,0.,1.));
#1522 = DIRECTION('',(-1.,0.,0.));
#1523 = CYLINDRICAL_SURFACE('',#1524,5.5);
#1524 = AXIS2_PLACEMENT_3D('',#1525,#1526,#1527);
#1525 = CARTESIAN_POINT('',(95.,-23.,0.));
#1526 = DIRECTION('',(0.,0.,1.));
#1527 = DIRECTION('',(-1.,0.,0.));
#1528 = ADVANCED_FACE('',(#1529),#1548,.F.);
#1529 = FACE_BOUND('',#1530,.T.);
#1530 = EDGE_LOOP('',(#1531,#1539,#1540,#1541));
#1531 = ORIENTED_EDGE('',*,*,#1532,.F.);
#1532 = EDGE_CURVE('',#441,#1533,#1535,.T.);
#1533 = VERTEX_POINT('',#1534);
#1534 = CARTESIAN_POINT('',(39.5,-23.,3.));
#1535 = LINE('',#1536,#1537);
#1536 = CARTESIAN_POINT('',(39.5,-23.,0.));
#1537 = VECTOR('',#1538,1.);
#1538 = DIRECTION('',(7.E-17,0.,1.));
#1539 = ORIENTED_EDGE('',*,*,#440,.T.);
#1540 = ORIENTED_EDGE('',*,*,#1532,.T.);
#1541 = ORIENTED_EDGE('',*,*,#1542,.T.);
#1542 = EDGE_CURVE('',#1533,#1533,#1543,.T.);
#1543 = CIRCLE('',#1544,5.5);
#1544 = AXIS2_PLACEMENT_3D('',#1545,#1546,#1547);
#1545 = CARTESIAN_POINT('',(45.,-23.,3.));
#1546 = DIRECTION('',(0.,0.,1.));
#1547 = DIRECTION('',(-1.,0.,0.));
#1548 = CYLINDRICAL_SURFACE('',#1549,5.5);
#1549 = AXIS2_PLACEMENT_3D('',#1550,#1551,#1552);
#1550 = CARTESIAN_POINT('',(45.,-23.,0.));
#1551 = DIRECTION('',(0.,0.,1.));
#1552 = DIRECTION('',(-1.,0.,0.));
#1553 = ADVANCED_FACE('',(#1554),#1573,.F.);
#1554 = FACE_BOUND('',#1555,.T.);
#1555 = EDGE_LOOP('',(#1556,#1564,#1565,#1566));
#1556 = ORIENTED_EDGE('',*,*,#1557,.F.);
#1557 = EDGE_CURVE('',#452,#1558,#1560,.T.);
#1558 = VERTEX_POINT('',#1559);
#1559 = CARTESIAN_POINT('',(34.700001,-1.5,3.));
#1560 = LINE('',#1561,#1562);
#1561 = CARTESIAN_POINT('',(34.700001,-1.5,0.));
#1562 = VECTOR('',#1563,1.);
#1563 = DIRECTION('',(5.E-17,0.,1.));
#1564 = ORIENTED_EDGE('',*,*,#451,.T.);
#1565 = ORIENTED_EDGE('',*,*,#1557,.T.);
#1566 = ORIENTED_EDGE('',*,*,#1567,.T.);
#1567 = EDGE_CURVE('',#1558,#1558,#1568,.T.);
#1568 = CIRCLE('',#1569,3.3);
#1569 = AXIS2_PLACEMENT_3D('',#1570,#1571,#1572);
#1570 = CARTESIAN_POINT('',(38.000001,-1.5,3.));
#1571 = DIRECTION('',(0.,0.,1.));
#1572 = DIRECTION('',(-1.,0.,0.));
#1573 = CYLINDRICAL_SURFACE('',#1574,3.3);
#1574 = AXIS2_PLACEMENT_3D('',#1575,#1576,#1577);
#1575 = CARTESIAN_POINT('',(38.000001,-1.5,0.));
#1576 = DIRECTION('',(0.,0.,1.));
#1577 = DIRECTION('',(-1.,0.,0.));
#1578 = ADVANCED_FACE('',(#1579),#1598,.F.);
#1579 = FACE_BOUND('',#1580,.T.);
#1580 = EDGE_LOOP('',(#1581,#1589,#1590,#1591));
#1581 = ORIENTED_EDGE('',*,*,#1582,.F.);
#1582 = EDGE_CURVE('',#463,#1583,#1585,.T.);
#1583 = VERTEX_POINT('',#1584);
#1584 = CARTESIAN_POINT('',(34.700001,83.500001,3.));
#1585 = LINE('',#1586,#1587);
#1586 = CARTESIAN_POINT('',(34.700001,83.500001,0.));
#1587 = VECTOR('',#1588,1.);
#1588 = DIRECTION('',(5.E-17,0.,1.));
#1589 = ORIENTED_EDGE('',*,*,#462,.T.);
#1590 = ORIENTED_EDGE('',*,*,#1582,.T.);
#1591 = ORIENTED_EDGE('',*,*,#1592,.T.);
#1592 = EDGE_CURVE('',#1583,#1583,#1593,.T.);
#1593 = CIRCLE('',#1594,3.3);
#1594 = AXIS2_PLACEMENT_3D('',#1595,#1596,#1597);
#1595 = CARTESIAN_POINT('',(38.000001,83.500001,3.));
#1596 = DIRECTION('',(0.,0.,1.));
#1597 = DIRECTION('',(-1.,0.,0.));
#1598 = CYLINDRICAL_SURFACE('',#1599,3.3);
#1599 = AXIS2_PLACEMENT_3D('',#1600,#1601,#1602);
#1600 = CARTESIAN_POINT('',(38.000001,83.500001,0.));
#1601 = DIRECTION('',(0.,0.,1.));
#1602 = DIRECTION('',(-1.,0.,0.));
#1603 = ADVANCED_FACE('',(#1604),#1623,.F.);
#1604 = FACE_BOUND('',#1605,.T.);
#1605 = EDGE_LOOP('',(#1606,#1614,#1615,#1616));
#1606 = ORIENTED_EDGE('',*,*,#1607,.F.);
#1607 = EDGE_CURVE('',#474,#1608,#1610,.T.);
#1608 = VERTEX_POINT('',#1609);
#1609 = CARTESIAN_POINT('',(349.5,448.,3.));
#1610 = LINE('',#1611,#1612);
#1611 = CARTESIAN_POINT('',(349.5,448.,0.));
#1612 = VECTOR('',#1613,1.);
#1613 = DIRECTION('',(7.E-17,0.,1.));
#1614 = ORIENTED_EDGE('',*,*,#473,.T.);
#1615 = ORIENTED_EDGE('',*,*,#1607,.T.);
#1616 = ORIENTED_EDGE('',*,*,#1617,.T.);
#1617 = EDGE_CURVE('',#1608,#1608,#1618,.T.);
#1618 = CIRCLE('',#1619,5.5);
#1619 = AXIS2_PLACEMENT_3D('',#1620,#1621,#1622);
#1620 = CARTESIAN_POINT('',(355.,448.,3.));
#1621 = DIRECTION('',(0.,0.,1.));
#1622 = DIRECTION('',(-1.,0.,0.));
#1623 = CYLINDRICAL_SURFACE('',#1624,5.5);
#1624 = AXIS2_PLACEMENT_3D('',#1625,#1626,#1627);
#1625 = CARTESIAN_POINT('',(355.,448.,0.));
#1626 = DIRECTION('',(0.,0.,1.));
#1627 = DIRECTION('',(-1.,0.,0.));
#1628 = ADVANCED_FACE('',(#1629),#1648,.F.);
#1629 = FACE_BOUND('',#1630,.T.);
#1630 = EDGE_LOOP('',(#1631,#1639,#1640,#1641));
#1631 = ORIENTED_EDGE('',*,*,#1632,.F.);
#1632 = EDGE_CURVE('',#485,#1633,#1635,.T.);
#1633 = VERTEX_POINT('',#1634);
#1634 = CARTESIAN_POINT('',(299.5,448.,3.));
#1635 = LINE('',#1636,#1637);
#1636 = CARTESIAN_POINT('',(299.5,448.,0.));
#1637 = VECTOR('',#1638,1.);
#1638 = DIRECTION('',(7.E-17,0.,1.));
#1639 = ORIENTED_EDGE('',*,*,#484,.T.);
#1640 = ORIENTED_EDGE('',*,*,#1632,.T.);
#1641 = ORIENTED_EDGE('',*,*,#1642,.T.);
#1642 = EDGE_CURVE('',#1633,#1633,#1643,.T.);
#1643 = CIRCLE('',#1644,5.5);
#1644 = AXIS2_PLACEMENT_3D('',#1645,#1646,#1647);
#1645 = CARTESIAN_POINT('',(305.,448.,3.));
#1646 = DIRECTION('',(0.,0.,1.));
#1647 = DIRECTION('',(-1.,0.,0.));
#1648 = CYLINDRICAL_SURFACE('',#1649,5.5);
#1649 = AXIS2_PLACEMENT_3D('',#1650,#1651,#1652);
#1650 = CARTESIAN_POINT('',(305.,448.,0.));
#1651 = DIRECTION('',(0.,0.,1.));
#1652 = DIRECTION('',(-1.,0.,0.));
#1653 = ADVANCED_FACE('',(#1654),#1673,.F.);
#1654 = FACE_BOUND('',#1655,.T.);
#1655 = EDGE_LOOP('',(#1656,#1664,#1665,#1666));
#1656 = ORIENTED_EDGE('',*,*,#1657,.F.);
#1657 = EDGE_CURVE('',#496,#1658,#1660,.T.);
#1658 = VERTEX_POINT('',#1659);
#1659 = CARTESIAN_POINT('',(89.5,448.,3.));
#1660 = LINE('',#1661,#1662);
#1661 = CARTESIAN_POINT('',(89.5,448.,0.));
#1662 = VECTOR('',#1663,1.);
#1663 = DIRECTION('',(7.E-17,0.,1.));
#1664 = ORIENTED_EDGE('',*,*,#495,.T.);
#1665 = ORIENTED_EDGE('',*,*,#1657,.T.);
#1666 = ORIENTED_EDGE('',*,*,#1667,.T.);
#1667 = EDGE_CURVE('',#1658,#1658,#1668,.T.);
#1668 = CIRCLE('',#1669,5.5);
#1669 = AXIS2_PLACEMENT_3D('',#1670,#1671,#1672);
#1670 = CARTESIAN_POINT('',(95.,448.,3.));
#1671 = DIRECTION('',(0.,0.,1.));
#1672 = DIRECTION('',(-1.,0.,0.));
#1673 = CYLINDRICAL_SURFACE('',#1674,5.5);
#1674 = AXIS2_PLACEMENT_3D('',#1675,#1676,#1677);
#1675 = CARTESIAN_POINT('',(95.,448.,0.));
#1676 = DIRECTION('',(0.,0.,1.));
#1677 = DIRECTION('',(-1.,0.,0.));
#1678 = ADVANCED_FACE('',(#1679),#1698,.F.);
#1679 = FACE_BOUND('',#1680,.T.);
#1680 = EDGE_LOOP('',(#1681,#1689,#1690,#1691));
#1681 = ORIENTED_EDGE('',*,*,#1682,.F.);
#1682 = EDGE_CURVE('',#507,#1683,#1685,.T.);
#1683 = VERTEX_POINT('',#1684);
#1684 = CARTESIAN_POINT('',(39.5,448.,3.));
#1685 = LINE('',#1686,#1687);
#1686 = CARTESIAN_POINT('',(39.5,448.,0.));
#1687 = VECTOR('',#1688,1.);
#1688 = DIRECTION('',(7.E-17,0.,1.));
#1689 = ORIENTED_EDGE('',*,*,#506,.T.);
#1690 = ORIENTED_EDGE('',*,*,#1682,.T.);
#1691 = ORIENTED_EDGE('',*,*,#1692,.T.);
#1692 = EDGE_CURVE('',#1683,#1683,#1693,.T.);
#1693 = CIRCLE('',#1694,5.5);
#1694 = AXIS2_PLACEMENT_3D('',#1695,#1696,#1697);
#1695 = CARTESIAN_POINT('',(45.,448.,3.));
#1696 = DIRECTION('',(0.,0.,1.));
#1697 = DIRECTION('',(-1.,0.,0.));
#1698 = CYLINDRICAL_SURFACE('',#1699,5.5);
#1699 = AXIS2_PLACEMENT_3D('',#1700,#1701,#1702);
#1700 = CARTESIAN_POINT('',(45.,448.,0.));
#1701 = DIRECTION('',(0.,0.,1.));
#1702 = DIRECTION('',(-1.,0.,0.));
#1703 = ADVANCED_FACE('',(#1704,#1725,#1728,#1738,#1741,#1744,#1747,
    #1750,#1753,#1756,#1759,#1762,#1765,#1768),#1771,.T.);
#1704 = FACE_BOUND('',#1705,.T.);
#1705 = EDGE_LOOP('',(#1706,#1707,#1708,#1709,#1710,#1711,#1712,#1718,
    #1719,#1720,#1721,#1722,#1723,#1724));
#1706 = ORIENTED_EDGE('',*,*,#757,.F.);
#1707 = ORIENTED_EDGE('',*,*,#709,.F.);
#1708 = ORIENTED_EDGE('',*,*,#661,.F.);
#1709 = ORIENTED_EDGE('',*,*,#613,.F.);
#1710 = ORIENTED_EDGE('',*,*,#540,.T.);
#1711 = ORIENTED_EDGE('',*,*,#532,.T.);
#1712 = ORIENTED_EDGE('',*,*,#1713,.T.);
#1713 = EDGE_CURVE('',#525,#582,#1714,.T.);
#1714 = LINE('',#1715,#1716);
#1715 = CARTESIAN_POINT('',(-2.,-42.,3.));
#1716 = VECTOR('',#1717,1.);
#1717 = DIRECTION('',(0.,1.,-2.2E-16));
#1718 = ORIENTED_EDGE('',*,*,#581,.T.);
#1719 = ORIENTED_EDGE('',*,*,#573,.T.);
#1720 = ORIENTED_EDGE('',*,*,#637,.T.);
#1721 = ORIENTED_EDGE('',*,*,#685,.T.);
#1722 = ORIENTED_EDGE('',*,*,#733,.T.);
#1723 = ORIENTED_EDGE('',*,*,#781,.T.);
#1724 = ORIENTED_EDGE('',*,*,#798,.T.);
#1725 = FACE_BOUND('',#1726,.T.);
#1726 = EDGE_LOOP('',(#1727));
#1727 = ORIENTED_EDGE('',*,*,#1118,.F.);
#1728 = FACE_BOUND('',#1729,.T.);
#1729 = EDGE_LOOP('',(#1730,#1731,#1732,#1733,#1734,#1735,#1736,#1737));
#1730 = ORIENTED_EDGE('',*,*,#1075,.T.);
#1731 = ORIENTED_EDGE('',*,*,#1093,.T.);
#1732 = ORIENTED_EDGE('',*,*,#921,.T.);
#1733 = ORIENTED_EDGE('',*,*,#953,.T.);
#1734 = ORIENTED_EDGE('',*,*,#977,.T.);
#1735 = ORIENTED_EDGE('',*,*,#1002,.T.);
#1736 = ORIENTED_EDGE('',*,*,#1026,.T.);
#1737 = ORIENTED_EDGE('',*,*,#1051,.T.);
#1738 = FACE_BOUND('',#1739,.T.);
#1739 = EDGE_LOOP('',(#1740));
#1740 = ORIENTED_EDGE('',*,*,#872,.F.);
#1741 = FACE_BOUND('',#1742,.T.);
#1742 = EDGE_LOOP('',(#1743));
#1743 = ORIENTED_EDGE('',*,*,#897,.F.);
#1744 = FACE_BOUND('',#1745,.T.);
#1745 = EDGE_LOOP('',(#1746));
#1746 = ORIENTED_EDGE('',*,*,#822,.F.);
#1747 = FACE_BOUND('',#1748,.T.);
#1748 = EDGE_LOOP('',(#1749));
#1749 = ORIENTED_EDGE('',*,*,#847,.F.);
#1750 = FACE_BOUND('',#1751,.T.);
#1751 = EDGE_LOOP('',(#1752));
#1752 = ORIENTED_EDGE('',*,*,#1193,.F.);
#1753 = FACE_BOUND('',#1754,.T.);
#1754 = EDGE_LOOP('',(#1755));
#1755 = ORIENTED_EDGE('',*,*,#1218,.F.);
#1756 = FACE_BOUND('',#1757,.T.);
#1757 = EDGE_LOOP('',(#1758));
#1758 = ORIENTED_EDGE('',*,*,#1293,.F.);
#1759 = FACE_BOUND('',#1760,.T.);
#1760 = EDGE_LOOP('',(#1761));
#1761 = ORIENTED_EDGE('',*,*,#1243,.F.);
#1762 = FACE_BOUND('',#1763,.T.);
#1763 = EDGE_LOOP('',(#1764));
#1764 = ORIENTED_EDGE('',*,*,#1268,.F.);
#1765 = FACE_BOUND('',#1766,.T.);
#1766 = EDGE_LOOP('',(#1767));
#1767 = ORIENTED_EDGE('',*,*,#1143,.F.);
#1768 = FACE_BOUND('',#1769,.T.);
#1769 = EDGE_LOOP('',(#1770));
#1770 = ORIENTED_EDGE('',*,*,#1168,.F.);
#1771 = PLANE('',#1772);
#1772 = AXIS2_PLACEMENT_3D('',#1773,#1774,#1775);
#1773 = CARTESIAN_POINT('',(-2.,205.85489650206,54.188130199445));
#1774 = DIRECTION('',(1.,0.,0.));
#1775 = DIRECTION('',(0.,0.,1.));
#1776 = ADVANCED_FACE('',(#1777),#1796,.F.);
#1777 = FACE_BOUND('',#1778,.F.);
#1778 = EDGE_LOOP('',(#1779,#1780,#1781,#1789,#1795));
#1779 = ORIENTED_EDGE('',*,*,#524,.T.);
#1780 = ORIENTED_EDGE('',*,*,#532,.F.);
#1781 = ORIENTED_EDGE('',*,*,#1782,.T.);
#1782 = EDGE_CURVE('',#533,#1783,#1785,.T.);
#1783 = VERTEX_POINT('',#1784);
#1784 = CARTESIAN_POINT('',(-2.,-45.0000002196,28.));
#1785 = LINE('',#1786,#1787);
#1786 = CARTESIAN_POINT('',(-2.,-42.00000080036,28.));
#1787 = VECTOR('',#1788,1.);
#1788 = DIRECTION('',(0.,-1.,0.));
#1789 = ORIENTED_EDGE('',*,*,#1790,.T.);
#1790 = EDGE_CURVE('',#1783,#1375,#1791,.T.);
#1791 = LINE('',#1792,#1793);
#1792 = CARTESIAN_POINT('',(-2.,-45.0000002196,28.));
#1793 = VECTOR('',#1794,1.);
#1794 = DIRECTION('',(0.,0.,-1.));
#1795 = ORIENTED_EDGE('',*,*,#1392,.T.);
#1796 = PLANE('',#1797);
#1797 = AXIS2_PLACEMENT_3D('',#1798,#1799,#1800);
#1798 = CARTESIAN_POINT('',(-2.,211.4999999296,14.32246774806));
#1799 = DIRECTION('',(1.,0.,0.));
#1800 = DIRECTION('',(0.,0.,1.));
#1801 = ADVANCED_FACE('',(#1802),#1821,.F.);
#1802 = FACE_BOUND('',#1803,.T.);
#1803 = EDGE_LOOP('',(#1804,#1812,#1818,#1819,#1820));
#1804 = ORIENTED_EDGE('',*,*,#1805,.T.);
#1805 = EDGE_CURVE('',#574,#1806,#1808,.T.);
#1806 = VERTEX_POINT('',#1807);
#1807 = CARTESIAN_POINT('',(-2.,468.,28.));
#1808 = LINE('',#1809,#1810);
#1809 = CARTESIAN_POINT('',(-2.,465.,28.));
#1810 = VECTOR('',#1811,1.);
#1811 = DIRECTION('',(0.,1.,0.));
#1812 = ORIENTED_EDGE('',*,*,#1813,.T.);
#1813 = EDGE_CURVE('',#1806,#1319,#1814,.T.);
#1814 = LINE('',#1815,#1816);
#1815 = CARTESIAN_POINT('',(-2.,468.,28.));
#1816 = VECTOR('',#1817,1.);
#1817 = DIRECTION('',(0.,0.,-1.));
#1818 = ORIENTED_EDGE('',*,*,#1326,.F.);
#1819 = ORIENTED_EDGE('',*,*,#589,.F.);
#1820 = ORIENTED_EDGE('',*,*,#581,.T.);
#1821 = PLANE('',#1822);
#1822 = AXIS2_PLACEMENT_3D('',#1823,#1824,#1825);
#1823 = CARTESIAN_POINT('',(-2.,211.4999999296,14.32246774806));
#1824 = DIRECTION('',(1.,0.,0.));
#1825 = DIRECTION('',(0.,0.,1.));
#1826 = ADVANCED_FACE('',(#1827,#1845,#1895,#1945),#1995,.T.);
#1827 = FACE_BOUND('',#1828,.T.);
#1828 = EDGE_LOOP('',(#1829,#1837,#1843,#1844));
#1829 = ORIENTED_EDGE('',*,*,#1830,.T.);
#1830 = EDGE_CURVE('',#1806,#1831,#1833,.T.);
#1831 = VERTEX_POINT('',#1832);
#1832 = CARTESIAN_POINT('',(402.,468.,28.));
#1833 = LINE('',#1834,#1835);
#1834 = CARTESIAN_POINT('',(-2.,468.,28.));
#1835 = VECTOR('',#1836,1.);
#1836 = DIRECTION('',(1.,0.,0.));
#1837 = ORIENTED_EDGE('',*,*,#1838,.T.);
#1838 = EDGE_CURVE('',#1831,#1310,#1839,.T.);
#1839 = LINE('',#1840,#1841);
#1840 = CARTESIAN_POINT('',(402.,468.,28.));
#1841 = VECTOR('',#1842,1.);
#1842 = DIRECTION('',(0.,0.,-1.));
#1843 = ORIENTED_EDGE('',*,*,#1318,.F.);
#1844 = ORIENTED_EDGE('',*,*,#1813,.F.);
#1845 = FACE_BOUND('',#1846,.T.);
#1846 = EDGE_LOOP('',(#1847,#1857,#1865,#1873,#1881,#1889));
#1847 = ORIENTED_EDGE('',*,*,#1848,.F.);
#1848 = EDGE_CURVE('',#1849,#1851,#1853,.T.);
#1849 = VERTEX_POINT('',#1850);
#1850 = CARTESIAN_POINT('',(395.92820346055,468.,17.999999601151));
#1851 = VERTEX_POINT('',#1852);
#1852 = CARTESIAN_POINT('',(395.928203,468.,9.999999601151));
#1853 = LINE('',#1854,#1855);
#1854 = CARTESIAN_POINT('',(395.92820351811,468.,18.999988346436));
#1855 = VECTOR('',#1856,1.);
#1856 = DIRECTION('',(-5.756887589E-08,0.,-1.));
#1857 = ORIENTED_EDGE('',*,*,#1858,.F.);
#1858 = EDGE_CURVE('',#1859,#1849,#1861,.T.);
#1859 = VERTEX_POINT('',#1860);
#1860 = CARTESIAN_POINT('',(389.00000046055,468.,22.));
#1861 = LINE('',#1862,#1863);
#1862 = CARTESIAN_POINT('',(244.54007334268,468.,105.40398889714));
#1863 = VECTOR('',#1864,1.);
#1864 = DIRECTION('',(0.866025375,0.,-0.500000049856));
#1865 = ORIENTED_EDGE('',*,*,#1866,.F.);
#1866 = EDGE_CURVE('',#1867,#1859,#1869,.T.);
#1867 = VERTEX_POINT('',#1868);
#1868 = CARTESIAN_POINT('',(382.071797,468.,18.000000398849));
#1869 = LINE('',#1870,#1871);
#1870 = CARTESIAN_POINT('',(243.67402856029,468.,-61.90397784185));
#1871 = VECTOR('',#1872,1.);
#1872 = DIRECTION('',(0.866025432569,0.,0.499999950144));
#1873 = ORIENTED_EDGE('',*,*,#1874,.F.);
#1874 = EDGE_CURVE('',#1875,#1867,#1877,.T.);
#1875 = VERTEX_POINT('',#1876);
#1876 = CARTESIAN_POINT('',(382.07179653944,468.,10.000000398849));
#1877 = LINE('',#1878,#1879);
#1878 = CARTESIAN_POINT('',(382.07179728784,468.,22.999989144134));
#1879 = VECTOR('',#1880,1.);
#1880 = DIRECTION('',(5.756887589E-08,0.,1.));
#1881 = ORIENTED_EDGE('',*,*,#1882,.F.);
#1882 = EDGE_CURVE('',#1883,#1875,#1885,.T.);
#1883 = VERTEX_POINT('',#1884);
#1884 = CARTESIAN_POINT('',(388.99999953944,468.,6.));
#1885 = LINE('',#1886,#1887);
#1886 = CARTESIAN_POINT('',(234.14776792158,468.,95.403989495415));
#1887 = VECTOR('',#1888,1.);
#1888 = DIRECTION('',(-0.866025375,0.,0.500000049856));
#1889 = ORIENTED_EDGE('',*,*,#1890,.F.);
#1890 = EDGE_CURVE('',#1851,#1883,#1891,.T.);
#1891 = LINE('',#1892,#1893);
#1892 = CARTESIAN_POINT('',(247.13812936947,468.,-75.90397804127));
#1893 = VECTOR('',#1894,1.);
#1894 = DIRECTION('',(-0.866025432569,0.,-0.499999950144));
#1895 = FACE_BOUND('',#1896,.T.);
#1896 = EDGE_LOOP('',(#1897,#1907,#1915,#1923,#1931,#1939));
#1897 = ORIENTED_EDGE('',*,*,#1898,.F.);
#1898 = EDGE_CURVE('',#1899,#1901,#1903,.T.);
#1899 = VERTEX_POINT('',#1900);
#1900 = CARTESIAN_POINT('',(17.928203287844,468.,17.999999900288));
#1901 = VERTEX_POINT('',#1902);
#1902 = CARTESIAN_POINT('',(17.928203172707,468.,9.999999900288));
#1903 = LINE('',#1904,#1905);
#1904 = CARTESIAN_POINT('',(17.928203302237,468.,18.999999806738));
#1905 = VECTOR('',#1906,1.);
#1906 = DIRECTION('',(-1.439221942E-08,0.,-1.));
#1907 = ORIENTED_EDGE('',*,*,#1908,.F.);
#1908 = EDGE_CURVE('',#1909,#1899,#1911,.T.);
#1909 = VERTEX_POINT('',#1910);
#1910 = CARTESIAN_POINT('',(11.000000115138,468.,22.));
#1911 = LINE('',#1912,#1913);
#1912 = CARTESIAN_POINT('',(8.290063612066,468.,23.564582621538));
#1913 = VECTOR('',#1914,1.);
#1914 = DIRECTION('',(0.866025396588,0.,-0.500000012464));
#1915 = ORIENTED_EDGE('',*,*,#1916,.F.);
#1916 = EDGE_CURVE('',#1917,#1909,#1919,.T.);
#1917 = VERTEX_POINT('',#1918);
#1918 = CARTESIAN_POINT('',(4.071796827293,468.,18.000000099712));
#1919 = LINE('',#1920,#1921);
#1920 = CARTESIAN_POINT('',(7.424038075033,468.,19.935417422155));
#1921 = VECTOR('',#1922,1.);
#1922 = DIRECTION('',(0.866025410981,0.,0.499999987536));
#1923 = ORIENTED_EDGE('',*,*,#1924,.F.);
#1924 = EDGE_CURVE('',#1925,#1917,#1927,.T.);
#1925 = VERTEX_POINT('',#1926);
#1926 = CARTESIAN_POINT('',(4.071796712156,468.,10.000000099712));
#1927 = LINE('',#1928,#1929);
#1928 = CARTESIAN_POINT('',(4.071796899254,468.,23.000000006163));
#1929 = VECTOR('',#1930,1.);
#1930 = DIRECTION('',(1.439221931E-08,0.,1.));
#1931 = ORIENTED_EDGE('',*,*,#1932,.F.);
#1932 = EDGE_CURVE('',#1933,#1925,#1935,.T.);
#1933 = VERTEX_POINT('',#1934);
#1934 = CARTESIAN_POINT('',(10.999999884862,468.,6.));
#1935 = LINE('',#1936,#1937);
#1936 = CARTESIAN_POINT('',(-2.10224137727,468.,13.564582771106));
#1937 = VECTOR('',#1938,1.);
#1938 = DIRECTION('',(-0.866025396588,0.,0.500000012464));
#1939 = ORIENTED_EDGE('',*,*,#1940,.F.);
#1940 = EDGE_CURVE('',#1901,#1933,#1941,.T.);
#1941 = LINE('',#1942,#1943);
#1942 = CARTESIAN_POINT('',(10.88813948868,468.,5.935417372299));
#1943 = VECTOR('',#1944,1.);
#1944 = DIRECTION('',(-0.866025410981,0.,-0.499999987536));
#1945 = FACE_BOUND('',#1946,.T.);
#1946 = EDGE_LOOP('',(#1947,#1957,#1965,#1973,#1981,#1989));
#1947 = ORIENTED_EDGE('',*,*,#1948,.F.);
#1948 = EDGE_CURVE('',#1949,#1951,#1953,.T.);
#1949 = VERTEX_POINT('',#1950);
#1950 = CARTESIAN_POINT('',(206.92820323028,468.,17.999999999985));
#1951 = VERTEX_POINT('',#1952);
#1952 = CARTESIAN_POINT('',(206.92820323027,468.,9.999999999985));
#1953 = LINE('',#1954,#1955);
#1954 = CARTESIAN_POINT('',(206.92820323028,468.,18.999999999855));
#1955 = VECTOR('',#1956,1.);
#1956 = DIRECTION('',(-1.3145E-12,0.,-1.));
#1957 = ORIENTED_EDGE('',*,*,#1958,.F.);
#1958 = EDGE_CURVE('',#1959,#1949,#1961,.T.);
#1959 = VERTEX_POINT('',#1960);
#1960 = CARTESIAN_POINT('',(200.00000000001,468.,21.999999999994));
#1961 = LINE('',#1962,#1963);
#1962 = CARTESIAN_POINT('',(126.41506350957,468.,64.484282891176));
#1963 = VECTOR('',#1964,1.);
#1964 = DIRECTION('',(0.866025403784,0.,-0.500000000001));
#1965 = ORIENTED_EDGE('',*,*,#1966,.F.);
#1966 = EDGE_CURVE('',#1967,#1959,#1969,.T.);
#1967 = VERTEX_POINT('',#1968);
#1968 = CARTESIAN_POINT('',(193.07179676973,468.,18.000000000003));
#1969 = LINE('',#1970,#1971);
#1970 = CARTESIAN_POINT('',(125.54903810556,468.,-20.98428289105));
#1971 = VECTOR('',#1972,1.);
#1972 = DIRECTION('',(0.866025403785,0.,0.499999999999));
#1973 = ORIENTED_EDGE('',*,*,#1974,.F.);
#1974 = EDGE_CURVE('',#1975,#1967,#1977,.T.);
#1975 = VERTEX_POINT('',#1976);
#1976 = CARTESIAN_POINT('',(193.07179676971,468.,10.000000000003));
#1977 = LINE('',#1978,#1979);
#1978 = CARTESIAN_POINT('',(193.07179676973,468.,22.999999999873));
#1979 = VECTOR('',#1980,1.);
#1980 = DIRECTION('',(1.3145E-12,0.,1.));
#1981 = ORIENTED_EDGE('',*,*,#1982,.F.);
#1982 = EDGE_CURVE('',#1983,#1975,#1985,.T.);
#1983 = VERTEX_POINT('',#1984);
#1984 = CARTESIAN_POINT('',(199.99999999998,468.,5.999999999994));
#1985 = LINE('',#1986,#1987);
#1986 = CARTESIAN_POINT('',(116.02275866415,468.,54.48428289119));
#1987 = VECTOR('',#1988,1.);
#1988 = DIRECTION('',(-0.866025403784,0.,0.500000000001));
#1989 = ORIENTED_EDGE('',*,*,#1990,.F.);
#1990 = EDGE_CURVE('',#1951,#1983,#1991,.T.);
#1991 = LINE('',#1992,#1993);
#1992 = CARTESIAN_POINT('',(129.01313972068,468.,-34.98428289106));
#1993 = VECTOR('',#1994,1.);
#1994 = DIRECTION('',(-0.866025403785,0.,-0.499999999999));
#1995 = PLANE('',#1996);
#1996 = AXIS2_PLACEMENT_3D('',#1997,#1998,#1999);
#1997 = CARTESIAN_POINT('',(-2.,468.,28.));
#1998 = DIRECTION('',(0.,1.,0.));
#1999 = DIRECTION('',(0.,0.,-1.));
#2000 = ADVANCED_FACE('',(#2001),#2027,.T.);
#2001 = FACE_BOUND('',#2002,.F.);
#2002 = EDGE_LOOP('',(#2003,#2011,#2019,#2025,#2026));
#2003 = ORIENTED_EDGE('',*,*,#2004,.T.);
#2004 = EDGE_CURVE('',#361,#2005,#2007,.T.);
#2005 = VERTEX_POINT('',#2006);
#2006 = CARTESIAN_POINT('',(402.,465.,3.));
#2007 = LINE('',#2008,#2009);
#2008 = CARTESIAN_POINT('',(402.,465.,3.));
#2009 = VECTOR('',#2010,1.);
#2010 = DIRECTION('',(0.,0.,1.));
#2011 = ORIENTED_EDGE('',*,*,#2012,.T.);
#2012 = EDGE_CURVE('',#2005,#2013,#2015,.T.);
#2013 = VERTEX_POINT('',#2014);
#2014 = CARTESIAN_POINT('',(402.,465.,28.));
#2015 = LINE('',#2016,#2017);
#2016 = CARTESIAN_POINT('',(402.,465.,3.));
#2017 = VECTOR('',#2018,1.);
#2018 = DIRECTION('',(0.,2.2E-16,1.));
#2019 = ORIENTED_EDGE('',*,*,#2020,.T.);
#2020 = EDGE_CURVE('',#2013,#1831,#2021,.T.);
#2021 = LINE('',#2022,#2023);
#2022 = CARTESIAN_POINT('',(402.,465.,28.));
#2023 = VECTOR('',#2024,1.);
#2024 = DIRECTION('',(0.,1.,0.));
#2025 = ORIENTED_EDGE('',*,*,#1838,.T.);
#2026 = ORIENTED_EDGE('',*,*,#1309,.F.);
#2027 = PLANE('',#2028);
#2028 = AXIS2_PLACEMENT_3D('',#2029,#2030,#2031);
#2029 = CARTESIAN_POINT('',(402.,211.4999999296,14.32246774806));
#2030 = DIRECTION('',(1.,0.,0.));
#2031 = DIRECTION('',(0.,0.,1.));
#2032 = ADVANCED_FACE('',(#2033,#2122,#2133,#2203,#2214,#2225,#2236,
    #2247,#2258,#2269,#2280,#2291,#2302,#2313),#2324,.T.);
#2033 = FACE_BOUND('',#2034,.T.);
#2034 = EDGE_LOOP('',(#2035,#2036,#2044,#2052,#2060,#2068,#2076,#2084,
    #2092,#2100,#2108,#2116));
#2035 = ORIENTED_EDGE('',*,*,#1351,.T.);
#2036 = ORIENTED_EDGE('',*,*,#2037,.T.);
#2037 = EDGE_CURVE('',#1343,#2038,#2040,.T.);
#2038 = VERTEX_POINT('',#2039);
#2039 = CARTESIAN_POINT('',(405.,465.,145.));
#2040 = LINE('',#2041,#2042);
#2041 = CARTESIAN_POINT('',(405.,465.,40.));
#2042 = VECTOR('',#2043,1.);
#2043 = DIRECTION('',(0.,0.,1.));
#2044 = ORIENTED_EDGE('',*,*,#2045,.T.);
#2045 = EDGE_CURVE('',#2038,#2046,#2048,.T.);
#2046 = VERTEX_POINT('',#2047);
#2047 = CARTESIAN_POINT('',(405.,403.,145.));
#2048 = LINE('',#2049,#2050);
#2049 = CARTESIAN_POINT('',(405.,465.,145.));
#2050 = VECTOR('',#2051,1.);
#2051 = DIRECTION('',(0.,-1.,0.));
#2052 = ORIENTED_EDGE('',*,*,#2053,.T.);
#2053 = EDGE_CURVE('',#2046,#2054,#2056,.T.);
#2054 = VERTEX_POINT('',#2055);
#2055 = CARTESIAN_POINT('',(405.,403.,115.));
#2056 = LINE('',#2057,#2058);
#2057 = CARTESIAN_POINT('',(405.,403.,145.));
#2058 = VECTOR('',#2059,1.);
#2059 = DIRECTION('',(0.,0.,-1.));
#2060 = ORIENTED_EDGE('',*,*,#2061,.T.);
#2061 = EDGE_CURVE('',#2054,#2062,#2064,.T.);
#2062 = VERTEX_POINT('',#2063);
#2063 = CARTESIAN_POINT('',(405.,383.,95.));
#2064 = LINE('',#2065,#2066);
#2065 = CARTESIAN_POINT('',(405.,403.,115.));
#2066 = VECTOR('',#2067,1.);
#2067 = DIRECTION('',(0.,-0.707106781187,-0.707106781187));
#2068 = ORIENTED_EDGE('',*,*,#2069,.T.);
#2069 = EDGE_CURVE('',#2062,#2070,#2072,.T.);
#2070 = VERTEX_POINT('',#2071);
#2071 = CARTESIAN_POINT('',(405.,305.,95.));
#2072 = LINE('',#2073,#2074);
#2073 = CARTESIAN_POINT('',(405.,383.,95.));
#2074 = VECTOR('',#2075,1.);
#2075 = DIRECTION('',(0.,-1.,0.));
#2076 = ORIENTED_EDGE('',*,*,#2077,.T.);
#2077 = EDGE_CURVE('',#2070,#2078,#2080,.T.);
#2078 = VERTEX_POINT('',#2079);
#2079 = CARTESIAN_POINT('',(405.,250.,40.));
#2080 = LINE('',#2081,#2082);
#2081 = CARTESIAN_POINT('',(405.,305.,95.));
#2082 = VECTOR('',#2083,1.);
#2083 = DIRECTION('',(0.,-0.707106781187,-0.707106781187));
#2084 = ORIENTED_EDGE('',*,*,#2085,.F.);
#2085 = EDGE_CURVE('',#2086,#2078,#2088,.T.);
#2086 = VERTEX_POINT('',#2087);
#2087 = CARTESIAN_POINT('',(405.,47.,40.));
#2088 = LINE('',#2089,#2090);
#2089 = CARTESIAN_POINT('',(405.,-42.,40.));
#2090 = VECTOR('',#2091,1.);
#2091 = DIRECTION('',(0.,1.,-2.2E-16));
#2092 = ORIENTED_EDGE('',*,*,#2093,.F.);
#2093 = EDGE_CURVE('',#2094,#2086,#2096,.T.);
#2094 = VERTEX_POINT('',#2095);
#2095 = CARTESIAN_POINT('',(405.,20.,67.));
#2096 = LINE('',#2097,#2098);
#2097 = CARTESIAN_POINT('',(405.,20.,67.));
#2098 = VECTOR('',#2099,1.);
#2099 = DIRECTION('',(0.,0.707106781187,-0.707106781187));
#2100 = ORIENTED_EDGE('',*,*,#2101,.F.);
#2101 = EDGE_CURVE('',#2102,#2094,#2104,.T.);
#2102 = VERTEX_POINT('',#2103);
#2103 = CARTESIAN_POINT('',(405.,20.,145.));
#2104 = LINE('',#2105,#2106);
#2105 = CARTESIAN_POINT('',(405.,20.,145.));
#2106 = VECTOR('',#2107,1.);
#2107 = DIRECTION('',(0.,0.,-1.));
#2108 = ORIENTED_EDGE('',*,*,#2109,.F.);
#2109 = EDGE_CURVE('',#2110,#2102,#2112,.T.);
#2110 = VERTEX_POINT('',#2111);
#2111 = CARTESIAN_POINT('',(405.,-42.,145.));
#2112 = LINE('',#2113,#2114);
#2113 = CARTESIAN_POINT('',(405.,-42.,145.));
#2114 = VECTOR('',#2115,1.);
#2115 = DIRECTION('',(0.,1.,0.));
#2116 = ORIENTED_EDGE('',*,*,#2117,.F.);
#2117 = EDGE_CURVE('',#1352,#2110,#2118,.T.);
#2118 = LINE('',#2119,#2120);
#2119 = CARTESIAN_POINT('',(405.,-42.,2.999999078461));
#2120 = VECTOR('',#2121,1.);
#2121 = DIRECTION('',(0.,2.2E-16,1.));
#2122 = FACE_BOUND('',#2123,.T.);
#2123 = EDGE_LOOP('',(#2124));
#2124 = ORIENTED_EDGE('',*,*,#2125,.F.);
#2125 = EDGE_CURVE('',#2126,#2126,#2128,.T.);
#2126 = VERTEX_POINT('',#2127);
#2127 = CARTESIAN_POINT('',(405.,430.,35.5));
#2128 = CIRCLE('',#2129,5.5);
#2129 = AXIS2_PLACEMENT_3D('',#2130,#2131,#2132);
#2130 = CARTESIAN_POINT('',(405.,430.,30.));
#2131 = DIRECTION('',(1.,0.,-0.));
#2132 = DIRECTION('',(0.,0.,1.));
#2133 = FACE_BOUND('',#2134,.T.);
#2134 = EDGE_LOOP('',(#2135,#2146,#2154,#2163,#2171,#2180,#2188,#2197));
#2135 = ORIENTED_EDGE('',*,*,#2136,.T.);
#2136 = EDGE_CURVE('',#2137,#2139,#2141,.T.);
#2137 = VERTEX_POINT('',#2138);
#2138 = CARTESIAN_POINT('',(405.,399.,74.999996960769));
#2139 = VERTEX_POINT('',#2140);
#2140 = CARTESIAN_POINT('',(405.,402.,71.999996960769));
#2141 = CIRCLE('',#2142,3.);
#2142 = AXIS2_PLACEMENT_3D('',#2143,#2144,#2145);
#2143 = CARTESIAN_POINT('',(405.,399.,71.999996960769));
#2144 = DIRECTION('',(-1.,0.,0.));
#2145 = DIRECTION('',(0.,1.,0.));
#2146 = ORIENTED_EDGE('',*,*,#2147,.T.);
#2147 = EDGE_CURVE('',#2139,#2148,#2150,.T.);
#2148 = VERTEX_POINT('',#2149);
#2149 = CARTESIAN_POINT('',(405.,402.,20.999997960769));
#2150 = LINE('',#2151,#2152);
#2151 = CARTESIAN_POINT('',(405.,402.,37.59406388623));
#2152 = VECTOR('',#2153,1.);
#2153 = DIRECTION('',(-8.5E-16,-0.,-1.));
#2154 = ORIENTED_EDGE('',*,*,#2155,.T.);
#2155 = EDGE_CURVE('',#2148,#2156,#2158,.T.);
#2156 = VERTEX_POINT('',#2157);
#2157 = CARTESIAN_POINT('',(405.,399.,17.999997960769));
#2158 = CIRCLE('',#2159,3.);
#2159 = AXIS2_PLACEMENT_3D('',#2160,#2161,#2162);
#2160 = CARTESIAN_POINT('',(405.,399.,20.999997960769));
#2161 = DIRECTION('',(-1.,0.,0.));
#2162 = DIRECTION('',(0.,1.,0.));
#2163 = ORIENTED_EDGE('',*,*,#2164,.T.);
#2164 = EDGE_CURVE('',#2156,#2165,#2167,.T.);
#2165 = VERTEX_POINT('',#2166);
#2166 = CARTESIAN_POINT('',(405.,329.00000098038,17.999997960769));
#2167 = LINE('',#2168,#2169);
#2168 = CARTESIAN_POINT('',(405.,267.42744874481,17.999997960769));
#2169 = VECTOR('',#2170,1.);
#2170 = DIRECTION('',(0.,-1.,0.));
#2171 = ORIENTED_EDGE('',*,*,#2172,.T.);
#2172 = EDGE_CURVE('',#2165,#2173,#2175,.T.);
#2173 = VERTEX_POINT('',#2174);
#2174 = CARTESIAN_POINT('',(405.,326.00000098038,20.999997960769));
#2175 = CIRCLE('',#2176,3.);
#2176 = AXIS2_PLACEMENT_3D('',#2177,#2178,#2179);
#2177 = CARTESIAN_POINT('',(405.,329.00000098038,20.999997960769));
#2178 = DIRECTION('',(-1.,0.,0.));
#2179 = DIRECTION('',(0.,1.,0.));
#2180 = ORIENTED_EDGE('',*,*,#2181,.T.);
#2181 = EDGE_CURVE('',#2173,#2182,#2184,.T.);
#2182 = VERTEX_POINT('',#2183);
#2183 = CARTESIAN_POINT('',(405.,326.00000098038,71.999996960769));
#2184 = LINE('',#2185,#2186);
#2185 = CARTESIAN_POINT('',(405.,326.00000098038,63.09406338623));
#2186 = VECTOR('',#2187,1.);
#2187 = DIRECTION('',(8.5E-16,0.,1.));
#2188 = ORIENTED_EDGE('',*,*,#2189,.T.);
#2189 = EDGE_CURVE('',#2182,#2190,#2192,.T.);
#2190 = VERTEX_POINT('',#2191);
#2191 = CARTESIAN_POINT('',(405.,329.00000098038,74.999996960769));
#2192 = CIRCLE('',#2193,3.);
#2193 = AXIS2_PLACEMENT_3D('',#2194,#2195,#2196);
#2194 = CARTESIAN_POINT('',(405.,329.00000098038,71.999996960769));
#2195 = DIRECTION('',(-1.,0.,0.));
#2196 = DIRECTION('',(0.,1.,0.));
#2197 = ORIENTED_EDGE('',*,*,#2198,.T.);
#2198 = EDGE_CURVE('',#2190,#2137,#2199,.T.);
#2199 = LINE('',#2200,#2201);
#2200 = CARTESIAN_POINT('',(405.,302.42744825462,74.999996960769));
#2201 = VECTOR('',#2202,1.);
#2202 = DIRECTION('',(0.,1.,0.));
#2203 = FACE_BOUND('',#2204,.T.);
#2204 = EDGE_LOOP('',(#2205));
#2205 = ORIENTED_EDGE('',*,*,#2206,.F.);
#2206 = EDGE_CURVE('',#2207,#2207,#2209,.T.);
#2207 = VERTEX_POINT('',#2208);
#2208 = CARTESIAN_POINT('',(405.,453.5,70.));
#2209 = CIRCLE('',#2210,5.5);
#2210 = AXIS2_PLACEMENT_3D('',#2211,#2212,#2213);
#2211 = CARTESIAN_POINT('',(405.,448.,70.));
#2212 = DIRECTION('',(1.,0.,0.));
#2213 = DIRECTION('',(0.,1.,0.));
#2214 = FACE_BOUND('',#2215,.T.);
#2215 = EDGE_LOOP('',(#2216));
#2216 = ORIENTED_EDGE('',*,*,#2217,.F.);
#2217 = EDGE_CURVE('',#2218,#2218,#2220,.T.);
#2218 = VERTEX_POINT('',#2219);
#2219 = CARTESIAN_POINT('',(405.,423.5,70.));
#2220 = CIRCLE('',#2221,5.5);
#2221 = AXIS2_PLACEMENT_3D('',#2222,#2223,#2224);
#2222 = CARTESIAN_POINT('',(405.,418.,70.));
#2223 = DIRECTION('',(1.,0.,0.));
#2224 = DIRECTION('',(0.,1.,0.));
#2225 = FACE_BOUND('',#2226,.T.);
#2226 = EDGE_LOOP('',(#2227));
#2227 = ORIENTED_EDGE('',*,*,#2228,.F.);
#2228 = EDGE_CURVE('',#2229,#2229,#2231,.T.);
#2229 = VERTEX_POINT('',#2230);
#2230 = CARTESIAN_POINT('',(405.,453.5,120.));
#2231 = CIRCLE('',#2232,5.5);
#2232 = AXIS2_PLACEMENT_3D('',#2233,#2234,#2235);
#2233 = CARTESIAN_POINT('',(405.,448.,120.));
#2234 = DIRECTION('',(1.,0.,0.));
#2235 = DIRECTION('',(0.,1.,0.));
#2236 = FACE_BOUND('',#2237,.T.);
#2237 = EDGE_LOOP('',(#2238));
#2238 = ORIENTED_EDGE('',*,*,#2239,.F.);
#2239 = EDGE_CURVE('',#2240,#2240,#2242,.T.);
#2240 = VERTEX_POINT('',#2241);
#2241 = CARTESIAN_POINT('',(405.,423.5,120.));
#2242 = CIRCLE('',#2243,5.5);
#2243 = AXIS2_PLACEMENT_3D('',#2244,#2245,#2246);
#2244 = CARTESIAN_POINT('',(405.,418.,120.));
#2245 = DIRECTION('',(1.,0.,0.));
#2246 = DIRECTION('',(0.,1.,0.));
#2247 = FACE_BOUND('',#2248,.T.);
#2248 = EDGE_LOOP('',(#2249));
#2249 = ORIENTED_EDGE('',*,*,#2250,.F.);
#2250 = EDGE_CURVE('',#2251,#2251,#2253,.T.);
#2251 = VERTEX_POINT('',#2252);
#2252 = CARTESIAN_POINT('',(405.,210.,25.5));
#2253 = CIRCLE('',#2254,5.5);
#2254 = AXIS2_PLACEMENT_3D('',#2255,#2256,#2257);
#2255 = CARTESIAN_POINT('',(405.,210.,20.));
#2256 = DIRECTION('',(1.,0.,-0.));
#2257 = DIRECTION('',(0.,0.,1.));
#2258 = FACE_BOUND('',#2259,.T.);
#2259 = EDGE_LOOP('',(#2260));
#2260 = ORIENTED_EDGE('',*,*,#2261,.F.);
#2261 = EDGE_CURVE('',#2262,#2262,#2264,.T.);
#2262 = VERTEX_POINT('',#2263);
#2263 = CARTESIAN_POINT('',(405.,95.,25.5));
#2264 = CIRCLE('',#2265,5.5);
#2265 = AXIS2_PLACEMENT_3D('',#2266,#2267,#2268);
#2266 = CARTESIAN_POINT('',(405.,95.,20.));
#2267 = DIRECTION('',(1.,0.,-0.));
#2268 = DIRECTION('',(0.,0.,1.));
#2269 = FACE_BOUND('',#2270,.T.);
#2270 = EDGE_LOOP('',(#2271));
#2271 = ORIENTED_EDGE('',*,*,#2272,.F.);
#2272 = EDGE_CURVE('',#2273,#2273,#2275,.T.);
#2273 = VERTEX_POINT('',#2274);
#2274 = CARTESIAN_POINT('',(405.,-10.,35.5));
#2275 = CIRCLE('',#2276,5.5);
#2276 = AXIS2_PLACEMENT_3D('',#2277,#2278,#2279);
#2277 = CARTESIAN_POINT('',(405.,-10.,30.));
#2278 = DIRECTION('',(1.,0.,-0.));
#2279 = DIRECTION('',(0.,0.,1.));
#2280 = FACE_BOUND('',#2281,.T.);
#2281 = EDGE_LOOP('',(#2282));
#2282 = ORIENTED_EDGE('',*,*,#2283,.F.);
#2283 = EDGE_CURVE('',#2284,#2284,#2286,.T.);
#2284 = VERTEX_POINT('',#2285);
#2285 = CARTESIAN_POINT('',(405.,10.5,70.));
#2286 = CIRCLE('',#2287,5.5);
#2287 = AXIS2_PLACEMENT_3D('',#2288,#2289,#2290);
#2288 = CARTESIAN_POINT('',(405.,5.,70.));
#2289 = DIRECTION('',(1.,0.,0.));
#2290 = DIRECTION('',(0.,1.,0.));
#2291 = FACE_BOUND('',#2292,.T.);
#2292 = EDGE_LOOP('',(#2293));
#2293 = ORIENTED_EDGE('',*,*,#2294,.F.);
#2294 = EDGE_CURVE('',#2295,#2295,#2297,.T.);
#2295 = VERTEX_POINT('',#2296);
#2296 = CARTESIAN_POINT('',(405.,-19.5,70.));
#2297 = CIRCLE('',#2298,5.5);
#2298 = AXIS2_PLACEMENT_3D('',#2299,#2300,#2301);
#2299 = CARTESIAN_POINT('',(405.,-25.,70.));
#2300 = DIRECTION('',(1.,0.,0.));
#2301 = DIRECTION('',(0.,1.,0.));
#2302 = FACE_BOUND('',#2303,.T.);
#2303 = EDGE_LOOP('',(#2304));
#2304 = ORIENTED_EDGE('',*,*,#2305,.F.);
#2305 = EDGE_CURVE('',#2306,#2306,#2308,.T.);
#2306 = VERTEX_POINT('',#2307);
#2307 = CARTESIAN_POINT('',(405.,10.5,120.));
#2308 = CIRCLE('',#2309,5.5);
#2309 = AXIS2_PLACEMENT_3D('',#2310,#2311,#2312);
#2310 = CARTESIAN_POINT('',(405.,5.,120.));
#2311 = DIRECTION('',(1.,0.,0.));
#2312 = DIRECTION('',(0.,1.,0.));
#2313 = FACE_BOUND('',#2314,.T.);
#2314 = EDGE_LOOP('',(#2315));
#2315 = ORIENTED_EDGE('',*,*,#2316,.F.);
#2316 = EDGE_CURVE('',#2317,#2317,#2319,.T.);
#2317 = VERTEX_POINT('',#2318);
#2318 = CARTESIAN_POINT('',(405.,-19.5,120.));
#2319 = CIRCLE('',#2320,5.5);
#2320 = AXIS2_PLACEMENT_3D('',#2321,#2322,#2323);
#2321 = CARTESIAN_POINT('',(405.,-25.,120.));
#2322 = DIRECTION('',(1.,0.,0.));
#2323 = DIRECTION('',(0.,1.,0.));
#2324 = PLANE('',#2325);
#2325 = AXIS2_PLACEMENT_3D('',#2326,#2327,#2328);
#2326 = CARTESIAN_POINT('',(405.,205.85489650925,54.188129811692));
#2327 = DIRECTION('',(1.,0.,-8.5E-16));
#2328 = DIRECTION('',(8.5E-16,0.,1.));
#2329 = ADVANCED_FACE('',(#2330),#2364,.T.);
#2330 = FACE_BOUND('',#2331,.T.);
#2331 = EDGE_LOOP('',(#2332,#2340,#2341,#2342,#2350,#2358));
#2332 = ORIENTED_EDGE('',*,*,#2333,.F.);
#2333 = EDGE_CURVE('',#369,#2334,#2336,.T.);
#2334 = VERTEX_POINT('',#2335);
#2335 = CARTESIAN_POINT('',(402.,-42.,3.));
#2336 = LINE('',#2337,#2338);
#2337 = CARTESIAN_POINT('',(402.,-42.00000080036,-4.19237681E-07));
#2338 = VECTOR('',#2339,1.);
#2339 = DIRECTION('',(0.,0.,1.));
#2340 = ORIENTED_EDGE('',*,*,#1359,.T.);
#2341 = ORIENTED_EDGE('',*,*,#2117,.T.);
#2342 = ORIENTED_EDGE('',*,*,#2343,.F.);
#2343 = EDGE_CURVE('',#2344,#2110,#2346,.T.);
#2344 = VERTEX_POINT('',#2345);
#2345 = CARTESIAN_POINT('',(402.,-42.,145.));
#2346 = LINE('',#2347,#2348);
#2347 = CARTESIAN_POINT('',(402.,-42.,145.));
#2348 = VECTOR('',#2349,1.);
#2349 = DIRECTION('',(1.,0.,0.));
#2350 = ORIENTED_EDGE('',*,*,#2351,.F.);
#2351 = EDGE_CURVE('',#2352,#2344,#2354,.T.);
#2352 = VERTEX_POINT('',#2353);
#2353 = CARTESIAN_POINT('',(402.,-42.00000080036,28.));
#2354 = LINE('',#2355,#2356);
#2355 = CARTESIAN_POINT('',(402.,-42.,40.));
#2356 = VECTOR('',#2357,1.);
#2357 = DIRECTION('',(0.,0.,1.));
#2358 = ORIENTED_EDGE('',*,*,#2359,.F.);
#2359 = EDGE_CURVE('',#2334,#2352,#2360,.T.);
#2360 = LINE('',#2361,#2362);
#2361 = CARTESIAN_POINT('',(402.,-42.,40.));
#2362 = VECTOR('',#2363,1.);
#2363 = DIRECTION('',(0.,0.,1.));
#2364 = PLANE('',#2365);
#2365 = AXIS2_PLACEMENT_3D('',#2366,#2367,#2368);
#2366 = CARTESIAN_POINT('',(199.99999999989,-42.,31.714232190518));
#2367 = DIRECTION('',(-0.,-1.,-0.));
#2368 = DIRECTION('',(0.,0.,-1.));
#2369 = ADVANCED_FACE('',(#2370),#2390,.T.);
#2370 = FACE_BOUND('',#2371,.T.);
#2371 = EDGE_LOOP('',(#2372,#2373,#2374,#2375,#2383,#2389));
#2372 = ORIENTED_EDGE('',*,*,#1342,.F.);
#2373 = ORIENTED_EDGE('',*,*,#2004,.T.);
#2374 = ORIENTED_EDGE('',*,*,#2012,.T.);
#2375 = ORIENTED_EDGE('',*,*,#2376,.T.);
#2376 = EDGE_CURVE('',#2013,#2377,#2379,.T.);
#2377 = VERTEX_POINT('',#2378);
#2378 = CARTESIAN_POINT('',(402.,465.,145.));
#2379 = LINE('',#2380,#2381);
#2380 = CARTESIAN_POINT('',(402.,465.,3.));
#2381 = VECTOR('',#2382,1.);
#2382 = DIRECTION('',(0.,2.2E-16,1.));
#2383 = ORIENTED_EDGE('',*,*,#2384,.T.);
#2384 = EDGE_CURVE('',#2377,#2038,#2385,.T.);
#2385 = LINE('',#2386,#2387);
#2386 = CARTESIAN_POINT('',(402.,465.,145.));
#2387 = VECTOR('',#2388,1.);
#2388 = DIRECTION('',(1.,0.,0.));
#2389 = ORIENTED_EDGE('',*,*,#2037,.F.);
#2390 = PLANE('',#2391);
#2391 = AXIS2_PLACEMENT_3D('',#2392,#2393,#2394);
#2392 = CARTESIAN_POINT('',(199.99999999989,465.,31.714232190518));
#2393 = DIRECTION('',(0.,1.,0.));
#2394 = DIRECTION('',(0.,0.,1.));
#2395 = ADVANCED_FACE('',(#2396,#2414,#2464,#2514),#2564,.F.);
#2396 = FACE_BOUND('',#2397,.F.);
#2397 = EDGE_LOOP('',(#2398,#2406,#2412,#2413));
#2398 = ORIENTED_EDGE('',*,*,#2399,.T.);
#2399 = EDGE_CURVE('',#1783,#2400,#2402,.T.);
#2400 = VERTEX_POINT('',#2401);
#2401 = CARTESIAN_POINT('',(402.,-45.0000002196,28.));
#2402 = LINE('',#2403,#2404);
#2403 = CARTESIAN_POINT('',(-2.,-45.0000002196,28.));
#2404 = VECTOR('',#2405,1.);
#2405 = DIRECTION('',(1.,0.,0.));
#2406 = ORIENTED_EDGE('',*,*,#2407,.T.);
#2407 = EDGE_CURVE('',#2400,#1377,#2408,.T.);
#2408 = LINE('',#2409,#2410);
#2409 = CARTESIAN_POINT('',(402.,-45.0000002196,28.));
#2410 = VECTOR('',#2411,1.);
#2411 = DIRECTION('',(0.,0.,-1.));
#2412 = ORIENTED_EDGE('',*,*,#1374,.F.);
#2413 = ORIENTED_EDGE('',*,*,#1790,.F.);
#2414 = FACE_BOUND('',#2415,.F.);
#2415 = EDGE_LOOP('',(#2416,#2426,#2434,#2442,#2450,#2458));
#2416 = ORIENTED_EDGE('',*,*,#2417,.F.);
#2417 = EDGE_CURVE('',#2418,#2420,#2422,.T.);
#2418 = VERTEX_POINT('',#2419);
#2419 = CARTESIAN_POINT('',(395.92820346055,-45.0000002196,
    17.999999601151));
#2420 = VERTEX_POINT('',#2421);
#2421 = CARTESIAN_POINT('',(395.928203,-45.0000002196,9.999999601151));
#2422 = LINE('',#2423,#2424);
#2423 = CARTESIAN_POINT('',(395.92820351811,-45.0000002196,
    18.999988346436));
#2424 = VECTOR('',#2425,1.);
#2425 = DIRECTION('',(-5.756887589E-08,0.,-1.));
#2426 = ORIENTED_EDGE('',*,*,#2427,.F.);
#2427 = EDGE_CURVE('',#2428,#2418,#2430,.T.);
#2428 = VERTEX_POINT('',#2429);
#2429 = CARTESIAN_POINT('',(389.00000046055,-45.0000002196,22.));
#2430 = LINE('',#2431,#2432);
#2431 = CARTESIAN_POINT('',(244.54007334268,-45.0000002196,
    105.40398889714));
#2432 = VECTOR('',#2433,1.);
#2433 = DIRECTION('',(0.866025375,0.,-0.500000049856));
#2434 = ORIENTED_EDGE('',*,*,#2435,.F.);
#2435 = EDGE_CURVE('',#2436,#2428,#2438,.T.);
#2436 = VERTEX_POINT('',#2437);
#2437 = CARTESIAN_POINT('',(382.071797,-45.0000002196,18.000000398849));
#2438 = LINE('',#2439,#2440);
#2439 = CARTESIAN_POINT('',(243.67402856029,-45.0000002196,
    -61.90397784185));
#2440 = VECTOR('',#2441,1.);
#2441 = DIRECTION('',(0.866025432569,0.,0.499999950144));
#2442 = ORIENTED_EDGE('',*,*,#2443,.F.);
#2443 = EDGE_CURVE('',#2444,#2436,#2446,.T.);
#2444 = VERTEX_POINT('',#2445);
#2445 = CARTESIAN_POINT('',(382.07179653944,-45.0000002196,
    10.000000398849));
#2446 = LINE('',#2447,#2448);
#2447 = CARTESIAN_POINT('',(382.07179728784,-45.0000002196,
    22.999989144134));
#2448 = VECTOR('',#2449,1.);
#2449 = DIRECTION('',(5.756887589E-08,0.,1.));
#2450 = ORIENTED_EDGE('',*,*,#2451,.F.);
#2451 = EDGE_CURVE('',#2452,#2444,#2454,.T.);
#2452 = VERTEX_POINT('',#2453);
#2453 = CARTESIAN_POINT('',(388.99999953944,-45.0000002196,6.));
#2454 = LINE('',#2455,#2456);
#2455 = CARTESIAN_POINT('',(234.14776792158,-45.0000002196,
    95.403989495416));
#2456 = VECTOR('',#2457,1.);
#2457 = DIRECTION('',(-0.866025375,0.,0.500000049856));
#2458 = ORIENTED_EDGE('',*,*,#2459,.F.);
#2459 = EDGE_CURVE('',#2420,#2452,#2460,.T.);
#2460 = LINE('',#2461,#2462);
#2461 = CARTESIAN_POINT('',(247.13812936947,-45.0000002196,
    -75.90397804127));
#2462 = VECTOR('',#2463,1.);
#2463 = DIRECTION('',(-0.866025432569,0.,-0.499999950144));
#2464 = FACE_BOUND('',#2465,.F.);
#2465 = EDGE_LOOP('',(#2466,#2476,#2484,#2492,#2500,#2508));
#2466 = ORIENTED_EDGE('',*,*,#2467,.F.);
#2467 = EDGE_CURVE('',#2468,#2470,#2472,.T.);
#2468 = VERTEX_POINT('',#2469);
#2469 = CARTESIAN_POINT('',(17.928203287844,-45.0000002196,
    17.999999900288));
#2470 = VERTEX_POINT('',#2471);
#2471 = CARTESIAN_POINT('',(17.928203172707,-45.0000002196,
    9.999999900288));
#2472 = LINE('',#2473,#2474);
#2473 = CARTESIAN_POINT('',(17.928203302237,-45.0000002196,
    18.999999806738));
#2474 = VECTOR('',#2475,1.);
#2475 = DIRECTION('',(-1.439221942E-08,0.,-1.));
#2476 = ORIENTED_EDGE('',*,*,#2477,.F.);
#2477 = EDGE_CURVE('',#2478,#2468,#2480,.T.);
#2478 = VERTEX_POINT('',#2479);
#2479 = CARTESIAN_POINT('',(11.000000115138,-45.0000002196,22.));
#2480 = LINE('',#2481,#2482);
#2481 = CARTESIAN_POINT('',(8.290063612066,-45.0000002196,
    23.564582621538));
#2482 = VECTOR('',#2483,1.);
#2483 = DIRECTION('',(0.866025396588,0.,-0.500000012464));
#2484 = ORIENTED_EDGE('',*,*,#2485,.F.);
#2485 = EDGE_CURVE('',#2486,#2478,#2488,.T.);
#2486 = VERTEX_POINT('',#2487);
#2487 = CARTESIAN_POINT('',(4.071796827293,-45.0000002196,
    18.000000099712));
#2488 = LINE('',#2489,#2490);
#2489 = CARTESIAN_POINT('',(7.424038075033,-45.0000002196,
    19.935417422155));
#2490 = VECTOR('',#2491,1.);
#2491 = DIRECTION('',(0.866025410981,0.,0.499999987536));
#2492 = ORIENTED_EDGE('',*,*,#2493,.F.);
#2493 = EDGE_CURVE('',#2494,#2486,#2496,.T.);
#2494 = VERTEX_POINT('',#2495);
#2495 = CARTESIAN_POINT('',(4.071796712156,-45.0000002196,
    10.000000099712));
#2496 = LINE('',#2497,#2498);
#2497 = CARTESIAN_POINT('',(4.071796899254,-45.0000002196,
    23.000000006163));
#2498 = VECTOR('',#2499,1.);
#2499 = DIRECTION('',(1.439221931E-08,0.,1.));
#2500 = ORIENTED_EDGE('',*,*,#2501,.F.);
#2501 = EDGE_CURVE('',#2502,#2494,#2504,.T.);
#2502 = VERTEX_POINT('',#2503);
#2503 = CARTESIAN_POINT('',(10.999999884862,-45.0000002196,6.));
#2504 = LINE('',#2505,#2506);
#2505 = CARTESIAN_POINT('',(-2.10224137727,-45.0000002196,
    13.564582771107));
#2506 = VECTOR('',#2507,1.);
#2507 = DIRECTION('',(-0.866025396588,0.,0.500000012464));
#2508 = ORIENTED_EDGE('',*,*,#2509,.F.);
#2509 = EDGE_CURVE('',#2470,#2502,#2510,.T.);
#2510 = LINE('',#2511,#2512);
#2511 = CARTESIAN_POINT('',(10.88813948868,-45.0000002196,5.935417372299
    ));
#2512 = VECTOR('',#2513,1.);
#2513 = DIRECTION('',(-0.866025410981,0.,-0.499999987536));
#2514 = FACE_BOUND('',#2515,.F.);
#2515 = EDGE_LOOP('',(#2516,#2526,#2534,#2542,#2550,#2558));
#2516 = ORIENTED_EDGE('',*,*,#2517,.F.);
#2517 = EDGE_CURVE('',#2518,#2520,#2522,.T.);
#2518 = VERTEX_POINT('',#2519);
#2519 = CARTESIAN_POINT('',(206.92820323028,-45.0000002196,
    17.999999999985));
#2520 = VERTEX_POINT('',#2521);
#2521 = CARTESIAN_POINT('',(206.92820323027,-45.0000002196,
    9.999999999985));
#2522 = LINE('',#2523,#2524);
#2523 = CARTESIAN_POINT('',(206.92820323028,-45.0000002196,
    18.999999999855));
#2524 = VECTOR('',#2525,1.);
#2525 = DIRECTION('',(-1.3145E-12,0.,-1.));
#2526 = ORIENTED_EDGE('',*,*,#2527,.F.);
#2527 = EDGE_CURVE('',#2528,#2518,#2530,.T.);
#2528 = VERTEX_POINT('',#2529);
#2529 = CARTESIAN_POINT('',(200.00000000001,-45.0000002196,
    21.999999999994));
#2530 = LINE('',#2531,#2532);
#2531 = CARTESIAN_POINT('',(126.41506350957,-45.0000002196,
    64.484282891176));
#2532 = VECTOR('',#2533,1.);
#2533 = DIRECTION('',(0.866025403784,0.,-0.500000000001));
#2534 = ORIENTED_EDGE('',*,*,#2535,.F.);
#2535 = EDGE_CURVE('',#2536,#2528,#2538,.T.);
#2536 = VERTEX_POINT('',#2537);
#2537 = CARTESIAN_POINT('',(193.07179676973,-45.0000002196,
    18.000000000003));
#2538 = LINE('',#2539,#2540);
#2539 = CARTESIAN_POINT('',(125.54903810556,-45.0000002196,
    -20.98428289105));
#2540 = VECTOR('',#2541,1.);
#2541 = DIRECTION('',(0.866025403785,0.,0.499999999999));
#2542 = ORIENTED_EDGE('',*,*,#2543,.F.);
#2543 = EDGE_CURVE('',#2544,#2536,#2546,.T.);
#2544 = VERTEX_POINT('',#2545);
#2545 = CARTESIAN_POINT('',(193.07179676971,-45.0000002196,
    10.000000000003));
#2546 = LINE('',#2547,#2548);
#2547 = CARTESIAN_POINT('',(193.07179676973,-45.0000002196,
    22.999999999873));
#2548 = VECTOR('',#2549,1.);
#2549 = DIRECTION('',(1.3145E-12,0.,1.));
#2550 = ORIENTED_EDGE('',*,*,#2551,.F.);
#2551 = EDGE_CURVE('',#2552,#2544,#2554,.T.);
#2552 = VERTEX_POINT('',#2553);
#2553 = CARTESIAN_POINT('',(199.99999999998,-45.0000002196,
    5.999999999994));
#2554 = LINE('',#2555,#2556);
#2555 = CARTESIAN_POINT('',(116.02275866415,-45.0000002196,
    54.48428289119));
#2556 = VECTOR('',#2557,1.);
#2557 = DIRECTION('',(-0.866025403784,0.,0.500000000001));
#2558 = ORIENTED_EDGE('',*,*,#2559,.F.);
#2559 = EDGE_CURVE('',#2520,#2552,#2560,.T.);
#2560 = LINE('',#2561,#2562);
#2561 = CARTESIAN_POINT('',(129.01313972068,-45.0000002196,
    -34.98428289106));
#2562 = VECTOR('',#2563,1.);
#2563 = DIRECTION('',(-0.866025403785,0.,-0.499999999999));
#2564 = PLANE('',#2565);
#2565 = AXIS2_PLACEMENT_3D('',#2566,#2567,#2568);
#2566 = CARTESIAN_POINT('',(-2.,-45.0000002196,28.));
#2567 = DIRECTION('',(0.,1.,0.));
#2568 = DIRECTION('',(0.,0.,-1.));
#2569 = ADVANCED_FACE('',(#2570),#2582,.T.);
#2570 = FACE_BOUND('',#2571,.T.);
#2571 = EDGE_LOOP('',(#2572,#2578,#2579,#2580,#2581));
#2572 = ORIENTED_EDGE('',*,*,#2573,.T.);
#2573 = EDGE_CURVE('',#2352,#2400,#2574,.T.);
#2574 = LINE('',#2575,#2576);
#2575 = CARTESIAN_POINT('',(402.,-42.00000080036,28.));
#2576 = VECTOR('',#2577,1.);
#2577 = DIRECTION('',(0.,-1.,0.));
#2578 = ORIENTED_EDGE('',*,*,#2407,.T.);
#2579 = ORIENTED_EDGE('',*,*,#1384,.T.);
#2580 = ORIENTED_EDGE('',*,*,#2333,.T.);
#2581 = ORIENTED_EDGE('',*,*,#2359,.T.);
#2582 = PLANE('',#2583);
#2583 = AXIS2_PLACEMENT_3D('',#2584,#2585,#2586);
#2584 = CARTESIAN_POINT('',(402.,211.4999999296,14.32246774806));
#2585 = DIRECTION('',(1.,0.,0.));
#2586 = DIRECTION('',(0.,0.,1.));
#2587 = ADVANCED_FACE('',(#2588,#2609,#2612,#2615,#2618,#2621,#2624,
    #2627,#2630,#2633,#2636,#2639,#2642),#2645,.T.);
#2588 = FACE_BOUND('',#2589,.T.);
#2589 = EDGE_LOOP('',(#2590,#2596,#2597,#2603));
#2590 = ORIENTED_EDGE('',*,*,#2591,.F.);
#2591 = EDGE_CURVE('',#582,#2005,#2592,.T.);
#2592 = LINE('',#2593,#2594);
#2593 = CARTESIAN_POINT('',(-2.,465.,3.));
#2594 = VECTOR('',#2595,1.);
#2595 = DIRECTION('',(1.,0.,0.));
#2596 = ORIENTED_EDGE('',*,*,#1713,.F.);
#2597 = ORIENTED_EDGE('',*,*,#2598,.T.);
#2598 = EDGE_CURVE('',#525,#2334,#2599,.T.);
#2599 = LINE('',#2600,#2601);
#2600 = CARTESIAN_POINT('',(-2.,-42.,3.));
#2601 = VECTOR('',#2602,1.);
#2602 = DIRECTION('',(1.,0.,0.));
#2603 = ORIENTED_EDGE('',*,*,#2604,.T.);
#2604 = EDGE_CURVE('',#2334,#2005,#2605,.T.);
#2605 = LINE('',#2606,#2607);
#2606 = CARTESIAN_POINT('',(402.,-42.,3.));
#2607 = VECTOR('',#2608,1.);
#2608 = DIRECTION('',(0.,1.,-2.2E-16));
#2609 = FACE_BOUND('',#2610,.T.);
#2610 = EDGE_LOOP('',(#2611));
#2611 = ORIENTED_EDGE('',*,*,#1542,.F.);
#2612 = FACE_BOUND('',#2613,.T.);
#2613 = EDGE_LOOP('',(#2614));
#2614 = ORIENTED_EDGE('',*,*,#1567,.F.);
#2615 = FACE_BOUND('',#2616,.T.);
#2616 = EDGE_LOOP('',(#2617));
#2617 = ORIENTED_EDGE('',*,*,#1517,.F.);
#2618 = FACE_BOUND('',#2619,.T.);
#2619 = EDGE_LOOP('',(#2620));
#2620 = ORIENTED_EDGE('',*,*,#1592,.F.);
#2621 = FACE_BOUND('',#2622,.T.);
#2622 = EDGE_LOOP('',(#2623));
#2623 = ORIENTED_EDGE('',*,*,#1467,.F.);
#2624 = FACE_BOUND('',#2625,.T.);
#2625 = EDGE_LOOP('',(#2626));
#2626 = ORIENTED_EDGE('',*,*,#1492,.F.);
#2627 = FACE_BOUND('',#2628,.T.);
#2628 = EDGE_LOOP('',(#2629));
#2629 = ORIENTED_EDGE('',*,*,#1442,.F.);
#2630 = FACE_BOUND('',#2631,.T.);
#2631 = EDGE_LOOP('',(#2632));
#2632 = ORIENTED_EDGE('',*,*,#1417,.F.);
#2633 = FACE_BOUND('',#2634,.T.);
#2634 = EDGE_LOOP('',(#2635));
#2635 = ORIENTED_EDGE('',*,*,#1692,.F.);
#2636 = FACE_BOUND('',#2637,.T.);
#2637 = EDGE_LOOP('',(#2638));
#2638 = ORIENTED_EDGE('',*,*,#1667,.F.);
#2639 = FACE_BOUND('',#2640,.T.);
#2640 = EDGE_LOOP('',(#2641));
#2641 = ORIENTED_EDGE('',*,*,#1642,.F.);
#2642 = FACE_BOUND('',#2643,.T.);
#2643 = EDGE_LOOP('',(#2644));
#2644 = ORIENTED_EDGE('',*,*,#1617,.F.);
#2645 = PLANE('',#2646);
#2646 = AXIS2_PLACEMENT_3D('',#2647,#2648,#2649);
#2647 = CARTESIAN_POINT('',(200.,211.5,3.));
#2648 = DIRECTION('',(0.,0.,1.));
#2649 = DIRECTION('',(1.,0.,0.));
#2650 = ADVANCED_FACE('',(#2651),#2662,.F.);
#2651 = FACE_BOUND('',#2652,.F.);
#2652 = EDGE_LOOP('',(#2653,#2659,#2660,#2661));
#2653 = ORIENTED_EDGE('',*,*,#2654,.T.);
#2654 = EDGE_CURVE('',#533,#2352,#2655,.T.);
#2655 = LINE('',#2656,#2657);
#2656 = CARTESIAN_POINT('',(-2.,-42.00000080036,28.));
#2657 = VECTOR('',#2658,1.);
#2658 = DIRECTION('',(1.,0.,0.));
#2659 = ORIENTED_EDGE('',*,*,#2573,.T.);
#2660 = ORIENTED_EDGE('',*,*,#2399,.F.);
#2661 = ORIENTED_EDGE('',*,*,#1782,.F.);
#2662 = PLANE('',#2663);
#2663 = AXIS2_PLACEMENT_3D('',#2664,#2665,#2666);
#2664 = CARTESIAN_POINT('',(-2.,-42.00000080036,28.));
#2665 = DIRECTION('',(0.,0.,-1.));
#2666 = DIRECTION('',(0.,-1.,0.));
#2667 = ADVANCED_FACE('',(#2668),#2679,.T.);
#2668 = FACE_BOUND('',#2669,.T.);
#2669 = EDGE_LOOP('',(#2670,#2676,#2677,#2678));
#2670 = ORIENTED_EDGE('',*,*,#2671,.T.);
#2671 = EDGE_CURVE('',#574,#2013,#2672,.T.);
#2672 = LINE('',#2673,#2674);
#2673 = CARTESIAN_POINT('',(-2.,465.,28.));
#2674 = VECTOR('',#2675,1.);
#2675 = DIRECTION('',(1.,0.,0.));
#2676 = ORIENTED_EDGE('',*,*,#2020,.T.);
#2677 = ORIENTED_EDGE('',*,*,#1830,.F.);
#2678 = ORIENTED_EDGE('',*,*,#1805,.F.);
#2679 = PLANE('',#2680);
#2680 = AXIS2_PLACEMENT_3D('',#2681,#2682,#2683);
#2681 = CARTESIAN_POINT('',(-2.,465.,28.));
#2682 = DIRECTION('',(0.,0.,1.));
#2683 = DIRECTION('',(0.,1.,0.));
#2684 = ADVANCED_FACE('',(#2685),#2710,.F.);
#2685 = FACE_BOUND('',#2686,.F.);
#2686 = EDGE_LOOP('',(#2687,#2697,#2703,#2704));
#2687 = ORIENTED_EDGE('',*,*,#2688,.F.);
#2688 = EDGE_CURVE('',#2689,#2691,#2693,.T.);
#2689 = VERTEX_POINT('',#2690);
#2690 = CARTESIAN_POINT('',(395.928203,465.,9.999999601151));
#2691 = VERTEX_POINT('',#2692);
#2692 = CARTESIAN_POINT('',(395.92820346055,465.,17.999999601151));
#2693 = LINE('',#2694,#2695);
#2694 = CARTESIAN_POINT('',(395.92820311513,465.,11.999994160892));
#2695 = VECTOR('',#2696,1.);
#2696 = DIRECTION('',(5.756887589E-08,0.,1.));
#2697 = ORIENTED_EDGE('',*,*,#2698,.T.);
#2698 = EDGE_CURVE('',#2689,#1851,#2699,.T.);
#2699 = LINE('',#2700,#2701);
#2700 = CARTESIAN_POINT('',(395.928203,-46.,9.999999601151));
#2701 = VECTOR('',#2702,1.);
#2702 = DIRECTION('',(0.,1.,-2.2E-16));
#2703 = ORIENTED_EDGE('',*,*,#1848,.F.);
#2704 = ORIENTED_EDGE('',*,*,#2705,.F.);
#2705 = EDGE_CURVE('',#2691,#1849,#2706,.T.);
#2706 = LINE('',#2707,#2708);
#2707 = CARTESIAN_POINT('',(395.92820346055,-46.,17.999999601151));
#2708 = VECTOR('',#2709,1.);
#2709 = DIRECTION('',(0.,1.,-2.2E-16));
#2710 = PLANE('',#2711);
#2711 = AXIS2_PLACEMENT_3D('',#2712,#2713,#2714);
#2712 = CARTESIAN_POINT('',(395.928203,-46.,9.999999601151));
#2713 = DIRECTION('',(1.,0.,-5.756887589E-08));
#2714 = DIRECTION('',(5.756887589E-08,2.2E-16,1.));
#2715 = ADVANCED_FACE('',(#2716),#2734,.F.);
#2716 = FACE_BOUND('',#2717,.F.);
#2717 = EDGE_LOOP('',(#2718,#2726,#2732,#2733));
#2718 = ORIENTED_EDGE('',*,*,#2719,.F.);
#2719 = EDGE_CURVE('',#2720,#2689,#2722,.T.);
#2720 = VERTEX_POINT('',#2721);
#2721 = CARTESIAN_POINT('',(388.99999953944,465.,6.));
#2722 = LINE('',#2723,#2724);
#2723 = CARTESIAN_POINT('',(319.85704569318,465.,-33.91969770839));
#2724 = VECTOR('',#2725,1.);
#2725 = DIRECTION('',(0.866025432569,0.,0.499999950144));
#2726 = ORIENTED_EDGE('',*,*,#2727,.T.);
#2727 = EDGE_CURVE('',#2720,#1883,#2728,.T.);
#2728 = LINE('',#2729,#2730);
#2729 = CARTESIAN_POINT('',(388.99999953944,-46.,6.));
#2730 = VECTOR('',#2731,1.);
#2731 = DIRECTION('',(0.,1.,-2.2E-16));
#2732 = ORIENTED_EDGE('',*,*,#1890,.F.);
#2733 = ORIENTED_EDGE('',*,*,#2698,.F.);
#2734 = PLANE('',#2735);
#2735 = AXIS2_PLACEMENT_3D('',#2736,#2737,#2738);
#2736 = CARTESIAN_POINT('',(388.99999953944,-46.,6.));
#2737 = DIRECTION('',(0.499999950144,-1.9E-16,-0.866025432569));
#2738 = DIRECTION('',(0.866025432569,1.1E-16,0.499999950144));
#2739 = ADVANCED_FACE('',(#2740),#2758,.F.);
#2740 = FACE_BOUND('',#2741,.F.);
#2741 = EDGE_LOOP('',(#2742,#2750,#2756,#2757));
#2742 = ORIENTED_EDGE('',*,*,#2743,.F.);
#2743 = EDGE_CURVE('',#2744,#2720,#2746,.T.);
#2744 = VERTEX_POINT('',#2745);
#2745 = CARTESIAN_POINT('',(382.07179653944,465.,10.000000398849));
#2746 = LINE('',#2747,#2748);
#2747 = CARTESIAN_POINT('',(312.92885200085,465.,49.91970334808));
#2748 = VECTOR('',#2749,1.);
#2749 = DIRECTION('',(0.866025375,0.,-0.500000049856));
#2750 = ORIENTED_EDGE('',*,*,#2751,.T.);
#2751 = EDGE_CURVE('',#2744,#1875,#2752,.T.);
#2752 = LINE('',#2753,#2754);
#2753 = CARTESIAN_POINT('',(382.07179653944,-46.,10.000000398849));
#2754 = VECTOR('',#2755,1.);
#2755 = DIRECTION('',(0.,1.,-2.2E-16));
#2756 = ORIENTED_EDGE('',*,*,#1882,.F.);
#2757 = ORIENTED_EDGE('',*,*,#2727,.F.);
#2758 = PLANE('',#2759);
#2759 = AXIS2_PLACEMENT_3D('',#2760,#2761,#2762);
#2760 = CARTESIAN_POINT('',(382.07179653944,-46.,10.000000398849));
#2761 = DIRECTION('',(-0.500000049856,-1.9E-16,-0.866025375));
#2762 = DIRECTION('',(0.866025375,-1.1E-16,-0.500000049856));
#2763 = ADVANCED_FACE('',(#2764),#2782,.F.);
#2764 = FACE_BOUND('',#2765,.F.);
#2765 = EDGE_LOOP('',(#2766,#2774,#2780,#2781));
#2766 = ORIENTED_EDGE('',*,*,#2767,.F.);
#2767 = EDGE_CURVE('',#2768,#2744,#2770,.T.);
#2768 = VERTEX_POINT('',#2769);
#2769 = CARTESIAN_POINT('',(382.071797,465.,18.000000398849));
#2770 = LINE('',#2771,#2772);
#2771 = CARTESIAN_POINT('',(382.07179688486,465.,15.99999495859));
#2772 = VECTOR('',#2773,1.);
#2773 = DIRECTION('',(-5.756887589E-08,0.,-1.));
#2774 = ORIENTED_EDGE('',*,*,#2775,.T.);
#2775 = EDGE_CURVE('',#2768,#1867,#2776,.T.);
#2776 = LINE('',#2777,#2778);
#2777 = CARTESIAN_POINT('',(382.071797,-46.,18.000000398849));
#2778 = VECTOR('',#2779,1.);
#2779 = DIRECTION('',(0.,1.,-2.2E-16));
#2780 = ORIENTED_EDGE('',*,*,#1874,.F.);
#2781 = ORIENTED_EDGE('',*,*,#2751,.F.);
#2782 = PLANE('',#2783);
#2783 = AXIS2_PLACEMENT_3D('',#2784,#2785,#2786);
#2784 = CARTESIAN_POINT('',(382.071797,-46.,18.000000398849));
#2785 = DIRECTION('',(-1.,0.,5.756887589E-08));
#2786 = DIRECTION('',(-5.756887589E-08,-2.2E-16,-1.));
#2787 = ADVANCED_FACE('',(#2788),#2806,.F.);
#2788 = FACE_BOUND('',#2789,.F.);
#2789 = EDGE_LOOP('',(#2790,#2798,#2804,#2805));
#2790 = ORIENTED_EDGE('',*,*,#2791,.F.);
#2791 = EDGE_CURVE('',#2792,#2768,#2794,.T.);
#2792 = VERTEX_POINT('',#2793);
#2793 = CARTESIAN_POINT('',(389.00000046055,465.,22.));
#2794 = LINE('',#2795,#2796);
#2795 = CARTESIAN_POINT('',(316.39294488401,465.,-19.91969750897));
#2796 = VECTOR('',#2797,1.);
#2797 = DIRECTION('',(-0.866025432569,0.,-0.499999950144));
#2798 = ORIENTED_EDGE('',*,*,#2799,.T.);
#2799 = EDGE_CURVE('',#2792,#1859,#2800,.T.);
#2800 = LINE('',#2801,#2802);
#2801 = CARTESIAN_POINT('',(389.00000046055,-46.,22.));
#2802 = VECTOR('',#2803,1.);
#2803 = DIRECTION('',(0.,1.,-2.2E-16));
#2804 = ORIENTED_EDGE('',*,*,#1866,.F.);
#2805 = ORIENTED_EDGE('',*,*,#2775,.F.);
#2806 = PLANE('',#2807);
#2807 = AXIS2_PLACEMENT_3D('',#2808,#2809,#2810);
#2808 = CARTESIAN_POINT('',(389.00000046055,-46.,22.));
#2809 = DIRECTION('',(-0.499999950144,1.9E-16,0.866025432569));
#2810 = DIRECTION('',(-0.866025432569,-1.1E-16,-0.499999950144));
#2811 = ADVANCED_FACE('',(#2812),#2823,.F.);
#2812 = FACE_BOUND('',#2813,.F.);
#2813 = EDGE_LOOP('',(#2814,#2820,#2821,#2822));
#2814 = ORIENTED_EDGE('',*,*,#2815,.F.);
#2815 = EDGE_CURVE('',#2691,#2792,#2816,.T.);
#2816 = LINE('',#2817,#2818);
#2817 = CARTESIAN_POINT('',(323.32115742195,465.,59.919702749807));
#2818 = VECTOR('',#2819,1.);
#2819 = DIRECTION('',(-0.866025375,0.,0.500000049856));
#2820 = ORIENTED_EDGE('',*,*,#2705,.T.);
#2821 = ORIENTED_EDGE('',*,*,#1858,.F.);
#2822 = ORIENTED_EDGE('',*,*,#2799,.F.);
#2823 = PLANE('',#2824);
#2824 = AXIS2_PLACEMENT_3D('',#2825,#2826,#2827);
#2825 = CARTESIAN_POINT('',(395.92820346055,-46.,17.999999601151));
#2826 = DIRECTION('',(0.500000049856,1.9E-16,0.866025375));
#2827 = DIRECTION('',(-0.866025375,1.1E-16,0.500000049856));
#2828 = ADVANCED_FACE('',(#2829),#2854,.F.);
#2829 = FACE_BOUND('',#2830,.F.);
#2830 = EDGE_LOOP('',(#2831,#2841,#2847,#2848));
#2831 = ORIENTED_EDGE('',*,*,#2832,.F.);
#2832 = EDGE_CURVE('',#2833,#2835,#2837,.T.);
#2833 = VERTEX_POINT('',#2834);
#2834 = CARTESIAN_POINT('',(17.928203172707,465.,9.999999900288));
#2835 = VERTEX_POINT('',#2836);
#2836 = CARTESIAN_POINT('',(17.928203287844,465.,17.999999900288));
#2837 = LINE('',#2838,#2839);
#2838 = CARTESIAN_POINT('',(17.928203201491,465.,12.000001260353));
#2839 = VECTOR('',#2840,1.);
#2840 = DIRECTION('',(1.439221942E-08,0.,1.));
#2841 = ORIENTED_EDGE('',*,*,#2842,.T.);
#2842 = EDGE_CURVE('',#2833,#1901,#2843,.T.);
#2843 = LINE('',#2844,#2845);
#2844 = CARTESIAN_POINT('',(17.928203172707,-46.,9.999999900288));
#2845 = VECTOR('',#2846,1.);
#2846 = DIRECTION('',(0.,1.,-2.2E-16));
#2847 = ORIENTED_EDGE('',*,*,#1898,.F.);
#2848 = ORIENTED_EDGE('',*,*,#2849,.F.);
#2849 = EDGE_CURVE('',#2835,#1899,#2850,.T.);
#2850 = LINE('',#2851,#2852);
#2851 = CARTESIAN_POINT('',(17.928203287844,-46.,17.999999900288));
#2852 = VECTOR('',#2853,1.);
#2853 = DIRECTION('',(0.,1.,-2.2E-16));
#2854 = PLANE('',#2855);
#2855 = AXIS2_PLACEMENT_3D('',#2856,#2857,#2858);
#2856 = CARTESIAN_POINT('',(17.928203172707,-46.,9.999999900288));
#2857 = DIRECTION('',(1.,0.,-1.439221942E-08));
#2858 = DIRECTION('',(1.439221942E-08,2.2E-16,1.));
#2859 = ADVANCED_FACE('',(#2860),#2878,.F.);
#2860 = FACE_BOUND('',#2861,.F.);
#2861 = EDGE_LOOP('',(#2862,#2870,#2876,#2877));
#2862 = ORIENTED_EDGE('',*,*,#2863,.F.);
#2863 = EDGE_CURVE('',#2864,#2833,#2866,.T.);
#2864 = VERTEX_POINT('',#2865);
#2865 = CARTESIAN_POINT('',(10.999999884862,465.,6.));
#2866 = LINE('',#2867,#2868);
#2867 = CARTESIAN_POINT('',(83.607051884674,465.,47.919699623854));
#2868 = VECTOR('',#2869,1.);
#2869 = DIRECTION('',(0.866025410981,0.,0.499999987536));
#2870 = ORIENTED_EDGE('',*,*,#2871,.T.);
#2871 = EDGE_CURVE('',#2864,#1933,#2872,.T.);
#2872 = LINE('',#2873,#2874);
#2873 = CARTESIAN_POINT('',(10.999999884862,-46.,6.));
#2874 = VECTOR('',#2875,1.);
#2875 = DIRECTION('',(0.,1.,-2.2E-16));
#2876 = ORIENTED_EDGE('',*,*,#1940,.F.);
#2877 = ORIENTED_EDGE('',*,*,#2842,.F.);
#2878 = PLANE('',#2879);
#2879 = AXIS2_PLACEMENT_3D('',#2880,#2881,#2882);
#2880 = CARTESIAN_POINT('',(10.999999884862,-46.,6.));
#2881 = DIRECTION('',(0.499999987536,-1.9E-16,-0.866025410981));
#2882 = DIRECTION('',(0.866025410981,1.1E-16,0.499999987536));
#2883 = ADVANCED_FACE('',(#2884),#2902,.F.);
#2884 = FACE_BOUND('',#2885,.F.);
#2885 = EDGE_LOOP('',(#2886,#2894,#2900,#2901));
#2886 = ORIENTED_EDGE('',*,*,#2887,.F.);
#2887 = EDGE_CURVE('',#2888,#2864,#2890,.T.);
#2888 = VERTEX_POINT('',#2889);
#2889 = CARTESIAN_POINT('',(4.071796712156,465.,10.000000099712));
#2890 = LINE('',#2891,#2892);
#2891 = CARTESIAN_POINT('',(76.678846327482,465.,-31.91970093406));
#2892 = VECTOR('',#2893,1.);
#2893 = DIRECTION('',(0.866025396588,0.,-0.500000012464));
#2894 = ORIENTED_EDGE('',*,*,#2895,.T.);
#2895 = EDGE_CURVE('',#2888,#1925,#2896,.T.);
#2896 = LINE('',#2897,#2898);
#2897 = CARTESIAN_POINT('',(4.071796712156,-46.,10.000000099712));
#2898 = VECTOR('',#2899,1.);
#2899 = DIRECTION('',(0.,1.,-2.2E-16));
#2900 = ORIENTED_EDGE('',*,*,#1932,.F.);
#2901 = ORIENTED_EDGE('',*,*,#2871,.F.);
#2902 = PLANE('',#2903);
#2903 = AXIS2_PLACEMENT_3D('',#2904,#2905,#2906);
#2904 = CARTESIAN_POINT('',(4.071796712156,-46.,10.000000099712));
#2905 = DIRECTION('',(-0.500000012464,-1.9E-16,-0.866025396588));
#2906 = DIRECTION('',(0.866025396588,-1.1E-16,-0.500000012464));
#2907 = ADVANCED_FACE('',(#2908),#2926,.F.);
#2908 = FACE_BOUND('',#2909,.F.);
#2909 = EDGE_LOOP('',(#2910,#2918,#2924,#2925));
#2910 = ORIENTED_EDGE('',*,*,#2911,.F.);
#2911 = EDGE_CURVE('',#2912,#2888,#2914,.T.);
#2912 = VERTEX_POINT('',#2913);
#2913 = CARTESIAN_POINT('',(4.071796827293,465.,18.000000099712));
#2914 = LINE('',#2915,#2916);
#2915 = CARTESIAN_POINT('',(4.071796798509,465.,16.000001459777));
#2916 = VECTOR('',#2917,1.);
#2917 = DIRECTION('',(-1.439221931E-08,0.,-1.));
#2918 = ORIENTED_EDGE('',*,*,#2919,.T.);
#2919 = EDGE_CURVE('',#2912,#1917,#2920,.T.);
#2920 = LINE('',#2921,#2922);
#2921 = CARTESIAN_POINT('',(4.071796827293,-46.,18.000000099712));
#2922 = VECTOR('',#2923,1.);
#2923 = DIRECTION('',(0.,1.,-2.2E-16));
#2924 = ORIENTED_EDGE('',*,*,#1924,.F.);
#2925 = ORIENTED_EDGE('',*,*,#2895,.F.);
#2926 = PLANE('',#2927);
#2927 = AXIS2_PLACEMENT_3D('',#2928,#2929,#2930);
#2928 = CARTESIAN_POINT('',(4.071796827293,-46.,18.000000099712));
#2929 = DIRECTION('',(-1.,0.,1.439221931E-08));
#2930 = DIRECTION('',(-1.439221931E-08,-2.2E-16,-1.));
#2931 = ADVANCED_FACE('',(#2932),#2950,.F.);
#2932 = FACE_BOUND('',#2933,.F.);
#2933 = EDGE_LOOP('',(#2934,#2942,#2948,#2949));
#2934 = ORIENTED_EDGE('',*,*,#2935,.F.);
#2935 = EDGE_CURVE('',#2936,#2912,#2938,.T.);
#2936 = VERTEX_POINT('',#2937);
#2937 = CARTESIAN_POINT('',(11.000000115138,465.,22.));
#2938 = LINE('',#2939,#2940);
#2939 = CARTESIAN_POINT('',(80.142950471027,465.,61.91969967371));
#2940 = VECTOR('',#2941,1.);
#2941 = DIRECTION('',(-0.866025410981,0.,-0.499999987536));
#2942 = ORIENTED_EDGE('',*,*,#2943,.T.);
#2943 = EDGE_CURVE('',#2936,#1909,#2944,.T.);
#2944 = LINE('',#2945,#2946);
#2945 = CARTESIAN_POINT('',(11.000000115138,-46.,22.));
#2946 = VECTOR('',#2947,1.);
#2947 = DIRECTION('',(0.,1.,-2.2E-16));
#2948 = ORIENTED_EDGE('',*,*,#1916,.F.);
#2949 = ORIENTED_EDGE('',*,*,#2919,.F.);
#2950 = PLANE('',#2951);
#2951 = AXIS2_PLACEMENT_3D('',#2952,#2953,#2954);
#2952 = CARTESIAN_POINT('',(11.000000115138,-46.,22.));
#2953 = DIRECTION('',(-0.499999987536,1.9E-16,0.866025410981));
#2954 = DIRECTION('',(-0.866025410981,-1.1E-16,-0.499999987536));
#2955 = ADVANCED_FACE('',(#2956),#2967,.F.);
#2956 = FACE_BOUND('',#2957,.F.);
#2957 = EDGE_LOOP('',(#2958,#2964,#2965,#2966));
#2958 = ORIENTED_EDGE('',*,*,#2959,.F.);
#2959 = EDGE_CURVE('',#2835,#2936,#2960,.T.);
#2960 = LINE('',#2961,#2962);
#2961 = CARTESIAN_POINT('',(87.071151316817,465.,-21.91970108363));
#2962 = VECTOR('',#2963,1.);
#2963 = DIRECTION('',(-0.866025396588,0.,0.500000012464));
#2964 = ORIENTED_EDGE('',*,*,#2849,.T.);
#2965 = ORIENTED_EDGE('',*,*,#1908,.F.);
#2966 = ORIENTED_EDGE('',*,*,#2943,.F.);
#2967 = PLANE('',#2968);
#2968 = AXIS2_PLACEMENT_3D('',#2969,#2970,#2971);
#2969 = CARTESIAN_POINT('',(17.928203287844,-46.,17.999999900288));
#2970 = DIRECTION('',(0.500000012464,1.9E-16,0.866025396588));
#2971 = DIRECTION('',(-0.866025396588,1.1E-16,0.500000012464));
#2972 = ADVANCED_FACE('',(#2973),#2998,.F.);
#2973 = FACE_BOUND('',#2974,.F.);
#2974 = EDGE_LOOP('',(#2975,#2985,#2991,#2992));
#2975 = ORIENTED_EDGE('',*,*,#2976,.F.);
#2976 = EDGE_CURVE('',#2977,#2979,#2981,.T.);
#2977 = VERTEX_POINT('',#2978);
#2978 = CARTESIAN_POINT('',(206.92820323027,465.,9.999999999985));
#2979 = VERTEX_POINT('',#2980);
#2980 = CARTESIAN_POINT('',(206.92820323028,465.,17.999999999985));
#2981 = LINE('',#2982,#2983);
#2982 = CARTESIAN_POINT('',(206.92820323027,465.,11.999999999988));
#2983 = VECTOR('',#2984,1.);
#2984 = DIRECTION('',(1.3145E-12,0.,1.));
#2985 = ORIENTED_EDGE('',*,*,#2986,.T.);
#2986 = EDGE_CURVE('',#2977,#1951,#2987,.T.);
#2987 = LINE('',#2988,#2989);
#2988 = CARTESIAN_POINT('',(206.92820323027,-46.,9.999999999985));
#2989 = VECTOR('',#2990,1.);
#2990 = DIRECTION('',(0.,1.,-2.2E-16));
#2991 = ORIENTED_EDGE('',*,*,#1948,.F.);
#2992 = ORIENTED_EDGE('',*,*,#2993,.F.);
#2993 = EDGE_CURVE('',#2979,#1949,#2994,.T.);
#2994 = LINE('',#2995,#2996);
#2995 = CARTESIAN_POINT('',(206.92820323028,-46.,17.999999999985));
#2996 = VECTOR('',#2997,1.);
#2997 = DIRECTION('',(0.,1.,-2.2E-16));
#2998 = PLANE('',#2999);
#2999 = AXIS2_PLACEMENT_3D('',#3000,#3001,#3002);
#3000 = CARTESIAN_POINT('',(206.92820323027,-46.,9.999999999985));
#3001 = DIRECTION('',(1.,0.,-1.3145E-12));
#3002 = DIRECTION('',(1.3145E-12,2.2E-16,1.));
#3003 = ADVANCED_FACE('',(#3004),#3022,.F.);
#3004 = FACE_BOUND('',#3005,.F.);
#3005 = EDGE_LOOP('',(#3006,#3014,#3020,#3021));
#3006 = ORIENTED_EDGE('',*,*,#3007,.F.);
#3007 = EDGE_CURVE('',#3008,#2977,#3010,.T.);
#3008 = VERTEX_POINT('',#3009);
#3009 = CARTESIAN_POINT('',(199.99999999998,465.,5.999999999994));
#3010 = LINE('',#3011,#3012);
#3011 = CARTESIAN_POINT('',(201.73205080756,465.,6.999999999992));
#3012 = VECTOR('',#3013,1.);
#3013 = DIRECTION('',(0.866025403785,0.,0.499999999999));
#3014 = ORIENTED_EDGE('',*,*,#3015,.T.);
#3015 = EDGE_CURVE('',#3008,#1983,#3016,.T.);
#3016 = LINE('',#3017,#3018);
#3017 = CARTESIAN_POINT('',(199.99999999998,-46.,5.999999999994));
#3018 = VECTOR('',#3019,1.);
#3019 = DIRECTION('',(0.,1.,-2.2E-16));
#3020 = ORIENTED_EDGE('',*,*,#1990,.F.);
#3021 = ORIENTED_EDGE('',*,*,#2986,.F.);
#3022 = PLANE('',#3023);
#3023 = AXIS2_PLACEMENT_3D('',#3024,#3025,#3026);
#3024 = CARTESIAN_POINT('',(199.99999999998,-46.,5.999999999994));
#3025 = DIRECTION('',(0.499999999999,-1.9E-16,-0.866025403785));
#3026 = DIRECTION('',(0.866025403785,1.1E-16,0.499999999999));
#3027 = ADVANCED_FACE('',(#3028),#3046,.F.);
#3028 = FACE_BOUND('',#3029,.F.);
#3029 = EDGE_LOOP('',(#3030,#3038,#3044,#3045));
#3030 = ORIENTED_EDGE('',*,*,#3031,.F.);
#3031 = EDGE_CURVE('',#3032,#3008,#3034,.T.);
#3032 = VERTEX_POINT('',#3033);
#3033 = CARTESIAN_POINT('',(193.07179676971,465.,10.000000000003));
#3034 = LINE('',#3035,#3036);
#3035 = CARTESIAN_POINT('',(194.80384757728,465.,9.000000000001));
#3036 = VECTOR('',#3037,1.);
#3037 = DIRECTION('',(0.866025403784,0.,-0.500000000001));
#3038 = ORIENTED_EDGE('',*,*,#3039,.T.);
#3039 = EDGE_CURVE('',#3032,#1975,#3040,.T.);
#3040 = LINE('',#3041,#3042);
#3041 = CARTESIAN_POINT('',(193.07179676971,-46.,10.000000000003));
#3042 = VECTOR('',#3043,1.);
#3043 = DIRECTION('',(0.,1.,-2.2E-16));
#3044 = ORIENTED_EDGE('',*,*,#1982,.F.);
#3045 = ORIENTED_EDGE('',*,*,#3015,.F.);
#3046 = PLANE('',#3047);
#3047 = AXIS2_PLACEMENT_3D('',#3048,#3049,#3050);
#3048 = CARTESIAN_POINT('',(193.07179676971,-46.,10.000000000003));
#3049 = DIRECTION('',(-0.500000000001,-1.9E-16,-0.866025403784));
#3050 = DIRECTION('',(0.866025403784,-1.1E-16,-0.500000000001));
#3051 = ADVANCED_FACE('',(#3052),#3070,.F.);
#3052 = FACE_BOUND('',#3053,.F.);
#3053 = EDGE_LOOP('',(#3054,#3062,#3068,#3069));
#3054 = ORIENTED_EDGE('',*,*,#3055,.F.);
#3055 = EDGE_CURVE('',#3056,#3032,#3058,.T.);
#3056 = VERTEX_POINT('',#3057);
#3057 = CARTESIAN_POINT('',(193.07179676973,465.,18.000000000003));
#3058 = LINE('',#3059,#3060);
#3059 = CARTESIAN_POINT('',(193.07179676972,465.,16.000000000006));
#3060 = VECTOR('',#3061,1.);
#3061 = DIRECTION('',(-1.3145E-12,0.,-1.));
#3062 = ORIENTED_EDGE('',*,*,#3063,.T.);
#3063 = EDGE_CURVE('',#3056,#1967,#3064,.T.);
#3064 = LINE('',#3065,#3066);
#3065 = CARTESIAN_POINT('',(193.07179676973,-46.,18.000000000003));
#3066 = VECTOR('',#3067,1.);
#3067 = DIRECTION('',(0.,1.,-2.2E-16));
#3068 = ORIENTED_EDGE('',*,*,#1974,.F.);
#3069 = ORIENTED_EDGE('',*,*,#3039,.F.);
#3070 = PLANE('',#3071);
#3071 = AXIS2_PLACEMENT_3D('',#3072,#3073,#3074);
#3072 = CARTESIAN_POINT('',(193.07179676973,-46.,18.000000000003));
#3073 = DIRECTION('',(-1.,0.,1.3145E-12));
#3074 = DIRECTION('',(-1.3145E-12,-2.2E-16,-1.));
#3075 = ADVANCED_FACE('',(#3076),#3094,.F.);
#3076 = FACE_BOUND('',#3077,.F.);
#3077 = EDGE_LOOP('',(#3078,#3086,#3092,#3093));
#3078 = ORIENTED_EDGE('',*,*,#3079,.F.);
#3079 = EDGE_CURVE('',#3080,#3056,#3082,.T.);
#3080 = VERTEX_POINT('',#3081);
#3081 = CARTESIAN_POINT('',(200.00000000001,465.,21.999999999994));
#3082 = LINE('',#3083,#3084);
#3083 = CARTESIAN_POINT('',(198.26794919244,465.,20.999999999997));
#3084 = VECTOR('',#3085,1.);
#3085 = DIRECTION('',(-0.866025403785,0.,-0.499999999999));
#3086 = ORIENTED_EDGE('',*,*,#3087,.T.);
#3087 = EDGE_CURVE('',#3080,#1959,#3088,.T.);
#3088 = LINE('',#3089,#3090);
#3089 = CARTESIAN_POINT('',(200.00000000001,-46.,21.999999999994));
#3090 = VECTOR('',#3091,1.);
#3091 = DIRECTION('',(0.,1.,-2.2E-16));
#3092 = ORIENTED_EDGE('',*,*,#1966,.F.);
#3093 = ORIENTED_EDGE('',*,*,#3063,.F.);
#3094 = PLANE('',#3095);
#3095 = AXIS2_PLACEMENT_3D('',#3096,#3097,#3098);
#3096 = CARTESIAN_POINT('',(200.00000000001,-46.,21.999999999994));
#3097 = DIRECTION('',(-0.499999999999,1.9E-16,0.866025403785));
#3098 = DIRECTION('',(-0.866025403785,-1.1E-16,-0.499999999999));
#3099 = ADVANCED_FACE('',(#3100),#3111,.F.);
#3100 = FACE_BOUND('',#3101,.F.);
#3101 = EDGE_LOOP('',(#3102,#3108,#3109,#3110));
#3102 = ORIENTED_EDGE('',*,*,#3103,.F.);
#3103 = EDGE_CURVE('',#2979,#3080,#3104,.T.);
#3104 = LINE('',#3105,#3106);
#3105 = CARTESIAN_POINT('',(205.19615242271,465.,18.999999999988));
#3106 = VECTOR('',#3107,1.);
#3107 = DIRECTION('',(-0.866025403784,0.,0.500000000001));
#3108 = ORIENTED_EDGE('',*,*,#2993,.T.);
#3109 = ORIENTED_EDGE('',*,*,#1958,.F.);
#3110 = ORIENTED_EDGE('',*,*,#3087,.F.);
#3111 = PLANE('',#3112);
#3112 = AXIS2_PLACEMENT_3D('',#3113,#3114,#3115);
#3113 = CARTESIAN_POINT('',(206.92820323028,-46.,17.999999999985));
#3114 = DIRECTION('',(0.500000000001,1.9E-16,0.866025403784));
#3115 = DIRECTION('',(-0.866025403784,1.1E-16,0.500000000001));
#3116 = ADVANCED_FACE('',(#3117),#3135,.T.);
#3117 = FACE_BOUND('',#3118,.T.);
#3118 = EDGE_LOOP('',(#3119,#3120,#3121,#3129));
#3119 = ORIENTED_EDGE('',*,*,#2343,.T.);
#3120 = ORIENTED_EDGE('',*,*,#2109,.T.);
#3121 = ORIENTED_EDGE('',*,*,#3122,.F.);
#3122 = EDGE_CURVE('',#3123,#2102,#3125,.T.);
#3123 = VERTEX_POINT('',#3124);
#3124 = CARTESIAN_POINT('',(402.,20.,145.));
#3125 = LINE('',#3126,#3127);
#3126 = CARTESIAN_POINT('',(402.,20.,145.));
#3127 = VECTOR('',#3128,1.);
#3128 = DIRECTION('',(1.,0.,0.));
#3129 = ORIENTED_EDGE('',*,*,#3130,.F.);
#3130 = EDGE_CURVE('',#2344,#3123,#3131,.T.);
#3131 = LINE('',#3132,#3133);
#3132 = CARTESIAN_POINT('',(402.,-42.,145.));
#3133 = VECTOR('',#3134,1.);
#3134 = DIRECTION('',(0.,1.,0.));
#3135 = PLANE('',#3136);
#3136 = AXIS2_PLACEMENT_3D('',#3137,#3138,#3139);
#3137 = CARTESIAN_POINT('',(402.,-42.,145.));
#3138 = DIRECTION('',(0.,0.,1.));
#3139 = DIRECTION('',(0.,1.,0.));
#3140 = ADVANCED_FACE('',(#3141),#3159,.F.);
#3141 = FACE_BOUND('',#3142,.F.);
#3142 = EDGE_LOOP('',(#3143,#3144,#3145,#3153));
#3143 = ORIENTED_EDGE('',*,*,#2384,.T.);
#3144 = ORIENTED_EDGE('',*,*,#2045,.T.);
#3145 = ORIENTED_EDGE('',*,*,#3146,.F.);
#3146 = EDGE_CURVE('',#3147,#2046,#3149,.T.);
#3147 = VERTEX_POINT('',#3148);
#3148 = CARTESIAN_POINT('',(402.,403.,145.));
#3149 = LINE('',#3150,#3151);
#3150 = CARTESIAN_POINT('',(402.,403.,145.));
#3151 = VECTOR('',#3152,1.);
#3152 = DIRECTION('',(1.,0.,0.));
#3153 = ORIENTED_EDGE('',*,*,#3154,.F.);
#3154 = EDGE_CURVE('',#2377,#3147,#3155,.T.);
#3155 = LINE('',#3156,#3157);
#3156 = CARTESIAN_POINT('',(402.,465.,145.));
#3157 = VECTOR('',#3158,1.);
#3158 = DIRECTION('',(0.,-1.,0.));
#3159 = PLANE('',#3160);
#3160 = AXIS2_PLACEMENT_3D('',#3161,#3162,#3163);
#3161 = CARTESIAN_POINT('',(402.,465.,145.));
#3162 = DIRECTION('',(0.,0.,-1.));
#3163 = DIRECTION('',(0.,-1.,0.));
#3164 = ADVANCED_FACE('',(#3165),#3183,.T.);
#3165 = FACE_BOUND('',#3166,.T.);
#3166 = EDGE_LOOP('',(#3167,#3168,#3169,#3177));
#3167 = ORIENTED_EDGE('',*,*,#3122,.T.);
#3168 = ORIENTED_EDGE('',*,*,#2101,.T.);
#3169 = ORIENTED_EDGE('',*,*,#3170,.F.);
#3170 = EDGE_CURVE('',#3171,#2094,#3173,.T.);
#3171 = VERTEX_POINT('',#3172);
#3172 = CARTESIAN_POINT('',(402.,20.,67.));
#3173 = LINE('',#3174,#3175);
#3174 = CARTESIAN_POINT('',(402.,20.,67.));
#3175 = VECTOR('',#3176,1.);
#3176 = DIRECTION('',(1.,0.,0.));
#3177 = ORIENTED_EDGE('',*,*,#3178,.F.);
#3178 = EDGE_CURVE('',#3123,#3171,#3179,.T.);
#3179 = LINE('',#3180,#3181);
#3180 = CARTESIAN_POINT('',(402.,20.,145.));
#3181 = VECTOR('',#3182,1.);
#3182 = DIRECTION('',(0.,0.,-1.));
#3183 = PLANE('',#3184);
#3184 = AXIS2_PLACEMENT_3D('',#3185,#3186,#3187);
#3185 = CARTESIAN_POINT('',(402.,20.,145.));
#3186 = DIRECTION('',(0.,1.,0.));
#3187 = DIRECTION('',(0.,0.,-1.));
#3188 = ADVANCED_FACE('',(#3189),#3207,.F.);
#3189 = FACE_BOUND('',#3190,.F.);
#3190 = EDGE_LOOP('',(#3191,#3192,#3193,#3201));
#3191 = ORIENTED_EDGE('',*,*,#3146,.T.);
#3192 = ORIENTED_EDGE('',*,*,#2053,.T.);
#3193 = ORIENTED_EDGE('',*,*,#3194,.F.);
#3194 = EDGE_CURVE('',#3195,#2054,#3197,.T.);
#3195 = VERTEX_POINT('',#3196);
#3196 = CARTESIAN_POINT('',(402.,403.,115.));
#3197 = LINE('',#3198,#3199);
#3198 = CARTESIAN_POINT('',(402.,403.,115.));
#3199 = VECTOR('',#3200,1.);
#3200 = DIRECTION('',(1.,0.,0.));
#3201 = ORIENTED_EDGE('',*,*,#3202,.F.);
#3202 = EDGE_CURVE('',#3147,#3195,#3203,.T.);
#3203 = LINE('',#3204,#3205);
#3204 = CARTESIAN_POINT('',(402.,403.,145.));
#3205 = VECTOR('',#3206,1.);
#3206 = DIRECTION('',(0.,0.,-1.));
#3207 = PLANE('',#3208);
#3208 = AXIS2_PLACEMENT_3D('',#3209,#3210,#3211);
#3209 = CARTESIAN_POINT('',(402.,403.,145.));
#3210 = DIRECTION('',(0.,1.,0.));
#3211 = DIRECTION('',(0.,0.,-1.));
#3212 = ADVANCED_FACE('',(#3213),#3231,.T.);
#3213 = FACE_BOUND('',#3214,.T.);
#3214 = EDGE_LOOP('',(#3215,#3216,#3217,#3225));
#3215 = ORIENTED_EDGE('',*,*,#3170,.T.);
#3216 = ORIENTED_EDGE('',*,*,#2093,.T.);
#3217 = ORIENTED_EDGE('',*,*,#3218,.F.);
#3218 = EDGE_CURVE('',#3219,#2086,#3221,.T.);
#3219 = VERTEX_POINT('',#3220);
#3220 = CARTESIAN_POINT('',(402.,47.,40.));
#3221 = LINE('',#3222,#3223);
#3222 = CARTESIAN_POINT('',(402.,47.,40.));
#3223 = VECTOR('',#3224,1.);
#3224 = DIRECTION('',(1.,0.,0.));
#3225 = ORIENTED_EDGE('',*,*,#3226,.F.);
#3226 = EDGE_CURVE('',#3171,#3219,#3227,.T.);
#3227 = LINE('',#3228,#3229);
#3228 = CARTESIAN_POINT('',(402.,20.,67.));
#3229 = VECTOR('',#3230,1.);
#3230 = DIRECTION('',(0.,0.707106781187,-0.707106781187));
#3231 = PLANE('',#3232);
#3232 = AXIS2_PLACEMENT_3D('',#3233,#3234,#3235);
#3233 = CARTESIAN_POINT('',(402.,20.,67.));
#3234 = DIRECTION('',(0.,0.707106781187,0.707106781187));
#3235 = DIRECTION('',(0.,0.707106781187,-0.707106781187));
#3236 = ADVANCED_FACE('',(#3237),#3255,.F.);
#3237 = FACE_BOUND('',#3238,.F.);
#3238 = EDGE_LOOP('',(#3239,#3240,#3241,#3249));
#3239 = ORIENTED_EDGE('',*,*,#3194,.T.);
#3240 = ORIENTED_EDGE('',*,*,#2061,.T.);
#3241 = ORIENTED_EDGE('',*,*,#3242,.F.);
#3242 = EDGE_CURVE('',#3243,#2062,#3245,.T.);
#3243 = VERTEX_POINT('',#3244);
#3244 = CARTESIAN_POINT('',(402.,383.,95.));
#3245 = LINE('',#3246,#3247);
#3246 = CARTESIAN_POINT('',(402.,383.,95.));
#3247 = VECTOR('',#3248,1.);
#3248 = DIRECTION('',(1.,0.,0.));
#3249 = ORIENTED_EDGE('',*,*,#3250,.F.);
#3250 = EDGE_CURVE('',#3195,#3243,#3251,.T.);
#3251 = LINE('',#3252,#3253);
#3252 = CARTESIAN_POINT('',(402.,403.,115.));
#3253 = VECTOR('',#3254,1.);
#3254 = DIRECTION('',(0.,-0.707106781187,-0.707106781187));
#3255 = PLANE('',#3256);
#3256 = AXIS2_PLACEMENT_3D('',#3257,#3258,#3259);
#3257 = CARTESIAN_POINT('',(402.,403.,115.));
#3258 = DIRECTION('',(0.,0.707106781187,-0.707106781187));
#3259 = DIRECTION('',(0.,-0.707106781187,-0.707106781187));
#3260 = ADVANCED_FACE('',(#3261),#3279,.T.);
#3261 = FACE_BOUND('',#3262,.T.);
#3262 = EDGE_LOOP('',(#3263,#3264,#3265,#3273));
#3263 = ORIENTED_EDGE('',*,*,#3218,.T.);
#3264 = ORIENTED_EDGE('',*,*,#2085,.T.);
#3265 = ORIENTED_EDGE('',*,*,#3266,.F.);
#3266 = EDGE_CURVE('',#3267,#2078,#3269,.T.);
#3267 = VERTEX_POINT('',#3268);
#3268 = CARTESIAN_POINT('',(402.,250.,40.));
#3269 = LINE('',#3270,#3271);
#3270 = CARTESIAN_POINT('',(402.,250.,40.));
#3271 = VECTOR('',#3272,1.);
#3272 = DIRECTION('',(1.,0.,0.));
#3273 = ORIENTED_EDGE('',*,*,#3274,.F.);
#3274 = EDGE_CURVE('',#3219,#3267,#3275,.T.);
#3275 = LINE('',#3276,#3277);
#3276 = CARTESIAN_POINT('',(402.,-42.,40.));
#3277 = VECTOR('',#3278,1.);
#3278 = DIRECTION('',(0.,1.,-2.2E-16));
#3279 = PLANE('',#3280);
#3280 = AXIS2_PLACEMENT_3D('',#3281,#3282,#3283);
#3281 = CARTESIAN_POINT('',(405.,-42.,40.));
#3282 = DIRECTION('',(0.,2.2E-16,1.));
#3283 = DIRECTION('',(-1.,0.,0.));
#3284 = ADVANCED_FACE('',(#3285),#3303,.F.);
#3285 = FACE_BOUND('',#3286,.F.);
#3286 = EDGE_LOOP('',(#3287,#3288,#3289,#3297));
#3287 = ORIENTED_EDGE('',*,*,#3242,.T.);
#3288 = ORIENTED_EDGE('',*,*,#2069,.T.);
#3289 = ORIENTED_EDGE('',*,*,#3290,.F.);
#3290 = EDGE_CURVE('',#3291,#2070,#3293,.T.);
#3291 = VERTEX_POINT('',#3292);
#3292 = CARTESIAN_POINT('',(402.,305.,95.));
#3293 = LINE('',#3294,#3295);
#3294 = CARTESIAN_POINT('',(402.,305.,95.));
#3295 = VECTOR('',#3296,1.);
#3296 = DIRECTION('',(1.,0.,0.));
#3297 = ORIENTED_EDGE('',*,*,#3298,.F.);
#3298 = EDGE_CURVE('',#3243,#3291,#3299,.T.);
#3299 = LINE('',#3300,#3301);
#3300 = CARTESIAN_POINT('',(402.,383.,95.));
#3301 = VECTOR('',#3302,1.);
#3302 = DIRECTION('',(0.,-1.,0.));
#3303 = PLANE('',#3304);
#3304 = AXIS2_PLACEMENT_3D('',#3305,#3306,#3307);
#3305 = CARTESIAN_POINT('',(402.,383.,95.));
#3306 = DIRECTION('',(0.,0.,-1.));
#3307 = DIRECTION('',(0.,-1.,0.));
#3308 = ADVANCED_FACE('',(#3309),#3320,.F.);
#3309 = FACE_BOUND('',#3310,.F.);
#3310 = EDGE_LOOP('',(#3311,#3312,#3313,#3314));
#3311 = ORIENTED_EDGE('',*,*,#3290,.T.);
#3312 = ORIENTED_EDGE('',*,*,#2077,.T.);
#3313 = ORIENTED_EDGE('',*,*,#3266,.F.);
#3314 = ORIENTED_EDGE('',*,*,#3315,.F.);
#3315 = EDGE_CURVE('',#3291,#3267,#3316,.T.);
#3316 = LINE('',#3317,#3318);
#3317 = CARTESIAN_POINT('',(402.,305.,95.));
#3318 = VECTOR('',#3319,1.);
#3319 = DIRECTION('',(0.,-0.707106781187,-0.707106781187));
#3320 = PLANE('',#3321);
#3321 = AXIS2_PLACEMENT_3D('',#3322,#3323,#3324);
#3322 = CARTESIAN_POINT('',(402.,305.,95.));
#3323 = DIRECTION('',(0.,0.707106781187,-0.707106781187));
#3324 = DIRECTION('',(0.,-0.707106781187,-0.707106781187));
#3325 = ADVANCED_FACE('',(#3326),#3345,.F.);
#3326 = FACE_BOUND('',#3327,.T.);
#3327 = EDGE_LOOP('',(#3328,#3337,#3343,#3344));
#3328 = ORIENTED_EDGE('',*,*,#3329,.F.);
#3329 = EDGE_CURVE('',#3330,#3330,#3332,.T.);
#3330 = VERTEX_POINT('',#3331);
#3331 = CARTESIAN_POINT('',(402.,430.,35.5));
#3332 = CIRCLE('',#3333,5.5);
#3333 = AXIS2_PLACEMENT_3D('',#3334,#3335,#3336);
#3334 = CARTESIAN_POINT('',(402.,430.,30.));
#3335 = DIRECTION('',(1.,0.,-0.));
#3336 = DIRECTION('',(0.,0.,1.));
#3337 = ORIENTED_EDGE('',*,*,#3338,.T.);
#3338 = EDGE_CURVE('',#3330,#2126,#3339,.T.);
#3339 = LINE('',#3340,#3341);
#3340 = CARTESIAN_POINT('',(-5.,430.,35.5));
#3341 = VECTOR('',#3342,1.);
#3342 = DIRECTION('',(1.,0.,-6.E-17));
#3343 = ORIENTED_EDGE('',*,*,#2125,.T.);
#3344 = ORIENTED_EDGE('',*,*,#3338,.F.);
#3345 = CYLINDRICAL_SURFACE('',#3346,5.5);
#3346 = AXIS2_PLACEMENT_3D('',#3347,#3348,#3349);
#3347 = CARTESIAN_POINT('',(-5.,430.,30.));
#3348 = DIRECTION('',(1.,0.,0.));
#3349 = DIRECTION('',(0.,0.,1.));
#3350 = ADVANCED_FACE('',(#3351),#3377,.F.);
#3351 = FACE_BOUND('',#3352,.T.);
#3352 = EDGE_LOOP('',(#3353,#3364,#3370,#3371));
#3353 = ORIENTED_EDGE('',*,*,#3354,.T.);
#3354 = EDGE_CURVE('',#3355,#3357,#3359,.T.);
#3355 = VERTEX_POINT('',#3356);
#3356 = CARTESIAN_POINT('',(402.,399.,74.999996960769));
#3357 = VERTEX_POINT('',#3358);
#3358 = CARTESIAN_POINT('',(402.,402.,71.999996960769));
#3359 = CIRCLE('',#3360,3.);
#3360 = AXIS2_PLACEMENT_3D('',#3361,#3362,#3363);
#3361 = CARTESIAN_POINT('',(402.,399.,71.999996960769));
#3362 = DIRECTION('',(-1.,0.,0.));
#3363 = DIRECTION('',(0.,1.,0.));
#3364 = ORIENTED_EDGE('',*,*,#3365,.T.);
#3365 = EDGE_CURVE('',#3357,#2139,#3366,.T.);
#3366 = LINE('',#3367,#3368);
#3367 = CARTESIAN_POINT('',(-5.,402.,71.999996960769));
#3368 = VECTOR('',#3369,1.);
#3369 = DIRECTION('',(1.,0.,0.));
#3370 = ORIENTED_EDGE('',*,*,#2136,.F.);
#3371 = ORIENTED_EDGE('',*,*,#3372,.F.);
#3372 = EDGE_CURVE('',#3355,#2137,#3373,.T.);
#3373 = LINE('',#3374,#3375);
#3374 = CARTESIAN_POINT('',(-5.,399.,74.999996960769));
#3375 = VECTOR('',#3376,1.);
#3376 = DIRECTION('',(1.,0.,0.));
#3377 = CYLINDRICAL_SURFACE('',#3378,3.);
#3378 = AXIS2_PLACEMENT_3D('',#3379,#3380,#3381);
#3379 = CARTESIAN_POINT('',(-5.,399.,71.999996960769));
#3380 = DIRECTION('',(-1.,-0.,-0.));
#3381 = DIRECTION('',(0.,1.,0.));
#3382 = ADVANCED_FACE('',(#3383),#3401,.T.);
#3383 = FACE_BOUND('',#3384,.T.);
#3384 = EDGE_LOOP('',(#3385,#3393,#3394,#3395));
#3385 = ORIENTED_EDGE('',*,*,#3386,.F.);
#3386 = EDGE_CURVE('',#3355,#3387,#3389,.T.);
#3387 = VERTEX_POINT('',#3388);
#3388 = CARTESIAN_POINT('',(402.,329.00000098038,74.999996960769));
#3389 = LINE('',#3390,#3391);
#3390 = CARTESIAN_POINT('',(402.,302.42744825103,74.999996960769));
#3391 = VECTOR('',#3392,1.);
#3392 = DIRECTION('',(0.,-1.,0.));
#3393 = ORIENTED_EDGE('',*,*,#3372,.T.);
#3394 = ORIENTED_EDGE('',*,*,#2198,.F.);
#3395 = ORIENTED_EDGE('',*,*,#3396,.F.);
#3396 = EDGE_CURVE('',#3387,#2190,#3397,.T.);
#3397 = LINE('',#3398,#3399);
#3398 = CARTESIAN_POINT('',(-5.,329.00000098038,74.999996960769));
#3399 = VECTOR('',#3400,1.);
#3400 = DIRECTION('',(1.,0.,0.));
#3401 = PLANE('',#3402);
#3402 = AXIS2_PLACEMENT_3D('',#3403,#3404,#3405);
#3403 = CARTESIAN_POINT('',(-5.,399.,74.999996960769));
#3404 = DIRECTION('',(0.,0.,-1.));
#3405 = DIRECTION('',(0.,-1.,0.));
#3406 = ADVANCED_FACE('',(#3407),#3426,.F.);
#3407 = FACE_BOUND('',#3408,.T.);
#3408 = EDGE_LOOP('',(#3409,#3418,#3419,#3420));
#3409 = ORIENTED_EDGE('',*,*,#3410,.T.);
#3410 = EDGE_CURVE('',#3411,#3387,#3413,.T.);
#3411 = VERTEX_POINT('',#3412);
#3412 = CARTESIAN_POINT('',(402.,326.00000098038,71.999996960769));
#3413 = CIRCLE('',#3414,3.);
#3414 = AXIS2_PLACEMENT_3D('',#3415,#3416,#3417);
#3415 = CARTESIAN_POINT('',(402.,329.00000098038,71.999996960769));
#3416 = DIRECTION('',(-1.,0.,0.));
#3417 = DIRECTION('',(0.,1.,0.));
#3418 = ORIENTED_EDGE('',*,*,#3396,.T.);
#3419 = ORIENTED_EDGE('',*,*,#2189,.F.);
#3420 = ORIENTED_EDGE('',*,*,#3421,.F.);
#3421 = EDGE_CURVE('',#3411,#2182,#3422,.T.);
#3422 = LINE('',#3423,#3424);
#3423 = CARTESIAN_POINT('',(-5.,326.00000098038,71.999996960769));
#3424 = VECTOR('',#3425,1.);
#3425 = DIRECTION('',(1.,0.,0.));
#3426 = CYLINDRICAL_SURFACE('',#3427,3.);
#3427 = AXIS2_PLACEMENT_3D('',#3428,#3429,#3430);
#3428 = CARTESIAN_POINT('',(-5.,329.00000098038,71.999996960769));
#3429 = DIRECTION('',(-1.,-0.,-0.));
#3430 = DIRECTION('',(0.,1.,0.));
#3431 = ADVANCED_FACE('',(#3432),#3450,.T.);
#3432 = FACE_BOUND('',#3433,.T.);
#3433 = EDGE_LOOP('',(#3434,#3442,#3443,#3444));
#3434 = ORIENTED_EDGE('',*,*,#3435,.F.);
#3435 = EDGE_CURVE('',#3411,#3436,#3438,.T.);
#3436 = VERTEX_POINT('',#3437);
#3437 = CARTESIAN_POINT('',(402.,326.00000098038,20.999997960769));
#3438 = LINE('',#3439,#3440);
#3439 = CARTESIAN_POINT('',(402.,326.00000098038,63.094063580107));
#3440 = VECTOR('',#3441,1.);
#3441 = DIRECTION('',(0.,0.,-1.));
#3442 = ORIENTED_EDGE('',*,*,#3421,.T.);
#3443 = ORIENTED_EDGE('',*,*,#2181,.F.);
#3444 = ORIENTED_EDGE('',*,*,#3445,.F.);
#3445 = EDGE_CURVE('',#3436,#2173,#3446,.T.);
#3446 = LINE('',#3447,#3448);
#3447 = CARTESIAN_POINT('',(-5.,326.00000098038,20.999997960769));
#3448 = VECTOR('',#3449,1.);
#3449 = DIRECTION('',(1.,0.,0.));
#3450 = PLANE('',#3451);
#3451 = AXIS2_PLACEMENT_3D('',#3452,#3453,#3454);
#3452 = CARTESIAN_POINT('',(-5.,326.00000098038,71.999996960769));
#3453 = DIRECTION('',(0.,1.,0.));
#3454 = DIRECTION('',(0.,0.,-1.));
#3455 = ADVANCED_FACE('',(#3456),#3475,.F.);
#3456 = FACE_BOUND('',#3457,.T.);
#3457 = EDGE_LOOP('',(#3458,#3467,#3468,#3469));
#3458 = ORIENTED_EDGE('',*,*,#3459,.T.);
#3459 = EDGE_CURVE('',#3460,#3436,#3462,.T.);
#3460 = VERTEX_POINT('',#3461);
#3461 = CARTESIAN_POINT('',(402.,329.00000098038,17.999997960769));
#3462 = CIRCLE('',#3463,3.);
#3463 = AXIS2_PLACEMENT_3D('',#3464,#3465,#3466);
#3464 = CARTESIAN_POINT('',(402.,329.00000098038,20.999997960769));
#3465 = DIRECTION('',(-1.,0.,0.));
#3466 = DIRECTION('',(0.,1.,0.));
#3467 = ORIENTED_EDGE('',*,*,#3445,.T.);
#3468 = ORIENTED_EDGE('',*,*,#2172,.F.);
#3469 = ORIENTED_EDGE('',*,*,#3470,.F.);
#3470 = EDGE_CURVE('',#3460,#2165,#3471,.T.);
#3471 = LINE('',#3472,#3473);
#3472 = CARTESIAN_POINT('',(-5.,329.00000098038,17.999997960769));
#3473 = VECTOR('',#3474,1.);
#3474 = DIRECTION('',(1.,0.,0.));
#3475 = CYLINDRICAL_SURFACE('',#3476,3.);
#3476 = AXIS2_PLACEMENT_3D('',#3477,#3478,#3479);
#3477 = CARTESIAN_POINT('',(-5.,329.00000098038,20.999997960769));
#3478 = DIRECTION('',(-1.,-0.,-0.));
#3479 = DIRECTION('',(0.,1.,0.));
#3480 = ADVANCED_FACE('',(#3481),#3499,.T.);
#3481 = FACE_BOUND('',#3482,.T.);
#3482 = EDGE_LOOP('',(#3483,#3491,#3492,#3493));
#3483 = ORIENTED_EDGE('',*,*,#3484,.F.);
#3484 = EDGE_CURVE('',#3460,#3485,#3487,.T.);
#3485 = VERTEX_POINT('',#3486);
#3486 = CARTESIAN_POINT('',(402.,399.,17.999997960769));
#3487 = LINE('',#3488,#3489);
#3488 = CARTESIAN_POINT('',(402.,267.42744874122,17.999997960769));
#3489 = VECTOR('',#3490,1.);
#3490 = DIRECTION('',(0.,1.,0.));
#3491 = ORIENTED_EDGE('',*,*,#3470,.T.);
#3492 = ORIENTED_EDGE('',*,*,#2164,.F.);
#3493 = ORIENTED_EDGE('',*,*,#3494,.F.);
#3494 = EDGE_CURVE('',#3485,#2156,#3495,.T.);
#3495 = LINE('',#3496,#3497);
#3496 = CARTESIAN_POINT('',(-5.,399.,17.999997960769));
#3497 = VECTOR('',#3498,1.);
#3498 = DIRECTION('',(1.,0.,0.));
#3499 = PLANE('',#3500);
#3500 = AXIS2_PLACEMENT_3D('',#3501,#3502,#3503);
#3501 = CARTESIAN_POINT('',(-5.,329.00000098038,17.999997960769));
#3502 = DIRECTION('',(0.,0.,1.));
#3503 = DIRECTION('',(0.,1.,0.));
#3504 = ADVANCED_FACE('',(#3505),#3524,.F.);
#3505 = FACE_BOUND('',#3506,.T.);
#3506 = EDGE_LOOP('',(#3507,#3516,#3517,#3518));
#3507 = ORIENTED_EDGE('',*,*,#3508,.T.);
#3508 = EDGE_CURVE('',#3509,#3485,#3511,.T.);
#3509 = VERTEX_POINT('',#3510);
#3510 = CARTESIAN_POINT('',(402.,402.,20.999997960769));
#3511 = CIRCLE('',#3512,3.);
#3512 = AXIS2_PLACEMENT_3D('',#3513,#3514,#3515);
#3513 = CARTESIAN_POINT('',(402.,399.,20.999997960769));
#3514 = DIRECTION('',(-1.,0.,0.));
#3515 = DIRECTION('',(0.,1.,0.));
#3516 = ORIENTED_EDGE('',*,*,#3494,.T.);
#3517 = ORIENTED_EDGE('',*,*,#2155,.F.);
#3518 = ORIENTED_EDGE('',*,*,#3519,.F.);
#3519 = EDGE_CURVE('',#3509,#2148,#3520,.T.);
#3520 = LINE('',#3521,#3522);
#3521 = CARTESIAN_POINT('',(-5.,402.,20.999997960769));
#3522 = VECTOR('',#3523,1.);
#3523 = DIRECTION('',(1.,0.,0.));
#3524 = CYLINDRICAL_SURFACE('',#3525,3.);
#3525 = AXIS2_PLACEMENT_3D('',#3526,#3527,#3528);
#3526 = CARTESIAN_POINT('',(-5.,399.,20.999997960769));
#3527 = DIRECTION('',(-1.,-0.,-0.));
#3528 = DIRECTION('',(0.,1.,0.));
#3529 = ADVANCED_FACE('',(#3530),#3541,.T.);
#3530 = FACE_BOUND('',#3531,.T.);
#3531 = EDGE_LOOP('',(#3532,#3538,#3539,#3540));
#3532 = ORIENTED_EDGE('',*,*,#3533,.F.);
#3533 = EDGE_CURVE('',#3509,#3357,#3534,.T.);
#3534 = LINE('',#3535,#3536);
#3535 = CARTESIAN_POINT('',(402.,402.,37.594064080107));
#3536 = VECTOR('',#3537,1.);
#3537 = DIRECTION('',(0.,0.,1.));
#3538 = ORIENTED_EDGE('',*,*,#3519,.T.);
#3539 = ORIENTED_EDGE('',*,*,#2147,.F.);
#3540 = ORIENTED_EDGE('',*,*,#3365,.F.);
#3541 = PLANE('',#3542);
#3542 = AXIS2_PLACEMENT_3D('',#3543,#3544,#3545);
#3543 = CARTESIAN_POINT('',(-5.,402.,20.999997960769));
#3544 = DIRECTION('',(0.,-1.,0.));
#3545 = DIRECTION('',(0.,0.,1.));
#3546 = ADVANCED_FACE('',(#3547),#3566,.F.);
#3547 = FACE_BOUND('',#3548,.T.);
#3548 = EDGE_LOOP('',(#3549,#3557,#3558,#3559));
#3549 = ORIENTED_EDGE('',*,*,#3550,.T.);
#3550 = EDGE_CURVE('',#3551,#2207,#3553,.T.);
#3551 = VERTEX_POINT('',#3552);
#3552 = CARTESIAN_POINT('',(402.,453.5,70.));
#3553 = LINE('',#3554,#3555);
#3554 = CARTESIAN_POINT('',(402.,453.5,70.));
#3555 = VECTOR('',#3556,1.);
#3556 = DIRECTION('',(1.,0.,0.));
#3557 = ORIENTED_EDGE('',*,*,#2206,.T.);
#3558 = ORIENTED_EDGE('',*,*,#3550,.F.);
#3559 = ORIENTED_EDGE('',*,*,#3560,.F.);
#3560 = EDGE_CURVE('',#3551,#3551,#3561,.T.);
#3561 = CIRCLE('',#3562,5.5);
#3562 = AXIS2_PLACEMENT_3D('',#3563,#3564,#3565);
#3563 = CARTESIAN_POINT('',(402.,448.,70.));
#3564 = DIRECTION('',(1.,0.,0.));
#3565 = DIRECTION('',(0.,1.,0.));
#3566 = CYLINDRICAL_SURFACE('',#3567,5.5);
#3567 = AXIS2_PLACEMENT_3D('',#3568,#3569,#3570);
#3568 = CARTESIAN_POINT('',(402.,448.,70.));
#3569 = DIRECTION('',(-1.,-0.,-0.));
#3570 = DIRECTION('',(0.,1.,0.));
#3571 = ADVANCED_FACE('',(#3572),#3591,.F.);
#3572 = FACE_BOUND('',#3573,.T.);
#3573 = EDGE_LOOP('',(#3574,#3582,#3583,#3584));
#3574 = ORIENTED_EDGE('',*,*,#3575,.T.);
#3575 = EDGE_CURVE('',#3576,#2218,#3578,.T.);
#3576 = VERTEX_POINT('',#3577);
#3577 = CARTESIAN_POINT('',(402.,423.5,70.));
#3578 = LINE('',#3579,#3580);
#3579 = CARTESIAN_POINT('',(402.,423.5,70.));
#3580 = VECTOR('',#3581,1.);
#3581 = DIRECTION('',(1.,0.,0.));
#3582 = ORIENTED_EDGE('',*,*,#2217,.T.);
#3583 = ORIENTED_EDGE('',*,*,#3575,.F.);
#3584 = ORIENTED_EDGE('',*,*,#3585,.F.);
#3585 = EDGE_CURVE('',#3576,#3576,#3586,.T.);
#3586 = CIRCLE('',#3587,5.5);
#3587 = AXIS2_PLACEMENT_3D('',#3588,#3589,#3590);
#3588 = CARTESIAN_POINT('',(402.,418.,70.));
#3589 = DIRECTION('',(1.,0.,0.));
#3590 = DIRECTION('',(0.,1.,0.));
#3591 = CYLINDRICAL_SURFACE('',#3592,5.5);
#3592 = AXIS2_PLACEMENT_3D('',#3593,#3594,#3595);
#3593 = CARTESIAN_POINT('',(402.,418.,70.));
#3594 = DIRECTION('',(-1.,-0.,-0.));
#3595 = DIRECTION('',(0.,1.,0.));
#3596 = ADVANCED_FACE('',(#3597),#3616,.F.);
#3597 = FACE_BOUND('',#3598,.T.);
#3598 = EDGE_LOOP('',(#3599,#3607,#3608,#3609));
#3599 = ORIENTED_EDGE('',*,*,#3600,.T.);
#3600 = EDGE_CURVE('',#3601,#2229,#3603,.T.);
#3601 = VERTEX_POINT('',#3602);
#3602 = CARTESIAN_POINT('',(402.,453.5,120.));
#3603 = LINE('',#3604,#3605);
#3604 = CARTESIAN_POINT('',(402.,453.5,120.));
#3605 = VECTOR('',#3606,1.);
#3606 = DIRECTION('',(1.,0.,0.));
#3607 = ORIENTED_EDGE('',*,*,#2228,.T.);
#3608 = ORIENTED_EDGE('',*,*,#3600,.F.);
#3609 = ORIENTED_EDGE('',*,*,#3610,.F.);
#3610 = EDGE_CURVE('',#3601,#3601,#3611,.T.);
#3611 = CIRCLE('',#3612,5.5);
#3612 = AXIS2_PLACEMENT_3D('',#3613,#3614,#3615);
#3613 = CARTESIAN_POINT('',(402.,448.,120.));
#3614 = DIRECTION('',(1.,0.,0.));
#3615 = DIRECTION('',(0.,1.,0.));
#3616 = CYLINDRICAL_SURFACE('',#3617,5.5);
#3617 = AXIS2_PLACEMENT_3D('',#3618,#3619,#3620);
#3618 = CARTESIAN_POINT('',(402.,448.,120.));
#3619 = DIRECTION('',(-1.,-0.,-0.));
#3620 = DIRECTION('',(0.,1.,0.));
#3621 = ADVANCED_FACE('',(#3622),#3641,.F.);
#3622 = FACE_BOUND('',#3623,.T.);
#3623 = EDGE_LOOP('',(#3624,#3632,#3633,#3634));
#3624 = ORIENTED_EDGE('',*,*,#3625,.T.);
#3625 = EDGE_CURVE('',#3626,#2240,#3628,.T.);
#3626 = VERTEX_POINT('',#3627);
#3627 = CARTESIAN_POINT('',(402.,423.5,120.));
#3628 = LINE('',#3629,#3630);
#3629 = CARTESIAN_POINT('',(402.,423.5,120.));
#3630 = VECTOR('',#3631,1.);
#3631 = DIRECTION('',(1.,0.,0.));
#3632 = ORIENTED_EDGE('',*,*,#2239,.T.);
#3633 = ORIENTED_EDGE('',*,*,#3625,.F.);
#3634 = ORIENTED_EDGE('',*,*,#3635,.F.);
#3635 = EDGE_CURVE('',#3626,#3626,#3636,.T.);
#3636 = CIRCLE('',#3637,5.5);
#3637 = AXIS2_PLACEMENT_3D('',#3638,#3639,#3640);
#3638 = CARTESIAN_POINT('',(402.,418.,120.));
#3639 = DIRECTION('',(1.,0.,0.));
#3640 = DIRECTION('',(0.,1.,0.));
#3641 = CYLINDRICAL_SURFACE('',#3642,5.5);
#3642 = AXIS2_PLACEMENT_3D('',#3643,#3644,#3645);
#3643 = CARTESIAN_POINT('',(402.,418.,120.));
#3644 = DIRECTION('',(-1.,-0.,-0.));
#3645 = DIRECTION('',(0.,1.,0.));
#3646 = ADVANCED_FACE('',(#3647),#3666,.F.);
#3647 = FACE_BOUND('',#3648,.T.);
#3648 = EDGE_LOOP('',(#3649,#3658,#3664,#3665));
#3649 = ORIENTED_EDGE('',*,*,#3650,.F.);
#3650 = EDGE_CURVE('',#3651,#3651,#3653,.T.);
#3651 = VERTEX_POINT('',#3652);
#3652 = CARTESIAN_POINT('',(402.,210.,25.5));
#3653 = CIRCLE('',#3654,5.5);
#3654 = AXIS2_PLACEMENT_3D('',#3655,#3656,#3657);
#3655 = CARTESIAN_POINT('',(402.,210.,20.));
#3656 = DIRECTION('',(1.,0.,-0.));
#3657 = DIRECTION('',(0.,0.,1.));
#3658 = ORIENTED_EDGE('',*,*,#3659,.T.);
#3659 = EDGE_CURVE('',#3651,#2251,#3660,.T.);
#3660 = LINE('',#3661,#3662);
#3661 = CARTESIAN_POINT('',(-5.,210.,25.5));
#3662 = VECTOR('',#3663,1.);
#3663 = DIRECTION('',(1.,0.,-6.E-17));
#3664 = ORIENTED_EDGE('',*,*,#2250,.T.);
#3665 = ORIENTED_EDGE('',*,*,#3659,.F.);
#3666 = CYLINDRICAL_SURFACE('',#3667,5.5);
#3667 = AXIS2_PLACEMENT_3D('',#3668,#3669,#3670);
#3668 = CARTESIAN_POINT('',(-5.,210.,20.));
#3669 = DIRECTION('',(1.,0.,0.));
#3670 = DIRECTION('',(0.,0.,1.));
#3671 = ADVANCED_FACE('',(#3672),#3691,.F.);
#3672 = FACE_BOUND('',#3673,.T.);
#3673 = EDGE_LOOP('',(#3674,#3683,#3689,#3690));
#3674 = ORIENTED_EDGE('',*,*,#3675,.F.);
#3675 = EDGE_CURVE('',#3676,#3676,#3678,.T.);
#3676 = VERTEX_POINT('',#3677);
#3677 = CARTESIAN_POINT('',(402.,95.,25.5));
#3678 = CIRCLE('',#3679,5.5);
#3679 = AXIS2_PLACEMENT_3D('',#3680,#3681,#3682);
#3680 = CARTESIAN_POINT('',(402.,95.,20.));
#3681 = DIRECTION('',(1.,0.,-0.));
#3682 = DIRECTION('',(0.,0.,1.));
#3683 = ORIENTED_EDGE('',*,*,#3684,.T.);
#3684 = EDGE_CURVE('',#3676,#2262,#3685,.T.);
#3685 = LINE('',#3686,#3687);
#3686 = CARTESIAN_POINT('',(-5.,95.,25.5));
#3687 = VECTOR('',#3688,1.);
#3688 = DIRECTION('',(1.,0.,-6.E-17));
#3689 = ORIENTED_EDGE('',*,*,#2261,.T.);
#3690 = ORIENTED_EDGE('',*,*,#3684,.F.);
#3691 = CYLINDRICAL_SURFACE('',#3692,5.5);
#3692 = AXIS2_PLACEMENT_3D('',#3693,#3694,#3695);
#3693 = CARTESIAN_POINT('',(-5.,95.,20.));
#3694 = DIRECTION('',(1.,0.,0.));
#3695 = DIRECTION('',(0.,0.,1.));
#3696 = ADVANCED_FACE('',(#3697),#3716,.F.);
#3697 = FACE_BOUND('',#3698,.T.);
#3698 = EDGE_LOOP('',(#3699,#3708,#3714,#3715));
#3699 = ORIENTED_EDGE('',*,*,#3700,.F.);
#3700 = EDGE_CURVE('',#3701,#3701,#3703,.T.);
#3701 = VERTEX_POINT('',#3702);
#3702 = CARTESIAN_POINT('',(402.,-10.,35.5));
#3703 = CIRCLE('',#3704,5.5);
#3704 = AXIS2_PLACEMENT_3D('',#3705,#3706,#3707);
#3705 = CARTESIAN_POINT('',(402.,-10.,30.));
#3706 = DIRECTION('',(1.,0.,-0.));
#3707 = DIRECTION('',(0.,0.,1.));
#3708 = ORIENTED_EDGE('',*,*,#3709,.T.);
#3709 = EDGE_CURVE('',#3701,#2273,#3710,.T.);
#3710 = LINE('',#3711,#3712);
#3711 = CARTESIAN_POINT('',(-5.,-10.,35.5));
#3712 = VECTOR('',#3713,1.);
#3713 = DIRECTION('',(1.,0.,-6.E-17));
#3714 = ORIENTED_EDGE('',*,*,#2272,.T.);
#3715 = ORIENTED_EDGE('',*,*,#3709,.F.);
#3716 = CYLINDRICAL_SURFACE('',#3717,5.5);
#3717 = AXIS2_PLACEMENT_3D('',#3718,#3719,#3720);
#3718 = CARTESIAN_POINT('',(-5.,-10.,30.));
#3719 = DIRECTION('',(1.,0.,0.));
#3720 = DIRECTION('',(0.,0.,1.));
#3721 = ADVANCED_FACE('',(#3722),#3741,.F.);
#3722 = FACE_BOUND('',#3723,.T.);
#3723 = EDGE_LOOP('',(#3724,#3732,#3733,#3734));
#3724 = ORIENTED_EDGE('',*,*,#3725,.T.);
#3725 = EDGE_CURVE('',#3726,#2284,#3728,.T.);
#3726 = VERTEX_POINT('',#3727);
#3727 = CARTESIAN_POINT('',(402.,10.5,70.));
#3728 = LINE('',#3729,#3730);
#3729 = CARTESIAN_POINT('',(402.,10.5,70.));
#3730 = VECTOR('',#3731,1.);
#3731 = DIRECTION('',(1.,0.,0.));
#3732 = ORIENTED_EDGE('',*,*,#2283,.T.);
#3733 = ORIENTED_EDGE('',*,*,#3725,.F.);
#3734 = ORIENTED_EDGE('',*,*,#3735,.F.);
#3735 = EDGE_CURVE('',#3726,#3726,#3736,.T.);
#3736 = CIRCLE('',#3737,5.5);
#3737 = AXIS2_PLACEMENT_3D('',#3738,#3739,#3740);
#3738 = CARTESIAN_POINT('',(402.,5.,70.));
#3739 = DIRECTION('',(1.,0.,0.));
#3740 = DIRECTION('',(0.,1.,0.));
#3741 = CYLINDRICAL_SURFACE('',#3742,5.5);
#3742 = AXIS2_PLACEMENT_3D('',#3743,#3744,#3745);
#3743 = CARTESIAN_POINT('',(402.,5.,70.));
#3744 = DIRECTION('',(-1.,-0.,-0.));
#3745 = DIRECTION('',(0.,1.,0.));
#3746 = ADVANCED_FACE('',(#3747),#3766,.F.);
#3747 = FACE_BOUND('',#3748,.T.);
#3748 = EDGE_LOOP('',(#3749,#3757,#3758,#3759));
#3749 = ORIENTED_EDGE('',*,*,#3750,.T.);
#3750 = EDGE_CURVE('',#3751,#2295,#3753,.T.);
#3751 = VERTEX_POINT('',#3752);
#3752 = CARTESIAN_POINT('',(402.,-19.5,70.));
#3753 = LINE('',#3754,#3755);
#3754 = CARTESIAN_POINT('',(402.,-19.5,70.));
#3755 = VECTOR('',#3756,1.);
#3756 = DIRECTION('',(1.,0.,0.));
#3757 = ORIENTED_EDGE('',*,*,#2294,.T.);
#3758 = ORIENTED_EDGE('',*,*,#3750,.F.);
#3759 = ORIENTED_EDGE('',*,*,#3760,.F.);
#3760 = EDGE_CURVE('',#3751,#3751,#3761,.T.);
#3761 = CIRCLE('',#3762,5.5);
#3762 = AXIS2_PLACEMENT_3D('',#3763,#3764,#3765);
#3763 = CARTESIAN_POINT('',(402.,-25.,70.));
#3764 = DIRECTION('',(1.,0.,0.));
#3765 = DIRECTION('',(0.,1.,0.));
#3766 = CYLINDRICAL_SURFACE('',#3767,5.5);
#3767 = AXIS2_PLACEMENT_3D('',#3768,#3769,#3770);
#3768 = CARTESIAN_POINT('',(402.,-25.,70.));
#3769 = DIRECTION('',(-1.,-0.,-0.));
#3770 = DIRECTION('',(0.,1.,0.));
#3771 = ADVANCED_FACE('',(#3772),#3791,.F.);
#3772 = FACE_BOUND('',#3773,.T.);
#3773 = EDGE_LOOP('',(#3774,#3782,#3783,#3784));
#3774 = ORIENTED_EDGE('',*,*,#3775,.T.);
#3775 = EDGE_CURVE('',#3776,#2306,#3778,.T.);
#3776 = VERTEX_POINT('',#3777);
#3777 = CARTESIAN_POINT('',(402.,10.5,120.));
#3778 = LINE('',#3779,#3780);
#3779 = CARTESIAN_POINT('',(402.,10.5,120.));
#3780 = VECTOR('',#3781,1.);
#3781 = DIRECTION('',(1.,0.,0.));
#3782 = ORIENTED_EDGE('',*,*,#2305,.T.);
#3783 = ORIENTED_EDGE('',*,*,#3775,.F.);
#3784 = ORIENTED_EDGE('',*,*,#3785,.F.);
#3785 = EDGE_CURVE('',#3776,#3776,#3786,.T.);
#3786 = CIRCLE('',#3787,5.5);
#3787 = AXIS2_PLACEMENT_3D('',#3788,#3789,#3790);
#3788 = CARTESIAN_POINT('',(402.,5.,120.));
#3789 = DIRECTION('',(1.,0.,0.));
#3790 = DIRECTION('',(0.,1.,0.));
#3791 = CYLINDRICAL_SURFACE('',#3792,5.5);
#3792 = AXIS2_PLACEMENT_3D('',#3793,#3794,#3795);
#3793 = CARTESIAN_POINT('',(402.,5.,120.));
#3794 = DIRECTION('',(-1.,-0.,-0.));
#3795 = DIRECTION('',(0.,1.,0.));
#3796 = ADVANCED_FACE('',(#3797),#3816,.F.);
#3797 = FACE_BOUND('',#3798,.T.);
#3798 = EDGE_LOOP('',(#3799,#3807,#3808,#3809));
#3799 = ORIENTED_EDGE('',*,*,#3800,.T.);
#3800 = EDGE_CURVE('',#3801,#2317,#3803,.T.);
#3801 = VERTEX_POINT('',#3802);
#3802 = CARTESIAN_POINT('',(402.,-19.5,120.));
#3803 = LINE('',#3804,#3805);
#3804 = CARTESIAN_POINT('',(402.,-19.5,120.));
#3805 = VECTOR('',#3806,1.);
#3806 = DIRECTION('',(1.,0.,0.));
#3807 = ORIENTED_EDGE('',*,*,#2316,.T.);
#3808 = ORIENTED_EDGE('',*,*,#3800,.F.);
#3809 = ORIENTED_EDGE('',*,*,#3810,.F.);
#3810 = EDGE_CURVE('',#3801,#3801,#3811,.T.);
#3811 = CIRCLE('',#3812,5.5);
#3812 = AXIS2_PLACEMENT_3D('',#3813,#3814,#3815);
#3813 = CARTESIAN_POINT('',(402.,-25.,120.));
#3814 = DIRECTION('',(1.,0.,0.));
#3815 = DIRECTION('',(0.,1.,0.));
#3816 = CYLINDRICAL_SURFACE('',#3817,5.5);
#3817 = AXIS2_PLACEMENT_3D('',#3818,#3819,#3820);
#3818 = CARTESIAN_POINT('',(402.,-25.,120.));
#3819 = DIRECTION('',(-1.,-0.,-0.));
#3820 = DIRECTION('',(0.,1.,0.));
#3821 = ADVANCED_FACE('',(#3822,#3838,#3841,#3844,#3847,#3850,#3860,
    #3863,#3866,#3869,#3872,#3875,#3878,#3881),#3884,.T.);
#3822 = FACE_BOUND('',#3823,.T.);
#3823 = EDGE_LOOP('',(#3824,#3825,#3826,#3827,#3828,#3829,#3830,#3831,
    #3832,#3833,#3834,#3835,#3836,#3837));
#3824 = ORIENTED_EDGE('',*,*,#3274,.T.);
#3825 = ORIENTED_EDGE('',*,*,#3315,.F.);
#3826 = ORIENTED_EDGE('',*,*,#3298,.F.);
#3827 = ORIENTED_EDGE('',*,*,#3250,.F.);
#3828 = ORIENTED_EDGE('',*,*,#3202,.F.);
#3829 = ORIENTED_EDGE('',*,*,#3154,.F.);
#3830 = ORIENTED_EDGE('',*,*,#2376,.F.);
#3831 = ORIENTED_EDGE('',*,*,#2012,.F.);
#3832 = ORIENTED_EDGE('',*,*,#2604,.F.);
#3833 = ORIENTED_EDGE('',*,*,#2359,.T.);
#3834 = ORIENTED_EDGE('',*,*,#2351,.T.);
#3835 = ORIENTED_EDGE('',*,*,#3130,.T.);
#3836 = ORIENTED_EDGE('',*,*,#3178,.T.);
#3837 = ORIENTED_EDGE('',*,*,#3226,.T.);
#3838 = FACE_BOUND('',#3839,.T.);
#3839 = EDGE_LOOP('',(#3840));
#3840 = ORIENTED_EDGE('',*,*,#3610,.T.);
#3841 = FACE_BOUND('',#3842,.T.);
#3842 = EDGE_LOOP('',(#3843));
#3843 = ORIENTED_EDGE('',*,*,#3635,.T.);
#3844 = FACE_BOUND('',#3845,.T.);
#3845 = EDGE_LOOP('',(#3846));
#3846 = ORIENTED_EDGE('',*,*,#3560,.T.);
#3847 = FACE_BOUND('',#3848,.T.);
#3848 = EDGE_LOOP('',(#3849));
#3849 = ORIENTED_EDGE('',*,*,#3585,.T.);
#3850 = FACE_BOUND('',#3851,.T.);
#3851 = EDGE_LOOP('',(#3852,#3853,#3854,#3855,#3856,#3857,#3858,#3859));
#3852 = ORIENTED_EDGE('',*,*,#3508,.F.);
#3853 = ORIENTED_EDGE('',*,*,#3533,.T.);
#3854 = ORIENTED_EDGE('',*,*,#3354,.F.);
#3855 = ORIENTED_EDGE('',*,*,#3386,.T.);
#3856 = ORIENTED_EDGE('',*,*,#3410,.F.);
#3857 = ORIENTED_EDGE('',*,*,#3435,.T.);
#3858 = ORIENTED_EDGE('',*,*,#3459,.F.);
#3859 = ORIENTED_EDGE('',*,*,#3484,.T.);
#3860 = FACE_BOUND('',#3861,.T.);
#3861 = EDGE_LOOP('',(#3862));
#3862 = ORIENTED_EDGE('',*,*,#3329,.T.);
#3863 = FACE_BOUND('',#3864,.T.);
#3864 = EDGE_LOOP('',(#3865));
#3865 = ORIENTED_EDGE('',*,*,#3785,.T.);
#3866 = FACE_BOUND('',#3867,.T.);
#3867 = EDGE_LOOP('',(#3868));
#3868 = ORIENTED_EDGE('',*,*,#3810,.T.);
#3869 = FACE_BOUND('',#3870,.T.);
#3870 = EDGE_LOOP('',(#3871));
#3871 = ORIENTED_EDGE('',*,*,#3650,.T.);
#3872 = FACE_BOUND('',#3873,.T.);
#3873 = EDGE_LOOP('',(#3874));
#3874 = ORIENTED_EDGE('',*,*,#3675,.T.);
#3875 = FACE_BOUND('',#3876,.T.);
#3876 = EDGE_LOOP('',(#3877));
#3877 = ORIENTED_EDGE('',*,*,#3735,.T.);
#3878 = FACE_BOUND('',#3879,.T.);
#3879 = EDGE_LOOP('',(#3880));
#3880 = ORIENTED_EDGE('',*,*,#3760,.T.);
#3881 = FACE_BOUND('',#3882,.T.);
#3882 = EDGE_LOOP('',(#3883));
#3883 = ORIENTED_EDGE('',*,*,#3700,.T.);
#3884 = PLANE('',#3885);
#3885 = AXIS2_PLACEMENT_3D('',#3886,#3887,#3888);
#3886 = CARTESIAN_POINT('',(402.,205.85489650206,54.188130199445));
#3887 = DIRECTION('',(-1.,-0.,-0.));
#3888 = DIRECTION('',(0.,0.,-1.));
#3889 = ADVANCED_FACE('',(#3890),#3915,.F.);
#3890 = FACE_BOUND('',#3891,.F.);
#3891 = EDGE_LOOP('',(#3892,#3893,#3901,#3909));
#3892 = ORIENTED_EDGE('',*,*,#2417,.T.);
#3893 = ORIENTED_EDGE('',*,*,#3894,.T.);
#3894 = EDGE_CURVE('',#2420,#3895,#3897,.T.);
#3895 = VERTEX_POINT('',#3896);
#3896 = CARTESIAN_POINT('',(395.928203,-42.00000080036,9.999999601151));
#3897 = LINE('',#3898,#3899);
#3898 = CARTESIAN_POINT('',(395.928203,-46.,9.999999601151));
#3899 = VECTOR('',#3900,1.);
#3900 = DIRECTION('',(0.,1.,-2.2E-16));
#3901 = ORIENTED_EDGE('',*,*,#3902,.F.);
#3902 = EDGE_CURVE('',#3903,#3895,#3905,.T.);
#3903 = VERTEX_POINT('',#3904);
#3904 = CARTESIAN_POINT('',(395.92820346055,-42.00000080036,
    17.999999601151));
#3905 = LINE('',#3906,#3907);
#3906 = CARTESIAN_POINT('',(395.92820311513,-42.00000080036,
    11.999994056083));
#3907 = VECTOR('',#3908,1.);
#3908 = DIRECTION('',(-5.756887589E-08,0.,-1.));
#3909 = ORIENTED_EDGE('',*,*,#3910,.F.);
#3910 = EDGE_CURVE('',#2418,#3903,#3911,.T.);
#3911 = LINE('',#3912,#3913);
#3912 = CARTESIAN_POINT('',(395.92820346055,-46.,17.999999601151));
#3913 = VECTOR('',#3914,1.);
#3914 = DIRECTION('',(0.,1.,-2.2E-16));
#3915 = PLANE('',#3916);
#3916 = AXIS2_PLACEMENT_3D('',#3917,#3918,#3919);
#3917 = CARTESIAN_POINT('',(395.928203,-46.,9.999999601151));
#3918 = DIRECTION('',(1.,0.,-5.756887589E-08));
#3919 = DIRECTION('',(5.756887589E-08,2.2E-16,1.));
#3920 = ADVANCED_FACE('',(#3921),#3939,.F.);
#3921 = FACE_BOUND('',#3922,.F.);
#3922 = EDGE_LOOP('',(#3923,#3924,#3932,#3938));
#3923 = ORIENTED_EDGE('',*,*,#2459,.T.);
#3924 = ORIENTED_EDGE('',*,*,#3925,.T.);
#3925 = EDGE_CURVE('',#2452,#3926,#3928,.T.);
#3926 = VERTEX_POINT('',#3927);
#3927 = CARTESIAN_POINT('',(388.99999953944,-42.00000080036,6.));
#3928 = LINE('',#3929,#3930);
#3929 = CARTESIAN_POINT('',(388.99999953944,-46.,6.));
#3930 = VECTOR('',#3931,1.);
#3931 = DIRECTION('',(0.,1.,-2.2E-16));
#3932 = ORIENTED_EDGE('',*,*,#3933,.F.);
#3933 = EDGE_CURVE('',#3895,#3926,#3934,.T.);
#3934 = LINE('',#3935,#3936);
#3935 = CARTESIAN_POINT('',(319.8570456478,-42.00000080036,
    -33.9196977346));
#3936 = VECTOR('',#3937,1.);
#3937 = DIRECTION('',(-0.866025432569,0.,-0.499999950144));
#3938 = ORIENTED_EDGE('',*,*,#3894,.F.);
#3939 = PLANE('',#3940);
#3940 = AXIS2_PLACEMENT_3D('',#3941,#3942,#3943);
#3941 = CARTESIAN_POINT('',(388.99999953944,-46.,6.));
#3942 = DIRECTION('',(0.499999950144,-1.9E-16,-0.866025432569));
#3943 = DIRECTION('',(0.866025432569,1.1E-16,0.499999950144));
#3944 = ADVANCED_FACE('',(#3945),#3963,.F.);
#3945 = FACE_BOUND('',#3946,.F.);
#3946 = EDGE_LOOP('',(#3947,#3948,#3956,#3962));
#3947 = ORIENTED_EDGE('',*,*,#2451,.T.);
#3948 = ORIENTED_EDGE('',*,*,#3949,.T.);
#3949 = EDGE_CURVE('',#2444,#3950,#3952,.T.);
#3950 = VERTEX_POINT('',#3951);
#3951 = CARTESIAN_POINT('',(382.07179653944,-42.00000080036,
    10.000000398849));
#3952 = LINE('',#3953,#3954);
#3953 = CARTESIAN_POINT('',(382.07179653944,-46.,10.000000398849));
#3954 = VECTOR('',#3955,1.);
#3955 = DIRECTION('',(0.,1.,-2.2E-16));
#3956 = ORIENTED_EDGE('',*,*,#3957,.F.);
#3957 = EDGE_CURVE('',#3926,#3950,#3958,.T.);
#3958 = LINE('',#3959,#3960);
#3959 = CARTESIAN_POINT('',(312.92885204623,-42.00000080036,
    49.919703321878));
#3960 = VECTOR('',#3961,1.);
#3961 = DIRECTION('',(-0.866025375,0.,0.500000049856));
#3962 = ORIENTED_EDGE('',*,*,#3925,.F.);
#3963 = PLANE('',#3964);
#3964 = AXIS2_PLACEMENT_3D('',#3965,#3966,#3967);
#3965 = CARTESIAN_POINT('',(382.07179653944,-46.,10.000000398849));
#3966 = DIRECTION('',(-0.500000049856,-1.9E-16,-0.866025375));
#3967 = DIRECTION('',(0.866025375,-1.1E-16,-0.500000049856));
#3968 = ADVANCED_FACE('',(#3969),#3987,.F.);
#3969 = FACE_BOUND('',#3970,.F.);
#3970 = EDGE_LOOP('',(#3971,#3972,#3980,#3986));
#3971 = ORIENTED_EDGE('',*,*,#2443,.T.);
#3972 = ORIENTED_EDGE('',*,*,#3973,.T.);
#3973 = EDGE_CURVE('',#2436,#3974,#3976,.T.);
#3974 = VERTEX_POINT('',#3975);
#3975 = CARTESIAN_POINT('',(382.071797,-42.00000080036,18.000000398849)
  );
#3976 = LINE('',#3977,#3978);
#3977 = CARTESIAN_POINT('',(382.071797,-46.,18.000000398849));
#3978 = VECTOR('',#3979,1.);
#3979 = DIRECTION('',(0.,1.,-2.2E-16));
#3980 = ORIENTED_EDGE('',*,*,#3981,.F.);
#3981 = EDGE_CURVE('',#3950,#3974,#3982,.T.);
#3982 = LINE('',#3983,#3984);
#3983 = CARTESIAN_POINT('',(382.07179688486,-42.00000080036,
    15.999994853781));
#3984 = VECTOR('',#3985,1.);
#3985 = DIRECTION('',(5.756887589E-08,0.,1.));
#3986 = ORIENTED_EDGE('',*,*,#3949,.F.);
#3987 = PLANE('',#3988);
#3988 = AXIS2_PLACEMENT_3D('',#3989,#3990,#3991);
#3989 = CARTESIAN_POINT('',(382.071797,-46.,18.000000398849));
#3990 = DIRECTION('',(-1.,0.,5.756887589E-08));
#3991 = DIRECTION('',(-5.756887589E-08,-2.2E-16,-1.));
#3992 = ADVANCED_FACE('',(#3993),#4011,.F.);
#3993 = FACE_BOUND('',#3994,.F.);
#3994 = EDGE_LOOP('',(#3995,#3996,#4004,#4010));
#3995 = ORIENTED_EDGE('',*,*,#2435,.T.);
#3996 = ORIENTED_EDGE('',*,*,#3997,.T.);
#3997 = EDGE_CURVE('',#2428,#3998,#4000,.T.);
#3998 = VERTEX_POINT('',#3999);
#3999 = CARTESIAN_POINT('',(389.00000046055,-42.00000080036,22.));
#4000 = LINE('',#4001,#4002);
#4001 = CARTESIAN_POINT('',(389.00000046055,-46.,22.));
#4002 = VECTOR('',#4003,1.);
#4003 = DIRECTION('',(0.,1.,-2.2E-16));
#4004 = ORIENTED_EDGE('',*,*,#4005,.F.);
#4005 = EDGE_CURVE('',#3974,#3998,#4006,.T.);
#4006 = LINE('',#4007,#4008);
#4007 = CARTESIAN_POINT('',(316.39294483862,-42.00000080036,
    -19.91969753517));
#4008 = VECTOR('',#4009,1.);
#4009 = DIRECTION('',(0.866025432569,0.,0.499999950144));
#4010 = ORIENTED_EDGE('',*,*,#3973,.F.);
#4011 = PLANE('',#4012);
#4012 = AXIS2_PLACEMENT_3D('',#4013,#4014,#4015);
#4013 = CARTESIAN_POINT('',(389.00000046055,-46.,22.));
#4014 = DIRECTION('',(-0.499999950144,1.9E-16,0.866025432569));
#4015 = DIRECTION('',(-0.866025432569,-1.1E-16,-0.499999950144));
#4016 = ADVANCED_FACE('',(#4017),#4028,.F.);
#4017 = FACE_BOUND('',#4018,.F.);
#4018 = EDGE_LOOP('',(#4019,#4020,#4021,#4027));
#4019 = ORIENTED_EDGE('',*,*,#2427,.T.);
#4020 = ORIENTED_EDGE('',*,*,#3910,.T.);
#4021 = ORIENTED_EDGE('',*,*,#4022,.F.);
#4022 = EDGE_CURVE('',#3998,#3903,#4023,.T.);
#4023 = LINE('',#4024,#4025);
#4024 = CARTESIAN_POINT('',(323.32115746733,-42.00000080036,
    59.919702723605));
#4025 = VECTOR('',#4026,1.);
#4026 = DIRECTION('',(0.866025375,0.,-0.500000049856));
#4027 = ORIENTED_EDGE('',*,*,#3997,.F.);
#4028 = PLANE('',#4029);
#4029 = AXIS2_PLACEMENT_3D('',#4030,#4031,#4032);
#4030 = CARTESIAN_POINT('',(395.92820346055,-46.,17.999999601151));
#4031 = DIRECTION('',(0.500000049856,1.9E-16,0.866025375));
#4032 = DIRECTION('',(-0.866025375,1.1E-16,0.500000049856));
#4033 = ADVANCED_FACE('',(#4034),#4059,.F.);
#4034 = FACE_BOUND('',#4035,.F.);
#4035 = EDGE_LOOP('',(#4036,#4037,#4045,#4053));
#4036 = ORIENTED_EDGE('',*,*,#2467,.T.);
#4037 = ORIENTED_EDGE('',*,*,#4038,.T.);
#4038 = EDGE_CURVE('',#2470,#4039,#4041,.T.);
#4039 = VERTEX_POINT('',#4040);
#4040 = CARTESIAN_POINT('',(17.928203172707,-42.00000080036,
    9.999999900288));
#4041 = LINE('',#4042,#4043);
#4042 = CARTESIAN_POINT('',(17.928203172707,-46.,9.999999900288));
#4043 = VECTOR('',#4044,1.);
#4044 = DIRECTION('',(0.,1.,-2.2E-16));
#4045 = ORIENTED_EDGE('',*,*,#4046,.F.);
#4046 = EDGE_CURVE('',#4047,#4039,#4049,.T.);
#4047 = VERTEX_POINT('',#4048);
#4048 = CARTESIAN_POINT('',(17.928203287844,-42.00000080036,
    17.999999900288));
#4049 = LINE('',#4050,#4051);
#4050 = CARTESIAN_POINT('',(17.928203201491,-42.00000080036,
    12.000001155543));
#4051 = VECTOR('',#4052,1.);
#4052 = DIRECTION('',(-1.439221942E-08,0.,-1.));
#4053 = ORIENTED_EDGE('',*,*,#4054,.F.);
#4054 = EDGE_CURVE('',#2468,#4047,#4055,.T.);
#4055 = LINE('',#4056,#4057);
#4056 = CARTESIAN_POINT('',(17.928203287844,-46.,17.999999900288));
#4057 = VECTOR('',#4058,1.);
#4058 = DIRECTION('',(0.,1.,-2.2E-16));
#4059 = PLANE('',#4060);
#4060 = AXIS2_PLACEMENT_3D('',#4061,#4062,#4063);
#4061 = CARTESIAN_POINT('',(17.928203172707,-46.,9.999999900288));
#4062 = DIRECTION('',(1.,0.,-1.439221942E-08));
#4063 = DIRECTION('',(1.439221942E-08,2.2E-16,1.));
#4064 = ADVANCED_FACE('',(#4065),#4083,.F.);
#4065 = FACE_BOUND('',#4066,.F.);
#4066 = EDGE_LOOP('',(#4067,#4068,#4076,#4082));
#4067 = ORIENTED_EDGE('',*,*,#2509,.T.);
#4068 = ORIENTED_EDGE('',*,*,#4069,.T.);
#4069 = EDGE_CURVE('',#2502,#4070,#4072,.T.);
#4070 = VERTEX_POINT('',#4071);
#4071 = CARTESIAN_POINT('',(10.999999884862,-42.00000080036,6.));
#4072 = LINE('',#4073,#4074);
#4073 = CARTESIAN_POINT('',(10.999999884862,-46.,6.));
#4074 = VECTOR('',#4075,1.);
#4075 = DIRECTION('',(0.,1.,-2.2E-16));
#4076 = ORIENTED_EDGE('',*,*,#4077,.F.);
#4077 = EDGE_CURVE('',#4039,#4070,#4078,.T.);
#4078 = LINE('',#4079,#4080);
#4079 = CARTESIAN_POINT('',(83.60705183929,-42.00000080036,
    47.919699597652));
#4080 = VECTOR('',#4081,1.);
#4081 = DIRECTION('',(-0.866025410981,0.,-0.499999987536));
#4082 = ORIENTED_EDGE('',*,*,#4038,.F.);
#4083 = PLANE('',#4084);
#4084 = AXIS2_PLACEMENT_3D('',#4085,#4086,#4087);
#4085 = CARTESIAN_POINT('',(10.999999884862,-46.,6.));
#4086 = DIRECTION('',(0.499999987536,-1.9E-16,-0.866025410981));
#4087 = DIRECTION('',(0.866025410981,1.1E-16,0.499999987536));
#4088 = ADVANCED_FACE('',(#4089),#4107,.F.);
#4089 = FACE_BOUND('',#4090,.F.);
#4090 = EDGE_LOOP('',(#4091,#4092,#4100,#4106));
#4091 = ORIENTED_EDGE('',*,*,#2501,.T.);
#4092 = ORIENTED_EDGE('',*,*,#4093,.T.);
#4093 = EDGE_CURVE('',#2494,#4094,#4096,.T.);
#4094 = VERTEX_POINT('',#4095);
#4095 = CARTESIAN_POINT('',(4.071796712156,-42.00000080036,
    10.000000099712));
#4096 = LINE('',#4097,#4098);
#4097 = CARTESIAN_POINT('',(4.071796712156,-46.,10.000000099712));
#4098 = VECTOR('',#4099,1.);
#4099 = DIRECTION('',(0.,1.,-2.2E-16));
#4100 = ORIENTED_EDGE('',*,*,#4101,.F.);
#4101 = EDGE_CURVE('',#4070,#4094,#4102,.T.);
#4102 = LINE('',#4103,#4104);
#4103 = CARTESIAN_POINT('',(76.678846372865,-42.00000080036,
    -31.91970096026));
#4104 = VECTOR('',#4105,1.);
#4105 = DIRECTION('',(-0.866025396588,0.,0.500000012464));
#4106 = ORIENTED_EDGE('',*,*,#4069,.F.);
#4107 = PLANE('',#4108);
#4108 = AXIS2_PLACEMENT_3D('',#4109,#4110,#4111);
#4109 = CARTESIAN_POINT('',(4.071796712156,-46.,10.000000099712));
#4110 = DIRECTION('',(-0.500000012464,-1.9E-16,-0.866025396588));
#4111 = DIRECTION('',(0.866025396588,-1.1E-16,-0.500000012464));
#4112 = ADVANCED_FACE('',(#4113),#4131,.F.);
#4113 = FACE_BOUND('',#4114,.F.);
#4114 = EDGE_LOOP('',(#4115,#4116,#4124,#4130));
#4115 = ORIENTED_EDGE('',*,*,#2493,.T.);
#4116 = ORIENTED_EDGE('',*,*,#4117,.T.);
#4117 = EDGE_CURVE('',#2486,#4118,#4120,.T.);
#4118 = VERTEX_POINT('',#4119);
#4119 = CARTESIAN_POINT('',(4.071796827293,-42.00000080036,
    18.000000099712));
#4120 = LINE('',#4121,#4122);
#4121 = CARTESIAN_POINT('',(4.071796827293,-46.,18.000000099712));
#4122 = VECTOR('',#4123,1.);
#4123 = DIRECTION('',(0.,1.,-2.2E-16));
#4124 = ORIENTED_EDGE('',*,*,#4125,.F.);
#4125 = EDGE_CURVE('',#4094,#4118,#4126,.T.);
#4126 = LINE('',#4127,#4128);
#4127 = CARTESIAN_POINT('',(4.071796798509,-42.00000080036,
    16.000001354968));
#4128 = VECTOR('',#4129,1.);
#4129 = DIRECTION('',(1.439221931E-08,0.,1.));
#4130 = ORIENTED_EDGE('',*,*,#4093,.F.);
#4131 = PLANE('',#4132);
#4132 = AXIS2_PLACEMENT_3D('',#4133,#4134,#4135);
#4133 = CARTESIAN_POINT('',(4.071796827293,-46.,18.000000099712));
#4134 = DIRECTION('',(-1.,0.,1.439221931E-08));
#4135 = DIRECTION('',(-1.439221931E-08,-2.2E-16,-1.));
#4136 = ADVANCED_FACE('',(#4137),#4155,.F.);
#4137 = FACE_BOUND('',#4138,.F.);
#4138 = EDGE_LOOP('',(#4139,#4140,#4148,#4154));
#4139 = ORIENTED_EDGE('',*,*,#2485,.T.);
#4140 = ORIENTED_EDGE('',*,*,#4141,.T.);
#4141 = EDGE_CURVE('',#2478,#4142,#4144,.T.);
#4142 = VERTEX_POINT('',#4143);
#4143 = CARTESIAN_POINT('',(11.000000115138,-42.00000080036,22.));
#4144 = LINE('',#4145,#4146);
#4145 = CARTESIAN_POINT('',(11.000000115138,-46.,22.));
#4146 = VECTOR('',#4147,1.);
#4147 = DIRECTION('',(0.,1.,-2.2E-16));
#4148 = ORIENTED_EDGE('',*,*,#4149,.F.);
#4149 = EDGE_CURVE('',#4118,#4142,#4150,.T.);
#4150 = LINE('',#4151,#4152);
#4151 = CARTESIAN_POINT('',(80.142950425643,-42.00000080036,
    61.919699647508));
#4152 = VECTOR('',#4153,1.);
#4153 = DIRECTION('',(0.866025410981,0.,0.499999987536));
#4154 = ORIENTED_EDGE('',*,*,#4117,.F.);
#4155 = PLANE('',#4156);
#4156 = AXIS2_PLACEMENT_3D('',#4157,#4158,#4159);
#4157 = CARTESIAN_POINT('',(11.000000115138,-46.,22.));
#4158 = DIRECTION('',(-0.499999987536,1.9E-16,0.866025410981));
#4159 = DIRECTION('',(-0.866025410981,-1.1E-16,-0.499999987536));
#4160 = ADVANCED_FACE('',(#4161),#4172,.F.);
#4161 = FACE_BOUND('',#4162,.F.);
#4162 = EDGE_LOOP('',(#4163,#4164,#4165,#4171));
#4163 = ORIENTED_EDGE('',*,*,#2477,.T.);
#4164 = ORIENTED_EDGE('',*,*,#4054,.T.);
#4165 = ORIENTED_EDGE('',*,*,#4166,.F.);
#4166 = EDGE_CURVE('',#4142,#4047,#4167,.T.);
#4167 = LINE('',#4168,#4169);
#4168 = CARTESIAN_POINT('',(87.071151362201,-42.00000080036,
    -21.91970110983));
#4169 = VECTOR('',#4170,1.);
#4170 = DIRECTION('',(0.866025396588,0.,-0.500000012464));
#4171 = ORIENTED_EDGE('',*,*,#4141,.F.);
#4172 = PLANE('',#4173);
#4173 = AXIS2_PLACEMENT_3D('',#4174,#4175,#4176);
#4174 = CARTESIAN_POINT('',(17.928203287844,-46.,17.999999900288));
#4175 = DIRECTION('',(0.500000012464,1.9E-16,0.866025396588));
#4176 = DIRECTION('',(-0.866025396588,1.1E-16,0.500000012464));
#4177 = ADVANCED_FACE('',(#4178),#4203,.F.);
#4178 = FACE_BOUND('',#4179,.F.);
#4179 = EDGE_LOOP('',(#4180,#4181,#4189,#4197));
#4180 = ORIENTED_EDGE('',*,*,#2517,.T.);
#4181 = ORIENTED_EDGE('',*,*,#4182,.T.);
#4182 = EDGE_CURVE('',#2520,#4183,#4185,.T.);
#4183 = VERTEX_POINT('',#4184);
#4184 = CARTESIAN_POINT('',(206.92820323027,-42.00000080036,
    9.999999999985));
#4185 = LINE('',#4186,#4187);
#4186 = CARTESIAN_POINT('',(206.92820323027,-46.,9.999999999985));
#4187 = VECTOR('',#4188,1.);
#4188 = DIRECTION('',(0.,1.,-2.2E-16));
#4189 = ORIENTED_EDGE('',*,*,#4190,.F.);
#4190 = EDGE_CURVE('',#4191,#4183,#4193,.T.);
#4191 = VERTEX_POINT('',#4192);
#4192 = CARTESIAN_POINT('',(206.92820323028,-42.00000080036,
    17.999999999985));
#4193 = LINE('',#4194,#4195);
#4194 = CARTESIAN_POINT('',(206.92820323027,-42.00000080036,
    11.999999895178));
#4195 = VECTOR('',#4196,1.);
#4196 = DIRECTION('',(-1.3145E-12,0.,-1.));
#4197 = ORIENTED_EDGE('',*,*,#4198,.F.);
#4198 = EDGE_CURVE('',#2518,#4191,#4199,.T.);
#4199 = LINE('',#4200,#4201);
#4200 = CARTESIAN_POINT('',(206.92820323028,-46.,17.999999999985));
#4201 = VECTOR('',#4202,1.);
#4202 = DIRECTION('',(0.,1.,-2.2E-16));
#4203 = PLANE('',#4204);
#4204 = AXIS2_PLACEMENT_3D('',#4205,#4206,#4207);
#4205 = CARTESIAN_POINT('',(206.92820323027,-46.,9.999999999985));
#4206 = DIRECTION('',(1.,0.,-1.3145E-12));
#4207 = DIRECTION('',(1.3145E-12,2.2E-16,1.));
#4208 = ADVANCED_FACE('',(#4209),#4227,.F.);
#4209 = FACE_BOUND('',#4210,.F.);
#4210 = EDGE_LOOP('',(#4211,#4212,#4220,#4226));
#4211 = ORIENTED_EDGE('',*,*,#2559,.T.);
#4212 = ORIENTED_EDGE('',*,*,#4213,.T.);
#4213 = EDGE_CURVE('',#2552,#4214,#4216,.T.);
#4214 = VERTEX_POINT('',#4215);
#4215 = CARTESIAN_POINT('',(199.99999999998,-42.00000080036,
    5.999999999994));
#4216 = LINE('',#4217,#4218);
#4217 = CARTESIAN_POINT('',(199.99999999998,-46.,5.999999999994));
#4218 = VECTOR('',#4219,1.);
#4219 = DIRECTION('',(0.,1.,-2.2E-16));
#4220 = ORIENTED_EDGE('',*,*,#4221,.F.);
#4221 = EDGE_CURVE('',#4183,#4214,#4222,.T.);
#4222 = LINE('',#4223,#4224);
#4223 = CARTESIAN_POINT('',(201.73205076217,-42.00000080036,
    6.99999997379));
#4224 = VECTOR('',#4225,1.);
#4225 = DIRECTION('',(-0.866025403785,0.,-0.499999999999));
#4226 = ORIENTED_EDGE('',*,*,#4182,.F.);
#4227 = PLANE('',#4228);
#4228 = AXIS2_PLACEMENT_3D('',#4229,#4230,#4231);
#4229 = CARTESIAN_POINT('',(199.99999999998,-46.,5.999999999994));
#4230 = DIRECTION('',(0.499999999999,-1.9E-16,-0.866025403785));
#4231 = DIRECTION('',(0.866025403785,1.1E-16,0.499999999999));
#4232 = ADVANCED_FACE('',(#4233),#4251,.F.);
#4233 = FACE_BOUND('',#4234,.F.);
#4234 = EDGE_LOOP('',(#4235,#4236,#4244,#4250));
#4235 = ORIENTED_EDGE('',*,*,#2551,.T.);
#4236 = ORIENTED_EDGE('',*,*,#4237,.T.);
#4237 = EDGE_CURVE('',#2544,#4238,#4240,.T.);
#4238 = VERTEX_POINT('',#4239);
#4239 = CARTESIAN_POINT('',(193.07179676971,-42.00000080036,
    10.000000000003));
#4240 = LINE('',#4241,#4242);
#4241 = CARTESIAN_POINT('',(193.07179676971,-46.,10.000000000003));
#4242 = VECTOR('',#4243,1.);
#4243 = DIRECTION('',(0.,1.,-2.2E-16));
#4244 = ORIENTED_EDGE('',*,*,#4245,.F.);
#4245 = EDGE_CURVE('',#4214,#4238,#4246,.T.);
#4246 = LINE('',#4247,#4248);
#4247 = CARTESIAN_POINT('',(194.80384762266,-42.00000080036,
    8.999999973799));
#4248 = VECTOR('',#4249,1.);
#4249 = DIRECTION('',(-0.866025403784,0.,0.500000000001));
#4250 = ORIENTED_EDGE('',*,*,#4213,.F.);
#4251 = PLANE('',#4252);
#4252 = AXIS2_PLACEMENT_3D('',#4253,#4254,#4255);
#4253 = CARTESIAN_POINT('',(193.07179676971,-46.,10.000000000003));
#4254 = DIRECTION('',(-0.500000000001,-1.9E-16,-0.866025403784));
#4255 = DIRECTION('',(0.866025403784,-1.1E-16,-0.500000000001));
#4256 = ADVANCED_FACE('',(#4257),#4275,.F.);
#4257 = FACE_BOUND('',#4258,.F.);
#4258 = EDGE_LOOP('',(#4259,#4260,#4268,#4274));
#4259 = ORIENTED_EDGE('',*,*,#2543,.T.);
#4260 = ORIENTED_EDGE('',*,*,#4261,.T.);
#4261 = EDGE_CURVE('',#2536,#4262,#4264,.T.);
#4262 = VERTEX_POINT('',#4263);
#4263 = CARTESIAN_POINT('',(193.07179676973,-42.00000080036,
    18.000000000003));
#4264 = LINE('',#4265,#4266);
#4265 = CARTESIAN_POINT('',(193.07179676973,-46.,18.000000000003));
#4266 = VECTOR('',#4267,1.);
#4267 = DIRECTION('',(0.,1.,-2.2E-16));
#4268 = ORIENTED_EDGE('',*,*,#4269,.F.);
#4269 = EDGE_CURVE('',#4238,#4262,#4270,.T.);
#4270 = LINE('',#4271,#4272);
#4271 = CARTESIAN_POINT('',(193.07179676972,-42.00000080036,
    15.999999895197));
#4272 = VECTOR('',#4273,1.);
#4273 = DIRECTION('',(1.3145E-12,0.,1.));
#4274 = ORIENTED_EDGE('',*,*,#4237,.F.);
#4275 = PLANE('',#4276);
#4276 = AXIS2_PLACEMENT_3D('',#4277,#4278,#4279);
#4277 = CARTESIAN_POINT('',(193.07179676973,-46.,18.000000000003));
#4278 = DIRECTION('',(-1.,0.,1.3145E-12));
#4279 = DIRECTION('',(-1.3145E-12,-2.2E-16,-1.));
#4280 = ADVANCED_FACE('',(#4281),#4299,.F.);
#4281 = FACE_BOUND('',#4282,.F.);
#4282 = EDGE_LOOP('',(#4283,#4284,#4292,#4298));
#4283 = ORIENTED_EDGE('',*,*,#2535,.T.);
#4284 = ORIENTED_EDGE('',*,*,#4285,.T.);
#4285 = EDGE_CURVE('',#2528,#4286,#4288,.T.);
#4286 = VERTEX_POINT('',#4287);
#4287 = CARTESIAN_POINT('',(200.00000000001,-42.00000080036,
    21.999999999994));
#4288 = LINE('',#4289,#4290);
#4289 = CARTESIAN_POINT('',(200.00000000001,-46.,21.999999999994));
#4290 = VECTOR('',#4291,1.);
#4291 = DIRECTION('',(0.,1.,-2.2E-16));
#4292 = ORIENTED_EDGE('',*,*,#4293,.F.);
#4293 = EDGE_CURVE('',#4262,#4286,#4294,.T.);
#4294 = LINE('',#4295,#4296);
#4295 = CARTESIAN_POINT('',(198.26794914705,-42.00000080036,
    20.999999973795));
#4296 = VECTOR('',#4297,1.);
#4297 = DIRECTION('',(0.866025403785,0.,0.499999999999));
#4298 = ORIENTED_EDGE('',*,*,#4261,.F.);
#4299 = PLANE('',#4300);
#4300 = AXIS2_PLACEMENT_3D('',#4301,#4302,#4303);
#4301 = CARTESIAN_POINT('',(200.00000000001,-46.,21.999999999994));
#4302 = DIRECTION('',(-0.499999999999,1.9E-16,0.866025403785));
#4303 = DIRECTION('',(-0.866025403785,-1.1E-16,-0.499999999999));
#4304 = ADVANCED_FACE('',(#4305),#4316,.F.);
#4305 = FACE_BOUND('',#4306,.F.);
#4306 = EDGE_LOOP('',(#4307,#4308,#4309,#4315));
#4307 = ORIENTED_EDGE('',*,*,#2527,.T.);
#4308 = ORIENTED_EDGE('',*,*,#4198,.T.);
#4309 = ORIENTED_EDGE('',*,*,#4310,.F.);
#4310 = EDGE_CURVE('',#4286,#4191,#4311,.T.);
#4311 = LINE('',#4312,#4313);
#4312 = CARTESIAN_POINT('',(205.19615246809,-42.00000080036,
    18.999999973785));
#4313 = VECTOR('',#4314,1.);
#4314 = DIRECTION('',(0.866025403784,0.,-0.500000000001));
#4315 = ORIENTED_EDGE('',*,*,#4285,.F.);
#4316 = PLANE('',#4317);
#4317 = AXIS2_PLACEMENT_3D('',#4318,#4319,#4320);
#4318 = CARTESIAN_POINT('',(206.92820323028,-46.,17.999999999985));
#4319 = DIRECTION('',(0.500000000001,1.9E-16,0.866025403784));
#4320 = DIRECTION('',(-0.866025403784,1.1E-16,0.500000000001));
#4321 = ADVANCED_FACE('',(#4322,#4328,#4336,#4344),#4352,.T.);
#4322 = FACE_BOUND('',#4323,.T.);
#4323 = EDGE_LOOP('',(#4324,#4325,#4326,#4327));
#4324 = ORIENTED_EDGE('',*,*,#2671,.F.);
#4325 = ORIENTED_EDGE('',*,*,#581,.F.);
#4326 = ORIENTED_EDGE('',*,*,#2591,.T.);
#4327 = ORIENTED_EDGE('',*,*,#2012,.T.);
#4328 = FACE_BOUND('',#4329,.T.);
#4329 = EDGE_LOOP('',(#4330,#4331,#4332,#4333,#4334,#4335));
#4330 = ORIENTED_EDGE('',*,*,#2832,.F.);
#4331 = ORIENTED_EDGE('',*,*,#2863,.F.);
#4332 = ORIENTED_EDGE('',*,*,#2887,.F.);
#4333 = ORIENTED_EDGE('',*,*,#2911,.F.);
#4334 = ORIENTED_EDGE('',*,*,#2935,.F.);
#4335 = ORIENTED_EDGE('',*,*,#2959,.F.);
#4336 = FACE_BOUND('',#4337,.T.);
#4337 = EDGE_LOOP('',(#4338,#4339,#4340,#4341,#4342,#4343));
#4338 = ORIENTED_EDGE('',*,*,#2976,.F.);
#4339 = ORIENTED_EDGE('',*,*,#3007,.F.);
#4340 = ORIENTED_EDGE('',*,*,#3031,.F.);
#4341 = ORIENTED_EDGE('',*,*,#3055,.F.);
#4342 = ORIENTED_EDGE('',*,*,#3079,.F.);
#4343 = ORIENTED_EDGE('',*,*,#3103,.F.);
#4344 = FACE_BOUND('',#4345,.T.);
#4345 = EDGE_LOOP('',(#4346,#4347,#4348,#4349,#4350,#4351));
#4346 = ORIENTED_EDGE('',*,*,#2688,.F.);
#4347 = ORIENTED_EDGE('',*,*,#2719,.F.);
#4348 = ORIENTED_EDGE('',*,*,#2743,.F.);
#4349 = ORIENTED_EDGE('',*,*,#2767,.F.);
#4350 = ORIENTED_EDGE('',*,*,#2791,.F.);
#4351 = ORIENTED_EDGE('',*,*,#2815,.F.);
#4352 = PLANE('',#4353);
#4353 = AXIS2_PLACEMENT_3D('',#4354,#4355,#4356);
#4354 = CARTESIAN_POINT('',(200.,465.,14.));
#4355 = DIRECTION('',(-0.,-1.,-0.));
#4356 = DIRECTION('',(0.,0.,-1.));
#4357 = ADVANCED_FACE('',(#4358,#4364,#4372,#4380),#4388,.T.);
#4358 = FACE_BOUND('',#4359,.T.);
#4359 = EDGE_LOOP('',(#4360,#4361,#4362,#4363));
#4360 = ORIENTED_EDGE('',*,*,#532,.F.);
#4361 = ORIENTED_EDGE('',*,*,#2654,.T.);
#4362 = ORIENTED_EDGE('',*,*,#2359,.F.);
#4363 = ORIENTED_EDGE('',*,*,#2598,.F.);
#4364 = FACE_BOUND('',#4365,.T.);
#4365 = EDGE_LOOP('',(#4366,#4367,#4368,#4369,#4370,#4371));
#4366 = ORIENTED_EDGE('',*,*,#4190,.F.);
#4367 = ORIENTED_EDGE('',*,*,#4310,.F.);
#4368 = ORIENTED_EDGE('',*,*,#4293,.F.);
#4369 = ORIENTED_EDGE('',*,*,#4269,.F.);
#4370 = ORIENTED_EDGE('',*,*,#4245,.F.);
#4371 = ORIENTED_EDGE('',*,*,#4221,.F.);
#4372 = FACE_BOUND('',#4373,.T.);
#4373 = EDGE_LOOP('',(#4374,#4375,#4376,#4377,#4378,#4379));
#4374 = ORIENTED_EDGE('',*,*,#4046,.F.);
#4375 = ORIENTED_EDGE('',*,*,#4166,.F.);
#4376 = ORIENTED_EDGE('',*,*,#4149,.F.);
#4377 = ORIENTED_EDGE('',*,*,#4125,.F.);
#4378 = ORIENTED_EDGE('',*,*,#4101,.F.);
#4379 = ORIENTED_EDGE('',*,*,#4077,.F.);
#4380 = FACE_BOUND('',#4381,.T.);
#4381 = EDGE_LOOP('',(#4382,#4383,#4384,#4385,#4386,#4387));
#4382 = ORIENTED_EDGE('',*,*,#3902,.F.);
#4383 = ORIENTED_EDGE('',*,*,#4022,.F.);
#4384 = ORIENTED_EDGE('',*,*,#4005,.F.);
#4385 = ORIENTED_EDGE('',*,*,#3981,.F.);
#4386 = ORIENTED_EDGE('',*,*,#3957,.F.);
#4387 = ORIENTED_EDGE('',*,*,#3933,.F.);
#4388 = PLANE('',#4389);
#4389 = AXIS2_PLACEMENT_3D('',#4390,#4391,#4392);
#4390 = CARTESIAN_POINT('',(200.,-42.00000080036,13.999999790381));
#4391 = DIRECTION('',(0.,1.,0.));
#4392 = DIRECTION('',(0.,0.,1.));
#4393 = ( GEOMETRIC_REPRESENTATION_CONTEXT(3) 
GLOBAL_UNCERTAINTY_ASSIGNED_CONTEXT((#4397)) 
GLOBAL_UNIT_ASSIGNED_CONTEXT((#4394,#4395,#4396)) REPRESENTATION_CONTEXT
('Context #1','3D Context with UNIT and UNCERTAINTY') );
#4394 = ( LENGTH_UNIT() NAMED_UNIT(*) SI_UNIT(.MILLI.,.METRE.) );
#4395 = ( NAMED_UNIT(*) PLANE_ANGLE_UNIT() SI_UNIT($,.RADIAN.) );
#4396 = ( NAMED_UNIT(*) SI_UNIT($,.STERADIAN.) SOLID_ANGLE_UNIT() );
#4397 = UNCERTAINTY_MEASURE_WITH_UNIT(LENGTH_MEASURE(2.E-04),#4394,
  'distance_accuracy_value','confusion accuracy');
#4398 = PRODUCT_RELATED_PRODUCT_CATEGORY('part',$,(#7));
ENDSEC;
END-ISO-10303-21;
