ISO-10303-21;
HEADER;
/* Generated by software containing ST-Developer
 * from STEP Tools, Inc. (www.steptools.com) 
 */
/* OPTION: strings as raw bytes, not using required /X/ escapes */

FILE_DESCRIPTION(
/* description */ ('Unknown'),
/* implementation_level */ '2;1');

FILE_NAME(
/* name */ 'UJ2-B-HR-G-V',
/* time_stamp */ '2026-02-18T16:09:41+02:00',
/* author */ ('Unknown'),
/* organization */ ('Unknown'),
/* preprocessor_version */ 'ST-DEVELOPER v19.4',
/* originating_system */ 'Solid Edge',
/* authorisation */ 'Unknown');

FILE_SCHEMA (('AUTOMOTIVE_DESIGN {1 0 10303 214 3 1 1}'));
ENDSEC;

DATA;
#10=PROPERTY_DEFINITION_REPRESENTATION(#14,#12);
#11=PROPERTY_DEFINITION_REPRESENTATION(#15,#13);
#12=REPRESENTATION('',(#16),#7659);
#13=REPRESENTATION('',(#17),#7659);
#14=PROPERTY_DEFINITION('pmi validation property','',#7664);
#15=PROPERTY_DEFINITION('pmi validation property','',#7664);
#16=VALUE_REPRESENTATION_ITEM('number of annotations',COUNT_MEASURE(0.));
#17=VALUE_REPRESENTATION_ITEM('number of views',COUNT_MEASURE(0.));
#18=SHAPE_REPRESENTATION_RELATIONSHIP('','',#5189,#19);
#19=ADVANCED_BREP_SHAPE_REPRESENTATION('',(#5187),#7659);
#20=DEGENERATE_TOROIDAL_SURFACE('',#5340,0.2,0.25,.T.);
#21=DEGENERATE_TOROIDAL_SURFACE('',#5345,0.2,0.25,.T.);
#22=DEGENERATE_TOROIDAL_SURFACE('',#5350,0.2,0.25,.T.);
#23=DEGENERATE_TOROIDAL_SURFACE('',#5355,0.2,0.25,.T.);
#24=ELLIPSE('',#5260,2.75844479740623,2.5);
#25=ELLIPSE('',#5261,2.75844479740623,2.5);
#26=ELLIPSE('',#5264,2.75844479740623,2.5);
#27=ELLIPSE('',#5265,2.75844479740623,2.5);
#28=ELLIPSE('',#5283,2.75844479740623,2.5);
#29=ELLIPSE('',#5284,2.75844479740623,2.5);
#30=ELLIPSE('',#5287,2.75844479740623,2.5);
#31=ELLIPSE('',#5288,2.75844479740623,2.5);
#32=ELLIPSE('',#5384,0.125119085645415,0.125);
#33=ELLIPSE('',#5385,0.75071451387249,0.75);
#34=ELLIPSE('',#5386,0.800762148130656,0.8);
#35=ELLIPSE('',#5387,0.100095268516332,0.1);
#36=ELLIPSE('',#5388,0.400381074065328,0.4);
#37=ELLIPSE('',#5389,0.495671769692876,0.4952);
#38=ELLIPSE('',#5390,0.44562413543471,0.4452);
#39=ELLIPSE('',#5391,0.430209464083195,0.4298);
#40=ELLIPSE('',#5398,0.800762148130656,0.8);
#41=ELLIPSE('',#5401,0.75071451387249,0.75);
#42=ELLIPSE('',#5404,0.125119085645415,0.125);
#43=ELLIPSE('',#5406,0.430209464083195,0.4298);
#44=ELLIPSE('',#5409,0.44562413543471,0.4452);
#45=ELLIPSE('',#5412,0.495671769692876,0.4952);
#46=ELLIPSE('',#5418,0.400381074065328,0.4);
#47=ELLIPSE('',#5419,0.100095268516332,0.1);
#48=ELLIPSE('',#5421,0.430209464083195,0.4298);
#49=ELLIPSE('',#5422,0.44562413543471,0.4452);
#50=ELLIPSE('',#5423,0.495671769692876,0.4952);
#51=ELLIPSE('',#5424,0.400381074065328,0.4);
#52=ELLIPSE('',#5425,0.100095268516332,0.1);
#53=ELLIPSE('',#5426,0.800762148130656,0.8);
#54=ELLIPSE('',#5427,0.75071451387249,0.75);
#55=ELLIPSE('',#5428,0.125119085645415,0.125);
#56=ELLIPSE('',#5430,0.125119085645415,0.125);
#57=ELLIPSE('',#5431,0.75071451387249,0.75);
#58=ELLIPSE('',#5432,0.800762148130656,0.8);
#59=ELLIPSE('',#5433,0.100095268516332,0.1);
#60=ELLIPSE('',#5434,0.400381074065328,0.4);
#61=ELLIPSE('',#5435,0.495671769692876,0.4952);
#62=ELLIPSE('',#5436,0.44562413543471,0.4452);
#63=ELLIPSE('',#5437,0.430209464083195,0.4298);
#64=CYLINDRICAL_SURFACE('',#5259,2.5);
#65=CYLINDRICAL_SURFACE('',#5263,2.5);
#66=CYLINDRICAL_SURFACE('',#5282,2.5);
#67=CYLINDRICAL_SURFACE('',#5286,2.5);
#68=CYLINDRICAL_SURFACE('',#5291,0.2);
#69=CYLINDRICAL_SURFACE('',#5293,0.2);
#70=CYLINDRICAL_SURFACE('',#5302,0.2);
#71=CYLINDRICAL_SURFACE('',#5304,0.2);
#72=CYLINDRICAL_SURFACE('',#5311,0.2);
#73=CYLINDRICAL_SURFACE('',#5313,0.2);
#74=CYLINDRICAL_SURFACE('',#5317,0.35);
#75=CYLINDRICAL_SURFACE('',#5320,0.35);
#76=CYLINDRICAL_SURFACE('',#5324,0.2);
#77=CYLINDRICAL_SURFACE('',#5326,0.2);
#78=CYLINDRICAL_SURFACE('',#5337,0.25);
#79=CYLINDRICAL_SURFACE('',#5343,0.25);
#80=CYLINDRICAL_SURFACE('',#5348,0.25);
#81=CYLINDRICAL_SURFACE('',#5353,0.25);
#82=CYLINDRICAL_SURFACE('',#5358,0.45);
#83=CYLINDRICAL_SURFACE('',#5364,0.45);
#84=CYLINDRICAL_SURFACE('',#5366,0.45);
#85=CYLINDRICAL_SURFACE('',#5367,0.45);
#86=CYLINDRICAL_SURFACE('',#5370,0.152500000000018);
#87=CYLINDRICAL_SURFACE('',#5373,0.152500000000018);
#88=CYLINDRICAL_SURFACE('',#5375,0.152500000000018);
#89=CYLINDRICAL_SURFACE('',#5378,0.152500000000018);
#90=CYLINDRICAL_SURFACE('',#5397,0.8);
#91=CYLINDRICAL_SURFACE('',#5400,0.75);
#92=CYLINDRICAL_SURFACE('',#5403,0.125);
#93=CYLINDRICAL_SURFACE('',#5405,0.4298);
#94=CYLINDRICAL_SURFACE('',#5408,0.4452);
#95=CYLINDRICAL_SURFACE('',#5411,0.4952);
#96=CYLINDRICAL_SURFACE('',#5443,0.4952);
#97=CYLINDRICAL_SURFACE('',#5445,0.4452);
#98=CYLINDRICAL_SURFACE('',#5447,0.4298);
#99=CYLINDRICAL_SURFACE('',#5448,0.125);
#100=CYLINDRICAL_SURFACE('',#5450,0.75);
#101=CYLINDRICAL_SURFACE('',#5452,0.8);
#102=CYLINDRICAL_SURFACE('',#5477,0.652499999999992);
#103=CYLINDRICAL_SURFACE('',#5478,0.652499999999992);
#104=CYLINDRICAL_SURFACE('',#5479,0.652499999999992);
#105=CYLINDRICAL_SURFACE('',#5480,0.652499999999992);
#106=CYLINDRICAL_SURFACE('',#5481,0.4);
#107=CYLINDRICAL_SURFACE('',#5482,0.4);
#108=CYLINDRICAL_SURFACE('',#5483,0.1);
#109=CYLINDRICAL_SURFACE('',#5484,0.1);
#110=CYLINDRICAL_SURFACE('',#5485,0.245);
#111=CYLINDRICAL_SURFACE('',#5486,0.245);
#112=CYLINDRICAL_SURFACE('',#5487,0.245);
#113=CYLINDRICAL_SURFACE('',#5488,0.245);
#114=CYLINDRICAL_SURFACE('',#5489,0.245);
#115=CYLINDRICAL_SURFACE('',#5490,0.245);
#116=CYLINDRICAL_SURFACE('',#5491,0.245);
#117=CYLINDRICAL_SURFACE('',#5492,0.245);
#118=CIRCLE('',#5209,0.152500000000018);
#119=CIRCLE('',#5210,0.152500000000018);
#120=CIRCLE('',#5211,0.45);
#121=CIRCLE('',#5212,0.45);
#122=CIRCLE('',#5217,0.245);
#123=CIRCLE('',#5218,0.245);
#124=CIRCLE('',#5219,0.245);
#125=CIRCLE('',#5220,0.245);
#126=CIRCLE('',#5222,0.45);
#127=CIRCLE('',#5223,0.45);
#128=CIRCLE('',#5224,0.152500000000018);
#129=CIRCLE('',#5225,0.152500000000018);
#130=CIRCLE('',#5269,0.2);
#131=CIRCLE('',#5270,0.2);
#132=CIRCLE('',#5271,0.35);
#133=CIRCLE('',#5272,0.35);
#134=CIRCLE('',#5273,0.2);
#135=CIRCLE('',#5274,0.2);
#136=CIRCLE('',#5275,0.2);
#137=CIRCLE('',#5276,0.2);
#138=CIRCLE('',#5277,0.2);
#139=CIRCLE('',#5278,0.2);
#140=CIRCLE('',#5292,0.2);
#141=CIRCLE('',#5294,0.2);
#142=CIRCLE('',#5303,0.2);
#143=CIRCLE('',#5305,0.2);
#144=CIRCLE('',#5312,0.2);
#145=CIRCLE('',#5314,0.2);
#146=CIRCLE('',#5318,0.35);
#147=CIRCLE('',#5321,0.35);
#148=CIRCLE('',#5325,0.2);
#149=CIRCLE('',#5327,0.2);
#150=CIRCLE('',#5333,0.2);
#151=CIRCLE('',#5334,0.2);
#152=CIRCLE('',#5335,0.2);
#153=CIRCLE('',#5336,0.2);
#154=CIRCLE('',#5338,0.25);
#155=CIRCLE('',#5339,0.25);
#156=CIRCLE('',#5341,0.25);
#157=CIRCLE('',#5342,0.45);
#158=CIRCLE('',#5344,0.25);
#159=CIRCLE('',#5346,0.45);
#160=CIRCLE('',#5347,0.25);
#161=CIRCLE('',#5349,0.25);
#162=CIRCLE('',#5351,0.45);
#163=CIRCLE('',#5352,0.25);
#164=CIRCLE('',#5354,0.25);
#165=CIRCLE('',#5356,0.45);
#166=CIRCLE('',#5360,0.245);
#167=CIRCLE('',#5361,0.245);
#168=CIRCLE('',#5362,0.245);
#169=CIRCLE('',#5363,0.245);
#170=CIRCLE('',#5371,0.152500000000018);
#171=CIRCLE('',#5374,0.152500000000018);
#172=CIRCLE('',#5376,0.152500000000018);
#173=CIRCLE('',#5379,0.152500000000018);
#174=CIRCLE('',#5394,0.652499999999992);
#175=CIRCLE('',#5395,0.652499999999992);
#176=CIRCLE('',#5415,0.652499999999992);
#177=CIRCLE('',#5416,0.652499999999992);
#178=CIRCLE('',#5440,0.652499999999992);
#179=CIRCLE('',#5441,0.652499999999992);
#180=CIRCLE('',#5455,0.652499999999992);
#181=CIRCLE('',#5456,0.652499999999992);
#182=CIRCLE('',#5458,0.245);
#183=CIRCLE('',#5459,0.245);
#184=CIRCLE('',#5463,0.245);
#185=CIRCLE('',#5464,0.245);
#186=CIRCLE('',#5468,0.245);
#187=CIRCLE('',#5469,0.245);
#188=CIRCLE('',#5473,0.245);
#189=CIRCLE('',#5474,0.245);
#190=ORIENTED_EDGE('',*,*,#1282,.F.);
#191=ORIENTED_EDGE('',*,*,#1283,.T.);
#192=ORIENTED_EDGE('',*,*,#1284,.T.);
#193=ORIENTED_EDGE('',*,*,#1285,.F.);
#194=ORIENTED_EDGE('',*,*,#1286,.F.);
#195=ORIENTED_EDGE('',*,*,#1287,.T.);
#196=ORIENTED_EDGE('',*,*,#1288,.T.);
#197=ORIENTED_EDGE('',*,*,#1289,.F.);
#198=ORIENTED_EDGE('',*,*,#1290,.F.);
#199=ORIENTED_EDGE('',*,*,#1291,.T.);
#200=ORIENTED_EDGE('',*,*,#1292,.T.);
#201=ORIENTED_EDGE('',*,*,#1293,.F.);
#202=ORIENTED_EDGE('',*,*,#1294,.T.);
#203=ORIENTED_EDGE('',*,*,#1295,.T.);
#204=ORIENTED_EDGE('',*,*,#1296,.T.);
#205=ORIENTED_EDGE('',*,*,#1297,.T.);
#206=ORIENTED_EDGE('',*,*,#1298,.F.);
#207=ORIENTED_EDGE('',*,*,#1299,.F.);
#208=ORIENTED_EDGE('',*,*,#1300,.F.);
#209=ORIENTED_EDGE('',*,*,#1301,.F.);
#210=ORIENTED_EDGE('',*,*,#1302,.T.);
#211=ORIENTED_EDGE('',*,*,#1303,.T.);
#212=ORIENTED_EDGE('',*,*,#1304,.T.);
#213=ORIENTED_EDGE('',*,*,#1305,.T.);
#214=ORIENTED_EDGE('',*,*,#1306,.F.);
#215=ORIENTED_EDGE('',*,*,#1307,.F.);
#216=ORIENTED_EDGE('',*,*,#1308,.F.);
#217=ORIENTED_EDGE('',*,*,#1309,.F.);
#218=ORIENTED_EDGE('',*,*,#1310,.F.);
#219=ORIENTED_EDGE('',*,*,#1289,.T.);
#220=ORIENTED_EDGE('',*,*,#1311,.F.);
#221=ORIENTED_EDGE('',*,*,#1309,.T.);
#222=ORIENTED_EDGE('',*,*,#1312,.F.);
#223=ORIENTED_EDGE('',*,*,#1304,.F.);
#224=ORIENTED_EDGE('',*,*,#1313,.F.);
#225=ORIENTED_EDGE('',*,*,#1314,.F.);
#226=ORIENTED_EDGE('',*,*,#1315,.F.);
#227=ORIENTED_EDGE('',*,*,#1316,.F.);
#228=ORIENTED_EDGE('',*,*,#1317,.F.);
#229=ORIENTED_EDGE('',*,*,#1293,.T.);
#230=ORIENTED_EDGE('',*,*,#1318,.T.);
#231=ORIENTED_EDGE('',*,*,#1316,.T.);
#232=ORIENTED_EDGE('',*,*,#1319,.F.);
#233=ORIENTED_EDGE('',*,*,#1320,.F.);
#234=ORIENTED_EDGE('',*,*,#1321,.T.);
#235=ORIENTED_EDGE('',*,*,#1322,.T.);
#236=ORIENTED_EDGE('',*,*,#1320,.T.);
#237=ORIENTED_EDGE('',*,*,#1323,.T.);
#238=ORIENTED_EDGE('',*,*,#1324,.T.);
#239=ORIENTED_EDGE('',*,*,#1325,.T.);
#240=ORIENTED_EDGE('',*,*,#1326,.T.);
#241=ORIENTED_EDGE('',*,*,#1327,.T.);
#242=ORIENTED_EDGE('',*,*,#1328,.F.);
#243=ORIENTED_EDGE('',*,*,#1329,.F.);
#244=ORIENTED_EDGE('',*,*,#1330,.F.);
#245=ORIENTED_EDGE('',*,*,#1331,.F.);
#246=ORIENTED_EDGE('',*,*,#1332,.F.);
#247=ORIENTED_EDGE('',*,*,#1333,.T.);
#248=ORIENTED_EDGE('',*,*,#1334,.T.);
#249=ORIENTED_EDGE('',*,*,#1335,.F.);
#250=ORIENTED_EDGE('',*,*,#1283,.F.);
#251=ORIENTED_EDGE('',*,*,#1336,.T.);
#252=ORIENTED_EDGE('',*,*,#1294,.F.);
#253=ORIENTED_EDGE('',*,*,#1337,.F.);
#254=ORIENTED_EDGE('',*,*,#1299,.T.);
#255=ORIENTED_EDGE('',*,*,#1338,.F.);
#256=ORIENTED_EDGE('',*,*,#1296,.F.);
#257=ORIENTED_EDGE('',*,*,#1339,.T.);
#258=ORIENTED_EDGE('',*,*,#1285,.T.);
#259=ORIENTED_EDGE('',*,*,#1340,.F.);
#260=ORIENTED_EDGE('',*,*,#1301,.T.);
#261=ORIENTED_EDGE('',*,*,#1341,.F.);
#262=ORIENTED_EDGE('',*,*,#1291,.F.);
#263=ORIENTED_EDGE('',*,*,#1342,.T.);
#264=ORIENTED_EDGE('',*,*,#1321,.F.);
#265=ORIENTED_EDGE('',*,*,#1343,.F.);
#266=ORIENTED_EDGE('',*,*,#1314,.T.);
#267=ORIENTED_EDGE('',*,*,#1344,.F.);
#268=ORIENTED_EDGE('',*,*,#1345,.F.);
#269=ORIENTED_EDGE('',*,*,#1346,.F.);
#270=ORIENTED_EDGE('',*,*,#1347,.F.);
#271=ORIENTED_EDGE('',*,*,#1348,.F.);
#272=ORIENTED_EDGE('',*,*,#1349,.F.);
#273=ORIENTED_EDGE('',*,*,#1350,.F.);
#274=ORIENTED_EDGE('',*,*,#1351,.T.);
#275=ORIENTED_EDGE('',*,*,#1352,.F.);
#276=ORIENTED_EDGE('',*,*,#1353,.F.);
#277=ORIENTED_EDGE('',*,*,#1354,.F.);
#278=ORIENTED_EDGE('',*,*,#1355,.F.);
#279=ORIENTED_EDGE('',*,*,#1356,.F.);
#280=ORIENTED_EDGE('',*,*,#1357,.F.);
#281=ORIENTED_EDGE('',*,*,#1358,.F.);
#282=ORIENTED_EDGE('',*,*,#1359,.F.);
#283=ORIENTED_EDGE('',*,*,#1360,.T.);
#284=ORIENTED_EDGE('',*,*,#1361,.F.);
#285=ORIENTED_EDGE('',*,*,#1362,.T.);
#286=ORIENTED_EDGE('',*,*,#1363,.F.);
#287=ORIENTED_EDGE('',*,*,#1364,.F.);
#288=ORIENTED_EDGE('',*,*,#1346,.T.);
#289=ORIENTED_EDGE('',*,*,#1365,.T.);
#290=ORIENTED_EDGE('',*,*,#1366,.F.);
#291=ORIENTED_EDGE('',*,*,#1367,.T.);
#292=ORIENTED_EDGE('',*,*,#1368,.F.);
#293=ORIENTED_EDGE('',*,*,#1369,.T.);
#294=ORIENTED_EDGE('',*,*,#1370,.F.);
#295=ORIENTED_EDGE('',*,*,#1371,.T.);
#296=ORIENTED_EDGE('',*,*,#1372,.F.);
#297=ORIENTED_EDGE('',*,*,#1356,.T.);
#298=ORIENTED_EDGE('',*,*,#1373,.T.);
#299=ORIENTED_EDGE('',*,*,#1374,.T.);
#300=ORIENTED_EDGE('',*,*,#1375,.T.);
#301=ORIENTED_EDGE('',*,*,#1376,.T.);
#302=ORIENTED_EDGE('',*,*,#1377,.T.);
#303=ORIENTED_EDGE('',*,*,#1378,.T.);
#304=ORIENTED_EDGE('',*,*,#1379,.T.);
#305=ORIENTED_EDGE('',*,*,#1380,.T.);
#306=ORIENTED_EDGE('',*,*,#1381,.T.);
#307=ORIENTED_EDGE('',*,*,#1382,.T.);
#308=ORIENTED_EDGE('',*,*,#1362,.F.);
#309=ORIENTED_EDGE('',*,*,#1383,.T.);
#310=ORIENTED_EDGE('',*,*,#1376,.F.);
#311=ORIENTED_EDGE('',*,*,#1384,.F.);
#312=ORIENTED_EDGE('',*,*,#1385,.F.);
#313=ORIENTED_EDGE('',*,*,#1386,.F.);
#314=ORIENTED_EDGE('',*,*,#1387,.F.);
#315=ORIENTED_EDGE('',*,*,#1388,.F.);
#316=ORIENTED_EDGE('',*,*,#1389,.F.);
#317=ORIENTED_EDGE('',*,*,#1390,.F.);
#318=ORIENTED_EDGE('',*,*,#1391,.F.);
#319=ORIENTED_EDGE('',*,*,#1392,.F.);
#320=ORIENTED_EDGE('',*,*,#1393,.F.);
#321=ORIENTED_EDGE('',*,*,#1394,.T.);
#322=ORIENTED_EDGE('',*,*,#1395,.T.);
#323=ORIENTED_EDGE('',*,*,#1396,.F.);
#324=ORIENTED_EDGE('',*,*,#1389,.T.);
#325=ORIENTED_EDGE('',*,*,#1397,.T.);
#326=ORIENTED_EDGE('',*,*,#1398,.F.);
#327=ORIENTED_EDGE('',*,*,#1399,.T.);
#328=ORIENTED_EDGE('',*,*,#1400,.T.);
#329=ORIENTED_EDGE('',*,*,#1401,.T.);
#330=ORIENTED_EDGE('',*,*,#1402,.T.);
#331=ORIENTED_EDGE('',*,*,#1403,.T.);
#332=ORIENTED_EDGE('',*,*,#1404,.F.);
#333=ORIENTED_EDGE('',*,*,#1405,.F.);
#334=ORIENTED_EDGE('',*,*,#1406,.F.);
#335=ORIENTED_EDGE('',*,*,#1403,.F.);
#336=ORIENTED_EDGE('',*,*,#1407,.F.);
#337=ORIENTED_EDGE('',*,*,#1408,.F.);
#338=ORIENTED_EDGE('',*,*,#1409,.F.);
#339=ORIENTED_EDGE('',*,*,#1410,.F.);
#340=ORIENTED_EDGE('',*,*,#1411,.F.);
#341=ORIENTED_EDGE('',*,*,#1412,.F.);
#342=ORIENTED_EDGE('',*,*,#1413,.F.);
#343=ORIENTED_EDGE('',*,*,#1414,.F.);
#344=ORIENTED_EDGE('',*,*,#1415,.T.);
#345=ORIENTED_EDGE('',*,*,#1410,.T.);
#346=ORIENTED_EDGE('',*,*,#1416,.T.);
#347=ORIENTED_EDGE('',*,*,#1417,.T.);
#348=ORIENTED_EDGE('',*,*,#1406,.T.);
#349=ORIENTED_EDGE('',*,*,#1418,.F.);
#350=ORIENTED_EDGE('',*,*,#1419,.F.);
#351=ORIENTED_EDGE('',*,*,#1400,.F.);
#352=ORIENTED_EDGE('',*,*,#1420,.F.);
#353=ORIENTED_EDGE('',*,*,#1412,.T.);
#354=ORIENTED_EDGE('',*,*,#1421,.F.);
#355=ORIENTED_EDGE('',*,*,#1422,.F.);
#356=ORIENTED_EDGE('',*,*,#1419,.T.);
#357=ORIENTED_EDGE('',*,*,#1423,.F.);
#358=ORIENTED_EDGE('',*,*,#1424,.T.);
#359=ORIENTED_EDGE('',*,*,#1401,.F.);
#360=ORIENTED_EDGE('',*,*,#1425,.F.);
#361=ORIENTED_EDGE('',*,*,#1426,.F.);
#362=ORIENTED_EDGE('',*,*,#1427,.F.);
#363=ORIENTED_EDGE('',*,*,#1428,.F.);
#364=ORIENTED_EDGE('',*,*,#1429,.F.);
#365=ORIENTED_EDGE('',*,*,#1430,.F.);
#366=ORIENTED_EDGE('',*,*,#1431,.F.);
#367=ORIENTED_EDGE('',*,*,#1432,.F.);
#368=ORIENTED_EDGE('',*,*,#1433,.F.);
#369=ORIENTED_EDGE('',*,*,#1426,.T.);
#370=ORIENTED_EDGE('',*,*,#1434,.F.);
#371=ORIENTED_EDGE('',*,*,#1435,.F.);
#372=ORIENTED_EDGE('',*,*,#1404,.T.);
#373=ORIENTED_EDGE('',*,*,#1402,.F.);
#374=ORIENTED_EDGE('',*,*,#1424,.F.);
#375=ORIENTED_EDGE('',*,*,#1436,.F.);
#376=ORIENTED_EDGE('',*,*,#1437,.F.);
#377=ORIENTED_EDGE('',*,*,#1430,.T.);
#378=ORIENTED_EDGE('',*,*,#1438,.F.);
#379=ORIENTED_EDGE('',*,*,#1439,.F.);
#380=ORIENTED_EDGE('',*,*,#1440,.F.);
#381=ORIENTED_EDGE('',*,*,#1405,.T.);
#382=ORIENTED_EDGE('',*,*,#1441,.T.);
#383=ORIENTED_EDGE('',*,*,#1442,.T.);
#384=ORIENTED_EDGE('',*,*,#1443,.F.);
#385=ORIENTED_EDGE('',*,*,#1407,.T.);
#386=ORIENTED_EDGE('',*,*,#1415,.F.);
#387=ORIENTED_EDGE('',*,*,#1444,.T.);
#388=ORIENTED_EDGE('',*,*,#1445,.T.);
#389=ORIENTED_EDGE('',*,*,#1446,.F.);
#390=ORIENTED_EDGE('',*,*,#1408,.T.);
#391=ORIENTED_EDGE('',*,*,#1443,.T.);
#392=ORIENTED_EDGE('',*,*,#1447,.T.);
#393=ORIENTED_EDGE('',*,*,#1416,.F.);
#394=ORIENTED_EDGE('',*,*,#1409,.T.);
#395=ORIENTED_EDGE('',*,*,#1446,.T.);
#396=ORIENTED_EDGE('',*,*,#1448,.T.);
#397=ORIENTED_EDGE('',*,*,#1449,.F.);
#398=ORIENTED_EDGE('',*,*,#1450,.F.);
#399=ORIENTED_EDGE('',*,*,#1413,.T.);
#400=ORIENTED_EDGE('',*,*,#1420,.T.);
#401=ORIENTED_EDGE('',*,*,#1451,.T.);
#402=ORIENTED_EDGE('',*,*,#1452,.F.);
#403=ORIENTED_EDGE('',*,*,#1453,.F.);
#404=ORIENTED_EDGE('',*,*,#1414,.T.);
#405=ORIENTED_EDGE('',*,*,#1450,.T.);
#406=ORIENTED_EDGE('',*,*,#1454,.F.);
#407=ORIENTED_EDGE('',*,*,#1421,.T.);
#408=ORIENTED_EDGE('',*,*,#1411,.T.);
#409=ORIENTED_EDGE('',*,*,#1453,.T.);
#410=ORIENTED_EDGE('',*,*,#1455,.F.);
#411=ORIENTED_EDGE('',*,*,#1456,.F.);
#412=ORIENTED_EDGE('',*,*,#1451,.F.);
#413=ORIENTED_EDGE('',*,*,#1422,.T.);
#414=ORIENTED_EDGE('',*,*,#1456,.T.);
#415=ORIENTED_EDGE('',*,*,#1457,.T.);
#416=ORIENTED_EDGE('',*,*,#1458,.F.);
#417=ORIENTED_EDGE('',*,*,#1418,.T.);
#418=ORIENTED_EDGE('',*,*,#1440,.T.);
#419=ORIENTED_EDGE('',*,*,#1459,.T.);
#420=ORIENTED_EDGE('',*,*,#1444,.F.);
#421=ORIENTED_EDGE('',*,*,#1417,.F.);
#422=ORIENTED_EDGE('',*,*,#1449,.T.);
#423=ORIENTED_EDGE('',*,*,#1460,.T.);
#424=ORIENTED_EDGE('',*,*,#1461,.F.);
#425=ORIENTED_EDGE('',*,*,#1423,.T.);
#426=ORIENTED_EDGE('',*,*,#1458,.T.);
#427=ORIENTED_EDGE('',*,*,#1462,.T.);
#428=ORIENTED_EDGE('',*,*,#1463,.F.);
#429=ORIENTED_EDGE('',*,*,#1427,.T.);
#430=ORIENTED_EDGE('',*,*,#1433,.T.);
#431=ORIENTED_EDGE('',*,*,#1464,.T.);
#432=ORIENTED_EDGE('',*,*,#1465,.F.);
#433=ORIENTED_EDGE('',*,*,#1466,.F.);
#434=ORIENTED_EDGE('',*,*,#1428,.T.);
#435=ORIENTED_EDGE('',*,*,#1463,.T.);
#436=ORIENTED_EDGE('',*,*,#1467,.F.);
#437=ORIENTED_EDGE('',*,*,#1434,.T.);
#438=ORIENTED_EDGE('',*,*,#1425,.T.);
#439=ORIENTED_EDGE('',*,*,#1466,.T.);
#440=ORIENTED_EDGE('',*,*,#1468,.F.);
#441=ORIENTED_EDGE('',*,*,#1469,.F.);
#442=ORIENTED_EDGE('',*,*,#1470,.F.);
#443=ORIENTED_EDGE('',*,*,#1431,.T.);
#444=ORIENTED_EDGE('',*,*,#1437,.T.);
#445=ORIENTED_EDGE('',*,*,#1471,.T.);
#446=ORIENTED_EDGE('',*,*,#1472,.F.);
#447=ORIENTED_EDGE('',*,*,#1473,.F.);
#448=ORIENTED_EDGE('',*,*,#1432,.T.);
#449=ORIENTED_EDGE('',*,*,#1470,.T.);
#450=ORIENTED_EDGE('',*,*,#1474,.F.);
#451=ORIENTED_EDGE('',*,*,#1438,.T.);
#452=ORIENTED_EDGE('',*,*,#1429,.T.);
#453=ORIENTED_EDGE('',*,*,#1473,.T.);
#454=ORIENTED_EDGE('',*,*,#1475,.F.);
#455=ORIENTED_EDGE('',*,*,#1476,.F.);
#456=ORIENTED_EDGE('',*,*,#1471,.F.);
#457=ORIENTED_EDGE('',*,*,#1439,.T.);
#458=ORIENTED_EDGE('',*,*,#1476,.T.);
#459=ORIENTED_EDGE('',*,*,#1477,.T.);
#460=ORIENTED_EDGE('',*,*,#1441,.F.);
#461=ORIENTED_EDGE('',*,*,#1436,.T.);
#462=ORIENTED_EDGE('',*,*,#1461,.T.);
#463=ORIENTED_EDGE('',*,*,#1478,.T.);
#464=ORIENTED_EDGE('',*,*,#1464,.F.);
#465=ORIENTED_EDGE('',*,*,#1435,.T.);
#466=ORIENTED_EDGE('',*,*,#1469,.T.);
#467=ORIENTED_EDGE('',*,*,#1479,.T.);
#468=ORIENTED_EDGE('',*,*,#1480,.T.);
#469=ORIENTED_EDGE('',*,*,#1481,.T.);
#470=ORIENTED_EDGE('',*,*,#1482,.T.);
#471=ORIENTED_EDGE('',*,*,#1483,.T.);
#472=ORIENTED_EDGE('',*,*,#1484,.T.);
#473=ORIENTED_EDGE('',*,*,#1485,.T.);
#474=ORIENTED_EDGE('',*,*,#1486,.T.);
#475=ORIENTED_EDGE('',*,*,#1481,.F.);
#476=ORIENTED_EDGE('',*,*,#1487,.F.);
#477=ORIENTED_EDGE('',*,*,#1488,.F.);
#478=ORIENTED_EDGE('',*,*,#1489,.F.);
#479=ORIENTED_EDGE('',*,*,#1485,.F.);
#480=ORIENTED_EDGE('',*,*,#1490,.T.);
#481=ORIENTED_EDGE('',*,*,#1488,.T.);
#482=ORIENTED_EDGE('',*,*,#1491,.T.);
#483=ORIENTED_EDGE('',*,*,#1492,.T.);
#484=ORIENTED_EDGE('',*,*,#1493,.F.);
#485=ORIENTED_EDGE('',*,*,#1494,.F.);
#486=ORIENTED_EDGE('',*,*,#1495,.F.);
#487=ORIENTED_EDGE('',*,*,#1496,.F.);
#488=ORIENTED_EDGE('',*,*,#1497,.T.);
#489=ORIENTED_EDGE('',*,*,#1496,.T.);
#490=ORIENTED_EDGE('',*,*,#1498,.F.);
#491=ORIENTED_EDGE('',*,*,#1483,.F.);
#492=ORIENTED_EDGE('',*,*,#1499,.F.);
#493=ORIENTED_EDGE('',*,*,#1500,.T.);
#494=ORIENTED_EDGE('',*,*,#1501,.T.);
#495=ORIENTED_EDGE('',*,*,#1492,.F.);
#496=ORIENTED_EDGE('',*,*,#1477,.F.);
#497=ORIENTED_EDGE('',*,*,#1475,.T.);
#498=ORIENTED_EDGE('',*,*,#1474,.T.);
#499=ORIENTED_EDGE('',*,*,#1472,.T.);
#500=ORIENTED_EDGE('',*,*,#1479,.F.);
#501=ORIENTED_EDGE('',*,*,#1468,.T.);
#502=ORIENTED_EDGE('',*,*,#1467,.T.);
#503=ORIENTED_EDGE('',*,*,#1465,.T.);
#504=ORIENTED_EDGE('',*,*,#1478,.F.);
#505=ORIENTED_EDGE('',*,*,#1462,.F.);
#506=ORIENTED_EDGE('',*,*,#1457,.F.);
#507=ORIENTED_EDGE('',*,*,#1455,.T.);
#508=ORIENTED_EDGE('',*,*,#1454,.T.);
#509=ORIENTED_EDGE('',*,*,#1452,.T.);
#510=ORIENTED_EDGE('',*,*,#1460,.F.);
#511=ORIENTED_EDGE('',*,*,#1448,.F.);
#512=ORIENTED_EDGE('',*,*,#1447,.F.);
#513=ORIENTED_EDGE('',*,*,#1445,.F.);
#514=ORIENTED_EDGE('',*,*,#1459,.F.);
#515=ORIENTED_EDGE('',*,*,#1442,.F.);
#516=ORIENTED_EDGE('',*,*,#1502,.T.);
#517=ORIENTED_EDGE('',*,*,#1500,.F.);
#518=ORIENTED_EDGE('',*,*,#1503,.F.);
#519=ORIENTED_EDGE('',*,*,#1504,.F.);
#520=ORIENTED_EDGE('',*,*,#1505,.F.);
#521=ORIENTED_EDGE('',*,*,#1506,.F.);
#522=ORIENTED_EDGE('',*,*,#1507,.F.);
#523=ORIENTED_EDGE('',*,*,#1508,.F.);
#524=ORIENTED_EDGE('',*,*,#1509,.F.);
#525=ORIENTED_EDGE('',*,*,#1510,.F.);
#526=ORIENTED_EDGE('',*,*,#1511,.F.);
#527=ORIENTED_EDGE('',*,*,#1512,.F.);
#528=ORIENTED_EDGE('',*,*,#1513,.F.);
#529=ORIENTED_EDGE('',*,*,#1514,.F.);
#530=ORIENTED_EDGE('',*,*,#1515,.F.);
#531=ORIENTED_EDGE('',*,*,#1516,.T.);
#532=ORIENTED_EDGE('',*,*,#1517,.F.);
#533=ORIENTED_EDGE('',*,*,#1518,.F.);
#534=ORIENTED_EDGE('',*,*,#1519,.F.);
#535=ORIENTED_EDGE('',*,*,#1520,.F.);
#536=ORIENTED_EDGE('',*,*,#1521,.F.);
#537=ORIENTED_EDGE('',*,*,#1522,.F.);
#538=ORIENTED_EDGE('',*,*,#1523,.F.);
#539=ORIENTED_EDGE('',*,*,#1524,.F.);
#540=ORIENTED_EDGE('',*,*,#1525,.F.);
#541=ORIENTED_EDGE('',*,*,#1526,.T.);
#542=ORIENTED_EDGE('',*,*,#1527,.T.);
#543=ORIENTED_EDGE('',*,*,#1528,.T.);
#544=ORIENTED_EDGE('',*,*,#1529,.T.);
#545=ORIENTED_EDGE('',*,*,#1530,.F.);
#546=ORIENTED_EDGE('',*,*,#1516,.F.);
#547=ORIENTED_EDGE('',*,*,#1531,.T.);
#548=ORIENTED_EDGE('',*,*,#1532,.F.);
#549=ORIENTED_EDGE('',*,*,#1533,.F.);
#550=ORIENTED_EDGE('',*,*,#1534,.F.);
#551=ORIENTED_EDGE('',*,*,#1535,.F.);
#552=ORIENTED_EDGE('',*,*,#1536,.F.);
#553=ORIENTED_EDGE('',*,*,#1537,.T.);
#554=ORIENTED_EDGE('',*,*,#1538,.F.);
#555=ORIENTED_EDGE('',*,*,#1532,.T.);
#556=ORIENTED_EDGE('',*,*,#1539,.F.);
#557=ORIENTED_EDGE('',*,*,#1537,.F.);
#558=ORIENTED_EDGE('',*,*,#1540,.F.);
#559=ORIENTED_EDGE('',*,*,#1541,.F.);
#560=ORIENTED_EDGE('',*,*,#1542,.F.);
#561=ORIENTED_EDGE('',*,*,#1541,.T.);
#562=ORIENTED_EDGE('',*,*,#1543,.F.);
#563=ORIENTED_EDGE('',*,*,#1529,.F.);
#564=ORIENTED_EDGE('',*,*,#1544,.F.);
#565=ORIENTED_EDGE('',*,*,#1545,.F.);
#566=ORIENTED_EDGE('',*,*,#1546,.F.);
#567=ORIENTED_EDGE('',*,*,#1547,.F.);
#568=ORIENTED_EDGE('',*,*,#1548,.T.);
#569=ORIENTED_EDGE('',*,*,#1547,.T.);
#570=ORIENTED_EDGE('',*,*,#1549,.F.);
#571=ORIENTED_EDGE('',*,*,#1534,.T.);
#572=ORIENTED_EDGE('',*,*,#1550,.F.);
#573=ORIENTED_EDGE('',*,*,#1551,.F.);
#574=ORIENTED_EDGE('',*,*,#1517,.T.);
#575=ORIENTED_EDGE('',*,*,#1530,.T.);
#576=ORIENTED_EDGE('',*,*,#1552,.T.);
#577=ORIENTED_EDGE('',*,*,#1553,.F.);
#578=ORIENTED_EDGE('',*,*,#1554,.F.);
#579=ORIENTED_EDGE('',*,*,#1518,.T.);
#580=ORIENTED_EDGE('',*,*,#1551,.T.);
#581=ORIENTED_EDGE('',*,*,#1555,.F.);
#582=ORIENTED_EDGE('',*,*,#1556,.F.);
#583=ORIENTED_EDGE('',*,*,#1519,.T.);
#584=ORIENTED_EDGE('',*,*,#1554,.T.);
#585=ORIENTED_EDGE('',*,*,#1557,.F.);
#586=ORIENTED_EDGE('',*,*,#1558,.F.);
#587=ORIENTED_EDGE('',*,*,#1520,.T.);
#588=ORIENTED_EDGE('',*,*,#1556,.T.);
#589=ORIENTED_EDGE('',*,*,#1521,.T.);
#590=ORIENTED_EDGE('',*,*,#1558,.T.);
#591=ORIENTED_EDGE('',*,*,#1559,.F.);
#592=ORIENTED_EDGE('',*,*,#1560,.F.);
#593=ORIENTED_EDGE('',*,*,#1561,.F.);
#594=ORIENTED_EDGE('',*,*,#1562,.F.);
#595=ORIENTED_EDGE('',*,*,#1522,.T.);
#596=ORIENTED_EDGE('',*,*,#1560,.T.);
#597=ORIENTED_EDGE('',*,*,#1563,.F.);
#598=ORIENTED_EDGE('',*,*,#1564,.F.);
#599=ORIENTED_EDGE('',*,*,#1523,.T.);
#600=ORIENTED_EDGE('',*,*,#1562,.T.);
#601=ORIENTED_EDGE('',*,*,#1565,.F.);
#602=ORIENTED_EDGE('',*,*,#1566,.F.);
#603=ORIENTED_EDGE('',*,*,#1524,.T.);
#604=ORIENTED_EDGE('',*,*,#1564,.T.);
#605=ORIENTED_EDGE('',*,*,#1567,.F.);
#606=ORIENTED_EDGE('',*,*,#1525,.T.);
#607=ORIENTED_EDGE('',*,*,#1566,.T.);
#608=ORIENTED_EDGE('',*,*,#1568,.F.);
#609=ORIENTED_EDGE('',*,*,#1569,.T.);
#610=ORIENTED_EDGE('',*,*,#1570,.F.);
#611=ORIENTED_EDGE('',*,*,#1526,.F.);
#612=ORIENTED_EDGE('',*,*,#1567,.T.);
#613=ORIENTED_EDGE('',*,*,#1571,.T.);
#614=ORIENTED_EDGE('',*,*,#1572,.F.);
#615=ORIENTED_EDGE('',*,*,#1527,.F.);
#616=ORIENTED_EDGE('',*,*,#1570,.T.);
#617=ORIENTED_EDGE('',*,*,#1573,.T.);
#618=ORIENTED_EDGE('',*,*,#1574,.F.);
#619=ORIENTED_EDGE('',*,*,#1528,.F.);
#620=ORIENTED_EDGE('',*,*,#1572,.T.);
#621=ORIENTED_EDGE('',*,*,#1575,.T.);
#622=ORIENTED_EDGE('',*,*,#1576,.F.);
#623=ORIENTED_EDGE('',*,*,#1501,.F.);
#624=ORIENTED_EDGE('',*,*,#1502,.F.);
#625=ORIENTED_EDGE('',*,*,#1574,.T.);
#626=ORIENTED_EDGE('',*,*,#1577,.T.);
#627=ORIENTED_EDGE('',*,*,#1493,.T.);
#628=ORIENTED_EDGE('',*,*,#1497,.F.);
#629=ORIENTED_EDGE('',*,*,#1482,.F.);
#630=ORIENTED_EDGE('',*,*,#1486,.F.);
#631=ORIENTED_EDGE('',*,*,#1489,.T.);
#632=ORIENTED_EDGE('',*,*,#1490,.F.);
#633=ORIENTED_EDGE('',*,*,#1576,.T.);
#634=ORIENTED_EDGE('',*,*,#1578,.F.);
#635=ORIENTED_EDGE('',*,*,#1579,.F.);
#636=ORIENTED_EDGE('',*,*,#1494,.T.);
#637=ORIENTED_EDGE('',*,*,#1577,.F.);
#638=ORIENTED_EDGE('',*,*,#1580,.F.);
#639=ORIENTED_EDGE('',*,*,#1498,.T.);
#640=ORIENTED_EDGE('',*,*,#1495,.T.);
#641=ORIENTED_EDGE('',*,*,#1579,.T.);
#642=ORIENTED_EDGE('',*,*,#1581,.F.);
#643=ORIENTED_EDGE('',*,*,#1582,.F.);
#644=ORIENTED_EDGE('',*,*,#1491,.F.);
#645=ORIENTED_EDGE('',*,*,#1487,.T.);
#646=ORIENTED_EDGE('',*,*,#1484,.F.);
#647=ORIENTED_EDGE('',*,*,#1480,.F.);
#648=ORIENTED_EDGE('',*,*,#1583,.F.);
#649=ORIENTED_EDGE('',*,*,#1584,.F.);
#650=ORIENTED_EDGE('',*,*,#1503,.T.);
#651=ORIENTED_EDGE('',*,*,#1499,.T.);
#652=ORIENTED_EDGE('',*,*,#1582,.T.);
#653=ORIENTED_EDGE('',*,*,#1585,.F.);
#654=ORIENTED_EDGE('',*,*,#1586,.F.);
#655=ORIENTED_EDGE('',*,*,#1504,.T.);
#656=ORIENTED_EDGE('',*,*,#1584,.T.);
#657=ORIENTED_EDGE('',*,*,#1587,.F.);
#658=ORIENTED_EDGE('',*,*,#1588,.F.);
#659=ORIENTED_EDGE('',*,*,#1505,.T.);
#660=ORIENTED_EDGE('',*,*,#1586,.T.);
#661=ORIENTED_EDGE('',*,*,#1589,.F.);
#662=ORIENTED_EDGE('',*,*,#1590,.F.);
#663=ORIENTED_EDGE('',*,*,#1506,.T.);
#664=ORIENTED_EDGE('',*,*,#1588,.T.);
#665=ORIENTED_EDGE('',*,*,#1507,.T.);
#666=ORIENTED_EDGE('',*,*,#1590,.T.);
#667=ORIENTED_EDGE('',*,*,#1591,.F.);
#668=ORIENTED_EDGE('',*,*,#1592,.F.);
#669=ORIENTED_EDGE('',*,*,#1593,.F.);
#670=ORIENTED_EDGE('',*,*,#1594,.F.);
#671=ORIENTED_EDGE('',*,*,#1508,.T.);
#672=ORIENTED_EDGE('',*,*,#1592,.T.);
#673=ORIENTED_EDGE('',*,*,#1595,.F.);
#674=ORIENTED_EDGE('',*,*,#1596,.F.);
#675=ORIENTED_EDGE('',*,*,#1509,.T.);
#676=ORIENTED_EDGE('',*,*,#1594,.T.);
#677=ORIENTED_EDGE('',*,*,#1597,.F.);
#678=ORIENTED_EDGE('',*,*,#1598,.F.);
#679=ORIENTED_EDGE('',*,*,#1510,.T.);
#680=ORIENTED_EDGE('',*,*,#1596,.T.);
#681=ORIENTED_EDGE('',*,*,#1599,.F.);
#682=ORIENTED_EDGE('',*,*,#1511,.T.);
#683=ORIENTED_EDGE('',*,*,#1598,.T.);
#684=ORIENTED_EDGE('',*,*,#1600,.F.);
#685=ORIENTED_EDGE('',*,*,#1601,.F.);
#686=ORIENTED_EDGE('',*,*,#1602,.F.);
#687=ORIENTED_EDGE('',*,*,#1512,.T.);
#688=ORIENTED_EDGE('',*,*,#1599,.T.);
#689=ORIENTED_EDGE('',*,*,#1603,.F.);
#690=ORIENTED_EDGE('',*,*,#1604,.F.);
#691=ORIENTED_EDGE('',*,*,#1513,.T.);
#692=ORIENTED_EDGE('',*,*,#1602,.T.);
#693=ORIENTED_EDGE('',*,*,#1605,.F.);
#694=ORIENTED_EDGE('',*,*,#1606,.F.);
#695=ORIENTED_EDGE('',*,*,#1514,.T.);
#696=ORIENTED_EDGE('',*,*,#1604,.T.);
#697=ORIENTED_EDGE('',*,*,#1607,.F.);
#698=ORIENTED_EDGE('',*,*,#1608,.F.);
#699=ORIENTED_EDGE('',*,*,#1531,.F.);
#700=ORIENTED_EDGE('',*,*,#1515,.T.);
#701=ORIENTED_EDGE('',*,*,#1606,.T.);
#702=ORIENTED_EDGE('',*,*,#1609,.T.);
#703=ORIENTED_EDGE('',*,*,#1544,.T.);
#704=ORIENTED_EDGE('',*,*,#1548,.F.);
#705=ORIENTED_EDGE('',*,*,#1533,.T.);
#706=ORIENTED_EDGE('',*,*,#1538,.T.);
#707=ORIENTED_EDGE('',*,*,#1539,.T.);
#708=ORIENTED_EDGE('',*,*,#1542,.T.);
#709=ORIENTED_EDGE('',*,*,#1608,.T.);
#710=ORIENTED_EDGE('',*,*,#1610,.F.);
#711=ORIENTED_EDGE('',*,*,#1611,.F.);
#712=ORIENTED_EDGE('',*,*,#1545,.T.);
#713=ORIENTED_EDGE('',*,*,#1609,.F.);
#714=ORIENTED_EDGE('',*,*,#1612,.F.);
#715=ORIENTED_EDGE('',*,*,#1549,.T.);
#716=ORIENTED_EDGE('',*,*,#1546,.T.);
#717=ORIENTED_EDGE('',*,*,#1611,.T.);
#718=ORIENTED_EDGE('',*,*,#1613,.F.);
#719=ORIENTED_EDGE('',*,*,#1552,.F.);
#720=ORIENTED_EDGE('',*,*,#1543,.T.);
#721=ORIENTED_EDGE('',*,*,#1540,.T.);
#722=ORIENTED_EDGE('',*,*,#1536,.T.);
#723=ORIENTED_EDGE('',*,*,#1535,.T.);
#724=ORIENTED_EDGE('',*,*,#1614,.T.);
#725=ORIENTED_EDGE('',*,*,#1615,.T.);
#726=ORIENTED_EDGE('',*,*,#1616,.T.);
#727=ORIENTED_EDGE('',*,*,#1617,.T.);
#728=ORIENTED_EDGE('',*,*,#1618,.T.);
#729=ORIENTED_EDGE('',*,*,#1619,.T.);
#730=ORIENTED_EDGE('',*,*,#1620,.T.);
#731=ORIENTED_EDGE('',*,*,#1621,.T.);
#732=ORIENTED_EDGE('',*,*,#1613,.T.);
#733=ORIENTED_EDGE('',*,*,#1612,.T.);
#734=ORIENTED_EDGE('',*,*,#1610,.T.);
#735=ORIENTED_EDGE('',*,*,#1607,.T.);
#736=ORIENTED_EDGE('',*,*,#1605,.T.);
#737=ORIENTED_EDGE('',*,*,#1603,.T.);
#738=ORIENTED_EDGE('',*,*,#1601,.T.);
#739=ORIENTED_EDGE('',*,*,#1600,.T.);
#740=ORIENTED_EDGE('',*,*,#1597,.T.);
#741=ORIENTED_EDGE('',*,*,#1595,.T.);
#742=ORIENTED_EDGE('',*,*,#1593,.T.);
#743=ORIENTED_EDGE('',*,*,#1591,.T.);
#744=ORIENTED_EDGE('',*,*,#1589,.T.);
#745=ORIENTED_EDGE('',*,*,#1587,.T.);
#746=ORIENTED_EDGE('',*,*,#1585,.T.);
#747=ORIENTED_EDGE('',*,*,#1583,.T.);
#748=ORIENTED_EDGE('',*,*,#1581,.T.);
#749=ORIENTED_EDGE('',*,*,#1580,.T.);
#750=ORIENTED_EDGE('',*,*,#1578,.T.);
#751=ORIENTED_EDGE('',*,*,#1575,.F.);
#752=ORIENTED_EDGE('',*,*,#1573,.F.);
#753=ORIENTED_EDGE('',*,*,#1571,.F.);
#754=ORIENTED_EDGE('',*,*,#1569,.F.);
#755=ORIENTED_EDGE('',*,*,#1568,.T.);
#756=ORIENTED_EDGE('',*,*,#1565,.T.);
#757=ORIENTED_EDGE('',*,*,#1563,.T.);
#758=ORIENTED_EDGE('',*,*,#1561,.T.);
#759=ORIENTED_EDGE('',*,*,#1559,.T.);
#760=ORIENTED_EDGE('',*,*,#1557,.T.);
#761=ORIENTED_EDGE('',*,*,#1555,.T.);
#762=ORIENTED_EDGE('',*,*,#1553,.T.);
#763=ORIENTED_EDGE('',*,*,#1550,.T.);
#764=ORIENTED_EDGE('',*,*,#1622,.T.);
#765=ORIENTED_EDGE('',*,*,#1616,.F.);
#766=ORIENTED_EDGE('',*,*,#1623,.F.);
#767=ORIENTED_EDGE('',*,*,#1624,.F.);
#768=ORIENTED_EDGE('',*,*,#1625,.T.);
#769=ORIENTED_EDGE('',*,*,#1617,.F.);
#770=ORIENTED_EDGE('',*,*,#1622,.F.);
#771=ORIENTED_EDGE('',*,*,#1626,.F.);
#772=ORIENTED_EDGE('',*,*,#1627,.T.);
#773=ORIENTED_EDGE('',*,*,#1618,.F.);
#774=ORIENTED_EDGE('',*,*,#1625,.F.);
#775=ORIENTED_EDGE('',*,*,#1628,.F.);
#776=ORIENTED_EDGE('',*,*,#1627,.F.);
#777=ORIENTED_EDGE('',*,*,#1629,.F.);
#778=ORIENTED_EDGE('',*,*,#1630,.F.);
#779=ORIENTED_EDGE('',*,*,#1619,.F.);
#780=ORIENTED_EDGE('',*,*,#1630,.T.);
#781=ORIENTED_EDGE('',*,*,#1631,.F.);
#782=ORIENTED_EDGE('',*,*,#1632,.F.);
#783=ORIENTED_EDGE('',*,*,#1620,.F.);
#784=ORIENTED_EDGE('',*,*,#1632,.T.);
#785=ORIENTED_EDGE('',*,*,#1633,.F.);
#786=ORIENTED_EDGE('',*,*,#1634,.F.);
#787=ORIENTED_EDGE('',*,*,#1621,.F.);
#788=ORIENTED_EDGE('',*,*,#1634,.T.);
#789=ORIENTED_EDGE('',*,*,#1374,.F.);
#790=ORIENTED_EDGE('',*,*,#1635,.F.);
#791=ORIENTED_EDGE('',*,*,#1614,.F.);
#792=ORIENTED_EDGE('',*,*,#1635,.T.);
#793=ORIENTED_EDGE('',*,*,#1636,.F.);
#794=ORIENTED_EDGE('',*,*,#1623,.T.);
#795=ORIENTED_EDGE('',*,*,#1615,.F.);
#796=ORIENTED_EDGE('',*,*,#1637,.T.);
#797=ORIENTED_EDGE('',*,*,#1354,.T.);
#798=ORIENTED_EDGE('',*,*,#1638,.T.);
#799=ORIENTED_EDGE('',*,*,#1624,.T.);
#800=ORIENTED_EDGE('',*,*,#1638,.F.);
#801=ORIENTED_EDGE('',*,*,#1353,.T.);
#802=ORIENTED_EDGE('',*,*,#1639,.F.);
#803=ORIENTED_EDGE('',*,*,#1626,.T.);
#804=ORIENTED_EDGE('',*,*,#1640,.F.);
#805=ORIENTED_EDGE('',*,*,#1641,.T.);
#806=ORIENTED_EDGE('',*,*,#1642,.F.);
#807=ORIENTED_EDGE('',*,*,#1643,.F.);
#808=ORIENTED_EDGE('',*,*,#1644,.T.);
#809=ORIENTED_EDGE('',*,*,#1645,.T.);
#810=ORIENTED_EDGE('',*,*,#1646,.F.);
#811=ORIENTED_EDGE('',*,*,#1647,.T.);
#812=ORIENTED_EDGE('',*,*,#1648,.F.);
#813=ORIENTED_EDGE('',*,*,#1387,.T.);
#814=ORIENTED_EDGE('',*,*,#1649,.T.);
#815=ORIENTED_EDGE('',*,*,#1628,.T.);
#816=ORIENTED_EDGE('',*,*,#1639,.T.);
#817=ORIENTED_EDGE('',*,*,#1352,.T.);
#818=ORIENTED_EDGE('',*,*,#1650,.F.);
#819=ORIENTED_EDGE('',*,*,#1651,.T.);
#820=ORIENTED_EDGE('',*,*,#1649,.F.);
#821=ORIENTED_EDGE('',*,*,#1386,.T.);
#822=ORIENTED_EDGE('',*,*,#1652,.F.);
#823=ORIENTED_EDGE('',*,*,#1629,.T.);
#824=ORIENTED_EDGE('',*,*,#1652,.T.);
#825=ORIENTED_EDGE('',*,*,#1385,.T.);
#826=ORIENTED_EDGE('',*,*,#1653,.T.);
#827=ORIENTED_EDGE('',*,*,#1631,.T.);
#828=ORIENTED_EDGE('',*,*,#1653,.F.);
#829=ORIENTED_EDGE('',*,*,#1384,.T.);
#830=ORIENTED_EDGE('',*,*,#1375,.F.);
#831=ORIENTED_EDGE('',*,*,#1633,.T.);
#832=ORIENTED_EDGE('',*,*,#1373,.F.);
#833=ORIENTED_EDGE('',*,*,#1355,.T.);
#834=ORIENTED_EDGE('',*,*,#1637,.F.);
#835=ORIENTED_EDGE('',*,*,#1636,.T.);
#836=ORIENTED_EDGE('',*,*,#1287,.F.);
#837=ORIENTED_EDGE('',*,*,#1654,.T.);
#838=ORIENTED_EDGE('',*,*,#1302,.F.);
#839=ORIENTED_EDGE('',*,*,#1655,.F.);
#840=ORIENTED_EDGE('',*,*,#1307,.T.);
#841=ORIENTED_EDGE('',*,*,#1656,.T.);
#842=ORIENTED_EDGE('',*,*,#1657,.F.);
#843=ORIENTED_EDGE('',*,*,#1658,.T.);
#844=ORIENTED_EDGE('',*,*,#1350,.T.);
#845=ORIENTED_EDGE('',*,*,#1659,.F.);
#846=ORIENTED_EDGE('',*,*,#1399,.F.);
#847=ORIENTED_EDGE('',*,*,#1660,.F.);
#848=ORIENTED_EDGE('',*,*,#1661,.T.);
#849=ORIENTED_EDGE('',*,*,#1390,.T.);
#850=ORIENTED_EDGE('',*,*,#1661,.F.);
#851=ORIENTED_EDGE('',*,*,#1662,.F.);
#852=ORIENTED_EDGE('',*,*,#1663,.T.);
#853=ORIENTED_EDGE('',*,*,#1391,.T.);
#854=ORIENTED_EDGE('',*,*,#1663,.F.);
#855=ORIENTED_EDGE('',*,*,#1664,.F.);
#856=ORIENTED_EDGE('',*,*,#1363,.T.);
#857=ORIENTED_EDGE('',*,*,#1392,.T.);
#858=ORIENTED_EDGE('',*,*,#1367,.F.);
#859=ORIENTED_EDGE('',*,*,#1665,.F.);
#860=ORIENTED_EDGE('',*,*,#1666,.T.);
#861=ORIENTED_EDGE('',*,*,#1347,.T.);
#862=ORIENTED_EDGE('',*,*,#1666,.F.);
#863=ORIENTED_EDGE('',*,*,#1667,.F.);
#864=ORIENTED_EDGE('',*,*,#1668,.T.);
#865=ORIENTED_EDGE('',*,*,#1348,.T.);
#866=ORIENTED_EDGE('',*,*,#1668,.F.);
#867=ORIENTED_EDGE('',*,*,#1669,.F.);
#868=ORIENTED_EDGE('',*,*,#1659,.T.);
#869=ORIENTED_EDGE('',*,*,#1349,.T.);
#870=ORIENTED_EDGE('',*,*,#1323,.F.);
#871=ORIENTED_EDGE('',*,*,#1319,.T.);
#872=ORIENTED_EDGE('',*,*,#1315,.T.);
#873=ORIENTED_EDGE('',*,*,#1343,.T.);
#874=ORIENTED_EDGE('',*,*,#1669,.T.);
#875=ORIENTED_EDGE('',*,*,#1667,.T.);
#876=ORIENTED_EDGE('',*,*,#1665,.T.);
#877=ORIENTED_EDGE('',*,*,#1366,.T.);
#878=ORIENTED_EDGE('',*,*,#1670,.T.);
#879=ORIENTED_EDGE('',*,*,#1357,.T.);
#880=ORIENTED_EDGE('',*,*,#1671,.T.);
#881=ORIENTED_EDGE('',*,*,#1364,.T.);
#882=ORIENTED_EDGE('',*,*,#1664,.T.);
#883=ORIENTED_EDGE('',*,*,#1662,.T.);
#884=ORIENTED_EDGE('',*,*,#1660,.T.);
#885=ORIENTED_EDGE('',*,*,#1398,.T.);
#886=ORIENTED_EDGE('',*,*,#1672,.T.);
#887=ORIENTED_EDGE('',*,*,#1393,.T.);
#888=ORIENTED_EDGE('',*,*,#1673,.T.);
#889=ORIENTED_EDGE('',*,*,#1657,.T.);
#890=ORIENTED_EDGE('',*,*,#1312,.T.);
#891=ORIENTED_EDGE('',*,*,#1308,.T.);
#892=ORIENTED_EDGE('',*,*,#1655,.T.);
#893=ORIENTED_EDGE('',*,*,#1305,.F.);
#894=ORIENTED_EDGE('',*,*,#1341,.T.);
#895=ORIENTED_EDGE('',*,*,#1300,.T.);
#896=ORIENTED_EDGE('',*,*,#1337,.T.);
#897=ORIENTED_EDGE('',*,*,#1297,.F.);
#898=ORIENTED_EDGE('',*,*,#1330,.T.);
#899=ORIENTED_EDGE('',*,*,#1674,.T.);
#900=ORIENTED_EDGE('',*,*,#1327,.F.);
#901=ORIENTED_EDGE('',*,*,#1675,.T.);
#902=ORIENTED_EDGE('',*,*,#1333,.F.);
#903=ORIENTED_EDGE('',*,*,#1676,.T.);
#904=ORIENTED_EDGE('',*,*,#1324,.F.);
#905=ORIENTED_EDGE('',*,*,#1674,.F.);
#906=ORIENTED_EDGE('',*,*,#1329,.T.);
#907=ORIENTED_EDGE('',*,*,#1677,.T.);
#908=ORIENTED_EDGE('',*,*,#1326,.F.);
#909=ORIENTED_EDGE('',*,*,#1678,.T.);
#910=ORIENTED_EDGE('',*,*,#1335,.T.);
#911=ORIENTED_EDGE('',*,*,#1679,.T.);
#912=ORIENTED_EDGE('',*,*,#1331,.T.);
#913=ORIENTED_EDGE('',*,*,#1675,.F.);
#914=ORIENTED_EDGE('',*,*,#1680,.F.);
#915=ORIENTED_EDGE('',*,*,#1681,.T.);
#916=ORIENTED_EDGE('',*,*,#1644,.F.);
#917=ORIENTED_EDGE('',*,*,#1682,.F.);
#918=ORIENTED_EDGE('',*,*,#1683,.F.);
#919=ORIENTED_EDGE('',*,*,#1684,.F.);
#920=ORIENTED_EDGE('',*,*,#1685,.F.);
#921=ORIENTED_EDGE('',*,*,#1686,.F.);
#922=ORIENTED_EDGE('',*,*,#1687,.F.);
#923=ORIENTED_EDGE('',*,*,#1688,.T.);
#924=ORIENTED_EDGE('',*,*,#1689,.F.);
#925=ORIENTED_EDGE('',*,*,#1690,.T.);
#926=ORIENTED_EDGE('',*,*,#1691,.F.);
#927=ORIENTED_EDGE('',*,*,#1692,.T.);
#928=ORIENTED_EDGE('',*,*,#1693,.F.);
#929=ORIENTED_EDGE('',*,*,#1694,.F.);
#930=ORIENTED_EDGE('',*,*,#1695,.F.);
#931=ORIENTED_EDGE('',*,*,#1696,.F.);
#932=ORIENTED_EDGE('',*,*,#1697,.F.);
#933=ORIENTED_EDGE('',*,*,#1698,.F.);
#934=ORIENTED_EDGE('',*,*,#1394,.F.);
#935=ORIENTED_EDGE('',*,*,#1699,.T.);
#936=ORIENTED_EDGE('',*,*,#1700,.T.);
#937=ORIENTED_EDGE('',*,*,#1701,.F.);
#938=ORIENTED_EDGE('',*,*,#1702,.T.);
#939=ORIENTED_EDGE('',*,*,#1689,.T.);
#940=ORIENTED_EDGE('',*,*,#1703,.T.);
#941=ORIENTED_EDGE('',*,*,#1704,.F.);
#942=ORIENTED_EDGE('',*,*,#1705,.T.);
#943=ORIENTED_EDGE('',*,*,#1699,.F.);
#944=ORIENTED_EDGE('',*,*,#1706,.T.);
#945=ORIENTED_EDGE('',*,*,#1707,.F.);
#946=ORIENTED_EDGE('',*,*,#1708,.T.);
#947=ORIENTED_EDGE('',*,*,#1687,.T.);
#948=ORIENTED_EDGE('',*,*,#1709,.T.);
#949=ORIENTED_EDGE('',*,*,#1710,.F.);
#950=ORIENTED_EDGE('',*,*,#1709,.F.);
#951=ORIENTED_EDGE('',*,*,#1686,.T.);
#952=ORIENTED_EDGE('',*,*,#1711,.T.);
#953=ORIENTED_EDGE('',*,*,#1712,.F.);
#954=ORIENTED_EDGE('',*,*,#1711,.F.);
#955=ORIENTED_EDGE('',*,*,#1685,.T.);
#956=ORIENTED_EDGE('',*,*,#1713,.T.);
#957=ORIENTED_EDGE('',*,*,#1714,.F.);
#958=ORIENTED_EDGE('',*,*,#1713,.F.);
#959=ORIENTED_EDGE('',*,*,#1684,.T.);
#960=ORIENTED_EDGE('',*,*,#1715,.T.);
#961=ORIENTED_EDGE('',*,*,#1716,.F.);
#962=ORIENTED_EDGE('',*,*,#1715,.F.);
#963=ORIENTED_EDGE('',*,*,#1683,.T.);
#964=ORIENTED_EDGE('',*,*,#1717,.T.);
#965=ORIENTED_EDGE('',*,*,#1718,.F.);
#966=ORIENTED_EDGE('',*,*,#1717,.F.);
#967=ORIENTED_EDGE('',*,*,#1682,.T.);
#968=ORIENTED_EDGE('',*,*,#1643,.T.);
#969=ORIENTED_EDGE('',*,*,#1719,.F.);
#970=ORIENTED_EDGE('',*,*,#1395,.F.);
#971=ORIENTED_EDGE('',*,*,#1698,.T.);
#972=ORIENTED_EDGE('',*,*,#1720,.T.);
#973=ORIENTED_EDGE('',*,*,#1721,.F.);
#974=ORIENTED_EDGE('',*,*,#1720,.F.);
#975=ORIENTED_EDGE('',*,*,#1697,.T.);
#976=ORIENTED_EDGE('',*,*,#1722,.T.);
#977=ORIENTED_EDGE('',*,*,#1723,.F.);
#978=ORIENTED_EDGE('',*,*,#1722,.F.);
#979=ORIENTED_EDGE('',*,*,#1696,.T.);
#980=ORIENTED_EDGE('',*,*,#1724,.T.);
#981=ORIENTED_EDGE('',*,*,#1725,.F.);
#982=ORIENTED_EDGE('',*,*,#1724,.F.);
#983=ORIENTED_EDGE('',*,*,#1695,.T.);
#984=ORIENTED_EDGE('',*,*,#1726,.T.);
#985=ORIENTED_EDGE('',*,*,#1727,.F.);
#986=ORIENTED_EDGE('',*,*,#1726,.F.);
#987=ORIENTED_EDGE('',*,*,#1694,.T.);
#988=ORIENTED_EDGE('',*,*,#1728,.T.);
#989=ORIENTED_EDGE('',*,*,#1693,.T.);
#990=ORIENTED_EDGE('',*,*,#1729,.T.);
#991=ORIENTED_EDGE('',*,*,#1730,.F.);
#992=ORIENTED_EDGE('',*,*,#1728,.F.);
#993=ORIENTED_EDGE('',*,*,#1731,.F.);
#994=ORIENTED_EDGE('',*,*,#1732,.T.);
#995=ORIENTED_EDGE('',*,*,#1691,.T.);
#996=ORIENTED_EDGE('',*,*,#1733,.T.);
#997=ORIENTED_EDGE('',*,*,#1701,.T.);
#998=ORIENTED_EDGE('',*,*,#1734,.T.);
#999=ORIENTED_EDGE('',*,*,#1642,.T.);
#1000=ORIENTED_EDGE('',*,*,#1735,.T.);
#1001=ORIENTED_EDGE('',*,*,#1736,.F.);
#1002=ORIENTED_EDGE('',*,*,#1396,.T.);
#1003=ORIENTED_EDGE('',*,*,#1719,.T.);
#1004=ORIENTED_EDGE('',*,*,#1721,.T.);
#1005=ORIENTED_EDGE('',*,*,#1723,.T.);
#1006=ORIENTED_EDGE('',*,*,#1725,.T.);
#1007=ORIENTED_EDGE('',*,*,#1727,.T.);
#1008=ORIENTED_EDGE('',*,*,#1730,.T.);
#1009=ORIENTED_EDGE('',*,*,#1737,.T.);
#1010=ORIENTED_EDGE('',*,*,#1731,.T.);
#1011=ORIENTED_EDGE('',*,*,#1738,.T.);
#1012=ORIENTED_EDGE('',*,*,#1704,.T.);
#1013=ORIENTED_EDGE('',*,*,#1739,.T.);
#1014=ORIENTED_EDGE('',*,*,#1707,.T.);
#1015=ORIENTED_EDGE('',*,*,#1710,.T.);
#1016=ORIENTED_EDGE('',*,*,#1712,.T.);
#1017=ORIENTED_EDGE('',*,*,#1714,.T.);
#1018=ORIENTED_EDGE('',*,*,#1716,.T.);
#1019=ORIENTED_EDGE('',*,*,#1718,.T.);
#1020=ORIENTED_EDGE('',*,*,#1381,.F.);
#1021=ORIENTED_EDGE('',*,*,#1740,.T.);
#1022=ORIENTED_EDGE('',*,*,#1741,.T.);
#1023=ORIENTED_EDGE('',*,*,#1360,.F.);
#1024=ORIENTED_EDGE('',*,*,#1742,.F.);
#1025=ORIENTED_EDGE('',*,*,#1743,.F.);
#1026=ORIENTED_EDGE('',*,*,#1744,.F.);
#1027=ORIENTED_EDGE('',*,*,#1745,.F.);
#1028=ORIENTED_EDGE('',*,*,#1746,.F.);
#1029=ORIENTED_EDGE('',*,*,#1747,.F.);
#1030=ORIENTED_EDGE('',*,*,#1748,.T.);
#1031=ORIENTED_EDGE('',*,*,#1749,.F.);
#1032=ORIENTED_EDGE('',*,*,#1750,.T.);
#1033=ORIENTED_EDGE('',*,*,#1751,.F.);
#1034=ORIENTED_EDGE('',*,*,#1752,.T.);
#1035=ORIENTED_EDGE('',*,*,#1753,.F.);
#1036=ORIENTED_EDGE('',*,*,#1754,.F.);
#1037=ORIENTED_EDGE('',*,*,#1755,.F.);
#1038=ORIENTED_EDGE('',*,*,#1756,.F.);
#1039=ORIENTED_EDGE('',*,*,#1757,.F.);
#1040=ORIENTED_EDGE('',*,*,#1758,.F.);
#1041=ORIENTED_EDGE('',*,*,#1759,.F.);
#1042=ORIENTED_EDGE('',*,*,#1760,.T.);
#1043=ORIENTED_EDGE('',*,*,#1368,.T.);
#1044=ORIENTED_EDGE('',*,*,#1761,.T.);
#1045=ORIENTED_EDGE('',*,*,#1762,.T.);
#1046=ORIENTED_EDGE('',*,*,#1763,.T.);
#1047=ORIENTED_EDGE('',*,*,#1764,.T.);
#1048=ORIENTED_EDGE('',*,*,#1765,.T.);
#1049=ORIENTED_EDGE('',*,*,#1766,.T.);
#1050=ORIENTED_EDGE('',*,*,#1767,.T.);
#1051=ORIENTED_EDGE('',*,*,#1768,.T.);
#1052=ORIENTED_EDGE('',*,*,#1769,.T.);
#1053=ORIENTED_EDGE('',*,*,#1770,.T.);
#1054=ORIENTED_EDGE('',*,*,#1771,.T.);
#1055=ORIENTED_EDGE('',*,*,#1772,.T.);
#1056=ORIENTED_EDGE('',*,*,#1773,.T.);
#1057=ORIENTED_EDGE('',*,*,#1774,.T.);
#1058=ORIENTED_EDGE('',*,*,#1775,.T.);
#1059=ORIENTED_EDGE('',*,*,#1776,.T.);
#1060=ORIENTED_EDGE('',*,*,#1777,.T.);
#1061=ORIENTED_EDGE('',*,*,#1358,.T.);
#1062=ORIENTED_EDGE('',*,*,#1778,.F.);
#1063=ORIENTED_EDGE('',*,*,#1779,.T.);
#1064=ORIENTED_EDGE('',*,*,#1780,.T.);
#1065=ORIENTED_EDGE('',*,*,#1781,.T.);
#1066=ORIENTED_EDGE('',*,*,#1749,.T.);
#1067=ORIENTED_EDGE('',*,*,#1782,.T.);
#1068=ORIENTED_EDGE('',*,*,#1770,.F.);
#1069=ORIENTED_EDGE('',*,*,#1783,.T.);
#1070=ORIENTED_EDGE('',*,*,#1780,.F.);
#1071=ORIENTED_EDGE('',*,*,#1784,.T.);
#1072=ORIENTED_EDGE('',*,*,#1772,.F.);
#1073=ORIENTED_EDGE('',*,*,#1785,.T.);
#1074=ORIENTED_EDGE('',*,*,#1747,.T.);
#1075=ORIENTED_EDGE('',*,*,#1786,.T.);
#1076=ORIENTED_EDGE('',*,*,#1773,.F.);
#1077=ORIENTED_EDGE('',*,*,#1786,.F.);
#1078=ORIENTED_EDGE('',*,*,#1746,.T.);
#1079=ORIENTED_EDGE('',*,*,#1787,.T.);
#1080=ORIENTED_EDGE('',*,*,#1774,.F.);
#1081=ORIENTED_EDGE('',*,*,#1787,.F.);
#1082=ORIENTED_EDGE('',*,*,#1745,.T.);
#1083=ORIENTED_EDGE('',*,*,#1788,.T.);
#1084=ORIENTED_EDGE('',*,*,#1775,.F.);
#1085=ORIENTED_EDGE('',*,*,#1788,.F.);
#1086=ORIENTED_EDGE('',*,*,#1744,.T.);
#1087=ORIENTED_EDGE('',*,*,#1789,.T.);
#1088=ORIENTED_EDGE('',*,*,#1776,.F.);
#1089=ORIENTED_EDGE('',*,*,#1789,.F.);
#1090=ORIENTED_EDGE('',*,*,#1743,.T.);
#1091=ORIENTED_EDGE('',*,*,#1790,.T.);
#1092=ORIENTED_EDGE('',*,*,#1777,.F.);
#1093=ORIENTED_EDGE('',*,*,#1790,.F.);
#1094=ORIENTED_EDGE('',*,*,#1742,.T.);
#1095=ORIENTED_EDGE('',*,*,#1359,.T.);
#1096=ORIENTED_EDGE('',*,*,#1761,.F.);
#1097=ORIENTED_EDGE('',*,*,#1382,.F.);
#1098=ORIENTED_EDGE('',*,*,#1758,.T.);
#1099=ORIENTED_EDGE('',*,*,#1791,.T.);
#1100=ORIENTED_EDGE('',*,*,#1762,.F.);
#1101=ORIENTED_EDGE('',*,*,#1791,.F.);
#1102=ORIENTED_EDGE('',*,*,#1757,.T.);
#1103=ORIENTED_EDGE('',*,*,#1792,.T.);
#1104=ORIENTED_EDGE('',*,*,#1763,.F.);
#1105=ORIENTED_EDGE('',*,*,#1792,.F.);
#1106=ORIENTED_EDGE('',*,*,#1756,.T.);
#1107=ORIENTED_EDGE('',*,*,#1793,.T.);
#1108=ORIENTED_EDGE('',*,*,#1764,.F.);
#1109=ORIENTED_EDGE('',*,*,#1793,.F.);
#1110=ORIENTED_EDGE('',*,*,#1755,.T.);
#1111=ORIENTED_EDGE('',*,*,#1794,.T.);
#1112=ORIENTED_EDGE('',*,*,#1765,.F.);
#1113=ORIENTED_EDGE('',*,*,#1794,.F.);
#1114=ORIENTED_EDGE('',*,*,#1754,.T.);
#1115=ORIENTED_EDGE('',*,*,#1795,.T.);
#1116=ORIENTED_EDGE('',*,*,#1753,.T.);
#1117=ORIENTED_EDGE('',*,*,#1796,.T.);
#1118=ORIENTED_EDGE('',*,*,#1766,.F.);
#1119=ORIENTED_EDGE('',*,*,#1795,.F.);
#1120=ORIENTED_EDGE('',*,*,#1768,.F.);
#1121=ORIENTED_EDGE('',*,*,#1797,.T.);
#1122=ORIENTED_EDGE('',*,*,#1751,.T.);
#1123=ORIENTED_EDGE('',*,*,#1798,.T.);
#1124=ORIENTED_EDGE('',*,*,#1778,.T.);
#1125=ORIENTED_EDGE('',*,*,#1799,.T.);
#1126=ORIENTED_EDGE('',*,*,#1800,.T.);
#1127=ORIENTED_EDGE('',*,*,#1801,.T.);
#1128=ORIENTED_EDGE('',*,*,#1802,.T.);
#1129=ORIENTED_EDGE('',*,*,#1673,.F.);
#1130=ORIENTED_EDGE('',*,*,#1736,.T.);
#1131=ORIENTED_EDGE('',*,*,#1803,.T.);
#1132=ORIENTED_EDGE('',*,*,#1640,.T.);
#1133=ORIENTED_EDGE('',*,*,#1804,.T.);
#1134=ORIENTED_EDGE('',*,*,#1800,.F.);
#1135=ORIENTED_EDGE('',*,*,#1805,.T.);
#1136=ORIENTED_EDGE('',*,*,#1802,.F.);
#1137=ORIENTED_EDGE('',*,*,#1806,.T.);
#1138=ORIENTED_EDGE('',*,*,#1650,.T.);
#1139=ORIENTED_EDGE('',*,*,#1351,.F.);
#1140=ORIENTED_EDGE('',*,*,#1658,.F.);
#1141=ORIENTED_EDGE('',*,*,#1807,.T.);
#1142=ORIENTED_EDGE('',*,*,#1808,.T.);
#1143=ORIENTED_EDGE('',*,*,#1680,.T.);
#1144=ORIENTED_EDGE('',*,*,#1672,.F.);
#1145=ORIENTED_EDGE('',*,*,#1809,.T.);
#1146=ORIENTED_EDGE('',*,*,#1810,.T.);
#1147=ORIENTED_EDGE('',*,*,#1648,.T.);
#1148=ORIENTED_EDGE('',*,*,#1811,.T.);
#1149=ORIENTED_EDGE('',*,*,#1809,.F.);
#1150=ORIENTED_EDGE('',*,*,#1397,.F.);
#1151=ORIENTED_EDGE('',*,*,#1388,.T.);
#1152=ORIENTED_EDGE('',*,*,#1646,.T.);
#1153=ORIENTED_EDGE('',*,*,#1812,.T.);
#1154=ORIENTED_EDGE('',*,*,#1807,.F.);
#1155=ORIENTED_EDGE('',*,*,#1813,.T.);
#1156=ORIENTED_EDGE('',*,*,#1814,.F.);
#1157=ORIENTED_EDGE('',*,*,#1815,.T.);
#1158=ORIENTED_EDGE('',*,*,#1816,.F.);
#1159=ORIENTED_EDGE('',*,*,#1671,.F.);
#1160=ORIENTED_EDGE('',*,*,#1741,.F.);
#1161=ORIENTED_EDGE('',*,*,#1817,.T.);
#1162=ORIENTED_EDGE('',*,*,#1816,.T.);
#1163=ORIENTED_EDGE('',*,*,#1818,.T.);
#1164=ORIENTED_EDGE('',*,*,#1377,.F.);
#1165=ORIENTED_EDGE('',*,*,#1383,.F.);
#1166=ORIENTED_EDGE('',*,*,#1361,.T.);
#1167=ORIENTED_EDGE('',*,*,#1379,.F.);
#1168=ORIENTED_EDGE('',*,*,#1819,.T.);
#1169=ORIENTED_EDGE('',*,*,#1814,.T.);
#1170=ORIENTED_EDGE('',*,*,#1820,.T.);
#1171=ORIENTED_EDGE('',*,*,#1821,.T.);
#1172=ORIENTED_EDGE('',*,*,#1822,.T.);
#1173=ORIENTED_EDGE('',*,*,#1759,.T.);
#1174=ORIENTED_EDGE('',*,*,#1670,.F.);
#1175=ORIENTED_EDGE('',*,*,#1823,.T.);
#1176=ORIENTED_EDGE('',*,*,#1824,.T.);
#1177=ORIENTED_EDGE('',*,*,#1372,.T.);
#1178=ORIENTED_EDGE('',*,*,#1825,.T.);
#1179=ORIENTED_EDGE('',*,*,#1823,.F.);
#1180=ORIENTED_EDGE('',*,*,#1365,.F.);
#1181=ORIENTED_EDGE('',*,*,#1345,.T.);
#1182=ORIENTED_EDGE('',*,*,#1370,.T.);
#1183=ORIENTED_EDGE('',*,*,#1826,.T.);
#1184=ORIENTED_EDGE('',*,*,#1821,.F.);
#1185=ORIENTED_EDGE('',*,*,#1827,.T.);
#1186=ORIENTED_EDGE('',*,*,#1733,.F.);
#1187=ORIENTED_EDGE('',*,*,#1690,.F.);
#1188=ORIENTED_EDGE('',*,*,#1706,.F.);
#1189=ORIENTED_EDGE('',*,*,#1702,.F.);
#1190=ORIENTED_EDGE('',*,*,#1799,.F.);
#1191=ORIENTED_EDGE('',*,*,#1781,.F.);
#1192=ORIENTED_EDGE('',*,*,#1783,.F.);
#1193=ORIENTED_EDGE('',*,*,#1769,.F.);
#1194=ORIENTED_EDGE('',*,*,#1798,.F.);
#1195=ORIENTED_EDGE('',*,*,#1750,.F.);
#1196=ORIENTED_EDGE('',*,*,#1784,.F.);
#1197=ORIENTED_EDGE('',*,*,#1779,.F.);
#1198=ORIENTED_EDGE('',*,*,#1734,.F.);
#1199=ORIENTED_EDGE('',*,*,#1700,.F.);
#1200=ORIENTED_EDGE('',*,*,#1705,.F.);
#1201=ORIENTED_EDGE('',*,*,#1738,.F.);
#1202=ORIENTED_EDGE('',*,*,#1748,.F.);
#1203=ORIENTED_EDGE('',*,*,#1785,.F.);
#1204=ORIENTED_EDGE('',*,*,#1771,.F.);
#1205=ORIENTED_EDGE('',*,*,#1782,.F.);
#1206=ORIENTED_EDGE('',*,*,#1692,.F.);
#1207=ORIENTED_EDGE('',*,*,#1732,.F.);
#1208=ORIENTED_EDGE('',*,*,#1737,.F.);
#1209=ORIENTED_EDGE('',*,*,#1729,.F.);
#1210=ORIENTED_EDGE('',*,*,#1752,.F.);
#1211=ORIENTED_EDGE('',*,*,#1797,.F.);
#1212=ORIENTED_EDGE('',*,*,#1767,.F.);
#1213=ORIENTED_EDGE('',*,*,#1796,.F.);
#1214=ORIENTED_EDGE('',*,*,#1688,.F.);
#1215=ORIENTED_EDGE('',*,*,#1708,.F.);
#1216=ORIENTED_EDGE('',*,*,#1739,.F.);
#1217=ORIENTED_EDGE('',*,*,#1703,.F.);
#1218=ORIENTED_EDGE('',*,*,#1803,.F.);
#1219=ORIENTED_EDGE('',*,*,#1735,.F.);
#1220=ORIENTED_EDGE('',*,*,#1641,.F.);
#1221=ORIENTED_EDGE('',*,*,#1805,.F.);
#1222=ORIENTED_EDGE('',*,*,#1824,.F.);
#1223=ORIENTED_EDGE('',*,*,#1825,.F.);
#1224=ORIENTED_EDGE('',*,*,#1371,.F.);
#1225=ORIENTED_EDGE('',*,*,#1827,.F.);
#1226=ORIENTED_EDGE('',*,*,#1822,.F.);
#1227=ORIENTED_EDGE('',*,*,#1826,.F.);
#1228=ORIENTED_EDGE('',*,*,#1369,.F.);
#1229=ORIENTED_EDGE('',*,*,#1760,.F.);
#1230=ORIENTED_EDGE('',*,*,#1817,.F.);
#1231=ORIENTED_EDGE('',*,*,#1740,.F.);
#1232=ORIENTED_EDGE('',*,*,#1380,.F.);
#1233=ORIENTED_EDGE('',*,*,#1820,.F.);
#1234=ORIENTED_EDGE('',*,*,#1815,.F.);
#1235=ORIENTED_EDGE('',*,*,#1819,.F.);
#1236=ORIENTED_EDGE('',*,*,#1378,.F.);
#1237=ORIENTED_EDGE('',*,*,#1818,.F.);
#1238=ORIENTED_EDGE('',*,*,#1810,.F.);
#1239=ORIENTED_EDGE('',*,*,#1811,.F.);
#1240=ORIENTED_EDGE('',*,*,#1647,.F.);
#1241=ORIENTED_EDGE('',*,*,#1813,.F.);
#1242=ORIENTED_EDGE('',*,*,#1808,.F.);
#1243=ORIENTED_EDGE('',*,*,#1812,.F.);
#1244=ORIENTED_EDGE('',*,*,#1645,.F.);
#1245=ORIENTED_EDGE('',*,*,#1681,.F.);
#1246=ORIENTED_EDGE('',*,*,#1801,.F.);
#1247=ORIENTED_EDGE('',*,*,#1804,.F.);
#1248=ORIENTED_EDGE('',*,*,#1651,.F.);
#1249=ORIENTED_EDGE('',*,*,#1806,.F.);
#1250=ORIENTED_EDGE('',*,*,#1328,.T.);
#1251=ORIENTED_EDGE('',*,*,#1679,.F.);
#1252=ORIENTED_EDGE('',*,*,#1334,.F.);
#1253=ORIENTED_EDGE('',*,*,#1677,.F.);
#1254=ORIENTED_EDGE('',*,*,#1332,.T.);
#1255=ORIENTED_EDGE('',*,*,#1678,.F.);
#1256=ORIENTED_EDGE('',*,*,#1325,.F.);
#1257=ORIENTED_EDGE('',*,*,#1676,.F.);
#1258=ORIENTED_EDGE('',*,*,#1344,.T.);
#1259=ORIENTED_EDGE('',*,*,#1313,.T.);
#1260=ORIENTED_EDGE('',*,*,#1318,.F.);
#1261=ORIENTED_EDGE('',*,*,#1292,.F.);
#1262=ORIENTED_EDGE('',*,*,#1290,.T.);
#1263=ORIENTED_EDGE('',*,*,#1317,.T.);
#1264=ORIENTED_EDGE('',*,*,#1322,.F.);
#1265=ORIENTED_EDGE('',*,*,#1342,.F.);
#1266=ORIENTED_EDGE('',*,*,#1306,.T.);
#1267=ORIENTED_EDGE('',*,*,#1311,.T.);
#1268=ORIENTED_EDGE('',*,*,#1288,.F.);
#1269=ORIENTED_EDGE('',*,*,#1656,.F.);
#1270=ORIENTED_EDGE('',*,*,#1286,.T.);
#1271=ORIENTED_EDGE('',*,*,#1310,.T.);
#1272=ORIENTED_EDGE('',*,*,#1303,.F.);
#1273=ORIENTED_EDGE('',*,*,#1654,.F.);
#1274=ORIENTED_EDGE('',*,*,#1338,.T.);
#1275=ORIENTED_EDGE('',*,*,#1298,.T.);
#1276=ORIENTED_EDGE('',*,*,#1340,.T.);
#1277=ORIENTED_EDGE('',*,*,#1284,.F.);
#1278=ORIENTED_EDGE('',*,*,#1282,.T.);
#1279=ORIENTED_EDGE('',*,*,#1339,.F.);
#1280=ORIENTED_EDGE('',*,*,#1295,.F.);
#1281=ORIENTED_EDGE('',*,*,#1336,.F.);
#1282=EDGE_CURVE('',#1828,#1829,#2184,.T.);
#1283=EDGE_CURVE('',#1828,#1830,#2185,.T.);
#1284=EDGE_CURVE('',#1830,#1831,#2186,.T.);
#1285=EDGE_CURVE('',#1829,#1831,#2187,.T.);
#1286=EDGE_CURVE('',#1832,#1833,#2188,.T.);
#1287=EDGE_CURVE('',#1832,#1834,#2189,.T.);
#1288=EDGE_CURVE('',#1834,#1835,#2190,.T.);
#1289=EDGE_CURVE('',#1833,#1835,#2191,.T.);
#1290=EDGE_CURVE('',#1836,#1837,#2192,.T.);
#1291=EDGE_CURVE('',#1836,#1838,#2193,.T.);
#1292=EDGE_CURVE('',#1838,#1839,#2194,.T.);
#1293=EDGE_CURVE('',#1837,#1839,#2195,.T.);
#1294=EDGE_CURVE('',#1840,#1841,#2196,.T.);
#1295=EDGE_CURVE('',#1841,#1842,#2197,.T.);
#1296=EDGE_CURVE('',#1842,#1843,#2198,.T.);
#1297=EDGE_CURVE('',#1843,#1840,#2199,.T.);
#1298=EDGE_CURVE('',#1844,#1845,#2200,.T.);
#1299=EDGE_CURVE('',#1846,#1844,#2201,.T.);
#1300=EDGE_CURVE('',#1847,#1846,#2202,.T.);
#1301=EDGE_CURVE('',#1845,#1847,#2203,.T.);
#1302=EDGE_CURVE('',#1848,#1849,#2204,.T.);
#1303=EDGE_CURVE('',#1849,#1850,#2205,.T.);
#1304=EDGE_CURVE('',#1850,#1851,#2206,.T.);
#1305=EDGE_CURVE('',#1851,#1848,#2207,.T.);
#1306=EDGE_CURVE('',#1852,#1853,#2208,.T.);
#1307=EDGE_CURVE('',#1854,#1852,#2209,.T.);
#1308=EDGE_CURVE('',#1855,#1854,#2210,.T.);
#1309=EDGE_CURVE('',#1853,#1855,#2211,.T.);
#1310=EDGE_CURVE('',#1833,#1850,#2212,.T.);
#1311=EDGE_CURVE('',#1853,#1835,#2213,.T.);
#1312=EDGE_CURVE('',#1851,#1855,#2214,.T.);
#1313=EDGE_CURVE('',#1856,#1857,#2215,.T.);
#1314=EDGE_CURVE('',#1858,#1856,#2216,.T.);
#1315=EDGE_CURVE('',#1859,#1858,#2217,.T.);
#1316=EDGE_CURVE('',#1857,#1859,#2218,.T.);
#1317=EDGE_CURVE('',#1837,#1860,#2219,.T.);
#1318=EDGE_CURVE('',#1839,#1857,#2220,.T.);
#1319=EDGE_CURVE('',#1861,#1859,#2221,.T.);
#1320=EDGE_CURVE('',#1860,#1861,#2222,.T.);
#1321=EDGE_CURVE('',#1862,#1863,#2223,.T.);
#1322=EDGE_CURVE('',#1863,#1860,#2224,.T.);
#1323=EDGE_CURVE('',#1861,#1862,#2225,.T.);
#1324=EDGE_CURVE('',#1864,#1865,#2226,.T.);
#1325=EDGE_CURVE('',#1865,#1866,#2227,.T.);
#1326=EDGE_CURVE('',#1866,#1867,#2228,.T.);
#1327=EDGE_CURVE('',#1867,#1864,#2229,.T.);
#1328=EDGE_CURVE('',#1868,#1869,#2230,.T.);
#1329=EDGE_CURVE('',#1870,#1868,#2231,.T.);
#1330=EDGE_CURVE('',#1871,#1870,#2232,.T.);
#1331=EDGE_CURVE('',#1869,#1871,#2233,.T.);
#1332=EDGE_CURVE('',#1872,#1873,#2234,.T.);
#1333=EDGE_CURVE('',#1872,#1874,#2235,.T.);
#1334=EDGE_CURVE('',#1874,#1875,#2236,.T.);
#1335=EDGE_CURVE('',#1873,#1875,#2237,.T.);
#1336=EDGE_CURVE('',#1828,#1841,#2238,.T.);
#1337=EDGE_CURVE('',#1846,#1840,#2239,.T.);
#1338=EDGE_CURVE('',#1830,#1844,#2240,.T.);
#1339=EDGE_CURVE('',#1842,#1829,#2241,.T.);
#1340=EDGE_CURVE('',#1845,#1831,#2242,.T.);
#1341=EDGE_CURVE('',#1843,#1847,#2243,.T.);
#1342=EDGE_CURVE('',#1836,#1863,#2244,.T.);
#1343=EDGE_CURVE('',#1858,#1862,#2245,.T.);
#1344=EDGE_CURVE('',#1838,#1856,#2246,.T.);
#1345=EDGE_CURVE('',#1876,#1877,#2247,.T.);
#1346=EDGE_CURVE('',#1878,#1876,#2248,.T.);
#1347=EDGE_CURVE('',#1879,#1878,#118,.T.);
#1348=EDGE_CURVE('',#1880,#1879,#2249,.T.);
#1349=EDGE_CURVE('',#1881,#1880,#119,.T.);
#1350=EDGE_CURVE('',#1882,#1881,#2250,.T.);
#1351=EDGE_CURVE('',#1882,#1883,#2251,.T.);
#1352=EDGE_CURVE('',#1884,#1883,#2252,.T.);
#1353=EDGE_CURVE('',#1885,#1884,#120,.T.);
#1354=EDGE_CURVE('',#1886,#1885,#2253,.T.);
#1355=EDGE_CURVE('',#1887,#1886,#121,.T.);
#1356=EDGE_CURVE('',#1877,#1887,#2254,.T.);
#1357=EDGE_CURVE('',#1888,#1889,#2255,.T.);
#1358=EDGE_CURVE('',#1890,#1888,#2256,.F.);
#1359=EDGE_CURVE('',#1891,#1890,#2257,.T.);
#1360=EDGE_CURVE('',#1891,#1889,#2258,.T.);
#1361=EDGE_CURVE('',#1892,#1893,#2259,.T.);
#1362=EDGE_CURVE('',#1892,#1894,#2260,.T.);
#1363=EDGE_CURVE('',#1895,#1894,#2261,.T.);
#1364=EDGE_CURVE('',#1893,#1895,#2262,.T.);
#1365=EDGE_CURVE('',#1876,#1896,#2263,.T.);
#1366=EDGE_CURVE('',#1897,#1896,#2264,.T.);
#1367=EDGE_CURVE('',#1897,#1878,#2265,.T.);
#1368=EDGE_CURVE('',#1898,#1899,#2266,.F.);
#1369=EDGE_CURVE('',#1898,#1900,#122,.F.);
#1370=EDGE_CURVE('',#1901,#1900,#2267,.T.);
#1371=EDGE_CURVE('',#1901,#1902,#123,.F.);
#1372=EDGE_CURVE('',#1877,#1902,#2268,.T.);
#1373=EDGE_CURVE('',#1887,#1903,#2269,.T.);
#1374=EDGE_CURVE('',#1903,#1904,#2270,.T.);
#1375=EDGE_CURVE('',#1904,#1905,#2271,.F.);
#1376=EDGE_CURVE('',#1905,#1906,#2272,.T.);
#1377=EDGE_CURVE('',#1906,#1907,#2273,.T.);
#1378=EDGE_CURVE('',#1907,#1908,#124,.F.);
#1379=EDGE_CURVE('',#1908,#1909,#2274,.T.);
#1380=EDGE_CURVE('',#1909,#1910,#125,.F.);
#1381=EDGE_CURVE('',#1910,#1911,#2275,.T.);
#1382=EDGE_CURVE('',#1911,#1899,#2276,.T.);
#1383=EDGE_CURVE('',#1892,#1906,#2277,.T.);
#1384=EDGE_CURVE('',#1912,#1905,#126,.T.);
#1385=EDGE_CURVE('',#1913,#1912,#2278,.T.);
#1386=EDGE_CURVE('',#1914,#1913,#127,.T.);
#1387=EDGE_CURVE('',#1915,#1914,#2279,.T.);
#1388=EDGE_CURVE('',#1916,#1915,#2280,.T.);
#1389=EDGE_CURVE('',#1917,#1916,#2281,.T.);
#1390=EDGE_CURVE('',#1918,#1917,#128,.T.);
#1391=EDGE_CURVE('',#1919,#1918,#2282,.T.);
#1392=EDGE_CURVE('',#1894,#1919,#129,.T.);
#1393=EDGE_CURVE('',#1920,#1921,#2283,.T.);
#1394=EDGE_CURVE('',#1920,#1922,#2284,.F.);
#1395=EDGE_CURVE('',#1922,#1923,#2285,.T.);
#1396=EDGE_CURVE('',#1921,#1923,#2286,.T.);
#1397=EDGE_CURVE('',#1916,#1924,#2287,.T.);
#1398=EDGE_CURVE('',#1925,#1924,#2288,.T.);
#1399=EDGE_CURVE('',#1925,#1917,#2289,.T.);
#1400=EDGE_CURVE('',#1926,#1927,#2290,.T.);
#1401=EDGE_CURVE('',#1927,#1928,#2291,.T.);
#1402=EDGE_CURVE('',#1928,#1929,#2292,.T.);
#1403=EDGE_CURVE('',#1929,#1926,#2293,.T.);
#1404=EDGE_CURVE('',#1930,#1929,#2294,.T.);
#1405=EDGE_CURVE('',#1931,#1930,#2295,.T.);
#1406=EDGE_CURVE('',#1926,#1931,#2296,.T.);
#1407=EDGE_CURVE('',#1932,#1933,#2297,.T.);
#1408=EDGE_CURVE('',#1934,#1932,#2298,.T.);
#1409=EDGE_CURVE('',#1935,#1934,#2299,.T.);
#1410=EDGE_CURVE('',#1933,#1935,#2300,.T.);
#1411=EDGE_CURVE('',#1936,#1937,#2301,.T.);
#1412=EDGE_CURVE('',#1938,#1936,#2302,.T.);
#1413=EDGE_CURVE('',#1939,#1938,#2303,.T.);
#1414=EDGE_CURVE('',#1937,#1939,#2304,.T.);
#1415=EDGE_CURVE('',#1940,#1933,#2305,.T.);
#1416=EDGE_CURVE('',#1935,#1941,#2306,.T.);
#1417=EDGE_CURVE('',#1941,#1940,#2307,.T.);
#1418=EDGE_CURVE('',#1942,#1931,#2308,.T.);
#1419=EDGE_CURVE('',#1927,#1942,#2309,.T.);
#1420=EDGE_CURVE('',#1938,#1943,#2310,.T.);
#1421=EDGE_CURVE('',#1944,#1936,#2311,.T.);
#1422=EDGE_CURVE('',#1943,#1944,#2312,.T.);
#1423=EDGE_CURVE('',#1945,#1942,#2313,.T.);
#1424=EDGE_CURVE('',#1945,#1928,#2314,.T.);
#1425=EDGE_CURVE('',#1946,#1947,#2315,.T.);
#1426=EDGE_CURVE('',#1948,#1946,#2316,.T.);
#1427=EDGE_CURVE('',#1949,#1948,#2317,.T.);
#1428=EDGE_CURVE('',#1947,#1949,#2318,.T.);
#1429=EDGE_CURVE('',#1950,#1951,#2319,.T.);
#1430=EDGE_CURVE('',#1952,#1950,#2320,.T.);
#1431=EDGE_CURVE('',#1953,#1952,#2321,.T.);
#1432=EDGE_CURVE('',#1951,#1953,#2322,.T.);
#1433=EDGE_CURVE('',#1948,#1954,#2323,.T.);
#1434=EDGE_CURVE('',#1955,#1946,#2324,.T.);
#1435=EDGE_CURVE('',#1954,#1955,#2325,.T.);
#1436=EDGE_CURVE('',#1930,#1945,#2326,.T.);
#1437=EDGE_CURVE('',#1952,#1956,#2327,.T.);
#1438=EDGE_CURVE('',#1957,#1950,#2328,.T.);
#1439=EDGE_CURVE('',#1956,#1957,#2329,.T.);
#1440=EDGE_CURVE('',#1931,#1958,#2330,.T.);
#1441=EDGE_CURVE('',#1930,#1959,#2331,.T.);
#1442=EDGE_CURVE('',#1959,#1958,#2332,.T.);
#1443=EDGE_CURVE('',#1932,#1960,#2333,.T.);
#1444=EDGE_CURVE('',#1940,#1961,#2334,.T.);
#1445=EDGE_CURVE('',#1961,#1960,#2335,.T.);
#1446=EDGE_CURVE('',#1934,#1962,#2336,.T.);
#1447=EDGE_CURVE('',#1960,#1962,#2337,.T.);
#1448=EDGE_CURVE('',#1962,#1963,#2338,.T.);
#1449=EDGE_CURVE('',#1941,#1963,#2339,.T.);
#1450=EDGE_CURVE('',#1939,#1964,#2340,.T.);
#1451=EDGE_CURVE('',#1943,#1965,#2341,.T.);
#1452=EDGE_CURVE('',#1964,#1965,#2342,.T.);
#1453=EDGE_CURVE('',#1937,#1966,#2343,.T.);
#1454=EDGE_CURVE('',#1966,#1964,#2344,.T.);
#1455=EDGE_CURVE('',#1967,#1966,#2345,.T.);
#1456=EDGE_CURVE('',#1944,#1967,#2346,.T.);
#1457=EDGE_CURVE('',#1967,#1968,#2347,.T.);
#1458=EDGE_CURVE('',#1942,#1968,#2348,.T.);
#1459=EDGE_CURVE('',#1958,#1961,#2349,.T.);
#1460=EDGE_CURVE('',#1963,#1965,#2350,.T.);
#1461=EDGE_CURVE('',#1945,#1969,#2351,.T.);
#1462=EDGE_CURVE('',#1968,#1969,#2352,.T.);
#1463=EDGE_CURVE('',#1949,#1970,#2353,.T.);
#1464=EDGE_CURVE('',#1954,#1971,#2354,.T.);
#1465=EDGE_CURVE('',#1970,#1971,#2355,.T.);
#1466=EDGE_CURVE('',#1947,#1972,#2356,.T.);
#1467=EDGE_CURVE('',#1972,#1970,#2357,.T.);
#1468=EDGE_CURVE('',#1973,#1972,#2358,.T.);
#1469=EDGE_CURVE('',#1955,#1973,#2359,.T.);
#1470=EDGE_CURVE('',#1953,#1974,#2360,.T.);
#1471=EDGE_CURVE('',#1956,#1975,#2361,.T.);
#1472=EDGE_CURVE('',#1974,#1975,#2362,.T.);
#1473=EDGE_CURVE('',#1951,#1976,#2363,.T.);
#1474=EDGE_CURVE('',#1976,#1974,#2364,.T.);
#1475=EDGE_CURVE('',#1977,#1976,#2365,.T.);
#1476=EDGE_CURVE('',#1957,#1977,#2366,.T.);
#1477=EDGE_CURVE('',#1977,#1959,#2367,.T.);
#1478=EDGE_CURVE('',#1969,#1971,#2368,.T.);
#1479=EDGE_CURVE('',#1973,#1975,#2369,.T.);
#1480=EDGE_CURVE('',#1978,#1979,#2370,.T.);
#1481=EDGE_CURVE('',#1979,#1980,#2371,.T.);
#1482=EDGE_CURVE('',#1980,#1981,#2372,.T.);
#1483=EDGE_CURVE('',#1981,#1978,#2373,.T.);
#1484=EDGE_CURVE('',#1979,#1982,#2374,.T.);
#1485=EDGE_CURVE('',#1982,#1983,#2375,.T.);
#1486=EDGE_CURVE('',#1983,#1980,#2376,.T.);
#1487=EDGE_CURVE('',#1984,#1982,#24,.F.);
#1488=EDGE_CURVE('',#1985,#1984,#2377,.F.);
#1489=EDGE_CURVE('',#1983,#1985,#25,.F.);
#1490=EDGE_CURVE('',#1986,#1985,#2378,.T.);
#1491=EDGE_CURVE('',#1984,#1987,#2379,.T.);
#1492=EDGE_CURVE('',#1987,#1986,#2380,.T.);
#1493=EDGE_CURVE('',#1988,#1989,#26,.T.);
#1494=EDGE_CURVE('',#1990,#1988,#2381,.F.);
#1495=EDGE_CURVE('',#1991,#1990,#27,.T.);
#1496=EDGE_CURVE('',#1989,#1991,#2382,.T.);
#1497=EDGE_CURVE('',#1981,#1989,#2383,.T.);
#1498=EDGE_CURVE('',#1978,#1991,#2384,.T.);
#1499=EDGE_CURVE('',#1992,#1987,#2385,.T.);
#1500=EDGE_CURVE('',#1992,#1993,#2386,.T.);
#1501=EDGE_CURVE('',#1993,#1986,#2387,.T.);
#1502=EDGE_CURVE('',#1994,#1993,#2388,.T.);
#1503=EDGE_CURVE('',#1995,#1992,#2389,.T.);
#1504=EDGE_CURVE('',#1996,#1995,#130,.T.);
#1505=EDGE_CURVE('',#1997,#1996,#131,.T.);
#1506=EDGE_CURVE('',#1998,#1997,#2390,.T.);
#1507=EDGE_CURVE('',#1999,#1998,#2391,.T.);
#1508=EDGE_CURVE('',#2000,#1999,#132,.T.);
#1509=EDGE_CURVE('',#2001,#2000,#2392,.T.);
#1510=EDGE_CURVE('',#2002,#2001,#133,.T.);
#1511=EDGE_CURVE('',#2003,#2002,#2393,.T.);
#1512=EDGE_CURVE('',#2004,#2003,#2394,.T.);
#1513=EDGE_CURVE('',#2005,#2004,#134,.T.);
#1514=EDGE_CURVE('',#2006,#2005,#135,.T.);
#1515=EDGE_CURVE('',#2007,#2006,#2395,.T.);
#1516=EDGE_CURVE('',#2007,#2008,#2396,.T.);
#1517=EDGE_CURVE('',#2009,#2008,#2397,.T.);
#1518=EDGE_CURVE('',#2010,#2009,#136,.T.);
#1519=EDGE_CURVE('',#2011,#2010,#137,.T.);
#1520=EDGE_CURVE('',#2012,#2011,#2398,.T.);
#1521=EDGE_CURVE('',#2013,#2012,#2399,.T.);
#1522=EDGE_CURVE('',#2014,#2013,#2400,.T.);
#1523=EDGE_CURVE('',#2015,#2014,#2401,.T.);
#1524=EDGE_CURVE('',#2016,#2015,#2402,.T.);
#1525=EDGE_CURVE('',#2017,#2016,#2403,.T.);
#1526=EDGE_CURVE('',#2017,#2018,#2404,.T.);
#1527=EDGE_CURVE('',#2018,#2019,#138,.T.);
#1528=EDGE_CURVE('',#2019,#1994,#139,.T.);
#1529=EDGE_CURVE('',#2020,#2021,#2405,.T.);
#1530=EDGE_CURVE('',#2008,#2021,#2406,.T.);
#1531=EDGE_CURVE('',#2007,#2020,#2407,.T.);
#1532=EDGE_CURVE('',#2022,#2023,#2408,.T.);
#1533=EDGE_CURVE('',#2024,#2022,#2409,.T.);
#1534=EDGE_CURVE('',#2025,#2024,#2410,.T.);
#1535=EDGE_CURVE('',#2023,#2025,#2411,.T.);
#1536=EDGE_CURVE('',#2026,#2023,#2412,.T.);
#1537=EDGE_CURVE('',#2026,#2027,#2413,.F.);
#1538=EDGE_CURVE('',#2022,#2027,#2414,.T.);
#1539=EDGE_CURVE('',#2027,#2028,#28,.F.);
#1540=EDGE_CURVE('',#2029,#2026,#29,.F.);
#1541=EDGE_CURVE('',#2028,#2029,#2415,.T.);
#1542=EDGE_CURVE('',#2028,#2020,#2416,.T.);
#1543=EDGE_CURVE('',#2021,#2029,#2417,.T.);
#1544=EDGE_CURVE('',#2030,#2031,#30,.T.);
#1545=EDGE_CURVE('',#2032,#2030,#2418,.F.);
#1546=EDGE_CURVE('',#2033,#2032,#31,.T.);
#1547=EDGE_CURVE('',#2031,#2033,#2419,.T.);
#1548=EDGE_CURVE('',#2024,#2031,#2420,.T.);
#1549=EDGE_CURVE('',#2025,#2033,#2421,.T.);
#1550=EDGE_CURVE('',#2034,#2035,#2422,.T.);
#1551=EDGE_CURVE('',#2009,#2034,#2423,.T.);
#1552=EDGE_CURVE('',#2021,#2035,#2424,.T.);
#1553=EDGE_CURVE('',#2036,#2034,#140,.T.);
#1554=EDGE_CURVE('',#2010,#2036,#2425,.T.);
#1555=EDGE_CURVE('',#2037,#2036,#141,.T.);
#1556=EDGE_CURVE('',#2011,#2037,#2426,.T.);
#1557=EDGE_CURVE('',#2038,#2037,#2427,.T.);
#1558=EDGE_CURVE('',#2012,#2038,#2428,.T.);
#1559=EDGE_CURVE('',#2039,#2038,#2429,.T.);
#1560=EDGE_CURVE('',#2013,#2039,#2430,.T.);
#1561=EDGE_CURVE('',#2040,#2039,#2431,.T.);
#1562=EDGE_CURVE('',#2014,#2040,#2432,.T.);
#1563=EDGE_CURVE('',#2041,#2040,#2433,.T.);
#1564=EDGE_CURVE('',#2015,#2041,#2434,.T.);
#1565=EDGE_CURVE('',#2042,#2041,#2435,.T.);
#1566=EDGE_CURVE('',#2016,#2042,#2436,.T.);
#1567=EDGE_CURVE('',#2017,#2043,#2437,.T.);
#1568=EDGE_CURVE('',#2043,#2042,#2438,.T.);
#1569=EDGE_CURVE('',#2043,#2044,#2439,.T.);
#1570=EDGE_CURVE('',#2018,#2044,#2440,.T.);
#1571=EDGE_CURVE('',#2044,#2045,#142,.T.);
#1572=EDGE_CURVE('',#2019,#2045,#2441,.T.);
#1573=EDGE_CURVE('',#2045,#2046,#143,.T.);
#1574=EDGE_CURVE('',#1994,#2046,#2442,.T.);
#1575=EDGE_CURVE('',#2046,#2047,#2443,.T.);
#1576=EDGE_CURVE('',#1986,#2047,#2444,.T.);
#1577=EDGE_CURVE('',#2048,#1988,#2445,.T.);
#1578=EDGE_CURVE('',#2048,#2047,#2446,.T.);
#1579=EDGE_CURVE('',#1990,#2049,#2447,.T.);
#1580=EDGE_CURVE('',#2049,#2048,#2448,.T.);
#1581=EDGE_CURVE('',#2050,#2049,#2449,.T.);
#1582=EDGE_CURVE('',#1987,#2050,#2450,.T.);
#1583=EDGE_CURVE('',#2051,#2050,#2451,.T.);
#1584=EDGE_CURVE('',#1995,#2051,#2452,.T.);
#1585=EDGE_CURVE('',#2052,#2051,#144,.T.);
#1586=EDGE_CURVE('',#1996,#2052,#2453,.T.);
#1587=EDGE_CURVE('',#2053,#2052,#145,.T.);
#1588=EDGE_CURVE('',#1997,#2053,#2454,.T.);
#1589=EDGE_CURVE('',#2054,#2053,#2455,.T.);
#1590=EDGE_CURVE('',#1998,#2054,#2456,.T.);
#1591=EDGE_CURVE('',#2055,#2054,#2457,.T.);
#1592=EDGE_CURVE('',#1999,#2055,#2458,.T.);
#1593=EDGE_CURVE('',#2056,#2055,#146,.T.);
#1594=EDGE_CURVE('',#2000,#2056,#2459,.T.);
#1595=EDGE_CURVE('',#2057,#2056,#2460,.T.);
#1596=EDGE_CURVE('',#2001,#2057,#2461,.T.);
#1597=EDGE_CURVE('',#2058,#2057,#147,.T.);
#1598=EDGE_CURVE('',#2002,#2058,#2462,.T.);
#1599=EDGE_CURVE('',#2003,#2059,#2463,.T.);
#1600=EDGE_CURVE('',#2059,#2058,#2464,.T.);
#1601=EDGE_CURVE('',#2060,#2059,#2465,.T.);
#1602=EDGE_CURVE('',#2004,#2060,#2466,.T.);
#1603=EDGE_CURVE('',#2061,#2060,#148,.T.);
#1604=EDGE_CURVE('',#2005,#2061,#2467,.T.);
#1605=EDGE_CURVE('',#2062,#2061,#149,.T.);
#1606=EDGE_CURVE('',#2006,#2062,#2468,.T.);
#1607=EDGE_CURVE('',#2063,#2062,#2469,.T.);
#1608=EDGE_CURVE('',#2020,#2063,#2470,.T.);
#1609=EDGE_CURVE('',#2064,#2030,#2471,.T.);
#1610=EDGE_CURVE('',#2064,#2063,#2472,.T.);
#1611=EDGE_CURVE('',#2032,#2065,#2473,.T.);
#1612=EDGE_CURVE('',#2065,#2064,#2474,.T.);
#1613=EDGE_CURVE('',#2035,#2065,#2475,.T.);
#1614=EDGE_CURVE('',#2066,#2067,#2476,.F.);
#1615=EDGE_CURVE('',#2067,#2068,#150,.F.);
#1616=EDGE_CURVE('',#2068,#2069,#2477,.F.);
#1617=EDGE_CURVE('',#2069,#2070,#151,.F.);
#1618=EDGE_CURVE('',#2070,#2071,#2478,.F.);
#1619=EDGE_CURVE('',#2071,#2072,#152,.F.);
#1620=EDGE_CURVE('',#2072,#2073,#2479,.F.);
#1621=EDGE_CURVE('',#2073,#2066,#153,.F.);
#1622=EDGE_CURVE('',#2074,#2069,#154,.F.);
#1623=EDGE_CURVE('',#2075,#2068,#155,.T.);
#1624=EDGE_CURVE('',#2074,#2075,#2480,.T.);
#1625=EDGE_CURVE('',#2076,#2070,#156,.T.);
#1626=EDGE_CURVE('',#2076,#2074,#157,.T.);
#1627=EDGE_CURVE('',#2077,#2071,#158,.F.);
#1628=EDGE_CURVE('',#2077,#2076,#2481,.T.);
#1629=EDGE_CURVE('',#2078,#2077,#159,.T.);
#1630=EDGE_CURVE('',#2072,#2078,#160,.F.);
#1631=EDGE_CURVE('',#2079,#2078,#2482,.T.);
#1632=EDGE_CURVE('',#2073,#2079,#161,.T.);
#1633=EDGE_CURVE('',#1904,#2079,#162,.T.);
#1634=EDGE_CURVE('',#2066,#1904,#163,.F.);
#1635=EDGE_CURVE('',#2067,#1903,#164,.T.);
#1636=EDGE_CURVE('',#2075,#1903,#165,.T.);
#1637=EDGE_CURVE('',#2075,#1886,#2483,.F.);
#1638=EDGE_CURVE('',#1885,#2074,#2484,.T.);
#1639=EDGE_CURVE('',#2076,#1884,#2485,.F.);
#1640=EDGE_CURVE('',#2080,#2081,#2486,.T.);
#1641=EDGE_CURVE('',#2080,#2082,#166,.F.);
#1642=EDGE_CURVE('',#2083,#2082,#2487,.T.);
#1643=EDGE_CURVE('',#2084,#2083,#2488,.T.);
#1644=EDGE_CURVE('',#2084,#2085,#2489,.F.);
#1645=EDGE_CURVE('',#2085,#2086,#167,.F.);
#1646=EDGE_CURVE('',#2087,#2086,#2490,.T.);
#1647=EDGE_CURVE('',#2087,#2088,#168,.F.);
#1648=EDGE_CURVE('',#1915,#2088,#2491,.T.);
#1649=EDGE_CURVE('',#1914,#2077,#2492,.T.);
#1650=EDGE_CURVE('',#2089,#1883,#2493,.T.);
#1651=EDGE_CURVE('',#2089,#2081,#169,.F.);
#1652=EDGE_CURVE('',#2078,#1913,#2494,.F.);
#1653=EDGE_CURVE('',#1912,#2079,#2495,.T.);
#1654=EDGE_CURVE('',#1832,#1849,#2496,.T.);
#1655=EDGE_CURVE('',#1854,#1848,#2497,.T.);
#1656=EDGE_CURVE('',#1852,#1834,#2498,.T.);
#1657=EDGE_CURVE('',#2090,#2091,#2499,.T.);
#1658=EDGE_CURVE('',#2090,#1882,#2500,.T.);
#1659=EDGE_CURVE('',#2091,#1881,#2501,.T.);
#1660=EDGE_CURVE('',#2092,#1925,#170,.T.);
#1661=EDGE_CURVE('',#2092,#1918,#2502,.T.);
#1662=EDGE_CURVE('',#2093,#2092,#2503,.T.);
#1663=EDGE_CURVE('',#2093,#1919,#2504,.T.);
#1664=EDGE_CURVE('',#1895,#2093,#171,.T.);
#1665=EDGE_CURVE('',#2094,#1897,#172,.T.);
#1666=EDGE_CURVE('',#2094,#1879,#2505,.T.);
#1667=EDGE_CURVE('',#2095,#2094,#2506,.T.);
#1668=EDGE_CURVE('',#2095,#1880,#2507,.T.);
#1669=EDGE_CURVE('',#2091,#2095,#173,.T.);
#1670=EDGE_CURVE('',#1896,#1888,#2508,.T.);
#1671=EDGE_CURVE('',#1889,#1893,#2509,.T.);
#1672=EDGE_CURVE('',#1924,#1920,#2510,.T.);
#1673=EDGE_CURVE('',#1921,#2090,#2511,.T.);
#1674=EDGE_CURVE('',#1870,#1864,#2512,.T.);
#1675=EDGE_CURVE('',#1867,#1871,#2513,.T.);
#1676=EDGE_CURVE('',#1872,#1865,#2514,.T.);
#1677=EDGE_CURVE('',#1868,#1874,#2515,.T.);
#1678=EDGE_CURVE('',#1866,#1873,#2516,.T.);
#1679=EDGE_CURVE('',#1875,#1869,#2517,.T.);
#1680=EDGE_CURVE('',#2096,#1920,#2518,.F.);
#1681=EDGE_CURVE('',#2096,#2085,#2519,.T.);
#1682=EDGE_CURVE('',#2097,#2084,#32,.T.);
#1683=EDGE_CURVE('',#2098,#2097,#2520,.F.);
#1684=EDGE_CURVE('',#2099,#2098,#33,.F.);
#1685=EDGE_CURVE('',#2100,#2099,#2521,.F.);
#1686=EDGE_CURVE('',#2101,#2100,#34,.F.);
#1687=EDGE_CURVE('',#2102,#2101,#2522,.F.);
#1688=EDGE_CURVE('',#2102,#2103,#35,.F.);
#1689=EDGE_CURVE('',#2104,#2103,#2523,.F.);
#1690=EDGE_CURVE('',#2104,#2105,#2524,.F.);
#1691=EDGE_CURVE('',#2106,#2105,#2525,.F.);
#1692=EDGE_CURVE('',#2106,#2107,#36,.T.);
#1693=EDGE_CURVE('',#2108,#2107,#2526,.F.);
#1694=EDGE_CURVE('',#2109,#2108,#37,.T.);
#1695=EDGE_CURVE('',#2110,#2109,#2527,.F.);
#1696=EDGE_CURVE('',#2111,#2110,#38,.T.);
#1697=EDGE_CURVE('',#2112,#2111,#2528,.F.);
#1698=EDGE_CURVE('',#1922,#2112,#39,.F.);
#1699=EDGE_CURVE('',#2113,#2114,#2529,.T.);
#1700=EDGE_CURVE('',#2114,#2115,#2530,.F.);
#1701=EDGE_CURVE('',#2116,#2115,#2531,.T.);
#1702=EDGE_CURVE('',#2116,#2113,#2532,.F.);
#1703=EDGE_CURVE('',#2103,#2117,#2533,.T.);
#1704=EDGE_CURVE('',#2118,#2117,#2534,.T.);
#1705=EDGE_CURVE('',#2118,#2114,#174,.T.);
#1706=EDGE_CURVE('',#2113,#2104,#175,.T.);
#1707=EDGE_CURVE('',#2119,#2120,#2535,.T.);
#1708=EDGE_CURVE('',#2119,#2102,#2536,.F.);
#1709=EDGE_CURVE('',#2101,#2120,#2537,.T.);
#1710=EDGE_CURVE('',#2120,#2121,#40,.T.);
#1711=EDGE_CURVE('',#2100,#2121,#2538,.T.);
#1712=EDGE_CURVE('',#2121,#2122,#2539,.T.);
#1713=EDGE_CURVE('',#2099,#2122,#2540,.T.);
#1714=EDGE_CURVE('',#2122,#2123,#41,.T.);
#1715=EDGE_CURVE('',#2098,#2123,#2541,.T.);
#1716=EDGE_CURVE('',#2123,#2124,#2542,.T.);
#1717=EDGE_CURVE('',#2097,#2124,#2543,.T.);
#1718=EDGE_CURVE('',#2124,#2083,#42,.F.);
#1719=EDGE_CURVE('',#1923,#2125,#43,.T.);
#1720=EDGE_CURVE('',#2112,#2125,#2544,.T.);
#1721=EDGE_CURVE('',#2125,#2126,#2545,.T.);
#1722=EDGE_CURVE('',#2111,#2126,#2546,.T.);
#1723=EDGE_CURVE('',#2126,#2127,#44,.F.);
#1724=EDGE_CURVE('',#2110,#2127,#2547,.T.);
#1725=EDGE_CURVE('',#2127,#2128,#2548,.T.);
#1726=EDGE_CURVE('',#2109,#2128,#2549,.T.);
#1727=EDGE_CURVE('',#2128,#2129,#45,.F.);
#1728=EDGE_CURVE('',#2108,#2129,#2550,.T.);
#1729=EDGE_CURVE('',#2107,#2130,#2551,.T.);
#1730=EDGE_CURVE('',#2129,#2130,#2552,.T.);
#1731=EDGE_CURVE('',#2131,#2132,#2553,.T.);
#1732=EDGE_CURVE('',#2131,#2106,#2554,.F.);
#1733=EDGE_CURVE('',#2105,#2116,#176,.T.);
#1734=EDGE_CURVE('',#2115,#2132,#177,.T.);
#1735=EDGE_CURVE('',#2082,#2133,#2555,.F.);
#1736=EDGE_CURVE('',#1921,#2133,#2556,.T.);
#1737=EDGE_CURVE('',#2130,#2131,#46,.T.);
#1738=EDGE_CURVE('',#2132,#2118,#2557,.T.);
#1739=EDGE_CURVE('',#2117,#2119,#47,.F.);
#1740=EDGE_CURVE('',#1910,#2134,#2558,.F.);
#1741=EDGE_CURVE('',#2134,#1889,#2559,.T.);
#1742=EDGE_CURVE('',#2135,#1891,#48,.F.);
#1743=EDGE_CURVE('',#2136,#2135,#2560,.T.);
#1744=EDGE_CURVE('',#2137,#2136,#49,.T.);
#1745=EDGE_CURVE('',#2138,#2137,#2561,.T.);
#1746=EDGE_CURVE('',#2139,#2138,#50,.T.);
#1747=EDGE_CURVE('',#2140,#2139,#2562,.T.);
#1748=EDGE_CURVE('',#2140,#2141,#51,.T.);
#1749=EDGE_CURVE('',#2142,#2141,#2563,.T.);
#1750=EDGE_CURVE('',#2142,#2143,#2564,.F.);
#1751=EDGE_CURVE('',#2144,#2143,#2565,.T.);
#1752=EDGE_CURVE('',#2144,#2145,#52,.F.);
#1753=EDGE_CURVE('',#2146,#2145,#2566,.T.);
#1754=EDGE_CURVE('',#2147,#2146,#53,.F.);
#1755=EDGE_CURVE('',#2148,#2147,#2567,.T.);
#1756=EDGE_CURVE('',#2149,#2148,#54,.F.);
#1757=EDGE_CURVE('',#2150,#2149,#2568,.T.);
#1758=EDGE_CURVE('',#1911,#2150,#55,.T.);
#1759=EDGE_CURVE('',#2151,#1888,#2569,.F.);
#1760=EDGE_CURVE('',#2151,#1898,#2570,.T.);
#1761=EDGE_CURVE('',#1899,#2152,#56,.F.);
#1762=EDGE_CURVE('',#2152,#2153,#2571,.F.);
#1763=EDGE_CURVE('',#2153,#2154,#57,.T.);
#1764=EDGE_CURVE('',#2154,#2155,#2572,.F.);
#1765=EDGE_CURVE('',#2155,#2156,#58,.T.);
#1766=EDGE_CURVE('',#2156,#2157,#2573,.F.);
#1767=EDGE_CURVE('',#2157,#2158,#59,.F.);
#1768=EDGE_CURVE('',#2158,#2159,#2574,.F.);
#1769=EDGE_CURVE('',#2159,#2160,#2575,.T.);
#1770=EDGE_CURVE('',#2160,#2161,#2576,.F.);
#1771=EDGE_CURVE('',#2161,#2162,#60,.T.);
#1772=EDGE_CURVE('',#2162,#2163,#2577,.F.);
#1773=EDGE_CURVE('',#2163,#2164,#61,.F.);
#1774=EDGE_CURVE('',#2164,#2165,#2578,.F.);
#1775=EDGE_CURVE('',#2165,#2166,#62,.F.);
#1776=EDGE_CURVE('',#2166,#2167,#2579,.F.);
#1777=EDGE_CURVE('',#2167,#1890,#63,.T.);
#1778=EDGE_CURVE('',#2168,#2169,#2580,.T.);
#1779=EDGE_CURVE('',#2168,#2170,#2581,.T.);
#1780=EDGE_CURVE('',#2170,#2171,#2582,.T.);
#1781=EDGE_CURVE('',#2171,#2169,#2583,.T.);
#1782=EDGE_CURVE('',#2141,#2161,#2584,.T.);
#1783=EDGE_CURVE('',#2160,#2171,#178,.T.);
#1784=EDGE_CURVE('',#2170,#2142,#179,.T.);
#1785=EDGE_CURVE('',#2162,#2140,#2585,.F.);
#1786=EDGE_CURVE('',#2139,#2163,#2586,.T.);
#1787=EDGE_CURVE('',#2138,#2164,#2587,.T.);
#1788=EDGE_CURVE('',#2137,#2165,#2588,.T.);
#1789=EDGE_CURVE('',#2136,#2166,#2589,.T.);
#1790=EDGE_CURVE('',#2135,#2167,#2590,.T.);
#1791=EDGE_CURVE('',#2150,#2152,#2591,.T.);
#1792=EDGE_CURVE('',#2149,#2153,#2592,.T.);
#1793=EDGE_CURVE('',#2148,#2154,#2593,.T.);
#1794=EDGE_CURVE('',#2147,#2155,#2594,.T.);
#1795=EDGE_CURVE('',#2146,#2156,#2595,.T.);
#1796=EDGE_CURVE('',#2145,#2157,#2596,.T.);
#1797=EDGE_CURVE('',#2158,#2144,#2597,.F.);
#1798=EDGE_CURVE('',#2143,#2168,#180,.T.);
#1799=EDGE_CURVE('',#2169,#2159,#181,.T.);
#1800=EDGE_CURVE('',#2172,#2173,#2598,.T.);
#1801=EDGE_CURVE('',#2173,#2174,#182,.T.);
#1802=EDGE_CURVE('',#2174,#2090,#2599,.T.);
#1803=EDGE_CURVE('',#2133,#2172,#183,.T.);
#1804=EDGE_CURVE('',#2081,#2173,#2600,.F.);
#1805=EDGE_CURVE('',#2172,#2080,#2601,.T.);
#1806=EDGE_CURVE('',#2174,#2089,#2602,.T.);
#1807=EDGE_CURVE('',#2175,#2176,#2603,.T.);
#1808=EDGE_CURVE('',#2176,#2096,#184,.T.);
#1809=EDGE_CURVE('',#1924,#2177,#2604,.T.);
#1810=EDGE_CURVE('',#2177,#2175,#185,.T.);
#1811=EDGE_CURVE('',#2088,#2177,#2605,.F.);
#1812=EDGE_CURVE('',#2086,#2176,#2606,.T.);
#1813=EDGE_CURVE('',#2175,#2087,#2607,.T.);
#1814=EDGE_CURVE('',#2178,#2179,#2608,.T.);
#1815=EDGE_CURVE('',#2178,#2180,#186,.F.);
#1816=EDGE_CURVE('',#1893,#2180,#2609,.T.);
#1817=EDGE_CURVE('',#2134,#2179,#187,.F.);
#1818=EDGE_CURVE('',#2180,#1907,#2610,.T.);
#1819=EDGE_CURVE('',#1908,#2178,#2611,.F.);
#1820=EDGE_CURVE('',#2179,#1909,#2612,.T.);
#1821=EDGE_CURVE('',#2181,#2182,#2613,.T.);
#1822=EDGE_CURVE('',#2182,#2151,#188,.T.);
#1823=EDGE_CURVE('',#1896,#2183,#2614,.T.);
#1824=EDGE_CURVE('',#2183,#2181,#189,.T.);
#1825=EDGE_CURVE('',#1902,#2183,#2615,.F.);
#1826=EDGE_CURVE('',#1900,#2182,#2616,.T.);
#1827=EDGE_CURVE('',#2181,#1901,#2617,.T.);
#1828=VERTEX_POINT('',#6560);
#1829=VERTEX_POINT('',#6561);
#1830=VERTEX_POINT('',#6563);
#1831=VERTEX_POINT('',#6565);
#1832=VERTEX_POINT('',#6569);
#1833=VERTEX_POINT('',#6570);
#1834=VERTEX_POINT('',#6572);
#1835=VERTEX_POINT('',#6574);
#1836=VERTEX_POINT('',#6578);
#1837=VERTEX_POINT('',#6579);
#1838=VERTEX_POINT('',#6581);
#1839=VERTEX_POINT('',#6583);
#1840=VERTEX_POINT('',#6587);
#1841=VERTEX_POINT('',#6588);
#1842=VERTEX_POINT('',#6590);
#1843=VERTEX_POINT('',#6592);
#1844=VERTEX_POINT('',#6596);
#1845=VERTEX_POINT('',#6597);
#1846=VERTEX_POINT('',#6599);
#1847=VERTEX_POINT('',#6601);
#1848=VERTEX_POINT('',#6605);
#1849=VERTEX_POINT('',#6606);
#1850=VERTEX_POINT('',#6608);
#1851=VERTEX_POINT('',#6610);
#1852=VERTEX_POINT('',#6614);
#1853=VERTEX_POINT('',#6615);
#1854=VERTEX_POINT('',#6617);
#1855=VERTEX_POINT('',#6619);
#1856=VERTEX_POINT('',#6627);
#1857=VERTEX_POINT('',#6628);
#1858=VERTEX_POINT('',#6630);
#1859=VERTEX_POINT('',#6632);
#1860=VERTEX_POINT('',#6636);
#1861=VERTEX_POINT('',#6639);
#1862=VERTEX_POINT('',#6643);
#1863=VERTEX_POINT('',#6644);
#1864=VERTEX_POINT('',#6649);
#1865=VERTEX_POINT('',#6650);
#1866=VERTEX_POINT('',#6652);
#1867=VERTEX_POINT('',#6654);
#1868=VERTEX_POINT('',#6658);
#1869=VERTEX_POINT('',#6659);
#1870=VERTEX_POINT('',#6661);
#1871=VERTEX_POINT('',#6663);
#1872=VERTEX_POINT('',#6667);
#1873=VERTEX_POINT('',#6668);
#1874=VERTEX_POINT('',#6670);
#1875=VERTEX_POINT('',#6672);
#1876=VERTEX_POINT('',#6688);
#1877=VERTEX_POINT('',#6689);
#1878=VERTEX_POINT('',#6691);
#1879=VERTEX_POINT('',#6693);
#1880=VERTEX_POINT('',#6695);
#1881=VERTEX_POINT('',#6697);
#1882=VERTEX_POINT('',#6699);
#1883=VERTEX_POINT('',#6701);
#1884=VERTEX_POINT('',#6703);
#1885=VERTEX_POINT('',#6705);
#1886=VERTEX_POINT('',#6707);
#1887=VERTEX_POINT('',#6709);
#1888=VERTEX_POINT('',#6713);
#1889=VERTEX_POINT('',#6714);
#1890=VERTEX_POINT('',#6716);
#1891=VERTEX_POINT('',#6718);
#1892=VERTEX_POINT('',#6722);
#1893=VERTEX_POINT('',#6723);
#1894=VERTEX_POINT('',#6725);
#1895=VERTEX_POINT('',#6727);
#1896=VERTEX_POINT('',#6731);
#1897=VERTEX_POINT('',#6733);
#1898=VERTEX_POINT('',#6737);
#1899=VERTEX_POINT('',#6738);
#1900=VERTEX_POINT('',#6740);
#1901=VERTEX_POINT('',#6742);
#1902=VERTEX_POINT('',#6744);
#1903=VERTEX_POINT('',#6747);
#1904=VERTEX_POINT('',#6749);
#1905=VERTEX_POINT('',#6751);
#1906=VERTEX_POINT('',#6753);
#1907=VERTEX_POINT('',#6755);
#1908=VERTEX_POINT('',#6757);
#1909=VERTEX_POINT('',#6759);
#1910=VERTEX_POINT('',#6761);
#1911=VERTEX_POINT('',#6763);
#1912=VERTEX_POINT('',#6768);
#1913=VERTEX_POINT('',#6770);
#1914=VERTEX_POINT('',#6772);
#1915=VERTEX_POINT('',#6774);
#1916=VERTEX_POINT('',#6776);
#1917=VERTEX_POINT('',#6778);
#1918=VERTEX_POINT('',#6780);
#1919=VERTEX_POINT('',#6782);
#1920=VERTEX_POINT('',#6786);
#1921=VERTEX_POINT('',#6787);
#1922=VERTEX_POINT('',#6789);
#1923=VERTEX_POINT('',#6791);
#1924=VERTEX_POINT('',#6795);
#1925=VERTEX_POINT('',#6797);
#1926=VERTEX_POINT('',#6801);
#1927=VERTEX_POINT('',#6802);
#1928=VERTEX_POINT('',#6804);
#1929=VERTEX_POINT('',#6806);
#1930=VERTEX_POINT('',#6810);
#1931=VERTEX_POINT('',#6812);
#1932=VERTEX_POINT('',#6816);
#1933=VERTEX_POINT('',#6817);
#1934=VERTEX_POINT('',#6819);
#1935=VERTEX_POINT('',#6821);
#1936=VERTEX_POINT('',#6825);
#1937=VERTEX_POINT('',#6826);
#1938=VERTEX_POINT('',#6828);
#1939=VERTEX_POINT('',#6830);
#1940=VERTEX_POINT('',#6834);
#1941=VERTEX_POINT('',#6836);
#1942=VERTEX_POINT('',#6840);
#1943=VERTEX_POINT('',#6844);
#1944=VERTEX_POINT('',#6846);
#1945=VERTEX_POINT('',#6850);
#1946=VERTEX_POINT('',#6854);
#1947=VERTEX_POINT('',#6855);
#1948=VERTEX_POINT('',#6857);
#1949=VERTEX_POINT('',#6859);
#1950=VERTEX_POINT('',#6863);
#1951=VERTEX_POINT('',#6864);
#1952=VERTEX_POINT('',#6866);
#1953=VERTEX_POINT('',#6868);
#1954=VERTEX_POINT('',#6872);
#1955=VERTEX_POINT('',#6874);
#1956=VERTEX_POINT('',#6880);
#1957=VERTEX_POINT('',#6882);
#1958=VERTEX_POINT('',#6886);
#1959=VERTEX_POINT('',#6888);
#1960=VERTEX_POINT('',#6892);
#1961=VERTEX_POINT('',#6894);
#1962=VERTEX_POINT('',#6898);
#1963=VERTEX_POINT('',#6902);
#1964=VERTEX_POINT('',#6906);
#1965=VERTEX_POINT('',#6908);
#1966=VERTEX_POINT('',#6912);
#1967=VERTEX_POINT('',#6916);
#1968=VERTEX_POINT('',#6920);
#1969=VERTEX_POINT('',#6926);
#1970=VERTEX_POINT('',#6930);
#1971=VERTEX_POINT('',#6932);
#1972=VERTEX_POINT('',#6936);
#1973=VERTEX_POINT('',#6940);
#1974=VERTEX_POINT('',#6944);
#1975=VERTEX_POINT('',#6946);
#1976=VERTEX_POINT('',#6950);
#1977=VERTEX_POINT('',#6954);
#1978=VERTEX_POINT('',#6962);
#1979=VERTEX_POINT('',#6963);
#1980=VERTEX_POINT('',#6965);
#1981=VERTEX_POINT('',#6967);
#1982=VERTEX_POINT('',#6971);
#1983=VERTEX_POINT('',#6973);
#1984=VERTEX_POINT('',#6977);
#1985=VERTEX_POINT('',#6979);
#1986=VERTEX_POINT('',#6983);
#1987=VERTEX_POINT('',#6985);
#1988=VERTEX_POINT('',#6989);
#1989=VERTEX_POINT('',#6990);
#1990=VERTEX_POINT('',#6992);
#1991=VERTEX_POINT('',#6994);
#1992=VERTEX_POINT('',#7001);
#1993=VERTEX_POINT('',#7003);
#1994=VERTEX_POINT('',#7007);
#1995=VERTEX_POINT('',#7009);
#1996=VERTEX_POINT('',#7011);
#1997=VERTEX_POINT('',#7013);
#1998=VERTEX_POINT('',#7015);
#1999=VERTEX_POINT('',#7017);
#2000=VERTEX_POINT('',#7019);
#2001=VERTEX_POINT('',#7021);
#2002=VERTEX_POINT('',#7023);
#2003=VERTEX_POINT('',#7025);
#2004=VERTEX_POINT('',#7027);
#2005=VERTEX_POINT('',#7029);
#2006=VERTEX_POINT('',#7031);
#2007=VERTEX_POINT('',#7033);
#2008=VERTEX_POINT('',#7035);
#2009=VERTEX_POINT('',#7037);
#2010=VERTEX_POINT('',#7039);
#2011=VERTEX_POINT('',#7041);
#2012=VERTEX_POINT('',#7043);
#2013=VERTEX_POINT('',#7045);
#2014=VERTEX_POINT('',#7047);
#2015=VERTEX_POINT('',#7049);
#2016=VERTEX_POINT('',#7051);
#2017=VERTEX_POINT('',#7053);
#2018=VERTEX_POINT('',#7055);
#2019=VERTEX_POINT('',#7057);
#2020=VERTEX_POINT('',#7061);
#2021=VERTEX_POINT('',#7062);
#2022=VERTEX_POINT('',#7067);
#2023=VERTEX_POINT('',#7068);
#2024=VERTEX_POINT('',#7070);
#2025=VERTEX_POINT('',#7072);
#2026=VERTEX_POINT('',#7076);
#2027=VERTEX_POINT('',#7078);
#2028=VERTEX_POINT('',#7082);
#2029=VERTEX_POINT('',#7084);
#2030=VERTEX_POINT('',#7091);
#2031=VERTEX_POINT('',#7092);
#2032=VERTEX_POINT('',#7094);
#2033=VERTEX_POINT('',#7096);
#2034=VERTEX_POINT('',#7103);
#2035=VERTEX_POINT('',#7104);
#2036=VERTEX_POINT('',#7109);
#2037=VERTEX_POINT('',#7113);
#2038=VERTEX_POINT('',#7117);
#2039=VERTEX_POINT('',#7121);
#2040=VERTEX_POINT('',#7125);
#2041=VERTEX_POINT('',#7129);
#2042=VERTEX_POINT('',#7133);
#2043=VERTEX_POINT('',#7137);
#2044=VERTEX_POINT('',#7141);
#2045=VERTEX_POINT('',#7145);
#2046=VERTEX_POINT('',#7149);
#2047=VERTEX_POINT('',#7153);
#2048=VERTEX_POINT('',#7157);
#2049=VERTEX_POINT('',#7161);
#2050=VERTEX_POINT('',#7165);
#2051=VERTEX_POINT('',#7169);
#2052=VERTEX_POINT('',#7173);
#2053=VERTEX_POINT('',#7177);
#2054=VERTEX_POINT('',#7181);
#2055=VERTEX_POINT('',#7185);
#2056=VERTEX_POINT('',#7189);
#2057=VERTEX_POINT('',#7193);
#2058=VERTEX_POINT('',#7197);
#2059=VERTEX_POINT('',#7201);
#2060=VERTEX_POINT('',#7205);
#2061=VERTEX_POINT('',#7209);
#2062=VERTEX_POINT('',#7213);
#2063=VERTEX_POINT('',#7217);
#2064=VERTEX_POINT('',#7221);
#2065=VERTEX_POINT('',#7225);
#2066=VERTEX_POINT('',#7231);
#2067=VERTEX_POINT('',#7232);
#2068=VERTEX_POINT('',#7234);
#2069=VERTEX_POINT('',#7236);
#2070=VERTEX_POINT('',#7238);
#2071=VERTEX_POINT('',#7240);
#2072=VERTEX_POINT('',#7242);
#2073=VERTEX_POINT('',#7244);
#2074=VERTEX_POINT('',#7248);
#2075=VERTEX_POINT('',#7250);
#2076=VERTEX_POINT('',#7254);
#2077=VERTEX_POINT('',#7258);
#2078=VERTEX_POINT('',#7262);
#2079=VERTEX_POINT('',#7266);
#2080=VERTEX_POINT('',#7282);
#2081=VERTEX_POINT('',#7283);
#2082=VERTEX_POINT('',#7285);
#2083=VERTEX_POINT('',#7287);
#2084=VERTEX_POINT('',#7289);
#2085=VERTEX_POINT('',#7291);
#2086=VERTEX_POINT('',#7293);
#2087=VERTEX_POINT('',#7295);
#2088=VERTEX_POINT('',#7297);
#2089=VERTEX_POINT('',#7301);
#2090=VERTEX_POINT('',#7315);
#2091=VERTEX_POINT('',#7316);
#2092=VERTEX_POINT('',#7321);
#2093=VERTEX_POINT('',#7325);
#2094=VERTEX_POINT('',#7331);
#2095=VERTEX_POINT('',#7335);
#2096=VERTEX_POINT('',#7354);
#2097=VERTEX_POINT('',#7357);
#2098=VERTEX_POINT('',#7359);
#2099=VERTEX_POINT('',#7361);
#2100=VERTEX_POINT('',#7363);
#2101=VERTEX_POINT('',#7365);
#2102=VERTEX_POINT('',#7367);
#2103=VERTEX_POINT('',#7369);
#2104=VERTEX_POINT('',#7371);
#2105=VERTEX_POINT('',#7373);
#2106=VERTEX_POINT('',#7375);
#2107=VERTEX_POINT('',#7377);
#2108=VERTEX_POINT('',#7379);
#2109=VERTEX_POINT('',#7381);
#2110=VERTEX_POINT('',#7383);
#2111=VERTEX_POINT('',#7385);
#2112=VERTEX_POINT('',#7387);
#2113=VERTEX_POINT('',#7391);
#2114=VERTEX_POINT('',#7392);
#2115=VERTEX_POINT('',#7394);
#2116=VERTEX_POINT('',#7396);
#2117=VERTEX_POINT('',#7400);
#2118=VERTEX_POINT('',#7402);
#2119=VERTEX_POINT('',#7407);
#2120=VERTEX_POINT('',#7408);
#2121=VERTEX_POINT('',#7413);
#2122=VERTEX_POINT('',#7417);
#2123=VERTEX_POINT('',#7421);
#2124=VERTEX_POINT('',#7425);
#2125=VERTEX_POINT('',#7431);
#2126=VERTEX_POINT('',#7435);
#2127=VERTEX_POINT('',#7439);
#2128=VERTEX_POINT('',#7443);
#2129=VERTEX_POINT('',#7447);
#2130=VERTEX_POINT('',#7451);
#2131=VERTEX_POINT('',#7455);
#2132=VERTEX_POINT('',#7456);
#2133=VERTEX_POINT('',#7462);
#2134=VERTEX_POINT('',#7469);
#2135=VERTEX_POINT('',#7472);
#2136=VERTEX_POINT('',#7474);
#2137=VERTEX_POINT('',#7476);
#2138=VERTEX_POINT('',#7478);
#2139=VERTEX_POINT('',#7480);
#2140=VERTEX_POINT('',#7482);
#2141=VERTEX_POINT('',#7484);
#2142=VERTEX_POINT('',#7486);
#2143=VERTEX_POINT('',#7488);
#2144=VERTEX_POINT('',#7490);
#2145=VERTEX_POINT('',#7492);
#2146=VERTEX_POINT('',#7494);
#2147=VERTEX_POINT('',#7496);
#2148=VERTEX_POINT('',#7498);
#2149=VERTEX_POINT('',#7500);
#2150=VERTEX_POINT('',#7502);
#2151=VERTEX_POINT('',#7506);
#2152=VERTEX_POINT('',#7509);
#2153=VERTEX_POINT('',#7511);
#2154=VERTEX_POINT('',#7513);
#2155=VERTEX_POINT('',#7515);
#2156=VERTEX_POINT('',#7517);
#2157=VERTEX_POINT('',#7519);
#2158=VERTEX_POINT('',#7521);
#2159=VERTEX_POINT('',#7523);
#2160=VERTEX_POINT('',#7525);
#2161=VERTEX_POINT('',#7527);
#2162=VERTEX_POINT('',#7529);
#2163=VERTEX_POINT('',#7531);
#2164=VERTEX_POINT('',#7533);
#2165=VERTEX_POINT('',#7535);
#2166=VERTEX_POINT('',#7537);
#2167=VERTEX_POINT('',#7539);
#2168=VERTEX_POINT('',#7543);
#2169=VERTEX_POINT('',#7544);
#2170=VERTEX_POINT('',#7546);
#2171=VERTEX_POINT('',#7548);
#2172=VERTEX_POINT('',#7584);
#2173=VERTEX_POINT('',#7585);
#2174=VERTEX_POINT('',#7587);
#2175=VERTEX_POINT('',#7597);
#2176=VERTEX_POINT('',#7598);
#2177=VERTEX_POINT('',#7601);
#2178=VERTEX_POINT('',#7610);
#2179=VERTEX_POINT('',#7611);
#2180=VERTEX_POINT('',#7613);
#2181=VERTEX_POINT('',#7623);
#2182=VERTEX_POINT('',#7624);
#2183=VERTEX_POINT('',#7627);
#2184=LINE('',#6559,#2618);
#2185=LINE('',#6562,#2619);
#2186=LINE('',#6564,#2620);
#2187=LINE('',#6566,#2621);
#2188=LINE('',#6568,#2622);
#2189=LINE('',#6571,#2623);
#2190=LINE('',#6573,#2624);
#2191=LINE('',#6575,#2625);
#2192=LINE('',#6577,#2626);
#2193=LINE('',#6580,#2627);
#2194=LINE('',#6582,#2628);
#2195=LINE('',#6584,#2629);
#2196=LINE('',#6586,#2630);
#2197=LINE('',#6589,#2631);
#2198=LINE('',#6591,#2632);
#2199=LINE('',#6593,#2633);
#2200=LINE('',#6595,#2634);
#2201=LINE('',#6598,#2635);
#2202=LINE('',#6600,#2636);
#2203=LINE('',#6602,#2637);
#2204=LINE('',#6604,#2638);
#2205=LINE('',#6607,#2639);
#2206=LINE('',#6609,#2640);
#2207=LINE('',#6611,#2641);
#2208=LINE('',#6613,#2642);
#2209=LINE('',#6616,#2643);
#2210=LINE('',#6618,#2644);
#2211=LINE('',#6620,#2645);
#2212=LINE('',#6622,#2646);
#2213=LINE('',#6623,#2647);
#2214=LINE('',#6624,#2648);
#2215=LINE('',#6626,#2649);
#2216=LINE('',#6629,#2650);
#2217=LINE('',#6631,#2651);
#2218=LINE('',#6633,#2652);
#2219=LINE('',#6635,#2653);
#2220=LINE('',#6637,#2654);
#2221=LINE('',#6638,#2655);
#2222=LINE('',#6640,#2656);
#2223=LINE('',#6642,#2657);
#2224=LINE('',#6645,#2658);
#2225=LINE('',#6646,#2659);
#2226=LINE('',#6648,#2660);
#2227=LINE('',#6651,#2661);
#2228=LINE('',#6653,#2662);
#2229=LINE('',#6655,#2663);
#2230=LINE('',#6657,#2664);
#2231=LINE('',#6660,#2665);
#2232=LINE('',#6662,#2666);
#2233=LINE('',#6664,#2667);
#2234=LINE('',#6666,#2668);
#2235=LINE('',#6669,#2669);
#2236=LINE('',#6671,#2670);
#2237=LINE('',#6673,#2671);
#2238=LINE('',#6675,#2672);
#2239=LINE('',#6676,#2673);
#2240=LINE('',#6677,#2674);
#2241=LINE('',#6679,#2675);
#2242=LINE('',#6680,#2676);
#2243=LINE('',#6681,#2677);
#2244=LINE('',#6683,#2678);
#2245=LINE('',#6684,#2679);
#2246=LINE('',#6685,#2680);
#2247=LINE('',#6687,#2681);
#2248=LINE('',#6690,#2682);
#2249=LINE('',#6694,#2683);
#2250=LINE('',#6698,#2684);
#2251=LINE('',#6700,#2685);
#2252=LINE('',#6702,#2686);
#2253=LINE('',#6706,#2687);
#2254=LINE('',#6710,#2688);
#2255=LINE('',#6712,#2689);
#2256=LINE('',#6715,#2690);
#2257=LINE('',#6717,#2691);
#2258=LINE('',#6719,#2692);
#2259=LINE('',#6721,#2693);
#2260=LINE('',#6724,#2694);
#2261=LINE('',#6726,#2695);
#2262=LINE('',#6728,#2696);
#2263=LINE('',#6730,#2697);
#2264=LINE('',#6732,#2698);
#2265=LINE('',#6734,#2699);
#2266=LINE('',#6736,#2700);
#2267=LINE('',#6741,#2701);
#2268=LINE('',#6745,#2702);
#2269=LINE('',#6746,#2703);
#2270=LINE('',#6748,#2704);
#2271=LINE('',#6750,#2705);
#2272=LINE('',#6752,#2706);
#2273=LINE('',#6754,#2707);
#2274=LINE('',#6758,#2708);
#2275=LINE('',#6762,#2709);
#2276=LINE('',#6764,#2710);
#2277=LINE('',#6766,#2711);
#2278=LINE('',#6769,#2712);
#2279=LINE('',#6773,#2713);
#2280=LINE('',#6775,#2714);
#2281=LINE('',#6777,#2715);
#2282=LINE('',#6781,#2716);
#2283=LINE('',#6785,#2717);
#2284=LINE('',#6788,#2718);
#2285=LINE('',#6790,#2719);
#2286=LINE('',#6792,#2720);
#2287=LINE('',#6794,#2721);
#2288=LINE('',#6796,#2722);
#2289=LINE('',#6798,#2723);
#2290=LINE('',#6800,#2724);
#2291=LINE('',#6803,#2725);
#2292=LINE('',#6805,#2726);
#2293=LINE('',#6807,#2727);
#2294=LINE('',#6809,#2728);
#2295=LINE('',#6811,#2729);
#2296=LINE('',#6813,#2730);
#2297=LINE('',#6815,#2731);
#2298=LINE('',#6818,#2732);
#2299=LINE('',#6820,#2733);
#2300=LINE('',#6822,#2734);
#2301=LINE('',#6824,#2735);
#2302=LINE('',#6827,#2736);
#2303=LINE('',#6829,#2737);
#2304=LINE('',#6831,#2738);
#2305=LINE('',#6833,#2739);
#2306=LINE('',#6835,#2740);
#2307=LINE('',#6837,#2741);
#2308=LINE('',#6839,#2742);
#2309=LINE('',#6841,#2743);
#2310=LINE('',#6843,#2744);
#2311=LINE('',#6845,#2745);
#2312=LINE('',#6847,#2746);
#2313=LINE('',#6849,#2747);
#2314=LINE('',#6851,#2748);
#2315=LINE('',#6853,#2749);
#2316=LINE('',#6856,#2750);
#2317=LINE('',#6858,#2751);
#2318=LINE('',#6860,#2752);
#2319=LINE('',#6862,#2753);
#2320=LINE('',#6865,#2754);
#2321=LINE('',#6867,#2755);
#2322=LINE('',#6869,#2756);
#2323=LINE('',#6871,#2757);
#2324=LINE('',#6873,#2758);
#2325=LINE('',#6875,#2759);
#2326=LINE('',#6877,#2760);
#2327=LINE('',#6879,#2761);
#2328=LINE('',#6881,#2762);
#2329=LINE('',#6883,#2763);
#2330=LINE('',#6885,#2764);
#2331=LINE('',#6887,#2765);
#2332=LINE('',#6889,#2766);
#2333=LINE('',#6891,#2767);
#2334=LINE('',#6893,#2768);
#2335=LINE('',#6895,#2769);
#2336=LINE('',#6897,#2770);
#2337=LINE('',#6899,#2771);
#2338=LINE('',#6901,#2772);
#2339=LINE('',#6903,#2773);
#2340=LINE('',#6905,#2774);
#2341=LINE('',#6907,#2775);
#2342=LINE('',#6909,#2776);
#2343=LINE('',#6911,#2777);
#2344=LINE('',#6913,#2778);
#2345=LINE('',#6915,#2779);
#2346=LINE('',#6917,#2780);
#2347=LINE('',#6919,#2781);
#2348=LINE('',#6921,#2782);
#2349=LINE('',#6922,#2783);
#2350=LINE('',#6923,#2784);
#2351=LINE('',#6925,#2785);
#2352=LINE('',#6927,#2786);
#2353=LINE('',#6929,#2787);
#2354=LINE('',#6931,#2788);
#2355=LINE('',#6933,#2789);
#2356=LINE('',#6935,#2790);
#2357=LINE('',#6937,#2791);
#2358=LINE('',#6939,#2792);
#2359=LINE('',#6941,#2793);
#2360=LINE('',#6943,#2794);
#2361=LINE('',#6945,#2795);
#2362=LINE('',#6947,#2796);
#2363=LINE('',#6949,#2797);
#2364=LINE('',#6951,#2798);
#2365=LINE('',#6953,#2799);
#2366=LINE('',#6955,#2800);
#2367=LINE('',#6957,#2801);
#2368=LINE('',#6958,#2802);
#2369=LINE('',#6959,#2803);
#2370=LINE('',#6961,#2804);
#2371=LINE('',#6964,#2805);
#2372=LINE('',#6966,#2806);
#2373=LINE('',#6968,#2807);
#2374=LINE('',#6970,#2808);
#2375=LINE('',#6972,#2809);
#2376=LINE('',#6974,#2810);
#2377=LINE('',#6978,#2811);
#2378=LINE('',#6982,#2812);
#2379=LINE('',#6984,#2813);
#2380=LINE('',#6986,#2814);
#2381=LINE('',#6991,#2815);
#2382=LINE('',#6995,#2816);
#2383=LINE('',#6997,#2817);
#2384=LINE('',#6998,#2818);
#2385=LINE('',#7000,#2819);
#2386=LINE('',#7002,#2820);
#2387=LINE('',#7004,#2821);
#2388=LINE('',#7006,#2822);
#2389=LINE('',#7008,#2823);
#2390=LINE('',#7014,#2824);
#2391=LINE('',#7016,#2825);
#2392=LINE('',#7020,#2826);
#2393=LINE('',#7024,#2827);
#2394=LINE('',#7026,#2828);
#2395=LINE('',#7032,#2829);
#2396=LINE('',#7034,#2830);
#2397=LINE('',#7036,#2831);
#2398=LINE('',#7042,#2832);
#2399=LINE('',#7044,#2833);
#2400=LINE('',#7046,#2834);
#2401=LINE('',#7048,#2835);
#2402=LINE('',#7050,#2836);
#2403=LINE('',#7052,#2837);
#2404=LINE('',#7054,#2838);
#2405=LINE('',#7060,#2839);
#2406=LINE('',#7063,#2840);
#2407=LINE('',#7064,#2841);
#2408=LINE('',#7066,#2842);
#2409=LINE('',#7069,#2843);
#2410=LINE('',#7071,#2844);
#2411=LINE('',#7073,#2845);
#2412=LINE('',#7075,#2846);
#2413=LINE('',#7077,#2847);
#2414=LINE('',#7079,#2848);
#2415=LINE('',#7085,#2849);
#2416=LINE('',#7087,#2850);
#2417=LINE('',#7088,#2851);
#2418=LINE('',#7093,#2852);
#2419=LINE('',#7097,#2853);
#2420=LINE('',#7099,#2854);
#2421=LINE('',#7100,#2855);
#2422=LINE('',#7102,#2856);
#2423=LINE('',#7105,#2857);
#2424=LINE('',#7106,#2858);
#2425=LINE('',#7110,#2859);
#2426=LINE('',#7114,#2860);
#2427=LINE('',#7116,#2861);
#2428=LINE('',#7118,#2862);
#2429=LINE('',#7120,#2863);
#2430=LINE('',#7122,#2864);
#2431=LINE('',#7124,#2865);
#2432=LINE('',#7126,#2866);
#2433=LINE('',#7128,#2867);
#2434=LINE('',#7130,#2868);
#2435=LINE('',#7132,#2869);
#2436=LINE('',#7134,#2870);
#2437=LINE('',#7136,#2871);
#2438=LINE('',#7138,#2872);
#2439=LINE('',#7140,#2873);
#2440=LINE('',#7142,#2874);
#2441=LINE('',#7146,#2875);
#2442=LINE('',#7150,#2876);
#2443=LINE('',#7152,#2877);
#2444=LINE('',#7154,#2878);
#2445=LINE('',#7156,#2879);
#2446=LINE('',#7158,#2880);
#2447=LINE('',#7160,#2881);
#2448=LINE('',#7162,#2882);
#2449=LINE('',#7164,#2883);
#2450=LINE('',#7166,#2884);
#2451=LINE('',#7168,#2885);
#2452=LINE('',#7170,#2886);
#2453=LINE('',#7174,#2887);
#2454=LINE('',#7178,#2888);
#2455=LINE('',#7180,#2889);
#2456=LINE('',#7182,#2890);
#2457=LINE('',#7184,#2891);
#2458=LINE('',#7186,#2892);
#2459=LINE('',#7190,#2893);
#2460=LINE('',#7192,#2894);
#2461=LINE('',#7194,#2895);
#2462=LINE('',#7198,#2896);
#2463=LINE('',#7200,#2897);
#2464=LINE('',#7202,#2898);
#2465=LINE('',#7204,#2899);
#2466=LINE('',#7206,#2900);
#2467=LINE('',#7210,#2901);
#2468=LINE('',#7214,#2902);
#2469=LINE('',#7216,#2903);
#2470=LINE('',#7218,#2904);
#2471=LINE('',#7220,#2905);
#2472=LINE('',#7222,#2906);
#2473=LINE('',#7224,#2907);
#2474=LINE('',#7226,#2908);
#2475=LINE('',#7228,#2909);
#2476=LINE('',#7230,#2910);
#2477=LINE('',#7235,#2911);
#2478=LINE('',#7239,#2912);
#2479=LINE('',#7243,#2913);
#2480=LINE('',#7251,#2914);
#2481=LINE('',#7259,#2915);
#2482=LINE('',#7265,#2916);
#2483=LINE('',#7276,#2917);
#2484=LINE('',#7277,#2918);
#2485=LINE('',#7279,#2919);
#2486=LINE('',#7281,#2920);
#2487=LINE('',#7286,#2921);
#2488=LINE('',#7288,#2922);
#2489=LINE('',#7290,#2923);
#2490=LINE('',#7294,#2924);
#2491=LINE('',#7298,#2925);
#2492=LINE('',#7299,#2926);
#2493=LINE('',#7300,#2927);
#2494=LINE('',#7304,#2928);
#2495=LINE('',#7306,#2929);
#2496=LINE('',#7310,#2930);
#2497=LINE('',#7311,#2931);
#2498=LINE('',#7312,#2932);
#2499=LINE('',#7314,#2933);
#2500=LINE('',#7317,#2934);
#2501=LINE('',#7318,#2935);
#2502=LINE('',#7322,#2936);
#2503=LINE('',#7324,#2937);
#2504=LINE('',#7326,#2938);
#2505=LINE('',#7332,#2939);
#2506=LINE('',#7334,#2940);
#2507=LINE('',#7336,#2941);
#2508=LINE('',#7340,#2942);
#2509=LINE('',#7341,#2943);
#2510=LINE('',#7342,#2944);
#2511=LINE('',#7343,#2945);
#2512=LINE('',#7344,#2946);
#2513=LINE('',#7345,#2947);
#2514=LINE('',#7347,#2948);
#2515=LINE('',#7348,#2949);
#2516=LINE('',#7350,#2950);
#2517=LINE('',#7351,#2951);
#2518=LINE('',#7353,#2952);
#2519=LINE('',#7355,#2953);
#2520=LINE('',#7358,#2954);
#2521=LINE('',#7362,#2955);
#2522=LINE('',#7366,#2956);
#2523=LINE('',#7370,#2957);
#2524=LINE('',#7372,#2958);
#2525=LINE('',#7374,#2959);
#2526=LINE('',#7378,#2960);
#2527=LINE('',#7382,#2961);
#2528=LINE('',#7386,#2962);
#2529=LINE('',#7390,#2963);
#2530=LINE('',#7393,#2964);
#2531=LINE('',#7395,#2965);
#2532=LINE('',#7397,#2966);
#2533=LINE('',#7399,#2967);
#2534=LINE('',#7401,#2968);
#2535=LINE('',#7406,#2969);
#2536=LINE('',#7409,#2970);
#2537=LINE('',#7410,#2971);
#2538=LINE('',#7414,#2972);
#2539=LINE('',#7416,#2973);
#2540=LINE('',#7418,#2974);
#2541=LINE('',#7422,#2975);
#2542=LINE('',#7424,#2976);
#2543=LINE('',#7426,#2977);
#2544=LINE('',#7432,#2978);
#2545=LINE('',#7434,#2979);
#2546=LINE('',#7436,#2980);
#2547=LINE('',#7440,#2981);
#2548=LINE('',#7442,#2982);
#2549=LINE('',#7444,#2983);
#2550=LINE('',#7448,#2984);
#2551=LINE('',#7450,#2985);
#2552=LINE('',#7452,#2986);
#2553=LINE('',#7454,#2987);
#2554=LINE('',#7457,#2988);
#2555=LINE('',#7461,#2989);
#2556=LINE('',#7463,#2990);
#2557=LINE('',#7465,#2991);
#2558=LINE('',#7468,#2992);
#2559=LINE('',#7470,#2993);
#2560=LINE('',#7473,#2994);
#2561=LINE('',#7477,#2995);
#2562=LINE('',#7481,#2996);
#2563=LINE('',#7485,#2997);
#2564=LINE('',#7487,#2998);
#2565=LINE('',#7489,#2999);
#2566=LINE('',#7493,#3000);
#2567=LINE('',#7497,#3001);
#2568=LINE('',#7501,#3002);
#2569=LINE('',#7505,#3003);
#2570=LINE('',#7507,#3004);
#2571=LINE('',#7510,#3005);
#2572=LINE('',#7514,#3006);
#2573=LINE('',#7518,#3007);
#2574=LINE('',#7522,#3008);
#2575=LINE('',#7524,#3009);
#2576=LINE('',#7526,#3010);
#2577=LINE('',#7530,#3011);
#2578=LINE('',#7534,#3012);
#2579=LINE('',#7538,#3013);
#2580=LINE('',#7542,#3014);
#2581=LINE('',#7545,#3015);
#2582=LINE('',#7547,#3016);
#2583=LINE('',#7549,#3017);
#2584=LINE('',#7551,#3018);
#2585=LINE('',#7555,#3019);
#2586=LINE('',#7556,#3020);
#2587=LINE('',#7558,#3021);
#2588=LINE('',#7560,#3022);
#2589=LINE('',#7562,#3023);
#2590=LINE('',#7564,#3024);
#2591=LINE('',#7567,#3025);
#2592=LINE('',#7569,#3026);
#2593=LINE('',#7571,#3027);
#2594=LINE('',#7573,#3028);
#2595=LINE('',#7575,#3029);
#2596=LINE('',#7577,#3030);
#2597=LINE('',#7579,#3031);
#2598=LINE('',#7583,#3032);
#2599=LINE('',#7588,#3033);
#2600=LINE('',#7591,#3034);
#2601=LINE('',#7592,#3035);
#2602=LINE('',#7594,#3036);
#2603=LINE('',#7596,#3037);
#2604=LINE('',#7600,#3038);
#2605=LINE('',#7604,#3039);
#2606=LINE('',#7606,#3040);
#2607=LINE('',#7607,#3041);
#2608=LINE('',#7609,#3042);
#2609=LINE('',#7614,#3043);
#2610=LINE('',#7617,#3044);
#2611=LINE('',#7619,#3045);
#2612=LINE('',#7620,#3046);
#2613=LINE('',#7622,#3047);
#2614=LINE('',#7626,#3048);
#2615=LINE('',#7630,#3049);
#2616=LINE('',#7632,#3050);
#2617=LINE('',#7633,#3051);
#2618=VECTOR('',#5505,1000.);
#2619=VECTOR('',#5506,1000.);
#2620=VECTOR('',#5507,1000.);
#2621=VECTOR('',#5508,1000.);
#2622=VECTOR('',#5511,1000.);
#2623=VECTOR('',#5512,1000.);
#2624=VECTOR('',#5513,1000.);
#2625=VECTOR('',#5514,1000.);
#2626=VECTOR('',#5517,1000.);
#2627=VECTOR('',#5518,1000.);
#2628=VECTOR('',#5519,1000.);
#2629=VECTOR('',#5520,1000.);
#2630=VECTOR('',#5523,1000.);
#2631=VECTOR('',#5524,1000.);
#2632=VECTOR('',#5525,1000.);
#2633=VECTOR('',#5526,1000.);
#2634=VECTOR('',#5529,1000.);
#2635=VECTOR('',#5530,1000.);
#2636=VECTOR('',#5531,1000.);
#2637=VECTOR('',#5532,1000.);
#2638=VECTOR('',#5535,1000.);
#2639=VECTOR('',#5536,1000.);
#2640=VECTOR('',#5537,1000.);
#2641=VECTOR('',#5538,1000.);
#2642=VECTOR('',#5541,1000.);
#2643=VECTOR('',#5542,1000.);
#2644=VECTOR('',#5543,1000.);
#2645=VECTOR('',#5544,1000.);
#2646=VECTOR('',#5547,1000.);
#2647=VECTOR('',#5548,1000.);
#2648=VECTOR('',#5549,1000.);
#2649=VECTOR('',#5552,1000.);
#2650=VECTOR('',#5553,1000.);
#2651=VECTOR('',#5554,1000.);
#2652=VECTOR('',#5555,1000.);
#2653=VECTOR('',#5558,1000.);
#2654=VECTOR('',#5559,1000.);
#2655=VECTOR('',#5560,1000.);
#2656=VECTOR('',#5561,1000.);
#2657=VECTOR('',#5564,1000.);
#2658=VECTOR('',#5565,1000.);
#2659=VECTOR('',#5566,1000.);
#2660=VECTOR('',#5569,1000.);
#2661=VECTOR('',#5570,1000.);
#2662=VECTOR('',#5571,1000.);
#2663=VECTOR('',#5572,1000.);
#2664=VECTOR('',#5575,1000.);
#2665=VECTOR('',#5576,1000.);
#2666=VECTOR('',#5577,1000.);
#2667=VECTOR('',#5578,1000.);
#2668=VECTOR('',#5581,1000.);
#2669=VECTOR('',#5582,1000.);
#2670=VECTOR('',#5583,1000.);
#2671=VECTOR('',#5584,1000.);
#2672=VECTOR('',#5587,1000.);
#2673=VECTOR('',#5588,1000.);
#2674=VECTOR('',#5589,1000.);
#2675=VECTOR('',#5592,1000.);
#2676=VECTOR('',#5593,1000.);
#2677=VECTOR('',#5594,1000.);
#2678=VECTOR('',#5597,1000.);
#2679=VECTOR('',#5598,1000.);
#2680=VECTOR('',#5599,1000.);
#2681=VECTOR('',#5602,1000.);
#2682=VECTOR('',#5603,1000.);
#2683=VECTOR('',#5606,1000.);
#2684=VECTOR('',#5609,1000.);
#2685=VECTOR('',#5610,1000.);
#2686=VECTOR('',#5611,1000.);
#2687=VECTOR('',#5614,1000.);
#2688=VECTOR('',#5617,1000.);
#2689=VECTOR('',#5620,1000.);
#2690=VECTOR('',#5621,1000.);
#2691=VECTOR('',#5622,1000.);
#2692=VECTOR('',#5623,1000.);
#2693=VECTOR('',#5626,1000.);
#2694=VECTOR('',#5627,1000.);
#2695=VECTOR('',#5628,1000.);
#2696=VECTOR('',#5629,1000.);
#2697=VECTOR('',#5632,1000.);
#2698=VECTOR('',#5633,1000.);
#2699=VECTOR('',#5634,1000.);
#2700=VECTOR('',#5637,1000.);
#2701=VECTOR('',#5640,1000.);
#2702=VECTOR('',#5643,1000.);
#2703=VECTOR('',#5644,1000.);
#2704=VECTOR('',#5645,1000.);
#2705=VECTOR('',#5646,1000.);
#2706=VECTOR('',#5647,1000.);
#2707=VECTOR('',#5648,1000.);
#2708=VECTOR('',#5651,1000.);
#2709=VECTOR('',#5654,1000.);
#2710=VECTOR('',#5655,1000.);
#2711=VECTOR('',#5658,1000.);
#2712=VECTOR('',#5661,1000.);
#2713=VECTOR('',#5664,1000.);
#2714=VECTOR('',#5665,1000.);
#2715=VECTOR('',#5666,1000.);
#2716=VECTOR('',#5669,1000.);
#2717=VECTOR('',#5674,1000.);
#2718=VECTOR('',#5675,1000.);
#2719=VECTOR('',#5676,1000.);
#2720=VECTOR('',#5677,1000.);
#2721=VECTOR('',#5680,1000.);
#2722=VECTOR('',#5681,1000.);
#2723=VECTOR('',#5682,1000.);
#2724=VECTOR('',#5685,1000.);
#2725=VECTOR('',#5686,1000.);
#2726=VECTOR('',#5687,1000.);
#2727=VECTOR('',#5688,1000.);
#2728=VECTOR('',#5691,1000.);
#2729=VECTOR('',#5692,1000.);
#2730=VECTOR('',#5693,1000.);
#2731=VECTOR('',#5696,1000.);
#2732=VECTOR('',#5697,1000.);
#2733=VECTOR('',#5698,1000.);
#2734=VECTOR('',#5699,1000.);
#2735=VECTOR('',#5702,1000.);
#2736=VECTOR('',#5703,1000.);
#2737=VECTOR('',#5704,1000.);
#2738=VECTOR('',#5705,1000.);
#2739=VECTOR('',#5708,1000.);
#2740=VECTOR('',#5709,1000.);
#2741=VECTOR('',#5710,1000.);
#2742=VECTOR('',#5713,1000.);
#2743=VECTOR('',#5714,1000.);
#2744=VECTOR('',#5717,1000.);
#2745=VECTOR('',#5718,1000.);
#2746=VECTOR('',#5719,1000.);
#2747=VECTOR('',#5722,1000.);
#2748=VECTOR('',#5723,1000.);
#2749=VECTOR('',#5726,1000.);
#2750=VECTOR('',#5727,1000.);
#2751=VECTOR('',#5728,1000.);
#2752=VECTOR('',#5729,1000.);
#2753=VECTOR('',#5732,1000.);
#2754=VECTOR('',#5733,1000.);
#2755=VECTOR('',#5734,1000.);
#2756=VECTOR('',#5735,1000.);
#2757=VECTOR('',#5738,1000.);
#2758=VECTOR('',#5739,1000.);
#2759=VECTOR('',#5740,1000.);
#2760=VECTOR('',#5743,1000.);
#2761=VECTOR('',#5746,1000.);
#2762=VECTOR('',#5747,1000.);
#2763=VECTOR('',#5748,1000.);
#2764=VECTOR('',#5751,1000.);
#2765=VECTOR('',#5752,1000.);
#2766=VECTOR('',#5753,1000.);
#2767=VECTOR('',#5756,1000.);
#2768=VECTOR('',#5757,1000.);
#2769=VECTOR('',#5758,1000.);
#2770=VECTOR('',#5761,1000.);
#2771=VECTOR('',#5762,1000.);
#2772=VECTOR('',#5765,1000.);
#2773=VECTOR('',#5766,1000.);
#2774=VECTOR('',#5769,1000.);
#2775=VECTOR('',#5770,1000.);
#2776=VECTOR('',#5771,1000.);
#2777=VECTOR('',#5774,1000.);
#2778=VECTOR('',#5775,1000.);
#2779=VECTOR('',#5778,1000.);
#2780=VECTOR('',#5779,1000.);
#2781=VECTOR('',#5782,1000.);
#2782=VECTOR('',#5783,1000.);
#2783=VECTOR('',#5784,1000.);
#2784=VECTOR('',#5785,1000.);
#2785=VECTOR('',#5788,1000.);
#2786=VECTOR('',#5789,1000.);
#2787=VECTOR('',#5792,1000.);
#2788=VECTOR('',#5793,1000.);
#2789=VECTOR('',#5794,1000.);
#2790=VECTOR('',#5797,1000.);
#2791=VECTOR('',#5798,1000.);
#2792=VECTOR('',#5801,1000.);
#2793=VECTOR('',#5802,1000.);
#2794=VECTOR('',#5805,1000.);
#2795=VECTOR('',#5806,1000.);
#2796=VECTOR('',#5807,1000.);
#2797=VECTOR('',#5810,1000.);
#2798=VECTOR('',#5811,1000.);
#2799=VECTOR('',#5814,1000.);
#2800=VECTOR('',#5815,1000.);
#2801=VECTOR('',#5818,1000.);
#2802=VECTOR('',#5819,1000.);
#2803=VECTOR('',#5820,1000.);
#2804=VECTOR('',#5823,1000.);
#2805=VECTOR('',#5824,1000.);
#2806=VECTOR('',#5825,1000.);
#2807=VECTOR('',#5826,1000.);
#2808=VECTOR('',#5829,1000.);
#2809=VECTOR('',#5830,1000.);
#2810=VECTOR('',#5831,1000.);
#2811=VECTOR('',#5836,1000.);
#2812=VECTOR('',#5841,1000.);
#2813=VECTOR('',#5842,1000.);
#2814=VECTOR('',#5843,1000.);
#2815=VECTOR('',#5848,1000.);
#2816=VECTOR('',#5851,1000.);
#2817=VECTOR('',#5854,1000.);
#2818=VECTOR('',#5855,1000.);
#2819=VECTOR('',#5858,1000.);
#2820=VECTOR('',#5859,1000.);
#2821=VECTOR('',#5860,1000.);
#2822=VECTOR('',#5863,1000.);
#2823=VECTOR('',#5864,1000.);
#2824=VECTOR('',#5869,1000.);
#2825=VECTOR('',#5870,1000.);
#2826=VECTOR('',#5873,1000.);
#2827=VECTOR('',#5876,1000.);
#2828=VECTOR('',#5877,1000.);
#2829=VECTOR('',#5882,1000.);
#2830=VECTOR('',#5883,1000.);
#2831=VECTOR('',#5884,1000.);
#2832=VECTOR('',#5889,1000.);
#2833=VECTOR('',#5890,1000.);
#2834=VECTOR('',#5891,1000.);
#2835=VECTOR('',#5892,1000.);
#2836=VECTOR('',#5893,1000.);
#2837=VECTOR('',#5894,1000.);
#2838=VECTOR('',#5895,1000.);
#2839=VECTOR('',#5902,1000.);
#2840=VECTOR('',#5903,1000.);
#2841=VECTOR('',#5904,1000.);
#2842=VECTOR('',#5907,1000.);
#2843=VECTOR('',#5908,1000.);
#2844=VECTOR('',#5909,1000.);
#2845=VECTOR('',#5910,1000.);
#2846=VECTOR('',#5913,1000.);
#2847=VECTOR('',#5914,1000.);
#2848=VECTOR('',#5915,1000.);
#2849=VECTOR('',#5922,1000.);
#2850=VECTOR('',#5925,1000.);
#2851=VECTOR('',#5926,1000.);
#2852=VECTOR('',#5931,1000.);
#2853=VECTOR('',#5934,1000.);
#2854=VECTOR('',#5937,1000.);
#2855=VECTOR('',#5938,1000.);
#2856=VECTOR('',#5941,1000.);
#2857=VECTOR('',#5942,1000.);
#2858=VECTOR('',#5943,1000.);
#2859=VECTOR('',#5948,1000.);
#2860=VECTOR('',#5953,1000.);
#2861=VECTOR('',#5956,1000.);
#2862=VECTOR('',#5957,1000.);
#2863=VECTOR('',#5960,1000.);
#2864=VECTOR('',#5961,1000.);
#2865=VECTOR('',#5964,1000.);
#2866=VECTOR('',#5965,1000.);
#2867=VECTOR('',#5968,1000.);
#2868=VECTOR('',#5969,1000.);
#2869=VECTOR('',#5972,1000.);
#2870=VECTOR('',#5973,1000.);
#2871=VECTOR('',#5976,1000.);
#2872=VECTOR('',#5977,1000.);
#2873=VECTOR('',#5980,1000.);
#2874=VECTOR('',#5981,1000.);
#2875=VECTOR('',#5986,1000.);
#2876=VECTOR('',#5991,1000.);
#2877=VECTOR('',#5994,1000.);
#2878=VECTOR('',#5995,1000.);
#2879=VECTOR('',#5998,1000.);
#2880=VECTOR('',#5999,1000.);
#2881=VECTOR('',#6002,1000.);
#2882=VECTOR('',#6003,1000.);
#2883=VECTOR('',#6006,1000.);
#2884=VECTOR('',#6007,1000.);
#2885=VECTOR('',#6010,1000.);
#2886=VECTOR('',#6011,1000.);
#2887=VECTOR('',#6016,1000.);
#2888=VECTOR('',#6021,1000.);
#2889=VECTOR('',#6024,1000.);
#2890=VECTOR('',#6025,1000.);
#2891=VECTOR('',#6028,1000.);
#2892=VECTOR('',#6029,1000.);
#2893=VECTOR('',#6034,1000.);
#2894=VECTOR('',#6037,1000.);
#2895=VECTOR('',#6038,1000.);
#2896=VECTOR('',#6043,1000.);
#2897=VECTOR('',#6046,1000.);
#2898=VECTOR('',#6047,1000.);
#2899=VECTOR('',#6050,1000.);
#2900=VECTOR('',#6051,1000.);
#2901=VECTOR('',#6056,1000.);
#2902=VECTOR('',#6061,1000.);
#2903=VECTOR('',#6064,1000.);
#2904=VECTOR('',#6065,1000.);
#2905=VECTOR('',#6068,1000.);
#2906=VECTOR('',#6069,1000.);
#2907=VECTOR('',#6072,1000.);
#2908=VECTOR('',#6073,1000.);
#2909=VECTOR('',#6076,1000.);
#2910=VECTOR('',#6079,1000.);
#2911=VECTOR('',#6082,1000.);
#2912=VECTOR('',#6085,1000.);
#2913=VECTOR('',#6088,1000.);
#2914=VECTOR('',#6097,1000.);
#2915=VECTOR('',#6108,1000.);
#2916=VECTOR('',#6117,1000.);
#2917=VECTOR('',#6136,1000.);
#2918=VECTOR('',#6137,1000.);
#2919=VECTOR('',#6140,1000.);
#2920=VECTOR('',#6143,1000.);
#2921=VECTOR('',#6146,1000.);
#2922=VECTOR('',#6147,1000.);
#2923=VECTOR('',#6148,1000.);
#2924=VECTOR('',#6151,1000.);
#2925=VECTOR('',#6154,1000.);
#2926=VECTOR('',#6155,1000.);
#2927=VECTOR('',#6156,1000.);
#2928=VECTOR('',#6161,1000.);
#2929=VECTOR('',#6164,1000.);
#2930=VECTOR('',#6171,1000.);
#2931=VECTOR('',#6172,1000.);
#2932=VECTOR('',#6173,1000.);
#2933=VECTOR('',#6176,1000.);
#2934=VECTOR('',#6177,1000.);
#2935=VECTOR('',#6178,1000.);
#2936=VECTOR('',#6183,1000.);
#2937=VECTOR('',#6186,1000.);
#2938=VECTOR('',#6187,1000.);
#2939=VECTOR('',#6196,1000.);
#2940=VECTOR('',#6199,1000.);
#2941=VECTOR('',#6200,1000.);
#2942=VECTOR('',#6207,1000.);
#2943=VECTOR('',#6208,1000.);
#2944=VECTOR('',#6209,1000.);
#2945=VECTOR('',#6210,1000.);
#2946=VECTOR('',#6211,1000.);
#2947=VECTOR('',#6212,1000.);
#2948=VECTOR('',#6215,1000.);
#2949=VECTOR('',#6216,1000.);
#2950=VECTOR('',#6219,1000.);
#2951=VECTOR('',#6220,1000.);
#2952=VECTOR('',#6223,1000.);
#2953=VECTOR('',#6224,1000.);
#2954=VECTOR('',#6227,1000.);
#2955=VECTOR('',#6230,1000.);
#2956=VECTOR('',#6233,1000.);
#2957=VECTOR('',#6236,1000.);
#2958=VECTOR('',#6237,1000.);
#2959=VECTOR('',#6238,1000.);
#2960=VECTOR('',#6241,1000.);
#2961=VECTOR('',#6244,1000.);
#2962=VECTOR('',#6247,1000.);
#2963=VECTOR('',#6252,1000.);
#2964=VECTOR('',#6253,1000.);
#2965=VECTOR('',#6254,1000.);
#2966=VECTOR('',#6255,1000.);
#2967=VECTOR('',#6258,1000.);
#2968=VECTOR('',#6259,1000.);
#2969=VECTOR('',#6266,1000.);
#2970=VECTOR('',#6267,1000.);
#2971=VECTOR('',#6268,1000.);
#2972=VECTOR('',#6273,1000.);
#2973=VECTOR('',#6276,1000.);
#2974=VECTOR('',#6277,1000.);
#2975=VECTOR('',#6282,1000.);
#2976=VECTOR('',#6285,1000.);
#2977=VECTOR('',#6286,1000.);
#2978=VECTOR('',#6295,1000.);
#2979=VECTOR('',#6298,1000.);
#2980=VECTOR('',#6299,1000.);
#2981=VECTOR('',#6304,1000.);
#2982=VECTOR('',#6307,1000.);
#2983=VECTOR('',#6308,1000.);
#2984=VECTOR('',#6313,1000.);
#2985=VECTOR('',#6316,1000.);
#2986=VECTOR('',#6317,1000.);
#2987=VECTOR('',#6320,1000.);
#2988=VECTOR('',#6321,1000.);
#2989=VECTOR('',#6328,1000.);
#2990=VECTOR('',#6329,1000.);
#2991=VECTOR('',#6332,1000.);
#2992=VECTOR('',#6337,1000.);
#2993=VECTOR('',#6338,1000.);
#2994=VECTOR('',#6341,1000.);
#2995=VECTOR('',#6344,1000.);
#2996=VECTOR('',#6347,1000.);
#2997=VECTOR('',#6350,1000.);
#2998=VECTOR('',#6351,1000.);
#2999=VECTOR('',#6352,1000.);
#3000=VECTOR('',#6355,1000.);
#3001=VECTOR('',#6358,1000.);
#3002=VECTOR('',#6361,1000.);
#3003=VECTOR('',#6366,1000.);
#3004=VECTOR('',#6367,1000.);
#3005=VECTOR('',#6370,1000.);
#3006=VECTOR('',#6373,1000.);
#3007=VECTOR('',#6376,1000.);
#3008=VECTOR('',#6379,1000.);
#3009=VECTOR('',#6380,1000.);
#3010=VECTOR('',#6381,1000.);
#3011=VECTOR('',#6384,1000.);
#3012=VECTOR('',#6387,1000.);
#3013=VECTOR('',#6390,1000.);
#3014=VECTOR('',#6395,1000.);
#3015=VECTOR('',#6396,1000.);
#3016=VECTOR('',#6397,1000.);
#3017=VECTOR('',#6398,1000.);
#3018=VECTOR('',#6401,1000.);
#3019=VECTOR('',#6408,1000.);
#3020=VECTOR('',#6409,1000.);
#3021=VECTOR('',#6412,1000.);
#3022=VECTOR('',#6415,1000.);
#3023=VECTOR('',#6418,1000.);
#3024=VECTOR('',#6421,1000.);
#3025=VECTOR('',#6426,1000.);
#3026=VECTOR('',#6429,1000.);
#3027=VECTOR('',#6432,1000.);
#3028=VECTOR('',#6435,1000.);
#3029=VECTOR('',#6438,1000.);
#3030=VECTOR('',#6441,1000.);
#3031=VECTOR('',#6444,1000.);
#3032=VECTOR('',#6451,1000.);
#3033=VECTOR('',#6454,1000.);
#3034=VECTOR('',#6459,1000.);
#3035=VECTOR('',#6460,1000.);
#3036=VECTOR('',#6463,1000.);
#3037=VECTOR('',#6466,1000.);
#3038=VECTOR('',#6469,1000.);
#3039=VECTOR('',#6474,1000.);
#3040=VECTOR('',#6477,1000.);
#3041=VECTOR('',#6478,1000.);
#3042=VECTOR('',#6481,1000.);
#3043=VECTOR('',#6484,1000.);
#3044=VECTOR('',#6489,1000.);
#3045=VECTOR('',#6492,1000.);
#3046=VECTOR('',#6493,1000.);
#3047=VECTOR('',#6496,1000.);
#3048=VECTOR('',#6499,1000.);
#3049=VECTOR('',#6504,1000.);
#3050=VECTOR('',#6507,1000.);
#3051=VECTOR('',#6508,1000.);
#3052=EDGE_LOOP('',(#190,#191,#192,#193));
#3053=EDGE_LOOP('',(#194,#195,#196,#197));
#3054=EDGE_LOOP('',(#198,#199,#200,#201));
#3055=EDGE_LOOP('',(#202,#203,#204,#205));
#3056=EDGE_LOOP('',(#206,#207,#208,#209));
#3057=EDGE_LOOP('',(#210,#211,#212,#213));
#3058=EDGE_LOOP('',(#214,#215,#216,#217));
#3059=EDGE_LOOP('',(#218,#219,#220,#221,#222,#223));
#3060=EDGE_LOOP('',(#224,#225,#226,#227));
#3061=EDGE_LOOP('',(#228,#229,#230,#231,#232,#233));
#3062=EDGE_LOOP('',(#234,#235,#236,#237));
#3063=EDGE_LOOP('',(#238,#239,#240,#241));
#3064=EDGE_LOOP('',(#242,#243,#244,#245));
#3065=EDGE_LOOP('',(#246,#247,#248,#249));
#3066=EDGE_LOOP('',(#250,#251,#252,#253,#254,#255));
#3067=EDGE_LOOP('',(#256,#257,#258,#259,#260,#261));
#3068=EDGE_LOOP('',(#262,#263,#264,#265,#266,#267));
#3069=EDGE_LOOP('',(#268,#269,#270,#271,#272,#273,#274,#275,#276,#277,#278,
#279));
#3070=EDGE_LOOP('',(#280,#281,#282,#283));
#3071=EDGE_LOOP('',(#284,#285,#286,#287));
#3072=EDGE_LOOP('',(#288,#289,#290,#291));
#3073=EDGE_LOOP('',(#292,#293,#294,#295,#296,#297,#298,#299,#300,#301,#302,
#303,#304,#305,#306,#307));
#3074=EDGE_LOOP('',(#308,#309,#310,#311,#312,#313,#314,#315,#316,#317,#318,
#319));
#3075=EDGE_LOOP('',(#320,#321,#322,#323));
#3076=EDGE_LOOP('',(#324,#325,#326,#327));
#3077=EDGE_LOOP('',(#328,#329,#330,#331));
#3078=EDGE_LOOP('',(#332,#333,#334,#335));
#3079=EDGE_LOOP('',(#336,#337,#338,#339));
#3080=EDGE_LOOP('',(#340,#341,#342,#343));
#3081=EDGE_LOOP('',(#344,#345,#346,#347));
#3082=EDGE_LOOP('',(#348,#349,#350,#351));
#3083=EDGE_LOOP('',(#352,#353,#354,#355));
#3084=EDGE_LOOP('',(#356,#357,#358,#359));
#3085=EDGE_LOOP('',(#360,#361,#362,#363));
#3086=EDGE_LOOP('',(#364,#365,#366,#367));
#3087=EDGE_LOOP('',(#368,#369,#370,#371));
#3088=EDGE_LOOP('',(#372,#373,#374,#375));
#3089=EDGE_LOOP('',(#376,#377,#378,#379));
#3090=EDGE_LOOP('',(#380,#381,#382,#383));
#3091=EDGE_LOOP('',(#384,#385,#386,#387,#388));
#3092=EDGE_LOOP('',(#389,#390,#391,#392));
#3093=EDGE_LOOP('',(#393,#394,#395,#396,#397));
#3094=EDGE_LOOP('',(#398,#399,#400,#401,#402));
#3095=EDGE_LOOP('',(#403,#404,#405,#406));
#3096=EDGE_LOOP('',(#407,#408,#409,#410,#411));
#3097=EDGE_LOOP('',(#412,#413,#414,#415,#416,#417,#418,#419,#420,#421,#422,
#423));
#3098=EDGE_LOOP('',(#424,#425,#426,#427));
#3099=EDGE_LOOP('',(#428,#429,#430,#431,#432));
#3100=EDGE_LOOP('',(#433,#434,#435,#436));
#3101=EDGE_LOOP('',(#437,#438,#439,#440,#441));
#3102=EDGE_LOOP('',(#442,#443,#444,#445,#446));
#3103=EDGE_LOOP('',(#447,#448,#449,#450));
#3104=EDGE_LOOP('',(#451,#452,#453,#454,#455));
#3105=EDGE_LOOP('',(#456,#457,#458,#459,#460,#461,#462,#463,#464,#465,#466,
#467));
#3106=EDGE_LOOP('',(#468,#469,#470,#471));
#3107=EDGE_LOOP('',(#472,#473,#474,#475));
#3108=EDGE_LOOP('',(#476,#477,#478,#479));
#3109=EDGE_LOOP('',(#480,#481,#482,#483));
#3110=EDGE_LOOP('',(#484,#485,#486,#487));
#3111=EDGE_LOOP('',(#488,#489,#490,#491));
#3112=EDGE_LOOP('',(#492,#493,#494,#495));
#3113=EDGE_LOOP('',(#496,#497,#498,#499,#500,#501,#502,#503,#504,#505,#506,
#507,#508,#509,#510,#511,#512,#513,#514,#515));
#3114=EDGE_LOOP('',(#516,#517,#518,#519,#520,#521,#522,#523,#524,#525,#526,
#527,#528,#529,#530,#531,#532,#533,#534,#535,#536,#537,#538,#539,#540,#541,
#542,#543));
#3115=EDGE_LOOP('',(#544,#545,#546,#547));
#3116=EDGE_LOOP('',(#548,#549,#550,#551));
#3117=EDGE_LOOP('',(#552,#553,#554,#555));
#3118=EDGE_LOOP('',(#556,#557,#558,#559));
#3119=EDGE_LOOP('',(#560,#561,#562,#563));
#3120=EDGE_LOOP('',(#564,#565,#566,#567));
#3121=EDGE_LOOP('',(#568,#569,#570,#571));
#3122=EDGE_LOOP('',(#572,#573,#574,#575,#576));
#3123=EDGE_LOOP('',(#577,#578,#579,#580));
#3124=EDGE_LOOP('',(#581,#582,#583,#584));
#3125=EDGE_LOOP('',(#585,#586,#587,#588));
#3126=EDGE_LOOP('',(#589,#590,#591,#592));
#3127=EDGE_LOOP('',(#593,#594,#595,#596));
#3128=EDGE_LOOP('',(#597,#598,#599,#600));
#3129=EDGE_LOOP('',(#601,#602,#603,#604));
#3130=EDGE_LOOP('',(#605,#606,#607,#608));
#3131=EDGE_LOOP('',(#609,#610,#611,#612));
#3132=EDGE_LOOP('',(#613,#614,#615,#616));
#3133=EDGE_LOOP('',(#617,#618,#619,#620));
#3134=EDGE_LOOP('',(#621,#622,#623,#624,#625));
#3135=EDGE_LOOP('',(#626,#627,#628,#629,#630,#631,#632,#633,#634));
#3136=EDGE_LOOP('',(#635,#636,#637,#638));
#3137=EDGE_LOOP('',(#639,#640,#641,#642,#643,#644,#645,#646,#647));
#3138=EDGE_LOOP('',(#648,#649,#650,#651,#652));
#3139=EDGE_LOOP('',(#653,#654,#655,#656));
#3140=EDGE_LOOP('',(#657,#658,#659,#660));
#3141=EDGE_LOOP('',(#661,#662,#663,#664));
#3142=EDGE_LOOP('',(#665,#666,#667,#668));
#3143=EDGE_LOOP('',(#669,#670,#671,#672));
#3144=EDGE_LOOP('',(#673,#674,#675,#676));
#3145=EDGE_LOOP('',(#677,#678,#679,#680));
#3146=EDGE_LOOP('',(#681,#682,#683,#684));
#3147=EDGE_LOOP('',(#685,#686,#687,#688));
#3148=EDGE_LOOP('',(#689,#690,#691,#692));
#3149=EDGE_LOOP('',(#693,#694,#695,#696));
#3150=EDGE_LOOP('',(#697,#698,#699,#700,#701));
#3151=EDGE_LOOP('',(#702,#703,#704,#705,#706,#707,#708,#709,#710));
#3152=EDGE_LOOP('',(#711,#712,#713,#714));
#3153=EDGE_LOOP('',(#715,#716,#717,#718,#719,#720,#721,#722,#723));
#3154=EDGE_LOOP('',(#724,#725,#726,#727,#728,#729,#730,#731));
#3155=EDGE_LOOP('',(#732,#733,#734,#735,#736,#737,#738,#739,#740,#741,#742,
#743,#744,#745,#746,#747,#748,#749,#750,#751,#752,#753,#754,#755,#756,#757,
#758,#759,#760,#761,#762,#763));
#3156=EDGE_LOOP('',(#764,#765,#766,#767));
#3157=EDGE_LOOP('',(#768,#769,#770,#771));
#3158=EDGE_LOOP('',(#772,#773,#774,#775));
#3159=EDGE_LOOP('',(#776,#777,#778,#779));
#3160=EDGE_LOOP('',(#780,#781,#782,#783));
#3161=EDGE_LOOP('',(#784,#785,#786,#787));
#3162=EDGE_LOOP('',(#788,#789,#790,#791));
#3163=EDGE_LOOP('',(#792,#793,#794,#795));
#3164=EDGE_LOOP('',(#796,#797,#798,#799));
#3165=EDGE_LOOP('',(#800,#801,#802,#803));
#3166=EDGE_LOOP('',(#804,#805,#806,#807,#808,#809,#810,#811,#812,#813,#814,
#815,#816,#817,#818,#819));
#3167=EDGE_LOOP('',(#820,#821,#822,#823));
#3168=EDGE_LOOP('',(#824,#825,#826,#827));
#3169=EDGE_LOOP('',(#828,#829,#830,#831));
#3170=EDGE_LOOP('',(#832,#833,#834,#835));
#3171=EDGE_LOOP('',(#836,#837,#838,#839,#840,#841));
#3172=EDGE_LOOP('',(#842,#843,#844,#845));
#3173=EDGE_LOOP('',(#846,#847,#848,#849));
#3174=EDGE_LOOP('',(#850,#851,#852,#853));
#3175=EDGE_LOOP('',(#854,#855,#856,#857));
#3176=EDGE_LOOP('',(#858,#859,#860,#861));
#3177=EDGE_LOOP('',(#862,#863,#864,#865));
#3178=EDGE_LOOP('',(#866,#867,#868,#869));
#3179=EDGE_LOOP('',(#870,#871,#872,#873));
#3180=EDGE_LOOP('',(#874,#875,#876,#877,#878,#879,#880,#881,#882,#883,#884,
#885,#886,#887,#888,#889));
#3181=EDGE_LOOP('',(#890,#891,#892,#893));
#3182=EDGE_LOOP('',(#894,#895,#896,#897));
#3183=EDGE_LOOP('',(#898,#899,#900,#901));
#3184=EDGE_LOOP('',(#902,#903,#904,#905,#906,#907));
#3185=EDGE_LOOP('',(#908,#909,#910,#911,#912,#913));
#3186=EDGE_LOOP('',(#914,#915,#916,#917,#918,#919,#920,#921,#922,#923,#924,
#925,#926,#927,#928,#929,#930,#931,#932,#933,#934));
#3187=EDGE_LOOP('',(#935,#936,#937,#938));
#3188=EDGE_LOOP('',(#939,#940,#941,#942,#943,#944));
#3189=EDGE_LOOP('',(#945,#946,#947,#948));
#3190=EDGE_LOOP('',(#949,#950,#951,#952));
#3191=EDGE_LOOP('',(#953,#954,#955,#956));
#3192=EDGE_LOOP('',(#957,#958,#959,#960));
#3193=EDGE_LOOP('',(#961,#962,#963,#964));
#3194=EDGE_LOOP('',(#965,#966,#967,#968));
#3195=EDGE_LOOP('',(#969,#970,#971,#972));
#3196=EDGE_LOOP('',(#973,#974,#975,#976));
#3197=EDGE_LOOP('',(#977,#978,#979,#980));
#3198=EDGE_LOOP('',(#981,#982,#983,#984));
#3199=EDGE_LOOP('',(#985,#986,#987,#988));
#3200=EDGE_LOOP('',(#989,#990,#991,#992));
#3201=EDGE_LOOP('',(#993,#994,#995,#996,#997,#998));
#3202=EDGE_LOOP('',(#999,#1000,#1001,#1002,#1003,#1004,#1005,#1006,#1007,
#1008,#1009,#1010,#1011,#1012,#1013,#1014,#1015,#1016,#1017,#1018,#1019));
#3203=EDGE_LOOP('',(#1020,#1021,#1022,#1023,#1024,#1025,#1026,#1027,#1028,
#1029,#1030,#1031,#1032,#1033,#1034,#1035,#1036,#1037,#1038,#1039,#1040));
#3204=EDGE_LOOP('',(#1041,#1042,#1043,#1044,#1045,#1046,#1047,#1048,#1049,
#1050,#1051,#1052,#1053,#1054,#1055,#1056,#1057,#1058,#1059,#1060,#1061));
#3205=EDGE_LOOP('',(#1062,#1063,#1064,#1065));
#3206=EDGE_LOOP('',(#1066,#1067,#1068,#1069,#1070,#1071));
#3207=EDGE_LOOP('',(#1072,#1073,#1074,#1075));
#3208=EDGE_LOOP('',(#1076,#1077,#1078,#1079));
#3209=EDGE_LOOP('',(#1080,#1081,#1082,#1083));
#3210=EDGE_LOOP('',(#1084,#1085,#1086,#1087));
#3211=EDGE_LOOP('',(#1088,#1089,#1090,#1091));
#3212=EDGE_LOOP('',(#1092,#1093,#1094,#1095));
#3213=EDGE_LOOP('',(#1096,#1097,#1098,#1099));
#3214=EDGE_LOOP('',(#1100,#1101,#1102,#1103));
#3215=EDGE_LOOP('',(#1104,#1105,#1106,#1107));
#3216=EDGE_LOOP('',(#1108,#1109,#1110,#1111));
#3217=EDGE_LOOP('',(#1112,#1113,#1114,#1115));
#3218=EDGE_LOOP('',(#1116,#1117,#1118,#1119));
#3219=EDGE_LOOP('',(#1120,#1121,#1122,#1123,#1124,#1125));
#3220=EDGE_LOOP('',(#1126,#1127,#1128,#1129,#1130,#1131));
#3221=EDGE_LOOP('',(#1132,#1133,#1134,#1135));
#3222=EDGE_LOOP('',(#1136,#1137,#1138,#1139,#1140));
#3223=EDGE_LOOP('',(#1141,#1142,#1143,#1144,#1145,#1146));
#3224=EDGE_LOOP('',(#1147,#1148,#1149,#1150,#1151));
#3225=EDGE_LOOP('',(#1152,#1153,#1154,#1155));
#3226=EDGE_LOOP('',(#1156,#1157,#1158,#1159,#1160,#1161));
#3227=EDGE_LOOP('',(#1162,#1163,#1164,#1165,#1166));
#3228=EDGE_LOOP('',(#1167,#1168,#1169,#1170));
#3229=EDGE_LOOP('',(#1171,#1172,#1173,#1174,#1175,#1176));
#3230=EDGE_LOOP('',(#1177,#1178,#1179,#1180,#1181));
#3231=EDGE_LOOP('',(#1182,#1183,#1184,#1185));
#3232=EDGE_LOOP('',(#1186,#1187,#1188,#1189));
#3233=EDGE_LOOP('',(#1190,#1191,#1192,#1193));
#3234=EDGE_LOOP('',(#1194,#1195,#1196,#1197));
#3235=EDGE_LOOP('',(#1198,#1199,#1200,#1201));
#3236=EDGE_LOOP('',(#1202,#1203,#1204,#1205));
#3237=EDGE_LOOP('',(#1206,#1207,#1208,#1209));
#3238=EDGE_LOOP('',(#1210,#1211,#1212,#1213));
#3239=EDGE_LOOP('',(#1214,#1215,#1216,#1217));
#3240=EDGE_LOOP('',(#1218,#1219,#1220,#1221));
#3241=EDGE_LOOP('',(#1222,#1223,#1224,#1225));
#3242=EDGE_LOOP('',(#1226,#1227,#1228,#1229));
#3243=EDGE_LOOP('',(#1230,#1231,#1232,#1233));
#3244=EDGE_LOOP('',(#1234,#1235,#1236,#1237));
#3245=EDGE_LOOP('',(#1238,#1239,#1240,#1241));
#3246=EDGE_LOOP('',(#1242,#1243,#1244,#1245));
#3247=EDGE_LOOP('',(#1246,#1247,#1248,#1249));
#3248=EDGE_LOOP('',(#1250,#1251,#1252,#1253));
#3249=EDGE_LOOP('',(#1254,#1255,#1256,#1257));
#3250=EDGE_LOOP('',(#1258,#1259,#1260,#1261));
#3251=EDGE_LOOP('',(#1262,#1263,#1264,#1265));
#3252=EDGE_LOOP('',(#1266,#1267,#1268,#1269));
#3253=EDGE_LOOP('',(#1270,#1271,#1272,#1273));
#3254=EDGE_LOOP('',(#1274,#1275,#1276,#1277));
#3255=EDGE_LOOP('',(#1278,#1279,#1280,#1281));
#3256=FACE_BOUND('',#3052,.T.);
#3257=FACE_BOUND('',#3053,.T.);
#3258=FACE_BOUND('',#3054,.T.);
#3259=FACE_BOUND('',#3055,.T.);
#3260=FACE_BOUND('',#3056,.T.);
#3261=FACE_BOUND('',#3057,.T.);
#3262=FACE_BOUND('',#3058,.T.);
#3263=FACE_BOUND('',#3059,.T.);
#3264=FACE_BOUND('',#3060,.T.);
#3265=FACE_BOUND('',#3061,.T.);
#3266=FACE_BOUND('',#3062,.T.);
#3267=FACE_BOUND('',#3063,.T.);
#3268=FACE_BOUND('',#3064,.T.);
#3269=FACE_BOUND('',#3065,.T.);
#3270=FACE_BOUND('',#3066,.T.);
#3271=FACE_BOUND('',#3067,.T.);
#3272=FACE_BOUND('',#3068,.T.);
#3273=FACE_BOUND('',#3069,.T.);
#3274=FACE_BOUND('',#3070,.T.);
#3275=FACE_BOUND('',#3071,.T.);
#3276=FACE_BOUND('',#3072,.T.);
#3277=FACE_BOUND('',#3073,.T.);
#3278=FACE_BOUND('',#3074,.T.);
#3279=FACE_BOUND('',#3075,.T.);
#3280=FACE_BOUND('',#3076,.T.);
#3281=FACE_BOUND('',#3077,.T.);
#3282=FACE_BOUND('',#3078,.T.);
#3283=FACE_BOUND('',#3079,.T.);
#3284=FACE_BOUND('',#3080,.T.);
#3285=FACE_BOUND('',#3081,.T.);
#3286=FACE_BOUND('',#3082,.T.);
#3287=FACE_BOUND('',#3083,.T.);
#3288=FACE_BOUND('',#3084,.T.);
#3289=FACE_BOUND('',#3085,.T.);
#3290=FACE_BOUND('',#3086,.T.);
#3291=FACE_BOUND('',#3087,.T.);
#3292=FACE_BOUND('',#3088,.T.);
#3293=FACE_BOUND('',#3089,.T.);
#3294=FACE_BOUND('',#3090,.T.);
#3295=FACE_BOUND('',#3091,.T.);
#3296=FACE_BOUND('',#3092,.T.);
#3297=FACE_BOUND('',#3093,.T.);
#3298=FACE_BOUND('',#3094,.T.);
#3299=FACE_BOUND('',#3095,.T.);
#3300=FACE_BOUND('',#3096,.T.);
#3301=FACE_BOUND('',#3097,.T.);
#3302=FACE_BOUND('',#3098,.T.);
#3303=FACE_BOUND('',#3099,.T.);
#3304=FACE_BOUND('',#3100,.T.);
#3305=FACE_BOUND('',#3101,.T.);
#3306=FACE_BOUND('',#3102,.T.);
#3307=FACE_BOUND('',#3103,.T.);
#3308=FACE_BOUND('',#3104,.T.);
#3309=FACE_BOUND('',#3105,.T.);
#3310=FACE_BOUND('',#3106,.T.);
#3311=FACE_BOUND('',#3107,.T.);
#3312=FACE_BOUND('',#3108,.T.);
#3313=FACE_BOUND('',#3109,.T.);
#3314=FACE_BOUND('',#3110,.T.);
#3315=FACE_BOUND('',#3111,.T.);
#3316=FACE_BOUND('',#3112,.T.);
#3317=FACE_BOUND('',#3113,.T.);
#3318=FACE_BOUND('',#3114,.T.);
#3319=FACE_BOUND('',#3115,.T.);
#3320=FACE_BOUND('',#3116,.T.);
#3321=FACE_BOUND('',#3117,.T.);
#3322=FACE_BOUND('',#3118,.T.);
#3323=FACE_BOUND('',#3119,.T.);
#3324=FACE_BOUND('',#3120,.T.);
#3325=FACE_BOUND('',#3121,.T.);
#3326=FACE_BOUND('',#3122,.T.);
#3327=FACE_BOUND('',#3123,.T.);
#3328=FACE_BOUND('',#3124,.T.);
#3329=FACE_BOUND('',#3125,.T.);
#3330=FACE_BOUND('',#3126,.T.);
#3331=FACE_BOUND('',#3127,.T.);
#3332=FACE_BOUND('',#3128,.T.);
#3333=FACE_BOUND('',#3129,.T.);
#3334=FACE_BOUND('',#3130,.T.);
#3335=FACE_BOUND('',#3131,.T.);
#3336=FACE_BOUND('',#3132,.T.);
#3337=FACE_BOUND('',#3133,.T.);
#3338=FACE_BOUND('',#3134,.T.);
#3339=FACE_BOUND('',#3135,.T.);
#3340=FACE_BOUND('',#3136,.T.);
#3341=FACE_BOUND('',#3137,.T.);
#3342=FACE_BOUND('',#3138,.T.);
#3343=FACE_BOUND('',#3139,.T.);
#3344=FACE_BOUND('',#3140,.T.);
#3345=FACE_BOUND('',#3141,.T.);
#3346=FACE_BOUND('',#3142,.T.);
#3347=FACE_BOUND('',#3143,.T.);
#3348=FACE_BOUND('',#3144,.T.);
#3349=FACE_BOUND('',#3145,.T.);
#3350=FACE_BOUND('',#3146,.T.);
#3351=FACE_BOUND('',#3147,.T.);
#3352=FACE_BOUND('',#3148,.T.);
#3353=FACE_BOUND('',#3149,.T.);
#3354=FACE_BOUND('',#3150,.T.);
#3355=FACE_BOUND('',#3151,.T.);
#3356=FACE_BOUND('',#3152,.T.);
#3357=FACE_BOUND('',#3153,.T.);
#3358=FACE_BOUND('',#3154,.T.);
#3359=FACE_BOUND('',#3155,.T.);
#3360=FACE_BOUND('',#3156,.T.);
#3361=FACE_BOUND('',#3157,.T.);
#3362=FACE_BOUND('',#3158,.T.);
#3363=FACE_BOUND('',#3159,.T.);
#3364=FACE_BOUND('',#3160,.T.);
#3365=FACE_BOUND('',#3161,.T.);
#3366=FACE_BOUND('',#3162,.T.);
#3367=FACE_BOUND('',#3163,.T.);
#3368=FACE_BOUND('',#3164,.T.);
#3369=FACE_BOUND('',#3165,.T.);
#3370=FACE_BOUND('',#3166,.T.);
#3371=FACE_BOUND('',#3167,.T.);
#3372=FACE_BOUND('',#3168,.T.);
#3373=FACE_BOUND('',#3169,.T.);
#3374=FACE_BOUND('',#3170,.T.);
#3375=FACE_BOUND('',#3171,.T.);
#3376=FACE_BOUND('',#3172,.T.);
#3377=FACE_BOUND('',#3173,.T.);
#3378=FACE_BOUND('',#3174,.T.);
#3379=FACE_BOUND('',#3175,.T.);
#3380=FACE_BOUND('',#3176,.T.);
#3381=FACE_BOUND('',#3177,.T.);
#3382=FACE_BOUND('',#3178,.T.);
#3383=FACE_BOUND('',#3179,.T.);
#3384=FACE_BOUND('',#3180,.T.);
#3385=FACE_BOUND('',#3181,.T.);
#3386=FACE_BOUND('',#3182,.T.);
#3387=FACE_BOUND('',#3183,.T.);
#3388=FACE_BOUND('',#3184,.T.);
#3389=FACE_BOUND('',#3185,.T.);
#3390=FACE_BOUND('',#3186,.T.);
#3391=FACE_BOUND('',#3187,.T.);
#3392=FACE_BOUND('',#3188,.T.);
#3393=FACE_BOUND('',#3189,.T.);
#3394=FACE_BOUND('',#3190,.T.);
#3395=FACE_BOUND('',#3191,.T.);
#3396=FACE_BOUND('',#3192,.T.);
#3397=FACE_BOUND('',#3193,.T.);
#3398=FACE_BOUND('',#3194,.T.);
#3399=FACE_BOUND('',#3195,.T.);
#3400=FACE_BOUND('',#3196,.T.);
#3401=FACE_BOUND('',#3197,.T.);
#3402=FACE_BOUND('',#3198,.T.);
#3403=FACE_BOUND('',#3199,.T.);
#3404=FACE_BOUND('',#3200,.T.);
#3405=FACE_BOUND('',#3201,.T.);
#3406=FACE_BOUND('',#3202,.T.);
#3407=FACE_BOUND('',#3203,.T.);
#3408=FACE_BOUND('',#3204,.T.);
#3409=FACE_BOUND('',#3205,.T.);
#3410=FACE_BOUND('',#3206,.T.);
#3411=FACE_BOUND('',#3207,.T.);
#3412=FACE_BOUND('',#3208,.T.);
#3413=FACE_BOUND('',#3209,.T.);
#3414=FACE_BOUND('',#3210,.T.);
#3415=FACE_BOUND('',#3211,.T.);
#3416=FACE_BOUND('',#3212,.T.);
#3417=FACE_BOUND('',#3213,.T.);
#3418=FACE_BOUND('',#3214,.T.);
#3419=FACE_BOUND('',#3215,.T.);
#3420=FACE_BOUND('',#3216,.T.);
#3421=FACE_BOUND('',#3217,.T.);
#3422=FACE_BOUND('',#3218,.T.);
#3423=FACE_BOUND('',#3219,.T.);
#3424=FACE_BOUND('',#3220,.T.);
#3425=FACE_BOUND('',#3221,.T.);
#3426=FACE_BOUND('',#3222,.T.);
#3427=FACE_BOUND('',#3223,.T.);
#3428=FACE_BOUND('',#3224,.T.);
#3429=FACE_BOUND('',#3225,.T.);
#3430=FACE_BOUND('',#3226,.T.);
#3431=FACE_BOUND('',#3227,.T.);
#3432=FACE_BOUND('',#3228,.T.);
#3433=FACE_BOUND('',#3229,.T.);
#3434=FACE_BOUND('',#3230,.T.);
#3435=FACE_BOUND('',#3231,.T.);
#3436=FACE_BOUND('',#3232,.T.);
#3437=FACE_BOUND('',#3233,.T.);
#3438=FACE_BOUND('',#3234,.T.);
#3439=FACE_BOUND('',#3235,.T.);
#3440=FACE_BOUND('',#3236,.T.);
#3441=FACE_BOUND('',#3237,.T.);
#3442=FACE_BOUND('',#3238,.T.);
#3443=FACE_BOUND('',#3239,.T.);
#3444=FACE_BOUND('',#3240,.T.);
#3445=FACE_BOUND('',#3241,.T.);
#3446=FACE_BOUND('',#3242,.T.);
#3447=FACE_BOUND('',#3243,.T.);
#3448=FACE_BOUND('',#3244,.T.);
#3449=FACE_BOUND('',#3245,.T.);
#3450=FACE_BOUND('',#3246,.T.);
#3451=FACE_BOUND('',#3247,.T.);
#3452=FACE_BOUND('',#3248,.T.);
#3453=FACE_BOUND('',#3249,.T.);
#3454=FACE_BOUND('',#3250,.T.);
#3455=FACE_BOUND('',#3251,.T.);
#3456=FACE_BOUND('',#3252,.T.);
#3457=FACE_BOUND('',#3253,.T.);
#3458=FACE_BOUND('',#3254,.T.);
#3459=FACE_BOUND('',#3255,.T.);
#3460=PLANE('',#5191);
#3461=PLANE('',#5192);
#3462=PLANE('',#5193);
#3463=PLANE('',#5194);
#3464=PLANE('',#5195);
#3465=PLANE('',#5196);
#3466=PLANE('',#5197);
#3467=PLANE('',#5198);
#3468=PLANE('',#5199);
#3469=PLANE('',#5200);
#3470=PLANE('',#5201);
#3471=PLANE('',#5202);
#3472=PLANE('',#5203);
#3473=PLANE('',#5204);
#3474=PLANE('',#5205);
#3475=PLANE('',#5206);
#3476=PLANE('',#5207);
#3477=PLANE('',#5208);
#3478=PLANE('',#5213);
#3479=PLANE('',#5214);
#3480=PLANE('',#5215);
#3481=PLANE('',#5216);
#3482=PLANE('',#5221);
#3483=PLANE('',#5226);
#3484=PLANE('',#5227);
#3485=PLANE('',#5228);
#3486=PLANE('',#5229);
#3487=PLANE('',#5230);
#3488=PLANE('',#5231);
#3489=PLANE('',#5232);
#3490=PLANE('',#5233);
#3491=PLANE('',#5234);
#3492=PLANE('',#5235);
#3493=PLANE('',#5236);
#3494=PLANE('',#5237);
#3495=PLANE('',#5238);
#3496=PLANE('',#5239);
#3497=PLANE('',#5240);
#3498=PLANE('',#5241);
#3499=PLANE('',#5242);
#3500=PLANE('',#5243);
#3501=PLANE('',#5244);
#3502=PLANE('',#5245);
#3503=PLANE('',#5246);
#3504=PLANE('',#5247);
#3505=PLANE('',#5248);
#3506=PLANE('',#5249);
#3507=PLANE('',#5250);
#3508=PLANE('',#5251);
#3509=PLANE('',#5252);
#3510=PLANE('',#5253);
#3511=PLANE('',#5254);
#3512=PLANE('',#5255);
#3513=PLANE('',#5256);
#3514=PLANE('',#5257);
#3515=PLANE('',#5258);
#3516=PLANE('',#5262);
#3517=PLANE('',#5266);
#3518=PLANE('',#5267);
#3519=PLANE('',#5268);
#3520=PLANE('',#5279);
#3521=PLANE('',#5280);
#3522=PLANE('',#5281);
#3523=PLANE('',#5285);
#3524=PLANE('',#5289);
#3525=PLANE('',#5290);
#3526=PLANE('',#5295);
#3527=PLANE('',#5296);
#3528=PLANE('',#5297);
#3529=PLANE('',#5298);
#3530=PLANE('',#5299);
#3531=PLANE('',#5300);
#3532=PLANE('',#5301);
#3533=PLANE('',#5306);
#3534=PLANE('',#5307);
#3535=PLANE('',#5308);
#3536=PLANE('',#5309);
#3537=PLANE('',#5310);
#3538=PLANE('',#5315);
#3539=PLANE('',#5316);
#3540=PLANE('',#5319);
#3541=PLANE('',#5322);
#3542=PLANE('',#5323);
#3543=PLANE('',#5328);
#3544=PLANE('',#5329);
#3545=PLANE('',#5330);
#3546=PLANE('',#5331);
#3547=PLANE('',#5332);
#3548=PLANE('',#5357);
#3549=PLANE('',#5359);
#3550=PLANE('',#5365);
#3551=PLANE('',#5368);
#3552=PLANE('',#5369);
#3553=PLANE('',#5372);
#3554=PLANE('',#5377);
#3555=PLANE('',#5380);
#3556=PLANE('',#5381);
#3557=PLANE('',#5382);
#3558=PLANE('',#5383);
#3559=PLANE('',#5392);
#3560=PLANE('',#5393);
#3561=PLANE('',#5396);
#3562=PLANE('',#5399);
#3563=PLANE('',#5402);
#3564=PLANE('',#5407);
#3565=PLANE('',#5410);
#3566=PLANE('',#5413);
#3567=PLANE('',#5414);
#3568=PLANE('',#5417);
#3569=PLANE('',#5420);
#3570=PLANE('',#5429);
#3571=PLANE('',#5438);
#3572=PLANE('',#5439);
#3573=PLANE('',#5442);
#3574=PLANE('',#5444);
#3575=PLANE('',#5446);
#3576=PLANE('',#5449);
#3577=PLANE('',#5451);
#3578=PLANE('',#5453);
#3579=PLANE('',#5454);
#3580=PLANE('',#5457);
#3581=PLANE('',#5460);
#3582=PLANE('',#5461);
#3583=PLANE('',#5462);
#3584=PLANE('',#5465);
#3585=PLANE('',#5466);
#3586=PLANE('',#5467);
#3587=PLANE('',#5470);
#3588=PLANE('',#5471);
#3589=PLANE('',#5472);
#3590=PLANE('',#5475);
#3591=PLANE('',#5476);
#3592=PLANE('',#5493);
#3593=PLANE('',#5494);
#3594=PLANE('',#5495);
#3595=PLANE('',#5496);
#3596=PLANE('',#5497);
#3597=PLANE('',#5498);
#3598=PLANE('',#5499);
#3599=PLANE('',#5500);
#3600=STYLED_ITEM('',(#3798),#4988);
#3601=STYLED_ITEM('',(#3799),#4989);
#3602=STYLED_ITEM('',(#3800),#4990);
#3603=STYLED_ITEM('',(#3801),#4991);
#3604=STYLED_ITEM('',(#3802),#4992);
#3605=STYLED_ITEM('',(#3803),#4993);
#3606=STYLED_ITEM('',(#3804),#4994);
#3607=STYLED_ITEM('',(#3805),#4995);
#3608=STYLED_ITEM('',(#3806),#4996);
#3609=STYLED_ITEM('',(#3807),#4997);
#3610=STYLED_ITEM('',(#3808),#4998);
#3611=STYLED_ITEM('',(#3809),#4999);
#3612=STYLED_ITEM('',(#3810),#5000);
#3613=STYLED_ITEM('',(#3811),#5001);
#3614=STYLED_ITEM('',(#3812),#5002);
#3615=STYLED_ITEM('',(#3813),#5003);
#3616=STYLED_ITEM('',(#3814),#5004);
#3617=STYLED_ITEM('',(#3815),#5005);
#3618=STYLED_ITEM('',(#3816),#5006);
#3619=STYLED_ITEM('',(#3817),#5007);
#3620=STYLED_ITEM('',(#3818),#5008);
#3621=STYLED_ITEM('',(#3819),#5009);
#3622=STYLED_ITEM('',(#3820),#5010);
#3623=STYLED_ITEM('',(#3821),#5011);
#3624=STYLED_ITEM('',(#3822),#5012);
#3625=STYLED_ITEM('',(#3823),#5013);
#3626=STYLED_ITEM('',(#3824),#5014);
#3627=STYLED_ITEM('',(#3825),#5015);
#3628=STYLED_ITEM('',(#3826),#5016);
#3629=STYLED_ITEM('',(#3827),#5017);
#3630=STYLED_ITEM('',(#3828),#5018);
#3631=STYLED_ITEM('',(#3829),#5019);
#3632=STYLED_ITEM('',(#3830),#5020);
#3633=STYLED_ITEM('',(#3831),#5021);
#3634=STYLED_ITEM('',(#3832),#5022);
#3635=STYLED_ITEM('',(#3833),#5023);
#3636=STYLED_ITEM('',(#3834),#5024);
#3637=STYLED_ITEM('',(#3835),#5025);
#3638=STYLED_ITEM('',(#3836),#5026);
#3639=STYLED_ITEM('',(#3837),#5027);
#3640=STYLED_ITEM('',(#3838),#5028);
#3641=STYLED_ITEM('',(#3839),#5029);
#3642=STYLED_ITEM('',(#3840),#5030);
#3643=STYLED_ITEM('',(#3841),#5031);
#3644=STYLED_ITEM('',(#3842),#5032);
#3645=STYLED_ITEM('',(#3843),#5033);
#3646=STYLED_ITEM('',(#3844),#5034);
#3647=STYLED_ITEM('',(#3845),#5035);
#3648=STYLED_ITEM('',(#3846),#5036);
#3649=STYLED_ITEM('',(#3847),#5037);
#3650=STYLED_ITEM('',(#3848),#5038);
#3651=STYLED_ITEM('',(#3849),#5039);
#3652=STYLED_ITEM('',(#3850),#5040);
#3653=STYLED_ITEM('',(#3851),#5041);
#3654=STYLED_ITEM('',(#3852),#5042);
#3655=STYLED_ITEM('',(#3853),#5043);
#3656=STYLED_ITEM('',(#3854),#5044);
#3657=STYLED_ITEM('',(#3855),#5045);
#3658=STYLED_ITEM('',(#3856),#5046);
#3659=STYLED_ITEM('',(#3857),#5047);
#3660=STYLED_ITEM('',(#3858),#5048);
#3661=STYLED_ITEM('',(#3859),#5049);
#3662=STYLED_ITEM('',(#3860),#5050);
#3663=STYLED_ITEM('',(#3861),#5051);
#3664=STYLED_ITEM('',(#3862),#5052);
#3665=STYLED_ITEM('',(#3863),#5053);
#3666=STYLED_ITEM('',(#3864),#5054);
#3667=STYLED_ITEM('',(#3865),#5055);
#3668=STYLED_ITEM('',(#3866),#5056);
#3669=STYLED_ITEM('',(#3867),#5057);
#3670=STYLED_ITEM('',(#3868),#5058);
#3671=STYLED_ITEM('',(#3869),#5059);
#3672=STYLED_ITEM('',(#3870),#5060);
#3673=STYLED_ITEM('',(#3871),#5061);
#3674=STYLED_ITEM('',(#3872),#5062);
#3675=STYLED_ITEM('',(#3873),#5063);
#3676=STYLED_ITEM('',(#3874),#5064);
#3677=STYLED_ITEM('',(#3875),#5065);
#3678=STYLED_ITEM('',(#3876),#5066);
#3679=STYLED_ITEM('',(#3877),#5067);
#3680=STYLED_ITEM('',(#3878),#5068);
#3681=STYLED_ITEM('',(#3879),#5069);
#3682=STYLED_ITEM('',(#3880),#5070);
#3683=STYLED_ITEM('',(#3881),#5071);
#3684=STYLED_ITEM('',(#3882),#5072);
#3685=STYLED_ITEM('',(#3883),#5073);
#3686=STYLED_ITEM('',(#3884),#5074);
#3687=STYLED_ITEM('',(#3885),#5075);
#3688=STYLED_ITEM('',(#3886),#5076);
#3689=STYLED_ITEM('',(#3887),#5077);
#3690=STYLED_ITEM('',(#3888),#5078);
#3691=STYLED_ITEM('',(#3889),#5079);
#3692=STYLED_ITEM('',(#3890),#5080);
#3693=STYLED_ITEM('',(#3891),#5081);
#3694=STYLED_ITEM('',(#3892),#5082);
#3695=STYLED_ITEM('',(#3893),#5083);
#3696=STYLED_ITEM('',(#3894),#5084);
#3697=STYLED_ITEM('',(#3895),#5085);
#3698=STYLED_ITEM('',(#3896),#5086);
#3699=STYLED_ITEM('',(#3897),#5087);
#3700=STYLED_ITEM('',(#3898),#5088);
#3701=STYLED_ITEM('',(#3899),#5089);
#3702=STYLED_ITEM('',(#3900),#5090);
#3703=STYLED_ITEM('',(#3901),#5091);
#3704=STYLED_ITEM('',(#3902),#5092);
#3705=STYLED_ITEM('',(#3903),#5093);
#3706=STYLED_ITEM('',(#3904),#5094);
#3707=STYLED_ITEM('',(#3905),#5095);
#3708=STYLED_ITEM('',(#3906),#5096);
#3709=STYLED_ITEM('',(#3907),#5097);
#3710=STYLED_ITEM('',(#3908),#5098);
#3711=STYLED_ITEM('',(#3909),#5099);
#3712=STYLED_ITEM('',(#3910),#5100);
#3713=STYLED_ITEM('',(#3911),#5101);
#3714=STYLED_ITEM('',(#3912),#5102);
#3715=STYLED_ITEM('',(#3913),#5103);
#3716=STYLED_ITEM('',(#3914),#5104);
#3717=STYLED_ITEM('',(#3915),#5105);
#3718=STYLED_ITEM('',(#3916),#5106);
#3719=STYLED_ITEM('',(#3917),#5107);
#3720=STYLED_ITEM('',(#3918),#5108);
#3721=STYLED_ITEM('',(#3919),#5109);
#3722=STYLED_ITEM('',(#3920),#5110);
#3723=STYLED_ITEM('',(#3921),#5111);
#3724=STYLED_ITEM('',(#3922),#5112);
#3725=STYLED_ITEM('',(#3923),#5113);
#3726=STYLED_ITEM('',(#3924),#5114);
#3727=STYLED_ITEM('',(#3925),#5115);
#3728=STYLED_ITEM('',(#3926),#5116);
#3729=STYLED_ITEM('',(#3927),#5117);
#3730=STYLED_ITEM('',(#3928),#5118);
#3731=STYLED_ITEM('',(#3929),#5119);
#3732=STYLED_ITEM('',(#3930),#5120);
#3733=STYLED_ITEM('',(#3931),#5121);
#3734=STYLED_ITEM('',(#3932),#5122);
#3735=STYLED_ITEM('',(#3933),#5123);
#3736=STYLED_ITEM('',(#3934),#5124);
#3737=STYLED_ITEM('',(#3935),#5125);
#3738=STYLED_ITEM('',(#3936),#5126);
#3739=STYLED_ITEM('',(#3937),#5127);
#3740=STYLED_ITEM('',(#3938),#5128);
#3741=STYLED_ITEM('',(#3939),#5129);
#3742=STYLED_ITEM('',(#3940),#5130);
#3743=STYLED_ITEM('',(#3941),#5131);
#3744=STYLED_ITEM('',(#3942),#5132);
#3745=STYLED_ITEM('',(#3943),#5133);
#3746=STYLED_ITEM('',(#3944),#5134);
#3747=STYLED_ITEM('',(#3945),#5135);
#3748=STYLED_ITEM('',(#3946),#5136);
#3749=STYLED_ITEM('',(#3947),#5137);
#3750=STYLED_ITEM('',(#3948),#5138);
#3751=STYLED_ITEM('',(#3949),#5139);
#3752=STYLED_ITEM('',(#3950),#5140);
#3753=STYLED_ITEM('',(#3951),#5141);
#3754=STYLED_ITEM('',(#3952),#5142);
#3755=STYLED_ITEM('',(#3953),#5143);
#3756=STYLED_ITEM('',(#3954),#5144);
#3757=STYLED_ITEM('',(#3955),#5145);
#3758=STYLED_ITEM('',(#3956),#5146);
#3759=STYLED_ITEM('',(#3957),#5147);
#3760=STYLED_ITEM('',(#3958),#5148);
#3761=STYLED_ITEM('',(#3959),#5149);
#3762=STYLED_ITEM('',(#3960),#5150);
#3763=STYLED_ITEM('',(#3961),#5151);
#3764=STYLED_ITEM('',(#3962),#5152);
#3765=STYLED_ITEM('',(#3963),#5153);
#3766=STYLED_ITEM('',(#3964),#5154);
#3767=STYLED_ITEM('',(#3965),#5155);
#3768=STYLED_ITEM('',(#3966),#5156);
#3769=STYLED_ITEM('',(#3967),#5157);
#3770=STYLED_ITEM('',(#3968),#5158);
#3771=STYLED_ITEM('',(#3969),#5159);
#3772=STYLED_ITEM('',(#3970),#5160);
#3773=STYLED_ITEM('',(#3971),#5161);
#3774=STYLED_ITEM('',(#3972),#5162);
#3775=STYLED_ITEM('',(#3973),#5163);
#3776=STYLED_ITEM('',(#3974),#5164);
#3777=STYLED_ITEM('',(#3975),#5165);
#3778=STYLED_ITEM('',(#3976),#5166);
#3779=STYLED_ITEM('',(#3977),#5167);
#3780=STYLED_ITEM('',(#3978),#5168);
#3781=STYLED_ITEM('',(#3979),#5169);
#3782=STYLED_ITEM('',(#3980),#5170);
#3783=STYLED_ITEM('',(#3981),#5171);
#3784=STYLED_ITEM('',(#3982),#5172);
#3785=STYLED_ITEM('',(#3983),#5173);
#3786=STYLED_ITEM('',(#3984),#5174);
#3787=STYLED_ITEM('',(#3985),#5175);
#3788=STYLED_ITEM('',(#3986),#5176);
#3789=STYLED_ITEM('',(#3987),#5177);
#3790=STYLED_ITEM('',(#3988),#5178);
#3791=STYLED_ITEM('',(#3989),#5179);
#3792=STYLED_ITEM('',(#3990),#5180);
#3793=STYLED_ITEM('',(#3991),#5181);
#3794=STYLED_ITEM('',(#3992),#5182);
#3795=STYLED_ITEM('',(#3993),#5183);
#3796=STYLED_ITEM('',(#3994),#5184);
#3797=STYLED_ITEM('',(#3995),#5185);
#3798=PRESENTATION_STYLE_ASSIGNMENT((#3996));
#3799=PRESENTATION_STYLE_ASSIGNMENT((#3997));
#3800=PRESENTATION_STYLE_ASSIGNMENT((#3998));
#3801=PRESENTATION_STYLE_ASSIGNMENT((#3999));
#3802=PRESENTATION_STYLE_ASSIGNMENT((#4000));
#3803=PRESENTATION_STYLE_ASSIGNMENT((#4001));
#3804=PRESENTATION_STYLE_ASSIGNMENT((#4002));
#3805=PRESENTATION_STYLE_ASSIGNMENT((#4003));
#3806=PRESENTATION_STYLE_ASSIGNMENT((#4004));
#3807=PRESENTATION_STYLE_ASSIGNMENT((#4005));
#3808=PRESENTATION_STYLE_ASSIGNMENT((#4006));
#3809=PRESENTATION_STYLE_ASSIGNMENT((#4007));
#3810=PRESENTATION_STYLE_ASSIGNMENT((#4008));
#3811=PRESENTATION_STYLE_ASSIGNMENT((#4009));
#3812=PRESENTATION_STYLE_ASSIGNMENT((#4010));
#3813=PRESENTATION_STYLE_ASSIGNMENT((#4011));
#3814=PRESENTATION_STYLE_ASSIGNMENT((#4012));
#3815=PRESENTATION_STYLE_ASSIGNMENT((#4013));
#3816=PRESENTATION_STYLE_ASSIGNMENT((#4014));
#3817=PRESENTATION_STYLE_ASSIGNMENT((#4015));
#3818=PRESENTATION_STYLE_ASSIGNMENT((#4016));
#3819=PRESENTATION_STYLE_ASSIGNMENT((#4017));
#3820=PRESENTATION_STYLE_ASSIGNMENT((#4018));
#3821=PRESENTATION_STYLE_ASSIGNMENT((#4019));
#3822=PRESENTATION_STYLE_ASSIGNMENT((#4020));
#3823=PRESENTATION_STYLE_ASSIGNMENT((#4021));
#3824=PRESENTATION_STYLE_ASSIGNMENT((#4022));
#3825=PRESENTATION_STYLE_ASSIGNMENT((#4023));
#3826=PRESENTATION_STYLE_ASSIGNMENT((#4024));
#3827=PRESENTATION_STYLE_ASSIGNMENT((#4025));
#3828=PRESENTATION_STYLE_ASSIGNMENT((#4026));
#3829=PRESENTATION_STYLE_ASSIGNMENT((#4027));
#3830=PRESENTATION_STYLE_ASSIGNMENT((#4028));
#3831=PRESENTATION_STYLE_ASSIGNMENT((#4029));
#3832=PRESENTATION_STYLE_ASSIGNMENT((#4030));
#3833=PRESENTATION_STYLE_ASSIGNMENT((#4031));
#3834=PRESENTATION_STYLE_ASSIGNMENT((#4032));
#3835=PRESENTATION_STYLE_ASSIGNMENT((#4033));
#3836=PRESENTATION_STYLE_ASSIGNMENT((#4034));
#3837=PRESENTATION_STYLE_ASSIGNMENT((#4035));
#3838=PRESENTATION_STYLE_ASSIGNMENT((#4036));
#3839=PRESENTATION_STYLE_ASSIGNMENT((#4037));
#3840=PRESENTATION_STYLE_ASSIGNMENT((#4038));
#3841=PRESENTATION_STYLE_ASSIGNMENT((#4039));
#3842=PRESENTATION_STYLE_ASSIGNMENT((#4040));
#3843=PRESENTATION_STYLE_ASSIGNMENT((#4041));
#3844=PRESENTATION_STYLE_ASSIGNMENT((#4042));
#3845=PRESENTATION_STYLE_ASSIGNMENT((#4043));
#3846=PRESENTATION_STYLE_ASSIGNMENT((#4044));
#3847=PRESENTATION_STYLE_ASSIGNMENT((#4045));
#3848=PRESENTATION_STYLE_ASSIGNMENT((#4046));
#3849=PRESENTATION_STYLE_ASSIGNMENT((#4047));
#3850=PRESENTATION_STYLE_ASSIGNMENT((#4048));
#3851=PRESENTATION_STYLE_ASSIGNMENT((#4049));
#3852=PRESENTATION_STYLE_ASSIGNMENT((#4050));
#3853=PRESENTATION_STYLE_ASSIGNMENT((#4051));
#3854=PRESENTATION_STYLE_ASSIGNMENT((#4052));
#3855=PRESENTATION_STYLE_ASSIGNMENT((#4053));
#3856=PRESENTATION_STYLE_ASSIGNMENT((#4054));
#3857=PRESENTATION_STYLE_ASSIGNMENT((#4055));
#3858=PRESENTATION_STYLE_ASSIGNMENT((#4056));
#3859=PRESENTATION_STYLE_ASSIGNMENT((#4057));
#3860=PRESENTATION_STYLE_ASSIGNMENT((#4058));
#3861=PRESENTATION_STYLE_ASSIGNMENT((#4059));
#3862=PRESENTATION_STYLE_ASSIGNMENT((#4060));
#3863=PRESENTATION_STYLE_ASSIGNMENT((#4061));
#3864=PRESENTATION_STYLE_ASSIGNMENT((#4062));
#3865=PRESENTATION_STYLE_ASSIGNMENT((#4063));
#3866=PRESENTATION_STYLE_ASSIGNMENT((#4064));
#3867=PRESENTATION_STYLE_ASSIGNMENT((#4065));
#3868=PRESENTATION_STYLE_ASSIGNMENT((#4066));
#3869=PRESENTATION_STYLE_ASSIGNMENT((#4067));
#3870=PRESENTATION_STYLE_ASSIGNMENT((#4068));
#3871=PRESENTATION_STYLE_ASSIGNMENT((#4069));
#3872=PRESENTATION_STYLE_ASSIGNMENT((#4070));
#3873=PRESENTATION_STYLE_ASSIGNMENT((#4071));
#3874=PRESENTATION_STYLE_ASSIGNMENT((#4072));
#3875=PRESENTATION_STYLE_ASSIGNMENT((#4073));
#3876=PRESENTATION_STYLE_ASSIGNMENT((#4074));
#3877=PRESENTATION_STYLE_ASSIGNMENT((#4075));
#3878=PRESENTATION_STYLE_ASSIGNMENT((#4076));
#3879=PRESENTATION_STYLE_ASSIGNMENT((#4077));
#3880=PRESENTATION_STYLE_ASSIGNMENT((#4078));
#3881=PRESENTATION_STYLE_ASSIGNMENT((#4079));
#3882=PRESENTATION_STYLE_ASSIGNMENT((#4080));
#3883=PRESENTATION_STYLE_ASSIGNMENT((#4081));
#3884=PRESENTATION_STYLE_ASSIGNMENT((#4082));
#3885=PRESENTATION_STYLE_ASSIGNMENT((#4083));
#3886=PRESENTATION_STYLE_ASSIGNMENT((#4084));
#3887=PRESENTATION_STYLE_ASSIGNMENT((#4085));
#3888=PRESENTATION_STYLE_ASSIGNMENT((#4086));
#3889=PRESENTATION_STYLE_ASSIGNMENT((#4087));
#3890=PRESENTATION_STYLE_ASSIGNMENT((#4088));
#3891=PRESENTATION_STYLE_ASSIGNMENT((#4089));
#3892=PRESENTATION_STYLE_ASSIGNMENT((#4090));
#3893=PRESENTATION_STYLE_ASSIGNMENT((#4091));
#3894=PRESENTATION_STYLE_ASSIGNMENT((#4092));
#3895=PRESENTATION_STYLE_ASSIGNMENT((#4093));
#3896=PRESENTATION_STYLE_ASSIGNMENT((#4094));
#3897=PRESENTATION_STYLE_ASSIGNMENT((#4095));
#3898=PRESENTATION_STYLE_ASSIGNMENT((#4096));
#3899=PRESENTATION_STYLE_ASSIGNMENT((#4097));
#3900=PRESENTATION_STYLE_ASSIGNMENT((#4098));
#3901=PRESENTATION_STYLE_ASSIGNMENT((#4099));
#3902=PRESENTATION_STYLE_ASSIGNMENT((#4100));
#3903=PRESENTATION_STYLE_ASSIGNMENT((#4101));
#3904=PRESENTATION_STYLE_ASSIGNMENT((#4102));
#3905=PRESENTATION_STYLE_ASSIGNMENT((#4103));
#3906=PRESENTATION_STYLE_ASSIGNMENT((#4104));
#3907=PRESENTATION_STYLE_ASSIGNMENT((#4105));
#3908=PRESENTATION_STYLE_ASSIGNMENT((#4106));
#3909=PRESENTATION_STYLE_ASSIGNMENT((#4107));
#3910=PRESENTATION_STYLE_ASSIGNMENT((#4108));
#3911=PRESENTATION_STYLE_ASSIGNMENT((#4109));
#3912=PRESENTATION_STYLE_ASSIGNMENT((#4110));
#3913=PRESENTATION_STYLE_ASSIGNMENT((#4111));
#3914=PRESENTATION_STYLE_ASSIGNMENT((#4112));
#3915=PRESENTATION_STYLE_ASSIGNMENT((#4113));
#3916=PRESENTATION_STYLE_ASSIGNMENT((#4114));
#3917=PRESENTATION_STYLE_ASSIGNMENT((#4115));
#3918=PRESENTATION_STYLE_ASSIGNMENT((#4116));
#3919=PRESENTATION_STYLE_ASSIGNMENT((#4117));
#3920=PRESENTATION_STYLE_ASSIGNMENT((#4118));
#3921=PRESENTATION_STYLE_ASSIGNMENT((#4119));
#3922=PRESENTATION_STYLE_ASSIGNMENT((#4120));
#3923=PRESENTATION_STYLE_ASSIGNMENT((#4121));
#3924=PRESENTATION_STYLE_ASSIGNMENT((#4122));
#3925=PRESENTATION_STYLE_ASSIGNMENT((#4123));
#3926=PRESENTATION_STYLE_ASSIGNMENT((#4124));
#3927=PRESENTATION_STYLE_ASSIGNMENT((#4125));
#3928=PRESENTATION_STYLE_ASSIGNMENT((#4126));
#3929=PRESENTATION_STYLE_ASSIGNMENT((#4127));
#3930=PRESENTATION_STYLE_ASSIGNMENT((#4128));
#3931=PRESENTATION_STYLE_ASSIGNMENT((#4129));
#3932=PRESENTATION_STYLE_ASSIGNMENT((#4130));
#3933=PRESENTATION_STYLE_ASSIGNMENT((#4131));
#3934=PRESENTATION_STYLE_ASSIGNMENT((#4132));
#3935=PRESENTATION_STYLE_ASSIGNMENT((#4133));
#3936=PRESENTATION_STYLE_ASSIGNMENT((#4134));
#3937=PRESENTATION_STYLE_ASSIGNMENT((#4135));
#3938=PRESENTATION_STYLE_ASSIGNMENT((#4136));
#3939=PRESENTATION_STYLE_ASSIGNMENT((#4137));
#3940=PRESENTATION_STYLE_ASSIGNMENT((#4138));
#3941=PRESENTATION_STYLE_ASSIGNMENT((#4139));
#3942=PRESENTATION_STYLE_ASSIGNMENT((#4140));
#3943=PRESENTATION_STYLE_ASSIGNMENT((#4141));
#3944=PRESENTATION_STYLE_ASSIGNMENT((#4142));
#3945=PRESENTATION_STYLE_ASSIGNMENT((#4143));
#3946=PRESENTATION_STYLE_ASSIGNMENT((#4144));
#3947=PRESENTATION_STYLE_ASSIGNMENT((#4145));
#3948=PRESENTATION_STYLE_ASSIGNMENT((#4146));
#3949=PRESENTATION_STYLE_ASSIGNMENT((#4147));
#3950=PRESENTATION_STYLE_ASSIGNMENT((#4148));
#3951=PRESENTATION_STYLE_ASSIGNMENT((#4149));
#3952=PRESENTATION_STYLE_ASSIGNMENT((#4150));
#3953=PRESENTATION_STYLE_ASSIGNMENT((#4151));
#3954=PRESENTATION_STYLE_ASSIGNMENT((#4152));
#3955=PRESENTATION_STYLE_ASSIGNMENT((#4153));
#3956=PRESENTATION_STYLE_ASSIGNMENT((#4154));
#3957=PRESENTATION_STYLE_ASSIGNMENT((#4155));
#3958=PRESENTATION_STYLE_ASSIGNMENT((#4156));
#3959=PRESENTATION_STYLE_ASSIGNMENT((#4157));
#3960=PRESENTATION_STYLE_ASSIGNMENT((#4158));
#3961=PRESENTATION_STYLE_ASSIGNMENT((#4159));
#3962=PRESENTATION_STYLE_ASSIGNMENT((#4160));
#3963=PRESENTATION_STYLE_ASSIGNMENT((#4161));
#3964=PRESENTATION_STYLE_ASSIGNMENT((#4162));
#3965=PRESENTATION_STYLE_ASSIGNMENT((#4163));
#3966=PRESENTATION_STYLE_ASSIGNMENT((#4164));
#3967=PRESENTATION_STYLE_ASSIGNMENT((#4165));
#3968=PRESENTATION_STYLE_ASSIGNMENT((#4166));
#3969=PRESENTATION_STYLE_ASSIGNMENT((#4167));
#3970=PRESENTATION_STYLE_ASSIGNMENT((#4168));
#3971=PRESENTATION_STYLE_ASSIGNMENT((#4169));
#3972=PRESENTATION_STYLE_ASSIGNMENT((#4170));
#3973=PRESENTATION_STYLE_ASSIGNMENT((#4171));
#3974=PRESENTATION_STYLE_ASSIGNMENT((#4172));
#3975=PRESENTATION_STYLE_ASSIGNMENT((#4173));
#3976=PRESENTATION_STYLE_ASSIGNMENT((#4174));
#3977=PRESENTATION_STYLE_ASSIGNMENT((#4175));
#3978=PRESENTATION_STYLE_ASSIGNMENT((#4176));
#3979=PRESENTATION_STYLE_ASSIGNMENT((#4177));
#3980=PRESENTATION_STYLE_ASSIGNMENT((#4178));
#3981=PRESENTATION_STYLE_ASSIGNMENT((#4179));
#3982=PRESENTATION_STYLE_ASSIGNMENT((#4180));
#3983=PRESENTATION_STYLE_ASSIGNMENT((#4181));
#3984=PRESENTATION_STYLE_ASSIGNMENT((#4182));
#3985=PRESENTATION_STYLE_ASSIGNMENT((#4183));
#3986=PRESENTATION_STYLE_ASSIGNMENT((#4184));
#3987=PRESENTATION_STYLE_ASSIGNMENT((#4185));
#3988=PRESENTATION_STYLE_ASSIGNMENT((#4186));
#3989=PRESENTATION_STYLE_ASSIGNMENT((#4187));
#3990=PRESENTATION_STYLE_ASSIGNMENT((#4188));
#3991=PRESENTATION_STYLE_ASSIGNMENT((#4189));
#3992=PRESENTATION_STYLE_ASSIGNMENT((#4190));
#3993=PRESENTATION_STYLE_ASSIGNMENT((#4191));
#3994=PRESENTATION_STYLE_ASSIGNMENT((#4192));
#3995=PRESENTATION_STYLE_ASSIGNMENT((#4193));
#3996=SURFACE_STYLE_USAGE(.BOTH.,#4194);
#3997=SURFACE_STYLE_USAGE(.BOTH.,#4195);
#3998=SURFACE_STYLE_USAGE(.BOTH.,#4196);
#3999=SURFACE_STYLE_USAGE(.BOTH.,#4197);
#4000=SURFACE_STYLE_USAGE(.BOTH.,#4198);
#4001=SURFACE_STYLE_USAGE(.BOTH.,#4199);
#4002=SURFACE_STYLE_USAGE(.BOTH.,#4200);
#4003=SURFACE_STYLE_USAGE(.BOTH.,#4201);
#4004=SURFACE_STYLE_USAGE(.BOTH.,#4202);
#4005=SURFACE_STYLE_USAGE(.BOTH.,#4203);
#4006=SURFACE_STYLE_USAGE(.BOTH.,#4204);
#4007=SURFACE_STYLE_USAGE(.BOTH.,#4205);
#4008=SURFACE_STYLE_USAGE(.BOTH.,#4206);
#4009=SURFACE_STYLE_USAGE(.BOTH.,#4207);
#4010=SURFACE_STYLE_USAGE(.BOTH.,#4208);
#4011=SURFACE_STYLE_USAGE(.BOTH.,#4209);
#4012=SURFACE_STYLE_USAGE(.BOTH.,#4210);
#4013=SURFACE_STYLE_USAGE(.BOTH.,#4211);
#4014=SURFACE_STYLE_USAGE(.BOTH.,#4212);
#4015=SURFACE_STYLE_USAGE(.BOTH.,#4213);
#4016=SURFACE_STYLE_USAGE(.BOTH.,#4214);
#4017=SURFACE_STYLE_USAGE(.BOTH.,#4215);
#4018=SURFACE_STYLE_USAGE(.BOTH.,#4216);
#4019=SURFACE_STYLE_USAGE(.BOTH.,#4217);
#4020=SURFACE_STYLE_USAGE(.BOTH.,#4218);
#4021=SURFACE_STYLE_USAGE(.BOTH.,#4219);
#4022=SURFACE_STYLE_USAGE(.BOTH.,#4220);
#4023=SURFACE_STYLE_USAGE(.BOTH.,#4221);
#4024=SURFACE_STYLE_USAGE(.BOTH.,#4222);
#4025=SURFACE_STYLE_USAGE(.BOTH.,#4223);
#4026=SURFACE_STYLE_USAGE(.BOTH.,#4224);
#4027=SURFACE_STYLE_USAGE(.BOTH.,#4225);
#4028=SURFACE_STYLE_USAGE(.BOTH.,#4226);
#4029=SURFACE_STYLE_USAGE(.BOTH.,#4227);
#4030=SURFACE_STYLE_USAGE(.BOTH.,#4228);
#4031=SURFACE_STYLE_USAGE(.BOTH.,#4229);
#4032=SURFACE_STYLE_USAGE(.BOTH.,#4230);
#4033=SURFACE_STYLE_USAGE(.BOTH.,#4231);
#4034=SURFACE_STYLE_USAGE(.BOTH.,#4232);
#4035=SURFACE_STYLE_USAGE(.BOTH.,#4233);
#4036=SURFACE_STYLE_USAGE(.BOTH.,#4234);
#4037=SURFACE_STYLE_USAGE(.BOTH.,#4235);
#4038=SURFACE_STYLE_USAGE(.BOTH.,#4236);
#4039=SURFACE_STYLE_USAGE(.BOTH.,#4237);
#4040=SURFACE_STYLE_USAGE(.BOTH.,#4238);
#4041=SURFACE_STYLE_USAGE(.BOTH.,#4239);
#4042=SURFACE_STYLE_USAGE(.BOTH.,#4240);
#4043=SURFACE_STYLE_USAGE(.BOTH.,#4241);
#4044=SURFACE_STYLE_USAGE(.BOTH.,#4242);
#4045=SURFACE_STYLE_USAGE(.BOTH.,#4243);
#4046=SURFACE_STYLE_USAGE(.BOTH.,#4244);
#4047=SURFACE_STYLE_USAGE(.BOTH.,#4245);
#4048=SURFACE_STYLE_USAGE(.BOTH.,#4246);
#4049=SURFACE_STYLE_USAGE(.BOTH.,#4247);
#4050=SURFACE_STYLE_USAGE(.BOTH.,#4248);
#4051=SURFACE_STYLE_USAGE(.BOTH.,#4249);
#4052=SURFACE_STYLE_USAGE(.BOTH.,#4250);
#4053=SURFACE_STYLE_USAGE(.BOTH.,#4251);
#4054=SURFACE_STYLE_USAGE(.BOTH.,#4252);
#4055=SURFACE_STYLE_USAGE(.BOTH.,#4253);
#4056=SURFACE_STYLE_USAGE(.BOTH.,#4254);
#4057=SURFACE_STYLE_USAGE(.BOTH.,#4255);
#4058=SURFACE_STYLE_USAGE(.BOTH.,#4256);
#4059=SURFACE_STYLE_USAGE(.BOTH.,#4257);
#4060=SURFACE_STYLE_USAGE(.BOTH.,#4258);
#4061=SURFACE_STYLE_USAGE(.BOTH.,#4259);
#4062=SURFACE_STYLE_USAGE(.BOTH.,#4260);
#4063=SURFACE_STYLE_USAGE(.BOTH.,#4261);
#4064=SURFACE_STYLE_USAGE(.BOTH.,#4262);
#4065=SURFACE_STYLE_USAGE(.BOTH.,#4263);
#4066=SURFACE_STYLE_USAGE(.BOTH.,#4264);
#4067=SURFACE_STYLE_USAGE(.BOTH.,#4265);
#4068=SURFACE_STYLE_USAGE(.BOTH.,#4266);
#4069=SURFACE_STYLE_USAGE(.BOTH.,#4267);
#4070=SURFACE_STYLE_USAGE(.BOTH.,#4268);
#4071=SURFACE_STYLE_USAGE(.BOTH.,#4269);
#4072=SURFACE_STYLE_USAGE(.BOTH.,#4270);
#4073=SURFACE_STYLE_USAGE(.BOTH.,#4271);
#4074=SURFACE_STYLE_USAGE(.BOTH.,#4272);
#4075=SURFACE_STYLE_USAGE(.BOTH.,#4273);
#4076=SURFACE_STYLE_USAGE(.BOTH.,#4274);
#4077=SURFACE_STYLE_USAGE(.BOTH.,#4275);
#4078=SURFACE_STYLE_USAGE(.BOTH.,#4276);
#4079=SURFACE_STYLE_USAGE(.BOTH.,#4277);
#4080=SURFACE_STYLE_USAGE(.BOTH.,#4278);
#4081=SURFACE_STYLE_USAGE(.BOTH.,#4279);
#4082=SURFACE_STYLE_USAGE(.BOTH.,#4280);
#4083=SURFACE_STYLE_USAGE(.BOTH.,#4281);
#4084=SURFACE_STYLE_USAGE(.BOTH.,#4282);
#4085=SURFACE_STYLE_USAGE(.BOTH.,#4283);
#4086=SURFACE_STYLE_USAGE(.BOTH.,#4284);
#4087=SURFACE_STYLE_USAGE(.BOTH.,#4285);
#4088=SURFACE_STYLE_USAGE(.BOTH.,#4286);
#4089=SURFACE_STYLE_USAGE(.BOTH.,#4287);
#4090=SURFACE_STYLE_USAGE(.BOTH.,#4288);
#4091=SURFACE_STYLE_USAGE(.BOTH.,#4289);
#4092=SURFACE_STYLE_USAGE(.BOTH.,#4290);
#4093=SURFACE_STYLE_USAGE(.BOTH.,#4291);
#4094=SURFACE_STYLE_USAGE(.BOTH.,#4292);
#4095=SURFACE_STYLE_USAGE(.BOTH.,#4293);
#4096=SURFACE_STYLE_USAGE(.BOTH.,#4294);
#4097=SURFACE_STYLE_USAGE(.BOTH.,#4295);
#4098=SURFACE_STYLE_USAGE(.BOTH.,#4296);
#4099=SURFACE_STYLE_USAGE(.BOTH.,#4297);
#4100=SURFACE_STYLE_USAGE(.BOTH.,#4298);
#4101=SURFACE_STYLE_USAGE(.BOTH.,#4299);
#4102=SURFACE_STYLE_USAGE(.BOTH.,#4300);
#4103=SURFACE_STYLE_USAGE(.BOTH.,#4301);
#4104=SURFACE_STYLE_USAGE(.BOTH.,#4302);
#4105=SURFACE_STYLE_USAGE(.BOTH.,#4303);
#4106=SURFACE_STYLE_USAGE(.BOTH.,#4304);
#4107=SURFACE_STYLE_USAGE(.BOTH.,#4305);
#4108=SURFACE_STYLE_USAGE(.BOTH.,#4306);
#4109=SURFACE_STYLE_USAGE(.BOTH.,#4307);
#4110=SURFACE_STYLE_USAGE(.BOTH.,#4308);
#4111=SURFACE_STYLE_USAGE(.BOTH.,#4309);
#4112=SURFACE_STYLE_USAGE(.BOTH.,#4310);
#4113=SURFACE_STYLE_USAGE(.BOTH.,#4311);
#4114=SURFACE_STYLE_USAGE(.BOTH.,#4312);
#4115=SURFACE_STYLE_USAGE(.BOTH.,#4313);
#4116=SURFACE_STYLE_USAGE(.BOTH.,#4314);
#4117=SURFACE_STYLE_USAGE(.BOTH.,#4315);
#4118=SURFACE_STYLE_USAGE(.BOTH.,#4316);
#4119=SURFACE_STYLE_USAGE(.BOTH.,#4317);
#4120=SURFACE_STYLE_USAGE(.BOTH.,#4318);
#4121=SURFACE_STYLE_USAGE(.BOTH.,#4319);
#4122=SURFACE_STYLE_USAGE(.BOTH.,#4320);
#4123=SURFACE_STYLE_USAGE(.BOTH.,#4321);
#4124=SURFACE_STYLE_USAGE(.BOTH.,#4322);
#4125=SURFACE_STYLE_USAGE(.BOTH.,#4323);
#4126=SURFACE_STYLE_USAGE(.BOTH.,#4324);
#4127=SURFACE_STYLE_USAGE(.BOTH.,#4325);
#4128=SURFACE_STYLE_USAGE(.BOTH.,#4326);
#4129=SURFACE_STYLE_USAGE(.BOTH.,#4327);
#4130=SURFACE_STYLE_USAGE(.BOTH.,#4328);
#4131=SURFACE_STYLE_USAGE(.BOTH.,#4329);
#4132=SURFACE_STYLE_USAGE(.BOTH.,#4330);
#4133=SURFACE_STYLE_USAGE(.BOTH.,#4331);
#4134=SURFACE_STYLE_USAGE(.BOTH.,#4332);
#4135=SURFACE_STYLE_USAGE(.BOTH.,#4333);
#4136=SURFACE_STYLE_USAGE(.BOTH.,#4334);
#4137=SURFACE_STYLE_USAGE(.BOTH.,#4335);
#4138=SURFACE_STYLE_USAGE(.BOTH.,#4336);
#4139=SURFACE_STYLE_USAGE(.BOTH.,#4337);
#4140=SURFACE_STYLE_USAGE(.BOTH.,#4338);
#4141=SURFACE_STYLE_USAGE(.BOTH.,#4339);
#4142=SURFACE_STYLE_USAGE(.BOTH.,#4340);
#4143=SURFACE_STYLE_USAGE(.BOTH.,#4341);
#4144=SURFACE_STYLE_USAGE(.BOTH.,#4342);
#4145=SURFACE_STYLE_USAGE(.BOTH.,#4343);
#4146=SURFACE_STYLE_USAGE(.BOTH.,#4344);
#4147=SURFACE_STYLE_USAGE(.BOTH.,#4345);
#4148=SURFACE_STYLE_USAGE(.BOTH.,#4346);
#4149=SURFACE_STYLE_USAGE(.BOTH.,#4347);
#4150=SURFACE_STYLE_USAGE(.BOTH.,#4348);
#4151=SURFACE_STYLE_USAGE(.BOTH.,#4349);
#4152=SURFACE_STYLE_USAGE(.BOTH.,#4350);
#4153=SURFACE_STYLE_USAGE(.BOTH.,#4351);
#4154=SURFACE_STYLE_USAGE(.BOTH.,#4352);
#4155=SURFACE_STYLE_USAGE(.BOTH.,#4353);
#4156=SURFACE_STYLE_USAGE(.BOTH.,#4354);
#4157=SURFACE_STYLE_USAGE(.BOTH.,#4355);
#4158=SURFACE_STYLE_USAGE(.BOTH.,#4356);
#4159=SURFACE_STYLE_USAGE(.BOTH.,#4357);
#4160=SURFACE_STYLE_USAGE(.BOTH.,#4358);
#4161=SURFACE_STYLE_USAGE(.BOTH.,#4359);
#4162=SURFACE_STYLE_USAGE(.BOTH.,#4360);
#4163=SURFACE_STYLE_USAGE(.BOTH.,#4361);
#4164=SURFACE_STYLE_USAGE(.BOTH.,#4362);
#4165=SURFACE_STYLE_USAGE(.BOTH.,#4363);
#4166=SURFACE_STYLE_USAGE(.BOTH.,#4364);
#4167=SURFACE_STYLE_USAGE(.BOTH.,#4365);
#4168=SURFACE_STYLE_USAGE(.BOTH.,#4366);
#4169=SURFACE_STYLE_USAGE(.BOTH.,#4367);
#4170=SURFACE_STYLE_USAGE(.BOTH.,#4368);
#4171=SURFACE_STYLE_USAGE(.BOTH.,#4369);
#4172=SURFACE_STYLE_USAGE(.BOTH.,#4370);
#4173=SURFACE_STYLE_USAGE(.BOTH.,#4371);
#4174=SURFACE_STYLE_USAGE(.BOTH.,#4372);
#4175=SURFACE_STYLE_USAGE(.BOTH.,#4373);
#4176=SURFACE_STYLE_USAGE(.BOTH.,#4374);
#4177=SURFACE_STYLE_USAGE(.BOTH.,#4375);
#4178=SURFACE_STYLE_USAGE(.BOTH.,#4376);
#4179=SURFACE_STYLE_USAGE(.BOTH.,#4377);
#4180=SURFACE_STYLE_USAGE(.BOTH.,#4378);
#4181=SURFACE_STYLE_USAGE(.BOTH.,#4379);
#4182=SURFACE_STYLE_USAGE(.BOTH.,#4380);
#4183=SURFACE_STYLE_USAGE(.BOTH.,#4381);
#4184=SURFACE_STYLE_USAGE(.BOTH.,#4382);
#4185=SURFACE_STYLE_USAGE(.BOTH.,#4383);
#4186=SURFACE_STYLE_USAGE(.BOTH.,#4384);
#4187=SURFACE_STYLE_USAGE(.BOTH.,#4385);
#4188=SURFACE_STYLE_USAGE(.BOTH.,#4386);
#4189=SURFACE_STYLE_USAGE(.BOTH.,#4387);
#4190=SURFACE_STYLE_USAGE(.BOTH.,#4388);
#4191=SURFACE_STYLE_USAGE(.BOTH.,#4389);
#4192=SURFACE_STYLE_USAGE(.BOTH.,#4390);
#4193=SURFACE_STYLE_USAGE(.BOTH.,#4391);
#4194=SURFACE_SIDE_STYLE('',(#4392));
#4195=SURFACE_SIDE_STYLE('',(#4393));
#4196=SURFACE_SIDE_STYLE('',(#4394));
#4197=SURFACE_SIDE_STYLE('',(#4395));
#4198=SURFACE_SIDE_STYLE('',(#4396));
#4199=SURFACE_SIDE_STYLE('',(#4397));
#4200=SURFACE_SIDE_STYLE('',(#4398));
#4201=SURFACE_SIDE_STYLE('',(#4399));
#4202=SURFACE_SIDE_STYLE('',(#4400));
#4203=SURFACE_SIDE_STYLE('',(#4401));
#4204=SURFACE_SIDE_STYLE('',(#4402));
#4205=SURFACE_SIDE_STYLE('',(#4403));
#4206=SURFACE_SIDE_STYLE('',(#4404));
#4207=SURFACE_SIDE_STYLE('',(#4405));
#4208=SURFACE_SIDE_STYLE('',(#4406));
#4209=SURFACE_SIDE_STYLE('',(#4407));
#4210=SURFACE_SIDE_STYLE('',(#4408));
#4211=SURFACE_SIDE_STYLE('',(#4409));
#4212=SURFACE_SIDE_STYLE('',(#4410));
#4213=SURFACE_SIDE_STYLE('',(#4411));
#4214=SURFACE_SIDE_STYLE('',(#4412));
#4215=SURFACE_SIDE_STYLE('',(#4413));
#4216=SURFACE_SIDE_STYLE('',(#4414));
#4217=SURFACE_SIDE_STYLE('',(#4415));
#4218=SURFACE_SIDE_STYLE('',(#4416));
#4219=SURFACE_SIDE_STYLE('',(#4417));
#4220=SURFACE_SIDE_STYLE('',(#4418));
#4221=SURFACE_SIDE_STYLE('',(#4419));
#4222=SURFACE_SIDE_STYLE('',(#4420));
#4223=SURFACE_SIDE_STYLE('',(#4421));
#4224=SURFACE_SIDE_STYLE('',(#4422));
#4225=SURFACE_SIDE_STYLE('',(#4423));
#4226=SURFACE_SIDE_STYLE('',(#4424));
#4227=SURFACE_SIDE_STYLE('',(#4425));
#4228=SURFACE_SIDE_STYLE('',(#4426));
#4229=SURFACE_SIDE_STYLE('',(#4427));
#4230=SURFACE_SIDE_STYLE('',(#4428));
#4231=SURFACE_SIDE_STYLE('',(#4429));
#4232=SURFACE_SIDE_STYLE('',(#4430));
#4233=SURFACE_SIDE_STYLE('',(#4431));
#4234=SURFACE_SIDE_STYLE('',(#4432));
#4235=SURFACE_SIDE_STYLE('',(#4433));
#4236=SURFACE_SIDE_STYLE('',(#4434));
#4237=SURFACE_SIDE_STYLE('',(#4435));
#4238=SURFACE_SIDE_STYLE('',(#4436));
#4239=SURFACE_SIDE_STYLE('',(#4437));
#4240=SURFACE_SIDE_STYLE('',(#4438));
#4241=SURFACE_SIDE_STYLE('',(#4439));
#4242=SURFACE_SIDE_STYLE('',(#4440));
#4243=SURFACE_SIDE_STYLE('',(#4441));
#4244=SURFACE_SIDE_STYLE('',(#4442));
#4245=SURFACE_SIDE_STYLE('',(#4443));
#4246=SURFACE_SIDE_STYLE('',(#4444));
#4247=SURFACE_SIDE_STYLE('',(#4445));
#4248=SURFACE_SIDE_STYLE('',(#4446));
#4249=SURFACE_SIDE_STYLE('',(#4447));
#4250=SURFACE_SIDE_STYLE('',(#4448));
#4251=SURFACE_SIDE_STYLE('',(#4449));
#4252=SURFACE_SIDE_STYLE('',(#4450));
#4253=SURFACE_SIDE_STYLE('',(#4451));
#4254=SURFACE_SIDE_STYLE('',(#4452));
#4255=SURFACE_SIDE_STYLE('',(#4453));
#4256=SURFACE_SIDE_STYLE('',(#4454));
#4257=SURFACE_SIDE_STYLE('',(#4455));
#4258=SURFACE_SIDE_STYLE('',(#4456));
#4259=SURFACE_SIDE_STYLE('',(#4457));
#4260=SURFACE_SIDE_STYLE('',(#4458));
#4261=SURFACE_SIDE_STYLE('',(#4459));
#4262=SURFACE_SIDE_STYLE('',(#4460));
#4263=SURFACE_SIDE_STYLE('',(#4461));
#4264=SURFACE_SIDE_STYLE('',(#4462));
#4265=SURFACE_SIDE_STYLE('',(#4463));
#4266=SURFACE_SIDE_STYLE('',(#4464));
#4267=SURFACE_SIDE_STYLE('',(#4465));
#4268=SURFACE_SIDE_STYLE('',(#4466));
#4269=SURFACE_SIDE_STYLE('',(#4467));
#4270=SURFACE_SIDE_STYLE('',(#4468));
#4271=SURFACE_SIDE_STYLE('',(#4469));
#4272=SURFACE_SIDE_STYLE('',(#4470));
#4273=SURFACE_SIDE_STYLE('',(#4471));
#4274=SURFACE_SIDE_STYLE('',(#4472));
#4275=SURFACE_SIDE_STYLE('',(#4473));
#4276=SURFACE_SIDE_STYLE('',(#4474));
#4277=SURFACE_SIDE_STYLE('',(#4475));
#4278=SURFACE_SIDE_STYLE('',(#4476));
#4279=SURFACE_SIDE_STYLE('',(#4477));
#4280=SURFACE_SIDE_STYLE('',(#4478));
#4281=SURFACE_SIDE_STYLE('',(#4479));
#4282=SURFACE_SIDE_STYLE('',(#4480));
#4283=SURFACE_SIDE_STYLE('',(#4481));
#4284=SURFACE_SIDE_STYLE('',(#4482));
#4285=SURFACE_SIDE_STYLE('',(#4483));
#4286=SURFACE_SIDE_STYLE('',(#4484));
#4287=SURFACE_SIDE_STYLE('',(#4485));
#4288=SURFACE_SIDE_STYLE('',(#4486));
#4289=SURFACE_SIDE_STYLE('',(#4487));
#4290=SURFACE_SIDE_STYLE('',(#4488));
#4291=SURFACE_SIDE_STYLE('',(#4489));
#4292=SURFACE_SIDE_STYLE('',(#4490));
#4293=SURFACE_SIDE_STYLE('',(#4491));
#4294=SURFACE_SIDE_STYLE('',(#4492));
#4295=SURFACE_SIDE_STYLE('',(#4493));
#4296=SURFACE_SIDE_STYLE('',(#4494));
#4297=SURFACE_SIDE_STYLE('',(#4495));
#4298=SURFACE_SIDE_STYLE('',(#4496));
#4299=SURFACE_SIDE_STYLE('',(#4497));
#4300=SURFACE_SIDE_STYLE('',(#4498));
#4301=SURFACE_SIDE_STYLE('',(#4499));
#4302=SURFACE_SIDE_STYLE('',(#4500));
#4303=SURFACE_SIDE_STYLE('',(#4501));
#4304=SURFACE_SIDE_STYLE('',(#4502));
#4305=SURFACE_SIDE_STYLE('',(#4503));
#4306=SURFACE_SIDE_STYLE('',(#4504));
#4307=SURFACE_SIDE_STYLE('',(#4505));
#4308=SURFACE_SIDE_STYLE('',(#4506));
#4309=SURFACE_SIDE_STYLE('',(#4507));
#4310=SURFACE_SIDE_STYLE('',(#4508));
#4311=SURFACE_SIDE_STYLE('',(#4509));
#4312=SURFACE_SIDE_STYLE('',(#4510));
#4313=SURFACE_SIDE_STYLE('',(#4511));
#4314=SURFACE_SIDE_STYLE('',(#4512));
#4315=SURFACE_SIDE_STYLE('',(#4513));
#4316=SURFACE_SIDE_STYLE('',(#4514));
#4317=SURFACE_SIDE_STYLE('',(#4515));
#4318=SURFACE_SIDE_STYLE('',(#4516));
#4319=SURFACE_SIDE_STYLE('',(#4517));
#4320=SURFACE_SIDE_STYLE('',(#4518));
#4321=SURFACE_SIDE_STYLE('',(#4519));
#4322=SURFACE_SIDE_STYLE('',(#4520));
#4323=SURFACE_SIDE_STYLE('',(#4521));
#4324=SURFACE_SIDE_STYLE('',(#4522));
#4325=SURFACE_SIDE_STYLE('',(#4523));
#4326=SURFACE_SIDE_STYLE('',(#4524));
#4327=SURFACE_SIDE_STYLE('',(#4525));
#4328=SURFACE_SIDE_STYLE('',(#4526));
#4329=SURFACE_SIDE_STYLE('',(#4527));
#4330=SURFACE_SIDE_STYLE('',(#4528));
#4331=SURFACE_SIDE_STYLE('',(#4529));
#4332=SURFACE_SIDE_STYLE('',(#4530));
#4333=SURFACE_SIDE_STYLE('',(#4531));
#4334=SURFACE_SIDE_STYLE('',(#4532));
#4335=SURFACE_SIDE_STYLE('',(#4533));
#4336=SURFACE_SIDE_STYLE('',(#4534));
#4337=SURFACE_SIDE_STYLE('',(#4535));
#4338=SURFACE_SIDE_STYLE('',(#4536));
#4339=SURFACE_SIDE_STYLE('',(#4537));
#4340=SURFACE_SIDE_STYLE('',(#4538));
#4341=SURFACE_SIDE_STYLE('',(#4539));
#4342=SURFACE_SIDE_STYLE('',(#4540));
#4343=SURFACE_SIDE_STYLE('',(#4541));
#4344=SURFACE_SIDE_STYLE('',(#4542));
#4345=SURFACE_SIDE_STYLE('',(#4543));
#4346=SURFACE_SIDE_STYLE('',(#4544));
#4347=SURFACE_SIDE_STYLE('',(#4545));
#4348=SURFACE_SIDE_STYLE('',(#4546));
#4349=SURFACE_SIDE_STYLE('',(#4547));
#4350=SURFACE_SIDE_STYLE('',(#4548));
#4351=SURFACE_SIDE_STYLE('',(#4549));
#4352=SURFACE_SIDE_STYLE('',(#4550));
#4353=SURFACE_SIDE_STYLE('',(#4551));
#4354=SURFACE_SIDE_STYLE('',(#4552));
#4355=SURFACE_SIDE_STYLE('',(#4553));
#4356=SURFACE_SIDE_STYLE('',(#4554));
#4357=SURFACE_SIDE_STYLE('',(#4555));
#4358=SURFACE_SIDE_STYLE('',(#4556));
#4359=SURFACE_SIDE_STYLE('',(#4557));
#4360=SURFACE_SIDE_STYLE('',(#4558));
#4361=SURFACE_SIDE_STYLE('',(#4559));
#4362=SURFACE_SIDE_STYLE('',(#4560));
#4363=SURFACE_SIDE_STYLE('',(#4561));
#4364=SURFACE_SIDE_STYLE('',(#4562));
#4365=SURFACE_SIDE_STYLE('',(#4563));
#4366=SURFACE_SIDE_STYLE('',(#4564));
#4367=SURFACE_SIDE_STYLE('',(#4565));
#4368=SURFACE_SIDE_STYLE('',(#4566));
#4369=SURFACE_SIDE_STYLE('',(#4567));
#4370=SURFACE_SIDE_STYLE('',(#4568));
#4371=SURFACE_SIDE_STYLE('',(#4569));
#4372=SURFACE_SIDE_STYLE('',(#4570));
#4373=SURFACE_SIDE_STYLE('',(#4571));
#4374=SURFACE_SIDE_STYLE('',(#4572));
#4375=SURFACE_SIDE_STYLE('',(#4573));
#4376=SURFACE_SIDE_STYLE('',(#4574));
#4377=SURFACE_SIDE_STYLE('',(#4575));
#4378=SURFACE_SIDE_STYLE('',(#4576));
#4379=SURFACE_SIDE_STYLE('',(#4577));
#4380=SURFACE_SIDE_STYLE('',(#4578));
#4381=SURFACE_SIDE_STYLE('',(#4579));
#4382=SURFACE_SIDE_STYLE('',(#4580));
#4383=SURFACE_SIDE_STYLE('',(#4581));
#4384=SURFACE_SIDE_STYLE('',(#4582));
#4385=SURFACE_SIDE_STYLE('',(#4583));
#4386=SURFACE_SIDE_STYLE('',(#4584));
#4387=SURFACE_SIDE_STYLE('',(#4585));
#4388=SURFACE_SIDE_STYLE('',(#4586));
#4389=SURFACE_SIDE_STYLE('',(#4587));
#4390=SURFACE_SIDE_STYLE('',(#4588));
#4391=SURFACE_SIDE_STYLE('',(#4589));
#4392=SURFACE_STYLE_FILL_AREA(#4590);
#4393=SURFACE_STYLE_FILL_AREA(#4591);
#4394=SURFACE_STYLE_FILL_AREA(#4592);
#4395=SURFACE_STYLE_FILL_AREA(#4593);
#4396=SURFACE_STYLE_FILL_AREA(#4594);
#4397=SURFACE_STYLE_FILL_AREA(#4595);
#4398=SURFACE_STYLE_FILL_AREA(#4596);
#4399=SURFACE_STYLE_FILL_AREA(#4597);
#4400=SURFACE_STYLE_FILL_AREA(#4598);
#4401=SURFACE_STYLE_FILL_AREA(#4599);
#4402=SURFACE_STYLE_FILL_AREA(#4600);
#4403=SURFACE_STYLE_FILL_AREA(#4601);
#4404=SURFACE_STYLE_FILL_AREA(#4602);
#4405=SURFACE_STYLE_FILL_AREA(#4603);
#4406=SURFACE_STYLE_FILL_AREA(#4604);
#4407=SURFACE_STYLE_FILL_AREA(#4605);
#4408=SURFACE_STYLE_FILL_AREA(#4606);
#4409=SURFACE_STYLE_FILL_AREA(#4607);
#4410=SURFACE_STYLE_FILL_AREA(#4608);
#4411=SURFACE_STYLE_FILL_AREA(#4609);
#4412=SURFACE_STYLE_FILL_AREA(#4610);
#4413=SURFACE_STYLE_FILL_AREA(#4611);
#4414=SURFACE_STYLE_FILL_AREA(#4612);
#4415=SURFACE_STYLE_FILL_AREA(#4613);
#4416=SURFACE_STYLE_FILL_AREA(#4614);
#4417=SURFACE_STYLE_FILL_AREA(#4615);
#4418=SURFACE_STYLE_FILL_AREA(#4616);
#4419=SURFACE_STYLE_FILL_AREA(#4617);
#4420=SURFACE_STYLE_FILL_AREA(#4618);
#4421=SURFACE_STYLE_FILL_AREA(#4619);
#4422=SURFACE_STYLE_FILL_AREA(#4620);
#4423=SURFACE_STYLE_FILL_AREA(#4621);
#4424=SURFACE_STYLE_FILL_AREA(#4622);
#4425=SURFACE_STYLE_FILL_AREA(#4623);
#4426=SURFACE_STYLE_FILL_AREA(#4624);
#4427=SURFACE_STYLE_FILL_AREA(#4625);
#4428=SURFACE_STYLE_FILL_AREA(#4626);
#4429=SURFACE_STYLE_FILL_AREA(#4627);
#4430=SURFACE_STYLE_FILL_AREA(#4628);
#4431=SURFACE_STYLE_FILL_AREA(#4629);
#4432=SURFACE_STYLE_FILL_AREA(#4630);
#4433=SURFACE_STYLE_FILL_AREA(#4631);
#4434=SURFACE_STYLE_FILL_AREA(#4632);
#4435=SURFACE_STYLE_FILL_AREA(#4633);
#4436=SURFACE_STYLE_FILL_AREA(#4634);
#4437=SURFACE_STYLE_FILL_AREA(#4635);
#4438=SURFACE_STYLE_FILL_AREA(#4636);
#4439=SURFACE_STYLE_FILL_AREA(#4637);
#4440=SURFACE_STYLE_FILL_AREA(#4638);
#4441=SURFACE_STYLE_FILL_AREA(#4639);
#4442=SURFACE_STYLE_FILL_AREA(#4640);
#4443=SURFACE_STYLE_FILL_AREA(#4641);
#4444=SURFACE_STYLE_FILL_AREA(#4642);
#4445=SURFACE_STYLE_FILL_AREA(#4643);
#4446=SURFACE_STYLE_FILL_AREA(#4644);
#4447=SURFACE_STYLE_FILL_AREA(#4645);
#4448=SURFACE_STYLE_FILL_AREA(#4646);
#4449=SURFACE_STYLE_FILL_AREA(#4647);
#4450=SURFACE_STYLE_FILL_AREA(#4648);
#4451=SURFACE_STYLE_FILL_AREA(#4649);
#4452=SURFACE_STYLE_FILL_AREA(#4650);
#4453=SURFACE_STYLE_FILL_AREA(#4651);
#4454=SURFACE_STYLE_FILL_AREA(#4652);
#4455=SURFACE_STYLE_FILL_AREA(#4653);
#4456=SURFACE_STYLE_FILL_AREA(#4654);
#4457=SURFACE_STYLE_FILL_AREA(#4655);
#4458=SURFACE_STYLE_FILL_AREA(#4656);
#4459=SURFACE_STYLE_FILL_AREA(#4657);
#4460=SURFACE_STYLE_FILL_AREA(#4658);
#4461=SURFACE_STYLE_FILL_AREA(#4659);
#4462=SURFACE_STYLE_FILL_AREA(#4660);
#4463=SURFACE_STYLE_FILL_AREA(#4661);
#4464=SURFACE_STYLE_FILL_AREA(#4662);
#4465=SURFACE_STYLE_FILL_AREA(#4663);
#4466=SURFACE_STYLE_FILL_AREA(#4664);
#4467=SURFACE_STYLE_FILL_AREA(#4665);
#4468=SURFACE_STYLE_FILL_AREA(#4666);
#4469=SURFACE_STYLE_FILL_AREA(#4667);
#4470=SURFACE_STYLE_FILL_AREA(#4668);
#4471=SURFACE_STYLE_FILL_AREA(#4669);
#4472=SURFACE_STYLE_FILL_AREA(#4670);
#4473=SURFACE_STYLE_FILL_AREA(#4671);
#4474=SURFACE_STYLE_FILL_AREA(#4672);
#4475=SURFACE_STYLE_FILL_AREA(#4673);
#4476=SURFACE_STYLE_FILL_AREA(#4674);
#4477=SURFACE_STYLE_FILL_AREA(#4675);
#4478=SURFACE_STYLE_FILL_AREA(#4676);
#4479=SURFACE_STYLE_FILL_AREA(#4677);
#4480=SURFACE_STYLE_FILL_AREA(#4678);
#4481=SURFACE_STYLE_FILL_AREA(#4679);
#4482=SURFACE_STYLE_FILL_AREA(#4680);
#4483=SURFACE_STYLE_FILL_AREA(#4681);
#4484=SURFACE_STYLE_FILL_AREA(#4682);
#4485=SURFACE_STYLE_FILL_AREA(#4683);
#4486=SURFACE_STYLE_FILL_AREA(#4684);
#4487=SURFACE_STYLE_FILL_AREA(#4685);
#4488=SURFACE_STYLE_FILL_AREA(#4686);
#4489=SURFACE_STYLE_FILL_AREA(#4687);
#4490=SURFACE_STYLE_FILL_AREA(#4688);
#4491=SURFACE_STYLE_FILL_AREA(#4689);
#4492=SURFACE_STYLE_FILL_AREA(#4690);
#4493=SURFACE_STYLE_FILL_AREA(#4691);
#4494=SURFACE_STYLE_FILL_AREA(#4692);
#4495=SURFACE_STYLE_FILL_AREA(#4693);
#4496=SURFACE_STYLE_FILL_AREA(#4694);
#4497=SURFACE_STYLE_FILL_AREA(#4695);
#4498=SURFACE_STYLE_FILL_AREA(#4696);
#4499=SURFACE_STYLE_FILL_AREA(#4697);
#4500=SURFACE_STYLE_FILL_AREA(#4698);
#4501=SURFACE_STYLE_FILL_AREA(#4699);
#4502=SURFACE_STYLE_FILL_AREA(#4700);
#4503=SURFACE_STYLE_FILL_AREA(#4701);
#4504=SURFACE_STYLE_FILL_AREA(#4702);
#4505=SURFACE_STYLE_FILL_AREA(#4703);
#4506=SURFACE_STYLE_FILL_AREA(#4704);
#4507=SURFACE_STYLE_FILL_AREA(#4705);
#4508=SURFACE_STYLE_FILL_AREA(#4706);
#4509=SURFACE_STYLE_FILL_AREA(#4707);
#4510=SURFACE_STYLE_FILL_AREA(#4708);
#4511=SURFACE_STYLE_FILL_AREA(#4709);
#4512=SURFACE_STYLE_FILL_AREA(#4710);
#4513=SURFACE_STYLE_FILL_AREA(#4711);
#4514=SURFACE_STYLE_FILL_AREA(#4712);
#4515=SURFACE_STYLE_FILL_AREA(#4713);
#4516=SURFACE_STYLE_FILL_AREA(#4714);
#4517=SURFACE_STYLE_FILL_AREA(#4715);
#4518=SURFACE_STYLE_FILL_AREA(#4716);
#4519=SURFACE_STYLE_FILL_AREA(#4717);
#4520=SURFACE_STYLE_FILL_AREA(#4718);
#4521=SURFACE_STYLE_FILL_AREA(#4719);
#4522=SURFACE_STYLE_FILL_AREA(#4720);
#4523=SURFACE_STYLE_FILL_AREA(#4721);
#4524=SURFACE_STYLE_FILL_AREA(#4722);
#4525=SURFACE_STYLE_FILL_AREA(#4723);
#4526=SURFACE_STYLE_FILL_AREA(#4724);
#4527=SURFACE_STYLE_FILL_AREA(#4725);
#4528=SURFACE_STYLE_FILL_AREA(#4726);
#4529=SURFACE_STYLE_FILL_AREA(#4727);
#4530=SURFACE_STYLE_FILL_AREA(#4728);
#4531=SURFACE_STYLE_FILL_AREA(#4729);
#4532=SURFACE_STYLE_FILL_AREA(#4730);
#4533=SURFACE_STYLE_FILL_AREA(#4731);
#4534=SURFACE_STYLE_FILL_AREA(#4732);
#4535=SURFACE_STYLE_FILL_AREA(#4733);
#4536=SURFACE_STYLE_FILL_AREA(#4734);
#4537=SURFACE_STYLE_FILL_AREA(#4735);
#4538=SURFACE_STYLE_FILL_AREA(#4736);
#4539=SURFACE_STYLE_FILL_AREA(#4737);
#4540=SURFACE_STYLE_FILL_AREA(#4738);
#4541=SURFACE_STYLE_FILL_AREA(#4739);
#4542=SURFACE_STYLE_FILL_AREA(#4740);
#4543=SURFACE_STYLE_FILL_AREA(#4741);
#4544=SURFACE_STYLE_FILL_AREA(#4742);
#4545=SURFACE_STYLE_FILL_AREA(#4743);
#4546=SURFACE_STYLE_FILL_AREA(#4744);
#4547=SURFACE_STYLE_FILL_AREA(#4745);
#4548=SURFACE_STYLE_FILL_AREA(#4746);
#4549=SURFACE_STYLE_FILL_AREA(#4747);
#4550=SURFACE_STYLE_FILL_AREA(#4748);
#4551=SURFACE_STYLE_FILL_AREA(#4749);
#4552=SURFACE_STYLE_FILL_AREA(#4750);
#4553=SURFACE_STYLE_FILL_AREA(#4751);
#4554=SURFACE_STYLE_FILL_AREA(#4752);
#4555=SURFACE_STYLE_FILL_AREA(#4753);
#4556=SURFACE_STYLE_FILL_AREA(#4754);
#4557=SURFACE_STYLE_FILL_AREA(#4755);
#4558=SURFACE_STYLE_FILL_AREA(#4756);
#4559=SURFACE_STYLE_FILL_AREA(#4757);
#4560=SURFACE_STYLE_FILL_AREA(#4758);
#4561=SURFACE_STYLE_FILL_AREA(#4759);
#4562=SURFACE_STYLE_FILL_AREA(#4760);
#4563=SURFACE_STYLE_FILL_AREA(#4761);
#4564=SURFACE_STYLE_FILL_AREA(#4762);
#4565=SURFACE_STYLE_FILL_AREA(#4763);
#4566=SURFACE_STYLE_FILL_AREA(#4764);
#4567=SURFACE_STYLE_FILL_AREA(#4765);
#4568=SURFACE_STYLE_FILL_AREA(#4766);
#4569=SURFACE_STYLE_FILL_AREA(#4767);
#4570=SURFACE_STYLE_FILL_AREA(#4768);
#4571=SURFACE_STYLE_FILL_AREA(#4769);
#4572=SURFACE_STYLE_FILL_AREA(#4770);
#4573=SURFACE_STYLE_FILL_AREA(#4771);
#4574=SURFACE_STYLE_FILL_AREA(#4772);
#4575=SURFACE_STYLE_FILL_AREA(#4773);
#4576=SURFACE_STYLE_FILL_AREA(#4774);
#4577=SURFACE_STYLE_FILL_AREA(#4775);
#4578=SURFACE_STYLE_FILL_AREA(#4776);
#4579=SURFACE_STYLE_FILL_AREA(#4777);
#4580=SURFACE_STYLE_FILL_AREA(#4778);
#4581=SURFACE_STYLE_FILL_AREA(#4779);
#4582=SURFACE_STYLE_FILL_AREA(#4780);
#4583=SURFACE_STYLE_FILL_AREA(#4781);
#4584=SURFACE_STYLE_FILL_AREA(#4782);
#4585=SURFACE_STYLE_FILL_AREA(#4783);
#4586=SURFACE_STYLE_FILL_AREA(#4784);
#4587=SURFACE_STYLE_FILL_AREA(#4785);
#4588=SURFACE_STYLE_FILL_AREA(#4786);
#4589=SURFACE_STYLE_FILL_AREA(#4787);
#4590=FILL_AREA_STYLE('',(#4788));
#4591=FILL_AREA_STYLE('',(#4789));
#4592=FILL_AREA_STYLE('',(#4790));
#4593=FILL_AREA_STYLE('',(#4791));
#4594=FILL_AREA_STYLE('',(#4792));
#4595=FILL_AREA_STYLE('',(#4793));
#4596=FILL_AREA_STYLE('',(#4794));
#4597=FILL_AREA_STYLE('',(#4795));
#4598=FILL_AREA_STYLE('',(#4796));
#4599=FILL_AREA_STYLE('',(#4797));
#4600=FILL_AREA_STYLE('',(#4798));
#4601=FILL_AREA_STYLE('',(#4799));
#4602=FILL_AREA_STYLE('',(#4800));
#4603=FILL_AREA_STYLE('',(#4801));
#4604=FILL_AREA_STYLE('',(#4802));
#4605=FILL_AREA_STYLE('',(#4803));
#4606=FILL_AREA_STYLE('',(#4804));
#4607=FILL_AREA_STYLE('',(#4805));
#4608=FILL_AREA_STYLE('',(#4806));
#4609=FILL_AREA_STYLE('',(#4807));
#4610=FILL_AREA_STYLE('',(#4808));
#4611=FILL_AREA_STYLE('',(#4809));
#4612=FILL_AREA_STYLE('',(#4810));
#4613=FILL_AREA_STYLE('',(#4811));
#4614=FILL_AREA_STYLE('',(#4812));
#4615=FILL_AREA_STYLE('',(#4813));
#4616=FILL_AREA_STYLE('',(#4814));
#4617=FILL_AREA_STYLE('',(#4815));
#4618=FILL_AREA_STYLE('',(#4816));
#4619=FILL_AREA_STYLE('',(#4817));
#4620=FILL_AREA_STYLE('',(#4818));
#4621=FILL_AREA_STYLE('',(#4819));
#4622=FILL_AREA_STYLE('',(#4820));
#4623=FILL_AREA_STYLE('',(#4821));
#4624=FILL_AREA_STYLE('',(#4822));
#4625=FILL_AREA_STYLE('',(#4823));
#4626=FILL_AREA_STYLE('',(#4824));
#4627=FILL_AREA_STYLE('',(#4825));
#4628=FILL_AREA_STYLE('',(#4826));
#4629=FILL_AREA_STYLE('',(#4827));
#4630=FILL_AREA_STYLE('',(#4828));
#4631=FILL_AREA_STYLE('',(#4829));
#4632=FILL_AREA_STYLE('',(#4830));
#4633=FILL_AREA_STYLE('',(#4831));
#4634=FILL_AREA_STYLE('',(#4832));
#4635=FILL_AREA_STYLE('',(#4833));
#4636=FILL_AREA_STYLE('',(#4834));
#4637=FILL_AREA_STYLE('',(#4835));
#4638=FILL_AREA_STYLE('',(#4836));
#4639=FILL_AREA_STYLE('',(#4837));
#4640=FILL_AREA_STYLE('',(#4838));
#4641=FILL_AREA_STYLE('',(#4839));
#4642=FILL_AREA_STYLE('',(#4840));
#4643=FILL_AREA_STYLE('',(#4841));
#4644=FILL_AREA_STYLE('',(#4842));
#4645=FILL_AREA_STYLE('',(#4843));
#4646=FILL_AREA_STYLE('',(#4844));
#4647=FILL_AREA_STYLE('',(#4845));
#4648=FILL_AREA_STYLE('',(#4846));
#4649=FILL_AREA_STYLE('',(#4847));
#4650=FILL_AREA_STYLE('',(#4848));
#4651=FILL_AREA_STYLE('',(#4849));
#4652=FILL_AREA_STYLE('',(#4850));
#4653=FILL_AREA_STYLE('',(#4851));
#4654=FILL_AREA_STYLE('',(#4852));
#4655=FILL_AREA_STYLE('',(#4853));
#4656=FILL_AREA_STYLE('',(#4854));
#4657=FILL_AREA_STYLE('',(#4855));
#4658=FILL_AREA_STYLE('',(#4856));
#4659=FILL_AREA_STYLE('',(#4857));
#4660=FILL_AREA_STYLE('',(#4858));
#4661=FILL_AREA_STYLE('',(#4859));
#4662=FILL_AREA_STYLE('',(#4860));
#4663=FILL_AREA_STYLE('',(#4861));
#4664=FILL_AREA_STYLE('',(#4862));
#4665=FILL_AREA_STYLE('',(#4863));
#4666=FILL_AREA_STYLE('',(#4864));
#4667=FILL_AREA_STYLE('',(#4865));
#4668=FILL_AREA_STYLE('',(#4866));
#4669=FILL_AREA_STYLE('',(#4867));
#4670=FILL_AREA_STYLE('',(#4868));
#4671=FILL_AREA_STYLE('',(#4869));
#4672=FILL_AREA_STYLE('',(#4870));
#4673=FILL_AREA_STYLE('',(#4871));
#4674=FILL_AREA_STYLE('',(#4872));
#4675=FILL_AREA_STYLE('',(#4873));
#4676=FILL_AREA_STYLE('',(#4874));
#4677=FILL_AREA_STYLE('',(#4875));
#4678=FILL_AREA_STYLE('',(#4876));
#4679=FILL_AREA_STYLE('',(#4877));
#4680=FILL_AREA_STYLE('',(#4878));
#4681=FILL_AREA_STYLE('',(#4879));
#4682=FILL_AREA_STYLE('',(#4880));
#4683=FILL_AREA_STYLE('',(#4881));
#4684=FILL_AREA_STYLE('',(#4882));
#4685=FILL_AREA_STYLE('',(#4883));
#4686=FILL_AREA_STYLE('',(#4884));
#4687=FILL_AREA_STYLE('',(#4885));
#4688=FILL_AREA_STYLE('',(#4886));
#4689=FILL_AREA_STYLE('',(#4887));
#4690=FILL_AREA_STYLE('',(#4888));
#4691=FILL_AREA_STYLE('',(#4889));
#4692=FILL_AREA_STYLE('',(#4890));
#4693=FILL_AREA_STYLE('',(#4891));
#4694=FILL_AREA_STYLE('',(#4892));
#4695=FILL_AREA_STYLE('',(#4893));
#4696=FILL_AREA_STYLE('',(#4894));
#4697=FILL_AREA_STYLE('',(#4895));
#4698=FILL_AREA_STYLE('',(#4896));
#4699=FILL_AREA_STYLE('',(#4897));
#4700=FILL_AREA_STYLE('',(#4898));
#4701=FILL_AREA_STYLE('',(#4899));
#4702=FILL_AREA_STYLE('',(#4900));
#4703=FILL_AREA_STYLE('',(#4901));
#4704=FILL_AREA_STYLE('',(#4902));
#4705=FILL_AREA_STYLE('',(#4903));
#4706=FILL_AREA_STYLE('',(#4904));
#4707=FILL_AREA_STYLE('',(#4905));
#4708=FILL_AREA_STYLE('',(#4906));
#4709=FILL_AREA_STYLE('',(#4907));
#4710=FILL_AREA_STYLE('',(#4908));
#4711=FILL_AREA_STYLE('',(#4909));
#4712=FILL_AREA_STYLE('',(#4910));
#4713=FILL_AREA_STYLE('',(#4911));
#4714=FILL_AREA_STYLE('',(#4912));
#4715=FILL_AREA_STYLE('',(#4913));
#4716=FILL_AREA_STYLE('',(#4914));
#4717=FILL_AREA_STYLE('',(#4915));
#4718=FILL_AREA_STYLE('',(#4916));
#4719=FILL_AREA_STYLE('',(#4917));
#4720=FILL_AREA_STYLE('',(#4918));
#4721=FILL_AREA_STYLE('',(#4919));
#4722=FILL_AREA_STYLE('',(#4920));
#4723=FILL_AREA_STYLE('',(#4921));
#4724=FILL_AREA_STYLE('',(#4922));
#4725=FILL_AREA_STYLE('',(#4923));
#4726=FILL_AREA_STYLE('',(#4924));
#4727=FILL_AREA_STYLE('',(#4925));
#4728=FILL_AREA_STYLE('',(#4926));
#4729=FILL_AREA_STYLE('',(#4927));
#4730=FILL_AREA_STYLE('',(#4928));
#4731=FILL_AREA_STYLE('',(#4929));
#4732=FILL_AREA_STYLE('',(#4930));
#4733=FILL_AREA_STYLE('',(#4931));
#4734=FILL_AREA_STYLE('',(#4932));
#4735=FILL_AREA_STYLE('',(#4933));
#4736=FILL_AREA_STYLE('',(#4934));
#4737=FILL_AREA_STYLE('',(#4935));
#4738=FILL_AREA_STYLE('',(#4936));
#4739=FILL_AREA_STYLE('',(#4937));
#4740=FILL_AREA_STYLE('',(#4938));
#4741=FILL_AREA_STYLE('',(#4939));
#4742=FILL_AREA_STYLE('',(#4940));
#4743=FILL_AREA_STYLE('',(#4941));
#4744=FILL_AREA_STYLE('',(#4942));
#4745=FILL_AREA_STYLE('',(#4943));
#4746=FILL_AREA_STYLE('',(#4944));
#4747=FILL_AREA_STYLE('',(#4945));
#4748=FILL_AREA_STYLE('',(#4946));
#4749=FILL_AREA_STYLE('',(#4947));
#4750=FILL_AREA_STYLE('',(#4948));
#4751=FILL_AREA_STYLE('',(#4949));
#4752=FILL_AREA_STYLE('',(#4950));
#4753=FILL_AREA_STYLE('',(#4951));
#4754=FILL_AREA_STYLE('',(#4952));
#4755=FILL_AREA_STYLE('',(#4953));
#4756=FILL_AREA_STYLE('',(#4954));
#4757=FILL_AREA_STYLE('',(#4955));
#4758=FILL_AREA_STYLE('',(#4956));
#4759=FILL_AREA_STYLE('',(#4957));
#4760=FILL_AREA_STYLE('',(#4958));
#4761=FILL_AREA_STYLE('',(#4959));
#4762=FILL_AREA_STYLE('',(#4960));
#4763=FILL_AREA_STYLE('',(#4961));
#4764=FILL_AREA_STYLE('',(#4962));
#4765=FILL_AREA_STYLE('',(#4963));
#4766=FILL_AREA_STYLE('',(#4964));
#4767=FILL_AREA_STYLE('',(#4965));
#4768=FILL_AREA_STYLE('',(#4966));
#4769=FILL_AREA_STYLE('',(#4967));
#4770=FILL_AREA_STYLE('',(#4968));
#4771=FILL_AREA_STYLE('',(#4969));
#4772=FILL_AREA_STYLE('',(#4970));
#4773=FILL_AREA_STYLE('',(#4971));
#4774=FILL_AREA_STYLE('',(#4972));
#4775=FILL_AREA_STYLE('',(#4973));
#4776=FILL_AREA_STYLE('',(#4974));
#4777=FILL_AREA_STYLE('',(#4975));
#4778=FILL_AREA_STYLE('',(#4976));
#4779=FILL_AREA_STYLE('',(#4977));
#4780=FILL_AREA_STYLE('',(#4978));
#4781=FILL_AREA_STYLE('',(#4979));
#4782=FILL_AREA_STYLE('',(#4980));
#4783=FILL_AREA_STYLE('',(#4981));
#4784=FILL_AREA_STYLE('',(#4982));
#4785=FILL_AREA_STYLE('',(#4983));
#4786=FILL_AREA_STYLE('',(#4984));
#4787=FILL_AREA_STYLE('',(#4985));
#4788=FILL_AREA_STYLE_COLOUR('',#4986);
#4789=FILL_AREA_STYLE_COLOUR('',#4986);
#4790=FILL_AREA_STYLE_COLOUR('',#4986);
#4791=FILL_AREA_STYLE_COLOUR('',#4986);
#4792=FILL_AREA_STYLE_COLOUR('',#4986);
#4793=FILL_AREA_STYLE_COLOUR('',#4986);
#4794=FILL_AREA_STYLE_COLOUR('',#4986);
#4795=FILL_AREA_STYLE_COLOUR('',#4986);
#4796=FILL_AREA_STYLE_COLOUR('',#4986);
#4797=FILL_AREA_STYLE_COLOUR('',#4986);
#4798=FILL_AREA_STYLE_COLOUR('',#4986);
#4799=FILL_AREA_STYLE_COLOUR('',#4986);
#4800=FILL_AREA_STYLE_COLOUR('',#4986);
#4801=FILL_AREA_STYLE_COLOUR('',#4986);
#4802=FILL_AREA_STYLE_COLOUR('',#4986);
#4803=FILL_AREA_STYLE_COLOUR('',#4986);
#4804=FILL_AREA_STYLE_COLOUR('',#4986);
#4805=FILL_AREA_STYLE_COLOUR('',#4986);
#4806=FILL_AREA_STYLE_COLOUR('',#4986);
#4807=FILL_AREA_STYLE_COLOUR('',#4986);
#4808=FILL_AREA_STYLE_COLOUR('',#4986);
#4809=FILL_AREA_STYLE_COLOUR('',#4986);
#4810=FILL_AREA_STYLE_COLOUR('',#4986);
#4811=FILL_AREA_STYLE_COLOUR('',#4986);
#4812=FILL_AREA_STYLE_COLOUR('',#4986);
#4813=FILL_AREA_STYLE_COLOUR('',#4987);
#4814=FILL_AREA_STYLE_COLOUR('',#4987);
#4815=FILL_AREA_STYLE_COLOUR('',#4986);
#4816=FILL_AREA_STYLE_COLOUR('',#4986);
#4817=FILL_AREA_STYLE_COLOUR('',#4986);
#4818=FILL_AREA_STYLE_COLOUR('',#4987);
#4819=FILL_AREA_STYLE_COLOUR('',#4986);
#4820=FILL_AREA_STYLE_COLOUR('',#4987);
#4821=FILL_AREA_STYLE_COLOUR('',#4986);
#4822=FILL_AREA_STYLE_COLOUR('',#4986);
#4823=FILL_AREA_STYLE_COLOUR('',#4986);
#4824=FILL_AREA_STYLE_COLOUR('',#4987);
#4825=FILL_AREA_STYLE_COLOUR('',#4986);
#4826=FILL_AREA_STYLE_COLOUR('',#4987);
#4827=FILL_AREA_STYLE_COLOUR('',#4986);
#4828=FILL_AREA_STYLE_COLOUR('',#4986);
#4829=FILL_AREA_STYLE_COLOUR('',#4986);
#4830=FILL_AREA_STYLE_COLOUR('',#4986);
#4831=FILL_AREA_STYLE_COLOUR('',#4986);
#4832=FILL_AREA_STYLE_COLOUR('',#4986);
#4833=FILL_AREA_STYLE_COLOUR('',#4987);
#4834=FILL_AREA_STYLE_COLOUR('',#4987);
#4835=FILL_AREA_STYLE_COLOUR('',#4986);
#4836=FILL_AREA_STYLE_COLOUR('',#4986);
#4837=FILL_AREA_STYLE_COLOUR('',#4986);
#4838=FILL_AREA_STYLE_COLOUR('',#4986);
#4839=FILL_AREA_STYLE_COLOUR('',#4986);
#4840=FILL_AREA_STYLE_COLOUR('',#4986);
#4841=FILL_AREA_STYLE_COLOUR('',#4987);
#4842=FILL_AREA_STYLE_COLOUR('',#4987);
#4843=FILL_AREA_STYLE_COLOUR('',#4986);
#4844=FILL_AREA_STYLE_COLOUR('',#4986);
#4845=FILL_AREA_STYLE_COLOUR('',#4987);
#4846=FILL_AREA_STYLE_COLOUR('',#4986);
#4847=FILL_AREA_STYLE_COLOUR('',#4986);
#4848=FILL_AREA_STYLE_COLOUR('',#4987);
#4849=FILL_AREA_STYLE_COLOUR('',#4987);
#4850=FILL_AREA_STYLE_COLOUR('',#4987);
#4851=FILL_AREA_STYLE_COLOUR('',#4987);
#4852=FILL_AREA_STYLE_COLOUR('',#4986);
#4853=FILL_AREA_STYLE_COLOUR('',#4986);
#4854=FILL_AREA_STYLE_COLOUR('',#4987);
#4855=FILL_AREA_STYLE_COLOUR('',#4986);
#4856=FILL_AREA_STYLE_COLOUR('',#4986);
#4857=FILL_AREA_STYLE_COLOUR('',#4987);
#4858=FILL_AREA_STYLE_COLOUR('',#4987);
#4859=FILL_AREA_STYLE_COLOUR('',#4987);
#4860=FILL_AREA_STYLE_COLOUR('',#4987);
#4861=FILL_AREA_STYLE_COLOUR('',#4987);
#4862=FILL_AREA_STYLE_COLOUR('',#4987);
#4863=FILL_AREA_STYLE_COLOUR('',#4987);
#4864=FILL_AREA_STYLE_COLOUR('',#4987);
#4865=FILL_AREA_STYLE_COLOUR('',#4987);
#4866=FILL_AREA_STYLE_COLOUR('',#4987);
#4867=FILL_AREA_STYLE_COLOUR('',#4987);
#4868=FILL_AREA_STYLE_COLOUR('',#4987);
#4869=FILL_AREA_STYLE_COLOUR('',#4987);
#4870=FILL_AREA_STYLE_COLOUR('',#4986);
#4871=FILL_AREA_STYLE_COLOUR('',#4986);
#4872=FILL_AREA_STYLE_COLOUR('',#4986);
#4873=FILL_AREA_STYLE_COLOUR('',#4987);
#4874=FILL_AREA_STYLE_COLOUR('',#4987);
#4875=FILL_AREA_STYLE_COLOUR('',#4987);
#4876=FILL_AREA_STYLE_COLOUR('',#4987);
#4877=FILL_AREA_STYLE_COLOUR('',#4987);
#4878=FILL_AREA_STYLE_COLOUR('',#4987);
#4879=FILL_AREA_STYLE_COLOUR('',#4987);
#4880=FILL_AREA_STYLE_COLOUR('',#4987);
#4881=FILL_AREA_STYLE_COLOUR('',#4987);
#4882=FILL_AREA_STYLE_COLOUR('',#4987);
#4883=FILL_AREA_STYLE_COLOUR('',#4987);
#4884=FILL_AREA_STYLE_COLOUR('',#4987);
#4885=FILL_AREA_STYLE_COLOUR('',#4987);
#4886=FILL_AREA_STYLE_COLOUR('',#4986);
#4887=FILL_AREA_STYLE_COLOUR('',#4986);
#4888=FILL_AREA_STYLE_COLOUR('',#4986);
#4889=FILL_AREA_STYLE_COLOUR('',#4986);
#4890=FILL_AREA_STYLE_COLOUR('',#4986);
#4891=FILL_AREA_STYLE_COLOUR('',#4986);
#4892=FILL_AREA_STYLE_COLOUR('',#4986);
#4893=FILL_AREA_STYLE_COLOUR('',#4986);
#4894=FILL_AREA_STYLE_COLOUR('',#4986);
#4895=FILL_AREA_STYLE_COLOUR('',#4986);
#4896=FILL_AREA_STYLE_COLOUR('',#4986);
#4897=FILL_AREA_STYLE_COLOUR('',#4986);
#4898=FILL_AREA_STYLE_COLOUR('',#4986);
#4899=FILL_AREA_STYLE_COLOUR('',#4986);
#4900=FILL_AREA_STYLE_COLOUR('',#4986);
#4901=FILL_AREA_STYLE_COLOUR('',#4986);
#4902=FILL_AREA_STYLE_COLOUR('',#4986);
#4903=FILL_AREA_STYLE_COLOUR('',#4986);
#4904=FILL_AREA_STYLE_COLOUR('',#4986);
#4905=FILL_AREA_STYLE_COLOUR('',#4986);
#4906=FILL_AREA_STYLE_COLOUR('',#4986);
#4907=FILL_AREA_STYLE_COLOUR('',#4986);
#4908=FILL_AREA_STYLE_COLOUR('',#4986);
#4909=FILL_AREA_STYLE_COLOUR('',#4986);
#4910=FILL_AREA_STYLE_COLOUR('',#4986);
#4911=FILL_AREA_STYLE_COLOUR('',#4986);
#4912=FILL_AREA_STYLE_COLOUR('',#4986);
#4913=FILL_AREA_STYLE_COLOUR('',#4987);
#4914=FILL_AREA_STYLE_COLOUR('',#4986);
#4915=FILL_AREA_STYLE_COLOUR('',#4986);
#4916=FILL_AREA_STYLE_COLOUR('',#4986);
#4917=FILL_AREA_STYLE_COLOUR('',#4986);
#4918=FILL_AREA_STYLE_COLOUR('',#4986);
#4919=FILL_AREA_STYLE_COLOUR('',#4986);
#4920=FILL_AREA_STYLE_COLOUR('',#4986);
#4921=FILL_AREA_STYLE_COLOUR('',#4986);
#4922=FILL_AREA_STYLE_COLOUR('',#4986);
#4923=FILL_AREA_STYLE_COLOUR('',#4986);
#4924=FILL_AREA_STYLE_COLOUR('',#4986);
#4925=FILL_AREA_STYLE_COLOUR('',#4986);
#4926=FILL_AREA_STYLE_COLOUR('',#4986);
#4927=FILL_AREA_STYLE_COLOUR('',#4986);
#4928=FILL_AREA_STYLE_COLOUR('',#4986);
#4929=FILL_AREA_STYLE_COLOUR('',#4986);
#4930=FILL_AREA_STYLE_COLOUR('',#4986);
#4931=FILL_AREA_STYLE_COLOUR('',#4986);
#4932=FILL_AREA_STYLE_COLOUR('',#4986);
#4933=FILL_AREA_STYLE_COLOUR('',#4986);
#4934=FILL_AREA_STYLE_COLOUR('',#4986);
#4935=FILL_AREA_STYLE_COLOUR('',#4986);
#4936=FILL_AREA_STYLE_COLOUR('',#4986);
#4937=FILL_AREA_STYLE_COLOUR('',#4986);
#4938=FILL_AREA_STYLE_COLOUR('',#4986);
#4939=FILL_AREA_STYLE_COLOUR('',#4986);
#4940=FILL_AREA_STYLE_COLOUR('',#4986);
#4941=FILL_AREA_STYLE_COLOUR('',#4986);
#4942=FILL_AREA_STYLE_COLOUR('',#4986);
#4943=FILL_AREA_STYLE_COLOUR('',#4986);
#4944=FILL_AREA_STYLE_COLOUR('',#4986);
#4945=FILL_AREA_STYLE_COLOUR('',#4986);
#4946=FILL_AREA_STYLE_COLOUR('',#4986);
#4947=FILL_AREA_STYLE_COLOUR('',#4986);
#4948=FILL_AREA_STYLE_COLOUR('',#4986);
#4949=FILL_AREA_STYLE_COLOUR('',#4986);
#4950=FILL_AREA_STYLE_COLOUR('',#4987);
#4951=FILL_AREA_STYLE_COLOUR('',#4986);
#4952=FILL_AREA_STYLE_COLOUR('',#4986);
#4953=FILL_AREA_STYLE_COLOUR('',#4987);
#4954=FILL_AREA_STYLE_COLOUR('',#4986);
#4955=FILL_AREA_STYLE_COLOUR('',#4986);
#4956=FILL_AREA_STYLE_COLOUR('',#4987);
#4957=FILL_AREA_STYLE_COLOUR('',#4986);
#4958=FILL_AREA_STYLE_COLOUR('',#4986);
#4959=FILL_AREA_STYLE_COLOUR('',#4987);
#4960=FILL_AREA_STYLE_COLOUR('',#4986);
#4961=FILL_AREA_STYLE_COLOUR('',#4986);
#4962=FILL_AREA_STYLE_COLOUR('',#4986);
#4963=FILL_AREA_STYLE_COLOUR('',#4986);
#4964=FILL_AREA_STYLE_COLOUR('',#4986);
#4965=FILL_AREA_STYLE_COLOUR('',#4986);
#4966=FILL_AREA_STYLE_COLOUR('',#4986);
#4967=FILL_AREA_STYLE_COLOUR('',#4986);
#4968=FILL_AREA_STYLE_COLOUR('',#4986);
#4969=FILL_AREA_STYLE_COLOUR('',#4986);
#4970=FILL_AREA_STYLE_COLOUR('',#4986);
#4971=FILL_AREA_STYLE_COLOUR('',#4986);
#4972=FILL_AREA_STYLE_COLOUR('',#4986);
#4973=FILL_AREA_STYLE_COLOUR('',#4986);
#4974=FILL_AREA_STYLE_COLOUR('',#4986);
#4975=FILL_AREA_STYLE_COLOUR('',#4986);
#4976=FILL_AREA_STYLE_COLOUR('',#4986);
#4977=FILL_AREA_STYLE_COLOUR('',#4986);
#4978=FILL_AREA_STYLE_COLOUR('',#4986);
#4979=FILL_AREA_STYLE_COLOUR('',#4986);
#4980=FILL_AREA_STYLE_COLOUR('',#4986);
#4981=FILL_AREA_STYLE_COLOUR('',#4986);
#4982=FILL_AREA_STYLE_COLOUR('',#4986);
#4983=FILL_AREA_STYLE_COLOUR('',#4986);
#4984=FILL_AREA_STYLE_COLOUR('',#4986);
#4985=FILL_AREA_STYLE_COLOUR('',#4986);
#4986=COLOUR_RGB('',0.699999988079071,0.699999988079071,0.699999988079071);
#4987=COLOUR_RGB('',0.200000002980232,0.200000002980232,0.200000002980232);
#4988=ADVANCED_FACE('',(#3256),#3460,.F.);
#4989=ADVANCED_FACE('',(#3257),#3461,.F.);
#4990=ADVANCED_FACE('',(#3258),#3462,.F.);
#4991=ADVANCED_FACE('',(#3259),#3463,.T.);
#4992=ADVANCED_FACE('',(#3260),#3464,.F.);
#4993=ADVANCED_FACE('',(#3261),#3465,.T.);
#4994=ADVANCED_FACE('',(#3262),#3466,.F.);
#4995=ADVANCED_FACE('',(#3263),#3467,.F.);
#4996=ADVANCED_FACE('',(#3264),#3468,.F.);
#4997=ADVANCED_FACE('',(#3265),#3469,.F.);
#4998=ADVANCED_FACE('',(#3266),#3470,.T.);
#4999=ADVANCED_FACE('',(#3267),#3471,.T.);
#5000=ADVANCED_FACE('',(#3268),#3472,.F.);
#5001=ADVANCED_FACE('',(#3269),#3473,.F.);
#5002=ADVANCED_FACE('',(#3270),#3474,.F.);
#5003=ADVANCED_FACE('',(#3271),#3475,.F.);
#5004=ADVANCED_FACE('',(#3272),#3476,.F.);
#5005=ADVANCED_FACE('',(#3273),#3477,.F.);
#5006=ADVANCED_FACE('',(#3274),#3478,.F.);
#5007=ADVANCED_FACE('',(#3275),#3479,.F.);
#5008=ADVANCED_FACE('',(#3276),#3480,.F.);
#5009=ADVANCED_FACE('',(#3277),#3481,.T.);
#5010=ADVANCED_FACE('',(#3278),#3482,.F.);
#5011=ADVANCED_FACE('',(#3279),#3483,.F.);
#5012=ADVANCED_FACE('',(#3280),#3484,.F.);
#5013=ADVANCED_FACE('',(#3281),#3485,.T.);
#5014=ADVANCED_FACE('',(#3282),#3486,.T.);
#5015=ADVANCED_FACE('',(#3283),#3487,.T.);
#5016=ADVANCED_FACE('',(#3284),#3488,.T.);
#5017=ADVANCED_FACE('',(#3285),#3489,.T.);
#5018=ADVANCED_FACE('',(#3286),#3490,.T.);
#5019=ADVANCED_FACE('',(#3287),#3491,.F.);
#5020=ADVANCED_FACE('',(#3288),#3492,.T.);
#5021=ADVANCED_FACE('',(#3289),#3493,.T.);
#5022=ADVANCED_FACE('',(#3290),#3494,.T.);
#5023=ADVANCED_FACE('',(#3291),#3495,.F.);
#5024=ADVANCED_FACE('',(#3292),#3496,.T.);
#5025=ADVANCED_FACE('',(#3293),#3497,.F.);
#5026=ADVANCED_FACE('',(#3294),#3498,.F.);
#5027=ADVANCED_FACE('',(#3295),#3499,.F.);
#5028=ADVANCED_FACE('',(#3296),#3500,.F.);
#5029=ADVANCED_FACE('',(#3297),#3501,.F.);
#5030=ADVANCED_FACE('',(#3298),#3502,.T.);
#5031=ADVANCED_FACE('',(#3299),#3503,.T.);
#5032=ADVANCED_FACE('',(#3300),#3504,.T.);
#5033=ADVANCED_FACE('',(#3301),#3505,.F.);
#5034=ADVANCED_FACE('',(#3302),#3506,.F.);
#5035=ADVANCED_FACE('',(#3303),#3507,.T.);
#5036=ADVANCED_FACE('',(#3304),#3508,.T.);
#5037=ADVANCED_FACE('',(#3305),#3509,.T.);
#5038=ADVANCED_FACE('',(#3306),#3510,.T.);
#5039=ADVANCED_FACE('',(#3307),#3511,.T.);
#5040=ADVANCED_FACE('',(#3308),#3512,.T.);
#5041=ADVANCED_FACE('',(#3309),#3513,.F.);
#5042=ADVANCED_FACE('',(#3310),#3514,.F.);
#5043=ADVANCED_FACE('',(#3311),#3515,.F.);
#5044=ADVANCED_FACE('',(#3312),#64,.F.);
#5045=ADVANCED_FACE('',(#3313),#3516,.F.);
#5046=ADVANCED_FACE('',(#3314),#65,.T.);
#5047=ADVANCED_FACE('',(#3315),#3517,.T.);
#5048=ADVANCED_FACE('',(#3316),#3518,.F.);
#5049=ADVANCED_FACE('',(#3317,#3318),#3519,.F.);
#5050=ADVANCED_FACE('',(#3319),#3520,.T.);
#5051=ADVANCED_FACE('',(#3320),#3521,.T.);
#5052=ADVANCED_FACE('',(#3321),#3522,.T.);
#5053=ADVANCED_FACE('',(#3322),#66,.F.);
#5054=ADVANCED_FACE('',(#3323),#3523,.T.);
#5055=ADVANCED_FACE('',(#3324),#67,.T.);
#5056=ADVANCED_FACE('',(#3325),#3524,.T.);
#5057=ADVANCED_FACE('',(#3326),#3525,.T.);
#5058=ADVANCED_FACE('',(#3327),#68,.F.);
#5059=ADVANCED_FACE('',(#3328),#69,.F.);
#5060=ADVANCED_FACE('',(#3329),#3526,.T.);
#5061=ADVANCED_FACE('',(#3330),#3527,.T.);
#5062=ADVANCED_FACE('',(#3331),#3528,.T.);
#5063=ADVANCED_FACE('',(#3332),#3529,.T.);
#5064=ADVANCED_FACE('',(#3333),#3530,.T.);
#5065=ADVANCED_FACE('',(#3334),#3531,.T.);
#5066=ADVANCED_FACE('',(#3335),#3532,.F.);
#5067=ADVANCED_FACE('',(#3336),#70,.F.);
#5068=ADVANCED_FACE('',(#3337),#71,.F.);
#5069=ADVANCED_FACE('',(#3338),#3533,.F.);
#5070=ADVANCED_FACE('',(#3339),#3534,.T.);
#5071=ADVANCED_FACE('',(#3340),#3535,.T.);
#5072=ADVANCED_FACE('',(#3341),#3536,.T.);
#5073=ADVANCED_FACE('',(#3342),#3537,.T.);
#5074=ADVANCED_FACE('',(#3343),#72,.F.);
#5075=ADVANCED_FACE('',(#3344),#73,.F.);
#5076=ADVANCED_FACE('',(#3345),#3538,.T.);
#5077=ADVANCED_FACE('',(#3346),#3539,.T.);
#5078=ADVANCED_FACE('',(#3347),#74,.F.);
#5079=ADVANCED_FACE('',(#3348),#3540,.T.);
#5080=ADVANCED_FACE('',(#3349),#75,.F.);
#5081=ADVANCED_FACE('',(#3350),#3541,.T.);
#5082=ADVANCED_FACE('',(#3351),#3542,.T.);
#5083=ADVANCED_FACE('',(#3352),#76,.F.);
#5084=ADVANCED_FACE('',(#3353),#77,.F.);
#5085=ADVANCED_FACE('',(#3354),#3543,.T.);
#5086=ADVANCED_FACE('',(#3355),#3544,.T.);
#5087=ADVANCED_FACE('',(#3356),#3545,.T.);
#5088=ADVANCED_FACE('',(#3357),#3546,.T.);
#5089=ADVANCED_FACE('',(#3358,#3359),#3547,.F.);
#5090=ADVANCED_FACE('',(#3360),#78,.T.);
#5091=ADVANCED_FACE('',(#3361),#20,.T.);
#5092=ADVANCED_FACE('',(#3362),#79,.T.);
#5093=ADVANCED_FACE('',(#3363),#21,.T.);
#5094=ADVANCED_FACE('',(#3364),#80,.T.);
#5095=ADVANCED_FACE('',(#3365),#22,.T.);
#5096=ADVANCED_FACE('',(#3366),#81,.T.);
#5097=ADVANCED_FACE('',(#3367),#23,.T.);
#5098=ADVANCED_FACE('',(#3368),#3548,.T.);
#5099=ADVANCED_FACE('',(#3369),#82,.T.);
#5100=ADVANCED_FACE('',(#3370),#3549,.T.);
#5101=ADVANCED_FACE('',(#3371),#83,.T.);
#5102=ADVANCED_FACE('',(#3372),#3550,.T.);
#5103=ADVANCED_FACE('',(#3373),#84,.T.);
#5104=ADVANCED_FACE('',(#3374),#85,.T.);
#5105=ADVANCED_FACE('',(#3375),#3551,.F.);
#5106=ADVANCED_FACE('',(#3376),#3552,.F.);
#5107=ADVANCED_FACE('',(#3377),#86,.F.);
#5108=ADVANCED_FACE('',(#3378),#3553,.F.);
#5109=ADVANCED_FACE('',(#3379),#87,.F.);
#5110=ADVANCED_FACE('',(#3380),#88,.F.);
#5111=ADVANCED_FACE('',(#3381),#3554,.F.);
#5112=ADVANCED_FACE('',(#3382),#89,.F.);
#5113=ADVANCED_FACE('',(#3383,#3384,#3385,#3386,#3387),#3555,.T.);
#5114=ADVANCED_FACE('',(#3388),#3556,.F.);
#5115=ADVANCED_FACE('',(#3389),#3557,.F.);
#5116=ADVANCED_FACE('',(#3390),#3558,.T.);
#5117=ADVANCED_FACE('',(#3391),#3559,.T.);
#5118=ADVANCED_FACE('',(#3392),#3560,.T.);
#5119=ADVANCED_FACE('',(#3393),#3561,.T.);
#5120=ADVANCED_FACE('',(#3394),#90,.T.);
#5121=ADVANCED_FACE('',(#3395),#3562,.T.);
#5122=ADVANCED_FACE('',(#3396),#91,.T.);
#5123=ADVANCED_FACE('',(#3397),#3563,.T.);
#5124=ADVANCED_FACE('',(#3398),#92,.F.);
#5125=ADVANCED_FACE('',(#3399),#93,.T.);
#5126=ADVANCED_FACE('',(#3400),#3564,.T.);
#5127=ADVANCED_FACE('',(#3401),#94,.F.);
#5128=ADVANCED_FACE('',(#3402),#3565,.T.);
#5129=ADVANCED_FACE('',(#3403),#95,.F.);
#5130=ADVANCED_FACE('',(#3404),#3566,.T.);
#5131=ADVANCED_FACE('',(#3405),#3567,.T.);
#5132=ADVANCED_FACE('',(#3406),#3568,.T.);
#5133=ADVANCED_FACE('',(#3407),#3569,.T.);
#5134=ADVANCED_FACE('',(#3408),#3570,.T.);
#5135=ADVANCED_FACE('',(#3409),#3571,.T.);
#5136=ADVANCED_FACE('',(#3410),#3572,.T.);
#5137=ADVANCED_FACE('',(#3411),#3573,.T.);
#5138=ADVANCED_FACE('',(#3412),#96,.F.);
#5139=ADVANCED_FACE('',(#3413),#3574,.T.);
#5140=ADVANCED_FACE('',(#3414),#97,.F.);
#5141=ADVANCED_FACE('',(#3415),#3575,.T.);
#5142=ADVANCED_FACE('',(#3416),#98,.T.);
#5143=ADVANCED_FACE('',(#3417),#99,.F.);
#5144=ADVANCED_FACE('',(#3418),#3576,.T.);
#5145=ADVANCED_FACE('',(#3419),#100,.T.);
#5146=ADVANCED_FACE('',(#3420),#3577,.T.);
#5147=ADVANCED_FACE('',(#3421),#101,.T.);
#5148=ADVANCED_FACE('',(#3422),#3578,.T.);
#5149=ADVANCED_FACE('',(#3423),#3579,.T.);
#5150=ADVANCED_FACE('',(#3424),#3580,.T.);
#5151=ADVANCED_FACE('',(#3425),#3581,.F.);
#5152=ADVANCED_FACE('',(#3426),#3582,.F.);
#5153=ADVANCED_FACE('',(#3427),#3583,.T.);
#5154=ADVANCED_FACE('',(#3428),#3584,.F.);
#5155=ADVANCED_FACE('',(#3429),#3585,.F.);
#5156=ADVANCED_FACE('',(#3430),#3586,.F.);
#5157=ADVANCED_FACE('',(#3431),#3587,.T.);
#5158=ADVANCED_FACE('',(#3432),#3588,.T.);
#5159=ADVANCED_FACE('',(#3433),#3589,.T.);
#5160=ADVANCED_FACE('',(#3434),#3590,.F.);
#5161=ADVANCED_FACE('',(#3435),#3591,.F.);
#5162=ADVANCED_FACE('',(#3436),#102,.T.);
#5163=ADVANCED_FACE('',(#3437),#103,.T.);
#5164=ADVANCED_FACE('',(#3438),#104,.T.);
#5165=ADVANCED_FACE('',(#3439),#105,.T.);
#5166=ADVANCED_FACE('',(#3440),#106,.T.);
#5167=ADVANCED_FACE('',(#3441),#107,.T.);
#5168=ADVANCED_FACE('',(#3442),#108,.F.);
#5169=ADVANCED_FACE('',(#3443),#109,.F.);
#5170=ADVANCED_FACE('',(#3444),#110,.F.);
#5171=ADVANCED_FACE('',(#3445),#111,.F.);
#5172=ADVANCED_FACE('',(#3446),#112,.F.);
#5173=ADVANCED_FACE('',(#3447),#113,.F.);
#5174=ADVANCED_FACE('',(#3448),#114,.F.);
#5175=ADVANCED_FACE('',(#3449),#115,.F.);
#5176=ADVANCED_FACE('',(#3450),#116,.F.);
#5177=ADVANCED_FACE('',(#3451),#117,.F.);
#5178=ADVANCED_FACE('',(#3452),#3592,.F.);
#5179=ADVANCED_FACE('',(#3453),#3593,.F.);
#5180=ADVANCED_FACE('',(#3454),#3594,.T.);
#5181=ADVANCED_FACE('',(#3455),#3595,.F.);
#5182=ADVANCED_FACE('',(#3456),#3596,.F.);
#5183=ADVANCED_FACE('',(#3457),#3597,.F.);
#5184=ADVANCED_FACE('',(#3458),#3598,.T.);
#5185=ADVANCED_FACE('',(#3459),#3599,.F.);
#5186=CLOSED_SHELL('',(#4988,#4989,#4990,#4991,#4992,#4993,#4994,#4995,
#4996,#4997,#4998,#4999,#5000,#5001,#5002,#5003,#5004,#5005,#5006,#5007,
#5008,#5009,#5010,#5011,#5012,#5013,#5014,#5015,#5016,#5017,#5018,#5019,
#5020,#5021,#5022,#5023,#5024,#5025,#5026,#5027,#5028,#5029,#5030,#5031,
#5032,#5033,#5034,#5035,#5036,#5037,#5038,#5039,#5040,#5041,#5042,#5043,
#5044,#5045,#5046,#5047,#5048,#5049,#5050,#5051,#5052,#5053,#5054,#5055,
#5056,#5057,#5058,#5059,#5060,#5061,#5062,#5063,#5064,#5065,#5066,#5067,
#5068,#5069,#5070,#5071,#5072,#5073,#5074,#5075,#5076,#5077,#5078,#5079,
#5080,#5081,#5082,#5083,#5084,#5085,#5086,#5087,#5088,#5089,#5090,#5091,
#5092,#5093,#5094,#5095,#5096,#5097,#5098,#5099,#5100,#5101,#5102,#5103,
#5104,#5105,#5106,#5107,#5108,#5109,#5110,#5111,#5112,#5113,#5114,#5115,
#5116,#5117,#5118,#5119,#5120,#5121,#5122,#5123,#5124,#5125,#5126,#5127,
#5128,#5129,#5130,#5131,#5132,#5133,#5134,#5135,#5136,#5137,#5138,#5139,
#5140,#5141,#5142,#5143,#5144,#5145,#5146,#5147,#5148,#5149,#5150,#5151,
#5152,#5153,#5154,#5155,#5156,#5157,#5158,#5159,#5160,#5161,#5162,#5163,
#5164,#5165,#5166,#5167,#5168,#5169,#5170,#5171,#5172,#5173,#5174,#5175,
#5176,#5177,#5178,#5179,#5180,#5181,#5182,#5183,#5184,#5185));
#5187=MANIFOLD_SOLID_BREP('',#5186);
#5188=SHAPE_DEFINITION_REPRESENTATION(#7664,#5189);
#5189=SHAPE_REPRESENTATION('UJ2-B-HR-G-V',(#5190),#7659);
#5190=AXIS2_PLACEMENT_3D('',#6557,#5501,#5502);
#5191=AXIS2_PLACEMENT_3D('',#6558,#5503,#5504);
#5192=AXIS2_PLACEMENT_3D('',#6567,#5509,#5510);
#5193=AXIS2_PLACEMENT_3D('',#6576,#5515,#5516);
#5194=AXIS2_PLACEMENT_3D('',#6585,#5521,#5522);
#5195=AXIS2_PLACEMENT_3D('',#6594,#5527,#5528);
#5196=AXIS2_PLACEMENT_3D('',#6603,#5533,#5534);
#5197=AXIS2_PLACEMENT_3D('',#6612,#5539,#5540);
#5198=AXIS2_PLACEMENT_3D('',#6621,#5545,#5546);
#5199=AXIS2_PLACEMENT_3D('',#6625,#5550,#5551);
#5200=AXIS2_PLACEMENT_3D('',#6634,#5556,#5557);
#5201=AXIS2_PLACEMENT_3D('',#6641,#5562,#5563);
#5202=AXIS2_PLACEMENT_3D('',#6647,#5567,#5568);
#5203=AXIS2_PLACEMENT_3D('',#6656,#5573,#5574);
#5204=AXIS2_PLACEMENT_3D('',#6665,#5579,#5580);
#5205=AXIS2_PLACEMENT_3D('',#6674,#5585,#5586);
#5206=AXIS2_PLACEMENT_3D('',#6678,#5590,#5591);
#5207=AXIS2_PLACEMENT_3D('',#6682,#5595,#5596);
#5208=AXIS2_PLACEMENT_3D('',#6686,#5600,#5601);
#5209=AXIS2_PLACEMENT_3D('',#6692,#5604,#5605);
#5210=AXIS2_PLACEMENT_3D('',#6696,#5607,#5608);
#5211=AXIS2_PLACEMENT_3D('',#6704,#5612,#5613);
#5212=AXIS2_PLACEMENT_3D('',#6708,#5615,#5616);
#5213=AXIS2_PLACEMENT_3D('',#6711,#5618,#5619);
#5214=AXIS2_PLACEMENT_3D('',#6720,#5624,#5625);
#5215=AXIS2_PLACEMENT_3D('',#6729,#5630,#5631);
#5216=AXIS2_PLACEMENT_3D('',#6735,#5635,#5636);
#5217=AXIS2_PLACEMENT_3D('',#6739,#5638,#5639);
#5218=AXIS2_PLACEMENT_3D('',#6743,#5641,#5642);
#5219=AXIS2_PLACEMENT_3D('',#6756,#5649,#5650);
#5220=AXIS2_PLACEMENT_3D('',#6760,#5652,#5653);
#5221=AXIS2_PLACEMENT_3D('',#6765,#5656,#5657);
#5222=AXIS2_PLACEMENT_3D('',#6767,#5659,#5660);
#5223=AXIS2_PLACEMENT_3D('',#6771,#5662,#5663);
#5224=AXIS2_PLACEMENT_3D('',#6779,#5667,#5668);
#5225=AXIS2_PLACEMENT_3D('',#6783,#5670,#5671);
#5226=AXIS2_PLACEMENT_3D('',#6784,#5672,#5673);
#5227=AXIS2_PLACEMENT_3D('',#6793,#5678,#5679);
#5228=AXIS2_PLACEMENT_3D('',#6799,#5683,#5684);
#5229=AXIS2_PLACEMENT_3D('',#6808,#5689,#5690);
#5230=AXIS2_PLACEMENT_3D('',#6814,#5694,#5695);
#5231=AXIS2_PLACEMENT_3D('',#6823,#5700,#5701);
#5232=AXIS2_PLACEMENT_3D('',#6832,#5706,#5707);
#5233=AXIS2_PLACEMENT_3D('',#6838,#5711,#5712);
#5234=AXIS2_PLACEMENT_3D('',#6842,#5715,#5716);
#5235=AXIS2_PLACEMENT_3D('',#6848,#5720,#5721);
#5236=AXIS2_PLACEMENT_3D('',#6852,#5724,#5725);
#5237=AXIS2_PLACEMENT_3D('',#6861,#5730,#5731);
#5238=AXIS2_PLACEMENT_3D('',#6870,#5736,#5737);
#5239=AXIS2_PLACEMENT_3D('',#6876,#5741,#5742);
#5240=AXIS2_PLACEMENT_3D('',#6878,#5744,#5745);
#5241=AXIS2_PLACEMENT_3D('',#6884,#5749,#5750);
#5242=AXIS2_PLACEMENT_3D('',#6890,#5754,#5755);
#5243=AXIS2_PLACEMENT_3D('',#6896,#5759,#5760);
#5244=AXIS2_PLACEMENT_3D('',#6900,#5763,#5764);
#5245=AXIS2_PLACEMENT_3D('',#6904,#5767,#5768);
#5246=AXIS2_PLACEMENT_3D('',#6910,#5772,#5773);
#5247=AXIS2_PLACEMENT_3D('',#6914,#5776,#5777);
#5248=AXIS2_PLACEMENT_3D('',#6918,#5780,#5781);
#5249=AXIS2_PLACEMENT_3D('',#6924,#5786,#5787);
#5250=AXIS2_PLACEMENT_3D('',#6928,#5790,#5791);
#5251=AXIS2_PLACEMENT_3D('',#6934,#5795,#5796);
#5252=AXIS2_PLACEMENT_3D('',#6938,#5799,#5800);
#5253=AXIS2_PLACEMENT_3D('',#6942,#5803,#5804);
#5254=AXIS2_PLACEMENT_3D('',#6948,#5808,#5809);
#5255=AXIS2_PLACEMENT_3D('',#6952,#5812,#5813);
#5256=AXIS2_PLACEMENT_3D('',#6956,#5816,#5817);
#5257=AXIS2_PLACEMENT_3D('',#6960,#5821,#5822);
#5258=AXIS2_PLACEMENT_3D('',#6969,#5827,#5828);
#5259=AXIS2_PLACEMENT_3D('',#6975,#5832,#5833);
#5260=AXIS2_PLACEMENT_3D('',#6976,#5834,#5835);
#5261=AXIS2_PLACEMENT_3D('',#6980,#5837,#5838);
#5262=AXIS2_PLACEMENT_3D('',#6981,#5839,#5840);
#5263=AXIS2_PLACEMENT_3D('',#6987,#5844,#5845);
#5264=AXIS2_PLACEMENT_3D('',#6988,#5846,#5847);
#5265=AXIS2_PLACEMENT_3D('',#6993,#5849,#5850);
#5266=AXIS2_PLACEMENT_3D('',#6996,#5852,#5853);
#5267=AXIS2_PLACEMENT_3D('',#6999,#5856,#5857);
#5268=AXIS2_PLACEMENT_3D('',#7005,#5861,#5862);
#5269=AXIS2_PLACEMENT_3D('',#7010,#5865,#5866);
#5270=AXIS2_PLACEMENT_3D('',#7012,#5867,#5868);
#5271=AXIS2_PLACEMENT_3D('',#7018,#5871,#5872);
#5272=AXIS2_PLACEMENT_3D('',#7022,#5874,#5875);
#5273=AXIS2_PLACEMENT_3D('',#7028,#5878,#5879);
#5274=AXIS2_PLACEMENT_3D('',#7030,#5880,#5881);
#5275=AXIS2_PLACEMENT_3D('',#7038,#5885,#5886);
#5276=AXIS2_PLACEMENT_3D('',#7040,#5887,#5888);
#5277=AXIS2_PLACEMENT_3D('',#7056,#5896,#5897);
#5278=AXIS2_PLACEMENT_3D('',#7058,#5898,#5899);
#5279=AXIS2_PLACEMENT_3D('',#7059,#5900,#5901);
#5280=AXIS2_PLACEMENT_3D('',#7065,#5905,#5906);
#5281=AXIS2_PLACEMENT_3D('',#7074,#5911,#5912);
#5282=AXIS2_PLACEMENT_3D('',#7080,#5916,#5917);
#5283=AXIS2_PLACEMENT_3D('',#7081,#5918,#5919);
#5284=AXIS2_PLACEMENT_3D('',#7083,#5920,#5921);
#5285=AXIS2_PLACEMENT_3D('',#7086,#5923,#5924);
#5286=AXIS2_PLACEMENT_3D('',#7089,#5927,#5928);
#5287=AXIS2_PLACEMENT_3D('',#7090,#5929,#5930);
#5288=AXIS2_PLACEMENT_3D('',#7095,#5932,#5933);
#5289=AXIS2_PLACEMENT_3D('',#7098,#5935,#5936);
#5290=AXIS2_PLACEMENT_3D('',#7101,#5939,#5940);
#5291=AXIS2_PLACEMENT_3D('',#7107,#5944,#5945);
#5292=AXIS2_PLACEMENT_3D('',#7108,#5946,#5947);
#5293=AXIS2_PLACEMENT_3D('',#7111,#5949,#5950);
#5294=AXIS2_PLACEMENT_3D('',#7112,#5951,#5952);
#5295=AXIS2_PLACEMENT_3D('',#7115,#5954,#5955);
#5296=AXIS2_PLACEMENT_3D('',#7119,#5958,#5959);
#5297=AXIS2_PLACEMENT_3D('',#7123,#5962,#5963);
#5298=AXIS2_PLACEMENT_3D('',#7127,#5966,#5967);
#5299=AXIS2_PLACEMENT_3D('',#7131,#5970,#5971);
#5300=AXIS2_PLACEMENT_3D('',#7135,#5974,#5975);
#5301=AXIS2_PLACEMENT_3D('',#7139,#5978,#5979);
#5302=AXIS2_PLACEMENT_3D('',#7143,#5982,#5983);
#5303=AXIS2_PLACEMENT_3D('',#7144,#5984,#5985);
#5304=AXIS2_PLACEMENT_3D('',#7147,#5987,#5988);
#5305=AXIS2_PLACEMENT_3D('',#7148,#5989,#5990);
#5306=AXIS2_PLACEMENT_3D('',#7151,#5992,#5993);
#5307=AXIS2_PLACEMENT_3D('',#7155,#5996,#5997);
#5308=AXIS2_PLACEMENT_3D('',#7159,#6000,#6001);
#5309=AXIS2_PLACEMENT_3D('',#7163,#6004,#6005);
#5310=AXIS2_PLACEMENT_3D('',#7167,#6008,#6009);
#5311=AXIS2_PLACEMENT_3D('',#7171,#6012,#6013);
#5312=AXIS2_PLACEMENT_3D('',#7172,#6014,#6015);
#5313=AXIS2_PLACEMENT_3D('',#7175,#6017,#6018);
#5314=AXIS2_PLACEMENT_3D('',#7176,#6019,#6020);
#5315=AXIS2_PLACEMENT_3D('',#7179,#6022,#6023);
#5316=AXIS2_PLACEMENT_3D('',#7183,#6026,#6027);
#5317=AXIS2_PLACEMENT_3D('',#7187,#6030,#6031);
#5318=AXIS2_PLACEMENT_3D('',#7188,#6032,#6033);
#5319=AXIS2_PLACEMENT_3D('',#7191,#6035,#6036);
#5320=AXIS2_PLACEMENT_3D('',#7195,#6039,#6040);
#5321=AXIS2_PLACEMENT_3D('',#7196,#6041,#6042);
#5322=AXIS2_PLACEMENT_3D('',#7199,#6044,#6045);
#5323=AXIS2_PLACEMENT_3D('',#7203,#6048,#6049);
#5324=AXIS2_PLACEMENT_3D('',#7207,#6052,#6053);
#5325=AXIS2_PLACEMENT_3D('',#7208,#6054,#6055);
#5326=AXIS2_PLACEMENT_3D('',#7211,#6057,#6058);
#5327=AXIS2_PLACEMENT_3D('',#7212,#6059,#6060);
#5328=AXIS2_PLACEMENT_3D('',#7215,#6062,#6063);
#5329=AXIS2_PLACEMENT_3D('',#7219,#6066,#6067);
#5330=AXIS2_PLACEMENT_3D('',#7223,#6070,#6071);
#5331=AXIS2_PLACEMENT_3D('',#7227,#6074,#6075);
#5332=AXIS2_PLACEMENT_3D('',#7229,#6077,#6078);
#5333=AXIS2_PLACEMENT_3D('',#7233,#6080,#6081);
#5334=AXIS2_PLACEMENT_3D('',#7237,#6083,#6084);
#5335=AXIS2_PLACEMENT_3D('',#7241,#6086,#6087);
#5336=AXIS2_PLACEMENT_3D('',#7245,#6089,#6090);
#5337=AXIS2_PLACEMENT_3D('',#7246,#6091,#6092);
#5338=AXIS2_PLACEMENT_3D('',#7247,#6093,#6094);
#5339=AXIS2_PLACEMENT_3D('',#7249,#6095,#6096);
#5340=AXIS2_PLACEMENT_3D('',#7252,#6098,#6099);
#5341=AXIS2_PLACEMENT_3D('',#7253,#6100,#6101);
#5342=AXIS2_PLACEMENT_3D('',#7255,#6102,#6103);
#5343=AXIS2_PLACEMENT_3D('',#7256,#6104,#6105);
#5344=AXIS2_PLACEMENT_3D('',#7257,#6106,#6107);
#5345=AXIS2_PLACEMENT_3D('',#7260,#6109,#6110);
#5346=AXIS2_PLACEMENT_3D('',#7261,#6111,#6112);
#5347=AXIS2_PLACEMENT_3D('',#7263,#6113,#6114);
#5348=AXIS2_PLACEMENT_3D('',#7264,#6115,#6116);
#5349=AXIS2_PLACEMENT_3D('',#7267,#6118,#6119);
#5350=AXIS2_PLACEMENT_3D('',#7268,#6120,#6121);
#5351=AXIS2_PLACEMENT_3D('',#7269,#6122,#6123);
#5352=AXIS2_PLACEMENT_3D('',#7270,#6124,#6125);
#5353=AXIS2_PLACEMENT_3D('',#7271,#6126,#6127);
#5354=AXIS2_PLACEMENT_3D('',#7272,#6128,#6129);
#5355=AXIS2_PLACEMENT_3D('',#7273,#6130,#6131);
#5356=AXIS2_PLACEMENT_3D('',#7274,#6132,#6133);
#5357=AXIS2_PLACEMENT_3D('',#7275,#6134,#6135);
#5358=AXIS2_PLACEMENT_3D('',#7278,#6138,#6139);
#5359=AXIS2_PLACEMENT_3D('',#7280,#6141,#6142);
#5360=AXIS2_PLACEMENT_3D('',#7284,#6144,#6145);
#5361=AXIS2_PLACEMENT_3D('',#7292,#6149,#6150);
#5362=AXIS2_PLACEMENT_3D('',#7296,#6152,#6153);
#5363=AXIS2_PLACEMENT_3D('',#7302,#6157,#6158);
#5364=AXIS2_PLACEMENT_3D('',#7303,#6159,#6160);
#5365=AXIS2_PLACEMENT_3D('',#7305,#6162,#6163);
#5366=AXIS2_PLACEMENT_3D('',#7307,#6165,#6166);
#5367=AXIS2_PLACEMENT_3D('',#7308,#6167,#6168);
#5368=AXIS2_PLACEMENT_3D('',#7309,#6169,#6170);
#5369=AXIS2_PLACEMENT_3D('',#7313,#6174,#6175);
#5370=AXIS2_PLACEMENT_3D('',#7319,#6179,#6180);
#5371=AXIS2_PLACEMENT_3D('',#7320,#6181,#6182);
#5372=AXIS2_PLACEMENT_3D('',#7323,#6184,#6185);
#5373=AXIS2_PLACEMENT_3D('',#7327,#6188,#6189);
#5374=AXIS2_PLACEMENT_3D('',#7328,#6190,#6191);
#5375=AXIS2_PLACEMENT_3D('',#7329,#6192,#6193);
#5376=AXIS2_PLACEMENT_3D('',#7330,#6194,#6195);
#5377=AXIS2_PLACEMENT_3D('',#7333,#6197,#6198);
#5378=AXIS2_PLACEMENT_3D('',#7337,#6201,#6202);
#5379=AXIS2_PLACEMENT_3D('',#7338,#6203,#6204);
#5380=AXIS2_PLACEMENT_3D('',#7339,#6205,#6206);
#5381=AXIS2_PLACEMENT_3D('',#7346,#6213,#6214);
#5382=AXIS2_PLACEMENT_3D('',#7349,#6217,#6218);
#5383=AXIS2_PLACEMENT_3D('',#7352,#6221,#6222);
#5384=AXIS2_PLACEMENT_3D('',#7356,#6225,#6226);
#5385=AXIS2_PLACEMENT_3D('',#7360,#6228,#6229);
#5386=AXIS2_PLACEMENT_3D('',#7364,#6231,#6232);
#5387=AXIS2_PLACEMENT_3D('',#7368,#6234,#6235);
#5388=AXIS2_PLACEMENT_3D('',#7376,#6239,#6240);
#5389=AXIS2_PLACEMENT_3D('',#7380,#6242,#6243);
#5390=AXIS2_PLACEMENT_3D('',#7384,#6245,#6246);
#5391=AXIS2_PLACEMENT_3D('',#7388,#6248,#6249);
#5392=AXIS2_PLACEMENT_3D('',#7389,#6250,#6251);
#5393=AXIS2_PLACEMENT_3D('',#7398,#6256,#6257);
#5394=AXIS2_PLACEMENT_3D('',#7403,#6260,#6261);
#5395=AXIS2_PLACEMENT_3D('',#7404,#6262,#6263);
#5396=AXIS2_PLACEMENT_3D('',#7405,#6264,#6265);
#5397=AXIS2_PLACEMENT_3D('',#7411,#6269,#6270);
#5398=AXIS2_PLACEMENT_3D('',#7412,#6271,#6272);
#5399=AXIS2_PLACEMENT_3D('',#7415,#6274,#6275);
#5400=AXIS2_PLACEMENT_3D('',#7419,#6278,#6279);
#5401=AXIS2_PLACEMENT_3D('',#7420,#6280,#6281);
#5402=AXIS2_PLACEMENT_3D('',#7423,#6283,#6284);
#5403=AXIS2_PLACEMENT_3D('',#7427,#6287,#6288);
#5404=AXIS2_PLACEMENT_3D('',#7428,#6289,#6290);
#5405=AXIS2_PLACEMENT_3D('',#7429,#6291,#6292);
#5406=AXIS2_PLACEMENT_3D('',#7430,#6293,#6294);
#5407=AXIS2_PLACEMENT_3D('',#7433,#6296,#6297);
#5408=AXIS2_PLACEMENT_3D('',#7437,#6300,#6301);
#5409=AXIS2_PLACEMENT_3D('',#7438,#6302,#6303);
#5410=AXIS2_PLACEMENT_3D('',#7441,#6305,#6306);
#5411=AXIS2_PLACEMENT_3D('',#7445,#6309,#6310);
#5412=AXIS2_PLACEMENT_3D('',#7446,#6311,#6312);
#5413=AXIS2_PLACEMENT_3D('',#7449,#6314,#6315);
#5414=AXIS2_PLACEMENT_3D('',#7453,#6318,#6319);
#5415=AXIS2_PLACEMENT_3D('',#7458,#6322,#6323);
#5416=AXIS2_PLACEMENT_3D('',#7459,#6324,#6325);
#5417=AXIS2_PLACEMENT_3D('',#7460,#6326,#6327);
#5418=AXIS2_PLACEMENT_3D('',#7464,#6330,#6331);
#5419=AXIS2_PLACEMENT_3D('',#7466,#6333,#6334);
#5420=AXIS2_PLACEMENT_3D('',#7467,#6335,#6336);
#5421=AXIS2_PLACEMENT_3D('',#7471,#6339,#6340);
#5422=AXIS2_PLACEMENT_3D('',#7475,#6342,#6343);
#5423=AXIS2_PLACEMENT_3D('',#7479,#6345,#6346);
#5424=AXIS2_PLACEMENT_3D('',#7483,#6348,#6349);
#5425=AXIS2_PLACEMENT_3D('',#7491,#6353,#6354);
#5426=AXIS2_PLACEMENT_3D('',#7495,#6356,#6357);
#5427=AXIS2_PLACEMENT_3D('',#7499,#6359,#6360);
#5428=AXIS2_PLACEMENT_3D('',#7503,#6362,#6363);
#5429=AXIS2_PLACEMENT_3D('',#7504,#6364,#6365);
#5430=AXIS2_PLACEMENT_3D('',#7508,#6368,#6369);
#5431=AXIS2_PLACEMENT_3D('',#7512,#6371,#6372);
#5432=AXIS2_PLACEMENT_3D('',#7516,#6374,#6375);
#5433=AXIS2_PLACEMENT_3D('',#7520,#6377,#6378);
#5434=AXIS2_PLACEMENT_3D('',#7528,#6382,#6383);
#5435=AXIS2_PLACEMENT_3D('',#7532,#6385,#6386);
#5436=AXIS2_PLACEMENT_3D('',#7536,#6388,#6389);
#5437=AXIS2_PLACEMENT_3D('',#7540,#6391,#6392);
#5438=AXIS2_PLACEMENT_3D('',#7541,#6393,#6394);
#5439=AXIS2_PLACEMENT_3D('',#7550,#6399,#6400);
#5440=AXIS2_PLACEMENT_3D('',#7552,#6402,#6403);
#5441=AXIS2_PLACEMENT_3D('',#7553,#6404,#6405);
#5442=AXIS2_PLACEMENT_3D('',#7554,#6406,#6407);
#5443=AXIS2_PLACEMENT_3D('',#7557,#6410,#6411);
#5444=AXIS2_PLACEMENT_3D('',#7559,#6413,#6414);
#5445=AXIS2_PLACEMENT_3D('',#7561,#6416,#6417);
#5446=AXIS2_PLACEMENT_3D('',#7563,#6419,#6420);
#5447=AXIS2_PLACEMENT_3D('',#7565,#6422,#6423);
#5448=AXIS2_PLACEMENT_3D('',#7566,#6424,#6425);
#5449=AXIS2_PLACEMENT_3D('',#7568,#6427,#6428);
#5450=AXIS2_PLACEMENT_3D('',#7570,#6430,#6431);
#5451=AXIS2_PLACEMENT_3D('',#7572,#6433,#6434);
#5452=AXIS2_PLACEMENT_3D('',#7574,#6436,#6437);
#5453=AXIS2_PLACEMENT_3D('',#7576,#6439,#6440);
#5454=AXIS2_PLACEMENT_3D('',#7578,#6442,#6443);
#5455=AXIS2_PLACEMENT_3D('',#7580,#6445,#6446);
#5456=AXIS2_PLACEMENT_3D('',#7581,#6447,#6448);
#5457=AXIS2_PLACEMENT_3D('',#7582,#6449,#6450);
#5458=AXIS2_PLACEMENT_3D('',#7586,#6452,#6453);
#5459=AXIS2_PLACEMENT_3D('',#7589,#6455,#6456);
#5460=AXIS2_PLACEMENT_3D('',#7590,#6457,#6458);
#5461=AXIS2_PLACEMENT_3D('',#7593,#6461,#6462);
#5462=AXIS2_PLACEMENT_3D('',#7595,#6464,#6465);
#5463=AXIS2_PLACEMENT_3D('',#7599,#6467,#6468);
#5464=AXIS2_PLACEMENT_3D('',#7602,#6470,#6471);
#5465=AXIS2_PLACEMENT_3D('',#7603,#6472,#6473);
#5466=AXIS2_PLACEMENT_3D('',#7605,#6475,#6476);
#5467=AXIS2_PLACEMENT_3D('',#7608,#6479,#6480);
#5468=AXIS2_PLACEMENT_3D('',#7612,#6482,#6483);
#5469=AXIS2_PLACEMENT_3D('',#7615,#6485,#6486);
#5470=AXIS2_PLACEMENT_3D('',#7616,#6487,#6488);
#5471=AXIS2_PLACEMENT_3D('',#7618,#6490,#6491);
#5472=AXIS2_PLACEMENT_3D('',#7621,#6494,#6495);
#5473=AXIS2_PLACEMENT_3D('',#7625,#6497,#6498);
#5474=AXIS2_PLACEMENT_3D('',#7628,#6500,#6501);
#5475=AXIS2_PLACEMENT_3D('',#7629,#6502,#6503);
#5476=AXIS2_PLACEMENT_3D('',#7631,#6505,#6506);
#5477=AXIS2_PLACEMENT_3D('',#7634,#6509,#6510);
#5478=AXIS2_PLACEMENT_3D('',#7635,#6511,#6512);
#5479=AXIS2_PLACEMENT_3D('',#7636,#6513,#6514);
#5480=AXIS2_PLACEMENT_3D('',#7637,#6515,#6516);
#5481=AXIS2_PLACEMENT_3D('',#7638,#6517,#6518);
#5482=AXIS2_PLACEMENT_3D('',#7639,#6519,#6520);
#5483=AXIS2_PLACEMENT_3D('',#7640,#6521,#6522);
#5484=AXIS2_PLACEMENT_3D('',#7641,#6523,#6524);
#5485=AXIS2_PLACEMENT_3D('',#7642,#6525,#6526);
#5486=AXIS2_PLACEMENT_3D('',#7643,#6527,#6528);
#5487=AXIS2_PLACEMENT_3D('',#7644,#6529,#6530);
#5488=AXIS2_PLACEMENT_3D('',#7645,#6531,#6532);
#5489=AXIS2_PLACEMENT_3D('',#7646,#6533,#6534);
#5490=AXIS2_PLACEMENT_3D('',#7647,#6535,#6536);
#5491=AXIS2_PLACEMENT_3D('',#7648,#6537,#6538);
#5492=AXIS2_PLACEMENT_3D('',#7649,#6539,#6540);
#5493=AXIS2_PLACEMENT_3D('',#7650,#6541,#6542);
#5494=AXIS2_PLACEMENT_3D('',#7651,#6543,#6544);
#5495=AXIS2_PLACEMENT_3D('',#7652,#6545,#6546);
#5496=AXIS2_PLACEMENT_3D('',#7653,#6547,#6548);
#5497=AXIS2_PLACEMENT_3D('',#7654,#6549,#6550);
#5498=AXIS2_PLACEMENT_3D('',#7655,#6551,#6552);
#5499=AXIS2_PLACEMENT_3D('',#7656,#6553,#6554);
#5500=AXIS2_PLACEMENT_3D('',#7657,#6555,#6556);
#5501=DIRECTION('',(0.,0.,1.));
#5502=DIRECTION('',(1.,0.,0.));
#5503=DIRECTION('',(0.,-1.,-3.46944695195361E-15));
#5504=DIRECTION('',(0.,3.46944695195361E-15,-1.));
#5505=DIRECTION('',(-2.52726546804036E-34,1.42190448850558E-16,1.));
#5506=DIRECTION('',(-1.,0.,0.));
#5507=DIRECTION('',(-2.52726546804036E-34,1.42190448850558E-16,1.));
#5508=DIRECTION('',(-1.,0.,0.));
#5509=DIRECTION('',(0.,-1.,-3.46944695195361E-15));
#5510=DIRECTION('',(0.,3.46944695195361E-15,-1.));
#5511=DIRECTION('',(-2.52726546804036E-34,1.42190448850558E-16,1.));
#5512=DIRECTION('',(-1.,0.,0.));
#5513=DIRECTION('',(-2.52726546804036E-34,1.42190448850558E-16,1.));
#5514=DIRECTION('',(-1.,0.,0.));
#5515=DIRECTION('',(0.,-1.,-3.46944695195361E-15));
#5516=DIRECTION('',(0.,3.46944695195361E-15,-1.));
#5517=DIRECTION('',(-2.52726546804036E-34,1.42190448850558E-16,1.));
#5518=DIRECTION('',(-1.,0.,0.));
#5519=DIRECTION('',(-2.52726546804036E-34,1.42190448850558E-16,1.));
#5520=DIRECTION('',(-1.,0.,0.));
#5521=DIRECTION('',(1.,-6.12303176911189E-17,0.));
#5522=DIRECTION('',(6.12303176911189E-17,1.,0.));
#5523=DIRECTION('',(6.12303176911189E-17,1.,1.44560289664734E-16));
#5524=DIRECTION('',(-2.52726546804036E-34,1.42190448850558E-16,1.));
#5525=DIRECTION('',(-6.12303176911189E-17,-1.,1.44560289664734E-16));
#5526=DIRECTION('',(0.,0.,-1.));
#5527=DIRECTION('',(1.,-6.12303176911189E-17,0.));
#5528=DIRECTION('',(6.12303176911189E-17,1.,0.));
#5529=DIRECTION('',(-2.52726546804036E-34,1.42190448850558E-16,1.));
#5530=DIRECTION('',(6.12303176911189E-17,1.,1.44560289664734E-16));
#5531=DIRECTION('',(0.,0.,-1.));
#5532=DIRECTION('',(-6.12303176911189E-17,-1.,1.44560289664734E-16));
#5533=DIRECTION('',(1.,-6.12303176911189E-17,0.));
#5534=DIRECTION('',(6.12303176911189E-17,1.,0.));
#5535=DIRECTION('',(6.12303176911189E-17,1.,1.44560289664734E-16));
#5536=DIRECTION('',(-2.52726546804036E-34,1.42190448850558E-16,1.));
#5537=DIRECTION('',(-6.12303176911189E-17,-1.,1.44560289664734E-16));
#5538=DIRECTION('',(0.,0.,-1.));
#5539=DIRECTION('',(1.,-6.12303176911189E-17,0.));
#5540=DIRECTION('',(6.12303176911189E-17,1.,0.));
#5541=DIRECTION('',(-2.52726546804036E-34,1.42190448850558E-16,1.));
#5542=DIRECTION('',(6.12303176911189E-17,1.,1.44560289664734E-16));
#5543=DIRECTION('',(0.,0.,-1.));
#5544=DIRECTION('',(-6.12303176911189E-17,-1.,1.44560289664734E-16));
#5545=DIRECTION('',(0.,-1.44560289664734E-16,-1.));
#5546=DIRECTION('',(0.,1.,-1.44560289664734E-16));
#5547=DIRECTION('',(0.087155742747658,-0.996194698091746,2.83298742528423E-16));
#5548=DIRECTION('',(0.0871557427476581,0.996194698091746,-2.83298742528423E-16));
#5549=DIRECTION('',(-1.,0.,0.));
#5550=DIRECTION('',(1.,-6.12303176911189E-17,0.));
#5551=DIRECTION('',(6.12303176911189E-17,1.,0.));
#5552=DIRECTION('',(-2.52726546804036E-34,1.42190448850558E-16,1.));
#5553=DIRECTION('',(6.12303176911189E-17,1.,1.44560289664734E-16));
#5554=DIRECTION('',(0.,0.,-1.));
#5555=DIRECTION('',(-6.12303176911189E-17,-1.,1.44560289664734E-16));
#5556=DIRECTION('',(0.,-1.44560289664734E-16,-1.));
#5557=DIRECTION('',(0.,1.,-1.44560289664734E-16));
#5558=DIRECTION('',(0.0871557427476583,-0.996194698091746,2.83298742528423E-16));
#5559=DIRECTION('',(-0.0871557427476578,-0.996194698091746,2.83298742528423E-16));
#5560=DIRECTION('',(-1.,0.,0.));
#5561=DIRECTION('',(-6.12303176911189E-17,-1.,1.44560289664734E-16));
#5562=DIRECTION('',(1.,-6.12303176911189E-17,0.));
#5563=DIRECTION('',(6.12303176911189E-17,1.,0.));
#5564=DIRECTION('',(6.12303176911189E-17,1.,1.44560289664734E-16));
#5565=DIRECTION('',(-2.52726546804036E-34,1.42190448850558E-16,1.));
#5566=DIRECTION('',(0.,0.,-1.));
#5567=DIRECTION('',(1.,-6.12303176911189E-17,0.));
#5568=DIRECTION('',(6.12303176911189E-17,1.,0.));
#5569=DIRECTION('',(6.12303176911189E-17,1.,1.44560289664734E-16));
#5570=DIRECTION('',(-2.52726546804036E-34,1.42190448850558E-16,1.));
#5571=DIRECTION('',(-6.12303176911189E-17,-1.,1.44560289664734E-16));
#5572=DIRECTION('',(0.,0.,-1.));
#5573=DIRECTION('',(1.,-6.12303176911189E-17,0.));
#5574=DIRECTION('',(6.12303176911189E-17,1.,0.));
#5575=DIRECTION('',(-2.52726546804036E-34,1.42190448850558E-16,1.));
#5576=DIRECTION('',(6.12303176911189E-17,1.,1.44560289664734E-16));
#5577=DIRECTION('',(0.,0.,-1.));
#5578=DIRECTION('',(-6.12303176911189E-17,-1.,1.44560289664734E-16));
#5579=DIRECTION('',(0.,-1.,-3.46944695195361E-15));
#5580=DIRECTION('',(0.,3.46944695195361E-15,-1.));
#5581=DIRECTION('',(-2.52726546804036E-34,1.42190448850558E-16,1.));
#5582=DIRECTION('',(-1.,0.,0.));
#5583=DIRECTION('',(-2.52726546804036E-34,1.42190448850558E-16,1.));
#5584=DIRECTION('',(-1.,0.,0.));
#5585=DIRECTION('',(0.,-1.44560289664734E-16,1.));
#5586=DIRECTION('',(0.,-1.,-1.44560289664734E-16));
#5587=DIRECTION('',(0.0871557427476583,-0.996194698091746,-1.44010194118615E-16));
#5588=DIRECTION('',(1.,0.,0.));
#5589=DIRECTION('',(-0.0871557427476578,-0.996194698091746,-1.44010194118615E-16));
#5590=DIRECTION('',(0.,-1.44560289664734E-16,-1.));
#5591=DIRECTION('',(0.,1.,-1.44560289664734E-16));
#5592=DIRECTION('',(-0.0871557427476583,0.996194698091746,-1.44010194118615E-16));
#5593=DIRECTION('',(0.0871557427476578,0.996194698091746,-1.44010194118615E-16));
#5594=DIRECTION('',(-1.,0.,0.));
#5595=DIRECTION('',(0.,-1.44560289664734E-16,1.));
#5596=DIRECTION('',(0.,-1.,-1.44560289664734E-16));
#5597=DIRECTION('',(0.0871557427476583,-0.996194698091746,-1.44010194118615E-16));
#5598=DIRECTION('',(1.,0.,0.));
#5599=DIRECTION('',(-0.0871557427476578,-0.996194698091746,-1.44010194118615E-16));
#5600=DIRECTION('',(0.,-1.,0.));
#5601=DIRECTION('',(0.,0.,-1.));
#5602=DIRECTION('',(-1.,0.,0.));
#5603=DIRECTION('',(0.,0.,1.));
#5604=DIRECTION('',(0.,1.,0.));
#5605=DIRECTION('',(0.,0.,1.));
#5606=DIRECTION('',(-1.,0.,0.));
#5607=DIRECTION('',(0.,1.,0.));
#5608=DIRECTION('',(0.,0.,1.));
#5609=DIRECTION('',(0.,0.,-1.));
#5610=DIRECTION('',(1.,0.,0.));
#5611=DIRECTION('',(0.,0.,1.));
#5612=DIRECTION('',(0.,-1.,0.));
#5613=DIRECTION('',(0.,0.,-1.));
#5614=DIRECTION('',(1.,0.,-7.7477600534918E-17));
#5615=DIRECTION('',(0.,-1.,0.));
#5616=DIRECTION('',(0.,0.,-1.));
#5617=DIRECTION('',(0.,0.,-1.));
#5618=DIRECTION('',(-1.,0.,-3.40308676013107E-16));
#5619=DIRECTION('',(-3.40308676013107E-16,0.,1.));
#5620=DIRECTION('',(-3.40308676013107E-16,0.,1.));
#5621=DIRECTION('',(-1.48440559628004E-17,0.999048221581858,0.0436193873653361));
#5622=DIRECTION('',(0.,0.,-1.));
#5623=DIRECTION('',(-1.48440559628003E-17,-0.999048221581858,0.0436193873653359));
#5624=DIRECTION('',(-1.,0.,-3.40308676013107E-16));
#5625=DIRECTION('',(-3.40308676013107E-16,0.,1.));
#5626=DIRECTION('',(0.,-1.,2.70530719272348E-16));
#5627=DIRECTION('',(0.,0.,1.));
#5628=DIRECTION('',(0.,1.,0.));
#5629=DIRECTION('',(-3.40308676013107E-16,0.,1.));
#5630=DIRECTION('',(-1.,0.,-3.40308676013107E-16));
#5631=DIRECTION('',(-3.40308676013107E-16,0.,1.));
#5632=DIRECTION('',(0.,-1.,-8.67361737988409E-15));
#5633=DIRECTION('',(-3.40308676013107E-16,0.,1.));
#5634=DIRECTION('',(0.,1.,0.));
#5635=DIRECTION('',(-1.,0.,0.));
#5636=DIRECTION('',(0.,0.,1.));
#5637=DIRECTION('',(0.,-0.999048221581858,-0.0436193873653361));
#5638=DIRECTION('',(-1.,0.,0.));
#5639=DIRECTION('',(0.,0.,1.));
#5640=DIRECTION('',(0.,0.,1.));
#5641=DIRECTION('',(-1.,0.,0.));
#5642=DIRECTION('',(0.,0.,1.));
#5643=DIRECTION('',(0.,-1.,0.));
#5644=DIRECTION('',(0.,-1.,0.));
#5645=DIRECTION('',(0.,0.,1.));
#5646=DIRECTION('',(0.,-1.,0.));
#5647=DIRECTION('',(0.,0.,-1.));
#5648=DIRECTION('',(0.,-1.,2.70530719272348E-16));
#5649=DIRECTION('',(-1.,0.,0.));
#5650=DIRECTION('',(0.,0.,1.));
#5651=DIRECTION('',(0.,0.,-1.));
#5652=DIRECTION('',(-1.,0.,0.));
#5653=DIRECTION('',(0.,0.,1.));
#5654=DIRECTION('',(0.,0.999048221581858,-0.0436193873653359));
#5655=DIRECTION('',(0.,0.,-1.));
#5656=DIRECTION('',(0.,-1.,0.));
#5657=DIRECTION('',(0.,0.,-1.));
#5658=DIRECTION('',(-1.,0.,0.));
#5659=DIRECTION('',(0.,-1.,0.));
#5660=DIRECTION('',(0.,0.,-1.));
#5661=DIRECTION('',(-1.,0.,7.7477600534918E-17));
#5662=DIRECTION('',(0.,-1.,0.));
#5663=DIRECTION('',(0.,0.,-1.));
#5664=DIRECTION('',(0.,0.,1.));
#5665=DIRECTION('',(1.,0.,0.));
#5666=DIRECTION('',(0.,0.,-1.));
#5667=DIRECTION('',(0.,1.,0.));
#5668=DIRECTION('',(0.,0.,1.));
#5669=DIRECTION('',(1.,0.,0.));
#5670=DIRECTION('',(0.,1.,0.));
#5671=DIRECTION('',(0.,0.,-1.));
#5672=DIRECTION('',(1.,0.,1.70154338006554E-16));
#5673=DIRECTION('',(1.70154338006554E-16,0.,-1.));
#5674=DIRECTION('',(1.70154338006554E-16,0.,-1.));
#5675=DIRECTION('',(-7.42202798140016E-18,-0.999048221581858,0.0436193873653359));
#5676=DIRECTION('',(0.,0.,-1.));
#5677=DIRECTION('',(-7.42202798140018E-18,0.999048221581858,0.0436193873653361));
#5678=DIRECTION('',(1.,0.,1.70154338006554E-16));
#5679=DIRECTION('',(1.70154338006554E-16,0.,-1.));
#5680=DIRECTION('',(0.,-1.,1.8614295728239E-16));
#5681=DIRECTION('',(1.70154338006554E-16,0.,-1.));
#5682=DIRECTION('',(0.,1.,0.));
#5683=DIRECTION('',(0.,-1.,0.));
#5684=DIRECTION('',(0.,0.,-1.));
#5685=DIRECTION('',(-1.,0.,9.36702017182428E-17));
#5686=DIRECTION('',(-5.59588218057035E-17,0.,-1.));
#5687=DIRECTION('',(1.,0.,-5.59588218057035E-17));
#5688=DIRECTION('',(5.59588218057035E-17,0.,1.));
#5689=DIRECTION('',(0.707106781186548,-0.707106781186547,-3.95688623660226E-17));
#5690=DIRECTION('',(0.707106781186547,0.707106781186548,0.));
#5691=DIRECTION('',(-0.577350269189626,-0.577350269189626,0.577350269189626));
#5692=DIRECTION('',(-5.59588218057035E-17,0.,-1.));
#5693=DIRECTION('',(0.577350269189626,0.577350269189626,0.577350269189626));
#5694=DIRECTION('',(3.46227545702698E-16,-0.707106781186548,0.707106781186548));
#5695=DIRECTION('',(0.,-0.707106781186548,-0.707106781186548));
#5696=DIRECTION('',(-3.95688623660226E-17,-0.707106781186548,-0.707106781186548));
#5697=DIRECTION('',(1.,2.04223053605287E-32,-4.89639690799905E-16));
#5698=DIRECTION('',(5.30222755704702E-16,0.707106781186548,0.707106781186548));
#5699=DIRECTION('',(-1.,0.,4.89639690799906E-16));
#5700=DIRECTION('',(-2.67089820970652E-16,-0.707106781186548,0.707106781186548));
#5701=DIRECTION('',(0.,-0.707106781186548,-0.707106781186548));
#5702=DIRECTION('',(5.30222755704703E-16,0.707106781186548,0.707106781186548));
#5703=DIRECTION('',(-1.,0.,-3.77722047188498E-16));
#5704=DIRECTION('',(-5.30222755704703E-16,-0.707106781186548,-0.707106781186548));
#5705=DIRECTION('',(1.,0.,3.77722047188498E-16));
#5706=DIRECTION('',(0.,-1.,0.));
#5707=DIRECTION('',(0.,0.,-1.));
#5708=DIRECTION('',(5.59588218057035E-17,0.,1.));
#5709=DIRECTION('',(-7.49848212196426E-16,0.,-1.));
#5710=DIRECTION('',(1.,0.,-2.72799256302804E-16));
#5711=DIRECTION('',(6.62348348300813E-17,-0.707106781186547,0.707106781186548));
#5712=DIRECTION('',(0.,-0.707106781186548,-0.707106781186547));
#5713=DIRECTION('',(1.,1.74315279842105E-32,-9.36702017182427E-17));
#5714=DIRECTION('',(-0.577350269189626,0.577350269189626,0.577350269189626));
#5715=DIRECTION('',(0.,1.,0.));
#5716=DIRECTION('',(0.,0.,1.));
#5717=DIRECTION('',(-7.49848212196427E-16,0.,-1.));
#5718=DIRECTION('',(7.49848212196427E-16,0.,1.));
#5719=DIRECTION('',(-1.,0.,5.59588218057035E-17));
#5720=DIRECTION('',(-0.707106781186548,-0.707106781186547,3.95688623660226E-17));
#5721=DIRECTION('',(0.707106781186547,-0.707106781186548,0.));
#5722=DIRECTION('',(5.59588218057035E-17,0.,1.));
#5723=DIRECTION('',(0.577350269189626,-0.577350269189626,0.577350269189626));
#5724=DIRECTION('',(-3.95688623660226E-17,-0.707106781186548,-0.707106781186547));
#5725=DIRECTION('',(0.,0.707106781186547,-0.707106781186548));
#5726=DIRECTION('',(-3.95688623660226E-17,0.707106781186547,-0.707106781186548));
#5727=DIRECTION('',(1.,0.,-5.59588218057035E-17));
#5728=DIRECTION('',(3.95688623660226E-17,-0.707106781186547,0.707106781186548));
#5729=DIRECTION('',(-1.,0.,5.59588218057035E-17));
#5730=DIRECTION('',(-3.95688623660226E-17,-0.707106781186547,-0.707106781186548));
#5731=DIRECTION('',(0.,0.707106781186548,-0.707106781186547));
#5732=DIRECTION('',(-5.30222755704703E-16,0.707106781186548,-0.707106781186547));
#5733=DIRECTION('',(1.,0.,-5.59588218057035E-17));
#5734=DIRECTION('',(3.95688623660226E-17,-0.707106781186548,0.707106781186547));
#5735=DIRECTION('',(-1.,0.,5.59588218057035E-17));
#5736=DIRECTION('',(0.,1.,0.));
#5737=DIRECTION('',(0.,0.,1.));
#5738=DIRECTION('',(5.59588218057035E-17,0.,1.));
#5739=DIRECTION('',(-5.59588218057035E-17,0.,-1.));
#5740=DIRECTION('',(1.,0.,-2.72799256302804E-16));
#5741=DIRECTION('',(-3.95688623660226E-17,-0.707106781186547,-0.707106781186548));
#5742=DIRECTION('',(0.,0.707106781186548,-0.707106781186547));
#5743=DIRECTION('',(-1.,0.,5.59588218057035E-17));
#5744=DIRECTION('',(0.,1.,0.));
#5745=DIRECTION('',(0.,0.,1.));
#5746=DIRECTION('',(5.59588218057035E-17,0.,1.));
#5747=DIRECTION('',(-7.49848212196427E-16,0.,-1.));
#5748=DIRECTION('',(1.,0.,-5.59588218057035E-17));
#5749=DIRECTION('',(-1.,0.,5.59588218057035E-17));
#5750=DIRECTION('',(5.59588218057035E-17,0.,1.));
#5751=DIRECTION('',(0.,1.,0.));
#5752=DIRECTION('',(0.,1.,0.));
#5753=DIRECTION('',(5.59588218057035E-17,0.,1.));
#5754=DIRECTION('',(-1.,0.,5.59588218057035E-17));
#5755=DIRECTION('',(5.59588218057035E-17,0.,1.));
#5756=DIRECTION('',(0.,1.,0.));
#5757=DIRECTION('',(0.,1.,0.));
#5758=DIRECTION('',(5.59588218057035E-17,0.,1.));
#5759=DIRECTION('',(-4.89639690799905E-16,0.,-1.));
#5760=DIRECTION('',(-1.,0.,4.89639690799905E-16));
#5761=DIRECTION('',(0.,1.,0.));
#5762=DIRECTION('',(-1.,0.,4.89639690799905E-16));
#5763=DIRECTION('',(1.,0.,-7.49848212196426E-16));
#5764=DIRECTION('',(-7.49848212196426E-16,0.,-1.));
#5765=DIRECTION('',(-7.49848212196426E-16,0.,-1.));
#5766=DIRECTION('',(0.,1.,0.));
#5767=DIRECTION('',(1.,0.,-7.49848212196427E-16));
#5768=DIRECTION('',(-7.49848212196427E-16,0.,-1.));
#5769=DIRECTION('',(0.,1.,0.));
#5770=DIRECTION('',(0.,1.,0.));
#5771=DIRECTION('',(-7.49848212196427E-16,0.,-1.));
#5772=DIRECTION('',(-3.77722047188498E-16,0.,1.));
#5773=DIRECTION('',(1.,0.,3.77722047188498E-16));
#5774=DIRECTION('',(0.,1.,0.));
#5775=DIRECTION('',(1.,0.,3.77722047188498E-16));
#5776=DIRECTION('',(-1.,0.,7.49848212196427E-16));
#5777=DIRECTION('',(7.49848212196427E-16,0.,1.));
#5778=DIRECTION('',(7.49848212196427E-16,0.,1.));
#5779=DIRECTION('',(0.,1.,0.));
#5780=DIRECTION('',(-9.36702017182427E-17,0.,-1.));
#5781=DIRECTION('',(-1.,0.,9.36702017182427E-17));
#5782=DIRECTION('',(-1.,0.,9.36702017182428E-17));
#5783=DIRECTION('',(0.,1.,0.));
#5784=DIRECTION('',(-1.,0.,9.36702017182428E-17));
#5785=DIRECTION('',(-1.,0.,9.36702017182428E-17));
#5786=DIRECTION('',(1.,0.,-5.59588218057035E-17));
#5787=DIRECTION('',(-5.59588218057035E-17,0.,-1.));
#5788=DIRECTION('',(0.,1.,0.));
#5789=DIRECTION('',(-5.59588218057035E-17,0.,-1.));
#5790=DIRECTION('',(-1.,0.,5.59588218057035E-17));
#5791=DIRECTION('',(5.59588218057035E-17,0.,1.));
#5792=DIRECTION('',(0.,1.,0.));
#5793=DIRECTION('',(0.,1.,0.));
#5794=DIRECTION('',(5.59588218057035E-17,0.,1.));
#5795=DIRECTION('',(-5.59588218057035E-17,0.,-1.));
#5796=DIRECTION('',(-1.,0.,5.59588218057035E-17));
#5797=DIRECTION('',(0.,1.,0.));
#5798=DIRECTION('',(-1.,0.,5.59588218057035E-17));
#5799=DIRECTION('',(1.,0.,-5.59588218057035E-17));
#5800=DIRECTION('',(-5.59588218057035E-17,0.,-1.));
#5801=DIRECTION('',(-5.59588218057035E-17,0.,-1.));
#5802=DIRECTION('',(0.,1.,0.));
#5803=DIRECTION('',(-1.,0.,5.59588218057035E-17));
#5804=DIRECTION('',(5.59588218057035E-17,0.,1.));
#5805=DIRECTION('',(0.,1.,0.));
#5806=DIRECTION('',(0.,1.,0.));
#5807=DIRECTION('',(5.59588218057035E-17,0.,1.));
#5808=DIRECTION('',(-5.59588218057035E-17,0.,-1.));
#5809=DIRECTION('',(-1.,0.,5.59588218057035E-17));
#5810=DIRECTION('',(0.,1.,0.));
#5811=DIRECTION('',(-1.,0.,5.59588218057035E-17));
#5812=DIRECTION('',(1.,0.,-7.49848212196427E-16));
#5813=DIRECTION('',(-7.49848212196427E-16,0.,-1.));
#5814=DIRECTION('',(-7.49848212196427E-16,0.,-1.));
#5815=DIRECTION('',(0.,1.,0.));
#5816=DIRECTION('',(5.59588218057035E-17,0.,1.));
#5817=DIRECTION('',(1.,0.,-5.59588218057035E-17));
#5818=DIRECTION('',(1.,0.,-5.59588218057035E-17));
#5819=DIRECTION('',(1.,0.,-5.59588218057035E-17));
#5820=DIRECTION('',(1.,0.,-5.59588218057035E-17));
#5821=DIRECTION('',(-1.63831849811461E-15,-1.,0.));
#5822=DIRECTION('',(1.,-1.63831849811461E-15,0.));
#5823=DIRECTION('',(-0.90630778703665,1.48482081248746E-15,-0.422618261740699));
#5824=DIRECTION('',(0.,0.,1.));
#5825=DIRECTION('',(0.90630778703665,-1.48482081248746E-15,-0.422618261740699));
#5826=DIRECTION('',(3.94255335449274E-16,-6.45915809046925E-31,-1.));
#5827=DIRECTION('',(1.,0.,0.));
#5828=DIRECTION('',(0.,0.,-1.));
#5829=DIRECTION('',(0.,-1.,0.));
#5830=DIRECTION('',(0.,0.,1.));
#5831=DIRECTION('',(0.,1.,0.));
#5832=DIRECTION('',(0.,0.,-1.));
#5833=DIRECTION('',(-1.,0.,0.));
#5834=DIRECTION('',(0.422618261740699,0.,-0.90630778703665));
#5835=DIRECTION('',(-0.90630778703665,0.,-0.422618261740699));
#5836=DIRECTION('',(0.,0.,1.));
#5837=DIRECTION('',(0.422618261740699,0.,0.90630778703665));
#5838=DIRECTION('',(0.90630778703665,0.,-0.422618261740699));
#5839=DIRECTION('',(0.624697660804496,-0.780866718835801,0.));
#5840=DIRECTION('',(0.780866718835802,0.624697660804496,0.));
#5841=DIRECTION('',(0.733738394964639,0.586994743046847,-0.342147832654368));
#5842=DIRECTION('',(-0.733738394964639,-0.586994743046847,-0.342147832654368));
#5843=DIRECTION('',(0.,0.,1.));
#5844=DIRECTION('',(3.94255335449274E-16,2.46519032881566E-32,-1.));
#5845=DIRECTION('',(-1.,0.,-3.94255335449274E-16));
#5846=DIRECTION('',(0.422618261740699,0.,0.90630778703665));
#5847=DIRECTION('',(0.90630778703665,5.83313725881584E-32,-0.422618261740699));
#5848=DIRECTION('',(3.94255335449274E-16,3.23518642366076E-32,-1.));
#5849=DIRECTION('',(0.422618261740699,0.,-0.90630778703665));
#5850=DIRECTION('',(-0.90630778703665,5.83313725881585E-32,-0.422618261740699));
#5851=DIRECTION('',(3.94255335449274E-16,2.46519032881566E-32,-1.));
#5852=DIRECTION('',(1.,0.,3.94255335449274E-16));
#5853=DIRECTION('',(3.94255335449274E-16,0.,-1.));
#5854=DIRECTION('',(0.,-1.,0.));
#5855=DIRECTION('',(0.,-1.,0.));
#5856=DIRECTION('',(-1.,0.,0.));
#5857=DIRECTION('',(0.,0.,1.));
#5858=DIRECTION('',(0.,-1.,0.));
#5859=DIRECTION('',(0.,0.,1.));
#5860=DIRECTION('',(0.,-1.,0.));
#5861=DIRECTION('',(0.,1.,0.));
#5862=DIRECTION('',(0.,0.,1.));
#5863=DIRECTION('',(1.,0.,0.));
#5864=DIRECTION('',(1.,0.,-2.11991804990542E-15));
#5865=DIRECTION('',(0.,1.,0.));
#5866=DIRECTION('',(1.,0.,0.));
#5867=DIRECTION('',(0.,1.,0.));
#5868=DIRECTION('',(1.,0.,0.));
#5869=DIRECTION('',(-1.,0.,-9.11638526894215E-16));
#5870=DIRECTION('',(0.,0.,1.));
#5871=DIRECTION('',(0.,1.,0.));
#5872=DIRECTION('',(1.,0.,0.));
#5873=DIRECTION('',(-1.,0.,5.59588218057035E-17));
#5874=DIRECTION('',(0.,1.,0.));
#5875=DIRECTION('',(-1.,0.,0.));
#5876=DIRECTION('',(0.,0.,-1.));
#5877=DIRECTION('',(-1.,0.,0.));
#5878=DIRECTION('',(0.,1.,0.));
#5879=DIRECTION('',(1.,0.,0.));
#5880=DIRECTION('',(0.,1.,0.));
#5881=DIRECTION('',(1.,0.,0.));
#5882=DIRECTION('',(1.,0.,-2.11991804990255E-15));
#5883=DIRECTION('',(0.,0.,1.));
#5884=DIRECTION('',(-1.,0.,0.));
#5885=DIRECTION('',(0.,1.,0.));
#5886=DIRECTION('',(1.,0.,0.));
#5887=DIRECTION('',(0.,1.,0.));
#5888=DIRECTION('',(1.,0.,0.));
#5889=DIRECTION('',(1.,0.,1.36745780977713E-15));
#5890=DIRECTION('',(0.,0.,-1.));
#5891=DIRECTION('',(0.707106781186548,0.,-0.707106781186548));
#5892=DIRECTION('',(1.,0.,-1.68419754949205E-16));
#5893=DIRECTION('',(0.707106781186547,0.,0.707106781186548));
#5894=DIRECTION('',(0.,0.,1.));
#5895=DIRECTION('',(-1.,0.,9.11638526894215E-16));
#5896=DIRECTION('',(0.,-1.,0.));
#5897=DIRECTION('',(1.,0.,0.));
#5898=DIRECTION('',(0.,-1.,0.));
#5899=DIRECTION('',(1.,0.,0.));
#5900=DIRECTION('',(-1.,0.,0.));
#5901=DIRECTION('',(0.,0.,1.));
#5902=DIRECTION('',(0.,0.,1.));
#5903=DIRECTION('',(0.,-1.,0.));
#5904=DIRECTION('',(0.,-1.,0.));
#5905=DIRECTION('',(-1.63831849811461E-15,1.,0.));
#5906=DIRECTION('',(-1.,-1.63831849811461E-15,0.));
#5907=DIRECTION('',(0.,0.,1.));
#5908=DIRECTION('',(0.90630778703665,1.48482081248746E-15,-0.422618261740699));
#5909=DIRECTION('',(3.94255335449274E-16,6.45915809046925E-31,-1.));
#5910=DIRECTION('',(-0.90630778703665,-1.48482081248746E-15,-0.422618261740699));
#5911=DIRECTION('',(1.,0.,0.));
#5912=DIRECTION('',(0.,0.,-1.));
#5913=DIRECTION('',(0.,1.,0.));
#5914=DIRECTION('',(0.,0.,1.));
#5915=DIRECTION('',(0.,-1.,0.));
#5916=DIRECTION('',(0.,0.,-1.));
#5917=DIRECTION('',(-1.,0.,0.));
#5918=DIRECTION('',(-0.422618261740699,0.,-0.90630778703665));
#5919=DIRECTION('',(0.90630778703665,0.,-0.422618261740699));
#5920=DIRECTION('',(-0.422618261740699,0.,0.90630778703665));
#5921=DIRECTION('',(-0.90630778703665,0.,-0.422618261740699));
#5922=DIRECTION('',(0.,0.,1.));
#5923=DIRECTION('',(0.624697660804496,0.780866718835802,0.));
#5924=DIRECTION('',(-0.780866718835802,0.624697660804496,0.));
#5925=DIRECTION('',(0.733738394964639,-0.586994743046846,-0.342147832654368));
#5926=DIRECTION('',(-0.733738394964639,0.586994743046846,-0.342147832654368));
#5927=DIRECTION('',(-3.94255335449274E-16,2.46519032881566E-32,1.));
#5928=DIRECTION('',(1.,0.,3.94255335449274E-16));
#5929=DIRECTION('',(-0.422618261740699,0.,-0.90630778703665));
#5930=DIRECTION('',(-0.90630778703665,5.83313725881584E-32,0.422618261740699));
#5931=DIRECTION('',(-3.94255335449274E-16,2.46519032881566E-32,1.));
#5932=DIRECTION('',(-0.422618261740699,0.,0.90630778703665));
#5933=DIRECTION('',(0.90630778703665,5.83313725881585E-32,0.422618261740699));
#5934=DIRECTION('',(-3.94255335449274E-16,2.46519032881566E-32,1.));
#5935=DIRECTION('',(-1.,0.,-3.94255335449274E-16));
#5936=DIRECTION('',(-3.94255335449274E-16,0.,1.));
#5937=DIRECTION('',(0.,-1.,0.));
#5938=DIRECTION('',(0.,-1.,0.));
#5939=DIRECTION('',(0.,0.,1.));
#5940=DIRECTION('',(1.,0.,0.));
#5941=DIRECTION('',(-1.,0.,0.));
#5942=DIRECTION('',(0.,-1.,0.));
#5943=DIRECTION('',(0.,-1.,0.));
#5944=DIRECTION('',(0.,-1.,0.));
#5945=DIRECTION('',(0.,0.,-1.));
#5946=DIRECTION('',(0.,1.,0.));
#5947=DIRECTION('',(1.,0.,0.));
#5948=DIRECTION('',(0.,-1.,0.));
#5949=DIRECTION('',(0.,-1.,0.));
#5950=DIRECTION('',(0.,0.,-1.));
#5951=DIRECTION('',(0.,1.,0.));
#5952=DIRECTION('',(1.,0.,0.));
#5953=DIRECTION('',(0.,-1.,0.));
#5954=DIRECTION('',(1.36745780977713E-15,0.,-1.));
#5955=DIRECTION('',(-1.,0.,-1.36745780977713E-15));
#5956=DIRECTION('',(1.,0.,1.36745780977713E-15));
#5957=DIRECTION('',(0.,-1.,0.));
#5958=DIRECTION('',(-1.,0.,0.));
#5959=DIRECTION('',(0.,0.,1.));
#5960=DIRECTION('',(0.,0.,-1.));
#5961=DIRECTION('',(0.,-1.,0.));
#5962=DIRECTION('',(-0.707106781186548,0.,-0.707106781186548));
#5963=DIRECTION('',(-0.707106781186548,0.,0.707106781186548));
#5964=DIRECTION('',(0.707106781186548,0.,-0.707106781186548));
#5965=DIRECTION('',(0.,-1.,0.));
#5966=DIRECTION('',(-1.68419754949205E-16,0.,-1.));
#5967=DIRECTION('',(-1.,0.,1.68419754949205E-16));
#5968=DIRECTION('',(1.,0.,-1.68419754949205E-16));
#5969=DIRECTION('',(0.,-1.,0.));
#5970=DIRECTION('',(0.707106781186548,0.,-0.707106781186547));
#5971=DIRECTION('',(-0.707106781186547,0.,-0.707106781186548));
#5972=DIRECTION('',(0.707106781186547,0.,0.707106781186548));
#5973=DIRECTION('',(0.,-1.,0.));
#5974=DIRECTION('',(1.,0.,0.));
#5975=DIRECTION('',(0.,0.,-1.));
#5976=DIRECTION('',(0.,-1.,0.));
#5977=DIRECTION('',(0.,0.,1.));
#5978=DIRECTION('',(9.11638526894215E-16,0.,1.));
#5979=DIRECTION('',(1.,0.,-9.11638526894215E-16));
#5980=DIRECTION('',(-1.,0.,9.11638526894215E-16));
#5981=DIRECTION('',(0.,-1.,0.));
#5982=DIRECTION('',(0.,-1.,0.));
#5983=DIRECTION('',(0.,0.,-1.));
#5984=DIRECTION('',(0.,-1.,0.));
#5985=DIRECTION('',(1.,0.,0.));
#5986=DIRECTION('',(0.,-1.,0.));
#5987=DIRECTION('',(0.,-1.,0.));
#5988=DIRECTION('',(0.,0.,-1.));
#5989=DIRECTION('',(0.,-1.,0.));
#5990=DIRECTION('',(1.,0.,0.));
#5991=DIRECTION('',(0.,-1.,0.));
#5992=DIRECTION('',(0.,0.,-1.));
#5993=DIRECTION('',(-1.,0.,0.));
#5994=DIRECTION('',(1.,0.,0.));
#5995=DIRECTION('',(0.,-1.,0.));
#5996=DIRECTION('',(0.422618261740699,0.,0.90630778703665));
#5997=DIRECTION('',(0.90630778703665,0.,-0.422618261740699));
#5998=DIRECTION('',(0.733740129428439,0.586992103542751,-0.342148641448121));
#5999=DIRECTION('',(-0.90630778703665,0.,0.422618261740699));
#6000=DIRECTION('',(0.624695047554424,-0.78086880944303,2.4628935552707E-16));
#6001=DIRECTION('',(3.94255335449274E-16,0.,-1.));
#6002=DIRECTION('',(-0.733740129428438,-0.586992103542751,-0.342148641448121));
#6003=DIRECTION('',(-3.94255335449274E-16,0.,1.));
#6004=DIRECTION('',(0.422618261740699,0.,-0.90630778703665));
#6005=DIRECTION('',(-0.90630778703665,0.,-0.422618261740699));
#6006=DIRECTION('',(0.90630778703665,0.,0.422618261740699));
#6007=DIRECTION('',(0.,-1.,0.));
#6008=DIRECTION('',(-2.11991804990542E-15,0.,-1.));
#6009=DIRECTION('',(-1.,0.,2.11991804990542E-15));
#6010=DIRECTION('',(1.,0.,-2.11991804990542E-15));
#6011=DIRECTION('',(0.,-1.,0.));
#6012=DIRECTION('',(0.,-1.,0.));
#6013=DIRECTION('',(0.,0.,-1.));
#6014=DIRECTION('',(0.,1.,0.));
#6015=DIRECTION('',(1.,0.,0.));
#6016=DIRECTION('',(0.,-1.,0.));
#6017=DIRECTION('',(0.,-1.,0.));
#6018=DIRECTION('',(0.,0.,-1.));
#6019=DIRECTION('',(0.,1.,0.));
#6020=DIRECTION('',(1.,0.,0.));
#6021=DIRECTION('',(0.,-1.,0.));
#6022=DIRECTION('',(-9.11638526894215E-16,0.,1.));
#6023=DIRECTION('',(1.,0.,9.11638526894215E-16));
#6024=DIRECTION('',(-1.,0.,-9.11638526894215E-16));
#6025=DIRECTION('',(0.,-1.,0.));
#6026=DIRECTION('',(1.,0.,0.));
#6027=DIRECTION('',(0.,0.,-1.));
#6028=DIRECTION('',(0.,0.,1.));
#6029=DIRECTION('',(0.,-1.,0.));
#6030=DIRECTION('',(0.,-1.,0.));
#6031=DIRECTION('',(0.,0.,-1.));
#6032=DIRECTION('',(0.,1.,0.));
#6033=DIRECTION('',(1.,0.,0.));
#6034=DIRECTION('',(0.,-1.,0.));
#6035=DIRECTION('',(5.59588218057035E-17,0.,1.));
#6036=DIRECTION('',(1.,0.,-5.59588218057035E-17));
#6037=DIRECTION('',(-1.,0.,5.59588218057035E-17));
#6038=DIRECTION('',(0.,-1.,0.));
#6039=DIRECTION('',(0.,-1.,0.));
#6040=DIRECTION('',(0.,0.,-1.));
#6041=DIRECTION('',(0.,1.,0.));
#6042=DIRECTION('',(-1.,0.,0.));
#6043=DIRECTION('',(0.,-1.,0.));
#6044=DIRECTION('',(-1.,0.,0.));
#6045=DIRECTION('',(0.,0.,1.));
#6046=DIRECTION('',(0.,-1.,0.));
#6047=DIRECTION('',(0.,0.,-1.));
#6048=DIRECTION('',(0.,0.,1.));
#6049=DIRECTION('',(1.,0.,0.));
#6050=DIRECTION('',(-1.,0.,0.));
#6051=DIRECTION('',(0.,-1.,0.));
#6052=DIRECTION('',(0.,-1.,0.));
#6053=DIRECTION('',(0.,0.,-1.));
#6054=DIRECTION('',(0.,1.,0.));
#6055=DIRECTION('',(1.,0.,0.));
#6056=DIRECTION('',(0.,-1.,0.));
#6057=DIRECTION('',(0.,-1.,0.));
#6058=DIRECTION('',(0.,0.,-1.));
#6059=DIRECTION('',(0.,1.,0.));
#6060=DIRECTION('',(-1.,0.,0.));
#6061=DIRECTION('',(0.,-1.,0.));
#6062=DIRECTION('',(-2.11991804990255E-15,0.,-1.));
#6063=DIRECTION('',(-1.,0.,2.11991804990255E-15));
#6064=DIRECTION('',(1.,0.,-2.11991804990255E-15));
#6065=DIRECTION('',(0.,-1.,0.));
#6066=DIRECTION('',(-0.422618261740699,0.,-0.90630778703665));
#6067=DIRECTION('',(-0.90630778703665,0.,0.422618261740699));
#6068=DIRECTION('',(-0.733740129428438,0.586992103542751,0.342148641448121));
#6069=DIRECTION('',(0.90630778703665,0.,-0.422618261740699));
#6070=DIRECTION('',(-0.624695047554425,-0.78086880944303,-2.4628935552707E-16));
#6071=DIRECTION('',(-3.94255335449274E-16,0.,1.));
#6072=DIRECTION('',(0.733740129428438,-0.586992103542751,0.342148641448121));
#6073=DIRECTION('',(3.94255335449274E-16,0.,-1.));
#6074=DIRECTION('',(-0.422618261740699,0.,0.90630778703665));
#6075=DIRECTION('',(0.90630778703665,0.,0.422618261740699));
#6076=DIRECTION('',(-0.90630778703665,0.,-0.422618261740699));
#6077=DIRECTION('',(0.,1.,0.));
#6078=DIRECTION('',(0.,0.,1.));
#6079=DIRECTION('',(0.,0.,1.));
#6080=DIRECTION('',(0.,1.,0.));
#6081=DIRECTION('',(0.,0.,1.));
#6082=DIRECTION('',(-1.,0.,0.));
#6083=DIRECTION('',(0.,1.,0.));
#6084=DIRECTION('',(0.,0.,1.));
#6085=DIRECTION('',(0.,0.,-1.));
#6086=DIRECTION('',(0.,1.,0.));
#6087=DIRECTION('',(0.,0.,1.));
#6088=DIRECTION('',(1.,0.,0.));
#6089=DIRECTION('',(0.,1.,0.));
#6090=DIRECTION('',(0.,0.,1.));
#6091=DIRECTION('',(1.,0.,0.));
#6092=DIRECTION('',(0.,0.,-1.));
#6093=DIRECTION('',(1.,0.,0.));
#6094=DIRECTION('',(0.,0.,-1.));
#6095=DIRECTION('',(-1.,0.,0.));
#6096=DIRECTION('',(0.,0.,1.));
#6097=DIRECTION('',(-1.,0.,0.));
#6098=DIRECTION('',(0.,1.,0.));
#6099=DIRECTION('',(0.,0.,1.));
#6100=DIRECTION('',(0.,0.,-1.));
#6101=DIRECTION('',(-1.,0.,0.));
#6102=DIRECTION('',(0.,1.,0.));
#6103=DIRECTION('',(0.,0.,1.));
#6104=DIRECTION('',(0.,0.,1.));
#6105=DIRECTION('',(1.,0.,0.));
#6106=DIRECTION('',(0.,0.,1.));
#6107=DIRECTION('',(1.,0.,0.));
#6108=DIRECTION('',(0.,0.,-1.));
#6109=DIRECTION('',(0.,1.,0.));
#6110=DIRECTION('',(0.,0.,1.));
#6111=DIRECTION('',(0.,1.,0.));
#6112=DIRECTION('',(0.,0.,1.));
#6113=DIRECTION('',(1.,0.,0.));
#6114=DIRECTION('',(0.,0.,-1.));
#6115=DIRECTION('',(-1.,0.,0.));
#6116=DIRECTION('',(0.,0.,1.));
#6117=DIRECTION('',(1.,0.,0.));
#6118=DIRECTION('',(-1.,0.,0.));
#6119=DIRECTION('',(0.,0.,1.));
#6120=DIRECTION('',(0.,1.,0.));
#6121=DIRECTION('',(0.,0.,1.));
#6122=DIRECTION('',(0.,1.,0.));
#6123=DIRECTION('',(0.,0.,1.));
#6124=DIRECTION('',(0.,0.,1.));
#6125=DIRECTION('',(1.,0.,0.));
#6126=DIRECTION('',(0.,0.,-1.));
#6127=DIRECTION('',(-1.,0.,0.));
#6128=DIRECTION('',(0.,0.,-1.));
#6129=DIRECTION('',(-1.,0.,0.));
#6130=DIRECTION('',(0.,1.,0.));
#6131=DIRECTION('',(0.,0.,1.));
#6132=DIRECTION('',(0.,1.,0.));
#6133=DIRECTION('',(0.,0.,1.));
#6134=DIRECTION('',(0.,0.,-1.));
#6135=DIRECTION('',(-1.,0.,0.));
#6136=DIRECTION('',(0.,-1.,0.));
#6137=DIRECTION('',(0.,-1.,0.));
#6138=DIRECTION('',(0.,-1.,0.));
#6139=DIRECTION('',(0.,0.,-1.));
#6140=DIRECTION('',(0.,-1.,0.));
#6141=DIRECTION('',(1.,0.,0.));
#6142=DIRECTION('',(0.,0.,-1.));
#6143=DIRECTION('',(0.,5.43800462688654E-17,-1.));
#6144=DIRECTION('',(1.,0.,0.));
#6145=DIRECTION('',(0.,0.,-1.));
#6146=DIRECTION('',(0.,-0.999048221581858,-0.0436193873653361));
#6147=DIRECTION('',(0.,0.,-1.));
#6148=DIRECTION('',(0.,0.999048221581858,-0.0436193873653359));
#6149=DIRECTION('',(1.,0.,0.));
#6150=DIRECTION('',(0.,0.,-1.));
#6151=DIRECTION('',(0.,5.43800462688654E-17,-1.));
#6152=DIRECTION('',(1.,0.,0.));
#6153=DIRECTION('',(0.,0.,-1.));
#6154=DIRECTION('',(0.,-1.,1.8614295728239E-16));
#6155=DIRECTION('',(0.,-1.,0.));
#6156=DIRECTION('',(0.,1.,5.43800462688654E-17));
#6157=DIRECTION('',(1.,0.,0.));
#6158=DIRECTION('',(0.,0.,-1.));
#6159=DIRECTION('',(0.,-1.,0.));
#6160=DIRECTION('',(0.,0.,-1.));
#6161=DIRECTION('',(0.,-1.,0.));
#6162=DIRECTION('',(0.,0.,1.));
#6163=DIRECTION('',(1.,0.,0.));
#6164=DIRECTION('',(0.,-1.,0.));
#6165=DIRECTION('',(0.,-1.,0.));
#6166=DIRECTION('',(0.,0.,-1.));
#6167=DIRECTION('',(0.,-1.,0.));
#6168=DIRECTION('',(0.,0.,-1.));
#6169=DIRECTION('',(0.,-1.44560289664734E-16,1.));
#6170=DIRECTION('',(0.,-1.,-1.44560289664734E-16));
#6171=DIRECTION('',(0.087155742747658,-0.996194698091746,-1.44010194118615E-16));
#6172=DIRECTION('',(1.,0.,0.));
#6173=DIRECTION('',(0.0871557427476581,0.996194698091746,1.44010194118615E-16));
#6174=DIRECTION('',(1.,0.,1.70154338006554E-16));
#6175=DIRECTION('',(1.70154338006554E-16,0.,-1.));
#6176=DIRECTION('',(1.70154338006554E-16,0.,-1.));
#6177=DIRECTION('',(0.,1.,5.43800462688654E-17));
#6178=DIRECTION('',(0.,1.,0.));
#6179=DIRECTION('',(0.,1.,0.));
#6180=DIRECTION('',(0.,0.,1.));
#6181=DIRECTION('',(0.,1.,0.));
#6182=DIRECTION('',(0.,0.,1.));
#6183=DIRECTION('',(0.,1.,0.));
#6184=DIRECTION('',(0.,0.,1.));
#6185=DIRECTION('',(1.,0.,0.));
#6186=DIRECTION('',(1.,0.,0.));
#6187=DIRECTION('',(0.,1.,0.));
#6188=DIRECTION('',(0.,1.,0.));
#6189=DIRECTION('',(0.,0.,1.));
#6190=DIRECTION('',(0.,1.,0.));
#6191=DIRECTION('',(0.,0.,-1.));
#6192=DIRECTION('',(0.,1.,0.));
#6193=DIRECTION('',(0.,0.,1.));
#6194=DIRECTION('',(0.,1.,0.));
#6195=DIRECTION('',(0.,0.,1.));
#6196=DIRECTION('',(0.,1.,0.));
#6197=DIRECTION('',(0.,0.,-1.));
#6198=DIRECTION('',(-1.,0.,0.));
#6199=DIRECTION('',(-1.,0.,0.));
#6200=DIRECTION('',(0.,1.,0.));
#6201=DIRECTION('',(0.,1.,0.));
#6202=DIRECTION('',(0.,0.,1.));
#6203=DIRECTION('',(0.,1.,0.));
#6204=DIRECTION('',(0.,0.,1.));
#6205=DIRECTION('',(0.,1.,0.));
#6206=DIRECTION('',(0.,0.,1.));
#6207=DIRECTION('',(-3.40308676013107E-16,0.,1.));
#6208=DIRECTION('',(-3.40308676013107E-16,0.,1.));
#6209=DIRECTION('',(1.70154338006554E-16,0.,-1.));
#6210=DIRECTION('',(1.70154338006554E-16,0.,-1.));
#6211=DIRECTION('',(1.,0.,0.));
#6212=DIRECTION('',(-1.,0.,0.));
#6213=DIRECTION('',(0.,-1.44560289664734E-16,1.));
#6214=DIRECTION('',(0.,-1.,-1.44560289664734E-16));
#6215=DIRECTION('',(0.087155742747658,-0.996194698091746,-1.44010194118615E-16));
#6216=DIRECTION('',(0.0871557427476581,0.996194698091746,1.44010194118615E-16));
#6217=DIRECTION('',(0.,-1.44560289664734E-16,-1.));
#6218=DIRECTION('',(0.,1.,-1.44560289664734E-16));
#6219=DIRECTION('',(-0.087155742747658,0.996194698091746,-1.44010194118615E-16));
#6220=DIRECTION('',(-0.0871557427476581,-0.996194698091746,1.44010194118615E-16));
#6221=DIRECTION('',(0.,0.0436193873653359,0.999048221581858));
#6222=DIRECTION('',(0.,-0.999048221581858,0.0436193873653359));
#6223=DIRECTION('',(0.,-0.999048221581858,0.0436193873653359));
#6224=DIRECTION('',(1.,0.,0.));
#6225=DIRECTION('',(0.,0.0436193873653359,0.999048221581858));
#6226=DIRECTION('',(0.,0.999048221581858,-0.0436193873653359));
#6227=DIRECTION('',(1.,2.1469349950208E-16,-9.37372062458895E-18));
#6228=DIRECTION('',(0.,0.0436193873653359,0.999048221581858));
#6229=DIRECTION('',(0.,0.999048221581858,-0.0436193873653359));
#6230=DIRECTION('',(1.68126489590123E-14,0.999048221581858,-0.0436193873653359));
#6231=DIRECTION('',(0.,0.0436193873653359,0.999048221581858));
#6232=DIRECTION('',(0.,0.999048221581858,-0.0436193873653359));
#6233=DIRECTION('',(-0.573209948004341,0.818628644687151,-0.0357420985189583));
#6234=DIRECTION('',(0.,0.0436193873653359,0.999048221581858));
#6235=DIRECTION('',(0.,-0.999048221581858,0.0436193873653359));
#6236=DIRECTION('',(-7.53773108676402E-16,0.999048221581858,-0.0436193873653359));
#6237=DIRECTION('',(1.,0.,0.));
#6238=DIRECTION('',(6.95621196405034E-16,-0.999048221581858,0.0436193873653359));
#6239=DIRECTION('',(0.,0.0436193873653359,0.999048221581858));
#6240=DIRECTION('',(0.,0.999048221581858,-0.0436193873653359));
#6241=DIRECTION('',(0.573209948004341,-0.818628644687151,0.0357420985189583));
#6242=DIRECTION('',(0.,0.0436193873653359,0.999048221581858));
#6243=DIRECTION('',(0.,0.999048221581858,-0.0436193873653359));
#6244=DIRECTION('',(0.,-0.999048221581858,0.0436193873653359));
#6245=DIRECTION('',(0.,0.0436193873653359,0.999048221581858));
#6246=DIRECTION('',(0.,0.999048221581858,-0.0436193873653359));
#6247=DIRECTION('',(-1.,-4.29386999004159E-16,1.87474412491779E-17));
#6248=DIRECTION('',(0.,0.0436193873653359,0.999048221581858));
#6249=DIRECTION('',(0.,0.999048221581858,-0.0436193873653359));
#6250=DIRECTION('',(0.,1.,0.));
#6251=DIRECTION('',(0.,0.,1.));
#6252=DIRECTION('',(0.,0.,-1.));
#6253=DIRECTION('',(1.,0.,0.));
#6254=DIRECTION('',(0.,0.,-1.));
#6255=DIRECTION('',(-1.,0.,0.));
#6256=DIRECTION('',(1.,7.54491217133548E-16,0.));
#6257=DIRECTION('',(-7.54491217133548E-16,1.,0.));
#6258=DIRECTION('',(0.,0.,-1.));
#6259=DIRECTION('',(7.53773108676402E-16,-0.999048221581858,-0.0436193873653361));
#6260=DIRECTION('',(1.,7.54491217133548E-16,0.));
#6261=DIRECTION('',(-7.54491217133548E-16,1.,0.));
#6262=DIRECTION('',(1.,7.54491217133548E-16,0.));
#6263=DIRECTION('',(-7.54491217133548E-16,1.,0.));
#6264=DIRECTION('',(0.819152044288992,0.573576436351046,0.));
#6265=DIRECTION('',(-0.573576436351046,0.819152044288992,0.));
#6266=DIRECTION('',(0.573209948004341,-0.818628644687151,-0.0357420985189583));
#6267=DIRECTION('',(0.,0.,-1.));
#6268=DIRECTION('',(0.,0.,-1.));
#6269=DIRECTION('',(0.,0.,-1.));
#6270=DIRECTION('',(-1.,0.,0.));
#6271=DIRECTION('',(0.,0.0436193873653361,-0.999048221581858));
#6272=DIRECTION('',(0.,-0.999048221581858,-0.0436193873653361));
#6273=DIRECTION('',(0.,0.,-1.));
#6274=DIRECTION('',(1.,-1.68286661202317E-14,0.));
#6275=DIRECTION('',(1.68286661202317E-14,1.,0.));
#6276=DIRECTION('',(-1.68126489590123E-14,-0.999048221581858,-0.0436193873653361));
#6277=DIRECTION('',(0.,0.,-1.));
#6278=DIRECTION('',(0.,0.,-1.));
#6279=DIRECTION('',(-1.,0.,0.));
#6280=DIRECTION('',(0.,0.0436193873653361,-0.999048221581858));
#6281=DIRECTION('',(0.,-0.999048221581858,-0.0436193873653361));
#6282=DIRECTION('',(0.,0.,-1.));
#6283=DIRECTION('',(2.1469349950208E-16,-1.,0.));
#6284=DIRECTION('',(1.,2.1469349950208E-16,0.));
#6285=DIRECTION('',(-1.,-2.1469349950208E-16,-9.37372062458897E-18));
#6286=DIRECTION('',(0.,0.,-1.));
#6287=DIRECTION('',(0.,0.,-1.));
#6288=DIRECTION('',(-1.,0.,0.));
#6289=DIRECTION('',(0.,0.0436193873653361,-0.999048221581858));
#6290=DIRECTION('',(0.,-0.999048221581858,-0.0436193873653361));
#6291=DIRECTION('',(0.,0.,-1.));
#6292=DIRECTION('',(-1.,0.,0.));
#6293=DIRECTION('',(0.,0.0436193873653361,-0.999048221581858));
#6294=DIRECTION('',(0.,-0.999048221581858,-0.0436193873653361));
#6295=DIRECTION('',(0.,0.,-1.));
#6296=DIRECTION('',(-4.29386999004159E-16,1.,0.));
#6297=DIRECTION('',(-1.,-4.29386999004159E-16,0.));
#6298=DIRECTION('',(1.,4.29386999004159E-16,1.87474412491779E-17));
#6299=DIRECTION('',(0.,0.,-1.));
#6300=DIRECTION('',(0.,0.,-1.));
#6301=DIRECTION('',(-1.,0.,0.));
#6302=DIRECTION('',(0.,0.0436193873653361,-0.999048221581858));
#6303=DIRECTION('',(0.,-0.999048221581858,-0.0436193873653361));
#6304=DIRECTION('',(0.,0.,-1.));
#6305=DIRECTION('',(-1.,0.,0.));
#6306=DIRECTION('',(0.,0.,1.));
#6307=DIRECTION('',(0.,0.999048221581858,0.0436193873653361));
#6308=DIRECTION('',(0.,0.,-1.));
#6309=DIRECTION('',(0.,0.,-1.));
#6310=DIRECTION('',(-1.,0.,0.));
#6311=DIRECTION('',(0.,0.0436193873653361,-0.999048221581858));
#6312=DIRECTION('',(0.,-0.999048221581858,-0.0436193873653361));
#6313=DIRECTION('',(0.,0.,-1.));
#6314=DIRECTION('',(-0.819152044288992,-0.573576436351046,0.));
#6315=DIRECTION('',(0.573576436351046,-0.819152044288992,0.));
#6316=DIRECTION('',(0.,0.,-1.));
#6317=DIRECTION('',(-0.573209948004341,0.818628644687151,0.0357420985189583));
#6318=DIRECTION('',(-1.,-6.9628390439814E-16,0.));
#6319=DIRECTION('',(6.9628390439814E-16,-1.,0.));
#6320=DIRECTION('',(-6.95621196405034E-16,0.999048221581858,0.0436193873653361));
#6321=DIRECTION('',(0.,0.,-1.));
#6322=DIRECTION('',(-1.,-6.9628390439814E-16,0.));
#6323=DIRECTION('',(6.9628390439814E-16,-1.,0.));
#6324=DIRECTION('',(-1.,-6.9628390439814E-16,0.));
#6325=DIRECTION('',(6.9628390439814E-16,-1.,0.));
#6326=DIRECTION('',(0.,0.0436193873653361,-0.999048221581858));
#6327=DIRECTION('',(0.,0.999048221581858,0.0436193873653361));
#6328=DIRECTION('',(1.,0.,0.));
#6329=DIRECTION('',(0.,-0.999048221581858,-0.0436193873653361));
#6330=DIRECTION('',(0.,0.0436193873653361,-0.999048221581858));
#6331=DIRECTION('',(0.,-0.999048221581858,-0.0436193873653361));
#6332=DIRECTION('',(1.,0.,0.));
#6333=DIRECTION('',(0.,0.0436193873653361,-0.999048221581858));
#6334=DIRECTION('',(0.,0.999048221581858,0.0436193873653361));
#6335=DIRECTION('',(0.,0.0436193873653359,0.999048221581858));
#6336=DIRECTION('',(0.,-0.999048221581858,0.0436193873653359));
#6337=DIRECTION('',(-1.,0.,0.));
#6338=DIRECTION('',(0.,0.999048221581858,-0.0436193873653359));
#6339=DIRECTION('',(0.,0.0436193873653359,0.999048221581858));
#6340=DIRECTION('',(0.,0.999048221581858,-0.0436193873653359));
#6341=DIRECTION('',(1.,0.,0.));
#6342=DIRECTION('',(0.,0.0436193873653359,0.999048221581858));
#6343=DIRECTION('',(0.,0.999048221581858,-0.0436193873653359));
#6344=DIRECTION('',(1.68126489590125E-14,-0.999048221581858,0.0436193873653359));
#6345=DIRECTION('',(0.,0.0436193873653359,0.999048221581858));
#6346=DIRECTION('',(0.,0.999048221581858,-0.0436193873653359));
#6347=DIRECTION('',(-0.573209948004341,-0.818628644687151,0.0357420985189583));
#6348=DIRECTION('',(0.,0.0436193873653359,0.999048221581858));
#6349=DIRECTION('',(0.,0.999048221581858,-0.0436193873653359));
#6350=DIRECTION('',(0.,-0.999048221581858,0.0436193873653359));
#6351=DIRECTION('',(1.,0.,0.));
#6352=DIRECTION('',(0.,0.999048221581858,-0.0436193873653359));
#6353=DIRECTION('',(0.,0.0436193873653359,0.999048221581858));
#6354=DIRECTION('',(0.,-0.999048221581858,0.0436193873653359));
#6355=DIRECTION('',(0.573209948004341,0.818628644687151,-0.0357420985189583));
#6356=DIRECTION('',(0.,0.0436193873653359,0.999048221581858));
#6357=DIRECTION('',(0.,0.999048221581858,-0.0436193873653359));
#6358=DIRECTION('',(0.,0.999048221581858,-0.0436193873653359));
#6359=DIRECTION('',(0.,0.0436193873653359,0.999048221581858));
#6360=DIRECTION('',(0.,0.999048221581858,-0.0436193873653359));
#6361=DIRECTION('',(-1.,-2.1469349950208E-16,9.37372062458895E-18));
#6362=DIRECTION('',(0.,0.0436193873653359,0.999048221581858));
#6363=DIRECTION('',(0.,0.999048221581858,-0.0436193873653359));
#6364=DIRECTION('',(0.,0.0436193873653361,-0.999048221581858));
#6365=DIRECTION('',(0.,0.999048221581858,0.0436193873653361));
#6366=DIRECTION('',(0.,-0.999048221581858,-0.0436193873653361));
#6367=DIRECTION('',(-1.,0.,0.));
#6368=DIRECTION('',(0.,0.0436193873653361,-0.999048221581858));
#6369=DIRECTION('',(0.,-0.999048221581858,-0.0436193873653361));
#6370=DIRECTION('',(1.,2.1469349950208E-16,9.37372062458897E-18));
#6371=DIRECTION('',(0.,0.0436193873653361,-0.999048221581858));
#6372=DIRECTION('',(0.,-0.999048221581858,-0.0436193873653361));
#6373=DIRECTION('',(0.,-0.999048221581858,-0.0436193873653361));
#6374=DIRECTION('',(0.,0.0436193873653361,-0.999048221581858));
#6375=DIRECTION('',(0.,-0.999048221581858,-0.0436193873653361));
#6376=DIRECTION('',(-0.573209948004341,-0.818628644687151,-0.0357420985189584));
#6377=DIRECTION('',(0.,0.0436193873653361,-0.999048221581858));
#6378=DIRECTION('',(0.,0.999048221581858,0.0436193873653361));
#6379=DIRECTION('',(0.,-0.999048221581858,-0.0436193873653361));
#6380=DIRECTION('',(1.,0.,0.));
#6381=DIRECTION('',(0.,0.999048221581858,0.0436193873653361));
#6382=DIRECTION('',(0.,0.0436193873653361,-0.999048221581858));
#6383=DIRECTION('',(0.,-0.999048221581858,-0.0436193873653361));
#6384=DIRECTION('',(0.573209948004341,0.818628644687151,0.0357420985189584));
#6385=DIRECTION('',(0.,0.0436193873653361,-0.999048221581858));
#6386=DIRECTION('',(0.,-0.999048221581858,-0.0436193873653361));
#6387=DIRECTION('',(-1.68126489590125E-14,0.999048221581858,0.0436193873653361));
#6388=DIRECTION('',(0.,0.0436193873653361,-0.999048221581858));
#6389=DIRECTION('',(0.,-0.999048221581858,-0.0436193873653361));
#6390=DIRECTION('',(-1.,0.,0.));
#6391=DIRECTION('',(0.,0.0436193873653361,-0.999048221581858));
#6392=DIRECTION('',(0.,-0.999048221581858,-0.0436193873653361));
#6393=DIRECTION('',(0.,1.,0.));
#6394=DIRECTION('',(0.,0.,1.));
#6395=DIRECTION('',(0.,0.,-1.));
#6396=DIRECTION('',(1.,0.,0.));
#6397=DIRECTION('',(0.,0.,-1.));
#6398=DIRECTION('',(-1.,0.,0.));
#6399=DIRECTION('',(1.,0.,0.));
#6400=DIRECTION('',(0.,0.,-1.));
#6401=DIRECTION('',(0.,0.,-1.));
#6402=DIRECTION('',(1.,0.,0.));
#6403=DIRECTION('',(0.,0.,-1.));
#6404=DIRECTION('',(1.,0.,0.));
#6405=DIRECTION('',(0.,0.,-1.));
#6406=DIRECTION('',(0.819152044288992,-0.573576436351046,0.));
#6407=DIRECTION('',(0.573576436351046,0.819152044288992,0.));
#6408=DIRECTION('',(0.,0.,-1.));
#6409=DIRECTION('',(0.,0.,-1.));
#6410=DIRECTION('',(0.,0.,-1.));
#6411=DIRECTION('',(-1.,0.,0.));
#6412=DIRECTION('',(0.,0.,-1.));
#6413=DIRECTION('',(1.,1.68286661202318E-14,0.));
#6414=DIRECTION('',(-1.68286661202318E-14,1.,0.));
#6415=DIRECTION('',(0.,0.,-1.));
#6416=DIRECTION('',(0.,0.,-1.));
#6417=DIRECTION('',(-1.,0.,0.));
#6418=DIRECTION('',(0.,0.,-1.));
#6419=DIRECTION('',(0.,1.,0.));
#6420=DIRECTION('',(0.,0.,1.));
#6421=DIRECTION('',(0.,0.,-1.));
#6422=DIRECTION('',(0.,0.,-1.));
#6423=DIRECTION('',(-1.,0.,0.));
#6424=DIRECTION('',(0.,0.,-1.));
#6425=DIRECTION('',(-1.,0.,0.));
#6426=DIRECTION('',(0.,0.,-1.));
#6427=DIRECTION('',(2.1469349950208E-16,-1.,0.));
#6428=DIRECTION('',(1.,2.1469349950208E-16,0.));
#6429=DIRECTION('',(0.,0.,-1.));
#6430=DIRECTION('',(0.,0.,-1.));
#6431=DIRECTION('',(-1.,0.,0.));
#6432=DIRECTION('',(0.,0.,-1.));
#6433=DIRECTION('',(-1.,0.,0.));
#6434=DIRECTION('',(0.,0.,1.));
#6435=DIRECTION('',(0.,0.,-1.));
#6436=DIRECTION('',(0.,0.,-1.));
#6437=DIRECTION('',(-1.,0.,0.));
#6438=DIRECTION('',(0.,0.,-1.));
#6439=DIRECTION('',(-0.819152044288992,0.573576436351046,0.));
#6440=DIRECTION('',(-0.573576436351046,-0.819152044288992,0.));
#6441=DIRECTION('',(0.,0.,-1.));
#6442=DIRECTION('',(-1.,0.,0.));
#6443=DIRECTION('',(0.,0.,1.));
#6444=DIRECTION('',(0.,0.,-1.));
#6445=DIRECTION('',(-1.,0.,0.));
#6446=DIRECTION('',(0.,0.,1.));
#6447=DIRECTION('',(-1.,0.,0.));
#6448=DIRECTION('',(0.,0.,1.));
#6449=DIRECTION('',(1.,0.,0.));
#6450=DIRECTION('',(0.,0.,-1.));
#6451=DIRECTION('',(0.,5.43800462688654E-17,-1.));
#6452=DIRECTION('',(1.,0.,0.));
#6453=DIRECTION('',(0.,0.,-1.));
#6454=DIRECTION('',(0.,1.,5.43800462688654E-17));
#6455=DIRECTION('',(1.,0.,0.));
#6456=DIRECTION('',(0.,0.,-1.));
#6457=DIRECTION('',(0.,-1.,-5.43800462688654E-17));
#6458=DIRECTION('',(0.,5.43800462688654E-17,-1.));
#6459=DIRECTION('',(1.,0.,0.));
#6460=DIRECTION('',(1.,0.,0.));
#6461=DIRECTION('',(0.,5.43800462688654E-17,-1.));
#6462=DIRECTION('',(0.,1.,5.43800462688654E-17));
#6463=DIRECTION('',(1.,0.,0.));
#6464=DIRECTION('',(1.,0.,0.));
#6465=DIRECTION('',(0.,0.,-1.));
#6466=DIRECTION('',(0.,5.43800462688654E-17,-1.));
#6467=DIRECTION('',(1.,0.,0.));
#6468=DIRECTION('',(0.,0.,-1.));
#6469=DIRECTION('',(0.,-1.,1.8614295728239E-16));
#6470=DIRECTION('',(1.,0.,0.));
#6471=DIRECTION('',(0.,0.,-1.));
#6472=DIRECTION('',(0.,1.8614295728239E-16,1.));
#6473=DIRECTION('',(0.,-1.,1.8614295728239E-16));
#6474=DIRECTION('',(1.,0.,0.));
#6475=DIRECTION('',(0.,-1.,-5.43800462688654E-17));
#6476=DIRECTION('',(0.,5.43800462688654E-17,-1.));
#6477=DIRECTION('',(-1.,0.,0.));
#6478=DIRECTION('',(1.,0.,0.));
#6479=DIRECTION('',(1.,0.,0.));
#6480=DIRECTION('',(0.,0.,-1.));
#6481=DIRECTION('',(0.,0.,-1.));
#6482=DIRECTION('',(1.,0.,0.));
#6483=DIRECTION('',(0.,0.,-1.));
#6484=DIRECTION('',(0.,-1.,2.70530719272348E-16));
#6485=DIRECTION('',(1.,0.,0.));
#6486=DIRECTION('',(0.,0.,-1.));
#6487=DIRECTION('',(0.,-2.70530719272348E-16,-1.));
#6488=DIRECTION('',(0.,1.,-2.70530719272348E-16));
#6489=DIRECTION('',(-1.,0.,0.));
#6490=DIRECTION('',(0.,1.,0.));
#6491=DIRECTION('',(0.,0.,1.));
#6492=DIRECTION('',(-1.,0.,0.));
#6493=DIRECTION('',(-1.,0.,0.));
#6494=DIRECTION('',(-1.,0.,0.));
#6495=DIRECTION('',(0.,0.,1.));
#6496=DIRECTION('',(0.,0.,1.));
#6497=DIRECTION('',(-1.,0.,0.));
#6498=DIRECTION('',(0.,0.,1.));
#6499=DIRECTION('',(0.,-1.,-8.67361737988409E-15));
#6500=DIRECTION('',(-1.,0.,0.));
#6501=DIRECTION('',(0.,0.,1.));
#6502=DIRECTION('',(0.,0.,-1.));
#6503=DIRECTION('',(-1.,0.,0.));
#6504=DIRECTION('',(-1.,0.,0.));
#6505=DIRECTION('',(0.,-1.,0.));
#6506=DIRECTION('',(0.,0.,-1.));
#6507=DIRECTION('',(1.,0.,0.));
#6508=DIRECTION('',(-1.,0.,0.));
#6509=DIRECTION('',(1.,0.,0.));
#6510=DIRECTION('',(0.,0.,-1.));
#6511=DIRECTION('',(1.,0.,0.));
#6512=DIRECTION('',(0.,0.,-1.));
#6513=DIRECTION('',(1.,0.,0.));
#6514=DIRECTION('',(0.,0.,-1.));
#6515=DIRECTION('',(1.,0.,0.));
#6516=DIRECTION('',(0.,0.,-1.));
#6517=DIRECTION('',(0.,0.,-1.));
#6518=DIRECTION('',(-1.,0.,0.));
#6519=DIRECTION('',(0.,0.,-1.));
#6520=DIRECTION('',(-1.,0.,0.));
#6521=DIRECTION('',(0.,0.,1.));
#6522=DIRECTION('',(1.,0.,0.));
#6523=DIRECTION('',(0.,0.,1.));
#6524=DIRECTION('',(1.,0.,0.));
#6525=DIRECTION('',(1.,0.,0.));
#6526=DIRECTION('',(0.,0.,-1.));
#6527=DIRECTION('',(1.,0.,0.));
#6528=DIRECTION('',(0.,0.,-1.));
#6529=DIRECTION('',(-1.,0.,0.));
#6530=DIRECTION('',(0.,0.,1.));
#6531=DIRECTION('',(1.,0.,0.));
#6532=DIRECTION('',(0.,0.,-1.));
#6533=DIRECTION('',(1.,0.,0.));
#6534=DIRECTION('',(0.,0.,-1.));
#6535=DIRECTION('',(-1.,0.,0.));
#6536=DIRECTION('',(0.,0.,1.));
#6537=DIRECTION('',(1.,0.,0.));
#6538=DIRECTION('',(0.,0.,-1.));
#6539=DIRECTION('',(-1.,0.,0.));
#6540=DIRECTION('',(0.,0.,1.));
#6541=DIRECTION('',(0.996194698091746,-0.0871557427476581,1.23927141811933E-17));
#6542=DIRECTION('',(0.0871557427476581,0.996194698091746,0.));
#6543=DIRECTION('',(-0.996194698091746,-0.087155742747658,1.23927141811933E-17));
#6544=DIRECTION('',(0.087155742747658,-0.996194698091746,0.));
#6545=DIRECTION('',(-0.996194698091746,0.0871557427476578,-1.23927141811932E-17));
#6546=DIRECTION('',(-0.0871557427476578,-0.996194698091746,0.));
#6547=DIRECTION('',(-0.996194698091745,-0.0871557427476583,1.23927141811933E-17));
#6548=DIRECTION('',(0.0871557427476583,-0.996194698091746,0.));
#6549=DIRECTION('',(0.996194698091746,-0.0871557427476581,1.23927141811933E-17));
#6550=DIRECTION('',(0.0871557427476581,0.996194698091746,0.));
#6551=DIRECTION('',(-0.996194698091746,-0.087155742747658,1.23927141811933E-17));
#6552=DIRECTION('',(0.087155742747658,-0.996194698091746,0.));
#6553=DIRECTION('',(-0.996194698091746,0.0871557427476578,-1.23927141811932E-17));
#6554=DIRECTION('',(-0.0871557427476578,-0.996194698091746,0.));
#6555=DIRECTION('',(-0.996194698091745,-0.0871557427476583,1.23927141811933E-17));
#6556=DIRECTION('',(0.0871557427476583,-0.996194698091746,0.));
#6557=CARTESIAN_POINT('',(0.,0.,0.));
#6558=CARTESIAN_POINT('',(1.55,2.5,-1.37));
#6559=CARTESIAN_POINT('',(1.49705209994391,2.5,-2.93388353432774));
#6560=CARTESIAN_POINT('',(1.49705209994391,2.5,-1.495));
#6561=CARTESIAN_POINT('',(1.49705209994391,2.5,-1.245));
#6562=CARTESIAN_POINT('',(1.55,2.5,-1.495));
#6563=CARTESIAN_POINT('',(1.00294790005609,2.5,-1.495));
#6564=CARTESIAN_POINT('',(1.00294790005609,2.5,-2.93388353432774));
#6565=CARTESIAN_POINT('',(1.00294790005609,2.5,-1.245));
#6566=CARTESIAN_POINT('',(1.55,2.5,-1.245));
#6567=CARTESIAN_POINT('',(-0.95,2.5,1.83));
#6568=CARTESIAN_POINT('',(-1.00294790005609,2.5,-2.93388353432774));
#6569=CARTESIAN_POINT('',(-1.00294790005609,2.5,1.705));
#6570=CARTESIAN_POINT('',(-1.00294790005609,2.5,1.955));
#6571=CARTESIAN_POINT('',(-0.95,2.5,1.705));
#6572=CARTESIAN_POINT('',(-1.49705209994391,2.5,1.705));
#6573=CARTESIAN_POINT('',(-1.49705209994391,2.5,-2.93388353432774));
#6574=CARTESIAN_POINT('',(-1.49705209994391,2.5,1.955));
#6575=CARTESIAN_POINT('',(-0.95,2.5,1.955));
#6576=CARTESIAN_POINT('',(1.55,2.5,1.83));
#6577=CARTESIAN_POINT('',(1.49705209994391,2.5,-2.93388353432774));
#6578=CARTESIAN_POINT('',(1.49705209994391,2.5,1.705));
#6579=CARTESIAN_POINT('',(1.49705209994391,2.5,1.955));
#6580=CARTESIAN_POINT('',(1.55,2.5,1.705));
#6581=CARTESIAN_POINT('',(1.00294790005609,2.5,1.705));
#6582=CARTESIAN_POINT('',(1.00294790005609,2.5,-2.93388353432774));
#6583=CARTESIAN_POINT('',(1.00294790005609,2.5,1.955));
#6584=CARTESIAN_POINT('',(1.55,2.5,1.955));
#6585=CARTESIAN_POINT('',(1.55,0.,-3.19));
#6586=CARTESIAN_POINT('',(1.55,3.,-1.495));
#6587=CARTESIAN_POINT('',(1.55,-0.55,-1.495));
#6588=CARTESIAN_POINT('',(1.55,1.89480273303752,-1.495));
#6589=CARTESIAN_POINT('',(1.55,1.89480273303752,-2.93388353432774));
#6590=CARTESIAN_POINT('',(1.55,1.89480273303752,-1.245));
#6591=CARTESIAN_POINT('',(1.55,3.,-1.245));
#6592=CARTESIAN_POINT('',(1.55,-0.55,-1.245));
#6593=CARTESIAN_POINT('',(1.55,-0.55,-5.09749999999998));
#6594=CARTESIAN_POINT('',(0.95,0.,-3.19));
#6595=CARTESIAN_POINT('',(0.95,1.89480273303752,-2.93388353432774));
#6596=CARTESIAN_POINT('',(0.95,1.89480273303752,-1.495));
#6597=CARTESIAN_POINT('',(0.95,1.89480273303752,-1.245));
#6598=CARTESIAN_POINT('',(0.95,3.,-1.495));
#6599=CARTESIAN_POINT('',(0.95,-0.55,-1.495));
#6600=CARTESIAN_POINT('',(0.95,-0.55,-5.09749999999998));
#6601=CARTESIAN_POINT('',(0.95,-0.55,-1.245));
#6602=CARTESIAN_POINT('',(0.95,3.,-1.245));
#6603=CARTESIAN_POINT('',(-0.95,0.,0.00999999999999959));
#6604=CARTESIAN_POINT('',(-0.95,3.,1.705));
#6605=CARTESIAN_POINT('',(-0.95,-0.55,1.705));
#6606=CARTESIAN_POINT('',(-0.95,1.89480273303752,1.705));
#6607=CARTESIAN_POINT('',(-0.95,1.89480273303752,-2.93388353432774));
#6608=CARTESIAN_POINT('',(-0.95,1.89480273303752,1.955));
#6609=CARTESIAN_POINT('',(-0.95,3.,1.955));
#6610=CARTESIAN_POINT('',(-0.95,-0.55,1.955));
#6611=CARTESIAN_POINT('',(-0.95,-0.55,-5.09749999999998));
#6612=CARTESIAN_POINT('',(-1.55,0.,0.00999999999999959));
#6613=CARTESIAN_POINT('',(-1.55,1.89480273303752,-2.93388353432774));
#6614=CARTESIAN_POINT('',(-1.55,1.89480273303752,1.705));
#6615=CARTESIAN_POINT('',(-1.55,1.89480273303752,1.955));
#6616=CARTESIAN_POINT('',(-1.55,3.,1.705));
#6617=CARTESIAN_POINT('',(-1.55,-0.55,1.705));
#6618=CARTESIAN_POINT('',(-1.55,-0.55,-5.09749999999998));
#6619=CARTESIAN_POINT('',(-1.55,-0.55,1.955));
#6620=CARTESIAN_POINT('',(-1.55,3.,1.955));
#6621=CARTESIAN_POINT('',(-0.95,3.,1.955));
#6622=CARTESIAN_POINT('',(-1.00294790005609,2.5,1.955));
#6623=CARTESIAN_POINT('',(-1.49705209994391,2.5,1.955));
#6624=CARTESIAN_POINT('',(5.59749999999998,-0.55,1.955));
#6625=CARTESIAN_POINT('',(0.95,0.,0.00999999999999959));
#6626=CARTESIAN_POINT('',(0.95,1.89480273303752,-2.93388353432774));
#6627=CARTESIAN_POINT('',(0.95,1.89480273303752,1.705));
#6628=CARTESIAN_POINT('',(0.95,1.89480273303752,1.955));
#6629=CARTESIAN_POINT('',(0.95,3.,1.705));
#6630=CARTESIAN_POINT('',(0.95,-0.55,1.705));
#6631=CARTESIAN_POINT('',(0.95,-0.55,-5.09749999999998));
#6632=CARTESIAN_POINT('',(0.95,-0.55,1.955));
#6633=CARTESIAN_POINT('',(0.95,3.,1.955));
#6634=CARTESIAN_POINT('',(1.55,3.,1.955));
#6635=CARTESIAN_POINT('',(1.49705209994391,2.5,1.955));
#6636=CARTESIAN_POINT('',(1.55,1.89480273303752,1.955));
#6637=CARTESIAN_POINT('',(1.00294790005609,2.5,1.955));
#6638=CARTESIAN_POINT('',(5.59749999999998,-0.55,1.955));
#6639=CARTESIAN_POINT('',(1.55,-0.55,1.955));
#6640=CARTESIAN_POINT('',(1.55,3.,1.955));
#6641=CARTESIAN_POINT('',(1.55,0.,0.00999999999999959));
#6642=CARTESIAN_POINT('',(1.55,3.,1.705));
#6643=CARTESIAN_POINT('',(1.55,-0.55,1.705));
#6644=CARTESIAN_POINT('',(1.55,1.89480273303752,1.705));
#6645=CARTESIAN_POINT('',(1.55,1.89480273303752,-2.93388353432774));
#6646=CARTESIAN_POINT('',(1.55,-0.55,-5.09749999999998));
#6647=CARTESIAN_POINT('',(-0.95,0.,-3.19));
#6648=CARTESIAN_POINT('',(-0.95,3.,-1.495));
#6649=CARTESIAN_POINT('',(-0.95,-0.55,-1.495));
#6650=CARTESIAN_POINT('',(-0.95,1.89480273303752,-1.495));
#6651=CARTESIAN_POINT('',(-0.95,1.89480273303752,-2.93388353432774));
#6652=CARTESIAN_POINT('',(-0.95,1.89480273303752,-1.245));
#6653=CARTESIAN_POINT('',(-0.95,3.,-1.245));
#6654=CARTESIAN_POINT('',(-0.95,-0.55,-1.245));
#6655=CARTESIAN_POINT('',(-0.95,-0.55,-5.09749999999998));
#6656=CARTESIAN_POINT('',(-1.55,0.,-3.19));
#6657=CARTESIAN_POINT('',(-1.55,1.89480273303752,-2.93388353432774));
#6658=CARTESIAN_POINT('',(-1.55,1.89480273303752,-1.495));
#6659=CARTESIAN_POINT('',(-1.55,1.89480273303752,-1.245));
#6660=CARTESIAN_POINT('',(-1.55,3.,-1.495));
#6661=CARTESIAN_POINT('',(-1.55,-0.55,-1.495));
#6662=CARTESIAN_POINT('',(-1.55,-0.55,-5.09749999999998));
#6663=CARTESIAN_POINT('',(-1.55,-0.55,-1.245));
#6664=CARTESIAN_POINT('',(-1.55,3.,-1.245));
#6665=CARTESIAN_POINT('',(-0.95,2.5,-1.37));
#6666=CARTESIAN_POINT('',(-1.00294790005609,2.5,-2.93388353432774));
#6667=CARTESIAN_POINT('',(-1.00294790005609,2.5,-1.495));
#6668=CARTESIAN_POINT('',(-1.00294790005609,2.5,-1.245));
#6669=CARTESIAN_POINT('',(-0.95,2.5,-1.495));
#6670=CARTESIAN_POINT('',(-1.49705209994391,2.5,-1.495));
#6671=CARTESIAN_POINT('',(-1.49705209994391,2.5,-2.93388353432774));
#6672=CARTESIAN_POINT('',(-1.49705209994391,2.5,-1.245));
#6673=CARTESIAN_POINT('',(-0.95,2.5,-1.245));
#6674=CARTESIAN_POINT('',(1.55,3.,-1.495));
#6675=CARTESIAN_POINT('',(1.45404225431475,2.99160478507504,-1.495));
#6676=CARTESIAN_POINT('',(5.59749999999998,-0.55,-1.495));
#6677=CARTESIAN_POINT('',(1.05051541978159,3.04369923837511,-1.495));
#6678=CARTESIAN_POINT('',(1.55,3.,-1.245));
#6679=CARTESIAN_POINT('',(1.45404225431475,2.99160478507504,-1.245));
#6680=CARTESIAN_POINT('',(1.05051541978159,3.04369923837511,-1.245));
#6681=CARTESIAN_POINT('',(5.59749999999998,-0.55,-1.245));
#6682=CARTESIAN_POINT('',(1.55,3.,1.705));
#6683=CARTESIAN_POINT('',(1.45404225431475,2.99160478507504,1.705));
#6684=CARTESIAN_POINT('',(5.59749999999998,-0.55,1.705));
#6685=CARTESIAN_POINT('',(1.05051541978159,3.04369923837511,1.705));
#6686=CARTESIAN_POINT('',(5.59749999999998,-0.5,5.09749999999998));
#6687=CARTESIAN_POINT('',(-5.7152,-0.5,-2.07));
#6688=CARTESIAN_POINT('',(-5.7152,-0.5,-2.07));
#6689=CARTESIAN_POINT('',(-6.02,-0.5,-2.07));
#6690=CARTESIAN_POINT('',(-5.7152,-0.5,0.220000000000001));
#6691=CARTESIAN_POINT('',(-5.7152,-0.5,-5.04749999999998));
#6692=CARTESIAN_POINT('',(-5.56269999999998,-0.5,-5.04749999999998));
#6693=CARTESIAN_POINT('',(-5.56269999999998,-0.5,-5.2));
#6694=CARTESIAN_POINT('',(5.59749999999998,-0.5,-5.2));
#6695=CARTESIAN_POINT('',(5.56269999999998,-0.5,-5.2));
#6696=CARTESIAN_POINT('',(5.56269999999998,-0.5,-5.04749999999998));
#6697=CARTESIAN_POINT('',(5.7152,-0.5,-5.04749999999998));
#6698=CARTESIAN_POINT('',(5.7152,-0.5,-1.98));
#6699=CARTESIAN_POINT('',(5.7152,-0.499999999999996,-2.07));
#6700=CARTESIAN_POINT('',(5.7152,-0.499999999999996,-2.07));
#6701=CARTESIAN_POINT('',(6.02,-0.499999999999996,-2.07));
#6702=CARTESIAN_POINT('',(6.02,-0.5,5.09749999999998));
#6703=CARTESIAN_POINT('',(6.02,-0.5,-5.05));
#6704=CARTESIAN_POINT('',(5.57,-0.5,-5.05));
#6705=CARTESIAN_POINT('',(5.57,-0.5,-5.5));
#6706=CARTESIAN_POINT('',(5.59749999999998,-0.5,-5.5));
#6707=CARTESIAN_POINT('',(-5.57,-0.5,-5.5));
#6708=CARTESIAN_POINT('',(-5.57,-0.5,-5.05));
#6709=CARTESIAN_POINT('',(-6.02,-0.5,-5.05));
#6710=CARTESIAN_POINT('',(-6.02,-0.5,-0.13));
#6711=CARTESIAN_POINT('',(-5.7152,-0.55,-5.09749999999998));
#6712=CARTESIAN_POINT('',(-5.7152,-0.55,-5.09749999999998));
#6713=CARTESIAN_POINT('',(-5.7152,-0.55,-1.55250206509579));
#6714=CARTESIAN_POINT('',(-5.7152,-0.55,0.212502065095788));
#6715=CARTESIAN_POINT('',(-5.7152,-0.950768598627803,-1.57));
#6716=CARTESIAN_POINT('',(-5.7152,0.675,-1.49901741003286));
#6717=CARTESIAN_POINT('',(-5.7152,0.675,0.33));
#6718=CARTESIAN_POINT('',(-5.7152,0.675,0.15901741003286));
#6719=CARTESIAN_POINT('',(-5.7152,-0.950768598627803,0.23));
#6720=CARTESIAN_POINT('',(-5.7152,-0.55,-5.09749999999998));
#6721=CARTESIAN_POINT('',(-5.7152,-0.55,0.73));
#6722=CARTESIAN_POINT('',(-5.7152,-0.5,0.73));
#6723=CARTESIAN_POINT('',(-5.7152,-0.55,0.73));
#6724=CARTESIAN_POINT('',(-5.7152,-0.5,0.220000000000001));
#6725=CARTESIAN_POINT('',(-5.7152,-0.5,5.04749999999998));
#6726=CARTESIAN_POINT('',(-5.7152,-0.55,5.04749999999998));
#6727=CARTESIAN_POINT('',(-5.7152,-0.55,5.04749999999998));
#6728=CARTESIAN_POINT('',(-5.7152,-0.55,-5.09749999999998));
#6729=CARTESIAN_POINT('',(-5.7152,-0.55,-5.09749999999998));
#6730=CARTESIAN_POINT('',(-5.7152,-0.55,-2.07));
#6731=CARTESIAN_POINT('',(-5.7152,-0.55,-2.07));
#6732=CARTESIAN_POINT('',(-5.7152,-0.55,-5.09749999999998));
#6733=CARTESIAN_POINT('',(-5.7152,-0.55,-5.04749999999998));
#6734=CARTESIAN_POINT('',(-5.7152,-0.55,-5.04749999999998));
#6735=CARTESIAN_POINT('',(-6.02,-16.1,-6.1));
#6736=CARTESIAN_POINT('',(-6.02,-16.2685840577433,-2.23879026624357));
#6737=CARTESIAN_POINT('',(-6.02,-0.716455348532308,-1.55976966256487));
#6738=CARTESIAN_POINT('',(-6.02,0.675,-1.49901741003286));
#6739=CARTESIAN_POINT('',(-6.02,-0.705768598627803,-1.80453647685243));
#6740=CARTESIAN_POINT('',(-6.02,-0.950768598627803,-1.80453647685243));
#6741=CARTESIAN_POINT('',(-6.02,-0.950768598627803,-1.57));
#6742=CARTESIAN_POINT('',(-6.02,-0.950768598627803,-1.825));
#6743=CARTESIAN_POINT('',(-6.02,-0.705768598627803,-1.825));
#6744=CARTESIAN_POINT('',(-6.02,-0.705768598627803,-2.07));
#6745=CARTESIAN_POINT('',(-6.02,-0.950768598627803,-2.07));
#6746=CARTESIAN_POINT('',(-6.02,-16.1,-5.05));
#6747=CARTESIAN_POINT('',(-6.02,-16.45,-5.05));
#6748=CARTESIAN_POINT('',(-6.02,-16.45,5.09749999999998));
#6749=CARTESIAN_POINT('',(-6.02,-16.45,5.05));
#6750=CARTESIAN_POINT('',(-6.02,-16.1,5.05));
#6751=CARTESIAN_POINT('',(-6.02,-0.5,5.05));
#6752=CARTESIAN_POINT('',(-6.02,-0.5,-0.13));
#6753=CARTESIAN_POINT('',(-6.02,-0.5,0.73));
#6754=CARTESIAN_POINT('',(-6.02,-0.55,0.73));
#6755=CARTESIAN_POINT('',(-6.02,-0.705768598627803,0.73));
#6756=CARTESIAN_POINT('',(-6.02,-0.705768598627803,0.485));
#6757=CARTESIAN_POINT('',(-6.02,-0.950768598627803,0.485));
#6758=CARTESIAN_POINT('',(-6.02,-0.950768598627803,0.73));
#6759=CARTESIAN_POINT('',(-6.02,-0.950768598627803,0.464536476852428));
#6760=CARTESIAN_POINT('',(-6.02,-0.705768598627803,0.464536476852428));
#6761=CARTESIAN_POINT('',(-6.02,-0.716455348532308,0.219769662564871));
#6762=CARTESIAN_POINT('',(-6.02,-15.7953283746236,0.878127476881743));
#6763=CARTESIAN_POINT('',(-6.02,0.675,0.15901741003286));
#6764=CARTESIAN_POINT('',(-6.02,0.675,0.33));
#6765=CARTESIAN_POINT('',(5.59749999999998,-0.5,5.09749999999998));
#6766=CARTESIAN_POINT('',(-5.7152,-0.5,0.73));
#6767=CARTESIAN_POINT('',(-5.57,-0.5,5.05));
#6768=CARTESIAN_POINT('',(-5.57,-0.5,5.5));
#6769=CARTESIAN_POINT('',(-5.59749999999998,-0.5,5.5));
#6770=CARTESIAN_POINT('',(5.57,-0.5,5.5));
#6771=CARTESIAN_POINT('',(5.57,-0.5,5.05));
#6772=CARTESIAN_POINT('',(6.02,-0.5,5.05));
#6773=CARTESIAN_POINT('',(6.02,-0.5,5.09749999999998));
#6774=CARTESIAN_POINT('',(6.02,-0.499999999999996,0.73));
#6775=CARTESIAN_POINT('',(5.7152,-0.499999999999996,0.73));
#6776=CARTESIAN_POINT('',(5.7152,-0.499999999999996,0.73));
#6777=CARTESIAN_POINT('',(5.7152,-0.5,-1.98));
#6778=CARTESIAN_POINT('',(5.7152,-0.5,5.04749999999998));
#6779=CARTESIAN_POINT('',(5.56269999999998,-0.5,5.04749999999998));
#6780=CARTESIAN_POINT('',(5.56269999999998,-0.5,5.2));
#6781=CARTESIAN_POINT('',(-5.59749999999998,-0.5,5.2));
#6782=CARTESIAN_POINT('',(-5.56269999999998,-0.5,5.2));
#6783=CARTESIAN_POINT('',(-5.56269999999998,-0.5,5.04749999999998));
#6784=CARTESIAN_POINT('',(5.7152,-0.55,5.09749999999998));
#6785=CARTESIAN_POINT('',(5.7152,-0.55,5.09749999999998));
#6786=CARTESIAN_POINT('',(5.7152,-0.55,0.212502065095788));
#6787=CARTESIAN_POINT('',(5.7152,-0.55,-1.55250206509579));
#6788=CARTESIAN_POINT('',(5.7152,-0.762877811668675,0.221796511077544));
#6789=CARTESIAN_POINT('',(5.7152,0.675000000000004,0.15901741003286));
#6790=CARTESIAN_POINT('',(5.7152,0.675000000000004,0.33));
#6791=CARTESIAN_POINT('',(5.7152,0.675000000000004,-1.49901741003286));
#6792=CARTESIAN_POINT('',(5.7152,-0.260207065371559,-1.53984943232168));
#6793=CARTESIAN_POINT('',(5.7152,-0.55,5.09749999999998));
#6794=CARTESIAN_POINT('',(5.7152,-0.950768598627803,0.73));
#6795=CARTESIAN_POINT('',(5.7152,-0.55,0.73));
#6796=CARTESIAN_POINT('',(5.7152,-0.55,5.09749999999998));
#6797=CARTESIAN_POINT('',(5.7152,-0.55,5.04749999999998));
#6798=CARTESIAN_POINT('',(5.7152,-0.55,5.04749999999998));
#6799=CARTESIAN_POINT('',(0.,-16.4506099048912,0.));
#6800=CARTESIAN_POINT('',(1.21261819259819E-16,-16.4506099048912,1.29456131230048));
#6801=CARTESIAN_POINT('',(2.375,-16.4506099048912,1.29456131230048));
#6802=CARTESIAN_POINT('',(-2.375,-16.4506099048912,1.29456131230048));
#6803=CARTESIAN_POINT('',(-2.375,-16.4506099048912,1.32902201788546E-16));
#6804=CARTESIAN_POINT('',(-2.375,-16.4506099048912,-0.855438687699523));
#6805=CARTESIAN_POINT('',(-4.78693410906824E-17,-16.4506099048912,-0.855438687699523));
#6806=CARTESIAN_POINT('',(2.375,-16.4506099048912,-0.855438687699524));
#6807=CARTESIAN_POINT('',(2.375,-16.4506099048912,-1.32902201788546E-16));
#6808=CARTESIAN_POINT('',(2.375,-16.4506099048912,-1.32902201788546E-16));
#6809=CARTESIAN_POINT('',(1.58333333333333,-17.2422765715578,-0.0637720210328569));
#6810=CARTESIAN_POINT('',(2.875,-15.9506099048912,-1.35543868769952));
#6811=CARTESIAN_POINT('',(2.875,-15.9506099048912,-1.60881612691397E-16));
#6812=CARTESIAN_POINT('',(2.875,-15.9506099048912,1.79456131230048));
#6813=CARTESIAN_POINT('',(1.58333333333333,-17.2422765715578,0.50289464563381));
#6814=CARTESIAN_POINT('',(9.27652415156268E-16,-12.7,1.89456131230048));
#6815=CARTESIAN_POINT('',(1.74401206198301,-12.7,1.89456131230048));
#6816=CARTESIAN_POINT('',(1.74401206198301,-12.15,2.44456131230048));
#6817=CARTESIAN_POINT('',(1.74401206198301,-12.7,1.89456131230048));
#6818=CARTESIAN_POINT('',(1.19695424509622E-15,-12.15,2.44456131230048));
#6819=CARTESIAN_POINT('',(0.744012061983008,-12.15,2.44456131230048));
#6820=CARTESIAN_POINT('',(0.744012061983007,-12.7,1.89456131230048));
#6821=CARTESIAN_POINT('',(0.744012061983007,-12.7,1.89456131230048));
#6822=CARTESIAN_POINT('',(9.27652415156269E-16,-12.7,1.89456131230048));
#6823=CARTESIAN_POINT('',(-1.74401206198301,-12.15,2.44456131230048));
#6824=CARTESIAN_POINT('',(-1.74401206198301,-12.75,1.84456131230048));
#6825=CARTESIAN_POINT('',(-1.74401206198301,-12.7,1.89456131230048));
#6826=CARTESIAN_POINT('',(-1.74401206198301,-12.15,2.44456131230048));
#6827=CARTESIAN_POINT('',(-1.74401206198301,-12.7,1.89456131230048));
#6828=CARTESIAN_POINT('',(-0.744012061983008,-12.7,1.89456131230048));
#6829=CARTESIAN_POINT('',(-0.744012061983008,-12.4375,2.15706131230048));
#6830=CARTESIAN_POINT('',(-0.744012061983007,-12.15,2.44456131230048));
#6831=CARTESIAN_POINT('',(-1.74401206198301,-12.15,2.44456131230048));
#6832=CARTESIAN_POINT('',(0.,-12.7,0.));
#6833=CARTESIAN_POINT('',(1.74401206198301,-12.7,1.79456131230048));
#6834=CARTESIAN_POINT('',(1.74401206198301,-12.7,1.79456131230048));
#6835=CARTESIAN_POINT('',(0.744012061983008,-12.7,2.41956131230048));
#6836=CARTESIAN_POINT('',(0.744012061983007,-12.7,1.79456131230048));
#6837=CARTESIAN_POINT('',(1.74401206198301,-12.7,1.79456131230048));
#6838=CARTESIAN_POINT('',(1.21261819259819E-16,-16.4506099048912,1.29456131230048));
#6839=CARTESIAN_POINT('',(1.6809692011894E-16,-15.9506099048912,1.79456131230048));
#6840=CARTESIAN_POINT('',(-2.875,-15.9506099048912,1.79456131230048));
#6841=CARTESIAN_POINT('',(-1.94347956256651,-16.8821303423246,0.863040874866985));
#6842=CARTESIAN_POINT('',(0.,-12.7,0.));
#6843=CARTESIAN_POINT('',(-0.744012061983007,-12.7,2.41956131230048));
#6844=CARTESIAN_POINT('',(-0.744012061983008,-12.7,1.79456131230048));
#6845=CARTESIAN_POINT('',(-1.74401206198301,-12.7,1.79456131230048));
#6846=CARTESIAN_POINT('',(-1.74401206198301,-12.7,1.79456131230048));
#6847=CARTESIAN_POINT('',(-1.74401206198301,-12.7,1.79456131230048));
#6848=CARTESIAN_POINT('',(-2.375,-16.4506099048912,1.32902201788546E-16));
#6849=CARTESIAN_POINT('',(-2.875,-15.9506099048912,1.60881612691397E-16));
#6850=CARTESIAN_POINT('',(-2.875,-15.9506099048912,-1.35543868769952));
#6851=CARTESIAN_POINT('',(-2.08985377076683,-16.7357561341243,-0.570292458466349));
#6852=CARTESIAN_POINT('',(-1.74401206198301,-12.15,-2.00543868769952));
#6853=CARTESIAN_POINT('',(-0.744012061983008,-12.4375,-1.71793868769952));
#6854=CARTESIAN_POINT('',(-0.744012061983008,-12.7,-1.45543868769952));
#6855=CARTESIAN_POINT('',(-0.744012061983008,-12.15,-2.00543868769952));
#6856=CARTESIAN_POINT('',(-1.74401206198301,-12.7,-1.45543868769952));
#6857=CARTESIAN_POINT('',(-1.74401206198301,-12.7,-1.45543868769952));
#6858=CARTESIAN_POINT('',(-1.74401206198301,-12.75,-1.40543868769952));
#6859=CARTESIAN_POINT('',(-1.74401206198301,-12.15,-2.00543868769952));
#6860=CARTESIAN_POINT('',(-1.74401206198301,-12.15,-2.00543868769952));
#6861=CARTESIAN_POINT('',(1.74401206198301,-12.15,-2.00543868769952));
#6862=CARTESIAN_POINT('',(1.74401206198301,-12.75,-1.40543868769952));
#6863=CARTESIAN_POINT('',(1.74401206198301,-12.7,-1.45543868769952));
#6864=CARTESIAN_POINT('',(1.74401206198301,-12.15,-2.00543868769952));
#6865=CARTESIAN_POINT('',(1.74401206198301,-12.7,-1.45543868769952));
#6866=CARTESIAN_POINT('',(0.744012061983007,-12.7,-1.45543868769952));
#6867=CARTESIAN_POINT('',(0.744012061983007,-12.4375,-1.71793868769952));
#6868=CARTESIAN_POINT('',(0.744012061983007,-12.15,-2.00543868769952));
#6869=CARTESIAN_POINT('',(1.74401206198301,-12.15,-2.00543868769952));
#6870=CARTESIAN_POINT('',(0.,-12.7,0.));
#6871=CARTESIAN_POINT('',(-1.74401206198301,-12.7,-1.35543868769952));
#6872=CARTESIAN_POINT('',(-1.74401206198301,-12.7,-1.35543868769952));
#6873=CARTESIAN_POINT('',(-0.744012061983008,-12.7,-1.98043868769952));
#6874=CARTESIAN_POINT('',(-0.744012061983008,-12.7,-1.35543868769952));
#6875=CARTESIAN_POINT('',(-1.74401206198301,-12.7,-1.35543868769952));
#6876=CARTESIAN_POINT('',(-4.78693410906824E-17,-16.4506099048912,-0.855438687699523));
#6877=CARTESIAN_POINT('',(-7.58487519935342E-17,-15.9506099048912,-1.35543868769952));
#6878=CARTESIAN_POINT('',(0.,-12.7,0.));
#6879=CARTESIAN_POINT('',(0.744012061983007,-12.7,-1.98043868769952));
#6880=CARTESIAN_POINT('',(0.744012061983007,-12.7,-1.35543868769952));
#6881=CARTESIAN_POINT('',(1.74401206198301,-12.7,-1.35543868769952));
#6882=CARTESIAN_POINT('',(1.74401206198301,-12.7,-1.35543868769952));
#6883=CARTESIAN_POINT('',(1.74401206198301,-12.7,-1.35543868769952));
#6884=CARTESIAN_POINT('',(2.875,-16.4506099048912,-1.35543868769952));
#6885=CARTESIAN_POINT('',(2.875,-16.4506099048912,1.79456131230048));
#6886=CARTESIAN_POINT('',(2.875,-6.7,1.79456131230048));
#6887=CARTESIAN_POINT('',(2.875,-16.4506099048912,-1.35543868769952));
#6888=CARTESIAN_POINT('',(2.875,-6.7,-1.35543868769952));
#6889=CARTESIAN_POINT('',(2.875,-6.7,-1.35543868769952));
#6890=CARTESIAN_POINT('',(1.74401206198301,-12.7,1.79456131230048));
#6891=CARTESIAN_POINT('',(1.74401206198301,-12.7,2.44456131230048));
#6892=CARTESIAN_POINT('',(1.74401206198301,-6.7,2.44456131230048));
#6893=CARTESIAN_POINT('',(1.74401206198301,-12.7,1.79456131230048));
#6894=CARTESIAN_POINT('',(1.74401206198301,-6.7,1.79456131230048));
#6895=CARTESIAN_POINT('',(1.74401206198301,-6.7,1.79456131230048));
#6896=CARTESIAN_POINT('',(1.74401206198301,-12.7,2.44456131230048));
#6897=CARTESIAN_POINT('',(0.744012061983008,-12.7,2.44456131230048));
#6898=CARTESIAN_POINT('',(0.744012061983008,-6.7,2.44456131230048));
#6899=CARTESIAN_POINT('',(1.74401206198301,-6.7,2.44456131230048));
#6900=CARTESIAN_POINT('',(0.744012061983008,-12.7,2.41956131230048));
#6901=CARTESIAN_POINT('',(0.744012061983008,-6.7,2.41956131230048));
#6902=CARTESIAN_POINT('',(0.744012061983007,-6.7,1.79456131230048));
#6903=CARTESIAN_POINT('',(0.744012061983007,-12.7,1.79456131230048));
#6904=CARTESIAN_POINT('',(-0.744012061983007,-12.7,2.41956131230048));
#6905=CARTESIAN_POINT('',(-0.744012061983007,-12.7,2.44456131230048));
#6906=CARTESIAN_POINT('',(-0.744012061983007,-6.7,2.44456131230048));
#6907=CARTESIAN_POINT('',(-0.744012061983008,-12.7,1.79456131230048));
#6908=CARTESIAN_POINT('',(-0.744012061983008,-6.7,1.79456131230048));
#6909=CARTESIAN_POINT('',(-0.744012061983007,-6.7,2.41956131230048));
#6910=CARTESIAN_POINT('',(-1.74401206198301,-12.7,2.44456131230048));
#6911=CARTESIAN_POINT('',(-1.74401206198301,-12.7,2.44456131230048));
#6912=CARTESIAN_POINT('',(-1.74401206198301,-6.7,2.44456131230048));
#6913=CARTESIAN_POINT('',(-1.74401206198301,-6.7,2.44456131230048));
#6914=CARTESIAN_POINT('',(-1.74401206198301,-12.7,1.79456131230048));
#6915=CARTESIAN_POINT('',(-1.74401206198301,-6.7,1.79456131230048));
#6916=CARTESIAN_POINT('',(-1.74401206198301,-6.7,1.79456131230048));
#6917=CARTESIAN_POINT('',(-1.74401206198301,-12.7,1.79456131230048));
#6918=CARTESIAN_POINT('',(2.875,-16.4506099048912,1.79456131230048));
#6919=CARTESIAN_POINT('',(2.875,-6.7,1.79456131230048));
#6920=CARTESIAN_POINT('',(-2.875,-6.7,1.79456131230048));
#6921=CARTESIAN_POINT('',(-2.875,-16.4506099048912,1.79456131230048));
#6922=CARTESIAN_POINT('',(2.875,-6.7,1.79456131230048));
#6923=CARTESIAN_POINT('',(2.875,-6.7,1.79456131230048));
#6924=CARTESIAN_POINT('',(-2.875,-16.4506099048912,1.79456131230048));
#6925=CARTESIAN_POINT('',(-2.875,-16.4506099048912,-1.35543868769952));
#6926=CARTESIAN_POINT('',(-2.875,-6.7,-1.35543868769952));
#6927=CARTESIAN_POINT('',(-2.875,-6.7,1.79456131230048));
#6928=CARTESIAN_POINT('',(-1.74401206198301,-12.7,-1.35543868769952));
#6929=CARTESIAN_POINT('',(-1.74401206198301,-12.7,-2.00543868769952));
#6930=CARTESIAN_POINT('',(-1.74401206198301,-6.7,-2.00543868769952));
#6931=CARTESIAN_POINT('',(-1.74401206198301,-12.7,-1.35543868769952));
#6932=CARTESIAN_POINT('',(-1.74401206198301,-6.7,-1.35543868769952));
#6933=CARTESIAN_POINT('',(-1.74401206198301,-6.7,-1.35543868769952));
#6934=CARTESIAN_POINT('',(-1.74401206198301,-12.7,-2.00543868769952));
#6935=CARTESIAN_POINT('',(-0.744012061983008,-12.7,-2.00543868769952));
#6936=CARTESIAN_POINT('',(-0.744012061983008,-6.7,-2.00543868769952));
#6937=CARTESIAN_POINT('',(-1.74401206198301,-6.7,-2.00543868769952));
#6938=CARTESIAN_POINT('',(-0.744012061983008,-12.7,-1.98043868769952));
#6939=CARTESIAN_POINT('',(-0.744012061983008,-6.7,-1.98043868769952));
#6940=CARTESIAN_POINT('',(-0.744012061983008,-6.7,-1.35543868769952));
#6941=CARTESIAN_POINT('',(-0.744012061983008,-12.7,-1.35543868769952));
#6942=CARTESIAN_POINT('',(0.744012061983007,-12.7,-1.98043868769952));
#6943=CARTESIAN_POINT('',(0.744012061983007,-12.7,-2.00543868769952));
#6944=CARTESIAN_POINT('',(0.744012061983007,-6.7,-2.00543868769952));
#6945=CARTESIAN_POINT('',(0.744012061983007,-12.7,-1.35543868769952));
#6946=CARTESIAN_POINT('',(0.744012061983007,-6.7,-1.35543868769952));
#6947=CARTESIAN_POINT('',(0.744012061983007,-6.7,-1.98043868769952));
#6948=CARTESIAN_POINT('',(1.74401206198301,-12.7,-2.00543868769952));
#6949=CARTESIAN_POINT('',(1.74401206198301,-12.7,-2.00543868769952));
#6950=CARTESIAN_POINT('',(1.74401206198301,-6.7,-2.00543868769952));
#6951=CARTESIAN_POINT('',(1.74401206198301,-6.7,-2.00543868769952));
#6952=CARTESIAN_POINT('',(1.74401206198301,-12.7,-1.35543868769952));
#6953=CARTESIAN_POINT('',(1.74401206198301,-6.7,-1.35543868769952));
#6954=CARTESIAN_POINT('',(1.74401206198301,-6.7,-1.35543868769952));
#6955=CARTESIAN_POINT('',(1.74401206198301,-12.7,-1.35543868769952));
#6956=CARTESIAN_POINT('',(-2.875,-16.4506099048912,-1.35543868769952));
#6957=CARTESIAN_POINT('',(-2.875,-6.7,-1.35543868769952));
#6958=CARTESIAN_POINT('',(-2.875,-6.7,-1.35543868769952));
#6959=CARTESIAN_POINT('',(-2.875,-6.7,-1.35543868769952));
#6960=CARTESIAN_POINT('',(-3.28893507435137,-8.60483500569601,-2.50052435757109));
#6961=CARTESIAN_POINT('',(-4.225,-8.60483500569601,-2.11721961459717));
#6962=CARTESIAN_POINT('',(-3.13743065555602,-8.60483500569601,-1.61007770050832));
#6963=CARTESIAN_POINT('',(-3.38893507435137,-8.60483500569601,-1.72735613705242));
#6964=CARTESIAN_POINT('',(-3.38893507435137,-8.60483500569601,-2.50052435757109));
#6965=CARTESIAN_POINT('',(-3.38893507435137,-8.60483500569601,0.707200736035771));
#6966=CARTESIAN_POINT('',(-4.225,-8.60483500569601,1.09706421358052));
#6967=CARTESIAN_POINT('',(-3.13743065555602,-8.60483500569601,0.589922299491675));
#6968=CARTESIAN_POINT('',(-3.13743065555602,-8.60483500569601,0.589922299491675));
#6969=CARTESIAN_POINT('',(-3.38893507435137,-15.5233331576663,-2.50052435757109));
#6970=CARTESIAN_POINT('',(-3.38893507435137,-6.7,-1.72735613705242));
#6971=CARTESIAN_POINT('',(-3.38893507435137,-14.4017767373671,-1.72735613705242));
#6972=CARTESIAN_POINT('',(-3.38893507435137,-14.4017767373671,0.707200736035771));
#6973=CARTESIAN_POINT('',(-3.38893507435137,-14.4017767373671,0.707200736035771));
#6974=CARTESIAN_POINT('',(-3.38893507435137,-6.7,0.707200736035771));
#6975=CARTESIAN_POINT('',(-5.88893507435137,-14.4017767373671,-2.50052435757109));
#6976=CARTESIAN_POINT('',(-5.88893507435137,-14.4017767373671,-2.89312528243992));
#6977=CARTESIAN_POINT('',(-4.32719092234013,-16.3539435344566,-2.16487202427829));
#6978=CARTESIAN_POINT('',(-4.32719092234013,-16.3539435344566,-1.72735613705242));
#6979=CARTESIAN_POINT('',(-4.32719092234013,-16.3539435344566,1.14471662326164));
#6980=CARTESIAN_POINT('',(-5.88893507435137,-14.4017767373671,1.87296988142327));
#6981=CARTESIAN_POINT('',(-4.49614145722707,-16.4891048896401,-2.50052435757109));
#6982=CARTESIAN_POINT('',(-0.102252107711398,-12.9739692944535,-0.825404701236039));
#6983=CARTESIAN_POINT('',(-4.49614145722707,-16.4891048896401,1.22349956918083));
#6984=CARTESIAN_POINT('',(-0.102252107711398,-12.9739692944535,-0.19475069978061));
#6985=CARTESIAN_POINT('',(-4.49614145722707,-16.4891048896401,-2.24365497019748));
#6986=CARTESIAN_POINT('',(-4.49614145722707,-16.4891048896401,-2.50052435757109));
#6987=CARTESIAN_POINT('',(-5.63743065555602,-14.4984378812836,0.589922299491674));
#6988=CARTESIAN_POINT('',(-5.63743065555602,-14.4984378812836,1.75569144487917));
#6989=CARTESIAN_POINT('',(-4.07569303666996,-16.4506099048912,1.02744123316385));
#6990=CARTESIAN_POINT('',(-3.13743065555602,-14.4984378812836,0.589922299491675));
#6991=CARTESIAN_POINT('',(-4.07569303666996,-16.4506099048912,-1.60686372536059E-15));
#6992=CARTESIAN_POINT('',(-4.07569303666996,-16.4506099048912,-2.0475966341805));
#6993=CARTESIAN_POINT('',(-5.63743065555602,-14.4984378812836,-2.77584684589582));
#6994=CARTESIAN_POINT('',(-3.13743065555602,-14.4984378812836,-1.61007770050832));
#6995=CARTESIAN_POINT('',(-3.13743065555602,-14.4984378812836,0.589922299491675));
#6996=CARTESIAN_POINT('',(-3.13743065555602,-6.7,0.589922299491675));
#6997=CARTESIAN_POINT('',(-3.13743065555602,-6.7,0.589922299491675));
#6998=CARTESIAN_POINT('',(-3.13743065555602,-6.7,-1.61007770050832));
#6999=CARTESIAN_POINT('',(-4.49614145722707,-6.7,-2.50052435757109));
#7000=CARTESIAN_POINT('',(-4.49614145722707,-6.7,-2.24365497019748));
#7001=CARTESIAN_POINT('',(-4.49614145722707,-6.7,-2.24365497019748));
#7002=CARTESIAN_POINT('',(-4.49614145722707,-6.7,-2.50052435757109));
#7003=CARTESIAN_POINT('',(-4.49614145722707,-6.7,1.22349956918083));
#7004=CARTESIAN_POINT('',(-4.49614145722707,-6.7,1.22349956918083));
#7005=CARTESIAN_POINT('',(3.875,-6.7,-3.29));
#7006=CARTESIAN_POINT('',(-4.49614145722707,-6.7,1.22349956918083));
#7007=CARTESIAN_POINT('',(-4.70071581283178,-6.7,1.22349956918083));
#7008=CARTESIAN_POINT('',(-4.49614145722707,-6.7,-2.24365497019748));
#7009=CARTESIAN_POINT('',(-4.70071581283178,-6.7,-2.24365497019748));
#7010=CARTESIAN_POINT('',(-4.70071266897215,-6.7,-2.44365495254573));
#7011=CARTESIAN_POINT('',(-4.90071266897215,-6.7,-2.44365493491758));
#7012=CARTESIAN_POINT('',(-4.70071581283206,-6.7,-2.44253353664753));
#7013=CARTESIAN_POINT('',(-4.70071581283206,-6.7,-2.64253353664753));
#7014=CARTESIAN_POINT('',(-4.70071581283206,-6.7,-2.64253353664753));
#7015=CARTESIAN_POINT('',(-4.22499999323888,-6.7,-2.64253353664753));
#7016=CARTESIAN_POINT('',(-4.225,-6.7,-2.11721961459716));
#7017=CARTESIAN_POINT('',(-4.225,-6.7,-3.29));
#7018=CARTESIAN_POINT('',(-3.875,-6.7,-3.29));
#7019=CARTESIAN_POINT('',(-3.875,-6.7,-3.64));
#7020=CARTESIAN_POINT('',(-3.875,-6.7,-3.64));
#7021=CARTESIAN_POINT('',(3.875,-6.7,-3.64));
#7022=CARTESIAN_POINT('',(3.875,-6.7,-3.29));
#7023=CARTESIAN_POINT('',(4.225,-6.7,-3.29));
#7024=CARTESIAN_POINT('',(4.225,-6.7,-3.29));
#7025=CARTESIAN_POINT('',(4.225,-6.7,-2.64253355424986));
#7026=CARTESIAN_POINT('',(4.70071581283179,-6.7,-2.64253355424986));
#7027=CARTESIAN_POINT('',(4.70071581283179,-6.7,-2.64253355424986));
#7028=CARTESIAN_POINT('',(4.70071895659313,-6.7,-2.44253355427457));
#7029=CARTESIAN_POINT('',(4.90071581283206,-6.7,-2.44365495254545));
#7030=CARTESIAN_POINT('',(4.70071581283206,-6.7,-2.44365495254545));
#7031=CARTESIAN_POINT('',(4.70071581283206,-6.7,-2.24365495254545));
#7032=CARTESIAN_POINT('',(4.49614145722707,-6.7,-2.24365495254545));
#7033=CARTESIAN_POINT('',(4.49614145722707,-6.7,-2.24365495254545));
#7034=CARTESIAN_POINT('',(4.49614145722707,-6.7,-2.50052435757109));
#7035=CARTESIAN_POINT('',(4.49614145722707,-6.7,1.22349956918083));
#7036=CARTESIAN_POINT('',(4.49614145722707,-6.7,1.2234995515288));
#7037=CARTESIAN_POINT('',(4.70071581283206,-6.7,1.2234995515288));
#7038=CARTESIAN_POINT('',(4.70071581283206,-6.7,1.4234995515288));
#7039=CARTESIAN_POINT('',(4.90071581283206,-6.7,1.4234995515288));
#7040=CARTESIAN_POINT('',(4.70071895669197,-6.7,1.42237815325875));
#7041=CARTESIAN_POINT('',(4.70071581283179,-6.7,1.62237815323404));
#7042=CARTESIAN_POINT('',(4.70071581283179,-6.7,1.62237815323404));
#7043=CARTESIAN_POINT('',(4.225,-6.7,1.62237815323404));
#7044=CARTESIAN_POINT('',(4.225,-6.7,1.09706421358051));
#7045=CARTESIAN_POINT('',(4.225,-6.7,2.49));
#7046=CARTESIAN_POINT('',(2.575,-6.7,4.14));
#7047=CARTESIAN_POINT('',(2.575,-6.7,4.14));
#7048=CARTESIAN_POINT('',(2.575,-6.7,4.14));
#7049=CARTESIAN_POINT('',(-2.575,-6.7,4.14));
#7050=CARTESIAN_POINT('',(-4.225,-6.7,2.49));
#7051=CARTESIAN_POINT('',(-4.225,-6.7,2.49));
#7052=CARTESIAN_POINT('',(-4.225,-6.7,2.49));
#7053=CARTESIAN_POINT('',(-4.22499999323888,-6.7,1.62237813563088));
#7054=CARTESIAN_POINT('',(-4.70071581283206,-6.7,1.62237813563088));
#7055=CARTESIAN_POINT('',(-4.70071581283206,-6.7,1.62237813563088));
#7056=CARTESIAN_POINT('',(-4.70071581283206,-6.7,1.42237813563088));
#7057=CARTESIAN_POINT('',(-4.90071266897215,-6.7,1.42349953390093));
#7058=CARTESIAN_POINT('',(-4.70071266897215,-6.7,1.42349955152908));
#7059=CARTESIAN_POINT('',(4.49614145722707,-6.7,-2.50052435757109));
#7060=CARTESIAN_POINT('',(4.49614145722707,-16.4891048896401,-2.50052435757109));
#7061=CARTESIAN_POINT('',(4.49614145722707,-16.4891048896401,-2.24365495254545));
#7062=CARTESIAN_POINT('',(4.49614145722707,-16.4891048896401,1.22349956918083));
#7063=CARTESIAN_POINT('',(4.49614145722707,-6.7,1.2234995515288));
#7064=CARTESIAN_POINT('',(4.49614145722707,-6.7,-2.24365495254545));
#7065=CARTESIAN_POINT('',(3.28893507435137,-8.60483500569601,-2.50052435757109));
#7066=CARTESIAN_POINT('',(3.38893507435137,-8.60483500569601,-2.50052435757109));
#7067=CARTESIAN_POINT('',(3.38893507435137,-8.60483500569601,-1.72735613705242));
#7068=CARTESIAN_POINT('',(3.38893507435137,-8.60483500569601,0.707200736035771));
#7069=CARTESIAN_POINT('',(4.225,-8.60483500569601,-2.11721961459717));
#7070=CARTESIAN_POINT('',(3.13743065555602,-8.60483500569601,-1.61007770050832));
#7071=CARTESIAN_POINT('',(3.13743065555602,-8.60483500569601,-1.61007770050832));
#7072=CARTESIAN_POINT('',(3.13743065555602,-8.60483500569601,0.589922299491675));
#7073=CARTESIAN_POINT('',(4.225,-8.60483500569601,1.09706421358052));
#7074=CARTESIAN_POINT('',(3.38893507435137,-15.5233331576663,-2.50052435757109));
#7075=CARTESIAN_POINT('',(3.38893507435137,-6.7,0.707200736035771));
#7076=CARTESIAN_POINT('',(3.38893507435137,-14.4017767373671,0.707200736035771));
#7077=CARTESIAN_POINT('',(3.38893507435137,-14.4017767373671,-1.72735613705242));
#7078=CARTESIAN_POINT('',(3.38893507435137,-14.4017767373671,-1.72735613705242));
#7079=CARTESIAN_POINT('',(3.38893507435137,-6.7,-1.72735613705242));
#7080=CARTESIAN_POINT('',(5.88893507435137,-14.4017767373671,-2.50052435757109));
#7081=CARTESIAN_POINT('',(5.88893507435137,-14.4017767373671,-2.89312528243992));
#7082=CARTESIAN_POINT('',(4.32719092234014,-16.3539435344566,-2.16487202427829));
#7083=CARTESIAN_POINT('',(5.88893507435137,-14.4017767373671,1.87296988142327));
#7084=CARTESIAN_POINT('',(4.32719092234014,-16.3539435344566,1.14471662326164));
#7085=CARTESIAN_POINT('',(4.32719092234013,-16.3539435344566,0.707200736035771));
#7086=CARTESIAN_POINT('',(4.49614145722707,-16.4891048896401,-2.50052435757109));
#7087=CARTESIAN_POINT('',(0.102252107711401,-12.9739692944536,-0.194750699780611));
#7088=CARTESIAN_POINT('',(0.102252107711401,-12.9739692944536,-0.825404701236038));
#7089=CARTESIAN_POINT('',(5.63743065555602,-14.4984378812836,-1.61007770050832));
#7090=CARTESIAN_POINT('',(5.63743065555602,-14.4984378812836,-2.77584684589582));
#7091=CARTESIAN_POINT('',(4.07569303666996,-16.4506099048912,-2.0475966341805));
#7092=CARTESIAN_POINT('',(3.13743065555602,-14.4984378812836,-1.61007770050832));
#7093=CARTESIAN_POINT('',(4.07569303666996,-16.4506099048912,1.60686372536059E-15));
#7094=CARTESIAN_POINT('',(4.07569303666996,-16.4506099048912,1.02744123316385));
#7095=CARTESIAN_POINT('',(5.63743065555602,-14.4984378812836,1.75569144487917));
#7096=CARTESIAN_POINT('',(3.13743065555602,-14.4984378812836,0.589922299491675));
#7097=CARTESIAN_POINT('',(3.13743065555602,-14.4984378812836,-1.61007770050832));
#7098=CARTESIAN_POINT('',(3.13743065555602,-6.7,-1.61007770050832));
#7099=CARTESIAN_POINT('',(3.13743065555602,-6.7,-1.61007770050832));
#7100=CARTESIAN_POINT('',(3.13743065555602,-6.7,0.589922299491675));
#7101=CARTESIAN_POINT('',(4.49614145722707,-6.7,1.2234995515288));
#7102=CARTESIAN_POINT('',(4.49614145722707,-16.7,1.2234995515288));
#7103=CARTESIAN_POINT('',(4.70071581283206,-16.7,1.2234995515288));
#7104=CARTESIAN_POINT('',(4.49614145722707,-16.7,1.2234995515288));
#7105=CARTESIAN_POINT('',(4.70071581283206,-6.7,1.2234995515288));
#7106=CARTESIAN_POINT('',(4.49614145722707,-6.7,1.2234995515288));
#7107=CARTESIAN_POINT('',(4.70071581283206,-6.7,1.4234995515288));
#7108=CARTESIAN_POINT('',(4.70071581283206,-16.7,1.4234995515288));
#7109=CARTESIAN_POINT('',(4.90071581283206,-16.7,1.4234995515288));
#7110=CARTESIAN_POINT('',(4.90071581283206,-6.7,1.4234995515288));
#7111=CARTESIAN_POINT('',(4.70071895669197,-6.7,1.42237815325875));
#7112=CARTESIAN_POINT('',(4.70071895669197,-16.7,1.42237815325875));
#7113=CARTESIAN_POINT('',(4.70071581283179,-16.7,1.62237815323404));
#7114=CARTESIAN_POINT('',(4.70071581283179,-6.7,1.62237815323404));
#7115=CARTESIAN_POINT('',(4.70071581283179,-6.7,1.62237815323404));
#7116=CARTESIAN_POINT('',(4.70071581283179,-16.7,1.62237815323404));
#7117=CARTESIAN_POINT('',(4.225,-16.7,1.62237815323404));
#7118=CARTESIAN_POINT('',(4.225,-6.7,1.62237815323404));
#7119=CARTESIAN_POINT('',(4.225,-6.7,1.09706421358051));
#7120=CARTESIAN_POINT('',(4.225,-16.7,1.09706421358051));
#7121=CARTESIAN_POINT('',(4.225,-16.7,2.49));
#7122=CARTESIAN_POINT('',(4.225,-6.7,2.49));
#7123=CARTESIAN_POINT('',(2.575,-6.7,4.14));
#7124=CARTESIAN_POINT('',(2.575,-16.7,4.14));
#7125=CARTESIAN_POINT('',(2.575,-16.7,4.14));
#7126=CARTESIAN_POINT('',(2.575,-6.7,4.14));
#7127=CARTESIAN_POINT('',(2.575,-6.7,4.14));
#7128=CARTESIAN_POINT('',(2.575,-16.7,4.14));
#7129=CARTESIAN_POINT('',(-2.575,-16.7,4.14));
#7130=CARTESIAN_POINT('',(-2.575,-6.7,4.14));
#7131=CARTESIAN_POINT('',(-4.225,-6.7,2.49));
#7132=CARTESIAN_POINT('',(-4.225,-16.7,2.49));
#7133=CARTESIAN_POINT('',(-4.225,-16.7,2.49));
#7134=CARTESIAN_POINT('',(-4.225,-6.7,2.49));
#7135=CARTESIAN_POINT('',(-4.225,-6.7,2.49));
#7136=CARTESIAN_POINT('',(-4.22499999323888,-6.7,1.62237813563088));
#7137=CARTESIAN_POINT('',(-4.22499999323888,-16.7,1.62237813563088));
#7138=CARTESIAN_POINT('',(-4.225,-16.7,2.49));
#7139=CARTESIAN_POINT('',(-4.70071581283206,-6.7,1.62237813563088));
#7140=CARTESIAN_POINT('',(-4.70071581283206,-16.7,1.62237813563088));
#7141=CARTESIAN_POINT('',(-4.70071581283206,-16.7,1.62237813563088));
#7142=CARTESIAN_POINT('',(-4.70071581283206,-6.7,1.62237813563088));
#7143=CARTESIAN_POINT('',(-4.70071581283206,-6.7,1.42237813563088));
#7144=CARTESIAN_POINT('',(-4.70071581283206,-16.7,1.42237813563088));
#7145=CARTESIAN_POINT('',(-4.90071266897215,-16.7,1.42349953390093));
#7146=CARTESIAN_POINT('',(-4.90071266897215,-6.7,1.42349953390093));
#7147=CARTESIAN_POINT('',(-4.70071266907099,-6.7,1.42349956915612));
#7148=CARTESIAN_POINT('',(-4.70071266907099,-16.7,1.42349956915612));
#7149=CARTESIAN_POINT('',(-4.70071581283178,-16.7,1.22349956918083));
#7150=CARTESIAN_POINT('',(-4.70071581283178,-6.7,1.22349956918083));
#7151=CARTESIAN_POINT('',(-4.49614145722707,-6.7,1.22349956918083));
#7152=CARTESIAN_POINT('',(-4.49614145722707,-16.7,1.22349956918083));
#7153=CARTESIAN_POINT('',(-4.49614145722707,-16.7,1.22349956918083));
#7154=CARTESIAN_POINT('',(-4.49614145722707,-6.7,1.22349956918083));
#7155=CARTESIAN_POINT('',(-4.225,-6.7,1.09706421358051));
#7156=CARTESIAN_POINT('',(0.0260295575086628,-13.1692318295483,-0.88522342412903));
#7157=CARTESIAN_POINT('',(-4.38743065555602,-16.7,1.17280687218542));
#7158=CARTESIAN_POINT('',(-4.225,-16.7,1.09706421358051));
#7159=CARTESIAN_POINT('',(-4.38743065555602,-16.7,-1.72976794486667E-15));
#7160=CARTESIAN_POINT('',(0.0260295575086646,-13.1692318295483,-0.134931976887619));
#7161=CARTESIAN_POINT('',(-4.38743065555602,-16.7,-2.19296227320207));
#7162=CARTESIAN_POINT('',(-4.38743065555602,-16.7,0.589922299491675));
#7163=CARTESIAN_POINT('',(-4.225,-6.7,-2.11721961459716));
#7164=CARTESIAN_POINT('',(-4.225,-16.7,-2.11721961459716));
#7165=CARTESIAN_POINT('',(-4.49614145722707,-16.7,-2.24365497019748));
#7166=CARTESIAN_POINT('',(-4.49614145722707,-6.7,-2.24365497019748));
#7167=CARTESIAN_POINT('',(-4.49614145722707,-6.7,-2.24365497019748));
#7168=CARTESIAN_POINT('',(-4.49614145722707,-16.7,-2.24365497019748));
#7169=CARTESIAN_POINT('',(-4.70071581283178,-16.7,-2.24365497019748));
#7170=CARTESIAN_POINT('',(-4.70071581283178,-6.7,-2.24365497019748));
#7171=CARTESIAN_POINT('',(-4.70071266907099,-6.7,-2.44365497017277));
#7172=CARTESIAN_POINT('',(-4.70071266907099,-16.7,-2.44365497017277));
#7173=CARTESIAN_POINT('',(-4.90071266897215,-16.7,-2.44365493491758));
#7174=CARTESIAN_POINT('',(-4.90071266897215,-6.7,-2.44365493491758));
#7175=CARTESIAN_POINT('',(-4.70071581283206,-6.7,-2.44253353664753));
#7176=CARTESIAN_POINT('',(-4.70071581283206,-16.7,-2.44253353664753));
#7177=CARTESIAN_POINT('',(-4.70071581283206,-16.7,-2.64253353664753));
#7178=CARTESIAN_POINT('',(-4.70071581283206,-6.7,-2.64253353664753));
#7179=CARTESIAN_POINT('',(-4.70071581283206,-6.7,-2.64253353664753));
#7180=CARTESIAN_POINT('',(-4.70071581283206,-16.7,-2.64253353664753));
#7181=CARTESIAN_POINT('',(-4.22499999323888,-16.7,-2.64253353664753));
#7182=CARTESIAN_POINT('',(-4.22499999323888,-6.7,-2.64253353664753));
#7183=CARTESIAN_POINT('',(-4.225,-6.7,-2.11721961459716));
#7184=CARTESIAN_POINT('',(-4.225,-16.7,-2.11721961459716));
#7185=CARTESIAN_POINT('',(-4.225,-16.7,-3.29));
#7186=CARTESIAN_POINT('',(-4.225,-6.7,-3.29));
#7187=CARTESIAN_POINT('',(-3.875,-6.7,-3.29));
#7188=CARTESIAN_POINT('',(-3.875,-16.7,-3.29));
#7189=CARTESIAN_POINT('',(-3.875,-16.7,-3.64));
#7190=CARTESIAN_POINT('',(-3.875,-6.7,-3.64));
#7191=CARTESIAN_POINT('',(-3.875,-6.7,-3.64));
#7192=CARTESIAN_POINT('',(-3.875,-16.7,-3.64));
#7193=CARTESIAN_POINT('',(3.875,-16.7,-3.64));
#7194=CARTESIAN_POINT('',(3.875,-6.7,-3.64));
#7195=CARTESIAN_POINT('',(3.875,-6.7,-3.29));
#7196=CARTESIAN_POINT('',(3.875,-16.7,-3.29));
#7197=CARTESIAN_POINT('',(4.225,-16.7,-3.29));
#7198=CARTESIAN_POINT('',(4.225,-6.7,-3.29));
#7199=CARTESIAN_POINT('',(4.225,-6.7,-3.29));
#7200=CARTESIAN_POINT('',(4.225,-6.7,-2.64253355424986));
#7201=CARTESIAN_POINT('',(4.225,-16.7,-2.64253355424986));
#7202=CARTESIAN_POINT('',(4.225,-16.7,-3.29));
#7203=CARTESIAN_POINT('',(4.70071581283179,-6.7,-2.64253355424986));
#7204=CARTESIAN_POINT('',(4.70071581283179,-16.7,-2.64253355424986));
#7205=CARTESIAN_POINT('',(4.70071581283179,-16.7,-2.64253355424986));
#7206=CARTESIAN_POINT('',(4.70071581283179,-6.7,-2.64253355424986));
#7207=CARTESIAN_POINT('',(4.70071895659313,-6.7,-2.44253355427457));
#7208=CARTESIAN_POINT('',(4.70071895659313,-16.7,-2.44253355427457));
#7209=CARTESIAN_POINT('',(4.90071581283206,-16.7,-2.44365495254545));
#7210=CARTESIAN_POINT('',(4.90071581283206,-6.7,-2.44365495254545));
#7211=CARTESIAN_POINT('',(4.70071581283206,-6.7,-2.44365495254545));
#7212=CARTESIAN_POINT('',(4.70071581283206,-16.7,-2.44365495254545));
#7213=CARTESIAN_POINT('',(4.70071581283206,-16.7,-2.24365495254545));
#7214=CARTESIAN_POINT('',(4.70071581283206,-6.7,-2.24365495254545));
#7215=CARTESIAN_POINT('',(4.49614145722707,-6.7,-2.24365495254545));
#7216=CARTESIAN_POINT('',(4.49614145722707,-16.7,-2.24365495254545));
#7217=CARTESIAN_POINT('',(4.49614145722707,-16.7,-2.24365495254545));
#7218=CARTESIAN_POINT('',(4.49614145722707,-6.7,-2.24365495254545));
#7219=CARTESIAN_POINT('',(4.225,-6.7,-2.11721961459716));
#7220=CARTESIAN_POINT('',(-0.0260295575086628,-13.1692318295483,-0.13493197688762));
#7221=CARTESIAN_POINT('',(4.38743065555602,-16.7,-2.19296227320207));
#7222=CARTESIAN_POINT('',(4.225,-16.7,-2.11721961459716));
#7223=CARTESIAN_POINT('',(4.38743065555602,-16.7,1.72976794486667E-15));
#7224=CARTESIAN_POINT('',(-0.0260295575086637,-13.1692318295483,-0.88522342412903));
#7225=CARTESIAN_POINT('',(4.38743065555602,-16.7,1.17280687218542));
#7226=CARTESIAN_POINT('',(4.38743065555602,-16.7,-1.61007770050832));
#7227=CARTESIAN_POINT('',(4.225,-6.7,1.09706421358051));
#7228=CARTESIAN_POINT('',(4.225,-16.7,1.09706421358051));
#7229=CARTESIAN_POINT('',(0.,-16.7,0.));
#7230=CARTESIAN_POINT('',(-5.77,-16.7,-5.09749999999998));
#7231=CARTESIAN_POINT('',(-5.77,-16.7,5.05));
#7232=CARTESIAN_POINT('',(-5.77,-16.7,-5.05));
#7233=CARTESIAN_POINT('',(-5.57,-16.7,-5.05));
#7234=CARTESIAN_POINT('',(-5.57,-16.7,-5.25));
#7235=CARTESIAN_POINT('',(5.59749999999998,-16.7,-5.25));
#7236=CARTESIAN_POINT('',(5.57,-16.7,-5.25));
#7237=CARTESIAN_POINT('',(5.57,-16.7,-5.05));
#7238=CARTESIAN_POINT('',(5.77,-16.7,-5.05));
#7239=CARTESIAN_POINT('',(5.77,-16.7,5.09749999999998));
#7240=CARTESIAN_POINT('',(5.77,-16.7,5.05));
#7241=CARTESIAN_POINT('',(5.57,-16.7,5.05));
#7242=CARTESIAN_POINT('',(5.57,-16.7,5.25));
#7243=CARTESIAN_POINT('',(-5.59749999999998,-16.7,5.25));
#7244=CARTESIAN_POINT('',(-5.57,-16.7,5.25));
#7245=CARTESIAN_POINT('',(-5.57,-16.7,5.05));
#7246=CARTESIAN_POINT('',(6.1,-16.45,-5.25));
#7247=CARTESIAN_POINT('',(5.57,-16.45,-5.25));
#7248=CARTESIAN_POINT('',(5.57,-16.45,-5.5));
#7249=CARTESIAN_POINT('',(-5.57,-16.45,-5.25));
#7250=CARTESIAN_POINT('',(-5.57,-16.45,-5.5));
#7251=CARTESIAN_POINT('',(-5.59749999999998,-16.45,-5.5));
#7252=CARTESIAN_POINT('',(5.57,-16.45,-5.05));
#7253=CARTESIAN_POINT('',(5.77,-16.45,-5.05));
#7254=CARTESIAN_POINT('',(6.02,-16.45,-5.05));
#7255=CARTESIAN_POINT('',(5.57,-16.45,-5.05));
#7256=CARTESIAN_POINT('',(5.77,-16.45,6.1));
#7257=CARTESIAN_POINT('',(5.77,-16.45,5.05));
#7258=CARTESIAN_POINT('',(6.02,-16.45,5.05));
#7259=CARTESIAN_POINT('',(6.02,-16.45,-5.09749999999998));
#7260=CARTESIAN_POINT('',(5.57,-16.45,5.05));
#7261=CARTESIAN_POINT('',(5.57,-16.45,5.05));
#7262=CARTESIAN_POINT('',(5.57,-16.45,5.5));
#7263=CARTESIAN_POINT('',(5.57,-16.45,5.25));
#7264=CARTESIAN_POINT('',(-6.1,-16.45,5.25));
#7265=CARTESIAN_POINT('',(5.59749999999998,-16.45,5.5));
#7266=CARTESIAN_POINT('',(-5.57,-16.45,5.5));
#7267=CARTESIAN_POINT('',(-5.57,-16.45,5.25));
#7268=CARTESIAN_POINT('',(-5.57,-16.45,5.05));
#7269=CARTESIAN_POINT('',(-5.57,-16.45,5.05));
#7270=CARTESIAN_POINT('',(-5.77,-16.45,5.05));
#7271=CARTESIAN_POINT('',(-5.77,-16.45,-6.1));
#7272=CARTESIAN_POINT('',(-5.77,-16.45,-5.05));
#7273=CARTESIAN_POINT('',(-5.57,-16.45,-5.05));
#7274=CARTESIAN_POINT('',(-5.57,-16.45,-5.05));
#7275=CARTESIAN_POINT('',(6.1,-16.1,-5.5));
#7276=CARTESIAN_POINT('',(-5.57,-16.1,-5.5));
#7277=CARTESIAN_POINT('',(5.57,-16.1,-5.5));
#7278=CARTESIAN_POINT('',(5.57,-16.1,-5.05));
#7279=CARTESIAN_POINT('',(6.02,-16.1,-5.05));
#7280=CARTESIAN_POINT('',(6.02,-16.1,6.1));
#7281=CARTESIAN_POINT('',(6.02,-0.950768598627803,-1.57));
#7282=CARTESIAN_POINT('',(6.02,-0.950768598627803,-1.80453647685243));
#7283=CARTESIAN_POINT('',(6.02,-0.950768598627803,-1.825));
#7284=CARTESIAN_POINT('',(6.02,-0.705768598627803,-1.80453647685243));
#7285=CARTESIAN_POINT('',(6.02,-0.71645534853231,-1.55976966256487));
#7286=CARTESIAN_POINT('',(6.02,-0.950768598627803,-1.57));
#7287=CARTESIAN_POINT('',(6.02,0.675000000000004,-1.49901741003286));
#7288=CARTESIAN_POINT('',(6.02,0.675000000000004,0.33));
#7289=CARTESIAN_POINT('',(6.02,0.675000000000004,0.15901741003286));
#7290=CARTESIAN_POINT('',(6.02,-0.950768598627803,0.23));
#7291=CARTESIAN_POINT('',(6.02,-0.71645534853231,0.219769662564873));
#7292=CARTESIAN_POINT('',(6.02,-0.705768598627803,0.464536476852428));
#7293=CARTESIAN_POINT('',(6.02,-0.950768598627803,0.464536476852428));
#7294=CARTESIAN_POINT('',(6.02,-0.950768598627803,0.23));
#7295=CARTESIAN_POINT('',(6.02,-0.950768598627803,0.485));
#7296=CARTESIAN_POINT('',(6.02,-0.705768598627803,0.485));
#7297=CARTESIAN_POINT('',(6.02,-0.705768598627803,0.73));
#7298=CARTESIAN_POINT('',(6.02,-0.950768598627803,0.73));
#7299=CARTESIAN_POINT('',(6.02,-16.1,5.05));
#7300=CARTESIAN_POINT('',(6.02,-0.950768598627803,-2.07));
#7301=CARTESIAN_POINT('',(6.02,-0.705768598627803,-2.07));
#7302=CARTESIAN_POINT('',(6.02,-0.705768598627803,-1.825));
#7303=CARTESIAN_POINT('',(5.57,-16.1,5.05));
#7304=CARTESIAN_POINT('',(5.57,-16.1,5.5));
#7305=CARTESIAN_POINT('',(-6.1,-16.1,5.5));
#7306=CARTESIAN_POINT('',(-5.57,-16.1,5.5));
#7307=CARTESIAN_POINT('',(-5.57,-16.1,5.05));
#7308=CARTESIAN_POINT('',(-5.57,-16.1,-5.05));
#7309=CARTESIAN_POINT('',(-0.95,3.,1.705));
#7310=CARTESIAN_POINT('',(-1.04595774568525,2.99160478507504,1.705));
#7311=CARTESIAN_POINT('',(5.59749999999998,-0.55,1.705));
#7312=CARTESIAN_POINT('',(-1.44948458021841,3.04369923837511,1.705));
#7313=CARTESIAN_POINT('',(5.7152,-0.55,5.09749999999998));
#7314=CARTESIAN_POINT('',(5.7152,-0.55,5.09749999999998));
#7315=CARTESIAN_POINT('',(5.7152,-0.55,-2.07));
#7316=CARTESIAN_POINT('',(5.7152,-0.55,-5.04749999999998));
#7317=CARTESIAN_POINT('',(5.7152,-0.950768598627803,-2.07));
#7318=CARTESIAN_POINT('',(5.7152,-0.55,-5.04749999999998));
#7319=CARTESIAN_POINT('',(5.56269999999998,-0.55,5.04749999999998));
#7320=CARTESIAN_POINT('',(5.56269999999998,-0.55,5.04749999999998));
#7321=CARTESIAN_POINT('',(5.56269999999998,-0.55,5.2));
#7322=CARTESIAN_POINT('',(5.56269999999998,-0.55,5.2));
#7323=CARTESIAN_POINT('',(5.59749999999998,-0.55,5.2));
#7324=CARTESIAN_POINT('',(5.59749999999998,-0.55,5.2));
#7325=CARTESIAN_POINT('',(-5.56269999999998,-0.55,5.2));
#7326=CARTESIAN_POINT('',(-5.56269999999998,-0.55,5.2));
#7327=CARTESIAN_POINT('',(-5.56269999999998,-0.55,5.04749999999998));
#7328=CARTESIAN_POINT('',(-5.56269999999998,-0.55,5.04749999999998));
#7329=CARTESIAN_POINT('',(-5.56269999999998,-0.55,-5.04749999999998));
#7330=CARTESIAN_POINT('',(-5.56269999999998,-0.55,-5.04749999999998));
#7331=CARTESIAN_POINT('',(-5.56269999999998,-0.55,-5.2));
#7332=CARTESIAN_POINT('',(-5.56269999999998,-0.55,-5.2));
#7333=CARTESIAN_POINT('',(5.59749999999998,-0.55,-5.2));
#7334=CARTESIAN_POINT('',(5.59749999999998,-0.55,-5.2));
#7335=CARTESIAN_POINT('',(5.56269999999998,-0.55,-5.2));
#7336=CARTESIAN_POINT('',(5.56269999999998,-0.55,-5.2));
#7337=CARTESIAN_POINT('',(5.56269999999998,-0.55,-5.04749999999998));
#7338=CARTESIAN_POINT('',(5.56269999999998,-0.55,-5.04749999999998));
#7339=CARTESIAN_POINT('',(5.59749999999998,-0.55,-5.09749999999998));
#7340=CARTESIAN_POINT('',(-5.7152,-0.55,-5.09749999999998));
#7341=CARTESIAN_POINT('',(-5.7152,-0.55,-5.09749999999998));
#7342=CARTESIAN_POINT('',(5.7152,-0.55,5.09749999999998));
#7343=CARTESIAN_POINT('',(5.7152,-0.55,5.09749999999998));
#7344=CARTESIAN_POINT('',(5.59749999999998,-0.55,-1.495));
#7345=CARTESIAN_POINT('',(5.59749999999998,-0.55,-1.245));
#7346=CARTESIAN_POINT('',(-0.95,3.,-1.495));
#7347=CARTESIAN_POINT('',(-1.04595774568525,2.99160478507504,-1.495));
#7348=CARTESIAN_POINT('',(-1.44948458021841,3.04369923837511,-1.495));
#7349=CARTESIAN_POINT('',(-0.95,3.,-1.245));
#7350=CARTESIAN_POINT('',(-1.04595774568525,2.99160478507504,-1.245));
#7351=CARTESIAN_POINT('',(-1.44948458021841,3.04369923837511,-1.245));
#7352=CARTESIAN_POINT('',(5.8676,-0.950768598627803,0.23));
#7353=CARTESIAN_POINT('',(5.7152,0.00821392963464728,0.188129918583273));
#7354=CARTESIAN_POINT('',(5.7152,-0.71645534853231,0.219769662564873));
#7355=CARTESIAN_POINT('',(6.02,-0.71645534853231,0.219769662564873));
#7356=CARTESIAN_POINT('',(6.145,0.675000000000004,0.15901741003286));
#7357=CARTESIAN_POINT('',(6.145,0.800000000000004,0.153559792169296));
#7358=CARTESIAN_POINT('',(5.8676,0.800000000000004,0.153559792169296));
#7359=CARTESIAN_POINT('',(6.65,0.800000000000004,0.153559792169296));
#7360=CARTESIAN_POINT('',(6.65,1.55,0.120814084987912));
#7361=CARTESIAN_POINT('',(7.4,1.55,0.120814084987912));
#7362=CARTESIAN_POINT('',(7.39999999999996,-0.950768598627829,0.230000000000001));
#7363=CARTESIAN_POINT('',(7.4,1.60154073007282,0.11856376811474));
#7364=CARTESIAN_POINT('',(6.6,1.60154073007282,0.11856376811474));
#7365=CARTESIAN_POINT('',(7.25532163543119,2.06040187915366,0.098529457681787));
#7366=CARTESIAN_POINT('',(8.21503191504054,0.689793556279657,0.15837150941672));
#7367=CARTESIAN_POINT('',(6.1880847955711,3.5845740447216,0.0319826637781818));
#7368=CARTESIAN_POINT('',(6.27,3.64193168835671,0.0294783749740627));
#7369=CARTESIAN_POINT('',(6.17,3.64193168835671,0.0294783749740628));
#7370=CARTESIAN_POINT('',(6.17,-0.950768598627803,0.23));
#7371=CARTESIAN_POINT('',(6.17,4.13596165025589,0.00790856101248808));
#7372=CARTESIAN_POINT('',(5.8652,4.13596165025589,0.00790856101248811));
#7373=CARTESIAN_POINT('',(5.8652,4.13596165025589,0.00790856101248808));
#7374=CARTESIAN_POINT('',(5.8652,-0.950768598627803,0.23));
#7375=CARTESIAN_POINT('',(5.8652,3.64041825417009,0.0295444529376805));
#7376=CARTESIAN_POINT('',(6.2652,3.64041825417009,0.0295444529376805));
#7377=CARTESIAN_POINT('',(5.9375391822844,3.41098767962967,0.0395616081541569));
#7378=CARTESIAN_POINT('',(7.96519798764463,0.515190798401358,0.165994830460113));
#7379=CARTESIAN_POINT('',(7.00564409233191,1.88557578135386,0.106162529956742));
#7380=CARTESIAN_POINT('',(6.6,1.60154073007282,0.11856376811474));
#7381=CARTESIAN_POINT('',(7.0952,1.60154073007282,0.11856376811474));
#7382=CARTESIAN_POINT('',(7.0952,-0.950768598627803,0.23));
#7383=CARTESIAN_POINT('',(7.0952,1.55,0.120814084987912));
#7384=CARTESIAN_POINT('',(6.65,1.55,0.120814084987912));
#7385=CARTESIAN_POINT('',(6.65,1.1048,0.140251936770781));
#7386=CARTESIAN_POINT('',(5.8676,1.1048,0.140251936770781));
#7387=CARTESIAN_POINT('',(6.145,1.1048,0.140251936770781));
#7388=CARTESIAN_POINT('',(6.145,0.675000000000004,0.15901741003286));
#7389=CARTESIAN_POINT('',(5.8652,4.76,0.33));
#7390=CARTESIAN_POINT('',(6.17,4.76,0.33));
#7391=CARTESIAN_POINT('',(6.17,4.76,-0.643970403569666));
#7392=CARTESIAN_POINT('',(6.17,4.76,-0.696029596430333));
#7393=CARTESIAN_POINT('',(5.8652,4.76,-0.696029596430333));
#7394=CARTESIAN_POINT('',(5.8652,4.76,-0.696029596430333));
#7395=CARTESIAN_POINT('',(5.8652,4.76,0.33));
#7396=CARTESIAN_POINT('',(5.8652,4.76,-0.643970403569666));
#7397=CARTESIAN_POINT('',(6.17,4.76,-0.643970403569666));
#7398=CARTESIAN_POINT('',(6.17,3.61040180946881,0.33));
#7399=CARTESIAN_POINT('',(6.17,3.64193168835671,-1.3708549992161));
#7400=CARTESIAN_POINT('',(6.17,3.64193168835671,-1.36947837497406));
#7401=CARTESIAN_POINT('',(6.17,-0.950768598627803,-1.57));
#7402=CARTESIAN_POINT('',(6.17,4.13596165025589,-1.34790856101249));
#7403=CARTESIAN_POINT('',(6.17,4.10750000000001,-0.696029596430333));
#7404=CARTESIAN_POINT('',(6.17,4.10750000000001,-0.643970403569666));
#7405=CARTESIAN_POINT('',(7.25532163543119,2.06040187915366,0.33));
#7406=CARTESIAN_POINT('',(8.21503191504054,0.689793556279657,-1.49837150941672));
#7407=CARTESIAN_POINT('',(6.1880847955711,3.5845740447216,-1.37198266377818));
#7408=CARTESIAN_POINT('',(7.25532163543119,2.06040187915366,-1.43852945768179));
#7409=CARTESIAN_POINT('',(6.1880847955711,3.5845740447216,0.0308549992160996));
#7410=CARTESIAN_POINT('',(7.25532163543119,2.06040187915366,0.33));
#7411=CARTESIAN_POINT('',(6.6,1.60154073007282,0.33));
#7412=CARTESIAN_POINT('',(6.6,1.60154073007282,-1.45856376811474));
#7413=CARTESIAN_POINT('',(7.4,1.60154073007282,-1.45856376811474));
#7414=CARTESIAN_POINT('',(7.4,1.60154073007282,0.33));
#7415=CARTESIAN_POINT('',(7.4,1.55,0.33));
#7416=CARTESIAN_POINT('',(7.39999999999996,-0.950768598627829,-1.57));
#7417=CARTESIAN_POINT('',(7.4,1.55,-1.46081408498791));
#7418=CARTESIAN_POINT('',(7.4,1.55,0.33));
#7419=CARTESIAN_POINT('',(6.65,1.55,0.33));
#7420=CARTESIAN_POINT('',(6.65,1.55,-1.46081408498791));
#7421=CARTESIAN_POINT('',(6.65,0.800000000000004,-1.4935597921693));
#7422=CARTESIAN_POINT('',(6.65,0.800000000000004,0.33));
#7423=CARTESIAN_POINT('',(6.145,0.800000000000004,0.33));
#7424=CARTESIAN_POINT('',(5.8676,0.800000000000004,-1.4935597921693));
#7425=CARTESIAN_POINT('',(6.145,0.800000000000004,-1.4935597921693));
#7426=CARTESIAN_POINT('',(6.145,0.800000000000004,0.33));
#7427=CARTESIAN_POINT('',(6.145,0.675000000000004,0.33));
#7428=CARTESIAN_POINT('',(6.145,0.675000000000004,-1.49901741003286));
#7429=CARTESIAN_POINT('',(6.145,0.675000000000004,0.33));
#7430=CARTESIAN_POINT('',(6.145,0.675000000000004,-1.49901741003286));
#7431=CARTESIAN_POINT('',(6.145,1.1048,-1.48025193677078));
#7432=CARTESIAN_POINT('',(6.145,1.1048,0.33));
#7433=CARTESIAN_POINT('',(6.65,1.1048,0.33));
#7434=CARTESIAN_POINT('',(5.8676,1.1048,-1.48025193677078));
#7435=CARTESIAN_POINT('',(6.65,1.1048,-1.48025193677078));
#7436=CARTESIAN_POINT('',(6.65,1.1048,0.33));
#7437=CARTESIAN_POINT('',(6.65,1.55,0.33));
#7438=CARTESIAN_POINT('',(6.65,1.55,-1.46081408498791));
#7439=CARTESIAN_POINT('',(7.0952,1.55,-1.46081408498791));
#7440=CARTESIAN_POINT('',(7.0952,1.55,0.33));
#7441=CARTESIAN_POINT('',(7.0952,1.60154073007282,0.33));
#7442=CARTESIAN_POINT('',(7.0952,-0.950768598627803,-1.57));
#7443=CARTESIAN_POINT('',(7.0952,1.60154073007282,-1.45856376811474));
#7444=CARTESIAN_POINT('',(7.0952,1.60154073007282,0.33));
#7445=CARTESIAN_POINT('',(6.6,1.60154073007282,0.33));
#7446=CARTESIAN_POINT('',(6.6,1.60154073007282,-1.45856376811474));
#7447=CARTESIAN_POINT('',(7.00564409233191,1.88557578135386,-1.44616252995674));
#7448=CARTESIAN_POINT('',(7.00564409233191,1.88557578135386,0.33));
#7449=CARTESIAN_POINT('',(5.8652,3.5142987386185,0.33));
#7450=CARTESIAN_POINT('',(5.9375391822844,3.41098767962967,0.33));
#7451=CARTESIAN_POINT('',(5.9375391822844,3.41098767962967,-1.37956160815416));
#7452=CARTESIAN_POINT('',(7.96519798764463,0.515190798401358,-1.50599483046011));
#7453=CARTESIAN_POINT('',(5.8652,4.76,0.33));
#7454=CARTESIAN_POINT('',(5.8652,-0.950768598627803,-1.57));
#7455=CARTESIAN_POINT('',(5.8652,3.64041825417009,-1.36954445293768));
#7456=CARTESIAN_POINT('',(5.8652,4.13596165025589,-1.34790856101249));
#7457=CARTESIAN_POINT('',(5.8652,3.64041825417009,0.33));
#7458=CARTESIAN_POINT('',(5.8652,4.10750000000001,-0.643970403569666));
#7459=CARTESIAN_POINT('',(5.8652,4.10750000000001,-0.696029596430333));
#7460=CARTESIAN_POINT('',(5.8676,-0.950768598627803,-1.57));
#7461=CARTESIAN_POINT('',(5.8676,-0.71645534853231,-1.55976966256487));
#7462=CARTESIAN_POINT('',(5.7152,-0.71645534853231,-1.55976966256487));
#7463=CARTESIAN_POINT('',(5.7152,-0.950768598627803,-1.57));
#7464=CARTESIAN_POINT('',(6.2652,3.64041825417009,-1.36954445293768));
#7465=CARTESIAN_POINT('',(5.8676,4.13596165025589,-1.34790856101249));
#7466=CARTESIAN_POINT('',(6.27,3.64193168835671,-1.36947837497406));
#7467=CARTESIAN_POINT('',(5.8676,-0.950768598627803,0.23));
#7468=CARTESIAN_POINT('',(-5.7152,-0.71645534853231,0.219769662564873));
#7469=CARTESIAN_POINT('',(-5.7152,-0.71645534853231,0.219769662564873));
#7470=CARTESIAN_POINT('',(-5.7152,-0.950768598627803,0.23));
#7471=CARTESIAN_POINT('',(-6.145,0.675,0.15901741003286));
#7472=CARTESIAN_POINT('',(-6.145,1.1048,0.140251936770782));
#7473=CARTESIAN_POINT('',(-6.65,1.1048,0.140251936770782));
#7474=CARTESIAN_POINT('',(-6.65,1.1048,0.140251936770782));
#7475=CARTESIAN_POINT('',(-6.65,1.55,0.120814084987912));
#7476=CARTESIAN_POINT('',(-7.0952,1.55,0.120814084987912));
#7477=CARTESIAN_POINT('',(-7.0952,1.59232678915595,0.118966057463073));
#7478=CARTESIAN_POINT('',(-7.0952,1.60154073007282,0.11856376811474));
#7479=CARTESIAN_POINT('',(-6.6,1.60154073007281,0.11856376811474));
#7480=CARTESIAN_POINT('',(-7.00564409233191,1.88557578135385,0.106162529956742));
#7481=CARTESIAN_POINT('',(-5.87124283545019,3.50566867521524,0.0354277466113742));
#7482=CARTESIAN_POINT('',(-5.9375391822844,3.41098767962967,0.039561608154157));
#7483=CARTESIAN_POINT('',(-6.2652,3.64041825417009,0.0295444529376806));
#7484=CARTESIAN_POINT('',(-5.8652,3.64041825417009,0.0295444529376807));
#7485=CARTESIAN_POINT('',(-5.8652,4.74477661353964,-0.0186728743412913));
#7486=CARTESIAN_POINT('',(-5.8652,4.13596165025589,0.00790856101248828));
#7487=CARTESIAN_POINT('',(5.8676,4.13596165025589,0.00790856101248828));
#7488=CARTESIAN_POINT('',(-6.17,4.13596165025589,0.00790856101248828));
#7489=CARTESIAN_POINT('',(-6.17,3.59736570710252,0.0314241677372636));
#7490=CARTESIAN_POINT('',(-6.17,3.6419316883567,0.029478374974063));
#7491=CARTESIAN_POINT('',(-6.27,3.6419316883567,0.029478374974063));
#7492=CARTESIAN_POINT('',(-6.1880847955711,3.5845740447216,0.031982663778182));
#7493=CARTESIAN_POINT('',(-7.26006394057965,2.05362916550852,0.098825160745583));
#7494=CARTESIAN_POINT('',(-7.25532163543119,2.06040187915365,0.0985294576817872));
#7495=CARTESIAN_POINT('',(-6.6,1.60154073007281,0.11856376811474));
#7496=CARTESIAN_POINT('',(-7.4,1.60154073007282,0.11856376811474));
#7497=CARTESIAN_POINT('',(-7.4,1.54088412310239,0.1212120927687));
#7498=CARTESIAN_POINT('',(-7.4,1.55,0.120814084987912));
#7499=CARTESIAN_POINT('',(-6.65,1.55,0.120814084987912));
#7500=CARTESIAN_POINT('',(-6.65,0.8,0.153559792169296));
#7501=CARTESIAN_POINT('',(-6.145,0.8,0.153559792169296));
#7502=CARTESIAN_POINT('',(-6.145,0.8,0.153559792169296));
#7503=CARTESIAN_POINT('',(-6.145,0.675,0.15901741003286));
#7504=CARTESIAN_POINT('',(5.8676,-0.950768598627803,-1.57));
#7505=CARTESIAN_POINT('',(-5.7152,0.0666082772755783,-1.52558036630474));
#7506=CARTESIAN_POINT('',(-5.7152,-0.71645534853231,-1.55976966256487));
#7507=CARTESIAN_POINT('',(-6.02,-0.71645534853231,-1.55976966256487));
#7508=CARTESIAN_POINT('',(-6.145,0.675,-1.49901741003286));
#7509=CARTESIAN_POINT('',(-6.145,0.8,-1.4935597921693));
#7510=CARTESIAN_POINT('',(-6.145,0.8,-1.4935597921693));
#7511=CARTESIAN_POINT('',(-6.65,0.8,-1.4935597921693));
#7512=CARTESIAN_POINT('',(-6.65,1.55,-1.46081408498791));
#7513=CARTESIAN_POINT('',(-7.4,1.55,-1.46081408498791));
#7514=CARTESIAN_POINT('',(-7.4,1.62803986585004,-1.45740679086044));
#7515=CARTESIAN_POINT('',(-7.4,1.60154073007282,-1.45856376811474));
#7516=CARTESIAN_POINT('',(-6.6,1.60154073007281,-1.45856376811474));
#7517=CARTESIAN_POINT('',(-7.25532163543119,2.06040187915365,-1.43852945768179));
#7518=CARTESIAN_POINT('',(-7.21908848771241,2.11214817684622,-1.4362701655325));
#7519=CARTESIAN_POINT('',(-6.1880847955711,3.5845740447216,-1.37198266377818));
#7520=CARTESIAN_POINT('',(-6.27,3.6419316883567,-1.36947837497406));
#7521=CARTESIAN_POINT('',(-6.17,3.6419316883567,-1.36947837497406));
#7522=CARTESIAN_POINT('',(-6.17,3.68452144985018,-1.36761886582901));
#7523=CARTESIAN_POINT('',(-6.17,4.13596165025589,-1.34790856101249));
#7524=CARTESIAN_POINT('',(-5.8652,4.13596165025589,-1.34790856101249));
#7525=CARTESIAN_POINT('',(-5.8652,4.13596165025589,-1.34790856101249));
#7526=CARTESIAN_POINT('',(-5.8652,4.83193235628729,-1.31752182375045));
#7527=CARTESIAN_POINT('',(-5.8652,3.64041825417009,-1.36954445293768));
#7528=CARTESIAN_POINT('',(-6.2652,3.64041825417009,-1.36954445293768));
#7529=CARTESIAN_POINT('',(-5.9375391822844,3.41098767962967,-1.37956160815416));
#7530=CARTESIAN_POINT('',(-5.83026738258295,3.56418768655294,-1.3728727513983));
#7531=CARTESIAN_POINT('',(-7.00564409233191,1.88557578135385,-1.44616252995674));
#7532=CARTESIAN_POINT('',(-6.6,1.60154073007281,-1.45856376811474));
#7533=CARTESIAN_POINT('',(-7.0952,1.60154073007282,-1.45856376811474));
#7534=CARTESIAN_POINT('',(-7.0952,1.67948253190361,-1.45516075555482));
#7535=CARTESIAN_POINT('',(-7.0952,1.55,-1.46081408498791));
#7536=CARTESIAN_POINT('',(-6.65,1.55,-1.46081408498791));
#7537=CARTESIAN_POINT('',(-6.65,1.1048,-1.48025193677078));
#7538=CARTESIAN_POINT('',(-6.65,1.1048,-1.48025193677078));
#7539=CARTESIAN_POINT('',(-6.145,1.1048,-1.48025193677078));
#7540=CARTESIAN_POINT('',(-6.145,0.675,-1.49901741003286));
#7541=CARTESIAN_POINT('',(-5.8652,4.76,0.33));
#7542=CARTESIAN_POINT('',(-6.17,4.76,0.33));
#7543=CARTESIAN_POINT('',(-6.17,4.76,-0.643970403569666));
#7544=CARTESIAN_POINT('',(-6.17,4.76,-0.696029596430333));
#7545=CARTESIAN_POINT('',(-5.8652,4.76,-0.643970403569666));
#7546=CARTESIAN_POINT('',(-5.8652,4.76,-0.643970403569666));
#7547=CARTESIAN_POINT('',(-5.8652,4.76,0.33));
#7548=CARTESIAN_POINT('',(-5.8652,4.76,-0.696029596430333));
#7549=CARTESIAN_POINT('',(-6.17,4.76,-0.696029596430333));
#7550=CARTESIAN_POINT('',(-5.8652,4.76,0.33));
#7551=CARTESIAN_POINT('',(-5.8652,3.64041825417009,0.33));
#7552=CARTESIAN_POINT('',(-5.8652,4.10750000000001,-0.696029596430333));
#7553=CARTESIAN_POINT('',(-5.8652,4.10750000000001,-0.643970403569666));
#7554=CARTESIAN_POINT('',(-5.8652,3.51429873861849,0.33));
#7555=CARTESIAN_POINT('',(-5.9375391822844,3.41098767962967,0.33));
#7556=CARTESIAN_POINT('',(-7.00564409233191,1.88557578135385,0.33));
#7557=CARTESIAN_POINT('',(-6.6,1.60154073007281,0.33));
#7558=CARTESIAN_POINT('',(-7.0952,1.60154073007282,0.33));
#7559=CARTESIAN_POINT('',(-7.0952,1.60154073007282,0.33));
#7560=CARTESIAN_POINT('',(-7.0952,1.55,0.33));
#7561=CARTESIAN_POINT('',(-6.65,1.55,0.33));
#7562=CARTESIAN_POINT('',(-6.65,1.1048,0.33));
#7563=CARTESIAN_POINT('',(-6.65,1.1048,0.33));
#7564=CARTESIAN_POINT('',(-6.145,1.1048,0.33));
#7565=CARTESIAN_POINT('',(-6.145,0.675,0.33));
#7566=CARTESIAN_POINT('',(-6.145,0.675,0.33));
#7567=CARTESIAN_POINT('',(-6.145,0.8,0.33));
#7568=CARTESIAN_POINT('',(-6.145,0.8,0.33));
#7569=CARTESIAN_POINT('',(-6.65,0.8,0.33));
#7570=CARTESIAN_POINT('',(-6.65,1.55,0.33));
#7571=CARTESIAN_POINT('',(-7.4,1.55,0.33));
#7572=CARTESIAN_POINT('',(-7.4,1.55,0.33));
#7573=CARTESIAN_POINT('',(-7.4,1.60154073007282,0.33));
#7574=CARTESIAN_POINT('',(-6.6,1.60154073007281,0.33));
#7575=CARTESIAN_POINT('',(-7.25532163543119,2.06040187915365,0.33));
#7576=CARTESIAN_POINT('',(-7.25532163543119,2.06040187915365,0.33));
#7577=CARTESIAN_POINT('',(-6.1880847955711,3.5845740447216,-1.3708549992161));
#7578=CARTESIAN_POINT('',(-6.17,3.61040180946881,0.33));
#7579=CARTESIAN_POINT('',(-6.17,3.6419316883567,0.0308549992160998));
#7580=CARTESIAN_POINT('',(-6.17,4.10750000000001,-0.643970403569666));
#7581=CARTESIAN_POINT('',(-6.17,4.10750000000001,-0.696029596430333));
#7582=CARTESIAN_POINT('',(5.7152,0.,0.));
#7583=CARTESIAN_POINT('',(5.7152,-0.950768598627803,-1.57));
#7584=CARTESIAN_POINT('',(5.7152,-0.950768598627803,-1.80453647685243));
#7585=CARTESIAN_POINT('',(5.7152,-0.950768598627803,-1.825));
#7586=CARTESIAN_POINT('',(5.7152,-0.705768598627803,-1.825));
#7587=CARTESIAN_POINT('',(5.7152,-0.705768598627803,-2.07));
#7588=CARTESIAN_POINT('',(5.7152,-0.950768598627803,-2.07));
#7589=CARTESIAN_POINT('',(5.7152,-0.705768598627803,-1.80453647685243));
#7590=CARTESIAN_POINT('',(5.7152,-0.950768598627803,-1.57));
#7591=CARTESIAN_POINT('',(5.7152,-0.950768598627803,-1.825));
#7592=CARTESIAN_POINT('',(5.7152,-0.950768598627803,-1.80453647685243));
#7593=CARTESIAN_POINT('',(5.7152,-0.950768598627803,-2.07));
#7594=CARTESIAN_POINT('',(6.02,-0.705768598627803,-2.07));
#7595=CARTESIAN_POINT('',(5.7152,0.,0.));
#7596=CARTESIAN_POINT('',(5.7152,-0.950768598627803,0.23));
#7597=CARTESIAN_POINT('',(5.7152,-0.950768598627803,0.485));
#7598=CARTESIAN_POINT('',(5.7152,-0.950768598627803,0.464536476852428));
#7599=CARTESIAN_POINT('',(5.7152,-0.705768598627803,0.464536476852428));
#7600=CARTESIAN_POINT('',(5.7152,-0.950768598627803,0.73));
#7601=CARTESIAN_POINT('',(5.7152,-0.705768598627803,0.73));
#7602=CARTESIAN_POINT('',(5.7152,-0.705768598627803,0.485));
#7603=CARTESIAN_POINT('',(5.7152,-0.950768598627803,0.73));
#7604=CARTESIAN_POINT('',(5.7152,-0.705768598627803,0.73));
#7605=CARTESIAN_POINT('',(5.7152,-0.950768598627803,0.23));
#7606=CARTESIAN_POINT('',(5.7152,-0.950768598627803,0.464536476852428));
#7607=CARTESIAN_POINT('',(6.02,-0.950768598627803,0.485));
#7608=CARTESIAN_POINT('',(-5.7152,0.,0.));
#7609=CARTESIAN_POINT('',(-5.7152,-0.950768598627803,0.73));
#7610=CARTESIAN_POINT('',(-5.7152,-0.950768598627803,0.485));
#7611=CARTESIAN_POINT('',(-5.7152,-0.950768598627803,0.464536476852428));
#7612=CARTESIAN_POINT('',(-5.7152,-0.705768598627803,0.485));
#7613=CARTESIAN_POINT('',(-5.7152,-0.705768598627803,0.73));
#7614=CARTESIAN_POINT('',(-5.7152,-0.55,0.73));
#7615=CARTESIAN_POINT('',(-5.7152,-0.705768598627803,0.464536476852428));
#7616=CARTESIAN_POINT('',(-5.7152,-0.55,0.73));
#7617=CARTESIAN_POINT('',(-6.02,-0.705768598627803,0.73));
#7618=CARTESIAN_POINT('',(-5.7152,-0.950768598627803,0.73));
#7619=CARTESIAN_POINT('',(-5.7152,-0.950768598627803,0.485));
#7620=CARTESIAN_POINT('',(-6.02,-0.950768598627803,0.464536476852428));
#7621=CARTESIAN_POINT('',(-5.7152,0.,0.));
#7622=CARTESIAN_POINT('',(-5.7152,-0.950768598627803,-1.57));
#7623=CARTESIAN_POINT('',(-5.7152,-0.950768598627803,-1.825));
#7624=CARTESIAN_POINT('',(-5.7152,-0.950768598627803,-1.80453647685243));
#7625=CARTESIAN_POINT('',(-5.7152,-0.705768598627803,-1.80453647685243));
#7626=CARTESIAN_POINT('',(-5.7152,-0.55,-2.07));
#7627=CARTESIAN_POINT('',(-5.7152,-0.705768598627803,-2.07));
#7628=CARTESIAN_POINT('',(-5.7152,-0.705768598627803,-1.825));
#7629=CARTESIAN_POINT('',(-5.7152,-0.950768598627803,-2.07));
#7630=CARTESIAN_POINT('',(-5.7152,-0.705768598627803,-2.07));
#7631=CARTESIAN_POINT('',(-5.7152,-0.950768598627803,-1.57));
#7632=CARTESIAN_POINT('',(-5.7152,-0.950768598627803,-1.80453647685243));
#7633=CARTESIAN_POINT('',(-6.02,-0.950768598627803,-1.825));
#7634=CARTESIAN_POINT('',(5.8652,4.10750000000001,-0.643970403569666));
#7635=CARTESIAN_POINT('',(5.8676,4.10750000000001,-0.696029596430333));
#7636=CARTESIAN_POINT('',(-5.8652,4.10750000000001,-0.643970403569666));
#7637=CARTESIAN_POINT('',(5.8676,4.10750000000001,-0.696029596430333));
#7638=CARTESIAN_POINT('',(-6.2652,3.64041825417009,0.33));
#7639=CARTESIAN_POINT('',(6.2652,3.64041825417009,0.33));
#7640=CARTESIAN_POINT('',(-6.27,3.6419316883567,0.33));
#7641=CARTESIAN_POINT('',(6.27,3.64193168835671,0.33));
#7642=CARTESIAN_POINT('',(5.7152,-0.705768598627803,-1.80453647685243));
#7643=CARTESIAN_POINT('',(-5.7152,-0.705768598627803,-1.825));
#7644=CARTESIAN_POINT('',(5.8676,-0.705768598627803,-1.80453647685243));
#7645=CARTESIAN_POINT('',(-5.7152,-0.705768598627803,0.464536476852428));
#7646=CARTESIAN_POINT('',(-5.7152,-0.705768598627803,0.485));
#7647=CARTESIAN_POINT('',(5.7152,-0.705768598627803,0.485));
#7648=CARTESIAN_POINT('',(5.8676,-0.705768598627803,0.464536476852428));
#7649=CARTESIAN_POINT('',(5.7152,-0.705768598627803,-1.825));
#7650=CARTESIAN_POINT('',(-1.49705209994391,2.5,-2.93388353432774));
#7651=CARTESIAN_POINT('',(-1.00294790005609,2.5,-2.93388353432774));
#7652=CARTESIAN_POINT('',(1.00294790005609,2.5,-2.93388353432774));
#7653=CARTESIAN_POINT('',(1.49705209994391,2.5,-2.93388353432774));
#7654=CARTESIAN_POINT('',(-1.49705209994391,2.5,-2.93388353432774));
#7655=CARTESIAN_POINT('',(-1.00294790005609,2.5,-2.93388353432774));
#7656=CARTESIAN_POINT('',(1.00294790005609,2.5,-2.93388353432774));
#7657=CARTESIAN_POINT('',(1.49705209994391,2.5,-2.93388353432774));
#7658=MECHANICAL_DESIGN_GEOMETRIC_PRESENTATION_REPRESENTATION('',(#3600,
#3601,#3602,#3603,#3604,#3605,#3606,#3607,#3608,#3609,#3610,#3611,#3612,
#3613,#3614,#3615,#3616,#3617,#3618,#3619,#3620,#3621,#3622,#3623,#3624,
#3625,#3626,#3627,#3628,#3629,#3630,#3631,#3632,#3633,#3634,#3635,#3636,
#3637,#3638,#3639,#3640,#3641,#3642,#3643,#3644,#3645,#3646,#3647,#3648,
#3649,#3650,#3651,#3652,#3653,#3654,#3655,#3656,#3657,#3658,#3659,#3660,
#3661,#3662,#3663,#3664,#3665,#3666,#3667,#3668,#3669,#3670,#3671,#3672,
#3673,#3674,#3675,#3676,#3677,#3678,#3679,#3680,#3681,#3682,#3683,#3684,
#3685,#3686,#3687,#3688,#3689,#3690,#3691,#3692,#3693,#3694,#3695,#3696,
#3697,#3698,#3699,#3700,#3701,#3702,#3703,#3704,#3705,#3706,#3707,#3708,
#3709,#3710,#3711,#3712,#3713,#3714,#3715,#3716,#3717,#3718,#3719,#3720,
#3721,#3722,#3723,#3724,#3725,#3726,#3727,#3728,#3729,#3730,#3731,#3732,
#3733,#3734,#3735,#3736,#3737,#3738,#3739,#3740,#3741,#3742,#3743,#3744,
#3745,#3746,#3747,#3748,#3749,#3750,#3751,#3752,#3753,#3754,#3755,#3756,
#3757,#3758,#3759,#3760,#3761,#3762,#3763,#3764,#3765,#3766,#3767,#3768,
#3769,#3770,#3771,#3772,#3773,#3774,#3775,#3776,#3777,#3778,#3779,#3780,
#3781,#3782,#3783,#3784,#3785,#3786,#3787,#3788,#3789,#3790,#3791,#3792,
#3793,#3794,#3795,#3796,#3797),#7659);
#7659=(
GEOMETRIC_REPRESENTATION_CONTEXT(3)
GLOBAL_UNCERTAINTY_ASSIGNED_CONTEXT((#7660))
GLOBAL_UNIT_ASSIGNED_CONTEXT((#7663,#7662,#7661))
REPRESENTATION_CONTEXT('UJ2-B-HR-G-V','TOP_LEVEL_ASSEMBLY_PART')
);
#7660=UNCERTAINTY_MEASURE_WITH_UNIT(LENGTH_MEASURE(0.005),#7663,
'DISTANCE_ACCURACY_VALUE','Maximum Tolerance applied to model');
#7661=(
NAMED_UNIT(*)
SI_UNIT($,.STERADIAN.)
SOLID_ANGLE_UNIT()
);
#7662=(
NAMED_UNIT(*)
PLANE_ANGLE_UNIT()
SI_UNIT($,.RADIAN.)
);
#7663=(
LENGTH_UNIT()
NAMED_UNIT(*)
SI_UNIT(.MILLI.,.METRE.)
);
#7664=PRODUCT_DEFINITION_SHAPE('','',#7665);
#7665=PRODUCT_DEFINITION('','',#7667,#7666);
#7666=PRODUCT_DEFINITION_CONTEXT('',#7673,'design');
#7667=PRODUCT_DEFINITION_FORMATION_WITH_SPECIFIED_SOURCE('','',#7669,
 .NOT_KNOWN.);
#7668=PRODUCT_RELATED_PRODUCT_CATEGORY('','',(#7669));
#7669=PRODUCT('UJ2-B-HR-G-V','UJ2-B-HR-G-V','UJ2-B-HR-G-V',(#7671));
#7670=PRODUCT_CATEGORY('','');
#7671=PRODUCT_CONTEXT('',#7673,'mechanical');
#7672=APPLICATION_PROTOCOL_DEFINITION('international standard',
'automotive_design',2010,#7673);
#7673=APPLICATION_CONTEXT(
'core data for automotive mechanical design processes');
ENDSEC;
END-ISO-10303-21;
