ISO-10303-21;
HEADER;
FILE_DESCRIPTION (( 'STEP AP214' ),
    '1' );
FILE_NAME ('1N4737A.STEP',
    '2025-02-18T07:57:19',
    ( '' ),
    ( '' ),
    'SwSTEP 2.0',
    'SolidWorks 2023',
    '' );
FILE_SCHEMA (( 'AUTOMOTIVE_DESIGN' ));
ENDSEC;

DATA;
#1 = SURFACE_SIDE_STYLE ('',( #1416 ) ) ;
#2 = ADVANCED_FACE ( 'NONE', ( #1303 ), #1563, .T. ) ;
#3 =( LENGTH_UNIT ( ) NAMED_UNIT ( * ) SI_UNIT ( .MILLI., .METRE. ) );
#4 = SURFACE_STYLE_FILL_AREA ( #775 ) ;
#5 =( NAMED_UNIT ( * ) SI_UNIT ( $, .STERADIAN. ) SOLID_ANGLE_UNIT ( ) );
#6 = CARTESIAN_POINT ( 'NONE',  ( 0.000000000000000000, 0.000000000000000000, 2.314999999999999947 ) ) ;
#7 = VERTEX_POINT ( 'NONE', #1532 ) ;
#8 = CIRCLE ( 'NONE', #976, 1.037500000000000089 ) ;
#9 = FILL_AREA_STYLE_COLOUR ( '', #1111 ) ;
#10 = CARTESIAN_POINT ( 'NONE',  ( 0.000000000000000000, -5.187499999999999112, -7.064999999999998614 ) ) ;
#11 =( GEOMETRIC_REPRESENTATION_CONTEXT ( 3 ) GLOBAL_UNCERTAINTY_ASSIGNED_CONTEXT ( ( #503 ) ) GLOBAL_UNIT_ASSIGNED_CONTEXT ( ( #1163, #1079, #942 ) ) REPRESENTATION_CONTEXT ( 'NONE', 'WORKASPACE' ) );
#12 = STYLED_ITEM ( 'NONE', ( #113 ), #950 ) ;
#13 = AXIS2_PLACEMENT_3D ( 'NONE', #75, #1244, #1647 ) ;
#14 = FILL_AREA_STYLE_COLOUR ( '', #1084 ) ;
#15 = CARTESIAN_POINT ( 'NONE',  ( 0.3925000000000000155, -1.626303258728256343E-17, -2.464999999999999858 ) ) ;
#16 = STYLED_ITEM ( 'NONE', ( #1328 ), #1233 ) ;
#17 = CARTESIAN_POINT ( 'NONE',  ( -1.037500000000000089, 1.362419564051430446E-16, -2.314999999999999947 ) ) ;
#18 = COLOUR_RGB ( '',0.8039215686274510109, 0.8039215686274510109, 0.8039215686274510109 ) ;
#19 = CLOSED_SHELL ( 'NONE', ( #1233, #1337, #1301, #133, #565, #1049 ) ) ;
#20 = ORIENTED_EDGE ( 'NONE', *, *, #1670, .T. ) ;
#21 = MECHANICAL_DESIGN_GEOMETRIC_PRESENTATION_REPRESENTATION (  '', ( #759 ), #383 ) ;
#22 =( GEOMETRIC_REPRESENTATION_CONTEXT ( 3 ) GLOBAL_UNCERTAINTY_ASSIGNED_CONTEXT ( ( #348 ) ) GLOBAL_UNIT_ASSIGNED_CONTEXT ( ( #410, #1455, #1575 ) ) REPRESENTATION_CONTEXT ( 'NONE', 'WORKASPACE' ) );
#23 = CARTESIAN_POINT ( 'NONE',  ( 4.806738686653363637E-17, -0.3925000000000004041, -6.314999999999999503 ) ) ;
#24 = PRESENTATION_STYLE_ASSIGNMENT (( #270 ) ) ;
#25 = CIRCLE ( 'NONE', #1612, 0.3925000000000000155 ) ;
#26 =( LENGTH_UNIT ( ) NAMED_UNIT ( * ) SI_UNIT ( .MILLI., .METRE. ) );
#27 = EDGE_CURVE ( 'NONE', #1153, #1294, #1009, .T. ) ;
#28 = DIRECTION ( 'NONE',  ( 0.000000000000000000, -1.000000000000000000, -1.826024711554533667E-16 ) ) ;
#29 = DIRECTION ( 'NONE',  ( -0.000000000000000000, 1.000000000000000000, 8.704158286151238787E-17 ) ) ;
#30 = EDGE_CURVE ( 'NONE', #1629, #832, #1293, .T. ) ;
#31 =( LENGTH_UNIT ( ) NAMED_UNIT ( * ) SI_UNIT ( .MILLI., .METRE. ) );
#32 = ORIENTED_EDGE ( 'NONE', *, *, #1656, .T. ) ;
#33 = CARTESIAN_POINT ( 'NONE',  ( 0.000000000000000000, -5.037500000000000533, -7.457499999999997797 ) ) ;
#34 = FILL_AREA_STYLE_COLOUR ( '', #962 ) ;
#35 =( NAMED_UNIT ( * ) SI_UNIT ( $, .STERADIAN. ) SOLID_ANGLE_UNIT ( ) );
#36 = CARTESIAN_POINT ( 'NONE',  ( 0.000000000000000000, -0.7500000000000004441, -6.314999999999999503 ) ) ;
#37 = FILL_AREA_STYLE ('',( #958 ) ) ;
#38 = DIRECTION ( 'NONE',  ( 0.000000000000000000, 0.000000000000000000, -1.000000000000000000 ) ) ;
#39 = DIRECTION ( 'NONE',  ( -0.000000000000000000, 1.000000000000000000, -8.704158286151238787E-17 ) ) ;
#40 = SURFACE_STYLE_FILL_AREA ( #1062 ) ;
#41 = EDGE_CURVE ( 'NONE', #597, #986, #650, .T. ) ;
#42 = VERTEX_POINT ( 'NONE', #1160 ) ;
#43 = UNCERTAINTY_MEASURE_WITH_UNIT (LENGTH_MEASURE( 1.000000000000000082E-05 ), #91, 'distance_accuracy_value', 'NONE');
#44 = FILL_AREA_STYLE ('',( #34 ) ) ;
#45 = COLOUR_RGB ( '',0.8039215686274510109, 0.8039215686274510109, 0.8039215686274510109 ) ;
#46 = PRESENTATION_STYLE_ASSIGNMENT (( #1215 ) ) ;
#47 = PRESENTATION_LAYER_ASSIGNMENT (  '', '', ( #921 ) ) ;
#48 = AXIS2_PLACEMENT_3D ( 'NONE', #51, #1435, #1463 ) ;
#49 = ORIENTED_EDGE ( 'NONE', *, *, #696, .F. ) ;
#50 = CIRCLE ( 'NONE', #1112, 0.1499999999999999667 ) ;
#51 = CARTESIAN_POINT ( 'NONE',  ( 0.000000000000000000, -5.037500000000000533, 7.064999999999998614 ) ) ;
#52 =( NAMED_UNIT ( * ) SI_UNIT ( $, .STERADIAN. ) SOLID_ANGLE_UNIT ( ) );
#53 = PRESENTATION_LAYER_ASSIGNMENT (  '', '', ( #572 ) ) ;
#54 = CARTESIAN_POINT ( 'NONE',  ( 1.187500000000000000, 1.454268073987481856E-16, 2.314999999999999947 ) ) ;
#55 = PRESENTATION_LAYER_ASSIGNMENT (  '', '', ( #1611 ) ) ;
#56 = COLOUR_RGB ( '',0.8039215686274510109, 0.8039215686274510109, 0.8039215686274510109 ) ;
#57 = ORIENTED_EDGE ( 'NONE', *, *, #845, .T. ) ;
#58 = DIRECTION ( 'NONE',  ( -1.000000000000000000, 0.000000000000000000, -0.000000000000000000 ) ) ;
#59 = EDGE_CURVE ( 'NONE', #583, #1472, #518, .T. ) ;
#60 =( NAMED_UNIT ( * ) SI_UNIT ( $, .STERADIAN. ) SOLID_ANGLE_UNIT ( ) );
#61 = SURFACE_STYLE_FILL_AREA ( #37 ) ;
#62 = SURFACE_SIDE_STYLE ('',( #974 ) ) ;
#63 = ORIENTED_EDGE ( 'NONE', *, *, #259, .F. ) ;
#64 = CARTESIAN_POINT ( 'NONE',  ( 1.187500000000000000, 0.000000000000000000, -2.165000000000000036 ) ) ;
#65 = DIRECTION ( 'NONE',  ( -1.000000000000000000, 1.224646799147353207E-16, 0.000000000000000000 ) ) ;
#66 = CARTESIAN_POINT ( 'NONE',  ( 0.000000000000000000, 0.000000000000000000, 2.314999999999999947 ) ) ;
#67 = AXIS2_PLACEMENT_3D ( 'NONE', #687, #166, #184 ) ;
#68 = SURFACE_STYLE_FILL_AREA ( #462 ) ;
#69 =( GEOMETRIC_REPRESENTATION_CONTEXT ( 3 ) GLOBAL_UNCERTAINTY_ASSIGNED_CONTEXT ( ( #1393 ) ) GLOBAL_UNIT_ASSIGNED_CONTEXT ( ( #26, #966, #35 ) ) REPRESENTATION_CONTEXT ( 'NONE', 'WORKASPACE' ) );
#70 =( GEOMETRIC_REPRESENTATION_CONTEXT ( 3 ) GLOBAL_UNCERTAINTY_ASSIGNED_CONTEXT ( ( #713 ) ) GLOBAL_UNIT_ASSIGNED_CONTEXT ( ( #1559, #219, #129 ) ) REPRESENTATION_CONTEXT ( 'NONE', 'WORKASPACE' ) );
#71 = EDGE_LOOP ( 'NONE', ( #353, #774, #355, #756, #275 ) ) ;
#72 = SURFACE_SIDE_STYLE ('',( #342 ) ) ;
#73 = MECHANICAL_DESIGN_GEOMETRIC_PRESENTATION_REPRESENTATION (  '', ( #1518 ), #1460 ) ;
#74 = AXIS2_PLACEMENT_3D ( 'NONE', #1414, #645, #1053 ) ;
#75 = CARTESIAN_POINT ( 'NONE',  ( -1.197500000000000009, 1.187500000000000000, -1.979799999999999782 ) ) ;
#76 = AXIS2_PLACEMENT_3D ( 'NONE', #1282, #776, #401 ) ;
#77 = FACE_OUTER_BOUND ( 'NONE', #1241, .T. ) ;
#78 = UNCERTAINTY_MEASURE_WITH_UNIT (LENGTH_MEASURE( 1.000000000000000082E-05 ), #31, 'distance_accuracy_value', 'NONE');
#79 =( GEOMETRIC_REPRESENTATION_CONTEXT ( 3 ) GLOBAL_UNCERTAINTY_ASSIGNED_CONTEXT ( ( #951 ) ) GLOBAL_UNIT_ASSIGNED_CONTEXT ( ( #3, #1677, #1417 ) ) REPRESENTATION_CONTEXT ( 'NONE', 'WORKASPACE' ) );
#80 = ADVANCED_FACE ( 'NONE', ( #242 ), #287, .T. ) ;
#81 = PRESENTATION_LAYER_ASSIGNMENT (  '', '', ( #209 ) ) ;
#82 = CIRCLE ( 'NONE', #1311, 0.3925000000000000155 ) ;
#83 = ORIENTED_EDGE ( 'NONE', *, *, #1147, .T. ) ;
#84 = DIRECTION ( 'NONE',  ( -1.000000000000000000, 1.224646799147353700E-16, 0.000000000000000000 ) ) ;
#85 = ORIENTED_EDGE ( 'NONE', *, *, #808, .T. ) ;
#86 = ADVANCED_FACE ( 'NONE', ( #1313 ), #955, .T. ) ;
#87 = PRESENTATION_STYLE_ASSIGNMENT (( #1645 ) ) ;
#88 = CARTESIAN_POINT ( 'NONE',  ( -1.037500000000000089, 1.270571054115378789E-16, 2.165000000000000036 ) ) ;
#89 = FILL_AREA_STYLE_COLOUR ( '', #1542 ) ;
#90 = DIRECTION ( 'NONE',  ( 1.000000000000000000, 0.000000000000000000, 0.000000000000000000 ) ) ;
#91 =( LENGTH_UNIT ( ) NAMED_UNIT ( * ) SI_UNIT ( .MILLI., .METRE. ) );
#92 = VERTEX_POINT ( 'NONE', #635 ) ;
#93 = PRESENTATION_LAYER_ASSIGNMENT (  '', '', ( #657 ) ) ;
#94 = AXIS2_PLACEMENT_3D ( 'NONE', #1498, #1640, #741 ) ;
#95 =( LENGTH_UNIT ( ) NAMED_UNIT ( * ) SI_UNIT ( .MILLI., .METRE. ) );
#96 = CIRCLE ( 'NONE', #1224, 0.3574999999999993183 ) ;
#97 = AXIS2_PLACEMENT_3D ( 'NONE', #1422, #387, #132 ) ;
#98 = SURFACE_SIDE_STYLE ('',( #347 ) ) ;
#99 = CIRCLE ( 'NONE', #290, 1.187500000000000000 ) ;
#100 =( GEOMETRIC_REPRESENTATION_CONTEXT ( 3 ) GLOBAL_UNCERTAINTY_ASSIGNED_CONTEXT ( ( #78 ) ) GLOBAL_UNIT_ASSIGNED_CONTEXT ( ( #31, #1604, #690 ) ) REPRESENTATION_CONTEXT ( 'NONE', 'WORKASPACE' ) );
#101 =( GEOMETRIC_REPRESENTATION_CONTEXT ( 3 ) GLOBAL_UNCERTAINTY_ASSIGNED_CONTEXT ( ( #1527 ) ) GLOBAL_UNIT_ASSIGNED_CONTEXT ( ( #1643, #453, #1257 ) ) REPRESENTATION_CONTEXT ( 'NONE', 'WORKASPACE' ) );
#102 = CARTESIAN_POINT ( 'NONE',  ( 0.000000000000000000, -1.626303258728256343E-17, -2.464999999999999858 ) ) ;
#103 = DIRECTION ( 'NONE',  ( 1.000000000000000000, 0.000000000000000000, 0.000000000000000000 ) ) ;
#104 = CARTESIAN_POINT ( 'NONE',  ( -0.5424999999999999822, 5.017405626646135194E-17, -2.314999999999999947 ) ) ;
#105 = EDGE_LOOP ( 'NONE', ( #1503, #115 ) ) ;
#106 = CARTESIAN_POINT ( 'NONE',  ( -1.197500000000000009, 1.037500000000000089, 2.314999999999999947 ) ) ;
#107 = EDGE_CURVE ( 'NONE', #628, #804, #1173, .T. ) ;
#108 = SURFACE_STYLE_FILL_AREA ( #369 ) ;
#109 = CARTESIAN_POINT ( 'NONE',  ( 1.187500000000000000, 1.454268073987481856E-16, 2.165000000000000036 ) ) ;
#110 = ORIENTED_EDGE ( 'NONE', *, *, #973, .F. ) ;
#111 = EDGE_LOOP ( 'NONE', ( #1415, #712, #1048, #869 ) ) ;
#112 = DIRECTION ( 'NONE',  ( 1.000000000000000000, 0.000000000000000000, 0.000000000000000000 ) ) ;
#113 = PRESENTATION_STYLE_ASSIGNMENT (( #1425 ) ) ;
#114 = VERTEX_POINT ( 'NONE', #17 ) ;
#115 = ORIENTED_EDGE ( 'NONE', *, *, #1462, .T. ) ;
#116 = MECHANICAL_DESIGN_GEOMETRIC_PRESENTATION_REPRESENTATION (  '', ( #1600 ), #700 ) ;
#117 = PRESENTATION_STYLE_ASSIGNMENT (( #1162 ) ) ;
#118 = COLOUR_RGB ( '',0.8039215686274510109, 0.8039215686274510109, 0.8039215686274510109 ) ;
#119 = SURFACE_SIDE_STYLE ('',( #4 ) ) ;
#120 = PRESENTATION_LAYER_ASSIGNMENT (  '', '', ( #1518 ) ) ;
#121 = DIRECTION ( 'NONE',  ( 0.000000000000000000, -1.000000000000000000, -1.954618001100628313E-16 ) ) ;
#122 = CARTESIAN_POINT ( 'NONE',  ( -1.197500000000000009, -1.037500000000000089, -2.314999999999999947 ) ) ;
#123 = FILL_AREA_STYLE_COLOUR ( '', #178 ) ;
#124 = DIRECTION ( 'NONE',  ( -0.000000000000000000, -0.000000000000000000, -1.000000000000000000 ) ) ;
#125 = ADVANCED_FACE ( 'NONE', ( #1209 ), #437, .T. ) ;
#126 = PRESENTATION_LAYER_ASSIGNMENT (  '', '', ( #1013 ) ) ;
#127 = EDGE_LOOP ( 'NONE', ( #318, #1481, #1671, #899, #1170 ) ) ;
#128 = AXIS2_PLACEMENT_3D ( 'NONE', #1098, #1453, #278 ) ;
#129 =( NAMED_UNIT ( * ) SI_UNIT ( $, .STERADIAN. ) SOLID_ANGLE_UNIT ( ) );
#130 = SURFACE_STYLE_USAGE ( .BOTH. , #1666 ) ;
#131 =( NAMED_UNIT ( * ) PLANE_ANGLE_UNIT ( ) SI_UNIT ( $, .RADIAN. ) );
#132 = DIRECTION ( 'NONE',  ( 1.000000000000000000, 0.000000000000000000, 0.000000000000000000 ) ) ;
#133 = ADVANCED_FACE ( 'NONE', ( #961 ), #1352, .T. ) ;
#134 = ORIENTED_EDGE ( 'NONE', *, *, #714, .F. ) ;
#135 =( NAMED_UNIT ( * ) PLANE_ANGLE_UNIT ( ) SI_UNIT ( $, .RADIAN. ) );
#136 = DIRECTION ( 'NONE',  ( 0.000000000000000000, -8.704158286151238787E-17, -1.000000000000000000 ) ) ;
#137 = LINE ( 'NONE', #917, #210 ) ;
#138 = FILL_AREA_STYLE_COLOUR ( '', #1519 ) ;
#139 = VERTEX_POINT ( 'NONE', #413 ) ;
#140 = TOROIDAL_SURFACE ( 'NONE', #338, 0.5424999999999999822, 0.1499999999999999944 ) ;
#141 = FILL_AREA_STYLE_COLOUR ( '', #1678 ) ;
#142 = PRESENTATION_LAYER_ASSIGNMENT (  '', '', ( #12 ) ) ;
#143 = EDGE_CURVE ( 'NONE', #744, #1687, #1686, .T. ) ;
#144 = FILL_AREA_STYLE ('',( #553 ) ) ;
#145 = SURFACE_STYLE_USAGE ( .BOTH. , #1186 ) ;
#146 = DIRECTION ( 'NONE',  ( 1.000000000000000000, 0.000000000000000000, 0.000000000000000000 ) ) ;
#147 = SURFACE_STYLE_FILL_AREA ( #802 ) ;
#148 = AXIS2_PLACEMENT_3D ( 'NONE', #526, #1276, #1564 ) ;
#149 = ORIENTED_EDGE ( 'NONE', *, *, #494, .T. ) ;
#150 = UNCERTAINTY_MEASURE_WITH_UNIT (LENGTH_MEASURE( 1.000000000000000082E-05 ), #910, 'distance_accuracy_value', 'NONE');
#151 = MECHANICAL_DESIGN_GEOMETRIC_PRESENTATION_REPRESENTATION (  '', ( #1095 ), #927 ) ;
#152 = CARTESIAN_POINT ( 'NONE',  ( 1.187500000000000000, 1.454268073987481856E-16, 2.314999999999999947 ) ) ;
#153 = DIRECTION ( 'NONE',  ( -1.000000000000000000, -0.000000000000000000, -0.000000000000000000 ) ) ;
#154 = MECHANICAL_DESIGN_GEOMETRIC_PRESENTATION_REPRESENTATION (  '', ( #209 ), #987 ) ;
#155 = PRESENTATION_STYLE_ASSIGNMENT (( #821 ) ) ;
#156 = ADVANCED_FACE ( 'NONE', ( #1316 ), #286, .T. ) ;
#157 =( LENGTH_UNIT ( ) NAMED_UNIT ( * ) SI_UNIT ( .MILLI., .METRE. ) );
#158 = DIRECTION ( 'NONE',  ( -0.000000000000000000, -0.000000000000000000, -1.000000000000000000 ) ) ;
#159 = PRESENTATION_STYLE_ASSIGNMENT (( #1614 ) ) ;
#160 = SURFACE_STYLE_USAGE ( .BOTH. , #680 ) ;
#161 = ORIENTED_EDGE ( 'NONE', *, *, #423, .F. ) ;
#162 = LINE ( 'NONE', #152, #1546 ) ;
#163 = SURFACE_STYLE_FILL_AREA ( #1446 ) ;
#164 = DIRECTION ( 'NONE',  ( 0.000000000000000000, -2.762298528625491626E-16, -1.000000000000000000 ) ) ;
#165 = FACE_OUTER_BOUND ( 'NONE', #1074, .T. ) ;
#166 = DIRECTION ( 'NONE',  ( 0.000000000000000000, 0.000000000000000000, 1.000000000000000000 ) ) ;
#167 = PRESENTATION_STYLE_ASSIGNMENT (( #160 ) ) ;
#168 = ORIENTED_EDGE ( 'NONE', *, *, #442, .F. ) ;
#169 = DIRECTION ( 'NONE',  ( -0.000000000000000000, -0.000000000000000000, -1.000000000000000000 ) ) ;
#170 = DIRECTION ( 'NONE',  ( 0.000000000000000000, 0.000000000000000000, -1.000000000000000000 ) ) ;
#171 = STYLED_ITEM ( 'NONE', ( #411 ), #772 ) ;
#172 = PRESENTATION_STYLE_ASSIGNMENT (( #838 ) ) ;
#173 = MECHANICAL_DESIGN_GEOMETRIC_PRESENTATION_REPRESENTATION (  '', ( #921 ), #1603 ) ;
#174 = FILL_AREA_STYLE_COLOUR ( '', #491 ) ;
#175 = EDGE_LOOP ( 'NONE', ( #1682, #1395, #211, #307 ) ) ;
#176 = EDGE_CURVE ( 'NONE', #1357, #658, #1305, .T. ) ;
#177 = AXIS2_PLACEMENT_3D ( 'NONE', #504, #746, #1011 ) ;
#178 = COLOUR_RGB ( '',0.8039215686274510109, 0.8039215686274510109, 0.8039215686274510109 ) ;
#179 = SURFACE_STYLE_FILL_AREA ( #1371 ) ;
#180 = CIRCLE ( 'NONE', #1434, 0.3925000000000000155 ) ;
#181 = SURFACE_STYLE_FILL_AREA ( #144 ) ;
#182 = AXIS2_PLACEMENT_3D ( 'NONE', #296, #648, #500 ) ;
#183 = CIRCLE ( 'NONE', #1118, 0.3924999999999996270 ) ;
#184 = DIRECTION ( 'NONE',  ( 1.000000000000000000, 0.000000000000000000, 0.000000000000000000 ) ) ;
#185 = FACE_OUTER_BOUND ( 'NONE', #1085, .T. ) ;
#186 = SURFACE_SIDE_STYLE ('',( #719 ) ) ;
#187 = CARTESIAN_POINT ( 'NONE',  ( 0.000000000000000000, -0.7500000000000002220, -7.064999999999999503 ) ) ;
#188 = CARTESIAN_POINT ( 'NONE',  ( 0.000000000000000000, -5.037500000000000533, 6.822499999999998899 ) ) ;
#189 = DIRECTION ( 'NONE',  ( 0.000000000000000000, -1.084202172485504434E-16, 1.000000000000000000 ) ) ;
#190 = ORIENTED_EDGE ( 'NONE', *, *, #27, .T. ) ;
#191 = UNCERTAINTY_MEASURE_WITH_UNIT (LENGTH_MEASURE( 1.000000000000000082E-05 ), #1482, 'distance_accuracy_value', 'NONE');
#192 = VERTEX_POINT ( 'NONE', #999 ) ;
#193 =( NAMED_UNIT ( * ) PLANE_ANGLE_UNIT ( ) SI_UNIT ( $, .RADIAN. ) );
#194 = EDGE_CURVE ( 'NONE', #1259, #1693, #180, .T. ) ;
#195 = PRESENTATION_STYLE_ASSIGNMENT (( #332 ) ) ;
#196 = FILL_AREA_STYLE_COLOUR ( '', #1039 ) ;
#197 = DIRECTION ( 'NONE',  ( 1.000000000000000000, 0.000000000000000000, 0.000000000000000000 ) ) ;
#198 = ORIENTED_EDGE ( 'NONE', *, *, #915, .T. ) ;
#199 =( GEOMETRIC_REPRESENTATION_CONTEXT ( 3 ) GLOBAL_UNCERTAINTY_ASSIGNED_CONTEXT ( ( #1636 ) ) GLOBAL_UNIT_ASSIGNED_CONTEXT ( ( #977, #1002, #1654 ) ) REPRESENTATION_CONTEXT ( 'NONE', 'WORKASPACE' ) );
#200 = VECTOR ( 'NONE', #982, 1000.000000000000000 ) ;
#201 = AXIS2_PLACEMENT_3D ( 'NONE', #266, #1450, #1593 ) ;
#202 = MECHANICAL_DESIGN_GEOMETRIC_PRESENTATION_REPRESENTATION (  '', ( #705 ), #1608 ) ;
#203 = SURFACE_STYLE_FILL_AREA ( #584 ) ;
#204 = CIRCLE ( 'NONE', #1659, 0.3925000000000000155 ) ;
#205 = CARTESIAN_POINT ( 'NONE',  ( -1.037500000000000089, 1.362419564051430446E-16, 2.314999999999999947 ) ) ;
#206 = AXIS2_PLACEMENT_3D ( 'NONE', #1599, #686, #1214 ) ;
#207 = EDGE_CURVE ( 'NONE', #986, #343, #653, .T. ) ;
#208 = SURFACE_STYLE_FILL_AREA ( #1361 ) ;
#209 = STYLED_ITEM ( 'NONE', ( #227 ), #508 ) ;
#210 = VECTOR ( 'NONE', #906, 1000.000000000000000 ) ;
#211 = ORIENTED_EDGE ( 'NONE', *, *, #1556, .T. ) ;
#212 = DIRECTION ( 'NONE',  ( 0.000000000000000000, -1.000000000000000000, -1.954618001100628066E-16 ) ) ;
#213 = EDGE_LOOP ( 'NONE', ( #261, #557, #968, #1292 ) ) ;
#214 = CARTESIAN_POINT ( 'NONE',  ( 0.000000000000000000, -1.626303258728256343E-17, -2.464999999999999858 ) ) ;
#215 = CARTESIAN_POINT ( 'NONE',  ( 0.000000000000000000, -1.626303258728256343E-17, 2.464999999999999858 ) ) ;
#216 = FACE_OUTER_BOUND ( 'NONE', #604, .T. ) ;
#217 = VERTEX_POINT ( 'NONE', #1105 ) ;
#218 = DIRECTION ( 'NONE',  ( 0.000000000000000000, 0.000000000000000000, -1.000000000000000000 ) ) ;
#219 =( NAMED_UNIT ( * ) PLANE_ANGLE_UNIT ( ) SI_UNIT ( $, .RADIAN. ) );
#220 = DIRECTION ( 'NONE',  ( 0.000000000000000000, 0.000000000000000000, 1.000000000000000000 ) ) ;
#221 = PRODUCT_CONTEXT ( 'NONE', #289, 'mechanical' ) ;
#222 = FILL_AREA_STYLE_COLOUR ( '', #1176 ) ;
#223 = EDGE_LOOP ( 'NONE', ( #1451, #1096, #161, #718 ) ) ;
#224 = CIRCLE ( 'NONE', #1194, 0.5424999999999999822 ) ;
#225 = AXIS2_PLACEMENT_3D ( 'NONE', #1373, #1014, #605 ) ;
#226 = FILL_AREA_STYLE_COLOUR ( '', #18 ) ;
#227 = PRESENTATION_STYLE_ASSIGNMENT (( #1394 ) ) ;
#228 = ADVANCED_FACE ( 'NONE', ( #1521 ), #1621, .T. ) ;
#229 = AXIS2_PLACEMENT_3D ( 'NONE', #1040, #365, #909 ) ;
#230 = STYLED_ITEM ( 'NONE', ( #1452 ), #1221 ) ;
#231 = CIRCLE ( 'NONE', #1202, 0.1499999999999999667 ) ;
#232 = MECHANICAL_DESIGN_GEOMETRIC_PRESENTATION_REPRESENTATION (  '', ( #571 ), #1225 ) ;
#233 = SURFACE_SIDE_STYLE ('',( #1289 ) ) ;
#234 = DIRECTION ( 'NONE',  ( 0.000000000000000000, 0.000000000000000000, 1.000000000000000000 ) ) ;
#235 = SURFACE_STYLE_USAGE ( .BOTH. , #1022 ) ;
#236 = COLOUR_RGB ( '',0.2862745098039215508, 0.2862745098039215508, 0.2862745098039215508 ) ;
#237 = SURFACE_SIDE_STYLE ('',( #1429 ) ) ;
#238 = COLOUR_RGB ( '',0.2862745098039215508, 0.2862745098039215508, 0.2862745098039215508 ) ;
#239 = UNCERTAINTY_MEASURE_WITH_UNIT (LENGTH_MEASURE( 1.000000000000000082E-05 ), #460, 'distance_accuracy_value', 'NONE');
#240 = ORIENTED_EDGE ( 'NONE', *, *, #1239, .F. ) ;
#241 = PRESENTATION_STYLE_ASSIGNMENT (( #1187 ) ) ;
#242 = FACE_OUTER_BOUND ( 'NONE', #223, .T. ) ;
#243 = ORIENTED_EDGE ( 'NONE', *, *, #1595, .F. ) ;
#244 = FILL_AREA_STYLE ('',( #407 ) ) ;
#245 =( NAMED_UNIT ( * ) SI_UNIT ( $, .STERADIAN. ) SOLID_ANGLE_UNIT ( ) );
#246 = DIRECTION ( 'NONE',  ( -0.000000000000000000, -0.000000000000000000, -1.000000000000000000 ) ) ;
#247 = EDGE_CURVE ( 'NONE', #804, #597, #204, .T. ) ;
#248 = PRODUCT_DEFINITION_CONTEXT ( 'detailed design', #1388, 'design' ) ;
#249 = ORIENTED_EDGE ( 'NONE', *, *, #808, .F. ) ;
#250 = SURFACE_STYLE_FILL_AREA ( #374 ) ;
#251 = SURFACE_SIDE_STYLE ('',( #1324 ) ) ;
#252 = ORIENTED_EDGE ( 'NONE', *, *, #41, .F. ) ;
#253 = SURFACE_STYLE_FILL_AREA ( #1050 ) ;
#254 = CIRCLE ( 'NONE', #837, 0.3574999999999993183 ) ;
#255 =( NAMED_UNIT ( * ) PLANE_ANGLE_UNIT ( ) SI_UNIT ( $, .RADIAN. ) );
#256 = AXIS2_PLACEMENT_3D ( 'NONE', #1500, #556, #972 ) ;
#257 = AXIS2_PLACEMENT_3D ( 'NONE', #511, #124, #103 ) ;
#258 = SURFACE_STYLE_USAGE ( .BOTH. , #237 ) ;
#259 = EDGE_CURVE ( 'NONE', #825, #1046, #99, .T. ) ;
#260 = MECHANICAL_DESIGN_GEOMETRIC_PRESENTATION_REPRESENTATION (  '', ( #1553 ), #1067 ) ;
#261 = ORIENTED_EDGE ( 'NONE', *, *, #1147, .F. ) ;
#262 = SURFACE_STYLE_FILL_AREA ( #293 ) ;
#263 =( GEOMETRIC_REPRESENTATION_CONTEXT ( 3 ) GLOBAL_UNCERTAINTY_ASSIGNED_CONTEXT ( ( #43 ) ) GLOBAL_UNIT_ASSIGNED_CONTEXT ( ( #91, #1634, #477 ) ) REPRESENTATION_CONTEXT ( 'NONE', 'WORKASPACE' ) );
#264 = CYLINDRICAL_SURFACE ( 'NONE', #1456, 0.3924999999999996270 ) ;
#265 = SURFACE_SIDE_STYLE ('',( #1441 ) ) ;
#266 = CARTESIAN_POINT ( 'NONE',  ( 0.000000000000000000, 0.000000000000000000, 2.165000000000000036 ) ) ;
#267 = ORIENTED_EDGE ( 'NONE', *, *, #1607, .F. ) ;
#268 = ADVANCED_FACE ( 'NONE', ( #736 ), #1609, .F. ) ;
#269 = CARTESIAN_POINT ( 'NONE',  ( 4.806738686653361172E-17, 0.3924999999999995715, 6.314999999999999503 ) ) ;
#270 = SURFACE_STYLE_USAGE ( .BOTH. , #578 ) ;
#271 = FILL_AREA_STYLE_COLOUR ( '', #458 ) ;
#272 =( NAMED_UNIT ( * ) PLANE_ANGLE_UNIT ( ) SI_UNIT ( $, .RADIAN. ) );
#273 = CARTESIAN_POINT ( 'NONE',  ( 0.000000000000000000, -5.187499999999999112, 7.064999999999998614 ) ) ;
#274 = SURFACE_STYLE_FILL_AREA ( #562 ) ;
#275 = ORIENTED_EDGE ( 'NONE', *, *, #1290, .F. ) ;
#276 = AXIS2_PLACEMENT_3D ( 'NONE', #433, #1478, #944 ) ;
#277 = ADVANCED_FACE ( 'NONE', ( #185 ), #346, .T. ) ;
#278 = DIRECTION ( 'NONE',  ( 1.000000000000000000, 0.000000000000000000, 0.000000000000000000 ) ) ;
#279 =( NAMED_UNIT ( * ) SI_UNIT ( $, .STERADIAN. ) SOLID_ANGLE_UNIT ( ) );
#280 = AXIS2_PLACEMENT_3D ( 'NONE', #630, #1561, #408 ) ;
#281 = FACE_OUTER_BOUND ( 'NONE', #105, .T. ) ;
#282 = AXIS2_PLACEMENT_3D ( 'NONE', #1583, #1212, #576 ) ;
#283 = FILL_AREA_STYLE ('',( #1342 ) ) ;
#284 = DIRECTION ( 'NONE',  ( -1.000000000000000000, 0.000000000000000000, 0.000000000000000000 ) ) ;
#285 =( GEOMETRIC_REPRESENTATION_CONTEXT ( 3 ) GLOBAL_UNCERTAINTY_ASSIGNED_CONTEXT ( ( #539 ) ) GLOBAL_UNIT_ASSIGNED_CONTEXT ( ( #1354, #1235, #1469 ) ) REPRESENTATION_CONTEXT ( 'NONE', 'WORKASPACE' ) );
#286 = PLANE ( 'NONE',  #493 ) ;
#287 = TOROIDAL_SURFACE ( 'NONE', #148, 0.7499999999999996669, 0.3925000000000000155 ) ;
#288 = VERTEX_POINT ( 'NONE', #1298 ) ;
#289 = APPLICATION_CONTEXT ( 'automotive_design' ) ;
#290 = AXIS2_PLACEMENT_3D ( 'NONE', #743, #1377, #326 ) ;
#291 = UNCERTAINTY_MEASURE_WITH_UNIT (LENGTH_MEASURE( 1.000000000000000082E-05 ), #528, 'distance_accuracy_value', 'NONE');
#292 = AXIS2_PLACEMENT_3D ( 'NONE', #294, #153, #933 ) ;
#293 = FILL_AREA_STYLE ('',( #9 ) ) ;
#294 = CARTESIAN_POINT ( 'NONE',  ( 0.000000000000000000, -0.7500000000000004441, -6.314999999999999503 ) ) ;
#295 = CARTESIAN_POINT ( 'NONE',  ( 0.000000000000000000, -0.7500000000000002220, -7.064999999999999503 ) ) ;
#296 = CARTESIAN_POINT ( 'NONE',  ( 0.000000000000000000, 0.000000000000000000, -1.979799999999999782 ) ) ;
#297 =( NAMED_UNIT ( * ) SI_UNIT ( $, .STERADIAN. ) SOLID_ANGLE_UNIT ( ) );
#298 = DIRECTION ( 'NONE',  ( 0.000000000000000000, 0.000000000000000000, 1.000000000000000000 ) ) ;
#299 =( NAMED_UNIT ( * ) PLANE_ANGLE_UNIT ( ) SI_UNIT ( $, .RADIAN. ) );
#300 = VERTEX_POINT ( 'NONE', #1537 ) ;
#301 = DIRECTION ( 'NONE',  ( 1.000000000000000000, 0.000000000000000000, 0.000000000000000000 ) ) ;
#302 = FILL_AREA_STYLE_COLOUR ( '', #351 ) ;
#303 = DIRECTION ( 'NONE',  ( 1.000000000000000000, 0.000000000000000000, 0.000000000000000000 ) ) ;
#304 = CARTESIAN_POINT ( 'NONE',  ( 0.000000000000000000, 0.3925000000000000155, -2.314999999999999947 ) ) ;
#305 = DIRECTION ( 'NONE',  ( 0.000000000000000000, -1.000000000000000000, 0.000000000000000000 ) ) ;
#306 = FACE_OUTER_BOUND ( 'NONE', #1286, .T. ) ;
#307 = ORIENTED_EDGE ( 'NONE', *, *, #860, .T. ) ;
#308 = FACE_OUTER_BOUND ( 'NONE', #1660, .T. ) ;
#309 = FACE_OUTER_BOUND ( 'NONE', #573, .T. ) ;
#310 =( GEOMETRIC_REPRESENTATION_CONTEXT ( 3 ) GLOBAL_UNCERTAINTY_ASSIGNED_CONTEXT ( ( #150 ) ) GLOBAL_UNIT_ASSIGNED_CONTEXT ( ( #910, #131, #1587 ) ) REPRESENTATION_CONTEXT ( 'NONE', 'WORKASPACE' ) );
#311 = AXIS2_PLACEMENT_3D ( 'NONE', #187, #324, #624 ) ;
#312 = CARTESIAN_POINT ( 'NONE',  ( 0.000000000000000000, 0.000000000000000000, -1.632549999999999502 ) ) ;
#313 = SURFACE_STYLE_FILL_AREA ( #283 ) ;
#314 = AXIS2_PLACEMENT_3D ( 'NONE', #1029, #1689, #1535 ) ;
#315 =( LENGTH_UNIT ( ) NAMED_UNIT ( * ) SI_UNIT ( .MILLI., .METRE. ) );
#316 = EDGE_CURVE ( 'NONE', #1259, #499, #1497, .T. ) ;
#317 = COLOUR_RGB ( '',0.2862745098039215508, 0.2862745098039215508, 0.2862745098039215508 ) ;
#318 = ORIENTED_EDGE ( 'NONE', *, *, #1344, .F. ) ;
#319 = TOROIDAL_SURFACE ( 'NONE', #1008, 0.7499999999999996669, 0.3925000000000000155 ) ;
#320 = STYLED_ITEM ( 'NONE', ( #992 ), #268 ) ;
#321 = STYLED_ITEM ( 'NONE', ( #366 ), #399 ) ;
#322 = FILL_AREA_STYLE_COLOUR ( '', #646 ) ;
#323 = AXIS2_PLACEMENT_3D ( 'NONE', #363, #1565, #284 ) ;
#324 = DIRECTION ( 'NONE',  ( -0.000000000000000000, -1.000000000000000000, -2.529805069132844337E-16 ) ) ;
#325 = CARTESIAN_POINT ( 'NONE',  ( 0.000000000000000000, -1.626303258728256343E-17, 2.314999999999999947 ) ) ;
#326 = DIRECTION ( 'NONE',  ( 0.000000000000000000, -1.000000000000000000, -1.826024711554533667E-16 ) ) ;
#327 = ORIENTED_EDGE ( 'NONE', *, *, #642, .F. ) ;
#328 = ADVANCED_FACE ( 'NONE', ( #614 ), #1530, .T. ) ;
#329 = FILL_AREA_STYLE ('',( #609 ) ) ;
#330 = ADVANCED_FACE ( 'NONE', ( #165 ), #1439, .T. ) ;
#331 = DIRECTION ( 'NONE',  ( 1.224646799147353207E-16, 1.000000000000000000, -0.000000000000000000 ) ) ;
#332 = SURFACE_STYLE_USAGE ( .BOTH. , #1506 ) ;
#333 = FACE_OUTER_BOUND ( 'NONE', #1078, .T. ) ;
#334 = ORIENTED_EDGE ( 'NONE', *, *, #696, .T. ) ;
#335 = UNCERTAINTY_MEASURE_WITH_UNIT (LENGTH_MEASURE( 1.000000000000000082E-05 ), #885, 'distance_accuracy_value', 'NONE');
#336 = ADVANCED_FACE ( 'NONE', ( #1193 ), #1204, .T. ) ;
#337 = CARTESIAN_POINT ( 'NONE',  ( 0.000000000000000000, -0.7500000000000003331, 6.672499999999999432 ) ) ;
#338 = AXIS2_PLACEMENT_3D ( 'NONE', #709, #967, #694 ) ;
#339 = SURFACE_STYLE_FILL_AREA ( #1265 ) ;
#340 = VECTOR ( 'NONE', #1631, 1000.000000000000000 ) ;
#341 = VERTEX_POINT ( 'NONE', #811 ) ;
#342 = SURFACE_STYLE_FILL_AREA ( #1253 ) ;
#343 = VERTEX_POINT ( 'NONE', #1336 ) ;
#344 = COLOUR_RGB ( '',0.8039215686274510109, 0.8039215686274510109, 0.8039215686274510109 ) ;
#345 = CARTESIAN_POINT ( 'NONE',  ( 0.000000000000000000, 0.3924999999999995715, -6.314999999999999503 ) ) ;
#346 = TOROIDAL_SURFACE ( 'NONE', #574, 0.2425000000000000211, 0.1499999999999999944 ) ;
#347 = SURFACE_STYLE_FILL_AREA ( #1520 ) ;
#348 = UNCERTAINTY_MEASURE_WITH_UNIT (LENGTH_MEASURE( 1.000000000000000082E-05 ), #410, 'distance_accuracy_value', 'NONE');
#349 = CARTESIAN_POINT ( 'NONE',  ( -1.187500000000000000, 0.000000000000000000, 2.165000000000000036 ) ) ;
#350 = FILL_AREA_STYLE ('',( #196 ) ) ;
#351 = COLOUR_RGB ( '',0.7529411764705882248, 0.7529411764705882248, 0.7529411764705882248 ) ;
#352 = MECHANICAL_DESIGN_GEOMETRIC_PRESENTATION_REPRESENTATION (  '', ( #1015 ), #263 ) ;
#353 = ORIENTED_EDGE ( 'NONE', *, *, #107, .T. ) ;
#354 =( NAMED_UNIT ( * ) PLANE_ANGLE_UNIT ( ) SI_UNIT ( $, .RADIAN. ) );
#355 = ORIENTED_EDGE ( 'NONE', *, *, #1344, .T. ) ;
#356 = CARTESIAN_POINT ( 'NONE',  ( 4.806738686653361172E-17, -0.3925000000000000155, -2.314999999999999947 ) ) ;
#357 = CARTESIAN_POINT ( 'NONE',  ( 0.000000000000000000, -0.3925000000000004041, 6.314999999999999503 ) ) ;
#358 = PRESENTATION_STYLE_ASSIGNMENT (( #235 ) ) ;
#359 = EDGE_CURVE ( 'NONE', #1153, #192, #1144, .T. ) ;
#360 = ORIENTED_EDGE ( 'NONE', *, *, #1528, .T. ) ;
#361 = PRESENTATION_STYLE_ASSIGNMENT (( #1047 ) ) ;
#362 = SURFACE_STYLE_FILL_AREA ( #1208 ) ;
#363 = CARTESIAN_POINT ( 'NONE',  ( 0.000000000000000000, 0.000000000000000000, 2.314999999999999947 ) ) ;
#364 = VERTEX_POINT ( 'NONE', #1467 ) ;
#365 = DIRECTION ( 'NONE',  ( -0.000000000000000000, -1.000000000000000000, -2.529805069132844337E-16 ) ) ;
#366 = PRESENTATION_STYLE_ASSIGNMENT (( #130 ) ) ;
#367 = UNCERTAINTY_MEASURE_WITH_UNIT (LENGTH_MEASURE( 1.000000000000000082E-05 ), #1552, 'distance_accuracy_value', 'NONE');
#368 = DIRECTION ( 'NONE',  ( 0.000000000000000000, 1.000000000000000000, 0.000000000000000000 ) ) ;
#369 = FILL_AREA_STYLE ('',( #222 ) ) ;
#370 = AXIS2_PLACEMENT_3D ( 'NONE', #312, #678, #1207 ) ;
#371 = CARTESIAN_POINT ( 'NONE',  ( 0.000000000000000000, -1.626303258728256343E-17, -2.464999999999999858 ) ) ;
#372 = ORIENTED_EDGE ( 'NONE', *, *, #1656, .F. ) ;
#373 = MECHANICAL_DESIGN_GEOMETRIC_PRESENTATION_REPRESENTATION (  '', ( #670 ), #69 ) ;
#374 = FILL_AREA_STYLE ('',( #911 ) ) ;
#375 = CIRCLE ( 'NONE', #225, 0.1499999999999999667 ) ;
#376 = CARTESIAN_POINT ( 'NONE',  ( -1.187500000000000000, 0.000000000000000000, 2.314999999999999947 ) ) ;
#377 = ORIENTED_EDGE ( 'NONE', *, *, #359, .F. ) ;
#378 =( GEOMETRIC_REPRESENTATION_CONTEXT ( 3 ) GLOBAL_UNCERTAINTY_ASSIGNED_CONTEXT ( ( #1504 ) ) GLOBAL_UNIT_ASSIGNED_CONTEXT ( ( #1088, #552, #558 ) ) REPRESENTATION_CONTEXT ( 'NONE', 'WORKASPACE' ) );
#379 = MANIFOLD_SOLID_BREP ( 'Split2[2]', #1579 ) ;
#380 = SURFACE_STYLE_FILL_AREA ( #244 ) ;
#381 = SURFACE_SIDE_STYLE ('',( #1295 ) ) ;
#382 = PRESENTATION_STYLE_ASSIGNMENT (( #1667 ) ) ;
#383 =( GEOMETRIC_REPRESENTATION_CONTEXT ( 3 ) GLOBAL_UNCERTAINTY_ASSIGNED_CONTEXT ( ( #1006 ) ) GLOBAL_UNIT_ASSIGNED_CONTEXT ( ( #1291, #639, #394 ) ) REPRESENTATION_CONTEXT ( 'NONE', 'WORKASPACE' ) );
#384 = CARTESIAN_POINT ( 'NONE',  ( 0.000000000000000000, -4.336808689942017736E-16, 6.314999999999999503 ) ) ;
#385 = ORIENTED_EDGE ( 'NONE', *, *, #1003, .T. ) ;
#386 = MECHANICAL_DESIGN_GEOMETRIC_PRESENTATION_REPRESENTATION (  '', ( #733 ), #848 ) ;
#387 = DIRECTION ( 'NONE',  ( 0.000000000000000000, 0.000000000000000000, 1.000000000000000000 ) ) ;
#388 = CIRCLE ( 'NONE', #1331, 0.3925000000000000155 ) ;
#389 = ADVANCED_FACE ( 'NONE', ( #1690 ), #1408, .T. ) ;
#390 = ORIENTED_EDGE ( 'NONE', *, *, #863, .F. ) ;
#391 = FILL_AREA_STYLE_COLOUR ( '', #1198 ) ;
#392 = EDGE_CURVE ( 'NONE', #364, #341, #1437, .T. ) ;
#393 = CARTESIAN_POINT ( 'NONE',  ( 0.000000000000000000, -0.7500000000000002220, 7.064999999999999503 ) ) ;
#394 =( NAMED_UNIT ( * ) SI_UNIT ( $, .STERADIAN. ) SOLID_ANGLE_UNIT ( ) );
#395 = DIRECTION ( 'NONE',  ( 1.000000000000000000, 0.000000000000000000, 0.000000000000000000 ) ) ;
#396 = DIRECTION ( 'NONE',  ( 0.000000000000000000, -1.000000000000000000, -8.704158286151238787E-17 ) ) ;
#397 = ORIENTED_EDGE ( 'NONE', *, *, #1249, .T. ) ;
#398 = FACE_OUTER_BOUND ( 'NONE', #766, .T. ) ;
#399 = ADVANCED_FACE ( 'NONE', ( #1020 ), #1041, .T. ) ;
#400 = DIRECTION ( 'NONE',  ( -0.000000000000000000, 1.000000000000000000, 8.704158286151238787E-17 ) ) ;
#401 = DIRECTION ( 'NONE',  ( 1.000000000000000000, 0.000000000000000000, 0.000000000000000000 ) ) ;
#402 = DIRECTION ( 'NONE',  ( -1.000000000000000000, 0.000000000000000000, -0.000000000000000000 ) ) ;
#403 = CARTESIAN_POINT ( 'NONE',  ( 0.000000000000000000, -5.037500000000000533, 7.064999999999998614 ) ) ;
#404 = CIRCLE ( 'NONE', #370, 1.187500000000000000 ) ;
#405 = ORIENTED_EDGE ( 'NONE', *, *, #1071, .F. ) ;
#406 = PRESENTATION_LAYER_ASSIGNMENT (  '', '', ( #1137 ) ) ;
#407 = FILL_AREA_STYLE_COLOUR ( '', #750 ) ;
#408 = DIRECTION ( 'NONE',  ( 1.000000000000000000, 0.000000000000000000, 0.000000000000000000 ) ) ;
#409 = PRESENTATION_LAYER_ASSIGNMENT (  '', '', ( #984 ) ) ;
#410 =( LENGTH_UNIT ( ) NAMED_UNIT ( * ) SI_UNIT ( .MILLI., .METRE. ) );
#411 = PRESENTATION_STYLE_ASSIGNMENT (( #258 ) ) ;
#412 = CARTESIAN_POINT ( 'NONE',  ( 0.000000000000000000, 0.000000000000000000, 2.314999999999999947 ) ) ;
#413 = CARTESIAN_POINT ( 'NONE',  ( -0.3925000000000000155, 4.098920527285619241E-17, -2.464999999999999858 ) ) ;
#414 =( GEOMETRIC_REPRESENTATION_CONTEXT ( 3 ) GLOBAL_UNCERTAINTY_ASSIGNED_CONTEXT ( ( #606 ) ) GLOBAL_UNIT_ASSIGNED_CONTEXT ( ( #1668, #522, #788 ) ) REPRESENTATION_CONTEXT ( 'NONE', 'WORKASPACE' ) );
#415 = COLOUR_RGB ( '',0.8039215686274510109, 0.8039215686274510109, 0.8039215686274510109 ) ;
#416 = ORIENTED_EDGE ( 'NONE', *, *, #577, .T. ) ;
#417 = CIRCLE ( 'NONE', #600, 1.187500000000000000 ) ;
#418 = DIRECTION ( 'NONE',  ( 0.000000000000000000, -1.000000000000000000, 0.000000000000000000 ) ) ;
#419 = SURFACE_STYLE_USAGE ( .BOTH. , #545 ) ;
#420 = DIRECTION ( 'NONE',  ( 0.000000000000000000, -1.826024711554533667E-16, 1.000000000000000000 ) ) ;
#421 =( NAMED_UNIT ( * ) PLANE_ANGLE_UNIT ( ) SI_UNIT ( $, .RADIAN. ) );
#422 = CARTESIAN_POINT ( 'NONE',  ( 0.000000000000000000, 0.000000000000000000, -1.979799999999999782 ) ) ;
#423 = EDGE_CURVE ( 'NONE', #918, #499, #1252, .T. ) ;
#424 = ORIENTED_EDGE ( 'NONE', *, *, #30, .F. ) ;
#425 = PLANE ( 'NONE',  #466 ) ;
#426 = PRESENTATION_STYLE_ASSIGNMENT (( #419 ) ) ;
#427 = SURFACE_STYLE_FILL_AREA ( #1091 ) ;
#428 = DIRECTION ( 'NONE',  ( 1.000000000000000000, 0.000000000000000000, 0.000000000000000000 ) ) ;
#429 = ORIENTED_EDGE ( 'NONE', *, *, #621, .F. ) ;
#430 = STYLED_ITEM ( 'NONE', ( #382 ), #945 ) ;
#431 = AXIS2_PLACEMENT_3D ( 'NONE', #1526, #1496, #1358 ) ;
#432 = FILL_AREA_STYLE ('',( #1059 ) ) ;
#433 = CARTESIAN_POINT ( 'NONE',  ( 0.000000000000000000, 0.000000000000000000, 2.165000000000000036 ) ) ;
#434 = CARTESIAN_POINT ( 'NONE',  ( -1.187500000000000000, 0.000000000000000000, 2.314999999999999947 ) ) ;
#435 = AXIS2_PLACEMENT_3D ( 'NONE', #1401, #234, #742 ) ;
#436 = AXIS2_PLACEMENT_3D ( 'NONE', #815, #930, #1217 ) ;
#437 = CYLINDRICAL_SURFACE ( 'NONE', #1068, 0.3925000000000000155 ) ;
#438 = COLOUR_RGB ( '',0.8039215686274510109, 0.8039215686274510109, 0.8039215686274510109 ) ;
#439 = EDGE_LOOP ( 'NONE', ( #1220, #697, #1117, #1380 ) ) ;
#440 = SURFACE_SIDE_STYLE ('',( #262 ) ) ;
#441 = CARTESIAN_POINT ( 'NONE',  ( 0.000000000000000000, 0.000000000000000000, 2.314999999999999947 ) ) ;
#442 = EDGE_CURVE ( 'NONE', #1665, #92, #473, .T. ) ;
#443 = DIRECTION ( 'NONE',  ( -0.000000000000000000, 0.000000000000000000, 1.000000000000000000 ) ) ;
#444 = AXIS2_PLACEMENT_3D ( 'NONE', #1132, #1650, #877 ) ;
#445 = LINE ( 'NONE', #304, #777 ) ;
#446 = CARTESIAN_POINT ( 'NONE',  ( 0.000000000000000000, 0.000000000000000000, 2.314999999999999947 ) ) ;
#447 = ORIENTED_EDGE ( 'NONE', *, *, #107, .F. ) ;
#448 = SURFACE_STYLE_USAGE ( .BOTH. , #1201 ) ;
#449 = DIRECTION ( 'NONE',  ( -0.000000000000000000, -0.000000000000000000, -1.000000000000000000 ) ) ;
#450 = ADVANCED_FACE ( 'NONE', ( #674 ), #807, .T. ) ;
#451 = CARTESIAN_POINT ( 'NONE',  ( 0.000000000000000000, -1.626303258728256343E-17, -2.464999999999999858 ) ) ;
#452 = DIRECTION ( 'NONE',  ( 1.000000000000000000, 0.000000000000000000, 0.000000000000000000 ) ) ;
#453 =( NAMED_UNIT ( * ) PLANE_ANGLE_UNIT ( ) SI_UNIT ( $, .RADIAN. ) );
#454 = ORIENTED_EDGE ( 'NONE', *, *, #1539, .T. ) ;
#455 = DIRECTION ( 'NONE',  ( 0.000000000000000000, -1.000000000000000000, 1.954618001100628066E-16 ) ) ;
#456 = MECHANICAL_DESIGN_GEOMETRIC_PRESENTATION_REPRESENTATION (  '', ( #657 ), #310 ) ;
#457 = CARTESIAN_POINT ( 'NONE',  ( -1.037500000000000089, 1.270571054115378789E-16, -2.165000000000000036 ) ) ;
#458 = COLOUR_RGB ( '',0.8039215686274510109, 0.8039215686274510109, 0.8039215686274510109 ) ;
#459 = PRESENTATION_LAYER_ASSIGNMENT (  '', '', ( #892 ) ) ;
#460 =( LENGTH_UNIT ( ) NAMED_UNIT ( * ) SI_UNIT ( .MILLI., .METRE. ) );
#461 = LINE ( 'NONE', #1592, #200 ) ;
#462 = FILL_AREA_STYLE ('',( #1626 ) ) ;
#463 = MECHANICAL_DESIGN_GEOMETRIC_PRESENTATION_REPRESENTATION (  '', ( #1374 ), #199 ) ;
#464 = DIRECTION ( 'NONE',  ( 0.000000000000000000, -1.000000000000000000, 0.000000000000000000 ) ) ;
#465 = EDGE_CURVE ( 'NONE', #1327, #832, #550, .T. ) ;
#466 = AXIS2_PLACEMENT_3D ( 'NONE', #1493, #988, #58 ) ;
#467 = ORIENTED_EDGE ( 'NONE', *, *, #465, .T. ) ;
#468 = UNCERTAINTY_MEASURE_WITH_UNIT (LENGTH_MEASURE( 1.000000000000000082E-05 ), #1260, 'distance_accuracy_value', 'NONE');
#469 = CIRCLE ( 'NONE', #256, 0.1499999999999999667 ) ;
#470 = VECTOR ( 'NONE', #1683, 1000.000000000000000 ) ;
#471 = LINE ( 'NONE', #730, #1494 ) ;
#472 = DIRECTION ( 'NONE',  ( 1.000000000000000000, -1.065951958440702579E-32, -1.224646799147353207E-16 ) ) ;
#473 = CIRCLE ( 'NONE', #1525, 0.2424999999999996603 ) ;
#474 = DIRECTION ( 'NONE',  ( -0.000000000000000000, -0.000000000000000000, -1.000000000000000000 ) ) ;
#475 =( NAMED_UNIT ( * ) SI_UNIT ( $, .STERADIAN. ) SOLID_ANGLE_UNIT ( ) );
#476 =( NAMED_UNIT ( * ) PLANE_ANGLE_UNIT ( ) SI_UNIT ( $, .RADIAN. ) );
#477 =( NAMED_UNIT ( * ) SI_UNIT ( $, .STERADIAN. ) SOLID_ANGLE_UNIT ( ) );
#478 = ORIENTED_EDGE ( 'NONE', *, *, #1595, .T. ) ;
#479 = ADVANCED_FACE ( 'NONE', ( #309 ), #1213, .T. ) ;
#480 = FILL_AREA_STYLE_COLOUR ( '', #1430 ) ;
#481 = FILL_AREA_STYLE_COLOUR ( '', #591 ) ;
#482 = CARTESIAN_POINT ( 'NONE',  ( 0.000000000000000000, 0.000000000000000000, -1.632549999999999502 ) ) ;
#483 = DIRECTION ( 'NONE',  ( 1.000000000000000000, 0.000000000000000000, 0.000000000000000000 ) ) ;
#484 = EDGE_LOOP ( 'NONE', ( #636, #198 ) ) ;
#485 = DIRECTION ( 'NONE',  ( 1.000000000000000000, 0.000000000000000000, 0.000000000000000000 ) ) ;
#486 = MECHANICAL_DESIGN_GEOMETRIC_PRESENTATION_REPRESENTATION (  '', ( #1652 ), #1424 ) ;
#487 =( GEOMETRIC_REPRESENTATION_CONTEXT ( 3 ) GLOBAL_UNCERTAINTY_ASSIGNED_CONTEXT ( ( #468 ) ) GLOBAL_UNIT_ASSIGNED_CONTEXT ( ( #1260, #760, #1019 ) ) REPRESENTATION_CONTEXT ( 'NONE', 'WORKASPACE' ) );
#488 = ORIENTED_EDGE ( 'NONE', *, *, #247, .F. ) ;
#489 = TOROIDAL_SURFACE ( 'NONE', #1403, 1.037500000000000089, 0.1499999999999999944 ) ;
#490 = DIRECTION ( 'NONE',  ( 1.000000000000000000, 0.000000000000000000, 0.000000000000000000 ) ) ;
#491 = COLOUR_RGB ( '',0.2862745098039215508, 0.2862745098039215508, 0.2862745098039215508 ) ;
#492 = CARTESIAN_POINT ( 'NONE',  ( 2.969768487932331731E-17, -5.037500000000000533, -6.822499999999998899 ) ) ;
#493 = AXIS2_PLACEMENT_3D ( 'NONE', #603, #856, #1131 ) ;
#494 = EDGE_CURVE ( 'NONE', #1433, #139, #496, .T. ) ;
#495 =( LENGTH_UNIT ( ) NAMED_UNIT ( * ) SI_UNIT ( .MILLI., .METRE. ) );
#496 = CIRCLE ( 'NONE', #708, 0.1499999999999999667 ) ;
#497 =( NAMED_UNIT ( * ) SI_UNIT ( $, .STERADIAN. ) SOLID_ANGLE_UNIT ( ) );
#498 = CARTESIAN_POINT ( 'NONE',  ( 0.000000000000000000, -5.187499999999999112, 7.064999999999998614 ) ) ;
#499 = VERTEX_POINT ( 'NONE', #1389 ) ;
#500 = DIRECTION ( 'NONE',  ( 1.000000000000000000, 0.000000000000000000, 0.000000000000000000 ) ) ;
#501 = ORIENTED_EDGE ( 'NONE', *, *, #1113, .T. ) ;
#502 =( LENGTH_UNIT ( ) NAMED_UNIT ( * ) SI_UNIT ( .MILLI., .METRE. ) );
#503 = UNCERTAINTY_MEASURE_WITH_UNIT (LENGTH_MEASURE( 1.000000000000000082E-05 ), #1163, 'distance_accuracy_value', 'NONE');
#504 = CARTESIAN_POINT ( 'NONE',  ( 0.000000000000000000, -5.037500000000000533, -7.064999999999998614 ) ) ;
#505 = ORIENTED_EDGE ( 'NONE', *, *, #1418, .F. ) ;
#506 = FACE_OUTER_BOUND ( 'NONE', #1018, .T. ) ;
#507 = CARTESIAN_POINT ( 'NONE',  ( 0.000000000000000000, -0.7500000000000004441, 6.314999999999999503 ) ) ;
#508 = ADVANCED_FACE ( 'NONE', ( #747 ), #1685, .T. ) ;
#509 = CARTESIAN_POINT ( 'NONE',  ( -1.187500000000000000, 0.000000000000000000, -1.632549999999999502 ) ) ;
#510 = CIRCLE ( 'NONE', #1164, 1.037500000000000089 ) ;
#511 = CARTESIAN_POINT ( 'NONE',  ( 0.000000000000000000, -1.626303258728256343E-17, -2.464999999999999858 ) ) ;
#512 = EDGE_CURVE ( 'NONE', #42, #1251, #183, .T. ) ;
#513 = AXIS2_PLACEMENT_3D ( 'NONE', #106, #1154, #112 ) ;
#514 =( NAMED_UNIT ( * ) SI_UNIT ( $, .STERADIAN. ) SOLID_ANGLE_UNIT ( ) );
#515 = ORIENTED_EDGE ( 'NONE', *, *, #1024, .T. ) ;
#516 = STYLED_ITEM ( 'NONE', ( #847 ), #1409 ) ;
#517 = CIRCLE ( 'NONE', #177, 0.3924999999999996270 ) ;
#518 = CIRCLE ( 'NONE', #257, 0.3925000000000000155 ) ;
#519 = PRESENTATION_LAYER_ASSIGNMENT (  '', '', ( #705 ) ) ;
#520 = DIRECTION ( 'NONE',  ( 0.000000000000000000, 0.000000000000000000, -1.000000000000000000 ) ) ;
#521 = COLOUR_RGB ( '',0.8039215686274510109, 0.8039215686274510109, 0.8039215686274510109 ) ;
#522 =( NAMED_UNIT ( * ) PLANE_ANGLE_UNIT ( ) SI_UNIT ( $, .RADIAN. ) );
#523 = COLOUR_RGB ( '',0.8039215686274510109, 0.8039215686274510109, 0.8039215686274510109 ) ;
#524 = DIRECTION ( 'NONE',  ( 0.000000000000000000, 0.000000000000000000, 1.000000000000000000 ) ) ;
#525 = AXIS2_PLACEMENT_3D ( 'NONE', #498, #1036, #912 ) ;
#526 = CARTESIAN_POINT ( 'NONE',  ( 0.000000000000000000, -0.7500000000000004441, 6.314999999999999503 ) ) ;
#527 = CIRCLE ( 'NONE', #1471, 0.1499999999999999667 ) ;
#528 =( LENGTH_UNIT ( ) NAMED_UNIT ( * ) SI_UNIT ( .MILLI., .METRE. ) );
#529 = ADVANCED_FACE ( 'NONE', ( #306 ), #716, .T. ) ;
#530 = ORIENTED_EDGE ( 'NONE', *, *, #1024, .F. ) ;
#531 = SURFACE_SIDE_STYLE ('',( #253 ) ) ;
#532 =( LENGTH_UNIT ( ) NAMED_UNIT ( * ) SI_UNIT ( .MILLI., .METRE. ) );
#533 = DIRECTION ( 'NONE',  ( 0.000000000000000000, -8.704158286151238787E-17, -1.000000000000000000 ) ) ;
#534 = FILL_AREA_STYLE ('',( #14 ) ) ;
#535 = ORIENTED_EDGE ( 'NONE', *, *, #845, .F. ) ;
#536 =( NAMED_UNIT ( * ) SI_UNIT ( $, .STERADIAN. ) SOLID_ANGLE_UNIT ( ) );
#537 = ORIENTED_EDGE ( 'NONE', *, *, #1125, .F. ) ;
#538 =( LENGTH_UNIT ( ) NAMED_UNIT ( * ) SI_UNIT ( .MILLI., .METRE. ) );
#539 = UNCERTAINTY_MEASURE_WITH_UNIT (LENGTH_MEASURE( 1.000000000000000082E-05 ), #1354, 'distance_accuracy_value', 'NONE');
#540 = FILL_AREA_STYLE ('',( #794 ) ) ;
#541 =( GEOMETRIC_REPRESENTATION_CONTEXT ( 3 ) GLOBAL_UNCERTAINTY_ASSIGNED_CONTEXT ( ( #1086 ) ) GLOBAL_UNIT_ASSIGNED_CONTEXT ( ( #790, #421, #1440 ) ) REPRESENTATION_CONTEXT ( 'NONE', 'WORKASPACE' ) );
#542 = EDGE_LOOP ( 'NONE', ( #1580, #643, #913, #168 ) ) ;
#543 = STYLED_ITEM ( 'NONE', ( #875 ), #898 ) ;
#544 = MECHANICAL_DESIGN_GEOMETRIC_PRESENTATION_REPRESENTATION (  '', ( #1399 ), #782 ) ;
#545 = SURFACE_SIDE_STYLE ('',( #181 ) ) ;
#546 = EDGE_CURVE ( 'NONE', #1472, #1507, #25, .T. ) ;
#547 = MECHANICAL_DESIGN_GEOMETRIC_PRESENTATION_REPRESENTATION (  '', ( #320 ), #414 ) ;
#548 = SURFACE_SIDE_STYLE ('',( #274 ) ) ;
#549 = PRESENTATION_LAYER_ASSIGNMENT (  '', '', ( #321 ) ) ;
#550 = CIRCLE ( 'NONE', #128, 1.187500000000000000 ) ;
#551 = EDGE_LOOP ( 'NONE', ( #1338, #252, #488, #360, #249 ) ) ;
#552 =( NAMED_UNIT ( * ) PLANE_ANGLE_UNIT ( ) SI_UNIT ( $, .RADIAN. ) );
#553 = FILL_AREA_STYLE_COLOUR ( '', #118 ) ;
#554 = PRESENTATION_STYLE_ASSIGNMENT (( #145 ) ) ;
#555 =( LENGTH_UNIT ( ) NAMED_UNIT ( * ) SI_UNIT ( .MILLI., .METRE. ) );
#556 = DIRECTION ( 'NONE',  ( 0.000000000000000000, -1.000000000000000000, 0.000000000000000000 ) ) ;
#557 = ORIENTED_EDGE ( 'NONE', *, *, #632, .F. ) ;
#558 =( NAMED_UNIT ( * ) SI_UNIT ( $, .STERADIAN. ) SOLID_ANGLE_UNIT ( ) );
#559 = PRESENTATION_STYLE_ASSIGNMENT (( #1339 ) ) ;
#560 = DIRECTION ( 'NONE',  ( -1.000000000000000000, -0.000000000000000000, -0.000000000000000000 ) ) ;
#561 = CARTESIAN_POINT ( 'NONE',  ( 3.888253587292850765E-17, -5.187499999999999112, -6.822499999999998899 ) ) ;
#562 = FILL_AREA_STYLE ('',( #174 ) ) ;
#563 = EDGE_CURVE ( 'NONE', #341, #364, #417, .T. ) ;
#564 = VERTEX_POINT ( 'NONE', #1139 ) ;
#565 = ADVANCED_FACE ( 'NONE', ( #333 ), #1149, .T. ) ;
#566 = PRESENTATION_LAYER_ASSIGNMENT (  '', '', ( #171 ) ) ;
#567 = CYLINDRICAL_SURFACE ( 'NONE', #282, 1.187500000000000000 ) ;
#568 = CARTESIAN_POINT ( 'NONE',  ( 0.000000000000000000, -1.626303258728256343E-17, -2.314999999999999947 ) ) ;
#569 =( GEOMETRIC_REPRESENTATION_CONTEXT ( 3 ) GLOBAL_UNCERTAINTY_ASSIGNED_CONTEXT ( ( #335 ) ) GLOBAL_UNIT_ASSIGNED_CONTEXT ( ( #885, #354, #497 ) ) REPRESENTATION_CONTEXT ( 'NONE', 'WORKASPACE' ) );
#570 = DIRECTION ( 'NONE',  ( 0.000000000000000000, 0.000000000000000000, -1.000000000000000000 ) ) ;
#571 = STYLED_ITEM ( 'NONE', ( #1431 ), #2 ) ;
#572 = STYLED_ITEM ( 'NONE', ( #167 ), #156 ) ;
#573 = EDGE_LOOP ( 'NONE', ( #1063, #1566 ) ) ;
#574 = AXIS2_PLACEMENT_3D ( 'NONE', #891, #1567, #533 ) ;
#575 = AXIS2_PLACEMENT_3D ( 'NONE', #36, #560, #957 ) ;
#576 = DIRECTION ( 'NONE',  ( -1.000000000000000000, 0.000000000000000000, 0.000000000000000000 ) ) ;
#577 = EDGE_CURVE ( 'NONE', #1046, #825, #964, .T. ) ;
#578 = SURFACE_SIDE_STYLE ('',( #163 ) ) ;
#579 = CARTESIAN_POINT ( 'NONE',  ( 0.000000000000000000, -5.187499999999999112, 6.822499999999998899 ) ) ;
#580 = AXIS2_PLACEMENT_3D ( 'NONE', #1448, #1000, #1023 ) ;
#581 = DIRECTION ( 'NONE',  ( -0.000000000000000000, -0.000000000000000000, -1.000000000000000000 ) ) ;
#582 = DIRECTION ( 'NONE',  ( 0.000000000000000000, -1.826024711554533667E-16, 1.000000000000000000 ) ) ;
#583 = VERTEX_POINT ( 'NONE', #615 ) ;
#584 = FILL_AREA_STYLE ('',( #322 ) ) ;
#585 =( NAMED_UNIT ( * ) PLANE_ANGLE_UNIT ( ) SI_UNIT ( $, .RADIAN. ) );
#586 = LINE ( 'NONE', #434, #727 ) ;
#587 = DIRECTION ( 'NONE',  ( 0.000000000000000000, -1.000000000000000000, -1.826024711554533667E-16 ) ) ;
#588 = EDGE_LOOP ( 'NONE', ( #682, #1644 ) ) ;
#589 = CYLINDRICAL_SURFACE ( 'NONE', #314, 0.3924999999999996270 ) ;
#590 = PRESENTATION_LAYER_ASSIGNMENT (  '', '', ( #670 ) ) ;
#591 = COLOUR_RGB ( '',0.8039215686274510109, 0.8039215686274510109, 0.8039215686274510109 ) ;
#592 = FILL_AREA_STYLE_COLOUR ( '', #949 ) ;
#593 = EDGE_CURVE ( 'NONE', #1251, #92, #990, .T. ) ;
#594 = MECHANICAL_DESIGN_GEOMETRIC_PRESENTATION_REPRESENTATION (  '', ( #230 ), #378 ) ;
#595 = PRESENTATION_STYLE_ASSIGNMENT (( #725 ) ) ;
#596 =( GEOMETRIC_REPRESENTATION_CONTEXT ( 3 ) GLOBAL_UNCERTAINTY_ASSIGNED_CONTEXT ( ( #995 ) ) GLOBAL_UNIT_ASSIGNED_CONTEXT ( ( #879, #1540, #1143 ) ) REPRESENTATION_CONTEXT ( 'NONE', 'WORKASPACE' ) );
#597 = VERTEX_POINT ( 'NONE', #1385 ) ;
#598 = UNCERTAINTY_MEASURE_WITH_UNIT (LENGTH_MEASURE( 1.000000000000000082E-05 ), #1128, 'distance_accuracy_value', 'NONE');
#599 = PRESENTATION_STYLE_ASSIGNMENT (( #721 ) ) ;
#600 = AXIS2_PLACEMENT_3D ( 'NONE', #883, #1123, #1529 ) ;
#601 = CIRCLE ( 'NONE', #818, 1.037500000000000089 ) ;
#602 = DIRECTION ( 'NONE',  ( 0.000000000000000000, -1.000000000000000000, -1.826024711554533667E-16 ) ) ;
#603 = CARTESIAN_POINT ( 'NONE',  ( 0.000000000000000000, -5.187499999999999112, -7.064999999999998614 ) ) ;
#604 = EDGE_LOOP ( 'NONE', ( #1391, #149, #535, #843, #240 ) ) ;
#605 = DIRECTION ( 'NONE',  ( 0.000000000000000000, 0.000000000000000000, -1.000000000000000000 ) ) ;
#606 = UNCERTAINTY_MEASURE_WITH_UNIT (LENGTH_MEASURE( 1.000000000000000082E-05 ), #1668, 'distance_accuracy_value', 'NONE');
#607 = SURFACE_SIDE_STYLE ('',( #208 ) ) ;
#608 = ORIENTED_EDGE ( 'NONE', *, *, #860, .F. ) ;
#609 = FILL_AREA_STYLE_COLOUR ( '', #317 ) ;
#610 = ADVANCED_FACE ( 'NONE', ( #216 ), #1120, .F. ) ;
#611 = DIRECTION ( 'NONE',  ( -1.224646799147353207E-16, 0.000000000000000000, -1.000000000000000000 ) ) ;
#612 = PRESENTATION_STYLE_ASSIGNMENT (( #850 ) ) ;
#613 =( NAMED_UNIT ( * ) PLANE_ANGLE_UNIT ( ) SI_UNIT ( $, .RADIAN. ) );
#614 = FACE_OUTER_BOUND ( 'NONE', #1459, .T. ) ;
#615 = CARTESIAN_POINT ( 'NONE',  ( 0.000000000000000000, 0.3924999999999999600, -2.464999999999999858 ) ) ;
#616 = UNCERTAINTY_MEASURE_WITH_UNIT (LENGTH_MEASURE( 1.000000000000000082E-05 ), #651, 'distance_accuracy_value', 'NONE');
#617 = AXIS2_PLACEMENT_3D ( 'NONE', #412, #1027, #1323 ) ;
#618 = DIRECTION ( 'NONE',  ( 0.000000000000000000, -1.000000000000000000, -8.704158286151238787E-17 ) ) ;
#619 = VECTOR ( 'NONE', #1060, 1000.000000000000000 ) ;
#620 = CLOSED_SHELL ( 'NONE', ( #806, #1625, #876, #1182, #792, #508 ) ) ;
#621 = EDGE_CURVE ( 'NONE', #139, #583, #388, .T. ) ;
#622 = PRESENTATION_STYLE_ASSIGNMENT (( #887 ) ) ;
#623 = COLOUR_RGB ( '',0.8039215686274510109, 0.8039215686274510109, 0.8039215686274510109 ) ;
#624 = DIRECTION ( 'NONE',  ( 1.000000000000000000, 0.000000000000000000, 0.000000000000000000 ) ) ;
#625 = AXIS2_PLACEMENT_3D ( 'NONE', #441, #941, #965 ) ;
#626 = DIRECTION ( 'NONE',  ( 0.000000000000000000, -1.000000000000000000, 0.000000000000000000 ) ) ;
#627 = PRESENTATION_STYLE_ASSIGNMENT (( #1662 ) ) ;
#628 = VERTEX_POINT ( 'NONE', #737 ) ;
#629 =( NAMED_UNIT ( * ) SI_UNIT ( $, .STERADIAN. ) SOLID_ANGLE_UNIT ( ) );
#630 = CARTESIAN_POINT ( 'NONE',  ( 0.000000000000000000, -0.7500000000000002220, 7.064999999999999503 ) ) ;
#631 = SURFACE_STYLE_USAGE ( .BOTH. , #890 ) ;
#632 = EDGE_CURVE ( 'NONE', #217, #114, #601, .T. ) ;
#633 = SURFACE_SIDE_STYLE ('',( #1165 ) ) ;
#634 = ORIENTED_EDGE ( 'NONE', *, *, #621, .T. ) ;
#635 = CARTESIAN_POINT ( 'NONE',  ( 0.000000000000000000, -5.187499999999999112, -7.307499999999998330 ) ) ;
#636 = ORIENTED_EDGE ( 'NONE', *, *, #632, .T. ) ;
#637 = CARTESIAN_POINT ( 'NONE',  ( 4.806738686653365486E-17, -0.7500000000000003331, -6.672499999999999432 ) ) ;
#638 = PRESENTATION_STYLE_ASSIGNMENT (( #1307 ) ) ;
#639 =( NAMED_UNIT ( * ) PLANE_ANGLE_UNIT ( ) SI_UNIT ( $, .RADIAN. ) );
#640 = AXIS2_PLACEMENT_3D ( 'NONE', #864, #1129, #602 ) ;
#641 = FACE_OUTER_BOUND ( 'NONE', #671, .T. ) ;
#642 = EDGE_CURVE ( 'NONE', #499, #564, #1258, .T. ) ;
#643 = ORIENTED_EDGE ( 'NONE', *, *, #1477, .F. ) ;
#644 = COLOUR_RGB ( '',0.8039215686274510109, 0.8039215686274510109, 0.8039215686274510109 ) ;
#645 = DIRECTION ( 'NONE',  ( 0.000000000000000000, -0.000000000000000000, -1.000000000000000000 ) ) ;
#646 = COLOUR_RGB ( '',0.2862745098039215508, 0.2862745098039215508, 0.2862745098039215508 ) ;
#647 = ORIENTED_EDGE ( 'NONE', *, *, #176, .T. ) ;
#648 = DIRECTION ( 'NONE',  ( -0.000000000000000000, 0.000000000000000000, 1.000000000000000000 ) ) ;
#649 = CIRCLE ( 'NONE', #1274, 1.187500000000000000 ) ;
#650 = CIRCLE ( 'NONE', #97, 0.3925000000000000155 ) ;
#651 =( LENGTH_UNIT ( ) NAMED_UNIT ( * ) SI_UNIT ( .MILLI., .METRE. ) );
#652 =( NAMED_UNIT ( * ) SI_UNIT ( $, .STERADIAN. ) SOLID_ANGLE_UNIT ( ) );
#653 = CIRCLE ( 'NONE', #1069, 0.1499999999999999667 ) ;
#654 = DIRECTION ( 'NONE',  ( 0.000000000000000000, 2.762298528625491626E-16, -1.000000000000000000 ) ) ;
#655 = DIRECTION ( 'NONE',  ( 0.000000000000000000, -0.000000000000000000, -1.000000000000000000 ) ) ;
#656 = ORIENTED_EDGE ( 'NONE', *, *, #1574, .F. ) ;
#657 = STYLED_ITEM ( 'NONE', ( #241 ), #745 ) ;
#658 = VERTEX_POINT ( 'NONE', #509 ) ;
#659 = CYLINDRICAL_SURFACE ( 'NONE', #1326, 0.3924999999999996270 ) ;
#660 = FILL_AREA_STYLE ('',( #1400 ) ) ;
#661 = FILL_AREA_STYLE_COLOUR ( '', #236 ) ;
#662 = CARTESIAN_POINT ( 'NONE',  ( 2.969768487932331731E-17, -5.037500000000000533, 7.307499999999998330 ) ) ;
#663 = DIRECTION ( 'NONE',  ( 1.000000000000000000, 0.000000000000000000, 0.000000000000000000 ) ) ;
#664 = SURFACE_SIDE_STYLE ('',( #250 ) ) ;
#665 = ORIENTED_EDGE ( 'NONE', *, *, #593, .F. ) ;
#666 = CARTESIAN_POINT ( 'NONE',  ( 0.5424999999999999822, -1.626303258728256343E-17, -2.464999999999999858 ) ) ;
#667 = EDGE_CURVE ( 'NONE', #1693, #1259, #82, .T. ) ;
#668 =( LENGTH_UNIT ( ) NAMED_UNIT ( * ) SI_UNIT ( .MILLI., .METRE. ) );
#669 = AXIS2_PLACEMENT_3D ( 'NONE', #451, #581, #971 ) ;
#670 = STYLED_ITEM ( 'NONE', ( #155 ), #997 ) ;
#671 = EDGE_LOOP ( 'NONE', ( #537, #1410, #372, #1368, #447 ) ) ;
#672 = STYLED_ITEM ( 'NONE', ( #1136 ), #1167 ) ;
#673 = DIRECTION ( 'NONE',  ( 0.000000000000000000, -1.084202172485504434E-16, 1.000000000000000000 ) ) ;
#674 = FACE_OUTER_BOUND ( 'NONE', #1362, .T. ) ;
#675 = MECHANICAL_DESIGN_GEOMETRIC_PRESENTATION_REPRESENTATION (  '', ( #516 ), #569 ) ;
#676 = AXIS2_PLACEMENT_3D ( 'NONE', #446, #1624, #814 ) ;
#677 =( LENGTH_UNIT ( ) NAMED_UNIT ( * ) SI_UNIT ( .MILLI., .METRE. ) );
#678 = DIRECTION ( 'NONE',  ( 0.000000000000000000, -1.826024711554533667E-16, 1.000000000000000000 ) ) ;
#679 = DIRECTION ( 'NONE',  ( 0.000000000000000000, -1.000000000000000000, 8.704158286151238787E-17 ) ) ;
#680 = SURFACE_SIDE_STYLE ('',( #147 ) ) ;
#681 = PRESENTATION_LAYER_ASSIGNMENT (  '', '', ( #1072 ) ) ;
#682 = ORIENTED_EDGE ( 'NONE', *, *, #1443, .T. ) ;
#683 = SURFACE_STYLE_USAGE ( .BOTH. , #440 ) ;
#684 =( LENGTH_UNIT ( ) NAMED_UNIT ( * ) SI_UNIT ( .MILLI., .METRE. ) );
#685 = EDGE_CURVE ( 'NONE', #895, #300, #1044, .T. ) ;
#686 = DIRECTION ( 'NONE',  ( -1.000000000000000000, -0.000000000000000000, -0.000000000000000000 ) ) ;
#687 = CARTESIAN_POINT ( 'NONE',  ( 0.000000000000000000, 0.000000000000000000, 2.165000000000000036 ) ) ;
#688 = DIRECTION ( 'NONE',  ( -0.000000000000000000, -0.000000000000000000, -1.000000000000000000 ) ) ;
#689 =( LENGTH_UNIT ( ) NAMED_UNIT ( * ) SI_UNIT ( .MILLI., .METRE. ) );
#690 =( NAMED_UNIT ( * ) SI_UNIT ( $, .STERADIAN. ) SOLID_ANGLE_UNIT ( ) );
#691 = ORIENTED_EDGE ( 'NONE', *, *, #1239, .T. ) ;
#692 = UNCERTAINTY_MEASURE_WITH_UNIT (LENGTH_MEASURE( 1.000000000000000082E-05 ), #1287, 'distance_accuracy_value', 'NONE');
#693 = DIRECTION ( 'NONE',  ( 0.000000000000000000, 0.000000000000000000, 1.000000000000000000 ) ) ;
#694 = DIRECTION ( 'NONE',  ( 1.000000000000000000, 0.000000000000000000, 0.000000000000000000 ) ) ;
#695 = DIRECTION ( 'NONE',  ( 0.000000000000000000, 1.000000000000000000, 0.000000000000000000 ) ) ;
#696 = EDGE_CURVE ( 'NONE', #564, #7, #527, .T. ) ;
#697 = ORIENTED_EDGE ( 'NONE', *, *, #928, .T. ) ;
#698 = CIRCLE ( 'NONE', #669, 0.3925000000000000155 ) ;
#699 = CARTESIAN_POINT ( 'NONE',  ( 0.000000000000000000, -0.3925000000000000155, 2.314999999999999947 ) ) ;
#700 =( GEOMETRIC_REPRESENTATION_CONTEXT ( 3 ) GLOBAL_UNCERTAINTY_ASSIGNED_CONTEXT ( ( #753 ) ) GLOBAL_UNIT_ASSIGNED_CONTEXT ( ( #538, #1419, #1438 ) ) REPRESENTATION_CONTEXT ( 'NONE', 'WORKASPACE' ) );
#701 = DIRECTION ( 'NONE',  ( 0.000000000000000000, -1.000000000000000000, 1.954618001100628313E-16 ) ) ;
#702 = CIRCLE ( 'NONE', #229, 0.3925000000000000155 ) ;
#703 = CARTESIAN_POINT ( 'NONE',  ( 0.000000000000000000, -0.7500000000000004441, 6.314999999999999503 ) ) ;
#704 = DIRECTION ( 'NONE',  ( 1.000000000000000000, 0.000000000000000000, 0.000000000000000000 ) ) ;
#705 = STYLED_ITEM ( 'NONE', ( #947 ), #133 ) ;
#706 = ORIENTED_EDGE ( 'NONE', *, *, #1505, .T. ) ;
#707 =( GEOMETRIC_REPRESENTATION_CONTEXT ( 3 ) GLOBAL_UNCERTAINTY_ASSIGNED_CONTEXT ( ( #692 ) ) GLOBAL_UNIT_ASSIGNED_CONTEXT ( ( #1287, #914, #1572 ) ) REPRESENTATION_CONTEXT ( 'NONE', 'WORKASPACE' ) );
#708 = AXIS2_PLACEMENT_3D ( 'NONE', #907, #773, #768 ) ;
#709 = CARTESIAN_POINT ( 'NONE',  ( 0.000000000000000000, -1.626303258728256343E-17, 2.464999999999999858 ) ) ;
#710 = PRESENTATION_STYLE_ASSIGNMENT (( #830 ) ) ;
#711 = DIRECTION ( 'NONE',  ( 1.000000000000000000, 0.000000000000000000, 0.000000000000000000 ) ) ;
#712 = ORIENTED_EDGE ( 'NONE', *, *, #1364, .T. ) ;
#713 = UNCERTAINTY_MEASURE_WITH_UNIT (LENGTH_MEASURE( 1.000000000000000082E-05 ), #1559, 'distance_accuracy_value', 'NONE');
#714 = EDGE_CURVE ( 'NONE', #1294, #1153, #734, .T. ) ;
#715 =( NAMED_UNIT ( * ) SI_UNIT ( $, .STERADIAN. ) SOLID_ANGLE_UNIT ( ) );
#716 = CYLINDRICAL_SURFACE ( 'NONE', #764, 0.3925000000000000155 ) ;
#717 = PRESENTATION_STYLE_ASSIGNMENT (( #867 ) ) ;
#718 = ORIENTED_EDGE ( 'NONE', *, *, #1288, .F. ) ;
#719 = SURFACE_STYLE_FILL_AREA ( #329 ) ;
#720 = PRESENTATION_LAYER_ASSIGNMENT (  '', '', ( #1242 ) ) ;
#721 = SURFACE_STYLE_USAGE ( .BOTH. , #1234 ) ;
#722 = PRESENTATION_LAYER_ASSIGNMENT (  '', '', ( #430 ) ) ;
#723 = CARTESIAN_POINT ( 'NONE',  ( 0.000000000000000000, -5.037500000000000533, 7.064999999999998614 ) ) ;
#724 = VECTOR ( 'NONE', #455, 1000.000000000000000 ) ;
#725 = SURFACE_STYLE_USAGE ( .BOTH. , #62 ) ;
#726 = CARTESIAN_POINT ( 'NONE',  ( 0.000000000000000000, 0.000000000000000000, -2.314999999999999947 ) ) ;
#727 = VECTOR ( 'NONE', #158, 1000.000000000000000 ) ;
#728 = CLOSED_SHELL ( 'NONE', ( #80, #772, #2, #328, #86, #997, #268, #228, #1517, #1205, #1221, #479 ) ) ;
#729 = ORIENTED_EDGE ( 'NONE', *, *, #685, .T. ) ;
#730 = CARTESIAN_POINT ( 'NONE',  ( 0.000000000000000000, -0.7500000000000001110, 6.672499999999999432 ) ) ;
#731 = AXIS2_PLACEMENT_3D ( 'NONE', #1627, #189, #464 ) ;
#732 = SURFACE_STYLE_USAGE ( .BOTH. , #1509 ) ;
#733 = STYLED_ITEM ( 'NONE', ( #159 ), #529 ) ;
#734 = CIRCLE ( 'NONE', #1231, 0.3925000000000000155 ) ;
#735 = FILL_AREA_STYLE ('',( #89 ) ) ;
#736 = FACE_OUTER_BOUND ( 'NONE', #551, .T. ) ;
#737 = CARTESIAN_POINT ( 'NONE',  ( 0.000000000000000000, -0.3925000000000000155, 2.464999999999999858 ) ) ;
#738 = EDGE_CURVE ( 'NONE', #192, #1251, #137, .T. ) ;
#739 = ORIENTED_EDGE ( 'NONE', *, *, #59, .F. ) ;
#740 = LINE ( 'NONE', #1119, #1245 ) ;
#741 = DIRECTION ( 'NONE',  ( 1.000000000000000000, 0.000000000000000000, 0.000000000000000000 ) ) ;
#742 = DIRECTION ( 'NONE',  ( 1.000000000000000000, 0.000000000000000000, 0.000000000000000000 ) ) ;
#743 = CARTESIAN_POINT ( 'NONE',  ( 0.000000000000000000, 0.000000000000000000, -1.632549999999999502 ) ) ;
#744 = VERTEX_POINT ( 'NONE', #109 ) ;
#745 = ADVANCED_FACE ( 'NONE', ( #1681 ), #1562, .F. ) ;
#746 = DIRECTION ( 'NONE',  ( -0.000000000000000000, 1.000000000000000000, -8.704158286151238787E-17 ) ) ;
#747 = FACE_OUTER_BOUND ( 'NONE', #175, .T. ) ;
#748 = CARTESIAN_POINT ( 'NONE',  ( 0.000000000000000000, -5.037500000000000533, 6.672499999999998543 ) ) ;
#749 = MECHANICAL_DESIGN_GEOMETRIC_PRESENTATION_REPRESENTATION (  '', ( #430 ), #1297 ) ;
#750 = COLOUR_RGB ( '',0.2862745098039215508, 0.2862745098039215508, 0.2862745098039215508 ) ;
#751 = FILL_AREA_STYLE ('',( #123 ) ) ;
#752 =( NAMED_UNIT ( * ) SI_UNIT ( $, .STERADIAN. ) SOLID_ANGLE_UNIT ( ) );
#753 = UNCERTAINTY_MEASURE_WITH_UNIT (LENGTH_MEASURE( 1.000000000000000082E-05 ), #538, 'distance_accuracy_value', 'NONE');
#754 =( GEOMETRIC_REPRESENTATION_CONTEXT ( 3 ) GLOBAL_UNCERTAINTY_ASSIGNED_CONTEXT ( ( #853 ) ) GLOBAL_UNIT_ASSIGNED_CONTEXT ( ( #1097, #135, #1065 ) ) REPRESENTATION_CONTEXT ( 'NONE', 'WORKASPACE' ) );
#755 = FILL_AREA_STYLE_COLOUR ( '', #344 ) ;
#756 = ORIENTED_EDGE ( 'NONE', *, *, #667, .F. ) ;
#757 = AXIS2_PLACEMENT_3D ( 'NONE', #273, #618, #218 ) ;
#758 = CLOSED_SHELL ( 'NONE', ( #399, #277, #610, #1167, #529, #745, #389, #898, #156, #125, #336, #953 ) ) ;
#759 = STYLED_ITEM ( 'NONE', ( #904 ), #328 ) ;
#760 =( NAMED_UNIT ( * ) PLANE_ANGLE_UNIT ( ) SI_UNIT ( $, .RADIAN. ) );
#761 = SURFACE_STYLE_FILL_AREA ( #1536 ) ;
#762 = AXIS2_PLACEMENT_3D ( 'NONE', #1043, #121, #654 ) ;
#763 = UNCERTAINTY_MEASURE_WITH_UNIT (LENGTH_MEASURE( 1.000000000000000082E-05 ), #1275, 'distance_accuracy_value', 'NONE');
#764 = AXIS2_PLACEMENT_3D ( 'NONE', #1470, #1402, #368 ) ;
#765 = SURFACE_STYLE_FILL_AREA ( #1664 ) ;
#766 = EDGE_LOOP ( 'NONE', ( #1606, #729 ) ) ;
#767 = CARTESIAN_POINT ( 'NONE',  ( -1.187500000000000000, 0.000000000000000000, 2.314999999999999947 ) ) ;
#768 = DIRECTION ( 'NONE',  ( -1.000000000000000000, 1.224646799147353700E-16, 0.000000000000000000 ) ) ;
#769 = ORIENTED_EDGE ( 'NONE', *, *, #494, .F. ) ;
#770 =( NAMED_UNIT ( * ) SI_UNIT ( $, .STERADIAN. ) SOLID_ANGLE_UNIT ( ) );
#771 = FILL_AREA_STYLE_COLOUR ( '', #1280 ) ;
#772 = ADVANCED_FACE ( 'NONE', ( #641 ), #140, .F. ) ;
#773 = DIRECTION ( 'NONE',  ( 1.224646799147353207E-16, 1.000000000000000000, -0.000000000000000000 ) ) ;
#774 = ORIENTED_EDGE ( 'NONE', *, *, #247, .T. ) ;
#775 = FILL_AREA_STYLE ('',( #1030 ) ) ;
#776 = DIRECTION ( 'NONE',  ( 0.000000000000000000, 0.000000000000000000, 1.000000000000000000 ) ) ;
#777 = VECTOR ( 'NONE', #1226, 1000.000000000000000 ) ;
#778 = DIRECTION ( 'NONE',  ( 1.000000000000000000, 0.000000000000000000, 0.000000000000000000 ) ) ;
#779 = ORIENTED_EDGE ( 'NONE', *, *, #259, .T. ) ;
#780 = CIRCLE ( 'NONE', #280, 0.3925000000000000155 ) ;
#781 = SURFACE_STYLE_USAGE ( .BOTH. , #664 ) ;
#782 =( GEOMETRIC_REPRESENTATION_CONTEXT ( 3 ) GLOBAL_UNCERTAINTY_ASSIGNED_CONTEXT ( ( #1016 ) ) GLOBAL_UNIT_ASSIGNED_CONTEXT ( ( #677, #810, #1004 ) ) REPRESENTATION_CONTEXT ( 'NONE', 'WORKASPACE' ) );
#783 = ORIENTED_EDGE ( 'NONE', *, *, #1320, .T. ) ;
#784 = PLANE ( 'NONE',  #513 ) ;
#785 = DIRECTION ( 'NONE',  ( 0.000000000000000000, -1.000000000000000000, 8.704158286151238787E-17 ) ) ;
#786 = STYLED_ITEM ( 'NONE', ( #1094 ), #125 ) ;
#787 =( NAMED_UNIT ( * ) SI_UNIT ( $, .STERADIAN. ) SOLID_ANGLE_UNIT ( ) );
#788 =( NAMED_UNIT ( * ) SI_UNIT ( $, .STERADIAN. ) SOLID_ANGLE_UNIT ( ) );
#789 = AXIS2_PLACEMENT_3D ( 'NONE', #1184, #785, #136 ) ;
#790 =( LENGTH_UNIT ( ) NAMED_UNIT ( * ) SI_UNIT ( .MILLI., .METRE. ) );
#791 = CARTESIAN_POINT ( 'NONE',  ( 0.000000000000000000, 0.000000000000000000, -1.979799999999999782 ) ) ;
#792 = ADVANCED_FACE ( 'NONE', ( #1180 ), #1488, .T. ) ;
#793 = ORIENTED_EDGE ( 'NONE', *, *, #1539, .F. ) ;
#794 = FILL_AREA_STYLE_COLOUR ( '', #523 ) ;
#795 = CARTESIAN_POINT ( 'NONE',  ( 0.000000000000000000, 0.000000000000000000, 2.314999999999999947 ) ) ;
#796 = SURFACE_STYLE_USAGE ( .BOTH. , #265 ) ;
#797 = ORIENTED_EDGE ( 'NONE', *, *, #1077, .T. ) ;
#798 = CARTESIAN_POINT ( 'NONE',  ( -4.806738686653361172E-17, -0.7500000000000004441, 6.314999999999999503 ) ) ;
#799 = DIRECTION ( 'NONE',  ( 1.000000000000000000, 0.000000000000000000, 0.000000000000000000 ) ) ;
#800 = PRODUCT_DEFINITION_SHAPE ( 'NONE', 'NONE',  #1155 ) ;
#801 =( NAMED_UNIT ( * ) PLANE_ANGLE_UNIT ( ) SI_UNIT ( $, .RADIAN. ) );
#802 = FILL_AREA_STYLE ('',( #1076 ) ) ;
#803 = CIRCLE ( 'NONE', #1674, 0.5424999999999999822 ) ;
#804 = VERTEX_POINT ( 'NONE', #1449 ) ;
#805 = UNCERTAINTY_MEASURE_WITH_UNIT (LENGTH_MEASURE( 1.000000000000000082E-05 ), #689, 'distance_accuracy_value', 'NONE');
#806 = ADVANCED_FACE ( 'NONE', ( #1619 ), #1512, .T. ) ;
#807 = CYLINDRICAL_SURFACE ( 'NONE', #625, 1.187500000000000000 ) ;
#808 = EDGE_CURVE ( 'NONE', #343, #1133, #803, .T. ) ;
#809 = AXIS2_PLACEMENT_3D ( 'NONE', #422, #1312, #663 ) ;
#810 =( NAMED_UNIT ( * ) PLANE_ANGLE_UNIT ( ) SI_UNIT ( $, .RADIAN. ) );
#811 = CARTESIAN_POINT ( 'NONE',  ( 1.187500000000000000, 1.454268073987481856E-16, -1.979799999999999782 ) ) ;
#812 = COLOUR_RGB ( '',0.8039215686274510109, 0.8039215686274510109, 0.8039215686274510109 ) ;
#813 = FILL_AREA_STYLE_COLOUR ( '', #1108 ) ;
#814 = DIRECTION ( 'NONE',  ( -1.000000000000000000, 0.000000000000000000, 0.000000000000000000 ) ) ;
#815 = CARTESIAN_POINT ( 'NONE',  ( 0.000000000000000000, -1.626303258728256343E-17, 2.464999999999999858 ) ) ;
#816 = AXIS2_PLACEMENT_3D ( 'NONE', #935, #420, #28 ) ;
#817 = ORIENTED_EDGE ( 'NONE', *, *, #1556, .F. ) ;
#818 = AXIS2_PLACEMENT_3D ( 'NONE', #726, #1250, #483 ) ;
#819 = CARTESIAN_POINT ( 'NONE',  ( 0.000000000000000000, -1.626303258728256343E-17, -2.314999999999999947 ) ) ;
#820 = DIRECTION ( 'NONE',  ( 0.000000000000000000, -1.000000000000000000, 8.704158286151238787E-17 ) ) ;
#821 = SURFACE_STYLE_USAGE ( .BOTH. , #1203 ) ;
#822 = EDGE_CURVE ( 'NONE', #583, #1153, #445, .T. ) ;
#823 = SURFACE_SIDE_STYLE ('',( #61 ) ) ;
#824 = CYLINDRICAL_SURFACE ( 'NONE', #676, 1.187500000000000000 ) ;
#825 = VERTEX_POINT ( 'NONE', #829 ) ;
#826 = DIRECTION ( 'NONE',  ( 0.000000000000000000, 0.000000000000000000, -1.000000000000000000 ) ) ;
#827 = SURFACE_SIDE_STYLE ('',( #834 ) ) ;
#828 = DIRECTION ( 'NONE',  ( 0.000000000000000000, 0.000000000000000000, 1.000000000000000000 ) ) ;
#829 = CARTESIAN_POINT ( 'NONE',  ( -1.187500000000000000, -3.959559918559284151E-32, -1.632549999999999502 ) ) ;
#830 = SURFACE_STYLE_USAGE ( .BOTH. , #1103 ) ;
#831 = SURFACE_STYLE_USAGE ( .BOTH. , #1083 ) ;
#832 = VERTEX_POINT ( 'NONE', #1341 ) ;
#833 = SURFACE_STYLE_USAGE ( .BOTH. , #186 ) ;
#834 = SURFACE_STYLE_FILL_AREA ( #44 ) ;
#835 =( GEOMETRIC_REPRESENTATION_CONTEXT ( 3 ) GLOBAL_UNCERTAINTY_ASSIGNED_CONTEXT ( ( #1661 ) ) GLOBAL_UNIT_ASSIGNED_CONTEXT ( ( #532, #255, #787 ) ) REPRESENTATION_CONTEXT ( 'NONE', 'WORKASPACE' ) );
#836 = AXIS2_PLACEMENT_3D ( 'NONE', #1610, #443, #799 ) ;
#837 = AXIS2_PLACEMENT_3D ( 'NONE', #798, #301, #826 ) ;
#838 = SURFACE_STYLE_USAGE ( .BOTH. , #1081 ) ;
#839 = DIRECTION ( 'NONE',  ( 0.000000000000000000, 0.000000000000000000, -1.000000000000000000 ) ) ;
#840 = AXIS2_PLACEMENT_3D ( 'NONE', #1099, #29, #38 ) ;
#841 = PRESENTATION_LAYER_ASSIGNMENT (  '', '', ( #571 ) ) ;
#842 = PRESENTATION_LAYER_ASSIGNMENT (  '', '', ( #786 ) ) ;
#843 = ORIENTED_EDGE ( 'NONE', *, *, #546, .F. ) ;
#844 = PRESENTATION_LAYER_ASSIGNMENT (  '', '', ( #759 ) ) ;
#845 = EDGE_CURVE ( 'NONE', #1507, #139, #698, .T. ) ;
#846 = MECHANICAL_DESIGN_GEOMETRIC_PRESENTATION_REPRESENTATION (  '', ( #1611 ), #22 ) ;
#847 = PRESENTATION_STYLE_ASSIGNMENT (( #859 ) ) ;
#848 =( GEOMETRIC_REPRESENTATION_CONTEXT ( 3 ) GLOBAL_UNCERTAINTY_ASSIGNED_CONTEXT ( ( #805 ) ) GLOBAL_UNIT_ASSIGNED_CONTEXT ( ( #689, #1489, #960 ) ) REPRESENTATION_CONTEXT ( 'NONE', 'WORKASPACE' ) );
#849 = LINE ( 'NONE', #356, #340 ) ;
#850 = SURFACE_STYLE_USAGE ( .BOTH. , #1648 ) ;
#851 = FILL_AREA_STYLE_COLOUR ( '', #521 ) ;
#852 = ORIENTED_EDGE ( 'NONE', *, *, #1443, .F. ) ;
#853 = UNCERTAINTY_MEASURE_WITH_UNIT (LENGTH_MEASURE( 1.000000000000000082E-05 ), #1097, 'distance_accuracy_value', 'NONE');
#854 = FACE_OUTER_BOUND ( 'NONE', #1175, .T. ) ;
#855 = ORIENTED_EDGE ( 'NONE', *, *, #563, .F. ) ;
#856 = DIRECTION ( 'NONE',  ( 0.000000000000000000, -1.000000000000000000, 8.704158286151238787E-17 ) ) ;
#857 = DIRECTION ( 'NONE',  ( 0.000000000000000000, 0.000000000000000000, 1.000000000000000000 ) ) ;
#858 = EDGE_LOOP ( 'NONE', ( #1314, #1284, #390, #1318 ) ) ;
#859 = SURFACE_STYLE_USAGE ( .BOTH. , #996 ) ;
#860 = EDGE_CURVE ( 'NONE', #658, #1357, #404, .T. ) ;
#861 = DIRECTION ( 'NONE',  ( 1.224646799147353207E-16, 1.000000000000000000, -0.000000000000000000 ) ) ;
#862 = PRESENTATION_LAYER_ASSIGNMENT (  '', '', ( #543 ) ) ;
#863 = EDGE_CURVE ( 'NONE', #300, #895, #8, .T. ) ;
#864 = CARTESIAN_POINT ( 'NONE',  ( -1.197500000000000009, 1.187500000000000000, -1.632549999999999946 ) ) ;
#865 = UNCERTAINTY_MEASURE_WITH_UNIT (LENGTH_MEASURE( 1.000000000000000082E-05 ), #315, 'distance_accuracy_value', 'NONE');
#866 = APPLICATION_PROTOCOL_DEFINITION ( 'draft international standard', 'automotive_design', 1998, #1388 ) ;
#867 = SURFACE_STYLE_USAGE ( .BOTH. , #893 ) ;
#868 = PRODUCT_DEFINITION_FORMATION_WITH_SPECIFIED_SOURCE ( 'ANY', '', #1309, .NOT_KNOWN. ) ;
#869 = ORIENTED_EDGE ( 'NONE', *, *, #738, .F. ) ;
#870 = DIRECTION ( 'NONE',  ( 0.000000000000000000, -1.084202172485504434E-16, 1.000000000000000000 ) ) ;
#871 = PRESENTATION_LAYER_ASSIGNMENT (  '', '', ( #1378 ) ) ;
#872 = EDGE_LOOP ( 'NONE', ( #1266, #1492, #467, #424 ) ) ;
#873 = SURFACE_STYLE_FILL_AREA ( #978 ) ;
#874 = STYLED_ITEM ( 'NONE', ( #1156 ), #565 ) ;
#875 = PRESENTATION_STYLE_ASSIGNMENT (( #998 ) ) ;
#876 = ADVANCED_FACE ( 'NONE', ( #1248 ), #981, .F. ) ;
#877 = DIRECTION ( 'NONE',  ( 0.000000000000000000, 0.000000000000000000, 1.000000000000000000 ) ) ;
#878 = ORIENTED_EDGE ( 'NONE', *, *, #938, .T. ) ;
#879 =( LENGTH_UNIT ( ) NAMED_UNIT ( * ) SI_UNIT ( .MILLI., .METRE. ) );
#880 = DIRECTION ( 'NONE',  ( 1.000000000000000000, 0.000000000000000000, 0.000000000000000000 ) ) ;
#881 = SURFACE_STYLE_FILL_AREA ( #735 ) ;
#882 = UNCERTAINTY_MEASURE_WITH_UNIT (LENGTH_MEASURE( 1.000000000000000082E-05 ), #502, 'distance_accuracy_value', 'NONE');
#883 = CARTESIAN_POINT ( 'NONE',  ( 0.000000000000000000, 0.000000000000000000, -1.979799999999999782 ) ) ;
#884 = EDGE_LOOP ( 'NONE', ( #1511, #57, #634, #1181, #134 ) ) ;
#885 =( LENGTH_UNIT ( ) NAMED_UNIT ( * ) SI_UNIT ( .MILLI., .METRE. ) );
#886 = EDGE_LOOP ( 'NONE', ( #975, #1423, #1100, #1557 ) ) ;
#887 = SURFACE_STYLE_USAGE ( .BOTH. , #1397 ) ;
#888 =( LENGTH_UNIT ( ) NAMED_UNIT ( * ) SI_UNIT ( .MILLI., .METRE. ) );
#889 =( GEOMETRIC_REPRESENTATION_CONTEXT ( 3 ) GLOBAL_UNCERTAINTY_ASSIGNED_CONTEXT ( ( #1267 ) ) GLOBAL_UNIT_ASSIGNED_CONTEXT ( ( #495, #1359, #715 ) ) REPRESENTATION_CONTEXT ( 'NONE', 'WORKASPACE' ) );
#890 = SURFACE_SIDE_STYLE ('',( #765 ) ) ;
#891 = CARTESIAN_POINT ( 'NONE',  ( 0.000000000000000000, -5.037500000000000533, -7.064999999999998614 ) ) ;
#892 = STYLED_ITEM ( 'NONE', ( #117 ), #1205 ) ;
#893 = SURFACE_SIDE_STYLE ('',( #339 ) ) ;
#894 = AXIS2_PLACEMENT_3D ( 'NONE', #791, #1589, #490 ) ;
#895 = VERTEX_POINT ( 'NONE', #205 ) ;
#896 = UNCERTAINTY_MEASURE_WITH_UNIT (LENGTH_MEASURE( 1.000000000000000082E-05 ), #1613, 'distance_accuracy_value', 'NONE');
#897 = FILL_AREA_STYLE ('',( #1541 ) ) ;
#898 = ADVANCED_FACE ( 'NONE', ( #77 ), #1370, .F. ) ;
#899 = ORIENTED_EDGE ( 'NONE', *, *, #1290, .T. ) ;
#900 =( GEOMETRIC_REPRESENTATION_CONTEXT ( 3 ) GLOBAL_UNCERTAINTY_ASSIGNED_CONTEXT ( ( #367 ) ) GLOBAL_UNIT_ASSIGNED_CONTEXT ( ( #1552, #1538, #752 ) ) REPRESENTATION_CONTEXT ( 'NONE', 'WORKASPACE' ) );
#901 =( NAMED_UNIT ( * ) PLANE_ANGLE_UNIT ( ) SI_UNIT ( $, .RADIAN. ) );
#902 = PRESENTATION_LAYER_ASSIGNMENT (  '', '', ( #1095 ) ) ;
#903 = FILL_AREA_STYLE_COLOUR ( '', #1426 ) ;
#904 = PRESENTATION_STYLE_ASSIGNMENT (( #1141 ) ) ;
#905 = AXIS2_PLACEMENT_3D ( 'NONE', #1420, #246, #1315 ) ;
#906 = DIRECTION ( 'NONE',  ( 0.000000000000000000, -1.000000000000000000, 1.954618001100628066E-16 ) ) ;
#907 = CARTESIAN_POINT ( 'NONE',  ( -0.5424999999999999822, 5.017405626646135194E-17, -2.464999999999999858 ) ) ;
#908 = ORIENTED_EDGE ( 'NONE', *, *, #642, .T. ) ;
#909 = DIRECTION ( 'NONE',  ( 1.000000000000000000, 0.000000000000000000, 0.000000000000000000 ) ) ;
#910 =( LENGTH_UNIT ( ) NAMED_UNIT ( * ) SI_UNIT ( .MILLI., .METRE. ) );
#911 = FILL_AREA_STYLE_COLOUR ( '', #812 ) ;
#912 = DIRECTION ( 'NONE',  ( 1.000000000000000000, 0.000000000000000000, 0.000000000000000000 ) ) ;
#913 = ORIENTED_EDGE ( 'NONE', *, *, #593, .T. ) ;
#914 =( NAMED_UNIT ( * ) PLANE_ANGLE_UNIT ( ) SI_UNIT ( $, .RADIAN. ) );
#915 = EDGE_CURVE ( 'NONE', #114, #217, #510, .T. ) ;
#916 = AXIS2_PLACEMENT_3D ( 'NONE', #122, #1669, #402 ) ;
#917 = CARTESIAN_POINT ( 'NONE',  ( 0.000000000000000000, -0.7500000000000003331, -7.457499999999998685 ) ) ;
#918 = VERTEX_POINT ( 'NONE', #337 ) ;
#919 = PRESENTATION_LAYER_ASSIGNMENT (  '', '', ( #1600 ) ) ;
#920 = DIRECTION ( 'NONE',  ( 0.000000000000000000, 8.704158286151238787E-17, -1.000000000000000000 ) ) ;
#921 = STYLED_ITEM ( 'NONE', ( #599 ), #1116 ) ;
#922 = ORIENTED_EDGE ( 'NONE', *, *, #938, .F. ) ;
#923 = PRESENTATION_LAYER_ASSIGNMENT (  '', '', ( #1223 ) ) ;
#924 = PRESENTATION_LAYER_ASSIGNMENT (  '', '', ( #1658 ) ) ;
#925 = UNCERTAINTY_MEASURE_WITH_UNIT (LENGTH_MEASURE( 1.000000000000000082E-05 ), #1376, 'distance_accuracy_value', 'NONE');
#926 = SURFACE_SIDE_STYLE ('',( #1310 ) ) ;
#927 =( GEOMETRIC_REPRESENTATION_CONTEXT ( 3 ) GLOBAL_UNCERTAINTY_ASSIGNED_CONTEXT ( ( #1596 ) ) GLOBAL_UNIT_ASSIGNED_CONTEXT ( ( #888, #901, #629 ) ) REPRESENTATION_CONTEXT ( 'NONE', 'WORKASPACE' ) );
#928 = EDGE_CURVE ( 'NONE', #1183, #192, #1061, .T. ) ;
#929 = MANIFOLD_SOLID_BREP ( 'Split2[3]', #19 ) ;
#930 = DIRECTION ( 'NONE',  ( 0.000000000000000000, 0.000000000000000000, 1.000000000000000000 ) ) ;
#931 = VECTOR ( 'NONE', #1195, 1000.000000000000000 ) ;
#932 = ORIENTED_EDGE ( 'NONE', *, *, #822, .F. ) ;
#933 = DIRECTION ( 'NONE',  ( 0.000000000000000000, 0.000000000000000000, 1.000000000000000000 ) ) ;
#934 =( LENGTH_UNIT ( ) NAMED_UNIT ( * ) SI_UNIT ( .MILLI., .METRE. ) );
#935 = CARTESIAN_POINT ( 'NONE',  ( -1.197500000000000009, 1.187500000000000000, -1.632549999999999946 ) ) ;
#936 =( NAMED_UNIT ( * ) SI_UNIT ( $, .STERADIAN. ) SOLID_ANGLE_UNIT ( ) );
#937 = CARTESIAN_POINT ( 'NONE',  ( 0.000000000000000000, 0.000000000000000000, -2.165000000000000036 ) ) ;
#938 = EDGE_CURVE ( 'NONE', #564, #1210, #1513, .T. ) ;
#939 = EDGE_CURVE ( 'NONE', #499, #918, #780, .T. ) ;
#940 = FILL_AREA_STYLE ('',( #141 ) ) ;
#941 = DIRECTION ( 'NONE',  ( -0.000000000000000000, -0.000000000000000000, -1.000000000000000000 ) ) ;
#942 =( NAMED_UNIT ( * ) SI_UNIT ( $, .STERADIAN. ) SOLID_ANGLE_UNIT ( ) );
#943 = SURFACE_STYLE_FILL_AREA ( #540 ) ;
#944 = DIRECTION ( 'NONE',  ( 1.000000000000000000, 0.000000000000000000, 0.000000000000000000 ) ) ;
#945 = MANIFOLD_SOLID_BREP ( 'Split3[2]', #728 ) ;
#946 = CARTESIAN_POINT ( 'NONE',  ( 4.806738686653361172E-17, -0.7500000000000004441, -6.314999999999999503 ) ) ;
#947 = PRESENTATION_STYLE_ASSIGNMENT (( #1480 ) ) ;
#948 = MECHANICAL_DESIGN_GEOMETRIC_PRESENTATION_REPRESENTATION (  '', ( #1242 ), #1369 ) ;
#949 = COLOUR_RGB ( '',0.8039215686274510109, 0.8039215686274510109, 0.8039215686274510109 ) ;
#950 = MANIFOLD_SOLID_BREP ( 'Split3[1]', #758 ) ;
#951 = UNCERTAINTY_MEASURE_WITH_UNIT (LENGTH_MEASURE( 1.000000000000000082E-05 ), #3, 'distance_accuracy_value', 'NONE');
#952 = AXIS2_PLACEMENT_3D ( 'NONE', #1121, #1383, #880 ) ;
#953 = ADVANCED_FACE ( 'NONE', ( #1058 ), #264, .T. ) ;
#954 = AXIS2_PLACEMENT_3D ( 'NONE', #666, #418, #1445 ) ;
#955 = TOROIDAL_SURFACE ( 'NONE', #1461, 0.2425000000000000211, 0.1499999999999999944 ) ;
#956 = DIRECTION ( 'NONE',  ( 0.000000000000000000, -1.000000000000000000, -8.704158286151238787E-17 ) ) ;
#957 = DIRECTION ( 'NONE',  ( 0.000000000000000000, 0.000000000000000000, 1.000000000000000000 ) ) ;
#958 = FILL_AREA_STYLE_COLOUR ( '', #1296 ) ;
#959 = DIRECTION ( 'NONE',  ( 0.000000000000000000, 0.000000000000000000, -1.000000000000000000 ) ) ;
#960 =( NAMED_UNIT ( * ) SI_UNIT ( $, .STERADIAN. ) SOLID_ANGLE_UNIT ( ) );
#961 = FACE_OUTER_BOUND ( 'NONE', #213, .T. ) ;
#962 = COLOUR_RGB ( '',0.8039215686274510109, 0.8039215686274510109, 0.8039215686274510109 ) ;
#963 = ORIENTED_EDGE ( 'NONE', *, *, #176, .F. ) ;
#964 = CIRCLE ( 'NONE', #580, 1.187500000000000000 ) ;
#965 = DIRECTION ( 'NONE',  ( -1.000000000000000000, 0.000000000000000000, 0.000000000000000000 ) ) ;
#966 =( NAMED_UNIT ( * ) PLANE_ANGLE_UNIT ( ) SI_UNIT ( $, .RADIAN. ) );
#967 = DIRECTION ( 'NONE',  ( 0.000000000000000000, 0.000000000000000000, 1.000000000000000000 ) ) ;
#968 = ORIENTED_EDGE ( 'NONE', *, *, #1607, .T. ) ;
#969 = CARTESIAN_POINT ( 'NONE',  ( 4.806738686653361172E-17, -0.7500000000000001110, -6.672499999999999432 ) ) ;
#970 = CARTESIAN_POINT ( 'NONE',  ( 1.187500000000000000, 1.454268073987481363E-16, -1.632549999999999502 ) ) ;
#971 = DIRECTION ( 'NONE',  ( 1.000000000000000000, 0.000000000000000000, 0.000000000000000000 ) ) ;
#972 = DIRECTION ( 'NONE',  ( 0.000000000000000000, 0.000000000000000000, -1.000000000000000000 ) ) ;
#973 = EDGE_CURVE ( 'NONE', #288, #1433, #224, .T. ) ;
#974 = SURFACE_STYLE_FILL_AREA ( #350 ) ;
#975 = ORIENTED_EDGE ( 'NONE', *, *, #316, .F. ) ;
#976 = AXIS2_PLACEMENT_3D ( 'NONE', #66, #220, #485 ) ;
#977 =( LENGTH_UNIT ( ) NAMED_UNIT ( * ) SI_UNIT ( .MILLI., .METRE. ) );
#978 = FILL_AREA_STYLE ('',( #481 ) ) ;
#979 = MECHANICAL_DESIGN_GEOMETRIC_PRESENTATION_REPRESENTATION (  '', ( #672 ), #487 ) ;
#980 = CIRCLE ( 'NONE', #1064, 0.5424999999999999822 ) ;
#981 = PLANE ( 'NONE',  #640 ) ;
#982 = DIRECTION ( 'NONE',  ( -0.000000000000000000, -0.000000000000000000, -1.000000000000000000 ) ) ;
#983 = SURFACE_SIDE_STYLE ('',( #68 ) ) ;
#984 = STYLED_ITEM ( 'NONE', ( #627 ), #1483 ) ;
#985 =( NAMED_UNIT ( * ) SI_UNIT ( $, .STERADIAN. ) SOLID_ANGLE_UNIT ( ) );
#986 = VERTEX_POINT ( 'NONE', #1329 ) ;
#987 =( GEOMETRIC_REPRESENTATION_CONTEXT ( 3 ) GLOBAL_UNCERTAINTY_ASSIGNED_CONTEXT ( ( #291 ) ) GLOBAL_UNIT_ASSIGNED_CONTEXT ( ( #528, #1174, #1285 ) ) REPRESENTATION_CONTEXT ( 'NONE', 'WORKASPACE' ) );
#988 = DIRECTION ( 'NONE',  ( 0.000000000000000000, 0.000000000000000000, -1.000000000000000000 ) ) ;
#989 = VERTEX_POINT ( 'NONE', #579 ) ;
#990 = CIRCLE ( 'NONE', #444, 0.1499999999999999667 ) ;
#991 = SURFACE_STYLE_FILL_AREA ( #1148 ) ;
#992 = PRESENTATION_STYLE_ASSIGNMENT (( #1632 ) ) ;
#993 = ORIENTED_EDGE ( 'NONE', *, *, #915, .F. ) ;
#994 = EDGE_CURVE ( 'NONE', #7, #989, #1031, .T. ) ;
#995 = UNCERTAINTY_MEASURE_WITH_UNIT (LENGTH_MEASURE( 1.000000000000000082E-05 ), #879, 'distance_accuracy_value', 'NONE');
#996 = SURFACE_SIDE_STYLE ('',( #179 ) ) ;
#997 = ADVANCED_FACE ( 'NONE', ( #1585 ), #1465, .F. ) ;
#998 = SURFACE_STYLE_USAGE ( .BOTH. , #98 ) ;
#999 = CARTESIAN_POINT ( 'NONE',  ( 0.000000000000000000, -0.7500000000000001110, -7.457499999999998685 ) ) ;
#1000 = DIRECTION ( 'NONE',  ( 0.000000000000000000, -1.826024711554533667E-16, 1.000000000000000000 ) ) ;
#1001 = ORIENTED_EDGE ( 'NONE', *, *, #30, .T. ) ;
#1002 =( NAMED_UNIT ( * ) PLANE_ANGLE_UNIT ( ) SI_UNIT ( $, .RADIAN. ) );
#1003 = EDGE_CURVE ( 'NONE', #832, #1327, #1166, .T. ) ;
#1004 =( NAMED_UNIT ( * ) SI_UNIT ( $, .STERADIAN. ) SOLID_ANGLE_UNIT ( ) );
#1005 = CIRCLE ( 'NONE', #952, 0.3925000000000000155 ) ;
#1006 = UNCERTAINTY_MEASURE_WITH_UNIT (LENGTH_MEASURE( 1.000000000000000082E-05 ), #1291, 'distance_accuracy_value', 'NONE');
#1007 = PRESENTATION_LAYER_ASSIGNMENT (  '', '', ( #16 ) ) ;
#1008 = AXIS2_PLACEMENT_3D ( 'NONE', #703, #452, #570 ) ;
#1009 = CIRCLE ( 'NONE', #74, 0.3925000000000000155 ) ;
#1010 = EDGE_LOOP ( 'NONE', ( #32, #85 ) ) ;
#1011 = DIRECTION ( 'NONE',  ( 0.000000000000000000, 0.000000000000000000, -1.000000000000000000 ) ) ;
#1012 = AXIS2_PLACEMENT_3D ( 'NONE', #482, #582, #587 ) ;
#1013 = STYLED_ITEM ( 'NONE', ( #554 ), #336 ) ;
#1014 = DIRECTION ( 'NONE',  ( 0.000000000000000000, -1.000000000000000000, 0.000000000000000000 ) ) ;
#1015 = STYLED_ITEM ( 'NONE', ( #717 ), #610 ) ;
#1016 = UNCERTAINTY_MEASURE_WITH_UNIT (LENGTH_MEASURE( 1.000000000000000082E-05 ), #677, 'distance_accuracy_value', 'NONE');
#1017 = LINE ( 'NONE', #376, #619 ) ;
#1018 = EDGE_LOOP ( 'NONE', ( #327, #1127, #783, #454 ) ) ;
#1019 =( NAMED_UNIT ( * ) SI_UNIT ( $, .STERADIAN. ) SOLID_ANGLE_UNIT ( ) );
#1020 = FACE_OUTER_BOUND ( 'NONE', #1333, .T. ) ;
#1021 = FILL_AREA_STYLE ('',( #903 ) ) ;
#1022 = SURFACE_SIDE_STYLE ('',( #108 ) ) ;
#1023 = DIRECTION ( 'NONE',  ( 0.000000000000000000, -1.000000000000000000, -1.826024711554533667E-16 ) ) ;
#1024 = EDGE_CURVE ( 'NONE', #1046, #341, #1340, .T. ) ;
#1025 = SURFACE_STYLE_USAGE ( .BOTH. , #1159 ) ;
#1026 = FILL_AREA_STYLE ('',( #1035 ) ) ;
#1027 = DIRECTION ( 'NONE',  ( -0.000000000000000000, -0.000000000000000000, -1.000000000000000000 ) ) ;
#1028 = ORIENTED_EDGE ( 'NONE', *, *, #994, .F. ) ;
#1029 = CARTESIAN_POINT ( 'NONE',  ( 0.000000000000000000, -0.7500000000000002220, -7.064999999999999503 ) ) ;
#1030 = FILL_AREA_STYLE_COLOUR ( '', #45 ) ;
#1031 = CIRCLE ( 'NONE', #1676, 0.2424999999999996603 ) ;
#1032 = DIRECTION ( 'NONE',  ( 0.000000000000000000, 0.000000000000000000, -1.000000000000000000 ) ) ;
#1033 = MECHANICAL_DESIGN_GEOMETRIC_PRESENTATION_REPRESENTATION (  '', ( #1223 ), #1605 ) ;
#1034 = EDGE_LOOP ( 'NONE', ( #405, #1382, #501, #1444 ) ) ;
#1035 = FILL_AREA_STYLE_COLOUR ( '', #1038 ) ;
#1036 = DIRECTION ( 'NONE',  ( 0.000000000000000000, -1.000000000000000000, -8.704158286151238787E-17 ) ) ;
#1037 = ORIENTED_EDGE ( 'NONE', *, *, #563, .T. ) ;
#1038 = COLOUR_RGB ( '',0.8039215686274510109, 0.8039215686274510109, 0.8039215686274510109 ) ;
#1039 = COLOUR_RGB ( '',0.8039215686274510109, 0.8039215686274510109, 0.8039215686274510109 ) ;
#1040 = CARTESIAN_POINT ( 'NONE',  ( 0.000000000000000000, -0.7500000000000002220, -7.064999999999999503 ) ) ;
#1041 = TOROIDAL_SURFACE ( 'NONE', #292, 0.7499999999999996669, 0.3925000000000000155 ) ;
#1042 = MECHANICAL_DESIGN_GEOMETRIC_PRESENTATION_REPRESENTATION (  '', ( #1308 ), #1586 ) ;
#1043 = CARTESIAN_POINT ( 'NONE',  ( 0.000000000000000000, -0.7500000000000002220, 7.064999999999999503 ) ) ;
#1044 = CIRCLE ( 'NONE', #1255, 1.037500000000000089 ) ;
#1045 = SURFACE_SIDE_STYLE ('',( #1568 ) ) ;
#1046 = VERTEX_POINT ( 'NONE', #970 ) ;
#1047 = SURFACE_STYLE_USAGE ( .BOTH. , #1392 ) ;
#1048 = ORIENTED_EDGE ( 'NONE', *, *, #512, .T. ) ;
#1049 = ADVANCED_FACE ( 'NONE', ( #281 ), #1485, .T. ) ;
#1050 = FILL_AREA_STYLE ('',( #771 ) ) ;
#1051 = UNCERTAINTY_MEASURE_WITH_UNIT (LENGTH_MEASURE( 1.000000000000000082E-05 ), #668, 'distance_accuracy_value', 'NONE');
#1052 = CARTESIAN_POINT ( 'NONE',  ( 0.000000000000000000, -4.336808689942017736E-16, -6.314999999999999503 ) ) ;
#1053 = DIRECTION ( 'NONE',  ( 1.000000000000000000, 0.000000000000000000, 0.000000000000000000 ) ) ;
#1054 = ORIENTED_EDGE ( 'NONE', *, *, #465, .F. ) ;
#1055 = DIRECTION ( 'NONE',  ( 0.000000000000000000, -1.000000000000000000, -1.954618001100628313E-16 ) ) ;
#1056 = PRESENTATION_STYLE_ASSIGNMENT (( #1281 ) ) ;
#1057 = EDGE_CURVE ( 'NONE', #1507, #1294, #849, .T. ) ;
#1058 = FACE_OUTER_BOUND ( 'NONE', #439, .T. ) ;
#1059 = FILL_AREA_STYLE_COLOUR ( '', #1070 ) ;
#1060 = DIRECTION ( 'NONE',  ( -0.000000000000000000, -0.000000000000000000, -1.000000000000000000 ) ) ;
#1061 = CIRCLE ( 'NONE', #311, 0.3925000000000000155 ) ;
#1062 = FILL_AREA_STYLE ('',( #138 ) ) ;
#1063 = ORIENTED_EDGE ( 'NONE', *, *, #1464, .T. ) ;
#1064 = AXIS2_PLACEMENT_3D ( 'NONE', #819, #693, #1474 ) ;
#1065 =( NAMED_UNIT ( * ) SI_UNIT ( $, .STERADIAN. ) SOLID_ANGLE_UNIT ( ) );
#1066 = CIRCLE ( 'NONE', #1172, 0.5424999999999999822 ) ;
#1067 =( GEOMETRIC_REPRESENTATION_CONTEXT ( 3 ) GLOBAL_UNCERTAINTY_ASSIGNED_CONTEXT ( ( #865 ) ) GLOBAL_UNIT_ASSIGNED_CONTEXT ( ( #315, #476, #985 ) ) REPRESENTATION_CONTEXT ( 'NONE', 'WORKASPACE' ) );
#1068 = AXIS2_PLACEMENT_3D ( 'NONE', #1616, #1343, #695 ) ;
#1069 = AXIS2_PLACEMENT_3D ( 'NONE', #1355, #1510, #84 ) ;
#1070 = COLOUR_RGB ( '',0.2862745098039215508, 0.2862745098039215508, 0.2862745098039215508 ) ;
#1071 = EDGE_CURVE ( 'NONE', #1687, #895, #1138, .T. ) ;
#1072 = STYLED_ITEM ( 'NONE', ( #559 ), #479 ) ;
#1073 =( LENGTH_UNIT ( ) NAMED_UNIT ( * ) SI_UNIT ( .MILLI., .METRE. ) );
#1074 = EDGE_LOOP ( 'NONE', ( #779, #416 ) ) ;
#1075 = SURFACE_STYLE_FILL_AREA ( #940 ) ;
#1076 = FILL_AREA_STYLE_COLOUR ( '', #438 ) ;
#1077 = EDGE_CURVE ( 'NONE', #42, #1665, #1087, .T. ) ;
#1078 = EDGE_LOOP ( 'NONE', ( #1617, #505, #1001, #385 ) ) ;
#1079 =( NAMED_UNIT ( * ) PLANE_ANGLE_UNIT ( ) SI_UNIT ( $, .RADIAN. ) );
#1080 = PRESENTATION_STYLE_ASSIGNMENT (( #1321 ) ) ;
#1081 = SURFACE_SIDE_STYLE ('',( #427 ) ) ;
#1082 = CARTESIAN_POINT ( 'NONE',  ( 0.000000000000000000, 0.000000000000000000, 2.165000000000000036 ) ) ;
#1083 = SURFACE_SIDE_STYLE ('',( #40 ) ) ;
#1084 = COLOUR_RGB ( '',0.8039215686274510109, 0.8039215686274510109, 0.8039215686274510109 ) ;
#1085 = EDGE_LOOP ( 'NONE', ( #1279, #797, #852, #665 ) ) ;
#1086 = UNCERTAINTY_MEASURE_WITH_UNIT (LENGTH_MEASURE( 1.000000000000000082E-05 ), #790, 'distance_accuracy_value', 'NONE');
#1087 = CIRCLE ( 'NONE', #1372, 0.1499999999999999667 ) ;
#1088 =( LENGTH_UNIT ( ) NAMED_UNIT ( * ) SI_UNIT ( .MILLI., .METRE. ) );
#1089 = MECHANICAL_DESIGN_GEOMETRIC_PRESENTATION_REPRESENTATION (  '', ( #16 ), #754 ) ;
#1090 = COLOUR_RGB ( '',0.2862745098039215508, 0.2862745098039215508, 0.2862745098039215508 ) ;
#1091 = FILL_AREA_STYLE ('',( #813 ) ) ;
#1092 =( GEOMETRIC_REPRESENTATION_CONTEXT ( 3 ) GLOBAL_UNCERTAINTY_ASSIGNED_CONTEXT ( ( #1649 ) ) GLOBAL_UNIT_ASSIGNED_CONTEXT ( ( #1412, #1157, #1272 ) ) REPRESENTATION_CONTEXT ( 'NONE', 'WORKASPACE' ) );
#1093 = FACE_OUTER_BOUND ( 'NONE', #1124, .T. ) ;
#1094 = PRESENTATION_STYLE_ASSIGNMENT (( #831 ) ) ;
#1095 = STYLED_ITEM ( 'NONE', ( #1146 ), #389 ) ;
#1096 = ORIENTED_EDGE ( 'NONE', *, *, #316, .T. ) ;
#1097 =( LENGTH_UNIT ( ) NAMED_UNIT ( * ) SI_UNIT ( .MILLI., .METRE. ) );
#1098 = CARTESIAN_POINT ( 'NONE',  ( 0.000000000000000000, 0.000000000000000000, -2.165000000000000036 ) ) ;
#1099 = CARTESIAN_POINT ( 'NONE',  ( 0.000000000000000000, -5.037500000000000533, 7.064999999999998614 ) ) ;
#1100 = ORIENTED_EDGE ( 'NONE', *, *, #1288, .T. ) ;
#1101 =( NAMED_UNIT ( * ) PLANE_ANGLE_UNIT ( ) SI_UNIT ( $, .RADIAN. ) );
#1102 = CARTESIAN_POINT ( 'NONE',  ( 0.5424999999999999822, -1.626303258728256343E-17, 2.314999999999999947 ) ) ;
#1103 = SURFACE_SIDE_STYLE ('',( #313 ) ) ;
#1104 = CARTESIAN_POINT ( 'NONE',  ( 0.000000000000000000, -5.037500000000000533, -7.064999999999998614 ) ) ;
#1105 = CARTESIAN_POINT ( 'NONE',  ( 1.037500000000000089, 0.000000000000000000, -2.314999999999999947 ) ) ;
#1106 = ORIENTED_EDGE ( 'NONE', *, *, #1171, .F. ) ;
#1107 = UNCERTAINTY_MEASURE_WITH_UNIT (LENGTH_MEASURE( 1.000000000000000082E-05 ), #95, 'distance_accuracy_value', 'NONE');
#1108 = COLOUR_RGB ( '',0.2862745098039215508, 0.2862745098039215508, 0.2862745098039215508 ) ;
#1109 = VECTOR ( 'NONE', #449, 1000.000000000000000 ) ;
#1110 = FACE_OUTER_BOUND ( 'NONE', #1675, .T. ) ;
#1111 = COLOUR_RGB ( '',0.2862745098039215508, 0.2862745098039215508, 0.2862745098039215508 ) ;
#1112 = AXIS2_PLACEMENT_3D ( 'NONE', #1330, #305, #959 ) ;
#1113 = EDGE_CURVE ( 'NONE', #744, #300, #375, .T. ) ;
#1114 = PRESENTATION_LAYER_ASSIGNMENT (  '', '', ( #1680 ) ) ;
#1115 = DIRECTION ( 'NONE',  ( 0.000000000000000000, 0.000000000000000000, 1.000000000000000000 ) ) ;
#1116 = ADVANCED_FACE ( 'NONE', ( #1110 ), #1238, .F. ) ;
#1117 = ORIENTED_EDGE ( 'NONE', *, *, #738, .T. ) ;
#1118 = AXIS2_PLACEMENT_3D ( 'NONE', #1104, #39, #839 ) ;
#1119 = CARTESIAN_POINT ( 'NONE',  ( 4.806738686653361172E-17, 0.3925000000000000155, 2.314999999999999947 ) ) ;
#1120 = TOROIDAL_SURFACE ( 'NONE', #1560, 0.5424999999999999822, 0.1499999999999999944 ) ;
#1121 = CARTESIAN_POINT ( 'NONE',  ( 0.000000000000000000, -1.626303258728256343E-17, 2.464999999999999858 ) ) ;
#1122 = UNCERTAINTY_MEASURE_WITH_UNIT (LENGTH_MEASURE( 1.000000000000000082E-05 ), #1073, 'distance_accuracy_value', 'NONE');
#1123 = DIRECTION ( 'NONE',  ( -0.000000000000000000, 0.000000000000000000, 1.000000000000000000 ) ) ;
#1124 = EDGE_LOOP ( 'NONE', ( #20, #397, #647, #817 ) ) ;
#1125 = EDGE_CURVE ( 'NONE', #986, #628, #1005, .T. ) ;
#1126 = DIRECTION ( 'NONE',  ( 1.000000000000000000, 0.000000000000000000, 0.000000000000000000 ) ) ;
#1127 = ORIENTED_EDGE ( 'NONE', *, *, #939, .T. ) ;
#1128 =( LENGTH_UNIT ( ) NAMED_UNIT ( * ) SI_UNIT ( .MILLI., .METRE. ) );
#1129 = DIRECTION ( 'NONE',  ( 0.000000000000000000, -1.826024711554533667E-16, 1.000000000000000000 ) ) ;
#1130 = DIRECTION ( 'NONE',  ( 1.000000000000000000, 0.000000000000000000, 0.000000000000000000 ) ) ;
#1131 = DIRECTION ( 'NONE',  ( 1.000000000000000000, 0.000000000000000000, 0.000000000000000000 ) ) ;
#1132 = CARTESIAN_POINT ( 'NONE',  ( 0.000000000000000000, -5.037500000000000533, -7.307499999999998330 ) ) ;
#1133 = VERTEX_POINT ( 'NONE', #1102 ) ;
#1134 = DIRECTION ( 'NONE',  ( 0.000000000000000000, 0.000000000000000000, 1.000000000000000000 ) ) ;
#1135 = PRESENTATION_LAYER_ASSIGNMENT (  '', '', ( #1652 ) ) ;
#1136 = PRESENTATION_STYLE_ASSIGNMENT (( #732 ) ) ;
#1137 = STYLED_ITEM ( 'NONE', ( #638 ), #953 ) ;
#1138 = CIRCLE ( 'NONE', #1428, 0.1499999999999999667 ) ;
#1139 = CARTESIAN_POINT ( 'NONE',  ( 4.806738686653371033E-17, -5.037500000000000533, 7.457499999999997797 ) ) ;
#1140 = PRESENTATION_LAYER_ASSIGNMENT (  '', '', ( #230 ) ) ;
#1141 = SURFACE_STYLE_USAGE ( .BOTH. , #633 ) ;
#1142 = MECHANICAL_DESIGN_GEOMETRIC_PRESENTATION_REPRESENTATION (  '', ( #984 ), #596 ) ;
#1143 =( NAMED_UNIT ( * ) SI_UNIT ( $, .STERADIAN. ) SOLID_ANGLE_UNIT ( ) );
#1144 = CIRCLE ( 'NONE', #575, 1.142499999999999405 ) ;
#1145 = FACE_OUTER_BOUND ( 'NONE', #872, .T. ) ;
#1146 = PRESENTATION_STYLE_ASSIGNMENT (( #1398 ) ) ;
#1147 = EDGE_CURVE ( 'NONE', #114, #832, #1299, .T. ) ;
#1148 = FILL_AREA_STYLE ('',( #1261 ) ) ;
#1149 = CYLINDRICAL_SURFACE ( 'NONE', #905, 1.187500000000000000 ) ;
#1150 = SURFACE_STYLE_FILL_AREA ( #1026 ) ;
#1151 = UNCERTAINTY_MEASURE_WITH_UNIT (LENGTH_MEASURE( 1.000000000000000082E-05 ), #555, 'distance_accuracy_value', 'NONE');
#1152 = CARTESIAN_POINT ( 'NONE',  ( 0.000000000000000000, -5.187499999999999112, -7.064999999999998614 ) ) ;
#1153 = VERTEX_POINT ( 'NONE', #345 ) ;
#1154 = DIRECTION ( 'NONE',  ( -0.000000000000000000, 0.000000000000000000, 1.000000000000000000 ) ) ;
#1155 = PRODUCT_DEFINITION ( 'UNKNOWN', '', #868, #248 ) ;
#1156 = PRESENTATION_STYLE_ASSIGNMENT (( #631 ) ) ;
#1157 =( NAMED_UNIT ( * ) PLANE_ANGLE_UNIT ( ) SI_UNIT ( $, .RADIAN. ) );
#1158 = DIRECTION ( 'NONE',  ( 1.000000000000000000, 0.000000000000000000, 0.000000000000000000 ) ) ;
#1159 = SURFACE_SIDE_STYLE ('',( #1569 ) ) ;
#1160 = CARTESIAN_POINT ( 'NONE',  ( 4.806738686653376579E-17, -5.037500000000000533, -6.672499999999998543 ) ) ;
#1161 = ORIENTED_EDGE ( 'NONE', *, *, #1505, .F. ) ;
#1162 = SURFACE_STYLE_USAGE ( .BOTH. , #1 ) ;
#1163 =( LENGTH_UNIT ( ) NAMED_UNIT ( * ) SI_UNIT ( .MILLI., .METRE. ) );
#1164 = AXIS2_PLACEMENT_3D ( 'NONE', #1366, #474, #1256 ) ;
#1165 = SURFACE_STYLE_FILL_AREA ( #1427 ) ;
#1166 = CIRCLE ( 'NONE', #1243, 1.187500000000000000 ) ;
#1167 = ADVANCED_FACE ( 'NONE', ( #1639 ), #589, .T. ) ;
#1168 = DIRECTION ( 'NONE',  ( -1.224646799147353207E-16, 0.000000000000000000, -1.000000000000000000 ) ) ;
#1169 = CIRCLE ( 'NONE', #954, 0.1499999999999999667 ) ;
#1170 = ORIENTED_EDGE ( 'NONE', *, *, #194, .F. ) ;
#1171 = EDGE_CURVE ( 'NONE', #192, #1183, #702, .T. ) ;
#1172 = AXIS2_PLACEMENT_3D ( 'NONE', #325, #688, #428 ) ;
#1173 = CIRCLE ( 'NONE', #436, 0.3925000000000000155 ) ;
#1174 =( NAMED_UNIT ( * ) PLANE_ANGLE_UNIT ( ) SI_UNIT ( $, .RADIAN. ) );
#1175 = EDGE_LOOP ( 'NONE', ( #993, #83, #1054, #267 ) ) ;
#1176 = COLOUR_RGB ( '',0.8039215686274510109, 0.8039215686274510109, 0.8039215686274510109 ) ;
#1177 = SURFACE_SIDE_STYLE ('',( #1185 ) ) ;
#1178 =( GEOMETRIC_REPRESENTATION_CONTEXT ( 3 ) GLOBAL_UNCERTAINTY_ASSIGNED_CONTEXT ( ( #1334 ) ) GLOBAL_UNIT_ASSIGNED_CONTEXT ( ( #934, #272, #652 ) ) REPRESENTATION_CONTEXT ( 'NONE', 'WORKASPACE' ) );
#1179 = COLOUR_RGB ( '',0.8039215686274510109, 0.8039215686274510109, 0.8039215686274510109 ) ;
#1180 = FACE_OUTER_BOUND ( 'NONE', #1034, .T. ) ;
#1181 = ORIENTED_EDGE ( 'NONE', *, *, #822, .T. ) ;
#1182 = ADVANCED_FACE ( 'NONE', ( #398 ), #784, .T. ) ;
#1183 = VERTEX_POINT ( 'NONE', #637 ) ;
#1184 = CARTESIAN_POINT ( 'NONE',  ( 0.000000000000000000, -5.037500000000000533, -7.064999999999998614 ) ) ;
#1185 = SURFACE_STYLE_FILL_AREA ( #660 ) ;
#1186 = SURFACE_SIDE_STYLE ('',( #943 ) ) ;
#1187 = SURFACE_STYLE_USAGE ( .BOTH. , #1045 ) ;
#1188 = SURFACE_SIDE_STYLE ('',( #362 ) ) ;
#1189 = PRESENTATION_STYLE_ASSIGNMENT (( #781 ) ) ;
#1190 = ORIENTED_EDGE ( 'NONE', *, *, #1268, .T. ) ;
#1191 = FILL_AREA_STYLE ('',( #271 ) ) ;
#1192 = PRESENTATION_LAYER_ASSIGNMENT (  '', '', ( #1490 ) ) ;
#1193 = FACE_OUTER_BOUND ( 'NONE', #1638, .T. ) ;
#1194 = AXIS2_PLACEMENT_3D ( 'NONE', #568, #1351, #303 ) ;
#1195 = DIRECTION ( 'NONE',  ( 0.000000000000000000, -1.000000000000000000, -1.954618001100628066E-16 ) ) ;
#1196 = PRESENTATION_STYLE_ASSIGNMENT (( #796 ) ) ;
#1197 = PRESENTATION_LAYER_ASSIGNMENT (  '', '', ( #1655 ) ) ;
#1198 = COLOUR_RGB ( '',0.8039215686274510109, 0.8039215686274510109, 0.8039215686274510109 ) ;
#1199 = ORIENTED_EDGE ( 'NONE', *, *, #973, .T. ) ;
#1200 = TOROIDAL_SURFACE ( 'NONE', #48, 0.2425000000000000211, 0.1499999999999999944 ) ;
#1201 = SURFACE_SIDE_STYLE ('',( #1075 ) ) ;
#1202 = AXIS2_PLACEMENT_3D ( 'NONE', #188, #1620, #298 ) ;
#1203 = SURFACE_SIDE_STYLE ('',( #1597 ) ) ;
#1204 = TOROIDAL_SURFACE ( 'NONE', #206, 0.7499999999999996669, 0.3925000000000000155 ) ;
#1205 = ADVANCED_FACE ( 'NONE', ( #506 ), #659, .T. ) ;
#1206 = PRESENTATION_LAYER_ASSIGNMENT (  '', '', ( #874 ) ) ;
#1207 = DIRECTION ( 'NONE',  ( 0.000000000000000000, -1.000000000000000000, -1.826024711554533667E-16 ) ) ;
#1208 = FILL_AREA_STYLE ('',( #226 ) ) ;
#1209 = FACE_OUTER_BOUND ( 'NONE', #884, .T. ) ;
#1210 = VERTEX_POINT ( 'NONE', #748 ) ;
#1211 = UNCERTAINTY_MEASURE_WITH_UNIT (LENGTH_MEASURE( 1.000000000000000082E-05 ), #684, 'distance_accuracy_value', 'NONE');
#1212 = DIRECTION ( 'NONE',  ( -0.000000000000000000, -0.000000000000000000, -1.000000000000000000 ) ) ;
#1213 = PLANE ( 'NONE',  #525 ) ;
#1214 = DIRECTION ( 'NONE',  ( 0.000000000000000000, 0.000000000000000000, 1.000000000000000000 ) ) ;
#1215 = SURFACE_STYLE_USAGE ( .BOTH. , #823 ) ;
#1216 =( NAMED_UNIT ( * ) PLANE_ANGLE_UNIT ( ) SI_UNIT ( $, .RADIAN. ) );
#1217 = DIRECTION ( 'NONE',  ( 1.000000000000000000, 0.000000000000000000, 0.000000000000000000 ) ) ;
#1218 = ORIENTED_EDGE ( 'NONE', *, *, #577, .F. ) ;
#1219 = MECHANICAL_DESIGN_GEOMETRIC_PRESENTATION_REPRESENTATION (  '', ( #1490 ), #1598 ) ;
#1220 = ORIENTED_EDGE ( 'NONE', *, *, #1364, .F. ) ;
#1221 = ADVANCED_FACE ( 'NONE', ( #1269 ), #1200, .T. ) ;
#1222 = PRESENTATION_LAYER_ASSIGNMENT (  '', '', ( #1399 ) ) ;
#1223 = STYLED_ITEM ( 'NONE', ( #1508 ), #1337 ) ;
#1224 = AXIS2_PLACEMENT_3D ( 'NONE', #946, #1228, #1360 ) ;
#1225 =( GEOMETRIC_REPRESENTATION_CONTEXT ( 3 ) GLOBAL_UNCERTAINTY_ASSIGNED_CONTEXT ( ( #763 ) ) GLOBAL_UNIT_ASSIGNED_CONTEXT ( ( #1275, #1406, #279 ) ) REPRESENTATION_CONTEXT ( 'NONE', 'WORKASPACE' ) );
#1226 = DIRECTION ( 'NONE',  ( 0.000000000000000000, -1.084202172485504434E-16, -1.000000000000000000 ) ) ;
#1227 = PRESENTATION_LAYER_ASSIGNMENT (  '', '', ( #320 ) ) ;
#1228 = DIRECTION ( 'NONE',  ( -1.000000000000000000, -0.000000000000000000, -0.000000000000000000 ) ) ;
#1229 = MECHANICAL_DESIGN_GEOMETRIC_PRESENTATION_REPRESENTATION (  '', ( #1072 ), #1356 ) ;
#1230 = EDGE_LOOP ( 'NONE', ( #49, #793, #478, #1028 ) ) ;
#1231 = AXIS2_PLACEMENT_3D ( 'NONE', #1052, #655, #1158 ) ;
#1232 = FILL_AREA_STYLE_COLOUR ( '', #1302 ) ;
#1233 = ADVANCED_FACE ( 'NONE', ( #1145 ), #567, .T. ) ;
#1234 = SURFACE_SIDE_STYLE ('',( #203 ) ) ;
#1235 =( NAMED_UNIT ( * ) PLANE_ANGLE_UNIT ( ) SI_UNIT ( $, .RADIAN. ) );
#1236 = CARTESIAN_POINT ( 'NONE',  ( 0.000000000000000000, -4.336808689942017736E-16, 6.314999999999999503 ) ) ;
#1237 = EDGE_LOOP ( 'NONE', ( #1199, #1190 ) ) ;
#1238 = PLANE ( 'NONE',  #13 ) ;
#1239 = EDGE_CURVE ( 'NONE', #288, #1472, #1169, .T. ) ;
#1240 =( NAMED_UNIT ( * ) SI_UNIT ( $, .STERADIAN. ) SOLID_ANGLE_UNIT ( ) );
#1241 = EDGE_LOOP ( 'NONE', ( #769, #110, #691, #739, #429 ) ) ;
#1242 = STYLED_ITEM ( 'NONE', ( #612 ), #876 ) ;
#1243 = AXIS2_PLACEMENT_3D ( 'NONE', #1476, #828, #1618 ) ;
#1244 = DIRECTION ( 'NONE',  ( -0.000000000000000000, 0.000000000000000000, 1.000000000000000000 ) ) ;
#1245 = VECTOR ( 'NONE', #870, 1000.000000000000000 ) ;
#1246 = CIRCLE ( 'NONE', #757, 0.2424999999999996603 ) ;
#1247 =( GEOMETRIC_REPRESENTATION_CONTEXT ( 3 ) GLOBAL_UNCERTAINTY_ASSIGNED_CONTEXT ( ( #882 ) ) GLOBAL_UNIT_ASSIGNED_CONTEXT ( ( #502, #1692, #536 ) ) REPRESENTATION_CONTEXT ( 'NONE', 'WORKASPACE' ) );
#1248 = FACE_OUTER_BOUND ( 'NONE', #1304, .T. ) ;
#1249 = EDGE_CURVE ( 'NONE', #744, #1357, #162, .T. ) ;
#1250 = DIRECTION ( 'NONE',  ( -0.000000000000000000, -0.000000000000000000, -1.000000000000000000 ) ) ;
#1251 = VERTEX_POINT ( 'NONE', #33 ) ;
#1252 = CIRCLE ( 'NONE', #1684, 0.3925000000000000155 ) ;
#1253 = FILL_AREA_STYLE ('',( #1232 ) ) ;
#1254 =( LENGTH_UNIT ( ) NAMED_UNIT ( * ) SI_UNIT ( .MILLI., .METRE. ) );
#1255 = AXIS2_PLACEMENT_3D ( 'NONE', #795, #524, #395 ) ;
#1256 = DIRECTION ( 'NONE',  ( 1.000000000000000000, 0.000000000000000000, 0.000000000000000000 ) ) ;
#1257 =( NAMED_UNIT ( * ) SI_UNIT ( $, .STERADIAN. ) SOLID_ANGLE_UNIT ( ) );
#1258 = LINE ( 'NONE', #1691, #931 ) ;
#1259 = VERTEX_POINT ( 'NONE', #269 ) ;
#1260 =( LENGTH_UNIT ( ) NAMED_UNIT ( * ) SI_UNIT ( .MILLI., .METRE. ) );
#1261 = FILL_AREA_STYLE_COLOUR ( '', #644 ) ;
#1262 = APPLICATION_PROTOCOL_DEFINITION ( 'draft international standard', 'automotive_design', 1998, #289 ) ;
#1263 = DIRECTION ( 'NONE',  ( -0.000000000000000000, -0.000000000000000000, -1.000000000000000000 ) ) ;
#1264 = DIRECTION ( 'NONE',  ( 1.000000000000000000, 0.000000000000000000, 0.000000000000000000 ) ) ;
#1265 = FILL_AREA_STYLE ('',( #1273 ) ) ;
#1266 = ORIENTED_EDGE ( 'NONE', *, *, #1462, .F. ) ;
#1267 = UNCERTAINTY_MEASURE_WITH_UNIT (LENGTH_MEASURE( 1.000000000000000082E-05 ), #495, 'distance_accuracy_value', 'NONE');
#1268 = EDGE_CURVE ( 'NONE', #1433, #288, #980, .T. ) ;
#1269 = FACE_OUTER_BOUND ( 'NONE', #1230, .T. ) ;
#1270 = MECHANICAL_DESIGN_GEOMETRIC_PRESENTATION_REPRESENTATION (  '', ( #543 ), #889 ) ;
#1271 = AXIS2_PLACEMENT_3D ( 'NONE', #1152, #679, #1387 ) ;
#1272 =( NAMED_UNIT ( * ) SI_UNIT ( $, .STERADIAN. ) SOLID_ANGLE_UNIT ( ) );
#1273 = FILL_AREA_STYLE_COLOUR ( '', #56 ) ;
#1274 = AXIS2_PLACEMENT_3D ( 'NONE', #1082, #1602, #1130 ) ;
#1275 =( LENGTH_UNIT ( ) NAMED_UNIT ( * ) SI_UNIT ( .MILLI., .METRE. ) );
#1276 = DIRECTION ( 'NONE',  ( 1.000000000000000000, 0.000000000000000000, 0.000000000000000000 ) ) ;
#1277 = MECHANICAL_DESIGN_GEOMETRIC_PRESENTATION_REPRESENTATION (  '', ( #1378 ), #1092 ) ;
#1278 = FILL_AREA_STYLE ('',( #755 ) ) ;
#1279 = ORIENTED_EDGE ( 'NONE', *, *, #512, .F. ) ;
#1280 = COLOUR_RGB ( '',0.8039215686274510109, 0.8039215686274510109, 0.8039215686274510109 ) ;
#1281 = SURFACE_STYLE_USAGE ( .BOTH. , #381 ) ;
#1282 = CARTESIAN_POINT ( 'NONE',  ( 0.000000000000000000, -1.626303258728256343E-17, 2.464999999999999858 ) ) ;
#1283 = DIRECTION ( 'NONE',  ( 1.000000000000000000, 1.065951958440702579E-32, -1.224646799147353207E-16 ) ) ;
#1284 = ORIENTED_EDGE ( 'NONE', *, *, #1071, .T. ) ;
#1285 =( NAMED_UNIT ( * ) SI_UNIT ( $, .STERADIAN. ) SOLID_ANGLE_UNIT ( ) );
#1286 = EDGE_LOOP ( 'NONE', ( #1531, #1534, #1594, #1590, #932 ) ) ;
#1287 =( LENGTH_UNIT ( ) NAMED_UNIT ( * ) SI_UNIT ( .MILLI., .METRE. ) );
#1288 = EDGE_CURVE ( 'NONE', #1693, #918, #254, .T. ) ;
#1289 = SURFACE_STYLE_FILL_AREA ( #1021 ) ;
#1290 = EDGE_CURVE ( 'NONE', #628, #1693, #1319, .T. ) ;
#1291 =( LENGTH_UNIT ( ) NAMED_UNIT ( * ) SI_UNIT ( .MILLI., .METRE. ) );
#1292 = ORIENTED_EDGE ( 'NONE', *, *, #1003, .F. ) ;
#1293 = LINE ( 'NONE', #767, #470 ) ;
#1294 = VERTEX_POINT ( 'NONE', #23 ) ;
#1295 = SURFACE_STYLE_FILL_AREA ( #1436 ) ;
#1296 = COLOUR_RGB ( '',0.2862745098039215508, 0.2862745098039215508, 0.2862745098039215508 ) ;
#1297 =( GEOMETRIC_REPRESENTATION_CONTEXT ( 3 ) GLOBAL_UNCERTAINTY_ASSIGNED_CONTEXT ( ( #616 ) ) GLOBAL_UNIT_ASSIGNED_CONTEXT ( ( #651, #1573, #245 ) ) REPRESENTATION_CONTEXT ( 'NONE', 'WORKASPACE' ) );
#1298 = CARTESIAN_POINT ( 'NONE',  ( 0.5424999999999999822, -1.626303258728256343E-17, -2.314999999999999947 ) ) ;
#1299 = CIRCLE ( 'NONE', #1325, 0.1499999999999999667 ) ;
#1300 = FILL_AREA_STYLE_COLOUR ( '', #1179 ) ;
#1301 = ADVANCED_FACE ( 'NONE', ( #1591 ), #425, .T. ) ;
#1302 = COLOUR_RGB ( '',0.2862745098039215508, 0.2862745098039215508, 0.2862745098039215508 ) ;
#1303 = FACE_OUTER_BOUND ( 'NONE', #71, .T. ) ;
#1304 = EDGE_LOOP ( 'NONE', ( #608, #963 ) ) ;
#1305 = CIRCLE ( 'NONE', #1012, 1.187500000000000000 ) ;
#1306 = FILL_AREA_STYLE_COLOUR ( '', #415 ) ;
#1307 = SURFACE_STYLE_USAGE ( .BOTH. , #233 ) ;
#1308 = STYLED_ITEM ( 'NONE', ( #24 ), #450 ) ;
#1309 = PRODUCT ( '1N4737A', '1N4737A', '', ( #221 ) ) ;
#1310 = SURFACE_STYLE_FILL_AREA ( #432 ) ;
#1311 = AXIS2_PLACEMENT_3D ( 'NONE', #384, #1549, #778 ) ;
#1312 = DIRECTION ( 'NONE',  ( -0.000000000000000000, 0.000000000000000000, 1.000000000000000000 ) ) ;
#1313 = FACE_OUTER_BOUND ( 'NONE', #1386, .T. ) ;
#1314 = ORIENTED_EDGE ( 'NONE', *, *, #1670, .F. ) ;
#1315 = DIRECTION ( 'NONE',  ( -1.000000000000000000, 0.000000000000000000, 0.000000000000000000 ) ) ;
#1316 = FACE_OUTER_BOUND ( 'NONE', #588, .T. ) ;
#1317 = ADVANCED_BREP_SHAPE_REPRESENTATION ( '1N4737A', ( #1483, #950, #945, #379, #929, #435 ), #1495 ) ;
#1318 = ORIENTED_EDGE ( 'NONE', *, *, #1113, .F. ) ;
#1319 = LINE ( 'NONE', #699, #1516 ) ;
#1320 = EDGE_CURVE ( 'NONE', #918, #1210, #471, .T. ) ;
#1321 = SURFACE_STYLE_USAGE ( .BOTH. , #926 ) ;
#1322 = DIRECTION ( 'NONE',  ( -0.000000000000000000, -0.000000000000000000, -1.000000000000000000 ) ) ;
#1323 = DIRECTION ( 'NONE',  ( -1.000000000000000000, 0.000000000000000000, 0.000000000000000000 ) ) ;
#1324 = SURFACE_STYLE_FILL_AREA ( #897 ) ;
#1325 = AXIS2_PLACEMENT_3D ( 'NONE', #457, #861, #65 ) ;
#1326 = AXIS2_PLACEMENT_3D ( 'NONE', #1663, #1055, #1571 ) ;
#1327 = VERTEX_POINT ( 'NONE', #64 ) ;
#1328 = PRESENTATION_STYLE_ASSIGNMENT (( #683 ) ) ;
#1329 = CARTESIAN_POINT ( 'NONE',  ( -0.3925000000000000155, 4.098920527285619241E-17, 2.464999999999999858 ) ) ;
#1330 = CARTESIAN_POINT ( 'NONE',  ( 0.5424999999999999822, -1.626303258728256343E-17, 2.464999999999999858 ) ) ;
#1331 = AXIS2_PLACEMENT_3D ( 'NONE', #102, #1367, #197 ) ;
#1332 = DIRECTION ( 'NONE',  ( 0.000000000000000000, 0.000000000000000000, 1.000000000000000000 ) ) ;
#1333 = EDGE_LOOP ( 'NONE', ( #1651, #1515, #1570, #656 ) ) ;
#1334 = UNCERTAINTY_MEASURE_WITH_UNIT (LENGTH_MEASURE( 1.000000000000000082E-05 ), #934, 'distance_accuracy_value', 'NONE');
#1335 = DIRECTION ( 'NONE',  ( 1.000000000000000000, 0.000000000000000000, 0.000000000000000000 ) ) ;
#1336 = CARTESIAN_POINT ( 'NONE',  ( -0.5424999999999999822, 5.017405626646135194E-17, 2.314999999999999947 ) ) ;
#1337 = ADVANCED_FACE ( 'NONE', ( #854 ), #489, .T. ) ;
#1338 = ORIENTED_EDGE ( 'NONE', *, *, #207, .F. ) ;
#1339 = SURFACE_STYLE_USAGE ( .BOTH. , #827 ) ;
#1340 = LINE ( 'NONE', #54, #1109 ) ;
#1341 = CARTESIAN_POINT ( 'NONE',  ( -1.187500000000000000, 1.454268073987481856E-16, -2.165000000000000036 ) ) ;
#1342 = FILL_AREA_STYLE_COLOUR ( '', #1090 ) ;
#1343 = DIRECTION ( 'NONE',  ( 0.000000000000000000, -1.084202172485504434E-16, -1.000000000000000000 ) ) ;
#1344 = EDGE_CURVE ( 'NONE', #597, #1259, #740, .T. ) ;
#1345 = MECHANICAL_DESIGN_GEOMETRIC_PRESENTATION_REPRESENTATION (  '', ( #1137 ), #11 ) ;
#1346 = ORIENTED_EDGE ( 'NONE', *, *, #392, .F. ) ;
#1347 = MECHANICAL_DESIGN_GEOMETRIC_PRESENTATION_REPRESENTATION (  '', ( #1655 ), #70 ) ;
#1348 = CYLINDRICAL_SURFACE ( 'NONE', #617, 1.187500000000000000 ) ;
#1349 =( NAMED_UNIT ( * ) PLANE_ANGLE_UNIT ( ) SI_UNIT ( $, .RADIAN. ) );
#1350 = CIRCLE ( 'NONE', #894, 1.187500000000000000 ) ;
#1351 = DIRECTION ( 'NONE',  ( 0.000000000000000000, 0.000000000000000000, 1.000000000000000000 ) ) ;
#1352 = TOROIDAL_SURFACE ( 'NONE', #1555, 1.037500000000000089, 0.1499999999999999944 ) ;
#1353 = MECHANICAL_DESIGN_GEOMETRIC_PRESENTATION_REPRESENTATION (  '', ( #572 ), #101 ) ;
#1354 =( LENGTH_UNIT ( ) NAMED_UNIT ( * ) SI_UNIT ( .MILLI., .METRE. ) );
#1355 = CARTESIAN_POINT ( 'NONE',  ( -0.5424999999999999822, 5.017405626646135194E-17, 2.464999999999999858 ) ) ;
#1356 =( GEOMETRIC_REPRESENTATION_CONTEXT ( 3 ) GLOBAL_UNCERTAINTY_ASSIGNED_CONTEXT ( ( #1473 ) ) GLOBAL_UNIT_ASSIGNED_CONTEXT ( ( #1254, #1673, #514 ) ) REPRESENTATION_CONTEXT ( 'NONE', 'WORKASPACE' ) );
#1357 = VERTEX_POINT ( 'NONE', #1637 ) ;
#1358 = DIRECTION ( 'NONE',  ( 1.000000000000000000, 0.000000000000000000, 0.000000000000000000 ) ) ;
#1359 =( NAMED_UNIT ( * ) PLANE_ANGLE_UNIT ( ) SI_UNIT ( $, .RADIAN. ) );
#1360 = DIRECTION ( 'NONE',  ( 0.000000000000000000, 0.000000000000000000, 1.000000000000000000 ) ) ;
#1361 = FILL_AREA_STYLE ('',( #851 ) ) ;
#1362 = EDGE_LOOP ( 'NONE', ( #530, #63, #706, #1635 ) ) ;
#1363 = LINE ( 'NONE', #969, #724 ) ;
#1364 = EDGE_CURVE ( 'NONE', #1183, #42, #1363, .T. ) ;
#1365 = DIRECTION ( 'NONE',  ( -1.000000000000000000, 1.224646799147353207E-16, 0.000000000000000000 ) ) ;
#1366 = CARTESIAN_POINT ( 'NONE',  ( 0.000000000000000000, 0.000000000000000000, -2.314999999999999947 ) ) ;
#1367 = DIRECTION ( 'NONE',  ( -0.000000000000000000, -0.000000000000000000, -1.000000000000000000 ) ) ;
#1368 = ORIENTED_EDGE ( 'NONE', *, *, #1528, .F. ) ;
#1369 =( GEOMETRIC_REPRESENTATION_CONTEXT ( 3 ) GLOBAL_UNCERTAINTY_ASSIGNED_CONTEXT ( ( #239 ) ) GLOBAL_UNIT_ASSIGNED_CONTEXT ( ( #460, #1390, #1240 ) ) REPRESENTATION_CONTEXT ( 'NONE', 'WORKASPACE' ) );
#1370 = TOROIDAL_SURFACE ( 'NONE', #94, 0.5424999999999999822, 0.1499999999999999944 ) ;
#1371 = FILL_AREA_STYLE ('',( #480 ) ) ;
#1372 = AXIS2_PLACEMENT_3D ( 'NONE', #492, #472, #611 ) ;
#1373 = CARTESIAN_POINT ( 'NONE',  ( 1.037500000000000089, 0.000000000000000000, 2.165000000000000036 ) ) ;
#1374 = STYLED_ITEM ( 'NONE', ( #87 ), #1301 ) ;
#1375 = PRESENTATION_LAYER_ASSIGNMENT (  '', '', ( #1404 ) ) ;
#1376 =( LENGTH_UNIT ( ) NAMED_UNIT ( * ) SI_UNIT ( .MILLI., .METRE. ) );
#1377 = DIRECTION ( 'NONE',  ( 0.000000000000000000, -1.826024711554533667E-16, 1.000000000000000000 ) ) ;
#1378 = STYLED_ITEM ( 'NONE', ( #358 ), #277 ) ;
#1379 = DIRECTION ( 'NONE',  ( 1.000000000000000000, 0.000000000000000000, 0.000000000000000000 ) ) ;
#1380 = ORIENTED_EDGE ( 'NONE', *, *, #1477, .T. ) ;
#1381 = STYLED_ITEM ( 'NONE', ( #1056 ), #379 ) ;
#1382 = ORIENTED_EDGE ( 'NONE', *, *, #143, .F. ) ;
#1383 = DIRECTION ( 'NONE',  ( 0.000000000000000000, 0.000000000000000000, 1.000000000000000000 ) ) ;
#1384 = UNCERTAINTY_MEASURE_WITH_UNIT (LENGTH_MEASURE( 1.000000000000000082E-05 ), #157, 'distance_accuracy_value', 'NONE');
#1385 = CARTESIAN_POINT ( 'NONE',  ( 4.806738686653363637E-17, 0.3924999999999999600, 2.464999999999999858 ) ) ;
#1386 = EDGE_LOOP ( 'NONE', ( #922, #334, #1622, #243 ) ) ;
#1387 = DIRECTION ( 'NONE',  ( 0.000000000000000000, 0.000000000000000000, -1.000000000000000000 ) ) ;
#1388 = APPLICATION_CONTEXT ( 'automotive_design' ) ;
#1389 = CARTESIAN_POINT ( 'NONE',  ( 4.806738686653365486E-17, -0.7500000000000001110, 7.457499999999998685 ) ) ;
#1390 =( NAMED_UNIT ( * ) PLANE_ANGLE_UNIT ( ) SI_UNIT ( $, .RADIAN. ) );
#1391 = ORIENTED_EDGE ( 'NONE', *, *, #1268, .F. ) ;
#1392 = SURFACE_SIDE_STYLE ('',( #1150 ) ) ;
#1393 = UNCERTAINTY_MEASURE_WITH_UNIT (LENGTH_MEASURE( 1.000000000000000082E-05 ), #26, 'distance_accuracy_value', 'NONE');
#1394 = SURFACE_STYLE_USAGE ( .BOTH. , #251 ) ;
#1395 = ORIENTED_EDGE ( 'NONE', *, *, #143, .T. ) ;
#1396 = AXIS2_PLACEMENT_3D ( 'NONE', #723, #400, #520 ) ;
#1397 = SURFACE_SIDE_STYLE ('',( #380 ) ) ;
#1398 = SURFACE_STYLE_USAGE ( .BOTH. , #531 ) ;
#1399 = STYLED_ITEM ( 'NONE', ( #426 ), #1049 ) ;
#1400 = FILL_AREA_STYLE_COLOUR ( '', #1491 ) ;
#1401 = CARTESIAN_POINT ( 'NONE',  ( 0.000000000000000000, 0.000000000000000000, 0.000000000000000000 ) ) ;
#1402 = DIRECTION ( 'NONE',  ( 0.000000000000000000, -1.084202172485504434E-16, -1.000000000000000000 ) ) ;
#1403 = AXIS2_PLACEMENT_3D ( 'NONE', #1514, #1134, #1126 ) ;
#1404 = STYLED_ITEM ( 'NONE', ( #710 ), #1625 ) ;
#1405 = MECHANICAL_DESIGN_GEOMETRIC_PRESENTATION_REPRESENTATION (  '', ( #1658 ), #900 ) ;
#1406 =( NAMED_UNIT ( * ) PLANE_ANGLE_UNIT ( ) SI_UNIT ( $, .RADIAN. ) );
#1407 = FACE_OUTER_BOUND ( 'NONE', #886, .T. ) ;
#1408 = TOROIDAL_SURFACE ( 'NONE', #789, 0.2425000000000000211, 0.1499999999999999944 ) ;
#1409 = ADVANCED_FACE ( 'NONE', ( #308 ), #1348, .T. ) ;
#1410 = ORIENTED_EDGE ( 'NONE', *, *, #207, .T. ) ;
#1411 =( NAMED_UNIT ( * ) PLANE_ANGLE_UNIT ( ) SI_UNIT ( $, .RADIAN. ) );
#1412 =( LENGTH_UNIT ( ) NAMED_UNIT ( * ) SI_UNIT ( .MILLI., .METRE. ) );
#1413 = FILL_AREA_STYLE ('',( #1300 ) ) ;
#1414 = CARTESIAN_POINT ( 'NONE',  ( 0.000000000000000000, -4.336808689942017736E-16, -6.314999999999999503 ) ) ;
#1415 = ORIENTED_EDGE ( 'NONE', *, *, #1171, .T. ) ;
#1416 = SURFACE_STYLE_FILL_AREA ( #1544 ) ;
#1417 =( NAMED_UNIT ( * ) SI_UNIT ( $, .STERADIAN. ) SOLID_ANGLE_UNIT ( ) );
#1418 = EDGE_CURVE ( 'NONE', #1629, #1523, #1350, .T. ) ;
#1419 =( NAMED_UNIT ( * ) PLANE_ANGLE_UNIT ( ) SI_UNIT ( $, .RADIAN. ) );
#1420 = CARTESIAN_POINT ( 'NONE',  ( 0.000000000000000000, 0.000000000000000000, 2.314999999999999947 ) ) ;
#1421 = ORIENTED_EDGE ( 'NONE', *, *, #423, .T. ) ;
#1422 = CARTESIAN_POINT ( 'NONE',  ( 0.000000000000000000, -1.626303258728256343E-17, 2.464999999999999858 ) ) ;
#1423 = ORIENTED_EDGE ( 'NONE', *, *, #194, .T. ) ;
#1424 =( GEOMETRIC_REPRESENTATION_CONTEXT ( 3 ) GLOBAL_UNCERTAINTY_ASSIGNED_CONTEXT ( ( #1151 ) ) GLOBAL_UNIT_ASSIGNED_CONTEXT ( ( #555, #1486, #297 ) ) REPRESENTATION_CONTEXT ( 'NONE', 'WORKASPACE' ) );
#1425 = SURFACE_STYLE_USAGE ( .BOTH. , #119 ) ;
#1426 = COLOUR_RGB ( '',0.8039215686274510109, 0.8039215686274510109, 0.8039215686274510109 ) ;
#1427 = FILL_AREA_STYLE ('',( #1679 ) ) ;
#1428 = AXIS2_PLACEMENT_3D ( 'NONE', #88, #331, #1365 ) ;
#1429 = SURFACE_STYLE_FILL_AREA ( #534 ) ;
#1430 = COLOUR_RGB ( '',0.7529411764705882248, 0.7529411764705882248, 0.7529411764705882248 ) ;
#1431 = PRESENTATION_STYLE_ASSIGNMENT (( #1025 ) ) ;
#1432 = AXIS2_PLACEMENT_3D ( 'NONE', #6, #1672, #626 ) ;
#1433 = VERTEX_POINT ( 'NONE', #104 ) ;
#1434 = AXIS2_PLACEMENT_3D ( 'NONE', #1236, #1115, #1264 ) ;
#1435 = DIRECTION ( 'NONE',  ( 0.000000000000000000, -1.000000000000000000, -8.704158286151238787E-17 ) ) ;
#1436 = FILL_AREA_STYLE ('',( #661 ) ) ;
#1437 = CIRCLE ( 'NONE', #182, 1.187500000000000000 ) ;
#1438 =( NAMED_UNIT ( * ) SI_UNIT ( $, .STERADIAN. ) SOLID_ANGLE_UNIT ( ) );
#1439 = PLANE ( 'NONE',  #816 ) ;
#1440 =( NAMED_UNIT ( * ) SI_UNIT ( $, .STERADIAN. ) SOLID_ANGLE_UNIT ( ) );
#1441 = SURFACE_STYLE_FILL_AREA ( #1278 ) ;
#1442 =( NAMED_UNIT ( * ) SI_UNIT ( $, .STERADIAN. ) SOLID_ANGLE_UNIT ( ) );
#1443 = EDGE_CURVE ( 'NONE', #92, #1665, #1577, .T. ) ;
#1444 = ORIENTED_EDGE ( 'NONE', *, *, #685, .F. ) ;
#1445 = DIRECTION ( 'NONE',  ( 0.000000000000000000, 0.000000000000000000, -1.000000000000000000 ) ) ;
#1446 = FILL_AREA_STYLE ('',( #302 ) ) ;
#1447 = CARTESIAN_POINT ( 'NONE',  ( 0.000000000000000000, -5.187499999999999112, 7.064999999999998614 ) ) ;
#1448 = CARTESIAN_POINT ( 'NONE',  ( 0.000000000000000000, 0.000000000000000000, -1.632549999999999502 ) ) ;
#1449 = CARTESIAN_POINT ( 'NONE',  ( 0.3925000000000000155, -1.626303258728256343E-17, 2.464999999999999858 ) ) ;
#1450 = DIRECTION ( 'NONE',  ( -0.000000000000000000, -0.000000000000000000, -1.000000000000000000 ) ) ;
#1451 = ORIENTED_EDGE ( 'NONE', *, *, #667, .T. ) ;
#1452 = PRESENTATION_STYLE_ASSIGNMENT (( #448 ) ) ;
#1453 = DIRECTION ( 'NONE',  ( 0.000000000000000000, 0.000000000000000000, 1.000000000000000000 ) ) ;
#1454 = MECHANICAL_DESIGN_GEOMETRIC_PRESENTATION_REPRESENTATION (  '', ( #171 ), #541 ) ;
#1455 =( NAMED_UNIT ( * ) PLANE_ANGLE_UNIT ( ) SI_UNIT ( $, .RADIAN. ) );
#1456 = AXIS2_PLACEMENT_3D ( 'NONE', #295, #701, #164 ) ;
#1457 =( GEOMETRIC_REPRESENTATION_CONTEXT ( 3 ) GLOBAL_UNCERTAINTY_ASSIGNED_CONTEXT ( ( #1107 ) ) GLOBAL_UNIT_ASSIGNED_CONTEXT ( ( #95, #1411, #770 ) ) REPRESENTATION_CONTEXT ( 'NONE', 'WORKASPACE' ) );
#1458 = PRESENTATION_LAYER_ASSIGNMENT (  '', '', ( #516 ) ) ;
#1459 = EDGE_LOOP ( 'NONE', ( #1421, #908, #878, #1543 ) ) ;
#1460 =( GEOMETRIC_REPRESENTATION_CONTEXT ( 3 ) GLOBAL_UNCERTAINTY_ASSIGNED_CONTEXT ( ( #1051 ) ) GLOBAL_UNIT_ASSIGNED_CONTEXT ( ( #668, #1216, #1487 ) ) REPRESENTATION_CONTEXT ( 'NONE', 'WORKASPACE' ) );
#1461 = AXIS2_PLACEMENT_3D ( 'NONE', #403, #396, #920 ) ;
#1462 = EDGE_CURVE ( 'NONE', #1523, #1629, #1630, .T. ) ;
#1463 = DIRECTION ( 'NONE',  ( 0.000000000000000000, 8.704158286151238787E-17, -1.000000000000000000 ) ) ;
#1464 = EDGE_CURVE ( 'NONE', #989, #7, #1246, .T. ) ;
#1465 = PLANE ( 'NONE',  #836 ) ;
#1466 =( GEOMETRIC_REPRESENTATION_CONTEXT ( 3 ) GLOBAL_UNCERTAINTY_ASSIGNED_CONTEXT ( ( #1384 ) ) GLOBAL_UNIT_ASSIGNED_CONTEXT ( ( #157, #801, #5 ) ) REPRESENTATION_CONTEXT ( 'NONE', 'WORKASPACE' ) );
#1467 = CARTESIAN_POINT ( 'NONE',  ( -1.187500000000000000, 0.000000000000000000, -1.979799999999999782 ) ) ;
#1468 = COLOUR_RGB ( '',0.8039215686274510109, 0.8039215686274510109, 0.8039215686274510109 ) ;
#1469 =( NAMED_UNIT ( * ) SI_UNIT ( $, .STERADIAN. ) SOLID_ANGLE_UNIT ( ) );
#1470 = CARTESIAN_POINT ( 'NONE',  ( 0.000000000000000000, 0.000000000000000000, -2.314999999999999947 ) ) ;
#1471 = AXIS2_PLACEMENT_3D ( 'NONE', #662, #1283, #1168 ) ;
#1472 = VERTEX_POINT ( 'NONE', #15 ) ;
#1473 = UNCERTAINTY_MEASURE_WITH_UNIT (LENGTH_MEASURE( 1.000000000000000082E-05 ), #1254, 'distance_accuracy_value', 'NONE');
#1474 = DIRECTION ( 'NONE',  ( 1.000000000000000000, 0.000000000000000000, 0.000000000000000000 ) ) ;
#1475 = DIRECTION ( 'NONE',  ( 0.000000000000000000, -1.000000000000000000, 2.529805069132844337E-16 ) ) ;
#1476 = CARTESIAN_POINT ( 'NONE',  ( 0.000000000000000000, 0.000000000000000000, -2.165000000000000036 ) ) ;
#1477 = EDGE_CURVE ( 'NONE', #1251, #42, #517, .T. ) ;
#1478 = DIRECTION ( 'NONE',  ( 0.000000000000000000, 0.000000000000000000, 1.000000000000000000 ) ) ;
#1479 = CARTESIAN_POINT ( 'NONE',  ( -1.187500000000000000, 0.000000000000000000, -1.979799999999999782 ) ) ;
#1480 = SURFACE_STYLE_USAGE ( .BOTH. , #548 ) ;
#1481 = ORIENTED_EDGE ( 'NONE', *, *, #41, .T. ) ;
#1482 =( LENGTH_UNIT ( ) NAMED_UNIT ( * ) SI_UNIT ( .MILLI., .METRE. ) );
#1483 = MANIFOLD_SOLID_BREP ( 'Split2[1]', #620 ) ;
#1484 = DIRECTION ( 'NONE',  ( 0.000000000000000000, 0.000000000000000000, -1.000000000000000000 ) ) ;
#1485 = PLANE ( 'NONE',  #431 ) ;
#1486 =( NAMED_UNIT ( * ) PLANE_ANGLE_UNIT ( ) SI_UNIT ( $, .RADIAN. ) );
#1487 =( NAMED_UNIT ( * ) SI_UNIT ( $, .STERADIAN. ) SOLID_ANGLE_UNIT ( ) );
#1488 = TOROIDAL_SURFACE ( 'NONE', #276, 1.037500000000000089, 0.1499999999999999944 ) ;
#1489 =( NAMED_UNIT ( * ) PLANE_ANGLE_UNIT ( ) SI_UNIT ( $, .RADIAN. ) );
#1490 = STYLED_ITEM ( 'NONE', ( #172 ), #792 ) ;
#1491 = COLOUR_RGB ( '',0.8039215686274510109, 0.8039215686274510109, 0.8039215686274510109 ) ;
#1492 = ORIENTED_EDGE ( 'NONE', *, *, #1646, .T. ) ;
#1493 = CARTESIAN_POINT ( 'NONE',  ( -1.197500000000000009, -1.037500000000000089, -2.314999999999999947 ) ) ;
#1494 = VECTOR ( 'NONE', #212, 1000.000000000000000 ) ;
#1495 =( GEOMETRIC_REPRESENTATION_CONTEXT ( 3 ) GLOBAL_UNCERTAINTY_ASSIGNED_CONTEXT ( ( #925 ) ) GLOBAL_UNIT_ASSIGNED_CONTEXT ( ( #1376, #613, #475 ) ) REPRESENTATION_CONTEXT ( 'NONE', 'WORKASPACE' ) );
#1496 = DIRECTION ( 'NONE',  ( -0.000000000000000000, 0.000000000000000000, 1.000000000000000000 ) ) ;
#1497 = CIRCLE ( 'NONE', #1522, 1.142499999999999405 ) ;
#1498 = CARTESIAN_POINT ( 'NONE',  ( 0.000000000000000000, -1.626303258728256343E-17, -2.464999999999999858 ) ) ;
#1499 = MECHANICAL_DESIGN_GEOMETRIC_PRESENTATION_REPRESENTATION (  '', ( #1381 ), #707 ) ;
#1500 = CARTESIAN_POINT ( 'NONE',  ( 1.037500000000000089, 0.000000000000000000, -2.165000000000000036 ) ) ;
#1501 = DIRECTION ( 'NONE',  ( 0.000000000000000000, 0.000000000000000000, 1.000000000000000000 ) ) ;
#1502 = PRESENTATION_LAYER_ASSIGNMENT (  '', '', ( #733 ) ) ;
#1503 = ORIENTED_EDGE ( 'NONE', *, *, #1418, .T. ) ;
#1504 = UNCERTAINTY_MEASURE_WITH_UNIT (LENGTH_MEASURE( 1.000000000000000082E-05 ), #1088, 'distance_accuracy_value', 'NONE');
#1505 = EDGE_CURVE ( 'NONE', #825, #364, #1017, .T. ) ;
#1506 = SURFACE_SIDE_STYLE ('',( #991 ) ) ;
#1507 = VERTEX_POINT ( 'NONE', #1576 ) ;
#1508 = PRESENTATION_STYLE_ASSIGNMENT (( #833 ) ) ;
#1509 = SURFACE_SIDE_STYLE ('',( #873 ) ) ;
#1510 = DIRECTION ( 'NONE',  ( 1.224646799147353207E-16, 1.000000000000000000, -0.000000000000000000 ) ) ;
#1511 = ORIENTED_EDGE ( 'NONE', *, *, #1057, .F. ) ;
#1512 = TOROIDAL_SURFACE ( 'NONE', #67, 1.037500000000000089, 0.1499999999999999944 ) ;
#1513 = CIRCLE ( 'NONE', #1396, 0.3924999999999996270 ) ;
#1514 = CARTESIAN_POINT ( 'NONE',  ( 0.000000000000000000, 0.000000000000000000, -2.165000000000000036 ) ) ;
#1515 = ORIENTED_EDGE ( 'NONE', *, *, #359, .T. ) ;
#1516 = VECTOR ( 'NONE', #673, 1000.000000000000000 ) ;
#1517 = ADVANCED_FACE ( 'NONE', ( #1407 ), #319, .T. ) ;
#1518 = STYLED_ITEM ( 'NONE', ( #1196 ), #1517 ) ;
#1519 = COLOUR_RGB ( '',0.8039215686274510109, 0.8039215686274510109, 0.8039215686274510109 ) ;
#1520 = FILL_AREA_STYLE ('',( #592 ) ) ;
#1521 = FACE_OUTER_BOUND ( 'NONE', #127, .T. ) ;
#1522 = AXIS2_PLACEMENT_3D ( 'NONE', #507, #1548, #1032 ) ;
#1523 = VERTEX_POINT ( 'NONE', #1533 ) ;
#1524 = PRESENTATION_LAYER_ASSIGNMENT (  '', '', ( #1381 ) ) ;
#1525 = AXIS2_PLACEMENT_3D ( 'NONE', #10, #820, #1484 ) ;
#1526 = CARTESIAN_POINT ( 'NONE',  ( -1.197500000000000009, 1.187500000000000000, -1.979799999999999782 ) ) ;
#1527 = UNCERTAINTY_MEASURE_WITH_UNIT (LENGTH_MEASURE( 1.000000000000000082E-05 ), #1643, 'distance_accuracy_value', 'NONE');
#1528 = EDGE_CURVE ( 'NONE', #804, #1133, #50, .T. ) ;
#1529 = DIRECTION ( 'NONE',  ( 1.000000000000000000, 0.000000000000000000, 0.000000000000000000 ) ) ;
#1530 = CYLINDRICAL_SURFACE ( 'NONE', #762, 0.3924999999999996270 ) ;
#1531 = ORIENTED_EDGE ( 'NONE', *, *, #59, .T. ) ;
#1532 = CARTESIAN_POINT ( 'NONE',  ( 3.888253587292850765E-17, -5.187499999999999112, 7.307499999999998330 ) ) ;
#1533 = CARTESIAN_POINT ( 'NONE',  ( 1.187500000000000000, 1.454268073987481856E-16, -1.979799999999999782 ) ) ;
#1534 = ORIENTED_EDGE ( 'NONE', *, *, #546, .T. ) ;
#1535 = DIRECTION ( 'NONE',  ( 0.000000000000000000, -2.762298528625491626E-16, -1.000000000000000000 ) ) ;
#1536 = FILL_AREA_STYLE ('',( #1306 ) ) ;
#1537 = CARTESIAN_POINT ( 'NONE',  ( 1.037500000000000089, 0.000000000000000000, 2.314999999999999947 ) ) ;
#1538 =( NAMED_UNIT ( * ) PLANE_ANGLE_UNIT ( ) SI_UNIT ( $, .RADIAN. ) );
#1539 = EDGE_CURVE ( 'NONE', #1210, #564, #1578, .T. ) ;
#1540 =( NAMED_UNIT ( * ) PLANE_ANGLE_UNIT ( ) SI_UNIT ( $, .RADIAN. ) );
#1541 = FILL_AREA_STYLE_COLOUR ( '', #1633 ) ;
#1542 = COLOUR_RGB ( '',0.8039215686274510109, 0.8039215686274510109, 0.8039215686274510109 ) ;
#1543 = ORIENTED_EDGE ( 'NONE', *, *, #1320, .F. ) ;
#1544 = FILL_AREA_STYLE ('',( #391 ) ) ;
#1545 = PRESENTATION_LAYER_ASSIGNMENT (  '', '', ( #672 ) ) ;
#1546 = VECTOR ( 'NONE', #169, 1000.000000000000000 ) ;
#1547 = MECHANICAL_DESIGN_GEOMETRIC_PRESENTATION_REPRESENTATION (  '', ( #1404 ), #285 ) ;
#1548 = DIRECTION ( 'NONE',  ( 1.000000000000000000, 0.000000000000000000, 0.000000000000000000 ) ) ;
#1549 = DIRECTION ( 'NONE',  ( 0.000000000000000000, 0.000000000000000000, 1.000000000000000000 ) ) ;
#1550 = MECHANICAL_DESIGN_GEOMETRIC_PRESENTATION_REPRESENTATION (  '', ( #1680 ), #1247 ) ;
#1551 = ORIENTED_EDGE ( 'NONE', *, *, #1574, .T. ) ;
#1552 =( LENGTH_UNIT ( ) NAMED_UNIT ( * ) SI_UNIT ( .MILLI., .METRE. ) );
#1553 = STYLED_ITEM ( 'NONE', ( #595 ), #228 ) ;
#1554 = MECHANICAL_DESIGN_GEOMETRIC_PRESENTATION_REPRESENTATION (  '', ( #321 ), #79 ) ;
#1555 = AXIS2_PLACEMENT_3D ( 'NONE', #937, #1332, #704 ) ;
#1556 = EDGE_CURVE ( 'NONE', #1687, #658, #586, .T. ) ;
#1557 = ORIENTED_EDGE ( 'NONE', *, *, #939, .F. ) ;
#1558 = MECHANICAL_DESIGN_GEOMETRIC_PRESENTATION_REPRESENTATION (  '', ( #874 ), #1178 ) ;
#1559 =( LENGTH_UNIT ( ) NAMED_UNIT ( * ) SI_UNIT ( .MILLI., .METRE. ) );
#1560 = AXIS2_PLACEMENT_3D ( 'NONE', #371, #857, #1379 ) ;
#1561 = DIRECTION ( 'NONE',  ( 0.000000000000000000, -1.000000000000000000, 2.529805069132844337E-16 ) ) ;
#1562 = PLANE ( 'NONE',  #916 ) ;
#1563 = CYLINDRICAL_SURFACE ( 'NONE', #1432, 0.3925000000000000155 ) ;
#1564 = DIRECTION ( 'NONE',  ( 0.000000000000000000, 0.000000000000000000, -1.000000000000000000 ) ) ;
#1565 = DIRECTION ( 'NONE',  ( -0.000000000000000000, -0.000000000000000000, -1.000000000000000000 ) ) ;
#1566 = ORIENTED_EDGE ( 'NONE', *, *, #994, .T. ) ;
#1567 = DIRECTION ( 'NONE',  ( 0.000000000000000000, -1.000000000000000000, 8.704158286151238787E-17 ) ) ;
#1568 = SURFACE_STYLE_FILL_AREA ( #1413 ) ;
#1569 = SURFACE_STYLE_FILL_AREA ( #751 ) ;
#1570 = ORIENTED_EDGE ( 'NONE', *, *, #928, .F. ) ;
#1571 = DIRECTION ( 'NONE',  ( 0.000000000000000000, 2.762298528625491626E-16, -1.000000000000000000 ) ) ;
#1572 =( NAMED_UNIT ( * ) SI_UNIT ( $, .STERADIAN. ) SOLID_ANGLE_UNIT ( ) );
#1573 =( NAMED_UNIT ( * ) PLANE_ANGLE_UNIT ( ) SI_UNIT ( $, .RADIAN. ) );
#1574 = EDGE_CURVE ( 'NONE', #1294, #1183, #96, .T. ) ;
#1575 =( NAMED_UNIT ( * ) SI_UNIT ( $, .STERADIAN. ) SOLID_ANGLE_UNIT ( ) );
#1576 = CARTESIAN_POINT ( 'NONE',  ( 4.806738686653361172E-17, -0.3925000000000000155, -2.464999999999999858 ) ) ;
#1577 = CIRCLE ( 'NONE', #1271, 0.2424999999999996603 ) ;
#1578 = CIRCLE ( 'NONE', #840, 0.3924999999999996270 ) ;
#1579 = CLOSED_SHELL ( 'NONE', ( #1409, #1116, #330, #450 ) ) ;
#1580 = ORIENTED_EDGE ( 'NONE', *, *, #1077, .F. ) ;
#1581 = MECHANICAL_DESIGN_GEOMETRIC_PRESENTATION_REPRESENTATION (  '', ( #786 ), #100 ) ;
#1582 = PRESENTATION_LAYER_ASSIGNMENT (  '', '', ( #1553 ) ) ;
#1583 = CARTESIAN_POINT ( 'NONE',  ( 0.000000000000000000, 0.000000000000000000, 2.314999999999999947 ) ) ;
#1584 = MECHANICAL_DESIGN_GEOMETRIC_PRESENTATION_REPRESENTATION (  '', ( #1013 ), #1466 ) ;
#1585 = FACE_OUTER_BOUND ( 'NONE', #1010, .T. ) ;
#1586 =( GEOMETRIC_REPRESENTATION_CONTEXT ( 3 ) GLOBAL_UNCERTAINTY_ASSIGNED_CONTEXT ( ( #1211 ) ) GLOBAL_UNIT_ASSIGNED_CONTEXT ( ( #684, #1349, #52 ) ) REPRESENTATION_CONTEXT ( 'NONE', 'WORKASPACE' ) );
#1587 =( NAMED_UNIT ( * ) SI_UNIT ( $, .STERADIAN. ) SOLID_ANGLE_UNIT ( ) );
#1588 = PRODUCT_RELATED_PRODUCT_CATEGORY ( 'part', '', ( #1309 ) ) ;
#1589 = DIRECTION ( 'NONE',  ( -0.000000000000000000, 0.000000000000000000, 1.000000000000000000 ) ) ;
#1590 = ORIENTED_EDGE ( 'NONE', *, *, #27, .F. ) ;
#1591 = FACE_OUTER_BOUND ( 'NONE', #484, .T. ) ;
#1592 = CARTESIAN_POINT ( 'NONE',  ( 1.187500000000000000, 1.454268073987481856E-16, 2.314999999999999947 ) ) ;
#1593 = DIRECTION ( 'NONE',  ( 1.000000000000000000, 0.000000000000000000, 0.000000000000000000 ) ) ;
#1594 = ORIENTED_EDGE ( 'NONE', *, *, #1057, .T. ) ;
#1595 = EDGE_CURVE ( 'NONE', #1210, #989, #231, .T. ) ;
#1596 = UNCERTAINTY_MEASURE_WITH_UNIT (LENGTH_MEASURE( 1.000000000000000082E-05 ), #888, 'distance_accuracy_value', 'NONE');
#1597 = SURFACE_STYLE_FILL_AREA ( #1191 ) ;
#1598 =( GEOMETRIC_REPRESENTATION_CONTEXT ( 3 ) GLOBAL_UNCERTAINTY_ASSIGNED_CONTEXT ( ( #896 ) ) GLOBAL_UNIT_ASSIGNED_CONTEXT ( ( #1613, #585, #936 ) ) REPRESENTATION_CONTEXT ( 'NONE', 'WORKASPACE' ) );
#1599 = CARTESIAN_POINT ( 'NONE',  ( 0.000000000000000000, -0.7500000000000004441, -6.314999999999999503 ) ) ;
#1600 = STYLED_ITEM ( 'NONE', ( #195 ), #929 ) ;
#1601 = CARTESIAN_POINT ( 'NONE',  ( 0.000000000000000000, -1.626303258728256343E-17, 2.314999999999999947 ) ) ;
#1602 = DIRECTION ( 'NONE',  ( -0.000000000000000000, -0.000000000000000000, -1.000000000000000000 ) ) ;
#1603 =( GEOMETRIC_REPRESENTATION_CONTEXT ( 3 ) GLOBAL_UNCERTAINTY_ASSIGNED_CONTEXT ( ( #598 ) ) GLOBAL_UNIT_ASSIGNED_CONTEXT ( ( #1128, #193, #60 ) ) REPRESENTATION_CONTEXT ( 'NONE', 'WORKASPACE' ) );
#1604 =( NAMED_UNIT ( * ) PLANE_ANGLE_UNIT ( ) SI_UNIT ( $, .RADIAN. ) );
#1605 =( GEOMETRIC_REPRESENTATION_CONTEXT ( 3 ) GLOBAL_UNCERTAINTY_ASSIGNED_CONTEXT ( ( #191 ) ) GLOBAL_UNIT_ASSIGNED_CONTEXT ( ( #1482, #1101, #1623 ) ) REPRESENTATION_CONTEXT ( 'NONE', 'WORKASPACE' ) );
#1606 = ORIENTED_EDGE ( 'NONE', *, *, #863, .T. ) ;
#1607 = EDGE_CURVE ( 'NONE', #217, #1327, #469, .T. ) ;
#1608 =( GEOMETRIC_REPRESENTATION_CONTEXT ( 3 ) GLOBAL_UNCERTAINTY_ASSIGNED_CONTEXT ( ( #1122 ) ) GLOBAL_UNIT_ASSIGNED_CONTEXT ( ( #1073, #299, #1442 ) ) REPRESENTATION_CONTEXT ( 'NONE', 'WORKASPACE' ) );
#1609 = TOROIDAL_SURFACE ( 'NONE', #76, 0.5424999999999999822, 0.1499999999999999944 ) ;
#1610 = CARTESIAN_POINT ( 'NONE',  ( -1.197500000000000009, 1.037500000000000089, 2.314999999999999947 ) ) ;
#1611 = STYLED_ITEM ( 'NONE', ( #1080 ), #330 ) ;
#1612 = AXIS2_PLACEMENT_3D ( 'NONE', #214, #1263, #90 ) ;
#1613 =( LENGTH_UNIT ( ) NAMED_UNIT ( * ) SI_UNIT ( .MILLI., .METRE. ) );
#1614 = SURFACE_STYLE_USAGE ( .BOTH. , #983 ) ;
#1615 = PRESENTATION_LAYER_ASSIGNMENT (  '', '', ( #1015 ) ) ;
#1616 = CARTESIAN_POINT ( 'NONE',  ( 0.000000000000000000, 0.000000000000000000, -2.314999999999999947 ) ) ;
#1617 = ORIENTED_EDGE ( 'NONE', *, *, #1646, .F. ) ;
#1618 = DIRECTION ( 'NONE',  ( 1.000000000000000000, 0.000000000000000000, 0.000000000000000000 ) ) ;
#1619 = FACE_OUTER_BOUND ( 'NONE', #858, .T. ) ;
#1620 = DIRECTION ( 'NONE',  ( -1.000000000000000000, 0.000000000000000000, -0.000000000000000000 ) ) ;
#1621 = CYLINDRICAL_SURFACE ( 'NONE', #731, 0.3925000000000000155 ) ;
#1622 = ORIENTED_EDGE ( 'NONE', *, *, #1464, .F. ) ;
#1623 =( NAMED_UNIT ( * ) SI_UNIT ( $, .STERADIAN. ) SOLID_ANGLE_UNIT ( ) );
#1624 = DIRECTION ( 'NONE',  ( -0.000000000000000000, -0.000000000000000000, -1.000000000000000000 ) ) ;
#1625 = ADVANCED_FACE ( 'NONE', ( #1093 ), #824, .T. ) ;
#1626 = FILL_AREA_STYLE_COLOUR ( '', #1468 ) ;
#1627 = CARTESIAN_POINT ( 'NONE',  ( 0.000000000000000000, 0.000000000000000000, 2.314999999999999947 ) ) ;
#1628 = MECHANICAL_DESIGN_GEOMETRIC_PRESENTATION_REPRESENTATION (  '', ( #892 ), #1457 ) ;
#1629 = VERTEX_POINT ( 'NONE', #1479 ) ;
#1630 = CIRCLE ( 'NONE', #809, 1.187500000000000000 ) ;
#1631 = DIRECTION ( 'NONE',  ( 0.000000000000000000, -1.084202172485504434E-16, -1.000000000000000000 ) ) ;
#1632 = SURFACE_STYLE_USAGE ( .BOTH. , #607 ) ;
#1633 = COLOUR_RGB ( '',0.2862745098039215508, 0.2862745098039215508, 0.2862745098039215508 ) ;
#1634 =( NAMED_UNIT ( * ) PLANE_ANGLE_UNIT ( ) SI_UNIT ( $, .RADIAN. ) );
#1635 = ORIENTED_EDGE ( 'NONE', *, *, #392, .T. ) ;
#1636 = UNCERTAINTY_MEASURE_WITH_UNIT (LENGTH_MEASURE( 1.000000000000000082E-05 ), #977, 'distance_accuracy_value', 'NONE');
#1637 = CARTESIAN_POINT ( 'NONE',  ( 1.187500000000000000, 1.454268073987481856E-16, -1.632549999999999502 ) ) ;
#1638 = EDGE_LOOP ( 'NONE', ( #377, #190, #1551, #1106 ) ) ;
#1639 = FACE_OUTER_BOUND ( 'NONE', #111, .T. ) ;
#1640 = DIRECTION ( 'NONE',  ( 0.000000000000000000, 0.000000000000000000, 1.000000000000000000 ) ) ;
#1641 = SHAPE_DEFINITION_REPRESENTATION ( #800, #1317 ) ;
#1642 = FILL_AREA_STYLE_COLOUR ( '', #238 ) ;
#1643 =( LENGTH_UNIT ( ) NAMED_UNIT ( * ) SI_UNIT ( .MILLI., .METRE. ) );
#1644 = ORIENTED_EDGE ( 'NONE', *, *, #442, .T. ) ;
#1645 = SURFACE_STYLE_USAGE ( .BOTH. , #72 ) ;
#1646 = EDGE_CURVE ( 'NONE', #1523, #1327, #461, .T. ) ;
#1647 = DIRECTION ( 'NONE',  ( 1.000000000000000000, 0.000000000000000000, 0.000000000000000000 ) ) ;
#1648 = SURFACE_SIDE_STYLE ('',( #881 ) ) ;
#1649 = UNCERTAINTY_MEASURE_WITH_UNIT (LENGTH_MEASURE( 1.000000000000000082E-05 ), #1412, 'distance_accuracy_value', 'NONE');
#1650 = DIRECTION ( 'NONE',  ( -1.000000000000000000, -0.000000000000000000, 0.000000000000000000 ) ) ;
#1651 = ORIENTED_EDGE ( 'NONE', *, *, #714, .T. ) ;
#1652 = STYLED_ITEM ( 'NONE', ( #46 ), #806 ) ;
#1653 = MECHANICAL_DESIGN_GEOMETRIC_PRESENTATION_REPRESENTATION (  '', ( #12 ), #835 ) ;
#1654 =( NAMED_UNIT ( * ) SI_UNIT ( $, .STERADIAN. ) SOLID_ANGLE_UNIT ( ) );
#1655 = STYLED_ITEM ( 'NONE', ( #622 ), #1182 ) ;
#1656 = EDGE_CURVE ( 'NONE', #1133, #343, #1066, .T. ) ;
#1657 = PRESENTATION_LAYER_ASSIGNMENT (  '', '', ( #1374 ) ) ;
#1658 = STYLED_ITEM ( 'NONE', ( #361 ), #80 ) ;
#1659 = AXIS2_PLACEMENT_3D ( 'NONE', #215, #1501, #711 ) ;
#1660 = EDGE_LOOP ( 'NONE', ( #1218, #515, #1037, #1161 ) ) ;
#1661 = UNCERTAINTY_MEASURE_WITH_UNIT (LENGTH_MEASURE( 1.000000000000000082E-05 ), #532, 'distance_accuracy_value', 'NONE');
#1662 = SURFACE_STYLE_USAGE ( .BOTH. , #1188 ) ;
#1663 = CARTESIAN_POINT ( 'NONE',  ( 0.000000000000000000, -0.7500000000000002220, 7.064999999999999503 ) ) ;
#1664 = FILL_AREA_STYLE ('',( #1642 ) ) ;
#1665 = VERTEX_POINT ( 'NONE', #561 ) ;
#1666 = SURFACE_SIDE_STYLE ('',( #761 ) ) ;
#1667 = SURFACE_STYLE_USAGE ( .BOTH. , #1177 ) ;
#1668 =( LENGTH_UNIT ( ) NAMED_UNIT ( * ) SI_UNIT ( .MILLI., .METRE. ) );
#1669 = DIRECTION ( 'NONE',  ( 0.000000000000000000, 0.000000000000000000, -1.000000000000000000 ) ) ;
#1670 = EDGE_CURVE ( 'NONE', #1687, #744, #649, .T. ) ;
#1671 = ORIENTED_EDGE ( 'NONE', *, *, #1125, .T. ) ;
#1672 = DIRECTION ( 'NONE',  ( 0.000000000000000000, -1.084202172485504434E-16, 1.000000000000000000 ) ) ;
#1673 =( NAMED_UNIT ( * ) PLANE_ANGLE_UNIT ( ) SI_UNIT ( $, .RADIAN. ) );
#1674 = AXIS2_PLACEMENT_3D ( 'NONE', #1601, #1322, #146 ) ;
#1675 = EDGE_LOOP ( 'NONE', ( #1346, #855 ) ) ;
#1676 = AXIS2_PLACEMENT_3D ( 'NONE', #1447, #956, #170 ) ;
#1677 =( NAMED_UNIT ( * ) PLANE_ANGLE_UNIT ( ) SI_UNIT ( $, .RADIAN. ) );
#1678 = COLOUR_RGB ( '',0.8039215686274510109, 0.8039215686274510109, 0.8039215686274510109 ) ;
#1679 = FILL_AREA_STYLE_COLOUR ( '', #623 ) ;
#1680 = STYLED_ITEM ( 'NONE', ( #1189 ), #86 ) ;
#1681 = FACE_OUTER_BOUND ( 'NONE', #1237, .T. ) ;
#1682 = ORIENTED_EDGE ( 'NONE', *, *, #1249, .F. ) ;
#1683 = DIRECTION ( 'NONE',  ( -0.000000000000000000, -0.000000000000000000, -1.000000000000000000 ) ) ;
#1684 = AXIS2_PLACEMENT_3D ( 'NONE', #393, #1475, #1335 ) ;
#1685 = CYLINDRICAL_SURFACE ( 'NONE', #323, 1.187500000000000000 ) ;
#1686 = CIRCLE ( 'NONE', #201, 1.187500000000000000 ) ;
#1687 = VERTEX_POINT ( 'NONE', #349 ) ;
#1688 = PRESENTATION_LAYER_ASSIGNMENT (  '', '', ( #1308 ) ) ;
#1689 = DIRECTION ( 'NONE',  ( 0.000000000000000000, -1.000000000000000000, 1.954618001100628313E-16 ) ) ;
#1690 = FACE_OUTER_BOUND ( 'NONE', #542, .T. ) ;
#1691 = CARTESIAN_POINT ( 'NONE',  ( 4.806738686653361172E-17, -0.7500000000000003331, 7.457499999999998685 ) ) ;
#1692 =( NAMED_UNIT ( * ) PLANE_ANGLE_UNIT ( ) SI_UNIT ( $, .RADIAN. ) );
#1693 = VERTEX_POINT ( 'NONE', #357 ) ;
ENDSEC;
END-ISO-10303-21;
